Date and Time,Billing Month,BOTOLAN,OLONGAPO
11/26/2023 0:05,December,3.41,3.37
11/26/2023 0:10,December,3.4,3.36
11/26/2023 0:15,December,3.37,3.33
11/26/2023 0:20,December,3.2,3.16
11/26/2023 0:25,December,3.05,3.01
11/26/2023 0:30,December,2.9,2.87
11/26/2023 0:35,December,3.04,3.01
11/26/2023 0:40,December,3.04,3.01
11/26/2023 0:45,December,3.02,2.98
11/26/2023 0:50,December,2.91,2.88
11/26/2023 0:55,December,0,0
11/26/2023 1:00,December,2.59,2.57
11/26/2023 1:05,December,2.91,2.88
11/26/2023 1:10,December,2.88,2.85
11/26/2023 1:15,December,2.9,2.88
11/26/2023 1:20,December,2.49,2.46
11/26/2023 1:25,December,2.48,2.45
11/26/2023 1:30,December,0.58,0.57
11/26/2023 1:35,December,2.82,2.79
11/26/2023 1:40,December,2.59,2.56
11/26/2023 1:45,December,2.61,2.58
11/26/2023 1:50,December,2.5,2.48
11/26/2023 1:55,December,2.58,2.56
11/26/2023 2:00,December,2.74,2.72
11/26/2023 2:05,December,2.8,2.78
11/26/2023 2:10,December,2.63,2.6
11/26/2023 2:15,December,2.66,2.63
11/26/2023 2:20,December,2.46,2.44
11/26/2023 2:25,December,2.67,2.65
11/26/2023 2:30,December,2.67,2.65
11/26/2023 2:35,December,2.59,2.56
11/26/2023 2:40,December,2.66,2.63
11/26/2023 2:45,December,2.58,2.56
11/26/2023 2:50,December,2.65,2.62
11/26/2023 2:55,December,2.48,2.46
11/26/2023 3:00,December,1.54,1.52
11/26/2023 3:05,December,2.49,2.47
11/26/2023 3:10,December,2.58,2.55
11/26/2023 3:15,December,0,0
11/26/2023 3:20,December,0,0
11/26/2023 3:25,December,0,0
11/26/2023 3:30,December,0,0
11/26/2023 3:35,December,0,0
11/26/2023 3:40,December,0,0
11/26/2023 3:45,December,-0.01,-0.01
11/26/2023 3:50,December,-1.02,-1.01
11/26/2023 3:55,December,0,0
11/26/2023 4:00,December,-0.01,-0.01
11/26/2023 4:05,December,-0.01,-0.01
11/26/2023 4:10,December,0,0
11/26/2023 4:15,December,0,0
11/26/2023 4:20,December,0,0
11/26/2023 4:25,December,0,0
11/26/2023 4:30,December,0,0
11/26/2023 4:35,December,0,0
11/26/2023 4:40,December,0,0
11/26/2023 4:45,December,0,0
11/26/2023 4:50,December,0,0
11/26/2023 4:55,December,0,0
11/26/2023 5:00,December,0,0
11/26/2023 5:05,December,0,0
11/26/2023 5:10,December,0,0
11/26/2023 5:15,December,0,0
11/26/2023 5:20,December,3.24,3.21
11/26/2023 5:25,December,3.01,2.99
11/26/2023 5:30,December,0,0
11/26/2023 5:35,December,3.01,2.99
11/26/2023 5:40,December,3.01,2.99
11/26/2023 5:45,December,2.62,2.6
11/26/2023 5:50,December,3.01,2.99
11/26/2023 5:55,December,2.79,2.77
11/26/2023 6:00,December,2.79,2.77
11/26/2023 6:05,December,2.79,2.77
11/26/2023 6:10,December,3.37,3.34
11/26/2023 6:15,December,3.36,3.34
11/26/2023 6:20,December,3.01,2.99
11/26/2023 6:25,December,2.77,2.76
11/26/2023 6:30,December,2.77,2.76
11/26/2023 6:35,December,0,0
11/26/2023 6:40,December,-0.01,-0.01
11/26/2023 6:45,December,-0.01,-0.01
11/26/2023 6:50,December,3.34,3.32
11/26/2023 6:55,December,2.79,2.77
11/26/2023 7:00,December,2.77,2.76
11/26/2023 7:05,December,-1.02,-1.02
11/26/2023 7:10,December,-1.02,-1.01
11/26/2023 7:15,December,-1.01,-1.01
11/26/2023 7:20,December,3.46,3.45
11/26/2023 7:25,December,3.37,3.36
11/26/2023 7:30,December,3.38,3.37
11/26/2023 7:35,December,3.37,3.35
11/26/2023 7:40,December,3.41,3.39
11/26/2023 7:45,December,3.42,3.41
11/26/2023 7:50,December,4.05,4.03
11/26/2023 7:55,December,3.47,3.46
11/26/2023 8:00,December,3.61,3.59
11/26/2023 8:05,December,-9.97,-9.91
11/26/2023 8:10,December,-10.01,-9.95
11/26/2023 8:15,December,-1.06,-1.06
11/26/2023 8:20,December,-1.06,-1.06
11/26/2023 8:25,December,-1.01,-1.01
11/26/2023 8:30,December,-1.01,-1.01
11/26/2023 8:35,December,-1.01,-1
11/26/2023 8:40,December,-1.02,-1.01
11/26/2023 8:45,December,0,0
11/26/2023 8:50,December,0,0
11/26/2023 8:55,December,2.75,2.73
11/26/2023 9:00,December,2.97,2.95
11/26/2023 9:05,December,0,0
11/26/2023 9:10,December,2.75,2.74
11/26/2023 9:15,December,2.75,2.73
11/26/2023 9:20,December,3.4,3.38
11/26/2023 9:25,December,2.98,2.96
11/26/2023 9:30,December,0,0
11/26/2023 9:35,December,3.41,3.39
11/26/2023 9:40,December,2.98,2.96
11/26/2023 9:45,December,3.38,3.36
11/26/2023 9:50,December,3.44,3.42
11/26/2023 9:55,December,3.44,3.42
11/26/2023 10:00,December,4.05,4.03
11/26/2023 10:05,December,3.48,3.46
11/26/2023 10:10,December,3.46,3.44
11/26/2023 10:15,December,3.44,3.41
11/26/2023 10:20,December,3.44,3.42
11/26/2023 10:25,December,3.54,3.51
11/26/2023 10:30,December,0,0
11/26/2023 10:35,December,2.76,2.74
11/26/2023 10:40,December,2.77,2.75
11/26/2023 10:45,December,2.76,2.74
11/26/2023 10:50,December,2.76,2.75
11/26/2023 10:55,December,2.98,2.96
11/26/2023 11:00,December,2.76,2.75
11/26/2023 11:05,December,3.49,3.47
11/26/2023 11:10,December,3.49,3.46
11/26/2023 11:15,December,3.46,3.44
11/26/2023 11:20,December,0,0
11/26/2023 11:25,December,0,0
11/26/2023 11:30,December,2.76,2.74
11/26/2023 11:35,December,3.59,3.56
11/26/2023 11:40,December,3.48,3.46
11/26/2023 11:45,December,3.47,3.45
11/26/2023 11:50,December,0,0
11/26/2023 11:55,December,2.77,2.75
11/26/2023 12:00,December,2.77,2.75
11/26/2023 12:05,December,0,0
11/26/2023 12:10,December,2.76,2.74
11/26/2023 12:15,December,2.67,2.66
11/26/2023 12:20,December,2.76,2.74
11/26/2023 12:25,December,0,0
11/26/2023 12:30,December,2.64,2.63
11/26/2023 12:35,December,2.64,2.63
11/26/2023 12:40,December,2.98,2.96
11/26/2023 12:45,December,2.76,2.74
11/26/2023 12:50,December,2.76,2.74
11/26/2023 12:55,December,2.76,2.74
11/26/2023 13:00,December,2.98,2.96
11/26/2023 13:05,December,2.76,2.74
11/26/2023 13:10,December,2.97,2.95
11/26/2023 13:15,December,2.98,2.96
11/26/2023 13:20,December,2.98,2.96
11/26/2023 13:25,December,2.84,2.82
11/26/2023 13:30,December,2.73,2.71
11/26/2023 13:35,December,2.73,2.71
11/26/2023 13:40,December,2.63,2.61
11/26/2023 13:45,December,2.73,2.71
11/26/2023 13:50,December,2.97,2.95
11/26/2023 13:55,December,2.73,2.71
11/26/2023 14:00,December,2.73,2.71
11/26/2023 14:05,December,2.75,2.72
11/26/2023 14:10,December,2.73,2.71
11/26/2023 14:15,December,2.97,2.94
11/26/2023 14:20,December,2.74,2.72
11/26/2023 14:25,December,2.74,2.72
11/26/2023 14:30,December,2.74,2.71
11/26/2023 14:35,December,2.74,2.71
11/26/2023 14:40,December,2.74,2.71
11/26/2023 14:45,December,2.74,2.71
11/26/2023 14:50,December,2.74,2.71
11/26/2023 14:55,December,2.74,2.71
11/26/2023 15:00,December,2.74,2.71
11/26/2023 15:05,December,2.96,2.93
11/26/2023 15:10,December,2.74,2.71
11/26/2023 15:15,December,2.74,2.71
11/26/2023 15:20,December,2.74,2.71
11/26/2023 15:25,December,2.74,2.71
11/26/2023 15:30,December,2.74,2.71
11/26/2023 15:35,December,2.74,2.71
11/26/2023 15:40,December,2.74,2.71
11/26/2023 15:45,December,2.74,2.71
11/26/2023 15:50,December,2.74,2.71
11/26/2023 15:55,December,2.96,2.93
11/26/2023 16:00,December,2.96,2.93
11/26/2023 16:05,December,2.96,2.93
11/26/2023 16:10,December,2.75,2.72
11/26/2023 16:15,December,2.75,2.72
11/26/2023 16:20,December,2.74,2.71
11/26/2023 16:25,December,2.75,2.72
11/26/2023 16:30,December,2.97,2.93
11/26/2023 16:35,December,2.75,2.72
11/26/2023 16:40,December,2.97,2.94
11/26/2023 16:45,December,2.97,2.94
11/26/2023 16:50,December,2.97,2.94
11/26/2023 16:55,December,2.97,2.94
11/26/2023 17:00,December,2.75,2.72
11/26/2023 17:05,December,2.75,2.72
11/26/2023 17:10,December,0,0
11/26/2023 17:15,December,2.75,2.72
11/26/2023 17:20,December,2.96,2.93
11/26/2023 17:25,December,2.96,2.93
11/26/2023 17:30,December,3.3,3.26
11/26/2023 17:35,December,3.45,3.42
11/26/2023 17:40,December,3.62,3.6
11/26/2023 17:45,December,3.58,3.55
11/26/2023 17:50,December,3.57,3.54
11/26/2023 17:55,December,3.64,3.6
11/26/2023 18:00,December,3.59,3.55
11/26/2023 18:05,December,3.65,3.6
11/26/2023 18:10,December,3.61,3.55
11/26/2023 18:15,December,3.49,3.44
11/26/2023 18:20,December,3.61,3.54
11/26/2023 18:25,December,3.65,3.59
11/26/2023 18:30,December,3.61,3.55
11/26/2023 18:35,December,3.56,3.5
11/26/2023 18:40,December,3.3,3.24
11/26/2023 18:45,December,3.47,3.41
11/26/2023 18:50,December,3.54,3.48
11/26/2023 18:55,December,3.46,3.41
11/26/2023 19:00,December,3.54,3.48
11/26/2023 19:05,December,3.33,3.28
11/26/2023 19:10,December,3.39,3.33
11/26/2023 19:15,December,3.39,3.34
11/26/2023 19:20,December,3.54,3.48
11/26/2023 19:25,December,3.4,3.35
11/26/2023 19:30,December,3.66,3.6
11/26/2023 19:35,December,3.66,3.6
11/26/2023 19:40,December,3.59,3.53
11/26/2023 19:45,December,3.59,3.53
11/26/2023 19:50,December,3.56,3.51
11/26/2023 19:55,December,3.58,3.52
11/26/2023 20:00,December,3.56,3.5
11/26/2023 20:05,December,19.83,19.51
11/26/2023 20:10,December,3.84,3.78
11/26/2023 20:15,December,3.68,3.62
11/26/2023 20:20,December,3.66,3.6
11/26/2023 20:25,December,3.66,3.6
11/26/2023 20:30,December,3.59,3.54
11/26/2023 20:35,December,3.59,3.54
11/26/2023 20:40,December,3.59,3.54
11/26/2023 20:45,December,3.59,3.54
11/26/2023 20:50,December,3.59,3.54
11/26/2023 20:55,December,3.59,3.53
11/26/2023 21:00,December,3.66,3.6
11/26/2023 21:05,December,30.1,29.62
11/26/2023 21:10,December,29.99,29.51
11/26/2023 21:15,December,5.98,5.89
11/26/2023 21:20,December,3.91,3.85
11/26/2023 21:25,December,3.61,3.55
11/26/2023 21:30,December,3.71,3.65
11/26/2023 21:35,December,3.65,3.6
11/26/2023 21:40,December,3.66,3.6
11/26/2023 21:45,December,3.66,3.6
11/26/2023 21:50,December,3.34,3.28
11/26/2023 21:55,December,3.61,3.55
11/26/2023 22:00,December,3.29,3.24
11/26/2023 22:05,December,3.34,3.28
11/26/2023 22:10,December,3.61,3.56
11/26/2023 22:15,December,3.34,3.29
11/26/2023 22:20,December,3.35,3.29
11/26/2023 22:25,December,3.31,3.26
11/26/2023 22:30,December,3.33,3.27
11/26/2023 22:35,December,3.36,3.31
11/26/2023 22:40,December,3.63,3.58
11/26/2023 22:45,December,3.52,3.47
11/26/2023 22:50,December,3.53,3.47
11/26/2023 22:55,December,3.53,3.47
11/26/2023 23:00,December,3.61,3.55
11/26/2023 23:05,December,3.3,3.25
11/26/2023 23:10,December,3.01,2.97
11/26/2023 23:15,December,3.01,2.97
11/26/2023 23:20,December,3.3,3.25
11/26/2023 23:25,December,3.01,2.97
11/26/2023 23:30,December,-0.01,-0.01
11/26/2023 23:35,December,-0.01,-0.01
11/26/2023 23:40,December,0,0
11/26/2023 23:45,December,2.36,2.33
11/26/2023 23:50,December,2.36,2.33
11/26/2023 23:55,December,2.36,2.33
11/27/2023 0:00,December,2.76,2.72
11/27/2023 0:05,December,-1.01,-1
11/27/2023 0:10,December,0,0
11/27/2023 0:15,December,2.7,2.67
11/27/2023 0:20,December,3.11,3.07
11/27/2023 0:25,December,2.79,2.76
11/27/2023 0:30,December,2.79,2.76
11/27/2023 0:35,December,2.75,2.72
11/27/2023 0:40,December,2.78,2.75
11/27/2023 0:45,December,3.01,2.97
11/27/2023 0:50,December,3.06,3.03
11/27/2023 0:55,December,3.51,3.46
11/27/2023 1:00,December,3.03,3
11/27/2023 1:05,December,3.01,2.98
11/27/2023 1:10,December,3.01,2.98
11/27/2023 1:15,December,2.75,2.72
11/27/2023 1:20,December,2.75,2.72
11/27/2023 1:25,December,2.75,2.72
11/27/2023 1:30,December,2.72,2.7
11/27/2023 1:35,December,2.79,2.76
11/27/2023 1:40,December,2.75,2.72
11/27/2023 1:45,December,2.75,2.72
11/27/2023 1:50,December,2.75,2.72
11/27/2023 1:55,December,2.79,2.76
11/27/2023 2:00,December,2.72,2.69
11/27/2023 2:05,December,2.72,2.7
11/27/2023 2:10,December,2.72,2.7
11/27/2023 2:15,December,2.7,2.68
11/27/2023 2:20,December,3.01,2.98
11/27/2023 2:25,December,2.78,2.76
11/27/2023 2:30,December,2.78,2.76
11/27/2023 2:35,December,2.74,2.71
11/27/2023 2:40,December,2.78,2.76
11/27/2023 2:45,December,2.74,2.71
11/27/2023 2:50,December,2.75,2.73
11/27/2023 2:55,December,2.75,2.72
11/27/2023 3:00,December,2.72,2.69
11/27/2023 3:05,December,2.72,2.7
11/27/2023 3:10,December,2.74,2.72
11/27/2023 3:15,December,2.73,2.71
11/27/2023 3:20,December,2.74,2.72
11/27/2023 3:25,December,2.75,2.73
11/27/2023 3:30,December,2.79,2.77
11/27/2023 3:35,December,2.75,2.72
11/27/2023 3:40,December,2.73,2.7
11/27/2023 3:45,December,2.7,2.68
11/27/2023 3:50,December,0,0
11/27/2023 3:55,December,2.68,2.65
11/27/2023 4:00,December,-0.01,-0.01
11/27/2023 4:05,December,-10.19,-10.1
11/27/2023 4:10,December,-10.14,-10.05
11/27/2023 4:15,December,-7.59,-7.53
11/27/2023 4:20,December,-10.19,-10.11
11/27/2023 4:25,December,-10.14,-10.06
11/27/2023 4:30,December,-10.13,-10.04
11/27/2023 4:35,December,-5.02,-4.98
11/27/2023 4:40,December,-1.03,-1.02
11/27/2023 4:45,December,-1.07,-1.06
11/27/2023 4:50,December,-1.07,-1.06
11/27/2023 4:55,December,-9.88,-9.79
11/27/2023 5:00,December,-1.03,-1.02
11/27/2023 5:05,December,-5.03,-4.99
11/27/2023 5:10,December,-5.03,-4.99
11/27/2023 5:15,December,-5.03,-4.98
11/27/2023 5:20,December,-5.02,-4.98
11/27/2023 5:25,December,-5.02,-4.98
11/27/2023 5:30,December,-10.05,-9.96
11/27/2023 5:35,December,-10.07,-9.99
11/27/2023 5:40,December,-6.04,-5.99
11/27/2023 5:45,December,-10.06,-9.98
11/27/2023 5:50,December,-5.02,-4.98
11/27/2023 5:55,December,-10.06,-9.97
11/27/2023 6:00,December,-10.07,-9.98
11/27/2023 6:05,December,-10.05,-9.98
11/27/2023 6:10,December,-7.57,-7.51
11/27/2023 6:15,December,-5.02,-4.98
11/27/2023 6:20,December,-5.02,-4.98
11/27/2023 6:25,December,-5.03,-4.99
11/27/2023 6:30,December,-5.02,-4.99
11/27/2023 6:35,December,-5.02,-4.98
11/27/2023 6:40,December,-5.01,-4.98
11/27/2023 6:45,December,-5.01,-4.98
11/27/2023 6:50,December,-5.01,-4.98
11/27/2023 6:55,December,-9.88,-9.82
11/27/2023 7:00,December,-10.06,-9.99
11/27/2023 7:05,December,-10.06,-10
11/27/2023 7:10,December,-7.52,-7.47
11/27/2023 7:15,December,-5,-4.97
11/27/2023 7:20,December,-5,-4.97
11/27/2023 7:25,December,-5,-4.97
11/27/2023 7:30,December,-5,-4.97
11/27/2023 7:35,December,-5,-4.97
11/27/2023 7:40,December,-4.99,-4.97
11/27/2023 7:45,December,-1.06,-1.06
11/27/2023 7:50,December,-1.02,-1.01
11/27/2023 7:55,December,-1.02,-1.01
11/27/2023 8:00,December,-4.98,-4.96
11/27/2023 8:05,December,-10.34,-10.33
11/27/2023 8:10,December,-10.02,-10
11/27/2023 8:15,December,-7.26,-7.25
11/27/2023 8:20,December,-9.86,-9.85
11/27/2023 8:25,December,-1.01,-1.01
11/27/2023 8:30,December,-0.01,-0.01
11/27/2023 8:35,December,0,0
11/27/2023 8:40,December,0,0
11/27/2023 8:45,December,0,0
11/27/2023 8:50,December,0,0
11/27/2023 8:55,December,0,0
11/27/2023 9:00,December,2.68,2.68
11/27/2023 9:05,December,0,0
11/27/2023 9:10,December,-1,-1
11/27/2023 9:15,December,-0.99,-0.99
11/27/2023 9:20,December,0,0
11/27/2023 9:25,December,0,0
11/27/2023 9:30,December,0,0
11/27/2023 9:35,December,2.69,2.69
11/27/2023 9:40,December,2.97,2.97
11/27/2023 9:45,December,2.75,2.75
11/27/2023 9:50,December,2.97,2.97
11/27/2023 9:55,December,2.76,2.75
11/27/2023 10:00,December,3.55,3.54
11/27/2023 10:05,December,2.98,2.97
11/27/2023 10:10,December,2.76,2.75
11/27/2023 10:15,December,2.75,2.75
11/27/2023 10:20,December,2.75,2.75
11/27/2023 10:25,December,2.75,2.75
11/27/2023 10:30,December,2.75,2.75
11/27/2023 10:35,December,2.75,2.75
11/27/2023 10:40,December,2.75,2.75
11/27/2023 10:45,December,2.75,2.75
11/27/2023 10:50,December,3.34,3.34
11/27/2023 10:55,December,3.36,3.35
11/27/2023 11:00,December,3.34,3.34
11/27/2023 11:05,December,0,0
11/27/2023 11:10,December,0,0
11/27/2023 11:15,December,0,0
11/27/2023 11:20,December,0,0
11/27/2023 11:25,December,0,0
11/27/2023 11:30,December,0,0
11/27/2023 11:35,December,0,0
11/27/2023 11:40,December,0,0
11/27/2023 11:45,December,2.98,2.97
11/27/2023 11:50,December,0,0
11/27/2023 11:55,December,0,0
11/27/2023 12:00,December,0,0
11/27/2023 12:05,December,0,0
11/27/2023 12:10,December,0,0
11/27/2023 12:15,December,0,0
11/27/2023 12:20,December,0,0
11/27/2023 12:25,December,0,0
11/27/2023 12:30,December,0,0
11/27/2023 12:35,December,0,0
11/27/2023 12:40,December,0,0
11/27/2023 12:45,December,0,0
11/27/2023 12:50,December,0,0
11/27/2023 12:55,December,0,0
11/27/2023 13:00,December,3.35,3.35
11/27/2023 13:05,December,3.36,3.36
11/27/2023 13:10,December,3.27,3.26
11/27/2023 13:15,December,2.99,2.97
11/27/2023 13:20,December,0,0
11/27/2023 13:25,December,2.75,2.75
11/27/2023 13:30,December,3.34,3.33
11/27/2023 13:35,December,3.38,3.38
11/27/2023 13:40,December,3.33,3.32
11/27/2023 13:45,December,3.52,3.51
11/27/2023 13:50,December,3.47,3.46
11/27/2023 13:55,December,3.47,3.46
11/27/2023 14:00,December,3.52,3.51
11/27/2023 14:05,December,3.47,3.46
11/27/2023 14:10,December,3.49,3.47
11/27/2023 14:15,December,3.49,3.47
11/27/2023 14:20,December,3.5,3.48
11/27/2023 14:25,December,3.49,3.48
11/27/2023 14:30,December,3.5,3.48
11/27/2023 14:35,December,3.5,3.48
11/27/2023 14:40,December,3.49,3.48
11/27/2023 14:45,December,3.5,3.48
11/27/2023 14:50,December,3.5,3.48
11/27/2023 14:55,December,3.5,3.48
11/27/2023 15:00,December,3.51,3.49
11/27/2023 15:05,December,3.51,3.49
11/27/2023 15:10,December,3.51,3.49
11/27/2023 15:15,December,3.53,3.5
11/27/2023 15:20,December,3.52,3.49
11/27/2023 15:25,December,3.52,3.5
11/27/2023 15:30,December,3.52,3.49
11/27/2023 15:35,December,3.52,3.49
11/27/2023 15:40,December,3.54,3.51
11/27/2023 15:45,December,3.6,3.57
11/27/2023 15:50,December,3.62,3.58
11/27/2023 15:55,December,3.54,3.5
11/27/2023 16:00,December,17.63,17.48
11/27/2023 16:05,December,3.34,3.31
11/27/2023 16:10,December,3.41,3.38
11/27/2023 16:15,December,3.52,3.49
11/27/2023 16:20,December,3.43,3.4
11/27/2023 16:25,December,3.46,3.42
11/27/2023 16:30,December,3.45,3.41
11/27/2023 16:35,December,3.35,3.31
11/27/2023 16:40,December,3.31,3.27
11/27/2023 16:45,December,3.53,3.48
11/27/2023 16:50,December,3.35,3.31
11/27/2023 16:55,December,3.34,3.3
11/27/2023 17:00,December,3.31,3.27
11/27/2023 17:05,December,2.35,2.32
11/27/2023 17:10,December,2.75,2.72
11/27/2023 17:15,December,3.11,3.07
11/27/2023 17:20,December,3.11,3.07
11/27/2023 17:25,December,3.32,3.27
11/27/2023 17:30,December,3.32,3.27
11/27/2023 17:35,December,3.52,3.47
11/27/2023 17:40,December,3.55,3.49
11/27/2023 17:45,December,3.55,3.5
11/27/2023 17:50,December,3.56,3.5
11/27/2023 17:55,December,3.56,3.5
11/27/2023 18:00,December,3.56,3.5
11/27/2023 18:05,December,3.3,3.25
11/27/2023 18:10,December,3.55,3.49
11/27/2023 18:15,December,3.53,3.47
11/27/2023 18:20,December,3.53,3.47
11/27/2023 18:25,December,3.54,3.47
11/27/2023 18:30,December,3.3,3.24
11/27/2023 18:35,December,3.26,3.19
11/27/2023 18:40,December,3.53,3.46
11/27/2023 18:45,December,3.3,3.24
11/27/2023 18:50,December,3.27,3.21
11/27/2023 18:55,December,3.03,2.98
11/27/2023 19:00,December,3.03,2.98
11/27/2023 19:05,December,3.31,3.25
11/27/2023 19:10,December,3.32,3.26
11/27/2023 19:15,December,3.31,3.25
11/27/2023 19:20,December,3.31,3.25
11/27/2023 19:25,December,3.28,3.23
11/27/2023 19:30,December,3.27,3.21
11/27/2023 19:35,December,3.25,3.19
11/27/2023 19:40,December,3.28,3.23
11/27/2023 19:45,December,3.25,3.19
11/27/2023 19:50,December,3.24,3.19
11/27/2023 19:55,December,3.28,3.23
11/27/2023 20:00,December,3.55,3.5
11/27/2023 20:05,December,10.77,10.61
11/27/2023 20:10,December,3.62,3.57
11/27/2023 20:15,December,3.81,3.75
11/27/2023 20:20,December,3.62,3.56
11/27/2023 20:25,December,3.19,3.14
11/27/2023 20:30,December,3.63,3.57
11/27/2023 20:35,December,3.57,3.51
11/27/2023 20:40,December,3.41,3.36
11/27/2023 20:45,December,3.57,3.52
11/27/2023 20:50,December,3.56,3.51
11/27/2023 20:55,December,3.56,3.51
11/27/2023 21:00,December,3.55,3.5
11/27/2023 21:05,December,30.26,29.76
11/27/2023 21:10,December,11.98,11.78
11/27/2023 21:15,December,4.5,4.43
11/27/2023 21:20,December,3.83,3.77
11/27/2023 21:25,December,3.83,3.76
11/27/2023 21:30,December,3.68,3.62
11/27/2023 21:35,December,3.64,3.58
11/27/2023 21:40,December,3.63,3.57
11/27/2023 21:45,December,3.57,3.51
11/27/2023 21:50,December,3.56,3.5
11/27/2023 21:55,December,3.12,3.07
11/27/2023 22:00,December,3.56,3.51
11/27/2023 22:05,December,3.56,3.51
11/27/2023 22:10,December,3.55,3.49
11/27/2023 22:15,December,3.13,3.08
11/27/2023 22:20,December,3.13,3.08
11/27/2023 22:25,December,3.11,3.06
11/27/2023 22:30,December,3.09,3.04
11/27/2023 22:35,December,3.3,3.24
11/27/2023 22:40,December,3.13,3.08
11/27/2023 22:45,December,3.45,3.39
11/27/2023 22:50,December,3.11,3.06
11/27/2023 22:55,December,3.1,3.05
11/27/2023 23:00,December,2.78,2.73
11/27/2023 23:05,December,4.53,4.46
11/27/2023 23:10,December,3.62,3.57
11/27/2023 23:15,December,3.56,3.51
11/27/2023 23:20,December,3.79,3.73
11/27/2023 23:25,December,3.56,3.51
11/27/2023 23:30,December,3.9,3.84
11/27/2023 23:35,December,3.89,3.84
11/27/2023 23:40,December,3.56,3.51
11/27/2023 23:45,December,3.61,3.56
11/27/2023 23:50,December,3.61,3.56
11/27/2023 23:55,December,3.61,3.56
11/28/2023 0:00,December,3.61,3.56
11/28/2023 0:05,December,3.57,3.52
11/28/2023 0:10,December,3.28,3.23
11/28/2023 0:15,December,3.3,3.25
11/28/2023 0:20,December,3.27,3.22
11/28/2023 0:25,December,3.23,3.18
11/28/2023 0:30,December,3.23,3.18
11/28/2023 0:35,December,3.05,3
11/28/2023 0:40,December,3,2.96
11/28/2023 0:45,December,3,2.96
11/28/2023 0:50,December,2.87,2.82
11/28/2023 0:55,December,2.88,2.84
11/28/2023 1:00,December,2.51,2.47
11/28/2023 1:05,December,-0.01,-0.01
11/28/2023 1:10,December,2.36,2.33
11/28/2023 1:15,December,2.36,2.33
11/28/2023 1:20,December,2.49,2.46
11/28/2023 1:25,December,2.76,2.72
11/28/2023 1:30,December,2.76,2.72
11/28/2023 1:35,December,0,0
11/28/2023 1:40,December,0,0
11/28/2023 1:45,December,0,0
11/28/2023 1:50,December,0,0
11/28/2023 1:55,December,2.36,2.33
11/28/2023 2:00,December,2.36,2.33
11/28/2023 2:05,December,2.49,2.46
11/28/2023 2:10,December,2.52,2.49
11/28/2023 2:15,December,2.74,2.71
11/28/2023 2:20,December,2.77,2.74
11/28/2023 2:25,December,2.52,2.49
11/28/2023 2:30,December,2.74,2.71
11/28/2023 2:35,December,2.74,2.71
11/28/2023 2:40,December,2.74,2.71
11/28/2023 2:45,December,2.58,2.55
11/28/2023 2:50,December,2.74,2.71
11/28/2023 2:55,December,2.54,2.51
11/28/2023 3:00,December,2.45,2.42
11/28/2023 3:05,December,2.73,2.71
11/28/2023 3:10,December,2.73,2.71
11/28/2023 3:15,December,2.73,2.71
11/28/2023 3:20,December,2.73,2.71
11/28/2023 3:25,December,2.78,2.76
11/28/2023 3:30,December,2.78,2.75
11/28/2023 3:35,December,2.85,2.83
11/28/2023 3:40,December,2.78,2.75
11/28/2023 3:45,December,2.78,2.75
11/28/2023 3:50,December,2.74,2.71
11/28/2023 3:55,December,3.01,2.98
11/28/2023 4:00,December,3.14,3.12
11/28/2023 4:05,December,3.26,3.23
11/28/2023 4:10,December,3.25,3.22
11/28/2023 4:15,December,3.18,3.15
11/28/2023 4:20,December,3.27,3.24
11/28/2023 4:25,December,3.26,3.22
11/28/2023 4:30,December,3.18,3.15
11/28/2023 4:35,December,3.11,3.08
11/28/2023 4:40,December,3.14,3.11
11/28/2023 4:45,December,3.12,3.09
11/28/2023 4:50,December,3.28,3.25
11/28/2023 4:55,December,3.26,3.23
11/28/2023 5:00,December,3.18,3.15
11/28/2023 5:05,December,3.2,3.17
11/28/2023 5:10,December,3.26,3.22
11/28/2023 5:15,December,3.26,3.22
11/28/2023 5:20,December,3.16,3.12
11/28/2023 5:25,December,3.2,3.16
11/28/2023 5:30,December,3.25,3.22
11/28/2023 5:35,December,3.24,3.21
11/28/2023 5:40,December,3.25,3.22
11/28/2023 5:45,December,3.26,3.22
11/28/2023 5:50,December,3.25,3.22
11/28/2023 5:55,December,3.22,3.19
11/28/2023 6:00,December,3.24,3.2
11/28/2023 6:05,December,0,0
11/28/2023 6:10,December,0,0
11/28/2023 6:15,December,0,0
11/28/2023 6:20,December,2.59,2.56
11/28/2023 6:25,December,3.01,2.98
11/28/2023 6:30,December,2.88,2.85
11/28/2023 6:35,December,0,0
11/28/2023 6:40,December,2.34,2.31
11/28/2023 6:45,December,2.47,2.44
11/28/2023 6:50,December,2.59,2.57
11/28/2023 6:55,December,3.23,3.2
11/28/2023 7:00,December,3.01,2.98
11/28/2023 7:05,December,2.78,2.76
11/28/2023 7:10,December,2.59,2.57
11/28/2023 7:15,December,2.67,2.65
11/28/2023 7:20,December,2.77,2.75
11/28/2023 7:25,December,2.99,2.96
11/28/2023 7:30,December,2.86,2.84
11/28/2023 7:35,December,2.98,2.96
11/28/2023 7:40,December,3.22,3.2
11/28/2023 7:45,December,3.27,3.24
11/28/2023 7:50,December,3.46,3.43
11/28/2023 7:55,December,3.46,3.43
11/28/2023 8:00,December,3.59,3.56
11/28/2023 8:05,December,0,0
11/28/2023 8:10,December,0,0
11/28/2023 8:15,December,2.96,2.93
11/28/2023 8:20,December,2.96,2.93
11/28/2023 8:25,December,3.21,3.18
11/28/2023 8:30,December,3.27,3.25
11/28/2023 8:35,December,3.24,3.21
11/28/2023 8:40,December,3.24,3.22
11/28/2023 8:45,December,3.29,3.26
11/28/2023 8:50,December,3.23,3.2
11/28/2023 8:55,December,3.26,3.24
11/28/2023 9:00,December,3.27,3.25
11/28/2023 9:05,December,3.15,3.13
11/28/2023 9:10,December,3.21,3.19
11/28/2023 9:15,December,3.21,3.19
11/28/2023 9:20,December,3.26,3.25
11/28/2023 9:25,December,3.28,3.26
11/28/2023 9:30,December,3.41,3.39
11/28/2023 9:35,December,3.48,3.46
11/28/2023 9:40,December,3.66,3.64
11/28/2023 9:45,December,3.55,3.54
11/28/2023 9:50,December,3.56,3.54
11/28/2023 9:55,December,3.65,3.64
11/28/2023 10:00,December,3.6,3.58
11/28/2023 10:05,December,3.2,3.19
11/28/2023 10:10,December,3.4,3.39
11/28/2023 10:15,December,3.66,3.65
11/28/2023 10:20,December,3.87,3.86
11/28/2023 10:25,December,4.02,3.99
11/28/2023 10:30,December,4.05,4.02
11/28/2023 10:35,December,4,3.99
11/28/2023 10:40,December,4.16,4.15
11/28/2023 10:45,December,4.01,4
11/28/2023 10:50,December,4.01,4
11/28/2023 10:55,December,4.01,4
11/28/2023 11:00,December,4.01,4
11/28/2023 11:05,December,4.12,4.11
11/28/2023 11:10,December,4.11,4.1
11/28/2023 11:15,December,4.01,4
11/28/2023 11:20,December,4,3.99
11/28/2023 11:25,December,4,3.99
11/28/2023 11:30,December,4.17,4.15
11/28/2023 11:35,December,4,4
11/28/2023 11:40,December,4.05,4.05
11/28/2023 11:45,December,4.08,4.07
11/28/2023 11:50,December,4.07,4.06
11/28/2023 11:55,December,4.08,4.07
11/28/2023 12:00,December,3.2,3.19
11/28/2023 12:05,December,2.61,2.6
11/28/2023 12:10,December,3.13,3.12
11/28/2023 12:15,December,3.2,3.2
11/28/2023 12:20,December,3.4,3.39
11/28/2023 12:25,December,3.4,3.39
11/28/2023 12:30,December,3.57,3.54
11/28/2023 12:35,December,3.59,3.56
11/28/2023 12:40,December,4.03,4
11/28/2023 12:45,December,3.83,3.8
11/28/2023 12:50,December,3.9,3.87
11/28/2023 12:55,December,3.43,3.4
11/28/2023 13:00,December,4.23,4.2
11/28/2023 13:05,December,4.03,4
11/28/2023 13:10,December,19.07,18.92
11/28/2023 13:15,December,15.43,15.32
11/28/2023 13:20,December,12.09,12
11/28/2023 13:25,December,10.8,10.72
11/28/2023 13:30,December,4.55,4.52
11/28/2023 13:35,December,4.43,4.39
11/28/2023 13:40,December,4.44,4.4
11/28/2023 13:45,December,4.55,4.51
11/28/2023 13:50,December,4.55,4.52
11/28/2023 13:55,December,4.44,4.4
11/28/2023 14:00,December,4.46,4.43
11/28/2023 14:05,December,4.44,4.41
11/28/2023 14:10,December,4.44,4.41
11/28/2023 14:15,December,4.54,4.5
11/28/2023 14:20,December,4.12,4.08
11/28/2023 14:25,December,5.55,5.49
11/28/2023 14:30,December,4.46,4.41
11/28/2023 14:35,December,4.45,4.41
11/28/2023 14:40,December,4.45,4.41
11/28/2023 14:45,December,4.34,4.3
11/28/2023 14:50,December,4.46,4.44
11/28/2023 14:55,December,4.46,4.41
11/28/2023 15:00,December,4.33,4.3
11/28/2023 15:05,December,4.04,4.01
11/28/2023 15:10,December,4.23,4.2
11/28/2023 15:15,December,4.43,4.4
11/28/2023 15:20,December,4.43,4.4
11/28/2023 15:25,December,4.47,4.44
11/28/2023 15:30,December,4.45,4.42
11/28/2023 15:35,December,10.75,10.67
11/28/2023 15:40,December,4.74,4.71
11/28/2023 15:45,December,4.58,4.55
11/28/2023 15:50,December,4.74,4.7
11/28/2023 15:55,December,4.49,4.46
11/28/2023 16:00,December,4.57,4.53
11/28/2023 16:05,December,4.47,4.43
11/28/2023 16:10,December,4.47,4.43
11/28/2023 16:15,December,4.47,4.43
11/28/2023 16:20,December,4.47,4.43
11/28/2023 16:25,December,4.6,4.56
11/28/2023 16:30,December,4.52,4.48
11/28/2023 16:35,December,4.58,4.53
11/28/2023 16:40,December,4.51,4.46
11/28/2023 16:45,December,4.53,4.48
11/28/2023 16:50,December,4.35,4.3
11/28/2023 16:55,December,4.44,4.4
11/28/2023 17:00,December,4.06,4.02
11/28/2023 17:05,December,4,3.96
11/28/2023 17:10,December,3.99,3.95
11/28/2023 17:15,December,4.05,4.01
11/28/2023 17:20,December,4.47,4.42
11/28/2023 17:25,December,4.47,4.42
11/28/2023 17:30,December,4.48,4.43
11/28/2023 17:35,December,14.06,13.89
11/28/2023 17:40,December,4.84,4.78
11/28/2023 17:45,December,5.88,5.81
11/28/2023 17:50,December,4.91,4.85
11/28/2023 17:55,December,4.61,4.55
11/28/2023 18:00,December,4.77,4.71
11/28/2023 18:05,December,4.61,4.55
11/28/2023 18:10,December,4.6,4.54
11/28/2023 18:15,December,4.7,4.64
11/28/2023 18:20,December,4.61,4.54
11/28/2023 18:25,December,4.77,4.71
11/28/2023 18:30,December,5.9,5.82
11/28/2023 18:35,December,4.76,4.7
11/28/2023 18:40,December,4.71,4.65
11/28/2023 18:45,December,4.86,4.79
11/28/2023 18:50,December,4.86,4.79
11/28/2023 18:55,December,4.48,4.42
11/28/2023 19:00,December,4.48,4.42
11/28/2023 19:05,December,4.13,4.07
11/28/2023 19:10,December,4.26,4.21
11/28/2023 19:15,December,4.14,4.08
11/28/2023 19:20,December,4.14,4.08
11/28/2023 19:25,December,4.1,4.04
11/28/2023 19:30,December,4.09,4.03
11/28/2023 19:35,December,4.14,4.09
11/28/2023 19:40,December,4.12,4.06
11/28/2023 19:45,December,4.1,4.05
11/28/2023 19:50,December,4.12,4.07
11/28/2023 19:55,December,4.09,4.04
11/28/2023 20:00,December,4.08,4.03
11/28/2023 20:05,December,15.66,15.47
11/28/2023 20:10,December,5.89,5.81
11/28/2023 20:15,December,4.49,4.44
11/28/2023 20:20,December,4.49,4.43
11/28/2023 20:25,December,4.49,4.43
11/28/2023 20:30,December,4.49,4.43
11/28/2023 20:35,December,4.16,4.1
11/28/2023 20:40,December,4.49,4.43
11/28/2023 20:45,December,4.49,4.43
11/28/2023 20:50,December,4.16,4.11
11/28/2023 20:55,December,4.15,4.1
11/28/2023 21:00,December,4.14,4.09
11/28/2023 21:05,December,29.88,29.48
11/28/2023 21:10,December,14.15,13.97
11/28/2023 21:15,December,10.81,10.67
11/28/2023 21:20,December,10.83,10.69
11/28/2023 21:25,December,4.51,4.45
11/28/2023 21:30,December,4.66,4.6
11/28/2023 21:35,December,4.22,4.16
11/28/2023 21:40,December,4.67,4.61
11/28/2023 21:45,December,4.51,4.45
11/28/2023 21:50,December,4.67,4.61
11/28/2023 21:55,December,4.18,4.13
11/28/2023 22:00,December,4.05,4
11/28/2023 22:05,December,4.68,4.62
11/28/2023 22:10,December,4.27,4.21
11/28/2023 22:15,December,4.1,4.05
11/28/2023 22:20,December,4.23,4.18
11/28/2023 22:25,December,4.11,4.05
11/28/2023 22:30,December,4.07,4.01
11/28/2023 22:35,December,4.01,3.95
11/28/2023 22:40,December,3.99,3.93
11/28/2023 22:45,December,3.99,3.93
11/28/2023 22:50,December,3.61,3.55
11/28/2023 22:55,December,3.5,3.45
11/28/2023 23:00,December,3.46,3.42
11/28/2023 23:05,December,4.59,4.53
11/28/2023 23:10,December,4.01,3.96
11/28/2023 23:15,December,3.75,3.7
11/28/2023 23:20,December,3.47,3.42
11/28/2023 23:25,December,3.5,3.45
11/28/2023 23:30,December,3.5,3.45
11/28/2023 23:35,December,3.42,3.37
11/28/2023 23:40,December,3.29,3.25
11/28/2023 23:45,December,3.04,3
11/28/2023 23:50,December,3.26,3.21
11/28/2023 23:55,December,3.09,3.04
11/29/2023 0:00,December,3.06,3.01
11/29/2023 0:05,December,3.15,3.1
11/29/2023 0:10,December,3.17,3.13
11/29/2023 0:15,December,3.14,3.1
11/29/2023 0:20,December,3.59,3.54
11/29/2023 0:25,December,3.66,3.61
11/29/2023 0:30,December,3.28,3.23
11/29/2023 0:35,December,3.76,3.71
11/29/2023 0:40,December,3.6,3.55
11/29/2023 0:45,December,3.15,3.11
11/29/2023 0:50,December,3.41,3.36
11/29/2023 0:55,December,3.42,3.37
11/29/2023 1:00,December,3.15,3.11
11/29/2023 1:05,December,3.41,3.36
11/29/2023 1:10,December,3.09,3.05
11/29/2023 1:15,December,3.39,3.34
11/29/2023 1:20,December,3.33,3.28
11/29/2023 1:25,December,3.44,3.4
11/29/2023 1:30,December,3.44,3.39
11/29/2023 1:35,December,3.34,3.29
11/29/2023 1:40,December,3.36,3.32
11/29/2023 1:45,December,3.44,3.39
11/29/2023 1:50,December,3.16,3.11
11/29/2023 1:55,December,3.13,3.09
11/29/2023 2:00,December,3.01,2.97
11/29/2023 2:05,December,3.37,3.33
11/29/2023 2:10,December,3.35,3.31
11/29/2023 2:15,December,3.35,3.31
11/29/2023 2:20,December,3.13,3.09
11/29/2023 2:25,December,3,2.96
11/29/2023 2:30,December,3,2.96
11/29/2023 2:35,December,2.86,2.82
11/29/2023 2:40,December,2.86,2.82
11/29/2023 2:45,December,2.57,2.54
11/29/2023 2:50,December,2.86,2.82
11/29/2023 2:55,December,2.86,2.82
11/29/2023 3:00,December,2.57,2.53
11/29/2023 3:05,December,2.86,2.82
11/29/2023 3:10,December,2.86,2.82
11/29/2023 3:15,December,0,0
11/29/2023 3:20,December,2.36,2.33
11/29/2023 3:25,December,2.37,2.34
11/29/2023 3:30,December,0,0
11/29/2023 3:35,December,0,0
11/29/2023 3:40,December,2.36,2.33
11/29/2023 3:45,December,2.47,2.44
11/29/2023 3:50,December,2.76,2.72
11/29/2023 3:55,December,2.75,2.72
11/29/2023 4:00,December,2.77,2.74
11/29/2023 4:05,December,2.99,2.95
11/29/2023 4:10,December,2.99,2.95
11/29/2023 4:15,December,2.99,2.95
11/29/2023 4:20,December,2.98,2.95
11/29/2023 4:25,December,3.34,3.29
11/29/2023 4:30,December,2.86,2.82
11/29/2023 4:35,December,2.86,2.82
11/29/2023 4:40,December,2.86,2.82
11/29/2023 4:45,December,2.99,2.95
11/29/2023 4:50,December,3.24,3.2
11/29/2023 4:55,December,3.34,3.3
11/29/2023 5:00,December,3.25,3.2
11/29/2023 5:05,December,3.48,3.43
11/29/2023 5:10,December,3.47,3.42
11/29/2023 5:15,December,3.48,3.43
11/29/2023 5:20,December,3.61,3.56
11/29/2023 5:25,December,3.59,3.54
11/29/2023 5:30,December,3.55,3.5
11/29/2023 5:35,December,3.38,3.33
11/29/2023 5:40,December,3.49,3.44
11/29/2023 5:45,December,3.49,3.44
11/29/2023 5:50,December,3.49,3.44
11/29/2023 5:55,December,3.49,3.44
11/29/2023 6:00,December,3.48,3.43
11/29/2023 6:05,December,0,0
11/29/2023 6:10,December,2.36,2.33
11/29/2023 6:15,December,2.86,2.82
11/29/2023 6:20,December,2.76,2.73
11/29/2023 6:25,December,2.85,2.82
11/29/2023 6:30,December,2.85,2.81
11/29/2023 6:35,December,2.76,2.73
11/29/2023 6:40,December,0,0
11/29/2023 6:45,December,0,0
11/29/2023 6:50,December,2,1.97
11/29/2023 6:55,December,2.5,2.47
11/29/2023 7:00,December,2.75,2.72
11/29/2023 7:05,December,2.75,2.72
11/29/2023 7:10,December,2.98,2.94
11/29/2023 7:15,December,2.97,2.94
11/29/2023 7:20,December,2.98,2.94
11/29/2023 7:25,December,3.37,3.33
11/29/2023 7:30,December,3.22,3.19
11/29/2023 7:35,December,2.97,2.94
11/29/2023 7:40,December,3.42,3.39
11/29/2023 7:45,December,2.96,2.94
11/29/2023 7:50,December,3.43,3.39
11/29/2023 7:55,December,3.61,3.57
11/29/2023 8:00,December,3.65,3.61
11/29/2023 8:05,December,0,0
11/29/2023 8:10,December,2.83,2.8
11/29/2023 8:15,December,3.45,3.41
11/29/2023 8:20,December,3.43,3.4
11/29/2023 8:25,December,3.68,3.65
11/29/2023 8:30,December,3.53,3.49
11/29/2023 8:35,December,3.54,3.5
11/29/2023 8:40,December,3.62,3.59
11/29/2023 8:45,December,3.77,3.74
11/29/2023 8:50,December,4.58,4.54
11/29/2023 8:55,December,4.02,3.99
11/29/2023 9:00,December,3.97,3.93
11/29/2023 9:05,December,3.3,3.27
11/29/2023 9:10,December,3.45,3.42
11/29/2023 9:15,December,3.57,3.53
11/29/2023 9:20,December,3.5,3.47
11/29/2023 9:25,December,3.6,3.56
11/29/2023 9:30,December,3.8,3.76
11/29/2023 9:35,December,3.7,3.66
11/29/2023 9:40,December,3.97,3.94
11/29/2023 9:45,December,3.68,3.65
11/29/2023 9:50,December,3.9,3.87
11/29/2023 9:55,December,3.97,3.93
11/29/2023 10:00,December,4.01,3.98
11/29/2023 10:05,December,3.8,3.76
11/29/2023 10:10,December,3.96,3.93
11/29/2023 10:15,December,4.06,4.02
11/29/2023 10:20,December,5.79,5.74
11/29/2023 10:25,December,6.11,6.05
11/29/2023 10:30,December,4.33,4.3
11/29/2023 10:35,December,4.25,4.21
11/29/2023 10:40,December,3.73,3.7
11/29/2023 10:45,December,3.95,3.92
11/29/2023 10:50,December,4.92,4.88
11/29/2023 10:55,December,4.4,4.37
11/29/2023 11:00,December,3.87,3.84
11/29/2023 11:05,December,3.87,3.84
11/29/2023 11:10,December,3.9,3.88
11/29/2023 11:15,December,3.96,3.93
11/29/2023 11:20,December,3.95,3.92
11/29/2023 11:25,December,4.01,3.98
11/29/2023 11:30,December,3.89,3.86
11/29/2023 11:35,December,3.89,3.86
11/29/2023 11:40,December,3.89,3.86
11/29/2023 11:45,December,5.64,5.6
11/29/2023 11:50,December,4.62,4.59
11/29/2023 11:55,December,3.89,3.87
11/29/2023 12:00,December,3.67,3.65
11/29/2023 12:05,December,0,0
11/29/2023 12:10,December,3.11,3.09
11/29/2023 12:15,December,3.43,3.42
11/29/2023 12:20,December,3.65,3.64
11/29/2023 12:25,December,3.43,3.42
11/29/2023 12:30,December,3.43,3.42
11/29/2023 12:35,December,11.73,11.72
11/29/2023 12:40,December,4.61,4.61
11/29/2023 12:45,December,4.62,4.61
11/29/2023 12:50,December,5.58,5.57
11/29/2023 12:55,December,5.59,5.58
11/29/2023 13:00,December,11.97,11.95
11/29/2023 13:05,December,5.74,5.73
11/29/2023 13:10,December,11.8,11.8
11/29/2023 13:15,December,16.78,16.79
11/29/2023 13:20,December,11.7,11.7
11/29/2023 13:25,December,16.78,16.79
11/29/2023 13:30,December,14.12,14.13
11/29/2023 13:35,December,5.72,5.73
11/29/2023 13:40,December,10.76,10.77
11/29/2023 13:45,December,4.8,4.8
11/29/2023 13:50,December,6.07,6.08
11/29/2023 13:55,December,10.73,10.74
11/29/2023 14:00,December,5.74,5.74
11/29/2023 14:05,December,5.75,5.75
11/29/2023 14:10,December,11.77,11.77
11/29/2023 14:15,December,14.23,14.23
11/29/2023 14:20,December,11.9,11.89
11/29/2023 14:25,December,19.36,19.36
11/29/2023 14:30,December,11.74,11.74
11/29/2023 14:35,December,6.09,6.09
11/29/2023 14:40,December,4.73,4.73
11/29/2023 14:45,December,10.63,10.61
11/29/2023 14:50,December,6.1,6.09
11/29/2023 14:55,December,3.94,3.93
11/29/2023 15:00,December,3.94,3.94
11/29/2023 15:05,December,4.23,4.22
11/29/2023 15:10,December,3.92,3.9
11/29/2023 15:15,December,3.87,3.86
11/29/2023 15:20,December,3.88,3.87
11/29/2023 15:25,December,3.88,3.86
11/29/2023 15:30,December,4.69,4.67
11/29/2023 15:35,December,3.99,3.97
11/29/2023 15:40,December,4.69,4.67
11/29/2023 15:45,December,4.77,4.75
11/29/2023 15:50,December,3.97,3.95
11/29/2023 15:55,December,3.96,3.94
11/29/2023 16:00,December,3.96,3.94
11/29/2023 16:05,December,3.98,3.95
11/29/2023 16:10,December,4.23,4.21
11/29/2023 16:15,December,11.91,11.84
11/29/2023 16:20,December,5.82,5.78
11/29/2023 16:25,December,5.82,5.78
11/29/2023 16:30,December,4.78,4.75
11/29/2023 16:35,December,3.98,3.95
11/29/2023 16:40,December,4.78,4.74
11/29/2023 16:45,December,4.77,4.73
11/29/2023 16:50,December,3.9,3.87
11/29/2023 16:55,December,3.89,3.85
11/29/2023 17:00,December,3.86,3.82
11/29/2023 17:05,December,0,0
11/29/2023 17:10,December,3.16,3.12
11/29/2023 17:15,December,3.86,3.82
11/29/2023 17:20,December,4.24,4.19
11/29/2023 17:25,December,10.63,10.52
11/29/2023 17:30,December,15.75,15.59
11/29/2023 17:35,December,11.91,11.79
11/29/2023 17:40,December,11.93,11.81
11/29/2023 17:45,December,11.96,11.84
11/29/2023 17:50,December,10.66,10.55
11/29/2023 17:55,December,9.05,8.95
11/29/2023 18:00,December,5.85,5.78
11/29/2023 18:05,December,6.15,6.08
11/29/2023 18:10,December,5.86,5.79
11/29/2023 18:15,December,5.86,5.78
11/29/2023 18:20,December,5.87,5.79
11/29/2023 18:25,December,6.14,6.05
11/29/2023 18:30,December,5.88,5.8
11/29/2023 18:35,December,3.92,3.87
11/29/2023 18:40,December,3.93,3.87
11/29/2023 18:45,December,3.94,3.89
11/29/2023 18:50,December,3.95,3.9
11/29/2023 18:55,December,3.92,3.87
11/29/2023 19:00,December,3.92,3.86
11/29/2023 19:05,December,3.91,3.85
11/29/2023 19:10,December,3.94,3.88
11/29/2023 19:15,December,3.96,3.9
11/29/2023 19:20,December,4.03,3.97
11/29/2023 19:25,December,4.06,4.01
11/29/2023 19:30,December,4.05,3.99
11/29/2023 19:35,December,4.08,4.03
11/29/2023 19:40,December,4.04,4
11/29/2023 19:45,December,4.01,3.97
11/29/2023 19:50,December,4.01,3.97
11/29/2023 19:55,December,3.97,3.93
11/29/2023 20:00,December,5.07,5.03
11/29/2023 20:05,December,10.61,10.51
11/29/2023 20:10,December,6.62,6.57
11/29/2023 20:15,December,5.84,5.79
11/29/2023 20:20,December,6.06,6.01
11/29/2023 20:25,December,6.06,6.01
11/29/2023 20:30,December,6.05,6
11/29/2023 20:35,December,6.04,5.99
11/29/2023 20:40,December,6.04,5.99
11/29/2023 20:45,December,6.5,6.45
11/29/2023 20:50,December,6.05,6
11/29/2023 20:55,December,6.04,6
11/29/2023 21:00,December,6.04,5.99
11/29/2023 21:05,December,29.67,29.43
11/29/2023 21:10,December,29.39,29.17
11/29/2023 21:15,December,10.62,10.54
11/29/2023 21:20,December,6.57,6.51
11/29/2023 21:25,December,6.17,6.12
11/29/2023 21:30,December,6.17,6.11
11/29/2023 21:35,December,6.37,6.32
11/29/2023 21:40,December,6.37,6.32
11/29/2023 21:45,December,6.16,6.1
11/29/2023 21:50,December,4.78,4.74
11/29/2023 21:55,December,4.81,4.77
11/29/2023 22:00,December,3.97,3.93
11/29/2023 22:05,December,6.16,6.1
11/29/2023 22:10,December,4.77,4.73
11/29/2023 22:15,December,4.77,4.73
11/29/2023 22:20,December,4.77,4.73
11/29/2023 22:25,December,4.77,4.73
11/29/2023 22:30,December,4.77,4.73
11/29/2023 22:35,December,4.77,4.73
11/29/2023 22:40,December,4.89,4.84
11/29/2023 22:45,December,3.96,3.93
11/29/2023 22:50,December,3.92,3.89
11/29/2023 22:55,December,3.92,3.88
11/29/2023 23:00,December,3.94,3.91
11/29/2023 23:05,December,2.78,2.75
11/29/2023 23:10,December,3.4,3.36
11/29/2023 23:15,December,3.48,3.44
11/29/2023 23:20,December,3.48,3.44
11/29/2023 23:25,December,3.48,3.44
11/29/2023 23:30,December,3.48,3.44
11/29/2023 23:35,December,3.48,3.44
11/29/2023 23:40,December,3.25,3.22
11/29/2023 23:45,December,3.27,3.24
11/29/2023 23:50,December,3.47,3.44
11/29/2023 23:55,December,3.25,3.22
11/30/2023 0:00,December,3.31,3.28
11/30/2023 0:05,December,2.82,2.79
11/30/2023 0:10,December,3.16,3.13
11/30/2023 0:15,December,3.16,3.13
11/30/2023 0:20,December,3.46,3.43
11/30/2023 0:25,December,3.45,3.42
11/30/2023 0:30,December,3.46,3.43
11/30/2023 0:35,December,3.47,3.43
11/30/2023 0:40,December,3.47,3.43
11/30/2023 0:45,December,3.47,3.43
11/30/2023 0:50,December,3.47,3.43
11/30/2023 0:55,December,3.47,3.44
11/30/2023 1:00,December,3.46,3.43
11/30/2023 1:05,December,3.53,3.5
11/30/2023 1:10,December,3.28,3.25
11/30/2023 1:15,December,3.43,3.4
11/30/2023 1:20,December,3.53,3.5
11/30/2023 1:25,December,3.47,3.44
11/30/2023 1:30,December,3.43,3.39
11/30/2023 1:35,December,3.42,3.39
11/30/2023 1:40,December,3.22,3.19
11/30/2023 1:45,December,3.21,3.18
11/30/2023 1:50,December,3.22,3.18
11/30/2023 1:55,December,3.29,3.25
11/30/2023 2:00,December,3.07,3.03
11/30/2023 2:05,December,3.04,3.01
11/30/2023 2:10,December,3.14,3.11
11/30/2023 2:15,December,2.82,2.8
11/30/2023 2:20,December,2.95,2.92
11/30/2023 2:25,December,2.35,2.33
11/30/2023 2:30,December,2.5,2.48
11/30/2023 2:35,December,2.35,2.33
11/30/2023 2:40,December,2.55,2.52
11/30/2023 2:45,December,2.44,2.42
11/30/2023 2:50,December,2.55,2.53
11/30/2023 2:55,December,2.94,2.91
11/30/2023 3:00,December,2.75,2.72
11/30/2023 3:05,December,2.76,2.73
11/30/2023 3:10,December,2.76,2.73
11/30/2023 3:15,December,2.75,2.73
11/30/2023 3:20,December,2.76,2.73
11/30/2023 3:25,December,2.76,2.73
11/30/2023 3:30,December,2.54,2.52
11/30/2023 3:35,December,2.75,2.73
11/30/2023 3:40,December,2.75,2.72
11/30/2023 3:45,December,2.75,2.73
11/30/2023 3:50,December,2.76,2.73
11/30/2023 3:55,December,2.75,2.73
11/30/2023 4:00,December,2.76,2.73
11/30/2023 4:05,December,2.94,2.91
11/30/2023 4:10,December,2.94,2.91
11/30/2023 4:15,December,2.94,2.91
11/30/2023 4:20,December,2.76,2.73
11/30/2023 4:25,December,2.94,2.91
11/30/2023 4:30,December,2.47,2.45
11/30/2023 4:35,December,2.76,2.73
11/30/2023 4:40,December,2.76,2.73
11/30/2023 4:45,December,2.44,2.41
11/30/2023 4:50,December,2.75,2.73
11/30/2023 4:55,December,2.94,2.91
11/30/2023 5:00,December,2.94,2.91
11/30/2023 5:05,December,3.05,3.02
11/30/2023 5:10,December,3.43,3.39
11/30/2023 5:15,December,3.42,3.39
11/30/2023 5:20,December,3.3,3.27
11/30/2023 5:25,December,3.29,3.25
11/30/2023 5:30,December,3.44,3.4
11/30/2023 5:35,December,3.5,3.46
11/30/2023 5:40,December,3.47,3.43
11/30/2023 5:45,December,3.43,3.39
11/30/2023 5:50,December,3.44,3.4
11/30/2023 5:55,December,3.43,3.39
11/30/2023 6:00,December,3.28,3.25
11/30/2023 6:05,December,3.14,3.11
11/30/2023 6:10,December,3.03,3
11/30/2023 6:15,December,3.06,3.02
11/30/2023 6:20,December,3.02,2.99
11/30/2023 6:25,December,3.73,3.69
11/30/2023 6:30,December,2.83,2.8
11/30/2023 6:35,December,2.95,2.92
11/30/2023 6:40,December,2.05,2.03
11/30/2023 6:45,December,2.05,2.03
11/30/2023 6:50,December,2.35,2.33
11/30/2023 6:55,December,2.94,2.91
11/30/2023 7:00,December,3.04,3.01
11/30/2023 7:05,December,3.47,3.44
11/30/2023 7:10,December,3.46,3.43
11/30/2023 7:15,December,3.15,3.12
11/30/2023 7:20,December,3.46,3.43
11/30/2023 7:25,December,4.23,4.19
11/30/2023 7:30,December,3.72,3.68
11/30/2023 7:35,December,3.45,3.42
11/30/2023 7:40,December,3.14,3.11
11/30/2023 7:45,December,4.01,3.98
11/30/2023 7:50,December,3.6,3.57
11/30/2023 7:55,December,4.01,3.98
11/30/2023 8:00,December,4.01,3.98
11/30/2023 8:05,December,3.44,3.41
11/30/2023 8:10,December,4.02,3.99
11/30/2023 8:15,December,3.68,3.65
11/30/2023 8:20,December,4.13,4.1
11/30/2023 8:25,December,4.01,3.98
11/30/2023 8:30,December,3.43,3.41
11/30/2023 8:35,December,3.43,3.41
11/30/2023 8:40,December,4.51,4.47
11/30/2023 8:45,December,3.67,3.64
11/30/2023 8:50,December,4.18,4.15
11/30/2023 8:55,December,4.02,4
11/30/2023 9:00,December,4.02,4
11/30/2023 9:05,December,-10.01,-9.97
11/30/2023 9:10,December,0,0
11/30/2023 9:15,December,4.5,4.48
11/30/2023 9:20,December,3.51,3.5
11/30/2023 9:25,December,4.01,4
11/30/2023 9:30,December,2.33,2.32
11/30/2023 9:35,December,3.42,3.41
11/30/2023 9:40,December,3.45,3.44
11/30/2023 9:45,December,0,0
11/30/2023 9:50,December,2.74,2.74
11/30/2023 9:55,December,2.33,2.32
11/30/2023 10:00,December,3.3,3.29
11/30/2023 10:05,December,0,0
11/30/2023 10:10,December,2.41,2.41
11/30/2023 10:15,December,3.15,3.15
11/30/2023 10:20,December,3.1,3.1
11/30/2023 10:25,December,3.4,3.4
11/30/2023 10:30,December,3.88,3.87
11/30/2023 10:35,December,3.89,3.88
11/30/2023 10:40,December,3.64,3.64
11/30/2023 10:45,December,3.64,3.64
11/30/2023 10:50,December,3.53,3.53
11/30/2023 10:55,December,3.42,3.42
11/30/2023 11:00,December,4.48,4.48
11/30/2023 11:05,December,3.43,3.43
11/30/2023 11:10,December,3.43,3.43
11/30/2023 11:15,December,3.53,3.53
11/30/2023 11:20,December,3.63,3.62
11/30/2023 11:25,December,3.52,3.51
11/30/2023 11:30,December,3.43,3.42
11/30/2023 11:35,December,3.54,3.52
11/30/2023 11:40,December,3.53,3.52
11/30/2023 11:45,December,3.53,3.52
11/30/2023 11:50,December,2.75,2.74
11/30/2023 11:55,December,3.39,3.37
11/30/2023 12:00,December,3.32,3.29
11/30/2023 12:05,December,2.36,2.35
11/30/2023 12:10,December,2.8,2.78
11/30/2023 12:15,December,3.44,3.42
11/30/2023 12:20,December,3.43,3.42
11/30/2023 12:25,December,3.28,3.26
11/30/2023 12:30,December,3.43,3.41
11/30/2023 12:35,December,3.42,3.41
11/30/2023 12:40,December,3.43,3.41
11/30/2023 12:45,December,3.67,3.66
11/30/2023 12:50,December,3.67,3.65
11/30/2023 12:55,December,3.54,3.52
11/30/2023 13:00,December,3.67,3.66
11/30/2023 13:05,December,3.69,3.67
11/30/2023 13:10,December,3.7,3.68
11/30/2023 13:15,December,4.44,4.42
11/30/2023 13:20,December,3.7,3.68
11/30/2023 13:25,December,3.98,3.96
11/30/2023 13:30,December,4.5,4.48
11/30/2023 13:35,December,4.04,4.02
11/30/2023 13:40,December,4.04,4.03
11/30/2023 13:45,December,3.95,3.94
11/30/2023 13:50,December,3.67,3.66
11/30/2023 13:55,December,3.77,3.75
11/30/2023 14:00,December,3.76,3.74
11/30/2023 14:05,December,3.78,3.76
11/30/2023 14:10,December,4.03,4.01
11/30/2023 14:15,December,4.03,4.01
11/30/2023 14:20,December,4.05,4.02
11/30/2023 14:25,December,4.09,4.06
11/30/2023 14:30,December,4.04,4.02
11/30/2023 14:35,December,4.07,4.04
11/30/2023 14:40,December,4.08,4.06
11/30/2023 14:45,December,4.07,4.05
11/30/2023 14:50,December,4.01,3.99
11/30/2023 14:55,December,4.04,4.03
11/30/2023 15:00,December,3.89,3.88
11/30/2023 15:05,December,3.68,3.67
11/30/2023 15:10,December,3.7,3.68
11/30/2023 15:15,December,4.01,3.98
11/30/2023 15:20,December,3.7,3.68
11/30/2023 15:25,December,3.83,3.81
11/30/2023 15:30,December,3.9,3.88
11/30/2023 15:35,December,4.05,4.03
11/30/2023 15:40,December,3.93,3.9
11/30/2023 15:45,December,3.91,3.89
11/30/2023 15:50,December,3.92,3.9
11/30/2023 15:55,December,3.94,3.91
11/30/2023 16:00,December,3.91,3.89
11/30/2023 16:05,December,3.93,3.91
11/30/2023 16:10,December,3.96,3.93
11/30/2023 16:15,December,13.98,13.9
11/30/2023 16:20,December,14.04,13.95
11/30/2023 16:25,December,5.8,5.76
11/30/2023 16:30,December,5.8,5.76
11/30/2023 16:35,December,4.06,4.03
11/30/2023 16:40,December,4.06,4.03
11/30/2023 16:45,December,5.8,5.76
11/30/2023 16:50,December,4.05,4.02
11/30/2023 16:55,December,3.88,3.85
11/30/2023 17:00,December,3.8,3.77
11/30/2023 17:05,December,0,0
11/30/2023 17:10,December,2.76,2.74
11/30/2023 17:15,December,3.48,3.45
11/30/2023 17:20,December,2.83,2.81
11/30/2023 17:25,December,3.72,3.69
11/30/2023 17:30,December,3.7,3.67
11/30/2023 17:35,December,10.74,10.65
11/30/2023 17:40,December,10.74,10.65
11/30/2023 17:45,December,10.72,10.63
11/30/2023 17:50,December,14.19,14.08
11/30/2023 17:55,December,15.96,15.83
11/30/2023 18:00,December,11.79,11.68
11/30/2023 18:05,December,9.22,9.14
11/30/2023 18:10,December,3.76,3.72
11/30/2023 18:15,December,3.73,3.69
11/30/2023 18:20,December,3.75,3.71
11/30/2023 18:25,December,3.49,3.46
11/30/2023 18:30,December,19.81,19.63
11/30/2023 18:35,December,5.81,5.76
11/30/2023 18:40,December,3.78,3.75
11/30/2023 18:45,December,3.81,3.77
11/30/2023 18:50,December,3.79,3.76
11/30/2023 18:55,December,3.75,3.71
11/30/2023 19:00,December,3.48,3.45
11/30/2023 19:05,December,3.73,3.7
11/30/2023 19:10,December,3.71,3.68
11/30/2023 19:15,December,3.74,3.7
11/30/2023 19:20,December,3.71,3.68
11/30/2023 19:25,December,3.54,3.51
11/30/2023 19:30,December,3.65,3.62
11/30/2023 19:35,December,3.69,3.66
11/30/2023 19:40,December,3.7,3.67
11/30/2023 19:45,December,3.69,3.66
11/30/2023 19:50,December,10.76,10.66
11/30/2023 19:55,December,3.7,3.67
11/30/2023 20:00,December,3.7,3.67
11/30/2023 20:05,December,29.74,29.5
11/30/2023 20:10,December,29.58,29.36
11/30/2023 20:15,December,19.52,19.38
11/30/2023 20:20,December,13.73,13.63
11/30/2023 20:25,December,4.18,4.15
11/30/2023 20:30,December,4.47,4.44
11/30/2023 20:35,December,4.18,4.15
11/30/2023 20:40,December,4.18,4.15
11/30/2023 20:45,December,4.19,4.16
11/30/2023 20:50,December,4.88,4.84
11/30/2023 20:55,December,3.81,3.78
11/30/2023 21:00,December,3.66,3.63
11/30/2023 21:05,December,29.55,29.34
11/30/2023 21:10,December,29.39,29.19
11/30/2023 21:15,December,12.05,11.96
11/30/2023 21:20,December,10.77,10.69
11/30/2023 21:25,December,5.8,5.76
11/30/2023 21:30,December,3.67,3.64
11/30/2023 21:35,December,3.67,3.64
11/30/2023 21:40,December,3.82,3.79
11/30/2023 21:45,December,3.61,3.58
11/30/2023 21:50,December,4.18,4.15
11/30/2023 21:55,December,3.58,3.56
11/30/2023 22:00,December,3.57,3.54
11/30/2023 22:05,December,29.55,29.34
11/30/2023 22:10,December,10.8,10.72
11/30/2023 22:15,December,4.1,4.08
11/30/2023 22:20,December,10.78,10.7
11/30/2023 22:25,December,3.63,3.6
11/30/2023 22:30,December,3.63,3.6
11/30/2023 22:35,December,3.67,3.64
11/30/2023 22:40,December,3.48,3.45
11/30/2023 22:45,December,3.47,3.45
11/30/2023 22:50,December,3.41,3.38
11/30/2023 22:55,December,3.47,3.44
11/30/2023 23:00,December,3.21,3.19
11/30/2023 23:05,December,3.59,3.56
11/30/2023 23:10,December,3.47,3.45
11/30/2023 23:15,December,3.42,3.39
11/30/2023 23:20,December,3.48,3.45
11/30/2023 23:25,December,3.21,3.18
11/30/2023 23:30,December,3.47,3.45
11/30/2023 23:35,December,3.48,3.45
11/30/2023 23:40,December,3.48,3.45
11/30/2023 23:45,December,3.63,3.6
11/30/2023 23:50,December,16.43,16.28
11/30/2023 23:55,December,3.75,3.72
12/1/2023 0:00,December,3.61,3.58
12/1/2023 0:05,December,3.74,3.71
12/1/2023 0:10,December,3.61,3.58
12/1/2023 0:15,December,3.59,3.56
12/1/2023 0:20,December,3.01,2.99
12/1/2023 0:25,December,3.23,3.21
12/1/2023 0:30,December,3.49,3.46
12/1/2023 0:35,December,3.49,3.46
12/1/2023 0:40,December,3.36,3.33
12/1/2023 0:45,December,3.5,3.47
12/1/2023 0:50,December,3.09,3.07
12/1/2023 0:55,December,3.09,3.07
12/1/2023 1:00,December,3.32,3.3
12/1/2023 1:05,December,3.52,3.49
12/1/2023 1:10,December,3.38,3.35
12/1/2023 1:15,December,3.37,3.34
12/1/2023 1:20,December,3.5,3.47
12/1/2023 1:25,December,3.47,3.44
12/1/2023 1:30,December,3.11,3.08
12/1/2023 1:35,December,2.81,2.78
12/1/2023 1:40,December,3.34,3.31
12/1/2023 1:45,December,3.35,3.32
12/1/2023 1:50,December,3.12,3.09
12/1/2023 1:55,December,3.09,3.06
12/1/2023 2:00,December,3.11,3.08
12/1/2023 2:05,December,3.09,3.06
12/1/2023 2:10,December,3.28,3.25
12/1/2023 2:15,December,2.96,2.94
12/1/2023 2:20,December,3.09,3.06
12/1/2023 2:25,December,2.96,2.94
12/1/2023 2:30,December,3.09,3.06
12/1/2023 2:35,December,2.69,2.66
12/1/2023 2:40,December,2.81,2.78
12/1/2023 2:45,December,2.68,2.66
12/1/2023 2:50,December,2.81,2.78
12/1/2023 2:55,December,1.53,1.52
12/1/2023 3:00,December,2.68,2.66
12/1/2023 3:05,December,2.68,2.66
12/1/2023 3:10,December,3.07,3.04
12/1/2023 3:15,December,3.06,3.04
12/1/2023 3:20,December,2.95,2.93
12/1/2023 3:25,December,2.95,2.93
12/1/2023 3:30,December,2.68,2.66
12/1/2023 3:35,December,2.55,2.53
12/1/2023 3:40,December,2.8,2.78
12/1/2023 3:45,December,2.55,2.53
12/1/2023 3:50,December,2.8,2.77
12/1/2023 3:55,December,2.8,2.77
12/1/2023 4:00,December,2.68,2.66
12/1/2023 4:05,December,2.95,2.93
12/1/2023 4:10,December,3.29,3.26
12/1/2023 4:15,December,3.1,3.08
12/1/2023 4:20,December,3.1,3.07
12/1/2023 4:25,December,3.4,3.37
12/1/2023 4:30,December,3.28,3.25
12/1/2023 4:35,December,3.27,3.24
12/1/2023 4:40,December,3.22,3.19
12/1/2023 4:45,December,3.3,3.27
12/1/2023 4:50,December,3.29,3.26
12/1/2023 4:55,December,3.29,3.26
12/1/2023 5:00,December,3.22,3.18
12/1/2023 5:05,December,3.4,3.37
12/1/2023 5:10,December,3.57,3.54
12/1/2023 5:15,December,3.4,3.37
12/1/2023 5:20,December,3.4,3.37
12/1/2023 5:25,December,3.41,3.37
12/1/2023 5:30,December,3.35,3.31
12/1/2023 5:35,December,3.33,3.3
12/1/2023 5:40,December,3.47,3.43
12/1/2023 5:45,December,3.41,3.37
12/1/2023 5:50,December,3.4,3.37
12/1/2023 5:55,December,3.4,3.37
12/1/2023 6:00,December,3.42,3.38
12/1/2023 6:05,December,2.94,2.91
12/1/2023 6:10,December,3.61,3.57
12/1/2023 6:15,December,3.55,3.52
12/1/2023 6:20,December,3.47,3.44
12/1/2023 6:25,December,0,0
12/1/2023 6:30,December,2.37,2.35
12/1/2023 6:35,December,2.68,2.66
12/1/2023 6:40,December,2.68,2.66
12/1/2023 6:45,December,2.81,2.78
12/1/2023 6:50,December,3.26,3.23
12/1/2023 6:55,December,3.26,3.24
12/1/2023 7:00,December,3.26,3.24
12/1/2023 7:05,December,0,0
12/1/2023 7:10,December,0,0
12/1/2023 7:15,December,2.42,2.4
12/1/2023 7:20,December,2.88,2.86
12/1/2023 7:25,December,2.8,2.78
12/1/2023 7:30,December,2.93,2.91
12/1/2023 7:35,December,2.9,2.88
12/1/2023 7:40,December,3.31,3.29
12/1/2023 7:45,December,3.3,3.28
12/1/2023 7:50,December,14.07,14.02
12/1/2023 7:55,December,12.06,12.01
12/1/2023 8:00,December,11.83,11.79
12/1/2023 8:05,December,0,0
12/1/2023 8:10,December,2.81,2.79
12/1/2023 8:15,December,2.93,2.91
12/1/2023 8:20,December,4.46,4.43
12/1/2023 8:25,December,3.27,3.24
12/1/2023 8:30,December,3.46,3.43
12/1/2023 8:35,December,3.45,3.43
12/1/2023 8:40,December,3.45,3.43
12/1/2023 8:45,December,3.45,3.43
12/1/2023 8:50,December,3.67,3.65
12/1/2023 8:55,December,3.68,3.66
12/1/2023 9:00,December,3.67,3.65
12/1/2023 9:05,December,2.39,2.39
12/1/2023 9:10,December,2.73,2.73
12/1/2023 9:15,December,2.51,2.5
12/1/2023 9:20,December,2.74,2.74
12/1/2023 9:25,December,3.21,3.21
12/1/2023 9:30,December,3.41,3.41
12/1/2023 9:35,December,3.26,3.26
12/1/2023 9:40,December,3.26,3.26
12/1/2023 9:45,December,4.05,4.05
12/1/2023 9:50,December,3.8,3.81
12/1/2023 9:55,December,3.92,3.93
12/1/2023 10:00,December,3.66,3.66
12/1/2023 10:05,December,0,0
12/1/2023 10:10,December,2.73,2.73
12/1/2023 10:15,December,3.33,3.34
12/1/2023 10:20,December,3.39,3.4
12/1/2023 10:25,December,3.55,3.56
12/1/2023 10:30,December,3.65,3.66
12/1/2023 10:35,December,3.78,3.79
12/1/2023 10:40,December,3.39,3.4
12/1/2023 10:45,December,3.4,3.41
12/1/2023 10:50,December,13.55,13.59
12/1/2023 10:55,December,4.15,4.16
12/1/2023 11:00,December,3.89,3.9
12/1/2023 11:05,December,3.64,3.65
12/1/2023 11:10,December,3.64,3.65
12/1/2023 11:15,December,3.79,3.8
12/1/2023 11:20,December,3.64,3.65
12/1/2023 11:25,December,3.39,3.4
12/1/2023 11:30,December,3.36,3.37
12/1/2023 11:35,December,3.23,3.24
12/1/2023 11:40,December,3.27,3.28
12/1/2023 11:45,December,3.21,3.22
12/1/2023 11:50,December,2.88,2.89
12/1/2023 11:55,December,2.78,2.78
12/1/2023 12:00,December,0,0
12/1/2023 12:05,December,0,0
12/1/2023 12:10,December,2.64,2.65
12/1/2023 12:15,December,3.04,3.05
12/1/2023 12:20,December,3.22,3.23
12/1/2023 12:25,December,3.16,3.17
12/1/2023 12:30,December,2.77,2.78
12/1/2023 12:35,December,2.73,2.73
12/1/2023 12:40,December,2.72,2.73
12/1/2023 12:45,December,2.88,2.89
12/1/2023 12:50,December,3.13,3.14
12/1/2023 12:55,December,3.13,3.14
12/1/2023 13:00,December,3.25,3.26
12/1/2023 13:05,December,3.89,3.9
12/1/2023 13:10,December,3.65,3.66
12/1/2023 13:15,December,6.16,6.18
12/1/2023 13:20,December,3.65,3.66
12/1/2023 13:25,December,3.65,3.66
12/1/2023 13:30,December,3.65,3.66
12/1/2023 13:35,December,3.76,3.78
12/1/2023 13:40,December,3.67,3.68
12/1/2023 13:45,December,6.09,6.12
12/1/2023 13:50,December,3.82,3.83
12/1/2023 13:55,December,3.65,3.66
12/1/2023 14:00,December,3.9,3.91
12/1/2023 14:05,December,3.25,3.26
12/1/2023 14:10,December,3.67,3.68
12/1/2023 14:15,December,4.31,4.32
12/1/2023 14:20,December,9.09,9.11
12/1/2023 14:25,December,4.85,4.86
12/1/2023 14:30,December,6.16,6.17
12/1/2023 14:35,December,3.78,3.79
12/1/2023 14:40,December,12.04,12.07
12/1/2023 14:45,December,16.98,17.04
12/1/2023 14:50,December,4.43,4.44
12/1/2023 14:55,December,4.43,4.44
12/1/2023 15:00,December,3.26,3.26
12/1/2023 15:05,December,4.62,4.63
12/1/2023 15:10,December,3.25,3.26
12/1/2023 15:15,December,3.38,3.38
12/1/2023 15:20,December,3.4,3.4
12/1/2023 15:25,December,17.04,17.05
12/1/2023 15:30,December,4.1,4.1
12/1/2023 15:35,December,3.95,3.95
12/1/2023 15:40,December,3.41,3.41
12/1/2023 15:45,December,3.42,3.42
12/1/2023 15:50,December,3.23,3.22
12/1/2023 15:55,December,3.22,3.21
12/1/2023 16:00,December,3.27,3.26
12/1/2023 16:05,December,6.49,6.48
12/1/2023 16:10,December,3.34,3.34
12/1/2023 16:15,December,3.67,3.66
12/1/2023 16:20,December,3.79,3.78
12/1/2023 16:25,December,3.35,3.34
12/1/2023 16:30,December,3.35,3.34
12/1/2023 16:35,December,3.2,3.19
12/1/2023 16:40,December,3.21,3.19
12/1/2023 16:45,December,3.21,3.2
12/1/2023 16:50,December,3.23,3.22
12/1/2023 16:55,December,3.22,3.21
12/1/2023 17:00,December,2.93,2.92
12/1/2023 17:05,December,0,0
12/1/2023 17:10,December,0,0
12/1/2023 17:15,December,0,0
12/1/2023 17:20,December,3.68,3.66
12/1/2023 17:25,December,4.11,4.09
12/1/2023 17:30,December,6.24,6.21
12/1/2023 17:35,December,3.96,3.94
12/1/2023 17:40,December,4.1,4.08
12/1/2023 17:45,December,4.36,4.34
12/1/2023 17:50,December,3.69,3.67
12/1/2023 17:55,December,3.63,3.61
12/1/2023 18:00,December,3.2,3.18
12/1/2023 18:05,December,3.46,3.44
12/1/2023 18:10,December,3.2,3.18
12/1/2023 18:15,December,3.41,3.39
12/1/2023 18:20,December,3.7,3.67
12/1/2023 18:25,December,3.69,3.67
12/1/2023 18:30,December,3.59,3.57
12/1/2023 18:35,December,3.69,3.66
12/1/2023 18:40,December,3.49,3.47
12/1/2023 18:45,December,3.47,3.45
12/1/2023 18:50,December,3.18,3.15
12/1/2023 18:55,December,3.16,3.13
12/1/2023 19:00,December,0.74,0.73
12/1/2023 19:05,December,2.45,2.43
12/1/2023 19:10,December,2.82,2.8
12/1/2023 19:15,December,3.11,3.09
12/1/2023 19:20,December,3.17,3.15
12/1/2023 19:25,December,3.19,3.16
12/1/2023 19:30,December,3.2,3.18
12/1/2023 19:35,December,3.17,3.15
12/1/2023 19:40,December,2.95,2.92
12/1/2023 19:45,December,2.95,2.93
12/1/2023 19:50,December,2.68,2.66
12/1/2023 19:55,December,0.74,0.73
12/1/2023 20:00,December,2.68,2.66
12/1/2023 20:05,December,33.12,32.88
12/1/2023 20:10,December,10.82,10.75
12/1/2023 20:15,December,19.7,19.58
12/1/2023 20:20,December,3.97,3.95
12/1/2023 20:25,December,3.89,3.87
12/1/2023 20:30,December,3.46,3.44
12/1/2023 20:35,December,3.46,3.44
12/1/2023 20:40,December,3.35,3.33
12/1/2023 20:45,December,3.43,3.41
12/1/2023 20:50,December,3.35,3.33
12/1/2023 20:55,December,3.34,3.32
12/1/2023 21:00,December,3.31,3.3
12/1/2023 21:05,December,12,11.94
12/1/2023 21:10,December,4.46,4.44
12/1/2023 21:15,December,3.98,3.96
12/1/2023 21:20,December,3.98,3.96
12/1/2023 21:25,December,3.81,3.79
12/1/2023 21:30,December,3.27,3.25
12/1/2023 21:35,December,3.48,3.46
12/1/2023 21:40,December,3.4,3.38
12/1/2023 21:45,December,3.28,3.26
12/1/2023 21:50,December,3.24,3.22
12/1/2023 21:55,December,3.23,3.21
12/1/2023 22:00,December,2.95,2.93
12/1/2023 22:05,December,3.58,3.56
12/1/2023 22:10,December,3.48,3.46
12/1/2023 22:15,December,3.48,3.46
12/1/2023 22:20,December,3.48,3.46
12/1/2023 22:25,December,3.4,3.38
12/1/2023 22:30,December,3.28,3.26
12/1/2023 22:35,December,3.28,3.25
12/1/2023 22:40,December,3.26,3.23
12/1/2023 22:45,December,3.22,3.19
12/1/2023 22:50,December,3.25,3.23
12/1/2023 22:55,December,2.69,2.66
12/1/2023 23:00,December,2.82,2.8
12/1/2023 23:05,December,33.28,33.01
12/1/2023 23:10,December,16.5,16.38
12/1/2023 23:15,December,10.82,10.74
12/1/2023 23:20,December,3.69,3.66
12/1/2023 23:25,December,3.69,3.66
12/1/2023 23:30,December,3.49,3.46
12/1/2023 23:35,December,3.48,3.46
12/1/2023 23:40,December,3.28,3.26
12/1/2023 23:45,December,3.27,3.24
12/1/2023 23:50,December,3.25,3.22
12/1/2023 23:55,December,3.24,3.21
12/2/2023 0:00,December,3.06,3.03
12/2/2023 0:05,December,3.18,3.15
12/2/2023 0:10,December,3.26,3.23
12/2/2023 0:15,December,3.46,3.43
12/2/2023 0:20,December,3.47,3.44
12/2/2023 0:25,December,3.47,3.44
12/2/2023 0:30,December,3.24,3.21
12/2/2023 0:35,December,3.46,3.43
12/2/2023 0:40,December,3.18,3.16
12/2/2023 0:45,December,3.33,3.3
12/2/2023 0:50,December,3.28,3.26
12/2/2023 0:55,December,3.17,3.14
12/2/2023 1:00,December,3.27,3.25
12/2/2023 1:05,December,-1.01,-1
12/2/2023 1:10,December,0,0
12/2/2023 1:15,December,0,0
12/2/2023 1:20,December,0,0
12/2/2023 1:25,December,2.26,2.24
12/2/2023 1:30,December,2.68,2.66
12/2/2023 1:35,December,0,0
12/2/2023 1:40,December,2.67,2.65
12/2/2023 1:45,December,2.95,2.93
12/2/2023 1:50,December,2.95,2.93
12/2/2023 1:55,December,2.8,2.78
12/2/2023 2:00,December,2.8,2.78
12/2/2023 2:05,December,0,0
12/2/2023 2:10,December,0,0
12/2/2023 2:15,December,0,0
12/2/2023 2:20,December,2.35,2.33
12/2/2023 2:25,December,3.13,3.11
12/2/2023 2:30,December,2.97,2.95
12/2/2023 2:35,December,2.97,2.95
12/2/2023 2:40,December,2.79,2.77
12/2/2023 2:45,December,2.61,2.59
12/2/2023 2:50,December,2.79,2.77
12/2/2023 2:55,December,2.67,2.65
12/2/2023 3:00,December,1.57,1.56
12/2/2023 3:05,December,14.14,14.05
12/2/2023 3:10,December,3.76,3.74
12/2/2023 3:15,December,3.19,3.17
12/2/2023 3:20,December,3.37,3.34
12/2/2023 3:25,December,3.15,3.13
12/2/2023 3:30,December,3.11,3.09
12/2/2023 3:35,December,2.96,2.94
12/2/2023 3:40,December,2.95,2.93
12/2/2023 3:45,December,2.95,2.93
12/2/2023 3:50,December,2.95,2.93
12/2/2023 3:55,December,2.8,2.78
12/2/2023 4:00,December,0,0
12/2/2023 4:05,December,-9.71,-9.64
12/2/2023 4:10,December,0,0
12/2/2023 4:15,December,0,0
12/2/2023 4:20,December,-0.01,-0.01
12/2/2023 4:25,December,0,0
12/2/2023 4:30,December,2.33,2.32
12/2/2023 4:35,December,2.66,2.65
12/2/2023 4:40,December,3.09,3.07
12/2/2023 4:45,December,2.79,2.77
12/2/2023 4:50,December,2.79,2.77
12/2/2023 4:55,December,2.79,2.77
12/2/2023 5:00,December,2.67,2.65
12/2/2023 5:05,December,2.79,2.77
12/2/2023 5:10,December,2.78,2.77
12/2/2023 5:15,December,2.78,2.77
12/2/2023 5:20,December,2.96,2.94
12/2/2023 5:25,December,2.81,2.79
12/2/2023 5:30,December,2.79,2.77
12/2/2023 5:35,December,2.79,2.77
12/2/2023 5:40,December,0,0
12/2/2023 5:45,December,2.59,2.57
12/2/2023 5:50,December,2.78,2.77
12/2/2023 5:55,December,2.79,2.77
12/2/2023 6:00,December,2.78,2.77
12/2/2023 6:05,December,0,0
12/2/2023 6:10,December,0,0
12/2/2023 6:15,December,2.66,2.65
12/2/2023 6:20,December,2.66,2.65
12/2/2023 6:25,December,2.66,2.65
12/2/2023 6:30,December,2.66,2.65
12/2/2023 6:35,December,2.78,2.76
12/2/2023 6:40,December,2.77,2.76
12/2/2023 6:45,December,2.56,2.55
12/2/2023 6:50,December,2.67,2.65
12/2/2023 6:55,December,2.77,2.75
12/2/2023 7:00,December,2.96,2.94
12/2/2023 7:05,December,0,0
12/2/2023 7:10,December,0,0
12/2/2023 7:15,December,0,0
12/2/2023 7:20,December,2.62,2.6
12/2/2023 7:25,December,2.63,2.62
12/2/2023 7:30,December,2.66,2.65
12/2/2023 7:35,December,2.66,2.65
12/2/2023 7:40,December,2.95,2.93
12/2/2023 7:45,December,2.95,2.94
12/2/2023 7:50,December,3.47,3.46
12/2/2023 7:55,December,3.47,3.45
12/2/2023 8:00,December,3.53,3.52
12/2/2023 8:05,December,0,0
12/2/2023 8:10,December,2.65,2.64
12/2/2023 8:15,December,2.71,2.7
12/2/2023 8:20,December,2.95,2.93
12/2/2023 8:25,December,2.94,2.93
12/2/2023 8:30,December,2.94,2.93
12/2/2023 8:35,December,2.94,2.93
12/2/2023 8:40,December,2.94,2.93
12/2/2023 8:45,December,2.97,2.96
12/2/2023 8:50,December,2.99,2.98
12/2/2023 8:55,December,3.06,3.05
12/2/2023 9:00,December,3.46,3.44
12/2/2023 9:05,December,2.64,2.64
12/2/2023 9:10,December,3.58,3.58
12/2/2023 9:15,December,32.63,32.6
12/2/2023 9:20,December,30.57,30.55
12/2/2023 9:25,December,16.57,16.58
12/2/2023 9:30,December,14.16,14.16
12/2/2023 9:35,December,3.74,3.74
12/2/2023 9:40,December,4.07,4.07
12/2/2023 9:45,December,3.43,3.44
12/2/2023 9:50,December,4.09,4.09
12/2/2023 9:55,December,3.71,3.72
12/2/2023 10:00,December,3.6,3.61
12/2/2023 10:05,December,2.63,2.64
12/2/2023 10:10,December,3.12,3.12
12/2/2023 10:15,December,3.25,3.26
12/2/2023 10:20,December,3.59,3.6
12/2/2023 10:25,December,3.34,3.35
12/2/2023 10:30,December,3.59,3.6
12/2/2023 10:35,December,3.59,3.6
12/2/2023 10:40,December,3.59,3.6
12/2/2023 10:45,December,3.65,3.67
12/2/2023 10:50,December,3.59,3.6
12/2/2023 10:55,December,3.58,3.6
12/2/2023 11:00,December,3.43,3.45
12/2/2023 11:05,December,2.87,2.88
12/2/2023 11:10,December,3.19,3.2
12/2/2023 11:15,December,2.86,2.88
12/2/2023 11:20,December,3.08,3.1
12/2/2023 11:25,December,3.58,3.59
12/2/2023 11:30,December,2.77,2.78
12/2/2023 11:35,December,2.77,2.78
12/2/2023 11:40,December,3,3.01
12/2/2023 11:45,December,2.75,2.76
12/2/2023 11:50,December,2.77,2.78
12/2/2023 11:55,December,2.63,2.65
12/2/2023 12:00,December,2.75,2.75
12/2/2023 12:05,December,2.75,2.75
12/2/2023 12:10,December,2.11,2.23
12/2/2023 12:15,December,2.61,2.63
12/2/2023 12:20,December,2.63,2.65
12/2/2023 12:25,December,2.63,2.65
12/2/2023 12:30,December,3.07,3.09
12/2/2023 12:35,December,2.85,2.87
12/2/2023 12:40,December,3.48,3.49
12/2/2023 12:45,December,3.19,3.2
12/2/2023 12:50,December,3.06,3.08
12/2/2023 12:55,December,3.17,3.19
12/2/2023 13:00,December,3.17,3.19
12/2/2023 13:05,December,3.16,3.17
12/2/2023 13:10,December,3.66,3.68
12/2/2023 13:15,December,5.97,6
12/2/2023 13:20,December,3.57,3.58
12/2/2023 13:25,December,3.19,3.2
12/2/2023 13:30,December,3.41,3.43
12/2/2023 13:35,December,3.63,3.64
12/2/2023 13:40,December,3.58,3.59
12/2/2023 13:45,December,3.72,3.73
12/2/2023 13:50,December,3.62,3.63
12/2/2023 13:55,December,3.64,3.65
12/2/2023 14:00,December,3.58,3.6
12/2/2023 14:05,December,3.59,3.6
12/2/2023 14:10,December,3.62,3.64
12/2/2023 14:15,December,3.59,3.6
12/2/2023 14:20,December,3.6,3.61
12/2/2023 14:25,December,3.55,3.56
12/2/2023 14:30,December,3.59,3.6
12/2/2023 14:35,December,3.55,3.56
12/2/2023 14:40,December,3.64,3.65
12/2/2023 14:45,December,3.61,3.62
12/2/2023 14:50,December,3.52,3.53
12/2/2023 14:55,December,3.44,3.45
12/2/2023 15:00,December,3.48,3.48
12/2/2023 15:05,December,2.93,2.94
12/2/2023 15:10,December,3.39,3.39
12/2/2023 15:15,December,3.41,3.42
12/2/2023 15:20,December,3,3
12/2/2023 15:25,December,3.61,3.62
12/2/2023 15:30,December,3.54,3.55
12/2/2023 15:35,December,3.62,3.62
12/2/2023 15:40,December,3.62,3.62
12/2/2023 15:45,December,3.62,3.62
12/2/2023 15:50,December,3.7,3.7
12/2/2023 15:55,December,3.74,3.74
12/2/2023 16:00,December,2.92,2.92
12/2/2023 16:05,December,2.93,2.92
12/2/2023 16:10,December,2.93,2.93
12/2/2023 16:15,December,2.9,2.89
12/2/2023 16:20,December,2.93,2.92
12/2/2023 16:25,December,3.25,3.24
12/2/2023 16:30,December,3.4,3.4
12/2/2023 16:35,December,3.17,2.86
12/2/2023 16:40,December,3.55,3.54
12/2/2023 16:45,December,3.46,3.45
12/2/2023 16:50,December,3.36,3.35
12/2/2023 16:55,December,2.92,2.92
12/2/2023 17:00,December,3.01,3
12/2/2023 17:05,December,2.79,2.78
12/2/2023 17:10,December,0.73,0.73
12/2/2023 17:15,December,2.86,2.85
12/2/2023 17:20,December,2.9,2.89
12/2/2023 17:25,December,2.89,2.88
12/2/2023 17:30,December,3.72,3.71
12/2/2023 17:35,December,12.04,12
12/2/2023 17:40,December,16.8,16.75
12/2/2023 17:45,December,12.09,12.05
12/2/2023 17:50,December,10.82,10.78
12/2/2023 17:55,December,10.81,10.78
12/2/2023 18:00,December,3.94,3.93
12/2/2023 18:05,December,19.91,19.84
12/2/2023 18:10,December,10.79,10.75
12/2/2023 18:15,December,14.1,14.04
12/2/2023 18:20,December,3.96,3.94
12/2/2023 18:25,December,3.96,3.94
12/2/2023 18:30,December,2.89,2.88
12/2/2023 18:35,December,3.71,3.69
12/2/2023 18:40,December,3.71,3.69
12/2/2023 18:45,December,3.76,3.74
12/2/2023 18:50,December,3.45,3.43
12/2/2023 18:55,December,3.57,3.55
12/2/2023 19:00,December,3.64,3.63
12/2/2023 19:05,December,3.02,3.01
12/2/2023 19:10,December,2.99,2.98
12/2/2023 19:15,December,2.99,2.98
12/2/2023 19:20,December,3.64,3.62
12/2/2023 19:25,December,3.63,3.62
12/2/2023 19:30,December,2.99,2.98
12/2/2023 19:35,December,3.02,3.01
12/2/2023 19:40,December,3.45,3.44
12/2/2023 19:45,December,2.99,2.98
12/2/2023 19:50,December,3.55,3.54
12/2/2023 19:55,December,3.63,3.62
12/2/2023 20:00,December,3.63,3.62
12/2/2023 20:05,December,19.84,19.78
12/2/2023 20:10,December,3.77,3.76
12/2/2023 20:15,December,10.86,10.83
12/2/2023 20:20,December,3.67,3.66
12/2/2023 20:25,December,3.83,3.82
12/2/2023 20:30,December,3.67,3.66
12/2/2023 20:35,December,3.68,3.67
12/2/2023 20:40,December,3.64,3.62
12/2/2023 20:45,December,3.63,3.62
12/2/2023 20:50,December,3.63,3.62
12/2/2023 20:55,December,3.64,3.62
12/2/2023 21:00,December,3.05,2.84
12/2/2023 21:05,December,20.34,20.34
12/2/2023 21:10,December,10.99,10.99
12/2/2023 21:15,December,9.36,9.36
12/2/2023 21:20,December,4.02,4.02
12/2/2023 21:25,December,4.02,4.02
12/2/2023 21:30,December,8.97,8.95
12/2/2023 21:35,December,3.97,3.96
12/2/2023 21:40,December,3.97,3.96
12/2/2023 21:45,December,3.68,3.67
12/2/2023 21:50,December,3.68,3.67
12/2/2023 21:55,December,3.68,3.67
12/2/2023 22:00,December,3.33,3.32
12/2/2023 22:05,December,3.65,3.64
12/2/2023 22:10,December,3.64,3.63
12/2/2023 22:15,December,3.36,3.36
12/2/2023 22:20,December,3.36,3.36
12/2/2023 22:25,December,3.37,3.36
12/2/2023 22:30,December,3.34,3.33
12/2/2023 22:35,December,3.29,3.28
12/2/2023 22:40,December,3.29,3.28
12/2/2023 22:45,December,3,3
12/2/2023 22:50,December,3,2.99
12/2/2023 22:55,December,2.98,2.97
12/2/2023 23:00,December,2.93,2.92
12/2/2023 23:05,December,3.35,3.34
12/2/2023 23:10,December,3.36,3.35
12/2/2023 23:15,December,3.34,3.33
12/2/2023 23:20,December,2.79,2.78
12/2/2023 23:25,December,2.94,2.93
12/2/2023 23:30,December,2.79,2.78
12/2/2023 23:35,December,3,2.99
12/2/2023 23:40,December,2.79,2.78
12/2/2023 23:45,December,2.79,2.78
12/2/2023 23:50,December,0,0
12/2/2023 23:55,December,2.57,2.56
12/3/2023 0:00,December,2.78,2.77
12/3/2023 0:05,December,3.01,3
12/3/2023 0:10,December,2.78,2.77
12/3/2023 0:15,December,3.1,3.09
12/3/2023 0:20,December,2.78,2.77
12/3/2023 0:25,December,2.82,2.81
12/3/2023 0:30,December,2.94,2.93
12/3/2023 0:35,December,3.43,3.42
12/3/2023 0:40,December,2.94,2.93
12/3/2023 0:45,December,3.14,3.13
12/3/2023 0:50,December,2.82,2.81
12/3/2023 0:55,December,2.66,2.65
12/3/2023 1:00,December,2.78,2.77
12/3/2023 1:05,December,3.25,3.23
12/3/2023 1:10,December,3.29,3.28
12/3/2023 1:15,December,3.22,3.2
12/3/2023 1:20,December,2.94,2.93
12/3/2023 1:25,December,2.95,2.93
12/3/2023 1:30,December,2.95,2.93
12/3/2023 1:35,December,3.29,3.27
12/3/2023 1:40,December,2.94,2.93
12/3/2023 1:45,December,2.95,2.93
12/3/2023 1:50,December,2.95,2.93
12/3/2023 1:55,December,3.44,3.43
12/3/2023 2:00,December,3.01,2.99
12/3/2023 2:05,December,3.47,3.45
12/3/2023 2:10,December,3.49,3.47
12/3/2023 2:15,December,3.5,3.48
12/3/2023 2:20,December,3.49,3.48
12/3/2023 2:25,December,3.51,3.49
12/3/2023 2:30,December,3.47,3.46
12/3/2023 2:35,December,3.5,3.48
12/3/2023 2:40,December,3.46,3.44
12/3/2023 2:45,December,3.41,3.4
12/3/2023 2:50,December,3.44,3.43
12/3/2023 2:55,December,3.37,3.35
12/3/2023 3:00,December,3.36,3.35
12/3/2023 3:05,December,3.46,3.45
12/3/2023 3:10,December,3.5,3.49
12/3/2023 3:15,December,3.49,3.48
12/3/2023 3:20,December,3.49,3.48
12/3/2023 3:25,December,3.49,3.48
12/3/2023 3:30,December,3.5,3.49
12/3/2023 3:35,December,3.49,3.49
12/3/2023 3:40,December,3.45,3.44
12/3/2023 3:45,December,3.17,3.16
12/3/2023 3:50,December,0,0
12/3/2023 3:55,December,0,0
12/3/2023 4:00,December,0,0
12/3/2023 4:05,December,0,0
12/3/2023 4:10,December,2.5,2.49
12/3/2023 4:15,December,1.87,1.86
12/3/2023 4:20,December,2.08,2.07
12/3/2023 4:25,December,0,0
12/3/2023 4:30,December,2.48,2.48
12/3/2023 4:35,December,0,0
12/3/2023 4:40,December,2.48,2.47
12/3/2023 4:45,December,0,0
12/3/2023 4:50,December,0,0
12/3/2023 4:55,December,0,0
12/3/2023 5:00,December,2.07,2.06
12/3/2023 5:05,December,2.08,2.07
12/3/2023 5:10,December,2.97,2.95
12/3/2023 5:15,December,3.05,3.03
12/3/2023 5:20,December,3.45,3.43
12/3/2023 5:25,December,3.13,3.11
12/3/2023 5:30,December,3,2.99
12/3/2023 5:35,December,3.44,3.43
12/3/2023 5:40,December,3.13,3.12
12/3/2023 5:45,December,3.43,3.42
12/3/2023 5:50,December,3.45,3.44
12/3/2023 5:55,December,3.48,3.46
12/3/2023 6:00,December,3.48,3.47
12/3/2023 6:05,December,15.12,15.08
12/3/2023 6:10,December,5.83,5.82
12/3/2023 6:15,December,3.51,3.5
12/3/2023 6:20,December,3.71,3.7
12/3/2023 6:25,December,3.45,3.44
12/3/2023 6:30,December,3.43,3.43
12/3/2023 6:35,December,2.77,2.76
12/3/2023 6:40,December,2.77,2.76
12/3/2023 6:45,December,2.65,2.65
12/3/2023 6:50,December,2.76,2.76
12/3/2023 6:55,December,2.64,2.64
12/3/2023 7:00,December,2.65,2.65
12/3/2023 7:05,December,0,0
12/3/2023 7:10,December,0,0
12/3/2023 7:15,December,0,0
12/3/2023 7:20,December,0,0
12/3/2023 7:25,December,0,0
12/3/2023 7:30,December,2.63,2.64
12/3/2023 7:35,December,0,0
12/3/2023 7:40,December,2.62,2.64
12/3/2023 7:45,December,2.75,2.77
12/3/2023 7:50,December,2.75,2.77
12/3/2023 7:55,December,2.75,2.77
12/3/2023 8:00,December,0,0
12/3/2023 8:05,December,0,0
12/3/2023 8:10,December,0,0
12/3/2023 8:15,December,2.9,2.91
12/3/2023 8:20,December,2.9,2.91
12/3/2023 8:25,December,2.9,2.91
12/3/2023 8:30,December,0,0
12/3/2023 8:35,December,0,0
12/3/2023 8:40,December,0,0
12/3/2023 8:45,December,0,0
12/3/2023 8:50,December,0,0
12/3/2023 8:55,December,0,0
12/3/2023 9:00,December,0,0
12/3/2023 9:05,December,0,0
12/3/2023 9:10,December,0,0
12/3/2023 9:15,December,0,0
12/3/2023 9:20,December,0,0
12/3/2023 9:25,December,0,0
12/3/2023 9:30,December,0,0
12/3/2023 9:35,December,2.86,2.89
12/3/2023 9:40,December,3.38,3.42
12/3/2023 9:45,December,2.98,3.02
12/3/2023 9:50,December,2.98,3.02
12/3/2023 9:55,December,3.38,3.42
12/3/2023 10:00,December,3.46,3.5
12/3/2023 10:05,December,3.49,3.53
12/3/2023 10:10,December,3.44,3.48
12/3/2023 10:15,December,3.47,3.51
12/3/2023 10:20,December,2.6,2.63
12/3/2023 10:25,December,3,3.03
12/3/2023 10:30,December,3.36,3.4
12/3/2023 10:35,December,3.36,3.4
12/3/2023 10:40,December,2.77,2.8
12/3/2023 10:45,December,2.97,3
12/3/2023 10:50,December,3.36,3.4
12/3/2023 10:55,December,3.06,3.09
12/3/2023 11:00,December,2.96,3
12/3/2023 11:05,December,2.96,2.99
12/3/2023 11:10,December,3.44,3.48
12/3/2023 11:15,December,3.42,3.47
12/3/2023 11:20,December,3.46,3.5
12/3/2023 11:25,December,3.43,3.47
12/3/2023 11:30,December,3.47,3.51
12/3/2023 11:35,December,3.43,3.47
12/3/2023 11:40,December,3.44,3.49
12/3/2023 11:45,December,3.45,3.5
12/3/2023 11:50,December,3.58,3.63
12/3/2023 11:55,December,3.59,3.63
12/3/2023 12:00,December,3.49,3.54
12/3/2023 12:05,December,0,0
12/3/2023 12:10,December,2.55,2.58
12/3/2023 12:15,December,0,0
12/3/2023 12:20,December,0,0
12/3/2023 12:25,December,2.56,2.59
12/3/2023 12:30,December,2.95,2.99
12/3/2023 12:35,December,2.95,2.99
12/3/2023 12:40,December,2.83,2.87
12/3/2023 12:45,December,2.83,2.87
12/3/2023 12:50,December,2.78,2.82
12/3/2023 12:55,December,2.83,2.87
12/3/2023 13:00,December,2.96,2.99
12/3/2023 13:05,December,0,0
12/3/2023 13:10,December,0,0
12/3/2023 13:15,December,0,0
12/3/2023 13:20,December,0,0
12/3/2023 13:25,December,0,0
12/3/2023 13:30,December,0,0
12/3/2023 13:35,December,0,0
12/3/2023 13:40,December,-0.98,-0.99
12/3/2023 13:45,December,0,0
12/3/2023 13:50,December,2.61,2.63
12/3/2023 13:55,December,2.61,2.63
12/3/2023 14:00,December,2.62,2.64
12/3/2023 14:05,December,-0.98,-0.99
12/3/2023 14:10,December,2.76,2.79
12/3/2023 14:15,December,2.86,2.88
12/3/2023 14:20,December,2.86,2.88
12/3/2023 14:25,December,3.44,3.47
12/3/2023 14:30,December,3.48,3.51
12/3/2023 14:35,December,3.48,3.51
12/3/2023 14:40,December,3.64,3.67
12/3/2023 14:45,December,3.37,3.39
12/3/2023 14:50,December,2.98,3
12/3/2023 14:55,December,3.26,3.28
12/3/2023 15:00,December,0,0
12/3/2023 15:05,December,3.61,3.63
12/3/2023 15:10,December,30.89,31.13
12/3/2023 15:15,December,10.78,10.86
12/3/2023 15:20,December,4.14,4.17
12/3/2023 15:25,December,4.06,4.09
12/3/2023 15:30,December,4.12,4.14
12/3/2023 15:35,December,4.06,4.08
12/3/2023 15:40,December,3.99,4.02
12/3/2023 15:45,December,4,4.02
12/3/2023 15:50,December,4,4.02
12/3/2023 15:55,December,4,4.02
12/3/2023 16:00,December,4.06,4.07
12/3/2023 16:05,December,0,0
12/3/2023 16:10,December,0,0
12/3/2023 16:15,December,2.98,2.99
12/3/2023 16:20,December,3.17,3.18
12/3/2023 16:25,December,3,3
12/3/2023 16:30,December,3.15,3.16
12/3/2023 16:35,December,3.49,3.49
12/3/2023 16:40,December,3.56,3.56
12/3/2023 16:45,December,3.52,3.52
12/3/2023 16:50,December,3.51,3.52
12/3/2023 16:55,December,3.52,3.52
12/3/2023 17:00,December,3.37,3.38
12/3/2023 17:05,December,2.89,2.9
12/3/2023 17:10,December,2.89,2.9
12/3/2023 17:15,December,3.02,3.03
12/3/2023 17:20,December,4.04,4.05
12/3/2023 17:25,December,12,12.02
12/3/2023 17:30,December,14.67,14.7
12/3/2023 17:35,December,14.06,14.09
12/3/2023 17:40,December,16.91,16.95
12/3/2023 17:45,December,16.86,16.9
12/3/2023 17:50,December,14.46,14.51
12/3/2023 17:55,December,12.15,12.17
12/3/2023 18:00,December,10.85,10.86
12/3/2023 18:05,December,5.75,5.76
12/3/2023 18:10,December,10.73,10.73
12/3/2023 18:15,December,5.76,5.76
12/3/2023 18:20,December,4.06,4.06
12/3/2023 18:25,December,4.06,4.06
12/3/2023 18:30,December,4.04,4.04
12/3/2023 18:35,December,3.97,3.95
12/3/2023 18:40,December,3.95,3.93
12/3/2023 18:45,December,3.95,3.93
12/3/2023 18:50,December,4.01,4
12/3/2023 18:55,December,4.01,4
12/3/2023 19:00,December,3.97,3.96
12/3/2023 19:05,December,3.97,3.96
12/3/2023 19:10,December,4.07,4.05
12/3/2023 19:15,December,4.03,4.02
12/3/2023 19:20,December,4,3.98
12/3/2023 19:25,December,3.96,3.94
12/3/2023 19:30,December,4.14,4.13
12/3/2023 19:35,December,4.14,4.12
12/3/2023 19:40,December,4.12,4.11
12/3/2023 19:45,December,4.14,4.13
12/3/2023 19:50,December,4.13,4.12
12/3/2023 19:55,December,4.15,4.14
12/3/2023 20:00,December,4.11,4.1
12/3/2023 20:05,December,4.05,4.03
12/3/2023 20:10,December,4.12,4.1
12/3/2023 20:15,December,4.09,4.08
12/3/2023 20:20,December,4.11,4.09
12/3/2023 20:25,December,4.09,4.07
12/3/2023 20:30,December,4.12,4.11
12/3/2023 20:35,December,4.12,4.11
12/3/2023 20:40,December,4.13,4.12
12/3/2023 20:45,December,4.17,4.16
12/3/2023 20:50,December,4.11,4.09
12/3/2023 20:55,December,4.06,4.05
12/3/2023 21:00,December,4.05,4.04
12/3/2023 21:05,December,5.81,5.78
12/3/2023 21:10,December,4.37,4.35
12/3/2023 21:15,December,4.36,4.34
12/3/2023 21:20,December,3.69,3.67
12/3/2023 21:25,December,3.85,3.83
12/3/2023 21:30,December,3.69,3.67
12/3/2023 21:35,December,3.46,3.44
12/3/2023 21:40,December,3.84,3.83
12/3/2023 21:45,December,3.96,3.94
12/3/2023 21:50,December,3.17,3.16
12/3/2023 21:55,December,3.14,3.12
12/3/2023 22:00,December,3.3,3.29
12/3/2023 22:05,December,3.68,3.66
12/3/2023 22:10,December,3.74,3.72
12/3/2023 22:15,December,3.64,3.62
12/3/2023 22:20,December,3.64,3.62
12/3/2023 22:25,December,3.64,3.62
12/3/2023 22:30,December,3.36,3.33
12/3/2023 22:35,December,3.59,3.56
12/3/2023 22:40,December,3.63,3.61
12/3/2023 22:45,December,3.33,3.31
12/3/2023 22:50,December,3.03,3.01
12/3/2023 22:55,December,3.32,3.3
12/3/2023 23:00,December,3.23,3.21
12/3/2023 23:05,December,3.33,3.3
12/3/2023 23:10,December,2.9,2.88
12/3/2023 23:15,December,0,0
12/3/2023 23:20,December,0,0
12/3/2023 23:25,December,0,0
12/3/2023 23:30,December,2.67,2.66
12/3/2023 23:35,December,2.67,2.66
12/3/2023 23:40,December,0,0
12/3/2023 23:45,December,2.52,2.5
12/3/2023 23:50,December,0,0
12/3/2023 23:55,December,2.51,2.49
12/4/2023 0:00,December,2.52,2.5
12/4/2023 0:05,December,0,0
12/4/2023 0:10,December,-0.01,-0.01
12/4/2023 0:15,December,1.52,1.51
12/4/2023 0:20,December,2.51,2.5
12/4/2023 0:25,December,2.5,2.49
12/4/2023 0:30,December,2.66,2.65
12/4/2023 0:35,December,2.66,2.65
12/4/2023 0:40,December,2.79,2.77
12/4/2023 0:45,December,2.79,2.77
12/4/2023 0:50,December,2.79,2.77
12/4/2023 0:55,December,2.79,2.77
12/4/2023 1:00,December,2.67,2.65
12/4/2023 1:05,December,2.67,2.65
12/4/2023 1:10,December,2.67,2.65
12/4/2023 1:15,December,2.67,2.65
12/4/2023 1:20,December,2.59,2.57
12/4/2023 1:25,December,2.58,2.56
12/4/2023 1:30,December,2.48,2.46
12/4/2023 1:35,December,2.54,2.52
12/4/2023 1:40,December,0,0
12/4/2023 1:45,December,0,0
12/4/2023 1:50,December,0,0
12/4/2023 1:55,December,0,0
12/4/2023 2:00,December,0,0
12/4/2023 2:05,December,0.51,0.51
12/4/2023 2:10,December,0,0
12/4/2023 2:15,December,0,0
12/4/2023 2:20,December,-0.01,-0.01
12/4/2023 2:25,December,-0.01,-0.01
12/4/2023 2:30,December,-0.01,-0.01
12/4/2023 2:35,December,-0.15,-0.15
12/4/2023 2:40,December,-0.01,-0.01
12/4/2023 2:45,December,0,0
12/4/2023 2:50,December,-0.01,-0.01
12/4/2023 2:55,December,-0.01,-0.01
12/4/2023 3:00,December,0,0
12/4/2023 3:05,December,0,0
12/4/2023 3:10,December,0,0
12/4/2023 3:15,December,0,0
12/4/2023 3:20,December,0,0
12/4/2023 3:25,December,0,0
12/4/2023 3:30,December,0,0
12/4/2023 3:35,December,0,0
12/4/2023 3:40,December,0,0
12/4/2023 3:45,December,-0.01,-0.01
12/4/2023 3:50,December,0,0
12/4/2023 3:55,December,0,0
12/4/2023 4:00,December,0,0
12/4/2023 4:05,December,0,0
12/4/2023 4:10,December,0,0
12/4/2023 4:15,December,0,0
12/4/2023 4:20,December,0,0
12/4/2023 4:25,December,1.85,1.84
12/4/2023 4:30,December,0,0
12/4/2023 4:35,December,2.55,2.53
12/4/2023 4:40,December,2.54,2.53
12/4/2023 4:45,December,2.32,2.31
12/4/2023 4:50,December,2.55,2.53
12/4/2023 4:55,December,3.2,3.18
12/4/2023 5:00,December,2.97,2.95
12/4/2023 5:05,December,5.8,5.77
12/4/2023 5:10,December,3.76,3.74
12/4/2023 5:15,December,3.5,3.48
12/4/2023 5:20,December,3.5,3.47
12/4/2023 5:25,December,3.3,3.28
12/4/2023 5:30,December,3.3,3.27
12/4/2023 5:35,December,3.5,3.47
12/4/2023 5:40,December,3.48,3.45
12/4/2023 5:45,December,3.75,3.72
12/4/2023 5:50,December,3.49,3.47
12/4/2023 5:55,December,3.17,3.15
12/4/2023 6:00,December,3.64,3.61
12/4/2023 6:05,December,3.49,3.46
12/4/2023 6:10,December,3.5,3.47
12/4/2023 6:15,December,3.14,3.11
12/4/2023 6:20,December,3.53,3.51
12/4/2023 6:25,December,2.81,2.79
12/4/2023 6:30,December,2.66,2.64
12/4/2023 6:35,December,2.49,2.47
12/4/2023 6:40,December,2.57,2.55
12/4/2023 6:45,December,2.66,2.64
12/4/2023 6:50,December,2.37,2.36
12/4/2023 6:55,December,2.8,2.78
12/4/2023 7:00,December,2.8,2.78
12/4/2023 7:05,December,2.8,2.78
12/4/2023 7:10,December,2.66,2.64
12/4/2023 7:15,December,2.66,2.64
12/4/2023 7:20,December,2.79,2.78
12/4/2023 7:25,December,2.79,2.78
12/4/2023 7:30,December,3.45,3.44
12/4/2023 7:35,December,3.16,3.15
12/4/2023 7:40,December,3.21,3.2
12/4/2023 7:45,December,3.18,3.17
12/4/2023 7:50,December,3.17,3.16
12/4/2023 7:55,December,3.43,3.42
12/4/2023 8:00,December,3.44,3.43
12/4/2023 8:05,December,3.07,3.05
12/4/2023 8:10,December,3.49,3.47
12/4/2023 8:15,December,3.45,3.43
12/4/2023 8:20,December,3.44,3.42
12/4/2023 8:25,December,2.17,2.16
12/4/2023 8:30,December,3.17,3.16
12/4/2023 8:35,December,3.03,3.02
12/4/2023 8:40,December,3.05,3.04
12/4/2023 8:45,December,3.03,3.02
12/4/2023 8:50,December,3.43,3.41
12/4/2023 8:55,December,3.41,3.4
12/4/2023 9:00,December,3.42,3.41
12/4/2023 9:05,December,0,0
12/4/2023 9:10,December,2.24,2.24
12/4/2023 9:15,December,2.88,2.88
12/4/2023 9:20,December,3,3
12/4/2023 9:25,December,3.3,3.29
12/4/2023 9:30,December,3.1,3.09
12/4/2023 9:35,December,3.17,3.16
12/4/2023 9:40,December,3.35,3.35
12/4/2023 9:45,December,3.21,3.21
12/4/2023 9:50,December,5.79,5.79
12/4/2023 9:55,December,3.65,3.65
12/4/2023 10:00,December,3.65,3.65
12/4/2023 10:05,December,3.39,3.39
12/4/2023 10:10,December,3.37,3.37
12/4/2023 10:15,December,3.39,3.4
12/4/2023 10:20,December,4.47,4.47
12/4/2023 10:25,December,3.54,3.54
12/4/2023 10:30,December,3.99,3.99
12/4/2023 10:35,December,3.99,4
12/4/2023 10:40,December,3.53,3.54
12/4/2023 10:45,December,3.53,3.54
12/4/2023 10:50,December,3.39,3.4
12/4/2023 10:55,December,3.36,3.37
12/4/2023 11:00,December,3.24,3.24
12/4/2023 11:05,December,2.53,2.53
12/4/2023 11:10,December,3.48,3.48
12/4/2023 11:15,December,3.4,3.4
12/4/2023 11:20,December,3.41,3.4
12/4/2023 11:25,December,3.41,3.4
12/4/2023 11:30,December,3,3
12/4/2023 11:35,December,3.46,3.45
12/4/2023 11:40,December,3.41,3.4
12/4/2023 11:45,December,3.46,3.46
12/4/2023 11:50,December,3.31,3.31
12/4/2023 11:55,December,0,0
12/4/2023 12:00,December,0,0
12/4/2023 12:05,December,0,0
12/4/2023 12:10,December,3.01,3
12/4/2023 12:15,December,2.89,2.88
12/4/2023 12:20,December,3.01,3
12/4/2023 12:25,December,2.98,2.97
12/4/2023 12:30,December,3.01,3
12/4/2023 12:35,December,3,3
12/4/2023 12:40,December,3.34,3.33
12/4/2023 12:45,December,3.22,3.22
12/4/2023 12:50,December,3.23,3.23
12/4/2023 12:55,December,3.42,3.42
12/4/2023 13:00,December,3.45,3.45
12/4/2023 13:05,December,5.72,5.72
12/4/2023 13:10,December,5.76,5.76
12/4/2023 13:15,December,5.77,5.78
12/4/2023 13:20,December,5.71,5.72
12/4/2023 13:25,December,3.67,3.67
12/4/2023 13:30,December,3.7,3.7
12/4/2023 13:35,December,3.41,3.42
12/4/2023 13:40,December,3.44,3.44
12/4/2023 13:45,December,3.41,3.42
12/4/2023 13:50,December,3.44,3.45
12/4/2023 13:55,December,3.7,3.71
12/4/2023 14:00,December,3.66,3.67
12/4/2023 14:05,December,3.55,3.56
12/4/2023 14:10,December,4.02,4.03
12/4/2023 14:15,December,3.87,3.88
12/4/2023 14:20,December,3.95,3.96
12/4/2023 14:25,December,3.85,3.86
12/4/2023 14:30,December,5.7,5.71
12/4/2023 14:35,December,4.03,4.04
12/4/2023 14:40,December,4.03,4.04
12/4/2023 14:45,December,4.03,4.04
12/4/2023 14:50,December,4.03,4.03
12/4/2023 14:55,December,4.03,4.03
12/4/2023 15:00,December,3.71,3.71
12/4/2023 15:05,December,3.68,3.68
12/4/2023 15:10,December,3.75,3.75
12/4/2023 15:15,December,4.04,4.04
12/4/2023 15:20,December,4.29,4.29
12/4/2023 15:25,December,5.7,5.7
12/4/2023 15:30,December,5.75,5.74
12/4/2023 15:35,December,11.78,11.76
12/4/2023 15:40,December,13.77,13.77
12/4/2023 15:45,December,13.01,13.01
12/4/2023 15:50,December,11.81,11.81
12/4/2023 15:55,December,10.57,10.57
12/4/2023 16:00,December,10.6,10.59
12/4/2023 16:05,December,10.59,10.57
12/4/2023 16:10,December,19.94,19.9
12/4/2023 16:15,December,13.87,13.84
12/4/2023 16:20,December,12.03,12.01
12/4/2023 16:25,December,11.92,11.9
12/4/2023 16:30,December,11.92,11.9
12/4/2023 16:35,December,10.63,10.61
12/4/2023 16:40,December,10.64,10.62
12/4/2023 16:45,December,5.85,5.84
12/4/2023 16:50,December,5.85,5.84
12/4/2023 16:55,December,5.75,5.74
12/4/2023 17:00,December,3.72,3.71
12/4/2023 17:05,December,0,0
12/4/2023 17:10,December,0.73,0.73
12/4/2023 17:15,December,2.94,2.93
12/4/2023 17:20,December,4.22,4.2
12/4/2023 17:25,December,4.48,4.46
12/4/2023 17:30,December,5.72,5.7
12/4/2023 17:35,December,5.76,5.73
12/4/2023 17:40,December,13.73,13.67
12/4/2023 17:45,December,14.77,14.72
12/4/2023 17:50,December,13.8,13.74
12/4/2023 17:55,December,13.8,13.75
12/4/2023 18:00,December,10.58,10.53
12/4/2023 18:05,December,5.74,5.72
12/4/2023 18:10,December,5.74,5.71
12/4/2023 18:15,December,10.5,10.44
12/4/2023 18:20,December,5.71,5.68
12/4/2023 18:25,December,5.67,5.64
12/4/2023 18:30,December,4.9,4.87
12/4/2023 18:35,December,4.9,4.87
12/4/2023 18:40,December,3.72,3.7
12/4/2023 18:45,December,4.9,4.87
12/4/2023 18:50,December,3.68,3.66
12/4/2023 18:55,December,3.66,3.64
12/4/2023 19:00,December,4.29,4.26
12/4/2023 19:05,December,4.29,4.26
12/4/2023 19:10,December,3.58,3.56
12/4/2023 19:15,December,3.87,3.84
12/4/2023 19:20,December,3.8,3.77
12/4/2023 19:25,December,3.76,3.74
12/4/2023 19:30,December,3.78,3.76
12/4/2023 19:35,December,4.33,4.3
12/4/2023 19:40,December,4.5,4.47
12/4/2023 19:45,December,4.39,4.36
12/4/2023 19:50,December,4.39,4.36
12/4/2023 19:55,December,4.39,4.36
12/4/2023 20:00,December,3.65,3.63
12/4/2023 20:05,December,4.86,4.83
12/4/2023 20:10,December,4.44,4.42
12/4/2023 20:15,December,2.82,2.8
12/4/2023 20:20,December,2.95,2.93
12/4/2023 20:25,December,3.71,3.69
12/4/2023 20:30,December,4.12,4.1
12/4/2023 20:35,December,2.95,2.93
12/4/2023 20:40,December,3.55,3.53
12/4/2023 20:45,December,4.39,4.37
12/4/2023 20:50,December,4.13,4.1
12/4/2023 20:55,December,4.39,4.36
12/4/2023 21:00,December,2.95,2.93
12/4/2023 21:05,December,33.19,32.94
12/4/2023 21:10,December,11.73,11.65
12/4/2023 21:15,December,15.35,15.26
12/4/2023 21:20,December,11.72,11.65
12/4/2023 21:25,December,10.48,10.41
12/4/2023 21:30,December,5.74,5.7
12/4/2023 21:35,December,5.64,5.61
12/4/2023 21:40,December,4.27,4.25
12/4/2023 21:45,December,3.94,3.91
12/4/2023 21:50,December,3.23,3.21
12/4/2023 21:55,December,3.15,3.13
12/4/2023 22:00,December,3.42,3.4
12/4/2023 22:05,December,3.71,3.69
12/4/2023 22:10,December,2.68,2.66
12/4/2023 22:15,December,3.71,3.68
12/4/2023 22:20,December,3.72,3.69
12/4/2023 22:25,December,2.82,2.8
12/4/2023 22:30,December,0.1,0.1
12/4/2023 22:35,December,3.42,3.39
12/4/2023 22:40,December,3.78,3.75
12/4/2023 22:45,December,3.48,3.45
12/4/2023 22:50,December,3.48,3.45
12/4/2023 22:55,December,3.26,3.23
12/4/2023 23:00,December,3.48,3.45
12/4/2023 23:05,December,3.99,3.96
12/4/2023 23:10,December,3.67,3.64
12/4/2023 23:15,December,3.47,3.44
12/4/2023 23:20,December,3.49,3.46
12/4/2023 23:25,December,3.49,3.45
12/4/2023 23:30,December,3.44,3.41
12/4/2023 23:35,December,3.27,3.24
12/4/2023 23:40,December,3.21,3.18
12/4/2023 23:45,December,3.26,3.22
12/4/2023 23:50,December,3.06,3.03
12/4/2023 23:55,December,3.08,3.05
12/5/2023 0:00,December,3.14,3.11
12/5/2023 0:05,December,3.09,3.06
12/5/2023 0:10,December,3.23,3.19
12/5/2023 0:15,December,3.18,3.15
12/5/2023 0:20,December,3.03,3
12/5/2023 0:25,December,2.96,2.92
12/5/2023 0:30,December,2.96,2.93
12/5/2023 0:35,December,2.9,2.87
12/5/2023 0:40,December,3.05,3.02
12/5/2023 0:45,December,3.05,3.02
12/5/2023 0:50,December,2.96,2.93
12/5/2023 0:55,December,2.96,2.93
12/5/2023 1:00,December,2.96,2.93
12/5/2023 1:05,December,2.96,2.93
12/5/2023 1:10,December,2.89,2.86
12/5/2023 1:15,December,3.5,3.46
12/5/2023 1:20,December,3.14,3.1
12/5/2023 1:25,December,3.63,3.59
12/5/2023 1:30,December,3.46,3.43
12/5/2023 1:35,December,3.19,3.16
12/5/2023 1:40,December,3.44,3.4
12/5/2023 1:45,December,3.41,3.37
12/5/2023 1:50,December,3.26,3.23
12/5/2023 1:55,December,2.96,2.93
12/5/2023 2:00,December,3.12,3.08
12/5/2023 2:05,December,3.77,3.72
12/5/2023 2:10,December,3.69,3.65
12/5/2023 2:15,December,3.64,3.6
12/5/2023 2:20,December,3.5,3.46
12/5/2023 2:25,December,3.54,3.5
12/5/2023 2:30,December,3.55,3.51
12/5/2023 2:35,December,3.5,3.46
12/5/2023 2:40,December,3.5,3.46
12/5/2023 2:45,December,3.14,3.11
12/5/2023 2:50,December,3.2,3.16
12/5/2023 2:55,December,3.5,3.46
12/5/2023 3:00,December,3.21,3.18
12/5/2023 3:05,December,3.4,3.36
12/5/2023 3:10,December,3.5,3.46
12/5/2023 3:15,December,3.53,3.49
12/5/2023 3:20,December,3.32,3.28
12/5/2023 3:25,December,3.43,3.39
12/5/2023 3:30,December,3.32,3.28
12/5/2023 3:35,December,3.35,3.32
12/5/2023 3:40,December,3.32,3.28
12/5/2023 3:45,December,2.97,2.93
12/5/2023 3:50,December,3.35,3.31
12/5/2023 3:55,December,3.3,3.26
12/5/2023 4:00,December,3.36,3.32
12/5/2023 4:05,December,3.36,3.32
12/5/2023 4:10,December,3.5,3.46
12/5/2023 4:15,December,3.53,3.49
12/5/2023 4:20,December,3.52,3.49
12/5/2023 4:25,December,3.5,3.47
12/5/2023 4:30,December,3.5,3.46
12/5/2023 4:35,December,3.5,3.47
12/5/2023 4:40,December,3.53,3.5
12/5/2023 4:45,December,3.7,3.67
12/5/2023 4:50,December,3.54,3.5
12/5/2023 4:55,December,3.7,3.66
12/5/2023 5:00,December,4.91,4.86
12/5/2023 5:05,December,3.98,3.93
12/5/2023 5:10,December,3.71,3.67
12/5/2023 5:15,December,3.71,3.67
12/5/2023 5:20,December,3.55,3.51
12/5/2023 5:25,December,3.71,3.67
12/5/2023 5:30,December,3.83,3.78
12/5/2023 5:35,December,3.72,3.67
12/5/2023 5:40,December,4,3.96
12/5/2023 5:45,December,3.72,3.67
12/5/2023 5:50,December,3.43,3.39
12/5/2023 5:55,December,3.65,3.6
12/5/2023 6:00,December,3.65,3.61
12/5/2023 6:05,December,3.42,3.38
12/5/2023 6:10,December,3.34,3.3
12/5/2023 6:15,December,2.97,2.93
12/5/2023 6:20,December,2.96,2.93
12/5/2023 6:25,December,2.81,2.78
12/5/2023 6:30,December,2.68,2.66
12/5/2023 6:35,December,2.61,2.58
12/5/2023 6:40,December,3.32,3.28
12/5/2023 6:45,December,2.96,2.93
12/5/2023 6:50,December,2.9,2.87
12/5/2023 6:55,December,3.04,3.02
12/5/2023 7:00,December,3.33,3.3
12/5/2023 7:05,December,0,0
12/5/2023 7:10,December,0,0
12/5/2023 7:15,December,0,0
12/5/2023 7:20,December,0,0
12/5/2023 7:25,December,0,0
12/5/2023 7:30,December,2.67,2.65
12/5/2023 7:35,December,2.91,2.89
12/5/2023 7:40,December,3.36,3.34
12/5/2023 7:45,December,3.3,3.28
12/5/2023 7:50,December,3.46,3.44
12/5/2023 7:55,December,3.62,3.59
12/5/2023 8:00,December,5.74,5.71
12/5/2023 8:05,December,3.45,3.42
12/5/2023 8:10,December,3.47,3.43
12/5/2023 8:15,December,4.03,3.99
12/5/2023 8:20,December,5.73,5.68
12/5/2023 8:25,December,4.18,4.15
12/5/2023 8:30,December,0,0
12/5/2023 8:35,December,3.2,3.18
12/5/2023 8:40,December,3.45,3.42
12/5/2023 8:45,December,5.79,5.76
12/5/2023 8:50,December,4.01,3.99
12/5/2023 8:55,December,4.1,4.08
12/5/2023 9:00,December,4.92,4.89
12/5/2023 9:05,December,0,0
12/5/2023 9:10,December,3.13,3.13
12/5/2023 9:15,December,3.52,3.52
12/5/2023 9:20,December,3.42,3.41
12/5/2023 9:25,December,3.68,3.67
12/5/2023 9:30,December,3.98,3.97
12/5/2023 9:35,December,4.01,4.01
12/5/2023 9:40,December,4.47,4.47
12/5/2023 9:45,December,4.01,4.01
12/5/2023 9:50,December,4.01,4.01
12/5/2023 9:55,December,4.38,4.38
12/5/2023 10:00,December,4.03,4.03
12/5/2023 10:05,December,2.02,2.02
12/5/2023 10:10,December,3.58,3.59
12/5/2023 10:15,December,4,4.01
12/5/2023 10:20,December,3.99,4
12/5/2023 10:25,December,5.72,5.74
12/5/2023 10:30,December,4,4.01
12/5/2023 10:35,December,4,4.01
12/5/2023 10:40,December,4,4.01
12/5/2023 10:45,December,4,4.01
12/5/2023 10:50,December,4,4.02
12/5/2023 10:55,December,4,4.01
12/5/2023 11:00,December,4,4.01
12/5/2023 11:05,December,4,4.01
12/5/2023 11:10,December,4.03,4.04
12/5/2023 11:15,December,4,4.01
12/5/2023 11:20,December,3.69,3.71
12/5/2023 11:25,December,3.61,3.63
12/5/2023 11:30,December,3.65,3.66
12/5/2023 11:35,December,3.75,3.77
12/5/2023 11:40,December,3.82,3.83
12/5/2023 11:45,December,3.5,3.51
12/5/2023 11:50,December,3.5,3.51
12/5/2023 11:55,December,2.77,2.78
12/5/2023 12:00,December,2.63,2.65
12/5/2023 12:05,December,2.77,2.78
12/5/2023 12:10,December,3.07,3.09
12/5/2023 12:15,December,3.48,3.49
12/5/2023 12:20,December,3.42,3.44
12/5/2023 12:25,December,3.39,3.41
12/5/2023 12:30,December,3.48,3.49
12/5/2023 12:35,December,3.55,3.57
12/5/2023 12:40,December,3.52,3.53
12/5/2023 12:45,December,3.56,3.57
12/5/2023 12:50,December,5.7,5.72
12/5/2023 12:55,December,3.5,3.51
12/5/2023 13:00,December,10.51,10.55
12/5/2023 13:05,December,4.22,4.24
12/5/2023 13:10,December,11.77,11.83
12/5/2023 13:15,December,13.77,13.85
12/5/2023 13:20,December,10.5,10.55
12/5/2023 13:25,December,11.24,11.3
12/5/2023 13:30,December,11.42,11.47
12/5/2023 13:35,December,11.24,11.29
12/5/2023 13:40,December,10.53,10.57
12/5/2023 13:45,December,8.84,8.86
12/5/2023 13:50,December,9.84,9.87
12/5/2023 13:55,December,5.75,5.76
12/5/2023 14:00,December,5.93,5.94
12/5/2023 14:05,December,11.16,11.17
12/5/2023 14:10,December,11.16,11.17
12/5/2023 14:15,December,11.28,11.3
12/5/2023 14:20,December,11.31,11.33
12/5/2023 14:25,December,11.33,11.34
12/5/2023 14:30,December,11.18,11.19
12/5/2023 14:35,December,11.18,11.18
12/5/2023 14:40,December,11.32,11.33
12/5/2023 14:45,December,11.36,11.37
12/5/2023 14:50,December,11.38,11.38
12/5/2023 14:55,December,8.89,8.88
12/5/2023 15:00,December,5.45,5.44
12/5/2023 15:05,December,6.47,6.47
12/5/2023 15:10,December,6.58,6.58
12/5/2023 15:15,December,10.59,10.59
12/5/2023 15:20,December,10.59,10.6
12/5/2023 15:25,December,10.61,10.61
12/5/2023 15:30,December,10.61,10.6
12/5/2023 15:35,December,11.87,11.86
12/5/2023 15:40,December,10.62,10.61
12/5/2023 15:45,December,9.88,9.86
12/5/2023 15:50,December,6.6,6.59
12/5/2023 15:55,December,9.89,9.86
12/5/2023 16:00,December,9.91,9.87
12/5/2023 16:05,December,15.12,15.05
12/5/2023 16:10,December,13.82,13.76
12/5/2023 16:15,December,12.98,12.93
12/5/2023 16:20,December,8.96,8.91
12/5/2023 16:25,December,13.4,13.34
12/5/2023 16:30,December,8.96,8.92
12/5/2023 16:35,December,10.61,10.56
12/5/2023 16:40,December,10.62,10.57
12/5/2023 16:45,December,6.53,6.51
12/5/2023 16:50,December,6.44,6.41
12/5/2023 16:55,December,0,0
12/5/2023 17:00,December,0,0
12/5/2023 17:05,December,3.58,3.57
12/5/2023 17:10,December,4.22,4.21
12/5/2023 17:15,December,6.01,5.99
12/5/2023 17:20,December,6.01,5.99
12/5/2023 17:25,December,6.44,6.42
12/5/2023 17:30,December,6.02,6
12/5/2023 17:35,December,6.53,6.51
12/5/2023 17:40,December,13.92,13.88
12/5/2023 17:45,December,18.63,18.58
12/5/2023 17:50,December,15.27,15.23
12/5/2023 17:55,December,15.21,15.17
12/5/2023 18:00,December,13.22,13.18
12/5/2023 18:05,December,13.57,13.53
12/5/2023 18:10,December,8.91,8.87
12/5/2023 18:15,December,6.55,6.51
12/5/2023 18:20,December,6.53,6.49
12/5/2023 18:25,December,6.43,6.4
12/5/2023 18:30,December,6.49,6.46
12/5/2023 18:35,December,4.08,4.06
12/5/2023 18:40,December,4.02,4
12/5/2023 18:45,December,5.9,5.87
12/5/2023 18:50,December,6.56,6.53
12/5/2023 18:55,December,6.45,6.42
12/5/2023 19:00,December,4.46,4.44
12/5/2023 19:05,December,5.19,5.17
12/5/2023 19:10,December,3.52,3.5
12/5/2023 19:15,December,3.69,3.68
12/5/2023 19:20,December,3.73,3.71
12/5/2023 19:25,December,6.5,6.47
12/5/2023 19:30,December,4.24,4.22
12/5/2023 19:35,December,5.19,5.17
12/5/2023 19:40,December,4.24,4.22
12/5/2023 19:45,December,5.7,5.67
12/5/2023 19:50,December,4.25,4.23
12/5/2023 19:55,December,5.74,5.71
12/5/2023 20:00,December,5.19,5.16
12/5/2023 20:05,December,15.28,15.21
12/5/2023 20:10,December,11.94,11.87
12/5/2023 20:15,December,15.18,15.09
12/5/2023 20:20,December,30.9,30.74
12/5/2023 20:25,December,14.1,14.03
12/5/2023 20:30,December,11.17,11.12
12/5/2023 20:35,December,12.01,11.95
12/5/2023 20:40,December,12.01,11.95
12/5/2023 20:45,December,12.03,11.98
12/5/2023 20:50,December,10.71,10.65
12/5/2023 20:55,December,8.94,8.89
12/5/2023 21:00,December,8.92,8.87
12/5/2023 21:05,December,33.18,32.97
12/5/2023 21:10,December,33.08,32.89
12/5/2023 21:15,December,15.18,15.1
12/5/2023 21:20,December,15.19,15.11
12/5/2023 21:25,December,10.77,10.71
12/5/2023 21:30,December,11.99,11.93
12/5/2023 21:35,December,15.19,15.11
12/5/2023 21:40,December,11.99,11.93
12/5/2023 21:45,December,6.65,6.62
12/5/2023 21:50,December,8.91,8.86
12/5/2023 21:55,December,8.89,8.85
12/5/2023 22:00,December,6.6,6.57
12/5/2023 22:05,December,6.63,6.6
12/5/2023 22:10,December,6.56,6.53
12/5/2023 22:15,December,4.39,4.37
12/5/2023 22:20,December,4.39,4.37
12/5/2023 22:25,December,3.56,3.54
12/5/2023 22:30,December,3.88,3.87
12/5/2023 22:35,December,3.88,3.86
12/5/2023 22:40,December,0,0
12/5/2023 22:45,December,2.81,2.79
12/5/2023 22:50,December,2.67,2.66
12/5/2023 22:55,December,3.16,3.14
12/5/2023 23:00,December,3.57,3.55
12/5/2023 23:05,December,6.67,6.63
12/5/2023 23:10,December,3.77,3.75
12/5/2023 23:15,December,2.67,2.66
12/5/2023 23:20,December,3.57,3.55
12/5/2023 23:25,December,3.19,3.17
12/5/2023 23:30,December,4.48,4.45
12/5/2023 23:35,December,3.67,3.65
12/5/2023 23:40,December,3.25,3.23
12/5/2023 23:45,December,3.57,3.55
12/5/2023 23:50,December,3.57,3.55
12/5/2023 23:55,December,3.57,3.55
12/6/2023 0:00,December,3.58,3.55
12/6/2023 0:05,December,3.01,2.99
12/6/2023 0:10,December,3.33,3.31
12/6/2023 0:15,December,3.31,3.28
12/6/2023 0:20,December,3.58,3.55
12/6/2023 0:25,December,3.58,3.55
12/6/2023 0:30,December,3.41,3.38
12/6/2023 0:35,December,3.58,3.55
12/6/2023 0:40,December,3.58,3.55
12/6/2023 0:45,December,3.58,3.55
12/6/2023 0:50,December,2.82,2.79
12/6/2023 0:55,December,3.02,2.99
12/6/2023 1:00,December,3.58,3.54
12/6/2023 1:05,December,3.69,3.66
12/6/2023 1:10,December,4.14,4.1
12/6/2023 1:15,December,3.58,3.54
12/6/2023 1:20,December,3.58,3.54
12/6/2023 1:25,December,3.58,3.54
12/6/2023 1:30,December,3.49,3.45
12/6/2023 1:35,December,3.58,3.54
12/6/2023 1:40,December,3.53,3.49
12/6/2023 1:45,December,3.57,3.53
12/6/2023 1:50,December,3.58,3.54
12/6/2023 1:55,December,3.1,3.07
12/6/2023 2:00,December,3.07,3.03
12/6/2023 2:05,December,3.49,3.45
12/6/2023 2:10,December,2.95,2.92
12/6/2023 2:15,December,3.03,3
12/6/2023 2:20,December,2.98,2.95
12/6/2023 2:25,December,2.97,2.94
12/6/2023 2:30,December,3.03,3
12/6/2023 2:35,December,2.95,2.92
12/6/2023 2:40,December,3.02,2.99
12/6/2023 2:45,December,3.02,2.99
12/6/2023 2:50,December,2.95,2.92
12/6/2023 2:55,December,2.95,2.92
12/6/2023 3:00,December,2.95,2.92
12/6/2023 3:05,December,3.22,3.19
12/6/2023 3:10,December,2.95,2.92
12/6/2023 3:15,December,3.22,3.19
12/6/2023 3:20,December,2.95,2.92
12/6/2023 3:25,December,2.95,2.92
12/6/2023 3:30,December,2.96,2.92
12/6/2023 3:35,December,2.95,2.92
12/6/2023 3:40,December,2.95,2.92
12/6/2023 3:45,December,2.95,2.92
12/6/2023 3:50,December,2.28,2.25
12/6/2023 3:55,December,2.81,2.78
12/6/2023 4:00,December,2.95,2.92
12/6/2023 4:05,December,2.96,2.93
12/6/2023 4:10,December,3.11,3.08
12/6/2023 4:15,December,3.59,3.55
12/6/2023 4:20,December,3.58,3.55
12/6/2023 4:25,December,3.58,3.55
12/6/2023 4:30,December,3.3,3.26
12/6/2023 4:35,December,3.25,3.22
12/6/2023 4:40,December,3.58,3.54
12/6/2023 4:45,December,2.95,2.92
12/6/2023 4:50,December,3.12,3.08
12/6/2023 4:55,December,3.22,3.19
12/6/2023 5:00,December,3.22,3.19
12/6/2023 5:05,December,3.7,3.66
12/6/2023 5:10,December,3.69,3.65
12/6/2023 5:15,December,3.58,3.54
12/6/2023 5:20,December,3.58,3.54
12/6/2023 5:25,December,2.93,2.89
12/6/2023 5:30,December,3.58,3.54
12/6/2023 5:35,December,3.58,3.54
12/6/2023 5:40,December,3.7,3.66
12/6/2023 5:45,December,3.58,3.54
12/6/2023 5:50,December,2.95,2.92
12/6/2023 5:55,December,3.24,3.21
12/6/2023 6:00,December,2.98,2.95
12/6/2023 6:05,December,3.42,3.38
12/6/2023 6:10,December,2.99,2.96
12/6/2023 6:15,December,2.95,2.92
12/6/2023 6:20,December,3.02,2.98
12/6/2023 6:25,December,3.58,3.54
12/6/2023 6:30,December,3.58,3.54
12/6/2023 6:35,December,2.94,2.91
12/6/2023 6:40,December,3.01,2.98
12/6/2023 6:45,December,3.7,3.67
12/6/2023 6:50,December,3.57,3.53
12/6/2023 6:55,December,3.69,3.66
12/6/2023 7:00,December,3.69,3.65
12/6/2023 7:05,December,0,0
12/6/2023 7:10,December,0,0
12/6/2023 7:15,December,2.67,2.65
12/6/2023 7:20,December,3,2.98
12/6/2023 7:25,December,3.55,3.52
12/6/2023 7:30,December,3.54,3.52
12/6/2023 7:35,December,3.54,3.52
12/6/2023 7:40,December,3.54,3.52
12/6/2023 7:45,December,3.88,3.86
12/6/2023 7:50,December,4.03,4.02
12/6/2023 7:55,December,6.63,6.61
12/6/2023 8:00,December,6.61,6.59
12/6/2023 8:05,December,4.05,4.02
12/6/2023 8:10,December,5.91,5.87
12/6/2023 8:15,December,6.42,6.38
12/6/2023 8:20,December,0,0
12/6/2023 8:25,December,2.66,2.65
12/6/2023 8:30,December,5.98,5.95
12/6/2023 8:35,December,4.03,4.01
12/6/2023 8:40,December,3.68,3.67
12/6/2023 8:45,December,4.02,4
12/6/2023 8:50,December,4.02,4
12/6/2023 8:55,December,6.56,6.55
12/6/2023 9:00,December,4.06,4.05
12/6/2023 9:05,December,0,0
12/6/2023 9:10,December,3.14,3.14
12/6/2023 9:15,December,3.48,3.49
12/6/2023 9:20,December,3.48,3.49
12/6/2023 9:25,December,3.6,3.61
12/6/2023 9:30,December,3.58,3.59
12/6/2023 9:35,December,3.61,3.62
12/6/2023 9:40,December,3.75,3.75
12/6/2023 9:45,December,3.63,3.64
12/6/2023 9:50,December,3.49,3.5
12/6/2023 9:55,December,3.62,3.63
12/6/2023 10:00,December,3.78,3.79
12/6/2023 10:05,December,6.47,6.5
12/6/2023 10:10,December,3.03,3.04
12/6/2023 10:15,December,3.47,3.48
12/6/2023 10:20,December,3.48,3.48
12/6/2023 10:25,December,3.97,3.98
12/6/2023 10:30,December,4.08,4.08
12/6/2023 10:35,December,4.06,4.07
12/6/2023 10:40,December,4.01,4.01
12/6/2023 10:45,December,4,4.01
12/6/2023 10:50,December,4.01,4.02
12/6/2023 10:55,December,4.01,4.02
12/6/2023 11:00,December,2.78,2.78
12/6/2023 11:05,December,3.64,3.66
12/6/2023 11:10,December,3.64,3.65
12/6/2023 11:15,December,3.99,4
12/6/2023 11:20,December,3.99,4.01
12/6/2023 11:25,December,4.11,4.13
12/6/2023 11:30,December,4,4.01
12/6/2023 11:35,December,3.99,4.01
12/6/2023 11:40,December,3.99,4.01
12/6/2023 11:45,December,3.99,4.01
12/6/2023 11:50,December,3.99,4.01
12/6/2023 11:55,December,3.64,3.66
12/6/2023 12:00,December,3.16,3.17
12/6/2023 12:05,December,3.29,3.3
12/6/2023 12:10,December,3.49,3.51
12/6/2023 12:15,December,3.49,3.51
12/6/2023 12:20,December,4.05,4.06
12/6/2023 12:25,December,3.75,3.76
12/6/2023 12:30,December,3.99,4.01
12/6/2023 12:35,December,4,4.01
12/6/2023 12:40,December,4,4.01
12/6/2023 12:45,December,4,4.02
12/6/2023 12:50,December,4.01,4.02
12/6/2023 12:55,December,4.04,4.05
12/6/2023 13:00,December,4.09,4.11
12/6/2023 13:05,December,4.1,4.11
12/6/2023 13:10,December,4.09,4.1
12/6/2023 13:15,December,4.86,4.87
12/6/2023 13:20,December,4.11,4.12
12/6/2023 13:25,December,4.27,4.28
12/6/2023 13:30,December,4.11,4.12
12/6/2023 13:35,December,4.09,4.1
12/6/2023 13:40,December,4.12,4.13
12/6/2023 13:45,December,4.85,4.86
12/6/2023 13:50,December,4.33,4.34
12/6/2023 13:55,December,10.54,10.57
12/6/2023 14:00,December,4.34,4.35
12/6/2023 14:05,December,4.08,4.08
12/6/2023 14:10,December,5.3,5.31
12/6/2023 14:15,December,11.77,11.8
12/6/2023 14:20,December,5.3,5.31
12/6/2023 14:25,December,5.32,5.34
12/6/2023 14:30,December,10.52,10.55
12/6/2023 14:35,December,5.43,5.45
12/6/2023 14:40,December,13.73,13.77
12/6/2023 14:45,December,29.35,29.44
12/6/2023 14:50,December,15.02,15.06
12/6/2023 14:55,December,11.82,11.85
12/6/2023 15:00,December,5.32,5.33
12/6/2023 15:05,December,5.31,5.31
12/6/2023 15:10,December,5.3,5.3
12/6/2023 15:15,December,5.33,5.33
12/6/2023 15:20,December,5.22,5.22
12/6/2023 15:25,December,5.27,5.27
12/6/2023 15:30,December,5.32,5.33
12/6/2023 15:35,December,11.76,11.77
12/6/2023 15:40,December,11.77,11.77
12/6/2023 15:45,December,10.54,10.54
12/6/2023 15:50,December,5.29,5.28
12/6/2023 15:55,December,5.31,5.3
12/6/2023 16:00,December,5.25,5.24
12/6/2023 16:05,December,4.21,4.2
12/6/2023 16:10,December,4.52,4.51
12/6/2023 16:15,December,4.56,4.54
12/6/2023 16:20,December,5.25,5.23
12/6/2023 16:25,December,4.22,4.2
12/6/2023 16:30,December,4.09,4.08
12/6/2023 16:35,December,4.37,4.35
12/6/2023 16:40,December,4.38,4.36
12/6/2023 16:45,December,4.22,4.2
12/6/2023 16:50,December,4.32,4.3
12/6/2023 16:55,December,3.69,3.67
12/6/2023 17:00,December,3.59,3.57
12/6/2023 17:05,December,0,0
12/6/2023 17:10,December,0,0
12/6/2023 17:15,December,3.43,3.41
12/6/2023 17:20,December,3.7,3.68
12/6/2023 17:25,December,5.23,5.2
12/6/2023 17:30,December,4.32,4.3
12/6/2023 17:35,December,4.32,4.3
12/6/2023 17:40,December,11.8,11.75
12/6/2023 17:45,December,29.69,29.57
12/6/2023 17:50,December,19.93,19.84
12/6/2023 17:55,December,15.48,15.41
12/6/2023 18:00,December,11.83,11.77
12/6/2023 18:05,December,10.55,10.5
12/6/2023 18:10,December,10.53,10.48
12/6/2023 18:15,December,8.99,8.94
12/6/2023 18:20,December,5.25,5.22
12/6/2023 18:25,December,4.45,4.42
12/6/2023 18:30,December,3.6,3.58
12/6/2023 18:35,December,3.6,3.58
12/6/2023 18:40,December,3.6,3.58
12/6/2023 18:45,December,3.6,3.57
12/6/2023 18:50,December,3.6,3.58
12/6/2023 18:55,December,3.82,3.8
12/6/2023 19:00,December,3.54,3.52
12/6/2023 19:05,December,3.49,3.46
12/6/2023 19:10,December,3.53,3.5
12/6/2023 19:15,December,4.12,4.09
12/6/2023 19:20,December,3.6,3.58
12/6/2023 19:25,December,3.6,3.58
12/6/2023 19:30,December,3.71,3.68
12/6/2023 19:35,December,3.71,3.68
12/6/2023 19:40,December,3.6,3.58
12/6/2023 19:45,December,3.6,3.58
12/6/2023 19:50,December,3.6,3.58
12/6/2023 19:55,December,3.6,3.57
12/6/2023 20:00,December,3.59,3.57
12/6/2023 20:05,December,10.66,10.6
12/6/2023 20:10,December,5.88,5.85
12/6/2023 20:15,December,13.23,13.16
12/6/2023 20:20,December,5.94,5.9
12/6/2023 20:25,December,5.87,5.84
12/6/2023 20:30,December,5.47,5.44
12/6/2023 20:35,December,5.45,5.42
12/6/2023 20:40,December,5.45,5.42
12/6/2023 20:45,December,5.48,5.45
12/6/2023 20:50,December,5.46,5.43
12/6/2023 20:55,December,5.4,5.37
12/6/2023 21:00,December,5.31,5.29
12/6/2023 21:05,December,29.85,29.69
12/6/2023 21:10,December,29.49,29.35
12/6/2023 21:15,December,11.91,11.86
12/6/2023 21:20,December,10.64,10.59
12/6/2023 21:25,December,10.63,10.58
12/6/2023 21:30,December,5.31,5.28
12/6/2023 21:35,December,5.29,5.26
12/6/2023 21:40,December,5.21,5.19
12/6/2023 21:45,December,3.7,3.69
12/6/2023 21:50,December,3.6,3.58
12/6/2023 21:55,December,4.57,4.55
12/6/2023 22:00,December,3.62,3.6
12/6/2023 22:05,December,3.85,3.83
12/6/2023 22:10,December,3.7,3.68
12/6/2023 22:15,December,3.5,3.48
12/6/2023 22:20,December,3.6,3.58
12/6/2023 22:25,December,3.6,3.58
12/6/2023 22:30,December,3.61,3.58
12/6/2023 22:35,December,3.35,3.32
12/6/2023 22:40,December,3.6,3.58
12/6/2023 22:45,December,3.61,3.58
12/6/2023 22:50,December,3.38,3.36
12/6/2023 22:55,December,3.07,3.05
12/6/2023 23:00,December,3.16,3.13
12/6/2023 23:05,December,3.69,3.66
12/6/2023 23:10,December,3.61,3.58
12/6/2023 23:15,December,3.44,3.41
12/6/2023 23:20,December,3.45,3.42
12/6/2023 23:25,December,3.36,3.33
12/6/2023 23:30,December,3.37,3.34
12/6/2023 23:35,December,3.36,3.33
12/6/2023 23:40,December,3.07,3.05
12/6/2023 23:45,December,3.61,3.58
12/6/2023 23:50,December,3.61,3.58
12/6/2023 23:55,December,3.61,3.58
12/7/2023 0:00,December,3.61,3.58
12/7/2023 0:05,December,3.51,3.47
12/7/2023 0:10,December,3.51,3.47
12/7/2023 0:15,December,3.51,3.47
12/7/2023 0:20,December,3.61,3.57
12/7/2023 0:25,December,3.06,3.03
12/7/2023 0:30,December,3.05,3.02
12/7/2023 0:35,December,3.18,3.15
12/7/2023 0:40,December,3.51,3.47
12/7/2023 0:45,December,3.45,3.42
12/7/2023 0:50,December,3.09,3.05
12/7/2023 0:55,December,3.26,3.22
12/7/2023 1:00,December,3.25,3.22
12/7/2023 1:05,December,3.25,3.22
12/7/2023 1:10,December,3.5,3.46
12/7/2023 1:15,December,3.5,3.46
12/7/2023 1:20,December,3.24,3.21
12/7/2023 1:25,December,3.25,3.22
12/7/2023 1:30,December,3.07,3.04
12/7/2023 1:35,December,3.09,3.06
12/7/2023 1:40,December,3.07,3.04
12/7/2023 1:45,December,2.69,2.66
12/7/2023 1:50,December,2.96,2.93
12/7/2023 1:55,December,2.82,2.79
12/7/2023 2:00,December,2.97,2.93
12/7/2023 2:05,December,2.97,2.93
12/7/2023 2:10,December,2.91,2.88
12/7/2023 2:15,December,0.1,0.1
12/7/2023 2:20,December,0,0
12/7/2023 2:25,December,1.53,1.51
12/7/2023 2:30,December,2.68,2.66
12/7/2023 2:35,December,2.68,2.66
12/7/2023 2:40,December,2.68,2.66
12/7/2023 2:45,December,2.8,2.77
12/7/2023 2:50,December,2.8,2.77
12/7/2023 2:55,December,2.55,2.53
12/7/2023 3:00,December,2.79,2.77
12/7/2023 3:05,December,2.89,2.86
12/7/2023 3:10,December,2.79,2.77
12/7/2023 3:15,December,2.79,2.77
12/7/2023 3:20,December,2.79,2.77
12/7/2023 3:25,December,2.79,2.77
12/7/2023 3:30,December,2.54,2.52
12/7/2023 3:35,December,2.54,2.52
12/7/2023 3:40,December,2.78,2.76
12/7/2023 3:45,December,2.78,2.76
12/7/2023 3:50,December,2.78,2.76
12/7/2023 3:55,December,2.78,2.76
12/7/2023 4:00,December,2.78,2.76
12/7/2023 4:05,December,2.78,2.76
12/7/2023 4:10,December,2.97,2.95
12/7/2023 4:15,December,2.97,2.94
12/7/2023 4:20,December,2.97,2.94
12/7/2023 4:25,December,3.07,3.04
12/7/2023 4:30,December,2.99,2.96
12/7/2023 4:35,December,3,2.97
12/7/2023 4:40,December,3,2.97
12/7/2023 4:45,December,3,2.97
12/7/2023 4:50,December,3,2.98
12/7/2023 4:55,December,2.96,2.93
12/7/2023 5:00,December,2.96,2.94
12/7/2023 5:05,December,3.06,3.03
12/7/2023 5:10,December,3.03,3
12/7/2023 5:15,December,3.69,3.65
12/7/2023 5:20,December,3.47,3.43
12/7/2023 5:25,December,3.5,3.46
12/7/2023 5:30,December,3.38,3.35
12/7/2023 5:35,December,3.68,3.65
12/7/2023 5:40,December,3.49,3.46
12/7/2023 5:45,December,3.46,3.42
12/7/2023 5:50,December,3.42,3.39
12/7/2023 5:55,December,3.12,3.09
12/7/2023 6:00,December,3.19,3.16
12/7/2023 6:05,December,3.19,3.16
12/7/2023 6:10,December,3.03,3
12/7/2023 6:15,December,3.03,3
12/7/2023 6:20,December,2.92,2.89
12/7/2023 6:25,December,2.68,2.66
12/7/2023 6:30,December,2.81,2.78
12/7/2023 6:35,December,2.96,2.93
12/7/2023 6:40,December,2.81,2.78
12/7/2023 6:45,December,2.81,2.78
12/7/2023 6:50,December,0.1,0.1
12/7/2023 6:55,December,0,0
12/7/2023 7:00,December,2.68,2.65
12/7/2023 7:05,December,0,0
12/7/2023 7:10,December,0,0
12/7/2023 7:15,December,0,0
12/7/2023 7:20,December,2.67,2.65
12/7/2023 7:25,December,0,0
12/7/2023 7:30,December,2.78,2.76
12/7/2023 7:35,December,3.02,3
12/7/2023 7:40,December,2.89,2.88
12/7/2023 7:45,December,2.93,2.92
12/7/2023 7:50,December,3.36,3.35
12/7/2023 7:55,December,3.69,3.67
12/7/2023 8:00,December,3.62,3.6
12/7/2023 8:05,December,0,0
12/7/2023 8:10,December,0,0
12/7/2023 8:15,December,0,0
12/7/2023 8:20,December,0,0
12/7/2023 8:25,December,2.45,2.44
12/7/2023 8:30,December,2.93,2.92
12/7/2023 8:35,December,2.86,2.85
12/7/2023 8:40,December,2.9,2.89
12/7/2023 8:45,December,2.78,2.77
12/7/2023 8:50,December,2.78,2.77
12/7/2023 8:55,December,3.32,3.32
12/7/2023 9:00,December,3.43,3.43
12/7/2023 9:05,December,0,0
12/7/2023 9:10,December,2.65,2.65
12/7/2023 9:15,December,2.65,2.65
12/7/2023 9:20,December,3.67,3.67
12/7/2023 9:25,December,3.28,3.28
12/7/2023 9:30,December,3.42,3.42
12/7/2023 9:35,December,2.9,2.9
12/7/2023 9:40,December,2.9,2.9
12/7/2023 9:45,December,3.39,3.39
12/7/2023 9:50,December,3.39,3.39
12/7/2023 9:55,December,3.45,3.45
12/7/2023 10:00,December,3.41,3.41
12/7/2023 10:05,December,3.4,3.4
12/7/2023 10:10,December,3.37,3.38
12/7/2023 10:15,December,3.4,3.4
12/7/2023 10:20,December,3.43,3.44
12/7/2023 10:25,December,3.43,3.44
12/7/2023 10:30,December,3.43,3.44
12/7/2023 10:35,December,3.43,3.44
12/7/2023 10:40,December,3.43,3.44
12/7/2023 10:45,December,3.4,3.41
12/7/2023 10:50,December,3.43,3.44
12/7/2023 10:55,December,3.4,3.41
12/7/2023 11:00,December,3.43,3.44
12/7/2023 11:05,December,2.97,2.98
12/7/2023 11:10,December,3.29,3.31
12/7/2023 11:15,December,3.4,3.41
12/7/2023 11:20,December,3.39,3.41
12/7/2023 11:25,December,3.36,3.38
12/7/2023 11:30,December,3.39,3.41
12/7/2023 11:35,December,2.97,2.98
12/7/2023 11:40,December,2.98,3
12/7/2023 11:45,December,2.73,2.74
12/7/2023 11:50,December,0.95,0.95
12/7/2023 11:55,December,0,0
12/7/2023 12:00,December,0,0
12/7/2023 12:05,December,0.09,0.09
12/7/2023 12:10,December,2.46,2.46
12/7/2023 12:15,December,2.91,2.92
12/7/2023 12:20,December,2.77,2.77
12/7/2023 12:25,December,2.9,2.91
12/7/2023 12:30,December,2.92,2.92
12/7/2023 12:35,December,2.91,2.92
12/7/2023 12:40,December,3.44,3.45
12/7/2023 12:45,December,3.43,3.44
12/7/2023 12:50,December,3.41,3.42
12/7/2023 12:55,December,3.45,3.45
12/7/2023 13:00,December,3.47,3.48
12/7/2023 13:05,December,13.71,13.73
12/7/2023 13:10,December,4.41,4.41
12/7/2023 13:15,December,14.8,14.81
12/7/2023 13:20,December,5.7,5.69
12/7/2023 13:25,December,3.7,3.7
12/7/2023 13:30,December,3.74,3.75
12/7/2023 13:35,December,3.72,3.72
12/7/2023 13:40,December,3.68,3.68
12/7/2023 13:45,December,3.68,3.68
12/7/2023 13:50,December,3.7,3.7
12/7/2023 13:55,December,3.69,3.7
12/7/2023 14:00,December,3.68,3.68
12/7/2023 14:05,December,3.69,3.69
12/7/2023 14:10,December,3.69,3.69
12/7/2023 14:15,December,3.44,3.44
12/7/2023 14:20,December,3.44,3.44
12/7/2023 14:25,December,3.44,3.44
12/7/2023 14:30,December,3.45,3.44
12/7/2023 14:35,December,3.45,3.45
12/7/2023 14:40,December,3.46,3.45
12/7/2023 14:45,December,3.47,3.45
12/7/2023 14:50,December,3.46,3.45
12/7/2023 14:55,December,3.42,3.4
12/7/2023 15:00,December,3.42,3.41
12/7/2023 15:05,December,3.45,3.44
12/7/2023 15:10,December,3.64,3.63
12/7/2023 15:15,December,3.73,3.72
12/7/2023 15:20,December,3.46,3.45
12/7/2023 15:25,December,3.46,3.45
12/7/2023 15:30,December,3.47,3.46
12/7/2023 15:35,December,3.47,3.45
12/7/2023 15:40,December,3.74,3.73
12/7/2023 15:45,December,3.71,3.7
12/7/2023 15:50,December,3.47,3.46
12/7/2023 15:55,December,3.46,3.44
12/7/2023 16:00,December,3.06,3.05
12/7/2023 16:05,December,3.45,3.44
12/7/2023 16:10,December,3.71,3.69
12/7/2023 16:15,December,3.98,3.96
12/7/2023 16:20,December,3.98,3.96
12/7/2023 16:25,December,3.45,3.43
12/7/2023 16:30,December,3.74,3.72
12/7/2023 16:35,December,3.89,3.87
12/7/2023 16:40,December,10.77,10.71
12/7/2023 16:45,December,3.99,3.97
12/7/2023 16:50,December,4.61,4.59
12/7/2023 16:55,December,4.17,4.15
12/7/2023 17:00,December,4.11,4.09
12/7/2023 17:05,December,3.51,3.49
12/7/2023 17:10,December,3.54,3.53
12/7/2023 17:15,December,3.57,3.55
12/7/2023 17:20,December,4.34,4.32
12/7/2023 17:25,December,10.79,10.75
12/7/2023 17:30,December,3.97,3.96
12/7/2023 17:35,December,8.89,8.85
12/7/2023 17:40,December,8.91,8.86
12/7/2023 17:45,December,13.99,13.91
12/7/2023 17:50,December,10.73,10.66
12/7/2023 17:55,December,8.97,8.92
12/7/2023 18:00,December,4.48,4.46
12/7/2023 18:05,December,9.01,8.95
12/7/2023 18:10,December,8.93,8.88
12/7/2023 18:15,December,8.89,8.85
12/7/2023 18:20,December,8.91,8.87
12/7/2023 18:25,December,3.97,3.96
12/7/2023 18:30,December,3.55,3.54
12/7/2023 18:35,December,3.5,3.49
12/7/2023 18:40,December,3.52,3.5
12/7/2023 18:45,December,3.51,3.5
12/7/2023 18:50,December,3.47,3.46
12/7/2023 18:55,December,3.06,3.05
12/7/2023 19:00,December,3.5,3.49
12/7/2023 19:05,December,3.54,3.52
12/7/2023 19:10,December,3.48,3.46
12/7/2023 19:15,December,3.48,3.47
12/7/2023 19:20,December,3.06,3.05
12/7/2023 19:25,December,3.06,3.05
12/7/2023 19:30,December,3.06,3.05
12/7/2023 19:35,December,3.06,3.05
12/7/2023 19:40,December,3.48,3.46
12/7/2023 19:45,December,3.47,3.46
12/7/2023 19:50,December,3.54,3.52
12/7/2023 19:55,December,3.52,3.5
12/7/2023 20:00,December,3.43,3.41
12/7/2023 20:05,December,3.63,3.61
12/7/2023 20:10,December,3.63,3.61
12/7/2023 20:15,December,3.6,3.58
12/7/2023 20:20,December,3.58,3.56
12/7/2023 20:25,December,3.56,3.55
12/7/2023 20:30,December,3.53,3.51
12/7/2023 20:35,December,3.35,3.34
12/7/2023 20:40,December,3.35,3.34
12/7/2023 20:45,December,3.35,3.33
12/7/2023 20:50,December,3.07,3.06
12/7/2023 20:55,December,3.07,3.06
12/7/2023 21:00,December,2.95,2.93
12/7/2023 21:05,December,4.08,4.06
12/7/2023 21:10,December,3.68,3.66
12/7/2023 21:15,December,3.52,3.5
12/7/2023 21:20,December,3.51,3.49
12/7/2023 21:25,December,3.52,3.5
12/7/2023 21:30,December,3.11,3.09
12/7/2023 21:35,December,3.11,3.09
12/7/2023 21:40,December,3.11,3.09
12/7/2023 21:45,December,3.11,3.09
12/7/2023 21:50,December,3.11,3.09
12/7/2023 21:55,December,3.08,3.05
12/7/2023 22:00,December,3.12,3.1
12/7/2023 22:05,December,3.96,3.93
12/7/2023 22:10,December,3.69,3.66
12/7/2023 22:15,December,3.66,3.64
12/7/2023 22:20,December,3.55,3.52
12/7/2023 22:25,December,3.49,3.46
12/7/2023 22:30,December,3.14,3.11
12/7/2023 22:35,December,3.1,3.07
12/7/2023 22:40,December,3.09,3.07
12/7/2023 22:45,December,3.02,2.99
12/7/2023 22:50,December,2.97,2.95
12/7/2023 22:55,December,2.97,2.95
12/7/2023 23:00,December,2.97,2.95
12/7/2023 23:05,December,2.97,2.95
12/7/2023 23:10,December,2.97,2.95
12/7/2023 23:15,December,2.81,2.79
12/7/2023 23:20,December,2.97,2.94
12/7/2023 23:25,December,2.68,2.66
12/7/2023 23:30,December,0,0
12/7/2023 23:35,December,2.68,2.66
12/7/2023 23:40,December,2.8,2.78
12/7/2023 23:45,December,2.8,2.78
12/7/2023 23:50,December,2.98,2.95
12/7/2023 23:55,December,2.02,2
12/8/2023 0:00,December,2.48,2.46
12/8/2023 0:05,December,3.43,3.41
12/8/2023 0:10,December,3.43,3.4
12/8/2023 0:15,December,3.46,3.43
12/8/2023 0:20,December,3.48,3.45
12/8/2023 0:25,December,3.51,3.48
12/8/2023 0:30,December,3.51,3.47
12/8/2023 0:35,December,3.48,3.45
12/8/2023 0:40,December,3.5,3.47
12/8/2023 0:45,December,3.44,3.41
12/8/2023 0:50,December,3.42,3.39
12/8/2023 0:55,December,3.2,3.17
12/8/2023 1:00,December,2.97,2.94
12/8/2023 1:05,December,2.69,2.66
12/8/2023 1:10,December,0,0
12/8/2023 1:15,December,0,0
12/8/2023 1:20,December,1.5,1.48
12/8/2023 1:25,December,1.5,1.48
12/8/2023 1:30,December,2.68,2.66
12/8/2023 1:35,December,2.68,2.66
12/8/2023 1:40,December,2.68,2.66
12/8/2023 1:45,December,2.68,2.66
12/8/2023 1:50,December,2.68,2.66
12/8/2023 1:55,December,2.68,2.66
12/8/2023 2:00,December,2.98,2.96
12/8/2023 2:05,December,3.36,3.33
12/8/2023 2:10,December,3.37,3.34
12/8/2023 2:15,December,2.99,2.97
12/8/2023 2:20,December,3.41,3.38
12/8/2023 2:25,December,3.41,3.38
12/8/2023 2:30,December,3.43,3.41
12/8/2023 2:35,December,3.44,3.41
12/8/2023 2:40,December,3.41,3.39
12/8/2023 2:45,December,3,2.97
12/8/2023 2:50,December,3.19,3.17
12/8/2023 2:55,December,3.23,3.21
12/8/2023 3:00,December,2.99,2.97
12/8/2023 3:05,December,3.05,3.03
12/8/2023 3:10,December,3.09,3.07
12/8/2023 3:15,December,2.99,2.97
12/8/2023 3:20,December,3.22,3.2
12/8/2023 3:25,December,3.09,3.07
12/8/2023 3:30,December,3.39,3.36
12/8/2023 3:35,December,3.42,3.39
12/8/2023 3:40,December,3.24,3.21
12/8/2023 3:45,December,3.39,3.37
12/8/2023 3:50,December,3.39,3.37
12/8/2023 3:55,December,3.39,3.37
12/8/2023 4:00,December,3.06,3.04
12/8/2023 4:05,December,3.04,3.02
12/8/2023 4:10,December,3.05,3.03
12/8/2023 4:15,December,3.04,3.02
12/8/2023 4:20,December,3.05,3.03
12/8/2023 4:25,December,3.13,3.11
12/8/2023 4:30,December,2.99,2.97
12/8/2023 4:35,December,2.99,2.97
12/8/2023 4:40,December,3,2.98
12/8/2023 4:45,December,3.03,3.01
12/8/2023 4:50,December,3.05,3.02
12/8/2023 4:55,December,3.05,3.03
12/8/2023 5:00,December,3.2,3.18
12/8/2023 5:05,December,3.2,3.18
12/8/2023 5:10,December,3.07,3.04
12/8/2023 5:15,December,3.04,3.02
12/8/2023 5:20,December,3.05,3.03
12/8/2023 5:25,December,3.05,3.03
12/8/2023 5:30,December,3.05,3.02
12/8/2023 5:35,December,3.05,3.03
12/8/2023 5:40,December,2.18,2.16
12/8/2023 5:45,December,3,2.98
12/8/2023 5:50,December,3.01,2.99
12/8/2023 5:55,December,2.99,2.97
12/8/2023 6:00,December,3,2.98
12/8/2023 6:05,December,0,0
12/8/2023 6:10,December,0,0
12/8/2023 6:15,December,0,0
12/8/2023 6:20,December,0.99,0.98
12/8/2023 6:25,December,0,0
12/8/2023 6:30,December,0,0
12/8/2023 6:35,December,0,0
12/8/2023 6:40,December,0.98,0.97
12/8/2023 6:45,December,1.82,1.81
12/8/2023 6:50,December,2.77,2.76
12/8/2023 6:55,December,2.54,2.53
12/8/2023 7:00,December,2.77,2.76
12/8/2023 7:05,December,0,0
12/8/2023 7:10,December,0,0
12/8/2023 7:15,December,0,0
12/8/2023 7:20,December,0,0
12/8/2023 7:25,December,0,0
12/8/2023 7:30,December,0,0
12/8/2023 7:35,December,3.55,3.55
12/8/2023 7:40,December,3.47,3.47
12/8/2023 7:45,December,3.5,3.49
12/8/2023 7:50,December,3.5,3.49
12/8/2023 7:55,December,3.48,3.47
12/8/2023 8:00,December,3.51,3.5
12/8/2023 8:05,December,2.78,2.77
12/8/2023 8:10,December,0,0
12/8/2023 8:15,December,2.68,2.67
12/8/2023 8:20,December,2.77,2.77
12/8/2023 8:25,December,3.17,3.17
12/8/2023 8:30,December,3.32,3.32
12/8/2023 8:35,December,2.93,2.93
12/8/2023 8:40,December,3.42,3.42
12/8/2023 8:45,December,2.95,2.95
12/8/2023 8:50,December,2.95,2.95
12/8/2023 8:55,December,2.95,2.94
12/8/2023 9:00,December,3.32,3.31
12/8/2023 9:05,December,0,0
12/8/2023 9:10,December,0,0
12/8/2023 9:15,December,2.7,2.7
12/8/2023 9:20,December,2.94,2.94
12/8/2023 9:25,December,3.4,3.4
12/8/2023 9:30,December,3.44,3.44
12/8/2023 9:35,December,3.42,3.42
12/8/2023 9:40,December,3.45,3.45
12/8/2023 9:45,December,3.67,3.67
12/8/2023 9:50,December,3.52,3.52
12/8/2023 9:55,December,3.66,3.66
12/8/2023 10:00,December,3.6,3.6
12/8/2023 10:05,December,0,0
12/8/2023 10:10,December,2.75,2.75
12/8/2023 10:15,December,3.33,3.33
12/8/2023 10:20,December,3.41,3.41
12/8/2023 10:25,December,3.46,3.45
12/8/2023 10:30,December,3.48,3.48
12/8/2023 10:35,December,3.64,3.65
12/8/2023 10:40,December,3.68,3.69
12/8/2023 10:45,December,3.68,3.69
12/8/2023 10:50,December,3.64,3.65
12/8/2023 10:55,December,3.44,3.45
12/8/2023 11:00,December,3.44,3.44
12/8/2023 11:05,December,2.83,2.83
12/8/2023 11:10,December,2.93,2.92
12/8/2023 11:15,December,2.92,2.92
12/8/2023 11:20,December,2.92,2.92
12/8/2023 11:25,December,2.64,2.65
12/8/2023 11:30,December,2.91,2.92
12/8/2023 11:35,December,2.91,2.92
12/8/2023 11:40,December,2.16,2.17
12/8/2023 11:45,December,2.75,2.75
12/8/2023 11:50,December,2.65,2.65
12/8/2023 11:55,December,2.65,2.65
12/8/2023 12:00,December,2.65,2.65
12/8/2023 12:05,December,0,0
12/8/2023 12:10,December,2.17,2.17
12/8/2023 12:15,December,2.65,2.65
12/8/2023 12:20,December,2.65,2.65
12/8/2023 12:25,December,2.65,2.65
12/8/2023 12:30,December,2.75,2.75
12/8/2023 12:35,December,2.65,2.65
12/8/2023 12:40,December,2.62,2.62
12/8/2023 12:45,December,2.85,2.86
12/8/2023 12:50,December,2.65,2.66
12/8/2023 12:55,December,2.65,2.66
12/8/2023 13:00,December,3.23,3.23
12/8/2023 13:05,December,2.82,2.82
12/8/2023 13:10,December,2.76,2.76
12/8/2023 13:15,December,2.91,2.91
12/8/2023 13:20,December,3.31,3.31
12/8/2023 13:25,December,3.29,3.29
12/8/2023 13:30,December,3.35,3.35
12/8/2023 13:35,December,3.42,3.42
12/8/2023 13:40,December,3.35,3.35
12/8/2023 13:45,December,3.44,3.44
12/8/2023 13:50,December,3.41,3.41
12/8/2023 13:55,December,3.39,3.38
12/8/2023 14:00,December,3.38,3.38
12/8/2023 14:05,December,2.92,2.91
12/8/2023 14:10,December,2.92,2.92
12/8/2023 14:15,December,2.99,2.98
12/8/2023 14:20,December,3.43,3.42
12/8/2023 14:25,December,3.45,3.44
12/8/2023 14:30,December,3.45,3.44
12/8/2023 14:35,December,3.41,3.4
12/8/2023 14:40,December,3.41,3.4
12/8/2023 14:45,December,3.36,3.36
12/8/2023 14:50,December,2.92,2.91
12/8/2023 14:55,December,2.37,2.36
12/8/2023 15:00,December,2.67,2.66
12/8/2023 15:05,December,2.78,2.76
12/8/2023 15:10,December,2.78,2.77
12/8/2023 15:15,December,2.93,2.91
12/8/2023 15:20,December,2.78,2.77
12/8/2023 15:25,December,2.94,2.92
12/8/2023 15:30,December,2.98,2.97
12/8/2023 15:35,December,2.94,2.93
12/8/2023 15:40,December,3.34,3.33
12/8/2023 15:45,December,2.93,2.91
12/8/2023 15:50,December,2.93,2.91
12/8/2023 15:55,December,2.17,2.15
12/8/2023 16:00,December,2.94,2.92
12/8/2023 16:05,December,3.35,3.33
12/8/2023 16:10,December,3.01,2.99
12/8/2023 16:15,December,2.94,2.92
12/8/2023 16:20,December,2.98,2.96
12/8/2023 16:25,December,2.96,2.94
12/8/2023 16:30,December,3.36,3.33
12/8/2023 16:35,December,3.35,3.33
12/8/2023 16:40,December,3.34,3.32
12/8/2023 16:45,December,3.35,3.32
12/8/2023 16:50,December,3.14,3.11
12/8/2023 16:55,December,2.95,2.92
12/8/2023 17:00,December,2.95,2.92
12/8/2023 17:05,December,2.95,2.92
12/8/2023 17:10,December,2.94,2.92
12/8/2023 17:15,December,2.94,2.92
12/8/2023 17:20,December,3.34,3.32
12/8/2023 17:25,December,3.34,3.31
12/8/2023 17:30,December,3.89,3.86
12/8/2023 17:35,December,10.61,10.52
12/8/2023 17:40,December,13.84,13.73
12/8/2023 17:45,December,15.42,15.3
12/8/2023 17:50,December,13.44,13.33
12/8/2023 17:55,December,10.53,10.44
12/8/2023 18:00,December,4.75,4.71
12/8/2023 18:05,December,3.7,3.67
12/8/2023 18:10,December,4.37,4.33
12/8/2023 18:15,December,3.38,3.35
12/8/2023 18:20,December,3.34,3.3
12/8/2023 18:25,December,3.34,3.31
12/8/2023 18:30,December,3.34,3.31
12/8/2023 18:35,December,3.33,3.3
12/8/2023 18:40,December,3.33,3.3
12/8/2023 18:45,December,2.93,2.9
12/8/2023 18:50,December,3,2.98
12/8/2023 18:55,December,3.07,3.05
12/8/2023 19:00,December,2.87,2.85
12/8/2023 19:05,December,3.37,3.34
12/8/2023 19:10,December,3.37,3.35
12/8/2023 19:15,December,2.9,2.88
12/8/2023 19:20,December,2.96,2.94
12/8/2023 19:25,December,2.94,2.92
12/8/2023 19:30,December,2.88,2.85
12/8/2023 19:35,December,2.94,2.91
12/8/2023 19:40,December,2.94,2.92
12/8/2023 19:45,December,2.92,2.9
12/8/2023 19:50,December,2.87,2.85
12/8/2023 19:55,December,2.87,2.84
12/8/2023 20:00,December,2.87,2.85
12/8/2023 20:05,December,2.99,2.96
12/8/2023 20:10,December,2.92,2.9
12/8/2023 20:15,December,2.94,2.92
12/8/2023 20:20,December,2.93,2.91
12/8/2023 20:25,December,2.93,2.9
12/8/2023 20:30,December,2.94,2.92
12/8/2023 20:35,December,2.9,2.88
12/8/2023 20:40,December,2.78,2.76
12/8/2023 20:45,December,2.81,2.78
12/8/2023 20:50,December,3.38,3.35
12/8/2023 20:55,December,3.32,3.3
12/8/2023 21:00,December,2.91,2.89
12/8/2023 21:05,December,33,32.7
12/8/2023 21:10,December,3.68,3.64
12/8/2023 21:15,December,3.37,3.34
12/8/2023 21:20,December,3.37,3.34
12/8/2023 21:25,December,3.7,3.66
12/8/2023 21:30,December,2.81,2.78
12/8/2023 21:35,December,2.96,2.94
12/8/2023 21:40,December,2.81,2.78
12/8/2023 21:45,December,2.81,2.78
12/8/2023 21:50,December,2.81,2.78
12/8/2023 21:55,December,2.97,2.94
12/8/2023 22:00,December,3.66,3.62
12/8/2023 22:05,December,29.95,29.67
12/8/2023 22:10,December,4.38,4.33
12/8/2023 22:15,December,4.1,4.06
12/8/2023 22:20,December,3.7,3.66
12/8/2023 22:25,December,3.47,3.43
12/8/2023 22:30,December,3.74,3.7
12/8/2023 22:35,December,3.76,3.72
12/8/2023 22:40,December,3.75,3.71
12/8/2023 22:45,December,3.71,3.67
12/8/2023 22:50,December,2.81,2.78
12/8/2023 22:55,December,2.97,2.94
12/8/2023 23:00,December,2.97,2.94
12/8/2023 23:05,December,2.97,2.94
12/8/2023 23:10,December,3.68,3.64
12/8/2023 23:15,December,3.31,3.27
12/8/2023 23:20,December,3.88,3.84
12/8/2023 23:25,December,3.71,3.67
12/8/2023 23:30,December,2.7,2.67
12/8/2023 23:35,December,2.73,2.7
12/8/2023 23:40,December,2.73,2.7
12/8/2023 23:45,December,2.73,2.7
12/8/2023 23:50,December,2.74,2.71
12/8/2023 23:55,December,2.73,2.7
12/9/2023 0:00,December,2.73,2.7
12/9/2023 0:05,December,24.86,24.61
12/9/2023 0:10,December,3.51,3.47
12/9/2023 0:15,December,3.68,3.64
12/9/2023 0:20,December,3.73,3.69
12/9/2023 0:25,December,3.52,3.49
12/9/2023 0:30,December,3.69,3.65
12/9/2023 0:35,December,3.52,3.48
12/9/2023 0:40,December,3.7,3.66
12/9/2023 0:45,December,3.58,3.54
12/9/2023 0:50,December,3.52,3.48
12/9/2023 0:55,December,3.48,3.44
12/9/2023 1:00,December,3.49,3.45
12/9/2023 1:05,December,3.35,3.32
12/9/2023 1:10,December,2.76,2.73
12/9/2023 1:15,December,3.02,2.99
12/9/2023 1:20,December,3.51,3.47
12/9/2023 1:25,December,3.72,3.68
12/9/2023 1:30,December,3.4,3.37
12/9/2023 1:35,December,2.97,2.94
12/9/2023 1:40,December,2.93,2.9
12/9/2023 1:45,December,3.02,2.99
12/9/2023 1:50,December,2.97,2.94
12/9/2023 1:55,December,3.01,2.98
12/9/2023 2:00,December,3.31,3.27
12/9/2023 2:05,December,3.2,3.16
12/9/2023 2:10,December,2.97,2.94
12/9/2023 2:15,December,2.77,2.74
12/9/2023 2:20,December,2.75,2.72
12/9/2023 2:25,December,2.79,2.76
12/9/2023 2:30,December,2.75,2.73
12/9/2023 2:35,December,2.81,2.79
12/9/2023 2:40,December,2.74,2.71
12/9/2023 2:45,December,2.72,2.69
12/9/2023 2:50,December,2.75,2.72
12/9/2023 2:55,December,2.76,2.73
12/9/2023 3:00,December,2.71,2.68
12/9/2023 3:05,December,2.78,2.76
12/9/2023 3:10,December,2.81,2.79
12/9/2023 3:15,December,2.74,2.71
12/9/2023 3:20,December,2.79,2.77
12/9/2023 3:25,December,2.79,2.76
12/9/2023 3:30,December,2.75,2.72
12/9/2023 3:35,December,2.8,2.77
12/9/2023 3:40,December,2.74,2.71
12/9/2023 3:45,December,2.75,2.72
12/9/2023 3:50,December,2.81,2.79
12/9/2023 3:55,December,2.78,2.76
12/9/2023 4:00,December,2.78,2.76
12/9/2023 4:05,December,2.96,2.93
12/9/2023 4:10,December,2.96,2.93
12/9/2023 4:15,December,2.74,2.72
12/9/2023 4:20,December,2.73,2.71
12/9/2023 4:25,December,2.77,2.74
12/9/2023 4:30,December,2.72,2.7
12/9/2023 4:35,December,2.71,2.68
12/9/2023 4:40,December,2.73,2.71
12/9/2023 4:45,December,2.73,2.7
12/9/2023 4:50,December,2.73,2.71
12/9/2023 4:55,December,2.75,2.72
12/9/2023 5:00,December,2.78,2.76
12/9/2023 5:05,December,0,0
12/9/2023 5:10,December,2.12,2.1
12/9/2023 5:15,December,2.47,2.44
12/9/2023 5:20,December,2.68,2.66
12/9/2023 5:25,December,2.65,2.62
12/9/2023 5:30,December,2.68,2.66
12/9/2023 5:35,December,2.69,2.66
12/9/2023 5:40,December,2.68,2.66
12/9/2023 5:45,December,2.68,2.66
12/9/2023 5:50,December,2.69,2.66
12/9/2023 5:55,December,2.68,2.66
12/9/2023 6:00,December,2.68,2.66
12/9/2023 6:05,December,0,0
12/9/2023 6:10,December,0,0
12/9/2023 6:15,December,0,0
12/9/2023 6:20,December,0,0
12/9/2023 6:25,December,0,0
12/9/2023 6:30,December,0,0
12/9/2023 6:35,December,0,0
12/9/2023 6:40,December,0,0
12/9/2023 6:45,December,0,0
12/9/2023 6:50,December,0,0
12/9/2023 6:55,December,0,0
12/9/2023 7:00,December,1.77,1.75
12/9/2023 7:05,December,0,0
12/9/2023 7:10,December,0,0
12/9/2023 7:15,December,0,0
12/9/2023 7:20,December,2.66,2.64
12/9/2023 7:25,December,2.69,2.68
12/9/2023 7:30,December,2.66,2.65
12/9/2023 7:35,December,2.66,2.64
12/9/2023 7:40,December,2.66,2.64
12/9/2023 7:45,December,2.74,2.73
12/9/2023 7:50,December,2.77,2.76
12/9/2023 7:55,December,3.22,3.21
12/9/2023 8:00,December,3.3,3.28
12/9/2023 8:05,December,2.63,2.62
12/9/2023 8:10,December,2.68,2.67
12/9/2023 8:15,December,2.68,2.67
12/9/2023 8:20,December,2.05,2.04
12/9/2023 8:25,December,2.64,2.63
12/9/2023 8:30,December,2.65,2.64
12/9/2023 8:35,December,2.67,2.66
12/9/2023 8:40,December,2.68,2.67
12/9/2023 8:45,December,2.66,2.65
12/9/2023 8:50,December,2.62,2.62
12/9/2023 8:55,December,2.64,2.64
12/9/2023 9:00,December,2.95,2.95
12/9/2023 9:05,December,0,0
12/9/2023 9:10,December,2.58,2.58
12/9/2023 9:15,December,2.59,2.59
12/9/2023 9:20,December,2.65,2.65
12/9/2023 9:25,December,2.75,2.75
12/9/2023 9:30,December,2.93,2.93
12/9/2023 9:35,December,3.31,3.31
12/9/2023 9:40,December,3.46,3.46
12/9/2023 9:45,December,3.28,3.28
12/9/2023 9:50,December,2.93,2.93
12/9/2023 9:55,December,2.93,2.93
12/9/2023 10:00,December,2.92,2.93
12/9/2023 10:05,December,2.75,2.75
12/9/2023 10:10,December,2.75,2.75
12/9/2023 10:15,December,2.92,2.93
12/9/2023 10:20,December,2.93,2.93
12/9/2023 10:25,December,3.45,3.45
12/9/2023 10:30,December,3.45,3.45
12/9/2023 10:35,December,3.2,3.2
12/9/2023 10:40,December,3.09,3.1
12/9/2023 10:45,December,3.44,3.45
12/9/2023 10:50,December,3.38,3.38
12/9/2023 10:55,December,3.43,3.44
12/9/2023 11:00,December,3.44,3.45
12/9/2023 11:05,December,3.21,3.22
12/9/2023 11:10,December,3.44,3.45
12/9/2023 11:15,December,3.44,3.45
12/9/2023 11:20,December,3.42,3.43
12/9/2023 11:25,December,3.44,3.44
12/9/2023 11:30,December,2.91,2.92
12/9/2023 11:35,December,3.04,3.05
12/9/2023 11:40,December,2.91,2.92
12/9/2023 11:45,December,2.63,2.63
12/9/2023 11:50,December,2.76,2.77
12/9/2023 11:55,December,2.63,2.64
12/9/2023 12:00,December,2.61,2.62
12/9/2023 12:05,December,2.6,2.61
12/9/2023 12:10,December,2.57,2.58
12/9/2023 12:15,December,2.77,2.77
12/9/2023 12:20,December,2.61,2.62
12/9/2023 12:25,December,2.63,2.64
12/9/2023 12:30,December,2.63,2.64
12/9/2023 12:35,December,2.75,2.76
12/9/2023 12:40,December,2.91,2.92
12/9/2023 12:45,December,2.91,2.92
12/9/2023 12:50,December,2.91,2.92
12/9/2023 12:55,December,3.18,3.19
12/9/2023 13:00,December,3.22,3.23
12/9/2023 13:05,December,4.49,4.51
12/9/2023 13:10,December,2.76,2.77
12/9/2023 13:15,December,3.68,3.69
12/9/2023 13:20,December,3.43,3.44
12/9/2023 13:25,December,3.68,3.69
12/9/2023 13:30,December,3.23,3.24
12/9/2023 13:35,December,3.63,3.64
12/9/2023 13:40,December,3.63,3.64
12/9/2023 13:45,December,3.48,3.49
12/9/2023 13:50,December,3.92,3.92
12/9/2023 13:55,December,3.68,3.69
12/9/2023 14:00,December,3.78,3.78
12/9/2023 14:05,December,3.69,3.7
12/9/2023 14:10,December,3.69,3.7
12/9/2023 14:15,December,13.74,13.76
12/9/2023 14:20,December,8.73,8.74
12/9/2023 14:25,December,8.74,8.75
12/9/2023 14:30,December,4.16,4.17
12/9/2023 14:35,December,4.16,4.17
12/9/2023 14:40,December,3.96,3.96
12/9/2023 14:45,December,3.7,3.7
12/9/2023 14:50,December,3.7,3.7
12/9/2023 14:55,December,3.66,3.66
12/9/2023 15:00,December,3.59,3.59
12/9/2023 15:05,December,3.69,3.69
12/9/2023 15:10,December,4.04,4.04
12/9/2023 15:15,December,3.88,3.88
12/9/2023 15:20,December,3.96,3.96
12/9/2023 15:25,December,4.21,4.21
12/9/2023 15:30,December,4.09,4.08
12/9/2023 15:35,December,4.38,4.37
12/9/2023 15:40,December,4.1,4.1
12/9/2023 15:45,December,4.02,4.02
12/9/2023 15:50,December,4.02,4.02
12/9/2023 15:55,December,4.03,4.02
12/9/2023 16:00,December,3.51,3.5
12/9/2023 16:05,December,3.53,3.52
12/9/2023 16:10,December,3.38,3.37
12/9/2023 16:15,December,3.69,3.68
12/9/2023 16:20,December,3.71,3.69
12/9/2023 16:25,December,4.09,4.07
12/9/2023 16:30,December,3.73,3.71
12/9/2023 16:35,December,3.72,3.7
12/9/2023 16:40,December,3.73,3.71
12/9/2023 16:45,December,3.7,3.68
12/9/2023 16:50,December,3.71,3.69
12/9/2023 16:55,December,3.71,3.69
12/9/2023 17:00,December,3.4,3.38
12/9/2023 17:05,December,2.73,2.72
12/9/2023 17:10,December,2.96,2.94
12/9/2023 17:15,December,3.38,3.37
12/9/2023 17:20,December,3.69,3.67
12/9/2023 17:25,December,4.04,4.02
12/9/2023 17:30,December,4.1,4.08
12/9/2023 17:35,December,4.92,4.89
12/9/2023 17:40,December,11.76,11.69
12/9/2023 17:45,December,12.6,12.53
12/9/2023 17:50,December,11.42,11.35
12/9/2023 17:55,December,10.5,10.44
12/9/2023 18:00,December,4.42,4.4
12/9/2023 18:05,December,4.3,4.28
12/9/2023 18:10,December,4.11,4.09
12/9/2023 18:15,December,4.21,4.18
12/9/2023 18:20,December,4.13,4.1
12/9/2023 18:25,December,4.36,4.34
12/9/2023 18:30,December,4.07,4.05
12/9/2023 18:35,December,4.23,4.21
12/9/2023 18:40,December,3.72,3.7
12/9/2023 18:45,December,3.72,3.7
12/9/2023 18:50,December,2.79,2.77
12/9/2023 18:55,December,3.34,3.32
12/9/2023 19:00,December,3.66,3.64
12/9/2023 19:05,December,3.71,3.69
12/9/2023 19:10,December,3.41,3.39
12/9/2023 19:15,December,3.39,3.37
12/9/2023 19:20,December,3.72,3.7
12/9/2023 19:25,December,3.63,3.61
12/9/2023 19:30,December,3.38,3.36
12/9/2023 19:35,December,3.42,3.4
12/9/2023 19:40,December,3.39,3.37
12/9/2023 19:45,December,3.39,3.37
12/9/2023 19:50,December,3.39,3.37
12/9/2023 19:55,December,3.36,3.34
12/9/2023 20:00,December,3.03,3.01
12/9/2023 20:05,December,2.95,2.94
12/9/2023 20:10,December,3.38,3.36
12/9/2023 20:15,December,3.7,3.68
12/9/2023 20:20,December,9.24,9.18
12/9/2023 20:25,December,4.01,3.99
12/9/2023 20:30,December,3.39,3.37
12/9/2023 20:35,December,3.44,3.42
12/9/2023 20:40,December,3.71,3.69
12/9/2023 20:45,December,3.74,3.72
12/9/2023 20:50,December,3.55,3.52
12/9/2023 20:55,December,3.46,3.44
12/9/2023 21:00,December,3.44,3.42
12/9/2023 21:05,December,30.25,30.02
12/9/2023 21:10,December,15.5,15.39
12/9/2023 21:15,December,4.9,4.87
12/9/2023 21:20,December,4.43,4.4
12/9/2023 21:25,December,4.4,4.37
12/9/2023 21:30,December,4.43,4.4
12/9/2023 21:35,December,4.39,4.36
12/9/2023 21:40,December,4.44,4.4
12/9/2023 21:45,December,3.72,3.69
12/9/2023 21:50,December,3.83,3.8
12/9/2023 21:55,December,3.71,3.68
12/9/2023 22:00,December,3.38,3.35
12/9/2023 22:05,December,11.78,11.69
12/9/2023 22:10,December,4.6,4.57
12/9/2023 22:15,December,4.44,4.41
12/9/2023 22:20,December,4.04,4.01
12/9/2023 22:25,December,3.88,3.85
12/9/2023 22:30,December,3.88,3.85
12/9/2023 22:35,December,3.93,3.89
12/9/2023 22:40,December,3.88,3.85
12/9/2023 22:45,December,3.3,3.27
12/9/2023 22:50,December,3.45,3.42
12/9/2023 22:55,December,3.57,3.54
12/9/2023 23:00,December,3.41,3.38
12/9/2023 23:05,December,3.77,3.74
12/9/2023 23:10,December,3.66,3.63
12/9/2023 23:15,December,3.56,3.53
12/9/2023 23:20,December,3.55,3.52
12/9/2023 23:25,December,13.87,13.75
12/9/2023 23:30,December,3.94,3.9
12/9/2023 23:35,December,3.71,3.68
12/9/2023 23:40,December,3.55,3.51
12/9/2023 23:45,December,3.56,3.53
12/9/2023 23:50,December,3.08,3.05
12/9/2023 23:55,December,3.25,3.22
12/10/2023 0:00,December,3.06,3.03
12/10/2023 0:05,December,3.51,3.48
12/10/2023 0:10,December,3.51,3.48
12/10/2023 0:15,December,3.51,3.48
12/10/2023 0:20,December,3.5,3.47
12/10/2023 0:25,December,3.51,3.47
12/10/2023 0:30,December,3.52,3.49
12/10/2023 0:35,December,3.51,3.48
12/10/2023 0:40,December,3.51,3.48
12/10/2023 0:45,December,3.51,3.48
12/10/2023 0:50,December,3.51,3.47
12/10/2023 0:55,December,3.51,3.47
12/10/2023 1:00,December,3.39,3.36
12/10/2023 1:05,December,3.48,3.44
12/10/2023 1:10,December,3.51,3.47
12/10/2023 1:15,December,3.5,3.47
12/10/2023 1:20,December,3.05,3.02
12/10/2023 1:25,December,3.37,3.34
12/10/2023 1:30,December,3.03,3.01
12/10/2023 1:35,December,3.05,3.02
12/10/2023 1:40,December,3.25,3.22
12/10/2023 1:45,December,2.96,2.93
12/10/2023 1:50,December,3.02,2.99
12/10/2023 1:55,December,2.96,2.93
12/10/2023 2:00,December,2.87,2.85
12/10/2023 2:05,December,10.57,10.47
12/10/2023 2:10,December,3.7,3.66
12/10/2023 2:15,December,3.49,3.46
12/10/2023 2:20,December,3.49,3.46
12/10/2023 2:25,December,3.5,3.47
12/10/2023 2:30,December,3.49,3.45
12/10/2023 2:35,December,3.49,3.45
12/10/2023 2:40,December,3.49,3.46
12/10/2023 2:45,December,3.49,3.45
12/10/2023 2:50,December,3.49,3.46
12/10/2023 2:55,December,3.47,3.44
12/10/2023 3:00,December,3.47,3.43
12/10/2023 3:05,December,3.49,3.46
12/10/2023 3:10,December,3.49,3.46
12/10/2023 3:15,December,2.97,2.94
12/10/2023 3:20,December,3.05,3.02
12/10/2023 3:25,December,3.33,3.29
12/10/2023 3:30,December,3.35,3.32
12/10/2023 3:35,December,3.31,3.28
12/10/2023 3:40,December,3.04,3.01
12/10/2023 3:45,December,2.96,2.93
12/10/2023 3:50,December,2.96,2.93
12/10/2023 3:55,December,2.96,2.93
12/10/2023 4:00,December,2.8,2.77
12/10/2023 4:05,December,2.96,2.93
12/10/2023 4:10,December,2.98,2.95
12/10/2023 4:15,December,2.95,2.92
12/10/2023 4:20,December,2.93,2.9
12/10/2023 4:25,December,3.02,2.99
12/10/2023 4:30,December,3.27,3.24
12/10/2023 4:35,December,3.61,3.57
12/10/2023 4:40,December,3.88,3.84
12/10/2023 4:45,December,3.7,3.66
12/10/2023 4:50,December,3.7,3.66
12/10/2023 4:55,December,3.7,3.66
12/10/2023 5:00,December,3.7,3.66
12/10/2023 5:05,December,3.94,3.9
12/10/2023 5:10,December,5.87,5.81
12/10/2023 5:15,December,3.75,3.71
12/10/2023 5:20,December,10.53,10.42
12/10/2023 5:25,December,3.82,3.78
12/10/2023 5:30,December,3.48,3.44
12/10/2023 5:35,December,3.73,3.69
12/10/2023 5:40,December,3.47,3.44
12/10/2023 5:45,December,3.7,3.66
12/10/2023 5:50,December,3.78,3.74
12/10/2023 5:55,December,3.78,3.74
12/10/2023 6:00,December,4.04,4
12/10/2023 6:05,December,2.33,2.31
12/10/2023 6:10,December,2.8,2.77
12/10/2023 6:15,December,2.94,2.92
12/10/2023 6:20,December,2.88,2.86
12/10/2023 6:25,December,3.32,3.3
12/10/2023 6:30,December,3,2.97
12/10/2023 6:35,December,2.79,2.77
12/10/2023 6:40,December,0,0
12/10/2023 6:45,December,2.77,2.76
12/10/2023 6:50,December,2.77,2.76
12/10/2023 6:55,December,2.76,2.75
12/10/2023 7:00,December,2.37,2.36
12/10/2023 7:05,December,-0.01,-0.01
12/10/2023 7:10,December,-0.01,-0.01
12/10/2023 7:15,December,-0.01,-0.01
12/10/2023 7:20,December,-0.01,-0.01
12/10/2023 7:25,December,0,0
12/10/2023 7:30,December,0,0
12/10/2023 7:35,December,0,0
12/10/2023 7:40,December,0,0
12/10/2023 7:45,December,0,0
12/10/2023 7:50,December,0,0
12/10/2023 7:55,December,2.74,2.74
12/10/2023 8:00,December,2.74,2.74
12/10/2023 8:05,December,2.88,2.88
12/10/2023 8:10,December,0,0
12/10/2023 8:15,December,0,0
12/10/2023 8:20,December,0,0
12/10/2023 8:25,December,0,0
12/10/2023 8:30,December,0,0
12/10/2023 8:35,December,2.57,2.57
12/10/2023 8:40,December,-0.01,-0.01
12/10/2023 8:45,December,0,0
12/10/2023 8:50,December,0,0
12/10/2023 8:55,December,2.68,2.69
12/10/2023 9:00,December,2.88,2.88
12/10/2023 9:05,December,-0.01,-0.01
12/10/2023 9:10,December,-0.01,-0.01
12/10/2023 9:15,December,0,0
12/10/2023 9:20,December,2.31,2.32
12/10/2023 9:25,December,0,0
12/10/2023 9:30,December,2.68,2.7
12/10/2023 9:35,December,2.68,2.7
12/10/2023 9:40,December,2.68,2.7
12/10/2023 9:45,December,3.4,3.42
12/10/2023 9:50,December,3,3.01
12/10/2023 9:55,December,2.88,2.89
12/10/2023 10:00,December,2.82,2.83
12/10/2023 10:05,December,2.31,2.33
12/10/2023 10:10,December,2.8,2.81
12/10/2023 10:15,December,2.7,2.71
12/10/2023 10:20,December,2.76,2.78
12/10/2023 10:25,December,2.73,2.74
12/10/2023 10:30,December,2.73,2.74
12/10/2023 10:35,December,2.87,2.89
12/10/2023 10:40,December,2.85,2.87
12/10/2023 10:45,December,2.87,2.89
12/10/2023 10:50,December,2.88,2.89
12/10/2023 10:55,December,3.26,3.28
12/10/2023 11:00,December,2.89,2.89
12/10/2023 11:05,December,2.76,2.78
12/10/2023 11:10,December,2.76,2.78
12/10/2023 11:15,December,2.33,2.34
12/10/2023 11:20,December,2.73,2.75
12/10/2023 11:25,December,2.76,2.78
12/10/2023 11:30,December,2.76,2.78
12/10/2023 11:35,December,2.76,2.78
12/10/2023 11:40,December,2.74,2.76
12/10/2023 11:45,December,2.76,2.78
12/10/2023 11:50,December,2.75,2.84
12/10/2023 11:55,December,2.74,2.75
12/10/2023 12:00,December,2.28,2.3
12/10/2023 12:05,December,3.32,3.34
12/10/2023 12:10,December,2.99,3.01
12/10/2023 12:15,December,2.94,2.96
12/10/2023 12:20,December,2.98,3
12/10/2023 12:25,December,2.88,2.9
12/10/2023 12:30,December,2.76,2.78
12/10/2023 12:35,December,3.36,3.38
12/10/2023 12:40,December,3,3.02
12/10/2023 12:45,December,3.01,3.03
12/10/2023 12:50,December,3,3.02
12/10/2023 12:55,December,2.9,2.92
12/10/2023 13:00,December,3.48,3.5
12/10/2023 13:05,December,2.77,2.78
12/10/2023 13:10,December,2.89,2.91
12/10/2023 13:15,December,3.32,3.34
12/10/2023 13:20,December,2.89,2.91
12/10/2023 13:25,December,3.35,3.37
12/10/2023 13:30,December,3.44,3.46
12/10/2023 13:35,December,3.39,3.41
12/10/2023 13:40,December,3.45,3.47
12/10/2023 13:45,December,3.45,3.47
12/10/2023 13:50,December,2.93,2.95
12/10/2023 13:55,December,3.46,3.49
12/10/2023 14:00,December,3.51,3.53
12/10/2023 14:05,December,3.47,3.49
12/10/2023 14:10,December,3.51,3.53
12/10/2023 14:15,December,3.65,3.67
12/10/2023 14:20,December,3.52,3.54
12/10/2023 14:25,December,3.52,3.54
12/10/2023 14:30,December,3.52,3.54
12/10/2023 14:35,December,3.49,3.51
12/10/2023 14:40,December,3.52,3.55
12/10/2023 14:45,December,3.52,3.54
12/10/2023 14:50,December,3.53,3.55
12/10/2023 14:55,December,3.64,3.66
12/10/2023 15:00,December,3.53,3.54
12/10/2023 15:05,December,3.89,3.91
12/10/2023 15:10,December,3.66,3.68
12/10/2023 15:15,December,3.58,3.6
12/10/2023 15:20,December,3.57,3.59
12/10/2023 15:25,December,3.57,3.58
12/10/2023 15:30,December,3.9,3.92
12/10/2023 15:35,December,3.85,3.86
12/10/2023 15:40,December,3.67,3.67
12/10/2023 15:45,December,3.59,3.59
12/10/2023 15:50,December,3.67,3.67
12/10/2023 15:55,December,3.67,3.67
12/10/2023 16:00,December,3.66,3.67
12/10/2023 16:05,December,3.66,3.67
12/10/2023 16:10,December,3.53,3.53
12/10/2023 16:15,December,3.55,3.55
12/10/2023 16:20,December,3.66,3.66
12/10/2023 16:25,December,3.67,3.66
12/10/2023 16:30,December,3.88,3.88
12/10/2023 16:35,December,3.86,3.86
12/10/2023 16:40,December,3.57,3.57
12/10/2023 16:45,December,3.59,3.59
12/10/2023 16:50,December,3.71,3.7
12/10/2023 16:55,December,3.71,3.7
12/10/2023 17:00,December,3.7,3.7
12/10/2023 17:05,December,3.3,3.3
12/10/2023 17:10,December,3.41,3.4
12/10/2023 17:15,December,3.51,3.51
12/10/2023 17:20,December,3.65,3.65
12/10/2023 17:25,December,3.74,3.74
12/10/2023 17:30,December,8.92,8.92
12/10/2023 17:35,December,8.96,8.96
12/10/2023 17:40,December,10.56,10.55
12/10/2023 17:45,December,9.01,9
12/10/2023 17:50,December,11.8,11.79
12/10/2023 17:55,December,11.81,11.79
12/10/2023 18:00,December,10.59,10.57
12/10/2023 18:05,December,10.56,10.54
12/10/2023 18:10,December,9.05,9.03
12/10/2023 18:15,December,4.3,4.29
12/10/2023 18:20,December,3.8,3.79
12/10/2023 18:25,December,4.09,4.08
12/10/2023 18:30,December,4.09,4.08
12/10/2023 18:35,December,4.09,4.08
12/10/2023 18:40,December,4.09,4.08
12/10/2023 18:45,December,3.84,3.83
12/10/2023 18:50,December,3.84,3.83
12/10/2023 18:55,December,3.84,3.83
12/10/2023 19:00,December,3.67,3.66
12/10/2023 19:05,December,3.85,3.84
12/10/2023 19:10,December,3.84,3.83
12/10/2023 19:15,December,3.77,3.76
12/10/2023 19:20,December,3.78,3.77
12/10/2023 19:25,December,3.63,3.62
12/10/2023 19:30,December,3.67,3.66
12/10/2023 19:35,December,3.69,3.68
12/10/2023 19:40,December,3.68,3.67
12/10/2023 19:45,December,3.62,3.61
12/10/2023 19:50,December,3.67,3.66
12/10/2023 19:55,December,3.67,3.66
12/10/2023 20:00,December,3.58,3.57
12/10/2023 20:05,December,3.63,3.62
12/10/2023 20:10,December,3.72,3.72
12/10/2023 20:15,December,19.1,19.07
12/10/2023 20:20,December,11.82,11.8
12/10/2023 20:25,December,11.84,11.82
12/10/2023 20:30,December,8.98,8.97
12/10/2023 20:35,December,9.01,8.99
12/10/2023 20:40,December,4.88,4.87
12/10/2023 20:45,December,9.04,9.02
12/10/2023 20:50,December,4.88,4.87
12/10/2023 20:55,December,3.71,3.7
12/10/2023 21:00,December,9.02,9
12/10/2023 21:05,December,33.37,33.22
12/10/2023 21:10,December,31.55,31.44
12/10/2023 21:15,December,29.46,29.37
12/10/2023 21:20,December,21.27,21.2
12/10/2023 21:25,December,10.62,10.59
12/10/2023 21:30,December,11.85,11.81
12/10/2023 21:35,December,10.65,10.62
12/10/2023 21:40,December,19.57,19.51
12/10/2023 21:45,December,10.91,10.87
12/10/2023 21:50,December,9.11,9.07
12/10/2023 21:55,December,10.84,10.8
12/10/2023 22:00,December,10.54,10.5
12/10/2023 22:05,December,9.03,8.99
12/10/2023 22:10,December,9.03,9
12/10/2023 22:15,December,3.97,3.95
12/10/2023 22:20,December,3.96,3.95
12/10/2023 22:25,December,3.73,3.71
12/10/2023 22:30,December,3.72,3.71
12/10/2023 22:35,December,3.72,3.7
12/10/2023 22:40,December,3.72,3.7
12/10/2023 22:45,December,3.74,3.72
12/10/2023 22:50,December,3.62,3.61
12/10/2023 22:55,December,3.59,3.57
12/10/2023 23:00,December,3.58,3.56
12/10/2023 23:05,December,3.64,3.62
12/10/2023 23:10,December,3.71,3.69
12/10/2023 23:15,December,3.71,3.69
12/10/2023 23:20,December,3.71,3.69
12/10/2023 23:25,December,3.71,3.69
12/10/2023 23:30,December,3.66,3.64
12/10/2023 23:35,December,3.59,3.57
12/10/2023 23:40,December,3.35,3.33
12/10/2023 23:45,December,3.51,3.49
12/10/2023 23:50,December,3.51,3.49
12/10/2023 23:55,December,3.43,3.41
12/11/2023 0:00,December,3.49,3.47
12/11/2023 0:05,December,3.5,3.48
12/11/2023 0:10,December,3.51,3.48
12/11/2023 0:15,December,3.49,3.47
12/11/2023 0:20,December,3.51,3.49
12/11/2023 0:25,December,3.51,3.49
12/11/2023 0:30,December,3.44,3.41
12/11/2023 0:35,December,3.51,3.49
12/11/2023 0:40,December,3.06,3.04
12/11/2023 0:45,December,3.38,3.36
12/11/2023 0:50,December,3.06,3.04
12/11/2023 0:55,December,3.4,3.38
12/11/2023 1:00,December,2.82,2.8
12/11/2023 1:05,December,3.23,3.21
12/11/2023 1:10,December,3.46,3.43
12/11/2023 1:15,December,3.46,3.43
12/11/2023 1:20,December,3.42,3.39
12/11/2023 1:25,December,3.46,3.44
12/11/2023 1:30,December,3.47,3.45
12/11/2023 1:35,December,3.49,3.46
12/11/2023 1:40,December,3.7,3.67
12/11/2023 1:45,December,3.47,3.44
12/11/2023 1:50,December,3.48,3.46
12/11/2023 1:55,December,3.46,3.43
12/11/2023 2:00,December,3.48,3.46
12/11/2023 2:05,December,3.47,3.44
12/11/2023 2:10,December,3.48,3.46
12/11/2023 2:15,December,3.46,3.43
12/11/2023 2:20,December,2.95,2.93
12/11/2023 2:25,December,3.17,3.14
12/11/2023 2:30,December,2.96,2.94
12/11/2023 2:35,December,2.83,2.81
12/11/2023 2:40,December,2.94,2.92
12/11/2023 2:45,December,2.52,2.51
12/11/2023 2:50,December,2.78,2.76
12/11/2023 2:55,December,2.78,2.76
12/11/2023 3:00,December,2.78,2.76
12/11/2023 3:05,December,3.44,3.41
12/11/2023 3:10,December,2.95,2.93
12/11/2023 3:15,December,2.9,2.88
12/11/2023 3:20,December,2.83,2.81
12/11/2023 3:25,December,2.83,2.81
12/11/2023 3:30,December,2.78,2.76
12/11/2023 3:35,December,2.93,2.91
12/11/2023 3:40,December,2.83,2.81
12/11/2023 3:45,December,2.79,2.76
12/11/2023 3:50,December,3.02,3
12/11/2023 3:55,December,2.96,2.94
12/11/2023 4:00,December,2.97,2.95
12/11/2023 4:05,December,3.02,2.99
12/11/2023 4:10,December,3.18,3.15
12/11/2023 4:15,December,3.42,3.39
12/11/2023 4:20,December,3.42,3.39
12/11/2023 4:25,December,3.51,3.48
12/11/2023 4:30,December,3.48,3.46
12/11/2023 4:35,December,3.74,3.71
12/11/2023 4:40,December,3.48,3.46
12/11/2023 4:45,December,3.04,3.02
12/11/2023 4:50,December,3.43,3.4
12/11/2023 4:55,December,3.48,3.45
12/11/2023 5:00,December,3.69,3.66
12/11/2023 5:05,December,2.78,2.76
12/11/2023 5:10,December,2.84,2.82
12/11/2023 5:15,December,3.17,3.14
12/11/2023 5:20,December,3.15,3.13
12/11/2023 5:25,December,3.43,3.4
12/11/2023 5:30,December,3.35,3.32
12/11/2023 5:35,December,3.48,3.45
12/11/2023 5:40,December,3.38,3.36
12/11/2023 5:45,December,3.38,3.36
12/11/2023 5:50,December,3.48,3.46
12/11/2023 5:55,December,3.03,3.01
12/11/2023 6:00,December,3.37,3.34
12/11/2023 6:05,December,0,0
12/11/2023 6:10,December,2.83,2.81
12/11/2023 6:15,December,2.83,2.81
12/11/2023 6:20,December,2.83,2.81
12/11/2023 6:25,December,2.51,2.49
12/11/2023 6:30,December,2.53,2.51
12/11/2023 6:35,December,2.77,2.76
12/11/2023 6:40,December,2.78,2.76
12/11/2023 6:45,December,2.82,2.8
12/11/2023 6:50,December,2.78,2.76
12/11/2023 6:55,December,2.82,2.81
12/11/2023 7:00,December,2.89,2.87
12/11/2023 7:05,December,0,0
12/11/2023 7:10,December,0,0
12/11/2023 7:15,December,2.75,2.73
12/11/2023 7:20,December,2.81,2.8
12/11/2023 7:25,December,2.87,2.86
12/11/2023 7:30,December,3.32,3.31
12/11/2023 7:35,December,2.92,2.92
12/11/2023 7:40,December,3.32,3.32
12/11/2023 7:45,December,3.44,3.44
12/11/2023 7:50,December,4.38,4.38
12/11/2023 7:55,December,4.35,4.35
12/11/2023 8:00,December,5.19,5.19
12/11/2023 8:05,December,0,0
12/11/2023 8:10,December,2.75,2.75
12/11/2023 8:15,December,2.75,2.75
12/11/2023 8:20,December,2.78,2.78
12/11/2023 8:25,December,2.67,2.67
12/11/2023 8:30,December,2.89,2.9
12/11/2023 8:35,December,2.9,2.9
12/11/2023 8:40,December,3.43,3.43
12/11/2023 8:45,December,3.47,3.48
12/11/2023 8:50,December,3.53,3.54
12/11/2023 8:55,December,3.11,3.12
12/11/2023 9:00,December,3.09,3.1
12/11/2023 9:05,December,0,0
12/11/2023 9:10,December,3.07,3.08
12/11/2023 9:15,December,3.3,3.31
12/11/2023 9:20,December,3.32,3.33
12/11/2023 9:25,December,3.32,3.34
12/11/2023 9:30,December,3.32,3.34
12/11/2023 9:35,December,3.4,3.42
12/11/2023 9:40,December,3.44,3.46
12/11/2023 9:45,December,3.57,3.59
12/11/2023 9:50,December,3.79,3.81
12/11/2023 9:55,December,3.78,3.81
12/11/2023 10:00,December,3.49,3.51
12/11/2023 10:05,December,0,0
12/11/2023 10:10,December,2.9,2.92
12/11/2023 10:15,December,3.38,3.4
12/11/2023 10:20,December,3.41,3.43
12/11/2023 10:25,December,3.43,3.44
12/11/2023 10:30,December,3.46,3.48
12/11/2023 10:35,December,3.46,3.48
12/11/2023 10:40,December,3.66,3.68
12/11/2023 10:45,December,3.49,3.51
12/11/2023 10:50,December,3.67,3.7
12/11/2023 10:55,December,3.66,3.69
12/11/2023 11:00,December,3.68,3.7
12/11/2023 11:05,December,3.37,3.39
12/11/2023 11:10,December,3.44,3.46
12/11/2023 11:15,December,3.4,3.42
12/11/2023 11:20,December,3.39,3.42
12/11/2023 11:25,December,3.66,3.68
12/11/2023 11:30,December,3.4,3.42
12/11/2023 11:35,December,3.38,3.4
12/11/2023 11:40,December,3.33,3.35
12/11/2023 11:45,December,3.25,3.27
12/11/2023 11:50,December,3.23,3.25
12/11/2023 11:55,December,3.22,3.24
12/11/2023 12:00,December,2.79,2.81
12/11/2023 12:05,December,0,0
12/11/2023 12:10,December,3.14,3.16
12/11/2023 12:15,December,2.76,2.77
12/11/2023 12:20,December,2.76,2.77
12/11/2023 12:25,December,2.79,2.8
12/11/2023 12:30,December,3.19,3.21
12/11/2023 12:35,December,2.91,2.93
12/11/2023 12:40,December,0,0
12/11/2023 12:45,December,2.68,2.7
12/11/2023 12:50,December,2.79,2.81
12/11/2023 12:55,December,3.19,3.21
12/11/2023 13:00,December,3.21,3.22
12/11/2023 13:05,December,3.43,3.45
12/11/2023 13:10,December,3.22,3.24
12/11/2023 13:15,December,3.27,3.29
12/11/2023 13:20,December,4.24,4.27
12/11/2023 13:25,December,3.23,3.25
12/11/2023 13:30,December,3.25,3.27
12/11/2023 13:35,December,3.24,3.26
12/11/2023 13:40,December,3.84,3.86
12/11/2023 13:45,December,5.09,5.12
12/11/2023 13:50,December,4.04,4.07
12/11/2023 13:55,December,4.26,4.28
12/11/2023 14:00,December,5.09,5.12
12/11/2023 14:05,December,3.76,3.78
12/11/2023 14:10,December,3.69,3.71
12/11/2023 14:15,December,3.77,3.79
12/11/2023 14:20,December,4.36,4.39
12/11/2023 14:25,December,4.05,4.07
12/11/2023 14:30,December,5.1,5.13
12/11/2023 14:35,December,13.63,13.71
12/11/2023 14:40,December,8.48,8.53
12/11/2023 14:45,December,3.78,3.8
12/11/2023 14:50,December,4.19,4.21
12/11/2023 14:55,December,4.37,4.39
12/11/2023 15:00,December,4.18,4.2
12/11/2023 15:05,December,8.56,8.59
12/11/2023 15:10,December,4.4,4.42
12/11/2023 15:15,December,4.59,4.6
12/11/2023 15:20,December,4.39,4.41
12/11/2023 15:25,December,8.57,8.59
12/11/2023 15:30,December,4.65,4.66
12/11/2023 15:35,December,3.81,3.82
12/11/2023 15:40,December,4.4,4.41
12/11/2023 15:45,December,4.39,4.41
12/11/2023 15:50,December,4.39,4.41
12/11/2023 15:55,December,4.3,4.31
12/11/2023 16:00,December,3.82,3.82
12/11/2023 16:05,December,4.4,4.41
12/11/2023 16:10,December,4.36,4.36
12/11/2023 16:15,December,4.42,4.42
12/11/2023 16:20,December,4.39,4.39
12/11/2023 16:25,December,4.4,4.4
12/11/2023 16:30,December,4.37,4.37
12/11/2023 16:35,December,3.55,3.55
12/11/2023 16:40,December,3.8,3.8
12/11/2023 16:45,December,4.21,4.21
12/11/2023 16:50,December,4.02,4.02
12/11/2023 16:55,December,4.12,4.12
12/11/2023 17:00,December,4.12,4.12
12/11/2023 17:05,December,2.71,2.7
12/11/2023 17:10,December,2.84,2.84
12/11/2023 17:15,December,3.36,3.36
12/11/2023 17:20,December,3.51,3.51
12/11/2023 17:25,December,3.51,3.51
12/11/2023 17:30,December,8.69,8.68
12/11/2023 17:35,December,15.58,15.58
12/11/2023 17:40,December,19.14,19.14
12/11/2023 17:45,December,13.1,13.09
12/11/2023 17:50,December,9.01,9
12/11/2023 17:55,December,8.64,8.63
12/11/2023 18:00,December,9.03,9.02
12/11/2023 18:05,December,9.1,9.09
12/11/2023 18:10,December,9.05,9.03
12/11/2023 18:15,December,4.1,4.09
12/11/2023 18:20,December,4.39,4.38
12/11/2023 18:25,December,4.42,4.4
12/11/2023 18:30,December,4.41,4.4
12/11/2023 18:35,December,4.25,4.24
12/11/2023 18:40,December,3.72,3.71
12/11/2023 18:45,December,3.5,3.49
12/11/2023 18:50,December,3.6,3.59
12/11/2023 18:55,December,3.55,3.54
12/11/2023 19:00,December,3.6,3.59
12/11/2023 19:05,December,3.58,3.57
12/11/2023 19:10,December,3.71,3.7
12/11/2023 19:15,December,3.71,3.7
12/11/2023 19:20,December,3.71,3.69
12/11/2023 19:25,December,3.71,3.7
12/11/2023 19:30,December,3.64,3.63
12/11/2023 19:35,December,3.64,3.63
12/11/2023 19:40,December,3.69,3.67
12/11/2023 19:45,December,3.68,3.67
12/11/2023 19:50,December,3.64,3.63
12/11/2023 19:55,December,3.64,3.62
12/11/2023 20:00,December,3.6,3.59
12/11/2023 20:05,December,11.78,11.74
12/11/2023 20:10,December,4.42,4.4
12/11/2023 20:15,December,11.78,11.75
12/11/2023 20:20,December,13.79,13.75
12/11/2023 20:25,December,13.79,13.76
12/11/2023 20:30,December,4.42,4.41
12/11/2023 20:35,December,3.85,3.84
12/11/2023 20:40,December,3.79,3.78
12/11/2023 20:45,December,4.09,4.09
12/11/2023 20:50,December,3.59,3.58
12/11/2023 20:55,December,3.96,3.95
12/11/2023 21:00,December,3.72,3.71
12/11/2023 21:05,December,33.43,33.31
12/11/2023 21:10,December,32.73,32.63
12/11/2023 21:15,December,29.78,29.7
12/11/2023 21:20,December,19.84,19.8
12/11/2023 21:25,December,10.6,10.57
12/11/2023 21:30,December,10.52,10.49
12/11/2023 21:35,December,11.77,11.74
12/11/2023 21:40,December,5.06,5.05
12/11/2023 21:45,December,5.09,5.07
12/11/2023 21:50,December,3.9,3.89
12/11/2023 21:55,December,3.54,3.52
12/11/2023 22:00,December,3.47,3.46
12/11/2023 22:05,December,6.1,6.08
12/11/2023 22:10,December,3.69,3.68
12/11/2023 22:15,December,3.55,3.54
12/11/2023 22:20,December,3.52,3.5
12/11/2023 22:25,December,3.52,3.5
12/11/2023 22:30,December,3.52,3.5
12/11/2023 22:35,December,3.52,3.5
12/11/2023 22:40,December,3.5,3.48
12/11/2023 22:45,December,3.51,3.5
12/11/2023 22:50,December,3.51,3.5
12/11/2023 22:55,December,3.47,3.45
12/11/2023 23:00,December,3.48,3.47
12/11/2023 23:05,December,3.91,3.89
12/11/2023 23:10,December,3.52,3.51
12/11/2023 23:15,December,3.52,3.5
12/11/2023 23:20,December,3.48,3.46
12/11/2023 23:25,December,3.5,3.48
12/11/2023 23:30,December,3.51,3.49
12/11/2023 23:35,December,3.45,3.43
12/11/2023 23:40,December,3.48,3.46
12/11/2023 23:45,December,3.5,3.48
12/11/2023 23:50,December,3.45,3.43
12/11/2023 23:55,December,3.46,3.44
12/12/2023 0:00,December,3.49,3.47
12/12/2023 0:05,December,3.55,3.53
12/12/2023 0:10,December,3.53,3.51
12/12/2023 0:15,December,3.46,3.44
12/12/2023 0:20,December,3.55,3.52
12/12/2023 0:25,December,3.5,3.48
12/12/2023 0:30,December,3.51,3.49
12/12/2023 0:35,December,3.5,3.47
12/12/2023 0:40,December,3.51,3.48
12/12/2023 0:45,December,3.46,3.44
12/12/2023 0:50,December,3.46,3.44
12/12/2023 0:55,December,3.48,3.45
12/12/2023 1:00,December,3.52,3.5
12/12/2023 1:05,December,3.47,3.45
12/12/2023 1:10,December,3.5,3.47
12/12/2023 1:15,December,3.53,3.5
12/12/2023 1:20,December,3.53,3.51
12/12/2023 1:25,December,3.51,3.48
12/12/2023 1:30,December,3.49,3.47
12/12/2023 1:35,December,3.5,3.47
12/12/2023 1:40,December,3.5,3.47
12/12/2023 1:45,December,3.56,3.53
12/12/2023 1:50,December,3.49,3.47
12/12/2023 1:55,December,3.49,3.46
12/12/2023 2:00,December,3.48,3.45
12/12/2023 2:05,December,3.48,3.45
12/12/2023 2:10,December,3.36,3.33
12/12/2023 2:15,December,3.43,3.4
12/12/2023 2:20,December,3.43,3.4
12/12/2023 2:25,December,3.39,3.36
12/12/2023 2:30,December,3.49,3.46
12/12/2023 2:35,December,3.43,3.4
12/12/2023 2:40,December,3.03,3.01
12/12/2023 2:45,December,33.34,33.09
12/12/2023 2:50,December,29.8,29.58
12/12/2023 2:55,December,10.59,10.51
12/12/2023 3:00,December,4.39,4.36
12/12/2023 3:05,December,3.62,3.59
12/12/2023 3:10,December,3.7,3.67
12/12/2023 3:15,December,5.87,5.83
12/12/2023 3:20,December,5.88,5.83
12/12/2023 3:25,December,3.54,3.51
12/12/2023 3:30,December,3.71,3.68
12/12/2023 3:35,December,3.71,3.68
12/12/2023 3:40,December,3.57,3.55
12/12/2023 3:45,December,3.57,3.55
12/12/2023 3:50,December,3.57,3.54
12/12/2023 3:55,December,3.56,3.53
12/12/2023 4:00,December,3.56,3.54
12/12/2023 4:05,December,3.55,3.53
12/12/2023 4:10,December,3.57,3.55
12/12/2023 4:15,December,3.56,3.54
12/12/2023 4:20,December,3.55,3.53
12/12/2023 4:25,December,3.57,3.55
12/12/2023 4:30,December,3.53,3.52
12/12/2023 4:35,December,3.56,3.54
12/12/2023 4:40,December,3.57,3.55
12/12/2023 4:45,December,3.57,3.55
12/12/2023 4:50,December,3.57,3.55
12/12/2023 4:55,December,3.65,3.64
12/12/2023 5:00,December,3.57,3.55
12/12/2023 5:05,December,3.14,3.12
12/12/2023 5:10,December,3.47,3.45
12/12/2023 5:15,December,3.46,3.44
12/12/2023 5:20,December,3.49,3.48
12/12/2023 5:25,December,3.46,3.45
12/12/2023 5:30,December,3.46,3.45
12/12/2023 5:35,December,3.45,3.44
12/12/2023 5:40,December,3.46,3.44
12/12/2023 5:45,December,3.35,3.34
12/12/2023 5:50,December,3.34,3.33
12/12/2023 5:55,December,3.33,3.32
12/12/2023 6:00,December,3.35,3.34
12/12/2023 6:05,December,2.76,2.75
12/12/2023 6:10,December,2.82,2.81
12/12/2023 6:15,December,2.98,2.97
12/12/2023 6:20,December,2.92,2.91
12/12/2023 6:25,December,3.06,3.05
12/12/2023 6:30,December,2.8,2.79
12/12/2023 6:35,December,2.78,2.77
12/12/2023 6:40,December,2.8,2.79
12/12/2023 6:45,December,2.8,2.79
12/12/2023 6:50,December,2.8,2.79
12/12/2023 6:55,December,2.8,2.79
12/12/2023 7:00,December,2.85,2.84
12/12/2023 7:05,December,0,0
12/12/2023 7:10,December,0,0
12/12/2023 7:15,December,2.74,2.73
12/12/2023 7:20,December,2.85,2.84
12/12/2023 7:25,December,2.85,2.85
12/12/2023 7:30,December,3.3,3.3
12/12/2023 7:35,December,3.39,3.39
12/12/2023 7:40,December,3.67,3.67
12/12/2023 7:45,December,3.67,3.68
12/12/2023 7:50,December,4.17,4.18
12/12/2023 7:55,December,4.36,4.37
12/12/2023 8:00,December,4.31,4.33
12/12/2023 8:05,December,0,0
12/12/2023 8:10,December,0,0
12/12/2023 8:15,December,2.68,2.68
12/12/2023 8:20,December,2.76,2.76
12/12/2023 8:25,December,2.68,2.68
12/12/2023 8:30,December,3.11,3.11
12/12/2023 8:35,December,2.87,2.88
12/12/2023 8:40,December,2.88,2.89
12/12/2023 8:45,December,3.38,3.39
12/12/2023 8:50,December,3.66,3.67
12/12/2023 8:55,December,3.77,3.79
12/12/2023 9:00,December,3.66,3.68
12/12/2023 9:05,December,2.75,2.77
12/12/2023 9:10,December,3.27,3.29
12/12/2023 9:15,December,3.23,3.26
12/12/2023 9:20,December,3.5,3.52
12/12/2023 9:25,December,3.63,3.66
12/12/2023 9:30,December,4.15,4.18
12/12/2023 9:35,December,3.68,3.71
12/12/2023 9:40,December,3.68,3.71
12/12/2023 9:45,December,3.68,3.71
12/12/2023 9:50,December,3.79,3.82
12/12/2023 9:55,December,3.79,3.83
12/12/2023 10:00,December,3.78,3.82
12/12/2023 10:05,December,2.75,2.77
12/12/2023 10:10,December,3.25,3.28
12/12/2023 10:15,December,3.68,3.72
12/12/2023 10:20,December,3.78,3.82
12/12/2023 10:25,December,3.78,3.82
12/12/2023 10:30,December,4.27,4.32
12/12/2023 10:35,December,4.28,4.32
12/12/2023 10:40,December,3.74,3.78
12/12/2023 10:45,December,4.28,4.32
12/12/2023 10:50,December,3.78,3.82
12/12/2023 10:55,December,4.04,4.08
12/12/2023 11:00,December,3.78,3.82
12/12/2023 11:05,December,3.77,3.82
12/12/2023 11:10,December,3.74,3.78
12/12/2023 11:15,December,3.69,3.74
12/12/2023 11:20,December,3.68,3.73
12/12/2023 11:25,December,3.68,3.73
12/12/2023 11:30,December,3.01,3.04
12/12/2023 11:35,December,3.5,3.54
12/12/2023 11:40,December,3.38,3.42
12/12/2023 11:45,December,3,3.04
12/12/2023 11:50,December,3.33,3.38
12/12/2023 11:55,December,2.8,2.83
12/12/2023 12:00,December,2.73,2.76
12/12/2023 12:05,December,0,0
12/12/2023 12:10,December,2.68,2.71
12/12/2023 12:15,December,2.85,2.89
12/12/2023 12:20,December,4.24,4.3
12/12/2023 12:25,December,3.99,4.04
12/12/2023 12:30,December,4.19,4.25
12/12/2023 12:35,December,3.82,3.87
12/12/2023 12:40,December,3.69,3.74
12/12/2023 12:45,December,4.36,4.36
12/12/2023 12:50,December,3.1,3.34
12/12/2023 12:55,December,3.03,3.28
12/12/2023 13:00,December,4.36,4.42
12/12/2023 13:05,December,3.66,3.8
12/12/2023 13:10,December,18.73,19.61
12/12/2023 13:15,December,17.74,18.62
12/12/2023 13:20,December,13.14,13.54
12/12/2023 13:25,December,17.69,18.56
12/12/2023 13:30,December,14.39,14.92
12/12/2023 13:35,December,14.2,14.7
12/12/2023 13:40,December,15.45,16.08
12/12/2023 13:45,December,14.57,15.1
12/12/2023 13:50,December,10.86,11
12/12/2023 13:55,December,14.79,15.23
12/12/2023 14:00,December,14.36,14.75
12/12/2023 14:05,December,8.67,8.78
12/12/2023 14:10,December,10.86,11
12/12/2023 14:15,December,10.84,10.97
12/12/2023 14:20,December,10.82,10.95
12/12/2023 14:25,December,8.98,9.08
12/12/2023 14:30,December,8.93,9.02
12/12/2023 14:35,December,8.65,8.75
12/12/2023 14:40,December,4.43,4.47
12/12/2023 14:45,December,5.05,5.1
12/12/2023 14:50,December,12.14,12.26
12/12/2023 14:55,December,7.93,8
12/12/2023 15:00,December,4.89,4.94
12/12/2023 15:05,December,8.91,8.98
12/12/2023 15:10,December,8.92,9
12/12/2023 15:15,December,8.91,8.98
12/12/2023 15:20,December,8.91,8.98
12/12/2023 15:25,December,8.91,8.98
12/12/2023 15:30,December,8.94,9.02
12/12/2023 15:35,December,10.83,10.91
12/12/2023 15:40,December,10.84,10.92
12/12/2023 15:45,December,10.84,10.92
12/12/2023 15:50,December,13.34,13.44
12/12/2023 15:55,December,10.85,10.92
12/12/2023 16:00,December,8.96,9.01
12/12/2023 16:05,December,13.52,13.59
12/12/2023 16:10,December,8.96,9
12/12/2023 16:15,December,8.94,8.98
12/12/2023 16:20,December,8.91,8.95
12/12/2023 16:25,December,8.87,8.91
12/12/2023 16:30,December,4.75,4.77
12/12/2023 16:35,December,4.31,4.33
12/12/2023 16:40,December,5.21,5.23
12/12/2023 16:45,December,8.82,8.86
12/12/2023 16:50,December,4.45,4.47
12/12/2023 16:55,December,4.33,4.34
12/12/2023 17:00,December,4.21,4.22
12/12/2023 17:05,December,3.5,3.51
12/12/2023 17:10,December,3.72,3.73
12/12/2023 17:15,December,4.06,4.07
12/12/2023 17:20,December,4.23,4.24
12/12/2023 17:25,December,4.27,4.28
12/12/2023 17:30,December,10.37,10.4
12/12/2023 17:35,December,10.87,10.91
12/12/2023 17:40,December,9.93,9.96
12/12/2023 17:45,December,9.98,10
12/12/2023 17:50,December,9.02,9.04
12/12/2023 17:55,December,4.3,4.31
12/12/2023 18:00,December,4.19,4.2
12/12/2023 18:05,December,4.22,4.23
12/12/2023 18:10,December,4.29,4.3
12/12/2023 18:15,December,10.85,10.87
12/12/2023 18:20,December,8.96,8.97
12/12/2023 18:25,December,4.27,4.27
12/12/2023 18:30,December,4.18,4.18
12/12/2023 18:35,December,4.2,4.2
12/12/2023 18:40,December,4.24,4.25
12/12/2023 18:45,December,4.18,4.18
12/12/2023 18:50,December,4.08,4.09
12/12/2023 18:55,December,2.83,2.83
12/12/2023 19:00,December,2.83,2.83
12/12/2023 19:05,December,4.16,4.17
12/12/2023 19:10,December,4.09,4.09
12/12/2023 19:15,December,4.09,4.1
12/12/2023 19:20,December,3.73,3.73
12/12/2023 19:25,December,3.72,3.73
12/12/2023 19:30,December,3.23,3.23
12/12/2023 19:35,December,3.55,3.55
12/12/2023 19:40,December,3.58,3.58
12/12/2023 19:45,December,3.71,3.71
12/12/2023 19:50,December,3.9,3.9
12/12/2023 19:55,December,3.71,3.72
12/12/2023 20:00,December,3.62,3.63
12/12/2023 20:05,December,4.39,4.39
12/12/2023 20:10,December,15.79,15.83
12/12/2023 20:15,December,29.43,29.51
12/12/2023 20:20,December,29.46,29.54
12/12/2023 20:25,December,22.15,22.21
12/12/2023 20:30,December,9.95,9.97
12/12/2023 20:35,December,8.99,9
12/12/2023 20:40,December,8.94,8.95
12/12/2023 20:45,December,8.92,8.93
12/12/2023 20:50,December,9.03,9.05
12/12/2023 20:55,December,8.98,8.99
12/12/2023 21:00,December,8.93,8.95
12/12/2023 21:05,December,30.6,30.63
12/12/2023 21:10,December,29.37,29.42
12/12/2023 21:15,December,15.2,15.23
12/12/2023 21:20,December,9.06,9.07
12/12/2023 21:25,December,9.11,9.12
12/12/2023 21:30,December,9.06,9.07
12/12/2023 21:35,December,8.95,8.96
12/12/2023 21:40,December,8.9,8.92
12/12/2023 21:45,December,4.28,4.28
12/12/2023 21:50,December,4.27,4.27
12/12/2023 21:55,December,4.25,4.26
12/12/2023 22:00,December,4.17,4.17
12/12/2023 22:05,December,10.87,10.89
12/12/2023 22:10,December,4.27,4.27
12/12/2023 22:15,December,4.22,4.22
12/12/2023 22:20,December,4.17,4.18
12/12/2023 22:25,December,3.56,3.57
12/12/2023 22:30,December,3.47,3.47
12/12/2023 22:35,December,3.49,3.49
12/12/2023 22:40,December,3.12,3.12
12/12/2023 22:45,December,3.47,3.47
12/12/2023 22:50,December,3.38,3.38
12/12/2023 22:55,December,3.44,3.43
12/12/2023 23:00,December,3.47,3.47
12/12/2023 23:05,December,3.93,3.93
12/12/2023 23:10,December,3.58,3.58
12/12/2023 23:15,December,3.49,3.49
12/12/2023 23:20,December,3.49,3.49
12/12/2023 23:25,December,3.49,3.49
12/12/2023 23:30,December,3.49,3.49
12/12/2023 23:35,December,3.49,3.49
12/12/2023 23:40,December,2.84,2.84
12/12/2023 23:45,December,3.49,3.48
12/12/2023 23:50,December,3.47,3.46
12/12/2023 23:55,December,3.44,3.43
12/13/2023 0:00,December,3.48,3.47
12/13/2023 0:05,December,4.07,4.06
12/13/2023 0:10,December,3.56,3.55
12/13/2023 0:15,December,3.59,3.58
12/13/2023 0:20,December,3.56,3.55
12/13/2023 0:25,December,3.56,3.55
12/13/2023 0:30,December,3.54,3.52
12/13/2023 0:35,December,3.56,3.55
12/13/2023 0:40,December,3.56,3.55
12/13/2023 0:45,December,3.56,3.55
12/13/2023 0:50,December,3.56,3.55
12/13/2023 0:55,December,3.56,3.55
12/13/2023 1:00,December,3.55,3.53
12/13/2023 1:05,December,3.53,3.51
12/13/2023 1:10,December,3.56,3.54
12/13/2023 1:15,December,3.56,3.55
12/13/2023 1:20,December,3.56,3.54
12/13/2023 1:25,December,3.59,3.57
12/13/2023 1:30,December,3.56,3.54
12/13/2023 1:35,December,3.56,3.54
12/13/2023 1:40,December,3.56,3.54
12/13/2023 1:45,December,3.56,3.54
12/13/2023 1:50,December,3.56,3.54
12/13/2023 1:55,December,3.52,3.5
12/13/2023 2:00,December,3.47,3.45
12/13/2023 2:05,December,3.56,3.54
12/13/2023 2:10,December,3.56,3.54
12/13/2023 2:15,December,3.53,3.51
12/13/2023 2:20,December,3.55,3.53
12/13/2023 2:25,December,3.54,3.52
12/13/2023 2:30,December,3.56,3.54
12/13/2023 2:35,December,3.54,3.52
12/13/2023 2:40,December,3.56,3.54
12/13/2023 2:45,December,3.56,3.53
12/13/2023 2:50,December,3.49,3.46
12/13/2023 2:55,December,3.39,3.37
12/13/2023 3:00,December,3.14,3.12
12/13/2023 3:05,December,3.49,3.47
12/13/2023 3:10,December,3.53,3.51
12/13/2023 3:15,December,3.53,3.51
12/13/2023 3:20,December,3.51,3.49
12/13/2023 3:25,December,3.5,3.47
12/13/2023 3:30,December,3.48,3.45
12/13/2023 3:35,December,3.47,3.44
12/13/2023 3:40,December,3.45,3.42
12/13/2023 3:45,December,3.44,3.42
12/13/2023 3:50,December,3.47,3.44
12/13/2023 3:55,December,3.46,3.44
12/13/2023 4:00,December,3.45,3.43
12/13/2023 4:05,December,3.53,3.51
12/13/2023 4:10,December,3.56,3.54
12/13/2023 4:15,December,3.56,3.54
12/13/2023 4:20,December,3.56,3.53
12/13/2023 4:25,December,3.54,3.52
12/13/2023 4:30,December,3.56,3.54
12/13/2023 4:35,December,3.56,3.54
12/13/2023 4:40,December,3.56,3.54
12/13/2023 4:45,December,3.56,3.54
12/13/2023 4:50,December,3.67,3.65
12/13/2023 4:55,December,3.69,3.67
12/13/2023 5:00,December,3.64,3.61
12/13/2023 5:05,December,3.48,3.46
12/13/2023 5:10,December,3.46,3.43
12/13/2023 5:15,December,3.46,3.44
12/13/2023 5:20,December,3.5,3.48
12/13/2023 5:25,December,3.49,3.47
12/13/2023 5:30,December,3.55,3.52
12/13/2023 5:35,December,3.54,3.52
12/13/2023 5:40,December,3.68,3.65
12/13/2023 5:45,December,3.61,3.58
12/13/2023 5:50,December,3.52,3.49
12/13/2023 5:55,December,3.53,3.5
12/13/2023 6:00,December,3.53,3.51
12/13/2023 6:05,December,2.79,2.77
12/13/2023 6:10,December,2.96,2.94
12/13/2023 6:15,December,3.03,3
12/13/2023 6:20,December,3.09,3.07
12/13/2023 6:25,December,3.42,3.4
12/13/2023 6:30,December,3.39,3.37
12/13/2023 6:35,December,3.04,3.02
12/13/2023 6:40,December,3.09,3.07
12/13/2023 6:45,December,3.06,3.04
12/13/2023 6:50,December,2.99,2.97
12/13/2023 6:55,December,3.02,3
12/13/2023 7:00,December,3.02,3
12/13/2023 7:05,December,0,0
12/13/2023 7:10,December,0,0
12/13/2023 7:15,December,2.67,2.66
12/13/2023 7:20,December,2.81,2.8
12/13/2023 7:25,December,2.77,2.76
12/13/2023 7:30,December,3.28,3.27
12/13/2023 7:35,December,2.93,2.92
12/13/2023 7:40,December,3.51,3.5
12/13/2023 7:45,December,3.37,3.37
12/13/2023 7:50,December,3.56,3.56
12/13/2023 7:55,December,4.25,4.24
12/13/2023 8:00,December,4.4,4.4
12/13/2023 8:05,December,2.66,2.65
12/13/2023 8:10,December,2.86,2.85
12/13/2023 8:15,December,0,0
12/13/2023 8:20,December,2.76,2.76
12/13/2023 8:25,December,2.76,2.76
12/13/2023 8:30,December,2.9,2.9
12/13/2023 8:35,December,3.22,3.22
12/13/2023 8:40,December,3.25,3.26
12/13/2023 8:45,December,3.37,3.38
12/13/2023 8:50,December,3.51,3.52
12/13/2023 8:55,December,3.53,3.54
12/13/2023 9:00,December,3.5,3.51
12/13/2023 9:05,December,0,0
12/13/2023 9:10,December,0,0
12/13/2023 9:15,December,0,0
12/13/2023 9:20,December,1.89,1.9
12/13/2023 9:25,December,2.68,2.69
12/13/2023 9:30,December,2.78,2.79
12/13/2023 9:35,December,2.7,2.71
12/13/2023 9:40,December,2.76,2.77
12/13/2023 9:45,December,3.3,3.31
12/13/2023 9:50,December,3.47,3.47
12/13/2023 9:55,December,3.66,3.68
12/13/2023 10:00,December,3.69,3.7
12/13/2023 10:05,December,2.82,2.83
12/13/2023 10:10,December,2.91,2.91
12/13/2023 10:15,December,3.57,3.58
12/13/2023 10:20,December,3.83,3.84
12/13/2023 10:25,December,3.82,3.83
12/13/2023 10:30,December,3.58,3.59
12/13/2023 10:35,December,3.79,3.81
12/13/2023 10:40,December,3.67,3.68
12/13/2023 10:45,December,3.55,3.55
12/13/2023 10:50,December,3.42,3.43
12/13/2023 10:55,December,3.5,3.51
12/13/2023 11:00,December,3.44,3.45
12/13/2023 11:05,December,3.42,3.43
12/13/2023 11:10,December,3.43,3.45
12/13/2023 11:15,December,3.34,3.35
12/13/2023 11:20,December,3.45,3.45
12/13/2023 11:25,December,3.44,3.45
12/13/2023 11:30,December,3.46,3.47
12/13/2023 11:35,December,3.43,3.44
12/13/2023 11:40,December,3.43,3.43
12/13/2023 11:45,December,2.67,2.8
12/13/2023 11:50,December,2.76,2.89
12/13/2023 11:55,December,2.55,2.71
12/13/2023 12:00,December,2.62,2.77
12/13/2023 12:05,December,2.62,2.77
12/13/2023 12:10,December,2.76,2.78
12/13/2023 12:15,December,2.61,2.77
12/13/2023 12:20,December,2.75,2.88
12/13/2023 12:25,December,2.61,2.77
12/13/2023 12:30,December,2.61,2.76
12/13/2023 12:35,December,3.06,3.13
12/13/2023 12:40,December,3.34,3.36
12/13/2023 12:45,December,3.3,3.32
12/13/2023 12:50,December,3.34,3.36
12/13/2023 12:55,December,3.44,3.46
12/13/2023 13:00,December,3.53,3.55
12/13/2023 13:05,December,3.52,3.54
12/13/2023 13:10,December,4.01,4.03
12/13/2023 13:15,December,3.65,3.68
12/13/2023 13:20,December,3.49,3.52
12/13/2023 13:25,December,3.54,3.57
12/13/2023 13:30,December,4.39,4.42
12/13/2023 13:35,December,4.26,4.28
12/13/2023 13:40,December,4.61,4.63
12/13/2023 13:45,December,3.76,3.79
12/13/2023 13:50,December,3.78,3.8
12/13/2023 13:55,December,4.4,4.44
12/13/2023 14:00,December,4.44,4.48
12/13/2023 14:05,December,4.45,4.48
12/13/2023 14:10,December,8.66,8.73
12/13/2023 14:15,December,4.53,4.56
12/13/2023 14:20,December,6.2,6.25
12/13/2023 14:25,December,3.55,3.58
12/13/2023 14:30,December,3.55,3.58
12/13/2023 14:35,December,4.45,4.49
12/13/2023 14:40,December,4.45,4.49
12/13/2023 14:45,December,4.46,4.5
12/13/2023 14:50,December,4.46,4.5
12/13/2023 14:55,December,4.38,4.41
12/13/2023 15:00,December,3.7,3.72
12/13/2023 15:05,December,4.42,4.45
12/13/2023 15:10,December,3.91,3.93
12/13/2023 15:15,December,3.91,3.93
12/13/2023 15:20,December,4.49,4.51
12/13/2023 15:25,December,4.27,4.29
12/13/2023 15:30,December,3.91,3.93
12/13/2023 15:35,December,3.91,3.93
12/13/2023 15:40,December,3.91,3.93
12/13/2023 15:45,December,4.28,4.29
12/13/2023 15:50,December,4.14,4.15
12/13/2023 15:55,December,3.92,3.93
12/13/2023 16:00,December,3.71,3.72
12/13/2023 16:05,December,3.92,3.92
12/13/2023 16:10,December,4.89,4.9
12/13/2023 16:15,December,4.12,4.13
12/13/2023 16:20,December,3.53,3.54
12/13/2023 16:25,December,3.54,3.54
12/13/2023 16:30,December,3.91,3.92
12/13/2023 16:35,December,4.27,4.28
12/13/2023 16:40,December,4.2,4.2
12/13/2023 16:45,December,4.43,4.44
12/13/2023 16:50,December,4.14,4.14
12/13/2023 16:55,December,3.55,3.55
12/13/2023 17:00,December,3.55,3.54
12/13/2023 17:05,December,3.35,3.35
12/13/2023 17:10,December,2.93,2.93
12/13/2023 17:15,December,2.93,2.93
12/13/2023 17:20,December,3.46,3.45
12/13/2023 17:25,December,3.93,3.93
12/13/2023 17:30,December,4.89,4.89
12/13/2023 17:35,December,8.77,8.76
12/13/2023 17:40,December,15.41,15.4
12/13/2023 17:45,December,8.71,8.71
12/13/2023 17:50,December,8.84,8.83
12/13/2023 17:55,December,4.52,4.52
12/13/2023 18:00,December,4.53,4.53
12/13/2023 18:05,December,4.54,4.54
12/13/2023 18:10,December,4.14,4.14
12/13/2023 18:15,December,4.28,4.27
12/13/2023 18:20,December,4.46,4.45
12/13/2023 18:25,December,3.71,3.71
12/13/2023 18:30,December,3.5,3.49
12/13/2023 18:35,December,4.14,4.13
12/13/2023 18:40,December,3.72,3.71
12/13/2023 18:45,December,11.97,11.94
12/13/2023 18:50,December,4.47,4.46
12/13/2023 18:55,December,3.73,3.72
12/13/2023 19:00,December,3.45,3.44
12/13/2023 19:05,December,3.5,3.5
12/13/2023 19:10,December,3.54,3.53
12/13/2023 19:15,December,3.54,3.53
12/13/2023 19:20,December,3.52,3.51
12/13/2023 19:25,December,3.54,3.53
12/13/2023 19:30,December,3.55,3.54
12/13/2023 19:35,December,3.54,3.53
12/13/2023 19:40,December,3.55,3.54
12/13/2023 19:45,December,3.53,3.52
12/13/2023 19:50,December,3.53,3.52
12/13/2023 19:55,December,3.49,3.48
12/13/2023 20:00,December,3.51,3.5
12/13/2023 20:05,December,5.95,5.94
12/13/2023 20:10,December,4.4,4.39
12/13/2023 20:15,December,4.39,4.38
12/13/2023 20:20,December,4.36,4.35
12/13/2023 20:25,December,3.94,3.93
12/13/2023 20:30,December,4.34,4.33
12/13/2023 20:35,December,4.34,4.33
12/13/2023 20:40,December,4.15,4.14
12/13/2023 20:45,December,4.33,4.32
12/13/2023 20:50,December,4.15,4.15
12/13/2023 20:55,December,4.32,4.31
12/13/2023 21:00,December,3.84,3.84
12/13/2023 21:05,December,31.25,31.18
12/13/2023 21:10,December,29.44,29.41
12/13/2023 21:15,December,4.83,4.82
12/13/2023 21:20,December,4.61,4.61
12/13/2023 21:25,December,4.64,4.64
12/13/2023 21:30,December,4.39,4.39
12/13/2023 21:35,December,4.37,4.36
12/13/2023 21:40,December,4.38,4.38
12/13/2023 21:45,December,4.38,4.37
12/13/2023 21:50,December,3.86,3.85
12/13/2023 21:55,December,3.86,3.85
12/13/2023 22:00,December,4.34,4.33
12/13/2023 22:05,December,5.24,5.23
12/13/2023 22:10,December,4.49,4.48
12/13/2023 22:15,December,3.86,3.86
12/13/2023 22:20,December,4.33,4.32
12/13/2023 22:25,December,4.33,4.32
12/13/2023 22:30,December,3.73,3.73
12/13/2023 22:35,December,3.86,3.85
12/13/2023 22:40,December,3.86,3.85
12/13/2023 22:45,December,3.86,3.85
12/13/2023 22:50,December,3.85,3.85
12/13/2023 22:55,December,3.85,3.84
12/13/2023 23:00,December,3.85,3.84
12/13/2023 23:05,December,4.33,4.32
12/13/2023 23:10,December,4.3,4.29
12/13/2023 23:15,December,4.29,4.28
12/13/2023 23:20,December,4.03,4.01
12/13/2023 23:25,December,3.86,3.85
12/13/2023 23:30,December,3.86,3.85
12/13/2023 23:35,December,3.86,3.85
12/13/2023 23:40,December,3.86,3.85
12/13/2023 23:45,December,3.86,3.85
12/13/2023 23:50,December,3.86,3.84
12/13/2023 23:55,December,3.86,3.84
12/14/2023 0:00,December,3.66,3.64
12/14/2023 0:05,December,13.95,13.89
12/14/2023 0:10,December,4.32,4.3
12/14/2023 0:15,December,3.97,3.95
12/14/2023 0:20,December,3.75,3.73
12/14/2023 0:25,December,3.65,3.63
12/14/2023 0:30,December,3.67,3.64
12/14/2023 0:35,December,3.67,3.65
12/14/2023 0:40,December,3.64,3.61
12/14/2023 0:45,December,3.66,3.63
12/14/2023 0:50,December,3.63,3.61
12/14/2023 0:55,December,3.65,3.63
12/14/2023 1:00,December,3.58,3.55
12/14/2023 1:05,December,3.63,3.61
12/14/2023 1:10,December,3.29,3.27
12/14/2023 1:15,December,3.49,3.46
12/14/2023 1:20,December,3.59,3.56
12/14/2023 1:25,December,3.58,3.55
12/14/2023 1:30,December,3.22,3.19
12/14/2023 1:35,December,3.58,3.55
12/14/2023 1:40,December,3.58,3.55
12/14/2023 1:45,December,3.59,3.56
12/14/2023 1:50,December,3.38,3.35
12/14/2023 1:55,December,3.45,3.42
12/14/2023 2:00,December,3.58,3.54
12/14/2023 2:05,December,3.53,3.5
12/14/2023 2:10,December,3.53,3.5
12/14/2023 2:15,December,3.53,3.5
12/14/2023 2:20,December,3.57,3.54
12/14/2023 2:25,December,3.57,3.54
12/14/2023 2:30,December,3.24,3.21
12/14/2023 2:35,December,3.39,3.36
12/14/2023 2:40,December,3.52,3.49
12/14/2023 2:45,December,3.39,3.36
12/14/2023 2:50,December,3.39,3.36
12/14/2023 2:55,December,3.39,3.36
12/14/2023 3:00,December,3.44,3.41
12/14/2023 3:05,December,3.43,3.4
12/14/2023 3:10,December,3.37,3.34
12/14/2023 3:15,December,3.37,3.33
12/14/2023 3:20,December,3.41,3.38
12/14/2023 3:25,December,3.37,3.34
12/14/2023 3:30,December,3.17,3.14
12/14/2023 3:35,December,3.18,3.15
12/14/2023 3:40,December,3.19,3.16
12/14/2023 3:45,December,2.84,2.81
12/14/2023 3:50,December,3.01,2.99
12/14/2023 3:55,December,3.01,2.99
12/14/2023 4:00,December,3.02,2.99
12/14/2023 4:05,December,3.09,3.07
12/14/2023 4:10,December,3.37,3.34
12/14/2023 4:15,December,3.1,3.07
12/14/2023 4:20,December,3.43,3.4
12/14/2023 4:25,December,3.45,3.42
12/14/2023 4:30,December,3.12,3.09
12/14/2023 4:35,December,3.43,3.39
12/14/2023 4:40,December,3.46,3.43
12/14/2023 4:45,December,3.49,3.46
12/14/2023 4:50,December,3.44,3.41
12/14/2023 4:55,December,3.4,3.37
12/14/2023 5:00,December,3.36,3.33
12/14/2023 5:05,December,0,0
12/14/2023 5:10,December,3.02,3
12/14/2023 5:15,December,3.12,3.09
12/14/2023 5:20,December,3.55,3.52
12/14/2023 5:25,December,3.42,3.39
12/14/2023 5:30,December,3.51,3.48
12/14/2023 5:35,December,3.56,3.52
12/14/2023 5:40,December,3.55,3.52
12/14/2023 5:45,December,3.53,3.5
12/14/2023 5:50,December,3.49,3.46
12/14/2023 5:55,December,3.46,3.43
12/14/2023 6:00,December,3.13,3.1
12/14/2023 6:05,December,0,0
12/14/2023 6:10,December,2.74,2.72
12/14/2023 6:15,December,2.96,2.93
12/14/2023 6:20,December,2.78,2.76
12/14/2023 6:25,December,2.96,2.93
12/14/2023 6:30,December,0,0
12/14/2023 6:35,December,2.93,2.9
12/14/2023 6:40,December,2.78,2.75
12/14/2023 6:45,December,2.83,2.81
12/14/2023 6:50,December,2.77,2.75
12/14/2023 6:55,December,2.83,2.81
12/14/2023 7:00,December,2.95,2.93
12/14/2023 7:05,December,0,0
12/14/2023 7:10,December,2.63,2.62
12/14/2023 7:15,December,2.69,2.67
12/14/2023 7:20,December,2.77,2.75
12/14/2023 7:25,December,2.77,2.75
12/14/2023 7:30,December,2.85,2.83
12/14/2023 7:35,December,3.44,3.43
12/14/2023 7:40,December,3.35,3.33
12/14/2023 7:45,December,3.41,3.4
12/14/2023 7:50,December,3.58,3.57
12/14/2023 7:55,December,3.58,3.57
12/14/2023 8:00,December,3.62,3.62
12/14/2023 8:05,December,2.22,2.21
12/14/2023 8:10,December,3.31,3.3
12/14/2023 8:15,December,2.91,2.9
12/14/2023 8:20,December,3.56,3.54
12/14/2023 8:25,December,3.13,3.12
12/14/2023 8:30,December,3.51,3.5
12/14/2023 8:35,December,3.53,3.53
12/14/2023 8:40,December,2.97,2.96
12/14/2023 8:45,December,3.3,3.3
12/14/2023 8:50,December,3.49,3.49
12/14/2023 8:55,December,3.53,3.53
12/14/2023 9:00,December,3.79,3.79
12/14/2023 9:05,December,2.68,2.69
12/14/2023 9:10,December,2.89,2.9
12/14/2023 9:15,December,2.89,2.9
12/14/2023 9:20,December,3.57,3.59
12/14/2023 9:25,December,3.14,3.15
12/14/2023 9:30,December,3.57,3.59
12/14/2023 9:35,December,3.55,3.57
12/14/2023 9:40,December,3.56,3.58
12/14/2023 9:45,December,3.56,3.58
12/14/2023 9:50,December,3.59,3.62
12/14/2023 9:55,December,3.6,3.63
12/14/2023 10:00,December,3.64,3.66
12/14/2023 10:05,December,3.2,3.22
12/14/2023 10:10,December,3.56,3.58
12/14/2023 10:15,December,3.57,3.59
12/14/2023 10:20,December,3.59,3.61
12/14/2023 10:25,December,3.64,3.67
12/14/2023 10:30,December,3.64,3.67
12/14/2023 10:35,December,3.64,3.68
12/14/2023 10:40,December,3.84,3.88
12/14/2023 10:45,December,3.76,3.8
12/14/2023 10:50,December,3.6,3.63
12/14/2023 10:55,December,3.6,3.63
12/14/2023 11:00,December,3.6,3.63
12/14/2023 11:05,December,3.55,3.58
12/14/2023 11:10,December,3.55,3.59
12/14/2023 11:15,December,3.66,3.7
12/14/2023 11:20,December,3.8,3.84
12/14/2023 11:25,December,3.58,3.62
12/14/2023 11:30,December,3.59,3.63
12/14/2023 11:35,December,3.55,3.59
12/14/2023 11:40,December,3.23,3.26
12/14/2023 11:45,December,3.23,3.26
12/14/2023 11:50,December,3.3,3.34
12/14/2023 11:55,December,3.04,3.07
12/14/2023 12:00,December,2.71,2.73
12/14/2023 12:05,December,2.56,2.58
12/14/2023 12:10,December,2.75,2.78
12/14/2023 12:15,December,2.75,2.78
12/14/2023 12:20,December,2.91,2.93
12/14/2023 12:25,December,3.25,3.28
12/14/2023 12:30,December,3.22,3.25
12/14/2023 12:35,December,3.23,3.27
12/14/2023 12:40,December,3.37,3.4
12/14/2023 12:45,December,3.58,3.61
12/14/2023 12:50,December,3.58,3.61
12/14/2023 12:55,December,3.38,3.42
12/14/2023 13:00,December,3.44,3.47
12/14/2023 13:05,December,3.57,3.6
12/14/2023 13:10,December,3.84,3.88
12/14/2023 13:15,December,4.58,4.63
12/14/2023 13:20,December,4.45,4.49
12/14/2023 13:25,December,4.23,4.27
12/14/2023 13:30,December,3.88,3.91
12/14/2023 13:35,December,3.68,3.72
12/14/2023 13:40,December,3.69,3.72
12/14/2023 13:45,December,3.85,3.89
12/14/2023 13:50,December,4.26,4.3
12/14/2023 13:55,December,4.4,4.44
12/14/2023 14:00,December,4.27,4.3
12/14/2023 14:05,December,3.74,3.77
12/14/2023 14:10,December,4.18,4.21
12/14/2023 14:15,December,4.24,4.27
12/14/2023 14:20,December,4.24,4.28
12/14/2023 14:25,December,3.93,3.96
12/14/2023 14:30,December,9.22,9.29
12/14/2023 14:35,December,4.6,4.63
12/14/2023 14:40,December,4.47,4.5
12/14/2023 14:45,December,4.3,4.33
12/14/2023 14:50,December,4.27,4.3
12/14/2023 14:55,December,4.31,4.33
12/14/2023 15:00,December,4.28,4.3
12/14/2023 15:05,December,4.27,4.29
12/14/2023 15:10,December,4.47,4.5
12/14/2023 15:15,December,4.31,4.33
12/14/2023 15:20,December,4.27,4.29
12/14/2023 15:25,December,4.3,4.32
12/14/2023 15:30,December,4.28,4.3
12/14/2023 15:35,December,4.29,4.3
12/14/2023 15:40,December,4.36,4.37
12/14/2023 15:45,December,4.29,4.31
12/14/2023 15:50,December,4.3,4.31
12/14/2023 15:55,December,3.78,3.79
12/14/2023 16:00,December,3.93,3.95
12/14/2023 16:05,December,4.47,4.48
12/14/2023 16:10,December,4.35,4.35
12/14/2023 16:15,December,4.35,4.36
12/14/2023 16:20,December,4.35,4.36
12/14/2023 16:25,December,4.29,4.3
12/14/2023 16:30,December,4.3,4.31
12/14/2023 16:35,December,4.35,4.35
12/14/2023 16:40,December,4.33,4.33
12/14/2023 16:45,December,4.44,4.45
12/14/2023 16:50,December,4.45,4.45
12/14/2023 16:55,December,4.34,4.34
12/14/2023 17:00,December,4.34,4.34
12/14/2023 17:05,December,3.62,3.62
12/14/2023 17:10,December,3.73,3.73
12/14/2023 17:15,December,3.73,3.73
12/14/2023 17:20,December,4.32,4.32
12/14/2023 17:25,December,4.66,4.66
12/14/2023 17:30,December,4.89,4.89
12/14/2023 17:35,December,11.96,11.97
12/14/2023 17:40,December,14.01,14.02
12/14/2023 17:45,December,10.72,10.72
12/14/2023 17:50,December,4.71,4.71
12/14/2023 17:55,December,9.01,9.01
12/14/2023 18:00,December,4.73,4.73
12/14/2023 18:05,December,13.94,13.93
12/14/2023 18:10,December,9.03,9.01
12/14/2023 18:15,December,4.89,4.89
12/14/2023 18:20,December,4.78,4.78
12/14/2023 18:25,December,4.49,4.48
12/14/2023 18:30,December,4.77,4.76
12/14/2023 18:35,December,4.76,4.76
12/14/2023 18:40,December,4.76,4.75
12/14/2023 18:45,December,4.75,4.74
12/14/2023 18:50,December,4.47,4.47
12/14/2023 18:55,December,4.41,4.4
12/14/2023 19:00,December,4.41,4.4
12/14/2023 19:05,December,4.4,4.39
12/14/2023 19:10,December,4.47,4.47
12/14/2023 19:15,December,4.69,4.69
12/14/2023 19:20,December,4.69,4.68
12/14/2023 19:25,December,4.69,4.69
12/14/2023 19:30,December,4.39,4.39
12/14/2023 19:35,December,4.39,4.39
12/14/2023 19:40,December,4.68,4.68
12/14/2023 19:45,December,4.68,4.68
12/14/2023 19:50,December,5.11,5.1
12/14/2023 19:55,December,4.69,4.69
12/14/2023 20:00,December,4.68,4.68
12/14/2023 20:05,December,13.96,13.96
12/14/2023 20:10,December,9.24,9.24
12/14/2023 20:15,December,4.7,4.7
12/14/2023 20:20,December,4.71,4.71
12/14/2023 20:25,December,4.71,4.71
12/14/2023 20:30,December,13.28,13.28
12/14/2023 20:35,December,4.76,4.76
12/14/2023 20:40,December,4.77,4.77
12/14/2023 20:45,December,4.76,4.76
12/14/2023 20:50,December,4.44,4.44
12/14/2023 20:55,December,4.47,4.47
12/14/2023 21:00,December,4.44,4.44
12/14/2023 21:05,December,30.09,30.07
12/14/2023 21:10,December,30.04,30.03
12/14/2023 21:15,December,24.52,24.52
12/14/2023 21:20,December,14.02,14.02
12/14/2023 21:25,December,14.09,14.09
12/14/2023 21:30,December,4.82,4.82
12/14/2023 21:35,December,4.82,4.82
12/14/2023 21:40,December,4.82,4.82
12/14/2023 21:45,December,4.68,4.68
12/14/2023 21:50,December,4.42,4.42
12/14/2023 21:55,December,4.44,4.44
12/14/2023 22:00,December,4.44,4.44
12/14/2023 22:05,December,10.65,10.65
12/14/2023 22:10,December,4.43,4.43
12/14/2023 22:15,December,4.4,4.4
12/14/2023 22:20,December,4.4,4.39
12/14/2023 22:25,December,4.42,4.42
12/14/2023 22:30,December,4.39,4.39
12/14/2023 22:35,December,4.18,4.18
12/14/2023 22:40,December,4.25,4.25
12/14/2023 22:45,December,4.2,4.19
12/14/2023 22:50,December,4.09,4.08
12/14/2023 22:55,December,3.93,3.92
12/14/2023 23:00,December,3.93,3.92
12/14/2023 23:05,December,4.39,4.38
12/14/2023 23:10,December,4.36,4.36
12/14/2023 23:15,December,3.9,3.9
12/14/2023 23:20,December,4.19,4.18
12/14/2023 23:25,December,3.93,3.93
12/14/2023 23:30,December,4.11,4.1
12/14/2023 23:35,December,4.13,4.12
12/14/2023 23:40,December,4.15,4.15
12/14/2023 23:45,December,3.94,3.93
12/14/2023 23:50,December,3.71,3.7
12/14/2023 23:55,December,3.7,3.69
12/15/2023 0:00,December,3.85,3.84
12/15/2023 0:05,December,4.73,4.72
12/15/2023 0:10,December,4.03,4.01
12/15/2023 0:15,December,3.87,3.86
12/15/2023 0:20,December,3.71,3.69
12/15/2023 0:25,December,3.47,3.46
12/15/2023 0:30,December,3.68,3.67
12/15/2023 0:35,December,3.69,3.68
12/15/2023 0:40,December,3.7,3.68
12/15/2023 0:45,December,3.7,3.68
12/15/2023 0:50,December,3.63,3.61
12/15/2023 0:55,December,3.56,3.55
12/15/2023 1:00,December,3.55,3.54
12/15/2023 1:05,December,3.68,3.67
12/15/2023 1:10,December,3.64,3.62
12/15/2023 1:15,December,3.66,3.64
12/15/2023 1:20,December,3.48,3.46
12/15/2023 1:25,December,3.51,3.5
12/15/2023 1:30,December,3.53,3.51
12/15/2023 1:35,December,3.53,3.51
12/15/2023 1:40,December,3.57,3.55
12/15/2023 1:45,December,3.52,3.49
12/15/2023 1:50,December,3.51,3.49
12/15/2023 1:55,December,3.47,3.44
12/15/2023 2:00,December,3.48,3.46
12/15/2023 2:05,December,3.5,3.48
12/15/2023 2:10,December,3.51,3.48
12/15/2023 2:15,December,3.49,3.46
12/15/2023 2:20,December,3.51,3.48
12/15/2023 2:25,December,3.45,3.42
12/15/2023 2:30,December,3.44,3.41
12/15/2023 2:35,December,3.22,3.2
12/15/2023 2:40,December,3.44,3.41
12/15/2023 2:45,December,3.44,3.41
12/15/2023 2:50,December,3.22,3.2
12/15/2023 2:55,December,3.33,3.31
12/15/2023 3:00,December,3.03,3.01
12/15/2023 3:05,December,3.14,3.11
12/15/2023 3:10,December,3.32,3.3
12/15/2023 3:15,December,3.22,3.19
12/15/2023 3:20,December,3.28,3.26
12/15/2023 3:25,December,3.18,3.16
12/15/2023 3:30,December,3.28,3.25
12/15/2023 3:35,December,3.18,3.16
12/15/2023 3:40,December,3.2,3.18
12/15/2023 3:45,December,3.18,3.16
12/15/2023 3:50,December,3.17,3.14
12/15/2023 3:55,December,3.18,3.15
12/15/2023 4:00,December,3.12,3.09
12/15/2023 4:05,December,3.18,3.15
12/15/2023 4:10,December,3.18,3.15
12/15/2023 4:15,December,3.22,3.19
12/15/2023 4:20,December,3.35,3.32
12/15/2023 4:25,December,3.4,3.37
12/15/2023 4:30,December,3.24,3.21
12/15/2023 4:35,December,3.26,3.23
12/15/2023 4:40,December,3.35,3.32
12/15/2023 4:45,December,3.44,3.41
12/15/2023 4:50,December,3.46,3.43
12/15/2023 4:55,December,3.45,3.43
12/15/2023 5:00,December,3.47,3.44
12/15/2023 5:05,December,2.78,2.76
12/15/2023 5:10,December,3.18,3.15
12/15/2023 5:15,December,3.28,3.25
12/15/2023 5:20,December,3.43,3.4
12/15/2023 5:25,December,3.45,3.42
12/15/2023 5:30,December,3.44,3.41
12/15/2023 5:35,December,3.42,3.4
12/15/2023 5:40,December,3.45,3.42
12/15/2023 5:45,December,3.44,3.42
12/15/2023 5:50,December,3.43,3.4
12/15/2023 5:55,December,3.44,3.41
12/15/2023 6:00,December,3.44,3.41
12/15/2023 6:05,December,2.72,2.7
12/15/2023 6:10,December,3.03,3
12/15/2023 6:15,December,3.18,3.16
12/15/2023 6:20,December,3.19,3.16
12/15/2023 6:25,December,3.19,3.16
12/15/2023 6:30,December,3.02,2.99
12/15/2023 6:35,December,3.18,3.16
12/15/2023 6:40,December,3.18,3.16
12/15/2023 6:45,December,3.03,3.01
12/15/2023 6:50,December,3.18,3.16
12/15/2023 6:55,December,3.18,3.16
12/15/2023 7:00,December,3.42,3.39
12/15/2023 7:05,December,0,0
12/15/2023 7:10,December,2.82,2.8
12/15/2023 7:15,December,3.16,3.15
12/15/2023 7:20,December,3.16,3.15
12/15/2023 7:25,December,3.15,3.14
12/15/2023 7:30,December,3.15,3.14
12/15/2023 7:35,December,3.3,3.29
12/15/2023 7:40,December,3.38,3.37
12/15/2023 7:45,December,3.45,3.45
12/15/2023 7:50,December,3.48,3.47
12/15/2023 7:55,December,3.52,3.51
12/15/2023 8:00,December,4.1,4.09
12/15/2023 8:05,December,2.77,2.75
12/15/2023 8:10,December,3.4,3.39
12/15/2023 8:15,December,3.48,3.47
12/15/2023 8:20,December,3.45,3.44
12/15/2023 8:25,December,3.47,3.46
12/15/2023 8:30,December,3.46,3.45
12/15/2023 8:35,December,3.75,3.74
12/15/2023 8:40,December,3.6,3.59
12/15/2023 8:45,December,3.58,3.58
12/15/2023 8:50,December,3.78,3.78
12/15/2023 8:55,December,3.61,3.62
12/15/2023 9:00,December,3.67,3.67
12/15/2023 9:05,December,2.77,2.78
12/15/2023 9:10,December,3.4,3.41
12/15/2023 9:15,December,3.47,3.49
12/15/2023 9:20,December,3.65,3.67
12/15/2023 9:25,December,3.69,3.71
12/15/2023 9:30,December,3.96,3.98
12/15/2023 9:35,December,4,4.03
12/15/2023 9:40,December,3.5,3.53
12/15/2023 9:45,December,4.27,4.29
12/15/2023 9:50,December,3.66,3.68
12/15/2023 9:55,December,4.27,4.3
12/15/2023 10:00,December,3.79,3.82
12/15/2023 10:05,December,3.49,3.51
12/15/2023 10:10,December,3.65,3.68
12/15/2023 10:15,December,4.25,4.28
12/15/2023 10:20,December,4.27,4.3
12/15/2023 10:25,December,4.59,4.63
12/15/2023 10:30,December,4.27,4.3
12/15/2023 10:35,December,4.28,4.32
12/15/2023 10:40,December,4.28,4.32
12/15/2023 10:45,December,4.25,4.29
12/15/2023 10:50,December,4.24,4.28
12/15/2023 10:55,December,4.27,4.31
12/15/2023 11:00,December,4.21,4.26
12/15/2023 11:05,December,3.44,3.47
12/15/2023 11:10,December,3.65,3.69
12/15/2023 11:15,December,3.43,3.47
12/15/2023 11:20,December,3.47,3.5
12/15/2023 11:25,December,3.49,3.52
12/15/2023 11:30,December,3.5,3.53
12/15/2023 11:35,December,3.46,3.49
12/15/2023 11:40,December,3.5,3.53
12/15/2023 11:45,December,3.55,3.58
12/15/2023 11:50,December,3.46,3.5
12/15/2023 11:55,December,2.88,2.91
12/15/2023 12:00,December,0,0
12/15/2023 12:05,December,2.2,2.22
12/15/2023 12:10,December,2.76,2.78
12/15/2023 12:15,December,2.76,2.78
12/15/2023 12:20,December,2.76,2.79
12/15/2023 12:25,December,2.83,2.85
12/15/2023 12:30,December,2.75,2.78
12/15/2023 12:35,December,2.76,2.79
12/15/2023 12:40,December,2.81,2.83
12/15/2023 12:45,December,3.2,3.22
12/15/2023 12:50,December,3.31,3.33
12/15/2023 12:55,December,3.27,3.29
12/15/2023 13:00,December,3.43,3.46
12/15/2023 13:05,December,3.58,3.61
12/15/2023 13:10,December,4.61,4.65
12/15/2023 13:15,December,13.72,13.84
12/15/2023 13:20,December,4.28,4.32
12/15/2023 13:25,December,4.6,4.64
12/15/2023 13:30,December,4.29,4.32
12/15/2023 13:35,December,4.29,4.33
12/15/2023 13:40,December,4.29,4.33
12/15/2023 13:45,December,4.29,4.33
12/15/2023 13:50,December,4.29,4.33
12/15/2023 13:55,December,4.27,4.31
12/15/2023 14:00,December,4.3,4.34
12/15/2023 14:05,December,4.3,4.33
12/15/2023 14:10,December,4.31,4.34
12/15/2023 14:15,December,4.31,4.34
12/15/2023 14:20,December,4.45,4.49
12/15/2023 14:25,December,4.32,4.35
12/15/2023 14:30,December,4.6,4.64
12/15/2023 14:35,December,4.32,4.35
12/15/2023 14:40,December,4.33,4.36
12/15/2023 14:45,December,4.61,4.64
12/15/2023 14:50,December,10.56,10.63
12/15/2023 14:55,December,4.64,4.66
12/15/2023 15:00,December,4.46,4.48
12/15/2023 15:05,December,4.64,4.66
12/15/2023 15:10,December,4.65,4.67
12/15/2023 15:15,December,4.85,4.87
12/15/2023 15:20,December,4.67,4.68
12/15/2023 15:25,December,4.68,4.69
12/15/2023 15:30,December,4.69,4.69
12/15/2023 15:35,December,4.37,4.38
12/15/2023 15:40,December,4.38,4.39
12/15/2023 15:45,December,4.68,4.68
12/15/2023 15:50,December,4.68,4.68
12/15/2023 15:55,December,4.68,4.68
12/15/2023 16:00,December,4.67,4.67
12/15/2023 16:05,December,4.67,4.67
12/15/2023 16:10,December,4.64,4.64
12/15/2023 16:15,December,4.68,4.67
12/15/2023 16:20,December,4.68,4.67
12/15/2023 16:25,December,4.68,4.68
12/15/2023 16:30,December,4.44,4.43
12/15/2023 16:35,December,4.59,4.58
12/15/2023 16:40,December,4.68,4.67
12/15/2023 16:45,December,4.39,4.39
12/15/2023 16:50,December,4.68,4.67
12/15/2023 16:55,December,4.38,4.37
12/15/2023 17:00,December,3.92,3.92
12/15/2023 17:05,December,2.93,2.92
12/15/2023 17:10,December,2.81,2.8
12/15/2023 17:15,December,3.14,3.13
12/15/2023 17:20,December,3.51,3.5
12/15/2023 17:25,December,4.32,4.31
12/15/2023 17:30,December,10.54,10.53
12/15/2023 17:35,December,19.69,19.67
12/15/2023 17:40,December,18.77,18.71
12/15/2023 17:45,December,14.56,14.52
12/15/2023 17:50,December,9.04,9
12/15/2023 17:55,December,10.5,10.46
12/15/2023 18:00,December,4.73,4.71
12/15/2023 18:05,December,9.05,9
12/15/2023 18:10,December,10.5,10.44
12/15/2023 18:15,December,4.8,4.77
12/15/2023 18:20,December,4.78,4.75
12/15/2023 18:25,December,4.8,4.77
12/15/2023 18:30,December,4.8,4.77
12/15/2023 18:35,December,12.16,12.08
12/15/2023 18:40,December,4.8,4.77
12/15/2023 18:45,December,4.39,4.36
12/15/2023 18:50,December,4.39,4.36
12/15/2023 18:55,December,4.46,4.43
12/15/2023 19:00,December,4.68,4.65
12/15/2023 19:05,December,3.5,3.49
12/15/2023 19:10,December,4.26,4.23
12/15/2023 19:15,December,4.7,4.67
12/15/2023 19:20,December,4.11,4.09
12/15/2023 19:25,December,4.36,4.34
12/15/2023 19:30,December,4.36,4.33
12/15/2023 19:35,December,4.36,4.34
12/15/2023 19:40,December,4.67,4.64
12/15/2023 19:45,December,4.36,4.34
12/15/2023 19:50,December,4.36,4.33
12/15/2023 19:55,December,4.21,4.18
12/15/2023 20:00,December,4.36,4.33
12/15/2023 20:05,December,10.56,10.51
12/15/2023 20:10,December,4.66,4.64
12/15/2023 20:15,December,4.36,4.34
12/15/2023 20:20,December,4.31,4.29
12/15/2023 20:25,December,4.36,4.33
12/15/2023 20:30,December,3.47,3.45
12/15/2023 20:35,December,3.51,3.49
12/15/2023 20:40,December,3.52,3.5
12/15/2023 20:45,December,4.33,4.31
12/15/2023 20:50,December,4.33,4.31
12/15/2023 20:55,December,3.63,3.61
12/15/2023 21:00,December,3.44,3.42
12/15/2023 21:05,December,3.58,3.56
12/15/2023 21:10,December,3.7,3.68
12/15/2023 21:15,December,3.43,3.41
12/15/2023 21:20,December,3.7,3.68
12/15/2023 21:25,December,3.7,3.68
12/15/2023 21:30,December,3.4,3.38
12/15/2023 21:35,December,3.64,3.62
12/15/2023 21:40,December,3.69,3.67
12/15/2023 21:45,December,3.69,3.67
12/15/2023 21:50,December,3.41,3.39
12/15/2023 21:55,December,3.37,3.35
12/15/2023 22:00,December,2.81,2.79
12/15/2023 22:05,December,33.25,32.97
12/15/2023 22:10,December,29.38,29.17
12/15/2023 22:15,December,6,5.96
12/15/2023 22:20,December,4.6,4.57
12/15/2023 22:25,December,4.4,4.37
12/15/2023 22:30,December,4.14,4.11
12/15/2023 22:35,December,4.16,4.14
12/15/2023 22:40,December,3.73,3.71
12/15/2023 22:45,December,3.7,3.68
12/15/2023 22:50,December,3.69,3.66
12/15/2023 22:55,December,3.69,3.66
12/15/2023 23:00,December,3.68,3.66
12/15/2023 23:05,December,3.2,3.17
12/15/2023 23:10,December,3.46,3.43
12/15/2023 23:15,December,3.51,3.49
12/15/2023 23:20,December,3.53,3.5
12/15/2023 23:25,December,3.46,3.44
12/15/2023 23:30,December,3.46,3.44
12/15/2023 23:35,December,3.46,3.43
12/15/2023 23:40,December,3.46,3.43
12/15/2023 23:45,December,3.47,3.44
12/15/2023 23:50,December,3.53,3.5
12/15/2023 23:55,December,3.57,3.54
12/16/2023 0:00,December,3.61,3.58
12/16/2023 0:05,December,4.35,4.31
12/16/2023 0:10,December,3.78,3.74
12/16/2023 0:15,December,3.8,3.77
12/16/2023 0:20,December,3.65,3.61
12/16/2023 0:25,December,3.66,3.62
12/16/2023 0:30,December,3.64,3.6
12/16/2023 0:35,December,3.66,3.62
12/16/2023 0:40,December,3.02,2.99
12/16/2023 0:45,December,3.22,3.18
12/16/2023 0:50,December,3.5,3.46
12/16/2023 0:55,December,3.66,3.62
12/16/2023 1:00,December,3.22,3.18
12/16/2023 1:05,December,3.49,3.45
12/16/2023 1:10,December,3.52,3.48
12/16/2023 1:15,December,3.54,3.5
12/16/2023 1:20,December,3.53,3.49
12/16/2023 1:25,December,3.45,3.41
12/16/2023 1:30,December,3.44,3.4
12/16/2023 1:35,December,3.45,3.42
12/16/2023 1:40,December,3.36,3.32
12/16/2023 1:45,December,3.42,3.39
12/16/2023 1:50,December,3.21,3.18
12/16/2023 1:55,December,3.35,3.32
12/16/2023 2:00,December,3.21,3.18
12/16/2023 2:05,December,3.35,3.32
12/16/2023 2:10,December,3.4,3.36
12/16/2023 2:15,December,3.42,3.38
12/16/2023 2:20,December,3.41,3.38
12/16/2023 2:25,December,3.42,3.39
12/16/2023 2:30,December,3.36,3.32
12/16/2023 2:35,December,3.41,3.37
12/16/2023 2:40,December,3.42,3.38
12/16/2023 2:45,December,3.23,3.19
12/16/2023 2:50,December,3.19,3.16
12/16/2023 2:55,December,3.19,3.15
12/16/2023 3:00,December,3.18,3.15
12/16/2023 3:05,December,3.18,3.15
12/16/2023 3:10,December,3.18,3.15
12/16/2023 3:15,December,3.15,3.12
12/16/2023 3:20,December,3.18,3.15
12/16/2023 3:25,December,3.18,3.15
12/16/2023 3:30,December,3.18,3.15
12/16/2023 3:35,December,3.18,3.15
12/16/2023 3:40,December,3.16,3.13
12/16/2023 3:45,December,3.17,3.14
12/16/2023 3:50,December,3.17,3.14
12/16/2023 3:55,December,3.17,3.14
12/16/2023 4:00,December,3.17,3.14
12/16/2023 4:05,December,3.17,3.14
12/16/2023 4:10,December,3.17,3.14
12/16/2023 4:15,December,3.19,3.16
12/16/2023 4:20,December,3.02,2.99
12/16/2023 4:25,December,3.07,3.04
12/16/2023 4:30,December,3.02,2.99
12/16/2023 4:35,December,2.82,2.8
12/16/2023 4:40,December,3.16,3.13
12/16/2023 4:45,December,3.02,2.99
12/16/2023 4:50,December,3.02,2.99
12/16/2023 4:55,December,3.16,3.13
12/16/2023 5:00,December,3.16,3.13
12/16/2023 5:05,December,2.97,2.95
12/16/2023 5:10,December,2.97,2.95
12/16/2023 5:15,December,2.98,2.95
12/16/2023 5:20,December,3.16,3.13
12/16/2023 5:25,December,3.03,3
12/16/2023 5:30,December,3.03,3
12/16/2023 5:35,December,3.03,3
12/16/2023 5:40,December,2.95,2.92
12/16/2023 5:45,December,2.81,2.79
12/16/2023 5:50,December,2.93,2.9
12/16/2023 5:55,December,2.92,2.89
12/16/2023 6:00,December,2.81,2.79
12/16/2023 6:05,December,0,0
12/16/2023 6:10,December,2.46,2.44
12/16/2023 6:15,December,2.49,2.47
12/16/2023 6:20,December,2.47,2.45
12/16/2023 6:25,December,2.72,2.7
12/16/2023 6:30,December,2.8,2.78
12/16/2023 6:35,December,2.85,2.83
12/16/2023 6:40,December,2.91,2.89
12/16/2023 6:45,December,2.8,2.77
12/16/2023 6:50,December,2.8,2.77
12/16/2023 6:55,December,2.91,2.89
12/16/2023 7:00,December,2.96,2.94
12/16/2023 7:05,December,2.49,2.47
12/16/2023 7:10,December,2.9,2.88
12/16/2023 7:15,December,3.39,3.37
12/16/2023 7:20,December,3.14,3.12
12/16/2023 7:25,December,3.12,3.1
12/16/2023 7:30,December,3.1,3.08
12/16/2023 7:35,December,3.39,3.38
12/16/2023 7:40,December,4.14,4.12
12/16/2023 7:45,December,3.45,3.44
12/16/2023 7:50,December,3.86,3.85
12/16/2023 7:55,December,3.6,3.58
12/16/2023 8:00,December,3.83,3.82
12/16/2023 8:05,December,0.73,0.73
12/16/2023 8:10,December,2.93,2.93
12/16/2023 8:15,December,3.12,3.12
12/16/2023 8:20,December,3.39,3.38
12/16/2023 8:25,December,3.6,3.59
12/16/2023 8:30,December,3.65,3.64
12/16/2023 8:35,December,3.45,3.44
12/16/2023 8:40,December,3.45,3.45
12/16/2023 8:45,December,3.65,3.65
12/16/2023 8:50,December,3.66,3.65
12/16/2023 8:55,December,3.66,3.65
12/16/2023 9:00,December,3.37,3.45
12/16/2023 9:05,December,3,3
12/16/2023 9:10,December,2.94,2.93
12/16/2023 9:15,December,3.07,3.07
12/16/2023 9:20,December,3.83,3.82
12/16/2023 9:25,December,3.44,3.44
12/16/2023 9:30,December,4.22,4.22
12/16/2023 9:35,December,4.11,4.11
12/16/2023 9:40,December,4.09,4.1
12/16/2023 9:45,December,4.03,4.04
12/16/2023 9:50,December,3.81,3.82
12/16/2023 9:55,December,4.14,4.15
12/16/2023 10:00,December,4.21,4.22
12/16/2023 10:05,December,3.67,3.68
12/16/2023 10:10,December,4.04,4.06
12/16/2023 10:15,December,4.03,4.05
12/16/2023 10:20,December,4.1,4.12
12/16/2023 10:25,December,4.15,4.17
12/16/2023 10:30,December,33.24,33.44
12/16/2023 10:35,December,33.31,33.47
12/16/2023 10:40,December,33.21,33.33
12/16/2023 10:45,December,33.04,33.15
12/16/2023 10:50,December,29.14,29.27
12/16/2023 10:55,December,18.81,18.87
12/16/2023 11:00,December,19.8,19.88
12/16/2023 11:05,December,8.8,8.83
12/16/2023 11:10,December,14.02,14.08
12/16/2023 11:15,December,12,12.04
12/16/2023 11:20,December,13.53,13.58
12/16/2023 11:25,December,16.2,16.28
12/16/2023 11:30,December,11.99,12.05
12/16/2023 11:35,December,8.85,8.89
12/16/2023 11:40,December,10.67,10.71
12/16/2023 11:45,December,8.85,8.88
12/16/2023 11:50,December,10.58,10.62
12/16/2023 11:55,December,8.8,8.82
12/16/2023 12:00,December,4.16,4.17
12/16/2023 12:05,December,8.72,8.77
12/16/2023 12:10,December,10.62,10.66
12/16/2023 12:15,December,8.8,8.83
12/16/2023 12:20,December,3.79,3.8
12/16/2023 12:25,December,3.97,3.98
12/16/2023 12:30,December,4.15,4.17
12/16/2023 12:35,December,4.16,4.18
12/16/2023 12:40,December,8.75,8.81
12/16/2023 12:45,December,5.63,5.68
12/16/2023 12:50,December,5.16,5.2
12/16/2023 12:55,December,5.58,5.62
12/16/2023 13:00,December,5.63,5.67
12/16/2023 13:05,December,8.75,8.81
12/16/2023 13:10,December,13.88,13.97
12/16/2023 13:15,December,10.65,10.72
12/16/2023 13:20,December,5.62,5.65
12/16/2023 13:25,December,8.78,8.83
12/16/2023 13:30,December,4.12,4.14
12/16/2023 13:35,December,4.05,4.07
12/16/2023 13:40,December,4.17,4.19
12/16/2023 13:45,December,4.45,4.48
12/16/2023 13:50,December,4.16,4.18
12/16/2023 13:55,December,4.16,4.19
12/16/2023 14:00,December,4.19,4.22
12/16/2023 14:05,December,4.49,4.52
12/16/2023 14:10,December,4.35,4.37
12/16/2023 14:15,December,5.65,5.68
12/16/2023 14:20,December,16.17,16.27
12/16/2023 14:25,December,10.73,10.77
12/16/2023 14:30,December,5.69,5.71
12/16/2023 14:35,December,13.98,14.05
12/16/2023 14:40,December,4.41,4.43
12/16/2023 14:45,December,4.53,4.55
12/16/2023 14:50,December,4.51,4.53
12/16/2023 14:55,December,4.17,4.19
12/16/2023 15:00,December,4.36,4.39
12/16/2023 15:05,December,4.33,4.35
12/16/2023 15:10,December,4.23,4.25
12/16/2023 15:15,December,4.23,4.24
12/16/2023 15:20,December,4.24,4.25
12/16/2023 15:25,December,10.72,10.76
12/16/2023 15:30,December,4.53,4.55
12/16/2023 15:35,December,11.92,11.96
12/16/2023 15:40,December,4.55,4.56
12/16/2023 15:45,December,4.24,4.24
12/16/2023 15:50,December,4.27,4.27
12/16/2023 15:55,December,4.17,4.18
12/16/2023 16:00,December,4.15,4.16
12/16/2023 16:05,December,4.19,4.19
12/16/2023 16:10,December,4.11,4.11
12/16/2023 16:15,December,4.13,4.13
12/16/2023 16:20,December,4.15,4.15
12/16/2023 16:25,December,4.26,4.26
12/16/2023 16:30,December,4.27,4.26
12/16/2023 16:35,December,4.27,4.26
12/16/2023 16:40,December,4.22,4.22
12/16/2023 16:45,December,4.27,4.26
12/16/2023 16:50,December,4.15,4.15
12/16/2023 16:55,December,4.13,4.12
12/16/2023 17:00,December,4.11,4.1
12/16/2023 17:05,December,4,3.99
12/16/2023 17:10,December,3.69,3.68
12/16/2023 17:15,December,4.04,4.03
12/16/2023 17:20,December,4.17,4.16
12/16/2023 17:25,December,4.62,4.61
12/16/2023 17:30,December,5.71,5.7
12/16/2023 17:35,December,10.66,10.63
12/16/2023 17:40,December,15.5,15.47
12/16/2023 17:45,December,13.32,13.29
12/16/2023 17:50,December,8.96,8.94
12/16/2023 17:55,December,5.96,5.94
12/16/2023 18:00,December,4.71,4.7
12/16/2023 18:05,December,13.87,13.84
12/16/2023 18:10,December,5.75,5.73
12/16/2023 18:15,December,4.74,4.73
12/16/2023 18:20,December,4.72,4.7
12/16/2023 18:25,December,4.74,4.72
12/16/2023 18:30,December,4.72,4.7
12/16/2023 18:35,December,4.72,4.7
12/16/2023 18:40,December,4.34,4.32
12/16/2023 18:45,December,4.13,4.11
12/16/2023 18:50,December,4.3,4.28
12/16/2023 18:55,December,4.33,4.31
12/16/2023 19:00,December,4.33,4.31
12/16/2023 19:05,December,4.31,4.29
12/16/2023 19:10,December,4.31,4.29
12/16/2023 19:15,December,4.32,4.3
12/16/2023 19:20,December,4.42,4.41
12/16/2023 19:25,December,4.31,4.3
12/16/2023 19:30,December,4.31,4.29
12/16/2023 19:35,December,4.21,4.2
12/16/2023 19:40,December,4.2,4.18
12/16/2023 19:45,December,4.3,4.28
12/16/2023 19:50,December,4.29,4.28
12/16/2023 19:55,December,4.21,4.19
12/16/2023 20:00,December,4.19,4.18
12/16/2023 20:05,December,4.64,4.63
12/16/2023 20:10,December,4.43,4.41
12/16/2023 20:15,December,4.29,4.28
12/16/2023 20:20,December,4.29,4.27
12/16/2023 20:25,December,4.22,4.21
12/16/2023 20:30,December,4.22,4.2
12/16/2023 20:35,December,4.19,4.17
12/16/2023 20:40,December,4.09,4.07
12/16/2023 20:45,December,4.11,4.1
12/16/2023 20:50,December,4.12,4.1
12/16/2023 20:55,December,4.14,4.12
12/16/2023 21:00,December,4.13,4.12
12/16/2023 21:05,December,29.39,29.29
12/16/2023 21:10,December,4.64,4.62
12/16/2023 21:15,December,4.29,4.28
12/16/2023 21:20,December,4.29,4.27
12/16/2023 21:25,December,4.3,4.28
12/16/2023 21:30,December,4.64,4.62
12/16/2023 21:35,December,4.65,4.63
12/16/2023 21:40,December,4.66,4.64
12/16/2023 21:45,December,4.33,4.31
12/16/2023 21:50,December,4.32,4.3
12/16/2023 21:55,December,4.3,4.28
12/16/2023 22:00,December,4.19,4.17
12/16/2023 22:05,December,29.47,29.35
12/16/2023 22:10,December,14.13,14.08
12/16/2023 22:15,December,4.68,4.66
12/16/2023 22:20,December,4.68,4.66
12/16/2023 22:25,December,4.69,4.67
12/16/2023 22:30,December,4.4,4.38
12/16/2023 22:35,December,4.7,4.68
12/16/2023 22:40,December,4.69,4.67
12/16/2023 22:45,December,4.7,4.67
12/16/2023 22:50,December,4.69,4.67
12/16/2023 22:55,December,4.32,4.3
12/16/2023 23:00,December,4.62,4.6
12/16/2023 23:05,December,29.52,29.38
12/16/2023 23:10,December,12.07,12.01
12/16/2023 23:15,December,4.69,4.67
12/16/2023 23:20,December,4.69,4.66
12/16/2023 23:25,December,4.68,4.66
12/16/2023 23:30,December,4.67,4.65
12/16/2023 23:35,December,4.68,4.66
12/16/2023 23:40,December,4.39,4.37
12/16/2023 23:45,December,4.62,4.6
12/16/2023 23:50,December,4.18,4.16
12/16/2023 23:55,December,4.15,4.12
12/17/2023 0:00,December,4.13,4.11
12/17/2023 0:05,December,4.23,4.2
12/17/2023 0:10,December,4.25,4.23
12/17/2023 0:15,December,4.26,4.23
12/17/2023 0:20,December,3.65,3.63
12/17/2023 0:25,December,3.65,3.63
12/17/2023 0:30,December,4.24,4.21
12/17/2023 0:35,December,3.95,3.93
12/17/2023 0:40,December,4.19,4.16
12/17/2023 0:45,December,4.12,4.09
12/17/2023 0:50,December,4.18,4.15
12/17/2023 0:55,December,3.65,3.62
12/17/2023 1:00,December,3.65,3.63
12/17/2023 1:05,December,4.06,4.03
12/17/2023 1:10,December,3.82,3.79
12/17/2023 1:15,December,3.55,3.52
12/17/2023 1:20,December,3.54,3.51
12/17/2023 1:25,December,3.57,3.54
12/17/2023 1:30,December,3.64,3.61
12/17/2023 1:35,December,3.62,3.59
12/17/2023 1:40,December,3.53,3.5
12/17/2023 1:45,December,3.51,3.48
12/17/2023 1:50,December,2.81,2.78
12/17/2023 1:55,December,3.16,3.13
12/17/2023 2:00,December,3.52,3.49
12/17/2023 2:05,December,3.08,3.04
12/17/2023 2:10,December,3.2,3.17
12/17/2023 2:15,December,3.11,3.07
12/17/2023 2:20,December,2.5,2.47
12/17/2023 2:25,December,3.12,3.08
12/17/2023 2:30,December,3.07,3.03
12/17/2023 2:35,December,3.07,3.04
12/17/2023 2:40,December,3.09,3.05
12/17/2023 2:45,December,3.2,3.16
12/17/2023 2:50,December,3.5,3.46
12/17/2023 2:55,December,3.2,3.16
12/17/2023 3:00,December,3.2,3.16
12/17/2023 3:05,December,3.09,3.06
12/17/2023 3:10,December,3.09,3.06
12/17/2023 3:15,December,3.19,3.15
12/17/2023 3:20,December,3.08,3.04
12/17/2023 3:25,December,3.08,3.04
12/17/2023 3:30,December,3.38,3.34
12/17/2023 3:35,December,3.18,3.14
12/17/2023 3:40,December,3.08,3.04
12/17/2023 3:45,December,2.92,2.88
12/17/2023 3:50,December,2.8,2.77
12/17/2023 3:55,December,2.92,2.88
12/17/2023 4:00,December,2.97,2.93
12/17/2023 4:05,December,3.2,3.16
12/17/2023 4:10,December,2.91,2.88
12/17/2023 4:15,December,2.97,2.94
12/17/2023 4:20,December,2.96,2.93
12/17/2023 4:25,December,3.04,3.01
12/17/2023 4:30,December,2.97,2.94
12/17/2023 4:35,December,2.93,2.9
12/17/2023 4:40,December,2.97,2.94
12/17/2023 4:45,December,2.79,2.76
12/17/2023 4:50,December,2.81,2.79
12/17/2023 4:55,December,2.81,2.79
12/17/2023 5:00,December,2.81,2.79
12/17/2023 5:05,December,2.93,2.9
12/17/2023 5:10,December,2.81,2.79
12/17/2023 5:15,December,2.81,2.79
12/17/2023 5:20,December,2.81,2.79
12/17/2023 5:25,December,2.81,2.78
12/17/2023 5:30,December,2.79,2.76
12/17/2023 5:35,December,2.79,2.76
12/17/2023 5:40,December,2.49,2.47
12/17/2023 5:45,December,2.49,2.47
12/17/2023 5:50,December,2.78,2.76
12/17/2023 5:55,December,2.81,2.79
12/17/2023 6:00,December,2.51,2.48
12/17/2023 6:05,December,2.5,2.48
12/17/2023 6:10,December,2.51,2.49
12/17/2023 6:15,December,2.67,2.65
12/17/2023 6:20,December,2.53,2.51
12/17/2023 6:25,December,2.77,2.75
12/17/2023 6:30,December,2.65,2.63
12/17/2023 6:35,December,2.76,2.74
12/17/2023 6:40,December,2.73,2.71
12/17/2023 6:45,December,3,2.98
12/17/2023 6:50,December,2.97,2.95
12/17/2023 6:55,December,2.77,2.75
12/17/2023 7:00,December,2.77,2.75
12/17/2023 7:05,December,2.67,2.66
12/17/2023 7:10,December,2.69,2.68
12/17/2023 7:15,December,2.76,2.74
12/17/2023 7:20,December,2.76,2.74
12/17/2023 7:25,December,2.72,2.7
12/17/2023 7:30,December,2.75,2.74
12/17/2023 7:35,December,2.48,2.46
12/17/2023 7:40,December,2.72,2.7
12/17/2023 7:45,December,2.71,2.7
12/17/2023 7:50,December,2.73,2.72
12/17/2023 7:55,December,2.74,2.73
12/17/2023 8:00,December,2.96,2.95
12/17/2023 8:05,December,2.74,2.74
12/17/2023 8:10,December,2.75,2.74
12/17/2023 8:15,December,2.75,2.74
12/17/2023 8:20,December,2.75,2.74
12/17/2023 8:25,December,2.9,2.89
12/17/2023 8:30,December,2.78,2.77
12/17/2023 8:35,December,2.47,2.47
12/17/2023 8:40,December,2.76,2.75
12/17/2023 8:45,December,3.02,3.01
12/17/2023 8:50,December,2.76,2.76
12/17/2023 8:55,December,3.17,3.17
12/17/2023 9:00,December,2.88,2.87
12/17/2023 9:05,December,0,0
12/17/2023 9:10,December,0,0
12/17/2023 9:15,December,0,0
12/17/2023 9:20,December,2.68,2.67
12/17/2023 9:25,December,2.88,2.87
12/17/2023 9:30,December,2.87,2.86
12/17/2023 9:35,December,2.91,2.9
12/17/2023 9:40,December,2.76,2.75
12/17/2023 9:45,December,3.19,3.17
12/17/2023 9:50,December,3.19,3.17
12/17/2023 9:55,December,3.19,3.17
12/17/2023 10:00,December,3.3,3.29
12/17/2023 10:05,December,3.25,3.24
12/17/2023 10:10,December,3.29,3.29
12/17/2023 10:15,December,2.46,2.46
12/17/2023 10:20,December,2.87,2.86
12/17/2023 10:25,December,2.75,2.75
12/17/2023 10:30,December,2.75,2.75
12/17/2023 10:35,December,2.75,2.75
12/17/2023 10:40,December,2.75,2.75
12/17/2023 10:45,December,2.67,2.68
12/17/2023 10:50,December,2.86,2.86
12/17/2023 10:55,December,2.18,2.18
12/17/2023 11:00,December,2.7,2.71
12/17/2023 11:05,December,2.66,2.67
12/17/2023 11:10,December,2.85,2.86
12/17/2023 11:15,December,2.72,2.73
12/17/2023 11:20,December,2.69,2.7
12/17/2023 11:25,December,2.72,2.73
12/17/2023 11:30,December,2.74,2.75
12/17/2023 11:35,December,2.45,2.46
12/17/2023 11:40,December,2.45,2.46
12/17/2023 11:45,December,2.85,2.87
12/17/2023 11:50,December,2.65,2.67
12/17/2023 11:55,December,0,0
12/17/2023 12:00,December,2.65,2.66
12/17/2023 12:05,December,2.65,2.66
12/17/2023 12:10,December,2.7,2.72
12/17/2023 12:15,December,2.74,2.76
12/17/2023 12:20,December,2.7,2.71
12/17/2023 12:25,December,2.69,2.71
12/17/2023 12:30,December,2.45,2.46
12/17/2023 12:35,December,2.64,2.66
12/17/2023 12:40,December,2.66,2.68
12/17/2023 12:45,December,2.67,2.68
12/17/2023 12:50,December,2.66,2.68
12/17/2023 12:55,December,2.69,2.68
12/17/2023 13:00,December,2.67,2.66
12/17/2023 13:05,December,2.68,2.67
12/17/2023 13:10,December,2.66,2.66
12/17/2023 13:15,December,2.78,2.78
12/17/2023 13:20,December,2.7,2.7
12/17/2023 13:25,December,2.67,2.67
12/17/2023 13:30,December,2.69,2.69
12/17/2023 13:35,December,2.66,2.66
12/17/2023 13:40,December,2.9,2.9
12/17/2023 13:45,December,2.67,2.68
12/17/2023 13:50,December,2.7,2.71
12/17/2023 13:55,December,3.27,3.28
12/17/2023 14:00,December,2.75,2.75
12/17/2023 14:05,December,3.83,3.84
12/17/2023 14:10,December,3.44,3.45
12/17/2023 14:15,December,3.32,3.32
12/17/2023 14:20,December,3.15,3.16
12/17/2023 14:25,December,3.3,3.3
12/17/2023 14:30,December,2.72,2.72
12/17/2023 14:35,December,2.87,2.87
12/17/2023 14:40,December,2.68,2.69
12/17/2023 14:45,December,2.75,2.76
12/17/2023 14:50,December,2.75,2.76
12/17/2023 14:55,December,2.79,2.8
12/17/2023 15:00,December,2.76,2.76
12/17/2023 15:05,December,3.15,3.15
12/17/2023 15:10,December,3.12,3.12
12/17/2023 15:15,December,3.14,3.14
12/17/2023 15:20,December,3.16,3.16
12/17/2023 15:25,December,3.26,3.26
12/17/2023 15:30,December,3.32,3.32
12/17/2023 15:35,December,3.18,3.18
12/17/2023 15:40,December,3.18,3.17
12/17/2023 15:45,December,3.18,3.18
12/17/2023 15:50,December,3.19,3.19
12/17/2023 15:55,December,3.21,3.21
12/17/2023 16:00,December,3.19,3.19
12/17/2023 16:05,December,2.89,2.88
12/17/2023 16:10,December,2.92,2.91
12/17/2023 16:15,December,3.33,3.32
12/17/2023 16:20,December,3.33,3.32
12/17/2023 16:25,December,3.48,3.47
12/17/2023 16:30,December,3.59,3.58
12/17/2023 16:35,December,3.48,3.47
12/17/2023 16:40,December,3.59,3.58
12/17/2023 16:45,December,3.57,3.56
12/17/2023 16:50,December,3.48,3.47
12/17/2023 16:55,December,2.79,2.78
12/17/2023 17:00,December,3.6,3.59
12/17/2023 17:05,December,3.49,3.48
12/17/2023 17:10,December,3.49,3.48
12/17/2023 17:15,December,3.59,3.58
12/17/2023 17:20,December,3.61,3.6
12/17/2023 17:25,December,4.31,4.3
12/17/2023 17:30,December,4.8,4.79
12/17/2023 17:35,December,5.56,5.55
12/17/2023 17:40,December,5.57,5.55
12/17/2023 17:45,December,14.11,14.07
12/17/2023 17:50,December,5.57,5.55
12/17/2023 17:55,December,4.86,4.84
12/17/2023 18:00,December,4.86,4.84
12/17/2023 18:05,December,4.37,4.36
12/17/2023 18:10,December,4.85,4.84
12/17/2023 18:15,December,4.85,4.83
12/17/2023 18:20,December,4.57,4.55
12/17/2023 18:25,December,4.84,4.82
12/17/2023 18:30,December,4.83,4.82
12/17/2023 18:35,December,4.84,4.82
12/17/2023 18:40,December,5.58,5.56
12/17/2023 18:45,December,4.84,4.82
12/17/2023 18:50,December,4.57,4.55
12/17/2023 18:55,December,4.56,4.55
12/17/2023 19:00,December,3.91,3.9
12/17/2023 19:05,December,3.61,3.61
12/17/2023 19:10,December,3.75,3.75
12/17/2023 19:15,December,3.85,3.84
12/17/2023 19:20,December,3.93,3.92
12/17/2023 19:25,December,3.89,3.88
12/17/2023 19:30,December,3.92,3.92
12/17/2023 19:35,December,3.89,3.89
12/17/2023 19:40,December,4.32,4.31
12/17/2023 19:45,December,4.19,4.18
12/17/2023 19:50,December,4.19,4.18
12/17/2023 19:55,December,4.26,4.25
12/17/2023 20:00,December,3.66,3.65
12/17/2023 20:05,December,4.19,4.18
12/17/2023 20:10,December,4.32,4.31
12/17/2023 20:15,December,4.21,4.21
12/17/2023 20:20,December,4.22,4.21
12/17/2023 20:25,December,4.22,4.21
12/17/2023 20:30,December,3.66,3.65
12/17/2023 20:35,December,3.69,3.68
12/17/2023 20:40,December,3.66,3.66
12/17/2023 20:45,December,4.18,4.18
12/17/2023 20:50,December,3.7,3.69
12/17/2023 20:55,December,3.67,3.67
12/17/2023 21:00,December,3.69,3.69
12/17/2023 21:05,December,19.62,19.58
12/17/2023 21:10,December,4.87,4.85
12/17/2023 21:15,December,4.85,4.84
12/17/2023 21:20,December,4.84,4.83
12/17/2023 21:25,December,4.36,4.35
12/17/2023 21:30,December,4.37,4.36
12/17/2023 21:35,December,4.37,4.36
12/17/2023 21:40,December,4.96,4.95
12/17/2023 21:45,December,4.96,4.95
12/17/2023 21:50,December,4.87,4.86
12/17/2023 21:55,December,4.86,4.85
12/17/2023 22:00,December,4.58,4.58
12/17/2023 22:05,December,14.15,14.12
12/17/2023 22:10,December,5.06,5.05
12/17/2023 22:15,December,4.89,4.88
12/17/2023 22:20,December,4.6,4.59
12/17/2023 22:25,December,4.6,4.59
12/17/2023 22:30,December,4.04,4.03
12/17/2023 22:35,December,4.24,4.23
12/17/2023 22:40,December,4.36,4.35
12/17/2023 22:45,December,3.77,3.76
12/17/2023 22:50,December,4.3,4.29
12/17/2023 22:55,December,4.19,4.18
12/17/2023 23:00,December,3.62,3.61
12/17/2023 23:05,December,3.68,3.67
12/17/2023 23:10,December,3.92,3.91
12/17/2023 23:15,December,3.95,3.94
12/17/2023 23:20,December,4.23,4.21
12/17/2023 23:25,December,3.84,3.82
12/17/2023 23:30,December,3.72,3.71
12/17/2023 23:35,December,3.7,3.69
12/17/2023 23:40,December,3.59,3.57
12/17/2023 23:45,December,3.63,3.62
12/17/2023 23:50,December,3.64,3.63
12/17/2023 23:55,December,3.63,3.61
12/18/2023 0:00,December,3.66,3.65
12/18/2023 0:05,December,4.91,4.89
12/18/2023 0:10,December,4.2,4.18
12/18/2023 0:15,December,3.93,3.91
12/18/2023 0:20,December,3.69,3.67
12/18/2023 0:25,December,3.87,3.85
12/18/2023 0:30,December,3.86,3.84
12/18/2023 0:35,December,3.78,3.76
12/18/2023 0:40,December,3.69,3.67
12/18/2023 0:45,December,3.78,3.76
12/18/2023 0:50,December,3.77,3.75
12/18/2023 0:55,December,3.75,3.73
12/18/2023 1:00,December,3.72,3.69
12/18/2023 1:05,December,3.81,3.79
12/18/2023 1:10,December,3.7,3.68
12/18/2023 1:15,December,3.74,3.72
12/18/2023 1:20,December,3.58,3.56
12/18/2023 1:25,December,3.58,3.55
12/18/2023 1:30,December,3.94,3.91
12/18/2023 1:35,December,3.79,3.77
12/18/2023 1:40,December,3.7,3.67
12/18/2023 1:45,December,3.43,3.41
12/18/2023 1:50,December,3.57,3.55
12/18/2023 1:55,December,3.75,3.73
12/18/2023 2:00,December,3.69,3.67
12/18/2023 2:05,December,3.57,3.55
12/18/2023 2:10,December,3.32,3.3
12/18/2023 2:15,December,3.44,3.41
12/18/2023 2:20,December,3.36,3.34
12/18/2023 2:25,December,3.29,3.27
12/18/2023 2:30,December,3.5,3.48
12/18/2023 2:35,December,3.35,3.33
12/18/2023 2:40,December,3.29,3.27
12/18/2023 2:45,December,3.22,3.2
12/18/2023 2:50,December,3.25,3.23
12/18/2023 2:55,December,3.28,3.26
12/18/2023 3:00,December,3.05,3.03
12/18/2023 3:05,December,3.28,3.26
12/18/2023 3:10,December,3.27,3.25
12/18/2023 3:15,December,3.2,3.18
12/18/2023 3:20,December,3.2,3.18
12/18/2023 3:25,December,3.13,3.11
12/18/2023 3:30,December,3.22,3.2
12/18/2023 3:35,December,3.01,2.99
12/18/2023 3:40,December,3.05,3.03
12/18/2023 3:45,December,3.05,3.03
12/18/2023 3:50,December,3.05,3.03
12/18/2023 3:55,December,3.05,3.03
12/18/2023 4:00,December,3.27,3.25
12/18/2023 4:05,December,3.19,3.17
12/18/2023 4:10,December,3.36,3.34
12/18/2023 4:15,December,3.43,3.4
12/18/2023 4:20,December,3.28,3.26
12/18/2023 4:25,December,3.28,3.26
12/18/2023 4:30,December,2.85,2.83
12/18/2023 4:35,December,3.15,3.13
12/18/2023 4:40,December,3.28,3.25
12/18/2023 4:45,December,3.12,3.1
12/18/2023 4:50,December,3.28,3.26
12/18/2023 4:55,December,3.28,3.26
12/18/2023 5:00,December,3.68,3.65
12/18/2023 5:05,December,3.4,3.37
12/18/2023 5:10,December,3.28,3.26
12/18/2023 5:15,December,3.24,3.22
12/18/2023 5:20,December,3.56,3.54
12/18/2023 5:25,December,3.28,3.26
12/18/2023 5:30,December,3.28,3.26
12/18/2023 5:35,December,3.28,3.26
12/18/2023 5:40,December,3.15,3.13
12/18/2023 5:45,December,3.12,3.1
12/18/2023 5:50,December,2.98,2.96
12/18/2023 5:55,December,3.27,3.25
12/18/2023 6:00,December,3.14,3.12
12/18/2023 6:05,December,0,0
12/18/2023 6:10,December,2.44,2.43
12/18/2023 6:15,December,2.94,2.92
12/18/2023 6:20,December,2.84,2.82
12/18/2023 6:25,December,2.83,2.82
12/18/2023 6:30,December,2.6,2.58
12/18/2023 6:35,December,2.83,2.81
12/18/2023 6:40,December,2.83,2.81
12/18/2023 6:45,December,2.6,2.59
12/18/2023 6:50,December,2.82,2.81
12/18/2023 6:55,December,2.76,2.75
12/18/2023 7:00,December,2.83,2.82
12/18/2023 7:05,December,2.61,2.6
12/18/2023 7:10,December,4.35,4.34
12/18/2023 7:15,December,3.43,3.43
12/18/2023 7:20,December,3.27,3.27
12/18/2023 7:25,December,3.34,3.34
12/18/2023 7:30,December,3.25,3.24
12/18/2023 7:35,December,4.6,4.6
12/18/2023 7:40,December,4.37,4.37
12/18/2023 7:45,December,4.21,4.2
12/18/2023 7:50,December,4.24,4.24
12/18/2023 7:55,December,4.33,4.33
12/18/2023 8:00,December,4.85,4.85
12/18/2023 8:05,December,3.24,3.25
12/18/2023 8:10,December,4.22,4.24
12/18/2023 8:15,December,4.44,4.46
12/18/2023 8:20,December,4.58,4.6
12/18/2023 8:25,December,4.82,4.85
12/18/2023 8:30,December,4.91,4.93
12/18/2023 8:35,December,4.58,4.6
12/18/2023 8:40,December,4.81,4.85
12/18/2023 8:45,December,4.81,4.86
12/18/2023 8:50,December,4.58,4.61
12/18/2023 8:55,December,4.81,4.85
12/18/2023 9:00,December,4.84,4.87
12/18/2023 9:05,December,2.79,2.8
12/18/2023 9:10,December,2.78,2.8
12/18/2023 9:15,December,4.3,4.32
12/18/2023 9:20,December,4.33,4.36
12/18/2023 9:25,December,4.38,4.41
12/18/2023 9:30,December,4.56,4.58
12/18/2023 9:35,December,4.81,4.83
12/18/2023 9:40,December,4.56,4.58
12/18/2023 9:45,December,4.79,4.81
12/18/2023 9:50,December,4.8,4.82
12/18/2023 9:55,December,4.8,4.82
12/18/2023 10:00,December,4.58,4.6
12/18/2023 10:05,December,3.17,3.18
12/18/2023 10:10,December,4.37,4.38
12/18/2023 10:15,December,4.36,4.37
12/18/2023 10:20,December,4.55,4.56
12/18/2023 10:25,December,4.81,4.82
12/18/2023 10:30,December,4.57,4.58
12/18/2023 10:35,December,4.79,4.8
12/18/2023 10:40,December,5.52,5.54
12/18/2023 10:45,December,4.81,4.82
12/18/2023 10:50,December,5.53,5.55
12/18/2023 10:55,December,4.83,4.84
12/18/2023 11:00,December,4.82,4.84
12/18/2023 11:05,December,4.41,4.43
12/18/2023 11:10,December,19.85,19.96
12/18/2023 11:15,December,5.53,5.56
12/18/2023 11:20,December,4.84,4.86
12/18/2023 11:25,December,4.85,4.87
12/18/2023 11:30,December,4.84,4.86
12/18/2023 11:35,December,4.42,4.44
12/18/2023 11:40,December,4.59,4.62
12/18/2023 11:45,December,4.59,4.61
12/18/2023 11:50,December,4.81,4.83
12/18/2023 11:55,December,4.59,4.61
12/18/2023 12:00,December,4.42,4.44
12/18/2023 12:05,December,4.36,4.38
12/18/2023 12:10,December,4.39,4.4
12/18/2023 12:15,December,4.39,4.4
12/18/2023 12:20,December,4.37,4.38
12/18/2023 12:25,December,5.74,5.76
12/18/2023 12:30,December,4.44,4.45
12/18/2023 12:35,December,4.42,4.44
12/18/2023 12:40,December,4.57,4.58
12/18/2023 12:45,December,4.43,4.45
12/18/2023 12:50,December,4.56,4.58
12/18/2023 12:55,December,5.52,5.54
12/18/2023 13:00,December,4.8,4.82
12/18/2023 13:05,December,4.9,4.92
12/18/2023 13:10,December,12.15,12.2
12/18/2023 13:15,December,12.14,12.21
12/18/2023 13:20,December,4.83,4.86
12/18/2023 13:25,December,5.54,5.57
12/18/2023 13:30,December,4.85,4.88
12/18/2023 13:35,December,5.55,5.57
12/18/2023 13:40,December,4.89,4.91
12/18/2023 13:45,December,4.91,4.93
12/18/2023 13:50,December,10.88,10.92
12/18/2023 13:55,December,5.56,5.58
12/18/2023 14:00,December,5.56,5.59
12/18/2023 14:05,December,4.92,4.94
12/18/2023 14:10,December,12.14,12.17
12/18/2023 14:15,December,5.99,6
12/18/2023 14:20,December,5.98,6
12/18/2023 14:25,December,4.91,4.92
12/18/2023 14:30,December,5.58,5.59
12/18/2023 14:35,December,4.69,4.7
12/18/2023 14:40,December,4.9,4.91
12/18/2023 14:45,December,4.67,4.69
12/18/2023 14:50,December,4.88,4.9
12/18/2023 14:55,December,4.89,4.91
12/18/2023 15:00,December,4.89,4.91
12/18/2023 15:05,December,4.89,4.91
12/18/2023 15:10,December,5.75,5.77
12/18/2023 15:15,December,4.92,4.94
12/18/2023 15:20,December,4.93,4.94
12/18/2023 15:25,December,10.86,10.88
12/18/2023 15:30,December,5.58,5.59
12/18/2023 15:35,December,4.93,4.94
12/18/2023 15:40,December,5.58,5.59
12/18/2023 15:45,December,4.94,4.95
12/18/2023 15:50,December,4.93,4.93
12/18/2023 15:55,December,4.93,4.93
12/18/2023 16:00,December,4.92,4.93
12/18/2023 16:05,December,3.71,3.71
12/18/2023 16:10,December,4.43,4.44
12/18/2023 16:15,December,4.63,4.63
12/18/2023 16:20,December,4.91,4.91
12/18/2023 16:25,December,4.89,4.89
12/18/2023 16:30,December,4.64,4.64
12/18/2023 16:35,December,4.88,4.88
12/18/2023 16:40,December,4.88,4.88
12/18/2023 16:45,December,4.88,4.88
12/18/2023 16:50,December,4.88,4.88
12/18/2023 16:55,December,4.88,4.88
12/18/2023 17:00,December,4.64,4.64
12/18/2023 17:05,December,27.71,27.72
12/18/2023 17:10,December,5.59,5.59
12/18/2023 17:15,December,4.91,4.91
12/18/2023 17:20,December,5.58,5.59
12/18/2023 17:25,December,5.58,5.59
12/18/2023 17:30,December,14.4,14.41
12/18/2023 17:35,December,11.9,11.9
12/18/2023 17:40,December,15.46,15.46
12/18/2023 17:45,December,15.53,15.54
12/18/2023 17:50,December,12.21,12.21
12/18/2023 17:55,December,12.01,12.01
12/18/2023 18:00,December,9.25,9.25
12/18/2023 18:05,December,9.25,9.25
12/18/2023 18:10,December,9.25,9.25
12/18/2023 18:15,December,8.78,8.79
12/18/2023 18:20,December,4.32,4.32
12/18/2023 18:25,December,4.63,4.62
12/18/2023 18:30,December,4.96,4.95
12/18/2023 18:35,December,4.97,4.97
12/18/2023 18:40,December,5.63,5.63
12/18/2023 18:45,December,4.45,4.45
12/18/2023 18:50,December,4.64,4.64
12/18/2023 18:55,December,4.63,4.64
12/18/2023 19:00,December,4.63,4.64
12/18/2023 19:05,December,4.61,4.62
12/18/2023 19:10,December,4.62,4.62
12/18/2023 19:15,December,4.86,4.87
12/18/2023 19:20,December,4.86,4.87
12/18/2023 19:25,December,4.86,4.87
12/18/2023 19:30,December,4.86,4.87
12/18/2023 19:35,December,4.87,4.88
12/18/2023 19:40,December,4.86,4.87
12/18/2023 19:45,December,4.86,4.87
12/18/2023 19:50,December,4.86,4.87
12/18/2023 19:55,December,4.86,4.86
12/18/2023 20:00,December,4.85,4.86
12/18/2023 20:05,December,29.63,29.69
12/18/2023 20:10,December,12.19,12.22
12/18/2023 20:15,December,4.88,4.89
12/18/2023 20:20,December,4.88,4.89
12/18/2023 20:25,December,4.88,4.89
12/18/2023 20:30,December,4.88,4.89
12/18/2023 20:35,December,4.86,4.87
12/18/2023 20:40,December,4.5,4.5
12/18/2023 20:45,December,4.6,4.61
12/18/2023 20:50,December,4.61,4.62
12/18/2023 20:55,December,4.61,4.62
12/18/2023 21:00,December,4.6,4.61
12/18/2023 21:05,December,32.09,32.1
12/18/2023 21:10,December,29.74,29.77
12/18/2023 21:15,December,19.92,19.94
12/18/2023 21:20,December,9.05,9.06
12/18/2023 21:25,December,4.89,4.89
12/18/2023 21:30,December,4.9,4.9
12/18/2023 21:35,December,4.89,4.9
12/18/2023 21:40,December,4.88,4.89
12/18/2023 21:45,December,4.62,4.63
12/18/2023 21:50,December,4.45,4.45
12/18/2023 21:55,December,4.42,4.43
12/18/2023 22:00,December,4.43,4.43
12/18/2023 22:05,December,29.72,29.77
12/18/2023 22:10,December,12.18,12.21
12/18/2023 22:15,December,4.87,4.88
12/18/2023 22:20,December,4.86,4.87
12/18/2023 22:25,December,4.86,4.87
12/18/2023 22:30,December,4.61,4.62
12/18/2023 22:35,December,4.85,4.86
12/18/2023 22:40,December,4.73,4.74
12/18/2023 22:45,December,4.68,4.69
12/18/2023 22:50,December,4.65,4.65
12/18/2023 22:55,December,4.38,4.39
12/18/2023 23:00,December,3.7,3.71
12/18/2023 23:05,December,14.85,14.89
12/18/2023 23:10,December,5.61,5.62
12/18/2023 23:15,December,4.89,4.9
12/18/2023 23:20,December,4.87,4.88
12/18/2023 23:25,December,4.86,4.87
12/18/2023 23:30,December,4.72,4.73
12/18/2023 23:35,December,4.85,4.86
12/18/2023 23:40,December,4.73,4.74
12/18/2023 23:45,December,4.74,4.75
12/18/2023 23:50,December,4.69,4.7
12/18/2023 23:55,December,4.65,4.66
12/19/2023 0:00,December,3.83,3.84
12/19/2023 0:05,December,4.61,4.61
12/19/2023 0:10,December,4.32,4.32
12/19/2023 0:15,December,4.32,4.32
12/19/2023 0:20,December,4.32,4.32
12/19/2023 0:25,December,3.53,3.53
12/19/2023 0:30,December,3.72,3.72
12/19/2023 0:35,December,4.3,4.31
12/19/2023 0:40,December,4.06,4.06
12/19/2023 0:45,December,4.42,4.43
12/19/2023 0:50,December,3.69,3.69
12/19/2023 0:55,December,3.69,3.69
12/19/2023 1:00,December,3.69,3.69
12/19/2023 1:05,December,4.86,4.86
12/19/2023 1:10,December,4.6,4.6
12/19/2023 1:15,December,4.6,4.6
12/19/2023 1:20,December,4.6,4.61
12/19/2023 1:25,December,4.6,4.6
12/19/2023 1:30,December,4.61,4.61
12/19/2023 1:35,December,4.61,4.61
12/19/2023 1:40,December,4.61,4.61
12/19/2023 1:45,December,4.61,4.61
12/19/2023 1:50,December,4.29,4.29
12/19/2023 1:55,December,4.29,4.28
12/19/2023 2:00,December,3.72,3.72
12/19/2023 2:05,December,4.21,4.21
12/19/2023 2:10,December,4.43,4.42
12/19/2023 2:15,December,4.37,4.37
12/19/2023 2:20,December,3.67,3.67
12/19/2023 2:25,December,3.72,3.72
12/19/2023 2:30,December,4.21,4.2
12/19/2023 2:35,December,3.84,3.84
12/19/2023 2:40,December,3.68,3.68
12/19/2023 2:45,December,3.73,3.73
12/19/2023 2:50,December,3.74,3.74
12/19/2023 2:55,December,4.1,4.09
12/19/2023 3:00,December,4.17,4.16
12/19/2023 3:05,December,3.74,3.73
12/19/2023 3:10,December,4.24,4.23
12/19/2023 3:15,December,4.24,4.23
12/19/2023 3:20,December,4.24,4.23
12/19/2023 3:25,December,4.28,4.27
12/19/2023 3:30,December,4.2,4.19
12/19/2023 3:35,December,4.65,4.64
12/19/2023 3:40,December,4.4,4.38
12/19/2023 3:45,December,4.39,4.38
12/19/2023 3:50,December,4.39,4.38
12/19/2023 3:55,December,4.39,4.38
12/19/2023 4:00,December,4.39,4.38
12/19/2023 4:05,December,4.39,4.38
12/19/2023 4:10,December,4.64,4.63
12/19/2023 4:15,December,4.39,4.38
12/19/2023 4:20,December,4.64,4.62
12/19/2023 4:25,December,4.39,4.38
12/19/2023 4:30,December,3.25,3.24
12/19/2023 4:35,December,3.71,3.7
12/19/2023 4:40,December,4.22,4.2
12/19/2023 4:45,December,4.27,4.26
12/19/2023 4:50,December,4.21,4.2
12/19/2023 4:55,December,4.27,4.26
12/19/2023 5:00,December,4.38,4.36
12/19/2023 5:05,December,2.41,2.41
12/19/2023 5:10,December,3.66,3.65
12/19/2023 5:15,December,3.68,3.67
12/19/2023 5:20,December,3.46,3.44
12/19/2023 5:25,December,3.57,3.56
12/19/2023 5:30,December,3.28,3.26
12/19/2023 5:35,December,3.66,3.64
12/19/2023 5:40,December,3.68,3.66
12/19/2023 5:45,December,3.68,3.66
12/19/2023 5:50,December,3.28,3.26
12/19/2023 5:55,December,3.67,3.65
12/19/2023 6:00,December,3.63,3.61
12/19/2023 6:05,December,0,0
12/19/2023 6:10,December,3.15,3.13
12/19/2023 6:15,December,3.09,3.07
12/19/2023 6:20,December,3.12,3.11
12/19/2023 6:25,December,3.96,3.93
12/19/2023 6:30,December,3.67,3.65
12/19/2023 6:35,December,3.67,3.65
12/19/2023 6:40,December,3.96,3.94
12/19/2023 6:45,December,3.67,3.66
12/19/2023 6:50,December,4.88,4.85
12/19/2023 6:55,December,4.64,4.62
12/19/2023 7:00,December,4.64,4.62
12/19/2023 7:05,December,2.42,2.41
12/19/2023 7:10,December,3.43,3.42
12/19/2023 7:15,December,3.55,3.54
12/19/2023 7:20,December,3.55,3.54
12/19/2023 7:25,December,3.67,3.66
12/19/2023 7:30,December,3.67,3.66
12/19/2023 7:35,December,3.67,3.67
12/19/2023 7:40,December,4.23,4.23
12/19/2023 7:45,December,4.4,4.39
12/19/2023 7:50,December,4.6,4.6
12/19/2023 7:55,December,4.83,4.84
12/19/2023 8:00,December,4.84,4.84
12/19/2023 8:05,December,2.42,2.42
12/19/2023 8:10,December,3.24,3.25
12/19/2023 8:15,December,3.68,3.69
12/19/2023 8:20,December,4.34,4.34
12/19/2023 8:25,December,4.59,4.6
12/19/2023 8:30,December,4.58,4.59
12/19/2023 8:35,December,4.58,4.59
12/19/2023 8:40,December,4.82,4.83
12/19/2023 8:45,December,4.82,4.84
12/19/2023 8:50,December,4.58,4.6
12/19/2023 8:55,December,4.23,4.25
12/19/2023 9:00,December,4.8,4.83
12/19/2023 9:05,December,0,0
12/19/2023 9:10,December,2.45,2.46
12/19/2023 9:15,December,3.24,3.25
12/19/2023 9:20,December,3.49,3.5
12/19/2023 9:25,December,3.69,3.71
12/19/2023 9:30,December,3.49,3.51
12/19/2023 9:35,December,4.78,4.82
12/19/2023 9:40,December,4.76,4.8
12/19/2023 9:45,December,4.53,4.57
12/19/2023 9:50,December,4.88,4.92
12/19/2023 9:55,December,4.77,4.81
12/19/2023 10:00,December,4.77,4.81
12/19/2023 10:05,December,0,0
12/19/2023 10:10,December,3.2,3.22
12/19/2023 10:15,December,4.33,4.37
12/19/2023 10:20,December,4.32,4.36
12/19/2023 10:25,December,4.51,4.56
12/19/2023 10:30,December,4.21,4.25
12/19/2023 10:35,December,4.31,4.35
12/19/2023 10:40,December,4.31,4.35
12/19/2023 10:45,December,4.4,4.44
12/19/2023 10:50,December,4.31,4.35
12/19/2023 10:55,December,4.21,4.26
12/19/2023 11:00,December,3.68,3.72
12/19/2023 11:05,December,3.48,3.51
12/19/2023 11:10,December,3.67,3.71
12/19/2023 11:15,December,4.49,4.54
12/19/2023 11:20,December,4.32,4.35
12/19/2023 11:25,December,4.29,4.34
12/19/2023 11:30,December,4.15,4.19
12/19/2023 11:35,December,3.48,3.52
12/19/2023 11:40,December,3.64,3.67
12/19/2023 11:45,December,3.49,3.52
12/19/2023 11:50,December,3.54,3.57
12/19/2023 11:55,December,3.49,3.52
12/19/2023 12:00,December,3.48,3.52
12/19/2023 12:05,December,2.44,2.46
12/19/2023 12:10,December,3.28,3.31
12/19/2023 12:15,December,3.48,3.51
12/19/2023 12:20,December,3.48,3.51
12/19/2023 12:25,December,4,4.03
12/19/2023 12:30,December,3.32,3.35
12/19/2023 12:35,December,3.46,3.49
12/19/2023 12:40,December,3.25,3.28
12/19/2023 12:45,December,3.24,3.26
12/19/2023 12:50,December,3.67,3.7
12/19/2023 12:55,December,3.48,3.51
12/19/2023 13:00,December,3.67,3.7
12/19/2023 13:05,December,3.67,3.7
12/19/2023 13:10,December,4.37,4.41
12/19/2023 13:15,December,4.76,4.8
12/19/2023 13:20,December,4.75,4.79
12/19/2023 13:25,December,9.25,9.33
12/19/2023 13:30,December,4.34,4.37
12/19/2023 13:35,December,4.31,4.35
12/19/2023 13:40,December,4.33,4.36
12/19/2023 13:45,December,4.32,4.35
12/19/2023 13:50,December,4.35,4.37
12/19/2023 13:55,December,4.33,4.35
12/19/2023 14:00,December,4.34,4.36
12/19/2023 14:05,December,4.38,4.4
12/19/2023 14:10,December,4.32,4.34
12/19/2023 14:15,December,4.35,4.37
12/19/2023 14:20,December,4.4,4.42
12/19/2023 14:25,December,4.37,4.39
12/19/2023 14:30,December,4.39,4.41
12/19/2023 14:35,December,4.38,4.4
12/19/2023 14:40,December,4.54,4.57
12/19/2023 14:45,December,4.39,4.42
12/19/2023 14:50,December,4.43,4.46
12/19/2023 14:55,December,4.77,4.8
12/19/2023 15:00,December,4.55,4.58
12/19/2023 15:05,December,4.39,4.41
12/19/2023 15:10,December,4.55,4.57
12/19/2023 15:15,December,4.39,4.41
12/19/2023 15:20,December,4.55,4.57
12/19/2023 15:25,December,4.55,4.57
12/19/2023 15:30,December,4.55,4.58
12/19/2023 15:35,December,4.56,4.57
12/19/2023 15:40,December,4.81,4.83
12/19/2023 15:45,December,4.8,4.82
12/19/2023 15:50,December,4.57,4.59
12/19/2023 15:55,December,4.57,4.59
12/19/2023 16:00,December,4.4,4.41
12/19/2023 16:05,December,4.58,4.59
12/19/2023 16:10,December,4.82,4.83
12/19/2023 16:15,December,4.59,4.59
12/19/2023 16:20,December,4.59,4.6
12/19/2023 16:25,December,4.82,4.82
12/19/2023 16:30,December,4.59,4.6
12/19/2023 16:35,December,4.4,4.4
12/19/2023 16:40,December,4.59,4.59
12/19/2023 16:45,December,4.59,4.6
12/19/2023 16:50,December,4.6,4.6
12/19/2023 16:55,December,4.4,4.4
12/19/2023 17:00,December,4.36,4.36
12/19/2023 17:05,December,4.58,4.58
12/19/2023 17:10,December,4.31,4.31
12/19/2023 17:15,December,4.34,4.34
12/19/2023 17:20,December,4.37,4.38
12/19/2023 17:25,December,4.46,4.46
12/19/2023 17:30,December,9.33,9.33
12/19/2023 17:35,December,9.45,9.45
12/19/2023 17:40,December,10.8,10.81
12/19/2023 17:45,December,10.81,10.8
12/19/2023 17:50,December,12.07,12.07
12/19/2023 17:55,December,9.07,9.07
12/19/2023 18:00,December,4.9,4.9
12/19/2023 18:05,December,4.9,4.9
12/19/2023 18:10,December,4.91,4.9
12/19/2023 18:15,December,4.9,4.9
12/19/2023 18:20,December,4.9,4.89
12/19/2023 18:25,December,4.89,4.88
12/19/2023 18:30,December,4.89,4.88
12/19/2023 18:35,December,9.44,9.43
12/19/2023 18:40,December,4.91,4.9
12/19/2023 18:45,December,4.91,4.9
12/19/2023 18:50,December,4.46,4.45
12/19/2023 18:55,December,4.63,4.63
12/19/2023 19:00,December,4.25,4.25
12/19/2023 19:05,December,4.35,4.35
12/19/2023 19:10,December,4.41,4.41
12/19/2023 19:15,December,4.41,4.41
12/19/2023 19:20,December,4.6,4.6
12/19/2023 19:25,December,4.6,4.6
12/19/2023 19:30,December,4.4,4.4
12/19/2023 19:35,December,4.59,4.59
12/19/2023 19:40,December,4.59,4.59
12/19/2023 19:45,December,4.59,4.59
12/19/2023 19:50,December,4.59,4.59
12/19/2023 19:55,December,4.59,4.59
12/19/2023 20:00,December,4.45,4.45
12/19/2023 20:05,December,29.5,29.51
12/19/2023 20:10,December,10.76,10.77
12/19/2023 20:15,December,4.86,4.86
12/19/2023 20:20,December,4.59,4.59
12/19/2023 20:25,December,4.84,4.84
12/19/2023 20:30,December,4.6,4.6
12/19/2023 20:35,December,4.4,4.4
12/19/2023 20:40,December,4.41,4.4
12/19/2023 20:45,December,4.4,4.4
12/19/2023 20:50,December,4.4,4.4
12/19/2023 20:55,December,4.58,4.58
12/19/2023 21:00,December,4.36,4.36
12/19/2023 21:05,December,32.2,32.12
12/19/2023 21:10,December,29.74,29.69
12/19/2023 21:15,December,19.07,19.04
12/19/2023 21:20,December,9.1,9.08
12/19/2023 21:25,December,5.98,5.97
12/19/2023 21:30,December,4.96,4.95
12/19/2023 21:35,December,4.64,4.63
12/19/2023 21:40,December,4.63,4.63
12/19/2023 21:45,December,4.43,4.43
12/19/2023 21:50,December,4.62,4.62
12/19/2023 21:55,December,4.62,4.61
12/19/2023 22:00,December,4.42,4.41
12/19/2023 22:05,December,29.76,29.74
12/19/2023 22:10,December,13.98,13.97
12/19/2023 22:15,December,4.9,4.89
12/19/2023 22:20,December,4.62,4.61
12/19/2023 22:25,December,4.62,4.61
12/19/2023 22:30,December,4.88,4.88
12/19/2023 22:35,December,4.34,4.34
12/19/2023 22:40,December,4.61,4.61
12/19/2023 22:45,December,4.35,4.34
12/19/2023 22:50,December,4.3,4.29
12/19/2023 22:55,December,4.27,4.27
12/19/2023 23:00,December,3.58,3.57
12/19/2023 23:05,December,4.59,4.58
12/19/2023 23:10,December,4.32,4.31
12/19/2023 23:15,December,4.27,4.26
12/19/2023 23:20,December,4.27,4.26
12/19/2023 23:25,December,4.27,4.26
12/19/2023 23:30,December,4.17,4.16
12/19/2023 23:35,December,3.7,3.69
12/19/2023 23:40,December,3.7,3.69
12/19/2023 23:45,December,3.7,3.69
12/19/2023 23:50,December,3.58,3.57
12/19/2023 23:55,December,3.58,3.57
12/20/2023 0:00,December,3.58,3.57
12/20/2023 0:05,December,3.58,3.57
12/20/2023 0:10,December,3.66,3.65
12/20/2023 0:15,December,3.76,3.75
12/20/2023 0:20,December,3.67,3.66
12/20/2023 0:25,December,3.68,3.67
12/20/2023 0:30,December,4.02,4.01
12/20/2023 0:35,December,3.69,3.67
12/20/2023 0:40,December,3.69,3.67
12/20/2023 0:45,December,4.01,4
12/20/2023 0:50,December,3.69,3.67
12/20/2023 0:55,December,3.69,3.67
12/20/2023 1:00,December,3.69,3.67
12/20/2023 1:05,December,4.18,4.16
12/20/2023 1:10,December,4.13,4.1
12/20/2023 1:15,December,3.91,3.88
12/20/2023 1:20,December,3.9,3.88
12/20/2023 1:25,December,3.69,3.67
12/20/2023 1:30,December,3.69,3.67
12/20/2023 1:35,December,3.69,3.67
12/20/2023 1:40,December,3.69,3.66
12/20/2023 1:45,December,3.93,3.9
12/20/2023 1:50,December,3.61,3.58
12/20/2023 1:55,December,3.69,3.66
12/20/2023 2:00,December,3.69,3.66
12/20/2023 2:05,December,3.61,3.59
12/20/2023 2:10,December,3.69,3.66
12/20/2023 2:15,December,3.69,3.66
12/20/2023 2:20,December,3.94,3.91
12/20/2023 2:25,December,3.62,3.59
12/20/2023 2:30,December,3.62,3.59
12/20/2023 2:35,December,3.69,3.65
12/20/2023 2:40,December,3.68,3.65
12/20/2023 2:45,December,3.68,3.65
12/20/2023 2:50,December,3.61,3.58
12/20/2023 2:55,December,3.67,3.64
12/20/2023 3:00,December,3.61,3.58
12/20/2023 3:05,December,3.67,3.64
12/20/2023 3:10,December,3.8,3.76
12/20/2023 3:15,December,3.94,3.91
12/20/2023 3:20,December,3.68,3.65
12/20/2023 3:25,December,3.68,3.65
12/20/2023 3:30,December,3.67,3.64
12/20/2023 3:35,December,3.67,3.64
12/20/2023 3:40,December,3.67,3.64
12/20/2023 3:45,December,3.67,3.64
12/20/2023 3:50,December,3.6,3.57
12/20/2023 3:55,December,3.42,3.39
12/20/2023 4:00,December,3.6,3.57
12/20/2023 4:05,December,3.6,3.57
12/20/2023 4:10,December,3.67,3.64
12/20/2023 4:15,December,4.03,4
12/20/2023 4:20,December,3.94,3.91
12/20/2023 4:25,December,3.96,3.93
12/20/2023 4:30,December,3.68,3.65
12/20/2023 4:35,December,4.14,4.11
12/20/2023 4:40,December,4.03,4
12/20/2023 4:45,December,4.03,4
12/20/2023 4:50,December,4.07,4.04
12/20/2023 4:55,December,3.92,3.88
12/20/2023 5:00,December,4.12,4.09
12/20/2023 5:05,December,0,0
12/20/2023 5:10,December,3.49,3.46
12/20/2023 5:15,December,3.69,3.66
12/20/2023 5:20,December,4.02,3.99
12/20/2023 5:25,December,4.02,3.99
12/20/2023 5:30,December,4.13,4.1
12/20/2023 5:35,December,4.02,3.99
12/20/2023 5:40,December,4.03,3.99
12/20/2023 5:45,December,4.14,4.1
12/20/2023 5:50,December,4.14,4.11
12/20/2023 5:55,December,4.17,4.14
12/20/2023 6:00,December,4.16,4.12
12/20/2023 6:05,December,0,0
12/20/2023 6:10,December,3.29,3.26
12/20/2023 6:15,December,3.58,3.56
12/20/2023 6:20,December,3.68,3.66
12/20/2023 6:25,December,4.12,4.09
12/20/2023 6:30,December,3.34,3.31
12/20/2023 6:35,December,3.68,3.65
12/20/2023 6:40,December,3.68,3.65
12/20/2023 6:45,December,3.68,3.65
12/20/2023 6:50,December,3.58,3.55
12/20/2023 6:55,December,3.68,3.65
12/20/2023 7:00,December,3.91,3.88
12/20/2023 7:05,December,0,0
12/20/2023 7:10,December,2.99,2.98
12/20/2023 7:15,December,3.31,3.29
12/20/2023 7:20,December,3.67,3.65
12/20/2023 7:25,December,3.67,3.65
12/20/2023 7:30,December,3.87,3.86
12/20/2023 7:35,December,3.68,3.66
12/20/2023 7:40,December,4.65,4.62
12/20/2023 7:45,December,4.88,4.86
12/20/2023 7:50,December,4.74,4.72
12/20/2023 7:55,December,4.88,4.86
12/20/2023 8:00,December,17.11,17.06
12/20/2023 8:05,December,3.7,3.7
12/20/2023 8:10,December,4.7,4.7
12/20/2023 8:15,December,4.7,4.7
12/20/2023 8:20,December,4.67,4.67
12/20/2023 8:25,December,4.72,4.72
12/20/2023 8:30,December,4.86,4.86
12/20/2023 8:35,December,4.85,4.86
12/20/2023 8:40,December,4.73,4.74
12/20/2023 8:45,December,4.74,4.75
12/20/2023 8:50,December,14.14,14.16
12/20/2023 8:55,December,10.67,10.7
12/20/2023 9:00,December,14.15,14.19
12/20/2023 9:05,December,3.26,3.26
12/20/2023 9:10,December,4.41,4.41
12/20/2023 9:15,December,4.83,4.83
12/20/2023 9:20,December,13.91,13.92
12/20/2023 9:25,December,10.65,10.66
12/20/2023 9:30,December,10.66,10.67
12/20/2023 9:35,December,4.86,4.87
12/20/2023 9:40,December,4.85,4.85
12/20/2023 9:45,December,13.89,13.9
12/20/2023 9:50,December,10.65,10.66
12/20/2023 9:55,December,4.87,4.87
12/20/2023 10:00,December,4.86,4.87
12/20/2023 10:05,December,3.69,3.7
12/20/2023 10:10,December,11.94,11.99
12/20/2023 10:15,December,5.71,5.73
12/20/2023 10:20,December,3.75,3.77
12/20/2023 10:25,December,4.84,4.86
12/20/2023 10:30,December,4.25,4.26
12/20/2023 10:35,December,4.84,4.85
12/20/2023 10:40,December,5.56,5.58
12/20/2023 10:45,December,4.84,4.86
12/20/2023 10:50,December,4.84,4.86
12/20/2023 10:55,December,4.86,4.89
12/20/2023 11:00,December,4.85,4.88
12/20/2023 11:05,December,4.73,4.77
12/20/2023 11:10,December,4.84,4.88
12/20/2023 11:15,December,4.84,4.87
12/20/2023 11:20,December,13.93,14.04
12/20/2023 11:25,December,29.35,29.58
12/20/2023 11:30,December,19.66,19.82
12/20/2023 11:35,December,13.95,14.07
12/20/2023 11:40,December,12.03,12.12
12/20/2023 11:45,December,10.72,10.79
12/20/2023 11:50,December,10.72,10.78
12/20/2023 11:55,December,10.73,10.79
12/20/2023 12:00,December,4.91,4.94
12/20/2023 12:05,December,3.67,3.69
12/20/2023 12:10,December,4.38,4.41
12/20/2023 12:15,December,3.19,3.2
12/20/2023 12:20,December,4.58,4.6
12/20/2023 12:25,December,4.71,4.74
12/20/2023 12:30,December,4.78,4.8
12/20/2023 12:35,December,4.81,4.84
12/20/2023 12:40,December,4.81,4.83
12/20/2023 12:45,December,5.32,5.35
12/20/2023 12:50,December,4.85,4.87
12/20/2023 12:55,December,5.28,5.3
12/20/2023 13:00,December,5.32,5.35
12/20/2023 13:05,December,5.3,5.33
12/20/2023 13:10,December,5.32,5.34
12/20/2023 13:15,December,9.77,9.81
12/20/2023 13:20,December,9.91,9.95
12/20/2023 13:25,December,8.8,8.83
12/20/2023 13:30,December,8.92,8.96
12/20/2023 13:35,December,8.8,8.83
12/20/2023 13:40,December,8.96,8.98
12/20/2023 13:45,December,8.93,8.95
12/20/2023 13:50,December,13.6,13.63
12/20/2023 13:55,December,15.58,15.62
12/20/2023 14:00,December,10.76,10.78
12/20/2023 14:05,December,15.4,15.42
12/20/2023 14:10,December,12.13,12.15
12/20/2023 14:15,December,15.46,15.6
12/20/2023 14:20,December,19.01,19.71
12/20/2023 14:25,December,19.02,19.71
12/20/2023 14:30,December,12.26,12.26
12/20/2023 14:35,December,14.82,15.09
12/20/2023 14:40,December,19.08,19.73
12/20/2023 14:45,December,15.27,15.56
12/20/2023 14:50,December,15.13,15.41
12/20/2023 14:55,December,15.16,15.44
12/20/2023 15:00,December,14.73,14.96
12/20/2023 15:05,December,10.33,10.32
12/20/2023 15:10,December,10.88,10.88
12/20/2023 15:15,December,10.9,10.9
12/20/2023 15:20,December,15.94,15.94
12/20/2023 15:25,December,14.25,14.24
12/20/2023 15:30,December,14.08,14.07
12/20/2023 15:35,December,13.95,14.1
12/20/2023 15:40,December,13.76,13.9
12/20/2023 15:45,December,13.75,13.88
12/20/2023 15:50,December,13.74,13.9
12/20/2023 15:55,December,14.75,14.99
12/20/2023 16:00,December,17.1,17.55
12/20/2023 16:05,December,13.88,14.03
12/20/2023 16:10,December,14.28,14.48
12/20/2023 16:15,December,12.2,12.2
12/20/2023 16:20,December,14.7,14.74
12/20/2023 16:25,December,14.3,14.48
12/20/2023 16:30,December,14.29,14.46
12/20/2023 16:35,December,10.92,10.9
12/20/2023 16:40,December,17.35,17.35
12/20/2023 16:45,December,18.67,18.67
12/20/2023 16:50,December,12.22,12.2
12/20/2023 16:55,December,10.7,10.67
12/20/2023 17:00,December,10.7,10.67
12/20/2023 17:05,December,10.35,10.33
12/20/2023 17:10,December,8.84,8.82
12/20/2023 17:15,December,9.02,8.99
12/20/2023 17:20,December,10.38,10.35
12/20/2023 17:25,December,12.1,12.07
12/20/2023 17:30,December,16.14,16.1
12/20/2023 17:35,December,22.42,22.38
12/20/2023 17:40,December,21.72,22.33
12/20/2023 17:45,December,21.67,22.46
12/20/2023 17:50,December,23.59,23.59
12/20/2023 17:55,December,23.58,23.58
12/20/2023 18:00,December,23.59,23.59
12/20/2023 18:05,December,20.72,20.72
12/20/2023 18:10,December,20.73,20.73
12/20/2023 18:15,December,20.72,20.72
12/20/2023 18:20,December,20.72,20.72
12/20/2023 18:25,December,19.41,19.41
12/20/2023 18:30,December,19.41,19.41
12/20/2023 18:35,December,20.42,20.42
12/20/2023 18:40,December,18.68,18.68
12/20/2023 18:45,December,15.31,15.31
12/20/2023 18:50,December,10.87,10.82
12/20/2023 18:55,December,12.12,12.07
12/20/2023 19:00,December,9.05,9.01
12/20/2023 19:05,December,9.28,9.24
12/20/2023 19:10,December,8.86,8.83
12/20/2023 19:15,December,8.87,8.83
12/20/2023 19:20,December,8.86,8.83
12/20/2023 19:25,December,8.86,8.83
12/20/2023 19:30,December,8.85,8.82
12/20/2023 19:35,December,8.85,8.82
12/20/2023 19:40,December,8.85,8.83
12/20/2023 19:45,December,9.04,9
12/20/2023 19:50,December,11.48,11.43
12/20/2023 19:55,December,11.43,11.38
12/20/2023 20:00,December,11.28,11.23
12/20/2023 20:05,December,14.52,14.48
12/20/2023 20:10,December,11.8,11.76
12/20/2023 20:15,December,11.71,11.67
12/20/2023 20:20,December,11.66,11.62
12/20/2023 20:25,December,11.67,11.64
12/20/2023 20:30,December,11.61,11.57
12/20/2023 20:35,December,11.51,11.47
12/20/2023 20:40,December,25.54,25.54
12/20/2023 20:45,December,32.59,32.59
12/20/2023 20:50,December,19.42,19.42
12/20/2023 20:55,December,14.31,14.31
12/20/2023 21:00,December,12.15,12.11
12/20/2023 21:05,December,25.54,25.54
12/20/2023 21:10,December,25.54,25.54
12/20/2023 21:15,December,20.74,20.74
12/20/2023 21:20,December,22.25,22.25
12/20/2023 21:25,December,25.54,25.54
12/20/2023 21:30,December,20.73,20.73
12/20/2023 21:35,December,20.72,20.72
12/20/2023 21:40,December,20.72,20.72
12/20/2023 21:45,December,20.72,20.72
12/20/2023 21:50,December,17.36,17.36
12/20/2023 21:55,December,17.36,17.36
12/20/2023 22:00,December,10.98,10.98
12/20/2023 22:05,December,15.32,15.32
12/20/2023 22:10,December,14.16,14.1
12/20/2023 22:15,December,10.83,10.78
12/20/2023 22:20,December,9.1,9.06
12/20/2023 22:25,December,9.1,9.05
12/20/2023 22:30,December,8.87,8.83
12/20/2023 22:35,December,8.87,8.83
12/20/2023 22:40,December,8.91,8.87
12/20/2023 22:45,December,8.86,8.82
12/20/2023 22:50,December,5,4.98
12/20/2023 22:55,December,4.98,4.97
12/20/2023 23:00,December,4.67,4.66
12/20/2023 23:05,December,29.81,29.73
12/20/2023 23:10,December,10.8,10.77
12/20/2023 23:15,December,4.65,4.64
12/20/2023 23:20,December,4.97,4.95
12/20/2023 23:25,December,4.99,4.98
12/20/2023 23:30,December,4.96,4.95
12/20/2023 23:35,December,4.65,4.64
12/20/2023 23:40,December,4.65,4.64
12/20/2023 23:45,December,4.64,4.63
12/20/2023 23:50,December,4.64,4.63
12/20/2023 23:55,December,4.91,4.9
12/21/2023 0:00,December,4.64,4.63
12/21/2023 0:05,December,29.65,29.59
12/21/2023 0:10,December,4.93,4.92
12/21/2023 0:15,December,4.91,4.9
12/21/2023 0:20,December,4.17,4.16
12/21/2023 0:25,December,4.92,4.9
12/21/2023 0:30,December,4.91,4.9
12/21/2023 0:35,December,4.9,4.89
12/21/2023 0:40,December,4.64,4.63
12/21/2023 0:45,December,4.89,4.88
12/21/2023 0:50,December,4.64,4.62
12/21/2023 0:55,December,4.88,4.86
12/21/2023 1:00,December,4.64,4.62
12/21/2023 1:05,December,4.64,4.62
12/21/2023 1:10,December,3.56,3.55
12/21/2023 1:15,December,4.17,4.16
12/21/2023 1:20,December,4.21,4.2
12/21/2023 1:25,December,4.62,4.61
12/21/2023 1:30,December,4.62,4.61
12/21/2023 1:35,December,4.63,4.61
12/21/2023 1:40,December,4.63,4.61
12/21/2023 1:45,December,4.63,4.61
12/21/2023 1:50,December,4.36,4.34
12/21/2023 1:55,December,4.62,4.6
12/21/2023 2:00,December,4.62,4.6
12/21/2023 2:05,December,5.22,5.2
12/21/2023 2:10,December,4.89,4.87
12/21/2023 2:15,December,4.63,4.61
12/21/2023 2:20,December,4.63,4.61
12/21/2023 2:25,December,4.63,4.61
12/21/2023 2:30,December,4.09,4.07
12/21/2023 2:35,December,4.09,4.07
12/21/2023 2:40,December,4.2,4.19
12/21/2023 2:45,December,4.09,4.08
12/21/2023 2:50,December,4.2,4.18
12/21/2023 2:55,December,3.89,3.87
12/21/2023 3:00,December,3.68,3.66
12/21/2023 3:05,December,3.88,3.87
12/21/2023 3:10,December,4.08,4.06
12/21/2023 3:15,December,4.08,4.06
12/21/2023 3:20,December,3.68,3.66
12/21/2023 3:25,December,3.56,3.54
12/21/2023 3:30,December,4.07,4.05
12/21/2023 3:35,December,4.07,4.05
12/21/2023 3:40,December,4.07,4.05
12/21/2023 3:45,December,4.07,4.05
12/21/2023 3:50,December,3.56,3.54
12/21/2023 3:55,December,3.56,3.54
12/21/2023 4:00,December,3.68,3.66
12/21/2023 4:05,December,3.89,3.87
12/21/2023 4:10,December,4.17,4.14
12/21/2023 4:15,December,4.17,4.15
12/21/2023 4:20,December,4.62,4.6
12/21/2023 4:25,December,4.17,4.15
12/21/2023 4:30,December,4.07,4.05
12/21/2023 4:35,December,4.17,4.15
12/21/2023 4:40,December,4.17,4.15
12/21/2023 4:45,December,4.88,4.86
12/21/2023 4:50,December,3.68,3.66
12/21/2023 4:55,December,4.61,4.59
12/21/2023 5:00,December,4.61,4.59
12/21/2023 5:05,December,3.26,3.24
12/21/2023 5:10,December,3.56,3.54
12/21/2023 5:15,December,3.47,3.45
12/21/2023 5:20,December,4.16,4.14
12/21/2023 5:25,December,3.67,3.65
12/21/2023 5:30,December,3.67,3.65
12/21/2023 5:35,December,3.67,3.65
12/21/2023 5:40,December,3.76,3.74
12/21/2023 5:45,December,3.67,3.65
12/21/2023 5:50,December,3.71,3.68
12/21/2023 5:55,December,4.16,4.13
12/21/2023 6:00,December,3.54,3.52
12/21/2023 6:05,December,2.95,2.93
12/21/2023 6:10,December,3.36,3.34
12/21/2023 6:15,December,3.26,3.24
12/21/2023 6:20,December,3.36,3.34
12/21/2023 6:25,December,3.54,3.52
12/21/2023 6:30,December,3.3,3.28
12/21/2023 6:35,December,3.26,3.24
12/21/2023 6:40,December,3.25,3.23
12/21/2023 6:45,December,3.25,3.24
12/21/2023 6:50,December,3.89,3.87
12/21/2023 6:55,December,3.54,3.52
12/21/2023 7:00,December,4.87,4.85
12/21/2023 7:05,December,2.48,2.47
12/21/2023 7:10,December,3.26,3.24
12/21/2023 7:15,December,3.32,3.31
12/21/2023 7:20,December,3.53,3.51
12/21/2023 7:25,December,3.53,3.51
12/21/2023 7:30,December,3.75,3.74
12/21/2023 7:35,December,4.31,4.29
12/21/2023 7:40,December,4.35,4.34
12/21/2023 7:45,December,4.35,4.34
12/21/2023 7:50,December,4.85,4.84
12/21/2023 7:55,December,4.85,4.83
12/21/2023 8:00,December,4.6,4.58
12/21/2023 8:05,December,2.45,2.45
12/21/2023 8:10,December,4.37,4.36
12/21/2023 8:15,December,4.87,4.86
12/21/2023 8:20,December,4.89,4.89
12/21/2023 8:25,December,10.78,10.77
12/21/2023 8:30,December,4.91,4.91
12/21/2023 8:35,December,4.9,4.9
12/21/2023 8:40,December,4.9,4.9
12/21/2023 8:45,December,10.73,10.72
12/21/2023 8:50,December,4.91,4.91
12/21/2023 8:55,December,4.91,4.91
12/21/2023 9:00,December,4.94,4.93
12/21/2023 9:05,December,2.43,2.42
12/21/2023 9:10,December,3.54,3.53
12/21/2023 9:15,December,4.62,4.62
12/21/2023 9:20,December,4.87,4.86
12/21/2023 9:25,December,4.87,4.86
12/21/2023 9:30,December,4.86,4.86
12/21/2023 9:35,December,4.89,4.88
12/21/2023 9:40,December,11.97,11.96
12/21/2023 9:45,December,11.98,11.96
12/21/2023 9:50,December,10.71,10.7
12/21/2023 9:55,December,4.9,4.9
12/21/2023 10:00,December,4.92,4.92
12/21/2023 10:05,December,0.73,0.73
12/21/2023 10:10,December,3.69,3.69
12/21/2023 10:15,December,4.61,4.61
12/21/2023 10:20,December,9.29,9.29
12/21/2023 10:25,December,4.87,4.87
12/21/2023 10:30,December,5.73,5.73
12/21/2023 10:35,December,4.89,4.89
12/21/2023 10:40,December,14,14.01
12/21/2023 10:45,December,12,12
12/21/2023 10:50,December,15.42,15.44
12/21/2023 10:55,December,14.6,14.63
12/21/2023 11:00,December,9.29,9.29
12/21/2023 11:05,December,4.61,4.61
12/21/2023 11:10,December,4.89,4.89
12/21/2023 11:15,December,4.91,4.91
12/21/2023 11:20,December,8.8,8.81
12/21/2023 11:25,December,10.69,10.7
12/21/2023 11:30,December,4.89,4.9
12/21/2023 11:35,December,4.61,4.62
12/21/2023 11:40,December,4.61,4.62
12/21/2023 11:45,December,4.61,4.61
12/21/2023 11:50,December,4.61,4.63
12/21/2023 11:55,December,4.61,4.63
12/21/2023 12:00,December,4.61,4.62
12/21/2023 12:05,December,3.14,3.14
12/21/2023 12:10,December,4.18,4.19
12/21/2023 12:15,December,4.58,4.59
12/21/2023 12:20,December,4.81,4.82
12/21/2023 12:25,December,4.81,4.82
12/21/2023 12:30,December,4.8,4.81
12/21/2023 12:35,December,4.8,4.82
12/21/2023 12:40,December,4.81,4.82
12/21/2023 12:45,December,4.81,4.82
12/21/2023 12:50,December,5.7,5.73
12/21/2023 12:55,December,4.81,4.82
12/21/2023 13:00,December,8.95,8.98
12/21/2023 13:05,December,4.8,4.82
12/21/2023 13:10,December,10.72,10.75
12/21/2023 13:15,December,10.72,10.73
12/21/2023 13:20,December,13.99,14
12/21/2023 13:25,December,12.03,12.03
12/21/2023 13:30,December,8.87,8.87
12/21/2023 13:35,December,8.87,8.86
12/21/2023 13:40,December,4.88,4.88
12/21/2023 13:45,December,4.61,4.6
12/21/2023 13:50,December,3.74,3.74
12/21/2023 13:55,December,4.84,4.84
12/21/2023 14:00,December,8.83,8.83
12/21/2023 14:05,December,8.84,8.83
12/21/2023 14:10,December,14.05,14.03
12/21/2023 14:15,December,12.08,12.07
12/21/2023 14:20,December,11.99,11.98
12/21/2023 14:25,December,8.85,8.83
12/21/2023 14:30,December,8.85,8.83
12/21/2023 14:35,December,8.84,8.83
12/21/2023 14:40,December,8.84,8.83
12/21/2023 14:45,December,8.84,8.83
12/21/2023 14:50,December,4.94,4.93
12/21/2023 14:55,December,8.83,8.82
12/21/2023 15:00,December,8.94,8.92
12/21/2023 15:05,December,10.75,10.73
12/21/2023 15:10,December,13.43,13.41
12/21/2023 15:15,December,12.05,12.03
12/21/2023 15:20,December,8.98,8.96
12/21/2023 15:25,December,8.86,8.85
12/21/2023 15:30,December,8.96,8.95
12/21/2023 15:35,December,8.83,8.82
12/21/2023 15:40,December,8.97,8.95
12/21/2023 15:45,December,8.96,8.94
12/21/2023 15:50,December,8.98,8.97
12/21/2023 15:55,December,8.95,8.93
12/21/2023 16:00,December,8.84,8.82
12/21/2023 16:05,December,8.84,8.82
12/21/2023 16:10,December,10.77,10.74
12/21/2023 16:15,December,10.76,10.72
12/21/2023 16:20,December,8.88,8.85
12/21/2023 16:25,December,8.84,8.82
12/21/2023 16:30,December,8.84,8.81
12/21/2023 16:35,December,8.84,8.81
12/21/2023 16:40,December,8.83,8.81
12/21/2023 16:45,December,4.98,4.97
12/21/2023 16:50,December,4.98,4.97
12/21/2023 16:55,December,4.96,4.95
12/21/2023 17:00,December,4.37,4.36
12/21/2023 17:05,December,4.95,4.94
12/21/2023 17:10,December,3.7,3.69
12/21/2023 17:15,December,4.65,4.64
12/21/2023 17:20,December,4.94,4.93
12/21/2023 17:25,December,14.11,14.09
12/21/2023 17:30,December,18.85,18.83
12/21/2023 17:35,December,14.13,14.1
12/21/2023 17:40,December,14.13,14.09
12/21/2023 17:45,December,10.83,10.79
12/21/2023 17:50,December,12.11,12.07
12/21/2023 17:55,December,15.93,15.87
12/21/2023 18:00,December,17.38,17.38
12/21/2023 18:05,December,20.44,20.44
12/21/2023 18:10,December,25.55,25.55
12/21/2023 18:15,December,17.38,17.38
12/21/2023 18:20,December,10.85,10.8
12/21/2023 18:25,December,8.93,8.88
12/21/2023 18:30,December,9,8.96
12/21/2023 18:35,December,8.87,8.83
12/21/2023 18:40,December,6.29,6.26
12/21/2023 18:45,December,4.97,4.95
12/21/2023 18:50,December,4.65,4.63
12/21/2023 18:55,December,4.96,4.94
12/21/2023 19:00,December,4.96,4.94
12/21/2023 19:05,December,6.47,6.45
12/21/2023 19:10,December,6.39,6.37
12/21/2023 19:15,December,6.36,6.34
12/21/2023 19:20,December,6.32,6.3
12/21/2023 19:25,December,4.97,4.95
12/21/2023 19:30,December,4.96,4.94
12/21/2023 19:35,December,4.38,4.36
12/21/2023 19:40,December,4.66,4.65
12/21/2023 19:45,December,4.93,4.91
12/21/2023 19:50,December,4.93,4.91
12/21/2023 19:55,December,4.92,4.9
12/21/2023 20:00,December,4.91,4.9
12/21/2023 20:05,December,6.53,6.51
12/21/2023 20:10,December,6.44,6.42
12/21/2023 20:15,December,6.43,6.41
12/21/2023 20:20,December,6.35,6.33
12/21/2023 20:25,December,6.25,6.24
12/21/2023 20:30,December,4.97,4.96
12/21/2023 20:35,December,4.96,4.95
12/21/2023 20:40,December,4.99,4.98
12/21/2023 20:45,December,4.99,4.97
12/21/2023 20:50,December,4.97,4.95
12/21/2023 20:55,December,4.96,4.95
12/21/2023 21:00,December,4.96,4.95
12/21/2023 21:05,December,31.26,31.17
12/21/2023 21:10,December,31.29,31.2
12/21/2023 21:15,December,29.68,29.59
12/21/2023 21:20,December,10.9,10.86
12/21/2023 21:25,December,11.99,11.93
12/21/2023 21:30,December,10.88,10.82
12/21/2023 21:35,December,10.88,10.82
12/21/2023 21:40,December,9.04,8.99
12/21/2023 21:45,December,8.88,8.83
12/21/2023 21:50,December,6.46,6.42
12/21/2023 21:55,December,6.41,6.37
12/21/2023 22:00,December,6.44,6.41
12/21/2023 22:05,December,13.6,13.54
12/21/2023 22:10,December,8.87,8.83
12/21/2023 22:15,December,8.88,8.83
12/21/2023 22:20,December,8.87,8.83
12/21/2023 22:25,December,6.52,6.5
12/21/2023 22:30,December,6.51,6.49
12/21/2023 22:35,December,5,4.99
12/21/2023 22:40,December,4.97,4.95
12/21/2023 22:45,December,4.96,4.95
12/21/2023 22:50,December,4.95,4.93
12/21/2023 22:55,December,4.65,4.64
12/21/2023 23:00,December,4.64,4.63
12/21/2023 23:05,December,6.58,6.57
12/21/2023 23:10,December,4.95,4.94
12/21/2023 23:15,December,4.92,4.91
12/21/2023 23:20,December,4.64,4.63
12/21/2023 23:25,December,4.63,4.62
12/21/2023 23:30,December,4.64,4.63
12/21/2023 23:35,December,4.88,4.87
12/21/2023 23:40,December,4.63,4.62
12/21/2023 23:45,December,4.63,4.62
12/21/2023 23:50,December,3.69,3.68
12/21/2023 23:55,December,4.43,4.42
12/22/2023 0:00,December,3.69,3.68
12/22/2023 0:05,December,4.88,4.87
12/22/2023 0:10,December,4.86,4.84
12/22/2023 0:15,December,4.83,4.81
12/22/2023 0:20,December,4.64,4.62
12/22/2023 0:25,December,4.83,4.81
12/22/2023 0:30,December,4.65,4.63
12/22/2023 0:35,December,4.21,4.19
12/22/2023 0:40,December,4.21,4.19
12/22/2023 0:45,December,4.64,4.62
12/22/2023 0:50,December,3.82,3.8
12/22/2023 0:55,December,3.68,3.67
12/22/2023 1:00,December,3.68,3.67
12/22/2023 1:05,December,4.63,4.61
12/22/2023 1:10,December,4.18,4.17
12/22/2023 1:15,December,4.18,4.16
12/22/2023 1:20,December,4.36,4.34
12/22/2023 1:25,December,4.62,4.6
12/22/2023 1:30,December,4.62,4.59
12/22/2023 1:35,December,3.98,3.96
12/22/2023 1:40,December,3.7,3.68
12/22/2023 1:45,December,4.37,4.35
12/22/2023 1:50,December,4.19,4.17
12/22/2023 1:55,December,3.69,3.67
12/22/2023 2:00,December,4,3.98
12/22/2023 2:05,December,4.62,4.6
12/22/2023 2:10,December,4.62,4.6
12/22/2023 2:15,December,4.03,4.01
12/22/2023 2:20,December,4.62,4.6
12/22/2023 2:25,December,3.6,3.58
12/22/2023 2:30,December,3.69,3.67
12/22/2023 2:35,December,3.69,3.67
12/22/2023 2:40,December,3.69,3.67
12/22/2023 2:45,December,3.69,3.67
12/22/2023 2:50,December,3.69,3.67
12/22/2023 2:55,December,3.59,3.57
12/22/2023 3:00,December,3.59,3.57
12/22/2023 3:05,December,3.59,3.57
12/22/2023 3:10,December,3.68,3.65
12/22/2023 3:15,December,3.46,3.44
12/22/2023 3:20,December,3.59,3.57
12/22/2023 3:25,December,3.41,3.39
12/22/2023 3:30,December,3.51,3.49
12/22/2023 3:35,December,3.5,3.48
12/22/2023 3:40,December,3.46,3.44
12/22/2023 3:45,December,3.52,3.5
12/22/2023 3:50,December,3.58,3.56
12/22/2023 3:55,December,3.52,3.5
12/22/2023 4:00,December,3.58,3.56
12/22/2023 4:05,December,2.43,2.42
12/22/2023 4:10,December,3.09,3.08
12/22/2023 4:15,December,3.26,3.25
12/22/2023 4:20,December,3.26,3.24
12/22/2023 4:25,December,3.39,3.37
12/22/2023 4:30,December,3.28,3.27
12/22/2023 4:35,December,3.3,3.28
12/22/2023 4:40,December,3.36,3.34
12/22/2023 4:45,December,3.31,3.29
12/22/2023 4:50,December,3.33,3.31
12/22/2023 4:55,December,3.33,3.31
12/22/2023 5:00,December,3.29,3.27
12/22/2023 5:05,December,2.49,2.47
12/22/2023 5:10,December,3.05,3.03
12/22/2023 5:15,December,3.07,3.05
12/22/2023 5:20,December,3.26,3.24
12/22/2023 5:25,December,3.26,3.24
12/22/2023 5:30,December,3.26,3.24
12/22/2023 5:35,December,3.08,3.06
12/22/2023 5:40,December,3.22,3.2
12/22/2023 5:45,December,3.18,3.16
12/22/2023 5:50,December,3.25,3.24
12/22/2023 5:55,December,3.28,3.27
12/22/2023 6:00,December,3.26,3.24
12/22/2023 6:05,December,2.81,2.8
12/22/2023 6:10,December,3.02,3.01
12/22/2023 6:15,December,3.23,3.22
12/22/2023 6:20,December,3.26,3.24
12/22/2023 6:25,December,3.26,3.24
12/22/2023 6:30,December,3.26,3.25
12/22/2023 6:35,December,3.28,3.26
12/22/2023 6:40,December,3.26,3.25
12/22/2023 6:45,December,3.31,3.29
12/22/2023 6:50,December,3.27,3.26
12/22/2023 6:55,December,3.28,3.27
12/22/2023 7:00,December,3.27,3.25
12/22/2023 7:05,December,3.26,3.25
12/22/2023 7:10,December,3.35,3.33
12/22/2023 7:15,December,3.56,3.54
12/22/2023 7:20,December,3.56,3.54
12/22/2023 7:25,December,3.56,3.54
12/22/2023 7:30,December,3.65,3.64
12/22/2023 7:35,December,3.55,3.54
12/22/2023 7:40,December,3.55,3.55
12/22/2023 7:45,December,4.33,4.32
12/22/2023 7:50,December,4.35,4.34
12/22/2023 7:55,December,4.01,3.99
12/22/2023 8:00,December,4.85,4.83
12/22/2023 8:05,December,3.56,3.55
12/22/2023 8:10,December,3.68,3.66
12/22/2023 8:15,December,3.51,3.5
12/22/2023 8:20,December,3.67,3.66
12/22/2023 8:25,December,4.46,4.45
12/22/2023 8:30,December,4.36,4.35
12/22/2023 8:35,December,3.68,3.67
12/22/2023 8:40,December,3.68,3.66
12/22/2023 8:45,December,3.64,3.63
12/22/2023 8:50,December,3.6,3.59
12/22/2023 8:55,December,4.35,4.34
12/22/2023 9:00,December,4.61,4.6
12/22/2023 9:05,December,3.24,3.23
12/22/2023 9:10,December,3.55,3.55
12/22/2023 9:15,December,3.55,3.55
12/22/2023 9:20,December,4.59,4.58
12/22/2023 9:25,December,4.59,4.59
12/22/2023 9:30,December,4.33,4.32
12/22/2023 9:35,December,3.8,3.79
12/22/2023 9:40,December,3.77,3.77
12/22/2023 9:45,December,4.78,4.78
12/22/2023 9:50,December,4.59,4.58
12/22/2023 9:55,December,4.75,4.75
12/22/2023 10:00,December,4.59,4.58
12/22/2023 10:05,December,0,0
12/22/2023 10:10,December,3.54,3.54
12/22/2023 10:15,December,4.37,4.37
12/22/2023 10:20,December,4.57,4.57
12/22/2023 10:25,December,4.57,4.57
12/22/2023 10:30,December,4.57,4.58
12/22/2023 10:35,December,4.38,4.38
12/22/2023 10:40,December,4.75,4.76
12/22/2023 10:45,December,4.57,4.58
12/22/2023 10:50,December,4.75,4.76
12/22/2023 10:55,December,4.75,4.76
12/22/2023 11:00,December,4.57,4.58
12/22/2023 11:05,December,0.73,0.74
12/22/2023 11:10,December,3.46,3.46
12/22/2023 11:15,December,3.93,3.93
12/22/2023 11:20,December,3.75,3.75
12/22/2023 11:25,December,3.93,3.93
12/22/2023 11:30,December,3.76,3.76
12/22/2023 11:35,December,3.56,3.55
12/22/2023 11:40,December,3.67,3.68
12/22/2023 11:45,December,3.67,3.67
12/22/2023 11:50,December,3.52,3.52
12/22/2023 11:55,December,3.52,3.52
12/22/2023 12:00,December,3.51,3.52
12/22/2023 12:05,December,2.45,2.46
12/22/2023 12:10,December,3.02,3.03
12/22/2023 12:15,December,3,3.01
12/22/2023 12:20,December,3,3.01
12/22/2023 12:25,December,3.16,3.17
12/22/2023 12:30,December,3.19,3.2
12/22/2023 12:35,December,3.45,3.46
12/22/2023 12:40,December,3.21,3.22
12/22/2023 12:45,December,2.77,2.78
12/22/2023 12:50,December,2.77,2.78
12/22/2023 12:55,December,3,3.01
12/22/2023 13:00,December,4.75,4.77
12/22/2023 13:05,December,4.54,4.55
12/22/2023 13:10,December,4.75,4.77
12/22/2023 13:15,December,4.55,4.56
12/22/2023 13:20,December,4.56,4.57
12/22/2023 13:25,December,3.66,3.67
12/22/2023 13:30,December,3.72,3.73
12/22/2023 13:35,December,3.86,3.87
12/22/2023 13:40,December,4.35,4.35
12/22/2023 13:45,December,3.51,3.52
12/22/2023 13:50,December,3.51,3.52
12/22/2023 13:55,December,4.33,4.34
12/22/2023 14:00,December,4,4.01
12/22/2023 14:05,December,4.36,4.37
12/22/2023 14:10,December,4.56,4.56
12/22/2023 14:15,December,4.57,4.57
12/22/2023 14:20,December,4.57,4.58
12/22/2023 14:25,December,4.36,4.36
12/22/2023 14:30,December,4.56,4.57
12/22/2023 14:35,December,4.37,4.38
12/22/2023 14:40,December,2.78,2.79
12/22/2023 14:45,December,4,4.02
12/22/2023 14:50,December,3.89,3.91
12/22/2023 14:55,December,3.66,3.67
12/22/2023 15:00,December,3.31,3.33
12/22/2023 15:05,December,3.51,3.52
12/22/2023 15:10,December,3.51,3.52
12/22/2023 15:15,December,3.69,3.7
12/22/2023 15:20,December,3.51,3.52
12/22/2023 15:25,December,4.01,4.02
12/22/2023 15:30,December,4.02,4.03
12/22/2023 15:35,December,4.36,4.37
12/22/2023 15:40,December,3.75,3.76
12/22/2023 15:45,December,3.74,3.74
12/22/2023 15:50,December,3.52,3.53
12/22/2023 15:55,December,3.66,3.67
12/22/2023 16:00,December,2.8,2.8
12/22/2023 16:05,December,2.8,2.8
12/22/2023 16:10,December,3.03,3.03
12/22/2023 16:15,December,3.03,3.03
12/22/2023 16:20,December,3.03,3.03
12/22/2023 16:25,December,3.67,3.67
12/22/2023 16:30,December,3.53,3.53
12/22/2023 16:35,December,3.54,3.53
12/22/2023 16:40,December,3.54,3.54
12/22/2023 16:45,December,3.54,3.54
12/22/2023 16:50,December,3.04,3.03
12/22/2023 16:55,December,3.04,3.03
12/22/2023 17:00,December,3.04,3.03
12/22/2023 17:05,December,0.75,0.74
12/22/2023 17:10,December,0.75,0.74
12/22/2023 17:15,December,0.75,0.75
12/22/2023 17:20,December,2.47,2.47
12/22/2023 17:25,December,3.03,3.02
12/22/2023 17:30,December,4.39,4.38
12/22/2023 17:35,December,4.38,4.37
12/22/2023 17:40,December,4.75,4.74
12/22/2023 17:45,December,4.73,4.72
12/22/2023 17:50,December,4.68,4.66
12/22/2023 17:55,December,4.46,4.45
12/22/2023 18:00,December,4.36,4.35
12/22/2023 18:05,December,4.82,4.81
12/22/2023 18:10,December,4.83,4.82
12/22/2023 18:15,December,4.75,4.74
12/22/2023 18:20,December,4.48,4.46
12/22/2023 18:25,December,4.43,4.41
12/22/2023 18:30,December,4.71,4.69
12/22/2023 18:35,December,4.63,4.61
12/22/2023 18:40,December,4.41,4.4
12/22/2023 18:45,December,4.42,4.4
12/22/2023 18:50,December,4.41,4.39
12/22/2023 18:55,December,4.12,4.11
12/22/2023 19:00,December,4.11,4.09
12/22/2023 19:05,December,4.39,4.38
12/22/2023 19:10,December,4.2,4.19
12/22/2023 19:15,December,4.15,4.14
12/22/2023 19:20,December,4.16,4.15
12/22/2023 19:25,December,4.14,4.13
12/22/2023 19:30,December,4.11,4.1
12/22/2023 19:35,December,4.09,4.07
12/22/2023 19:40,December,3.22,3.21
12/22/2023 19:45,December,3.69,3.68
12/22/2023 19:50,December,3.79,3.77
12/22/2023 19:55,December,3.56,3.55
12/22/2023 20:00,December,4.1,4.08
12/22/2023 20:05,December,4.21,4.2
12/22/2023 20:10,December,4.17,4.16
12/22/2023 20:15,December,4.16,4.15
12/22/2023 20:20,December,4.15,4.14
12/22/2023 20:25,December,4.15,4.14
12/22/2023 20:30,December,4.16,4.15
12/22/2023 20:35,December,4.16,4.15
12/22/2023 20:40,December,4.14,4.13
12/22/2023 20:45,December,3.78,3.77
12/22/2023 20:50,December,3.79,3.78
12/22/2023 20:55,December,3.69,3.68
12/22/2023 21:00,December,3.56,3.54
12/22/2023 21:05,December,4.37,4.36
12/22/2023 21:10,December,4.19,4.18
12/22/2023 21:15,December,4.13,4.12
12/22/2023 21:20,December,3.8,3.78
12/22/2023 21:25,December,3.76,3.75
12/22/2023 21:30,December,3.7,3.69
12/22/2023 21:35,December,4.04,4.03
12/22/2023 21:40,December,3.11,3.1
12/22/2023 21:45,December,3.38,3.37
12/22/2023 21:50,December,3.11,3.11
12/22/2023 21:55,December,3.05,3.04
12/22/2023 22:00,December,0.74,0.74
12/22/2023 22:05,December,4.16,4.15
12/22/2023 22:10,December,3.23,3.22
12/22/2023 22:15,December,3.23,3.22
12/22/2023 22:20,December,3.23,3.22
12/22/2023 22:25,December,3.23,3.22
12/22/2023 22:30,December,3.06,3.05
12/22/2023 22:35,December,3.24,3.22
12/22/2023 22:40,December,3.24,3.22
12/22/2023 22:45,December,3.06,3.05
12/22/2023 22:50,December,3.06,3.05
12/22/2023 22:55,December,3.06,3.05
12/22/2023 23:00,December,2.83,2.82
12/22/2023 23:05,December,4.81,4.79
12/22/2023 23:10,December,4.24,4.22
12/22/2023 23:15,December,4.09,4.07
12/22/2023 23:20,December,4.18,4.17
12/22/2023 23:25,December,3.25,3.23
12/22/2023 23:30,December,3.25,3.23
12/22/2023 23:35,December,3.25,3.23
12/22/2023 23:40,December,3.07,3.05
12/22/2023 23:45,December,3.07,3.05
12/22/2023 23:50,December,3.24,3.23
12/22/2023 23:55,December,3.58,3.56
12/23/2023 0:00,December,4.06,4.04
12/23/2023 0:05,December,12.11,12.06
12/23/2023 0:10,December,5.11,5.08
12/23/2023 0:15,December,4.9,4.87
12/23/2023 0:20,December,4.91,4.89
12/23/2023 0:25,December,4.84,4.82
12/23/2023 0:30,December,4.21,4.18
12/23/2023 0:35,December,4.84,4.81
12/23/2023 0:40,December,4.59,4.57
12/23/2023 0:45,December,4.59,4.57
12/23/2023 0:50,December,4.82,4.8
12/23/2023 0:55,December,4.19,4.17
12/23/2023 1:00,December,4.59,4.57
12/23/2023 1:05,December,4.82,4.8
12/23/2023 1:10,December,4.81,4.79
12/23/2023 1:15,December,4.59,4.57
12/23/2023 1:20,December,4.2,4.18
12/23/2023 1:25,December,4.2,4.18
12/23/2023 1:30,December,4.2,4.18
12/23/2023 1:35,December,4.2,4.19
12/23/2023 1:40,December,4.58,4.56
12/23/2023 1:45,December,4.81,4.79
12/23/2023 1:50,December,4.59,4.57
12/23/2023 1:55,December,4.81,4.79
12/23/2023 2:00,December,4.81,4.79
12/23/2023 2:05,December,4.81,4.79
12/23/2023 2:10,December,4.81,4.79
12/23/2023 2:15,December,4.82,4.8
12/23/2023 2:20,December,4.82,4.8
12/23/2023 2:25,December,4.82,4.8
12/23/2023 2:30,December,4.83,4.81
12/23/2023 2:35,December,4.83,4.81
12/23/2023 2:40,December,4.83,4.81
12/23/2023 2:45,December,4.81,4.79
12/23/2023 2:50,December,4.18,4.17
12/23/2023 2:55,December,4.61,4.59
12/23/2023 3:00,December,4.61,4.59
12/23/2023 3:05,December,4.61,4.59
12/23/2023 3:10,December,4.18,4.17
12/23/2023 3:15,December,3.57,3.55
12/23/2023 3:20,December,3.57,3.55
12/23/2023 3:25,December,3.57,3.55
12/23/2023 3:30,December,4.17,4.15
12/23/2023 3:35,December,3.24,3.22
12/23/2023 3:40,December,3.57,3.55
12/23/2023 3:45,December,3.57,3.55
12/23/2023 3:50,December,3.57,3.55
12/23/2023 3:55,December,3.57,3.55
12/23/2023 4:00,December,3.57,3.55
12/23/2023 4:05,December,0,0
12/23/2023 4:10,December,2.83,2.81
12/23/2023 4:15,December,2.95,2.93
12/23/2023 4:20,December,3.24,3.22
12/23/2023 4:25,December,3.24,3.22
12/23/2023 4:30,December,3.57,3.55
12/23/2023 4:35,December,3.25,3.23
12/23/2023 4:40,December,3.25,3.23
12/23/2023 4:45,December,2.94,2.93
12/23/2023 4:50,December,3.24,3.22
12/23/2023 4:55,December,3.25,3.23
12/23/2023 5:00,December,3.24,3.22
12/23/2023 5:05,December,0,0
12/23/2023 5:10,December,2.46,2.45
12/23/2023 5:15,December,3.25,3.23
12/23/2023 5:20,December,3.24,3.22
12/23/2023 5:25,December,3.25,3.23
12/23/2023 5:30,December,3.25,3.23
12/23/2023 5:35,December,3.25,3.23
12/23/2023 5:40,December,3.24,3.22
12/23/2023 5:45,December,3.06,3.04
12/23/2023 5:50,December,3.24,3.22
12/23/2023 5:55,December,3.24,3.22
12/23/2023 6:00,December,3.24,3.22
12/23/2023 6:05,December,0,0
12/23/2023 6:10,December,2.82,2.81
12/23/2023 6:15,December,2.95,2.93
12/23/2023 6:20,December,2.46,2.45
12/23/2023 6:25,December,3.05,3.03
12/23/2023 6:30,December,3.05,3.03
12/23/2023 6:35,December,3.05,3.03
12/23/2023 6:40,December,3.06,3.04
12/23/2023 6:45,December,3.25,3.23
12/23/2023 6:50,December,2.83,2.81
12/23/2023 6:55,December,3.05,3.03
12/23/2023 7:00,December,3.05,3.03
12/23/2023 7:05,December,3.05,3.03
12/23/2023 7:10,December,3.16,3.14
12/23/2023 7:15,December,3.18,3.16
12/23/2023 7:20,December,3.12,3.1
12/23/2023 7:25,December,3.21,3.19
12/23/2023 7:30,December,3.24,3.23
12/23/2023 7:35,December,3.26,3.24
12/23/2023 7:40,December,3.24,3.22
12/23/2023 7:45,December,3.26,3.24
12/23/2023 7:50,December,3.26,3.24
12/23/2023 7:55,December,3.26,3.24
12/23/2023 8:00,December,3.55,3.53
12/23/2023 8:05,December,0.74,0.73
12/23/2023 8:10,December,3.22,3.2
12/23/2023 8:15,December,3.25,3.23
12/23/2023 8:20,December,2.93,2.92
12/23/2023 8:25,December,3.26,3.25
12/23/2023 8:30,December,3.17,3.16
12/23/2023 8:35,December,3.24,3.23
12/23/2023 8:40,December,3.25,3.23
12/23/2023 8:45,December,3.26,3.25
12/23/2023 8:50,December,3.25,3.24
12/23/2023 8:55,December,3.54,3.52
12/23/2023 9:00,December,3.25,3.24
12/23/2023 9:05,December,0,0
12/23/2023 9:10,December,0.74,0.74
12/23/2023 9:15,December,2.91,2.91
12/23/2023 9:20,December,2.91,2.91
12/23/2023 9:25,December,3.09,3.09
12/23/2023 9:30,December,3.24,3.24
12/23/2023 9:35,December,3.24,3.24
12/23/2023 9:40,December,3.28,3.27
12/23/2023 9:45,December,3.24,3.24
12/23/2023 9:50,December,3.24,3.24
12/23/2023 9:55,December,3.32,3.31
12/23/2023 10:00,December,3.35,3.35
12/23/2023 10:05,December,2.44,2.44
12/23/2023 10:10,December,2.9,2.9
12/23/2023 10:15,December,4.75,4.75
12/23/2023 10:20,December,3.69,3.69
12/23/2023 10:25,December,3.69,3.7
12/23/2023 10:30,December,3.69,3.69
12/23/2023 10:35,December,3.67,3.68
12/23/2023 10:40,December,3.64,3.64
12/23/2023 10:45,December,3.67,3.67
12/23/2023 10:50,December,3.62,3.63
12/23/2023 10:55,December,3.63,3.64
12/23/2023 11:00,December,3.55,3.56
12/23/2023 11:05,December,0,0
12/23/2023 11:10,December,2.79,2.8
12/23/2023 11:15,December,2.79,2.79
12/23/2023 11:20,December,3.52,3.53
12/23/2023 11:25,December,3.52,3.53
12/23/2023 11:30,December,3.52,3.53
12/23/2023 11:35,December,3.52,3.52
12/23/2023 11:40,December,3.52,3.53
12/23/2023 11:45,December,3.51,3.52
12/23/2023 11:50,December,3.5,3.5
12/23/2023 11:55,December,3.51,3.52
12/23/2023 12:00,December,3.5,3.51
12/23/2023 12:05,December,0.74,0.74
12/23/2023 12:10,December,3.12,3.13
12/23/2023 12:15,December,3.36,3.37
12/23/2023 12:20,December,3.23,3.25
12/23/2023 12:25,December,3.49,3.5
12/23/2023 12:30,December,3.3,3.31
12/23/2023 12:35,December,3.53,3.54
12/23/2023 12:40,December,3.63,3.64
12/23/2023 12:45,December,3.62,3.63
12/23/2023 12:50,December,3.58,3.58
12/23/2023 12:55,December,3.53,3.53
12/23/2023 13:00,December,3.63,3.63
12/23/2023 13:05,December,4.2,4.21
12/23/2023 13:10,December,4.14,4.14
12/23/2023 13:15,December,4.57,4.58
12/23/2023 13:20,December,3.57,3.58
12/23/2023 13:25,December,3.55,3.55
12/23/2023 13:30,December,3.64,3.64
12/23/2023 13:35,December,3.67,3.67
12/23/2023 13:40,December,4.03,4.04
12/23/2023 13:45,December,3.67,3.67
12/23/2023 13:50,December,3.66,3.67
12/23/2023 13:55,December,3.67,3.67
12/23/2023 14:00,December,3.67,3.67
12/23/2023 14:05,December,4.04,4.04
12/23/2023 14:10,December,4.04,4.04
12/23/2023 14:15,December,3.77,3.77
12/23/2023 14:20,December,3.94,3.94
12/23/2023 14:25,December,3.78,3.77
12/23/2023 14:30,December,3.72,3.72
12/23/2023 14:35,December,4.04,4.03
12/23/2023 14:40,December,3.74,3.73
12/23/2023 14:45,December,3.53,3.52
12/23/2023 14:50,December,4.23,4.22
12/23/2023 14:55,December,3.72,3.7
12/23/2023 15:00,December,3.69,3.67
12/23/2023 15:05,December,3.57,3.55
12/23/2023 15:10,December,3.56,3.55
12/23/2023 15:15,December,3.59,3.58
12/23/2023 15:20,December,3.71,3.7
12/23/2023 15:25,December,3.58,3.57
12/23/2023 15:30,December,3.68,3.67
12/23/2023 15:35,December,3.68,3.67
12/23/2023 15:40,December,3.68,3.67
12/23/2023 15:45,December,3.67,3.66
12/23/2023 15:50,December,3.7,3.69
12/23/2023 15:55,December,3.68,3.67
12/23/2023 16:00,December,3.68,3.67
12/23/2023 16:05,December,4.06,4.04
12/23/2023 16:10,December,3.69,3.67
12/23/2023 16:15,December,3.69,3.67
12/23/2023 16:20,December,3.72,3.7
12/23/2023 16:25,December,3.72,3.7
12/23/2023 16:30,December,4.38,4.36
12/23/2023 16:35,December,4.08,4.05
12/23/2023 16:40,December,3.58,3.56
12/23/2023 16:45,December,3.65,3.63
12/23/2023 16:50,December,3.69,3.67
12/23/2023 16:55,December,3.71,3.69
12/23/2023 17:00,December,3.67,3.65
12/23/2023 17:05,December,3.58,3.56
12/23/2023 17:10,December,3.56,3.54
12/23/2023 17:15,December,3.56,3.54
12/23/2023 17:20,December,3.56,3.54
12/23/2023 17:25,December,3.65,3.62
12/23/2023 17:30,December,3.64,3.62
12/23/2023 17:35,December,4.37,4.34
12/23/2023 17:40,December,4.37,4.34
12/23/2023 17:45,December,4.8,4.77
12/23/2023 17:50,December,4.8,4.78
12/23/2023 17:55,December,4.38,4.35
12/23/2023 18:00,December,4.08,4.05
12/23/2023 18:05,December,4.99,4.95
12/23/2023 18:10,December,4.85,4.82
12/23/2023 18:15,December,4.83,4.8
12/23/2023 18:20,December,4.83,4.79
12/23/2023 18:25,December,4.82,4.79
12/23/2023 18:30,December,4.17,4.14
12/23/2023 18:35,December,4.24,4.21
12/23/2023 18:40,December,4.09,4.06
12/23/2023 18:45,December,4.09,4.06
12/23/2023 18:50,December,4.09,4.06
12/23/2023 18:55,December,4.16,4.13
12/23/2023 19:00,December,4.09,4.06
12/23/2023 19:05,December,4.09,4.06
12/23/2023 19:10,December,4.05,4.02
12/23/2023 19:15,December,4.02,3.99
12/23/2023 19:20,December,4.03,4
12/23/2023 19:25,December,4.01,3.98
12/23/2023 19:30,December,4.03,4
12/23/2023 19:35,December,4.01,3.98
12/23/2023 19:40,December,4.03,4
12/23/2023 19:45,December,4.04,4.01
12/23/2023 19:50,December,4.03,4
12/23/2023 19:55,December,4.35,4.32
12/23/2023 20:00,December,4.23,4.19
12/23/2023 20:05,December,4.43,4.39
12/23/2023 20:10,December,4.34,4.31
12/23/2023 20:15,December,4.32,4.28
12/23/2023 20:20,December,4.31,4.27
12/23/2023 20:25,December,4.31,4.28
12/23/2023 20:30,December,4.15,4.11
12/23/2023 20:35,December,4.1,4.06
12/23/2023 20:40,December,4.1,4.06
12/23/2023 20:45,December,4.1,4.07
12/23/2023 20:50,December,4.1,4.07
12/23/2023 20:55,December,4.09,4.06
12/23/2023 21:00,December,4.05,4.02
12/23/2023 21:05,December,5.07,5.04
12/23/2023 21:10,December,4.4,4.37
12/23/2023 21:15,December,4.37,4.33
12/23/2023 21:20,December,4.36,4.33
12/23/2023 21:25,December,4.1,4.07
12/23/2023 21:30,December,4.21,4.18
12/23/2023 21:35,December,4.01,3.98
12/23/2023 21:40,December,4.05,4.02
12/23/2023 21:45,December,3.69,3.66
12/23/2023 21:50,December,3.59,3.56
12/23/2023 21:55,December,3.33,3.31
12/23/2023 22:00,December,3.31,3.28
12/23/2023 22:05,December,4.83,4.79
12/23/2023 22:10,December,4.1,4.07
12/23/2023 22:15,December,3.59,3.56
12/23/2023 22:20,December,3.37,3.35
12/23/2023 22:25,December,3.35,3.32
12/23/2023 22:30,December,3.34,3.32
12/23/2023 22:35,December,3.51,3.48
12/23/2023 22:40,December,3.58,3.55
12/23/2023 22:45,December,3.55,3.52
12/23/2023 22:50,December,3.36,3.33
12/23/2023 22:55,December,3.26,3.24
12/23/2023 23:00,December,3.26,3.24
12/23/2023 23:05,December,3.67,3.64
12/23/2023 23:10,December,3.36,3.34
12/23/2023 23:15,December,3.32,3.3
12/23/2023 23:20,December,3.27,3.25
12/23/2023 23:25,December,3.27,3.24
12/23/2023 23:30,December,3.27,3.24
12/23/2023 23:35,December,3.27,3.24
12/23/2023 23:40,December,2.98,2.95
12/23/2023 23:45,December,2.97,2.95
12/23/2023 23:50,December,3.26,3.24
12/23/2023 23:55,December,3.26,3.24
12/24/2023 0:00,December,2.98,2.96
12/24/2023 0:05,December,4.11,4.08
12/24/2023 0:10,December,3.61,3.59
12/24/2023 0:15,December,3.58,3.56
12/24/2023 0:20,December,3.33,3.31
12/24/2023 0:25,December,3.4,3.38
12/24/2023 0:30,December,3.34,3.31
12/24/2023 0:35,December,3.33,3.31
12/24/2023 0:40,December,3.6,3.58
12/24/2023 0:45,December,3.43,3.41
12/24/2023 0:50,December,3.4,3.38
12/24/2023 0:55,December,3.42,3.39
12/24/2023 1:00,December,3.41,3.39
12/24/2023 1:05,December,3.48,3.46
12/24/2023 1:10,December,3.48,3.46
12/24/2023 1:15,December,3.45,3.43
12/24/2023 1:20,December,3.44,3.42
12/24/2023 1:25,December,3.45,3.43
12/24/2023 1:30,December,3.59,3.57
12/24/2023 1:35,December,3.47,3.45
12/24/2023 1:40,December,3.46,3.43
12/24/2023 1:45,December,2.97,2.95
12/24/2023 1:50,December,3.2,3.18
12/24/2023 1:55,December,3.33,3.31
12/24/2023 2:00,December,3.34,3.32
12/24/2023 2:05,December,3.33,3.31
12/24/2023 2:10,December,3.3,3.29
12/24/2023 2:15,December,3.08,3.06
12/24/2023 2:20,December,3.06,3.04
12/24/2023 2:25,December,3.05,3.03
12/24/2023 2:30,December,3.04,3.02
12/24/2023 2:35,December,3.03,3.01
12/24/2023 2:40,December,2.96,2.94
12/24/2023 2:45,December,2.84,2.82
12/24/2023 2:50,December,2.84,2.82
12/24/2023 2:55,December,2.55,2.53
12/24/2023 3:00,December,2.58,2.57
12/24/2023 3:05,December,2.6,2.58
12/24/2023 3:10,December,2.83,2.82
12/24/2023 3:15,December,2.79,2.77
12/24/2023 3:20,December,2.75,2.73
12/24/2023 3:25,December,2.75,2.74
12/24/2023 3:30,December,2.75,2.73
12/24/2023 3:35,December,2.75,2.73
12/24/2023 3:40,December,2.75,2.73
12/24/2023 3:45,December,2.75,2.73
12/24/2023 3:50,December,2.75,2.73
12/24/2023 3:55,December,2.75,2.73
12/24/2023 4:00,December,2.73,2.72
12/24/2023 4:05,December,2.65,2.63
12/24/2023 4:10,December,2.75,2.73
12/24/2023 4:15,December,2.74,2.73
12/24/2023 4:20,December,2.46,2.45
12/24/2023 4:25,December,2.46,2.45
12/24/2023 4:30,December,2.02,2.01
12/24/2023 4:35,December,2.66,2.65
12/24/2023 4:40,December,2.46,2.45
12/24/2023 4:45,December,2.69,2.67
12/24/2023 4:50,December,2.7,2.69
12/24/2023 4:55,December,2.59,2.58
12/24/2023 5:00,December,2.7,2.68
12/24/2023 5:05,December,2.46,2.45
12/24/2023 5:10,December,2.6,2.58
12/24/2023 5:15,December,2.69,2.67
12/24/2023 5:20,December,2.92,2.91
12/24/2023 5:25,December,2.72,2.71
12/24/2023 5:30,December,2.65,2.64
12/24/2023 5:35,December,2.72,2.71
12/24/2023 5:40,December,2.7,2.68
12/24/2023 5:45,December,2.54,2.53
12/24/2023 5:50,December,2.75,2.73
12/24/2023 5:55,December,2.69,2.68
12/24/2023 6:00,December,2.69,2.68
12/24/2023 6:05,December,2.45,2.44
12/24/2023 6:10,December,2.45,2.44
12/24/2023 6:15,December,2.45,2.44
12/24/2023 6:20,December,2.45,2.44
12/24/2023 6:25,December,2.45,2.44
12/24/2023 6:30,December,2.46,2.45
12/24/2023 6:35,December,2.46,2.45
12/24/2023 6:40,December,2.01,2.01
12/24/2023 6:45,December,2.46,2.45
12/24/2023 6:50,December,2.46,2.45
12/24/2023 6:55,December,2.45,2.45
12/24/2023 7:00,December,2.45,2.44
12/24/2023 7:05,December,0,0
12/24/2023 7:10,December,2.45,2.44
12/24/2023 7:15,December,2.45,2.44
12/24/2023 7:20,December,2.45,2.44
12/24/2023 7:25,December,2.44,2.44
12/24/2023 7:30,December,2.76,2.75
12/24/2023 7:35,December,2.75,2.75
12/24/2023 7:40,December,2.76,2.76
12/24/2023 7:45,December,2.94,2.94
12/24/2023 7:50,December,2.94,2.94
12/24/2023 7:55,December,3.32,3.31
12/24/2023 8:00,December,3.32,3.32
12/24/2023 8:05,December,3.34,3.35
12/24/2023 8:10,December,3.31,3.32
12/24/2023 8:15,December,3.28,3.29
12/24/2023 8:20,December,3.36,3.37
12/24/2023 8:25,December,3.26,3.28
12/24/2023 8:30,December,3.35,3.37
12/24/2023 8:35,December,3.35,3.36
12/24/2023 8:40,December,3.33,3.35
12/24/2023 8:45,December,3.32,3.34
12/24/2023 8:50,December,3.25,3.27
12/24/2023 8:55,December,3.25,3.27
12/24/2023 9:00,December,3.29,3.3
12/24/2023 9:05,December,2.43,2.44
12/24/2023 9:10,December,2.43,2.43
12/24/2023 9:15,December,2.43,2.44
12/24/2023 9:20,December,2.43,2.44
12/24/2023 9:25,December,2.73,2.74
12/24/2023 9:30,December,2.43,2.44
12/24/2023 9:35,December,2.43,2.44
12/24/2023 9:40,December,2.9,2.91
12/24/2023 9:45,December,3.27,3.28
12/24/2023 9:50,December,3.42,3.42
12/24/2023 9:55,December,3.28,3.28
12/24/2023 10:00,December,3.3,3.31
12/24/2023 10:05,December,2.9,2.91
12/24/2023 10:10,December,3.65,3.66
12/24/2023 10:15,December,3.29,3.3
12/24/2023 10:20,December,3.52,3.54
12/24/2023 10:25,December,3.44,3.45
12/24/2023 10:30,December,3.62,3.63
12/24/2023 10:35,December,3.61,3.62
12/24/2023 10:40,December,3.67,3.68
12/24/2023 10:45,December,3.61,3.62
12/24/2023 10:50,December,3.61,3.62
12/24/2023 10:55,December,3.61,3.63
12/24/2023 11:00,December,0,0
12/24/2023 11:05,December,2.61,2.62
12/24/2023 11:10,December,2.85,2.86
12/24/2023 11:15,December,2.84,2.86
12/24/2023 11:20,December,3.36,3.38
12/24/2023 11:25,December,3.43,3.45
12/24/2023 11:30,December,3.6,3.62
12/24/2023 11:35,December,4.45,4.47
12/24/2023 11:40,December,3.6,3.62
12/24/2023 11:45,December,3.6,3.62
12/24/2023 11:50,December,4.44,4.46
12/24/2023 11:55,December,3.68,3.69
12/24/2023 12:00,December,3.62,3.64
12/24/2023 12:05,December,3.61,3.62
12/24/2023 12:10,December,3.61,3.62
12/24/2023 12:15,December,4.48,4.5
12/24/2023 12:20,December,4.41,4.43
12/24/2023 12:25,December,4.08,4.1
12/24/2023 12:30,December,3.79,3.81
12/24/2023 12:35,December,3.69,3.7
12/24/2023 12:40,December,3.76,3.78
12/24/2023 12:45,December,4.46,4.48
12/24/2023 12:50,December,4.47,4.49
12/24/2023 12:55,December,4.45,4.46
12/24/2023 13:00,December,4.09,4.1
12/24/2023 13:05,December,4.47,4.49
12/24/2023 13:10,December,4.46,4.48
12/24/2023 13:15,December,4.44,4.46
12/24/2023 13:20,December,4.18,4.19
12/24/2023 13:25,December,3.7,3.71
12/24/2023 13:30,December,3.53,3.54
12/24/2023 13:35,December,3.69,3.71
12/24/2023 13:40,December,4.12,4.14
12/24/2023 13:45,December,3.73,3.75
12/24/2023 13:50,December,4.12,4.13
12/24/2023 13:55,December,4.12,4.14
12/24/2023 14:00,December,2.92,2.93
12/24/2023 14:05,December,4.03,4.04
12/24/2023 14:10,December,3.7,3.71
12/24/2023 14:15,December,4.48,4.48
12/24/2023 14:20,December,4.46,4.47
12/24/2023 14:25,December,4.48,4.49
12/24/2023 14:30,December,4.48,4.49
12/24/2023 14:35,December,3.53,3.54
12/24/2023 14:40,December,3.65,3.65
12/24/2023 14:45,December,4.03,4.04
12/24/2023 14:50,December,4.14,4.15
12/24/2023 14:55,December,4.5,4.51
12/24/2023 15:00,December,4.52,4.53
12/24/2023 15:05,December,4.46,4.47
12/24/2023 15:10,December,4.47,4.47
12/24/2023 15:15,December,4.45,4.46
12/24/2023 15:20,December,4.17,4.17
12/24/2023 15:25,December,4.39,4.39
12/24/2023 15:30,December,4.52,4.53
12/24/2023 15:35,December,4.39,4.4
12/24/2023 15:40,December,4.18,4.18
12/24/2023 15:45,December,4.21,4.21
12/24/2023 15:50,December,4.22,4.23
12/24/2023 15:55,December,4.39,4.39
12/24/2023 16:00,December,4.45,4.45
12/24/2023 16:05,December,4.54,4.54
12/24/2023 16:10,December,4.54,4.54
12/24/2023 16:15,December,4.52,4.51
12/24/2023 16:20,December,4.54,4.53
12/24/2023 16:25,December,4.49,4.48
12/24/2023 16:30,December,4.54,4.53
12/24/2023 16:35,December,4.58,4.57
12/24/2023 16:40,December,4.58,4.58
12/24/2023 16:45,December,4.59,4.58
12/24/2023 16:50,December,4.59,4.58
12/24/2023 16:55,December,4.63,4.62
12/24/2023 17:00,December,4.6,4.59
12/24/2023 17:05,December,4.58,4.57
12/24/2023 17:10,December,4.6,4.59
12/24/2023 17:15,December,4.6,4.59
12/24/2023 17:20,December,4.6,4.59
12/24/2023 17:25,December,4.6,4.59
12/24/2023 17:30,December,4.88,4.87
12/24/2023 17:35,December,4.9,4.89
12/24/2023 17:40,December,25.9,25.83
12/24/2023 17:45,December,8.74,8.71
12/24/2023 17:50,December,4.93,4.91
12/24/2023 17:55,December,4.94,4.92
12/24/2023 18:00,December,9.14,9.1
12/24/2023 18:05,December,20.04,19.94
12/24/2023 18:10,December,4.95,4.93
12/24/2023 18:15,December,4.94,4.91
12/24/2023 18:20,December,4.93,4.9
12/24/2023 18:25,December,4.62,4.6
12/24/2023 18:30,December,4.73,4.71
12/24/2023 18:35,December,4.7,4.68
12/24/2023 18:40,December,4.71,4.69
12/24/2023 18:45,December,4.72,4.7
12/24/2023 18:50,December,4.69,4.66
12/24/2023 18:55,December,4.62,4.59
12/24/2023 19:00,December,4.56,4.54
12/24/2023 19:05,December,4.56,4.53
12/24/2023 19:10,December,4.58,4.56
12/24/2023 19:15,December,4.61,4.58
12/24/2023 19:20,December,4.55,4.53
12/24/2023 19:25,December,4.59,4.56
12/24/2023 19:30,December,4.55,4.52
12/24/2023 19:35,December,4.54,4.52
12/24/2023 19:40,December,4.54,4.51
12/24/2023 19:45,December,4.53,4.51
12/24/2023 19:50,December,3.49,3.47
12/24/2023 19:55,December,3.71,3.68
12/24/2023 20:00,December,3.7,3.68
12/24/2023 20:05,December,4.17,4.14
12/24/2023 20:10,December,4.17,4.14
12/24/2023 20:15,December,2.95,2.93
12/24/2023 20:20,December,3.7,3.67
12/24/2023 20:25,December,3.7,3.67
12/24/2023 20:30,December,2.96,2.94
12/24/2023 20:35,December,2.83,2.81
12/24/2023 20:40,December,2.83,2.81
12/24/2023 20:45,December,2.95,2.93
12/24/2023 20:50,December,2.9,2.88
12/24/2023 20:55,December,2.95,2.93
12/24/2023 21:00,December,2.89,2.87
12/24/2023 21:05,December,3.48,3.46
12/24/2023 21:10,December,3.42,3.4
12/24/2023 21:15,December,3.55,3.53
12/24/2023 21:20,December,4.15,4.13
12/24/2023 21:25,December,3.96,3.93
12/24/2023 21:30,December,3.68,3.66
12/24/2023 21:35,December,3.96,3.93
12/24/2023 21:40,December,3.61,3.58
12/24/2023 21:45,December,3.68,3.66
12/24/2023 21:50,December,2.95,2.92
12/24/2023 21:55,December,3.44,3.42
12/24/2023 22:00,December,3.51,3.49
12/24/2023 22:05,December,3.95,3.93
12/24/2023 22:10,December,3.47,3.45
12/24/2023 22:15,December,3.78,3.76
12/24/2023 22:20,December,3.54,3.51
12/24/2023 22:25,December,3.32,3.3
12/24/2023 22:30,December,3.43,3.41
12/24/2023 22:35,December,3.47,3.45
12/24/2023 22:40,December,3.53,3.5
12/24/2023 22:45,December,3.51,3.48
12/24/2023 22:50,December,3.34,3.31
12/24/2023 22:55,December,3.34,3.31
12/24/2023 23:00,December,3.33,3.31
12/24/2023 23:05,December,3.95,3.92
12/24/2023 23:10,December,3.78,3.75
12/24/2023 23:15,December,3.68,3.65
12/24/2023 23:20,December,3.95,3.92
12/24/2023 23:25,December,3.68,3.65
12/24/2023 23:30,December,3.95,3.92
12/24/2023 23:35,December,3.73,3.7
12/24/2023 23:40,December,3.69,3.66
12/24/2023 23:45,December,3.71,3.69
12/24/2023 23:50,December,3.69,3.66
12/24/2023 23:55,December,3.66,3.63
12/25/2023 0:00,December,3.67,3.65
12/25/2023 0:05,December,0.75,0.74
12/25/2023 0:10,December,3.03,3.01
12/25/2023 0:15,December,3.31,3.29
12/25/2023 0:20,December,2.84,2.82
12/25/2023 0:25,December,2.84,2.82
12/25/2023 0:30,December,3.66,3.64
12/25/2023 0:35,December,3.67,3.64
12/25/2023 0:40,December,3.17,3.15
12/25/2023 0:45,December,3.26,3.24
12/25/2023 0:50,December,3.66,3.63
12/25/2023 0:55,December,3.37,3.35
12/25/2023 1:00,December,3.46,3.44
12/25/2023 1:05,December,3.37,3.34
12/25/2023 1:10,December,3.24,3.22
12/25/2023 1:15,December,3.03,3.01
12/25/2023 1:20,December,3.23,3.21
12/25/2023 1:25,December,3.07,3.05
12/25/2023 1:30,December,3.2,3.18
12/25/2023 1:35,December,3.14,3.12
12/25/2023 1:40,December,3.11,3.09
12/25/2023 1:45,December,3.03,3.01
12/25/2023 1:50,December,2.96,2.94
12/25/2023 1:55,December,2.93,2.91
12/25/2023 2:00,December,2.84,2.82
12/25/2023 2:05,December,2.87,2.85
12/25/2023 2:10,December,2.84,2.82
12/25/2023 2:15,December,2.86,2.84
12/25/2023 2:20,December,2.96,2.94
12/25/2023 2:25,December,2.96,2.95
12/25/2023 2:30,December,2.96,2.95
12/25/2023 2:35,December,3.08,3.06
12/25/2023 2:40,December,3.06,3.04
12/25/2023 2:45,December,3.01,3
12/25/2023 2:50,December,3.26,3.24
12/25/2023 2:55,December,3.13,3.11
12/25/2023 3:00,December,3.08,3.07
12/25/2023 3:05,December,2.97,2.96
12/25/2023 3:10,December,3.05,3.04
12/25/2023 3:15,December,2.97,2.96
12/25/2023 3:20,December,2.97,2.96
12/25/2023 3:25,December,2.97,2.96
12/25/2023 3:30,December,2.97,2.96
12/25/2023 3:35,December,3.07,3.05
12/25/2023 3:40,December,3.1,3.09
12/25/2023 3:45,December,3.11,3.1
12/25/2023 3:50,December,3.4,3.39
12/25/2023 3:55,December,3.21,3.2
12/25/2023 4:00,December,3.3,3.29
12/25/2023 4:05,December,3.15,3.13
12/25/2023 4:10,December,3.11,3.1
12/25/2023 4:15,December,3.36,3.35
12/25/2023 4:20,December,3.19,3.18
12/25/2023 4:25,December,3.06,3.05
12/25/2023 4:30,December,2.97,2.96
12/25/2023 4:35,December,2.97,2.96
12/25/2023 4:40,December,2.85,2.85
12/25/2023 4:45,December,2.85,2.85
12/25/2023 4:50,December,2.85,2.84
12/25/2023 4:55,December,2.85,2.85
12/25/2023 5:00,December,0.75,0.74
12/25/2023 5:05,December,2.85,2.85
12/25/2023 5:10,December,2.85,2.85
12/25/2023 5:15,December,2.85,2.85
12/25/2023 5:20,December,2.85,2.85
12/25/2023 5:25,December,2.85,2.85
12/25/2023 5:30,December,2.82,2.81
12/25/2023 5:35,December,2.85,2.85
12/25/2023 5:40,December,2.86,2.85
12/25/2023 5:45,December,2.86,2.85
12/25/2023 5:50,December,2.98,2.97
12/25/2023 5:55,December,2.86,2.85
12/25/2023 6:00,December,2.8,2.79
12/25/2023 6:05,December,2.85,2.85
12/25/2023 6:10,December,2.85,2.85
12/25/2023 6:15,December,2.85,2.85
12/25/2023 6:20,December,2.84,2.84
12/25/2023 6:25,December,2.81,2.8
12/25/2023 6:30,December,2.81,2.8
12/25/2023 6:35,December,0,0
12/25/2023 6:40,December,0,0
12/25/2023 6:45,December,0,0
12/25/2023 6:50,December,0.75,0.74
12/25/2023 6:55,December,0.75,0.75
12/25/2023 7:00,December,1.09,1.08
12/25/2023 7:05,December,0.75,0.75
12/25/2023 7:10,December,2.71,2.71
12/25/2023 7:15,December,2.71,2.7
12/25/2023 7:20,December,2.7,2.7
12/25/2023 7:25,December,0,0
12/25/2023 7:30,December,0.75,0.74
12/25/2023 7:35,December,0.75,0.74
12/25/2023 7:40,December,2.7,2.7
12/25/2023 7:45,December,0.75,0.75
12/25/2023 7:50,December,2.78,2.78
12/25/2023 7:55,December,2.7,2.7
12/25/2023 8:00,December,2.7,2.7
12/25/2023 8:05,December,0,0
12/25/2023 8:10,December,0,0
12/25/2023 8:15,December,0,0
12/25/2023 8:20,December,0,0
12/25/2023 8:25,December,0,0
12/25/2023 8:30,December,0,0
12/25/2023 8:35,December,0,0
12/25/2023 8:40,December,0,0
12/25/2023 8:45,December,0,0
12/25/2023 8:50,December,0,0
12/25/2023 8:55,December,0,0
12/25/2023 9:00,December,0,0
12/25/2023 9:05,December,0,0
12/25/2023 9:10,December,0,0
12/25/2023 9:15,December,0,0
12/25/2023 9:20,December,0,0
12/25/2023 9:25,December,0,0
12/25/2023 9:30,December,0.1,0.1
12/25/2023 9:35,December,2.67,2.68
12/25/2023 9:40,December,0.1,0.1
12/25/2023 9:45,December,0,0
12/25/2023 9:50,December,0,0
12/25/2023 9:55,December,0,0
12/25/2023 10:00,December,0,0
12/25/2023 10:05,December,-0.05,-0.05
12/25/2023 10:10,December,0,0
12/25/2023 10:15,December,0,0
12/25/2023 10:20,December,0,0
12/25/2023 10:25,December,0,0
12/25/2023 10:30,December,0,0
12/25/2023 10:35,December,2.37,2.38
12/25/2023 10:40,December,2.48,2.49
12/25/2023 10:45,December,0,0
12/25/2023 10:50,December,0,0
12/25/2023 10:55,December,0,0
12/25/2023 11:00,December,0,0
12/25/2023 11:05,December,0,0
12/25/2023 11:10,December,0,0
12/25/2023 11:15,December,0,0
12/25/2023 11:20,December,2.7,2.72
12/25/2023 11:25,December,2.89,2.91
12/25/2023 11:30,December,2.66,2.67
12/25/2023 11:35,December,2.66,2.67
12/25/2023 11:40,December,0,0
12/25/2023 11:45,December,0,0
12/25/2023 11:50,December,2.76,2.78
12/25/2023 11:55,December,2.66,2.67
12/25/2023 12:00,December,0,0
12/25/2023 12:05,December,0,0
12/25/2023 12:10,December,0,0
12/25/2023 12:15,December,0,0
12/25/2023 12:20,December,0,0
12/25/2023 12:25,December,0,0
12/25/2023 12:30,December,0,0
12/25/2023 12:35,December,0,0
12/25/2023 12:40,December,0,0
12/25/2023 12:45,December,0,0
12/25/2023 12:50,December,0,0
12/25/2023 12:55,December,0,0
12/25/2023 13:00,December,0,0
12/25/2023 13:05,December,3,3.02
12/25/2023 13:10,December,3.01,3.03
12/25/2023 13:15,December,3,3.02
12/25/2023 13:20,December,2.92,2.94
12/25/2023 13:25,December,2.84,2.86
12/25/2023 13:30,December,2.67,2.69
12/25/2023 13:35,December,2.83,2.85
12/25/2023 13:40,December,2.92,2.94
12/25/2023 13:45,December,2.88,2.89
12/25/2023 13:50,December,2.85,2.87
12/25/2023 13:55,December,2.68,2.69
12/25/2023 14:00,December,0,0
12/25/2023 14:05,December,0,0
12/25/2023 14:10,December,2.68,2.69
12/25/2023 14:15,December,2.9,2.91
12/25/2023 14:20,December,2.93,2.94
12/25/2023 14:25,December,2.8,2.81
12/25/2023 14:30,December,2.78,2.79
12/25/2023 14:35,December,3.84,3.86
12/25/2023 14:40,December,3.01,3.02
12/25/2023 14:45,December,2.98,2.99
12/25/2023 14:50,December,3.55,3.56
12/25/2023 14:55,December,3.02,3.03
12/25/2023 15:00,December,3.01,3.02
12/25/2023 15:05,December,3.15,3.15
12/25/2023 15:10,December,3.67,3.67
12/25/2023 15:15,December,3.47,3.47
12/25/2023 15:20,December,3.12,3.13
12/25/2023 15:25,December,3.12,3.13
12/25/2023 15:30,December,3.12,3.13
12/25/2023 15:35,December,3.32,3.32
12/25/2023 15:40,December,3.57,3.58
12/25/2023 15:45,December,3.39,3.39
12/25/2023 15:50,December,3.58,3.58
12/25/2023 15:55,December,3.58,3.58
12/25/2023 16:00,December,3.58,3.58
12/25/2023 16:05,December,3.11,3.11
12/25/2023 16:10,December,3.32,3.31
12/25/2023 16:15,December,3.19,3.19
12/25/2023 16:20,December,3.04,3.03
12/25/2023 16:25,December,3.16,3.16
12/25/2023 16:30,December,3.04,3.03
12/25/2023 16:35,December,3.03,3.03
12/25/2023 16:40,December,3.03,3.03
12/25/2023 16:45,December,3.07,3.06
12/25/2023 16:50,December,3.06,3.05
12/25/2023 16:55,December,3.14,3.13
12/25/2023 17:00,December,3.14,3.13
12/25/2023 17:05,December,2.95,2.94
12/25/2023 17:10,December,2.8,2.79
12/25/2023 17:15,December,2.62,2.61
12/25/2023 17:20,December,2.96,2.95
12/25/2023 17:25,December,3.03,3.02
12/25/2023 17:30,December,3.41,3.4
12/25/2023 17:35,December,3.41,3.4
12/25/2023 17:40,December,3.48,3.47
12/25/2023 17:45,December,3.56,3.54
12/25/2023 17:50,December,4.56,4.54
12/25/2023 17:55,December,4.12,4.1
12/25/2023 18:00,December,4.25,4.23
12/25/2023 18:05,December,4.13,4.1
12/25/2023 18:10,December,3.57,3.55
12/25/2023 18:15,December,4.25,4.22
12/25/2023 18:20,December,3.7,3.67
12/25/2023 18:25,December,3.58,3.55
12/25/2023 18:30,December,3.41,3.38
12/25/2023 18:35,December,3.39,3.37
12/25/2023 18:40,December,3.46,3.43
12/25/2023 18:45,December,3.44,3.42
12/25/2023 18:50,December,3.42,3.4
12/25/2023 18:55,December,3.38,3.35
12/25/2023 19:00,December,3.27,3.25
12/25/2023 19:05,December,3.27,3.25
12/25/2023 19:10,December,3.38,3.35
12/25/2023 19:15,December,3.27,3.25
12/25/2023 19:20,December,3.27,3.25
12/25/2023 19:25,December,3.22,3.2
12/25/2023 19:30,December,3.27,3.25
12/25/2023 19:35,December,3.23,3.2
12/25/2023 19:40,December,3.22,3.19
12/25/2023 19:45,December,3.27,3.25
12/25/2023 19:50,December,3.27,3.25
12/25/2023 19:55,December,3.27,3.25
12/25/2023 20:00,December,3.27,3.25
12/25/2023 20:05,December,3.27,3.24
12/25/2023 20:10,December,3.27,3.25
12/25/2023 20:15,December,3.39,3.36
12/25/2023 20:20,December,3.29,3.26
12/25/2023 20:25,December,3.29,3.26
12/25/2023 20:30,December,3.24,3.21
12/25/2023 20:35,December,3.24,3.21
12/25/2023 20:40,December,3.27,3.25
12/25/2023 20:45,December,3.18,3.15
12/25/2023 20:50,December,3.23,3.21
12/25/2023 20:55,December,3.27,3.25
12/25/2023 21:00,December,3.18,3.15
12/25/2023 21:05,December,4.56,4.53
12/25/2023 21:10,December,3.28,3.26
12/25/2023 21:15,December,3.33,3.31
12/25/2023 21:20,December,3.41,3.38
12/25/2023 21:25,December,3.35,3.33
12/25/2023 21:30,December,3.16,3.14
12/25/2023 21:35,December,3.16,3.14
12/25/2023 21:40,December,3.28,3.26
12/25/2023 21:45,December,3.17,3.15
12/25/2023 21:50,December,2.81,2.79
12/25/2023 21:55,December,3.02,3
12/25/2023 22:00,December,3.15,3.13
12/25/2023 22:05,December,4.82,4.79
12/25/2023 22:10,December,3.69,3.67
12/25/2023 22:15,December,3.69,3.67
12/25/2023 22:20,December,3.69,3.66
12/25/2023 22:25,December,3.48,3.45
12/25/2023 22:30,December,3.45,3.43
12/25/2023 22:35,December,3.34,3.32
12/25/2023 22:40,December,3.27,3.24
12/25/2023 22:45,December,3.13,3.11
12/25/2023 22:50,December,2.97,2.95
12/25/2023 22:55,December,3.11,3.09
12/25/2023 23:00,December,2.97,2.95
12/25/2023 23:05,December,3.43,3.4
12/25/2023 23:10,December,3.43,3.4
12/25/2023 23:15,December,3.16,3.14
12/25/2023 23:20,December,3.17,3.15
12/25/2023 23:25,December,3.12,3.09
12/25/2023 23:30,December,2.97,2.95
12/25/2023 23:35,December,2.97,2.95
12/25/2023 23:40,December,2.85,2.83
12/25/2023 23:45,December,2.96,2.94
12/25/2023 23:50,December,2.82,2.8
12/25/2023 23:55,December,2.81,2.79
12/26/2023 0:00,December,2.83,2.81
,,,
,,,
,,,
,,,
,,,
,,,
,,,
,,,
,,,
,,,
,,,
,,,
,,,
,,,
,,,
,,,
,,,
,,,
,,,
,,,
,,,
,,,
,,,
,,,
,,,
,,,
,,,
,,,
,,,
,,,
,,,
,,,
,,,
,,,
,,,
,,,
,,,
,,,
,,,
,,,
,,,
,,,
,,,
,,,
,,,
,,,
,,,
,,,
,,,
,,,
,,,
,,,
,,,
,,,
,,,
,,,
,,,
,,,
,,,
,,,
,,,
,,,
,,,
,,,
,,,
,,,
,,,
,,,
,,,
,,,
,,,
,,,
,,,
,,,
,,,
,,,
,,,
,,,
,,,
,,,
,,,
,,,
,,,
,,,
,,,
,,,
,,,
,,,
,,,
,,,
,,,
,,,
,,,
,,,
,,,
,,,
,,,
,,,
,,,
,,,
,,,
,,,
,,,
,,,
,,,
,,,
,,,
,,,
,,,
,,,
,,,
,,,
,,,
,,,
,,,
,,,
,,,
,,,
,,,
,,,
,,,
,,,
,,,
,,,
,,,
,,,
,,,
,,,
,,,
,,,
,,,
,,,
,,,
,,,
,,,
,,,
,,,
,,,
,,,
,,,
,,,
,,,
,,,
,,,
,,,
,,,
,,,
,,,
,,,
,,,
,,,
,,,
,,,
,,,
,,,
,,,
,,,
,,,
,,,
,,,
,,,
,,,
,,,
,,,
,,,
,,,
,,,
,,,
,,,
,,,
,,,
,,,
,,,
,,,
,,,
,,,
,,,
,,,
,,,
,,,
,,,
,,,
,,,
,,,
,,,
,,,
,,,
,,,
,,,
,,,
,,,
,,,
,,,
,,,
,,,
,,,
,,,
,,,
,,,
,,,
,,,
,,,
,,,
,,,
,,,
,,,
,,,
,,,
,,,
,,,
,,,
,,,
,,,
,,,
,,,
,,,
,,,
,,,
,,,
,,,
,,,
,,,
,,,
,,,
,,,
,,,
,,,
,,,
,,,
,,,
,,,
,,,
,,,
,,,
,,,
,,,
,,,
,,,
,,,
,,,
,,,
,,,
,,,
,,,
,,,
,,,
,,,
,,,
,,,
,,,
,,,
,,,
,,,
,,,
,,,
,,,
,,,
,,,
,,,
,,,
,,,
,,,
,,,
,,,
,,,
,,,
,,,
,,,
,,,
,,,
,,,
,,,
,,,
,,,
,,,
,,,
,,,
,,,
,,,
,,,
,,,
,,,
,,,
,,,
,,,
,,,
,,,
,,,
,,,
,,,
,,,
,,,
,,,
,,,
,,,
,,,
,,,
,,,
,,,
,,,
,,,
,,,
,,,
,,,
,,,
,,,
,,,
,,,
,,,
,,,
,,,
,,,
,,,
,,,
,,,
,,,
,,,
,,,
,,,
,,,
,,,
,,,
,,,
,,,
,,,
,,,
,,,
,,,
,,,
,,,
,,,
,,,
,,,
,,,
,,,
,,,
,,,
,,,
,,,
,,,
,,,
,,,
,,,
,,,
,,,
,,,
,,,
,,,
,,,
,,,
,,,
,,,
,,,
,,,
,,,
,,,
,,,
,,,
,,,
,,,
,,,
,,,
,,,
,,,
,,,
,,,
,,,
,,,
,,,
,,,
,,,
,,,
,,,
,,,
,,,
,,,
,,,
,,,
,,,
,,,
,,,
,,,
,,,
,,,
,,,
,,,
,,,
,,,
,,,
,,,
,,,
,,,
,,,
,,,
,,,
,,,
,,,
,,,
,,,
,,,
,,,
,,,
,,,
,,,
,,,
,,,
,,,
,,,
,,,
,,,
,,,
,,,
,,,
,,,
,,,
,,,
,,,
,,,
,,,
,,,
,,,
,,,
,,,
,,,
,,,
,,,
,,,
,,,
,,,
,,,
,,,
,,,
,,,
,,,
,,,
,,,
,,,
,,,
,,,
,,,
,,,
,,,
,,,
,,,
,,,
,,,
,,,
,,,
,,,
,,,
,,,
,,,
,,,
,,,
,,,
,,,
,,,
,,,
,,,
,,,
,,,
,,,
,,,
,,,
,,,
,,,
,,,
,,,
,,,
,,,
,,,
,,,
,,,
,,,
,,,
,,,
,,,
,,,
,,,
,,,
,,,
,,,
,,,
,,,
,,,
,,,
,,,
,,,
,,,
,,,
,,,
,,,
,,,
,,,
,,,
,,,
,,,
,,,
,,,
,,,
,,,
,,,
,,,
,,,
,,,
,,,
,,,
,,,
,,,
,,,
,,,
,,,
,,,
,,,
,,,
,,,
,,,
,,,
,,,
,,,
,,,
,,,
,,,
,,,
,,,
,,,
,,,
,,,
,,,
,,,
,,,
,,,
,,,
,,,
,,,
,,,
,,,
,,,
,,,
,,,
,,,
,,,
,,,
,,,
,,,
,,,
,,,
,,,
,,,
,,,
,,,
,,,
,,,
,,,
,,,
,,,
,,,
,,,
,,,
,,,
,,,
,,,
,,,
,,,
,,,
,,,
,,,
,,,
,,,
,,,
,,,
,,,
,,,
,,,
,,,
,,,
,,,
,,,
,,,
,,,
,,,
,,,
,,,
,,,
,,,
,,,
,,,
,,,
,,,
,,,
,,,
,,,
,,,
,,,
,,,
,,,
,,,
,,,
,,,
,,,
,,,
,,,
,,,
,,,
,,,
,,,
,,,
,,,
,,,
,,,
,,,
,,,
,,,
,,,
,,,
,,,
,,,
,,,
,,,
,,,
,,,
,,,
,,,
,,,
,,,
,,,
,,,
,,,
,,,
,,,
,,,
,,,
,,,
,,,
,,,
,,,
,,,
,,,
,,,
,,,
,,,
,,,
,,,
,,,
,,,
,,,
,,,
,,,
,,,
,,,
,,,
,,,
,,,
,,,
,,,
,,,
,,,
,,,
,,,
,,,
,,,
,,,
,,,
,,,
,,,
,,,
,,,
,,,
,,,
,,,
,,,
,,,
,,,
,,,
,,,
,,,
,,,
,,,
,,,
,,,
,,,
,,,
,,,
,,,
,,,
,,,
,,,
,,,
,,,
,,,
,,,
,,,
,,,
,,,
,,,
,,,
,,,
,,,
,,,
,,,
,,,
,,,
,,,
,,,
,,,
,,,
,,,
,,,
,,,
,,,
,,,
,,,
,,,
,,,
,,,
,,,
,,,
,,,
,,,
,,,
,,,
,,,
,,,
,,,
,,,
,,,
,,,
,,,
,,,
,,,
,,,
,,,
,,,
,,,
,,,
,,,
,,,
,,,
,,,
,,,
,,,
,,,
,,,
,,,
,,,
,,,
,,,
,,,
,,,
,,,
,,,
,,,
,,,
,,,
,,,
,,,
,,,
,,,
,,,
,,,
,,,
,,,
,,,
,,,
,,,
,,,
,,,
,,,
,,,
,,,
,,,
,,,
,,,
,,,
,,,
,,,
,,,
,,,
,,,
,,,
,,,
,,,
,,,
,,,
,,,
,,,
,,,
,,,
,,,
,,,
,,,
,,,
,,,
,,,
,,,
,,,
,,,
,,,
,,,
,,,
,,,
,,,
,,,
,,,
,,,
,,,
,,,
,,,
,,,
,,,
,,,
,,,
,,,
,,,
,,,
,,,
,,,
,,,
,,,
,,,
,,,
,,,
,,,
,,,
,,,
,,,
,,,
,,,
,,,
,,,
,,,
,,,
,,,
,,,
,,,
,,,
,,,
,,,
,,,
,,,
,,,
,,,
,,,
,,,
,,,
,,,
,,,
,,,
,,,
,,,
,,,
,,,
,,,
,,,
,,,
,,,
,,,
,,,
,,,
,,,
,,,
,,,
,,,
,,,
,,,
,,,
,,,
,,,
,,,
,,,
,,,
,,,
,,,
,,,
,,,
,,,
,,,
,,,
,,,
,,,
,,,
,,,
,,,
,,,
,,,
,,,
,,,
,,,
,,,
,,,
,,,
,,,
,,,
,,,
,,,
,,,
,,,
,,,
,,,
,,,
,,,
,,,
,,,
,,,
,,,
,,,
,,,
,,,
,,,
,,,
,,,
,,,
,,,
,,,
,,,
,,,
,,,
,,,
,,,
,,,
,,,
,,,
,,,
,,,
,,,
,,,
,,,
,,,
,,,
,,,
,,,
,,,
,,,
,,,
,,,
,,,
,,,
,,,
,,,
,,,
,,,
,,,
,,,
,,,
,,,
,,,
,,,
,,,
,,,
,,,
,,,
,,,
,,,
,,,
,,,
,,,
,,,
,,,
,,,
,,,
,,,
,,,
,,,
,,,
,,,
,,,
,,,
,,,
,,,
,,,
,,,
,,,
,,,
,,,
,,,
,,,
,,,
,,,
,,,
,,,
,,,
,,,
,,,
,,,
,,,
,,,
,,,
,,,
,,,
,,,
,,,
,,,
,,,
,,,
,,,
,,,
,,,
,,,
,,,
,,,
,,,
,,,
,,,
,,,
,,,
,,,
,,,
,,,
,,,
,,,
,,,
,,,
,,,
,,,
,,,
,,,
,,,
,,,
,,,
,,,
,,,
,,,
,,,
,,,
,,,
,,,
,,,
,,,
,,,
,,,
,,,
,,,
,,,
,,,
,,,
,,,
,,,
,,,
,,,
,,,
,,,
,,,
,,,
,,,
,,,
,,,
,,,
,,,
,,,
,,,
,,,
,,,
,,,
,,,
,,,
,,,
,,,
,,,
,,,
,,,
,,,
,,,
,,,
,,,
,,,
,,,
,,,
,,,
,,,
,,,
,,,
,,,
,,,
,,,
,,,
,,,
,,,
,,,
,,,
,,,
,,,
,,,
,,,
,,,
,,,
,,,
,,,
,,,
,,,
,,,
,,,
,,,
,,,
,,,
,,,
,,,
,,,
,,,
,,,
,,,
,,,
,,,
,,,
,,,
,,,
,,,
,,,
,,,
,,,
,,,
,,,
,,,
,,,
,,,
,,,
,,,
,,,
,,,
,,,
,,,
,,,
,,,
,,,
,,,
,,,
,,,
,,,
,,,
,,,
,,,
,,,
,,,
,,,
,,,
,,,
,,,
,,,
,,,
,,,
,,,
,,,
,,,
,,,
,,,
,,,
,,,
,,,
,,,
,,,
,,,
,,,
,,,
,,,
,,,
,,,
,,,
,,,
,,,
,,,
,,,
,,,
,,,
,,,
,,,
,,,
,,,
,,,
,,,
,,,
,,,
,,,
,,,
,,,
,,,
,,,
,,,
,,,
,,,
,,,
,,,
,,,
,,,
,,,
,,,
,,,
,,,
,,,
,,,
,,,
,,,
,,,
,,,
,,,
,,,
,,,
,,,
,,,
,,,
,,,
,,,
,,,
,,,
,,,
,,,
,,,
,,,
,,,
,,,
,,,
,,,
,,,
,,,
,,,
,,,
,,,
,,,
,,,
,,,
,,,
,,,
,,,
,,,
,,,
,,,
,,,
,,,
,,,
,,,
,,,
,,,
,,,
,,,
,,,
,,,
,,,
,,,
,,,
,,,
,,,
,,,
,,,
,,,
,,,
,,,
,,,
,,,
,,,
,,,
,,,
,,,
,,,
,,,
,,,
,,,
,,,
,,,
,,,
,,,
,,,
,,,
,,,
,,,
,,,
,,,
,,,
,,,
,,,
,,,
,,,
,,,
,,,
,,,
,,,
,,,
,,,
,,,
,,,
,,,
,,,
,,,
,,,
,,,
,,,
,,,
,,,
,,,
,,,
,,,
,,,
,,,
,,,
,,,
,,,
,,,
,,,
,,,
,,,
,,,
,,,
,,,
,,,
,,,
,,,
,,,
,,,
,,,
,,,
,,,
,,,
,,,
,,,
,,,
,,,
,,,
,,,
,,,
,,,
,,,
,,,
,,,
,,,
,,,
,,,
,,,
,,,
,,,
,,,
,,,
,,,
,,,
,,,
,,,
,,,
,,,
,,,
,,,
,,,
,,,
,,,
,,,
,,,
,,,
,,,
,,,
,,,
,,,
,,,
,,,
,,,
,,,
,,,
,,,
,,,
,,,
,,,
,,,
,,,
,,,
,,,
,,,
,,,
,,,
,,,
,,,
,,,
,,,
,,,
,,,
,,,
,,,
,,,
,,,
,,,
,,,
,,,
,,,
,,,
,,,
,,,
,,,
,,,
,,,
,,,
,,,
,,,
,,,
,,,
,,,
,,,
,,,
,,,
,,,
,,,
,,,
,,,
,,,
,,,
,,,
,,,
,,,
,,,
,,,
,,,
,,,
,,,
,,,
,,,
,,,
,,,
,,,
,,,
,,,
,,,
,,,
,,,
,,,
,,,
,,,
,,,
,,,
,,,
,,,
,,,
,,,
,,,
,,,
,,,
,,,
,,,
,,,
,,,
,,,
,,,
,,,
,,,
,,,
,,,
,,,
,,,
,,,
,,,
,,,
,,,
,,,
,,,
,,,
,,,
,,,
,,,
,,,
,,,
,,,
,,,
,,,
,,,
,,,
,,,
,,,
,,,
,,,
,,,
,,,
,,,
,,,
,,,
,,,
,,,
,,,
,,,
,,,
,,,
,,,
,,,
,,,
,,,
,,,
,,,
,,,
,,,
,,,
,,,
,,,
,,,
,,,
,,,
,,,
,,,
,,,
,,,
,,,
,,,
,,,
,,,
,,,
,,,
,,,
,,,
,,,
,,,
,,,
,,,
,,,
,,,
,,,
,,,
,,,
,,,
,,,
,,,
,,,
,,,
,,,
,,,
,,,
,,,
,,,
,,,
,,,
,,,
,,,
,,,
,,,
,,,
,,,
,,,
,,,
,,,
,,,
,,,
,,,
,,,
,,,
,,,
,,,
,,,
,,,
,,,
,,,
,,,
,,,
,,,
,,,
,,,
,,,
,,,
,,,
,,,
,,,
,,,
,,,
,,,
,,,
,,,
,,,
,,,
,,,
,,,
,,,
,,,
,,,
,,,
,,,
,,,
,,,
,,,
,,,
,,,
,,,
,,,
,,,
,,,
,,,
,,,
,,,
,,,
,,,
,,,
,,,
,,,
,,,
,,,
,,,
,,,
,,,
,,,
,,,
,,,
,,,
,,,
,,,
,,,
,,,
,,,
,,,
,,,
,,,
,,,
,,,
,,,
,,,
,,,
,,,
,,,
,,,
,,,
,,,
,,,
,,,
,,,
,,,
,,,
,,,
,,,
,,,
,,,
,,,
,,,
,,,
,,,
,,,
,,,
,,,
,,,
,,,
,,,
,,,
,,,
,,,
,,,
,,,
,,,
,,,
,,,
,,,
,,,
,,,
,,,
,,,
,,,
,,,
,,,
,,,
,,,
,,,
,,,
,,,
,,,
,,,
,,,
,,,
,,,
,,,
,,,
,,,
,,,
,,,
,,,
,,,
,,,
,,,
,,,
,,,
,,,
,,,
,,,
,,,
,,,
,,,
,,,
,,,
,,,
,,,
,,,
,,,
,,,
,,,
,,,
,,,
,,,
,,,
,,,
,,,
,,,
,,,
,,,
,,,
,,,
,,,
,,,
,,,
,,,
,,,
,,,
,,,
,,,
,,,
,,,
,,,
,,,
,,,
,,,
,,,
,,,
,,,
,,,
,,,
,,,
,,,
,,,
,,,
,,,
,,,
,,,
,,,
,,,
,,,
,,,
,,,
,,,
,,,
,,,
,,,
,,,
,,,
,,,
,,,
,,,
,,,
,,,
,,,
,,,
,,,
,,,
,,,
,,,
,,,
,,,
,,,
,,,
,,,
,,,
,,,
,,,
,,,
,,,
,,,
,,,
,,,
,,,
,,,
,,,
,,,
,,,
,,,
,,,
,,,
,,,
,,,
,,,
,,,
,,,
,,,
,,,
,,,
,,,
,,,
,,,
,,,
,,,
,,,
,,,
,,,
,,,
,,,
,,,
,,,
,,,
,,,
,,,
,,,
,,,
,,,
,,,
,,,
,,,
,,,
,,,
,,,
,,,
,,,
,,,
,,,
,,,
,,,
,,,
,,,
,,,
,,,
,,,
,,,
,,,
,,,
,,,
,,,
,,,
,,,
,,,
,,,
,,,
,,,
,,,
,,,
,,,
,,,
,,,
,,,
,,,
,,,
,,,
,,,
,,,
,,,
,,,
,,,
,,,
,,,
,,,
,,,
,,,
,,,
,,,
,,,
,,,
,,,
,,,
,,,
,,,
,,,
,,,
,,,
,,,
,,,
,,,
,,,
,,,
,,,
,,,
,,,
,,,
,,,
,,,
,,,
,,,
,,,
,,,
,,,
,,,
,,,
,,,
,,,
,,,
,,,
,,,
,,,
,,,
,,,
,,,
,,,
,,,
,,,
,,,
,,,
,,,
,,,
,,,
,,,
,,,
,,,
,,,
,,,
,,,
,,,
,,,
,,,
,,,
,,,
,,,
,,,
,,,
,,,
,,,
,,,
,,,
,,,
,,,
,,,
,,,
,,,
,,,
,,,
,,,
,,,
,,,
,,,
,,,
,,,
,,,
,,,
,,,
,,,
,,,
,,,
,,,
,,,
,,,
,,,
,,,
,,,
,,,
,,,
,,,
,,,
,,,
,,,
,,,
,,,
,,,
,,,
,,,
,,,
,,,
,,,
,,,
,,,
,,,
,,,
,,,
,,,
,,,
,,,
,,,
,,,
,,,
,,,
,,,
,,,
,,,
,,,
,,,
,,,
,,,
,,,
,,,
,,,
,,,
,,,
,,,
,,,
,,,
,,,
,,,
,,,
,,,
,,,
,,,
,,,
,,,
,,,
,,,
,,,
,,,
,,,
,,,
,,,
,,,
,,,
,,,
,,,
,,,
,,,
,,,
,,,
,,,
,,,
,,,
,,,
,,,
,,,
,,,
,,,
,,,
,,,
,,,
,,,
,,,
,,,
,,,
,,,
,,,
,,,
,,,
,,,
,,,
,,,
,,,
,,,
,,,
,,,
,,,
,,,
,,,
,,,
,,,
,,,
,,,
,,,
,,,
,,,
,,,
,,,
,,,
,,,
,,,
,,,
,,,
,,,
,,,
,,,
,,,
,,,
,,,
,,,
,,,
,,,
,,,
,,,
,,,
,,,
,,,
,,,
,,,
,,,
,,,
,,,
,,,
,,,
,,,
,,,
,,,
,,,
,,,
,,,
,,,
,,,
,,,
,,,
,,,
,,,
,,,
,,,
,,,
,,,
,,,
,,,
,,,
,,,
,,,
,,,
,,,
,,,
,,,
,,,
,,,
,,,
,,,
,,,
,,,
,,,
,,,
,,,
,,,
,,,
,,,
,,,
,,,
,,,
,,,
,,,
,,,
,,,
,,,
,,,
,,,
,,,
,,,
,,,
,,,
,,,
,,,
,,,
,,,
,,,
,,,
,,,
,,,
,,,
,,,
,,,
,,,
,,,
,,,
,,,
,,,
,,,
,,,
,,,
,,,
,,,
,,,
,,,
,,,
,,,
,,,
,,,
,,,
,,,
,,,
,,,
,,,
,,,
,,,
,,,
,,,
,,,
,,,
,,,
,,,
,,,
,,,
,,,
,,,
,,,
,,,
,,,
,,,
,,,
,,,
,,,
,,,
,,,
,,,
,,,
,,,
,,,
,,,
,,,
,,,
,,,
,,,
,,,
,,,
,,,
,,,
,,,
,,,
,,,
,,,
,,,
,,,
,,,
,,,
,,,
,,,
,,,
,,,
,,,
,,,
,,,
,,,
,,,
,,,
,,,
,,,
,,,
,,,
,,,
,,,
,,,
,,,
,,,
,,,
,,,
,,,
,,,
,,,
,,,
,,,
,,,
,,,
,,,
,,,
,,,
,,,
,,,
,,,
,,,
,,,
,,,
,,,
,,,
,,,
,,,
,,,
,,,
,,,
,,,
,,,
,,,
,,,
,,,
,,,
,,,
,,,
,,,
,,,
,,,
,,,
,,,
,,,
,,,
,,,
,,,
,,,
,,,
,,,
,,,
,,,
,,,
,,,
,,,
,,,
,,,
,,,
,,,
,,,
,,,
,,,
,,,
,,,
,,,
,,,
,,,
,,,
,,,
,,,
,,,
,,,
,,,
,,,
,,,
,,,
,,,
,,,
,,,
,,,
,,,
,,,
,,,
,,,
,,,
,,,
,,,
,,,
,,,
,,,
,,,
,,,
,,,
,,,
,,,
,,,
,,,
,,,
,,,
,,,
,,,
,,,
,,,
,,,
,,,
,,,
,,,
,,,
,,,
,,,
,,,
,,,
,,,
,,,
,,,
,,,
,,,
,,,
,,,
,,,
,,,
,,,
,,,
,,,
,,,
,,,
,,,
,,,
,,,
,,,
,,,
,,,
,,,
,,,
,,,
,,,
,,,
,,,
,,,
,,,
,,,
,,,
,,,
,,,
,,,
,,,
,,,
,,,
,,,
,,,
,,,
,,,
,,,
,,,
,,,
,,,
,,,
,,,
,,,
,,,
,,,
,,,
,,,
,,,
,,,
,,,
,,,
,,,
,,,
,,,
,,,
,,,
,,,
,,,
,,,
,,,
,,,
,,,
,,,
,,,
,,,
,,,
,,,
,,,
,,,
,,,
,,,
,,,
,,,
,,,
,,,
,,,
,,,
,,,
,,,
,,,
,,,
,,,
,,,
,,,
,,,
,,,
,,,
,,,
,,,
,,,
,,,
,,,
,,,
,,,
,,,
,,,
,,,
,,,
,,,
,,,
,,,
,,,
,,,
,,,
,,,
,,,
,,,
,,,
,,,
,,,
,,,
,,,
,,,
,,,
,,,
,,,
,,,
,,,
,,,
,,,
,,,
,,,
,,,
,,,
,,,
,,,
,,,
,,,
,,,
,,,
,,,
,,,
,,,
,,,
,,,
,,,
,,,
,,,
,,,
,,,
,,,
,,,
,,,
,,,
,,,
,,,
,,,
,,,
,,,
,,,
,,,
,,,
,,,
,,,
,,,
,,,
,,,
,,,
,,,
,,,
,,,
,,,
,,,
,,,
,,,
,,,
,,,
,,,
,,,
,,,
,,,
,,,
,,,
,,,
,,,
,,,
,,,
,,,
,,,
,,,
,,,
,,,
,,,
,,,
,,,
,,,
,,,
,,,
,,,
,,,
,,,
,,,
,,,
,,,
,,,
,,,
,,,
,,,
,,,
,,,
,,,
,,,
,,,
,,,
,,,
,,,
,,,
,,,
,,,
,,,
,,,
,,,
,,,
,,,
,,,
,,,
,,,
,,,
,,,
,,,
,,,
,,,
,,,
,,,
,,,
,,,
,,,
,,,
,,,
,,,
,,,
,,,
,,,
,,,
,,,
,,,
,,,
,,,
,,,
,,,
,,,
,,,
,,,
,,,
,,,
,,,
,,,
,,,
,,,
,,,
,,,
,,,
,,,
,,,
,,,
,,,
,,,
,,,
,,,
,,,
,,,
,,,
,,,
,,,
,,,
,,,
,,,
,,,
,,,
,,,
,,,
,,,
,,,
,,,
,,,
,,,
,,,
,,,
,,,
,,,
,,,
,,,
,,,
,,,
,,,
,,,
,,,
,,,
,,,
,,,
,,,
,,,
,,,
,,,
,,,
,,,
,,,
,,,
,,,
,,,
,,,
,,,
,,,
,,,
,,,
,,,
,,,
,,,
,,,
,,,
,,,
,,,
,,,
,,,
,,,
,,,
,,,
,,,
,,,
,,,
,,,
,,,
,,,
,,,
,,,
,,,
,,,
,,,
,,,
,,,
,,,
,,,
,,,
,,,
,,,
,,,
,,,
,,,
,,,
,,,
,,,
,,,
,,,
,,,
,,,
,,,
,,,
,,,
,,,
,,,
,,,
,,,
,,,
,,,
,,,
,,,
,,,
,,,
,,,
,,,
,,,
,,,
,,,
,,,
,,,
,,,
,,,
,,,
,,,
,,,
,,,
,,,
,,,
,,,
,,,
,,,
,,,
,,,
,,,
,,,
,,,
,,,
,,,
,,,
,,,
,,,
,,,
,,,
,,,
,,,
,,,
,,,
,,,
,,,
,,,
,,,
,,,
,,,
,,,
,,,
,,,
,,,
,,,
,,,
,,,
,,,
,,,
,,,
,,,
,,,
,,,
,,,
,,,
,,,
,,,
,,,
,,,
,,,
,,,
,,,
,,,
,,,
,,,
,,,
,,,
,,,
,,,
,,,
,,,
,,,
,,,
,,,
,,,
,,,
,,,
,,,
,,,
,,,
,,,
,,,
,,,
,,,
,,,
,,,
,,,
,,,
,,,
,,,
,,,
,,,
,,,
,,,
,,,
,,,
,,,
,,,
,,,
,,,
,,,
,,,
,,,
,,,
,,,
,,,
,,,
,,,
,,,
,,,
,,,
,,,
,,,
,,,
,,,
,,,
,,,
,,,
,,,
,,,
,,,
,,,
,,,
,,,
,,,
,,,
,,,
,,,
,,,
,,,
,,,
,,,
,,,
,,,
,,,
,,,
,,,
,,,
,,,
,,,
,,,
,,,
,,,
,,,
,,,
,,,
,,,
,,,
,,,
,,,
,,,
,,,
,,,
,,,
,,,
,,,
,,,
,,,
,,,
,,,
,,,
,,,
,,,
,,,
,,,
,,,
,,,
,,,
,,,
,,,
,,,
,,,
,,,
,,,
,,,
,,,
,,,
,,,
,,,
,,,
,,,
,,,
,,,
,,,
,,,
,,,
,,,
,,,
,,,
,,,
,,,
,,,
,,,
,,,
,,,
,,,
,,,
,,,
,,,
,,,
,,,
,,,
,,,
,,,
,,,
,,,
,,,
,,,
,,,
,,,
,,,
,,,
,,,
,,,
,,,
,,,
,,,
,,,
,,,
,,,
,,,
,,,
,,,
,,,
,,,
,,,
,,,
,,,
,,,
,,,
,,,
,,,
,,,
,,,
,,,
,,,
,,,
,,,
,,,
,,,
,,,
,,,
,,,
,,,
,,,
,,,
,,,
,,,
,,,
,,,
,,,
,,,
,,,
,,,
,,,
,,,
,,,
,,,
,,,
,,,
,,,
,,,
,,,
,,,
,,,
,,,
,,,
,,,
,,,
,,,
,,,
,,,
,,,
,,,
,,,
,,,
,,,
,,,
,,,
,,,
,,,
,,,
,,,
,,,
,,,
,,,
,,,
,,,
,,,
,,,
,,,
,,,
,,,
,,,
,,,
,,,
,,,
,,,
,,,
,,,
,,,
,,,
,,,
,,,
,,,
,,,
,,,
,,,
,,,
,,,
,,,
,,,
,,,
,,,
,,,
,,,
,,,
,,,
,,,
,,,
,,,
,,,
,,,
,,,
,,,
,,,
,,,
,,,
,,,
,,,
,,,
,,,
,,,
,,,
,,,
,,,
,,,
,,,
,,,
,,,
,,,
,,,
,,,
,,,
,,,
,,,
,,,
,,,
,,,
,,,
,,,
,,,
,,,
,,,
,,,
,,,
,,,
,,,
,,,
,,,
,,,
,,,
,,,
,,,
,,,
,,,
,,,
,,,
,,,
,,,
,,,
,,,
,,,
,,,
,,,
,,,
,,,
,,,
,,,
,,,
,,,
,,,
,,,
,,,
,,,
,,,
,,,
,,,
,,,
,,,
,,,
,,,
,,,
,,,
,,,
,,,
,,,
,,,
,,,
,,,
,,,
,,,
,,,
,,,
,,,
,,,
,,,
,,,
,,,
,,,
,,,
,,,
,,,
,,,
,,,
,,,
,,,
,,,
,,,
,,,
,,,
,,,
,,,
,,,
,,,
,,,
,,,
,,,
,,,
,,,
,,,
,,,
,,,
,,,
,,,
,,,
,,,
,,,
,,,
,,,
,,,
,,,
,,,
,,,
,,,
,,,
,,,
,,,
,,,
,,,
,,,
,,,
,,,
,,,
,,,
,,,
,,,
,,,
,,,
,,,
,,,
,,,
,,,
,,,
,,,
,,,
,,,
,,,
,,,
,,,
,,,
,,,
,,,
,,,
,,,
,,,
,,,
,,,
,,,
,,,
,,,
,,,
,,,
,,,
,,,
,,,
,,,
,,,
,,,
,,,
,,,
,,,
,,,
,,,
,,,
,,,
,,,
,,,
,,,
,,,
,,,
,,,
,,,
,,,
,,,
,,,
,,,
,,,
,,,
,,,
,,,
,,,
,,,
,,,
,,,
,,,
,,,
,,,
,,,
,,,
,,,
,,,
,,,
,,,
,,,
,,,
,,,
,,,
,,,
,,,
,,,
,,,
,,,
,,,
,,,
,,,
,,,
,,,
,,,
,,,
,,,
,,,
,,,
,,,
,,,
,,,
,,,
,,,
,,,
,,,
,,,
,,,
,,,
,,,
,,,
,,,
,,,
,,,
,,,
,,,
,,,
,,,
,,,
,,,
,,,
,,,
,,,
,,,
,,,
,,,
,,,
,,,
,,,
,,,
,,,
,,,
,,,
,,,
,,,
,,,
,,,
,,,
,,,
,,,
,,,
,,,
,,,
,,,
,,,
,,,
,,,
,,,
,,,
,,,
,,,
,,,
,,,
,,,
,,,
,,,
,,,
,,,
,,,
,,,
,,,
,,,
,,,
,,,
,,,
,,,
,,,
,,,
,,,
,,,
,,,
,,,
,,,
,,,
,,,
,,,
,,,
,,,
,,,
,,,
,,,
,,,
,,,
,,,
,,,
,,,
,,,
,,,
,,,
,,,
,,,
,,,
,,,
,,,
,,,
,,,
,,,
,,,
,,,
,,,
,,,
,,,
,,,
,,,
,,,
,,,
,,,
,,,
,,,
,,,
,,,
,,,
,,,
,,,
,,,
,,,
,,,
,,,
,,,
,,,
,,,
,,,
,,,
,,,
,,,
,,,
,,,
,,,
,,,
,,,
,,,
,,,
,,,
,,,
,,,
,,,
,,,
,,,
,,,
,,,
,,,
,,,
,,,
,,,
,,,
,,,
,,,
,,,
,,,
,,,
,,,
,,,
,,,
,,,
,,,
,,,
,,,
,,,
,,,
,,,
,,,
,,,
,,,
,,,
,,,
,,,
,,,
,,,
,,,
,,,
,,,
,,,
,,,
,,,
,,,
,,,
,,,
,,,
,,,
,,,
,,,
,,,
,,,
,,,
,,,
,,,
,,,
,,,
,,,
,,,
,,,
,,,
,,,
,,,
,,,
,,,
,,,
,,,
,,,
,,,
,,,
,,,
,,,
,,,
,,,
,,,
,,,
,,,
,,,
,,,
,,,
,,,
,,,
,,,
,,,
,,,
,,,
,,,
,,,
,,,
,,,
,,,
,,,
,,,
,,,
,,,
,,,
,,,
,,,
,,,
,,,
,,,
,,,
,,,
,,,
,,,
,,,
,,,
,,,
,,,
,,,
,,,
,,,
,,,
,,,
,,,
,,,
,,,
,,,
,,,
,,,
,,,
,,,
,,,
,,,
,,,
,,,
,,,
,,,
,,,
,,,
,,,
,,,
,,,
,,,
,,,
,,,
,,,
,,,
,,,
,,,
,,,
,,,
,,,
,,,
,,,
,,,
,,,
,,,
,,,
,,,
,,,
,,,
,,,
,,,
,,,
,,,
,,,
,,,
,,,
,,,
,,,
,,,
,,,
,,,
,,,
,,,
,,,
,,,
,,,
,,,
,,,
,,,
,,,
,,,
,,,
,,,
,,,
,,,
,,,
,,,
,,,
,,,
,,,
,,,
,,,
,,,
,,,
,,,
,,,
,,,
,,,
,,,
,,,
,,,
,,,
,,,
,,,
,,,
,,,
,,,
,,,
,,,
,,,
,,,
,,,
,,,
,,,
,,,
,,,
,,,
,,,
,,,
,,,
,,,
,,,
,,,
,,,
,,,
,,,
,,,
,,,
,,,
,,,
,,,
,,,
,,,
,,,
,,,
,,,
,,,
,,,
,,,
,,,
,,,
,,,
,,,
,,,
,,,
,,,
,,,
,,,
,,,
,,,
,,,
,,,
,,,
,,,
,,,
,,,
,,,
,,,
,,,
,,,
,,,
,,,
,,,
,,,
,,,
,,,
,,,
,,,
,,,
,,,
,,,
,,,
,,,
,,,
,,,
,,,
,,,
,,,
,,,
,,,
,,,
,,,
,,,
,,,
,,,
,,,
,,,
,,,
,,,
,,,
,,,
,,,
,,,
,,,
,,,
,,,
,,,
,,,
,,,
,,,
,,,
,,,
,,,
,,,
,,,
,,,
,,,
,,,
,,,
,,,
,,,
,,,
,,,
,,,
,,,
,,,
,,,
,,,
,,,
,,,
,,,
,,,
,,,
,,,
,,,
,,,
,,,
,,,
,,,
,,,
,,,
,,,
,,,
,,,
,,,
,,,
,,,
,,,
,,,
,,,
,,,
,,,
,,,
,,,
,,,
,,,
,,,
,,,
,,,
,,,
,,,
,,,
,,,
,,,
,,,
,,,
,,,
,,,
,,,
,,,
,,,
,,,
,,,
,,,
,,,
,,,
,,,
,,,
,,,
,,,
,,,
,,,
,,,
,,,
,,,
,,,
,,,
,,,
,,,
,,,
,,,
,,,
,,,
,,,
,,,
,,,
,,,
,,,
,,,
,,,
,,,
,,,
,,,
,,,
,,,
,,,
,,,
,,,
,,,
,,,
,,,
,,,
,,,
,,,
,,,
,,,
,,,
,,,
,,,
,,,
,,,
,,,
,,,
,,,
,,,
,,,
,,,
,,,
,,,
,,,
,,,
,,,
,,,
,,,
,,,
,,,
,,,
,,,
,,,
,,,
,,,
,,,
,,,
,,,
,,,
,,,
,,,
,,,
,,,
,,,
,,,
,,,
,,,
,,,
,,,
,,,
,,,
,,,
,,,
,,,
,,,
,,,
,,,
,,,
,,,
,,,
,,,
,,,
,,,
,,,
,,,
,,,
,,,
,,,
,,,
,,,
,,,
,,,
,,,
,,,
,,,
,,,
,,,
,,,
,,,
,,,
,,,
,,,
,,,
,,,
,,,
,,,
,,,
,,,
,,,
,,,
,,,
,,,
,,,
,,,
,,,
,,,
,,,
,,,
,,,
,,,
,,,
,,,
,,,
,,,
,,,
,,,
,,,
,,,
,,,
,,,
,,,
,,,
,,,
,,,
,,,
,,,
,,,
,,,
,,,
,,,
,,,
,,,
,,,
,,,
,,,
,,,
,,,
,,,
,,,
,,,
,,,
,,,
,,,
,,,
,,,
,,,
,,,
,,,
,,,
,,,
,,,
,,,
,,,
,,,
,,,
,,,
,,,
,,,
,,,
,,,
,,,
,,,
,,,
,,,
,,,
,,,
,,,
,,,
,,,
,,,
,,,
,,,
,,,
,,,
,,,
,,,
,,,
,,,
,,,
,,,
,,,
,,,
,,,
,,,
,,,
,,,
,,,
,,,
,,,
,,,
,,,
,,,
,,,
,,,
,,,
,,,
,,,
,,,
,,,
,,,
,,,
,,,
,,,
,,,
,,,
,,,
,,,
,,,
,,,
,,,
,,,
,,,
,,,
,,,
,,,
,,,
,,,
,,,
,,,
,,,
,,,
,,,
,,,
,,,
,,,
,,,
,,,
,,,
,,,
,,,
,,,
,,,
,,,
,,,
,,,
,,,
,,,
,,,
,,,
,,,
,,,
,,,
,,,
,,,
,,,
,,,
,,,
,,,
,,,
,,,
,,,
,,,
,,,
,,,
,,,
,,,
,,,
,,,
,,,
,,,
,,,
,,,
,,,
,,,
,,,
,,,
,,,
,,,
,,,
,,,
,,,
,,,
,,,
,,,
,,,
,,,
,,,
,,,
,,,
,,,
,,,
,,,
,,,
,,,
,,,
,,,
,,,
,,,
,,,
,,,
,,,
,,,
,,,
,,,
,,,
,,,
,,,
,,,
,,,
,,,
,,,
,,,
,,,
,,,
,,,
,,,
,,,
,,,
,,,
,,,
,,,
,,,
,,,
,,,
,,,
,,,
,,,
,,,
,,,
,,,
,,,
,,,
,,,
,,,
,,,
,,,
,,,
,,,
,,,
,,,
,,,
,,,
,,,
,,,
,,,
,,,
,,,
,,,
,,,
,,,
,,,
,,,
,,,
,,,
,,,
,,,
,,,
,,,
,,,
,,,
,,,
,,,
,,,
,,,
,,,
,,,
,,,
,,,
,,,
,,,
,,,
,,,
,,,
,,,
,,,
,,,
,,,
,,,
,,,
,,,
,,,
,,,
,,,
,,,
,,,
,,,
,,,
,,,
,,,
,,,
,,,
,,,
,,,
,,,
,,,
,,,
,,,
,,,
,,,
,,,
,,,
,,,
,,,
,,,
,,,
,,,
,,,
,,,
,,,
,,,
,,,
,,,
,,,
,,,
,,,
,,,
,,,
,,,
,,,
,,,
,,,
,,,
,,,
,,,
,,,
,,,
,,,
,,,
,,,
,,,
,,,
,,,
,,,
,,,
,,,
,,,
,,,
,,,
,,,
,,,
,,,
,,,
,,,
,,,
,,,
,,,
,,,
,,,
,,,
,,,
,,,
,,,
,,,
,,,
,,,
,,,
,,,
,,,
,,,
,,,
,,,
,,,
,,,
,,,
,,,
,,,
,,,
,,,
,,,
,,,
,,,
,,,
,,,
,,,
,,,
,,,
,,,
,,,
,,,
,,,
,,,
,,,
,,,
,,,
,,,
,,,
,,,
,,,
,,,
,,,
,,,
,,,
,,,
,,,
,,,
,,,
,,,
,,,
,,,
,,,
,,,
,,,
,,,
,,,
,,,
,,,
,,,
,,,
,,,
,,,
,,,
,,,
,,,
,,,
,,,
,,,
,,,
,,,
,,,
,,,
,,,
,,,
,,,
,,,
,,,
,,,
,,,
,,,
,,,
,,,
,,,
,,,
,,,
,,,
,,,
,,,
,,,
,,,
,,,
,,,
,,,
,,,
,,,
,,,
,,,
,,,
,,,
,,,
,,,
,,,
,,,
,,,
,,,
,,,
,,,
,,,
,,,
,,,
,,,
,,,
,,,
,,,
,,,
,,,
,,,
,,,
,,,
,,,
,,,
,,,
,,,
,,,
,,,
,,,
,,,
,,,
,,,
,,,
,,,
,,,
,,,
,,,
,,,
,,,
,,,
,,,
,,,
,,,
,,,
,,,
,,,
,,,
,,,
,,,
,,,
,,,
,,,
,,,
,,,
,,,
,,,
,,,
,,,
,,,
,,,
,,,
,,,
,,,
,,,
,,,
,,,
,,,
,,,
,,,
,,,
,,,
,,,
,,,
,,,
,,,
,,,
,,,
,,,
,,,
,,,
,,,
,,,
,,,
,,,
,,,
,,,
,,,
,,,
,,,
,,,
,,,
,,,
,,,
,,,
,,,
,,,
,,,
,,,
,,,
,,,
,,,
,,,
,,,
,,,
,,,
,,,
,,,
,,,
,,,
,,,
,,,
,,,
,,,
,,,
,,,
,,,
,,,
,,,
,,,
,,,
,,,
,,,
,,,
,,,
,,,
,,,
,,,
,,,
,,,
,,,
,,,
,,,
,,,
,,,
,,,
,,,
,,,
,,,
,,,
,,,
,,,
,,,
,,,
,,,
,,,
,,,
,,,
,,,
,,,
,,,
,,,
,,,
,,,
,,,
,,,
,,,
,,,
,,,
,,,
,,,
,,,
,,,
,,,
,,,
,,,
,,,
,,,
,,,
,,,
,,,
,,,
,,,
,,,
,,,
,,,
,,,
,,,
,,,
,,,
,,,
,,,
,,,
,,,
,,,
,,,
,,,
,,,
,,,
,,,
,,,
,,,
,,,
,,,
,,,
,,,
,,,
,,,
,,,
,,,
,,,
,,,
,,,
,,,
,,,
,,,
,,,
,,,
,,,
,,,
,,,
,,,
,,,
,,,
,,,
,,,
,,,
,,,
,,,
,,,
,,,
,,,
,,,
,,,
,,,
,,,
,,,
,,,
,,,
,,,
,,,
,,,
,,,
,,,
,,,
,,,
,,,
,,,
,,,
,,,
,,,
,,,
,,,
,,,
,,,
,,,
,,,
,,,
,,,
,,,
,,,
,,,
,,,
,,,
,,,
,,,
,,,
,,,
,,,
,,,
,,,
,,,
,,,
,,,
,,,
,,,
,,,
,,,
,,,
,,,
,,,
,,,
,,,
,,,
,,,
,,,
,,,
,,,
,,,
,,,
,,,
,,,
,,,
,,,
,,,
,,,
,,,
,,,
,,,
,,,
,,,
,,,
,,,
,,,
,,,
,,,
,,,
,,,
,,,
,,,
,,,
,,,
,,,
,,,
,,,
,,,
,,,
,,,
,,,
,,,
,,,
,,,
,,,
,,,
,,,
,,,
,,,
,,,
,,,
,,,
,,,
,,,
,,,
,,,
,,,
,,,
,,,
,,,
,,,
,,,
,,,
,,,
,,,
,,,
,,,
,,,
,,,
,,,
,,,
,,,
,,,
,,,
,,,
,,,
,,,
,,,
,,,
,,,
,,,
,,,
,,,
,,,
,,,
,,,
,,,
,,,
,,,
,,,
,,,
,,,
,,,
,,,
,,,
,,,
,,,
,,,
,,,
,,,
,,,
,,,
,,,
,,,
,,,
,,,
,,,
,,,
,,,
,,,
,,,
,,,
,,,
,,,
,,,
,,,
,,,
,,,
,,,
,,,
,,,
,,,
,,,
,,,
,,,
,,,
,,,
,,,
,,,
,,,
,,,
,,,
,,,
,,,
,,,
,,,
,,,
,,,
,,,
,,,
,,,
,,,
,,,
,,,
,,,
,,,
,,,
,,,
,,,
,,,
,,,
,,,
,,,
,,,
,,,
,,,
,,,
,,,
,,,
,,,
,,,
,,,
,,,
,,,
,,,
,,,
,,,
,,,
,,,
,,,
,,,
,,,
,,,
,,,
,,,
,,,
,,,
,,,
,,,
,,,
,,,
,,,
,,,
,,,
,,,
,,,
,,,
,,,
,,,
,,,
,,,
,,,
,,,
,,,
,,,
,,,
,,,
,,,
,,,
,,,
,,,
,,,
,,,
,,,
,,,
,,,
,,,
,,,
,,,
,,,
,,,
,,,
,,,
,,,
,,,
,,,
,,,
,,,
,,,
,,,
,,,
,,,
,,,
,,,
,,,
,,,
,,,
,,,
,,,
,,,
,,,
,,,
,,,
,,,
,,,
,,,
,,,
,,,
,,,
,,,
,,,
,,,
,,,
,,,
,,,
,,,
,,,
,,,
,,,
,,,
,,,
,,,
,,,
,,,
,,,
,,,
,,,
,,,
,,,
,,,
,,,
,,,
,,,
,,,
,,,
,,,
,,,
,,,
,,,
,,,
,,,
,,,
,,,
,,,
,,,
,,,
,,,
,,,
,,,
,,,
,,,
,,,
,,,
,,,
,,,
,,,
,,,
,,,
,,,
,,,
,,,
,,,
,,,
,,,
,,,
,,,
,,,
,,,
,,,
,,,
,,,
,,,
,,,
,,,
,,,
,,,
,,,
,,,
,,,
,,,
,,,
,,,
,,,
,,,
,,,
,,,
,,,
,,,
,,,
,,,
,,,
,,,
,,,
,,,
,,,
,,,
,,,
,,,
,,,
,,,
,,,
,,,
,,,
,,,
,,,
,,,
,,,
,,,
,,,
,,,
,,,
,,,
,,,
,,,
,,,
,,,
,,,
,,,
,,,
,,,
,,,
,,,
,,,
,,,
,,,
,,,
,,,
,,,
,,,
,,,
,,,
,,,
,,,
,,,
,,,
,,,
,,,
,,,
,,,
,,,
,,,
,,,
,,,
,,,
,,,
,,,
,,,
,,,
,,,
,,,
,,,
,,,
,,,
,,,
,,,
,,,
,,,
,,,
,,,
,,,
,,,
,,,
,,,
,,,
,,,
,,,
,,,
,,,
,,,
,,,
,,,
,,,
,,,
,,,
,,,
,,,
,,,
,,,
,,,
,,,
,,,
,,,
,,,
,,,
,,,
,,,
,,,
,,,
,,,
,,,
,,,
,,,
,,,
,,,
,,,
,,,
,,,
,,,
,,,
,,,
,,,
,,,
,,,
,,,
,,,
,,,
,,,
,,,
,,,
,,,
,,,
,,,
,,,
,,,
,,,
,,,
,,,
,,,
,,,
,,,
,,,
,,,
,,,
,,,
,,,
,,,
,,,
,,,
,,,
,,,
,,,
,,,
,,,
,,,
,,,
,,,
,,,
,,,
,,,
,,,
,,,
,,,
,,,
,,,
,,,
,,,
,,,
,,,
,,,
,,,
,,,
,,,
,,,
,,,
,,,
,,,
,,,
,,,
,,,
,,,
,,,
,,,
,,,
,,,
,,,
,,,
,,,
,,,
,,,
,,,
,,,
,,,
,,,
,,,
,,,
,,,
,,,
,,,
,,,
,,,
,,,
,,,
,,,
,,,
,,,
,,,
,,,
,,,
,,,
,,,
,,,
,,,
,,,
,,,
,,,
,,,
,,,
,,,
,,,
,,,
,,,
,,,
,,,
,,,
,,,
,,,
,,,
,,,
,,,
,,,
,,,
,,,
,,,
,,,
,,,
,,,
,,,
,,,
,,,
,,,
,,,
,,,
,,,
,,,
,,,
,,,
,,,
,,,
,,,
,,,
,,,
,,,
,,,
,,,
,,,
,,,
,,,
,,,
,,,
,,,
,,,
,,,
,,,
,,,
,,,
,,,
,,,
,,,
,,,
,,,
,,,
,,,
,,,
,,,
,,,
,,,
,,,
,,,
,,,
,,,
,,,
,,,
,,,
,,,
,,,
,,,
,,,
,,,
,,,
,,,
,,,
,,,
,,,
,,,
,,,
,,,
,,,
,,,
,,,
,,,
,,,
,,,
,,,
,,,
,,,
,,,
,,,
,,,
,,,
,,,
,,,
,,,
,,,
,,,
,,,
,,,
,,,
,,,
,,,
,,,
,,,
,,,
,,,
,,,
,,,
,,,
,,,
,,,
,,,
,,,
,,,
,,,
,,,
,,,
,,,
,,,
,,,
,,,
,,,
,,,
,,,
,,,
,,,
,,,
,,,
,,,
,,,
,,,
,,,
,,,
,,,
,,,
,,,
,,,
,,,
,,,
,,,
,,,
,,,
,,,
,,,
,,,
,,,
,,,
,,,
,,,
,,,
,,,
,,,
,,,
,,,
,,,
,,,
,,,
,,,
,,,
,,,
,,,
,,,
,,,
,,,
,,,
,,,
,,,
,,,
,,,
,,,
,,,
,,,
,,,
,,,
,,,
,,,
,,,
,,,
,,,
,,,
,,,
,,,
,,,
,,,
,,,
,,,
,,,
,,,
,,,
,,,
,,,
,,,
,,,
,,,
,,,
,,,
,,,
,,,
,,,
,,,
,,,
,,,
,,,
,,,
,,,
,,,
,,,
,,,
,,,
,,,
,,,
,,,
,,,
,,,
,,,
,,,
,,,
,,,
,,,
,,,
,,,
,,,
,,,
,,,
,,,
,,,
,,,
,,,
,,,
,,,
,,,
,,,
,,,
,,,
,,,
,,,
,,,
,,,
,,,
,,,
,,,
,,,
,,,
,,,
,,,
,,,
,,,
,,,
,,,
,,,
,,,
,,,
,,,
,,,
,,,
,,,
,,,
,,,
,,,
,,,
,,,
,,,
,,,
,,,
,,,
,,,
,,,
,,,
,,,
,,,
,,,
,,,
,,,
,,,
,,,
,,,
,,,
,,,
,,,
,,,
,,,
,,,
,,,
,,,
,,,
,,,
,,,
,,,
,,,
,,,
,,,
,,,
,,,
,,,
,,,
,,,
,,,
,,,
,,,
,,,
,,,
,,,
,,,
,,,
,,,
,,,
,,,
,,,
,,,
,,,
,,,
,,,
,,,
,,,
,,,
,,,
,,,
,,,
,,,
,,,
,,,
,,,
,,,
,,,
,,,
,,,
,,,
,,,
,,,
,,,
,,,
,,,
,,,
,,,
,,,
,,,
,,,
,,,
,,,
,,,
,,,
,,,
,,,
,,,
,,,
,,,
,,,
,,,
,,,
,,,
,,,
,,,
,,,
,,,
,,,
,,,
,,,
,,,
,,,
,,,
,,,
,,,
,,,
,,,
,,,
,,,
,,,
,,,
,,,
,,,
,,,
,,,
,,,
,,,
,,,
,,,
,,,
,,,
,,,
,,,
,,,
,,,
,,,
,,,
,,,
,,,
,,,
,,,
,,,
,,,
,,,
,,,
,,,
,,,
,,,
,,,
,,,
,,,
,,,
,,,
,,,
,,,
,,,
,,,
,,,
,,,
,,,
,,,
,,,
,,,
,,,
,,,
,,,
,,,
,,,
,,,
,,,
,,,
,,,
,,,
,,,
,,,
,,,
,,,
,,,
,,,
,,,
,,,
,,,
,,,
,,,
,,,
,,,
,,,
,,,
,,,
,,,
,,,
,,,
,,,
,,,
,,,
,,,
,,,
,,,
,,,
,,,
,,,
,,,
,,,
,,,
,,,
,,,
,,,
,,,
,,,
,,,
,,,
,,,
,,,
,,,
,,,
,,,
,,,
,,,
,,,
,,,
,,,
,,,
,,,
,,,
,,,
,,,
,,,
,,,
,,,
,,,
,,,
,,,
,,,
,,,
,,,
,,,
,,,
,,,
,,,
,,,
,,,
,,,
,,,
,,,
,,,
,,,
,,,
,,,
,,,
,,,
,,,
,,,
,,,
,,,
,,,
,,,
,,,
,,,
,,,
,,,
,,,
,,,
,,,
,,,
,,,
,,,
,,,
,,,
,,,
,,,
,,,
,,,
,,,
,,,
,,,
,,,
,,,
,,,
,,,
,,,
,,,
,,,
,,,
,,,
,,,
,,,
,,,
,,,
,,,
,,,
,,,
,,,
,,,
,,,
,,,
,,,
,,,
,,,
,,,
,,,
,,,
,,,
,,,
,,,
,,,
,,,
,,,
,,,
,,,
,,,
,,,
,,,
,,,
,,,
,,,
,,,
,,,
,,,
,,,
,,,
,,,
,,,
,,,
,,,
,,,
,,,
,,,
,,,
,,,
,,,
,,,
,,,
,,,
,,,
,,,
,,,
,,,
,,,
,,,
,,,
,,,
,,,
,,,
,,,
,,,
,,,
,,,
,,,
,,,
,,,
,,,
,,,
,,,
,,,
,,,
,,,
,,,
,,,
,,,
,,,
,,,
,,,
,,,
,,,
,,,
,,,
,,,
,,,
,,,
,,,
,,,
,,,
,,,
,,,
,,,
,,,
,,,
,,,
,,,
,,,
,,,
,,,
,,,
,,,
,,,
,,,
,,,
,,,
,,,
,,,
,,,
,,,
,,,
,,,
,,,
,,,
,,,
,,,
,,,
,,,
,,,
,,,
,,,
,,,
,,,
,,,
,,,
,,,
,,,
,,,
,,,
,,,
,,,
,,,
,,,
,,,
,,,
,,,
,,,
,,,
,,,
,,,
,,,
,,,
,,,
,,,
,,,
,,,
,,,
,,,
,,,
,,,
,,,
,,,
,,,
,,,
,,,
,,,
,,,
,,,
,,,
,,,
,,,
,,,
,,,
,,,
,,,
,,,
,,,
,,,
,,,
,,,
,,,
,,,
,,,
,,,
,,,
,,,
,,,
,,,
,,,
,,,
,,,
,,,
,,,
,,,
,,,
,,,
,,,
,,,
,,,
,,,
,,,
,,,
,,,
,,,
,,,
,,,
,,,
,,,
,,,
,,,
,,,
,,,
,,,
,,,
,,,
,,,
,,,
,,,
,,,
,,,
,,,
,,,
,,,
,,,
,,,
,,,
,,,
,,,
,,,
,,,
,,,
,,,
,,,
,,,
,,,
,,,
,,,
,,,
,,,
,,,
,,,
,,,
,,,
,,,
,,,
,,,
,,,
,,,
,,,
,,,
,,,
,,,
,,,
,,,
,,,
,,,
,,,
,,,
,,,
,,,
,,,
,,,
,,,
,,,
,,,
,,,
,,,
,,,
,,,
,,,
,,,
,,,
,,,
,,,
,,,
,,,
,,,
,,,
,,,
,,,
,,,
,,,
,,,
,,,
,,,
,,,
,,,
,,,
,,,
,,,
,,,
,,,
,,,
,,,
,,,
,,,
,,,
,,,
,,,
,,,
,,,
,,,
,,,
,,,
,,,
,,,
,,,
,,,
,,,
,,,
,,,
,,,
,,,
,,,
,,,
,,,
,,,
,,,
,,,
,,,
,,,
,,,
,,,
,,,
,,,
,,,
,,,
,,,
,,,
,,,
,,,
,,,
,,,
,,,
,,,
,,,
,,,
,,,
,,,
,,,
,,,
,,,
,,,
,,,
,,,
,,,
,,,
,,,
,,,
,,,
,,,
,,,
,,,
,,,
,,,
,,,
,,,
,,,
,,,
,,,
,,,
,,,
,,,
,,,
,,,
,,,
,,,
,,,
,,,
,,,
,,,
,,,
,,,
,,,
,,,
,,,
,,,
,,,
,,,
,,,
,,,
,,,
,,,
,,,
,,,
,,,
,,,
,,,
,,,
,,,
,,,
,,,
,,,
,,,
,,,
,,,
,,,
,,,
,,,
,,,
,,,
,,,
,,,
,,,
,,,
,,,
,,,
,,,
,,,
,,,
,,,
,,,
,,,
,,,
,,,
,,,
,,,
,,,
,,,
,,,
,,,
,,,
,,,
,,,
,,,
,,,
,,,
,,,
,,,
,,,
,,,
,,,
,,,
,,,
,,,
,,,
,,,
,,,
,,,
,,,
,,,
,,,
,,,
,,,
,,,
,,,
,,,
,,,
,,,
,,,
,,,
,,,
,,,
,,,
,,,
,,,
,,,
,,,
,,,
,,,
,,,
,,,
,,,
,,,
,,,
,,,
,,,
,,,
,,,
,,,
,,,
,,,
,,,
,,,
,,,
,,,
,,,
,,,
,,,
,,,
,,,
,,,
,,,
,,,
,,,
,,,
,,,
,,,
,,,
,,,
,,,
,,,
,,,
,,,
,,,
,,,
,,,
,,,
,,,
,,,
,,,
,,,
,,,
,,,
,,,
,,,
,,,
,,,
,,,
,,,
,,,
,,,
,,,
,,,
,,,
,,,
,,,
,,,
,,,
,,,
,,,
,,,
,,,
,,,
,,,
,,,
,,,
,,,
,,,
,,,
,,,
,,,
,,,
,,,
,,,
,,,
,,,
,,,
,,,
,,,
,,,
,,,
,,,
,,,
,,,
,,,
,,,
,,,
,,,
,,,
,,,
,,,
,,,
,,,
,,,
,,,
,,,
,,,
,,,
,,,
,,,
,,,
,,,
,,,
,,,
,,,
,,,
,,,
,,,
,,,
,,,
,,,
,,,
,,,
,,,
,,,
,,,
,,,
,,,
,,,
,,,
,,,
,,,
,,,
,,,
,,,
,,,
,,,
,,,
,,,
,,,
,,,
,,,
,,,
,,,
,,,
,,,
,,,
,,,
,,,
,,,
,,,
,,,
,,,
,,,
,,,
,,,
,,,
,,,
,,,
,,,
,,,
,,,
,,,
,,,
,,,
,,,
,,,
,,,
,,,
,,,
,,,
,,,
,,,
,,,
,,,
,,,
,,,
,,,
,,,
,,,
,,,
,,,
,,,
,,,
,,,
,,,
,,,
,,,
,,,
,,,
,,,
,,,
,,,
,,,
,,,
,,,
,,,
,,,
,,,
,,,
,,,
,,,
,,,
,,,
,,,
,,,
,,,
,,,
,,,
,,,
,,,
,,,
,,,
,,,
,,,
,,,
,,,
,,,
,,,
,,,
,,,
,,,
,,,
,,,
,,,
,,,
,,,
,,,
,,,
,,,
,,,
,,,
,,,
,,,
,,,
,,,
,,,
,,,
,,,
,,,
,,,
,,,
,,,
,,,
,,,
,,,
,,,
,,,
,,,
,,,
,,,
,,,
,,,
,,,
,,,
,,,
,,,
,,,
,,,
,,,
,,,
,,,
,,,
,,,
,,,
,,,
,,,
,,,
,,,
,,,
,,,
,,,
,,,
,,,
,,,
,,,
,,,
,,,
,,,
,,,
,,,
,,,
,,,
,,,
,,,
,,,
,,,
,,,
,,,
,,,
,,,
,,,
,,,
,,,
,,,
,,,
,,,
,,,
,,,
,,,
,,,
,,,
,,,
,,,
,,,
,,,
,,,
,,,
,,,
,,,
,,,
,,,
,,,
,,,
,,,
,,,
,,,
,,,
,,,
,,,
,,,
,,,
,,,
,,,
,,,
,,,
,,,
,,,
,,,
,,,
,,,
,,,
,,,
,,,
,,,
,,,
,,,
,,,
,,,
,,,
,,,
,,,
,,,
,,,
,,,
,,,
,,,
,,,
,,,
,,,
,,,
,,,
,,,
,,,
,,,
,,,
,,,
,,,
,,,
,,,
,,,
,,,
,,,
,,,
,,,
,,,
,,,
,,,
,,,
,,,
,,,
,,,
,,,
,,,
,,,
,,,
,,,
,,,
,,,
,,,
,,,
,,,
,,,
,,,
,,,
,,,
,,,
,,,
,,,
,,,
,,,
,,,
,,,
,,,
,,,
,,,
,,,
,,,
,,,
,,,
,,,
,,,
,,,
,,,
,,,
,,,
,,,
,,,
,,,
,,,
,,,
,,,
,,,
,,,
,,,
,,,
,,,
,,,
,,,
,,,
,,,
,,,
,,,
,,,
,,,
,,,
,,,
,,,
,,,
,,,
,,,
,,,
,,,
,,,
,,,
,,,
,,,
,,,
,,,
,,,
,,,
,,,
,,,
,,,
,,,
,,,
,,,
,,,
,,,
,,,
,,,
,,,
,,,
,,,
,,,
,,,
,,,
,,,
,,,
,,,
,,,
,,,
,,,
,,,
,,,
,,,
,,,
,,,
,,,
,,,
,,,
,,,
,,,
,,,
,,,
,,,
,,,
,,,
,,,
,,,
,,,
,,,
,,,
,,,
,,,
,,,
,,,
,,,
,,,
,,,
,,,
,,,
,,,
,,,
,,,
,,,
,,,
,,,
,,,
,,,
,,,
,,,
,,,
,,,
,,,
,,,
,,,
,,,
,,,
,,,
,,,
,,,
,,,
,,,
,,,
,,,
,,,
,,,
,,,
,,,
,,,
,,,
,,,
,,,
,,,
,,,
,,,
,,,
,,,
,,,
,,,
,,,
,,,
,,,
,,,
,,,
,,,
,,,
,,,
,,,
,,,
,,,
,,,
,,,
,,,
,,,
,,,
,,,
,,,
,,,
,,,
,,,
,,,
,,,
,,,
,,,
,,,
,,,
,,,
,,,
,,,
,,,
,,,
,,,
,,,
,,,
,,,
,,,
,,,
,,,
,,,
,,,
,,,
,,,
,,,
,,,
,,,
,,,
,,,
,,,
,,,
,,,
,,,
,,,
,,,
,,,
,,,
,,,
,,,
,,,
,,,
,,,
,,,
,,,
,,,
,,,
,,,
,,,
,,,
,,,
,,,
,,,
,,,
,,,
,,,
,,,
,,,
,,,
,,,
,,,
,,,
,,,
,,,
,,,
,,,
,,,
,,,
,,,
,,,
,,,
,,,
,,,
,,,
,,,
,,,
,,,
,,,
,,,
,,,
,,,
,,,
,,,
,,,
,,,
,,,
,,,
,,,
,,,
,,,
,,,
,,,
,,,
,,,
,,,
,,,
,,,
,,,
,,,
,,,
,,,
,,,
,,,
,,,
,,,
,,,
,,,
,,,
,,,
,,,
,,,
,,,
,,,
,,,
,,,
,,,
,,,
,,,
,,,
,,,
,,,
,,,
,,,
,,,
,,,
,,,
,,,
,,,
,,,
,,,
,,,
,,,
,,,
,,,
,,,
,,,
,,,
,,,
,,,
,,,
,,,
,,,
,,,
,,,
,,,
,,,
,,,
,,,
,,,
,,,
,,,
,,,
,,,
,,,
,,,
,,,
,,,
,,,
,,,
,,,
,,,
,,,
,,,
,,,
,,,
,,,
,,,
,,,
,,,
,,,
,,,
,,,
,,,
,,,
,,,
,,,
,,,
,,,
,,,
,,,
,,,
,,,
,,,
,,,
,,,
,,,
,,,
,,,
,,,
,,,
,,,
,,,
,,,
,,,
,,,
,,,
,,,
,,,
,,,
,,,
,,,
,,,
,,,
,,,
,,,
,,,
,,,
,,,
,,,
,,,
,,,
,,,
,,,
,,,
,,,
,,,
,,,
,,,
,,,
,,,
,,,
,,,
,,,
,,,
,,,
,,,
,,,
,,,
,,,
,,,
,,,
,,,
,,,
,,,
,,,
,,,
,,,
,,,
,,,
,,,
,,,
,,,
,,,
,,,
,,,
,,,
,,,
,,,
,,,
,,,
,,,
,,,
,,,
,,,
,,,
,,,
,,,
,,,
,,,
,,,
,,,
,,,
,,,
,,,
,,,
,,,
,,,
,,,
,,,
,,,
,,,
,,,
,,,
,,,
,,,
,,,
,,,
,,,
,,,
,,,
,,,
,,,
,,,
,,,
,,,
,,,
,,,
,,,
,,,
,,,
,,,
,,,
,,,
,,,
,,,
,,,
,,,
,,,
,,,
,,,
,,,
,,,
,,,
,,,
,,,
,,,
,,,
,,,
,,,
,,,
,,,
,,,
,,,
,,,
,,,
,,,
,,,
,,,
,,,
,,,
,,,
,,,
,,,
,,,
,,,
,,,
,,,
,,,
,,,
,,,
,,,
,,,
,,,
,,,
,,,
,,,
,,,
,,,
,,,
,,,
,,,
,,,
,,,
,,,
,,,
,,,
,,,
,,,
,,,
,,,
,,,
,,,
,,,
,,,
,,,
,,,
,,,
,,,
,,,
,,,
,,,
,,,
,,,
,,,
,,,
,,,
,,,
,,,
,,,
,,,
,,,
,,,
,,,
,,,
,,,
,,,
,,,
,,,
,,,
,,,
,,,
,,,
,,,
,,,
,,,
,,,
,,,
,,,
,,,
,,,
,,,
,,,
,,,
,,,
,,,
,,,
,,,
,,,
,,,
,,,
,,,
,,,
,,,
,,,
,,,
,,,
,,,
,,,
,,,
,,,
,,,
,,,
,,,
,,,
,,,
,,,
,,,
,,,
,,,
,,,
,,,
,,,
,,,
,,,
,,,
,,,
,,,
,,,
,,,
,,,
,,,
,,,
,,,
,,,
,,,
,,,
,,,
,,,
,,,
,,,
,,,
,,,
,,,
,,,
,,,
,,,
,,,
,,,
,,,
,,,
,,,
,,,
,,,
,,,
,,,
,,,
,,,
,,,
,,,
,,,
,,,
,,,
,,,
,,,
,,,
,,,
,,,
,,,
,,,
,,,
,,,
,,,
,,,
,,,
,,,
,,,
,,,
,,,
,,,
,,,
,,,
,,,
,,,
,,,
,,,
,,,
,,,
,,,
,,,
,,,
,,,
,,,
,,,
,,,
,,,
,,,
,,,
,,,
,,,
,,,
,,,
,,,
,,,
,,,
,,,
,,,
,,,
,,,
,,,
,,,
,,,
,,,
,,,
,,,
,,,
,,,
,,,
,,,
,,,
,,,
,,,
,,,
,,,
,,,
,,,
,,,
,,,
,,,
,,,
,,,
,,,
,,,
,,,
,,,
,,,
,,,
,,,
,,,
,,,
,,,
,,,
,,,
,,,
,,,
,,,
,,,
,,,
,,,
,,,
,,,
,,,
,,,
,,,
,,,
,,,
,,,
,,,
,,,
,,,
,,,
,,,
,,,
,,,
,,,
,,,
,,,
,,,
,,,
,,,
,,,
,,,
,,,
,,,
,,,
,,,
,,,
,,,
,,,
,,,
,,,
,,,
,,,
,,,
,,,
,,,
,,,
,,,
,,,
,,,
,,,
,,,
,,,
,,,
,,,
,,,
,,,
,,,
,,,
,,,
,,,
,,,
,,,
,,,
,,,
,,,
,,,
,,,
,,,
,,,
,,,
,,,
,,,
,,,
,,,
,,,
,,,
,,,
,,,
,,,
,,,
,,,
,,,
,,,
,,,
,,,
,,,
,,,
,,,
,,,
,,,
,,,
,,,
,,,
,,,
,,,
,,,
,,,
,,,
,,,
,,,
,,,
,,,
,,,
,,,
,,,
,,,
,,,
,,,
,,,
,,,
,,,
,,,
,,,
,,,
,,,
,,,
,,,
,,,
,,,
,,,
,,,
,,,
,,,
,,,
,,,
,,,
,,,
,,,
,,,
,,,
,,,
,,,
,,,
,,,
,,,
,,,
,,,
,,,
,,,
,,,
,,,
,,,
,,,
,,,
,,,
,,,
,,,
,,,
,,,
,,,
,,,
,,,
,,,
,,,
,,,
,,,
,,,
,,,
,,,
,,,
,,,
,,,
,,,
,,,
,,,
,,,
,,,
,,,
,,,
,,,
,,,
,,,
,,,
,,,
,,,
,,,
,,,
,,,
,,,
,,,
,,,
,,,
,,,
,,,
,,,
,,,
,,,
,,,
,,,
,,,
,,,
,,,
,,,
,,,
,,,
,,,
,,,
,,,
,,,
,,,
,,,
,,,
,,,
,,,
,,,
,,,
,,,
,,,
,,,
,,,
,,,
,,,
,,,
,,,
,,,
,,,
,,,
,,,
,,,
,,,
,,,
,,,
,,,
,,,
,,,
,,,
,,,
,,,
,,,
,,,
,,,
,,,
,,,
,,,
,,,
,,,
,,,
,,,
,,,
,,,
,,,
,,,
,,,
,,,
,,,
,,,
,,,
,,,
,,,
,,,
,,,
,,,
,,,
,,,
,,,
,,,
,,,
,,,
,,,
,,,
,,,
,,,
,,,
,,,
,,,
,,,
,,,
,,,
,,,
,,,
,,,
,,,
,,,
,,,
,,,
,,,
,,,
,,,
,,,
,,,
,,,
,,,
,,,
,,,
,,,
,,,
,,,
,,,
,,,
,,,
,,,
,,,
,,,
,,,
,,,
,,,
,,,
,,,
,,,
,,,
,,,
,,,
,,,
,,,
,,,
,,,
,,,
,,,
,,,
,,,
,,,
,,,
,,,
,,,
,,,
,,,
,,,
,,,
,,,
,,,
,,,
,,,
,,,
,,,
,,,
,,,
,,,
,,,
,,,
,,,
,,,
,,,
,,,
,,,
,,,
,,,
,,,
,,,
,,,
,,,
,,,
,,,
,,,
,,,
,,,
,,,
,,,
,,,
,,,
,,,
,,,
,,,
,,,
,,,
,,,
,,,
,,,
,,,
,,,
,,,
,,,
,,,
,,,
,,,
,,,
,,,
,,,
,,,
,,,
,,,
,,,
,,,
,,,
,,,
,,,
,,,
,,,
,,,
,,,
,,,
,,,
,,,
,,,
,,,
,,,
,,,
,,,
,,,
,,,
,,,
,,,
,,,
,,,
,,,
,,,
,,,
,,,
,,,
,,,
,,,
,,,
,,,
,,,
,,,
,,,
,,,
,,,
,,,
,,,
,,,
,,,
,,,
,,,
,,,
,,,
,,,
,,,
,,,
,,,
,,,
,,,
,,,
,,,
,,,
,,,
,,,
,,,
,,,
,,,
,,,
,,,
,,,
,,,
,,,
,,,
,,,
,,,
,,,
,,,
,,,
,,,
,,,
,,,
,,,
,,,
,,,
,,,
,,,
,,,
,,,
,,,
,,,
,,,
,,,
,,,
,,,
,,,
,,,
,,,
,,,
,,,
,,,
,,,
,,,
,,,
,,,
,,,
,,,
,,,
,,,
,,,
,,,
,,,
,,,
,,,
,,,
,,,
,,,
,,,
,,,
,,,
,,,
,,,
,,,
,,,
,,,
,,,
,,,
,,,
,,,
,,,
,,,
,,,
,,,
,,,
,,,
,,,
,,,
,,,
,,,
,,,
,,,
,,,
,,,
,,,
,,,
,,,
,,,
,,,
,,,
,,,
,,,
,,,
,,,
,,,
,,,
,,,
,,,
,,,
,,,
,,,
,,,
,,,
,,,
,,,
,,,
,,,
,,,
,,,
,,,
,,,
,,,
,,,
,,,
,,,
,,,
,,,
,,,
,,,
,,,
,,,
,,,
,,,
,,,
,,,
,,,
,,,
,,,
,,,
,,,
,,,
,,,
,,,
,,,
,,,
,,,
,,,
,,,
,,,
,,,
,,,
,,,
,,,
,,,
,,,
,,,
,,,
,,,
,,,
,,,
,,,
,,,
,,,
,,,
,,,
,,,
,,,
,,,
,,,
,,,
,,,
,,,
,,,
,,,
,,,
,,,
,,,
,,,
,,,
,,,
,,,
,,,
,,,
,,,
,,,
,,,
,,,
,,,
,,,
,,,
,,,
,,,
,,,
,,,
,,,
,,,
,,,
,,,
,,,
,,,
,,,
,,,
,,,
,,,
,,,
,,,
,,,
,,,
,,,
,,,
,,,
,,,
,,,
,,,
,,,
,,,
,,,
,,,
,,,
,,,
,,,
,,,
,,,
,,,
,,,
,,,
,,,
,,,
,,,
,,,
,,,
,,,
,,,
,,,
,,,
,,,
,,,
,,,
,,,
,,,
,,,
,,,
,,,
,,,
,,,
,,,
,,,
,,,
,,,
,,,
,,,
,,,
,,,
,,,
,,,
,,,
,,,
,,,
,,,
,,,
,,,
,,,
,,,
,,,
,,,
,,,
,,,
,,,
,,,
,,,
,,,
,,,
,,,
,,,
,,,
,,,
,,,
,,,
,,,
,,,
,,,
,,,
,,,
,,,
,,,
,,,
,,,
,,,
,,,
,,,
,,,
,,,
,,,
,,,
,,,
,,,
,,,
,,,
,,,
,,,
,,,
,,,
,,,
,,,
,,,
,,,
,,,
,,,
,,,
,,,
,,,
,,,
,,,
,,,
,,,
,,,
,,,
,,,
,,,
,,,
,,,
,,,
,,,
,,,
,,,
,,,
,,,
,,,
,,,
,,,
,,,
,,,
,,,
,,,
,,,
,,,
,,,
,,,
,,,
,,,
,,,
,,,
,,,
,,,
,,,
,,,
,,,
,,,
,,,
,,,
,,,
,,,
,,,
,,,
,,,
,,,
,,,
,,,
,,,
,,,
,,,
,,,
,,,
,,,
,,,
,,,
,,,
,,,
,,,
,,,
,,,
,,,
,,,
,,,
,,,
,,,
,,,
,,,
,,,
,,,
,,,
,,,
,,,
,,,
,,,
,,,
,,,
,,,
,,,
,,,
,,,
,,,
,,,
,,,
,,,
,,,
,,,
,,,
,,,
,,,
,,,
,,,
,,,
,,,
,,,
,,,
,,,
,,,
,,,
,,,
,,,
,,,
,,,
,,,
,,,
,,,
,,,
,,,
,,,
,,,
,,,
,,,
,,,
,,,
,,,
,,,
,,,
,,,
,,,
,,,
,,,
,,,
,,,
,,,
,,,
,,,
,,,
,,,
,,,
,,,
,,,
,,,
,,,
,,,
,,,
,,,
,,,
,,,
,,,
,,,
,,,
,,,
,,,
,,,
,,,
,,,
,,,
,,,
,,,
,,,
,,,
,,,
,,,
,,,
,,,
,,,
,,,
,,,
,,,
,,,
,,,
,,,
,,,
,,,
,,,
,,,
,,,
,,,
,,,
,,,
,,,
,,,
,,,
,,,
,,,
,,,
,,,
,,,
,,,
,,,
,,,
,,,
,,,
,,,
,,,
,,,
,,,
,,,
,,,
,,,
,,,
,,,
,,,
,,,
,,,
,,,
,,,
,,,
,,,
,,,
,,,
,,,
,,,
,,,
,,,
,,,
,,,
,,,
,,,
,,,
,,,
,,,
,,,
,,,
,,,
,,,
,,,
,,,
,,,
,,,
,,,
,,,
,,,
,,,
,,,
,,,
,,,
,,,
,,,
,,,
,,,
,,,
,,,
,,,
,,,
,,,
,,,
,,,
,,,
,,,
,,,
,,,
,,,
,,,
,,,
,,,
,,,
,,,
,,,
,,,
,,,
,,,
,,,
,,,
,,,
,,,
,,,
,,,
,,,
,,,
,,,
,,,
,,,
,,,
,,,
,,,
,,,
,,,
,,,
,,,
,,,
,,,
,,,
,,,
,,,
,,,
,,,
,,,
,,,
,,,
,,,
,,,
,,,
,,,
,,,
,,,
,,,
,,,
,,,
,,,
,,,
,,,
,,,
,,,
,,,
,,,
,,,
,,,
,,,
,,,
,,,
,,,
,,,
,,,
,,,
,,,
,,,
,,,
,,,
,,,
,,,
,,,
,,,
,,,
,,,
,,,
,,,
,,,
,,,
,,,
,,,
,,,
,,,
,,,
,,,
,,,
,,,
,,,
,,,
,,,
,,,
,,,
,,,
,,,
,,,
,,,
,,,
,,,
,,,
,,,
,,,
,,,
,,,
,,,
,,,
,,,
,,,
,,,
,,,
,,,
,,,
,,,
,,,
,,,
,,,
,,,
,,,
,,,
,,,
,,,
,,,
,,,
,,,
,,,
,,,
,,,
,,,
,,,
,,,
,,,
,,,
,,,
,,,
,,,
,,,
,,,
,,,
,,,
,,,
,,,
,,,
,,,
,,,
,,,
,,,
,,,
,,,
,,,
,,,
,,,
,,,
,,,
,,,
,,,
,,,
,,,
,,,
,,,
,,,
,,,
,,,
,,,
,,,
,,,
,,,
,,,
,,,
,,,
,,,
,,,
,,,
,,,
,,,
,,,
,,,
,,,
,,,
,,,
,,,
,,,
,,,
,,,
,,,
,,,
,,,
,,,
,,,
,,,
,,,
,,,
,,,
,,,
,,,
,,,
,,,
,,,
,,,
,,,
,,,
,,,
,,,
,,,
,,,
,,,
,,,
,,,
,,,
,,,
,,,
,,,
,,,
,,,
,,,
,,,
,,,
,,,
,,,
,,,
,,,
,,,
,,,
,,,
,,,
,,,
,,,
,,,
,,,
,,,
,,,
,,,
,,,
,,,
,,,
,,,
,,,
,,,
,,,
,,,
,,,
,,,
,,,
,,,
,,,
,,,
,,,
,,,
,,,
,,,
,,,
,,,
,,,
,,,
,,,
,,,
,,,
,,,
,,,
,,,
,,,
,,,
,,,
,,,
,,,
,,,
,,,
,,,
,,,
,,,
,,,
,,,
,,,
,,,
,,,
,,,
,,,
,,,
,,,
,,,
,,,
,,,
,,,
,,,
,,,
,,,
,,,
,,,
,,,
,,,
,,,
,,,
,,,
,,,
,,,
,,,
,,,
,,,
,,,
,,,
,,,
,,,
,,,
,,,
,,,
,,,
,,,
,,,
,,,
,,,
,,,
,,,
,,,
,,,
,,,
,,,
,,,
,,,
,,,
,,,
,,,
,,,
,,,
,,,
,,,
,,,
,,,
,,,
,,,
,,,
,,,
,,,
,,,
,,,
,,,
,,,
,,,
,,,
,,,
,,,
,,,
,,,
,,,
,,,
,,,
,,,
,,,
,,,
,,,
,,,
,,,
,,,
,,,
,,,
,,,
,,,
,,,
,,,
,,,
,,,
,,,
,,,
,,,
,,,
,,,
,,,
,,,
,,,
,,,
,,,
,,,
,,,
,,,
,,,
,,,
,,,
,,,
,,,
,,,
,,,
,,,
,,,
,,,
,,,
,,,
,,,
,,,
,,,
,,,
,,,
,,,
,,,
,,,
,,,
,,,
,,,
,,,
,,,
,,,
,,,
,,,
,,,
,,,
,,,
,,,
,,,
,,,
,,,
,,,
,,,
,,,
,,,
,,,
,,,
,,,
,,,
,,,
,,,
,,,
,,,
,,,
,,,
,,,
,,,
,,,
,,,
,,,
,,,
,,,
,,,
,,,
,,,
,,,
,,,
,,,
,,,
,,,
,,,
,,,
,,,
,,,
,,,
,,,
,,,
,,,
,,,
,,,
,,,
,,,
,,,
,,,
,,,
,,,
,,,
,,,
,,,
,,,
,,,
,,,
,,,
,,,
,,,
,,,
,,,
,,,
,,,
,,,
,,,
,,,
,,,
,,,
,,,
,,,
,,,
,,,
,,,
,,,
,,,
,,,
,,,
,,,
,,,
,,,
,,,
,,,
,,,
,,,
,,,
,,,
,,,
,,,
,,,
,,,
,,,
,,,
,,,
,,,
,,,
,,,
,,,
,,,
,,,
,,,
,,,
,,,
,,,
,,,
,,,
,,,
,,,
,,,
,,,
,,,
,,,
,,,
,,,
,,,
,,,
,,,
,,,
,,,
,,,
,,,
,,,
,,,
,,,
,,,
,,,
,,,
,,,
,,,
,,,
,,,
,,,
,,,
,,,
,,,
,,,
,,,
,,,
,,,
,,,
,,,
,,,
,,,
,,,
,,,
,,,
,,,
,,,
,,,
,,,
,,,
,,,
,,,
,,,
,,,
,,,
,,,
,,,
,,,
,,,
,,,
,,,
,,,
,,,
,,,
,,,
,,,
,,,
,,,
,,,
,,,
,,,
,,,
,,,
,,,
,,,
,,,
,,,
,,,
