Date and Time,Billing Month,BOTOLAN,OLONGAPO
07/26/2024 0:05,August,3.73,3.7
07/26/2024 0:10,August,3.43,3.4
07/26/2024 0:15,August,3.43,3.4
07/26/2024 0:20,August,3.3,3.27
07/26/2024 0:25,August,3.43,3.4
07/26/2024 0:30,August,3.21,3.18
07/26/2024 0:35,August,3.26,3.23
07/26/2024 0:40,August,3.29,3.26
07/26/2024 0:45,August,2.93,2.9
07/26/2024 0:50,August,2.93,2.9
07/26/2024 0:55,August,3.23,3.2
07/26/2024 1:00,August,3.24,3.21
07/26/2024 1:05,August,3.42,3.39
07/26/2024 1:10,August,3.42,3.39
07/26/2024 1:15,August,3.27,3.24
07/26/2024 1:20,August,3.27,3.24
07/26/2024 1:25,August,3.26,3.23
07/26/2024 1:30,August,3.27,3.24
07/26/2024 1:35,August,3.2,3.17
07/26/2024 1:40,August,3.05,3.02
07/26/2024 1:45,August,2.92,2.9
07/26/2024 1:50,August,2.92,2.9
07/26/2024 1:55,August,2.92,2.9
07/26/2024 2:00,August,2.83,2.81
07/26/2024 2:05,August,2.92,2.9
07/26/2024 2:10,August,3.2,3.17
07/26/2024 2:15,August,2.92,2.9
07/26/2024 2:20,August,2.92,2.9
07/26/2024 2:25,August,3.1,3.08
07/26/2024 2:30,August,3.02,3
07/26/2024 2:35,August,2.63,2.61
07/26/2024 2:40,August,2.93,2.9
07/26/2024 2:45,August,2.82,2.8
07/26/2024 2:50,August,2.51,2.49
07/26/2024 2:55,August,2.82,2.8
07/26/2024 3:00,August,2.92,2.9
07/26/2024 3:05,August,2.75,2.73
07/26/2024 3:10,August,2.92,2.9
07/26/2024 3:15,August,2.92,2.9
07/26/2024 3:20,August,3.02,3
07/26/2024 3:25,August,2.92,2.9
07/26/2024 3:30,August,2.82,2.8
07/26/2024 3:35,August,2.81,2.8
07/26/2024 3:40,August,2.81,2.8
07/26/2024 3:45,August,2.81,2.8
07/26/2024 3:50,August,3.24,3.22
07/26/2024 3:55,August,3.42,3.4
07/26/2024 4:00,August,3.25,3.23
07/26/2024 4:05,August,3.12,3.09
07/26/2024 4:10,August,3.02,3
07/26/2024 4:15,August,2.92,2.9
07/26/2024 4:20,August,2.92,2.9
07/26/2024 4:25,August,2.92,2.9
07/26/2024 4:30,August,3.02,3
07/26/2024 4:35,August,2.92,2.9
07/26/2024 4:40,August,3.02,3
07/26/2024 4:45,August,3.02,3
07/26/2024 4:50,August,3.03,3
07/26/2024 4:55,August,3.19,3.17
07/26/2024 5:00,August,3.42,3.4
07/26/2024 5:05,August,0.11,0.11
07/26/2024 5:10,August,2.92,2.9
07/26/2024 5:15,August,3.17,3.14
07/26/2024 5:20,August,3.25,3.23
07/26/2024 5:25,August,3.24,3.21
07/26/2024 5:30,August,2.82,2.8
07/26/2024 5:35,August,2.92,2.9
07/26/2024 5:40,August,3.01,2.99
07/26/2024 5:45,August,3,2.98
07/26/2024 5:50,August,3.57,3.54
07/26/2024 5:55,August,3.4,3.37
07/26/2024 6:00,August,3.26,3.23
07/26/2024 6:05,August,0.11,0.1
07/26/2024 6:10,August,2.71,2.7
07/26/2024 6:15,August,2.93,2.91
07/26/2024 6:20,August,2.82,2.8
07/26/2024 6:25,August,2.92,2.9
07/26/2024 6:30,August,2.82,2.8
07/26/2024 6:35,August,2.82,2.8
07/26/2024 6:40,August,2.92,2.9
07/26/2024 6:45,August,2.92,2.9
07/26/2024 6:50,August,2.81,2.8
07/26/2024 6:55,August,2.92,2.9
07/26/2024 7:00,August,3.17,3.15
07/26/2024 7:05,August,0.11,0.1
07/26/2024 7:10,August,2.67,2.65
07/26/2024 7:15,August,2.91,2.89
07/26/2024 7:20,August,2.91,2.89
07/26/2024 7:25,August,3.42,3.4
07/26/2024 7:30,August,3.23,3.21
07/26/2024 7:35,August,3.42,3.39
07/26/2024 7:40,August,3.07,3.05
07/26/2024 7:45,August,3.07,3.05
07/26/2024 7:50,August,3.22,3.2
07/26/2024 7:55,August,3.51,3.48
07/26/2024 8:00,August,5.94,5.9
07/26/2024 8:05,August,3.36,3.33
07/26/2024 8:10,August,3.68,3.65
07/26/2024 8:15,August,3.52,3.49
07/26/2024 8:20,August,2.92,2.89
07/26/2024 8:25,August,3.23,3.21
07/26/2024 8:30,August,3.41,3.38
07/26/2024 8:35,August,3.26,3.23
07/26/2024 8:40,August,5.13,5.09
07/26/2024 8:45,August,3.7,3.67
07/26/2024 8:50,August,3.68,3.65
07/26/2024 8:55,August,3.68,3.66
07/26/2024 9:00,August,3.42,3.39
07/26/2024 9:05,August,0.09,0.09
07/26/2024 9:10,August,2.69,2.68
07/26/2024 9:15,August,2.9,2.88
07/26/2024 9:20,August,3.27,3.26
07/26/2024 9:25,August,3.52,3.5
07/26/2024 9:30,August,3.51,3.49
07/26/2024 9:35,August,3.52,3.51
07/26/2024 9:40,August,3.68,3.67
07/26/2024 9:45,August,3.8,3.78
07/26/2024 9:50,August,3.82,3.8
07/26/2024 9:55,August,3.82,3.8
07/26/2024 10:00,August,3.83,3.81
07/26/2024 10:05,August,3.81,3.78
07/26/2024 10:10,August,5.09,5.07
07/26/2024 10:15,August,4.63,4.61
07/26/2024 10:20,August,3.8,3.79
07/26/2024 10:25,August,4.96,4.94
07/26/2024 10:30,August,4.96,4.94
07/26/2024 10:35,August,4.96,4.94
07/26/2024 10:40,August,5.85,5.83
07/26/2024 10:45,August,5.08,5.06
07/26/2024 10:50,August,5.86,5.84
07/26/2024 10:55,August,5.08,5.06
07/26/2024 11:00,August,3.93,3.92
07/26/2024 11:05,August,3.42,3.41
07/26/2024 11:10,August,2.9,2.89
07/26/2024 11:15,August,3.8,3.78
07/26/2024 11:20,August,3.51,3.49
07/26/2024 11:25,August,3.51,3.49
07/26/2024 11:30,August,3.51,3.5
07/26/2024 11:35,August,3.8,3.78
07/26/2024 11:40,August,3.8,3.78
07/26/2024 11:45,August,3.5,3.49
07/26/2024 11:50,August,3.51,3.5
07/26/2024 11:55,August,3.42,3.4
07/26/2024 12:00,August,3.24,3.22
07/26/2024 12:05,August,3.42,3.41
07/26/2024 12:10,August,3.42,3.41
07/26/2024 12:15,August,3.51,3.49
07/26/2024 12:20,August,3.68,3.66
07/26/2024 12:25,August,3.42,3.41
07/26/2024 12:30,August,3.79,3.77
07/26/2024 12:35,August,3.79,3.77
07/26/2024 12:40,August,4.02,4
07/26/2024 12:45,August,3.43,3.41
07/26/2024 12:50,August,3.42,3.41
07/26/2024 12:55,August,3.36,3.35
07/26/2024 13:00,August,3.32,3.3
07/26/2024 13:05,August,3.49,3.48
07/26/2024 13:10,August,5.82,5.81
07/26/2024 13:15,August,5.05,5.04
07/26/2024 13:20,August,5.08,5.04
07/26/2024 13:25,August,5.85,5.81
07/26/2024 13:30,August,5.83,5.81
07/26/2024 13:35,August,4.61,4.6
07/26/2024 13:40,August,5.84,5.82
07/26/2024 13:45,August,5.09,5.06
07/26/2024 13:50,August,5.1,5.07
07/26/2024 13:55,August,5.1,5.07
07/26/2024 14:00,August,3.85,3.83
07/26/2024 14:05,August,4.63,4.62
07/26/2024 14:10,August,5.08,5.07
07/26/2024 14:15,August,3.86,3.85
07/26/2024 14:20,August,4.97,4.95
07/26/2024 14:25,August,5.08,5.07
07/26/2024 14:30,August,4.37,4.36
07/26/2024 14:35,August,8.71,8.68
07/26/2024 14:40,August,5.89,5.87
07/26/2024 14:45,August,5.9,5.88
07/26/2024 14:50,August,5.1,5.08
07/26/2024 14:55,August,5.1,5.08
07/26/2024 15:00,August,8.7,8.67
07/26/2024 15:05,August,8.72,8.68
07/26/2024 15:10,August,5.93,5.91
07/26/2024 15:15,August,5.9,5.88
07/26/2024 15:20,August,5.9,5.87
07/26/2024 15:25,August,5.89,5.87
07/26/2024 15:30,August,5.13,5.11
07/26/2024 15:35,August,8.73,8.69
07/26/2024 15:40,August,8.73,8.7
07/26/2024 15:45,August,8.72,8.69
07/26/2024 15:50,August,8.72,8.69
07/26/2024 15:55,August,5.93,5.91
07/26/2024 16:00,August,5.02,5
07/26/2024 16:05,August,2.98,2.97
07/26/2024 16:10,August,3.68,3.66
07/26/2024 16:15,August,5.13,5.11
07/26/2024 16:20,August,5.02,5
07/26/2024 16:25,August,5.13,5.11
07/26/2024 16:30,August,4.38,4.36
07/26/2024 16:35,August,5.03,5
07/26/2024 16:40,August,4.38,4.36
07/26/2024 16:45,August,4.38,4.36
07/26/2024 16:50,August,3.93,3.9
07/26/2024 16:55,August,3.3,3.28
07/26/2024 17:00,August,3.09,3.07
07/26/2024 17:05,August,3.55,3.53
07/26/2024 17:10,August,2.92,2.91
07/26/2024 17:15,August,2.92,2.9
07/26/2024 17:20,August,3.55,3.53
07/26/2024 17:25,August,3.85,3.82
07/26/2024 17:30,August,3.55,3.53
07/26/2024 17:35,August,3.85,3.82
07/26/2024 17:40,August,3.84,3.82
07/26/2024 17:45,August,5.12,5.09
07/26/2024 17:50,August,5.9,5.86
07/26/2024 17:55,August,5.13,5.1
07/26/2024 18:00,August,5.13,5.1
07/26/2024 18:05,August,3.85,3.83
07/26/2024 18:10,August,4.39,4.36
07/26/2024 18:15,August,5.02,4.99
07/26/2024 18:20,August,5.9,5.86
07/26/2024 18:25,August,8.73,8.68
07/26/2024 18:30,August,5.95,5.91
07/26/2024 18:35,August,5.92,5.88
07/26/2024 18:40,August,5.92,5.88
07/26/2024 18:45,August,5.14,5.11
07/26/2024 18:50,August,5.92,5.88
07/26/2024 18:55,August,5.15,5.11
07/26/2024 19:00,August,5.92,5.88
07/26/2024 19:05,August,5.16,5.12
07/26/2024 19:10,August,5.05,5.01
07/26/2024 19:15,August,5.16,5.12
07/26/2024 19:20,August,5.16,5.12
07/26/2024 19:25,August,3.55,3.53
07/26/2024 19:30,August,5.05,5.01
07/26/2024 19:35,August,4.39,4.36
07/26/2024 19:40,August,5.04,5.01
07/26/2024 19:45,August,4.39,4.36
07/26/2024 19:50,August,5.13,5.1
07/26/2024 19:55,August,5.13,5.1
07/26/2024 20:00,August,3.55,3.53
07/26/2024 20:05,August,20.41,20.24
07/26/2024 20:10,August,16.1,15.97
07/26/2024 20:15,August,5.94,5.89
07/26/2024 20:20,August,5.96,5.96
07/26/2024 20:25,August,5.94,5.89
07/26/2024 20:30,August,5.15,5.11
07/26/2024 20:35,August,5.15,5.1
07/26/2024 20:40,August,5.92,5.88
07/26/2024 20:45,August,5.15,5.11
07/26/2024 20:50,August,5.15,5.1
07/26/2024 20:55,August,4.4,4.36
07/26/2024 21:00,August,5.07,5.03
07/26/2024 21:05,August,5.94,5.89
07/26/2024 21:10,August,5.13,5.09
07/26/2024 21:15,August,5.13,5.09
07/26/2024 21:20,August,5.13,5.08
07/26/2024 21:25,August,5.13,5.08
07/26/2024 21:30,August,5.39,5.34
07/26/2024 21:35,August,5.13,5.08
07/26/2024 21:40,August,5.13,5.09
07/26/2024 21:45,August,5.13,5.08
07/26/2024 21:50,August,3.72,3.69
07/26/2024 21:55,August,3.89,3.86
07/26/2024 22:00,August,3.89,3.86
07/26/2024 22:05,August,5.93,5.88
07/26/2024 22:10,August,5.08,5.04
07/26/2024 22:15,August,3.9,3.87
07/26/2024 22:20,August,4.98,4.94
07/26/2024 22:25,August,4.98,4.94
07/26/2024 22:30,August,4.98,4.94
07/26/2024 22:35,August,4.97,4.93
07/26/2024 22:40,August,3.89,3.86
07/26/2024 22:45,August,2.94,2.92
07/26/2024 22:50,August,3.74,3.71
07/26/2024 22:55,August,3.76,3.73
07/26/2024 23:00,August,3.88,3.85
07/26/2024 23:05,August,13.59,13.48
07/26/2024 23:10,August,5.06,5.02
07/26/2024 23:15,August,4.98,4.95
07/26/2024 23:20,August,4.87,4.83
07/26/2024 23:25,August,4.61,4.57
07/26/2024 23:30,August,3.51,3.49
07/26/2024 23:35,August,3.88,3.84
07/26/2024 23:40,August,4.86,4.82
07/26/2024 23:45,August,4.86,4.82
07/26/2024 23:50,August,3.46,3.43
07/26/2024 23:55,August,3.77,3.74
07/27/2024 0:00,August,5.05,5.01
07/27/2024 0:05,August,3.43,3.41
07/27/2024 0:10,August,3.52,3.49
07/27/2024 0:15,August,3.43,3.4
07/27/2024 0:20,August,3.46,3.43
07/27/2024 0:25,August,2.94,2.92
07/27/2024 0:30,August,3.43,3.4
07/27/2024 0:35,August,3.49,3.45
07/27/2024 0:40,August,3.66,3.63
07/27/2024 0:45,August,3.69,3.66
07/27/2024 0:50,August,3.67,3.63
07/27/2024 0:55,August,3.7,3.66
07/27/2024 1:00,August,3.67,3.63
07/27/2024 1:05,August,4.02,3.98
07/27/2024 1:10,August,4.02,3.98
07/27/2024 1:15,August,3.59,3.55
07/27/2024 1:20,August,3.67,3.63
07/27/2024 1:25,August,3.59,3.55
07/27/2024 1:30,August,3.67,3.63
07/27/2024 1:35,August,3.49,3.45
07/27/2024 1:40,August,3.43,3.4
07/27/2024 1:45,August,3.27,3.24
07/27/2024 1:50,August,2.87,2.85
07/27/2024 1:55,August,2.88,2.85
07/27/2024 2:00,August,3.21,3.18
07/27/2024 2:05,August,3.25,3.22
07/27/2024 2:10,August,3.28,3.25
07/27/2024 2:15,August,3.27,3.24
07/27/2024 2:20,August,3.26,3.23
07/27/2024 2:25,August,2.94,2.92
07/27/2024 2:30,August,3.26,3.23
07/27/2024 2:35,August,3.06,3.03
07/27/2024 2:40,August,3.27,3.24
07/27/2024 2:45,August,3.27,3.24
07/27/2024 2:50,August,3.43,3.4
07/27/2024 2:55,August,2.86,2.84
07/27/2024 3:00,August,2.86,2.84
07/27/2024 3:05,August,2.86,2.83
07/27/2024 3:10,August,2.94,2.92
07/27/2024 3:15,August,2.94,2.92
07/27/2024 3:20,August,2.94,2.92
07/27/2024 3:25,August,3.43,3.4
07/27/2024 3:30,August,3.37,3.34
07/27/2024 3:35,August,2.94,2.92
07/27/2024 3:40,August,3.25,3.23
07/27/2024 3:45,August,2.88,2.86
07/27/2024 3:50,August,2.93,2.91
07/27/2024 3:55,August,2.85,2.83
07/27/2024 4:00,August,2.85,2.83
07/27/2024 4:05,August,2.85,2.83
07/27/2024 4:10,August,2.66,2.64
07/27/2024 4:15,August,2.93,2.91
07/27/2024 4:20,August,2.86,2.84
07/27/2024 4:25,August,3.27,3.24
07/27/2024 4:30,August,2.93,2.91
07/27/2024 4:35,August,2.87,2.84
07/27/2024 4:40,August,3.03,3
07/27/2024 4:45,August,2.93,2.91
07/27/2024 4:50,August,2.85,2.83
07/27/2024 4:55,August,3.03,3
07/27/2024 5:00,August,2.86,2.84
07/27/2024 5:05,August,0.1,0.1
07/27/2024 5:10,August,0.11,0.11
07/27/2024 5:15,August,2.43,2.41
07/27/2024 5:20,August,2.56,2.54
07/27/2024 5:25,August,2.63,2.61
07/27/2024 5:30,August,2.55,2.54
07/27/2024 5:35,August,2.82,2.8
07/27/2024 5:40,August,2.56,2.54
07/27/2024 5:45,August,2.63,2.61
07/27/2024 5:50,August,2.29,2.27
07/27/2024 5:55,August,2.65,2.63
07/27/2024 6:00,August,2.83,2.81
07/27/2024 6:05,August,0.1,0.1
07/27/2024 6:10,August,0.11,0.11
07/27/2024 6:15,August,2.82,2.8
07/27/2024 6:20,August,0.09,0.09
07/27/2024 6:25,August,0.1,0.1
07/27/2024 6:30,August,0.1,0.1
07/27/2024 6:35,August,1.25,1.24
07/27/2024 6:40,August,2.29,2.27
07/27/2024 6:45,August,2.43,2.42
07/27/2024 6:50,August,2.43,2.42
07/27/2024 6:55,August,2.43,2.42
07/27/2024 7:00,August,2.43,2.42
07/27/2024 7:05,August,1.25,1.25
07/27/2024 7:10,August,2.42,2.41
07/27/2024 7:15,August,2.28,2.27
07/27/2024 7:20,August,1.25,1.24
07/27/2024 7:25,August,2.42,2.41
07/27/2024 7:30,August,2.54,2.53
07/27/2024 7:35,August,2.28,2.27
07/27/2024 7:40,August,3.82,3.81
07/27/2024 7:45,August,3.25,3.23
07/27/2024 7:50,August,3.24,3.22
07/27/2024 7:55,August,3.17,3.16
07/27/2024 8:00,August,3.25,3.24
07/27/2024 8:05,August,1.25,1.24
07/27/2024 8:10,August,2.92,2.91
07/27/2024 8:15,August,2.83,2.81
07/27/2024 8:20,August,2.92,2.9
07/27/2024 8:25,August,3.25,3.23
07/27/2024 8:30,August,3.06,3.04
07/27/2024 8:35,August,3.05,3.03
07/27/2024 8:40,August,3.02,3
07/27/2024 8:45,August,2.92,2.9
07/27/2024 8:50,August,2.92,2.9
07/27/2024 8:55,August,3.01,2.99
07/27/2024 9:00,August,3.16,3.14
07/27/2024 9:05,August,0.09,0.09
07/27/2024 9:10,August,0.1,0.1
07/27/2024 9:15,August,1.24,1.23
07/27/2024 9:20,August,2.42,2.4
07/27/2024 9:25,August,3.43,3.41
07/27/2024 9:30,August,3.23,3.22
07/27/2024 9:35,August,3.04,3.03
07/27/2024 9:40,August,2.9,2.88
07/27/2024 9:45,August,2.9,2.88
07/27/2024 9:50,August,2.99,2.98
07/27/2024 9:55,August,3.06,3.05
07/27/2024 10:00,August,3.23,3.22
07/27/2024 10:05,August,1.24,1.23
07/27/2024 10:10,August,2.84,2.83
07/27/2024 10:15,August,3.23,3.22
07/27/2024 10:20,August,2.85,2.84
07/27/2024 10:25,August,2.88,2.87
07/27/2024 10:30,August,2.85,2.84
07/27/2024 10:35,August,3.31,3.3
07/27/2024 10:40,August,3.23,3.22
07/27/2024 10:45,August,2.41,2.4
07/27/2024 10:50,August,2.83,2.82
07/27/2024 10:55,August,2.88,2.87
07/27/2024 11:00,August,2.85,2.84
07/27/2024 11:05,August,2.88,2.87
07/27/2024 11:10,August,3.24,3.23
07/27/2024 11:15,August,3.07,3.06
07/27/2024 11:20,August,3.68,3.67
07/27/2024 11:25,August,3.46,3.45
07/27/2024 11:30,August,3.25,3.24
07/27/2024 11:35,August,3.43,3.42
07/27/2024 11:40,August,3.62,3.6
07/27/2024 11:45,August,3.22,3.2
07/27/2024 11:50,August,3.27,3.25
07/27/2024 11:55,August,3.21,3.2
07/27/2024 12:00,August,2.9,2.89
07/27/2024 12:05,August,2.42,2.41
07/27/2024 12:10,August,2.67,2.66
07/27/2024 12:15,August,2.85,2.84
07/27/2024 12:20,August,2.9,2.89
07/27/2024 12:25,August,3,2.98
07/27/2024 12:30,August,2.86,2.84
07/27/2024 12:35,August,3,2.98
07/27/2024 12:40,August,3,2.98
07/27/2024 12:45,August,2.99,2.98
07/27/2024 12:50,August,2.99,2.98
07/27/2024 12:55,August,3.08,3.07
07/27/2024 13:00,August,3.41,3.39
07/27/2024 13:05,August,3.4,3.39
07/27/2024 13:10,August,3.22,3.2
07/27/2024 13:15,August,3.39,3.38
07/27/2024 13:20,August,3.52,3.5
07/27/2024 13:25,August,3.62,3.6
07/27/2024 13:30,August,3.61,3.59
07/27/2024 13:35,August,3.61,3.59
07/27/2024 13:40,August,3.61,3.59
07/27/2024 13:45,August,3.42,3.4
07/27/2024 13:50,August,3.61,3.59
07/27/2024 13:55,August,5.01,4.98
07/27/2024 14:00,August,3.62,3.6
07/27/2024 14:05,August,4.02,4
07/27/2024 14:10,August,3.97,3.96
07/27/2024 14:15,August,3.69,3.68
07/27/2024 14:20,August,3.71,3.69
07/27/2024 14:25,August,3.73,3.71
07/27/2024 14:30,August,3.73,3.71
07/27/2024 14:35,August,3.94,3.93
07/27/2024 14:40,August,3.73,3.72
07/27/2024 14:45,August,3.5,3.49
07/27/2024 14:50,August,3.52,3.51
07/27/2024 14:55,August,3.68,3.66
07/27/2024 15:00,August,3.53,3.51
07/27/2024 15:05,August,3.26,3.25
07/27/2024 15:10,August,4.02,4
07/27/2024 15:15,August,3.91,3.89
07/27/2024 15:20,August,4,3.99
07/27/2024 15:25,August,3.84,3.82
07/27/2024 15:30,August,3.91,3.89
07/27/2024 15:35,August,3.98,3.96
07/27/2024 15:40,August,3.93,3.91
07/27/2024 15:45,August,3.94,3.92
07/27/2024 15:50,August,3.93,3.91
07/27/2024 15:55,August,3.42,3.4
07/27/2024 16:00,August,3.73,3.71
07/27/2024 16:05,August,3.25,3.23
07/27/2024 16:10,August,2.93,2.91
07/27/2024 16:15,August,3.27,3.25
07/27/2024 16:20,August,3.7,3.67
07/27/2024 16:25,August,3.7,3.67
07/27/2024 16:30,August,3.68,3.65
07/27/2024 16:35,August,3.83,3.8
07/27/2024 16:40,August,3.97,3.95
07/27/2024 16:45,August,3.83,3.81
07/27/2024 16:50,August,3.55,3.53
07/27/2024 16:55,August,3.94,3.91
07/27/2024 17:00,August,2.86,2.84
07/27/2024 17:05,August,3.43,3.41
07/27/2024 17:10,August,3.56,3.53
07/27/2024 17:15,August,3.56,3.53
07/27/2024 17:20,August,3.56,3.53
07/27/2024 17:25,August,3.94,3.91
07/27/2024 17:30,August,3.99,3.96
07/27/2024 17:35,August,3.94,3.91
07/27/2024 17:40,August,3.96,3.93
07/27/2024 17:45,August,3.96,3.93
07/27/2024 17:50,August,3.99,3.96
07/27/2024 17:55,August,4.02,3.99
07/27/2024 18:00,August,4.03,4
07/27/2024 18:05,August,4.05,4.02
07/27/2024 18:10,August,4.06,4.03
07/27/2024 18:15,August,4.16,4.13
07/27/2024 18:20,August,5.67,5.63
07/27/2024 18:25,August,5.03,5
07/27/2024 18:30,August,5.67,5.63
07/27/2024 18:35,August,5.03,5
07/27/2024 18:40,August,4.96,4.92
07/27/2024 18:45,August,5.66,5.62
07/27/2024 18:50,August,5.66,5.62
07/27/2024 18:55,August,4.97,4.94
07/27/2024 19:00,August,4.87,4.83
07/27/2024 19:05,August,4.92,4.88
07/27/2024 19:10,August,4.92,4.89
07/27/2024 19:15,August,4.96,4.92
07/27/2024 19:20,August,4.96,4.93
07/27/2024 19:25,August,4.94,4.9
07/27/2024 19:30,August,4.96,4.93
07/27/2024 19:35,August,4.95,4.92
07/27/2024 19:40,August,4.85,4.82
07/27/2024 19:45,August,4.85,4.82
07/27/2024 19:50,August,4.92,4.89
07/27/2024 19:55,August,4.96,4.92
07/27/2024 20:00,August,4.96,4.93
07/27/2024 20:05,August,5.67,5.63
07/27/2024 20:10,August,5.68,5.64
07/27/2024 20:15,August,4.97,4.93
07/27/2024 20:20,August,5.14,5.1
07/27/2024 20:25,August,4.97,4.93
07/27/2024 20:30,August,4.94,4.91
07/27/2024 20:35,August,5.04,5
07/27/2024 20:40,August,5.04,5
07/27/2024 20:45,August,4.98,4.95
07/27/2024 20:50,August,4.98,4.95
07/27/2024 20:55,August,4.99,4.95
07/27/2024 21:00,August,4.99,4.95
07/27/2024 21:05,August,31.79,31.51
07/27/2024 21:10,August,18.66,18.5
07/27/2024 21:15,August,5.73,5.68
07/27/2024 21:20,August,5.81,5.76
07/27/2024 21:25,August,5.75,5.7
07/27/2024 21:30,August,5.01,4.96
07/27/2024 21:35,August,5.71,5.66
07/27/2024 21:40,August,5.71,5.66
07/27/2024 21:45,August,5.07,5.03
07/27/2024 21:50,August,5.71,5.65
07/27/2024 21:55,August,5.69,5.64
07/27/2024 22:00,August,5.07,5.02
07/27/2024 22:05,August,5.68,5.63
07/27/2024 22:10,August,5.07,5.02
07/27/2024 22:15,August,5.07,5.02
07/27/2024 22:20,August,3.51,3.47
07/27/2024 22:25,August,5.01,4.96
07/27/2024 22:30,August,5.01,4.96
07/27/2024 22:35,August,5.01,4.96
07/27/2024 22:40,August,5.05,5
07/27/2024 22:45,August,5.02,4.97
07/27/2024 22:50,August,3.42,3.39
07/27/2024 22:55,August,3.8,3.76
07/27/2024 23:00,August,3.76,3.72
07/27/2024 23:05,August,26.59,26.33
07/27/2024 23:10,August,15.51,15.37
07/27/2024 23:15,August,5.28,5.23
07/27/2024 23:20,August,5.07,5.03
07/27/2024 23:25,August,5.01,4.96
07/27/2024 23:30,August,5.01,4.97
07/27/2024 23:35,August,5.01,4.96
07/27/2024 23:40,August,4.94,4.9
07/27/2024 23:45,August,5,4.96
07/27/2024 23:50,August,3.93,3.89
07/27/2024 23:55,August,3.83,3.79
07/28/2024 0:00,August,3.71,3.67
07/28/2024 0:05,August,27.9,27.65
07/28/2024 0:10,August,10.12,10.03
07/28/2024 0:15,August,5.23,5.19
07/28/2024 0:20,August,5.1,5.06
07/28/2024 0:25,August,4.85,4.81
07/28/2024 0:30,August,3.71,3.68
07/28/2024 0:35,August,3.83,3.8
07/28/2024 0:40,August,4.97,4.92
07/28/2024 0:45,August,3.92,3.89
07/28/2024 0:50,August,3.78,3.75
07/28/2024 0:55,August,4.34,4.3
07/28/2024 1:00,August,4.34,4.3
07/28/2024 1:05,August,4.96,4.91
07/28/2024 1:10,August,4.63,4.59
07/28/2024 1:15,August,4.34,4.31
07/28/2024 1:20,August,4.35,4.31
07/28/2024 1:25,August,3.92,3.89
07/28/2024 1:30,August,3.78,3.75
07/28/2024 1:35,August,3.82,3.78
07/28/2024 1:40,August,3.83,3.8
07/28/2024 1:45,August,3.78,3.75
07/28/2024 1:50,August,3.82,3.78
07/28/2024 1:55,August,3.78,3.75
07/28/2024 2:00,August,3.81,3.78
07/28/2024 2:05,August,3.81,3.77
07/28/2024 2:10,August,3.82,3.78
07/28/2024 2:15,August,3.83,3.79
07/28/2024 2:20,August,3.51,3.48
07/28/2024 2:25,August,3.62,3.59
07/28/2024 2:30,August,3.79,3.75
07/28/2024 2:35,August,3.62,3.59
07/28/2024 2:40,August,3.77,3.73
07/28/2024 2:45,August,3.62,3.59
07/28/2024 2:50,August,3.62,3.59
07/28/2024 2:55,August,3.62,3.59
07/28/2024 3:00,August,3.58,3.55
07/28/2024 3:05,August,3.62,3.59
07/28/2024 3:10,August,3.49,3.45
07/28/2024 3:15,August,3.49,3.45
07/28/2024 3:20,August,3.72,3.68
07/28/2024 3:25,August,3.49,3.45
07/28/2024 3:30,August,3.52,3.48
07/28/2024 3:35,August,3.43,3.4
07/28/2024 3:40,August,3.28,3.24
07/28/2024 3:45,August,3.43,3.39
07/28/2024 3:50,August,2.96,2.93
07/28/2024 3:55,August,2.96,2.93
07/28/2024 4:00,August,2.96,2.93
07/28/2024 4:05,August,3.27,3.24
07/28/2024 4:10,August,3.27,3.24
07/28/2024 4:15,August,3.27,3.24
07/28/2024 4:20,August,3.27,3.24
07/28/2024 4:25,August,3.38,3.35
07/28/2024 4:30,August,3.42,3.38
07/28/2024 4:35,August,3.42,3.38
07/28/2024 4:40,August,3.38,3.35
07/28/2024 4:45,August,3.42,3.39
07/28/2024 4:50,August,3.51,3.47
07/28/2024 4:55,August,3.42,3.38
07/28/2024 5:00,August,3.42,3.38
07/28/2024 5:05,August,3.42,3.38
07/28/2024 5:10,August,3.42,3.39
07/28/2024 5:15,August,3.41,3.37
07/28/2024 5:20,August,2.95,2.92
07/28/2024 5:25,August,2.94,2.92
07/28/2024 5:30,August,2.94,2.92
07/28/2024 5:35,August,2.85,2.83
07/28/2024 5:40,August,3.26,3.23
07/28/2024 5:45,August,2.94,2.92
07/28/2024 5:50,August,3.26,3.23
07/28/2024 5:55,August,2.85,2.83
07/28/2024 6:00,August,3.42,3.39
07/28/2024 6:05,August,2.62,2.6
07/28/2024 6:10,August,2.63,2.61
07/28/2024 6:15,August,2.85,2.82
07/28/2024 6:20,August,2.85,2.82
07/28/2024 6:25,August,1.24,1.23
07/28/2024 6:30,August,0.1,0.1
07/28/2024 6:35,August,1.25,1.24
07/28/2024 6:40,August,1.24,1.24
07/28/2024 6:45,August,1.24,1.24
07/28/2024 6:50,August,3.03,3.01
07/28/2024 6:55,August,2.43,2.41
07/28/2024 7:00,August,2.83,2.81
07/28/2024 7:05,August,0.09,0.09
07/28/2024 7:10,August,0.1,0.1
07/28/2024 7:15,August,0.1,0.1
07/28/2024 7:20,August,1.26,1.24
07/28/2024 7:25,August,2.72,2.67
07/28/2024 7:30,August,3.05,3
07/28/2024 7:35,August,2.85,2.8
07/28/2024 7:40,August,3.05,3
07/28/2024 7:45,August,2.85,2.8
07/28/2024 7:50,August,3.05,3
07/28/2024 7:55,August,3.45,3.39
07/28/2024 8:00,August,3.27,3.22
07/28/2024 8:05,August,2.85,2.81
07/28/2024 8:10,August,2.76,2.72
07/28/2024 8:15,August,2.97,2.93
07/28/2024 8:20,August,2.65,2.61
07/28/2024 8:25,August,2.85,2.81
07/28/2024 8:30,August,3.94,3.88
07/28/2024 8:35,August,3.6,3.54
07/28/2024 8:40,August,3.26,3.21
07/28/2024 8:45,August,2.85,2.81
07/28/2024 8:50,August,2.85,2.81
07/28/2024 8:55,August,3.45,3.39
07/28/2024 9:00,August,3.44,3.39
07/28/2024 9:05,August,3.03,2.98
07/28/2024 9:10,August,2.86,2.82
07/28/2024 9:15,August,2.87,2.82
07/28/2024 9:20,August,3.53,3.48
07/28/2024 9:25,August,3.44,3.39
07/28/2024 9:30,August,3.25,3.2
07/28/2024 9:35,August,2.73,2.69
07/28/2024 9:40,August,3.39,3.34
07/28/2024 9:45,August,3.25,3.19
07/28/2024 9:50,August,3.25,3.19
07/28/2024 9:55,August,3.5,3.44
07/28/2024 10:00,August,3.45,3.39
07/28/2024 10:05,August,2.85,2.8
07/28/2024 10:10,August,3.43,3.37
07/28/2024 10:15,August,2.94,2.88
07/28/2024 10:20,August,3.03,2.98
07/28/2024 10:25,August,3.25,3.2
07/28/2024 10:30,August,3.45,3.39
07/28/2024 10:35,August,2.45,2.4
07/28/2024 10:40,August,3.26,3.2
07/28/2024 10:45,August,3.26,3.2
07/28/2024 10:50,August,3.26,3.2
07/28/2024 10:55,August,3.43,3.36
07/28/2024 11:00,August,3.32,3.26
07/28/2024 11:05,August,3.11,3.05
07/28/2024 11:10,August,3.27,3.2
07/28/2024 11:15,August,2.95,2.89
07/28/2024 11:20,August,2.68,2.63
07/28/2024 11:25,August,3.27,3.2
07/28/2024 11:30,August,3.45,3.39
07/28/2024 11:35,August,3.34,3.27
07/28/2024 11:40,August,3.22,3.15
07/28/2024 11:45,August,3.27,3.2
07/28/2024 11:50,August,3.02,2.96
07/28/2024 11:55,August,3.27,3.21
07/28/2024 12:00,August,3.26,3.19
07/28/2024 12:05,August,3.09,3.04
07/28/2024 12:10,August,3.26,3.2
07/28/2024 12:15,August,2.95,2.89
07/28/2024 12:20,August,2.95,2.89
07/28/2024 12:25,August,3.02,2.96
07/28/2024 12:30,August,2.84,2.79
07/28/2024 12:35,August,2.94,2.89
07/28/2024 12:40,August,3.26,3.2
07/28/2024 12:45,August,3.37,3.31
07/28/2024 12:50,August,3.15,3.1
07/28/2024 12:55,August,2.94,2.89
07/28/2024 13:00,August,1.26,1.23
07/28/2024 13:05,August,2.88,2.83
07/28/2024 13:10,August,1.26,1.24
07/28/2024 13:15,August,3.03,2.98
07/28/2024 13:20,August,3.32,3.27
07/28/2024 13:25,August,2.94,2.89
07/28/2024 13:30,August,3.04,2.99
07/28/2024 13:35,August,2.45,2.41
07/28/2024 13:40,August,2.45,2.41
07/28/2024 13:45,August,2.87,2.83
07/28/2024 13:50,August,2.45,2.41
07/28/2024 13:55,August,2.87,2.82
07/28/2024 14:00,August,2.87,2.82
07/28/2024 14:05,August,2.93,2.89
07/28/2024 14:10,August,2.87,2.82
07/28/2024 14:15,August,2.44,2.41
07/28/2024 14:20,August,2.44,2.41
07/28/2024 14:25,August,2.44,2.41
07/28/2024 14:30,August,2.44,2.41
07/28/2024 14:35,August,2.44,2.41
07/28/2024 14:40,August,2.44,2.41
07/28/2024 14:45,August,2.44,2.41
07/28/2024 14:50,August,2.66,2.62
07/28/2024 14:55,August,2.44,2.41
07/28/2024 15:00,August,2.28,2.26
07/28/2024 15:05,August,2.44,2.41
07/28/2024 15:10,August,2.78,2.75
07/28/2024 15:15,August,2.66,2.62
07/28/2024 15:20,August,2.64,2.6
07/28/2024 15:25,August,2.54,2.51
07/28/2024 15:30,August,2.54,2.51
07/28/2024 15:35,August,2.86,2.82
07/28/2024 15:40,August,1.25,1.24
07/28/2024 15:45,August,1.25,1.23
07/28/2024 15:50,August,2.29,2.26
07/28/2024 15:55,August,2.44,2.41
07/28/2024 16:00,August,2.44,2.41
07/28/2024 16:05,August,2.29,2.26
07/28/2024 16:10,August,2.45,2.42
07/28/2024 16:15,August,2.45,2.41
07/28/2024 16:20,August,2.62,2.58
07/28/2024 16:25,August,2.45,2.41
07/28/2024 16:30,August,2.45,2.41
07/28/2024 16:35,August,2.45,2.41
07/28/2024 16:40,August,2.73,2.68
07/28/2024 16:45,August,2.95,2.9
07/28/2024 16:50,August,2.95,2.9
07/28/2024 16:55,August,2.94,2.89
07/28/2024 17:00,August,2.87,2.82
07/28/2024 17:05,August,2.88,2.83
07/28/2024 17:10,August,2.88,2.83
07/28/2024 17:15,August,2.95,2.9
07/28/2024 17:20,August,2.95,2.89
07/28/2024 17:25,August,2.95,2.89
07/28/2024 17:30,August,2.98,2.92
07/28/2024 17:35,August,3.06,3
07/28/2024 17:40,August,3.06,3.01
07/28/2024 17:45,August,3.07,3.02
07/28/2024 17:50,August,3.08,3.03
07/28/2024 17:55,August,3.09,3.04
07/28/2024 18:00,August,3.1,3.05
07/28/2024 18:05,August,3.27,3.21
07/28/2024 18:10,August,3.06,3.01
07/28/2024 18:15,August,3.87,3.81
07/28/2024 18:20,August,3.58,3.51
07/28/2024 18:25,August,3.88,3.81
07/28/2024 18:30,August,3.84,3.77
07/28/2024 18:35,August,3.58,3.51
07/28/2024 18:40,August,3.47,3.41
07/28/2024 18:45,August,3.58,3.51
07/28/2024 18:50,August,3.83,3.76
07/28/2024 18:55,August,3.58,3.51
07/28/2024 19:00,August,3.58,3.51
07/28/2024 19:05,August,3.48,3.41
07/28/2024 19:10,August,3.44,3.42
07/28/2024 19:15,August,3.55,3.53
07/28/2024 19:20,August,3.55,3.53
07/28/2024 19:25,August,3.55,3.53
07/28/2024 19:30,August,3.55,3.52
07/28/2024 19:35,August,3.55,3.53
07/28/2024 19:40,August,3.56,3.53
07/28/2024 19:45,August,3.69,3.66
07/28/2024 19:50,August,3.76,3.73
07/28/2024 19:55,August,3.69,3.66
07/28/2024 20:00,August,3.44,3.42
07/28/2024 20:05,August,3.85,3.82
07/28/2024 20:10,August,3.76,3.73
07/28/2024 20:15,August,5.13,5.09
07/28/2024 20:20,August,3.85,3.82
07/28/2024 20:25,August,3.87,3.87
07/28/2024 20:30,August,3.59,3.59
07/28/2024 20:35,August,3.76,3.73
07/28/2024 20:40,August,3.77,3.77
07/28/2024 20:45,August,4.17,4.14
07/28/2024 20:50,August,3.87,3.87
07/28/2024 20:55,August,5.35,5.35
07/28/2024 21:00,August,4.28,4.28
07/28/2024 21:05,August,25.59,25.39
07/28/2024 21:10,August,5.15,5.11
07/28/2024 21:15,August,4.36,4.33
07/28/2024 21:20,August,4.36,4.33
07/28/2024 21:25,August,4.36,4.33
07/28/2024 21:30,August,4.3,4.26
07/28/2024 21:35,August,4.3,4.26
07/28/2024 21:40,August,4.3,4.26
07/28/2024 21:45,August,4.3,4.26
07/28/2024 21:50,August,3.23,3.2
07/28/2024 21:55,August,3.56,3.53
07/28/2024 22:00,August,3.51,3.48
07/28/2024 22:05,August,3.56,3.53
07/28/2024 22:10,August,3.28,3.25
07/28/2024 22:15,August,3.43,3.4
07/28/2024 22:20,August,2.88,2.86
07/28/2024 22:25,August,3.18,3.15
07/28/2024 22:30,August,3.27,3.24
07/28/2024 22:35,August,3.27,3.24
07/28/2024 22:40,August,3.26,3.23
07/28/2024 22:45,August,3.3,3.27
07/28/2024 22:50,August,3.29,3.26
07/28/2024 22:55,August,3.27,3.24
07/28/2024 23:00,August,3.09,3.06
07/28/2024 23:05,August,3.42,3.39
07/28/2024 23:10,August,3.26,3.23
07/28/2024 23:15,August,3.23,3.2
07/28/2024 23:20,August,3.26,3.23
07/28/2024 23:25,August,3.23,3.2
07/28/2024 23:30,August,3.25,3.22
07/28/2024 23:35,August,3.09,3.06
07/28/2024 23:40,August,3.04,3.01
07/28/2024 23:45,August,2.95,2.92
07/28/2024 23:50,August,2.95,2.92
07/28/2024 23:55,August,2.88,2.85
07/29/2024 0:00,August,2.66,2.64
07/29/2024 0:05,August,2.87,2.84
07/29/2024 0:10,August,2.94,2.91
07/29/2024 0:15,August,2.87,2.84
07/29/2024 0:20,August,2.87,2.84
07/29/2024 0:25,August,2.64,2.61
07/29/2024 0:30,August,2.86,2.83
07/29/2024 0:35,August,2.86,2.83
07/29/2024 0:40,August,2.86,2.83
07/29/2024 0:45,August,2.85,2.82
07/29/2024 0:50,August,2.85,2.83
07/29/2024 0:55,August,2.85,2.83
07/29/2024 1:00,August,2.85,2.82
07/29/2024 1:05,August,2.93,2.91
07/29/2024 1:10,August,2.85,2.83
07/29/2024 1:15,August,2.86,2.83
07/29/2024 1:20,August,2.85,2.83
07/29/2024 1:25,August,2.85,2.83
07/29/2024 1:30,August,2.85,2.83
07/29/2024 1:35,August,2.85,2.83
07/29/2024 1:40,August,2.85,2.83
07/29/2024 1:45,August,2.85,2.83
07/29/2024 1:50,August,2.85,2.83
07/29/2024 1:55,August,2.85,2.83
07/29/2024 2:00,August,2.65,2.63
07/29/2024 2:05,August,2.84,2.82
07/29/2024 2:10,August,2.84,2.82
07/29/2024 2:15,August,2.84,2.82
07/29/2024 2:20,August,2.85,2.83
07/29/2024 2:25,August,2.84,2.82
07/29/2024 2:30,August,2.84,2.82
07/29/2024 2:35,August,2.84,2.82
07/29/2024 2:40,August,2.88,2.86
07/29/2024 2:45,August,2.84,2.82
07/29/2024 2:50,August,2.66,2.64
07/29/2024 2:55,August,2.83,2.82
07/29/2024 3:00,August,2.83,2.82
07/29/2024 3:05,August,2.83,2.82
07/29/2024 3:10,August,2.29,2.28
07/29/2024 3:15,August,2.29,2.28
07/29/2024 3:20,August,2.83,2.81
07/29/2024 3:25,August,2.64,2.63
07/29/2024 3:30,August,2.42,2.41
07/29/2024 3:35,August,1.25,1.24
07/29/2024 3:40,August,2.43,2.42
07/29/2024 3:45,August,2.82,2.81
07/29/2024 3:50,August,2.43,2.42
07/29/2024 3:55,August,2.63,2.62
07/29/2024 4:00,August,3.26,3.24
07/29/2024 4:05,August,2.86,2.84
07/29/2024 4:10,August,2.94,2.92
07/29/2024 4:15,August,2.9,2.88
07/29/2024 4:20,August,2.85,2.84
07/29/2024 4:25,August,2.83,2.81
07/29/2024 4:30,August,2.83,2.81
07/29/2024 4:35,August,2.85,2.84
07/29/2024 4:40,August,2.83,2.81
07/29/2024 4:45,August,5.09,5.06
07/29/2024 4:50,August,3.4,3.38
07/29/2024 4:55,August,3.27,3.24
07/29/2024 5:00,August,3.26,3.24
07/29/2024 5:05,August,3.26,3.24
07/29/2024 5:10,August,3.26,3.24
07/29/2024 5:15,August,3.26,3.24
07/29/2024 5:20,August,3.26,3.24
07/29/2024 5:25,August,2.95,2.92
07/29/2024 5:30,August,3.25,3.23
07/29/2024 5:35,August,3.4,3.37
07/29/2024 5:40,August,3.27,3.24
07/29/2024 5:45,August,3.42,3.39
07/29/2024 5:50,August,3.33,3.3
07/29/2024 5:55,August,3.27,3.24
07/29/2024 6:00,August,3.27,3.24
07/29/2024 6:05,August,0.1,0.1
07/29/2024 6:10,August,1.25,1.24
07/29/2024 6:15,August,2.64,2.62
07/29/2024 6:20,August,1.24,1.23
07/29/2024 6:25,August,2.43,2.41
07/29/2024 6:30,August,2.43,2.41
07/29/2024 6:35,August,2.43,2.41
07/29/2024 6:40,August,2.43,2.41
07/29/2024 6:45,August,2.43,2.42
07/29/2024 6:50,August,1.24,1.24
07/29/2024 6:55,August,2.29,2.27
07/29/2024 7:00,August,2.83,2.81
07/29/2024 7:05,August,2.62,2.61
07/29/2024 7:10,August,2.83,2.81
07/29/2024 7:15,August,3.02,3
07/29/2024 7:20,August,2.84,2.82
07/29/2024 7:25,August,3.51,3.49
07/29/2024 7:30,August,3.26,3.24
07/29/2024 7:35,August,3.39,3.37
07/29/2024 7:40,August,2.84,2.82
07/29/2024 7:45,August,3.09,3.07
07/29/2024 7:50,August,3.51,3.49
07/29/2024 7:55,August,3.81,3.79
07/29/2024 8:00,August,3.7,3.68
07/29/2024 8:05,August,2.81,2.79
07/29/2024 8:10,August,3.42,3.4
07/29/2024 8:15,August,3.42,3.4
07/29/2024 8:20,August,2.84,2.83
07/29/2024 8:25,August,2.91,2.89
07/29/2024 8:30,August,0.1,0.1
07/29/2024 8:35,August,3.02,3
07/29/2024 8:40,August,3.02,3
07/29/2024 8:45,August,3.26,3.25
07/29/2024 8:50,August,4.22,4.2
07/29/2024 8:55,August,3.72,3.7
07/29/2024 9:00,August,3.81,3.8
07/29/2024 9:05,August,0.09,0.09
07/29/2024 9:10,August,0.1,0.1
07/29/2024 9:15,August,2.63,2.63
07/29/2024 9:20,August,2.83,2.82
07/29/2024 9:25,August,2.98,2.98
07/29/2024 9:30,August,3.41,3.4
07/29/2024 9:35,August,3.5,3.49
07/29/2024 9:40,August,3.6,3.59
07/29/2024 9:45,August,3.5,3.49
07/29/2024 9:50,August,3.38,3.37
07/29/2024 9:55,August,3.23,3.23
07/29/2024 10:00,August,3.41,3.4
07/29/2024 10:05,August,3.69,3.68
07/29/2024 10:10,August,3.5,3.49
07/29/2024 10:15,August,2.96,2.96
07/29/2024 10:20,August,3.03,3.02
07/29/2024 10:25,August,3.5,3.49
07/29/2024 10:30,August,12.97,12.94
07/29/2024 10:35,August,3.73,3.71
07/29/2024 10:40,August,3.58,3.57
07/29/2024 10:45,August,3.43,3.41
07/29/2024 10:50,August,3.51,3.5
07/29/2024 10:55,August,3.39,3.38
07/29/2024 11:00,August,3.52,3.5
07/29/2024 11:05,August,2.9,2.89
07/29/2024 11:10,August,3.27,3.26
07/29/2024 11:15,August,2.9,2.89
07/29/2024 11:20,August,3.03,3.01
07/29/2024 11:25,August,2.96,2.94
07/29/2024 11:30,August,3.03,3.01
07/29/2024 11:35,August,2.95,2.94
07/29/2024 11:40,August,3.03,3.01
07/29/2024 11:45,August,2.63,2.62
07/29/2024 11:50,August,2.89,2.88
07/29/2024 11:55,August,3.03,3.01
07/29/2024 12:00,August,2.84,2.83
07/29/2024 12:05,August,2.89,2.88
07/29/2024 12:10,August,2.79,2.77
07/29/2024 12:15,August,2.84,2.83
07/29/2024 12:20,August,2.89,2.88
07/29/2024 12:25,August,2.89,2.88
07/29/2024 12:30,August,2.89,2.88
07/29/2024 12:35,August,3.32,3.31
07/29/2024 12:40,August,3.3,3.29
07/29/2024 12:45,August,3.41,3.4
07/29/2024 12:50,August,3.4,3.39
07/29/2024 12:55,August,3.5,3.49
07/29/2024 13:00,August,3.82,3.81
07/29/2024 13:05,August,3.28,3.27
07/29/2024 13:10,August,3.42,3.42
07/29/2024 13:15,August,5.83,5.82
07/29/2024 13:20,August,5.84,5.83
07/29/2024 13:25,August,5.04,5.03
07/29/2024 13:30,August,4.62,4.61
07/29/2024 13:35,August,5.86,5.85
07/29/2024 13:40,August,3.85,3.84
07/29/2024 13:45,August,4.04,4.03
07/29/2024 13:50,August,5.05,5.04
07/29/2024 13:55,August,5.04,5.03
07/29/2024 14:00,August,5.04,5.03
07/29/2024 14:05,August,3.53,3.52
07/29/2024 14:10,August,3.52,3.52
07/29/2024 14:15,August,3.59,3.59
07/29/2024 14:20,August,3.61,3.61
07/29/2024 14:25,August,3.66,3.66
07/29/2024 14:30,August,4.06,4.05
07/29/2024 14:35,August,4.06,4.06
07/29/2024 14:40,August,5.04,5.04
07/29/2024 14:45,August,3.65,3.64
07/29/2024 14:50,August,5.06,5.05
07/29/2024 14:55,August,5.06,5.05
07/29/2024 15:00,August,4.05,4.04
07/29/2024 15:05,August,13.66,13.64
07/29/2024 15:10,August,5.88,5.87
07/29/2024 15:15,August,5.07,5.05
07/29/2024 15:20,August,12.99,12.96
07/29/2024 15:25,August,5.9,5.88
07/29/2024 15:30,August,5.87,5.85
07/29/2024 15:35,August,5.87,5.86
07/29/2024 15:40,August,5.08,5.07
07/29/2024 15:45,August,5.86,5.84
07/29/2024 15:50,August,5.09,5.07
07/29/2024 15:55,August,3.86,3.85
07/29/2024 16:00,August,3.92,3.91
07/29/2024 16:05,August,3.86,3.84
07/29/2024 16:10,August,5.89,5.87
07/29/2024 16:15,August,5.11,5.09
07/29/2024 16:20,August,8.72,8.7
07/29/2024 16:25,August,5.12,5.1
07/29/2024 16:30,August,5.12,5.1
07/29/2024 16:35,August,5.12,5.1
07/29/2024 16:40,August,5.12,5.11
07/29/2024 16:45,August,4.15,4.13
07/29/2024 16:50,August,3.87,3.85
07/29/2024 16:55,August,4.63,4.61
07/29/2024 17:00,August,3.64,3.62
07/29/2024 17:05,August,5.9,5.88
07/29/2024 17:10,August,5.11,5.1
07/29/2024 17:15,August,5.12,5.1
07/29/2024 17:20,August,5.12,5.1
07/29/2024 17:25,August,12.46,12.42
07/29/2024 17:30,August,5.12,5.1
07/29/2024 17:35,August,5.12,5.1
07/29/2024 17:40,August,5.12,5.1
07/29/2024 17:45,August,5.11,5.1
07/29/2024 17:50,August,5.12,5.1
07/29/2024 17:55,August,5.12,5.1
07/29/2024 18:00,August,5.11,5.09
07/29/2024 18:05,August,4.16,4.14
07/29/2024 18:10,August,3.86,3.85
07/29/2024 18:15,August,13.1,13.05
07/29/2024 18:20,August,13.09,13.04
07/29/2024 18:25,August,13.69,13.64
07/29/2024 18:30,August,13.11,13.06
07/29/2024 18:35,August,9.43,9.4
07/29/2024 18:40,August,5.98,5.96
07/29/2024 18:45,August,5.99,5.97
07/29/2024 18:50,August,5.97,5.94
07/29/2024 18:55,August,5.99,5.96
07/29/2024 19:00,August,15.32,15.25
07/29/2024 19:05,August,13.15,13.08
07/29/2024 19:10,August,8.77,8.72
07/29/2024 19:15,August,6.01,5.98
07/29/2024 19:20,August,6.03,6
07/29/2024 19:25,August,6.07,6.03
07/29/2024 19:30,August,6.07,6.04
07/29/2024 19:35,August,6.05,6.02
07/29/2024 19:40,August,5.96,5.92
07/29/2024 19:45,August,5.95,5.91
07/29/2024 19:50,August,5.98,5.94
07/29/2024 19:55,August,5.99,5.96
07/29/2024 20:00,August,3.72,3.69
07/29/2024 20:05,August,6.06,6.02
07/29/2024 20:10,August,6.08,6.05
07/29/2024 20:15,August,9.47,9.41
07/29/2024 20:20,August,9.48,9.41
07/29/2024 20:25,August,9.42,9.36
07/29/2024 20:30,August,8.75,8.69
07/29/2024 20:35,August,6.06,6.02
07/29/2024 20:40,August,9.39,9.33
07/29/2024 20:45,August,9.4,9.33
07/29/2024 20:50,August,6.07,6.03
07/29/2024 20:55,August,6,5.96
07/29/2024 21:00,August,6.05,6.01
07/29/2024 21:05,August,28.12,27.94
07/29/2024 21:10,August,24.53,24.38
07/29/2024 21:15,August,10.81,10.73
07/29/2024 21:20,August,5.16,5.12
07/29/2024 21:25,August,5.16,5.12
07/29/2024 21:30,August,6.01,5.97
07/29/2024 21:35,August,6,5.95
07/29/2024 21:40,August,6.02,5.98
07/29/2024 21:45,August,6.02,5.98
07/29/2024 21:50,August,5.14,5.1
07/29/2024 21:55,August,5.11,5.08
07/29/2024 22:00,August,5.15,5.12
07/29/2024 22:05,August,27.75,27.58
07/29/2024 22:10,August,6,5.96
07/29/2024 22:15,August,5.11,5.08
07/29/2024 22:20,August,5.11,5.08
07/29/2024 22:25,August,5.14,5.11
07/29/2024 22:30,August,4.28,4.25
07/29/2024 22:35,August,5.11,5.08
07/29/2024 22:40,August,5.12,5.09
07/29/2024 22:45,August,5.11,5.09
07/29/2024 22:50,August,5.11,5.08
07/29/2024 22:55,August,5.94,5.9
07/29/2024 23:00,August,3.77,3.75
07/29/2024 23:05,August,13.54,13.46
07/29/2024 23:10,August,5.11,5.09
07/29/2024 23:15,August,5.11,5.08
07/29/2024 23:20,August,3.92,3.89
07/29/2024 23:25,August,3.92,3.9
07/29/2024 23:30,August,4.62,4.6
07/29/2024 23:35,August,3.34,3.32
07/29/2024 23:40,August,3.66,3.64
07/29/2024 23:45,August,3.33,3.31
07/29/2024 23:50,August,3.64,3.62
07/29/2024 23:55,August,3.56,3.54
07/30/2024 0:00,August,3.03,3.01
07/30/2024 0:05,August,4.87,4.84
07/30/2024 0:10,August,3.65,3.63
07/30/2024 0:15,August,3.2,3.18
07/30/2024 0:20,August,3.34,3.32
07/30/2024 0:25,August,4.62,4.59
07/30/2024 0:30,August,3.56,3.54
07/30/2024 0:35,August,3.76,3.74
07/30/2024 0:40,August,3.56,3.54
07/30/2024 0:45,August,3.77,3.74
07/30/2024 0:50,August,3.71,3.68
07/30/2024 0:55,August,3.56,3.54
07/30/2024 1:00,August,3.63,3.61
07/30/2024 1:05,August,4.86,4.83
07/30/2024 1:10,August,4.24,4.21
07/30/2024 1:15,August,3.68,3.65
07/30/2024 1:20,August,4.04,4.01
07/30/2024 1:25,August,4.04,4.01
07/30/2024 1:30,August,3.92,3.89
07/30/2024 1:35,August,4.04,4.01
07/30/2024 1:40,August,3.92,3.89
07/30/2024 1:45,August,4.04,4.01
07/30/2024 1:50,August,3.35,3.32
07/30/2024 1:55,August,3.7,3.67
07/30/2024 2:00,August,3.77,3.74
07/30/2024 2:05,August,4.24,4.21
07/30/2024 2:10,August,3.68,3.65
07/30/2024 2:15,August,3.77,3.74
07/30/2024 2:20,August,3.77,3.75
07/30/2024 2:25,August,3.78,3.75
07/30/2024 2:30,August,3.78,3.75
07/30/2024 2:35,August,3.78,3.75
07/30/2024 2:40,August,3.74,3.71
07/30/2024 2:45,August,3.57,3.54
07/30/2024 2:50,August,3.7,3.67
07/30/2024 2:55,August,3.62,3.59
07/30/2024 3:00,August,3.67,3.64
07/30/2024 3:05,August,3.7,3.67
07/30/2024 3:10,August,3.71,3.68
07/30/2024 3:15,August,3.7,3.67
07/30/2024 3:20,August,3.57,3.54
07/30/2024 3:25,August,3.57,3.54
07/30/2024 3:30,August,3.57,3.54
07/30/2024 3:35,August,3.57,3.54
07/30/2024 3:40,August,3.59,3.56
07/30/2024 3:45,August,3.57,3.54
07/30/2024 3:50,August,3.62,3.59
07/30/2024 3:55,August,3.15,3.12
07/30/2024 4:00,August,3.51,3.48
07/30/2024 4:05,August,5.11,5.06
07/30/2024 4:10,August,5.1,5.06
07/30/2024 4:15,August,4.64,4.6
07/30/2024 4:20,August,3.69,3.66
07/30/2024 4:25,August,4.03,4
07/30/2024 4:30,August,3.77,3.74
07/30/2024 4:35,August,3.82,3.79
07/30/2024 4:40,August,3.83,3.79
07/30/2024 4:45,August,3.82,3.79
07/30/2024 4:50,August,3.82,3.79
07/30/2024 4:55,August,3.82,3.78
07/30/2024 5:00,August,3.78,3.74
07/30/2024 5:05,August,3.2,3.17
07/30/2024 5:10,August,3.78,3.74
07/30/2024 5:15,August,3.82,3.78
07/30/2024 5:20,August,3.78,3.74
07/30/2024 5:25,August,3.82,3.78
07/30/2024 5:30,August,3.82,3.78
07/30/2024 5:35,August,3.78,3.74
07/30/2024 5:40,August,3.78,3.74
07/30/2024 5:45,August,3.72,3.68
07/30/2024 5:50,August,3.69,3.65
07/30/2024 5:55,August,3.77,3.73
07/30/2024 6:00,August,3.7,3.66
07/30/2024 6:05,August,0.09,0.08
07/30/2024 6:10,August,2.44,2.42
07/30/2024 6:15,August,2.95,2.92
07/30/2024 6:20,August,2.62,2.6
07/30/2024 6:25,August,2.79,2.77
07/30/2024 6:30,August,3.27,3.24
07/30/2024 6:35,August,3.27,3.23
07/30/2024 6:40,August,3.26,3.22
07/30/2024 6:45,August,2.94,2.91
07/30/2024 6:50,August,2.62,2.59
07/30/2024 6:55,August,3.25,3.22
07/30/2024 7:00,August,3.25,3.22
07/30/2024 7:05,August,2.93,2.91
07/30/2024 7:10,August,3.34,3.32
07/30/2024 7:15,August,3.34,3.32
07/30/2024 7:20,August,3.34,3.31
07/30/2024 7:25,August,2.92,2.9
07/30/2024 7:30,August,3.6,3.57
07/30/2024 7:35,August,5.9,5.85
07/30/2024 7:40,August,5.08,5.05
07/30/2024 7:45,August,5.05,5.02
07/30/2024 7:50,August,5.04,5.01
07/30/2024 7:55,August,5.07,5.04
07/30/2024 8:00,August,5.04,5.01
07/30/2024 8:05,August,0.98,0.98
07/30/2024 8:10,August,3.31,3.3
07/30/2024 8:15,August,3.31,3.3
07/30/2024 8:20,August,3.91,3.89
07/30/2024 8:25,August,3.71,3.7
07/30/2024 8:30,August,5.84,5.81
07/30/2024 8:35,August,3.3,3.29
07/30/2024 8:40,August,5.83,5.81
07/30/2024 8:45,August,3.7,3.69
07/30/2024 8:50,August,5.82,5.8
07/30/2024 8:55,August,4.02,4.01
07/30/2024 9:00,August,5.81,5.8
07/30/2024 9:05,August,0.98,0.97
07/30/2024 9:10,August,2.42,2.4
07/30/2024 9:15,August,3.19,3.17
07/30/2024 9:20,August,3.19,3.17
07/30/2024 9:25,August,5.87,5.84
07/30/2024 9:30,August,3.32,3.3
07/30/2024 9:35,August,24.31,24.2
07/30/2024 9:40,August,11.28,11.24
07/30/2024 9:45,August,4.03,4.01
07/30/2024 9:50,August,4.04,4.02
07/30/2024 9:55,August,5.82,5.82
07/30/2024 10:00,August,3.5,3.5
07/30/2024 10:05,August,3.5,3.5
07/30/2024 10:10,August,12.3,12.3
07/30/2024 10:15,August,5.84,5.85
07/30/2024 10:20,August,5.84,5.84
07/30/2024 10:25,August,5.84,5.86
07/30/2024 10:30,August,5.9,5.91
07/30/2024 10:35,August,3.18,3.18
07/30/2024 10:40,August,3.82,3.82
07/30/2024 10:45,August,5.82,5.82
07/30/2024 10:50,August,5.82,5.83
07/30/2024 10:55,August,3.42,3.42
07/30/2024 11:00,August,5.81,5.82
07/30/2024 11:05,August,5.82,5.83
07/30/2024 11:10,August,2.93,2.93
07/30/2024 11:15,August,3.07,3.07
07/30/2024 11:20,August,3.18,3.18
07/30/2024 11:25,August,3.9,3.9
07/30/2024 11:30,August,3.46,3.46
07/30/2024 11:35,August,4.6,4.6
07/30/2024 11:40,August,2.68,2.68
07/30/2024 11:45,August,3.25,3.25
07/30/2024 11:50,August,3.31,3.31
07/30/2024 11:55,August,3.17,3.17
07/30/2024 12:00,August,0.85,0.85
07/30/2024 12:05,August,3.28,3.28
07/30/2024 12:10,August,3.18,3.17
07/30/2024 12:15,August,3.17,3.17
07/30/2024 12:20,August,3.19,3.19
07/30/2024 12:25,August,3.6,3.6
07/30/2024 12:30,August,4.59,4.59
07/30/2024 12:35,August,4.1,4.1
07/30/2024 12:40,August,4.11,4.11
07/30/2024 12:45,August,3.13,3.13
07/30/2024 12:50,August,3.71,3.71
07/30/2024 12:55,August,4.98,4.98
07/30/2024 13:00,August,4.11,4.11
07/30/2024 13:05,August,12.28,12.31
07/30/2024 13:10,August,15.45,15.48
07/30/2024 13:15,August,13.5,13.53
07/30/2024 13:20,August,22.03,22.07
07/30/2024 13:25,August,12.76,12.79
07/30/2024 13:30,August,15.06,15.09
07/30/2024 13:35,August,12.32,12.35
07/30/2024 13:40,August,7.71,7.72
07/30/2024 13:45,August,5.85,5.87
07/30/2024 13:50,August,5.86,5.87
07/30/2024 13:55,August,5.02,5.03
07/30/2024 14:00,August,5.88,5.89
07/30/2024 14:05,August,3.61,3.61
07/30/2024 14:10,August,3.71,3.72
07/30/2024 14:15,August,5.02,5.03
07/30/2024 14:20,August,4.36,4.36
07/30/2024 14:25,August,5.82,5.83
07/30/2024 14:30,August,5.02,5.03
07/30/2024 14:35,August,5.89,5.89
07/30/2024 14:40,August,5.82,5.83
07/30/2024 14:45,August,12.88,12.89
07/30/2024 14:50,August,5.85,5.85
07/30/2024 14:55,August,5.89,5.9
07/30/2024 15:00,August,3.78,3.78
07/30/2024 15:05,August,5.85,5.85
07/30/2024 15:10,August,5.85,5.86
07/30/2024 15:15,August,5.08,5.08
07/30/2024 15:20,August,7.78,7.78
07/30/2024 15:25,August,12.43,12.43
07/30/2024 15:30,August,11.31,11.3
07/30/2024 15:35,August,7.1,7.09
07/30/2024 15:40,August,5.94,5.93
07/30/2024 15:45,August,5.94,5.93
07/30/2024 15:50,August,5.08,5.07
07/30/2024 15:55,August,5.91,5.9
07/30/2024 16:00,August,5.92,5.9
07/30/2024 16:05,August,5.1,5.09
07/30/2024 16:10,August,6.6,6.58
07/30/2024 16:15,August,5.95,5.94
07/30/2024 16:20,August,5.95,5.94
07/30/2024 16:25,August,5.94,5.93
07/30/2024 16:30,August,7.82,7.79
07/30/2024 16:35,August,6.29,6.27
07/30/2024 16:40,August,5.99,5.96
07/30/2024 16:45,August,5.96,5.93
07/30/2024 16:50,August,5.96,5.93
07/30/2024 16:55,August,5.97,5.94
07/30/2024 17:00,August,3.73,3.71
07/30/2024 17:05,August,5.96,5.93
07/30/2024 17:10,August,5.09,5.07
07/30/2024 17:15,August,5.96,5.93
07/30/2024 17:20,August,5.96,5.93
07/30/2024 17:25,August,5.96,5.93
07/30/2024 17:30,August,5.96,5.93
07/30/2024 17:35,August,8.74,8.7
07/30/2024 17:40,August,6.1,6.08
07/30/2024 17:45,August,6.1,6.08
07/30/2024 17:50,August,12.43,12.37
07/30/2024 17:55,August,9.46,9.41
07/30/2024 18:00,August,9.46,9.41
07/30/2024 18:05,August,5.64,5.6
07/30/2024 18:10,August,5.97,5.94
07/30/2024 18:15,August,9.47,9.41
07/30/2024 18:20,August,5.58,5.54
07/30/2024 18:25,August,9.52,9.44
07/30/2024 18:30,August,5.12,5.08
07/30/2024 18:35,August,5.98,5.93
07/30/2024 18:40,August,9.36,9.3
07/30/2024 18:45,August,9.39,9.33
07/30/2024 18:50,August,7.87,7.82
07/30/2024 18:55,August,6.02,5.98
07/30/2024 19:00,August,7.87,7.83
07/30/2024 19:05,August,6.04,6.01
07/30/2024 19:10,August,13.14,13.07
07/30/2024 19:15,August,13.14,13.07
07/30/2024 19:20,August,13.55,13.47
07/30/2024 19:25,August,13.12,13.03
07/30/2024 19:30,August,6.01,5.97
07/30/2024 19:35,August,7.87,7.82
07/30/2024 19:40,August,7.89,7.83
07/30/2024 19:45,August,9.42,9.35
07/30/2024 19:50,August,3.74,3.72
07/30/2024 19:55,August,5.12,5.08
07/30/2024 20:00,August,5.98,5.94
07/30/2024 20:05,August,9.35,9.28
07/30/2024 20:10,August,9.48,9.41
07/30/2024 20:15,August,9.49,9.42
07/30/2024 20:20,August,5.98,5.94
07/30/2024 20:25,August,6.01,5.96
07/30/2024 20:30,August,5.12,5.08
07/30/2024 20:35,August,5.98,5.94
07/30/2024 20:40,August,6.01,5.98
07/30/2024 20:45,August,7.86,7.81
07/30/2024 20:50,August,5.99,5.95
07/30/2024 20:55,August,5.99,5.95
07/30/2024 21:00,August,5.98,5.95
07/30/2024 21:05,August,27.99,27.78
07/30/2024 21:10,August,12.28,12.18
07/30/2024 21:15,August,7.88,7.82
07/30/2024 21:20,August,7.88,7.81
07/30/2024 21:25,August,5.99,5.94
07/30/2024 21:30,August,6.02,5.96
07/30/2024 21:35,August,3.59,3.56
07/30/2024 21:40,August,5.13,5.09
07/30/2024 21:45,August,5.98,5.94
07/30/2024 21:50,August,5.13,5.09
07/30/2024 21:55,August,5.13,5.09
07/30/2024 22:00,August,5.12,5.08
07/30/2024 22:05,August,27.61,27.43
07/30/2024 22:10,August,6.12,6.07
07/30/2024 22:15,August,6.03,5.99
07/30/2024 22:20,August,5.14,5.1
07/30/2024 22:25,August,5.13,5.1
07/30/2024 22:30,August,5.62,5.57
07/30/2024 22:35,August,5.97,5.92
07/30/2024 22:40,August,3.38,3.36
07/30/2024 22:45,August,3.77,3.75
07/30/2024 22:50,August,4.59,4.56
07/30/2024 22:55,August,5.12,5.08
07/30/2024 23:00,August,4.59,4.56
07/30/2024 23:05,August,15.5,15.41
07/30/2024 23:10,August,5.11,5.08
07/30/2024 23:15,August,5.1,5.07
07/30/2024 23:20,August,4.5,4.48
07/30/2024 23:25,August,4.5,4.48
07/30/2024 23:30,August,5.09,5.06
07/30/2024 23:35,August,3.77,3.74
07/30/2024 23:40,August,3.77,3.74
07/30/2024 23:45,August,3.65,3.62
07/30/2024 23:50,August,3.77,3.74
07/30/2024 23:55,August,3.77,3.74
07/31/2024 0:00,August,3.54,3.52
07/31/2024 0:05,August,3.41,3.39
07/31/2024 0:10,August,3.52,3.49
07/31/2024 0:15,August,3.01,2.99
07/31/2024 0:20,August,3.17,3.15
07/31/2024 0:25,August,3.5,3.48
07/31/2024 0:30,August,3.5,3.47
07/31/2024 0:35,August,3.37,3.34
07/31/2024 0:40,August,3.57,3.55
07/31/2024 0:45,August,4.23,4.2
07/31/2024 0:50,August,3.78,3.75
07/31/2024 0:55,August,3.63,3.61
07/31/2024 1:00,August,3.78,3.75
07/31/2024 1:05,August,4.86,4.82
07/31/2024 1:10,August,3.55,3.52
07/31/2024 1:15,August,3.78,3.75
07/31/2024 1:20,August,3.92,3.89
07/31/2024 1:25,August,3.79,3.75
07/31/2024 1:30,August,3.79,3.76
07/31/2024 1:35,August,3.69,3.65
07/31/2024 1:40,August,3.79,3.76
07/31/2024 1:45,August,4.33,4.29
07/31/2024 1:50,August,3.79,3.76
07/31/2024 1:55,August,4.22,4.18
07/31/2024 2:00,August,4.22,4.18
07/31/2024 2:05,August,4.22,4.18
07/31/2024 2:10,August,3.75,3.71
07/31/2024 2:15,August,3.8,3.76
07/31/2024 2:20,August,3.8,3.76
07/31/2024 2:25,August,3.8,3.76
07/31/2024 2:30,August,3.8,3.76
07/31/2024 2:35,August,4.01,3.97
07/31/2024 2:40,August,3.82,3.78
07/31/2024 2:45,August,3.82,3.78
07/31/2024 2:50,August,4.02,3.97
07/31/2024 2:55,August,3.64,3.6
07/31/2024 3:00,August,3.8,3.76
07/31/2024 3:05,August,5.13,5.07
07/31/2024 3:10,August,5.11,5.06
07/31/2024 3:15,August,3.65,3.61
07/31/2024 3:20,August,3.8,3.76
07/31/2024 3:25,August,3.8,3.76
07/31/2024 3:30,August,3.81,3.77
07/31/2024 3:35,August,3.4,3.36
07/31/2024 3:40,August,3.8,3.76
07/31/2024 3:45,August,3.8,3.76
07/31/2024 3:50,August,3.79,3.75
07/31/2024 3:55,August,3.59,3.55
07/31/2024 4:00,August,3.4,3.36
07/31/2024 4:05,August,3.4,3.36
07/31/2024 4:10,August,3.81,3.77
07/31/2024 4:15,August,3.73,3.69
07/31/2024 4:20,August,3.82,3.78
07/31/2024 4:25,August,3.81,3.78
07/31/2024 4:30,August,3.81,3.77
07/31/2024 4:35,August,3.82,3.78
07/31/2024 4:40,August,5.11,5.05
07/31/2024 4:45,August,5.1,5.05
07/31/2024 4:50,August,3.8,3.76
07/31/2024 4:55,August,4.02,3.97
07/31/2024 5:00,August,4.02,3.97
07/31/2024 5:05,August,2.79,2.76
07/31/2024 5:10,August,3.77,3.73
07/31/2024 5:15,August,3.82,3.78
07/31/2024 5:20,August,4.63,4.58
07/31/2024 5:25,August,4.02,3.98
07/31/2024 5:30,August,5.13,5.08
07/31/2024 5:35,August,5.13,5.08
07/31/2024 5:40,August,4.63,4.58
07/31/2024 5:45,August,4.03,3.99
07/31/2024 5:50,August,4.03,3.99
07/31/2024 5:55,August,4.02,3.98
07/31/2024 6:00,August,4.02,3.97
07/31/2024 6:05,August,2.65,2.62
07/31/2024 6:10,August,2.87,2.84
07/31/2024 6:15,August,2.94,2.91
07/31/2024 6:20,August,2.94,2.91
07/31/2024 6:25,August,3.12,3.09
07/31/2024 6:30,August,3.05,3.02
07/31/2024 6:35,August,2.87,2.84
07/31/2024 6:40,August,2.93,2.9
07/31/2024 6:45,August,3.05,3.03
07/31/2024 6:50,August,2.73,2.71
07/31/2024 6:55,August,2.9,2.88
07/31/2024 7:00,August,2.92,2.9
07/31/2024 7:05,August,2.91,2.89
07/31/2024 7:10,August,3.38,3.36
07/31/2024 7:15,August,3.56,3.54
07/31/2024 7:20,August,3.37,3.35
07/31/2024 7:25,August,5.1,5.07
07/31/2024 7:30,August,5.09,5.06
07/31/2024 7:35,August,5.06,5.03
07/31/2024 7:40,August,3.56,3.54
07/31/2024 7:45,August,3.75,3.73
07/31/2024 7:50,August,5.07,5.04
07/31/2024 7:55,August,31.66,31.41
07/31/2024 8:00,August,29.93,29.7
07/31/2024 8:05,August,16.64,16.48
07/31/2024 8:10,August,16.78,16.62
07/31/2024 8:15,August,16.03,15.86
07/31/2024 8:20,August,5.93,5.87
07/31/2024 8:25,August,5.09,5.04
07/31/2024 8:30,August,3.76,3.72
07/31/2024 8:35,August,3.75,3.72
07/31/2024 8:40,August,5.88,5.82
07/31/2024 8:45,August,3.36,3.33
07/31/2024 8:50,August,4.63,4.6
07/31/2024 8:55,August,5.02,4.99
07/31/2024 9:00,August,3.73,3.71
07/31/2024 9:05,August,0.86,0.86
07/31/2024 9:10,August,2.87,2.87
07/31/2024 9:15,August,2.54,2.53
07/31/2024 9:20,August,5.01,5
07/31/2024 9:25,August,4.19,4.19
07/31/2024 9:30,August,3.51,3.51
07/31/2024 9:35,August,3.62,3.61
07/31/2024 9:40,August,5,5
07/31/2024 9:45,August,5,5
07/31/2024 9:50,August,8.55,8.55
07/31/2024 9:55,August,5.01,5
07/31/2024 10:00,August,3.54,3.53
07/31/2024 10:05,August,18.8,18.81
07/31/2024 10:10,August,18.82,18.84
07/31/2024 10:15,August,12.8,12.81
07/31/2024 10:20,August,9.23,9.24
07/31/2024 10:25,August,5.84,5.85
07/31/2024 10:30,August,5.85,5.86
07/31/2024 10:35,August,2.52,2.53
07/31/2024 10:40,August,5.8,5.81
07/31/2024 10:45,August,4.58,4.59
07/31/2024 10:50,August,4.98,4.99
07/31/2024 10:55,August,5.76,5.77
07/31/2024 11:00,August,4.99,5
07/31/2024 11:05,August,3.42,3.43
07/31/2024 11:10,August,3.5,3.51
07/31/2024 11:15,August,3.5,3.51
07/31/2024 11:20,August,3.6,3.6
07/31/2024 11:25,August,3.5,3.51
07/31/2024 11:30,August,3.58,3.59
07/31/2024 11:35,August,3.14,3.15
07/31/2024 11:40,August,3.34,3.34
07/31/2024 11:45,August,3.89,3.9
07/31/2024 11:50,August,3.44,3.45
07/31/2024 11:55,August,3.34,3.35
07/31/2024 12:00,August,2.87,2.88
07/31/2024 12:05,August,3.18,3.19
07/31/2024 12:10,August,3.21,3.21
07/31/2024 12:15,August,5.2,5.22
07/31/2024 12:20,August,5.58,5.6
07/31/2024 12:25,August,5.26,5.25
07/31/2024 12:30,August,5.62,5.62
07/31/2024 12:35,August,5.29,5.28
07/31/2024 12:40,August,5.31,5.29
07/31/2024 12:45,August,5.64,5.61
07/31/2024 12:50,August,5.65,5.63
07/31/2024 12:55,August,9.35,9.31
07/31/2024 13:00,August,12.43,12.35
07/31/2024 13:05,August,11.46,11.39
07/31/2024 13:10,August,15.87,15.76
07/31/2024 13:15,August,30.54,30.35
07/31/2024 13:20,August,29.73,29.6
07/31/2024 13:25,August,30.59,30.45
07/31/2024 13:30,August,29.8,29.62
07/31/2024 13:35,August,29.9,29.73
07/31/2024 13:40,August,30.87,30.71
07/31/2024 13:45,August,31.95,31.77
07/31/2024 13:50,August,33.03,32.84
07/31/2024 13:55,August,33.09,32.9
07/31/2024 14:00,August,30.72,30.54
07/31/2024 14:05,August,3.68,3.67
07/31/2024 14:10,August,9.48,9.44
07/31/2024 14:15,August,14.85,14.79
07/31/2024 14:20,August,13.97,13.91
07/31/2024 14:25,August,15.92,15.87
07/31/2024 14:30,August,13.06,13.02
07/31/2024 14:35,August,13.97,13.93
07/31/2024 14:40,August,24.72,24.65
07/31/2024 14:45,August,29.66,29.62
07/31/2024 14:50,August,27.62,27.68
07/31/2024 14:55,August,21.83,21.77
07/31/2024 15:00,August,13.09,13.05
07/31/2024 15:05,August,18.86,18.79
07/31/2024 15:10,August,13.97,13.92
07/31/2024 15:15,August,14.05,14.01
07/31/2024 15:20,August,15.96,15.92
07/31/2024 15:25,August,24.65,24.63
07/31/2024 15:30,August,29.68,29.62
07/31/2024 15:35,August,27.64,27.62
07/31/2024 15:40,August,27.62,27.6
07/31/2024 15:45,August,18.75,18.8
07/31/2024 15:50,August,18.76,18.8
07/31/2024 15:55,August,12.98,13.01
07/31/2024 16:00,August,10.79,10.79
07/31/2024 16:05,August,13.78,13.77
07/31/2024 16:10,August,12.56,12.53
07/31/2024 16:15,August,12.96,12.93
07/31/2024 16:20,August,13.12,13.08
07/31/2024 16:25,August,13.12,13.08
07/31/2024 16:30,August,9.28,9.26
07/31/2024 16:35,August,5.67,5.65
07/31/2024 16:40,August,9.29,9.27
07/31/2024 16:45,August,9.44,9.41
07/31/2024 16:50,August,9.45,9.42
07/31/2024 16:55,August,9.29,9.27
07/31/2024 17:00,August,8.8,8.78
07/31/2024 17:05,August,9.43,9.4
07/31/2024 17:10,August,9.43,9.4
07/31/2024 17:15,August,9.44,9.41
07/31/2024 17:20,August,9.44,9.41
07/31/2024 17:25,August,9.43,9.4
07/31/2024 17:30,August,5.71,5.69
07/31/2024 17:35,August,9.31,9.28
07/31/2024 17:40,August,9.45,9.41
07/31/2024 17:45,August,9.35,9.31
07/31/2024 17:50,August,9.47,9.42
07/31/2024 17:55,August,9.46,9.41
07/31/2024 18:00,August,9.46,9.41
07/31/2024 18:05,August,9.46,9.41
07/31/2024 18:10,August,9.46,9.41
07/31/2024 18:15,August,13.21,13.14
07/31/2024 18:20,August,16.14,16.06
07/31/2024 18:25,August,13.19,13.12
07/31/2024 18:30,August,13.75,13.68
07/31/2024 18:35,August,13.2,13.14
07/31/2024 18:40,August,13.18,13.11
07/31/2024 18:45,August,13.79,13.72
07/31/2024 18:50,August,25.62,25.49
07/31/2024 18:55,August,24.96,24.83
07/31/2024 19:00,August,13.83,13.76
07/31/2024 19:05,August,13.83,13.75
07/31/2024 19:10,August,13.21,13.13
07/31/2024 19:15,August,13.75,13.67
07/31/2024 19:20,August,13.21,13.13
07/31/2024 19:25,August,12.51,12.44
07/31/2024 19:30,August,12.52,12.44
07/31/2024 19:35,August,10.92,10.85
07/31/2024 19:40,August,9.83,9.77
07/31/2024 19:45,August,9.48,9.42
07/31/2024 19:50,August,9.47,9.42
07/31/2024 19:55,August,9.49,9.43
07/31/2024 20:00,August,9.8,9.74
07/31/2024 20:05,August,28.03,27.85
07/31/2024 20:10,August,18.44,18.32
07/31/2024 20:15,August,13.72,13.64
07/31/2024 20:20,August,13.75,13.67
07/31/2024 20:25,August,12.5,12.42
07/31/2024 20:30,August,12.53,12.45
07/31/2024 20:35,August,12.52,12.45
07/31/2024 20:40,August,24.46,24.32
07/31/2024 20:45,August,17.45,17.35
07/31/2024 20:50,August,9.51,9.45
07/31/2024 20:55,August,9.52,9.46
07/31/2024 21:00,August,9.52,9.46
07/31/2024 21:05,August,33.15,32.89
07/31/2024 21:10,August,31.25,30.99
07/31/2024 21:15,August,30.82,30.56
07/31/2024 21:20,August,30.03,29.8
07/31/2024 21:25,August,21.22,21.07
07/31/2024 21:30,August,21.19,21.03
07/31/2024 21:35,August,13.86,13.75
07/31/2024 21:40,August,12.48,12.39
07/31/2024 21:45,August,12.43,12.34
07/31/2024 21:50,August,13.69,13.59
07/31/2024 21:55,August,9.54,9.46
07/31/2024 22:00,August,9.5,9.42
07/31/2024 22:05,August,11.29,11.19
07/31/2024 22:10,August,9.55,9.46
07/31/2024 22:15,August,9.39,9.32
07/31/2024 22:20,August,9.49,9.41
07/31/2024 22:25,August,9.4,9.34
07/31/2024 22:30,August,9.46,9.4
07/31/2024 22:35,August,5.78,5.74
07/31/2024 22:40,August,9.32,9.26
07/31/2024 22:45,August,5.77,5.73
07/31/2024 22:50,August,5.02,4.99
07/31/2024 22:55,August,5.11,5.08
07/31/2024 23:00,August,5.01,4.98
07/31/2024 23:05,August,13.62,13.55
07/31/2024 23:10,August,5.72,5.7
07/31/2024 23:15,August,5.09,5.07
07/31/2024 23:20,August,5.09,5.07
07/31/2024 23:25,August,5.7,5.67
07/31/2024 23:30,August,5.7,5.67
07/31/2024 23:35,August,5.13,5.11
07/31/2024 23:40,August,5.68,5.65
07/31/2024 23:45,August,5.08,5.06
07/31/2024 23:50,August,5.08,5.06
07/31/2024 23:55,August,5.07,5.05
08/01/2024 0:00,August,4.16,4.14
08/01/2024 0:05,August,6.04,6.02
08/01/2024 0:10,August,5.64,5.62
08/01/2024 0:15,August,5.07,5.05
08/01/2024 0:20,August,5.07,5.04
08/01/2024 0:25,August,5.07,5.04
08/01/2024 0:30,August,4.16,4.14
08/01/2024 0:35,August,4.16,4.14
08/01/2024 0:40,August,5.06,5.04
08/01/2024 0:45,August,4.15,4.13
08/01/2024 0:50,August,4.16,4.13
08/01/2024 0:55,August,5.06,5.03
08/01/2024 1:00,August,5.05,5.02
08/01/2024 1:05,August,4.24,4.22
08/01/2024 1:10,August,5.04,5.01
08/01/2024 1:15,August,5.05,5.01
08/01/2024 1:20,August,5.05,5.02
08/01/2024 1:25,August,5.05,5.02
08/01/2024 1:30,August,5.04,5.01
08/01/2024 1:35,August,4.97,4.93
08/01/2024 1:40,August,4.63,4.6
08/01/2024 1:45,August,4.63,4.6
08/01/2024 1:50,August,4.14,4.12
08/01/2024 1:55,August,4.85,4.82
08/01/2024 2:00,August,4.85,4.82
08/01/2024 2:05,August,4.15,4.12
08/01/2024 2:10,August,4.15,4.12
08/01/2024 2:15,August,4.22,4.19
08/01/2024 2:20,August,4.22,4.19
08/01/2024 2:25,August,5.04,5.01
08/01/2024 2:30,August,4.85,4.82
08/01/2024 2:35,August,4.36,4.33
08/01/2024 2:40,August,4.23,4.2
08/01/2024 2:45,August,4.34,4.31
08/01/2024 2:50,August,4.15,4.12
08/01/2024 2:55,August,4.15,4.12
08/01/2024 3:00,August,4.16,4.12
08/01/2024 3:05,August,4.34,4.31
08/01/2024 3:10,August,4.34,4.31
08/01/2024 3:15,August,4.25,4.22
08/01/2024 3:20,August,4.25,4.22
08/01/2024 3:25,August,4.25,4.22
08/01/2024 3:30,August,4.25,4.22
08/01/2024 3:35,August,4.25,4.22
08/01/2024 3:40,August,4.34,4.31
08/01/2024 3:45,August,4.25,4.22
08/01/2024 3:50,August,4.34,4.32
08/01/2024 3:55,August,4.35,4.32
08/01/2024 4:00,August,4.36,4.33
08/01/2024 4:05,August,4.35,4.32
08/01/2024 4:10,August,5.04,5.01
08/01/2024 4:15,August,5.04,5.01
08/01/2024 4:20,August,5.04,5.01
08/01/2024 4:25,August,5.03,5.01
08/01/2024 4:30,August,4.86,4.83
08/01/2024 4:35,August,4.86,4.83
08/01/2024 4:40,August,5.64,5.61
08/01/2024 4:45,August,5.03,5.01
08/01/2024 4:50,August,5.03,5
08/01/2024 4:55,August,4.97,4.94
08/01/2024 5:00,August,4.87,4.84
08/01/2024 5:05,August,3.22,3.2
08/01/2024 5:10,August,4.14,4.12
08/01/2024 5:15,August,4.22,4.2
08/01/2024 5:20,August,4.85,4.82
08/01/2024 5:25,August,4.85,4.82
08/01/2024 5:30,August,4.64,4.61
08/01/2024 5:35,August,4.36,4.33
08/01/2024 5:40,August,4.87,4.84
08/01/2024 5:45,August,4.15,4.12
08/01/2024 5:50,August,4.35,4.32
08/01/2024 5:55,August,4.36,4.33
08/01/2024 6:00,August,4.16,4.13
08/01/2024 6:05,August,3.14,3.12
08/01/2024 6:10,August,3.87,3.84
08/01/2024 6:15,August,3.86,3.83
08/01/2024 6:20,August,4.13,4.1
08/01/2024 6:25,August,4.13,4.1
08/01/2024 6:30,August,4.13,4.1
08/01/2024 6:35,August,4.13,4.1
08/01/2024 6:40,August,4.13,4.1
08/01/2024 6:45,August,4.13,4.1
08/01/2024 6:50,August,4.12,4.09
08/01/2024 6:55,August,4.13,4.1
08/01/2024 7:00,August,3.25,3.23
08/01/2024 7:05,August,3.22,3.2
08/01/2024 7:10,August,3.45,3.44
08/01/2024 7:15,August,3.64,3.62
08/01/2024 7:20,August,4.08,4.07
08/01/2024 7:25,August,4.09,4.07
08/01/2024 7:30,August,4.09,4.08
08/01/2024 7:35,August,4.1,4.08
08/01/2024 7:40,August,4.1,4.09
08/01/2024 7:45,August,4.1,4.09
08/01/2024 7:50,August,4.99,4.98
08/01/2024 7:55,August,5.98,5.96
08/01/2024 8:00,August,15.03,15
08/01/2024 8:05,August,4.09,4.08
08/01/2024 8:10,August,5.95,5.95
08/01/2024 8:15,August,5.56,5.56
08/01/2024 8:20,August,4.96,4.97
08/01/2024 8:25,August,5.54,5.55
08/01/2024 8:30,August,4.95,4.96
08/01/2024 8:35,August,4.06,4.07
08/01/2024 8:40,August,4.6,4.6
08/01/2024 8:45,August,5.05,5.06
08/01/2024 8:50,August,4.05,4.05
08/01/2024 8:55,August,4.93,4.93
08/01/2024 9:00,August,4.93,4.93
08/01/2024 9:05,August,2.61,2.6
08/01/2024 9:10,August,3.23,3.23
08/01/2024 9:15,August,4.06,4.05
08/01/2024 9:20,August,4.06,4.06
08/01/2024 9:25,August,4.06,4.05
08/01/2024 9:30,August,4.05,4.05
08/01/2024 9:35,August,4.59,4.59
08/01/2024 9:40,August,4.22,4.22
08/01/2024 9:45,August,4.07,4.06
08/01/2024 9:50,August,4.32,4.33
08/01/2024 9:55,August,4.32,4.32
08/01/2024 10:00,August,4.95,4.95
08/01/2024 10:05,August,4.91,4.92
08/01/2024 10:10,August,5.22,5.23
08/01/2024 10:15,August,4.9,4.91
08/01/2024 10:20,August,5.52,5.53
08/01/2024 10:25,August,5.22,5.23
08/01/2024 10:30,August,5.22,5.23
08/01/2024 10:35,August,4.91,4.92
08/01/2024 10:40,August,5.23,5.24
08/01/2024 10:45,August,5.24,5.25
08/01/2024 10:50,August,5.5,5.51
08/01/2024 10:55,August,12.96,12.98
08/01/2024 11:00,August,5.25,5.26
08/01/2024 11:05,August,3.51,3.52
08/01/2024 11:10,August,5.23,5.24
08/01/2024 11:15,August,5.22,5.24
08/01/2024 11:20,August,5.23,5.24
08/01/2024 11:25,August,5.22,5.24
08/01/2024 11:30,August,5.04,5.05
08/01/2024 11:35,August,5.05,5.06
08/01/2024 11:40,August,4.9,4.91
08/01/2024 11:45,August,5.05,5.06
08/01/2024 11:50,August,4.91,4.91
08/01/2024 11:55,August,4.92,4.92
08/01/2024 12:00,August,3.74,3.73
08/01/2024 12:05,August,5.22,5.22
08/01/2024 12:10,August,4.92,4.91
08/01/2024 12:15,August,5.23,5.23
08/01/2024 12:20,August,5.23,5.23
08/01/2024 12:25,August,5.22,5.22
08/01/2024 12:30,August,4.16,4.15
08/01/2024 12:35,August,5.23,5.22
08/01/2024 12:40,August,5.21,5.23
08/01/2024 12:45,August,5.22,5.24
08/01/2024 12:50,August,5.5,5.52
08/01/2024 12:55,August,13.53,13.57
08/01/2024 13:00,August,5.54,5.56
08/01/2024 13:05,August,13.51,13.54
08/01/2024 13:10,August,9.43,9.43
08/01/2024 13:15,August,9.42,9.43
08/01/2024 13:20,August,12.91,12.93
08/01/2024 13:25,August,12.93,12.95
08/01/2024 13:30,August,9.26,9.28
08/01/2024 13:35,August,5.58,5.59
08/01/2024 13:40,August,7.75,7.77
08/01/2024 13:45,August,9.39,9.41
08/01/2024 13:50,August,9.4,9.41
08/01/2024 13:55,August,9.44,9.42
08/01/2024 14:00,August,5.14,5.13
08/01/2024 14:05,August,3.27,3.26
08/01/2024 14:10,August,5.27,5.26
08/01/2024 14:15,August,5.57,5.56
08/01/2024 14:20,August,13.06,13.03
08/01/2024 14:25,August,6.17,6.19
08/01/2024 14:30,August,13.62,13.64
08/01/2024 14:35,August,13.02,13.05
08/01/2024 14:40,August,12.42,12.44
08/01/2024 14:45,August,7.78,7.79
08/01/2024 14:50,August,9.28,9.29
08/01/2024 14:55,August,5.3,5.3
08/01/2024 15:00,August,5.61,5.61
08/01/2024 15:05,August,10.93,10.93
08/01/2024 15:10,August,5.29,5.29
08/01/2024 15:15,August,5.58,5.58
08/01/2024 15:20,August,8.7,8.7
08/01/2024 15:25,August,7.79,7.79
08/01/2024 15:30,August,5.63,5.63
08/01/2024 15:35,August,7.8,7.8
08/01/2024 15:40,August,7.79,7.78
08/01/2024 15:45,August,5.66,5.66
08/01/2024 15:50,August,5.67,5.66
08/01/2024 15:55,August,7.79,7.79
08/01/2024 16:00,August,7.79,7.79
08/01/2024 16:05,August,11.54,11.53
08/01/2024 16:10,August,9.43,9.42
08/01/2024 16:15,August,5.65,5.64
08/01/2024 16:20,August,6,5.99
08/01/2024 16:25,August,9.45,9.43
08/01/2024 16:30,August,9.34,9.31
08/01/2024 16:35,August,13.12,13.07
08/01/2024 16:40,August,10.96,10.91
08/01/2024 16:45,August,10.94,10.89
08/01/2024 16:50,August,9.46,9.42
08/01/2024 16:55,August,5.7,5.67
08/01/2024 17:00,August,9.34,9.3
08/01/2024 17:05,August,9.44,9.4
08/01/2024 17:10,August,9.39,9.35
08/01/2024 17:15,August,8.83,8.79
08/01/2024 17:20,August,9.34,9.3
08/01/2024 17:25,August,13.27,13.21
08/01/2024 17:30,August,16.24,16.17
08/01/2024 17:35,August,13.26,13.19
08/01/2024 17:40,August,12.46,12.37
08/01/2024 17:45,August,3.59,3.56
08/01/2024 17:50,August,5.39,5.35
08/01/2024 17:55,August,5.71,5.68
08/01/2024 18:00,August,9.47,9.4
08/01/2024 18:05,August,8.87,8.81
08/01/2024 18:10,August,5.75,5.71
08/01/2024 18:15,August,5.76,5.72
08/01/2024 18:20,August,9.47,9.41
08/01/2024 18:25,August,7.89,7.83
08/01/2024 18:30,August,9.36,9.29
08/01/2024 18:35,August,9.48,9.41
08/01/2024 18:40,August,12.47,12.36
08/01/2024 18:45,August,9.42,9.33
08/01/2024 18:50,August,11.7,11.58
08/01/2024 18:55,August,5.72,5.66
08/01/2024 19:00,August,5.4,5.34
08/01/2024 19:05,August,5.73,5.68
08/01/2024 19:10,August,5.73,5.68
08/01/2024 19:15,August,5.42,5.37
08/01/2024 19:20,August,5.41,5.36
08/01/2024 19:25,August,5.41,5.36
08/01/2024 19:30,August,5.42,5.38
08/01/2024 19:35,August,5.7,5.65
08/01/2024 19:40,August,5.7,5.65
08/01/2024 19:45,August,5.72,5.68
08/01/2024 19:50,August,5.68,5.66
08/01/2024 19:55,August,5.68,5.65
08/01/2024 20:00,August,5.71,5.68
08/01/2024 20:05,August,19.21,19.12
08/01/2024 20:10,August,6.16,6.13
08/01/2024 20:15,August,7.9,7.86
08/01/2024 20:20,August,7.89,7.85
08/01/2024 20:25,August,5.39,5.36
08/01/2024 20:30,August,5.39,5.36
08/01/2024 20:35,August,5.69,5.66
08/01/2024 20:40,August,5.69,5.66
08/01/2024 20:45,August,5.14,5.11
08/01/2024 20:50,August,4.43,4.4
08/01/2024 20:55,August,3.73,3.71
08/01/2024 21:00,August,3.6,3.58
08/01/2024 21:05,August,13.59,13.53
08/01/2024 21:10,August,12.55,12.49
08/01/2024 21:15,August,9.43,9.38
08/01/2024 21:20,August,9.44,9.38
08/01/2024 21:25,August,5.77,5.73
08/01/2024 21:30,August,5.74,5.71
08/01/2024 21:35,August,5.76,5.73
08/01/2024 21:40,August,5.41,5.37
08/01/2024 21:45,August,5.73,5.69
08/01/2024 21:50,August,5.39,5.36
08/01/2024 21:55,August,5.38,5.35
08/01/2024 22:00,August,5.06,5.03
08/01/2024 22:05,August,28.01,27.85
08/01/2024 22:10,August,13.57,13.49
08/01/2024 22:15,August,12.38,12.31
08/01/2024 22:20,August,5.76,5.72
08/01/2024 22:25,August,5.09,5.06
08/01/2024 22:30,August,5.09,5.06
08/01/2024 22:35,August,4.55,4.52
08/01/2024 22:40,August,4.17,4.14
08/01/2024 22:45,August,4.55,4.52
08/01/2024 22:50,August,4.16,4.14
08/01/2024 22:55,August,4.55,4.52
08/01/2024 23:00,August,4.15,4.13
08/01/2024 23:05,August,28.02,27.86
08/01/2024 23:10,August,5.69,5.66
08/01/2024 23:15,August,5.04,5.01
08/01/2024 23:20,August,5.04,5.01
08/01/2024 23:25,August,4.14,4.12
08/01/2024 23:30,August,4.51,4.48
08/01/2024 23:35,August,4.54,4.52
08/01/2024 23:40,August,4.5,4.48
08/01/2024 23:45,August,4.13,4.1
08/01/2024 23:50,August,4.13,4.1
08/01/2024 23:55,August,4.12,4.1
08/02/2024 0:00,August,4.12,4.1
08/02/2024 0:05,August,4.17,4.15
08/02/2024 0:10,August,4.18,4.16
08/02/2024 0:15,August,5.03,5
08/02/2024 0:20,August,4.63,4.6
08/02/2024 0:25,August,5.04,5.01
08/02/2024 0:30,August,5.66,5.63
08/02/2024 0:35,August,5.05,5.02
08/02/2024 0:40,August,5.04,5.01
08/02/2024 0:45,August,5.15,5.12
08/02/2024 0:50,August,5.15,5.12
08/02/2024 0:55,August,5.06,5.03
08/02/2024 1:00,August,3.81,3.79
08/02/2024 1:05,August,5.14,5.11
08/02/2024 1:10,August,5.05,5.02
08/02/2024 1:15,August,5.05,5.02
08/02/2024 1:20,August,5.04,5.01
08/02/2024 1:25,August,5.04,5.01
08/02/2024 1:30,August,5.04,5.01
08/02/2024 1:35,August,4.25,4.23
08/02/2024 1:40,August,4.98,4.95
08/02/2024 1:45,August,4.25,4.22
08/02/2024 1:50,August,4.24,4.22
08/02/2024 1:55,August,4.24,4.22
08/02/2024 2:00,August,4.24,4.21
08/02/2024 2:05,August,4.2,4.17
08/02/2024 2:10,August,4.19,4.17
08/02/2024 2:15,August,4.19,4.16
08/02/2024 2:20,August,4.19,4.16
08/02/2024 2:25,August,4.19,4.15
08/02/2024 2:30,August,4.19,4.16
08/02/2024 2:35,August,4.35,4.31
08/02/2024 2:40,August,4.23,4.2
08/02/2024 2:45,August,4.23,4.2
08/02/2024 2:50,August,4.23,4.19
08/02/2024 2:55,August,3.72,3.69
08/02/2024 3:00,August,4.19,4.16
08/02/2024 3:05,August,4.24,4.21
08/02/2024 3:10,August,4.21,4.17
08/02/2024 3:15,August,4.21,4.17
08/02/2024 3:20,August,4.2,4.17
08/02/2024 3:25,August,4.21,4.18
08/02/2024 3:30,August,4.22,4.19
08/02/2024 3:35,August,4.21,4.18
08/02/2024 3:40,August,4.21,4.17
08/02/2024 3:45,August,5.06,5.02
08/02/2024 3:50,August,4.25,4.22
08/02/2024 3:55,August,4.24,4.21
08/02/2024 4:00,August,4.21,4.17
08/02/2024 4:05,August,4.24,4.2
08/02/2024 4:10,August,5.67,5.63
08/02/2024 4:15,August,4.21,4.17
08/02/2024 4:20,August,4.25,4.21
08/02/2024 4:25,August,4.25,4.22
08/02/2024 4:30,August,4.24,4.21
08/02/2024 4:35,August,4.24,4.21
08/02/2024 4:40,August,5.12,5.08
08/02/2024 4:45,August,4.2,4.16
08/02/2024 4:50,August,4.23,4.19
08/02/2024 4:55,August,4.24,4.2
08/02/2024 5:00,August,4.24,4.2
08/02/2024 5:05,August,3.7,3.67
08/02/2024 5:10,August,4.21,4.17
08/02/2024 5:15,August,4.22,4.18
08/02/2024 5:20,August,4.24,4.21
08/02/2024 5:25,August,4.23,4.2
08/02/2024 5:30,August,6.07,6.02
08/02/2024 5:35,August,5.06,5.02
08/02/2024 5:40,August,4.63,4.59
08/02/2024 5:45,August,4.21,4.18
08/02/2024 5:50,August,4.22,4.19
08/02/2024 5:55,August,4.22,4.18
08/02/2024 6:00,August,4.21,4.17
08/02/2024 6:05,August,3.61,3.58
08/02/2024 6:10,August,3.81,3.78
08/02/2024 6:15,August,4.11,4.07
08/02/2024 6:20,August,3.71,3.68
08/02/2024 6:25,August,3.7,3.66
08/02/2024 6:30,August,3.67,3.64
08/02/2024 6:35,August,3.67,3.63
08/02/2024 6:40,August,3.65,3.62
08/02/2024 6:45,August,2.91,2.89
08/02/2024 6:50,August,2.94,2.91
08/02/2024 6:55,August,2.93,2.91
08/02/2024 7:00,August,2.93,2.91
08/02/2024 7:05,August,2.87,2.85
08/02/2024 7:10,August,3.27,3.25
08/02/2024 7:15,August,3.12,3.1
08/02/2024 7:20,August,3.26,3.24
08/02/2024 7:25,August,3.39,3.37
08/02/2024 7:30,August,3.26,3.24
08/02/2024 7:35,August,3.7,3.68
08/02/2024 7:40,August,4.12,4.09
08/02/2024 7:45,August,4.96,4.94
08/02/2024 7:50,August,4.13,4.11
08/02/2024 7:55,August,4.62,4.6
08/02/2024 8:00,August,4.14,4.12
08/02/2024 8:05,August,2.82,2.81
08/02/2024 8:10,August,3.73,3.72
08/02/2024 8:15,August,3.6,3.6
08/02/2024 8:20,August,3.68,3.68
08/02/2024 8:25,August,4.25,4.25
08/02/2024 8:30,August,4.25,4.25
08/02/2024 8:35,August,4.08,4.08
08/02/2024 8:40,August,4.08,4.08
08/02/2024 8:45,August,4.25,4.25
08/02/2024 8:50,August,4.1,4.1
08/02/2024 8:55,August,5.51,5.51
08/02/2024 9:00,August,13.52,13.52
08/02/2024 9:05,August,2.89,2.88
08/02/2024 9:10,August,4.12,4.11
08/02/2024 9:15,August,2.88,2.88
08/02/2024 9:20,August,3.37,3.36
08/02/2024 9:25,August,3.72,3.71
08/02/2024 9:30,August,4.08,4.08
08/02/2024 9:35,August,18.74,18.72
08/02/2024 9:40,August,12.97,12.96
08/02/2024 9:45,August,5.93,5.93
08/02/2024 9:50,August,4.95,4.94
08/02/2024 9:55,August,5.53,5.53
08/02/2024 10:00,August,4.52,4.52
08/02/2024 10:05,August,5.23,5.23
08/02/2024 10:10,August,5.24,5.24
08/02/2024 10:15,August,21.62,21.61
08/02/2024 10:20,August,14.4,14.41
08/02/2024 10:25,August,12.28,12.28
08/02/2024 10:30,August,5.92,5.93
08/02/2024 10:35,August,5.53,5.54
08/02/2024 10:40,August,5.26,5.27
08/02/2024 10:45,August,5.24,5.25
08/02/2024 10:50,August,5.5,5.51
08/02/2024 10:55,August,5.5,5.51
08/02/2024 11:00,August,5.53,5.54
08/02/2024 11:05,August,3.62,3.63
08/02/2024 11:10,August,5.25,5.26
08/02/2024 11:15,August,5.24,5.26
08/02/2024 11:20,August,5.05,5.06
08/02/2024 11:25,August,5.21,5.23
08/02/2024 11:30,August,5.2,5.22
08/02/2024 11:35,August,5.49,5.51
08/02/2024 11:40,August,5.2,5.22
08/02/2024 11:45,August,5.2,5.22
08/02/2024 11:50,August,5.06,5.08
08/02/2024 11:55,August,3.51,3.52
08/02/2024 12:00,August,3.73,3.74
08/02/2024 12:05,August,5.07,5.08
08/02/2024 12:10,August,5.06,5.07
08/02/2024 12:15,August,4.33,4.34
08/02/2024 12:20,August,5.05,5.06
08/02/2024 12:25,August,15.79,15.85
08/02/2024 12:30,August,8.62,8.65
08/02/2024 12:35,August,5.23,5.25
08/02/2024 12:40,August,5.24,5.26
08/02/2024 12:45,August,15.59,15.65
08/02/2024 12:50,August,12.36,12.42
08/02/2024 12:55,August,5.28,5.3
08/02/2024 13:00,August,13.55,13.6
08/02/2024 13:05,August,12.94,12.96
08/02/2024 13:10,August,27.24,27.23
08/02/2024 13:15,August,21.61,21.54
08/02/2024 13:20,August,27.38,27.29
08/02/2024 13:25,August,17.3,17.21
08/02/2024 13:30,August,13.75,13.68
08/02/2024 13:35,August,12.45,12.37
08/02/2024 13:40,August,7.79,7.74
08/02/2024 13:45,August,9.52,9.46
08/02/2024 13:50,August,18.86,18.76
08/02/2024 13:55,August,13.64,13.57
08/02/2024 14:00,August,10.81,10.75
08/02/2024 14:05,August,5.13,5.11
08/02/2024 14:10,August,5.3,5.28
08/02/2024 14:15,August,9.3,9.28
08/02/2024 14:20,August,13.12,13.08
08/02/2024 14:25,August,12.5,12.45
08/02/2024 14:30,August,5.97,5.94
08/02/2024 14:35,August,7.79,7.76
08/02/2024 14:40,August,7.82,7.8
08/02/2024 14:45,August,8.76,8.73
08/02/2024 14:50,August,7.81,7.79
08/02/2024 14:55,August,7.81,7.79
08/02/2024 15:00,August,5.34,5.33
08/02/2024 15:05,August,9.43,9.4
08/02/2024 15:10,August,12.47,12.45
08/02/2024 15:15,August,12.47,12.46
08/02/2024 15:20,August,9.42,9.41
08/02/2024 15:25,August,9.36,9.37
08/02/2024 15:30,August,12.43,12.43
08/02/2024 15:35,August,7.82,7.82
08/02/2024 15:40,August,8.75,8.74
08/02/2024 15:45,August,8.74,8.74
08/02/2024 15:50,August,7.81,7.81
08/02/2024 15:55,August,8.75,8.75
08/02/2024 16:00,August,6.04,6.02
08/02/2024 16:05,August,6.01,6
08/02/2024 16:10,August,6.02,6.01
08/02/2024 16:15,August,9.78,9.77
08/02/2024 16:20,August,6.02,6.01
08/02/2024 16:25,August,6.05,6.04
08/02/2024 16:30,August,5.36,5.35
08/02/2024 16:35,August,6.01,6
08/02/2024 16:40,August,5.39,5.37
08/02/2024 16:45,August,5.37,5.36
08/02/2024 16:50,August,6.03,6.02
08/02/2024 16:55,August,5.24,5.22
08/02/2024 17:00,August,5.22,5.21
08/02/2024 17:05,August,5.99,5.98
08/02/2024 17:10,August,4.39,4.38
08/02/2024 17:15,August,5.35,5.34
08/02/2024 17:20,August,3.58,3.57
08/02/2024 17:25,August,6,5.98
08/02/2024 17:30,August,6,5.98
08/02/2024 17:35,August,6.04,6.02
08/02/2024 17:40,August,6.03,6.02
08/02/2024 17:45,August,6.01,5.99
08/02/2024 17:50,August,6.02,6
08/02/2024 17:55,August,5.39,5.37
08/02/2024 18:00,August,5.39,5.37
08/02/2024 18:05,August,5.38,5.37
08/02/2024 18:10,August,5.37,5.36
08/02/2024 18:15,August,5.87,5.85
08/02/2024 18:20,August,6.01,5.99
08/02/2024 18:25,August,13.27,13.22
08/02/2024 18:30,August,13.7,13.65
08/02/2024 18:35,August,6.05,6.03
08/02/2024 18:40,August,6.06,6.04
08/02/2024 18:45,August,6.07,6.04
08/02/2024 18:50,August,6.04,6.02
08/02/2024 18:55,August,6.04,6.02
08/02/2024 19:00,August,6.07,6.04
08/02/2024 19:05,August,7.88,7.84
08/02/2024 19:10,August,6.07,6.04
08/02/2024 19:15,August,6.09,6.06
08/02/2024 19:20,August,6.07,6.04
08/02/2024 19:25,August,5.26,5.24
08/02/2024 19:30,August,5.38,5.36
08/02/2024 19:35,August,5.38,5.35
08/02/2024 19:40,August,5.38,5.35
08/02/2024 19:45,August,5.39,5.36
08/02/2024 19:50,August,5.38,5.36
08/02/2024 19:55,August,5.39,5.36
08/02/2024 20:00,August,5.38,5.35
08/02/2024 20:05,August,6.01,5.98
08/02/2024 20:10,August,5.37,5.34
08/02/2024 20:15,August,5.36,5.33
08/02/2024 20:20,August,5.36,5.33
08/02/2024 20:25,August,5.35,5.32
08/02/2024 20:30,August,4.92,4.89
08/02/2024 20:35,August,5.2,5.17
08/02/2024 20:40,August,5.19,5.17
08/02/2024 20:45,August,5.2,5.18
08/02/2024 20:50,August,3.42,3.4
08/02/2024 20:55,August,3.8,3.78
08/02/2024 21:00,August,4.42,4.39
08/02/2024 21:05,August,19.57,19.45
08/02/2024 21:10,August,5.34,5.31
08/02/2024 21:15,August,5.35,5.32
08/02/2024 21:20,August,5.36,5.33
08/02/2024 21:25,August,5.35,5.32
08/02/2024 21:30,August,5.36,5.33
08/02/2024 21:35,August,5.36,5.32
08/02/2024 21:40,August,5.21,5.18
08/02/2024 21:45,August,5.34,5.31
08/02/2024 21:50,August,5.2,5.17
08/02/2024 21:55,August,5.2,5.17
08/02/2024 22:00,August,5.14,5.11
08/02/2024 22:05,August,19.25,19.14
08/02/2024 22:10,August,5.99,5.95
08/02/2024 22:15,August,5.23,5.2
08/02/2024 22:20,August,4.21,4.19
08/02/2024 22:25,August,3.94,3.92
08/02/2024 22:30,August,4.19,4.16
08/02/2024 22:35,August,4.2,4.17
08/02/2024 22:40,August,3.8,3.78
08/02/2024 22:45,August,4.18,4.15
08/02/2024 22:50,August,4.17,4.14
08/02/2024 22:55,August,4.17,4.14
08/02/2024 23:00,August,4.16,4.13
08/02/2024 23:05,August,16.31,16.2
08/02/2024 23:10,August,5.18,5.15
08/02/2024 23:15,August,4.99,4.96
08/02/2024 23:20,August,3.41,3.39
08/02/2024 23:25,August,3.94,3.91
08/02/2024 23:30,August,3.8,3.78
08/02/2024 23:35,August,4.14,4.11
08/02/2024 23:40,August,4.15,4.12
08/02/2024 23:45,August,4.15,4.12
08/02/2024 23:50,August,4.63,4.59
08/02/2024 23:55,August,4.18,4.14
08/03/2024 0:00,August,4.17,4.14
08/03/2024 0:05,August,4.56,4.53
08/03/2024 0:10,August,3.76,3.74
08/03/2024 0:15,August,4.1,4.07
08/03/2024 0:20,August,4.1,4.07
08/03/2024 0:25,August,4.26,4.23
08/03/2024 0:30,August,4.25,4.22
08/03/2024 0:35,August,4.25,4.21
08/03/2024 0:40,August,4.26,4.23
08/03/2024 0:45,August,4.25,4.22
08/03/2024 0:50,August,4.25,4.22
08/03/2024 0:55,August,5.17,5.13
08/03/2024 1:00,August,4.11,4.08
08/03/2024 1:05,August,4.56,4.52
08/03/2024 1:10,August,5.12,5.08
08/03/2024 1:15,August,4.25,4.21
08/03/2024 1:20,August,4.12,4.08
08/03/2024 1:25,August,4.12,4.09
08/03/2024 1:30,August,4.12,4.08
08/03/2024 1:35,August,4.11,4.08
08/03/2024 1:40,August,3.77,3.74
08/03/2024 1:45,August,3.8,3.77
08/03/2024 1:50,August,3.81,3.78
08/03/2024 1:55,August,3.76,3.73
08/03/2024 2:00,August,3.81,3.78
08/03/2024 2:05,August,4.13,4.1
08/03/2024 2:10,August,4.11,4.07
08/03/2024 2:15,August,4.11,4.07
08/03/2024 2:20,August,4.11,4.08
08/03/2024 2:25,August,4.11,4.07
08/03/2024 2:30,August,4.13,4.1
08/03/2024 2:35,August,4.13,4.09
08/03/2024 2:40,August,3.81,3.78
08/03/2024 2:45,August,3.81,3.78
08/03/2024 2:50,August,3.93,3.89
08/03/2024 2:55,August,3.93,3.89
08/03/2024 3:00,August,3.81,3.78
08/03/2024 3:05,August,3.75,3.72
08/03/2024 3:10,August,3.8,3.76
08/03/2024 3:15,August,3.76,3.72
08/03/2024 3:20,August,3.77,3.73
08/03/2024 3:25,August,3.7,3.66
08/03/2024 3:30,August,3.69,3.66
08/03/2024 3:35,August,3.61,3.57
08/03/2024 3:40,August,3.6,3.56
08/03/2024 3:45,August,3.53,3.5
08/03/2024 3:50,August,3.6,3.56
08/03/2024 3:55,August,3.68,3.65
08/03/2024 4:00,August,3.6,3.56
08/03/2024 4:05,August,3.68,3.64
08/03/2024 4:10,August,3.69,3.65
08/03/2024 4:15,August,3.68,3.65
08/03/2024 4:20,August,3.69,3.66
08/03/2024 4:25,August,3.68,3.65
08/03/2024 4:30,August,3.69,3.65
08/03/2024 4:35,August,3.71,3.68
08/03/2024 4:40,August,3.69,3.66
08/03/2024 4:45,August,3.43,3.4
08/03/2024 4:50,August,3.6,3.56
08/03/2024 4:55,August,3.6,3.56
08/03/2024 5:00,August,3.43,3.4
08/03/2024 5:05,August,2.32,2.3
08/03/2024 5:10,August,2.94,2.91
08/03/2024 5:15,August,3.17,3.14
08/03/2024 5:20,August,3.44,3.41
08/03/2024 5:25,August,3.67,3.64
08/03/2024 5:30,August,3.59,3.56
08/03/2024 5:35,August,3.44,3.41
08/03/2024 5:40,August,3.44,3.41
08/03/2024 5:45,August,3.44,3.41
08/03/2024 5:50,August,3.44,3.41
08/03/2024 5:55,August,3.67,3.64
08/03/2024 6:00,August,3.44,3.41
08/03/2024 6:05,August,2.34,2.32
08/03/2024 6:10,August,2.93,2.9
08/03/2024 6:15,August,3.44,3.41
08/03/2024 6:20,August,3.43,3.41
08/03/2024 6:25,August,3.37,3.34
08/03/2024 6:30,August,3.36,3.33
08/03/2024 6:35,August,3.05,3.03
08/03/2024 6:40,August,2.34,2.33
08/03/2024 6:45,August,2.92,2.9
08/03/2024 6:50,August,2.92,2.89
08/03/2024 6:55,August,2.92,2.89
08/03/2024 7:00,August,2.92,2.9
08/03/2024 7:05,August,2.33,2.31
08/03/2024 7:10,August,2.62,2.6
08/03/2024 7:15,August,2.9,2.89
08/03/2024 7:20,August,2.79,2.78
08/03/2024 7:25,August,2.89,2.88
08/03/2024 7:30,August,2.9,2.88
08/03/2024 7:35,August,2.93,2.92
08/03/2024 7:40,August,2.93,2.92
08/03/2024 7:45,August,2.96,2.94
08/03/2024 7:50,August,2.94,2.93
08/03/2024 7:55,August,2.95,2.93
08/03/2024 8:00,August,3.67,3.66
08/03/2024 8:05,August,2.33,2.32
08/03/2024 8:10,August,2.34,2.33
08/03/2024 8:15,August,2.71,2.71
08/03/2024 8:20,August,2.74,2.73
08/03/2024 8:25,August,2.88,2.87
08/03/2024 8:30,August,2.89,2.89
08/03/2024 8:35,August,2.9,2.89
08/03/2024 8:40,August,2.91,2.9
08/03/2024 8:45,August,2.89,2.88
08/03/2024 8:50,August,2.87,2.86
08/03/2024 8:55,August,2.89,2.88
08/03/2024 9:00,August,2.93,2.93
08/03/2024 9:05,August,2.32,2.31
08/03/2024 9:10,August,2.68,2.67
08/03/2024 9:15,August,2.75,2.74
08/03/2024 9:20,August,2.86,2.86
08/03/2024 9:25,August,2.88,2.88
08/03/2024 9:30,August,2.88,2.88
08/03/2024 9:35,August,2.9,2.9
08/03/2024 9:40,August,2.91,2.91
08/03/2024 9:45,August,2.93,2.93
08/03/2024 9:50,August,3.45,3.45
08/03/2024 9:55,August,3.35,3.35
08/03/2024 10:00,August,3.2,3.2
08/03/2024 10:05,August,3.13,3.13
08/03/2024 10:10,August,3.4,3.4
08/03/2024 10:15,August,3.61,3.61
08/03/2024 10:20,August,3.6,3.6
08/03/2024 10:25,August,8.59,8.6
08/03/2024 10:30,August,5.05,5.06
08/03/2024 10:35,August,5.73,5.74
08/03/2024 10:40,August,5.07,5.07
08/03/2024 10:45,August,3.93,3.93
08/03/2024 10:50,August,3.93,3.93
08/03/2024 10:55,August,4.99,4.98
08/03/2024 11:00,August,4.23,4.22
08/03/2024 11:05,August,3.53,3.54
08/03/2024 11:10,August,3.91,3.91
08/03/2024 11:15,August,3.66,3.66
08/03/2024 11:20,August,3.91,3.92
08/03/2024 11:25,August,3.51,3.51
08/03/2024 11:30,August,3.91,3.91
08/03/2024 11:35,August,3.54,3.54
08/03/2024 11:40,August,3.61,3.61
08/03/2024 11:45,August,3.51,3.51
08/03/2024 11:50,August,3.6,3.6
08/03/2024 11:55,August,3.6,3.6
08/03/2024 12:00,August,3.35,3.35
08/03/2024 12:05,August,3.6,3.6
08/03/2024 12:10,August,3.61,3.6
08/03/2024 12:15,August,4.61,4.61
08/03/2024 12:20,August,3.62,3.62
08/03/2024 12:25,August,3.63,3.62
08/03/2024 12:30,August,5.07,5.07
08/03/2024 12:35,August,4.99,4.98
08/03/2024 12:40,August,4.61,4.61
08/03/2024 12:45,August,3.92,3.92
08/03/2024 12:50,August,3.93,3.92
08/03/2024 12:55,August,3.53,3.53
08/03/2024 13:00,August,3.62,3.62
08/03/2024 13:05,August,3.92,3.92
08/03/2024 13:10,August,5.92,5.9
08/03/2024 13:15,August,5.08,5.07
08/03/2024 13:20,August,5.78,5.75
08/03/2024 13:25,August,5.09,5.06
08/03/2024 13:30,August,12.47,12.43
08/03/2024 13:35,August,5.94,5.91
08/03/2024 13:40,August,5.8,5.78
08/03/2024 13:45,August,5.81,5.78
08/03/2024 13:50,August,13.04,12.98
08/03/2024 13:55,August,5.81,5.79
08/03/2024 14:00,August,5.82,5.81
08/03/2024 14:05,August,3.37,3.37
08/03/2024 14:10,August,4.08,4.08
08/03/2024 14:15,August,8.69,8.68
08/03/2024 14:20,August,5.81,5.81
08/03/2024 14:25,August,4.28,4.28
08/03/2024 14:30,August,4.88,4.88
08/03/2024 14:35,August,5.12,5.11
08/03/2024 14:40,August,5.95,5.94
08/03/2024 14:45,August,5.82,5.81
08/03/2024 14:50,August,5.15,5.14
08/03/2024 14:55,August,5.04,5.04
08/03/2024 15:00,August,3.54,3.53
08/03/2024 15:05,August,4.19,4.19
08/03/2024 15:10,August,4.88,4.87
08/03/2024 15:15,August,4.55,4.55
08/03/2024 15:20,August,5.09,5.11
08/03/2024 15:25,August,5.09,5.11
08/03/2024 15:30,August,5.02,5.03
08/03/2024 15:35,August,4.86,4.87
08/03/2024 15:40,August,5.09,5.11
08/03/2024 15:45,August,5.02,5.03
08/03/2024 15:50,August,5.02,5.03
08/03/2024 15:55,August,3.65,3.66
08/03/2024 16:00,August,3.17,3.17
08/03/2024 16:05,August,12.37,12.38
08/03/2024 16:10,August,7.82,7.82
08/03/2024 16:15,August,5.82,5.82
08/03/2024 16:20,August,5.14,5.13
08/03/2024 16:25,August,5.13,5.13
08/03/2024 16:30,August,4.52,4.51
08/03/2024 16:35,August,5.13,5.12
08/03/2024 16:40,August,4.54,4.54
08/03/2024 16:45,August,5.06,5.05
08/03/2024 16:50,August,4.54,4.54
08/03/2024 16:55,August,2.97,2.96
08/03/2024 17:00,August,3.39,3.38
08/03/2024 17:05,August,2.91,2.9
08/03/2024 17:10,August,3.02,3.01
08/03/2024 17:15,August,3.25,3.24
08/03/2024 17:20,August,3,2.99
08/03/2024 17:25,August,3.25,3.23
08/03/2024 17:30,August,3.03,3.02
08/03/2024 17:35,August,3.26,3.24
08/03/2024 17:40,August,3.26,3.25
08/03/2024 17:45,August,3.26,3.25
08/03/2024 17:50,August,3.27,3.25
08/03/2024 17:55,August,3.27,3.25
08/03/2024 18:00,August,3.27,3.25
08/03/2024 18:05,August,3.57,3.56
08/03/2024 18:10,August,3.42,3.4
08/03/2024 18:15,August,4.54,4.52
08/03/2024 18:20,August,4.54,4.51
08/03/2024 18:25,August,4.56,4.53
08/03/2024 18:30,August,4.55,4.53
08/03/2024 18:35,August,5.32,5.29
08/03/2024 18:40,August,5.2,5.17
08/03/2024 18:45,August,5.9,5.87
08/03/2024 18:50,August,5.34,5.31
08/03/2024 18:55,August,5.34,5.31
08/03/2024 19:00,August,5.34,5.31
08/03/2024 19:05,August,5.92,5.89
08/03/2024 19:10,August,5.35,5.32
08/03/2024 19:15,August,5.35,5.32
08/03/2024 19:20,August,5.35,5.32
08/03/2024 19:25,August,5.22,5.19
08/03/2024 19:30,August,3.74,3.72
08/03/2024 19:35,August,4.57,4.55
08/03/2024 19:40,August,4.64,4.61
08/03/2024 19:45,August,4.63,4.61
08/03/2024 19:50,August,6.04,6
08/03/2024 19:55,August,5.22,5.19
08/03/2024 20:00,August,5.22,5.19
08/03/2024 20:05,August,7.9,7.85
08/03/2024 20:10,August,5.36,5.33
08/03/2024 20:15,August,5.36,5.33
08/03/2024 20:20,August,5.36,5.33
08/03/2024 20:25,August,5.37,5.34
08/03/2024 20:30,August,5.38,5.35
08/03/2024 20:35,August,5.38,5.34
08/03/2024 20:40,August,5.38,5.35
08/03/2024 20:45,August,5.38,5.35
08/03/2024 20:50,August,5.38,5.35
08/03/2024 20:55,August,5.38,5.35
08/03/2024 21:00,August,5.37,5.34
08/03/2024 21:05,August,29.11,28.91
08/03/2024 21:10,August,13.51,13.42
08/03/2024 21:15,August,5.98,5.93
08/03/2024 21:20,August,5.98,5.94
08/03/2024 21:25,August,4.41,4.38
08/03/2024 21:30,August,5.39,5.35
08/03/2024 21:35,August,5.38,5.35
08/03/2024 21:40,August,5.38,5.34
08/03/2024 21:45,August,5.37,5.33
08/03/2024 21:50,August,5.36,5.33
08/03/2024 21:55,August,5.15,5.11
08/03/2024 22:00,August,3.8,3.78
08/03/2024 22:05,August,28.03,27.84
08/03/2024 22:10,August,5.95,5.91
08/03/2024 22:15,August,5.96,5.92
08/03/2024 22:20,August,4.18,4.14
08/03/2024 22:25,August,4.17,4.13
08/03/2024 22:30,August,5.15,5.11
08/03/2024 22:35,August,5.25,5.2
08/03/2024 22:40,August,5.24,5.2
08/03/2024 22:45,August,6.06,6.01
08/03/2024 22:50,August,5.5,5.46
08/03/2024 22:55,August,5.24,5.2
08/03/2024 23:00,August,5.5,5.45
08/03/2024 23:05,August,28.14,27.93
08/03/2024 23:10,August,5.95,5.9
08/03/2024 23:15,August,5.25,5.21
08/03/2024 23:20,August,5.95,5.91
08/03/2024 23:25,August,5.25,5.2
08/03/2024 23:30,August,5.25,5.21
08/03/2024 23:35,August,4.62,4.59
08/03/2024 23:40,August,4.79,4.75
08/03/2024 23:45,August,4.79,4.75
08/03/2024 23:50,August,4.16,4.13
08/03/2024 23:55,August,4.16,4.13
08/04/2024 0:00,August,4.16,4.12
08/04/2024 0:05,August,4.16,4.12
08/04/2024 0:10,August,4.16,4.13
08/04/2024 0:15,August,5.24,5.2
08/04/2024 0:20,August,5.25,5.21
08/04/2024 0:25,August,5.96,5.91
08/04/2024 0:30,August,5.14,5.1
08/04/2024 0:35,August,5.38,5.34
08/04/2024 0:40,August,5.25,5.21
08/04/2024 0:45,August,5.15,5.11
08/04/2024 0:50,August,5.15,5.11
08/04/2024 0:55,August,5.15,5.11
08/04/2024 1:00,August,5.15,5.11
08/04/2024 1:05,August,3.03,3.01
08/04/2024 1:10,August,3.81,3.78
08/04/2024 1:15,August,4.15,4.11
08/04/2024 1:20,August,4.15,4.11
08/04/2024 1:25,August,4.14,4.11
08/04/2024 1:30,August,4.63,4.59
08/04/2024 1:35,August,4.15,4.12
08/04/2024 1:40,August,4.15,4.12
08/04/2024 1:45,August,3.81,3.78
08/04/2024 1:50,August,4.15,4.12
08/04/2024 1:55,August,4.15,4.11
08/04/2024 2:00,August,4.14,4.11
08/04/2024 2:05,August,4.15,4.11
08/04/2024 2:10,August,4.14,4.11
08/04/2024 2:15,August,4.14,4.1
08/04/2024 2:20,August,4.14,4.1
08/04/2024 2:25,August,3.43,3.4
08/04/2024 2:30,August,3.81,3.77
08/04/2024 2:35,August,3.8,3.77
08/04/2024 2:40,August,3.91,3.87
08/04/2024 2:45,August,3.81,3.77
08/04/2024 2:50,August,3.91,3.87
08/04/2024 2:55,August,3.81,3.77
08/04/2024 3:00,August,3.81,3.77
08/04/2024 3:05,August,3.8,3.76
08/04/2024 3:10,August,3.8,3.76
08/04/2024 3:15,August,3.59,3.55
08/04/2024 3:20,August,3.6,3.56
08/04/2024 3:25,August,3.43,3.4
08/04/2024 3:30,August,3.44,3.4
08/04/2024 3:35,August,3.43,3.4
08/04/2024 3:40,August,3.01,2.98
08/04/2024 3:45,August,3.29,3.26
08/04/2024 3:50,August,3.29,3.26
08/04/2024 3:55,August,3.29,3.26
08/04/2024 4:00,August,2.98,2.96
08/04/2024 4:05,August,3.02,2.99
08/04/2024 4:10,August,3.29,3.26
08/04/2024 4:15,August,3.43,3.4
08/04/2024 4:20,August,3.29,3.26
08/04/2024 4:25,August,3.29,3.26
08/04/2024 4:30,August,3.42,3.39
08/04/2024 4:35,August,3.03,3.01
08/04/2024 4:40,August,3.29,3.26
08/04/2024 4:45,August,3.29,3.26
08/04/2024 4:50,August,3.03,3.01
08/04/2024 4:55,August,3.29,3.26
08/04/2024 5:00,August,3.29,3.26
08/04/2024 5:05,August,4.65,4.61
08/04/2024 5:10,August,5.22,5.18
08/04/2024 5:15,August,4.14,4.1
08/04/2024 5:20,August,4.14,4.1
08/04/2024 5:25,August,3.94,3.91
08/04/2024 5:30,August,3.8,3.77
08/04/2024 5:35,August,5.21,5.17
08/04/2024 5:40,August,5.91,5.87
08/04/2024 5:45,August,4.13,4.1
08/04/2024 5:50,August,3.02,3
08/04/2024 5:55,August,3.41,3.38
08/04/2024 6:00,August,3.29,3.26
08/04/2024 6:05,August,3.29,3.26
08/04/2024 6:10,August,3.43,3.4
08/04/2024 6:15,August,3.29,3.26
08/04/2024 6:20,August,3.46,3.4
08/04/2024 6:25,August,3.07,3.02
08/04/2024 6:30,August,3.06,3.01
08/04/2024 6:35,August,3.31,3.25
08/04/2024 6:40,August,3.04,2.99
08/04/2024 6:45,August,2.9,2.86
08/04/2024 6:50,August,2.92,2.87
08/04/2024 6:55,August,2.94,2.89
08/04/2024 7:00,August,2.94,2.9
08/04/2024 7:05,August,2.94,2.9
08/04/2024 7:10,August,3.44,3.39
08/04/2024 7:15,August,3.44,3.39
08/04/2024 7:20,August,3.44,3.38
08/04/2024 7:25,August,3.43,3.38
08/04/2024 7:30,August,3.43,3.38
08/04/2024 7:35,August,3.4,3.38
08/04/2024 7:40,August,3.4,3.38
08/04/2024 7:45,August,3.4,3.38
08/04/2024 7:50,August,3.4,3.38
08/04/2024 7:55,August,3.4,3.38
08/04/2024 8:00,August,3.4,3.38
08/04/2024 8:05,August,1.58,1.57
08/04/2024 8:10,August,1.58,1.57
08/04/2024 8:15,August,2.19,2.18
08/04/2024 8:20,August,2.18,2.17
08/04/2024 8:25,August,2.67,2.67
08/04/2024 8:30,August,2.77,2.77
08/04/2024 8:35,August,2.69,2.68
08/04/2024 8:40,August,2.88,2.87
08/04/2024 8:45,August,2.87,2.87
08/04/2024 8:50,August,2.78,2.77
08/04/2024 8:55,August,3.36,3.35
08/04/2024 9:00,August,3.36,3.35
08/04/2024 9:05,August,2.87,2.87
08/04/2024 9:10,August,3.49,3.49
08/04/2024 9:15,August,3.49,3.49
08/04/2024 9:20,August,3.57,3.56
08/04/2024 9:25,August,3.56,3.55
08/04/2024 9:30,August,3.57,3.55
08/04/2024 9:35,August,3.37,3.35
08/04/2024 9:40,August,3.57,3.55
08/04/2024 9:45,August,3.58,3.55
08/04/2024 9:50,August,3.9,3.88
08/04/2024 9:55,August,3.57,3.56
08/04/2024 10:00,August,3.49,3.48
08/04/2024 10:05,August,2.4,2.39
08/04/2024 10:10,August,3.34,3.34
08/04/2024 10:15,August,3.21,3.21
08/04/2024 10:20,August,3.53,3.53
08/04/2024 10:25,August,3.21,3.21
08/04/2024 10:30,August,12.22,12.21
08/04/2024 10:35,August,3.64,3.64
08/04/2024 10:40,August,5.06,5.06
08/04/2024 10:45,August,3.55,3.55
08/04/2024 10:50,August,3.66,3.66
08/04/2024 10:55,August,3.22,3.21
08/04/2024 11:00,August,12.26,12.26
08/04/2024 11:05,August,2.87,2.88
08/04/2024 11:10,August,3.65,3.65
08/04/2024 11:15,August,3.55,3.55
08/04/2024 11:20,August,3.33,3.33
08/04/2024 11:25,August,3.34,3.34
08/04/2024 11:30,August,3.21,3.22
08/04/2024 11:35,August,3.03,3.03
08/04/2024 11:40,August,2.88,2.87
08/04/2024 11:45,August,3.08,3.07
08/04/2024 11:50,August,2.19,2.19
08/04/2024 11:55,August,2.86,2.86
08/04/2024 12:00,August,2.74,2.73
08/04/2024 12:05,August,2.88,2.87
08/04/2024 12:10,August,2.87,2.87
08/04/2024 12:15,August,3.22,3.21
08/04/2024 12:20,August,3.03,3.02
08/04/2024 12:25,August,2.88,2.87
08/04/2024 12:30,August,3.02,3.02
08/04/2024 12:35,August,3.52,3.48
08/04/2024 12:40,August,3.24,3.21
08/04/2024 12:45,August,3.46,3.43
08/04/2024 12:50,August,3.36,3.33
08/04/2024 12:55,August,3.67,3.64
08/04/2024 13:00,August,3.57,3.53
08/04/2024 13:05,August,3.36,3.33
08/04/2024 13:10,August,3.46,3.43
08/04/2024 13:15,August,3.35,3.33
08/04/2024 13:20,August,3.35,3.33
08/04/2024 13:25,August,3.51,3.52
08/04/2024 13:30,August,5.04,5.06
08/04/2024 13:35,August,3.55,3.52
08/04/2024 13:40,August,5.79,5.75
08/04/2024 13:45,August,5.13,5.07
08/04/2024 13:50,August,3.97,3.9
08/04/2024 13:55,August,3.67,3.61
08/04/2024 14:00,August,3.64,3.61
08/04/2024 14:05,August,3.6,3.58
08/04/2024 14:10,August,3.71,3.69
08/04/2024 14:15,August,3.6,3.58
08/04/2024 14:20,August,3.74,3.7
08/04/2024 14:25,August,3.75,3.71
08/04/2024 14:30,August,3.64,3.61
08/04/2024 14:35,August,3.66,3.63
08/04/2024 14:40,August,3.92,3.89
08/04/2024 14:45,August,3.67,3.64
08/04/2024 14:50,August,5.15,5.1
08/04/2024 14:55,August,3.96,3.93
08/04/2024 15:00,August,3.65,3.62
08/04/2024 15:05,August,3.68,3.64
08/04/2024 15:10,August,5.85,5.8
08/04/2024 15:15,August,16.98,16.83
08/04/2024 15:20,August,5.85,5.8
08/04/2024 15:25,August,4.27,4.24
08/04/2024 15:30,August,4.91,4.87
08/04/2024 15:35,August,3.94,3.92
08/04/2024 15:40,August,3.39,3.36
08/04/2024 15:45,August,3.65,3.62
08/04/2024 15:50,August,3.65,3.62
08/04/2024 15:55,August,3.67,3.64
08/04/2024 16:00,August,3.57,3.55
08/04/2024 16:05,August,9.83,9.73
08/04/2024 16:10,August,6.01,5.96
08/04/2024 16:15,August,4.66,4.62
08/04/2024 16:20,August,3.7,3.67
08/04/2024 16:25,August,4.66,4.62
08/04/2024 16:30,August,3.78,3.75
08/04/2024 16:35,August,5.85,5.8
08/04/2024 16:40,August,5.16,5.11
08/04/2024 16:45,August,3.98,3.94
08/04/2024 16:50,August,3.99,3.95
08/04/2024 16:55,August,3.98,3.93
08/04/2024 17:00,August,5.17,5.11
08/04/2024 17:05,August,3.74,3.7
08/04/2024 17:10,August,3.41,3.37
08/04/2024 17:15,August,3.58,3.54
08/04/2024 17:20,August,4.67,4.61
08/04/2024 17:25,August,5.18,5.13
08/04/2024 17:30,August,5.88,5.82
08/04/2024 17:35,August,5.89,5.82
08/04/2024 17:40,August,5.9,5.83
08/04/2024 17:45,August,5.89,5.83
08/04/2024 17:50,August,5.9,5.83
08/04/2024 17:55,August,9.88,9.76
08/04/2024 18:00,August,5.91,5.84
08/04/2024 18:05,August,4.01,3.96
08/04/2024 18:10,August,3.95,3.91
08/04/2024 18:15,August,4.67,4.61
08/04/2024 18:20,August,5.21,5.15
08/04/2024 18:25,August,5.36,5.29
08/04/2024 18:30,August,5.22,5.15
08/04/2024 18:35,August,5.22,5.15
08/04/2024 18:40,August,5.36,5.29
08/04/2024 18:45,August,5.22,5.15
08/04/2024 18:50,August,5.37,5.3
08/04/2024 18:55,August,5.37,5.3
08/04/2024 19:00,August,5.37,5.3
08/04/2024 19:05,August,5.23,5.16
08/04/2024 19:10,August,5.38,5.3
08/04/2024 19:15,August,12.45,12.28
08/04/2024 19:20,August,6.12,6.09
08/04/2024 19:25,August,5.39,5.35
08/04/2024 19:30,August,5.38,5.35
08/04/2024 19:35,August,5.39,5.36
08/04/2024 19:40,August,6.04,6.01
08/04/2024 19:45,August,5.24,5.21
08/04/2024 19:50,August,4.93,4.9
08/04/2024 19:55,August,5.37,5.33
08/04/2024 20:00,August,5.36,5.33
08/04/2024 20:05,August,5.37,5.33
08/04/2024 20:10,August,5.94,5.9
08/04/2024 20:15,August,28.11,27.95
08/04/2024 20:20,August,6.13,6.09
08/04/2024 20:25,August,5.97,5.93
08/04/2024 20:30,August,5.98,5.94
08/04/2024 20:35,August,6.13,6.09
08/04/2024 20:40,August,5.98,5.94
08/04/2024 20:45,August,5.98,5.94
08/04/2024 20:50,August,7.92,7.87
08/04/2024 20:55,August,6.13,6.09
08/04/2024 21:00,August,5.99,5.95
08/04/2024 21:05,August,12.28,12.19
08/04/2024 21:10,August,5.43,5.39
08/04/2024 21:15,August,5.43,5.39
08/04/2024 21:20,August,5.42,5.39
08/04/2024 21:25,August,5.42,5.38
08/04/2024 21:30,August,5.42,5.38
08/04/2024 21:35,August,5.41,5.37
08/04/2024 21:40,August,5.41,5.37
08/04/2024 21:45,August,5.4,5.37
08/04/2024 21:50,August,5.4,5.36
08/04/2024 21:55,August,5.4,5.37
08/04/2024 22:00,August,5.4,5.36
08/04/2024 22:05,August,4.94,4.91
08/04/2024 22:10,August,4.39,4.36
08/04/2024 22:15,August,5.27,5.23
08/04/2024 22:20,August,5.27,5.23
08/04/2024 22:25,August,5.27,5.23
08/04/2024 22:30,August,5.27,5.23
08/04/2024 22:35,August,5.09,5.05
08/04/2024 22:40,August,4.94,4.91
08/04/2024 22:45,August,4.94,4.9
08/04/2024 22:50,August,4.18,4.15
08/04/2024 22:55,August,4.39,4.35
08/04/2024 23:00,August,4.18,4.15
08/04/2024 23:05,August,5.24,5.2
08/04/2024 23:10,August,4.17,4.14
08/04/2024 23:15,August,4.17,4.13
08/04/2024 23:20,August,4.17,4.14
08/04/2024 23:25,August,4.17,4.14
08/04/2024 23:30,August,4.17,4.14
08/04/2024 23:35,August,4.18,4.14
08/04/2024 23:40,August,4.18,4.14
08/04/2024 23:45,August,4.18,4.14
08/04/2024 23:50,August,4.18,4.15
08/04/2024 23:55,August,4.17,4.14
08/05/2024 0:00,August,3.81,3.78
08/05/2024 0:05,August,5.79,5.74
08/05/2024 0:10,August,5.01,4.96
08/05/2024 0:15,August,4.52,4.48
08/05/2024 0:20,August,4.38,4.34
08/05/2024 0:25,August,4.58,4.55
08/05/2024 0:30,August,4.38,4.35
08/05/2024 0:35,August,4.37,4.34
08/05/2024 0:40,August,4.37,4.34
08/05/2024 0:45,August,4.37,4.33
08/05/2024 0:50,August,4.19,4.16
08/05/2024 0:55,August,4.19,4.16
08/05/2024 1:00,August,4.1,4.07
08/05/2024 1:05,August,4.12,4.09
08/05/2024 1:10,August,4.17,4.14
08/05/2024 1:15,August,4.17,4.14
08/05/2024 1:20,August,4.25,4.22
08/05/2024 1:25,August,4.18,4.15
08/05/2024 1:30,August,4.18,4.15
08/05/2024 1:35,August,4.17,4.14
08/05/2024 1:40,August,4.17,4.14
08/05/2024 1:45,August,4.16,4.14
08/05/2024 1:50,August,4.16,4.14
08/05/2024 1:55,August,4.16,4.13
08/05/2024 2:00,August,4.15,4.13
08/05/2024 2:05,August,4.87,4.84
08/05/2024 2:10,August,6.05,6.01
08/05/2024 2:15,August,5.2,5.17
08/05/2024 2:20,August,3.69,3.67
08/05/2024 2:25,August,4.03,4
08/05/2024 2:30,August,3.7,3.67
08/05/2024 2:35,August,4.02,3.99
08/05/2024 2:40,August,4.02,3.99
08/05/2024 2:45,August,4.02,3.99
08/05/2024 2:50,August,4.02,3.99
08/05/2024 2:55,August,4.14,4.11
08/05/2024 3:00,August,4.15,4.12
08/05/2024 3:05,August,4.15,4.12
08/05/2024 3:10,August,4.25,4.22
08/05/2024 3:15,August,4.25,4.22
08/05/2024 3:20,August,4.25,4.22
08/05/2024 3:25,August,4.25,4.22
08/05/2024 3:30,August,4.24,4.21
08/05/2024 3:35,August,4.24,4.21
08/05/2024 3:40,August,4.64,4.6
08/05/2024 3:45,August,4.25,4.22
08/05/2024 3:50,August,4.24,4.21
08/05/2024 3:55,August,4.02,3.99
08/05/2024 4:00,August,4.14,4.11
08/05/2024 4:05,August,4.24,4.2
08/05/2024 4:10,August,5.91,5.87
08/05/2024 4:15,August,4.24,4.21
08/05/2024 4:20,August,4.64,4.6
08/05/2024 4:25,August,5.2,5.17
08/05/2024 4:30,August,5.09,5.05
08/05/2024 4:35,August,4.35,4.32
08/05/2024 4:40,August,4.39,4.36
08/05/2024 4:45,August,4.35,4.32
08/05/2024 4:50,August,4.64,4.61
08/05/2024 4:55,August,5.1,5.06
08/05/2024 5:00,August,4.64,4.61
08/05/2024 5:05,August,4.02,3.99
08/05/2024 5:10,August,4.36,4.33
08/05/2024 5:15,August,5.02,4.98
08/05/2024 5:20,August,4.86,4.83
08/05/2024 5:25,August,4.87,4.84
08/05/2024 5:30,August,6.19,6.15
08/05/2024 5:35,August,5.92,5.88
08/05/2024 5:40,August,5.1,5.07
08/05/2024 5:45,August,4.88,4.85
08/05/2024 5:50,August,4.8,4.77
08/05/2024 5:55,August,4.75,4.71
08/05/2024 6:00,August,4.75,4.71
08/05/2024 6:05,August,3.28,3.26
08/05/2024 6:10,August,3.45,3.42
08/05/2024 6:15,August,3.96,3.93
08/05/2024 6:20,August,3.33,3.31
08/05/2024 6:25,August,3.28,3.25
08/05/2024 6:30,August,3.31,3.29
08/05/2024 6:35,August,3.32,3.29
08/05/2024 6:40,August,3.33,3.31
08/05/2024 6:45,August,3.43,3.41
08/05/2024 6:50,August,3.92,3.9
08/05/2024 6:55,August,3.41,3.38
08/05/2024 7:00,August,3.55,3.53
08/05/2024 7:05,August,3.42,3.4
08/05/2024 7:10,August,3.67,3.65
08/05/2024 7:15,August,3.67,3.65
08/05/2024 7:20,August,4.87,4.85
08/05/2024 7:25,August,5.07,5.04
08/05/2024 7:30,August,4.88,4.86
08/05/2024 7:35,August,4.9,4.88
08/05/2024 7:40,August,5.4,5.39
08/05/2024 7:45,August,5.14,5.12
08/05/2024 7:50,August,4.89,4.88
08/05/2024 7:55,August,5.13,5.12
08/05/2024 8:00,August,5.96,5.95
08/05/2024 8:05,August,3.36,3.35
08/05/2024 8:10,August,3.63,3.63
08/05/2024 8:15,August,4.4,4.4
08/05/2024 8:20,August,3.63,3.62
08/05/2024 8:25,August,4.4,4.4
08/05/2024 8:30,August,13.63,13.64
08/05/2024 8:35,August,5.92,5.92
08/05/2024 8:40,August,5.09,5.09
08/05/2024 8:45,August,19.43,19.47
08/05/2024 8:50,August,5.78,5.79
08/05/2024 8:55,August,5.78,5.79
08/05/2024 9:00,August,8.65,8.66
08/05/2024 9:05,August,5.81,5.82
08/05/2024 9:10,August,14.95,14.97
08/05/2024 9:15,August,13.33,13.34
08/05/2024 9:20,August,13.06,13.07
08/05/2024 9:25,August,5.14,5.14
08/05/2024 9:30,August,5.81,5.81
08/05/2024 9:35,August,3.95,3.95
08/05/2024 9:40,August,5.8,5.81
08/05/2024 9:45,August,13.03,13.06
08/05/2024 9:50,August,11.43,11.46
08/05/2024 9:55,August,17.97,18.02
08/05/2024 10:00,August,16.32,16.36
08/05/2024 10:05,August,4.5,4.51
08/05/2024 10:10,August,5.12,5.13
08/05/2024 10:15,August,5.8,5.82
08/05/2024 10:20,August,12.99,13.02
08/05/2024 10:25,August,15.88,15.92
08/05/2024 10:30,August,20.22,20.23
08/05/2024 10:35,August,12.36,12.37
08/05/2024 10:40,August,13.07,13.07
08/05/2024 10:45,August,13.08,13.07
08/05/2024 10:50,August,14.54,14.53
08/05/2024 10:55,August,13.08,13.07
08/05/2024 11:00,August,12.45,12.43
08/05/2024 11:05,August,3.31,3.3
08/05/2024 11:10,August,3.33,3.33
08/05/2024 11:15,August,4.52,4.52
08/05/2024 11:20,August,5.15,5.13
08/05/2024 11:25,August,4.54,4.52
08/05/2024 11:30,August,5.17,5.15
08/05/2024 11:35,August,4.53,4.52
08/05/2024 11:40,August,13.54,13.49
08/05/2024 11:45,August,5.89,5.87
08/05/2024 11:50,August,5.19,5.17
08/05/2024 11:55,August,4.53,4.52
08/05/2024 12:00,August,11.64,11.6
08/05/2024 12:05,August,3.33,3.31
08/05/2024 12:10,August,3.48,3.47
08/05/2024 12:15,August,13.07,13.02
08/05/2024 12:20,August,5.29,5.28
08/05/2024 12:25,August,5.29,5.28
08/05/2024 12:30,August,5.29,5.28
08/05/2024 12:35,August,17.68,17.64
08/05/2024 12:40,August,13.52,13.49
08/05/2024 12:45,August,5.89,5.88
08/05/2024 12:50,August,5.33,5.32
08/05/2024 12:55,August,5.9,5.89
08/05/2024 13:00,August,15.74,15.73
08/05/2024 13:05,August,13.57,13.55
08/05/2024 13:10,August,22.71,22.69
08/05/2024 13:15,August,21.92,21.9
08/05/2024 13:20,August,19.49,19.51
08/05/2024 13:25,August,16.05,16.07
08/05/2024 13:30,August,14.36,14.38
08/05/2024 13:35,August,15.77,15.79
08/05/2024 13:40,August,13.74,13.76
08/05/2024 13:45,August,13.31,13.32
08/05/2024 13:50,August,13.72,13.73
08/05/2024 13:55,August,13.72,13.73
08/05/2024 14:00,August,13.69,13.7
08/05/2024 14:05,August,5.36,5.37
08/05/2024 14:10,August,5.93,5.94
08/05/2024 14:15,August,8.97,8.98
08/05/2024 14:20,August,5.93,5.94
08/05/2024 14:25,August,9.77,9.78
08/05/2024 14:30,August,11.62,11.63
08/05/2024 14:35,August,9.8,9.8
08/05/2024 14:40,August,9.81,9.81
08/05/2024 14:45,August,13.18,13.18
08/05/2024 14:50,August,12.56,12.56
08/05/2024 14:55,August,12.56,12.56
08/05/2024 15:00,August,9.79,9.79
08/05/2024 15:05,August,13.21,13.21
08/05/2024 15:10,August,13.22,13.21
08/05/2024 15:15,August,8.81,8.8
08/05/2024 15:20,August,11.19,11.18
08/05/2024 15:25,August,8.8,8.8
08/05/2024 15:30,August,9.8,9.8
08/05/2024 15:35,August,9.8,9.79
08/05/2024 15:40,August,5.95,5.95
08/05/2024 15:45,August,5.38,5.38
08/05/2024 15:50,August,5.38,5.38
08/05/2024 15:55,August,5.94,5.94
08/05/2024 16:00,August,5.94,5.94
08/05/2024 16:05,August,9.8,9.8
08/05/2024 16:10,August,5.94,5.94
08/05/2024 16:15,August,5.94,5.94
08/05/2024 16:20,August,5.94,5.94
08/05/2024 16:25,August,5.94,5.94
08/05/2024 16:30,August,5.94,5.94
08/05/2024 16:35,August,5.94,5.94
08/05/2024 16:40,August,5.94,5.94
08/05/2024 16:45,August,5.94,5.94
08/05/2024 16:50,August,5.95,5.95
08/05/2024 16:55,August,5.95,5.95
08/05/2024 17:00,August,5.29,5.29
08/05/2024 17:05,August,5.96,5.96
08/05/2024 17:10,August,5.4,5.4
08/05/2024 17:15,August,5.96,5.96
08/05/2024 17:20,August,5.97,5.96
08/05/2024 17:25,August,8.85,8.83
08/05/2024 17:30,August,5.98,5.97
08/05/2024 17:35,August,5.98,5.97
08/05/2024 17:40,August,6.03,6.02
08/05/2024 17:45,August,5.99,5.98
08/05/2024 17:50,August,5.99,5.98
08/05/2024 17:55,August,5.99,5.97
08/05/2024 18:00,August,5.99,5.98
08/05/2024 18:05,August,6.05,6.03
08/05/2024 18:10,August,6.05,6.03
08/05/2024 18:15,August,9.89,9.86
08/05/2024 18:20,August,13.35,13.3
08/05/2024 18:25,August,16.32,16.27
08/05/2024 18:30,August,22.26,22.19
08/05/2024 18:35,August,28.21,28.12
08/05/2024 18:40,August,28.2,28.11
08/05/2024 18:45,August,30.95,30.85
08/05/2024 18:50,August,31.02,30.92
08/05/2024 18:55,August,31.01,30.91
08/05/2024 19:00,August,31.01,30.91
08/05/2024 19:05,August,19.27,19.22
08/05/2024 19:10,August,16.3,16.25
08/05/2024 19:15,August,17.02,16.98
08/05/2024 19:20,August,12.6,12.57
08/05/2024 19:25,August,11.92,11.88
08/05/2024 19:30,August,12.41,12.37
08/05/2024 19:35,August,12.42,12.38
08/05/2024 19:40,August,12.39,12.35
08/05/2024 19:45,August,12.39,12.35
08/05/2024 19:50,August,12.39,12.35
08/05/2024 19:55,August,12.39,12.35
08/05/2024 20:00,August,12.4,12.35
08/05/2024 20:05,August,28.2,28.1
08/05/2024 20:10,August,25.89,25.79
08/05/2024 20:15,August,25.9,25.8
08/05/2024 20:20,August,10.41,10.37
08/05/2024 20:25,August,10.41,10.37
08/05/2024 20:30,August,10.4,10.36
08/05/2024 20:35,August,9.88,9.84
08/05/2024 20:40,August,9.41,9.37
08/05/2024 20:45,August,9.35,9.31
08/05/2024 20:50,August,9.33,9.29
08/05/2024 20:55,August,9.32,9.28
08/05/2024 21:00,August,8.28,8.25
08/05/2024 21:05,August,31.15,31.01
08/05/2024 21:10,August,28.89,28.76
08/05/2024 21:15,August,30.97,30.82
08/05/2024 21:20,August,31.07,30.92
08/05/2024 21:25,August,12.48,12.42
08/05/2024 21:30,August,14.23,14.16
08/05/2024 21:35,August,14.85,14.78
08/05/2024 21:40,August,10.73,10.69
08/05/2024 21:45,August,12.48,12.42
08/05/2024 21:50,August,11.15,11.1
08/05/2024 21:55,August,10.86,10.81
08/05/2024 22:00,August,8.3,8.26
08/05/2024 22:05,August,8.32,8.28
08/05/2024 22:10,August,11.81,11.74
08/05/2024 22:15,August,24.64,24.5
08/05/2024 22:20,August,12.29,12.22
08/05/2024 22:25,August,8.3,8.25
08/05/2024 22:30,August,8.27,8.22
08/05/2024 22:35,August,8.28,8.24
08/05/2024 22:40,August,8.24,8.19
08/05/2024 22:45,August,8.23,8.18
08/05/2024 22:50,August,7.79,7.75
08/05/2024 22:55,August,5.33,5.3
08/05/2024 23:00,August,5.14,5.11
08/05/2024 23:05,August,25,24.86
08/05/2024 23:10,August,4.94,4.91
08/05/2024 23:15,August,4.74,4.71
08/05/2024 23:20,August,4.73,4.71
08/05/2024 23:25,August,4.75,4.72
08/05/2024 23:30,August,5,4.97
08/05/2024 23:35,August,4.73,4.71
08/05/2024 23:40,August,5.01,4.98
08/05/2024 23:45,August,5.27,5.24
08/05/2024 23:50,August,5.15,5.13
08/05/2024 23:55,August,5.02,4.99
08/06/2024 0:00,August,4.6,4.58
08/06/2024 0:05,August,5.53,5.5
08/06/2024 0:10,August,5.24,5.22
08/06/2024 0:15,August,4.78,4.76
08/06/2024 0:20,August,4.52,4.5
08/06/2024 0:25,August,4.69,4.67
08/06/2024 0:30,August,4.63,4.61
08/06/2024 0:35,August,4.68,4.66
08/06/2024 0:40,August,4.48,4.46
08/06/2024 0:45,August,4.48,4.46
08/06/2024 0:50,August,4.78,4.76
08/06/2024 0:55,August,4.68,4.65
08/06/2024 1:00,August,4.68,4.65
08/06/2024 1:05,August,4.79,4.77
08/06/2024 1:10,August,4.7,4.67
08/06/2024 1:15,August,4.7,4.68
08/06/2024 1:20,August,4.54,4.52
08/06/2024 1:25,August,8.36,8.33
08/06/2024 1:30,August,4.18,4.16
08/06/2024 1:35,August,4.18,4.16
08/06/2024 1:40,August,4.18,4.16
08/06/2024 1:45,August,4.18,4.16
08/06/2024 1:50,August,4.7,4.68
08/06/2024 1:55,August,4.3,4.28
08/06/2024 2:00,August,4.32,4.3
08/06/2024 2:05,August,4.81,4.79
08/06/2024 2:10,August,4.32,4.3
08/06/2024 2:15,August,4.3,4.28
08/06/2024 2:20,August,4.32,4.3
08/06/2024 2:25,August,4.32,4.31
08/06/2024 2:30,August,4.32,4.3
08/06/2024 2:35,August,4.19,4.17
08/06/2024 2:40,August,4.19,4.17
08/06/2024 2:45,August,4.19,4.17
08/06/2024 2:50,August,4.56,4.54
08/06/2024 2:55,August,4.56,4.54
08/06/2024 3:00,August,4.56,4.54
08/06/2024 3:05,August,4.19,4.17
08/06/2024 3:10,August,4.19,4.17
08/06/2024 3:15,August,4.19,4.17
08/06/2024 3:20,August,4.55,4.53
08/06/2024 3:25,August,4.19,4.17
08/06/2024 3:30,August,3.7,3.68
08/06/2024 3:35,August,4.15,4.12
08/06/2024 3:40,August,4.17,4.15
08/06/2024 3:45,August,4.16,4.14
08/06/2024 3:50,August,4.16,4.14
08/06/2024 3:55,August,4.16,4.13
08/06/2024 4:00,August,4.16,4.13
08/06/2024 4:05,August,4.15,4.12
08/06/2024 4:10,August,4.16,4.14
08/06/2024 4:15,August,4.16,4.14
08/06/2024 4:20,August,4.16,4.14
08/06/2024 4:25,August,4.16,4.14
08/06/2024 4:30,August,4.16,4.14
08/06/2024 4:35,August,4.16,4.14
08/06/2024 4:40,August,4.16,4.14
08/06/2024 4:45,August,4.16,4.14
08/06/2024 4:50,August,4.16,4.14
08/06/2024 4:55,August,4.16,4.14
08/06/2024 5:00,August,4.16,4.14
08/06/2024 5:05,August,3.44,3.42
08/06/2024 5:10,August,4.16,4.13
08/06/2024 5:15,August,4.16,4.13
08/06/2024 5:20,August,4.16,4.13
08/06/2024 5:25,August,4.16,4.14
08/06/2024 5:30,August,4.17,4.14
08/06/2024 5:35,August,4.17,4.14
08/06/2024 5:40,August,4.17,4.14
08/06/2024 5:45,August,4.17,4.14
08/06/2024 5:50,August,4.15,4.12
08/06/2024 5:55,August,4.16,4.14
08/06/2024 6:00,August,4.16,4.14
08/06/2024 6:05,August,3.21,3.19
08/06/2024 6:10,August,3.25,3.23
08/06/2024 6:15,August,3.28,3.26
08/06/2024 6:20,August,3.28,3.26
08/06/2024 6:25,August,3.45,3.42
08/06/2024 6:30,August,3.26,3.24
08/06/2024 6:35,August,3.24,3.22
08/06/2024 6:40,August,3.22,3.19
08/06/2024 6:45,August,3.22,3.2
08/06/2024 6:50,August,3.22,3.2
08/06/2024 6:55,August,3.21,3.19
08/06/2024 7:00,August,3.22,3.2
08/06/2024 7:05,August,3.11,3.09
08/06/2024 7:10,August,3.14,3.12
08/06/2024 7:15,August,3.23,3.21
08/06/2024 7:20,August,3.24,3.22
08/06/2024 7:25,August,3.26,3.25
08/06/2024 7:30,August,3.29,3.28
08/06/2024 7:35,August,3.66,3.65
08/06/2024 7:40,August,3.76,3.75
08/06/2024 7:45,August,3.78,3.77
08/06/2024 7:50,August,3.93,3.92
08/06/2024 7:55,August,4.12,4.11
08/06/2024 8:00,August,7.26,7.25
08/06/2024 8:05,August,4.1,4.11
08/06/2024 8:10,August,4.39,4.39
08/06/2024 8:15,August,4.1,4.1
08/06/2024 8:20,August,4.1,4.11
08/06/2024 8:25,August,4.4,4.42
08/06/2024 8:30,August,3.59,3.6
08/06/2024 8:35,August,4.08,4.09
08/06/2024 8:40,August,4.56,4.58
08/06/2024 8:45,August,4.82,4.84
08/06/2024 8:50,August,4.82,4.84
08/06/2024 8:55,August,4.81,4.84
08/06/2024 9:00,August,5.12,5.15
08/06/2024 9:05,August,3.74,3.74
08/06/2024 9:10,August,4.13,4.14
08/06/2024 9:15,August,4.77,4.77
08/06/2024 9:20,August,4.77,4.78
08/06/2024 9:25,August,4.53,4.53
08/06/2024 9:30,August,5.2,5.21
08/06/2024 9:35,August,5.2,5.21
08/06/2024 9:40,August,5.1,5.11
08/06/2024 9:45,August,5.1,5.12
08/06/2024 9:50,August,13.15,13.18
08/06/2024 9:55,August,8.78,8.8
08/06/2024 10:00,August,5.92,5.92
08/06/2024 10:05,August,5.36,5.36
08/06/2024 10:10,August,5.92,5.92
08/06/2024 10:15,August,11.62,11.62
08/06/2024 10:20,August,13.62,13.63
08/06/2024 10:25,August,13.2,13.21
08/06/2024 10:30,August,13.21,13.22
08/06/2024 10:35,August,6.01,6.01
08/06/2024 10:40,August,25.81,25.86
08/06/2024 10:45,August,21.98,22.02
08/06/2024 10:50,August,16.06,16.09
08/06/2024 10:55,August,12.49,12.51
08/06/2024 11:00,August,12.44,12.46
08/06/2024 11:05,August,12.4,12.41
08/06/2024 11:10,August,13.21,13.22
08/06/2024 11:15,August,9.8,9.81
08/06/2024 11:20,August,9.8,9.81
08/06/2024 11:25,August,9.24,9.25
08/06/2024 11:30,August,9.8,9.81
08/06/2024 11:35,August,9.77,9.8
08/06/2024 11:40,August,9.77,9.8
08/06/2024 11:45,August,5.99,6.01
08/06/2024 11:50,August,5.99,6.01
08/06/2024 11:55,August,5.38,5.39
08/06/2024 12:00,August,5.23,5.23
08/06/2024 12:05,August,5.35,5.36
08/06/2024 12:10,August,5.35,5.36
08/06/2024 12:15,August,5.33,5.35
08/06/2024 12:20,August,5.32,5.34
08/06/2024 12:25,August,5.32,5.34
08/06/2024 12:30,August,5.33,5.34
08/06/2024 12:35,August,5.32,5.33
08/06/2024 12:40,August,4.74,4.75
08/06/2024 12:45,August,5.87,5.88
08/06/2024 12:50,August,5.88,5.9
08/06/2024 12:55,August,5.33,5.34
08/06/2024 13:00,August,13.16,13.18
08/06/2024 13:05,August,8.24,8.25
08/06/2024 13:10,August,7.2,7.21
08/06/2024 13:15,August,7.17,7.18
08/06/2024 13:20,August,7.17,7.18
08/06/2024 13:25,August,7.21,7.21
08/06/2024 13:30,August,5.95,5.96
08/06/2024 13:35,August,7.19,7.18
08/06/2024 13:40,August,5.93,5.92
08/06/2024 13:45,August,5.94,5.93
08/06/2024 13:50,August,5.93,5.92
08/06/2024 13:55,August,5.97,5.96
08/06/2024 14:00,August,7.19,7.18
08/06/2024 14:05,August,9.77,9.75
08/06/2024 14:10,August,7.18,7.17
08/06/2024 14:15,August,7.19,7.17
08/06/2024 14:20,August,9.8,9.78
08/06/2024 14:25,August,13.17,13.14
08/06/2024 14:30,August,8.78,8.76
08/06/2024 14:35,August,9.74,9.74
08/06/2024 14:40,August,5.92,5.92
08/06/2024 14:45,August,8.76,8.76
08/06/2024 14:50,August,5.97,5.96
08/06/2024 14:55,August,9.77,9.76
08/06/2024 15:00,August,5.37,5.37
08/06/2024 15:05,August,5.95,5.95
08/06/2024 15:10,August,5.94,5.94
08/06/2024 15:15,August,5.94,5.93
08/06/2024 15:20,August,5.93,5.93
08/06/2024 15:25,August,9.77,9.76
08/06/2024 15:30,August,9.78,9.77
08/06/2024 15:35,August,9.79,9.77
08/06/2024 15:40,August,9.79,9.77
08/06/2024 15:45,August,13.19,13.17
08/06/2024 15:50,August,15.91,15.89
08/06/2024 15:55,August,13.21,13.19
08/06/2024 16:00,August,19.11,19.09
08/06/2024 16:05,August,30.83,30.8
08/06/2024 16:10,August,30.62,30.58
08/06/2024 16:15,August,22.09,22.06
08/06/2024 16:20,August,14.69,14.67
08/06/2024 16:25,August,13.24,13.21
08/06/2024 16:30,August,12.54,12.51
08/06/2024 16:35,August,12.54,12.51
08/06/2024 16:40,August,12.54,12.51
08/06/2024 16:45,August,16.19,16.15
08/06/2024 16:50,August,13.24,13.21
08/06/2024 16:55,August,15.58,15.54
08/06/2024 17:00,August,5.99,5.97
08/06/2024 17:05,August,5.42,5.41
08/06/2024 17:10,August,5.42,5.41
08/06/2024 17:15,August,5.42,5.41
08/06/2024 17:20,August,5.99,5.98
08/06/2024 17:25,August,5.99,5.97
08/06/2024 17:30,August,13.29,13.26
08/06/2024 17:35,August,13.3,13.26
08/06/2024 17:40,August,12.61,12.57
08/06/2024 17:45,August,8.87,8.85
08/06/2024 17:50,August,8.88,8.85
08/06/2024 17:55,August,7.88,7.85
08/06/2024 18:00,August,9.86,9.83
08/06/2024 18:05,August,5.44,5.43
08/06/2024 18:10,August,5.44,5.42
08/06/2024 18:15,August,5.44,5.42
08/06/2024 18:20,August,9.84,9.81
08/06/2024 18:25,August,9.85,9.83
08/06/2024 18:30,August,13.3,13.27
08/06/2024 18:35,August,20.14,20.08
08/06/2024 18:40,August,20.12,20.06
08/06/2024 18:45,August,13.3,13.27
08/06/2024 18:50,August,20.61,20.56
08/06/2024 18:55,August,18.64,18.6
08/06/2024 19:00,August,13.31,13.27
08/06/2024 19:05,August,13.3,13.26
08/06/2024 19:10,August,16.73,16.68
08/06/2024 19:15,August,13.31,13.27
08/06/2024 19:20,August,16.29,16.24
08/06/2024 19:25,August,13.31,13.27
08/06/2024 19:30,August,12.71,12.66
08/06/2024 19:35,August,12.7,12.66
08/06/2024 19:40,August,12.7,12.65
08/06/2024 19:45,August,11.8,11.75
08/06/2024 19:50,August,12.68,12.63
08/06/2024 19:55,August,9.87,9.83
08/06/2024 20:00,August,11.15,11.1
08/06/2024 20:05,August,32.14,32.03
08/06/2024 20:10,August,31.03,30.93
08/06/2024 20:15,August,32.04,31.93
08/06/2024 20:20,August,32.05,31.95
08/06/2024 20:25,August,30.32,30.22
08/06/2024 20:30,August,32.08,31.97
08/06/2024 20:35,August,31.81,31.69
08/06/2024 20:40,August,33.18,33.06
08/06/2024 20:45,August,33.14,33.03
08/06/2024 20:50,August,29.84,29.74
08/06/2024 20:55,August,20.72,20.64
08/06/2024 21:00,August,11.13,11.09
08/06/2024 21:05,August,37.27,37.15
08/06/2024 21:10,August,36.54,36.42
08/06/2024 21:15,August,33.16,33.04
08/06/2024 21:20,August,32.04,31.92
08/06/2024 21:25,August,32.02,31.9
08/06/2024 21:30,August,28.96,28.84
08/06/2024 21:35,August,20.54,20.45
08/06/2024 21:40,August,11.36,11.31
08/06/2024 21:45,August,11.36,11.31
08/06/2024 21:50,August,11.36,11.3
08/06/2024 21:55,August,6.02,5.99
08/06/2024 22:00,August,5.44,5.42
08/06/2024 22:05,August,6.02,5.99
08/06/2024 22:10,August,16.18,16.1
08/06/2024 22:15,August,17.28,17.19
08/06/2024 22:20,August,6.04,6
08/06/2024 22:25,August,5.23,5.21
08/06/2024 22:30,August,5.19,5.16
08/06/2024 22:35,August,5.19,5.16
08/06/2024 22:40,August,5.19,5.16
08/06/2024 22:45,August,5.29,5.27
08/06/2024 22:50,August,5.29,5.27
08/06/2024 22:55,August,25.66,25.54
08/06/2024 23:00,August,6.02,5.99
08/06/2024 23:05,August,6,5.97
08/06/2024 23:10,August,5.29,5.27
08/06/2024 23:15,August,5.27,5.24
08/06/2024 23:20,August,5.52,5.5
08/06/2024 23:25,August,5.28,5.26
08/06/2024 23:30,August,5.28,5.26
08/06/2024 23:35,August,5.28,5.26
08/06/2024 23:40,August,5.27,5.25
08/06/2024 23:45,August,4.61,4.59
08/06/2024 23:50,August,4.61,4.59
08/06/2024 23:55,August,5.27,5.25
08/07/2024 0:00,August,4.61,4.59
08/07/2024 0:05,August,13.75,13.71
08/07/2024 0:10,August,12.48,12.43
08/07/2024 0:15,August,12.2,12.15
08/07/2024 0:20,August,5.4,5.38
08/07/2024 0:25,August,5.63,5.6
08/07/2024 0:30,August,5.14,5.12
08/07/2024 0:35,August,5.28,5.25
08/07/2024 0:40,August,5.4,5.37
08/07/2024 0:45,August,4.2,4.18
08/07/2024 0:50,August,5.12,5.1
08/07/2024 0:55,August,5.12,5.1
08/07/2024 1:00,August,5.13,5.1
08/07/2024 1:05,August,5.09,5.07
08/07/2024 1:10,August,5.12,5.1
08/07/2024 1:15,August,5.12,5.09
08/07/2024 1:20,August,5.25,5.23
08/07/2024 1:25,August,5.38,5.36
08/07/2024 1:30,August,5.27,5.25
08/07/2024 1:35,August,5.26,5.24
08/07/2024 1:40,August,5.98,5.94
08/07/2024 1:45,August,5.27,5.24
08/07/2024 1:50,August,5.13,5.1
08/07/2024 1:55,August,4.19,4.17
08/07/2024 2:00,August,5.08,5.05
08/07/2024 2:05,August,3.31,3.29
08/07/2024 2:10,August,3.85,3.83
08/07/2024 2:15,August,4.17,4.15
08/07/2024 2:20,August,4.17,4.15
08/07/2024 2:25,August,4.18,4.16
08/07/2024 2:30,August,4.18,4.16
08/07/2024 2:35,August,4.18,4.16
08/07/2024 2:40,August,4.18,4.16
08/07/2024 2:45,August,4.18,4.16
08/07/2024 2:50,August,4.17,4.15
08/07/2024 2:55,August,4.18,4.15
08/07/2024 3:00,August,4.18,4.16
08/07/2024 3:05,August,4.25,4.23
08/07/2024 3:10,August,11.71,11.65
08/07/2024 3:15,August,5.27,5.24
08/07/2024 3:20,August,4.25,4.23
08/07/2024 3:25,August,4.25,4.23
08/07/2024 3:30,August,4.25,4.23
08/07/2024 3:35,August,4.25,4.23
08/07/2024 3:40,August,4.19,4.17
08/07/2024 3:45,August,4.18,4.16
08/07/2024 3:50,August,4.19,4.16
08/07/2024 3:55,August,4.19,4.16
08/07/2024 4:00,August,4.19,4.17
08/07/2024 4:05,August,4.45,4.42
08/07/2024 4:10,August,5.27,5.24
08/07/2024 4:15,August,5.27,5.24
08/07/2024 4:20,August,5.27,5.24
08/07/2024 4:25,August,5.28,5.24
08/07/2024 4:30,August,5.1,5.07
08/07/2024 4:35,August,5.27,5.24
08/07/2024 4:40,August,5.27,5.24
08/07/2024 4:45,August,5.1,5.07
08/07/2024 4:50,August,5.27,5.24
08/07/2024 4:55,August,5.27,5.24
08/07/2024 5:00,August,5.1,5.07
08/07/2024 5:05,August,4.2,4.17
08/07/2024 5:10,August,4.21,4.18
08/07/2024 5:15,August,5.29,5.25
08/07/2024 5:20,August,5.29,5.25
08/07/2024 5:25,August,5.25,5.21
08/07/2024 5:30,August,5.25,5.21
08/07/2024 5:35,August,4.21,4.18
08/07/2024 5:40,August,4.21,4.18
08/07/2024 5:45,August,5.11,5.08
08/07/2024 5:50,August,4.43,4.4
08/07/2024 5:55,August,4.43,4.4
08/07/2024 6:00,August,4.61,4.57
08/07/2024 6:05,August,3.12,3.09
08/07/2024 6:10,August,3.31,3.28
08/07/2024 6:15,August,3.61,3.59
08/07/2024 6:20,August,3.94,3.91
08/07/2024 6:25,August,3.57,3.55
08/07/2024 6:30,August,3.47,3.45
08/07/2024 6:35,August,3.31,3.29
08/07/2024 6:40,August,3.47,3.45
08/07/2024 6:45,August,3.41,3.39
08/07/2024 6:50,August,3.46,3.44
08/07/2024 6:55,August,3.51,3.49
08/07/2024 7:00,August,3.52,3.5
08/07/2024 7:05,August,3.16,3.14
08/07/2024 7:10,August,4.16,4.15
08/07/2024 7:15,August,4.16,4.14
08/07/2024 7:20,August,4.15,4.14
08/07/2024 7:25,August,4.15,4.14
08/07/2024 7:30,August,4.15,4.14
08/07/2024 7:35,August,5.81,5.79
08/07/2024 7:40,August,5.54,5.52
08/07/2024 7:45,August,4.17,4.16
08/07/2024 7:50,August,5.23,5.22
08/07/2024 7:55,August,5.98,5.97
08/07/2024 8:00,August,8.56,8.55
08/07/2024 8:05,August,8.79,8.78
08/07/2024 8:10,August,5.98,5.98
08/07/2024 8:15,August,5.93,5.93
08/07/2024 8:20,August,5.93,5.93
08/07/2024 8:25,August,5.95,5.96
08/07/2024 8:30,August,5.95,5.96
08/07/2024 8:35,August,5.21,5.22
08/07/2024 8:40,August,5.18,5.19
08/07/2024 8:45,August,5.94,5.96
08/07/2024 8:50,August,5.9,5.92
08/07/2024 8:55,August,5.94,5.96
08/07/2024 9:00,August,5.91,5.93
08/07/2024 9:05,August,3.47,3.47
08/07/2024 9:10,August,5.23,5.22
08/07/2024 9:15,August,5.95,5.95
08/07/2024 9:20,August,12.32,12.34
08/07/2024 9:25,August,5.95,5.96
08/07/2024 9:30,August,10.37,10.39
08/07/2024 9:35,August,5.07,5.08
08/07/2024 9:40,August,5.22,5.23
08/07/2024 9:45,August,5.21,5.23
08/07/2024 9:50,August,5.91,5.93
08/07/2024 9:55,August,4.15,4.16
08/07/2024 10:00,August,4.86,4.88
08/07/2024 10:05,August,5.32,5.33
08/07/2024 10:10,August,13.05,13.08
08/07/2024 10:15,August,12.55,12.58
08/07/2024 10:20,August,13.34,13.34
08/07/2024 10:25,August,13.28,13.29
08/07/2024 10:30,August,12.6,12.6
08/07/2024 10:35,August,12.49,12.49
08/07/2024 10:40,August,5.89,5.89
08/07/2024 10:45,August,6.92,6.92
08/07/2024 10:50,August,5.9,5.9
08/07/2024 10:55,August,6.92,6.92
08/07/2024 11:00,August,5.9,5.9
08/07/2024 11:05,August,5.33,5.35
08/07/2024 11:10,August,13.07,13.13
08/07/2024 11:15,August,5.32,5.35
08/07/2024 11:20,August,5.87,5.91
08/07/2024 11:25,August,3.37,3.39
08/07/2024 11:30,August,4.58,4.6
08/07/2024 11:35,August,5.27,5.3
08/07/2024 11:40,August,5.26,5.29
08/07/2024 11:45,August,5.14,5.17
08/07/2024 11:50,August,5.25,5.27
08/07/2024 11:55,August,5.25,5.28
08/07/2024 12:00,August,4.62,4.64
08/07/2024 12:05,August,7.37,7.4
08/07/2024 12:10,August,5.28,5.3
08/07/2024 12:15,August,5.16,5.18
08/07/2024 12:20,August,5.28,5.29
08/07/2024 12:25,August,5.26,5.29
08/07/2024 12:30,August,5.26,5.29
08/07/2024 12:35,August,5.26,5.29
08/07/2024 12:40,August,5.26,5.28
08/07/2024 12:45,August,5.17,5.19
08/07/2024 12:50,August,5.25,5.28
08/07/2024 12:55,August,5.26,5.29
08/07/2024 13:00,August,12.95,13.02
08/07/2024 13:05,August,23.92,24.04
08/07/2024 13:10,August,15.83,15.92
08/07/2024 13:15,August,15.83,15.93
08/07/2024 13:20,August,12.46,12.54
08/07/2024 13:25,August,12.96,13.03
08/07/2024 13:30,August,15.75,15.84
08/07/2024 13:35,August,20.46,20.56
08/07/2024 13:40,August,5.3,5.32
08/07/2024 13:45,August,9.67,9.72
08/07/2024 13:50,August,9.66,9.7
08/07/2024 13:55,August,16.16,16.24
08/07/2024 14:00,August,14.91,14.98
08/07/2024 14:05,August,5.18,5.2
08/07/2024 14:10,August,9.7,9.73
08/07/2024 14:15,August,26.66,26.76
08/07/2024 14:20,August,24.69,24.79
08/07/2024 14:25,August,25.43,25.53
08/07/2024 14:30,August,21.79,21.87
08/07/2024 14:35,August,24.71,24.8
08/07/2024 14:40,August,13.26,13.3
08/07/2024 14:45,August,13.75,13.79
08/07/2024 14:50,August,10.52,10.55
08/07/2024 14:55,August,9.71,9.74
08/07/2024 15:00,August,9.71,9.74
08/07/2024 15:05,August,9.71,9.74
08/07/2024 15:10,August,5.58,5.6
08/07/2024 15:15,August,5.88,5.9
08/07/2024 15:20,August,5.32,5.34
08/07/2024 15:25,August,5.87,5.89
08/07/2024 15:30,August,9.66,9.7
08/07/2024 15:35,August,9.69,9.73
08/07/2024 15:40,August,5.32,5.34
08/07/2024 15:45,August,9.7,9.73
08/07/2024 15:50,August,5.17,5.18
08/07/2024 15:55,August,5.3,5.32
08/07/2024 16:00,August,5.29,5.31
08/07/2024 16:05,August,5.88,5.89
08/07/2024 16:10,August,5.25,5.26
08/07/2024 16:15,August,5.31,5.32
08/07/2024 16:20,August,5.87,5.88
08/07/2024 16:25,August,5.88,5.89
08/07/2024 16:30,August,5.32,5.33
08/07/2024 16:35,August,8.72,8.73
08/07/2024 16:40,August,5.89,5.9
08/07/2024 16:45,August,13.11,13.11
08/07/2024 16:50,August,5.91,5.91
08/07/2024 16:55,August,5.22,5.22
08/07/2024 17:00,August,5.33,5.33
08/07/2024 17:05,August,5.89,5.89
08/07/2024 17:10,August,5.33,5.33
08/07/2024 17:15,August,5.33,5.33
08/07/2024 17:20,August,5.33,5.33
08/07/2024 17:25,August,5.33,5.33
08/07/2024 17:30,August,5.33,5.33
08/07/2024 17:35,August,4.84,4.83
08/07/2024 17:40,August,5.17,5.17
08/07/2024 17:45,August,5.17,5.17
08/07/2024 17:50,August,5.18,5.17
08/07/2024 17:55,August,5.18,5.17
08/07/2024 18:00,August,5.18,5.17
08/07/2024 18:05,August,5.34,5.32
08/07/2024 18:10,August,5.34,5.32
08/07/2024 18:15,August,5.34,5.32
08/07/2024 18:20,August,5.34,5.32
08/07/2024 18:25,August,6.49,6.47
08/07/2024 18:30,August,5.93,5.91
08/07/2024 18:35,August,5.37,5.36
08/07/2024 18:40,August,5.94,5.92
08/07/2024 18:45,August,5.37,5.35
08/07/2024 18:50,August,5.37,5.36
08/07/2024 18:55,August,5.99,5.97
08/07/2024 19:00,August,5.93,5.92
08/07/2024 19:05,August,6,5.98
08/07/2024 19:10,August,11.67,11.62
08/07/2024 19:15,August,9.83,9.78
08/07/2024 19:20,August,9.82,9.77
08/07/2024 19:25,August,9.81,9.76
08/07/2024 19:30,August,5.98,5.95
08/07/2024 19:35,August,5.97,5.94
08/07/2024 19:40,August,5.98,5.95
08/07/2024 19:45,August,5.98,5.95
08/07/2024 19:50,August,5.97,5.94
08/07/2024 19:55,August,5.98,5.95
08/07/2024 20:00,August,5.41,5.39
08/07/2024 20:05,August,19.83,19.73
08/07/2024 20:10,August,9.84,9.79
08/07/2024 20:15,August,9.85,9.8
08/07/2024 20:20,August,9.83,9.78
08/07/2024 20:25,August,9.82,9.77
08/07/2024 20:30,August,5.98,5.95
08/07/2024 20:35,August,5.67,5.64
08/07/2024 20:40,August,5.41,5.39
08/07/2024 20:45,August,5.41,5.38
08/07/2024 20:50,August,5.41,5.38
08/07/2024 20:55,August,5.41,5.38
08/07/2024 21:00,August,5.97,5.94
08/07/2024 21:05,August,18.29,18.21
08/07/2024 21:10,August,17.99,17.9
08/07/2024 21:15,August,16.95,16.87
08/07/2024 21:20,August,12.4,12.34
08/07/2024 21:25,August,5.98,5.95
08/07/2024 21:30,August,5.99,5.96
08/07/2024 21:35,August,5.42,5.39
08/07/2024 21:40,August,5.41,5.38
08/07/2024 21:45,August,5.4,5.37
08/07/2024 21:50,August,5.4,5.37
08/07/2024 21:55,August,5.39,5.36
08/07/2024 22:00,August,5.27,5.24
08/07/2024 22:05,August,21.75,21.65
08/07/2024 22:10,August,13.5,13.43
08/07/2024 22:15,August,7.53,7.48
08/07/2024 22:20,August,5.23,5.2
08/07/2024 22:25,August,5.26,5.23
08/07/2024 22:30,August,5.26,5.23
08/07/2024 22:35,August,5.23,5.19
08/07/2024 22:40,August,4.18,4.15
08/07/2024 22:45,August,4.7,4.67
08/07/2024 22:50,August,4.17,4.15
08/07/2024 22:55,August,4.17,4.15
08/07/2024 23:00,August,4.7,4.67
08/07/2024 23:05,August,5.97,5.94
08/07/2024 23:10,August,5.11,5.08
08/07/2024 23:15,August,4.71,4.69
08/07/2024 23:20,August,4.71,4.69
08/07/2024 23:25,August,5.63,5.6
08/07/2024 23:30,August,5.22,5.19
08/07/2024 23:35,August,5.23,5.2
08/07/2024 23:40,August,5.42,5.39
08/07/2024 23:45,August,4.15,4.13
08/07/2024 23:50,August,4.15,4.12
08/07/2024 23:55,August,4.14,4.12
08/08/2024 0:00,August,4.14,4.12
08/08/2024 0:05,August,3.7,3.68
08/08/2024 0:10,August,4.12,4.09
08/08/2024 0:15,August,4.12,4.1
08/08/2024 0:20,August,4.11,4.09
08/08/2024 0:25,August,4.11,4.08
08/08/2024 0:30,August,3.96,3.94
08/08/2024 0:35,August,3.94,3.92
08/08/2024 0:40,August,3.96,3.93
08/08/2024 0:45,August,5.15,5.12
08/08/2024 0:50,August,4.12,4.09
08/08/2024 0:55,August,4.12,4.09
08/08/2024 1:00,August,4.13,4.1
08/08/2024 1:05,August,5.17,5.14
08/08/2024 1:10,August,4.13,4.1
08/08/2024 1:15,August,4.13,4.1
08/08/2024 1:20,August,4.13,4.1
08/08/2024 1:25,August,4.14,4.11
08/08/2024 1:30,August,4.14,4.11
08/08/2024 1:35,August,4.14,4.11
08/08/2024 1:40,August,4.14,4.11
08/08/2024 1:45,August,3.27,3.24
08/08/2024 1:50,August,3.92,3.89
08/08/2024 1:55,August,4.05,4.02
08/08/2024 2:00,August,4.11,4.08
08/08/2024 2:05,August,4.1,4.08
08/08/2024 2:10,August,4.11,4.08
08/08/2024 2:15,August,4.05,4.02
08/08/2024 2:20,August,5.08,5.04
08/08/2024 2:25,August,5.08,5.04
08/08/2024 2:30,August,5.59,5.55
08/08/2024 2:35,August,5.14,5.1
08/08/2024 2:40,August,5.13,5.1
08/08/2024 2:45,August,4.91,4.88
08/08/2024 2:50,August,5.13,5.1
08/08/2024 2:55,August,5.08,5.04
08/08/2024 3:00,August,4.62,4.58
08/08/2024 3:05,August,3.89,3.86
08/08/2024 3:10,August,3.9,3.87
08/08/2024 3:15,August,3.88,3.86
08/08/2024 3:20,August,3.91,3.88
08/08/2024 3:25,August,4.61,4.58
08/08/2024 3:30,August,3.91,3.88
08/08/2024 3:35,August,5.09,5.05
08/08/2024 3:40,August,3.9,3.87
08/08/2024 3:45,August,3.89,3.86
08/08/2024 3:50,August,3.88,3.85
08/08/2024 3:55,August,4.83,4.79
08/08/2024 4:00,August,3.91,3.88
08/08/2024 4:05,August,3.87,3.85
08/08/2024 4:10,August,5.14,5.11
08/08/2024 4:15,August,5.14,5.1
08/08/2024 4:20,August,5.14,5.11
08/08/2024 4:25,August,5.14,5.1
08/08/2024 4:30,August,5.14,5.1
08/08/2024 4:35,August,5.08,5.05
08/08/2024 4:40,August,5.13,5.1
08/08/2024 4:45,August,5.07,5.04
08/08/2024 4:50,August,4.61,4.58
08/08/2024 4:55,August,4.61,4.58
08/08/2024 5:00,August,4.05,4.03
08/08/2024 5:05,August,3.28,3.26
08/08/2024 5:10,August,3.85,3.82
08/08/2024 5:15,August,4.61,4.58
08/08/2024 5:20,August,4.05,4.03
08/08/2024 5:25,August,3.68,3.66
08/08/2024 5:30,August,4.05,4.02
08/08/2024 5:35,August,3.81,3.79
08/08/2024 5:40,August,3.91,3.88
08/08/2024 5:45,August,3.88,3.85
08/08/2024 5:50,August,3.67,3.64
08/08/2024 5:55,August,3.67,3.64
08/08/2024 6:00,August,3.67,3.64
08/08/2024 6:05,August,2.91,2.88
08/08/2024 6:10,August,3.1,3.08
08/08/2024 6:15,August,3.26,3.23
08/08/2024 6:20,August,2.9,2.88
08/08/2024 6:25,August,2.91,2.89
08/08/2024 6:30,August,2.79,2.78
08/08/2024 6:35,August,2.91,2.89
08/08/2024 6:40,August,2.9,2.88
08/08/2024 6:45,August,2.91,2.89
08/08/2024 6:50,August,2.91,2.89
08/08/2024 6:55,August,2.9,2.88
08/08/2024 7:00,August,2.9,2.88
08/08/2024 7:05,August,2.89,2.88
08/08/2024 7:10,August,2.49,2.48
08/08/2024 7:15,August,2.88,2.87
08/08/2024 7:20,August,3.23,3.21
08/08/2024 7:25,August,3.24,3.23
08/08/2024 7:30,August,3.24,3.23
08/08/2024 7:35,August,3.22,3.21
08/08/2024 7:40,August,3.24,3.23
08/08/2024 7:45,August,3.76,3.75
08/08/2024 7:50,August,4.63,4.62
08/08/2024 7:55,August,4.47,4.46
08/08/2024 8:00,August,4.47,4.46
08/08/2024 8:05,August,3.22,3.21
08/08/2024 8:10,August,3.52,3.51
08/08/2024 8:15,August,3.78,3.77
08/08/2024 8:20,August,3.4,3.4
08/08/2024 8:25,August,4.46,4.45
08/08/2024 8:30,August,3.77,3.76
08/08/2024 8:35,August,4.76,4.75
08/08/2024 8:40,August,4.47,4.46
08/08/2024 8:45,August,3.84,3.83
08/08/2024 8:50,August,9.65,9.61
08/08/2024 8:55,August,5.8,5.78
08/08/2024 9:00,August,3.63,3.62
08/08/2024 9:05,August,2.51,2.5
08/08/2024 9:10,August,3.14,3.13
08/08/2024 9:15,August,3.53,3.52
08/08/2024 9:20,August,3.79,3.78
08/08/2024 9:25,August,5.91,5.91
08/08/2024 9:30,August,4.6,4.6
08/08/2024 9:35,August,5.07,5.08
08/08/2024 9:40,August,4.05,4.06
08/08/2024 9:45,August,9.55,9.57
08/08/2024 9:50,August,9.55,9.57
08/08/2024 9:55,August,5.89,5.89
08/08/2024 10:00,August,5.88,5.9
08/08/2024 10:05,August,12.89,12.92
08/08/2024 10:10,August,17.92,17.96
08/08/2024 10:15,August,5.77,5.78
08/08/2024 10:20,August,7.92,7.93
08/08/2024 10:25,August,5.1,5.1
08/08/2024 10:30,August,3.85,3.85
08/08/2024 10:35,August,5.08,5.09
08/08/2024 10:40,August,5.06,5.07
08/08/2024 10:45,August,4.58,4.59
08/08/2024 10:50,August,4.57,4.59
08/08/2024 10:55,August,13.56,13.63
08/08/2024 11:00,August,13.41,13.48
08/08/2024 11:05,August,5.76,5.79
08/08/2024 11:10,August,5.09,5.11
08/08/2024 11:15,August,5.1,5.11
08/08/2024 11:20,August,4.27,4.28
08/08/2024 11:25,August,3.86,3.87
08/08/2024 11:30,August,5.78,5.79
08/08/2024 11:35,August,4.25,4.27
08/08/2024 11:40,August,4.23,4.25
08/08/2024 11:45,August,2.34,2.34
08/08/2024 11:50,August,3.55,3.56
08/08/2024 11:55,August,2.97,2.98
08/08/2024 12:00,August,3.5,3.51
08/08/2024 12:05,August,3.48,3.49
08/08/2024 12:10,August,3.77,3.78
08/08/2024 12:15,August,4.02,4.03
08/08/2024 12:20,August,5.06,5.08
08/08/2024 12:25,August,12.9,12.93
08/08/2024 12:30,August,12.89,12.93
08/08/2024 12:35,August,5.76,5.78
08/08/2024 12:40,August,3.03,3.04
08/08/2024 12:45,August,3.51,3.51
08/08/2024 12:50,August,4.23,4.23
08/08/2024 12:55,August,4.03,4.04
08/08/2024 13:00,August,13.1,13.13
08/08/2024 13:05,August,29.59,29.72
08/08/2024 13:10,August,29.19,29.3
08/08/2024 13:15,August,15.21,15.26
08/08/2024 13:20,August,16.5,16.57
08/08/2024 13:25,August,11.59,11.63
08/08/2024 13:30,August,6.76,6.77
08/08/2024 13:35,August,5.13,5.14
08/08/2024 13:40,August,5.11,5.13
08/08/2024 13:45,August,5.25,5.27
08/08/2024 13:50,August,12.63,12.66
08/08/2024 13:55,August,8.66,8.65
08/08/2024 14:00,August,5.18,5.16
08/08/2024 14:05,August,3.51,3.51
08/08/2024 14:10,August,5.14,5.14
08/08/2024 14:15,August,5.13,5.13
08/08/2024 14:20,August,4.7,4.72
08/08/2024 14:25,August,5.8,5.82
08/08/2024 14:30,August,5.11,5.13
08/08/2024 14:35,August,7.71,7.74
08/08/2024 14:40,August,5.81,5.84
08/08/2024 14:45,August,5.15,5.18
08/08/2024 14:50,August,5.11,5.13
08/08/2024 14:55,August,5.11,5.14
08/08/2024 15:00,August,5.09,5.11
08/08/2024 15:05,August,21.58,21.67
08/08/2024 15:10,August,5.81,5.84
08/08/2024 15:15,August,5.82,5.84
08/08/2024 15:20,August,7.74,7.74
08/08/2024 15:25,August,10.08,10.09
08/08/2024 15:30,August,5.84,5.84
08/08/2024 15:35,August,9.86,9.86
08/08/2024 15:40,August,5.85,5.84
08/08/2024 15:45,August,5.86,5.85
08/08/2024 15:50,August,15.93,15.9
08/08/2024 15:55,August,5.87,5.86
08/08/2024 16:00,August,5.32,5.31
08/08/2024 16:05,August,4.64,4.63
08/08/2024 16:10,August,5.15,5.14
08/08/2024 16:15,August,5.17,5.15
08/08/2024 16:20,August,5.18,5.16
08/08/2024 16:25,August,5.18,5.16
08/08/2024 16:30,August,5.18,5.17
08/08/2024 16:35,August,5.18,5.17
08/08/2024 16:40,August,5.19,5.17
08/08/2024 16:45,August,5.19,5.17
08/08/2024 16:50,August,5.18,5.16
08/08/2024 16:55,August,5.17,5.16
08/08/2024 17:00,August,4.51,4.49
08/08/2024 17:05,August,5.25,5.24
08/08/2024 17:10,August,5.28,5.27
08/08/2024 17:15,August,5.28,5.27
08/08/2024 17:20,August,5.17,5.15
08/08/2024 17:25,August,5.28,5.26
08/08/2024 17:30,August,5.28,5.27
08/08/2024 17:35,August,5.17,5.16
08/08/2024 17:40,August,5.14,5.13
08/08/2024 17:45,August,5.31,5.3
08/08/2024 17:50,August,5.31,5.3
08/08/2024 17:55,August,5.32,5.31
08/08/2024 18:00,August,5.32,5.3
08/08/2024 18:05,August,5.32,5.31
08/08/2024 18:10,August,5.32,5.3
08/08/2024 18:15,August,5.33,5.31
08/08/2024 18:20,August,5.34,5.32
08/08/2024 18:25,August,5.34,5.32
08/08/2024 18:30,August,13.64,13.59
08/08/2024 18:35,August,13.15,13.1
08/08/2024 18:40,August,13.16,13.11
08/08/2024 18:45,August,16.51,16.44
08/08/2024 18:50,August,16.11,16.05
08/08/2024 18:55,August,9.82,9.78
08/08/2024 19:00,August,5.94,5.91
08/08/2024 19:05,August,13.66,13.6
08/08/2024 19:10,August,13.46,13.41
08/08/2024 19:15,August,13.44,13.39
08/08/2024 19:20,August,13.44,13.38
08/08/2024 19:25,August,9.82,9.78
08/08/2024 19:30,August,9.8,9.76
08/08/2024 19:35,August,5.95,5.93
08/08/2024 19:40,August,5.38,5.36
08/08/2024 19:45,August,5.37,5.35
08/08/2024 19:50,August,5.37,5.35
08/08/2024 19:55,August,5.38,5.35
08/08/2024 20:00,August,5.37,5.35
08/08/2024 20:05,August,13.4,13.34
08/08/2024 20:10,August,5.94,5.91
08/08/2024 20:15,August,6.85,6.82
08/08/2024 20:20,August,5.94,5.92
08/08/2024 20:25,August,5.94,5.92
08/08/2024 20:30,August,9.82,9.78
08/08/2024 20:35,August,9.82,9.77
08/08/2024 20:40,August,13.37,13.3
08/08/2024 20:45,August,9.81,9.76
08/08/2024 20:50,August,5.39,5.36
08/08/2024 20:55,August,5.38,5.36
08/08/2024 21:00,August,5.38,5.35
08/08/2024 21:05,August,29.18,29.04
08/08/2024 21:10,August,18.64,18.55
08/08/2024 21:15,August,16.65,16.56
08/08/2024 21:20,August,12.36,12.29
08/08/2024 21:25,August,9.83,9.78
08/08/2024 21:30,August,5.39,5.36
08/08/2024 21:35,August,5.38,5.35
08/08/2024 21:40,August,5.37,5.35
08/08/2024 21:45,August,5.37,5.35
08/08/2024 21:50,August,5.37,5.34
08/08/2024 21:55,August,5.36,5.34
08/08/2024 22:00,August,5.35,5.33
08/08/2024 22:05,August,28.77,28.63
08/08/2024 22:10,August,5.94,5.91
08/08/2024 22:15,August,5.24,5.21
08/08/2024 22:20,August,5.23,5.2
08/08/2024 22:25,August,5.23,5.2
08/08/2024 22:30,August,5.23,5.2
08/08/2024 22:35,August,4.78,4.76
08/08/2024 22:40,August,4.56,4.53
08/08/2024 22:45,August,4.56,4.53
08/08/2024 22:50,August,4.32,4.3
08/08/2024 22:55,August,4.15,4.12
08/08/2024 23:00,August,4.15,4.12
08/08/2024 23:05,August,5.9,5.86
08/08/2024 23:10,August,5.09,5.06
08/08/2024 23:15,August,4.56,4.53
08/08/2024 23:20,August,4.84,4.81
08/08/2024 23:25,August,4.84,4.81
08/08/2024 23:30,August,4.13,4.11
08/08/2024 23:35,August,4.14,4.11
08/08/2024 23:40,August,4.13,4.1
08/08/2024 23:45,August,4.13,4.1
08/08/2024 23:50,August,4.12,4.1
08/08/2024 23:55,August,4.12,4.09
08/09/2024 0:00,August,4.12,4.09
08/09/2024 0:05,August,4.12,4.1
08/09/2024 0:10,August,3.72,3.7
08/09/2024 0:15,August,4.12,4.09
08/09/2024 0:20,August,4.12,4.09
08/09/2024 0:25,August,4.12,4.1
08/09/2024 0:30,August,4,3.97
08/09/2024 0:35,August,3.99,3.96
08/09/2024 0:40,August,3.99,3.96
08/09/2024 0:45,August,3.71,3.68
08/09/2024 0:50,August,3.68,3.66
08/09/2024 0:55,August,3.68,3.65
08/09/2024 1:00,August,3.91,3.88
08/09/2024 1:05,August,3.64,3.61
08/09/2024 1:10,August,3.9,3.88
08/09/2024 1:15,August,3.92,3.89
08/09/2024 1:20,August,3.92,3.89
08/09/2024 1:25,August,4.13,4.1
08/09/2024 1:30,August,4.13,4.1
08/09/2024 1:35,August,4.13,4.1
08/09/2024 1:40,August,4.13,4.1
08/09/2024 1:45,August,4,3.97
08/09/2024 1:50,August,4.13,4.1
08/09/2024 1:55,August,3.73,3.7
08/09/2024 2:00,August,4,3.96
08/09/2024 2:05,August,4.86,4.82
08/09/2024 2:10,August,4.85,4.81
08/09/2024 2:15,August,4.85,4.81
08/09/2024 2:20,August,4.87,4.83
08/09/2024 2:25,August,4.62,4.58
08/09/2024 2:30,August,4.04,4.01
08/09/2024 2:35,August,3.69,3.66
08/09/2024 2:40,August,4.05,4.02
08/09/2024 2:45,August,3.97,3.94
08/09/2024 2:50,August,3.91,3.88
08/09/2024 2:55,August,3.94,3.91
08/09/2024 3:00,August,3.67,3.64
08/09/2024 3:05,August,3.92,3.89
08/09/2024 3:10,August,3.67,3.64
08/09/2024 3:15,August,3.67,3.64
08/09/2024 3:20,August,3.67,3.64
08/09/2024 3:25,August,3.71,3.68
08/09/2024 3:30,August,3.67,3.64
08/09/2024 3:35,August,3.91,3.89
08/09/2024 3:40,August,3.69,3.66
08/09/2024 3:45,August,3.64,3.62
08/09/2024 3:50,August,4.04,4.01
08/09/2024 3:55,August,3.69,3.66
08/09/2024 4:00,August,3.66,3.64
08/09/2024 4:05,August,5.16,5.12
08/09/2024 4:10,August,5.06,5.03
08/09/2024 4:15,August,4.28,4.25
08/09/2024 4:20,August,5.06,5.03
08/09/2024 4:25,August,4.29,4.26
08/09/2024 4:30,August,4.05,4.02
08/09/2024 4:35,August,4.25,4.23
08/09/2024 4:40,August,4.25,4.22
08/09/2024 4:45,August,4.25,4.22
08/09/2024 4:50,August,4.25,4.22
08/09/2024 4:55,August,4.36,4.33
08/09/2024 5:00,August,5.15,5.11
08/09/2024 5:05,August,4,3.98
08/09/2024 5:10,August,4.25,4.22
08/09/2024 5:15,August,5.06,5.03
08/09/2024 5:20,August,4.97,4.93
08/09/2024 5:25,August,4.97,4.94
08/09/2024 5:30,August,4.97,4.94
08/09/2024 5:35,August,4.96,4.93
08/09/2024 5:40,August,4.62,4.59
08/09/2024 5:45,August,4.47,4.44
08/09/2024 5:50,August,4.04,4.01
08/09/2024 5:55,August,3.67,3.64
08/09/2024 6:00,August,3.7,3.67
08/09/2024 6:05,August,2.54,2.52
08/09/2024 6:10,August,2.86,2.84
08/09/2024 6:15,August,3.52,3.49
08/09/2024 6:20,August,2.6,2.58
08/09/2024 6:25,August,3.26,3.24
08/09/2024 6:30,August,2.85,2.84
08/09/2024 6:35,August,2.62,2.6
08/09/2024 6:40,August,2.9,2.89
08/09/2024 6:45,August,3.27,3.25
08/09/2024 6:50,August,3.27,3.25
08/09/2024 6:55,August,3.27,3.25
08/09/2024 7:00,August,3.41,3.39
08/09/2024 7:05,August,2.55,2.54
08/09/2024 7:10,August,2.66,2.65
08/09/2024 7:15,August,3.07,3.06
08/09/2024 7:20,August,3.54,3.52
08/09/2024 7:25,August,3.24,3.23
08/09/2024 7:30,August,3.64,3.62
08/09/2024 7:35,August,4.51,4.49
08/09/2024 7:40,August,3.74,3.73
08/09/2024 7:45,August,4.03,4.02
08/09/2024 7:50,August,4.03,4.02
08/09/2024 7:55,August,5.8,5.78
08/09/2024 8:00,August,5.8,5.79
08/09/2024 8:05,August,3.88,3.87
08/09/2024 8:10,August,5.09,5.08
08/09/2024 8:15,August,4.73,4.72
08/09/2024 8:20,August,4.62,4.61
08/09/2024 8:25,August,5.08,5.07
08/09/2024 8:30,August,3.8,3.79
08/09/2024 8:35,August,5.07,5.07
08/09/2024 8:40,August,5.75,5.75
08/09/2024 8:45,August,5.75,5.75
08/09/2024 8:50,August,5.75,5.75
08/09/2024 8:55,August,4.74,4.75
08/09/2024 9:00,August,5.73,5.74
08/09/2024 9:05,August,0.1,0.1
08/09/2024 9:10,August,3.14,3.15
08/09/2024 9:15,August,3.18,3.19
08/09/2024 9:20,August,3.51,3.51
08/09/2024 9:25,August,4.05,4.05
08/09/2024 9:30,August,4.04,4.04
08/09/2024 9:35,August,3.9,3.9
08/09/2024 9:40,August,4.05,4.05
08/09/2024 9:45,August,4.04,4.04
08/09/2024 9:50,August,4.04,4.04
08/09/2024 9:55,August,3.61,3.62
08/09/2024 10:00,August,4.72,4.73
08/09/2024 10:05,August,5.72,5.73
08/09/2024 10:10,August,5.72,5.73
08/09/2024 10:15,August,8.54,8.56
08/09/2024 10:20,August,4.58,4.59
08/09/2024 10:25,August,4.44,4.45
08/09/2024 10:30,August,4.72,4.73
08/09/2024 10:35,August,4.22,4.23
08/09/2024 10:40,August,4.87,4.88
08/09/2024 10:45,August,4.07,4.08
08/09/2024 10:50,August,4.87,4.89
08/09/2024 10:55,August,5.02,5.03
08/09/2024 11:00,August,12.59,12.64
08/09/2024 11:05,August,8.53,8.57
08/09/2024 11:10,August,4.74,4.75
08/09/2024 11:15,August,4.43,4.45
08/09/2024 11:20,August,4.25,4.27
08/09/2024 11:25,August,3.12,3.13
08/09/2024 11:30,August,3.49,3.5
08/09/2024 11:35,August,3.8,3.81
08/09/2024 11:40,August,3.51,3.53
08/09/2024 11:45,August,3.75,3.76
08/09/2024 11:50,August,3.52,3.53
08/09/2024 11:55,August,3.77,3.78
08/09/2024 12:00,August,3.49,3.5
08/09/2024 12:05,August,4.04,4.05
08/09/2024 12:10,August,4.05,4.06
08/09/2024 12:15,August,3.84,3.85
08/09/2024 12:20,August,3.84,3.85
08/09/2024 12:25,August,3.52,3.53
08/09/2024 12:30,August,4.58,4.59
08/09/2024 12:35,August,5.06,5.07
08/09/2024 12:40,August,5.06,5.08
08/09/2024 12:45,August,5.06,5.08
08/09/2024 12:50,August,5.06,5.08
08/09/2024 12:55,August,4.07,4.07
08/09/2024 13:00,August,12.88,12.92
08/09/2024 13:05,August,7.69,7.71
08/09/2024 13:10,August,5.77,5.79
08/09/2024 13:15,August,5.77,5.79
08/09/2024 13:20,August,12.91,12.94
08/09/2024 13:25,August,5.23,5.25
08/09/2024 13:30,August,5.24,5.26
08/09/2024 13:35,August,5.25,5.27
08/09/2024 13:40,August,5.25,5.26
08/09/2024 13:45,August,5.24,5.25
08/09/2024 13:50,August,5.11,5.12
08/09/2024 13:55,August,5.24,5.26
08/09/2024 14:00,August,5.25,5.26
08/09/2024 14:05,August,3.83,3.84
08/09/2024 14:10,August,5.11,5.12
08/09/2024 14:15,August,5.11,5.11
08/09/2024 14:20,August,5.82,5.83
08/09/2024 14:25,August,5.28,5.28
08/09/2024 14:30,August,12.74,12.73
08/09/2024 14:35,August,5.15,5.15
08/09/2024 14:40,August,5.29,5.29
08/09/2024 14:45,August,5.3,5.29
08/09/2024 14:50,August,5.3,5.3
08/09/2024 14:55,August,5.82,5.82
08/09/2024 15:00,August,5.17,5.16
08/09/2024 15:05,August,24.75,24.7
08/09/2024 15:10,August,16,15.98
08/09/2024 15:15,August,21.01,20.96
08/09/2024 15:20,August,5.91,5.9
08/09/2024 15:25,August,5.35,5.33
08/09/2024 15:30,August,5.91,5.89
08/09/2024 15:35,August,13.12,13.08
08/09/2024 15:40,August,5.9,5.89
08/09/2024 15:45,August,5.33,5.31
08/09/2024 15:50,August,5.9,5.88
08/09/2024 15:55,August,5.32,5.31
08/09/2024 16:00,August,4.41,4.41
08/09/2024 16:05,August,5.32,5.31
08/09/2024 16:10,August,5.32,5.32
08/09/2024 16:15,August,5.33,5.33
08/09/2024 16:20,August,5.9,5.89
08/09/2024 16:25,August,5.9,5.89
08/09/2024 16:30,August,5.9,5.89
08/09/2024 16:35,August,5.91,5.89
08/09/2024 16:40,August,5.91,5.9
08/09/2024 16:45,August,5.92,5.9
08/09/2024 16:50,August,5.35,5.34
08/09/2024 16:55,August,5.34,5.33
08/09/2024 17:00,August,3.78,3.78
08/09/2024 17:05,August,3.79,3.79
08/09/2024 17:10,August,3.56,3.55
08/09/2024 17:15,August,3.56,3.55
08/09/2024 17:20,August,4.3,4.29
08/09/2024 17:25,August,5.17,5.16
08/09/2024 17:30,August,5.13,5.12
08/09/2024 17:35,August,5.17,5.16
08/09/2024 17:40,August,5.17,5.16
08/09/2024 17:45,August,5.31,5.29
08/09/2024 17:50,August,5.31,5.29
08/09/2024 17:55,August,5.31,5.3
08/09/2024 18:00,August,5.31,5.3
08/09/2024 18:05,August,5.18,5.16
08/09/2024 18:10,August,4.8,4.79
08/09/2024 18:15,August,5.18,5.17
08/09/2024 18:20,August,5.32,5.3
08/09/2024 18:25,August,5.33,5.31
08/09/2024 18:30,August,5.34,5.32
08/09/2024 18:35,August,5.91,5.89
08/09/2024 18:40,August,5.35,5.34
08/09/2024 18:45,August,13.14,13.1
08/09/2024 18:50,August,13.14,13.1
08/09/2024 18:55,August,6.86,6.84
08/09/2024 19:00,August,8.78,8.75
08/09/2024 19:05,August,5.38,5.36
08/09/2024 19:10,August,6.86,6.83
08/09/2024 19:15,August,6.87,6.84
08/09/2024 19:20,August,5.96,5.94
08/09/2024 19:25,August,5.39,5.37
08/09/2024 19:30,August,5.38,5.36
08/09/2024 19:35,August,5.94,5.92
08/09/2024 19:40,August,5.38,5.36
08/09/2024 19:45,August,5.38,5.36
08/09/2024 19:50,August,5.93,5.91
08/09/2024 19:55,August,6.84,6.81
08/09/2024 20:00,August,5.37,5.35
08/09/2024 20:05,August,18.21,18.14
08/09/2024 20:10,August,19.99,19.91
08/09/2024 20:15,August,16.69,16.62
08/09/2024 20:20,August,19.31,19.23
08/09/2024 20:25,August,16.88,16.8
08/09/2024 20:30,August,13.64,13.58
08/09/2024 20:35,August,6.87,6.84
08/09/2024 20:40,August,5.96,5.94
08/09/2024 20:45,August,5.96,5.94
08/09/2024 20:50,August,5.99,5.96
08/09/2024 20:55,August,5.4,5.37
08/09/2024 21:00,August,5.39,5.37
08/09/2024 21:05,August,32.26,32.11
08/09/2024 21:10,August,32.02,31.84
08/09/2024 21:15,August,24.67,24.53
08/09/2024 21:20,August,30.7,30.52
08/09/2024 21:25,August,13.71,13.63
08/09/2024 21:30,August,15.55,15.46
08/09/2024 21:35,August,19.47,19.35
08/09/2024 21:40,August,19.13,19
08/09/2024 21:45,August,5.97,5.93
08/09/2024 21:50,August,6.39,6.35
08/09/2024 21:55,August,5.98,5.94
08/09/2024 22:00,August,6.38,6.34
08/09/2024 22:05,August,12.69,12.61
08/09/2024 22:10,August,13.25,13.17
08/09/2024 22:15,August,6,5.96
08/09/2024 22:20,August,6.39,6.35
08/09/2024 22:25,August,6,5.96
08/09/2024 22:30,August,5.29,5.25
08/09/2024 22:35,August,5.32,5.28
08/09/2024 22:40,August,5.28,5.25
08/09/2024 22:45,August,4.9,4.87
08/09/2024 22:50,August,5.27,5.24
08/09/2024 22:55,August,5.27,5.23
08/09/2024 23:00,August,5.26,5.23
08/09/2024 23:05,August,14.84,14.76
08/09/2024 23:10,August,11.79,11.72
08/09/2024 23:15,August,5.96,5.93
08/09/2024 23:20,August,5.83,5.8
08/09/2024 23:25,August,5.83,5.8
08/09/2024 23:30,August,11.77,11.7
08/09/2024 23:35,August,11.79,11.71
08/09/2024 23:40,August,5.98,5.94
08/09/2024 23:45,August,4.62,4.59
08/09/2024 23:50,August,4.9,4.87
08/09/2024 23:55,August,5.25,5.21
08/10/2024 0:00,August,5.58,5.54
08/10/2024 0:05,August,31.57,31.4
08/10/2024 0:10,August,24.54,24.41
08/10/2024 0:15,August,20.67,20.57
08/10/2024 0:20,August,19.76,19.67
08/10/2024 0:25,August,19.6,19.51
08/10/2024 0:30,August,12.77,12.7
08/10/2024 0:35,August,12.73,12.67
08/10/2024 0:40,August,12.71,12.64
08/10/2024 0:45,August,12.37,12.31
08/10/2024 0:50,August,12.42,12.36
08/10/2024 0:55,August,5.99,5.96
08/10/2024 1:00,August,5.28,5.25
08/10/2024 1:05,August,5.27,5.24
08/10/2024 1:10,August,5.27,5.24
08/10/2024 1:15,August,12.03,11.96
08/10/2024 1:20,August,11.74,11.67
08/10/2024 1:25,August,4.2,4.17
08/10/2024 1:30,August,4.19,4.17
08/10/2024 1:35,August,4.19,4.16
08/10/2024 1:40,August,4.89,4.87
08/10/2024 1:45,August,4.95,4.92
08/10/2024 1:50,August,5.24,5.22
08/10/2024 1:55,August,5.11,5.09
08/10/2024 2:00,August,5.23,5.21
08/10/2024 2:05,August,4.74,4.72
08/10/2024 2:10,August,4.16,4.14
08/10/2024 2:15,August,4.15,4.13
08/10/2024 2:20,August,4.15,4.13
08/10/2024 2:25,August,4.14,4.12
08/10/2024 2:30,August,4.13,4.11
08/10/2024 2:35,August,4.13,4.11
08/10/2024 2:40,August,4.12,4.1
08/10/2024 2:45,August,4.12,4.1
08/10/2024 2:50,August,4.12,4.1
08/10/2024 2:55,August,3.67,3.65
08/10/2024 3:00,August,3.86,3.84
08/10/2024 3:05,August,4.31,4.29
08/10/2024 3:10,August,5.16,5.14
08/10/2024 3:15,August,4.6,4.58
08/10/2024 3:20,August,4.56,4.55
08/10/2024 3:25,August,4.36,4.35
08/10/2024 3:30,August,3.62,3.6
08/10/2024 3:35,August,3.87,3.86
08/10/2024 3:40,August,4.16,4.14
08/10/2024 3:45,August,3.85,3.83
08/10/2024 3:50,August,3.88,3.86
08/10/2024 3:55,August,5.84,5.81
08/10/2024 4:00,August,5.15,5.12
08/10/2024 4:05,August,5.15,5.12
08/10/2024 4:10,August,3.96,3.94
08/10/2024 4:15,August,4.36,4.34
08/10/2024 4:20,August,4.36,4.34
08/10/2024 4:25,August,3.88,3.87
08/10/2024 4:30,August,3.87,3.86
08/10/2024 4:35,August,4.26,4.24
08/10/2024 4:40,August,4.26,4.24
08/10/2024 4:45,August,3.96,3.94
08/10/2024 4:50,August,3.85,3.83
08/10/2024 4:55,August,3.84,3.82
08/10/2024 5:00,August,3.84,3.82
08/10/2024 5:05,August,2.9,2.88
08/10/2024 5:10,August,3.47,3.45
08/10/2024 5:15,August,3.84,3.82
08/10/2024 5:20,August,3.84,3.82
08/10/2024 5:25,August,3.91,3.88
08/10/2024 5:30,August,3.63,3.6
08/10/2024 5:35,August,3.67,3.65
08/10/2024 5:40,August,3.61,3.59
08/10/2024 5:45,August,3.67,3.65
08/10/2024 5:50,August,3.85,3.83
08/10/2024 5:55,August,3.85,3.83
08/10/2024 6:00,August,3.67,3.65
08/10/2024 6:05,August,2.42,2.4
08/10/2024 6:10,August,2.54,2.52
08/10/2024 6:15,August,2.73,2.71
08/10/2024 6:20,August,2.62,2.61
08/10/2024 6:25,August,2.89,2.88
08/10/2024 6:30,August,2.89,2.87
08/10/2024 6:35,August,2.89,2.87
08/10/2024 6:40,August,2.78,2.76
08/10/2024 6:45,August,2.89,2.87
08/10/2024 6:50,August,2.88,2.87
08/10/2024 6:55,August,2.85,2.83
08/10/2024 7:00,August,2.88,2.86
08/10/2024 7:05,August,2.89,2.88
08/10/2024 7:10,August,3.29,3.28
08/10/2024 7:15,August,3.8,3.78
08/10/2024 7:20,August,4.42,4.4
08/10/2024 7:25,August,3.82,3.8
08/10/2024 7:30,August,3.52,3.5
08/10/2024 7:35,August,3.81,3.8
08/10/2024 7:40,August,5.82,5.8
08/10/2024 7:45,August,3.82,3.81
08/10/2024 7:50,August,5.12,5.11
08/10/2024 7:55,August,4.98,4.96
08/10/2024 8:00,August,12.29,12.26
08/10/2024 8:05,August,0,0
08/10/2024 8:10,August,0.1,0.1
08/10/2024 8:15,August,2.41,2.4
08/10/2024 8:20,August,2.43,2.41
08/10/2024 8:25,August,2.89,2.87
08/10/2024 8:30,August,3.51,3.5
08/10/2024 8:35,August,3.51,3.49
08/10/2024 8:40,August,3.23,3.22
08/10/2024 8:45,August,4.32,4.3
08/10/2024 8:50,August,3.51,3.5
08/10/2024 8:55,August,3.51,3.5
08/10/2024 9:00,August,4.61,4.6
08/10/2024 9:05,August,2.43,2.44
08/10/2024 9:10,August,3.51,3.51
08/10/2024 9:15,August,3.5,3.51
08/10/2024 9:20,August,3.34,3.35
08/10/2024 9:25,August,5.09,5.11
08/10/2024 9:30,August,4.35,4.36
08/10/2024 9:35,August,5.76,5.79
08/10/2024 9:40,August,5.09,5.11
08/10/2024 9:45,August,5.76,5.79
08/10/2024 9:50,August,3.81,3.82
08/10/2024 9:55,August,3.01,3.02
08/10/2024 10:00,August,3.51,3.53
08/10/2024 10:05,August,3.76,3.78
08/10/2024 10:10,August,3.77,3.79
08/10/2024 10:15,August,3.52,3.53
08/10/2024 10:20,August,3.76,3.77
08/10/2024 10:25,August,4.1,4.12
08/10/2024 10:30,August,3.88,3.91
08/10/2024 10:35,August,5.05,5.08
08/10/2024 10:40,August,5.05,5.07
08/10/2024 10:45,August,5.73,5.76
08/10/2024 10:50,August,3.04,3.06
08/10/2024 10:55,August,3.78,3.79
08/10/2024 11:00,August,3.32,3.33
08/10/2024 11:05,August,3.77,3.79
08/10/2024 11:10,August,3.51,3.52
08/10/2024 11:15,August,3.75,3.77
08/10/2024 11:20,August,3.76,3.78
08/10/2024 11:25,August,3.88,3.9
08/10/2024 11:30,August,4.58,4.6
08/10/2024 11:35,August,3.63,3.65
08/10/2024 11:40,August,3.51,3.53
08/10/2024 11:45,August,3.76,3.77
08/10/2024 11:50,August,3.02,3.04
08/10/2024 11:55,August,2.86,2.88
08/10/2024 12:00,August,3.31,3.33
08/10/2024 12:05,August,2.74,2.76
08/10/2024 12:10,August,3.02,3.04
08/10/2024 12:15,August,3.5,3.52
08/10/2024 12:20,August,3.02,3.04
08/10/2024 12:25,August,3.5,3.53
08/10/2024 12:30,August,3.62,3.64
08/10/2024 12:35,August,3.21,3.23
08/10/2024 12:40,August,2.78,2.79
08/10/2024 12:45,August,2.86,2.87
08/10/2024 12:50,August,3.32,3.34
08/10/2024 12:55,August,2.77,2.78
08/10/2024 13:00,August,2.86,2.87
08/10/2024 13:05,August,2.45,2.45
08/10/2024 13:10,August,2.86,2.87
08/10/2024 13:15,August,3.2,3.21
08/10/2024 13:20,August,5.1,5.11
08/10/2024 13:25,August,3.81,3.82
08/10/2024 13:30,August,4.1,4.11
08/10/2024 13:35,August,3.84,3.85
08/10/2024 13:40,August,3.61,3.62
08/10/2024 13:45,August,2.87,2.87
08/10/2024 13:50,August,3.51,3.52
08/10/2024 13:55,August,3.51,3.51
08/10/2024 14:00,August,3.75,3.75
08/10/2024 14:05,August,3.42,3.42
08/10/2024 14:10,August,3.51,3.51
08/10/2024 14:15,August,4.71,4.71
08/10/2024 14:20,August,3.82,3.83
08/10/2024 14:25,August,3.18,3.18
08/10/2024 14:30,August,3.52,3.53
08/10/2024 14:35,August,3.52,3.53
08/10/2024 14:40,August,3.52,3.53
08/10/2024 14:45,August,3.24,3.24
08/10/2024 14:50,August,3.82,3.82
08/10/2024 14:55,August,3.74,3.74
08/10/2024 15:00,August,3.55,3.56
08/10/2024 15:05,August,3.56,3.56
08/10/2024 15:10,August,3.77,3.77
08/10/2024 15:15,August,3.63,3.62
08/10/2024 15:20,August,5.79,5.78
08/10/2024 15:25,August,5.1,5.1
08/10/2024 15:30,August,5.79,5.79
08/10/2024 15:35,August,5.11,5.1
08/10/2024 15:40,August,5.12,5.1
08/10/2024 15:45,August,9.73,9.7
08/10/2024 15:50,August,3.54,3.53
08/10/2024 15:55,August,3.64,3.63
08/10/2024 16:00,August,3.54,3.54
08/10/2024 16:05,August,5.07,5.06
08/10/2024 16:10,August,3.79,3.78
08/10/2024 16:15,August,3.9,3.9
08/10/2024 16:20,August,9.73,9.71
08/10/2024 16:25,August,5.11,5.1
08/10/2024 16:30,August,4.04,4.03
08/10/2024 16:35,August,3.95,3.94
08/10/2024 16:40,August,3.22,3.21
08/10/2024 16:45,August,3.54,3.53
08/10/2024 16:50,August,3.22,3.21
08/10/2024 16:55,August,3.23,3.22
08/10/2024 17:00,August,3.54,3.53
08/10/2024 17:05,August,3.55,3.54
08/10/2024 17:10,August,3.25,3.24
08/10/2024 17:15,August,3.24,3.23
08/10/2024 17:20,August,3.24,3.23
08/10/2024 17:25,August,3.25,3.24
08/10/2024 17:30,August,3.2,3.19
08/10/2024 17:35,August,3.22,3.21
08/10/2024 17:40,August,3.26,3.25
08/10/2024 17:45,August,3.61,3.6
08/10/2024 17:50,August,3.56,3.55
08/10/2024 17:55,August,3.75,3.73
08/10/2024 18:00,August,3.56,3.55
08/10/2024 18:05,August,3.55,3.54
08/10/2024 18:10,August,3.55,3.54
08/10/2024 18:15,August,4.87,4.86
08/10/2024 18:20,August,5.3,5.28
08/10/2024 18:25,August,5.31,5.29
08/10/2024 18:30,August,5.88,5.85
08/10/2024 18:35,August,5.32,5.3
08/10/2024 18:40,August,5.32,5.3
08/10/2024 18:45,August,5.33,5.31
08/10/2024 18:50,August,5.33,5.31
08/10/2024 18:55,August,5.33,5.31
08/10/2024 19:00,August,5.19,5.16
08/10/2024 19:05,August,5.02,5
08/10/2024 19:10,August,5.17,5.14
08/10/2024 19:15,August,5.31,5.29
08/10/2024 19:20,August,5.17,5.14
08/10/2024 19:25,August,5.02,5
08/10/2024 19:30,August,5.17,5.14
08/10/2024 19:35,August,3.84,3.84
08/10/2024 19:40,August,3.68,3.68
08/10/2024 19:45,August,5.27,5.27
08/10/2024 19:50,August,5.36,5.36
08/10/2024 19:55,August,5.49,5.49
08/10/2024 20:00,August,5.35,5.35
08/10/2024 20:05,August,5.49,5.49
08/10/2024 20:10,August,5.27,5.27
08/10/2024 20:15,August,5.27,5.27
08/10/2024 20:20,August,5.35,5.35
08/10/2024 20:25,August,4.08,4.08
08/10/2024 20:30,August,3.4,3.4
08/10/2024 20:35,August,5.27,5.27
08/10/2024 20:40,August,3.94,3.94
08/10/2024 20:45,August,3.22,3.22
08/10/2024 20:50,August,3.84,3.84
08/10/2024 20:55,August,5.27,5.27
08/10/2024 21:00,August,3.68,3.68
08/10/2024 21:05,August,12.69,12.69
08/10/2024 21:10,August,5.49,5.49
08/10/2024 21:15,August,5.49,5.49
08/10/2024 21:20,August,5.48,5.48
08/10/2024 21:25,August,5.49,5.49
08/10/2024 21:30,August,5.49,5.49
08/10/2024 21:35,August,5.48,5.48
08/10/2024 21:40,August,5.49,5.49
08/10/2024 21:45,August,5.1,5.1
08/10/2024 21:50,August,5.36,5.36
08/10/2024 21:55,August,5.1,5.1
08/10/2024 22:00,August,4.96,4.96
08/10/2024 22:05,August,5.21,5.21
08/10/2024 22:10,August,5.21,5.21
08/10/2024 22:15,August,5.36,5.36
08/10/2024 22:20,August,5.21,5.21
08/10/2024 22:25,August,5.47,5.47
08/10/2024 22:30,August,5.36,5.36
08/10/2024 22:35,August,5.21,5.21
08/10/2024 22:40,August,4.08,4.08
08/10/2024 22:45,August,4.25,4.25
08/10/2024 22:50,August,4.25,4.25
08/10/2024 22:55,August,4.25,4.25
08/10/2024 23:00,August,4.25,4.25
08/10/2024 23:05,August,5.35,5.35
08/10/2024 23:10,August,5.21,5.21
08/10/2024 23:15,August,5.46,5.46
08/10/2024 23:20,August,5.21,5.21
08/10/2024 23:25,August,5.16,5.16
08/10/2024 23:30,August,5.16,5.16
08/10/2024 23:35,August,4.63,4.63
08/10/2024 23:40,August,4.9,4.9
08/10/2024 23:45,August,4.63,4.63
08/10/2024 23:50,August,4.25,4.25
08/10/2024 23:55,August,4.25,4.25
08/11/2024 0:00,August,4.25,4.25
08/11/2024 0:05,August,4.38,4.38
08/11/2024 0:10,August,3.89,3.89
08/11/2024 0:15,August,3.69,3.69
08/11/2024 0:20,August,3.72,3.48
08/11/2024 0:25,August,3.59,3.59
08/11/2024 0:30,August,3.68,3.68
08/11/2024 0:35,August,3.69,3.69
08/11/2024 0:40,August,4.13,4.13
08/11/2024 0:45,August,3.59,3.59
08/11/2024 0:50,August,3.56,3.56
08/11/2024 0:55,August,3.56,3.56
08/11/2024 1:00,August,3.69,3.69
08/11/2024 1:05,August,5.35,5.35
08/11/2024 1:10,August,3.89,3.89
08/11/2024 1:15,August,3.69,3.69
08/11/2024 1:20,August,3.69,3.69
08/11/2024 1:25,August,3.94,3.94
08/11/2024 1:30,August,3.68,3.68
08/11/2024 1:35,August,3.56,3.56
08/11/2024 1:40,August,3.59,3.59
08/11/2024 1:45,August,3.43,3.43
08/11/2024 1:50,August,3.49,3.49
08/11/2024 1:55,August,3.59,3.59
08/11/2024 2:00,August,3.48,3.48
08/11/2024 2:05,August,3.94,3.94
08/11/2024 2:10,August,3.59,3.59
08/11/2024 2:15,August,3.59,3.59
08/11/2024 2:20,August,3.69,3.69
08/11/2024 2:25,August,3.59,3.59
08/11/2024 2:30,August,3.68,3.68
08/11/2024 2:35,August,3.59,3.59
08/11/2024 2:40,August,3.59,3.59
08/11/2024 2:45,August,3.51,3.33
08/11/2024 2:50,August,3.46,3.29
08/11/2024 2:55,August,3.42,3.26
08/11/2024 3:00,August,3.26,3.15
08/11/2024 3:05,August,3.09,3.06
08/11/2024 3:10,August,3.11,3.09
08/11/2024 3:15,August,3.14,3.12
08/11/2024 3:20,August,3.19,3.17
08/11/2024 3:25,August,3.59,3.48
08/11/2024 3:30,August,3.67,3.67
08/11/2024 3:35,August,4.12,3.77
08/11/2024 3:40,August,3.51,3.33
08/11/2024 3:45,August,3.41,3.41
08/11/2024 3:50,August,3.51,3.33
08/11/2024 3:55,August,3.75,3.5
08/11/2024 4:00,August,3.27,3.15
08/11/2024 4:05,August,3.17,3.14
08/11/2024 4:10,August,3.68,3.45
08/11/2024 4:15,August,3.09,3.07
08/11/2024 4:20,August,3.05,3.03
08/11/2024 4:25,August,3.04,3.01
08/11/2024 4:30,August,2.79,2.76
08/11/2024 4:35,August,3.18,3.16
08/11/2024 4:40,August,3.03,3
08/11/2024 4:45,August,2.69,2.66
08/11/2024 4:50,August,2.52,2.5
08/11/2024 4:55,August,2.51,2.49
08/11/2024 5:00,August,2.47,2.45
08/11/2024 5:05,August,3.18,3.15
08/11/2024 5:10,August,3.1,3.08
08/11/2024 5:15,August,3.36,3.33
08/11/2024 5:20,August,3.17,3.14
08/11/2024 5:25,August,3.07,3.05
08/11/2024 5:30,August,3.05,3.03
08/11/2024 5:35,August,3.07,3.04
08/11/2024 5:40,August,3.05,3.03
08/11/2024 5:45,August,2.91,2.89
08/11/2024 5:50,August,2.7,2.67
08/11/2024 5:55,August,2.53,2.51
08/11/2024 6:00,August,2.91,2.89
08/11/2024 6:05,August,2.57,2.55
08/11/2024 6:10,August,2.38,2.36
08/11/2024 6:15,August,2.56,2.54
08/11/2024 6:20,August,2.46,2.44
08/11/2024 6:25,August,2.38,2.36
08/11/2024 6:30,August,2.37,2.35
08/11/2024 6:35,August,2.33,2.31
08/11/2024 6:40,August,2.38,2.36
08/11/2024 6:45,August,2.46,2.45
08/11/2024 6:50,August,2.38,2.36
08/11/2024 6:55,August,2.37,2.35
08/11/2024 7:00,August,2.46,2.45
08/11/2024 7:05,August,2.31,2.3
08/11/2024 7:10,August,2.34,2.32
08/11/2024 7:15,August,2.34,2.32
08/11/2024 7:20,August,2.37,2.35
08/11/2024 7:25,August,2.34,2.33
08/11/2024 7:30,August,2.34,2.32
08/11/2024 7:35,August,2.31,2.29
08/11/2024 7:40,August,2.31,2.3
08/11/2024 7:45,August,2.31,2.3
08/11/2024 7:50,August,2.17,2.16
08/11/2024 7:55,August,2.26,2.25
08/11/2024 8:00,August,2.31,2.29
08/11/2024 8:05,August,0,0
08/11/2024 8:10,August,0,0
08/11/2024 8:15,August,0,0
08/11/2024 8:20,August,0,0
08/11/2024 8:25,August,2.04,2.03
08/11/2024 8:30,August,0.1,0.1
08/11/2024 8:35,August,2.18,2.16
08/11/2024 8:40,August,2.04,2.03
08/11/2024 8:45,August,2.16,2.15
08/11/2024 8:50,August,2.03,2.02
08/11/2024 8:55,August,2.16,2.15
08/11/2024 9:00,August,0.1,0.1
08/11/2024 9:05,August,0.1,0.1
08/11/2024 9:10,August,2.17,2.16
08/11/2024 9:15,August,2.23,2.23
08/11/2024 9:20,August,2.23,2.23
08/11/2024 9:25,August,2.23,2.23
08/11/2024 9:30,August,2.31,2.3
08/11/2024 9:35,August,2.3,2.3
08/11/2024 9:40,August,2.31,2.31
08/11/2024 9:45,August,2.32,2.32
08/11/2024 9:50,August,2.34,2.33
08/11/2024 9:55,August,2.49,2.48
08/11/2024 10:00,August,2.45,2.45
08/11/2024 10:05,August,2.7,2.7
08/11/2024 10:10,August,2.87,2.87
08/11/2024 10:15,August,2.77,2.76
08/11/2024 10:20,August,2.85,2.85
08/11/2024 10:25,August,2.78,2.77
08/11/2024 10:30,August,2.86,2.85
08/11/2024 10:35,August,3.42,3.4
08/11/2024 10:40,August,3.41,3.4
08/11/2024 10:45,August,3.22,3.2
08/11/2024 10:50,August,2.32,2.32
08/11/2024 10:55,August,2.75,2.75
08/11/2024 11:00,August,3.05,3.04
08/11/2024 11:05,August,3.12,3.11
08/11/2024 11:10,August,3.11,3.11
08/11/2024 11:15,August,3.04,3.03
08/11/2024 11:20,August,2.86,2.86
08/11/2024 11:25,August,2.75,2.75
08/11/2024 11:30,August,2.99,2.98
08/11/2024 11:35,August,2.97,2.96
08/11/2024 11:40,August,3.05,3.04
08/11/2024 11:45,August,2.99,2.97
08/11/2024 11:50,August,2.98,2.97
08/11/2024 11:55,August,2.77,2.75
08/11/2024 12:00,August,2.88,2.86
08/11/2024 12:05,August,2.79,2.77
08/11/2024 12:10,August,3,2.98
08/11/2024 12:15,August,3.01,3
08/11/2024 12:20,August,2.89,2.88
08/11/2024 12:25,August,2.95,2.93
08/11/2024 12:30,August,2.89,2.88
08/11/2024 12:35,August,3.12,3.1
08/11/2024 12:40,August,2.94,2.93
08/11/2024 12:45,August,2.97,2.97
08/11/2024 12:50,August,2.95,2.95
08/11/2024 12:55,August,3.15,3.15
08/11/2024 13:00,August,2.85,2.85
08/11/2024 13:05,August,2.32,2.31
08/11/2024 13:10,August,2.76,2.75
08/11/2024 13:15,August,3.05,3.04
08/11/2024 13:20,August,3.4,3.39
08/11/2024 13:25,August,3.32,3.3
08/11/2024 13:30,August,3.41,3.39
08/11/2024 13:35,August,3.32,3.31
08/11/2024 13:40,August,3.41,3.39
08/11/2024 13:45,August,5.1,5.07
08/11/2024 13:50,August,5.1,5.08
08/11/2024 13:55,August,3.42,3.4
08/11/2024 14:00,August,3.44,3.42
08/11/2024 14:05,August,3.02,3
08/11/2024 14:10,August,2.88,2.87
08/11/2024 14:15,August,3.06,3.04
08/11/2024 14:20,August,2.47,2.46
08/11/2024 14:25,August,2.81,2.79
08/11/2024 14:30,August,2.69,2.67
08/11/2024 14:35,August,2.89,2.87
08/11/2024 14:40,August,2.87,2.86
08/11/2024 14:45,August,3.01,2.99
08/11/2024 14:50,August,2.89,2.88
08/11/2024 14:55,August,3.03,3.01
08/11/2024 15:00,August,3.03,3.01
08/11/2024 15:05,August,2.87,2.86
08/11/2024 15:10,August,3.11,3.1
08/11/2024 15:15,August,3.41,3.39
08/11/2024 15:20,August,3.13,3.12
08/11/2024 15:25,August,3.12,3.11
08/11/2024 15:30,August,3.3,3.28
08/11/2024 15:35,August,3.39,3.37
08/11/2024 15:40,August,3.8,3.78
08/11/2024 15:45,August,3.39,3.38
08/11/2024 15:50,August,3.57,3.56
08/11/2024 15:55,August,3.53,3.51
08/11/2024 16:00,August,3.53,3.52
08/11/2024 16:05,August,2.77,2.76
08/11/2024 16:10,August,2.88,2.87
08/11/2024 16:15,August,2.87,2.87
08/11/2024 16:20,August,2.89,2.88
08/11/2024 16:25,August,2.76,2.76
08/11/2024 16:30,August,2.89,2.89
08/11/2024 16:35,August,2.99,2.98
08/11/2024 16:40,August,3.38,3.37
08/11/2024 16:45,August,3.38,3.37
08/11/2024 16:50,August,3.65,3.64
08/11/2024 16:55,August,3.58,3.57
08/11/2024 17:00,August,3.42,3.41
08/11/2024 17:05,August,3.11,3.1
08/11/2024 17:10,August,3.11,3.1
08/11/2024 17:15,August,3.13,3.12
08/11/2024 17:20,August,3.14,3.13
08/11/2024 17:25,August,3.58,3.57
08/11/2024 17:30,August,3.58,3.57
08/11/2024 17:35,August,5.14,5.12
08/11/2024 17:40,August,5.14,5.12
08/11/2024 17:45,August,3.73,3.71
08/11/2024 17:50,August,3.59,3.57
08/11/2024 17:55,August,3.59,3.58
08/11/2024 18:00,August,3.59,3.58
08/11/2024 18:05,August,3.44,3.43
08/11/2024 18:10,August,3.63,3.61
08/11/2024 18:15,August,3.68,3.67
08/11/2024 18:20,August,3.71,3.69
08/11/2024 18:25,August,5.29,5.27
08/11/2024 18:30,August,5.29,5.27
08/11/2024 18:35,August,5.15,5.13
08/11/2024 18:40,August,5.28,5.26
08/11/2024 18:45,August,27.08,26.99
08/11/2024 18:50,August,23.91,23.82
08/11/2024 18:55,August,5.88,5.86
08/11/2024 19:00,August,5.89,5.87
08/11/2024 19:05,August,5.89,5.87
08/11/2024 19:10,August,5.89,5.87
08/11/2024 19:15,August,5.19,5.17
08/11/2024 19:20,August,5.33,5.31
08/11/2024 19:25,August,5.34,5.31
08/11/2024 19:30,August,5.33,5.31
08/11/2024 19:35,August,5.34,5.32
08/11/2024 19:40,August,5.34,5.32
08/11/2024 19:45,August,5.34,5.32
08/11/2024 19:50,August,5.34,5.32
08/11/2024 19:55,August,5.9,5.87
08/11/2024 20:00,August,5.98,5.95
08/11/2024 20:05,August,5.98,5.96
08/11/2024 20:10,August,5.99,5.96
08/11/2024 20:15,August,5.99,5.96
08/11/2024 20:20,August,5.99,5.96
08/11/2024 20:25,August,6,5.97
08/11/2024 20:30,August,6,5.97
08/11/2024 20:35,August,5.92,5.89
08/11/2024 20:40,August,6,5.98
08/11/2024 20:45,August,6.36,6.33
08/11/2024 20:50,August,6.87,6.84
08/11/2024 20:55,August,6.03,6
08/11/2024 21:00,August,5.93,5.91
08/11/2024 21:05,August,11.99,11.92
08/11/2024 21:10,August,11.73,11.67
08/11/2024 21:15,August,11.98,11.92
08/11/2024 21:20,August,11.69,11.63
08/11/2024 21:25,August,11.64,11.57
08/11/2024 21:30,August,11.65,11.59
08/11/2024 21:35,August,6.04,6.01
08/11/2024 21:40,August,10.17,10.11
08/11/2024 21:45,August,6.04,6.01
08/11/2024 21:50,August,6.03,6
08/11/2024 21:55,August,5.94,5.91
08/11/2024 22:00,August,4.7,4.68
08/11/2024 22:05,August,4.77,4.74
08/11/2024 22:10,August,4.48,4.45
08/11/2024 22:15,August,5.24,5.21
08/11/2024 22:20,August,5.23,5.2
08/11/2024 22:25,August,5.23,5.2
08/11/2024 22:30,August,5.94,5.91
08/11/2024 22:35,August,5.24,5.21
08/11/2024 22:40,August,5.12,5.09
08/11/2024 22:45,August,5.23,5.2
08/11/2024 22:50,August,5.22,5.19
08/11/2024 22:55,August,4.9,4.87
08/11/2024 23:00,August,4.77,4.75
08/11/2024 23:05,August,5.91,5.88
08/11/2024 23:10,August,5.22,5.19
08/11/2024 23:15,August,5.27,5.24
08/11/2024 23:20,August,5.12,5.09
08/11/2024 23:25,August,5.22,5.19
08/11/2024 23:30,August,4.78,4.75
08/11/2024 23:35,August,4.78,4.75
08/11/2024 23:40,August,4.75,4.72
08/11/2024 23:45,August,4.89,4.86
08/11/2024 23:50,August,4.15,4.12
08/11/2024 23:55,August,4.14,4.11
08/12/2024 0:00,August,3.77,3.74
08/12/2024 0:05,August,4.14,4.11
08/12/2024 0:10,August,4.14,4.11
08/12/2024 0:15,August,4.13,4.1
08/12/2024 0:20,August,3.86,3.83
08/12/2024 0:25,August,4.12,4.1
08/12/2024 0:30,August,4.12,4.09
08/12/2024 0:35,August,3.91,3.88
08/12/2024 0:40,August,3.92,3.9
08/12/2024 0:45,August,3.11,3.08
08/12/2024 0:50,August,3.47,3.45
08/12/2024 0:55,August,3.56,3.53
08/12/2024 1:00,August,4.13,4.1
08/12/2024 1:05,August,4.8,4.76
08/12/2024 1:10,August,4.79,4.76
08/12/2024 1:15,August,3.9,3.88
08/12/2024 1:20,August,3.47,3.44
08/12/2024 1:25,August,3.68,3.65
08/12/2024 1:30,August,3.87,3.85
08/12/2024 1:35,August,4.55,4.52
08/12/2024 1:40,August,4.11,4.08
08/12/2024 1:45,August,4.11,4.08
08/12/2024 1:50,August,3.65,3.63
08/12/2024 1:55,August,2.79,2.77
08/12/2024 2:00,August,3.12,3.09
08/12/2024 2:05,August,2.6,2.58
08/12/2024 2:10,August,2.92,2.89
08/12/2024 2:15,August,3.27,3.24
08/12/2024 2:20,August,3.46,3.43
08/12/2024 2:25,August,3.49,3.46
08/12/2024 2:30,August,3.46,3.43
08/12/2024 2:35,August,3.47,3.44
08/12/2024 2:40,August,3.53,3.49
08/12/2024 2:45,August,3.47,3.44
08/12/2024 2:50,August,3.47,3.44
08/12/2024 2:55,August,3.31,3.28
08/12/2024 3:00,August,3.47,3.44
08/12/2024 3:05,August,3.92,3.88
08/12/2024 3:10,August,3.48,3.44
08/12/2024 3:15,August,3.48,3.45
08/12/2024 3:20,August,3.48,3.44
08/12/2024 3:25,August,3.28,3.24
08/12/2024 3:30,August,3.48,3.44
08/12/2024 3:35,August,3.68,3.65
08/12/2024 3:40,August,3.48,3.44
08/12/2024 3:45,August,2.93,2.9
08/12/2024 3:50,August,3.28,3.24
08/12/2024 3:55,August,2.93,2.9
08/12/2024 4:00,August,3.02,2.99
08/12/2024 4:05,August,3.02,2.99
08/12/2024 4:10,August,3.06,3.03
08/12/2024 4:15,August,3.27,3.24
08/12/2024 4:20,August,3.83,3.79
08/12/2024 4:25,August,3.52,3.48
08/12/2024 4:30,August,3.47,3.44
08/12/2024 4:35,August,3.76,3.72
08/12/2024 4:40,August,3.68,3.65
08/12/2024 4:45,August,3.5,3.46
08/12/2024 4:50,August,3.68,3.65
08/12/2024 4:55,August,3.68,3.65
08/12/2024 5:00,August,3.51,3.48
08/12/2024 5:05,August,2.62,2.59
08/12/2024 5:10,August,3.32,3.29
08/12/2024 5:15,August,3.52,3.48
08/12/2024 5:20,August,3.62,3.58
08/12/2024 5:25,August,3.54,3.5
08/12/2024 5:30,August,3.49,3.46
08/12/2024 5:35,August,3.51,3.47
08/12/2024 5:40,August,3.52,3.48
08/12/2024 5:45,August,3.51,3.47
08/12/2024 5:50,August,3.5,3.46
08/12/2024 5:55,August,3.5,3.46
08/12/2024 6:00,August,3.49,3.45
08/12/2024 6:05,August,2.22,2.19
08/12/2024 6:10,August,2.79,2.76
08/12/2024 6:15,August,2.93,2.9
08/12/2024 6:20,August,2.78,2.76
08/12/2024 6:25,August,2.9,2.87
08/12/2024 6:30,August,2.57,2.54
08/12/2024 6:35,August,2.78,2.75
08/12/2024 6:40,August,2.47,2.45
08/12/2024 6:45,August,2.47,2.45
08/12/2024 6:50,August,2.34,2.32
08/12/2024 6:55,August,2.77,2.75
08/12/2024 7:00,August,3.49,3.46
08/12/2024 7:05,August,2.6,2.58
08/12/2024 7:10,August,2.6,2.58
08/12/2024 7:15,August,2.87,2.85
08/12/2024 7:20,August,2.77,2.75
08/12/2024 7:25,August,2.81,2.79
08/12/2024 7:30,August,3.04,3.02
08/12/2024 7:35,August,3.3,3.27
08/12/2024 7:40,August,3.44,3.42
08/12/2024 7:45,August,3.44,3.42
08/12/2024 7:50,August,3.44,3.42
08/12/2024 7:55,August,4.62,4.59
08/12/2024 8:00,August,5.13,5.11
08/12/2024 8:05,August,2.92,2.89
08/12/2024 8:10,August,4.5,4.46
08/12/2024 8:15,August,4.5,4.46
08/12/2024 8:20,August,4.71,4.67
08/12/2024 8:25,August,4.71,4.67
08/12/2024 8:30,August,12.4,12.3
08/12/2024 8:35,August,12.08,11.98
08/12/2024 8:40,August,12.42,12.31
08/12/2024 8:45,August,12.27,12.15
08/12/2024 8:50,August,5.91,5.86
08/12/2024 8:55,August,5.21,5.16
08/12/2024 9:00,August,4.47,4.43
08/12/2024 9:05,August,3.53,3.51
08/12/2024 9:10,August,5.79,5.76
08/12/2024 9:15,August,4.48,4.46
08/12/2024 9:20,August,12.91,12.89
08/12/2024 9:25,August,11.34,11.32
08/12/2024 9:30,August,8.6,8.59
08/12/2024 9:35,August,5.78,5.77
08/12/2024 9:40,August,8.61,8.59
08/12/2024 9:45,August,8.61,8.6
08/12/2024 9:50,August,9.6,9.59
08/12/2024 9:55,August,13.46,13.46
08/12/2024 10:00,August,15.48,15.48
08/12/2024 10:05,August,4.45,4.45
08/12/2024 10:10,August,5.05,5.05
08/12/2024 10:15,August,5.9,5.91
08/12/2024 10:20,August,12.89,12.9
08/12/2024 10:25,August,13.5,13.51
08/12/2024 10:30,August,13.52,13.53
08/12/2024 10:35,August,13.48,13.5
08/12/2024 10:40,August,5.03,5.04
08/12/2024 10:45,August,5.02,5.03
08/12/2024 10:50,August,4.68,4.69
08/12/2024 10:55,August,13.48,13.5
08/12/2024 11:00,August,12.85,12.88
08/12/2024 11:05,August,12.31,12.34
08/12/2024 11:10,August,4.68,4.69
08/12/2024 11:15,August,5.04,5.03
08/12/2024 11:20,August,5.11,5.1
08/12/2024 11:25,August,5.89,5.88
08/12/2024 11:30,August,5.89,5.88
08/12/2024 11:35,August,12.29,12.27
08/12/2024 11:40,August,4.7,4.7
08/12/2024 11:45,August,4.44,4.44
08/12/2024 11:50,August,5.02,5.02
08/12/2024 11:55,August,3.71,3.71
08/12/2024 12:00,August,3.13,3.13
08/12/2024 12:05,August,3.06,3.06
08/12/2024 12:10,August,3.23,3.23
08/12/2024 12:15,August,3.39,3.39
08/12/2024 12:20,August,3.38,3.39
08/12/2024 12:25,August,3.6,3.61
08/12/2024 12:30,August,4.72,4.73
08/12/2024 12:35,August,5.01,5.02
08/12/2024 12:40,August,4.72,4.73
08/12/2024 12:45,August,5.01,5.02
08/12/2024 12:50,August,5.15,5.15
08/12/2024 12:55,August,4.72,4.73
08/12/2024 13:00,August,12.32,12.33
08/12/2024 13:05,August,12.79,12.81
08/12/2024 13:10,August,12.8,12.82
08/12/2024 13:15,August,5.85,5.86
08/12/2024 13:20,August,8.55,8.57
08/12/2024 13:25,August,5.86,5.87
08/12/2024 13:30,August,12.83,12.85
08/12/2024 13:35,August,12.84,12.86
08/12/2024 13:40,August,7.67,7.69
08/12/2024 13:45,August,7.69,7.7
08/12/2024 13:50,August,5.88,5.89
08/12/2024 13:55,August,5.22,5.23
08/12/2024 14:00,August,5.88,5.89
08/12/2024 14:05,August,5.22,5.24
08/12/2024 14:10,August,7.67,7.69
08/12/2024 14:15,August,5.89,5.9
08/12/2024 14:20,August,5.88,5.9
08/12/2024 14:25,August,4.78,4.79
08/12/2024 14:30,August,5.06,5.08
08/12/2024 14:35,August,8.59,8.6
08/12/2024 14:40,August,5.24,5.25
08/12/2024 14:45,August,5.1,5.1
08/12/2024 14:50,August,18.71,18.73
08/12/2024 14:55,August,13.25,13.25
08/12/2024 15:00,August,13,12.99
08/12/2024 15:05,August,30.62,30.62
08/12/2024 15:10,August,12.95,12.96
08/12/2024 15:15,August,18.74,18.74
08/12/2024 15:20,August,18.84,18.8
08/12/2024 15:25,August,16.86,16.8
08/12/2024 15:30,August,16.06,16
08/12/2024 15:35,August,24.63,24.55
08/12/2024 15:40,August,16.2,16.15
08/12/2024 15:45,August,13.01,12.97
08/12/2024 15:50,August,9.72,9.7
08/12/2024 15:55,August,6.01,5.99
08/12/2024 16:00,August,9.68,9.66
08/12/2024 16:05,August,5.99,5.98
08/12/2024 16:10,August,5.3,5.29
08/12/2024 16:15,August,5.99,5.97
08/12/2024 16:20,August,6.02,6.01
08/12/2024 16:25,August,6,6
08/12/2024 16:30,August,13.07,13.04
08/12/2024 16:35,August,6.04,6.02
08/12/2024 16:40,August,9.68,9.65
08/12/2024 16:45,August,6.04,6.02
08/12/2024 16:50,August,5.32,5.31
08/12/2024 16:55,August,5.32,5.31
08/12/2024 17:00,August,5.17,5.16
08/12/2024 17:05,August,5.31,5.3
08/12/2024 17:10,August,5.32,5.31
08/12/2024 17:15,August,6,5.99
08/12/2024 17:20,August,6,5.99
08/12/2024 17:25,August,5.33,5.32
08/12/2024 17:30,August,5.32,5.31
08/12/2024 17:35,August,5.98,5.97
08/12/2024 17:40,August,5.99,5.97
08/12/2024 17:45,August,6,5.98
08/12/2024 17:50,August,6,5.98
08/12/2024 17:55,August,6,5.98
08/12/2024 18:00,August,6,5.98
08/12/2024 18:05,August,13.15,13.1
08/12/2024 18:10,August,6.03,6.01
08/12/2024 18:15,August,7.82,7.79
08/12/2024 18:20,August,7.83,7.8
08/12/2024 18:25,August,7.84,7.81
08/12/2024 18:30,August,13.53,13.49
08/12/2024 18:35,August,16.07,16.02
08/12/2024 18:40,August,18.99,18.93
08/12/2024 18:45,August,27.82,27.73
08/12/2024 18:50,August,32.05,31.94
08/12/2024 18:55,August,29.27,29.15
08/12/2024 19:00,August,24.9,24.8
08/12/2024 19:05,August,21.97,21.88
08/12/2024 19:10,August,13.55,13.49
08/12/2024 19:15,August,13.14,13.09
08/12/2024 19:20,August,9.79,9.75
08/12/2024 19:25,August,9.78,9.74
08/12/2024 19:30,August,9.78,9.74
08/12/2024 19:35,August,9.77,9.73
08/12/2024 19:40,August,9.77,9.73
08/12/2024 19:45,August,13.15,13.1
08/12/2024 19:50,August,13.17,13.11
08/12/2024 19:55,August,13.17,13.11
08/12/2024 20:00,August,13.17,13.11
08/12/2024 20:05,August,44.89,44.69
08/12/2024 20:10,August,38.75,38.58
08/12/2024 20:15,August,39.6,39.42
08/12/2024 20:20,August,33.25,33.1
08/12/2024 20:25,August,33.2,33.07
08/12/2024 20:30,August,30.53,30.41
08/12/2024 20:35,August,33.29,33.15
08/12/2024 20:40,August,33.26,33.13
08/12/2024 20:45,August,33.26,33.13
08/12/2024 20:50,August,17.59,17.51
08/12/2024 20:55,August,13.52,13.46
08/12/2024 21:00,August,7.81,7.78
08/12/2024 21:05,August,36.22,36.05
08/12/2024 21:10,August,34.75,34.57
08/12/2024 21:15,August,33.3,33.13
08/12/2024 21:20,August,52.37,52.11
08/12/2024 21:25,August,33.34,33.18
08/12/2024 21:30,August,41.2,41.02
08/12/2024 21:35,August,39.82,39.62
08/12/2024 21:40,August,31.9,31.74
08/12/2024 21:45,August,32.05,31.89
08/12/2024 21:50,August,31.55,31.4
08/12/2024 21:55,August,18.86,18.77
08/12/2024 22:00,August,12.59,12.52
08/12/2024 22:05,August,36.98,36.8
08/12/2024 22:10,August,36,35.81
08/12/2024 22:15,August,42.98,42.75
08/12/2024 22:20,August,33.28,33.05
08/12/2024 22:25,August,33.3,33.04
08/12/2024 22:30,August,33.28,33.02
08/12/2024 22:35,August,32.85,32.6
08/12/2024 22:40,August,33.38,33.14
08/12/2024 22:45,August,33.34,33.1
08/12/2024 22:50,August,30.42,30.19
08/12/2024 22:55,August,29.04,28.83
08/12/2024 23:00,August,8.17,8.11
08/12/2024 23:05,August,40.69,40.43
08/12/2024 23:10,August,32.88,32.67
08/12/2024 23:15,August,30.5,30.28
08/12/2024 23:20,August,30.33,30.12
08/12/2024 23:25,August,12.43,12.34
08/12/2024 23:30,August,6.15,6.1
08/12/2024 23:35,August,5.22,5.18
08/12/2024 23:40,August,5.23,5.19
08/12/2024 23:45,August,5.23,5.18
08/12/2024 23:50,August,5.23,5.19
08/12/2024 23:55,August,5.24,5.2
08/13/2024 0:00,August,4.45,4.41
08/13/2024 0:05,August,21.23,21.07
08/13/2024 0:10,August,5.11,5.07
08/13/2024 0:15,August,5.2,5.16
08/13/2024 0:20,August,5.32,5.27
08/13/2024 0:25,August,6.04,6
08/13/2024 0:30,August,5.21,5.17
08/13/2024 0:35,August,4.14,4.11
08/13/2024 0:40,August,4.13,4.1
08/13/2024 0:45,August,4.11,4.08
08/13/2024 0:50,August,4.1,4.07
08/13/2024 0:55,August,4.09,4.06
08/13/2024 1:00,August,4.09,4.06
08/13/2024 1:05,August,5.16,5.12
08/13/2024 1:10,August,4.11,4.08
08/13/2024 1:15,August,3.9,3.87
08/13/2024 1:20,August,4.09,4.06
08/13/2024 1:25,August,4.09,4.06
08/13/2024 1:30,August,4.09,4.06
08/13/2024 1:35,August,4.09,4.06
08/13/2024 1:40,August,4.09,4.06
08/13/2024 1:45,August,4.09,4.06
08/13/2024 1:50,August,4.09,4.06
08/13/2024 1:55,August,4.08,4.05
08/13/2024 2:00,August,3.68,3.66
08/13/2024 2:05,August,3.08,3.06
08/13/2024 2:10,August,3.08,3.05
08/13/2024 2:15,August,3.27,3.25
08/13/2024 2:20,August,3.4,3.38
08/13/2024 2:25,August,3.41,3.39
08/13/2024 2:30,August,3.55,3.53
08/13/2024 2:35,August,3.46,3.43
08/13/2024 2:40,August,3.46,3.43
08/13/2024 2:45,August,3.48,3.46
08/13/2024 2:50,August,3.29,3.27
08/13/2024 2:55,August,3.29,3.27
08/13/2024 3:00,August,3.35,3.33
08/13/2024 3:05,August,3.44,3.41
08/13/2024 3:10,August,3.45,3.42
08/13/2024 3:15,August,3.46,3.43
08/13/2024 3:20,August,3.46,3.43
08/13/2024 3:25,August,3.44,3.42
08/13/2024 3:30,August,3.71,3.68
08/13/2024 3:35,August,3.54,3.51
08/13/2024 3:40,August,3.46,3.43
08/13/2024 3:45,August,3.46,3.44
08/13/2024 3:50,August,3.47,3.44
08/13/2024 3:55,August,3.36,3.33
08/13/2024 4:00,August,3.45,3.43
08/13/2024 4:05,August,5.13,5.09
08/13/2024 4:10,August,5.39,5.35
08/13/2024 4:15,August,5.39,5.35
08/13/2024 4:20,August,5.11,5.08
08/13/2024 4:25,August,5.06,5.03
08/13/2024 4:30,August,4.17,4.14
08/13/2024 4:35,August,4.66,4.63
08/13/2024 4:40,August,5.07,5.04
08/13/2024 4:45,August,4.58,4.55
08/13/2024 4:50,August,5.05,5.02
08/13/2024 4:55,August,5.07,5.04
08/13/2024 5:00,August,4.59,4.56
08/13/2024 5:05,August,3.35,3.33
08/13/2024 5:10,August,3.44,3.42
08/13/2024 5:15,August,3.75,3.73
08/13/2024 5:20,August,4.17,4.14
08/13/2024 5:25,August,4.58,4.55
08/13/2024 5:30,August,5.06,5.02
08/13/2024 5:35,August,4.4,4.37
08/13/2024 5:40,August,4.39,4.36
08/13/2024 5:45,August,3.76,3.73
08/13/2024 5:50,August,4.17,4.14
08/13/2024 5:55,August,3.76,3.73
08/13/2024 6:00,August,3.75,3.73
08/13/2024 6:05,August,2.61,2.59
08/13/2024 6:10,August,2.78,2.76
08/13/2024 6:15,August,2.91,2.88
08/13/2024 6:20,August,2.61,2.59
08/13/2024 6:25,August,2.62,2.6
08/13/2024 6:30,August,2.7,2.68
08/13/2024 6:35,August,2.63,2.61
08/13/2024 6:40,August,2.71,2.69
08/13/2024 6:45,August,2.71,2.7
08/13/2024 6:50,August,2.77,2.75
08/13/2024 6:55,August,2.77,2.75
08/13/2024 7:00,August,2.63,2.61
08/13/2024 7:05,August,2.64,2.63
08/13/2024 7:10,August,2.68,2.66
08/13/2024 7:15,August,2.7,2.69
08/13/2024 7:20,August,2.75,2.74
08/13/2024 7:25,August,2.8,2.79
08/13/2024 7:30,August,3.09,3.09
08/13/2024 7:35,August,3.42,3.41
08/13/2024 7:40,August,3.64,3.63
08/13/2024 7:45,August,5.09,5.08
08/13/2024 7:50,August,4.61,4.6
08/13/2024 7:55,August,3.53,3.52
08/13/2024 8:00,August,4.59,4.58
08/13/2024 8:05,August,2.79,2.76
08/13/2024 8:10,August,3.82,3.79
08/13/2024 8:15,August,4.63,4.59
08/13/2024 8:20,August,3.45,3.42
08/13/2024 8:25,August,3.44,3.42
08/13/2024 8:30,August,3.44,3.42
08/13/2024 8:35,August,3.8,3.78
08/13/2024 8:40,August,12.25,12.18
08/13/2024 8:45,August,6.01,5.98
08/13/2024 8:50,August,6.01,5.98
08/13/2024 8:55,August,5.09,5.06
08/13/2024 9:00,August,6.01,5.97
08/13/2024 9:05,August,2.41,2.41
08/13/2024 9:10,August,2.6,2.61
08/13/2024 9:15,August,2.75,2.75
08/13/2024 9:20,August,3.1,3.11
08/13/2024 9:25,August,3.38,3.38
08/13/2024 9:30,August,3.21,3.22
08/13/2024 9:35,August,3.56,3.56
08/13/2024 9:40,August,5.85,5.86
08/13/2024 9:45,August,5.86,5.87
08/13/2024 9:50,August,4.29,4.3
08/13/2024 9:55,August,5.85,5.86
08/13/2024 10:00,August,4.04,4.05
08/13/2024 10:05,August,4.09,4.1
08/13/2024 10:10,August,12.34,12.38
08/13/2024 10:15,August,3.6,3.61
08/13/2024 10:20,August,4.95,4.96
08/13/2024 10:25,August,4.94,4.96
08/13/2024 10:30,August,12.35,12.4
08/13/2024 10:35,August,12.7,12.75
08/13/2024 10:40,August,5.83,5.85
08/13/2024 10:45,August,5.83,5.85
08/13/2024 10:50,August,5.85,5.87
08/13/2024 10:55,August,12.3,12.35
08/13/2024 11:00,August,4.96,4.99
08/13/2024 11:05,August,2.85,2.86
08/13/2024 11:10,August,3.09,3.1
08/13/2024 11:15,August,3.59,3.6
08/13/2024 11:20,August,4.56,4.58
08/13/2024 11:25,August,3.65,3.66
08/13/2024 11:30,August,3.39,3.4
08/13/2024 11:35,August,3.87,3.88
08/13/2024 11:40,August,3.37,3.38
08/13/2024 11:45,August,2.95,2.96
08/13/2024 11:50,August,4.56,4.58
08/13/2024 11:55,August,3.07,3.08
08/13/2024 12:00,August,4.56,4.58
08/13/2024 12:05,August,3.63,3.65
08/13/2024 12:10,August,12.74,12.79
08/13/2024 12:15,August,4.97,4.99
08/13/2024 12:20,August,3.65,3.67
08/13/2024 12:25,August,3.65,3.66
08/13/2024 12:30,August,4.96,4.99
08/13/2024 12:35,August,5.83,5.85
08/13/2024 12:40,August,3.95,3.96
08/13/2024 12:45,August,12.73,12.77
08/13/2024 12:50,August,5.87,5.89
08/13/2024 12:55,August,4.99,5.01
08/13/2024 13:00,August,3.46,3.47
08/13/2024 13:05,August,12.37,12.41
08/13/2024 13:10,August,8.5,8.53
08/13/2024 13:15,August,8.51,8.54
08/13/2024 13:20,August,5.18,5.2
08/13/2024 13:25,August,5.89,5.9
08/13/2024 13:30,August,9.54,9.56
08/13/2024 13:35,August,12.25,12.27
08/13/2024 13:40,August,9.54,9.56
08/13/2024 13:45,August,12.34,12.38
08/13/2024 13:50,August,12.05,12.09
08/13/2024 13:55,August,5.24,5.25
08/13/2024 14:00,August,3.67,3.68
08/13/2024 14:05,August,2.65,2.66
08/13/2024 14:10,August,5.21,5.23
08/13/2024 14:15,August,5.21,5.23
08/13/2024 14:20,August,5.21,5.23
08/13/2024 14:25,August,5.92,5.93
08/13/2024 14:30,August,5.24,5.26
08/13/2024 14:35,August,5.25,5.27
08/13/2024 14:40,August,5.24,5.25
08/13/2024 14:45,August,5.24,5.26
08/13/2024 14:50,August,12.94,12.94
08/13/2024 14:55,August,5.92,5.92
08/13/2024 15:00,August,5.25,5.25
08/13/2024 15:05,August,17.57,17.58
08/13/2024 15:10,August,18.69,18.69
08/13/2024 15:15,August,18.71,18.7
08/13/2024 15:20,August,30.27,30.26
08/13/2024 15:25,August,21.62,21.6
08/13/2024 15:30,August,23.93,23.93
08/13/2024 15:35,August,23.66,23.66
08/13/2024 15:40,August,30.51,30.49
08/13/2024 15:45,August,24.55,24.52
08/13/2024 15:50,August,25.07,25.05
08/13/2024 15:55,August,13,12.99
08/13/2024 16:00,August,12.97,12.98
08/13/2024 16:05,August,5.3,5.3
08/13/2024 16:10,August,5.29,5.29
08/13/2024 16:15,August,10.65,10.65
08/13/2024 16:20,August,6.02,6.02
08/13/2024 16:25,August,6.05,6.05
08/13/2024 16:30,August,6.02,6.01
08/13/2024 16:35,August,8.69,8.68
08/13/2024 16:40,August,7.47,7.46
08/13/2024 16:45,August,8.69,8.69
08/13/2024 16:50,August,7.24,7.23
08/13/2024 16:55,August,5.32,5.31
08/13/2024 17:00,August,5.31,5.31
08/13/2024 17:05,August,8.71,8.7
08/13/2024 17:10,August,5.33,5.32
08/13/2024 17:15,August,5.33,5.32
08/13/2024 17:20,August,6.05,6.03
08/13/2024 17:25,August,11.14,11.11
08/13/2024 17:30,August,11.16,11.13
08/13/2024 17:35,August,6.06,6.04
08/13/2024 17:40,August,11.18,11.12
08/13/2024 17:45,August,5.34,5.32
08/13/2024 17:50,August,5.35,5.33
08/13/2024 17:55,August,6.06,6.03
08/13/2024 18:00,August,6.06,6.03
08/13/2024 18:05,August,5.35,5.32
08/13/2024 18:10,August,6.05,6.02
08/13/2024 18:15,August,6.07,6.04
08/13/2024 18:20,August,21.95,21.84
08/13/2024 18:25,August,27.83,27.68
08/13/2024 18:30,August,31.21,31.01
08/13/2024 18:35,August,28.2,28.03
08/13/2024 18:40,August,27.81,27.64
08/13/2024 18:45,August,31.49,31.29
08/13/2024 18:50,August,31.54,31.35
08/13/2024 18:55,August,31.5,31.29
08/13/2024 19:00,August,33.45,33.23
08/13/2024 19:05,August,33.48,33.24
08/13/2024 19:10,August,31.59,31.37
08/13/2024 19:15,August,31.58,31.35
08/13/2024 19:20,August,31.37,31.14
08/13/2024 19:25,August,30.45,30.22
08/13/2024 19:30,August,31.63,31.39
08/13/2024 19:35,August,16.11,15.99
08/13/2024 19:40,August,24.94,24.75
08/13/2024 19:45,August,16.1,15.98
08/13/2024 19:50,August,16.11,15.98
08/13/2024 19:55,August,16.11,15.98
08/13/2024 20:00,August,25.46,25.26
08/13/2024 20:05,August,61.54,61.12
08/13/2024 20:10,August,47.51,47.19
08/13/2024 20:15,August,46.62,46.31
08/13/2024 20:20,August,47.56,47.25
08/13/2024 20:25,August,52.6,52.26
08/13/2024 20:30,August,45.37,45.06
08/13/2024 20:35,August,33.73,33.49
08/13/2024 20:40,August,32.26,32.03
08/13/2024 20:45,August,42.67,42.35
08/13/2024 20:50,August,32.32,32.07
08/13/2024 20:55,August,31.24,31
08/13/2024 21:00,August,36.42,36.14
08/13/2024 21:05,August,43.69,43.41
08/13/2024 21:10,August,43.01,42.72
08/13/2024 21:15,August,47.71,47.39
08/13/2024 21:20,August,33.69,33.44
08/13/2024 21:25,August,36.66,36.41
08/13/2024 21:30,August,33.53,33.3
08/13/2024 21:35,August,33.54,33.31
08/13/2024 21:40,August,32.22,31.99
08/13/2024 21:45,August,32.09,31.85
08/13/2024 21:50,August,33.53,33.29
08/13/2024 21:55,August,31.46,31.23
08/13/2024 22:00,August,31.11,30.88
08/13/2024 22:05,August,30.38,30.16
08/13/2024 22:10,August,42.74,42.41
08/13/2024 22:15,August,10.86,10.78
08/13/2024 22:20,August,16.63,16.5
08/13/2024 22:25,August,7.73,7.67
08/13/2024 22:30,August,6.18,6.14
08/13/2024 22:35,August,6.15,6.1
08/13/2024 22:40,August,6.18,6.13
08/13/2024 22:45,August,5.24,5.2
08/13/2024 22:50,August,6.13,6.09
08/13/2024 22:55,August,5.24,5.2
08/13/2024 23:00,August,6.1,6.06
08/13/2024 23:05,August,13.39,13.3
08/13/2024 23:10,August,13.8,13.7
08/13/2024 23:15,August,13.4,13.29
08/13/2024 23:20,August,12.23,12.13
08/13/2024 23:25,August,5.07,5.03
08/13/2024 23:30,August,5.24,5.2
08/13/2024 23:35,August,4.89,4.85
08/13/2024 23:40,August,5.23,5.19
08/13/2024 23:45,August,6.11,6.06
08/13/2024 23:50,August,5.24,5.2
08/13/2024 23:55,August,4.16,4.13
08/14/2024 0:00,August,4.15,4.12
08/14/2024 0:05,August,12.29,12.2
08/14/2024 0:10,August,5.64,5.59
08/14/2024 0:15,August,6.06,6.01
08/14/2024 0:20,August,5.23,5.19
08/14/2024 0:25,August,5.14,5.1
08/14/2024 0:30,August,5.22,5.18
08/14/2024 0:35,August,4.54,4.51
08/14/2024 0:40,August,4.15,4.12
08/14/2024 0:45,August,4.64,4.6
08/14/2024 0:50,August,4.64,4.6
08/14/2024 0:55,August,4.89,4.85
08/14/2024 1:00,August,4.91,4.87
08/14/2024 1:05,August,5.88,5.83
08/14/2024 1:10,August,5.13,5.09
08/14/2024 1:15,August,4.74,4.71
08/14/2024 1:20,August,4.73,4.69
08/14/2024 1:25,August,4.73,4.69
08/14/2024 1:30,August,4.12,4.09
08/14/2024 1:35,August,3.46,3.44
08/14/2024 1:40,August,4.1,4.07
08/14/2024 1:45,August,4.11,4.07
08/14/2024 1:50,August,4.11,4.08
08/14/2024 1:55,August,4.11,4.08
08/14/2024 2:00,August,4.11,4.08
08/14/2024 2:05,August,4.01,3.98
08/14/2024 2:10,August,4.1,4.07
08/14/2024 2:15,August,4.1,4.06
08/14/2024 2:20,August,4.1,4.06
08/14/2024 2:25,August,4.1,4.06
08/14/2024 2:30,August,4.1,4.07
08/14/2024 2:35,August,4.1,4.07
08/14/2024 2:40,August,4.11,4.07
08/14/2024 2:45,August,4.11,4.07
08/14/2024 2:50,August,4.11,4.07
08/14/2024 2:55,August,3.9,3.87
08/14/2024 3:00,August,3.69,3.66
08/14/2024 3:05,August,3.69,3.66
08/14/2024 3:10,August,3.69,3.66
08/14/2024 3:15,August,3.69,3.66
08/14/2024 3:20,August,3.69,3.66
08/14/2024 3:25,August,3.69,3.66
08/14/2024 3:30,August,3.7,3.66
08/14/2024 3:35,August,3.69,3.66
08/14/2024 3:40,August,3.69,3.66
08/14/2024 3:45,August,3.46,3.43
08/14/2024 3:50,August,3.46,3.43
08/14/2024 3:55,August,3.46,3.43
08/14/2024 4:00,August,3.46,3.42
08/14/2024 4:05,August,3.46,3.43
08/14/2024 4:10,August,3.69,3.65
08/14/2024 4:15,August,3.69,3.66
08/14/2024 4:20,August,3.7,3.66
08/14/2024 4:25,August,3.85,3.81
08/14/2024 4:30,August,3.79,3.75
08/14/2024 4:35,August,3.85,3.81
08/14/2024 4:40,August,3.89,3.86
08/14/2024 4:45,August,3.9,3.86
08/14/2024 4:50,August,4.05,4.01
08/14/2024 4:55,August,4.05,4.01
08/14/2024 5:00,August,4,3.96
08/14/2024 5:05,August,3.07,3.03
08/14/2024 5:10,August,3.7,3.66
08/14/2024 5:15,August,4.07,4.03
08/14/2024 5:20,August,4.07,4.03
08/14/2024 5:25,August,4.07,4.03
08/14/2024 5:30,August,4.11,4.07
08/14/2024 5:35,August,4.12,4.07
08/14/2024 5:40,August,4.12,4.07
08/14/2024 5:45,August,3.91,3.87
08/14/2024 5:50,August,3.48,3.44
08/14/2024 5:55,August,3.44,3.41
08/14/2024 6:00,August,3.48,3.44
08/14/2024 6:05,August,2.48,2.45
08/14/2024 6:10,August,2.79,2.76
08/14/2024 6:15,August,2.93,2.9
08/14/2024 6:20,August,2.61,2.58
08/14/2024 6:25,August,2.54,2.52
08/14/2024 6:30,August,2.7,2.68
08/14/2024 6:35,August,2.72,2.69
08/14/2024 6:40,August,2.71,2.69
08/14/2024 6:45,August,2.71,2.69
08/14/2024 6:50,August,2.65,2.63
08/14/2024 6:55,August,2.62,2.6
08/14/2024 7:00,August,2.62,2.6
08/14/2024 7:05,August,2.41,2.39
08/14/2024 7:10,August,2.51,2.5
08/14/2024 7:15,August,2.61,2.6
08/14/2024 7:20,August,2.69,2.67
08/14/2024 7:25,August,2.81,2.8
08/14/2024 7:30,August,2.9,2.88
08/14/2024 7:35,August,3.06,3.04
08/14/2024 7:40,August,3.13,3.12
08/14/2024 7:45,August,3.24,3.22
08/14/2024 7:50,August,3.37,3.36
08/14/2024 7:55,August,4.04,4.02
08/14/2024 8:00,August,3.89,3.87
08/14/2024 8:05,August,2.78,2.76
08/14/2024 8:10,August,3.78,3.75
08/14/2024 8:15,August,3.83,3.8
08/14/2024 8:20,August,3.72,3.69
08/14/2024 8:25,August,3.24,3.22
08/14/2024 8:30,August,2.94,2.92
08/14/2024 8:35,August,3.16,3.14
08/14/2024 8:40,August,3.24,3.22
08/14/2024 8:45,August,3.24,3.22
08/14/2024 8:50,August,3.24,3.22
08/14/2024 8:55,August,3.42,3.41
08/14/2024 9:00,August,4.05,4.03
08/14/2024 9:05,August,2.39,2.39
08/14/2024 9:10,August,2.93,2.93
08/14/2024 9:15,August,2.88,2.88
08/14/2024 9:20,August,3.03,3.03
08/14/2024 9:25,August,3.08,3.09
08/14/2024 9:30,August,3.11,3.11
08/14/2024 9:35,August,3.37,3.38
08/14/2024 9:40,August,5.88,5.88
08/14/2024 9:45,August,3.9,3.9
08/14/2024 9:50,August,3.51,3.51
08/14/2024 9:55,August,3.46,3.46
08/14/2024 10:00,August,3.51,3.51
08/14/2024 10:05,August,3.55,3.56
08/14/2024 10:10,August,3.36,3.37
08/14/2024 10:15,August,5.01,5.01
08/14/2024 10:20,August,5.01,5.02
08/14/2024 10:25,August,5.14,5.15
08/14/2024 10:30,August,5,5.01
08/14/2024 10:35,August,5.14,5.15
08/14/2024 10:40,August,5.01,5.02
08/14/2024 10:45,August,5,5.01
08/14/2024 10:50,August,5,5.01
08/14/2024 10:55,August,5,5.01
08/14/2024 11:00,August,5,5.01
08/14/2024 11:05,August,3.51,3.52
08/14/2024 11:10,August,5.16,5.18
08/14/2024 11:15,August,5.17,5.19
08/14/2024 11:20,August,5.04,5.05
08/14/2024 11:25,August,3.32,3.33
08/14/2024 11:30,August,3.51,3.52
08/14/2024 11:35,August,5.16,5.18
08/14/2024 11:40,August,5.04,5.05
08/14/2024 11:45,August,5.04,5.06
08/14/2024 11:50,August,3.63,3.64
08/14/2024 11:55,August,3.63,3.64
08/14/2024 12:00,August,3.61,3.63
08/14/2024 12:05,August,3.1,3.11
08/14/2024 12:10,August,5.89,5.91
08/14/2024 12:15,August,5.2,5.21
08/14/2024 12:20,August,5.19,5.2
08/14/2024 12:25,August,4.56,4.57
08/14/2024 12:30,August,5.17,5.18
08/14/2024 12:35,August,4.61,4.62
08/14/2024 12:40,August,12.2,12.24
08/14/2024 12:45,August,5.9,5.92
08/14/2024 12:50,August,5.92,5.93
08/14/2024 12:55,August,5.94,5.94
08/14/2024 13:00,August,5.95,5.95
08/14/2024 13:05,August,5.25,5.26
08/14/2024 13:10,August,12.09,12.15
08/14/2024 13:15,August,12.28,12.32
08/14/2024 13:20,August,12.35,12.4
08/14/2024 13:25,August,13.41,13.44
08/14/2024 13:30,August,12.89,12.92
08/14/2024 13:35,August,12.19,12.22
08/14/2024 13:40,August,7.74,7.72
08/14/2024 13:45,August,12.14,12.12
08/14/2024 13:50,August,12.15,12.15
08/14/2024 13:55,August,12.13,12.09
08/14/2024 14:00,August,12.26,12.22
08/14/2024 14:05,August,5.1,5.09
08/14/2024 14:10,August,13.51,13.46
08/14/2024 14:15,August,15.51,15.45
08/14/2024 14:20,August,15.95,15.9
08/14/2024 14:25,August,13.04,12.99
08/14/2024 14:30,August,13.04,13
08/14/2024 14:35,August,20.26,20.2
08/14/2024 14:40,August,12.33,12.3
08/14/2024 14:45,August,21.85,21.78
08/14/2024 14:50,August,14.99,14.94
08/14/2024 14:55,August,18.93,18.87
08/14/2024 15:00,August,7.78,7.76
08/14/2024 15:05,August,27.61,27.5
08/14/2024 15:10,August,18.87,18.78
08/14/2024 15:15,August,16.53,16.47
08/14/2024 15:20,August,31.43,31.3
08/14/2024 15:25,August,14.81,14.75
08/14/2024 15:30,August,14.74,14.67
08/14/2024 15:35,August,14.67,14.61
08/14/2024 15:40,August,11.84,11.79
08/14/2024 15:45,August,11.85,11.8
08/14/2024 15:50,August,13.09,13.03
08/14/2024 15:55,August,13.1,13.04
08/14/2024 16:00,August,11.9,11.85
08/14/2024 16:05,August,5.35,5.33
08/14/2024 16:10,August,5.87,5.84
08/14/2024 16:15,August,6.09,6.07
08/14/2024 16:20,August,5.34,5.32
08/14/2024 16:25,August,6.05,6.03
08/14/2024 16:30,August,6.05,6.03
08/14/2024 16:35,August,3.28,3.27
08/14/2024 16:40,August,5.14,5.13
08/14/2024 16:45,August,5.14,5.13
08/14/2024 16:50,August,5.13,5.12
08/14/2024 16:55,August,5.13,5.11
08/14/2024 17:00,August,6,5.98
08/14/2024 17:05,August,6.01,5.98
08/14/2024 17:10,August,5.2,5.18
08/14/2024 17:15,August,5.15,5.14
08/14/2024 17:20,August,5.14,5.13
08/14/2024 17:25,August,5.13,5.12
08/14/2024 17:30,August,5.13,5.11
08/14/2024 17:35,August,5.18,5.16
08/14/2024 17:40,August,5.18,5.16
08/14/2024 17:45,August,5.18,5.16
08/14/2024 17:50,August,13.12,13.08
08/14/2024 17:55,August,6.01,5.99
08/14/2024 18:00,August,6.01,5.99
08/14/2024 18:05,August,13.15,13.11
08/14/2024 18:10,August,5.85,5.83
08/14/2024 18:15,August,5.84,5.82
08/14/2024 18:20,August,6.03,6.01
08/14/2024 18:25,August,13.15,13.11
08/14/2024 18:30,August,16.1,16.04
08/14/2024 18:35,August,21.98,21.9
08/14/2024 18:40,August,27.89,27.77
08/14/2024 18:45,August,30.95,30.82
08/14/2024 18:50,August,25.29,25.17
08/14/2024 18:55,August,21.73,21.63
08/14/2024 19:00,August,19.11,19.01
08/14/2024 19:05,August,10.95,10.89
08/14/2024 19:10,August,7.3,7.26
08/14/2024 19:15,August,7.3,7.27
08/14/2024 19:20,August,12.78,12.72
08/14/2024 19:25,August,6.15,6.12
08/14/2024 19:30,August,6.14,6.12
08/14/2024 19:35,August,3.7,3.69
08/14/2024 19:40,August,5.36,5.34
08/14/2024 19:45,August,5.45,5.42
08/14/2024 19:50,August,5.38,5.36
08/14/2024 19:55,August,6.07,6.04
08/14/2024 20:00,August,6.07,6.04
08/14/2024 20:05,August,33.25,33.08
08/14/2024 20:10,August,31.94,31.77
08/14/2024 20:15,August,31.89,31.72
08/14/2024 20:20,August,31.91,31.74
08/14/2024 20:25,August,31.77,31.58
08/14/2024 20:30,August,30.77,30.56
08/14/2024 20:35,August,30.78,30.55
08/14/2024 20:40,August,11.53,11.44
08/14/2024 20:45,August,11.48,11.39
08/14/2024 20:50,August,11.6,11.51
08/14/2024 20:55,August,11.1,11.01
08/14/2024 21:00,August,11.19,11.11
08/14/2024 21:05,August,24.25,24.08
08/14/2024 21:10,August,6.14,6.09
08/14/2024 21:15,August,6.14,6.1
08/14/2024 21:20,August,6.13,6.09
08/14/2024 21:25,August,6.13,6.08
08/14/2024 21:30,August,5.82,5.78
08/14/2024 21:35,August,5.71,5.67
08/14/2024 21:40,August,5.65,5.62
08/14/2024 21:45,August,6.09,6.05
08/14/2024 21:50,August,5.55,5.51
08/14/2024 21:55,August,5.39,5.35
08/14/2024 22:00,August,5.29,5.25
08/14/2024 22:05,August,24.47,24.33
08/14/2024 22:10,August,12.51,12.43
08/14/2024 22:15,August,12.25,12.17
08/14/2024 22:20,August,5.11,5.08
08/14/2024 22:25,August,5.24,5.2
08/14/2024 22:30,August,4.52,4.49
08/14/2024 22:35,August,5.23,5.2
08/14/2024 22:40,August,5.23,5.21
08/14/2024 22:45,August,4.5,4.48
08/14/2024 22:50,August,4.52,4.49
08/14/2024 22:55,August,4.15,4.13
08/14/2024 23:00,August,4.5,4.47
08/14/2024 23:05,August,12.82,12.75
08/14/2024 23:10,August,12.46,12.39
08/14/2024 23:15,August,6.06,6.03
08/14/2024 23:20,August,5.04,5.02
08/14/2024 23:25,August,4.56,4.54
08/14/2024 23:30,August,4.54,4.51
08/14/2024 23:35,August,4.56,4.53
08/14/2024 23:40,August,4.59,4.57
08/14/2024 23:45,August,4.33,4.31
08/14/2024 23:50,August,4.5,4.48
08/14/2024 23:55,August,4.32,4.29
08/15/2024 0:00,August,4.12,4.09
08/15/2024 0:05,August,6.85,6.81
08/15/2024 0:10,August,5.38,5.34
08/15/2024 0:15,August,4.92,4.89
08/15/2024 0:20,August,3.8,3.78
08/15/2024 0:25,August,4.73,4.7
08/15/2024 0:30,August,4.98,4.95
08/15/2024 0:35,August,3.94,3.92
08/15/2024 0:40,August,3.96,3.93
08/15/2024 0:45,August,3.97,3.94
08/15/2024 0:50,August,3.97,3.94
08/15/2024 0:55,August,3.77,3.74
08/15/2024 1:00,August,3.77,3.74
08/15/2024 1:05,August,3.69,3.67
08/15/2024 1:10,August,3.74,3.71
08/15/2024 1:15,August,3.76,3.73
08/15/2024 1:20,August,3.77,3.74
08/15/2024 1:25,August,3.75,3.72
08/15/2024 1:30,August,4.4,4.37
08/15/2024 1:35,August,4.55,4.52
08/15/2024 1:40,August,4.4,4.37
08/15/2024 1:45,August,4.46,4.43
08/15/2024 1:50,August,4.41,4.37
08/15/2024 1:55,August,4.3,4.27
08/15/2024 2:00,August,4.3,4.26
08/15/2024 2:05,August,3.91,3.88
08/15/2024 2:10,August,3.41,3.38
08/15/2024 2:15,August,3.69,3.66
08/15/2024 2:20,August,3.7,3.66
08/15/2024 2:25,August,3.7,3.66
08/15/2024 2:30,August,3.75,3.71
08/15/2024 2:35,August,3.7,3.66
08/15/2024 2:40,August,3.91,3.87
08/15/2024 2:45,August,3.75,3.71
08/15/2024 2:50,August,3.7,3.66
08/15/2024 2:55,August,3.7,3.66
08/15/2024 3:00,August,3.7,3.66
08/15/2024 3:05,August,3.41,3.38
08/15/2024 3:10,August,3.41,3.37
08/15/2024 3:15,August,3.3,3.27
08/15/2024 3:20,August,3.4,3.37
08/15/2024 3:25,August,3.3,3.27
08/15/2024 3:30,August,3.4,3.36
08/15/2024 3:35,August,3.06,3.03
08/15/2024 3:40,August,3.29,3.26
08/15/2024 3:45,August,3.29,3.26
08/15/2024 3:50,August,3.29,3.26
08/15/2024 3:55,August,3.29,3.25
08/15/2024 4:00,August,3.29,3.25
08/15/2024 4:05,August,3.29,3.25
08/15/2024 4:10,August,3.39,3.36
08/15/2024 4:15,August,3.39,3.36
08/15/2024 4:20,August,3.39,3.36
08/15/2024 4:25,August,3.63,3.59
08/15/2024 4:30,August,3.5,3.46
08/15/2024 4:35,August,3.5,3.46
08/15/2024 4:40,August,3.64,3.61
08/15/2024 4:45,August,3.66,3.62
08/15/2024 4:50,August,3.59,3.56
08/15/2024 4:55,August,3.64,3.61
08/15/2024 5:00,August,3.59,3.56
08/15/2024 5:05,August,2.48,2.45
08/15/2024 5:10,August,3.19,3.16
08/15/2024 5:15,August,3.53,3.5
08/15/2024 5:20,August,3.68,3.65
08/15/2024 5:25,August,3.64,3.6
08/15/2024 5:30,August,3.54,3.51
08/15/2024 5:35,August,3.59,3.56
08/15/2024 5:40,August,3.55,3.52
08/15/2024 5:45,August,3.41,3.38
08/15/2024 5:50,August,3.42,3.38
08/15/2024 5:55,August,3.41,3.38
08/15/2024 6:00,August,3.41,3.38
08/15/2024 6:05,August,2.4,2.38
08/15/2024 6:10,August,2.93,2.91
08/15/2024 6:15,August,3.02,2.99
08/15/2024 6:20,August,3.01,2.98
08/15/2024 6:25,August,2.4,2.38
08/15/2024 6:30,August,2.47,2.45
08/15/2024 6:35,August,2.47,2.45
08/15/2024 6:40,August,2.6,2.58
08/15/2024 6:45,August,2.77,2.75
08/15/2024 6:50,August,2.77,2.75
08/15/2024 6:55,August,2.77,2.75
08/15/2024 7:00,August,2.91,2.89
08/15/2024 7:05,August,2.46,2.45
08/15/2024 7:10,August,2.77,2.75
08/15/2024 7:15,August,3,2.98
08/15/2024 7:20,August,3.03,3.01
08/15/2024 7:25,August,2.92,2.9
08/15/2024 7:30,August,2.98,2.96
08/15/2024 7:35,August,3.39,3.37
08/15/2024 7:40,August,3.26,3.24
08/15/2024 7:45,August,3.28,3.26
08/15/2024 7:50,August,3.4,3.39
08/15/2024 7:55,August,3.81,3.79
08/15/2024 8:00,August,4.05,4.03
08/15/2024 8:05,August,3.01,2.98
08/15/2024 8:10,August,3.14,3.12
08/15/2024 8:15,August,3.24,3.22
08/15/2024 8:20,August,3.24,3.22
08/15/2024 8:25,August,3.24,3.22
08/15/2024 8:30,August,3.14,3.12
08/15/2024 8:35,August,3.22,3.2
08/15/2024 8:40,August,3.22,3.2
08/15/2024 8:45,August,3.26,3.25
08/15/2024 8:50,August,3.23,3.21
08/15/2024 8:55,August,3.23,3.21
08/15/2024 9:00,August,3.17,3.15
08/15/2024 9:05,August,2.31,2.31
08/15/2024 9:10,August,3.14,3.13
08/15/2024 9:15,August,3.12,3.12
08/15/2024 9:20,August,2.75,2.74
08/15/2024 9:25,August,3.14,3.13
08/15/2024 9:30,August,2.97,2.97
08/15/2024 9:35,August,3.1,3.1
08/15/2024 9:40,August,3.18,3.17
08/15/2024 9:45,August,3.07,3.07
08/15/2024 9:50,August,3.22,3.21
08/15/2024 9:55,August,3.53,3.53
08/15/2024 10:00,August,3.32,3.31
08/15/2024 10:05,August,3.89,3.89
08/15/2024 10:10,August,3.58,3.57
08/15/2024 10:15,August,3.81,3.81
08/15/2024 10:20,August,5.14,5.14
08/15/2024 10:25,August,5.14,5.14
08/15/2024 10:30,August,3.83,3.83
08/15/2024 10:35,August,5.15,5.15
08/15/2024 10:40,August,4.02,4.02
08/15/2024 10:45,August,4.02,4.02
08/15/2024 10:50,August,4.15,4.15
08/15/2024 10:55,August,4.15,4.15
08/15/2024 11:00,August,5.61,5.62
08/15/2024 11:05,August,3.45,3.45
08/15/2024 11:10,August,3.33,3.32
08/15/2024 11:15,August,3.96,3.96
08/15/2024 11:20,August,3.51,3.51
08/15/2024 11:25,August,3.41,3.41
08/15/2024 11:30,August,3.54,3.54
08/15/2024 11:35,August,3.81,3.81
08/15/2024 11:40,August,3.81,3.81
08/15/2024 11:45,August,3.16,3.16
08/15/2024 11:50,August,5.24,5.24
08/15/2024 11:55,August,5.03,5.03
08/15/2024 12:00,August,4.17,4.17
08/15/2024 12:05,August,3.31,3.31
08/15/2024 12:10,August,3.21,3.21
08/15/2024 12:15,August,3.5,3.51
08/15/2024 12:20,August,3.57,3.58
08/15/2024 12:25,August,3.31,3.31
08/15/2024 12:30,August,3.5,3.51
08/15/2024 12:35,August,3.52,3.52
08/15/2024 12:40,August,3.16,3.16
08/15/2024 12:45,August,3.5,3.51
08/15/2024 12:50,August,3.5,3.51
08/15/2024 12:55,August,3.53,3.53
08/15/2024 13:00,August,5.24,5.25
08/15/2024 13:05,August,10.79,10.81
08/15/2024 13:10,August,10.8,10.82
08/15/2024 13:15,August,12.15,12.17
08/15/2024 13:20,August,5.75,5.76
08/15/2024 13:25,August,6.36,6.36
08/15/2024 13:30,August,12.08,12.06
08/15/2024 13:35,August,5.69,5.68
08/15/2024 13:40,August,7.75,7.73
08/15/2024 13:45,August,5.7,5.69
08/15/2024 13:50,August,5.79,5.78
08/15/2024 13:55,August,5.35,5.34
08/15/2024 14:00,August,5.7,5.68
08/15/2024 14:05,August,3.6,3.59
08/15/2024 14:10,August,5.37,5.36
08/15/2024 14:15,August,5.69,5.68
08/15/2024 14:20,August,5.26,5.26
08/15/2024 14:25,August,5.68,5.69
08/15/2024 14:30,August,5.35,5.36
08/15/2024 14:35,August,5.68,5.69
08/15/2024 14:40,August,4.4,4.41
08/15/2024 14:45,August,5.65,5.66
08/15/2024 14:50,August,12.89,12.93
08/15/2024 14:55,August,12.84,12.88
08/15/2024 15:00,August,5.69,5.7
08/15/2024 15:05,August,20.79,20.81
08/15/2024 15:10,August,12.99,13
08/15/2024 15:15,August,5.79,5.8
08/15/2024 15:20,August,5.77,5.77
08/15/2024 15:25,August,11.64,11.63
08/15/2024 15:30,August,8.67,8.67
08/15/2024 15:35,August,5.88,5.88
08/15/2024 15:40,August,5.81,5.81
08/15/2024 15:45,August,5.81,5.81
08/15/2024 15:50,August,5.89,5.89
08/15/2024 15:55,August,5.78,5.78
08/15/2024 16:00,August,5.69,5.68
08/15/2024 16:05,August,5.32,5.31
08/15/2024 16:10,August,5.31,5.3
08/15/2024 16:15,August,5.78,5.78
08/15/2024 16:20,August,5.77,5.77
08/15/2024 16:25,August,5.78,5.77
08/15/2024 16:30,August,5.78,5.78
08/15/2024 16:35,August,5.77,5.77
08/15/2024 16:40,August,5.77,5.76
08/15/2024 16:45,August,5.76,5.75
08/15/2024 16:50,August,5.34,5.33
08/15/2024 16:55,August,5.16,5.16
08/15/2024 17:00,August,3.56,3.55
08/15/2024 17:05,August,3.64,3.64
08/15/2024 17:10,August,4.62,4.61
08/15/2024 17:15,August,4.61,4.61
08/15/2024 17:20,August,5.26,5.25
08/15/2024 17:25,August,5.26,5.26
08/15/2024 17:30,August,5.26,5.25
08/15/2024 17:35,August,5.37,5.36
08/15/2024 17:40,August,5.28,5.27
08/15/2024 17:45,August,5.29,5.27
08/15/2024 17:50,August,5.29,5.27
08/15/2024 17:55,August,5.3,5.28
08/15/2024 18:00,August,5.3,5.29
08/15/2024 18:05,August,5.31,5.29
08/15/2024 18:10,August,5.31,5.29
08/15/2024 18:15,August,5.4,5.38
08/15/2024 18:20,August,5.87,5.85
08/15/2024 18:25,August,11.08,11.04
08/15/2024 18:30,August,13.14,13.09
08/15/2024 18:35,August,13.16,13.11
08/15/2024 18:40,August,13.17,13.11
08/15/2024 18:45,August,13.04,12.98
08/15/2024 18:50,August,13.03,12.98
08/15/2024 18:55,August,5.83,5.81
08/15/2024 19:00,August,5.83,5.8
08/15/2024 19:05,August,5.83,5.8
08/15/2024 19:10,August,5.83,5.8
08/15/2024 19:15,August,5.82,5.8
08/15/2024 19:20,August,5.82,5.79
08/15/2024 19:25,August,5.47,5.45
08/15/2024 19:30,August,5.8,5.77
08/15/2024 19:35,August,5.8,5.78
08/15/2024 19:40,August,5.8,5.77
08/15/2024 19:45,August,5.88,5.86
08/15/2024 19:50,August,5.82,5.79
08/15/2024 19:55,August,5.82,5.79
08/15/2024 20:00,August,5.88,5.85
08/15/2024 20:05,August,16.03,15.96
08/15/2024 20:10,August,11.11,11.06
08/15/2024 20:15,August,8.78,8.74
08/15/2024 20:20,August,11.12,11.06
08/15/2024 20:25,August,11.12,11.07
08/15/2024 20:30,August,7.86,7.82
08/15/2024 20:35,August,7.86,7.82
08/15/2024 20:40,August,5.9,5.87
08/15/2024 20:45,August,5.89,5.86
08/15/2024 20:50,August,5.86,5.83
08/15/2024 20:55,August,5.38,5.35
08/15/2024 21:00,August,5.37,5.35
08/15/2024 21:05,August,17.55,17.47
08/15/2024 21:10,August,13.59,13.52
08/15/2024 21:15,August,12.29,12.23
08/15/2024 21:20,August,12.34,12.27
08/15/2024 21:25,August,5.9,5.87
08/15/2024 21:30,August,5.9,5.87
08/15/2024 21:35,August,5.48,5.45
08/15/2024 21:40,August,5.48,5.45
08/15/2024 21:45,August,5.47,5.44
08/15/2024 21:50,August,5.47,5.44
08/15/2024 21:55,August,5.83,5.8
08/15/2024 22:00,August,5.47,5.44
08/15/2024 22:05,August,28.33,28.2
08/15/2024 22:10,August,21.82,21.71
08/15/2024 22:15,August,20.64,20.53
08/15/2024 22:20,August,5.89,5.85
08/15/2024 22:25,August,5.87,5.83
08/15/2024 22:30,August,5.86,5.82
08/15/2024 22:35,August,7.88,7.83
08/15/2024 22:40,August,5.87,5.83
08/15/2024 22:45,August,5.48,5.45
08/15/2024 22:50,August,5.48,5.45
08/15/2024 22:55,August,4,3.98
08/15/2024 23:00,August,4.15,4.12
08/15/2024 23:05,August,5.44,5.41
08/15/2024 23:10,August,5.44,5.41
08/15/2024 23:15,August,5.21,5.18
08/15/2024 23:20,August,5.11,5.08
08/15/2024 23:25,August,4.62,4.6
08/15/2024 23:30,August,4.57,4.55
08/15/2024 23:35,August,4.63,4.6
08/15/2024 23:40,August,4.62,4.6
08/15/2024 23:45,August,4.79,4.76
08/15/2024 23:50,August,4.57,4.54
08/15/2024 23:55,August,4.13,4.1
08/16/2024 0:00,August,4.5,4.48
08/16/2024 0:05,August,5.42,5.38
08/16/2024 0:10,August,5.1,5.07
08/16/2024 0:15,August,5.08,5.05
08/16/2024 0:20,August,5.13,5.1
08/16/2024 0:25,August,5.09,5.06
08/16/2024 0:30,August,5.16,5.13
08/16/2024 0:35,August,5.16,5.13
08/16/2024 0:40,August,4.83,4.8
08/16/2024 0:45,August,3.89,3.87
08/16/2024 0:50,August,4.12,4.1
08/16/2024 0:55,August,4.13,4.1
08/16/2024 1:00,August,4.87,4.84
08/16/2024 1:05,August,4.13,4.11
08/16/2024 1:10,August,4.13,4.1
08/16/2024 1:15,August,4.13,4.11
08/16/2024 1:20,August,4.12,4.09
08/16/2024 1:25,August,5.1,5.07
08/16/2024 1:30,August,4.85,4.82
08/16/2024 1:35,August,4.11,4.09
08/16/2024 1:40,August,4.11,4.09
08/16/2024 1:45,August,4.11,4.09
08/16/2024 1:50,August,4.12,4.1
08/16/2024 1:55,August,4.12,4.1
08/16/2024 2:00,August,4,3.98
08/16/2024 2:05,August,4.1,4.08
08/16/2024 2:10,August,4.09,4.07
08/16/2024 2:15,August,4.09,4.07
08/16/2024 2:20,August,4.08,4.06
08/16/2024 2:25,August,3.88,3.86
08/16/2024 2:30,August,4,3.98
08/16/2024 2:35,August,3.85,3.83
08/16/2024 2:40,August,3.82,3.8
08/16/2024 2:45,August,4,3.97
08/16/2024 2:50,August,3.99,3.97
08/16/2024 2:55,August,3.67,3.65
08/16/2024 3:00,August,3.82,3.8
08/16/2024 3:05,August,4.09,4.06
08/16/2024 3:10,August,4.1,4.07
08/16/2024 3:15,August,4.09,4.07
08/16/2024 3:20,August,4.56,4.53
08/16/2024 3:25,August,4.11,4.08
08/16/2024 3:30,August,4.12,4.09
08/16/2024 3:35,August,4.13,4.1
08/16/2024 3:40,August,4.14,4.11
08/16/2024 3:45,August,4.57,4.54
08/16/2024 3:50,August,4.15,4.12
08/16/2024 3:55,August,4.12,4.1
08/16/2024 4:00,August,4.16,4.13
08/16/2024 4:05,August,4.15,4.13
08/16/2024 4:10,August,5.78,5.75
08/16/2024 4:15,August,5.42,5.38
08/16/2024 4:20,August,5.41,5.38
08/16/2024 4:25,August,4.62,4.59
08/16/2024 4:30,August,4.37,4.34
08/16/2024 4:35,August,4.83,4.79
08/16/2024 4:40,August,5.03,5
08/16/2024 4:45,August,4.56,4.53
08/16/2024 4:50,August,4.83,4.79
08/16/2024 4:55,August,4.57,4.54
08/16/2024 5:00,August,4.14,4.11
08/16/2024 5:05,August,3.35,3.33
08/16/2024 5:10,August,4.13,4.1
08/16/2024 5:15,August,4.15,4.12
08/16/2024 5:20,August,4.16,4.12
08/16/2024 5:25,August,4.34,4.31
08/16/2024 5:30,August,4.15,4.12
08/16/2024 5:35,August,4.16,4.12
08/16/2024 5:40,August,4.15,4.12
08/16/2024 5:45,August,4.05,4.01
08/16/2024 5:50,August,4.13,4.1
08/16/2024 5:55,August,4.12,4.09
08/16/2024 6:00,August,3.88,3.84
08/16/2024 6:05,August,3.18,3.16
08/16/2024 6:10,August,3.2,3.17
08/16/2024 6:15,August,3.19,3.16
08/16/2024 6:20,August,3.02,2.99
08/16/2024 6:25,August,2.92,2.89
08/16/2024 6:30,August,2.93,2.91
08/16/2024 6:35,August,3.02,3
08/16/2024 6:40,August,3.03,3
08/16/2024 6:45,August,3.19,3.16
08/16/2024 6:50,August,3.02,3
08/16/2024 6:55,August,3.19,3.16
08/16/2024 7:00,August,3.2,3.18
08/16/2024 7:05,August,3.19,3.17
08/16/2024 7:10,August,3.19,3.17
08/16/2024 7:15,August,3.18,3.16
08/16/2024 7:20,August,3.25,3.23
08/16/2024 7:25,August,3.27,3.25
08/16/2024 7:30,August,3.37,3.35
08/16/2024 7:35,August,3.51,3.49
08/16/2024 7:40,August,3.58,3.56
08/16/2024 7:45,August,3.52,3.5
08/16/2024 7:50,August,3.52,3.51
08/16/2024 7:55,August,3.82,3.8
08/16/2024 8:00,August,4.06,4.05
08/16/2024 8:05,August,3.17,3.17
08/16/2024 8:10,August,3.22,3.22
08/16/2024 8:15,August,3.19,3.19
08/16/2024 8:20,August,3.32,3.32
08/16/2024 8:25,August,3.21,3.22
08/16/2024 8:30,August,4.01,4.01
08/16/2024 8:35,August,4,4.01
08/16/2024 8:40,August,3.53,3.54
08/16/2024 8:45,August,3.54,3.55
08/16/2024 8:50,August,3.55,3.57
08/16/2024 8:55,August,3.55,3.57
08/16/2024 9:00,August,3.57,3.59
08/16/2024 9:05,August,0,0
08/16/2024 9:10,August,2.75,2.75
08/16/2024 9:15,August,2.95,2.95
08/16/2024 9:20,August,3.12,3.12
08/16/2024 9:25,August,3.2,3.2
08/16/2024 9:30,August,3.2,3.2
08/16/2024 9:35,August,3.32,3.32
08/16/2024 9:40,August,3.53,3.53
08/16/2024 9:45,August,3.52,3.52
08/16/2024 9:50,August,3.21,3.21
08/16/2024 9:55,August,3.52,3.53
08/16/2024 10:00,August,3.53,3.53
08/16/2024 10:05,August,5.14,5.15
08/16/2024 10:10,August,5.15,5.16
08/16/2024 10:15,August,5.26,5.27
08/16/2024 10:20,August,5.17,5.18
08/16/2024 10:25,August,5.16,5.18
08/16/2024 10:30,August,5.27,5.28
08/16/2024 10:35,August,5.63,5.64
08/16/2024 10:40,August,5.2,5.21
08/16/2024 10:45,August,3.83,3.84
08/16/2024 10:50,August,5.16,5.18
08/16/2024 10:55,August,5.16,5.18
08/16/2024 11:00,August,5.16,5.18
08/16/2024 11:05,August,3.18,3.19
08/16/2024 11:10,August,3.88,3.89
08/16/2024 11:15,August,4.02,4.03
08/16/2024 11:20,August,4.02,4.03
08/16/2024 11:25,August,3.83,3.84
08/16/2024 11:30,August,3.5,3.51
08/16/2024 11:35,August,4.02,4.03
08/16/2024 11:40,August,3.44,3.45
08/16/2024 11:45,August,4.03,4.03
08/16/2024 11:50,August,4.03,4.03
08/16/2024 11:55,August,3.59,3.59
08/16/2024 12:00,August,3.82,3.82
08/16/2024 12:05,August,3.19,3.2
08/16/2024 12:10,August,3.19,3.2
08/16/2024 12:15,August,3.17,3.18
08/16/2024 12:20,August,3.19,3.2
08/16/2024 12:25,August,3.19,3.2
08/16/2024 12:30,August,3.3,3.31
08/16/2024 12:35,August,5.13,5.15
08/16/2024 12:40,August,5.13,5.15
08/16/2024 12:45,August,4.56,4.58
08/16/2024 12:50,August,5.14,5.16
08/16/2024 12:55,August,5.24,5.26
08/16/2024 13:00,August,5.26,5.27
08/16/2024 13:05,August,12.47,12.52
08/16/2024 13:10,August,12.35,12.39
08/16/2024 13:15,August,12.29,12.33
08/16/2024 13:20,August,12.26,12.3
08/16/2024 13:25,August,12.2,12.24
08/16/2024 13:30,August,12.29,12.32
08/16/2024 13:35,August,5.71,5.72
08/16/2024 13:40,August,7.7,7.72
08/16/2024 13:45,August,5.32,5.34
08/16/2024 13:50,August,7.7,7.73
08/16/2024 13:55,August,5.7,5.71
08/16/2024 14:00,August,8.62,8.64
08/16/2024 14:05,August,2.76,2.76
08/16/2024 14:10,August,4.12,4.14
08/16/2024 14:15,August,5.22,5.23
08/16/2024 14:20,August,5.23,5.24
08/16/2024 14:25,August,5.67,5.69
08/16/2024 14:30,August,5.34,5.35
08/16/2024 14:35,August,5.67,5.69
08/16/2024 14:40,August,5.67,5.68
08/16/2024 14:45,August,12.97,12.99
08/16/2024 14:50,August,5.71,5.72
08/16/2024 14:55,August,5.36,5.37
08/16/2024 15:00,August,7.75,7.74
08/16/2024 15:05,August,7.75,7.74
08/16/2024 15:10,August,5.38,5.37
08/16/2024 15:15,August,10.99,10.98
08/16/2024 15:20,August,5.73,5.71
08/16/2024 15:25,August,21.77,21.73
08/16/2024 15:30,August,13.08,13.03
08/16/2024 15:35,August,5.8,5.78
08/16/2024 15:40,August,5.81,5.79
08/16/2024 15:45,August,7.8,7.77
08/16/2024 15:50,August,13.1,13.05
08/16/2024 15:55,August,12.55,12.5
08/16/2024 16:00,August,7.82,7.78
08/16/2024 16:05,August,5.16,5.14
08/16/2024 16:10,August,5.45,5.43
08/16/2024 16:15,August,5.44,5.42
08/16/2024 16:20,August,5.83,5.81
08/16/2024 16:25,August,5.82,5.79
08/16/2024 16:30,August,5.83,5.81
08/16/2024 16:35,August,5.44,5.43
08/16/2024 16:40,August,5.45,5.43
08/16/2024 16:45,August,5.78,5.76
08/16/2024 16:50,August,5.35,5.33
08/16/2024 16:55,August,5.33,5.31
08/16/2024 17:00,August,4.11,4.09
08/16/2024 17:05,August,5.31,5.3
08/16/2024 17:10,August,5.3,5.29
08/16/2024 17:15,August,5.3,5.28
08/16/2024 17:20,August,5.75,5.73
08/16/2024 17:25,August,5.42,5.4
08/16/2024 17:30,August,5.42,5.4
08/16/2024 17:35,August,5.43,5.41
08/16/2024 17:40,August,5.33,5.31
08/16/2024 17:45,August,5.43,5.41
08/16/2024 17:50,August,13.15,13.11
08/16/2024 17:55,August,5.44,5.42
08/16/2024 18:00,August,5.76,5.74
08/16/2024 18:05,August,4.12,4.1
08/16/2024 18:10,August,5.33,5.31
08/16/2024 18:15,August,5.44,5.42
08/16/2024 18:20,August,11.13,11.09
08/16/2024 18:25,August,7.85,7.82
08/16/2024 18:30,August,6.01,5.99
08/16/2024 18:35,August,6.02,6
08/16/2024 18:40,August,5.84,5.82
08/16/2024 18:45,August,5.82,5.79
08/16/2024 18:50,August,6.02,6
08/16/2024 18:55,August,5.82,5.8
08/16/2024 19:00,August,5.81,5.79
08/16/2024 19:05,August,5.47,5.45
08/16/2024 19:10,August,5.8,5.78
08/16/2024 19:15,August,5.8,5.78
08/16/2024 19:20,August,5.8,5.77
08/16/2024 19:25,August,5.79,5.77
08/16/2024 19:30,August,5.37,5.34
08/16/2024 19:35,August,5.35,5.33
08/16/2024 19:40,August,5.36,5.33
08/16/2024 19:45,August,5.35,5.33
08/16/2024 19:50,August,5.45,5.43
08/16/2024 19:55,August,5.45,5.43
08/16/2024 20:00,August,5.35,5.33
08/16/2024 20:05,August,20.47,20.37
08/16/2024 20:10,August,20.47,20.37
08/16/2024 20:15,August,22.47,22.36
08/16/2024 20:20,August,22.48,22.36
08/16/2024 20:25,August,18.97,18.86
08/16/2024 20:30,August,6.11,6.07
08/16/2024 20:35,August,5.87,5.83
08/16/2024 20:40,August,5.39,5.36
08/16/2024 20:45,August,7.87,7.82
08/16/2024 20:50,August,7.87,7.83
08/16/2024 20:55,August,5.86,5.83
08/16/2024 21:00,August,5.49,5.46
08/16/2024 21:05,August,24.93,24.8
08/16/2024 21:10,August,22.52,22.4
08/16/2024 21:15,August,19.71,19.6
08/16/2024 21:20,August,19.54,19.43
08/16/2024 21:25,August,15.55,15.46
08/16/2024 21:30,August,12.35,12.27
08/16/2024 21:35,August,10.78,10.71
08/16/2024 21:40,August,11.03,10.96
08/16/2024 21:45,August,7.87,7.82
08/16/2024 21:50,August,5.5,5.47
08/16/2024 21:55,August,5.4,5.37
08/16/2024 22:00,August,5.38,5.35
08/16/2024 22:05,August,12.44,12.36
08/16/2024 22:10,August,5.87,5.83
08/16/2024 22:15,August,6.11,6.07
08/16/2024 22:20,August,5.49,5.46
08/16/2024 22:25,August,5.86,5.83
08/16/2024 22:30,August,5.89,5.85
08/16/2024 22:35,August,5.49,5.46
08/16/2024 22:40,August,5.49,5.46
08/16/2024 22:45,August,5.49,5.45
08/16/2024 22:50,August,5.66,5.63
08/16/2024 22:55,August,5.48,5.45
08/16/2024 23:00,August,4.93,4.9
08/16/2024 23:05,August,12.48,12.41
08/16/2024 23:10,August,12.28,12.21
08/16/2024 23:15,August,5.83,5.8
08/16/2024 23:20,August,5.65,5.62
08/16/2024 23:25,August,5.65,5.62
08/16/2024 23:30,August,5.65,5.62
08/16/2024 23:35,August,5.65,5.61
08/16/2024 23:40,August,5.65,5.61
08/16/2024 23:45,August,5.46,5.43
08/16/2024 23:50,August,5.46,5.43
08/16/2024 23:55,August,4.21,4.18
08/17/2024 0:00,August,4.15,4.13
08/17/2024 0:05,August,4.89,4.86
08/17/2024 0:10,August,4.89,4.86
08/17/2024 0:15,August,4.29,4.26
08/17/2024 0:20,August,4.3,4.28
08/17/2024 0:25,August,4.13,4.11
08/17/2024 0:30,August,4.28,4.26
08/17/2024 0:35,August,4.88,4.85
08/17/2024 0:40,August,4.88,4.85
08/17/2024 0:45,August,4.3,4.27
08/17/2024 0:50,August,4.88,4.84
08/17/2024 0:55,August,4.13,4.11
08/17/2024 1:00,August,4.14,4.11
08/17/2024 1:05,August,4.26,4.23
08/17/2024 1:10,August,4.37,4.34
08/17/2024 1:15,August,4.39,4.36
08/17/2024 1:20,August,4.39,4.36
08/17/2024 1:25,August,4.37,4.34
08/17/2024 1:30,August,4.39,4.36
08/17/2024 1:35,August,4.62,4.59
08/17/2024 1:40,August,4.47,4.44
08/17/2024 1:45,August,4.47,4.45
08/17/2024 1:50,August,4.89,4.87
08/17/2024 1:55,August,4.39,4.37
08/17/2024 2:00,August,4.38,4.35
08/17/2024 2:05,August,4.15,4.13
08/17/2024 2:10,August,4.15,4.13
08/17/2024 2:15,August,4.15,4.13
08/17/2024 2:20,August,4.16,4.13
08/17/2024 2:25,August,4.16,4.14
08/17/2024 2:30,August,4.37,4.34
08/17/2024 2:35,August,4.37,4.35
08/17/2024 2:40,August,4.33,4.3
08/17/2024 2:45,August,4.32,4.29
08/17/2024 2:50,August,3.94,3.91
08/17/2024 2:55,August,4.1,4.08
08/17/2024 3:00,August,3.99,3.96
08/17/2024 3:05,August,3.9,3.87
08/17/2024 3:10,August,3.98,3.95
08/17/2024 3:15,August,3.97,3.94
08/17/2024 3:20,August,3.98,3.95
08/17/2024 3:25,August,3.97,3.94
08/17/2024 3:30,August,3.97,3.94
08/17/2024 3:35,August,3.97,3.94
08/17/2024 3:40,August,3.97,3.93
08/17/2024 3:45,August,3.96,3.93
08/17/2024 3:50,August,3.96,3.93
08/17/2024 3:55,August,3.96,3.92
08/17/2024 4:00,August,3.96,3.92
08/17/2024 4:05,August,4.04,4.01
08/17/2024 4:10,August,3.98,3.94
08/17/2024 4:15,August,3.98,3.95
08/17/2024 4:20,August,3.98,3.95
08/17/2024 4:25,August,3.98,3.94
08/17/2024 4:30,August,3.87,3.83
08/17/2024 4:35,August,3.87,3.83
08/17/2024 4:40,August,3.88,3.84
08/17/2024 4:45,August,3.83,3.79
08/17/2024 4:50,August,3.83,3.79
08/17/2024 4:55,August,3.83,3.79
08/17/2024 5:00,August,3.82,3.78
08/17/2024 5:05,August,3.67,3.63
08/17/2024 5:10,August,3.81,3.77
08/17/2024 5:15,August,3.81,3.76
08/17/2024 5:20,August,3.68,3.63
08/17/2024 5:25,August,3.71,3.67
08/17/2024 5:30,August,3.67,3.63
08/17/2024 5:35,August,3.67,3.63
08/17/2024 5:40,August,3.66,3.62
08/17/2024 5:45,August,3.65,3.61
08/17/2024 5:50,August,3.43,3.39
08/17/2024 5:55,August,3.65,3.6
08/17/2024 6:00,August,2.95,2.91
08/17/2024 6:05,August,0,0
08/17/2024 6:10,August,0,0
08/17/2024 6:15,August,2.76,2.73
08/17/2024 6:20,August,2.47,2.44
08/17/2024 6:25,August,2.94,2.91
08/17/2024 6:30,August,0,0
08/17/2024 6:35,August,2,1.98
08/17/2024 6:40,August,2.46,2.44
08/17/2024 6:45,August,2.46,2.44
08/17/2024 6:50,August,2.3,2.28
08/17/2024 6:55,August,2.46,2.44
08/17/2024 7:00,August,2.47,2.44
08/17/2024 7:05,August,0,0
08/17/2024 7:10,August,0,0
08/17/2024 7:15,August,2.74,2.71
08/17/2024 7:20,August,2.74,2.71
08/17/2024 7:25,August,2.45,2.44
08/17/2024 7:30,August,2.45,2.44
08/17/2024 7:35,August,2.45,2.44
08/17/2024 7:40,August,2.45,2.44
08/17/2024 7:45,August,2.45,2.44
08/17/2024 7:50,August,2.73,2.71
08/17/2024 7:55,August,2.73,2.71
08/17/2024 8:00,August,3.65,3.62
08/17/2024 8:05,August,0,0
08/17/2024 8:10,August,2.45,2.44
08/17/2024 8:15,August,2.84,2.84
08/17/2024 8:20,August,3.59,3.57
08/17/2024 8:25,August,2.92,2.91
08/17/2024 8:30,August,3.25,3.23
08/17/2024 8:35,August,3.83,3.81
08/17/2024 8:40,August,3.83,3.81
08/17/2024 8:45,August,3.35,3.34
08/17/2024 8:50,August,3.25,3.23
08/17/2024 8:55,August,3.24,3.22
08/17/2024 9:00,August,3.24,3.22
08/17/2024 9:05,August,0,0
08/17/2024 9:10,August,2.44,2.42
08/17/2024 9:15,August,2.44,2.43
08/17/2024 9:20,August,2.44,2.43
08/17/2024 9:25,August,2.44,2.43
08/17/2024 9:30,August,2.45,2.43
08/17/2024 9:35,August,2.94,2.92
08/17/2024 9:40,August,2.87,2.85
08/17/2024 9:45,August,2.82,2.8
08/17/2024 9:50,August,2.73,2.72
08/17/2024 9:55,August,2.73,2.72
08/17/2024 10:00,August,3.08,3.06
08/17/2024 10:05,August,2.74,2.72
08/17/2024 10:10,August,2.91,2.89
08/17/2024 10:15,August,2.91,2.89
08/17/2024 10:20,August,2.92,2.9
08/17/2024 10:25,August,3.43,3.41
08/17/2024 10:30,August,3.82,3.8
08/17/2024 10:35,August,3.45,3.43
08/17/2024 10:40,August,5.3,5.26
08/17/2024 10:45,August,3.83,3.8
08/17/2024 10:50,August,3.81,3.79
08/17/2024 10:55,August,5.73,5.69
08/17/2024 11:00,August,5.3,5.27
08/17/2024 11:05,August,5.3,5.27
08/17/2024 11:10,August,3.83,3.8
08/17/2024 11:15,August,4.62,4.59
08/17/2024 11:20,August,3.68,3.65
08/17/2024 11:25,August,3.55,3.52
08/17/2024 11:30,August,3.62,3.59
08/17/2024 11:35,August,3.61,3.59
08/17/2024 11:40,August,3.61,3.59
08/17/2024 11:45,August,3.62,3.6
08/17/2024 11:50,August,3.62,3.6
08/17/2024 11:55,August,2.74,2.72
08/17/2024 12:00,August,2.93,2.91
08/17/2024 12:05,August,2.74,2.72
08/17/2024 12:10,August,2.74,2.72
08/17/2024 12:15,August,3.34,3.32
08/17/2024 12:20,August,3.54,3.52
08/17/2024 12:25,August,3.43,3.41
08/17/2024 12:30,August,3.34,3.32
08/17/2024 12:35,August,3.44,3.42
08/17/2024 12:40,August,3.45,3.43
08/17/2024 12:45,August,3.45,3.43
08/17/2024 12:50,August,3.72,3.7
08/17/2024 12:55,August,3.6,3.58
08/17/2024 13:00,August,3.72,3.7
08/17/2024 13:05,August,5.91,5.88
08/17/2024 13:10,August,5.7,5.67
08/17/2024 13:15,August,5.7,5.68
08/17/2024 13:20,August,5.28,5.26
08/17/2024 13:25,August,5.7,5.68
08/17/2024 13:30,August,5.86,5.83
08/17/2024 13:35,August,5.73,5.71
08/17/2024 13:40,August,5.32,5.3
08/17/2024 13:45,August,5.86,5.84
08/17/2024 13:50,August,5.74,5.71
08/17/2024 13:55,August,5.31,5.29
08/17/2024 14:00,August,11.8,11.75
08/17/2024 14:05,August,4.05,4.04
08/17/2024 14:10,August,4.61,4.59
08/17/2024 14:15,August,5.7,5.68
08/17/2024 14:20,August,4.07,4.06
08/17/2024 14:25,August,5.29,5.28
08/17/2024 14:30,August,12.95,12.92
08/17/2024 14:35,August,5.7,5.68
08/17/2024 14:40,August,5.3,5.28
08/17/2024 14:45,August,4.08,4.07
08/17/2024 14:50,August,4.08,4.07
08/17/2024 14:55,August,4.85,4.85
08/17/2024 15:00,August,4.27,4.27
08/17/2024 15:05,August,4.28,4.27
08/17/2024 15:10,August,4.84,4.84
08/17/2024 15:15,August,4.84,4.83
08/17/2024 15:20,August,5.06,5.06
08/17/2024 15:25,August,4,4
08/17/2024 15:30,August,4.28,4.27
08/17/2024 15:35,August,4.86,4.86
08/17/2024 15:40,August,4.29,4.29
08/17/2024 15:45,August,5.28,5.27
08/17/2024 15:50,August,5.28,5.27
08/17/2024 15:55,August,4.3,4.29
08/17/2024 16:00,August,4.3,4.3
08/17/2024 16:05,August,15.93,15.93
08/17/2024 16:10,August,11,10.99
08/17/2024 16:15,August,5.77,5.77
08/17/2024 16:20,August,5.75,5.75
08/17/2024 16:25,August,5.35,5.35
08/17/2024 16:30,August,5.35,5.35
08/17/2024 16:35,August,5.74,5.74
08/17/2024 16:40,August,4.28,4.28
08/17/2024 16:45,August,4.28,4.28
08/17/2024 16:50,August,3.76,3.76
08/17/2024 16:55,August,4.29,4.29
08/17/2024 17:00,August,4.29,4.29
08/17/2024 17:05,August,5.23,5.22
08/17/2024 17:10,August,4.89,4.88
08/17/2024 17:15,August,4,3.99
08/17/2024 17:20,August,4.08,4.07
08/17/2024 17:25,August,3.78,3.77
08/17/2024 17:30,August,4.01,3.99
08/17/2024 17:35,August,4.4,4.38
08/17/2024 17:40,August,4.65,4.63
08/17/2024 17:45,August,5.25,5.23
08/17/2024 17:50,August,5.25,5.22
08/17/2024 17:55,August,5.25,5.23
08/17/2024 18:00,August,5.25,5.23
08/17/2024 18:05,August,5.27,5.25
08/17/2024 18:10,August,5.28,5.26
08/17/2024 18:15,August,5.29,5.26
08/17/2024 18:20,August,5.81,5.78
08/17/2024 18:25,August,5.83,5.8
08/17/2024 18:30,August,5.93,5.9
08/17/2024 18:35,August,5.83,5.79
08/17/2024 18:40,August,5.85,5.82
08/17/2024 18:45,August,5.94,5.9
08/17/2024 18:50,August,5.93,5.9
08/17/2024 18:55,August,5.86,5.82
08/17/2024 19:00,August,5.62,5.58
08/17/2024 19:05,August,5.85,5.81
08/17/2024 19:10,August,5.65,5.61
08/17/2024 19:15,August,5.85,5.81
08/17/2024 19:20,August,5.85,5.81
08/17/2024 19:25,August,11.24,11.16
08/17/2024 19:30,August,5.86,5.82
08/17/2024 19:35,August,5.87,5.82
08/17/2024 19:40,August,5.65,5.61
08/17/2024 19:45,August,5.72,5.68
08/17/2024 19:50,August,5.85,5.81
08/17/2024 19:55,August,5.84,5.8
08/17/2024 20:00,August,5.85,5.81
08/17/2024 20:05,August,24.96,24.79
08/17/2024 20:10,August,19.64,19.5
08/17/2024 20:15,August,11.21,11.13
08/17/2024 20:20,August,13.08,12.99
08/17/2024 20:25,August,5.89,5.85
08/17/2024 20:30,August,5.88,5.84
08/17/2024 20:35,August,5.89,5.85
08/17/2024 20:40,August,5.89,5.85
08/17/2024 20:45,August,5.89,5.85
08/17/2024 20:50,August,5.66,5.62
08/17/2024 20:55,August,11.22,11.15
08/17/2024 21:00,August,5.89,5.85
08/17/2024 21:05,August,24.47,24.31
08/17/2024 21:10,August,20.54,20.4
08/17/2024 21:15,August,20.72,20.57
08/17/2024 21:20,August,20.16,20.02
08/17/2024 21:25,August,20.02,19.87
08/17/2024 21:30,August,20.1,19.95
08/17/2024 21:35,August,19.91,19.76
08/17/2024 21:40,August,20.07,19.92
08/17/2024 21:45,August,19.79,19.64
08/17/2024 21:50,August,12.29,12.2
08/17/2024 21:55,August,11.4,11.31
08/17/2024 22:00,August,5.65,5.6
08/17/2024 22:05,August,6.15,6.09
08/17/2024 22:10,August,5.95,5.9
08/17/2024 22:15,August,5.95,5.89
08/17/2024 22:20,August,5.66,5.61
08/17/2024 22:25,August,5.96,5.91
08/17/2024 22:30,August,5.93,5.88
08/17/2024 22:35,August,5.92,5.87
08/17/2024 22:40,August,5.66,5.61
08/17/2024 22:45,August,5.27,5.23
08/17/2024 22:50,August,5.54,5.49
08/17/2024 22:55,August,5.53,5.49
08/17/2024 23:00,August,4.35,4.31
08/17/2024 23:05,August,11.92,11.83
08/17/2024 23:10,August,5.87,5.83
08/17/2024 23:15,August,5.87,5.82
08/17/2024 23:20,August,5.89,5.85
08/17/2024 23:25,August,5.51,5.47
08/17/2024 23:30,August,5.03,4.99
08/17/2024 23:35,August,5.05,5.01
08/17/2024 23:40,August,5.07,5.03
08/17/2024 23:45,August,5.14,5.1
08/17/2024 23:50,August,4.92,4.88
08/17/2024 23:55,August,4.79,4.76
08/18/2024 0:00,August,4.78,4.75
08/18/2024 0:05,August,5.84,5.8
08/18/2024 0:10,August,5.83,5.79
08/18/2024 0:15,August,5.65,5.61
08/18/2024 0:20,August,5.46,5.42
08/18/2024 0:25,August,5.43,5.39
08/18/2024 0:30,August,4.89,4.86
08/18/2024 0:35,August,4.95,4.91
08/18/2024 0:40,August,5.45,5.41
08/18/2024 0:45,August,4.89,4.85
08/18/2024 0:50,August,4.49,4.45
08/18/2024 0:55,August,4.49,4.45
08/18/2024 1:00,August,4.49,4.45
08/18/2024 1:05,August,5.45,5.41
08/18/2024 1:10,August,5.46,5.41
08/18/2024 1:15,August,4.9,4.86
08/18/2024 1:20,August,4.9,4.86
08/18/2024 1:25,August,5.46,5.42
08/18/2024 1:30,August,5.46,5.42
08/18/2024 1:35,August,5.46,5.42
08/18/2024 1:40,August,5.46,5.42
08/18/2024 1:45,August,4.96,4.92
08/18/2024 1:50,August,5.29,5.25
08/18/2024 1:55,August,5.29,5.25
08/18/2024 2:00,August,4.7,4.66
08/18/2024 2:05,August,4.91,4.87
08/18/2024 2:10,August,4.96,4.92
08/18/2024 2:15,August,4.93,4.89
08/18/2024 2:20,August,4.91,4.87
08/18/2024 2:25,August,4.12,4.09
08/18/2024 2:30,August,4.11,4.08
08/18/2024 2:35,August,4.11,4.08
08/18/2024 2:40,August,4.11,4.08
08/18/2024 2:45,August,4.11,4.08
08/18/2024 2:50,August,4.11,4.08
08/18/2024 2:55,August,4.11,4.08
08/18/2024 3:00,August,4.11,4.07
08/18/2024 3:05,August,4.34,4.3
08/18/2024 3:10,August,4.33,4.3
08/18/2024 3:15,August,4.34,4.31
08/18/2024 3:20,August,4.36,4.32
08/18/2024 3:25,August,4.36,4.33
08/18/2024 3:30,August,4.36,4.32
08/18/2024 3:35,August,4.35,4.32
08/18/2024 3:40,August,4.34,4.3
08/18/2024 3:45,August,4.35,4.31
08/18/2024 3:50,August,4.17,4.14
08/18/2024 3:55,August,4.26,4.23
08/18/2024 4:00,August,4.17,4.14
08/18/2024 4:05,August,4.26,4.23
08/18/2024 4:10,August,4.26,4.23
08/18/2024 4:15,August,4.25,4.22
08/18/2024 4:20,August,4.25,4.22
08/18/2024 4:25,August,4.25,4.22
08/18/2024 4:30,August,4.13,4.1
08/18/2024 4:35,August,4.25,4.21
08/18/2024 4:40,August,4.13,4.09
08/18/2024 4:45,August,4.13,4.09
08/18/2024 4:50,August,4.24,4.21
08/18/2024 4:55,August,4.13,4.09
08/18/2024 5:00,August,4.12,4.09
08/18/2024 5:05,August,4.24,4.2
08/18/2024 5:10,August,4.24,4.21
08/18/2024 5:15,August,4.24,4.2
08/18/2024 5:20,August,4.33,4.29
08/18/2024 5:25,August,4.16,4.12
08/18/2024 5:30,August,4.15,4.11
08/18/2024 5:35,August,4.16,4.12
08/18/2024 5:40,August,4.15,4.11
08/18/2024 5:45,August,4.14,4.1
08/18/2024 5:50,August,4.14,4.1
08/18/2024 5:55,August,4.13,4.1
08/18/2024 6:00,August,4.13,4.09
08/18/2024 6:05,August,4.12,4.08
08/18/2024 6:10,August,4.11,4.07
08/18/2024 6:15,August,4.11,4.07
08/18/2024 6:20,August,3.78,3.74
08/18/2024 6:25,August,2.96,2.94
08/18/2024 6:30,August,3.72,3.7
08/18/2024 6:35,August,2.96,2.94
08/18/2024 6:40,August,2.98,2.95
08/18/2024 6:45,August,2.98,2.95
08/18/2024 6:50,August,2.96,2.93
08/18/2024 6:55,August,2.96,2.93
08/18/2024 7:00,August,2.74,2.72
08/18/2024 7:05,August,2.74,2.72
08/18/2024 7:10,August,3.73,3.7
08/18/2024 7:15,August,3.73,3.7
08/18/2024 7:20,August,3.31,3.28
08/18/2024 7:25,August,3.73,3.7
08/18/2024 7:30,August,2.75,2.72
08/18/2024 7:35,August,3.3,3.28
08/18/2024 7:40,August,3.73,3.7
08/18/2024 7:45,August,2.75,2.72
08/18/2024 7:50,August,2.97,2.94
08/18/2024 7:55,August,3.73,3.7
08/18/2024 8:00,August,3.3,3.27
08/18/2024 8:05,August,2.3,2.29
08/18/2024 8:10,August,2.31,2.3
08/18/2024 8:15,August,2.45,2.43
08/18/2024 8:20,August,2.74,2.72
08/18/2024 8:25,August,2.44,2.43
08/18/2024 8:30,August,2.93,2.92
08/18/2024 8:35,August,2.73,2.72
08/18/2024 8:40,August,2.44,2.43
08/18/2024 8:45,August,2.73,2.72
08/18/2024 8:50,August,2.44,2.43
08/18/2024 8:55,August,2.44,2.43
08/18/2024 9:00,August,2.72,2.72
08/18/2024 9:05,August,2.29,2.28
08/18/2024 9:10,August,0,0
08/18/2024 9:15,August,0.1,0.1
08/18/2024 9:20,August,0.08,0.08
08/18/2024 9:25,August,0.1,0.1
08/18/2024 9:30,August,2.3,2.3
08/18/2024 9:35,August,2.43,2.43
08/18/2024 9:40,August,2.44,2.43
08/18/2024 9:45,August,2.3,2.29
08/18/2024 9:50,August,2.31,2.3
08/18/2024 9:55,August,2.43,2.43
08/18/2024 10:00,August,2.93,2.92
08/18/2024 10:05,August,2.43,2.43
08/18/2024 10:10,August,2.43,2.43
08/18/2024 10:15,August,2.72,2.72
08/18/2024 10:20,August,2.72,2.72
08/18/2024 10:25,August,2.43,2.43
08/18/2024 10:30,August,2.43,2.43
08/18/2024 10:35,August,2.43,2.43
08/18/2024 10:40,August,2.43,2.43
08/18/2024 10:45,August,2.43,2.43
08/18/2024 10:50,August,2.43,2.43
08/18/2024 10:55,August,2.43,2.43
08/18/2024 11:00,August,2.43,2.43
08/18/2024 11:05,August,3.71,3.71
08/18/2024 11:10,August,2.92,2.91
08/18/2024 11:15,August,3.73,3.73
08/18/2024 11:20,August,3.72,3.71
08/18/2024 11:25,August,3.24,3.24
08/18/2024 11:30,August,2.27,2.27
08/18/2024 11:35,August,2.27,2.27
08/18/2024 11:40,August,2.29,2.29
08/18/2024 11:45,August,2.43,2.43
08/18/2024 11:50,August,2.91,2.91
08/18/2024 11:55,August,2.29,2.29
08/18/2024 12:00,August,3.75,3.75
08/18/2024 12:05,August,3.73,3.73
08/18/2024 12:10,August,2.72,2.72
08/18/2024 12:15,August,3.72,3.71
08/18/2024 12:20,August,3.71,3.71
08/18/2024 12:25,August,3.25,3.24
08/18/2024 12:30,August,3.71,3.71
08/18/2024 12:35,August,3.74,3.73
08/18/2024 12:40,August,3.74,3.73
08/18/2024 12:45,August,3.8,3.79
08/18/2024 12:50,August,3.8,3.79
08/18/2024 12:55,August,3.8,3.79
08/18/2024 13:00,August,3.81,3.8
08/18/2024 13:05,August,3.72,3.72
08/18/2024 13:10,August,3.72,3.72
08/18/2024 13:15,August,3.76,3.76
08/18/2024 13:20,August,3.76,3.76
08/18/2024 13:25,August,3.8,3.79
08/18/2024 13:30,August,3.79,3.79
08/18/2024 13:35,August,3.8,3.8
08/18/2024 13:40,August,4.45,4.45
08/18/2024 13:45,August,4.45,4.45
08/18/2024 13:50,August,5.25,5.26
08/18/2024 13:55,August,4.85,4.85
08/18/2024 14:00,August,5.25,5.25
08/18/2024 14:05,August,4.48,4.48
08/18/2024 14:10,August,5.7,5.7
08/18/2024 14:15,August,5.27,5.26
08/18/2024 14:20,August,3.86,3.84
08/18/2024 14:25,August,5.29,5.27
08/18/2024 14:30,August,5.29,5.26
08/18/2024 14:35,August,5.29,5.27
08/18/2024 14:40,August,5.29,5.27
08/18/2024 14:45,August,5.29,5.27
08/18/2024 14:50,August,4.86,4.84
08/18/2024 14:55,August,4.61,4.59
08/18/2024 15:00,August,3.84,3.82
08/18/2024 15:05,August,5.3,5.28
08/18/2024 15:10,August,4.88,4.86
08/18/2024 15:15,August,4.88,4.86
08/18/2024 15:20,August,4.88,4.85
08/18/2024 15:25,August,4.5,4.48
08/18/2024 15:30,August,4.27,4.25
08/18/2024 15:35,August,4.5,4.48
08/18/2024 15:40,August,4.29,4.27
08/18/2024 15:45,August,4.29,4.26
08/18/2024 15:50,August,4.5,4.47
08/18/2024 15:55,August,3.94,3.92
08/18/2024 16:00,August,4.49,4.47
08/18/2024 16:05,August,4.29,4.27
08/18/2024 16:10,August,4.29,4.27
08/18/2024 16:15,August,4.28,4.26
08/18/2024 16:20,August,4.5,4.47
08/18/2024 16:25,August,5.34,5.32
08/18/2024 16:30,August,5.34,5.32
08/18/2024 16:35,August,4.5,4.48
08/18/2024 16:40,August,4.5,4.48
08/18/2024 16:45,August,4.5,4.48
08/18/2024 16:50,August,4.38,4.36
08/18/2024 16:55,August,4.4,4.38
08/18/2024 17:00,August,3.88,3.86
08/18/2024 17:05,August,3.66,3.64
08/18/2024 17:10,August,3.37,3.36
08/18/2024 17:15,August,3.57,3.56
08/18/2024 17:20,August,3.57,3.56
08/18/2024 17:25,August,3.77,3.75
08/18/2024 17:30,August,5.75,5.72
08/18/2024 17:35,August,5.34,5.32
08/18/2024 17:40,August,5.33,5.31
08/18/2024 17:45,August,4.39,4.38
08/18/2024 17:50,August,5.74,5.72
08/18/2024 17:55,August,5.75,5.72
08/18/2024 18:00,August,5.75,5.73
08/18/2024 18:05,August,5.76,5.73
08/18/2024 18:10,August,5.76,5.73
08/18/2024 18:15,August,5.38,5.35
08/18/2024 18:20,August,5.23,5.2
08/18/2024 18:25,August,6.63,6.6
08/18/2024 18:30,August,5.8,5.77
08/18/2024 18:35,August,6.62,6.59
08/18/2024 18:40,August,24.35,24.22
08/18/2024 18:45,August,28.96,28.81
08/18/2024 18:50,August,26.59,26.45
08/18/2024 18:55,August,6.12,6.09
08/18/2024 19:00,August,6.11,6.08
08/18/2024 19:05,August,3.93,3.9
08/18/2024 19:10,August,4.63,4.61
08/18/2024 19:15,August,5.29,5.26
08/18/2024 19:20,August,5.3,5.27
08/18/2024 19:25,August,5.3,5.27
08/18/2024 19:30,August,5.81,5.78
08/18/2024 19:35,August,5.81,5.78
08/18/2024 19:40,August,5.81,5.78
08/18/2024 19:45,August,5.81,5.78
08/18/2024 19:50,August,5.81,5.78
08/18/2024 19:55,August,5.84,5.8
08/18/2024 20:00,August,5.82,5.79
08/18/2024 20:05,August,7.15,7.11
08/18/2024 20:10,August,7.91,7.86
08/18/2024 20:15,August,31.4,31.2
08/18/2024 20:20,August,26.53,26.35
08/18/2024 20:25,August,25.01,24.84
08/18/2024 20:30,August,26.51,26.33
08/18/2024 20:35,August,23.95,23.78
08/18/2024 20:40,August,31.34,31.12
08/18/2024 20:45,August,26.85,26.67
08/18/2024 20:50,August,24.35,24.18
08/18/2024 20:55,August,24.48,24.31
08/18/2024 21:00,August,24.28,24.1
08/18/2024 21:05,August,16.12,15.99
08/18/2024 21:10,August,24.16,23.96
08/18/2024 21:15,August,29.42,29.17
08/18/2024 21:20,August,24.14,23.94
08/18/2024 21:25,August,24.43,24.22
08/18/2024 21:30,August,7.94,7.87
08/18/2024 21:35,August,16.41,16.27
08/18/2024 21:40,August,7.85,7.79
08/18/2024 21:45,August,7.85,7.78
08/18/2024 21:50,August,5.92,5.87
08/18/2024 21:55,August,5.36,5.31
08/18/2024 22:00,August,5.35,5.31
08/18/2024 22:05,August,8.12,8.05
08/18/2024 22:10,August,9.91,9.82
08/18/2024 22:15,August,7.58,7.52
08/18/2024 22:20,August,5.93,5.88
08/18/2024 22:25,August,6.82,6.76
08/18/2024 22:30,August,4.82,4.78
08/18/2024 22:35,August,5.1,5.06
08/18/2024 22:40,August,5.11,5.06
08/18/2024 22:45,August,5.5,5.45
08/18/2024 22:50,August,5.5,5.45
08/18/2024 22:55,August,4.82,4.79
08/18/2024 23:00,August,4.62,4.58
08/18/2024 23:05,August,7.24,7.19
08/18/2024 23:10,August,4.82,4.78
08/18/2024 23:15,August,5.49,5.45
08/18/2024 23:20,August,5.49,5.45
08/18/2024 23:25,August,5.48,5.44
08/18/2024 23:30,August,4.82,4.78
08/18/2024 23:35,August,4.8,4.76
08/18/2024 23:40,August,4.56,4.52
08/18/2024 23:45,August,4.28,4.25
08/18/2024 23:50,August,4.11,4.08
08/18/2024 23:55,August,4.11,4.07
08/19/2024 0:00,August,3.73,3.69
08/19/2024 0:05,August,3.19,3.16
08/19/2024 0:10,August,4.08,4.04
08/19/2024 0:15,August,3.75,3.72
08/19/2024 0:20,August,4.09,4.05
08/19/2024 0:25,August,4.08,4.04
08/19/2024 0:30,August,4.08,4.04
08/19/2024 0:35,August,4.09,4.05
08/19/2024 0:40,August,4.09,4.05
08/19/2024 0:45,August,4.1,4.06
08/19/2024 0:50,August,4.1,4.06
08/19/2024 0:55,August,4.1,4.06
08/19/2024 1:00,August,4.11,4.07
08/19/2024 1:05,August,4.31,4.27
08/19/2024 1:10,August,4.16,4.12
08/19/2024 1:15,August,4.13,4.09
08/19/2024 1:20,August,4.12,4.08
08/19/2024 1:25,August,3.91,3.87
08/19/2024 1:30,August,4.11,4.06
08/19/2024 1:35,August,4.11,4.07
08/19/2024 1:40,August,4.11,4.07
08/19/2024 1:45,August,4.11,4.07
08/19/2024 1:50,August,4.11,4.07
08/19/2024 1:55,August,3.71,3.67
08/19/2024 2:00,August,4.1,4.06
08/19/2024 2:05,August,4.09,4.05
08/19/2024 2:10,August,4.1,4.05
08/19/2024 2:15,August,4.1,4.05
08/19/2024 2:20,August,4.1,4.05
08/19/2024 2:25,August,4.1,4.06
08/19/2024 2:30,August,4.04,4
08/19/2024 2:35,August,4.09,4.05
08/19/2024 2:40,August,4.04,4
08/19/2024 2:45,August,4.03,3.99
08/19/2024 2:50,August,4.01,3.97
08/19/2024 2:55,August,4.02,3.98
08/19/2024 3:00,August,3.92,3.88
08/19/2024 3:05,August,4.03,3.99
08/19/2024 3:10,August,4.03,3.99
08/19/2024 3:15,August,4.04,4
08/19/2024 3:20,August,4.04,4
08/19/2024 3:25,August,4.04,3.99
08/19/2024 3:30,August,4.04,4
08/19/2024 3:35,August,4.04,4
08/19/2024 3:40,August,4.04,3.99
08/19/2024 3:45,August,3.93,3.88
08/19/2024 3:50,August,4.02,3.98
08/19/2024 3:55,August,3.92,3.88
08/19/2024 4:00,August,4.02,3.97
08/19/2024 4:05,August,4.02,3.97
08/19/2024 4:10,August,4.03,3.98
08/19/2024 4:15,August,4.03,3.99
08/19/2024 4:20,August,4.03,3.99
08/19/2024 4:25,August,4.3,4.25
08/19/2024 4:30,August,4.04,3.99
08/19/2024 4:35,August,4.03,3.99
08/19/2024 4:40,August,4.23,4.19
08/19/2024 4:45,August,4.04,4
08/19/2024 4:50,August,4.03,3.98
08/19/2024 4:55,August,4.03,3.99
08/19/2024 5:00,August,3.71,3.67
08/19/2024 5:05,August,3.34,3.3
08/19/2024 5:10,August,3.92,3.87
08/19/2024 5:15,August,3.92,3.87
08/19/2024 5:20,August,4.01,3.96
08/19/2024 5:25,August,4.02,3.97
08/19/2024 5:30,August,3.95,3.9
08/19/2024 5:35,August,4.02,3.97
08/19/2024 5:40,August,4.01,3.97
08/19/2024 5:45,August,3.92,3.87
08/19/2024 5:50,August,3.81,3.77
08/19/2024 5:55,August,3.81,3.77
08/19/2024 6:00,August,3.71,3.67
08/19/2024 6:05,August,2.5,2.47
08/19/2024 6:10,August,2.95,2.91
08/19/2024 6:15,August,2.76,2.73
08/19/2024 6:20,August,2.94,2.91
08/19/2024 6:25,August,2.94,2.91
08/19/2024 6:30,August,2.94,2.91
08/19/2024 6:35,August,2.65,2.62
08/19/2024 6:40,August,2.81,2.78
08/19/2024 6:45,August,2.85,2.82
08/19/2024 6:50,August,2.93,2.9
08/19/2024 6:55,August,2.95,2.92
08/19/2024 7:00,August,3.33,3.3
08/19/2024 7:05,August,2.56,2.54
08/19/2024 7:10,August,3.35,3.32
08/19/2024 7:15,August,3.35,3.32
08/19/2024 7:20,August,3.36,3.33
08/19/2024 7:25,August,3.36,3.34
08/19/2024 7:30,August,3.5,3.47
08/19/2024 7:35,August,4.02,3.99
08/19/2024 7:40,August,4.01,3.98
08/19/2024 7:45,August,3.67,3.65
08/19/2024 7:50,August,4.3,4.28
08/19/2024 7:55,August,4.31,4.29
08/19/2024 8:00,August,5.32,5.29
08/19/2024 8:05,August,3.64,3.63
08/19/2024 8:10,August,3.63,3.63
08/19/2024 8:15,August,4.3,4.3
08/19/2024 8:20,August,4.3,4.31
08/19/2024 8:25,August,5.66,5.67
08/19/2024 8:30,August,5.66,5.67
08/19/2024 8:35,August,5.65,5.67
08/19/2024 8:40,August,5.68,5.69
08/19/2024 8:45,August,5.66,5.67
08/19/2024 8:50,August,5.64,5.66
08/19/2024 8:55,August,5.63,5.65
08/19/2024 9:00,August,5.58,5.61
08/19/2024 9:05,August,2.68,2.68
08/19/2024 9:10,August,3.36,3.36
08/19/2024 9:15,August,4.37,4.37
08/19/2024 9:20,August,4.6,4.6
08/19/2024 9:25,August,5.3,5.3
08/19/2024 9:30,August,3.53,3.53
08/19/2024 9:35,August,3.65,3.65
08/19/2024 9:40,August,12.61,12.61
08/19/2024 9:45,August,12.56,12.57
08/19/2024 9:50,August,12.26,12.27
08/19/2024 9:55,August,5.73,5.73
08/19/2024 10:00,August,5.7,5.71
08/19/2024 10:05,August,3.89,3.89
08/19/2024 10:10,August,5.66,5.67
08/19/2024 10:15,August,12.02,12.05
08/19/2024 10:20,August,11.96,11.98
08/19/2024 10:25,August,11.98,12
08/19/2024 10:30,August,8.6,8.61
08/19/2024 10:35,August,5.7,5.71
08/19/2024 10:40,August,5.1,5.11
08/19/2024 10:45,August,5.28,5.29
08/19/2024 10:50,August,5.7,5.71
08/19/2024 10:55,August,5.7,5.71
08/19/2024 11:00,August,5.67,5.69
08/19/2024 11:05,August,4.47,4.48
08/19/2024 11:10,August,5.28,5.29
08/19/2024 11:15,August,4.54,4.55
08/19/2024 11:20,August,5.28,5.29
08/19/2024 11:25,August,4.56,4.57
08/19/2024 11:30,August,5.27,5.29
08/19/2024 11:35,August,5.27,5.29
08/19/2024 11:40,August,5.11,5.12
08/19/2024 11:45,August,5.27,5.29
08/19/2024 11:50,August,5.28,5.29
08/19/2024 11:55,August,5.27,5.29
08/19/2024 12:00,August,4.8,4.81
08/19/2024 12:05,August,4.06,4.07
08/19/2024 12:10,August,3.63,3.64
08/19/2024 12:15,August,4.28,4.28
08/19/2024 12:20,August,3.77,3.77
08/19/2024 12:25,August,5.13,5.14
08/19/2024 12:30,August,5.3,5.31
08/19/2024 12:35,August,5.14,5.15
08/19/2024 12:40,August,5.66,5.67
08/19/2024 12:45,August,5.16,5.17
08/19/2024 12:50,August,5.33,5.34
08/19/2024 12:55,August,11.44,11.46
08/19/2024 13:00,August,12.99,13.02
08/19/2024 13:05,August,17.65,17.69
08/19/2024 13:10,August,17.64,17.67
08/19/2024 13:15,August,18.53,18.57
08/19/2024 13:20,August,18.5,18.54
08/19/2024 13:25,August,14.79,14.82
08/19/2024 13:30,August,16.35,16.36
08/19/2024 13:35,August,15.92,15.93
08/19/2024 13:40,August,13.07,13.07
08/19/2024 13:45,August,12.53,12.53
08/19/2024 13:50,August,13.51,13.5
08/19/2024 13:55,August,13.01,13
08/19/2024 14:00,August,13.1,13.09
08/19/2024 14:05,August,10.73,10.72
08/19/2024 14:10,August,13.1,13.09
08/19/2024 14:15,August,14.9,14.88
08/19/2024 14:20,August,13.59,13.57
08/19/2024 14:25,August,18.97,19.44
08/19/2024 14:30,August,13.65,13.58
08/19/2024 14:35,August,32.93,32.8
08/19/2024 14:40,August,30.76,30.63
08/19/2024 14:45,August,56.08,55.87
08/19/2024 14:50,August,55.69,55.5
08/19/2024 14:55,August,54.19,54
08/19/2024 15:00,August,56.02,55.81
08/19/2024 15:05,August,16.07,16.03
08/19/2024 15:10,August,13.67,13.62
08/19/2024 15:15,August,24.57,24.48
08/19/2024 15:20,August,30.77,30.68
08/19/2024 15:25,August,31.01,30.92
08/19/2024 15:30,August,31.41,31.31
08/19/2024 15:35,August,24.86,24.78
08/19/2024 15:40,August,24.88,24.78
08/19/2024 15:45,August,13.16,13.11
08/19/2024 15:50,August,13.16,13.1
08/19/2024 15:55,August,13.15,13.1
08/19/2024 16:00,August,5.49,5.47
08/19/2024 16:05,August,5.84,5.82
08/19/2024 16:10,August,5.83,5.82
08/19/2024 16:15,August,5.87,5.85
08/19/2024 16:20,August,4.71,4.69
08/19/2024 16:25,August,5.47,5.45
08/19/2024 16:30,August,5.3,5.28
08/19/2024 16:35,August,5.29,5.27
08/19/2024 16:40,August,5.28,5.26
08/19/2024 16:45,August,5.29,5.27
08/19/2024 16:50,August,5.28,5.26
08/19/2024 16:55,August,3.41,3.4
08/19/2024 17:00,August,3.57,3.56
08/19/2024 17:05,August,3.68,3.67
08/19/2024 17:10,August,2.97,2.95
08/19/2024 17:15,August,3.4,3.38
08/19/2024 17:20,August,3.62,3.61
08/19/2024 17:25,August,4.6,4.58
08/19/2024 17:30,August,3.51,3.49
08/19/2024 17:35,August,3.52,3.5
08/19/2024 17:40,August,3.66,3.64
08/19/2024 17:45,August,4.63,4.61
08/19/2024 17:50,August,4.59,4.57
08/19/2024 17:55,August,4.6,4.57
08/19/2024 18:00,August,4.6,4.57
08/19/2024 18:05,August,3.58,3.56
08/19/2024 18:10,August,4.29,4.27
08/19/2024 18:15,August,4.31,4.28
08/19/2024 18:20,August,5.26,5.23
08/19/2024 18:25,August,5.26,5.23
08/19/2024 18:30,August,5.26,5.24
08/19/2024 18:35,August,5.27,5.24
08/19/2024 18:40,August,5.28,5.25
08/19/2024 18:45,August,5.28,5.26
08/19/2024 18:50,August,5.28,5.26
08/19/2024 18:55,August,5.28,5.26
08/19/2024 19:00,August,5.27,5.25
08/19/2024 19:05,August,5.28,5.25
08/19/2024 19:10,August,4.91,4.89
08/19/2024 19:15,August,5.25,5.23
08/19/2024 19:20,August,5.25,5.23
08/19/2024 19:25,August,5.26,5.23
08/19/2024 19:30,August,5.25,5.23
08/19/2024 19:35,August,5.25,5.23
08/19/2024 19:40,August,5.24,5.22
08/19/2024 19:45,August,5.25,5.22
08/19/2024 19:50,August,5.25,5.22
08/19/2024 19:55,August,5.25,5.23
08/19/2024 20:00,August,5.24,5.22
08/19/2024 20:05,August,7.87,7.84
08/19/2024 20:10,August,5.8,5.77
08/19/2024 20:15,August,5.81,5.78
08/19/2024 20:20,August,5.81,5.78
08/19/2024 20:25,August,5.46,5.43
08/19/2024 20:30,August,5.46,5.43
08/19/2024 20:35,August,5.46,5.43
08/19/2024 20:40,August,5.45,5.43
08/19/2024 20:45,August,5.45,5.43
08/19/2024 20:50,August,5.45,5.42
08/19/2024 20:55,August,5.29,5.26
08/19/2024 21:00,August,5.28,5.25
08/19/2024 21:05,August,26.44,26.3
08/19/2024 21:10,August,20.11,20
08/19/2024 21:15,August,19.82,19.7
08/19/2024 21:20,August,12.17,12.09
08/19/2024 21:25,August,5.86,5.82
08/19/2024 21:30,August,5.48,5.45
08/19/2024 21:35,August,5.48,5.45
08/19/2024 21:40,August,5.48,5.44
08/19/2024 21:45,August,5.31,5.28
08/19/2024 21:50,August,5.3,5.27
08/19/2024 21:55,August,5.3,5.26
08/19/2024 22:00,August,5.28,5.25
08/19/2024 22:05,August,7.9,7.85
08/19/2024 22:10,August,5.45,5.41
08/19/2024 22:15,August,5.82,5.78
08/19/2024 22:20,August,4.92,4.89
08/19/2024 22:25,August,4.62,4.59
08/19/2024 22:30,August,4.22,4.19
08/19/2024 22:35,August,4.1,4.07
08/19/2024 22:40,August,4.09,4.07
08/19/2024 22:45,August,4.09,4.06
08/19/2024 22:50,August,4.09,4.06
08/19/2024 22:55,August,4.08,4.05
08/19/2024 23:00,August,4.07,4.05
08/19/2024 23:05,August,4.52,4.49
08/19/2024 23:10,August,4.08,4.05
08/19/2024 23:15,August,4.07,4.05
08/19/2024 23:20,August,4.07,4.04
08/19/2024 23:25,August,4.07,4.04
08/19/2024 23:30,August,4.07,4.04
08/19/2024 23:35,August,4.06,4.03
08/19/2024 23:40,August,4.06,4.03
08/19/2024 23:45,August,4.06,4.03
08/19/2024 23:50,August,4.07,4.03
08/19/2024 23:55,August,4.04,4.01
08/20/2024 0:00,August,3.71,3.68
08/20/2024 0:05,August,4.25,4.21
08/20/2024 0:10,August,4.18,4.14
08/20/2024 0:15,August,4.1,4.06
08/20/2024 0:20,August,4.1,4.06
08/20/2024 0:25,August,4.1,4.06
08/20/2024 0:30,August,4.1,4.06
08/20/2024 0:35,August,3.84,3.8
08/20/2024 0:40,August,4.09,4.04
08/20/2024 0:45,August,4.09,4.05
08/20/2024 0:50,August,4.09,4.04
08/20/2024 0:55,August,4.09,4.04
08/20/2024 1:00,August,4.09,4.05
08/20/2024 1:05,August,4.09,4.05
08/20/2024 1:10,August,4.09,4.05
08/20/2024 1:15,August,4.09,4.05
08/20/2024 1:20,August,4.08,4.04
08/20/2024 1:25,August,4.09,4.05
08/20/2024 1:30,August,4.08,4.04
08/20/2024 1:35,August,4.08,4.04
08/20/2024 1:40,August,4.08,4.04
08/20/2024 1:45,August,4.04,4
08/20/2024 1:50,August,4.04,4
08/20/2024 1:55,August,3.53,3.49
08/20/2024 2:00,August,3.53,3.5
08/20/2024 2:05,August,3.71,3.67
08/20/2024 2:10,August,3.72,3.68
08/20/2024 2:15,August,3.69,3.66
08/20/2024 2:20,August,4.03,3.99
08/20/2024 2:25,August,3.88,3.84
08/20/2024 2:30,August,3.71,3.67
08/20/2024 2:35,August,3.88,3.84
08/20/2024 2:40,August,3.72,3.68
08/20/2024 2:45,August,3.7,3.66
08/20/2024 2:50,August,3.69,3.65
08/20/2024 2:55,August,3.71,3.67
08/20/2024 3:00,August,3.68,3.64
08/20/2024 3:05,August,4.03,3.99
08/20/2024 3:10,August,4.13,4.08
08/20/2024 3:15,August,4.03,3.98
08/20/2024 3:20,August,4.12,4.08
08/20/2024 3:25,August,3.9,3.86
08/20/2024 3:30,August,4.12,4.08
08/20/2024 3:35,August,4.12,4.08
08/20/2024 3:40,August,4.03,3.99
08/20/2024 3:45,August,3.9,3.86
08/20/2024 3:50,August,4.03,3.99
08/20/2024 3:55,August,3.92,3.88
08/20/2024 4:00,August,4.12,4.08
08/20/2024 4:05,August,4.14,4.1
08/20/2024 4:10,August,4.34,4.3
08/20/2024 4:15,August,4.35,4.31
08/20/2024 4:20,August,4.35,4.31
08/20/2024 4:25,August,4.34,4.3
08/20/2024 4:30,August,4.24,4.2
08/20/2024 4:35,August,4.33,4.29
08/20/2024 4:40,August,4.34,4.3
08/20/2024 4:45,August,4.34,4.31
08/20/2024 4:50,August,4.35,4.31
08/20/2024 4:55,August,4.33,4.3
08/20/2024 5:00,August,4.33,4.29
08/20/2024 5:05,August,2.98,2.95
08/20/2024 5:10,August,3.72,3.68
08/20/2024 5:15,August,4.14,4.1
08/20/2024 5:20,August,4.14,4.1
08/20/2024 5:25,August,4.32,4.28
08/20/2024 5:30,August,4.33,4.28
08/20/2024 5:35,August,4.33,4.28
08/20/2024 5:40,August,4.32,4.28
08/20/2024 5:45,August,4.14,4.1
08/20/2024 5:50,August,3.69,3.65
08/20/2024 5:55,August,3.7,3.66
08/20/2024 6:00,August,3.93,3.89
08/20/2024 6:05,August,2.47,2.44
08/20/2024 6:10,August,2.95,2.92
08/20/2024 6:15,August,2.97,2.94
08/20/2024 6:20,August,3.01,2.98
08/20/2024 6:25,August,3.1,3.07
08/20/2024 6:30,August,3.43,3.4
08/20/2024 6:35,August,3.33,3.3
08/20/2024 6:40,August,3.54,3.5
08/20/2024 6:45,August,3.43,3.39
08/20/2024 6:50,August,3.02,2.99
08/20/2024 6:55,August,3.32,3.29
08/20/2024 7:00,August,3.01,2.99
08/20/2024 7:05,August,3.03,3
08/20/2024 7:10,August,3.53,3.5
08/20/2024 7:15,August,3.69,3.65
08/20/2024 7:20,August,3.7,3.67
08/20/2024 7:25,August,4.32,4.29
08/20/2024 7:30,August,3.61,3.58
08/20/2024 7:35,August,4.32,4.29
08/20/2024 7:40,August,4.33,4.3
08/20/2024 7:45,August,4.33,4.3
08/20/2024 7:50,August,4.02,3.99
08/20/2024 7:55,August,4.34,4.31
08/20/2024 8:00,August,5.33,5.3
08/20/2024 8:05,August,2.75,2.75
08/20/2024 8:10,August,3,2.99
08/20/2024 8:15,August,3.08,3.07
08/20/2024 8:20,August,3.22,3.22
08/20/2024 8:25,August,3.43,3.43
08/20/2024 8:30,August,3.59,3.59
08/20/2024 8:35,August,3.56,3.56
08/20/2024 8:40,August,3.62,3.62
08/20/2024 8:45,August,3.63,3.62
08/20/2024 8:50,August,4.34,4.34
08/20/2024 8:55,August,3.62,3.62
08/20/2024 9:00,August,4.34,4.35
08/20/2024 9:05,August,0,0
08/20/2024 9:10,August,3.01,3
08/20/2024 9:15,August,3,2.99
08/20/2024 9:20,August,3.37,3.35
08/20/2024 9:25,August,3.52,3.5
08/20/2024 9:30,August,3.53,3.51
08/20/2024 9:35,August,3.54,3.52
08/20/2024 9:40,August,3.91,3.89
08/20/2024 9:45,August,4.32,4.3
08/20/2024 9:50,August,8.72,8.68
08/20/2024 9:55,August,8.72,8.68
08/20/2024 10:00,August,5.73,5.7
08/20/2024 10:05,August,11.93,11.89
08/20/2024 10:10,August,5.74,5.72
08/20/2024 10:15,August,5.72,5.7
08/20/2024 10:20,August,5.71,5.69
08/20/2024 10:25,August,5.31,5.29
08/20/2024 10:30,August,10.61,10.58
08/20/2024 10:35,August,5.32,5.3
08/20/2024 10:40,August,8.68,8.65
08/20/2024 10:45,August,5.7,5.68
08/20/2024 10:50,August,5.68,5.68
08/20/2024 10:55,August,5.68,5.67
08/20/2024 11:00,August,12.37,12.36
08/20/2024 11:05,August,3.63,3.63
08/20/2024 11:10,August,5.31,5.31
08/20/2024 11:15,August,5.31,5.31
08/20/2024 11:20,August,4.05,4.05
08/20/2024 11:25,August,4.05,4.05
08/20/2024 11:30,August,4.5,4.5
08/20/2024 11:35,August,5.29,5.3
08/20/2024 11:40,August,4.05,4.06
08/20/2024 11:45,August,4.41,4.42
08/20/2024 11:50,August,4.05,4.05
08/20/2024 11:55,August,3.89,3.89
08/20/2024 12:00,August,3.63,3.63
08/20/2024 12:05,August,8.65,8.65
08/20/2024 12:10,August,5.28,5.28
08/20/2024 12:15,August,5.28,5.29
08/20/2024 12:20,August,3.63,3.63
08/20/2024 12:25,August,4.59,4.6
08/20/2024 12:30,August,5.68,5.68
08/20/2024 12:35,August,5.69,5.7
08/20/2024 12:40,August,5.68,5.69
08/20/2024 12:45,August,5.71,5.72
08/20/2024 12:50,August,5.7,5.71
08/20/2024 12:55,August,11.83,11.87
08/20/2024 13:00,August,12.38,12.41
08/20/2024 13:05,August,17.71,17.75
08/20/2024 13:10,August,13.89,13.93
08/20/2024 13:15,August,13.91,13.94
08/20/2024 13:20,August,12.72,12.74
08/20/2024 13:25,August,11.86,11.85
08/20/2024 13:30,August,6.26,6.25
08/20/2024 13:35,August,5.85,5.85
08/20/2024 13:40,August,10.65,10.65
08/20/2024 13:45,August,10.69,10.68
08/20/2024 13:50,August,17.38,17.37
08/20/2024 13:55,August,17.41,17.4
08/20/2024 14:00,August,31.92,31.95
08/20/2024 14:05,August,16.14,16.14
08/20/2024 14:10,August,16.35,16.35
08/20/2024 14:15,August,25.37,25.37
08/20/2024 14:20,August,25.41,25.43
08/20/2024 14:25,August,32.84,32.86
08/20/2024 14:30,August,23.2,23.19
08/20/2024 14:35,August,23.09,23.08
08/20/2024 14:40,August,20.85,20.82
08/20/2024 14:45,August,16.42,16.39
08/20/2024 14:50,August,13.41,13.4
08/20/2024 14:55,August,6.61,6.6
08/20/2024 15:00,August,5.62,5.61
08/20/2024 15:05,August,13.36,13.34
08/20/2024 15:10,August,10.73,10.71
08/20/2024 15:15,August,10.73,10.7
08/20/2024 15:20,August,11.07,11.02
08/20/2024 15:25,August,10.74,10.7
08/20/2024 15:30,August,19.37,19.28
08/20/2024 15:35,August,13.39,13.32
08/20/2024 15:40,August,12.34,12.28
08/20/2024 15:45,August,6.37,6.33
08/20/2024 15:50,August,10.76,10.7
08/20/2024 15:55,August,10.76,10.7
08/20/2024 16:00,August,4.21,4.18
08/20/2024 16:05,August,4.27,4.24
08/20/2024 16:10,August,5.89,5.85
08/20/2024 16:15,August,5.9,5.86
08/20/2024 16:20,August,5.93,5.9
08/20/2024 16:25,August,5.89,5.86
08/20/2024 16:30,August,5.89,5.86
08/20/2024 16:35,August,5.92,5.88
08/20/2024 16:40,August,5.89,5.85
08/20/2024 16:45,August,5.39,5.35
08/20/2024 16:50,August,5.38,5.35
08/20/2024 16:55,August,5.53,5.5
08/20/2024 17:00,August,5.37,5.33
08/20/2024 17:05,August,4.42,4.39
08/20/2024 17:10,August,5.31,5.28
08/20/2024 17:15,August,5.32,5.29
08/20/2024 17:20,August,5.31,5.29
08/20/2024 17:25,August,5.32,5.29
08/20/2024 17:30,August,5.32,5.29
08/20/2024 17:35,August,5.48,5.45
08/20/2024 17:40,August,5.48,5.45
08/20/2024 17:45,August,5.48,5.45
08/20/2024 17:50,August,5.8,5.77
08/20/2024 17:55,August,5.49,5.46
08/20/2024 18:00,August,5.32,5.29
08/20/2024 18:05,August,5.15,5.12
08/20/2024 18:10,August,5.25,5.23
08/20/2024 18:15,August,5.26,5.24
08/20/2024 18:20,August,5.43,5.4
08/20/2024 18:25,August,5.78,5.75
08/20/2024 18:30,August,5.8,5.77
08/20/2024 18:35,August,5.79,5.76
08/20/2024 18:40,August,5.79,5.76
08/20/2024 18:45,August,7.02,6.99
08/20/2024 18:50,August,5.81,5.78
08/20/2024 18:55,August,7.03,6.99
08/20/2024 19:00,August,5.74,5.71
08/20/2024 19:05,August,10.85,10.78
08/20/2024 19:10,August,5.83,5.8
08/20/2024 19:15,August,5.33,5.3
08/20/2024 19:20,August,5.82,5.79
08/20/2024 19:25,August,5.82,5.79
08/20/2024 19:30,August,5.82,5.79
08/20/2024 19:35,August,5.33,5.3
08/20/2024 19:40,August,5.49,5.46
08/20/2024 19:45,August,5.81,5.78
08/20/2024 19:50,August,5.81,5.77
08/20/2024 19:55,August,5.81,5.78
08/20/2024 20:00,August,5.81,5.78
08/20/2024 20:05,August,21.15,21.03
08/20/2024 20:10,August,5.83,5.8
08/20/2024 20:15,August,5.83,5.79
08/20/2024 20:20,August,5.83,5.8
08/20/2024 20:25,August,5.83,5.79
08/20/2024 20:30,August,5.82,5.79
08/20/2024 20:35,August,5.83,5.79
08/20/2024 20:40,August,5.48,5.45
08/20/2024 20:45,August,7.87,7.83
08/20/2024 20:50,August,5.83,5.79
08/20/2024 20:55,August,5.83,5.79
08/20/2024 21:00,August,5.48,5.45
08/20/2024 21:05,August,29.26,29.1
08/20/2024 21:10,August,28.92,28.74
08/20/2024 21:15,August,27.61,27.44
08/20/2024 21:20,August,29.22,29.03
08/20/2024 21:25,August,22.92,22.76
08/20/2024 21:30,August,12.33,12.24
08/20/2024 21:35,August,7.08,7.03
08/20/2024 21:40,August,7.88,7.82
08/20/2024 21:45,August,5.94,5.9
08/20/2024 21:50,August,5.52,5.48
08/20/2024 21:55,August,5.35,5.31
08/20/2024 22:00,August,5.51,5.47
08/20/2024 22:05,August,24.65,24.47
08/20/2024 22:10,August,7.08,7.03
08/20/2024 22:15,August,5.9,5.86
08/20/2024 22:20,August,5.89,5.85
08/20/2024 22:25,August,5.5,5.46
08/20/2024 22:30,August,5.5,5.46
08/20/2024 22:35,August,5.86,5.82
08/20/2024 22:40,August,5.5,5.46
08/20/2024 22:45,August,5.49,5.45
08/20/2024 22:50,August,5.49,5.45
08/20/2024 22:55,August,5.49,5.45
08/20/2024 23:00,August,5.49,5.45
08/20/2024 23:05,August,30.92,30.7
08/20/2024 23:10,August,13.4,13.3
08/20/2024 23:15,August,5.86,5.82
08/20/2024 23:20,August,5.85,5.8
08/20/2024 23:25,August,4.33,4.3
08/20/2024 23:30,August,4.33,4.29
08/20/2024 23:35,August,4.33,4.29
08/20/2024 23:40,August,4.32,4.29
08/20/2024 23:45,August,4.31,4.28
08/20/2024 23:50,August,4.11,4.08
08/20/2024 23:55,August,4.09,4.06
08/21/2024 0:00,August,4.08,4.05
08/21/2024 0:05,August,4.61,4.57
08/21/2024 0:10,August,4.05,4.02
08/21/2024 0:15,August,4.61,4.57
08/21/2024 0:20,August,3.17,3.14
08/21/2024 0:25,August,4.03,4
08/21/2024 0:30,August,4.04,4
08/21/2024 0:35,August,4.03,4
08/21/2024 0:40,August,4.03,4
08/21/2024 0:45,August,4.03,4
08/21/2024 0:50,August,4.03,3.99
08/21/2024 0:55,August,4.03,4
08/21/2024 1:00,August,4.03,4
08/21/2024 1:05,August,4.03,4
08/21/2024 1:10,August,4.03,4
08/21/2024 1:15,August,4.04,4
08/21/2024 1:20,August,4.03,4
08/21/2024 1:25,August,4.04,4
08/21/2024 1:30,August,4.04,4.01
08/21/2024 1:35,August,4.04,4
08/21/2024 1:40,August,4.05,4.01
08/21/2024 1:45,August,4.05,4.01
08/21/2024 1:50,August,4.04,4
08/21/2024 1:55,August,4.04,4
08/21/2024 2:00,August,4.04,4
08/21/2024 2:05,August,3.71,3.67
08/21/2024 2:10,August,4.03,3.99
08/21/2024 2:15,August,4.03,3.99
08/21/2024 2:20,August,3.71,3.67
08/21/2024 2:25,August,3.71,3.67
08/21/2024 2:30,August,3.75,3.71
08/21/2024 2:35,August,3.83,3.79
08/21/2024 2:40,August,3.78,3.74
08/21/2024 2:45,August,3.71,3.67
08/21/2024 2:50,August,3.76,3.72
08/21/2024 2:55,August,3.71,3.67
08/21/2024 3:00,August,3.73,3.69
08/21/2024 3:05,August,4.03,3.99
08/21/2024 3:10,August,3.83,3.79
08/21/2024 3:15,August,3.83,3.79
08/21/2024 3:20,August,3.71,3.67
08/21/2024 3:25,August,3.6,3.57
08/21/2024 3:30,August,3.7,3.67
08/21/2024 3:35,August,3.7,3.67
08/21/2024 3:40,August,3.44,3.41
08/21/2024 3:45,August,3.59,3.55
08/21/2024 3:50,August,3.29,3.26
08/21/2024 3:55,August,3.44,3.41
08/21/2024 4:00,August,3.73,3.7
08/21/2024 4:05,August,3.75,3.71
08/21/2024 4:10,August,3.7,3.66
08/21/2024 4:15,August,3.83,3.79
08/21/2024 4:20,August,3.83,3.79
08/21/2024 4:25,August,3.83,3.79
08/21/2024 4:30,August,3.83,3.8
08/21/2024 4:35,August,3.7,3.66
08/21/2024 4:40,August,4.02,3.98
08/21/2024 4:45,August,4.02,3.98
08/21/2024 4:50,August,4.02,3.98
08/21/2024 4:55,August,3.84,3.8
08/21/2024 5:00,August,3.84,3.8
08/21/2024 5:05,August,2.91,2.88
08/21/2024 5:10,August,3.09,3.06
08/21/2024 5:15,August,3.44,3.41
08/21/2024 5:20,August,3.63,3.59
08/21/2024 5:25,August,3.33,3.3
08/21/2024 5:30,August,3.44,3.4
08/21/2024 5:35,August,3.11,3.08
08/21/2024 5:40,August,3.33,3.3
08/21/2024 5:45,August,3.1,3.07
08/21/2024 5:50,August,2.99,2.96
08/21/2024 5:55,August,2.95,2.91
08/21/2024 6:00,August,2.91,2.88
08/21/2024 6:05,August,0,0
08/21/2024 6:10,August,2.47,2.44
08/21/2024 6:15,August,2.84,2.81
08/21/2024 6:20,August,2.71,2.68
08/21/2024 6:25,August,2.71,2.68
08/21/2024 6:30,August,2.76,2.73
08/21/2024 6:35,August,2.69,2.66
08/21/2024 6:40,August,2.75,2.72
08/21/2024 6:45,August,2.75,2.72
08/21/2024 6:50,August,2.75,2.72
08/21/2024 6:55,August,2.87,2.85
08/21/2024 7:00,August,2.88,2.85
08/21/2024 7:05,August,2.75,2.72
08/21/2024 7:10,August,2.9,2.88
08/21/2024 7:15,August,2.89,2.87
08/21/2024 7:20,August,3.25,3.23
08/21/2024 7:25,August,3.25,3.23
08/21/2024 7:30,August,3.06,3.04
08/21/2024 7:35,August,3.42,3.4
08/21/2024 7:40,August,3.68,3.66
08/21/2024 7:45,August,3.69,3.67
08/21/2024 7:50,August,3.8,3.78
08/21/2024 7:55,August,3.98,3.95
08/21/2024 8:00,August,4.87,4.84
08/21/2024 8:05,August,2.96,2.94
08/21/2024 8:10,August,3.43,3.41
08/21/2024 8:15,August,3.43,3.41
08/21/2024 8:20,August,3.23,3.22
08/21/2024 8:25,August,3.43,3.42
08/21/2024 8:30,August,3.95,3.94
08/21/2024 8:35,August,3.63,3.62
08/21/2024 8:40,August,3.94,3.93
08/21/2024 8:45,August,3.63,3.62
08/21/2024 8:50,August,3.53,3.53
08/21/2024 8:55,August,3.63,3.62
08/21/2024 9:00,August,3.93,3.92
08/21/2024 9:05,August,3.06,3.05
08/21/2024 9:10,August,3.67,3.67
08/21/2024 9:15,August,3.54,3.53
08/21/2024 9:20,August,3.54,3.53
08/21/2024 9:25,August,3.94,3.93
08/21/2024 9:30,August,3.83,3.82
08/21/2024 9:35,August,4.59,4.59
08/21/2024 9:40,August,3.94,3.94
08/21/2024 9:45,August,3.94,3.94
08/21/2024 9:50,August,3.94,3.94
08/21/2024 9:55,August,3.94,3.94
08/21/2024 10:00,August,4.85,4.84
08/21/2024 10:05,August,3.09,3.09
08/21/2024 10:10,August,4.86,4.86
08/21/2024 10:15,August,4.89,4.88
08/21/2024 10:20,August,5.07,5.07
08/21/2024 10:25,August,5.07,5.07
08/21/2024 10:30,August,5.06,5.06
08/21/2024 10:35,August,4.86,4.86
08/21/2024 10:40,August,4.89,4.9
08/21/2024 10:45,August,4.91,4.91
08/21/2024 10:50,August,4.91,4.91
08/21/2024 10:55,August,4.92,4.92
08/21/2024 11:00,August,11.93,11.95
08/21/2024 11:05,August,4.84,4.85
08/21/2024 11:10,August,4.86,4.86
08/21/2024 11:15,August,4.86,4.86
08/21/2024 11:20,August,4.87,4.87
08/21/2024 11:25,August,4.63,4.64
08/21/2024 11:30,August,4.66,4.66
08/21/2024 11:35,August,4.68,4.69
08/21/2024 11:40,August,4.68,4.69
08/21/2024 11:45,August,4.68,4.69
08/21/2024 11:50,August,4.64,4.64
08/21/2024 11:55,August,4.63,4.64
08/21/2024 12:00,August,3.85,3.85
08/21/2024 12:05,August,2.89,2.89
08/21/2024 12:10,August,3.51,3.52
08/21/2024 12:15,August,3.82,3.83
08/21/2024 12:20,August,3.82,3.82
08/21/2024 12:25,August,4.65,4.65
08/21/2024 12:30,August,4.63,4.64
08/21/2024 12:35,August,5.02,5.03
08/21/2024 12:40,August,5.03,5.04
08/21/2024 12:45,August,5.04,5.05
08/21/2024 12:50,August,5.04,5.04
08/21/2024 12:55,August,5.67,5.67
08/21/2024 13:00,August,11.61,11.61
08/21/2024 13:05,August,12.5,12.49
08/21/2024 13:10,August,12.99,12.99
08/21/2024 13:15,August,16.24,16.25
08/21/2024 13:20,August,13.1,13.11
08/21/2024 13:25,August,13.01,13.03
08/21/2024 13:30,August,11.87,11.87
08/21/2024 13:35,August,11.78,11.78
08/21/2024 13:40,August,11.76,11.77
08/21/2024 13:45,August,11.79,11.79
08/21/2024 13:50,August,11.83,11.84
08/21/2024 13:55,August,11.84,11.85
08/21/2024 14:00,August,11.75,11.75
08/21/2024 14:05,August,12.97,12.98
08/21/2024 14:10,August,10.66,10.66
08/21/2024 14:15,August,10.67,10.68
08/21/2024 14:20,August,10.67,10.67
08/21/2024 14:25,August,13.03,13.04
08/21/2024 14:30,August,13.04,13.04
08/21/2024 14:35,August,13.05,13.05
08/21/2024 14:40,August,13.06,13.06
08/21/2024 14:45,August,13.07,13.07
08/21/2024 14:50,August,13.06,13.07
08/21/2024 14:55,August,18.91,18.93
08/21/2024 15:00,August,13.07,13.07
08/21/2024 15:05,August,7.51,7.51
08/21/2024 15:10,August,13.14,13.15
08/21/2024 15:15,August,16.09,16.09
08/21/2024 15:20,August,20.38,20.38
08/21/2024 15:25,August,16.18,16.19
08/21/2024 15:30,August,13.14,13.15
08/21/2024 15:35,August,16.18,16.19
08/21/2024 15:40,August,19.03,19.03
08/21/2024 15:45,August,21.99,21.99
08/21/2024 15:50,August,22,22
08/21/2024 15:55,August,21.08,21.07
08/21/2024 16:00,August,20.68,20.66
08/21/2024 16:05,August,31.72,31.67
08/21/2024 16:10,August,31.73,31.65
08/21/2024 16:15,August,32.99,32.89
08/21/2024 16:20,August,31.77,31.67
08/21/2024 16:25,August,31.68,31.57
08/21/2024 16:30,August,30.89,30.77
08/21/2024 16:35,August,30.92,30.8
08/21/2024 16:40,August,16.27,16.2
08/21/2024 16:45,August,19.13,19.04
08/21/2024 16:50,August,13.13,13.07
08/21/2024 16:55,August,11.31,11.25
08/21/2024 17:00,August,5.91,5.88
08/21/2024 17:05,August,5.28,5.25
08/21/2024 17:10,August,5.28,5.25
08/21/2024 17:15,August,5.86,5.83
08/21/2024 17:20,August,5.87,5.83
08/21/2024 17:25,August,5.87,5.84
08/21/2024 17:30,August,5.88,5.84
08/21/2024 17:35,August,5.9,5.86
08/21/2024 17:40,August,5.94,5.9
08/21/2024 17:45,August,5.91,5.87
08/21/2024 17:50,August,5.05,5.02
08/21/2024 17:55,August,5.29,5.25
08/21/2024 18:00,August,5.51,5.47
08/21/2024 18:05,August,5.85,5.81
08/21/2024 18:10,August,5.51,5.47
08/21/2024 18:15,August,5.85,5.81
08/21/2024 18:20,August,9.4,9.32
08/21/2024 18:25,August,9.4,9.32
08/21/2024 18:30,August,9.4,9.33
08/21/2024 18:35,August,5.91,5.87
08/21/2024 18:40,August,9.41,9.33
08/21/2024 18:45,August,8.91,8.84
08/21/2024 18:50,August,9.41,9.33
08/21/2024 18:55,August,6.44,6.39
08/21/2024 19:00,August,7.1,7.04
08/21/2024 19:05,August,13.33,13.22
08/21/2024 19:10,August,13.1,12.99
08/21/2024 19:15,August,10.85,10.76
08/21/2024 19:20,August,10.83,10.74
08/21/2024 19:25,August,7.1,7.04
08/21/2024 19:30,August,7.1,7.04
08/21/2024 19:35,August,11.15,11.05
08/21/2024 19:40,August,11.01,10.9
08/21/2024 19:45,August,10.97,10.87
08/21/2024 19:50,August,5.31,5.26
08/21/2024 19:55,August,5.53,5.49
08/21/2024 20:00,August,5.9,5.85
08/21/2024 20:05,August,17.77,17.62
08/21/2024 20:10,August,10.86,10.77
08/21/2024 20:15,August,10.84,10.75
08/21/2024 20:20,August,11.69,11.59
08/21/2024 20:25,August,8.86,8.78
08/21/2024 20:30,August,10.85,10.75
08/21/2024 20:35,August,10.85,10.75
08/21/2024 20:40,August,10.82,10.73
08/21/2024 20:45,August,8.86,8.79
08/21/2024 20:50,August,5.92,5.87
08/21/2024 20:55,August,5.95,5.9
08/21/2024 21:00,August,5.34,5.3
08/21/2024 21:05,August,20.09,19.93
08/21/2024 21:10,August,16.26,16.12
08/21/2024 21:15,August,16.29,16.15
08/21/2024 21:20,August,12.15,12.04
08/21/2024 21:25,August,12.12,12.01
08/21/2024 21:30,August,12.14,12.03
08/21/2024 21:35,August,10.87,10.77
08/21/2024 21:40,August,7.88,7.81
08/21/2024 21:45,August,7.88,7.81
08/21/2024 21:50,August,6.69,6.64
08/21/2024 21:55,August,5.3,5.26
08/21/2024 22:00,August,5.52,5.47
08/21/2024 22:05,August,16.33,16.19
08/21/2024 22:10,August,7.34,7.27
08/21/2024 22:15,August,5.97,5.92
08/21/2024 22:20,August,5.42,5.37
08/21/2024 22:25,August,5.93,5.87
08/21/2024 22:30,August,5.59,5.53
08/21/2024 22:35,August,5.58,5.53
08/21/2024 22:40,August,5.58,5.53
08/21/2024 22:45,August,5.53,5.48
08/21/2024 22:50,August,5.58,5.53
08/21/2024 22:55,August,5.58,5.53
08/21/2024 23:00,August,5.52,5.47
08/21/2024 23:05,August,29.83,29.59
08/21/2024 23:10,August,5.87,5.82
08/21/2024 23:15,August,5.22,5.17
08/21/2024 23:20,August,5.18,5.14
08/21/2024 23:25,August,5.18,5.14
08/21/2024 23:30,August,5.18,5.14
08/21/2024 23:35,August,5.2,5.16
08/21/2024 23:40,August,4.92,4.88
08/21/2024 23:45,August,4.91,4.87
08/21/2024 23:50,August,4.95,4.91
08/21/2024 23:55,August,5.05,5.01
08/22/2024 0:00,August,4.94,4.91
08/22/2024 0:05,August,11.67,11.59
08/22/2024 0:10,August,5.8,5.76
08/22/2024 0:15,August,5.41,5.37
08/22/2024 0:20,August,5.12,5.09
08/22/2024 0:25,August,5.05,5.02
08/22/2024 0:30,August,5.51,5.47
08/22/2024 0:35,August,5.02,4.98
08/22/2024 0:40,August,5.02,4.98
08/22/2024 0:45,August,3.7,3.67
08/22/2024 0:50,August,3.74,3.71
08/22/2024 0:55,August,3.7,3.67
08/22/2024 1:00,August,3.07,3.05
08/22/2024 1:05,August,5.03,4.99
08/22/2024 1:10,August,4.89,4.85
08/22/2024 1:15,August,4.89,4.85
08/22/2024 1:20,August,3.76,3.73
08/22/2024 1:25,August,3.69,3.66
08/22/2024 1:30,August,3.75,3.72
08/22/2024 1:35,August,4.62,4.58
08/22/2024 1:40,August,3.76,3.72
08/22/2024 1:45,August,3.77,3.73
08/22/2024 1:50,August,4.87,4.83
08/22/2024 1:55,August,3.78,3.75
08/22/2024 2:00,August,3.77,3.74
08/22/2024 2:05,August,5.03,4.99
08/22/2024 2:10,August,4.87,4.83
08/22/2024 2:15,August,4.78,4.74
08/22/2024 2:20,August,4.77,4.73
08/22/2024 2:25,August,3.71,3.68
08/22/2024 2:30,August,3.78,3.75
08/22/2024 2:35,August,3.7,3.67
08/22/2024 2:40,August,3.92,3.89
08/22/2024 2:45,August,3.92,3.88
08/22/2024 2:50,August,4.55,4.51
08/22/2024 2:55,August,3.78,3.74
08/22/2024 3:00,August,3.79,3.75
08/22/2024 3:05,August,4.15,4.11
08/22/2024 3:10,August,3.79,3.76
08/22/2024 3:15,August,3.8,3.76
08/22/2024 3:20,August,4.14,4.1
08/22/2024 3:25,August,4.14,4.1
08/22/2024 3:30,August,4.14,4.1
08/22/2024 3:35,August,4.04,4
08/22/2024 3:40,August,3.7,3.67
08/22/2024 3:45,August,4.44,4.39
08/22/2024 3:50,August,4.44,4.4
08/22/2024 3:55,August,3.8,3.76
08/22/2024 4:00,August,3.8,3.76
08/22/2024 4:05,August,5.02,4.98
08/22/2024 4:10,August,5.03,4.98
08/22/2024 4:15,August,4.87,4.82
08/22/2024 4:20,August,5.03,4.98
08/22/2024 4:25,August,5.02,4.98
08/22/2024 4:30,August,5.02,4.98
08/22/2024 4:35,August,4.86,4.82
08/22/2024 4:40,August,5.02,4.98
08/22/2024 4:45,August,5.02,4.98
08/22/2024 4:50,August,4.66,4.63
08/22/2024 4:55,August,4.85,4.82
08/22/2024 5:00,August,4.85,4.81
08/22/2024 5:05,August,0.1,0.1
08/22/2024 5:10,August,3.73,3.7
08/22/2024 5:15,August,4.85,4.81
08/22/2024 5:20,August,5.02,4.98
08/22/2024 5:25,August,5.03,4.99
08/22/2024 5:30,August,5.02,4.98
08/22/2024 5:35,August,5.02,4.98
08/22/2024 5:40,August,5.01,4.97
08/22/2024 5:45,August,4.86,4.82
08/22/2024 5:50,August,3.73,3.7
08/22/2024 5:55,August,3.93,3.9
08/22/2024 6:00,August,3.73,3.7
08/22/2024 6:05,August,0,0
08/22/2024 6:10,August,2.75,2.73
08/22/2024 6:15,August,2.92,2.89
08/22/2024 6:20,August,2.86,2.84
08/22/2024 6:25,August,2.9,2.88
08/22/2024 6:30,August,2.92,2.89
08/22/2024 6:35,August,0,2.54
08/22/2024 6:40,August,0,2.73
08/22/2024 6:45,August,0,2.78
08/22/2024 6:50,August,0,2.94
08/22/2024 6:55,August,0,2.94
08/22/2024 7:00,August,0,2.94
08/22/2024 7:05,August,0,0
08/22/2024 7:10,August,0,2.78
08/22/2024 7:15,August,0,3.11
08/22/2024 7:20,August,0,3.29
08/22/2024 7:25,August,0,3.65
08/22/2024 7:30,August,0,3.66
08/22/2024 7:35,August,0,4.15
08/22/2024 7:40,August,0,4.01
08/22/2024 7:45,August,0,4.05
08/22/2024 7:50,August,0,4.04
08/22/2024 7:55,August,0,4.04
08/22/2024 8:00,August,0,4.13
08/22/2024 8:05,August,0,2.82
08/22/2024 8:10,August,0,3.23
08/22/2024 8:15,August,0,3.38
08/22/2024 8:20,August,0,4.14
08/22/2024 8:25,August,0,4.12
08/22/2024 8:30,August,0,4.23
08/22/2024 8:35,August,0,5.04
08/22/2024 8:40,August,0,5.06
08/22/2024 8:45,August,0,4.53
08/22/2024 8:50,August,0,4.54
08/22/2024 8:55,August,0,5.04
08/22/2024 9:00,August,0,5.07
08/22/2024 9:05,August,0,2.86
08/22/2024 9:10,August,0,3.66
08/22/2024 9:15,August,0,3.84
08/22/2024 9:20,August,0,4.04
08/22/2024 9:25,August,0,4.07
08/22/2024 9:30,August,0,4.07
08/22/2024 9:35,August,0,4.18
08/22/2024 9:40,August,0,5.02
08/22/2024 9:45,August,0,4.21
08/22/2024 9:50,August,0,4.2
08/22/2024 9:55,August,0,4.59
08/22/2024 10:00,August,0,5.03
08/22/2024 10:05,August,0,5.27
08/22/2024 10:10,August,0,5.27
08/22/2024 10:15,August,0,5.65
08/22/2024 10:20,August,0,12.36
08/22/2024 10:25,August,0,12.38
08/22/2024 10:30,August,0,12.18
08/22/2024 10:35,August,0,5.89
08/22/2024 10:40,August,0,12.32
08/22/2024 10:45,August,0,12.31
08/22/2024 10:50,August,0,12.15
08/22/2024 10:55,August,0,5.89
08/22/2024 11:00,August,0,5.64
08/22/2024 11:05,August,0,5.04
08/22/2024 11:10,August,0,4.19
08/22/2024 11:15,August,0,4.2
08/22/2024 11:20,August,0,4.29
08/22/2024 11:25,August,0,5.04
08/22/2024 11:30,August,0,5.07
08/22/2024 11:35,August,0,5.07
08/22/2024 11:40,August,0,5.08
08/22/2024 11:45,August,0,5.05
08/22/2024 11:50,August,0,4.22
08/22/2024 11:55,August,0,5.06
08/22/2024 12:00,August,0,4.29
08/22/2024 12:05,August,0,4.22
08/22/2024 12:10,August,0,5.05
08/22/2024 12:15,August,0,5.08
08/22/2024 12:20,August,0,5.09
08/22/2024 12:25,August,0,5.68
08/22/2024 12:30,August,0,5.29
08/22/2024 12:35,August,0,5.08
08/22/2024 12:40,August,0,5.9
08/22/2024 12:45,August,0,12.43
08/22/2024 12:50,August,0,5.91
08/22/2024 12:55,August,0,5.91
08/22/2024 13:00,August,0,12.56
08/22/2024 13:05,August,0,5.93
08/22/2024 13:10,August,0,5.73
08/22/2024 13:15,August,0,12.56
08/22/2024 13:20,August,0,12.47
08/22/2024 13:25,August,0,5.75
08/22/2024 13:30,August,0,5.4
08/22/2024 13:35,August,0,5.38
08/22/2024 13:40,August,0,5.75
08/22/2024 13:45,August,0,5.73
08/22/2024 13:50,August,0,10.68
08/22/2024 13:55,August,0,8.72
08/22/2024 14:00,August,0,5.77
08/22/2024 14:05,August,0,5.56
08/22/2024 14:10,August,0,5.75
08/22/2024 14:15,August,0,5.73
08/22/2024 14:20,August,0,5.76
08/22/2024 14:25,August,0,8.72
08/22/2024 14:30,August,0,5.19
08/22/2024 14:35,August,0,5.42
08/22/2024 14:40,August,0,5.46
08/22/2024 14:45,August,0,5.19
08/22/2024 14:50,August,0,5.46
08/22/2024 14:55,August,0,5.71
08/22/2024 15:00,August,0,5.72
08/22/2024 15:05,August,0,5.48
08/22/2024 15:10,August,0,5.46
08/22/2024 15:15,August,0,5.72
08/22/2024 15:20,August,0,5.73
08/22/2024 15:25,August,0,13.12
08/22/2024 15:30,August,0,12.64
08/22/2024 15:35,August,0,5.74
08/22/2024 15:40,August,0,5.73
08/22/2024 15:45,August,0,5.73
08/22/2024 15:50,August,0,5.72
08/22/2024 15:55,August,0,8.75
08/22/2024 16:00,August,0,5.43
08/22/2024 16:05,August,0,10.72
08/22/2024 16:10,August,0,10.72
08/22/2024 16:15,August,0,5.75
08/22/2024 16:20,August,0,5.76
08/22/2024 16:25,August,0,5.76
08/22/2024 16:30,August,0,5.44
08/22/2024 16:35,August,0,5.75
08/22/2024 16:40,August,0,5.48
08/22/2024 16:45,August,0,5.48
08/22/2024 16:50,August,0,5.47
08/22/2024 16:55,August,0,5.46
08/22/2024 17:00,August,0,5.22
08/22/2024 17:05,August,0,4.41
08/22/2024 17:10,August,0,5.2
08/22/2024 17:15,August,5.2,5.21
08/22/2024 17:20,August,5.24,5.2
08/22/2024 17:25,August,5.25,5.25
08/22/2024 17:30,August,5.25,5.25
08/22/2024 17:35,August,5.26,5.26
08/22/2024 17:40,August,5.15,5.15
08/22/2024 17:45,August,5.24,5.18
08/22/2024 17:50,August,5.25,5.19
08/22/2024 17:55,August,5.47,5.41
08/22/2024 18:00,August,5.25,5.19
08/22/2024 18:05,August,5.16,5.18
08/22/2024 18:10,August,5.18,5.2
08/22/2024 18:15,August,12.49,12.51
08/22/2024 18:20,August,10.75,10.77
08/22/2024 18:25,August,13.17,13.18
08/22/2024 18:30,August,12.71,12.72
08/22/2024 18:35,August,12.7,12.72
08/22/2024 18:40,August,10.75,10.76
08/22/2024 18:45,August,6.05,6.01
08/22/2024 18:50,August,5.89,5.86
08/22/2024 18:55,August,5.53,5.49
08/22/2024 19:00,August,5.52,5.48
08/22/2024 19:05,August,5.88,5.85
08/22/2024 19:10,August,5.53,5.5
08/22/2024 19:15,August,5.85,5.81
08/22/2024 19:20,August,5.85,5.81
08/22/2024 19:25,August,5.83,5.8
08/22/2024 19:30,August,5.85,5.81
08/22/2024 19:35,August,5.86,5.82
08/22/2024 19:40,August,5.87,5.83
08/22/2024 19:45,August,5.84,5.8
08/22/2024 19:50,August,5.83,5.79
08/22/2024 19:55,August,5.84,5.8
08/22/2024 20:00,August,5.85,5.81
08/22/2024 20:05,August,32.24,32.03
08/22/2024 20:10,August,21.44,21.29
08/22/2024 20:15,August,6.05,6.01
08/22/2024 20:20,August,6.17,6.13
08/22/2024 20:25,August,6.17,6.11
08/22/2024 20:30,August,5.88,5.83
08/22/2024 20:35,August,5.9,5.86
08/22/2024 20:40,August,5.26,5.23
08/22/2024 20:45,August,5.53,5.49
08/22/2024 20:50,August,5.87,5.83
08/22/2024 20:55,August,6.05,6.01
08/22/2024 21:00,August,5.85,5.81
08/22/2024 21:05,August,24.65,24.5
08/22/2024 21:10,August,12.36,12.28
08/22/2024 21:15,August,12.2,12.11
08/22/2024 21:20,August,12.2,12.12
08/22/2024 21:25,August,12.01,11.92
08/22/2024 21:30,August,11.62,11.54
08/22/2024 21:35,August,6.29,6.25
08/22/2024 21:40,August,5.47,5.44
08/22/2024 21:45,August,5.88,5.83
08/22/2024 21:50,August,5.87,5.83
08/22/2024 21:55,August,5.91,5.86
08/22/2024 22:00,August,4.22,4.19
08/22/2024 22:05,August,12.2,12.11
08/22/2024 22:10,August,12.31,12.21
08/22/2024 22:15,August,10.83,10.75
08/22/2024 22:20,August,6.55,6.5
08/22/2024 22:25,August,6.2,6.15
08/22/2024 22:30,August,6.2,6.15
08/22/2024 22:35,August,6.32,6.27
08/22/2024 22:40,August,5.92,5.88
08/22/2024 22:45,August,5.92,5.88
08/22/2024 22:50,August,5.93,5.89
08/22/2024 22:55,August,5.53,5.49
08/22/2024 23:00,August,5.47,5.43
08/22/2024 23:05,August,12.67,12.58
08/22/2024 23:10,August,11.94,11.84
08/22/2024 23:15,August,11.65,11.55
08/22/2024 23:20,August,8.66,8.59
08/22/2024 23:25,August,9.12,9.05
08/22/2024 23:30,August,6.08,6.03
08/22/2024 23:35,August,5.93,5.88
08/22/2024 23:40,August,5.89,5.84
08/22/2024 23:45,August,4.83,4.79
08/22/2024 23:50,August,5.46,5.42
08/22/2024 23:55,August,5.46,5.42
08/23/2024 0:00,August,3.71,3.68
08/23/2024 0:05,August,8.11,8.05
08/23/2024 0:10,August,4.96,4.92
08/23/2024 0:15,August,5.64,5.6
08/23/2024 0:20,August,5.62,5.58
08/23/2024 0:25,August,5.82,5.77
08/23/2024 0:30,August,5.79,5.75
08/23/2024 0:35,August,5.79,5.74
08/23/2024 0:40,August,5.64,5.6
08/23/2024 0:45,August,5.62,5.57
08/23/2024 0:50,August,5.25,5.21
08/23/2024 0:55,August,5.12,5.09
08/23/2024 1:00,August,5.47,5.42
08/23/2024 1:05,August,4.97,4.93
08/23/2024 1:10,August,4.95,4.9
08/23/2024 1:15,August,4.87,4.83
08/23/2024 1:20,August,5.08,5.04
08/23/2024 1:25,August,4.92,4.88
08/23/2024 1:30,August,4.92,4.88
08/23/2024 1:35,August,5.08,5.04
08/23/2024 1:40,August,4.92,4.88
08/23/2024 1:45,August,4.81,4.77
08/23/2024 1:50,August,4.87,4.83
08/23/2024 1:55,August,4.79,4.74
08/23/2024 2:00,August,4.76,4.72
08/23/2024 2:05,August,4.76,4.72
08/23/2024 2:10,August,4.62,4.57
08/23/2024 2:15,August,4.73,4.69
08/23/2024 2:20,August,3.77,3.74
08/23/2024 2:25,August,3.94,3.9
08/23/2024 2:30,August,4.57,4.53
08/23/2024 2:35,August,4.78,4.74
08/23/2024 2:40,August,4.74,4.7
08/23/2024 2:45,August,4.81,4.76
08/23/2024 2:50,August,4.78,4.74
08/23/2024 2:55,August,4.74,4.69
08/23/2024 3:00,August,4.75,4.7
08/23/2024 3:05,August,4.6,4.56
08/23/2024 3:10,August,4.75,4.7
08/23/2024 3:15,August,4.6,4.56
08/23/2024 3:20,August,4.62,4.57
08/23/2024 3:25,August,4.59,4.54
08/23/2024 3:30,August,4.55,4.5
08/23/2024 3:35,August,4.55,4.51
08/23/2024 3:40,August,4.55,4.51
08/23/2024 3:45,August,3.78,3.74
08/23/2024 3:50,August,4.15,4.11
08/23/2024 3:55,August,4.54,4.5
08/23/2024 4:00,August,4.54,4.49
08/23/2024 4:05,August,4.54,4.49
08/23/2024 4:10,August,4.53,4.48
08/23/2024 4:15,August,4.34,4.3
08/23/2024 4:20,August,3.63,3.59
08/23/2024 4:25,August,3.79,3.75
08/23/2024 4:30,August,4.33,4.28
08/23/2024 4:35,August,4.34,4.29
08/23/2024 4:40,August,4.34,4.3
08/23/2024 4:45,August,4.33,4.29
08/23/2024 4:50,August,4.33,4.29
08/23/2024 4:55,August,3.71,3.67
08/23/2024 5:00,August,3.69,3.65
08/23/2024 5:05,August,0.1,0.1
08/23/2024 5:10,August,3.63,3.59
08/23/2024 5:15,August,3.92,3.88
08/23/2024 5:20,August,4.32,4.27
08/23/2024 5:25,August,3.68,3.64
08/23/2024 5:30,August,3.71,3.67
08/23/2024 5:35,August,3.71,3.67
08/23/2024 5:40,August,3.74,3.7
08/23/2024 5:45,August,3.4,3.37
08/23/2024 5:50,August,3.64,3.6
08/23/2024 5:55,August,2.73,2.7
08/23/2024 6:00,August,2.45,2.42
08/23/2024 6:05,August,0,0
08/23/2024 6:10,August,0.1,0.1
08/23/2024 6:15,August,2.93,2.91
08/23/2024 6:20,August,2.74,2.71
08/23/2024 6:25,August,2.93,2.9
08/23/2024 6:30,August,2.93,2.9
08/23/2024 6:35,August,2.72,2.7
08/23/2024 6:40,August,2.92,2.89
08/23/2024 6:45,August,2.92,2.89
08/23/2024 6:50,August,2.92,2.89
08/23/2024 6:55,August,3.26,3.23
08/23/2024 7:00,August,3.26,3.23
08/23/2024 7:05,August,0,0
08/23/2024 7:10,August,2.72,2.7
08/23/2024 7:15,August,2.92,2.9
08/23/2024 7:20,August,2.91,2.89
08/23/2024 7:25,August,2.92,2.9
08/23/2024 7:30,August,3.39,3.36
08/23/2024 7:35,August,3.57,3.54
08/23/2024 7:40,August,3.46,3.44
08/23/2024 7:45,August,3.54,3.52
08/23/2024 7:50,August,3.6,3.58
08/23/2024 7:55,August,2.99,2.98
08/23/2024 8:00,August,3.45,3.44
08/23/2024 8:05,August,0,0
08/23/2024 8:10,August,2.88,2.87
08/23/2024 8:15,August,3.37,3.36
08/23/2024 8:20,August,3.48,3.48
08/23/2024 8:25,August,3.52,3.52
08/23/2024 8:30,August,3.59,3.59
08/23/2024 8:35,August,3.52,3.52
08/23/2024 8:40,August,3.52,3.52
08/23/2024 8:45,August,3.52,3.52
08/23/2024 8:50,August,3.52,3.52
08/23/2024 8:55,August,4.04,4.04
08/23/2024 9:00,August,3.78,3.78
08/23/2024 9:05,August,0,0
08/23/2024 9:10,August,2.74,2.72
08/23/2024 9:15,August,2.73,2.72
08/23/2024 9:20,August,3.22,3.21
08/23/2024 9:25,August,2.89,2.87
08/23/2024 9:30,August,2.88,2.87
08/23/2024 9:35,August,4.82,4.81
08/23/2024 9:40,August,4.08,4.07
08/23/2024 9:45,August,4.86,4.85
08/23/2024 9:50,August,3.93,3.92
08/23/2024 9:55,August,4.02,4.01
08/23/2024 10:00,August,4.03,4.02
08/23/2024 10:05,August,2.7,2.7
08/23/2024 10:10,August,3.53,3.52
08/23/2024 10:15,August,3.57,3.56
08/23/2024 10:20,August,4.85,4.84
08/23/2024 10:25,August,4.61,4.61
08/23/2024 10:30,August,4.63,4.62
08/23/2024 10:35,August,4.64,4.64
08/23/2024 10:40,August,4.6,4.6
08/23/2024 10:45,August,4.23,4.22
08/23/2024 10:50,August,4.6,4.6
08/23/2024 10:55,August,4.65,4.64
08/23/2024 11:00,August,4.67,4.66
08/23/2024 11:05,August,3.6,3.59
08/23/2024 11:10,August,4.7,4.7
08/23/2024 11:15,August,4.73,4.72
08/23/2024 11:20,August,5.61,5.61
08/23/2024 11:25,August,5.31,5.31
08/23/2024 11:30,August,4.58,4.57
08/23/2024 11:35,August,4.59,4.58
08/23/2024 11:40,August,4.58,4.56
08/23/2024 11:45,August,4.13,4.12
08/23/2024 11:50,August,4.49,4.48
08/23/2024 11:55,August,4.32,4.31
08/23/2024 12:00,August,4.32,4.31
08/23/2024 12:05,August,0,0
08/23/2024 12:10,August,3.51,3.51
08/23/2024 12:15,August,4.31,4.31
08/23/2024 12:20,August,4.53,4.53
08/23/2024 12:25,August,4.33,4.32
08/23/2024 12:30,August,4.33,4.33
08/23/2024 12:35,August,4.54,4.54
08/23/2024 12:40,August,4.42,4.42
08/23/2024 12:45,August,4.34,4.33
08/23/2024 12:50,August,4.52,4.5
08/23/2024 12:55,August,4.74,4.72
08/23/2024 13:00,August,5.2,5.18
08/23/2024 13:05,August,4.75,4.74
08/23/2024 13:10,August,5.31,5.31
08/23/2024 13:15,August,5.62,5.61
08/23/2024 13:20,August,5.48,5.47
08/23/2024 13:25,August,5.31,5.32
08/23/2024 13:30,August,5.63,5.61
08/23/2024 13:35,August,5.48,5.47
08/23/2024 13:40,August,5.48,5.47
08/23/2024 13:45,August,5.63,5.61
08/23/2024 13:50,August,5.67,5.65
08/23/2024 13:55,August,5.67,5.65
08/23/2024 14:00,August,5.64,5.63
08/23/2024 14:05,August,5.65,5.64
08/23/2024 14:10,August,5.66,5.65
08/23/2024 14:15,August,5.67,5.65
08/23/2024 14:20,August,5.67,5.65
08/23/2024 14:25,August,5.67,5.65
08/23/2024 14:30,August,5.68,5.66
08/23/2024 14:35,August,5.69,5.67
08/23/2024 14:40,August,5.69,5.67
08/23/2024 14:45,August,5.68,5.66
08/23/2024 14:50,August,5.68,5.66
08/23/2024 14:55,August,5.59,5.57
08/23/2024 15:00,August,5.29,5.27
08/23/2024 15:05,August,5.67,5.66
08/23/2024 15:10,August,5.49,5.47
08/23/2024 15:15,August,5.68,5.67
08/23/2024 15:20,August,5.68,5.67
08/23/2024 15:25,August,5.4,5.38
08/23/2024 15:30,August,4.94,4.92
08/23/2024 15:35,August,4.9,4.88
08/23/2024 15:40,August,5.23,5.21
08/23/2024 15:45,August,5.23,5.21
08/23/2024 15:50,August,4.94,4.92
08/23/2024 15:55,August,5.24,5.21
08/23/2024 16:00,August,4.91,4.89
08/23/2024 16:05,August,5.51,5.48
08/23/2024 16:10,August,5.51,5.48
08/23/2024 16:15,August,5.3,5.28
08/23/2024 16:20,August,5.39,5.37
08/23/2024 16:25,August,5.39,5.36
08/23/2024 16:30,August,5.29,5.26
08/23/2024 16:35,August,5.31,5.27
08/23/2024 16:40,August,4.85,4.82
08/23/2024 16:45,August,5.31,5.28
08/23/2024 16:50,August,5.7,5.67
08/23/2024 16:55,August,5.51,5.48
08/23/2024 17:00,August,11.82,11.75
08/23/2024 17:05,August,8.18,8.13
08/23/2024 17:10,August,5.7,5.67
08/23/2024 17:15,August,5.72,5.69
08/23/2024 17:20,August,4.95,4.93
08/23/2024 17:25,August,5.42,5.39
08/23/2024 17:30,August,5.42,5.39
08/23/2024 17:35,August,5.74,5.7
08/23/2024 17:40,August,5.72,5.69
08/23/2024 17:45,August,11.85,11.78
08/23/2024 17:50,August,8.78,8.73
08/23/2024 17:55,August,11.81,11.74
08/23/2024 18:00,August,11.81,11.74
08/23/2024 18:05,August,8.39,8.33
08/23/2024 18:10,August,7.89,7.84
08/23/2024 18:15,August,8.38,8.33
08/23/2024 18:20,August,11.03,10.95
08/23/2024 18:25,August,8.8,8.74
08/23/2024 18:30,August,11.87,11.79
08/23/2024 18:35,August,11.86,11.78
08/23/2024 18:40,August,31.02,30.83
08/23/2024 18:45,August,23.41,23.26
08/23/2024 18:50,August,11.84,11.75
08/23/2024 18:55,August,11.75,11.66
08/23/2024 19:00,August,6.06,6.02
08/23/2024 19:05,August,6.09,6.04
08/23/2024 19:10,August,5.53,5.49
08/23/2024 19:15,August,5.35,5.31
08/23/2024 19:20,August,5.33,5.28
08/23/2024 19:25,August,5.83,5.78
08/23/2024 19:30,August,5.55,5.5
08/23/2024 19:35,August,5.29,5.24
08/23/2024 19:40,August,5.35,5.3
08/23/2024 19:45,August,5.53,5.48
08/23/2024 19:50,August,5.79,5.74
08/23/2024 19:55,August,5.54,5.49
08/23/2024 20:00,August,5.76,5.71
08/23/2024 20:05,August,5.8,5.75
08/23/2024 20:10,August,5.54,5.49
08/23/2024 20:15,August,5.36,5.31
08/23/2024 20:20,August,5.54,5.49
08/23/2024 20:25,August,5.54,5.49
08/23/2024 20:30,August,5.54,5.49
08/23/2024 20:35,August,5.54,5.49
08/23/2024 20:40,August,5.77,5.72
08/23/2024 20:45,August,5.54,5.49
08/23/2024 20:50,August,5.55,5.5
08/23/2024 20:55,August,5.54,5.49
08/23/2024 21:00,August,4.81,4.77
08/23/2024 21:05,August,7.9,7.83
08/23/2024 21:10,August,6.07,6.02
08/23/2024 21:15,August,5.8,5.75
08/23/2024 21:20,August,5.79,5.74
08/23/2024 21:25,August,5.28,5.23
08/23/2024 21:30,August,5.55,5.5
08/23/2024 21:35,August,5.32,5.27
08/23/2024 21:40,August,5.54,5.49
08/23/2024 21:45,August,5.28,5.23
08/23/2024 21:50,August,5.32,5.27
08/23/2024 21:55,August,5.26,5.21
08/23/2024 22:00,August,5.25,5.2
08/23/2024 22:05,August,5.77,5.72
08/23/2024 22:10,August,4.74,4.7
08/23/2024 22:15,August,4.61,4.57
08/23/2024 22:20,August,4.61,4.57
08/23/2024 22:25,August,4.72,4.68
08/23/2024 22:30,August,4.61,4.57
08/23/2024 22:35,August,4.74,4.7
08/23/2024 22:40,August,4.59,4.54
08/23/2024 22:45,August,4.61,4.56
08/23/2024 22:50,August,4.06,4.03
08/23/2024 22:55,August,4.06,4.02
08/23/2024 23:00,August,4.06,4.02
08/23/2024 23:05,August,4.86,4.82
08/23/2024 23:10,August,4.7,4.66
08/23/2024 23:15,August,4.6,4.56
08/23/2024 23:20,August,4.59,4.55
08/23/2024 23:25,August,4.6,4.56
08/23/2024 23:30,August,4.59,4.55
08/23/2024 23:35,August,4.14,4.14
08/23/2024 23:40,August,4.15,4.15
08/23/2024 23:45,August,4.59,4.59
08/23/2024 23:50,August,4.15,4.15
08/23/2024 23:55,August,3.77,3.77
08/24/2024 0:00,August,3.83,3.83
08/24/2024 0:05,August,5.97,5.97
08/24/2024 0:10,August,4.8,4.8
08/24/2024 0:15,August,5.55,5.51
08/24/2024 0:20,August,4.15,4.15
08/24/2024 0:25,August,5.29,5.25
08/24/2024 0:30,August,3.82,3.82
08/24/2024 0:35,August,4.14,4.14
08/24/2024 0:40,August,4.14,4.14
08/24/2024 0:45,August,3.82,3.82
08/24/2024 0:50,August,3.82,3.82
08/24/2024 0:55,August,3.47,3.47
08/24/2024 1:00,August,3.71,3.71
08/24/2024 1:05,August,4.14,4.14
08/24/2024 1:10,August,3.82,3.82
08/24/2024 1:15,August,3.7,3.7
08/24/2024 1:20,August,3.82,3.82
08/24/2024 1:25,August,3.47,3.47
08/24/2024 1:30,August,3.42,3.42
08/24/2024 1:35,August,3.7,3.7
08/24/2024 1:40,August,3.82,3.82
08/24/2024 1:45,August,4.14,4.14
08/24/2024 1:50,August,4.14,4.14
08/24/2024 1:55,August,5.78,5.78
08/24/2024 2:00,August,5.78,5.78
08/24/2024 2:05,August,5.62,5.62
08/24/2024 2:10,August,5.07,5.07
08/24/2024 2:15,August,5.1,5.1
08/24/2024 2:20,August,5.07,5.07
08/24/2024 2:25,August,5.1,5.1
08/24/2024 2:30,August,4.14,4.14
08/24/2024 2:35,August,4.79,4.79
08/24/2024 2:40,August,4.14,4.14
08/24/2024 2:45,August,4.14,4.14
08/24/2024 2:50,August,4.07,4.07
08/24/2024 2:55,August,3.82,3.82
08/24/2024 3:00,August,3.82,3.82
08/24/2024 3:05,August,5.08,5.08
08/24/2024 3:10,August,4.79,4.79
08/24/2024 3:15,August,4.79,4.79
08/24/2024 3:20,August,4.14,4.14
08/24/2024 3:25,August,4.14,4.14
08/24/2024 3:30,August,4.14,4.14
08/24/2024 3:35,August,3.47,3.47
08/24/2024 3:40,August,3.99,3.96
08/24/2024 3:45,August,3.99,3.95
08/24/2024 3:50,August,4.02,3.98
08/24/2024 3:55,August,4.01,3.98
08/24/2024 4:00,August,4.01,3.98
08/24/2024 4:05,August,4.02,3.98
08/24/2024 4:10,August,4.02,3.98
08/24/2024 4:15,August,4.01,3.98
08/24/2024 4:20,August,2.95,2.92
08/24/2024 4:25,August,3.96,3.93
08/24/2024 4:30,August,4,3.97
08/24/2024 4:35,August,4,3.96
08/24/2024 4:40,August,4,3.97
08/24/2024 4:45,August,4.01,3.97
08/24/2024 4:50,August,4,3.97
08/24/2024 4:55,August,4.01,3.97
08/24/2024 5:00,August,4,3.97
08/24/2024 5:05,August,2.64,2.62
08/24/2024 5:10,August,3.58,3.55
08/24/2024 5:15,August,3.93,3.9
08/24/2024 5:20,August,3.96,3.93
08/24/2024 5:25,August,3.65,3.62
08/24/2024 5:30,August,2.96,2.93
08/24/2024 5:35,August,3.31,3.28
08/24/2024 5:40,August,3.37,3.35
08/24/2024 5:45,August,2.94,2.91
08/24/2024 5:50,August,3.06,3.04
08/24/2024 5:55,August,3,2.97
08/24/2024 6:00,August,2.94,2.91
08/24/2024 6:05,August,2.37,2.35
08/24/2024 6:10,August,2.62,2.6
08/24/2024 6:15,August,2.93,2.91
08/24/2024 6:20,August,2.72,2.7
08/24/2024 6:25,August,2.93,2.91
08/24/2024 6:30,August,2.93,2.91
08/24/2024 6:35,August,2.64,2.62
08/24/2024 6:40,August,2.72,2.7
08/24/2024 6:45,August,2.92,2.9
08/24/2024 6:50,August,2.68,2.67
08/24/2024 6:55,August,2.92,2.9
08/24/2024 7:00,August,2.94,2.92
08/24/2024 7:05,August,2.63,2.62
08/24/2024 7:10,August,2.76,2.74
08/24/2024 7:15,August,2.92,2.9
08/24/2024 7:20,August,3.04,3.02
08/24/2024 7:25,August,2.93,2.92
08/24/2024 7:30,August,2.83,2.82
08/24/2024 7:35,August,2.91,2.89
08/24/2024 7:40,August,3.45,3.43
08/24/2024 7:45,August,2.91,2.9
08/24/2024 7:50,August,3.57,3.55
08/24/2024 7:55,August,3.34,3.33
08/24/2024 8:00,August,3.99,3.97
08/24/2024 8:05,August,2.37,2.36
08/24/2024 8:10,August,2.7,2.69
08/24/2024 8:15,August,2.9,2.89
08/24/2024 8:20,August,2.9,2.89
08/24/2024 8:25,August,2.91,2.9
08/24/2024 8:30,August,3.93,3.91
08/24/2024 8:35,August,3.33,3.32
08/24/2024 8:40,August,3.24,3.23
08/24/2024 8:45,August,3.54,3.53
08/24/2024 8:50,August,4.04,4.03
08/24/2024 8:55,August,4.12,4.11
08/24/2024 9:00,August,4.64,4.63
08/24/2024 9:05,August,2.9,2.89
08/24/2024 9:10,August,3.51,3.5
08/24/2024 9:15,August,3.5,3.49
08/24/2024 9:20,August,3.56,3.55
08/24/2024 9:25,August,3.98,3.97
08/24/2024 9:30,August,3.95,3.94
08/24/2024 9:35,August,3.6,3.59
08/24/2024 9:40,August,3.94,3.94
08/24/2024 9:45,August,3.32,3.32
08/24/2024 9:50,August,3.58,3.58
08/24/2024 9:55,August,3.52,3.51
08/24/2024 10:00,August,3.31,3.31
08/24/2024 10:05,August,2.7,2.69
08/24/2024 10:10,August,3.32,3.31
08/24/2024 10:15,August,3.53,3.52
08/24/2024 10:20,August,3.94,3.93
08/24/2024 10:25,August,3.94,3.93
08/24/2024 10:30,August,3.9,3.89
08/24/2024 10:35,August,4.45,4.45
08/24/2024 10:40,August,4.01,4
08/24/2024 10:45,August,4,3.99
08/24/2024 10:50,August,3.95,3.94
08/24/2024 10:55,August,3.95,3.94
08/24/2024 11:00,August,3.54,3.53
08/24/2024 11:05,August,3.55,3.54
08/24/2024 11:10,August,3.91,3.89
08/24/2024 11:15,August,3.91,3.89
08/24/2024 11:20,August,3.74,3.73
08/24/2024 11:25,August,3.02,3.01
08/24/2024 11:30,August,3.32,3.31
08/24/2024 11:35,August,3.54,3.52
08/24/2024 11:40,August,3.63,3.62
08/24/2024 11:45,August,3.63,3.61
08/24/2024 11:50,August,3.32,3.31
08/24/2024 11:55,August,3.32,3.31
08/24/2024 12:00,August,3.01,3
08/24/2024 12:05,August,3.22,3.21
08/24/2024 12:10,August,2.63,2.62
08/24/2024 12:15,August,3.01,3.01
08/24/2024 12:20,August,3.52,3.51
08/24/2024 12:25,August,3.45,3.44
08/24/2024 12:30,August,3.44,3.43
08/24/2024 12:35,August,3.32,3.31
08/24/2024 12:40,August,3.23,3.22
08/24/2024 12:45,August,3.32,3.31
08/24/2024 12:50,August,3.32,3.31
08/24/2024 12:55,August,3.53,3.52
08/24/2024 13:00,August,4.01,4
08/24/2024 13:05,August,12.8,12.77
08/24/2024 13:10,August,13.01,12.98
08/24/2024 13:15,August,12.39,12.35
08/24/2024 13:20,August,5.69,5.67
08/24/2024 13:25,August,4.81,4.8
08/24/2024 13:30,August,5.7,5.67
08/24/2024 13:35,August,5.33,5.31
08/24/2024 13:40,August,5.67,5.64
08/24/2024 13:45,August,5.67,5.64
08/24/2024 13:50,August,3.33,3.31
08/24/2024 13:55,August,3.23,3.21
08/24/2024 14:00,August,3.55,3.52
08/24/2024 14:05,August,3.96,3.93
08/24/2024 14:10,August,3.96,3.93
08/24/2024 14:15,August,3.99,3.96
08/24/2024 14:20,August,4.03,4
08/24/2024 14:25,August,4.05,4.02
08/24/2024 14:30,August,13.08,12.99
08/24/2024 14:35,August,5.68,5.64
08/24/2024 14:40,August,5.67,5.63
08/24/2024 14:45,August,5.67,5.64
08/24/2024 14:50,August,7.84,7.79
08/24/2024 14:55,August,5.69,5.66
08/24/2024 15:00,August,4.79,4.76
08/24/2024 15:05,August,5.69,5.66
08/24/2024 15:10,August,4.2,4.17
08/24/2024 15:15,August,5.37,5.34
08/24/2024 15:20,August,4.79,4.76
08/24/2024 15:25,August,5.36,5.33
08/24/2024 15:30,August,5.7,5.67
08/24/2024 15:35,August,5.36,5.34
08/24/2024 15:40,August,5.12,4.94
08/24/2024 15:45,August,4.78,4.77
08/24/2024 15:50,August,4.18,4.17
08/24/2024 15:55,August,4.18,4.16
08/24/2024 16:00,August,5.36,5.33
08/24/2024 16:05,August,5.69,5.66
08/24/2024 16:10,August,4.95,4.93
08/24/2024 16:15,August,4.29,4.27
08/24/2024 16:20,August,4.1,4.07
08/24/2024 16:25,August,4.19,4.16
08/24/2024 16:30,August,4.28,4.25
08/24/2024 16:35,August,4.8,4.78
08/24/2024 16:40,August,4.29,4.26
08/24/2024 16:45,August,13.14,13.07
08/24/2024 16:50,August,5.7,5.67
08/24/2024 16:55,August,16.1,16.01
08/24/2024 17:00,August,5.39,5.36
08/24/2024 17:05,August,4.06,4.04
08/24/2024 17:10,August,4.02,4
08/24/2024 17:15,August,4,3.98
08/24/2024 17:20,August,4.04,4.01
08/24/2024 17:25,August,4.28,4.26
08/24/2024 17:30,August,4.29,4.26
08/24/2024 17:35,August,5.43,5.4
08/24/2024 17:40,August,5.18,5.15
08/24/2024 17:45,August,5.18,5.15
08/24/2024 17:50,August,5.18,5.15
08/24/2024 17:55,August,5.18,5.15
08/24/2024 18:00,August,5.18,5.15
08/24/2024 18:05,August,5.17,5.14
08/24/2024 18:10,August,5.71,5.68
08/24/2024 18:15,August,5.44,5.41
08/24/2024 18:20,August,5.71,5.68
08/24/2024 18:25,August,6.03,5.99
08/24/2024 18:30,August,6.03,6
08/24/2024 18:35,August,6.03,6
08/24/2024 18:40,August,5.76,5.74
08/24/2024 18:45,August,5.76,5.73
08/24/2024 18:50,August,6.04,6.01
08/24/2024 18:55,August,5.49,5.45
08/24/2024 19:00,August,5.23,5.2
08/24/2024 19:05,August,5.75,5.72
08/24/2024 19:10,August,5.49,5.45
08/24/2024 19:15,August,4.82,4.8
08/24/2024 19:20,August,5.21,5.18
08/24/2024 19:25,August,5.22,5.19
08/24/2024 19:30,August,5.21,5.18
08/24/2024 19:35,August,5.2,5.17
08/24/2024 19:40,August,5.2,5.16
08/24/2024 19:45,August,5.2,5.16
08/24/2024 19:50,August,5.19,5.16
08/24/2024 19:55,August,5.18,5.15
08/24/2024 20:00,August,5.18,5.14
08/24/2024 20:05,August,12,11.93
08/24/2024 20:10,August,5.46,5.43
08/24/2024 20:15,August,5.22,5.19
08/24/2024 20:20,August,5.48,5.45
08/24/2024 20:25,August,5.22,5.19
08/24/2024 20:30,August,5.79,5.76
08/24/2024 20:35,August,5.77,5.74
08/24/2024 20:40,August,5.49,5.45
08/24/2024 20:45,August,5.49,5.46
08/24/2024 20:50,August,5.23,5.2
08/24/2024 20:55,August,5.22,5.19
08/24/2024 21:00,August,5.21,5.19
08/24/2024 21:05,August,12.45,12.38
08/24/2024 21:10,August,12.03,11.96
08/24/2024 21:15,August,7.92,7.87
08/24/2024 21:20,August,5.82,5.78
08/24/2024 21:25,August,6.21,6.16
08/24/2024 21:30,August,5.84,5.8
08/24/2024 21:35,August,5.52,5.48
08/24/2024 21:40,August,5.81,5.77
08/24/2024 21:45,August,5.25,5.21
08/24/2024 21:50,August,5.25,5.21
08/24/2024 21:55,August,4.89,4.86
08/24/2024 22:00,August,5.22,5.18
08/24/2024 22:05,August,12.12,12.04
08/24/2024 22:10,August,5.62,5.58
08/24/2024 22:15,August,4.87,4.84
08/24/2024 22:20,August,5.5,5.46
08/24/2024 22:25,August,5.5,5.46
08/24/2024 22:30,August,4.06,4.03
08/24/2024 22:35,August,3.89,3.89
08/24/2024 22:40,August,4.14,4.14
08/24/2024 22:45,August,5.75,5.75
08/24/2024 22:50,August,5.6,5.6
08/24/2024 22:55,August,4.21,4.21
08/24/2024 23:00,August,5.09,5.09
08/24/2024 23:05,August,12.91,12.91
08/24/2024 23:10,August,5.78,5.78
08/24/2024 23:15,August,4.8,4.8
08/24/2024 23:20,August,4.47,4.47
08/24/2024 23:25,August,5.46,5.46
08/24/2024 23:30,August,4.07,4.07
08/24/2024 23:35,August,4.08,4.08
08/24/2024 23:40,August,4.14,4.14
08/24/2024 23:45,August,4.08,4.08
08/24/2024 23:50,August,4.15,4.15
08/24/2024 23:55,August,4.14,4.14
08/25/2024 0:00,August,3.77,3.77
08/25/2024 0:05,August,6.1,6.06
08/25/2024 0:10,August,4.14,4.14
08/25/2024 0:15,August,4.14,4.14
08/25/2024 0:20,August,4.05,4.05
08/25/2024 0:25,August,3.82,3.82
08/25/2024 0:30,August,3.75,3.75
08/25/2024 0:35,August,3.75,3.75
08/25/2024 0:40,August,4,4
08/25/2024 0:45,August,3.75,3.75
08/25/2024 0:50,August,4.04,4.04
08/25/2024 0:55,August,3.82,3.82
08/25/2024 1:00,August,3.82,3.82
08/25/2024 1:05,August,4.14,4.14
08/25/2024 1:10,August,4.24,4.24
08/25/2024 1:15,August,4.14,4.14
08/25/2024 1:20,August,4.07,4.07
08/25/2024 1:25,August,4,4
08/25/2024 1:30,August,3.9,3.9
08/25/2024 1:35,August,3.9,3.9
08/25/2024 1:40,August,3.82,3.82
08/25/2024 1:45,August,3.9,3.9
08/25/2024 1:50,August,3.82,3.82
08/25/2024 1:55,August,3.82,3.82
08/25/2024 2:00,August,3.48,3.48
08/25/2024 2:05,August,4.05,4.02
08/25/2024 2:10,August,4.15,4.12
08/25/2024 2:15,August,4.05,4.02
08/25/2024 2:20,August,3.78,3.75
08/25/2024 2:25,August,4.04,4.01
08/25/2024 2:30,August,4.04,4.01
08/25/2024 2:35,August,4.04,4.01
08/25/2024 2:40,August,4.03,4
08/25/2024 2:45,August,4.03,4
08/25/2024 2:50,August,4.03,4
08/25/2024 2:55,August,4.03,4
08/25/2024 3:00,August,4.02,3.99
08/25/2024 3:05,August,4.02,3.99
08/25/2024 3:10,August,4.01,3.98
08/25/2024 3:15,August,4.02,3.99
08/25/2024 3:20,August,4.02,3.99
08/25/2024 3:25,August,4.02,3.99
08/25/2024 3:30,August,4.02,3.99
08/25/2024 3:35,August,4.02,3.99
08/25/2024 3:40,August,4.01,3.99
08/25/2024 3:45,August,4.01,3.99
08/25/2024 3:50,August,3.96,3.94
08/25/2024 3:55,August,3.86,3.84
08/25/2024 4:00,August,3.93,3.9
08/25/2024 4:05,August,3.91,3.88
08/25/2024 4:10,August,3.93,3.9
08/25/2024 4:15,August,3.93,3.9
08/25/2024 4:20,August,3.91,3.88
08/25/2024 4:25,August,4.01,3.98
08/25/2024 4:30,August,4.01,3.98
08/25/2024 4:35,August,3.93,3.9
08/25/2024 4:40,August,4.01,3.98
08/25/2024 4:45,August,3.85,3.82
08/25/2024 4:50,August,4.01,3.98
08/25/2024 4:55,August,3.93,3.9
08/25/2024 5:00,August,3.56,3.52
08/25/2024 5:05,August,3.6,3.57
08/25/2024 5:10,August,5.76,5.71
08/25/2024 5:15,August,5.4,5.36
08/25/2024 5:20,August,4.83,4.8
08/25/2024 5:25,August,4.35,4.31
08/25/2024 5:30,August,4.15,4.12
08/25/2024 5:35,August,4.15,4.12
08/25/2024 5:40,August,4.07,4.03
08/25/2024 5:45,August,3.6,3.58
08/25/2024 5:50,August,3.6,3.58
08/25/2024 5:55,August,3.64,3.61
08/25/2024 6:00,August,3.6,3.57
08/25/2024 6:05,August,3.58,3.55
08/25/2024 6:10,August,3.58,3.56
08/25/2024 6:15,August,3.94,3.91
08/25/2024 6:20,August,3.59,3.56
08/25/2024 6:25,August,3.58,3.56
08/25/2024 6:30,August,3.43,3.41
08/25/2024 6:35,August,3.42,3.39
08/25/2024 6:40,August,3.42,3.4
08/25/2024 6:45,August,3.41,3.38
08/25/2024 6:50,August,3.29,3.26
08/25/2024 6:55,August,0.1,0.1
08/25/2024 7:00,August,0,0
08/25/2024 7:05,August,0,0
08/25/2024 7:10,August,0,0
08/25/2024 7:15,August,0.1,0.1
08/25/2024 7:20,August,2.72,2.7
08/25/2024 7:25,August,2.91,2.89
08/25/2024 7:30,August,0.1,0.1
08/25/2024 7:35,August,2.9,2.88
08/25/2024 7:40,August,2.9,2.88
08/25/2024 7:45,August,2.9,2.88
08/25/2024 7:50,August,2.9,2.88
08/25/2024 7:55,August,0.1,0.1
08/25/2024 8:00,August,3.28,3.26
08/25/2024 8:05,August,2.89,2.87
08/25/2024 8:10,August,2.89,2.87
08/25/2024 8:15,August,2.89,2.87
08/25/2024 8:20,August,3.29,3.27
08/25/2024 8:25,August,2.84,2.84
08/25/2024 8:30,August,2.95,2.95
08/25/2024 8:35,August,3.42,3.42
08/25/2024 8:40,August,2.95,2.95
08/25/2024 8:45,August,3.41,3.41
08/25/2024 8:50,August,3.15,3.15
08/25/2024 8:55,August,3.15,3.15
08/25/2024 9:00,August,2.73,2.73
08/25/2024 9:05,August,0,0
08/25/2024 9:10,August,0,0
08/25/2024 9:15,August,2.31,2.31
08/25/2024 9:20,August,3.24,3.24
08/25/2024 9:25,August,3.42,3.42
08/25/2024 9:30,August,3.15,3.15
08/25/2024 9:35,August,3.47,3.47
08/25/2024 9:40,August,3.5,3.5
08/25/2024 9:45,August,3.55,3.55
08/25/2024 9:50,August,3.55,3.55
08/25/2024 9:55,August,3.55,3.55
08/25/2024 10:00,August,3.5,3.5
08/25/2024 10:05,August,3.51,3.51
08/25/2024 10:10,August,3.48,3.48
08/25/2024 10:15,August,3.15,3.15
08/25/2024 10:20,August,2.91,2.91
08/25/2024 10:25,August,2.31,2.31
08/25/2024 10:30,August,3.15,3.15
08/25/2024 10:35,August,3.15,3.15
08/25/2024 10:40,August,3.42,3.42
08/25/2024 10:45,August,3.16,3.16
08/25/2024 10:50,August,3.48,3.48
08/25/2024 10:55,August,3.5,3.5
08/25/2024 11:00,August,3.5,3.5
08/25/2024 11:05,August,0,0
08/25/2024 11:10,August,3.48,3.48
08/25/2024 11:15,August,3.04,3.04
08/25/2024 11:20,August,3.18,3.18
08/25/2024 11:25,August,3.15,3.15
08/25/2024 11:30,August,3.42,3.42
08/25/2024 11:35,August,3.18,3.18
08/25/2024 11:40,August,3.04,3.04
08/25/2024 11:45,August,3.42,3.42
08/25/2024 11:50,August,3.48,3.48
08/25/2024 11:55,August,3.5,3.5
08/25/2024 12:00,August,3.5,3.5
08/25/2024 12:05,August,3.54,3.54
08/25/2024 12:10,August,3.5,3.5
08/25/2024 12:15,August,3.5,3.5
08/25/2024 12:20,August,3.41,3.4
08/25/2024 12:25,August,3.41,3.4
08/25/2024 12:30,August,3.41,3.4
08/25/2024 12:35,August,3.41,3.39
08/25/2024 12:40,August,3.41,3.39
08/25/2024 12:45,August,3.3,3.28
08/25/2024 12:50,August,3.41,3.4
08/25/2024 12:55,August,3.42,3.41
08/25/2024 13:00,August,3.06,2.76
08/25/2024 13:05,August,3.7,3.7
08/25/2024 13:10,August,3.71,3.71
08/25/2024 13:15,August,3.61,3.61
08/25/2024 13:20,August,3.55,3.55
08/25/2024 13:25,August,3.52,2.85
08/25/2024 13:30,August,3.55,3.55
08/25/2024 13:35,August,3.51,3.51
08/25/2024 13:40,August,3.51,3.51
08/25/2024 13:45,August,3.43,3.42
08/25/2024 13:50,August,3.1,2.77
08/25/2024 13:55,August,3.55,3.55
08/25/2024 14:00,August,3.12,2.77
08/25/2024 14:05,August,5.1,5.1
08/25/2024 14:10,August,4.08,4.08
08/25/2024 14:15,August,3.55,3.55
08/25/2024 14:20,August,3.53,3.53
08/25/2024 14:25,August,3.55,3.55
08/25/2024 14:30,August,3.56,3.56
08/25/2024 14:35,August,3.56,3.56
08/25/2024 14:40,August,3.56,3.56
08/25/2024 14:45,August,3.5,3.5
08/25/2024 14:50,August,3.55,3.55
08/25/2024 14:55,August,3.82,3.82
08/25/2024 15:00,August,5.6,5.5
08/25/2024 15:05,August,3.6,3.59
08/25/2024 15:10,August,3.34,2.94
08/25/2024 15:15,August,3.56,3.56
08/25/2024 15:20,August,4.87,4.85
08/25/2024 15:25,August,3.51,3.51
08/25/2024 15:30,August,3.55,3.55
08/25/2024 15:35,August,3.98,3.98
08/25/2024 15:40,August,12.6,12.56
08/25/2024 15:45,August,3.83,3.82
08/25/2024 15:50,August,3.84,3.82
08/25/2024 15:55,August,3.96,3.94
08/25/2024 16:00,August,3.96,3.95
08/25/2024 16:05,August,5.58,5.56
08/25/2024 16:10,August,5.31,5.28
08/25/2024 16:15,August,5.69,5.67
08/25/2024 16:20,August,5.68,5.65
08/25/2024 16:25,August,5.31,5.29
08/25/2024 16:30,August,3.96,3.95
08/25/2024 16:35,August,3.92,3.9
08/25/2024 16:40,August,4.78,4.76
08/25/2024 16:45,August,4.36,4.34
08/25/2024 16:50,August,4.18,4.16
08/25/2024 16:55,August,4.18,4.16
08/25/2024 17:00,August,3.86,3.84
08/25/2024 17:05,August,3.56,3.54
08/25/2024 17:10,August,3.62,3.6
08/25/2024 17:15,August,3.62,3.6
08/25/2024 17:20,August,4.63,4.61
08/25/2024 17:25,August,4.4,4.38
08/25/2024 17:30,August,4.63,4.61
08/25/2024 17:35,August,5.7,5.68
08/25/2024 17:40,August,5.69,5.67
08/25/2024 17:45,August,19.05,18.99
08/25/2024 17:50,August,5.71,5.7
08/25/2024 17:55,August,5.72,5.71
08/25/2024 18:00,August,5.58,5.56
08/25/2024 18:05,August,5.12,5.1
08/25/2024 18:10,August,4.79,4.78
08/25/2024 18:15,August,5.31,5.29
08/25/2024 18:20,August,5.69,5.68
08/25/2024 18:25,August,5.38,5.36
08/25/2024 18:30,August,5.33,5.31
08/25/2024 18:35,August,5.39,5.38
08/25/2024 18:40,August,5.4,5.38
08/25/2024 18:45,August,7.89,7.86
08/25/2024 18:50,August,5.71,5.69
08/25/2024 18:55,August,7.89,7.86
08/25/2024 19:00,August,5.71,5.69
08/25/2024 19:05,August,5.26,5.24
08/25/2024 19:10,August,5.12,5.1
08/25/2024 19:15,August,5.16,5.14
08/25/2024 19:20,August,5.33,5.31
08/25/2024 19:25,August,5.33,5.31
08/25/2024 19:30,August,5.11,5.09
08/25/2024 19:35,August,5.1,5.08
08/25/2024 19:40,August,5.09,5.07
08/25/2024 19:45,August,5.09,5.07
08/25/2024 19:50,August,5.09,5.07
08/25/2024 19:55,August,5.1,5.08
08/25/2024 20:00,August,5.11,5.08
08/25/2024 20:05,August,5.11,5.09
08/25/2024 20:10,August,5.1,5.08
08/25/2024 20:15,August,5.11,5.08
08/25/2024 20:20,August,5.1,5.07
08/25/2024 20:25,August,5.09,5.07
08/25/2024 20:30,August,5.11,5.08
08/25/2024 20:35,August,5.1,5.07
08/25/2024 20:40,August,5.1,5.07
08/25/2024 20:45,August,5.09,5.07
08/25/2024 20:50,August,5.09,5.07
08/25/2024 20:55,August,4.46,4.44
08/25/2024 21:00,August,4.92,4.89
08/25/2024 21:05,August,5.74,5.71
08/25/2024 21:10,August,5.72,5.69
08/25/2024 21:15,August,5.62,5.59
08/25/2024 21:20,August,5.13,5.09
08/25/2024 21:25,August,5.13,5.09
08/25/2024 21:30,August,5.14,5.1
08/25/2024 21:35,August,5.12,5.09
08/25/2024 21:40,August,5.12,5.09
08/25/2024 21:45,August,5.11,5.08
08/25/2024 21:50,August,5.11,5.07
08/25/2024 21:55,August,5.1,5.07
08/25/2024 22:00,August,5.09,5.06
08/25/2024 22:05,August,4.86,4.82
08/25/2024 22:10,August,3.97,3.94
08/25/2024 22:15,August,3.98,3.95
08/25/2024 22:20,August,3.97,3.94
08/25/2024 22:25,August,3.99,3.95
08/25/2024 22:30,August,3.98,3.94
08/25/2024 22:35,August,3.97,3.94
08/25/2024 22:40,August,3.98,3.94
08/25/2024 22:45,August,3.97,3.94
08/25/2024 22:50,August,3.97,3.94
08/25/2024 22:55,August,3.97,3.94
08/25/2024 23:00,August,3.98,3.94
08/25/2024 23:05,August,4.62,4.58
08/25/2024 23:10,August,4,3.96
08/25/2024 23:15,August,4,3.97
08/25/2024 23:20,August,3.99,3.96
08/25/2024 23:25,August,4,3.96
08/25/2024 23:30,August,3.99,3.96
08/25/2024 23:35,August,4,3.97
08/25/2024 23:40,August,4.16,4.12
08/25/2024 23:45,August,4,3.97
08/25/2024 23:50,August,4.15,4.11
08/25/2024 23:55,August,4,3.96
08/26/2024 0:00,August,3.99,3.96
