Date and Time,Billing Month,BOTOLAN,OLONGAPO
3/26/2024 0:05,April,18.19,18.14
3/26/2024 0:10,April,12.66,12.63
3/26/2024 0:15,April,6.63,6.61
3/26/2024 0:20,April,4.8,4.79
3/26/2024 0:25,April,4.79,4.78
3/26/2024 0:30,April,6.63,6.61
3/26/2024 0:35,April,4.79,4.78
3/26/2024 0:40,April,4.8,4.78
3/26/2024 0:45,April,4.79,4.77
3/26/2024 0:50,April,4.78,4.77
3/26/2024 0:55,April,3.91,3.9
3/26/2024 1:00,April,4.74,4.73
3/26/2024 1:05,April,4.77,4.76
3/26/2024 1:10,April,4.77,4.76
3/26/2024 1:15,April,4.77,4.76
3/26/2024 1:20,April,4.78,4.76
3/26/2024 1:25,April,4.78,4.76
3/26/2024 1:30,April,4.73,4.72
3/26/2024 1:35,April,4.77,4.76
3/26/2024 1:40,April,4.78,4.77
3/26/2024 1:45,April,4.77,4.76
3/26/2024 1:50,April,4.78,4.77
3/26/2024 1:55,April,4.77,4.76
3/26/2024 2:00,April,4.78,4.77
3/26/2024 2:05,April,4.78,4.77
3/26/2024 2:10,April,4.72,4.7
3/26/2024 2:15,April,4.79,4.78
3/26/2024 2:20,April,4.9,4.89
3/26/2024 2:25,April,4.78,4.77
3/26/2024 2:30,April,4.78,4.77
3/26/2024 2:35,April,4.79,4.78
3/26/2024 2:40,April,4.79,4.77
3/26/2024 2:45,April,4.22,4.21
3/26/2024 2:50,April,4.78,4.77
3/26/2024 2:55,April,4.72,4.71
3/26/2024 3:00,April,4.77,4.76
3/26/2024 3:05,April,4.77,4.76
3/26/2024 3:10,April,4.77,4.76
3/26/2024 3:15,April,4.76,4.75
3/26/2024 3:20,April,4.76,4.75
3/26/2024 3:25,April,4.77,4.75
3/26/2024 3:30,April,4.76,4.75
3/26/2024 3:35,April,4.77,4.76
3/26/2024 3:40,April,4.76,4.75
3/26/2024 3:45,April,4.76,4.74
3/26/2024 3:50,April,4.71,4.7
3/26/2024 3:55,April,4.19,4.18
3/26/2024 4:00,April,3.24,3.23
3/26/2024 4:05,April,3.72,3.71
3/26/2024 4:10,April,4.5,4.49
3/26/2024 4:15,April,4.1,4.09
3/26/2024 4:20,April,4.5,4.49
3/26/2024 4:25,April,2.87,2.86
3/26/2024 4:30,April,3.37,3.36
3/26/2024 4:35,April,4.1,4.09
3/26/2024 4:40,April,4.5,4.49
3/26/2024 4:45,April,4.5,4.49
3/26/2024 4:50,April,4.5,4.49
3/26/2024 4:55,April,4.5,4.49
3/26/2024 5:00,April,4.75,4.73
3/26/2024 5:05,April,6.59,6.56
3/26/2024 5:10,April,4.78,4.76
3/26/2024 5:15,April,4.78,4.75
3/26/2024 5:20,April,9.05,9
3/26/2024 5:25,April,4.79,4.77
3/26/2024 5:30,April,3.45,3.43
3/26/2024 5:35,April,4.76,4.74
3/26/2024 5:40,April,4.76,4.74
3/26/2024 5:45,April,4.76,4.74
3/26/2024 5:50,April,4.78,4.76
3/26/2024 5:55,April,4.76,4.74
3/26/2024 6:00,April,4.76,4.74
3/26/2024 6:05,April,3.21,3.2
3/26/2024 6:10,April,4.1,4.08
3/26/2024 6:15,April,3.21,3.19
3/26/2024 6:20,April,3.86,3.84
3/26/2024 6:25,April,3.46,3.44
3/26/2024 6:30,April,2.87,2.85
3/26/2024 6:35,April,3.84,3.82
3/26/2024 6:40,April,3.2,3.19
3/26/2024 6:45,April,3.2,3.19
3/26/2024 6:50,April,3.36,3.35
3/26/2024 6:55,April,3.85,3.84
3/26/2024 7:00,April,3.77,3.75
3/26/2024 7:05,April,0,0
3/26/2024 7:10,April,2.48,2.47
3/26/2024 7:15,April,3.43,3.41
3/26/2024 7:20,April,3.43,3.41
3/26/2024 7:25,April,3.63,3.62
3/26/2024 7:30,April,3.65,3.63
3/26/2024 7:35,April,3.63,3.62
3/26/2024 7:40,April,3.83,3.82
3/26/2024 7:45,April,3.81,3.8
3/26/2024 7:50,April,3.75,3.74
3/26/2024 7:55,April,13.1,13.07
3/26/2024 8:00,April,5.02,5.01
3/26/2024 8:05,April,3.87,3.88
3/26/2024 8:10,April,4.66,4.67
3/26/2024 8:15,April,4.85,4.87
3/26/2024 8:20,April,4.66,4.68
3/26/2024 8:25,April,9.71,9.74
3/26/2024 8:30,April,4.64,4.66
3/26/2024 8:35,April,4.66,4.67
3/26/2024 8:40,April,4.64,4.66
3/26/2024 8:45,April,4.63,4.65
3/26/2024 8:50,April,4.87,4.9
3/26/2024 8:55,April,4.65,4.67
3/26/2024 9:00,April,4.63,4.66
3/26/2024 9:05,April,0,0
3/26/2024 9:10,April,2.89,2.88
3/26/2024 9:15,April,3.16,3.15
3/26/2024 9:20,April,3.41,3.41
3/26/2024 9:25,April,3.75,3.75
3/26/2024 9:30,April,4.5,4.5
3/26/2024 9:35,April,3.8,3.8
3/26/2024 9:40,April,4.68,4.68
3/26/2024 9:45,April,4.69,4.68
3/26/2024 9:50,April,6.44,6.43
3/26/2024 9:55,April,8.73,8.72
3/26/2024 10:00,April,5.72,5.71
3/26/2024 10:05,April,4.53,4.52
3/26/2024 10:10,April,4.72,4.72
3/26/2024 10:15,April,4.73,4.72
3/26/2024 10:20,April,4.52,4.51
3/26/2024 10:25,April,4.72,4.71
3/26/2024 10:30,April,7.72,7.7
3/26/2024 10:35,April,5.68,5.67
3/26/2024 10:40,April,4.71,4.71
3/26/2024 10:45,April,5.69,5.68
3/26/2024 10:50,April,4.72,4.71
3/26/2024 10:55,April,4.52,4.51
3/26/2024 11:00,April,4.71,4.7
3/26/2024 11:05,April,3.7,3.68
3/26/2024 11:10,April,3.43,3.41
3/26/2024 11:15,April,3.68,3.66
3/26/2024 11:20,April,3.59,3.57
3/26/2024 11:25,April,3.7,3.68
3/26/2024 11:30,April,3.44,3.42
3/26/2024 11:35,April,3.45,3.44
3/26/2024 11:40,April,3.21,3.19
3/26/2024 11:45,April,3.43,3.41
3/26/2024 11:50,April,2.34,2.33
3/26/2024 11:55,April,1.1,1.09
3/26/2024 12:00,April,0,0
3/26/2024 12:05,April,1.09,1.08
3/26/2024 12:10,April,0,0
3/26/2024 12:15,April,2.83,2.82
3/26/2024 12:20,April,3.17,3.15
3/26/2024 12:25,April,3.38,3.36
3/26/2024 12:30,April,3.74,3.72
3/26/2024 12:35,April,3.68,3.65
3/26/2024 12:40,April,3.72,3.7
3/26/2024 12:45,April,4.41,4.39
3/26/2024 12:50,April,4.55,4.53
3/26/2024 12:55,April,4.68,4.66
3/26/2024 13:00,April,4.68,4.66
3/26/2024 13:05,April,4.73,4.71
3/26/2024 13:10,April,7.99,7.96
3/26/2024 13:15,April,12.02,11.96
3/26/2024 13:20,April,10.03,9.99
3/26/2024 13:25,April,14.34,14.29
3/26/2024 13:30,April,10.04,10.01
3/26/2024 13:35,April,7.85,7.82
3/26/2024 13:40,April,8.76,8.73
3/26/2024 13:45,April,14.33,14.28
3/26/2024 13:50,April,9.03,9
3/26/2024 13:55,April,14.83,14.78
3/26/2024 14:00,April,14.33,14.27
3/26/2024 14:05,April,14.8,14.74
3/26/2024 14:10,April,14.32,14.24
3/26/2024 14:15,April,14.75,14.66
3/26/2024 14:20,April,14.76,14.67
3/26/2024 14:25,April,13.13,13.06
3/26/2024 14:30,April,10.07,10.01
3/26/2024 14:35,April,10.04,9.99
3/26/2024 14:40,April,12.23,12.18
3/26/2024 14:45,April,14.76,14.69
3/26/2024 14:50,April,14.86,14.79
3/26/2024 14:55,April,13.16,13.1
3/26/2024 15:00,April,12.29,12.24
3/26/2024 15:05,April,5.67,5.65
3/26/2024 15:10,April,7.86,7.83
3/26/2024 15:15,April,7.86,7.83
3/26/2024 15:20,April,10.08,10.03
3/26/2024 15:25,April,10.08,10.03
3/26/2024 15:30,April,3.45,3.44
3/26/2024 15:35,April,4.13,4.11
3/26/2024 15:40,April,4.59,4.57
3/26/2024 15:45,April,5.21,5.19
3/26/2024 15:50,April,7.76,7.73
3/26/2024 15:55,April,5.69,5.66
3/26/2024 16:00,April,5.68,5.66
3/26/2024 16:05,April,7.89,7.86
3/26/2024 16:10,April,10.09,10.04
3/26/2024 16:15,April,9.82,9.77
3/26/2024 16:20,April,9.83,9.77
3/26/2024 16:25,April,12.91,12.83
3/26/2024 16:30,April,12.71,12.64
3/26/2024 16:35,April,12.72,12.66
3/26/2024 16:40,April,7.92,7.88
3/26/2024 16:45,April,9.83,9.78
3/26/2024 16:50,April,8.81,8.76
3/26/2024 16:55,April,5.56,5.53
3/26/2024 17:00,April,3.47,3.45
3/26/2024 17:05,April,3.46,3.44
3/26/2024 17:10,April,3.44,3.42
3/26/2024 17:15,April,3.71,3.69
3/26/2024 17:20,April,3.96,3.94
3/26/2024 17:25,April,4.52,4.49
3/26/2024 17:30,April,4.52,4.49
3/26/2024 17:35,April,3.96,3.94
3/26/2024 17:40,April,3.97,3.94
3/26/2024 17:45,April,3.96,3.94
3/26/2024 17:50,April,3.96,3.94
3/26/2024 17:55,April,4.14,4.11
3/26/2024 18:00,April,3.45,3.43
3/26/2024 18:05,April,3.26,3.23
3/26/2024 18:10,April,3.45,3.43
3/26/2024 18:15,April,3.45,3.43
3/26/2024 18:20,April,3.97,3.94
3/26/2024 18:25,April,3.97,3.94
3/26/2024 18:30,April,4.53,4.5
3/26/2024 18:35,April,3.46,3.43
3/26/2024 18:40,April,3.71,3.68
3/26/2024 18:45,April,3.47,3.45
3/26/2024 18:50,April,13.62,13.62
3/26/2024 18:55,April,3.47,3.45
3/26/2024 19:00,April,2.93,2.9
3/26/2024 19:05,April,4.35,4.31
3/26/2024 19:10,April,3.47,3.44
3/26/2024 19:15,April,4.98,4.94
3/26/2024 19:20,April,4.68,4.63
3/26/2024 19:25,April,3.45,3.41
3/26/2024 19:30,April,5.76,5.76
3/26/2024 19:35,April,5.66,5.66
3/26/2024 19:40,April,5.69,5.69
3/26/2024 19:45,April,13.21,13.21
3/26/2024 19:50,April,4.89,4.84
3/26/2024 19:55,April,4.48,4.43
3/26/2024 20:00,April,3.94,3.89
3/26/2024 20:05,April,31.09,30.66
3/26/2024 20:10,April,18.34,18.11
3/26/2024 20:15,April,18.44,18.22
3/26/2024 20:20,April,16.63,16.44
3/26/2024 20:25,April,15.44,15.26
3/26/2024 20:30,April,10.56,10.45
3/26/2024 20:35,April,11.79,11.67
3/26/2024 20:40,April,15.45,15.3
3/26/2024 20:45,April,15.49,15.34
3/26/2024 20:50,April,13.68,13.54
3/26/2024 20:55,April,11.79,11.67
3/26/2024 21:00,April,10.62,10.51
3/26/2024 21:05,April,20.65,20.44
3/26/2024 21:10,April,20.66,20.44
3/26/2024 21:15,April,31.12,30.8
3/26/2024 21:20,April,27.97,27.68
3/26/2024 21:25,April,15.24,15.08
3/26/2024 21:30,April,14.5,14.34
3/26/2024 21:35,April,14.49,14.33
3/26/2024 21:40,April,14.48,14.33
3/26/2024 21:45,April,16.06,15.9
3/26/2024 21:50,April,14.51,14.36
3/26/2024 21:55,April,15.24,15.09
3/26/2024 22:00,April,13.76,13.62
3/26/2024 22:05,April,20.61,20.41
3/26/2024 22:10,April,18.35,18.17
3/26/2024 22:15,April,14.59,14.45
3/26/2024 22:20,April,16.57,16.41
3/26/2024 22:25,April,14.52,14.37
3/26/2024 22:30,April,13.7,13.57
3/26/2024 22:35,April,13.69,13.56
3/26/2024 22:40,April,4.49,4.44
3/26/2024 22:45,April,3.48,3.45
3/26/2024 22:50,April,3.91,3.87
3/26/2024 22:55,April,3.91,3.87
3/26/2024 23:00,April,3.91,3.87
3/26/2024 23:05,April,10.58,10.49
3/26/2024 23:10,April,4.72,4.67
3/26/2024 23:15,April,4.72,4.67
3/26/2024 23:20,April,4.72,4.67
3/26/2024 23:25,April,4.71,4.67
3/26/2024 23:30,April,4.61,4.57
3/26/2024 23:35,April,3.97,3.93
3/26/2024 23:40,April,3.47,3.44
3/26/2024 23:45,April,2.97,2.95
3/26/2024 23:50,April,3.16,3.13
3/26/2024 23:55,April,3.59,3.55
3/27/2024 0:00,April,3.99,3.94
3/27/2024 0:05,April,20.68,20.48
3/27/2024 0:10,April,6.84,6.77
3/27/2024 0:15,April,4.63,4.58
3/27/2024 0:20,April,5.1,5.05
3/27/2024 0:25,April,4.63,4.59
3/27/2024 0:30,April,3.97,3.93
3/27/2024 0:35,April,3.51,3.48
3/27/2024 0:40,April,3.68,3.64
3/27/2024 0:45,April,3.94,3.9
3/27/2024 0:50,April,3.97,3.93
3/27/2024 0:55,April,3.95,3.91
3/27/2024 1:00,April,4.5,4.46
3/27/2024 1:05,April,5.09,5.04
3/27/2024 1:10,April,5.09,5.04
3/27/2024 1:15,April,3.96,3.92
3/27/2024 1:20,April,4.51,4.47
3/27/2024 1:25,April,3.93,3.89
3/27/2024 1:30,April,4.5,4.46
3/27/2024 1:35,April,4.4,4.36
3/27/2024 1:40,April,3.92,3.89
3/27/2024 1:45,April,3.74,3.7
3/27/2024 1:50,April,4.39,4.35
3/27/2024 1:55,April,3.49,3.46
3/27/2024 2:00,April,4.39,4.35
3/27/2024 2:05,April,4.39,4.34
3/27/2024 2:10,April,3.28,3.25
3/27/2024 2:15,April,3.5,3.46
3/27/2024 2:20,April,3.73,3.69
3/27/2024 2:25,April,3.47,3.44
3/27/2024 2:30,April,3.49,3.45
3/27/2024 2:35,April,3.33,3.29
3/27/2024 2:40,April,3.53,3.49
3/27/2024 2:45,April,31.17,30.76
3/27/2024 2:50,April,13.34,13.17
3/27/2024 2:55,April,6.75,6.65
3/27/2024 3:00,April,4.24,4.18
3/27/2024 3:05,April,5.07,5
3/27/2024 3:10,April,5.07,5
3/27/2024 3:15,April,9.96,9.82
3/27/2024 3:20,April,10.57,10.42
3/27/2024 3:25,April,9.96,9.82
3/27/2024 3:30,April,4.16,4.1
3/27/2024 3:35,April,3.93,3.87
3/27/2024 3:40,April,3.73,3.68
3/27/2024 3:45,April,3.21,3.16
3/27/2024 3:50,April,3.52,3.46
3/27/2024 3:55,April,3.53,3.48
3/27/2024 4:00,April,3.53,3.48
3/27/2024 4:05,April,4.92,4.85
3/27/2024 4:10,April,4.57,4.5
3/27/2024 4:15,April,3.93,3.87
3/27/2024 4:20,April,3.36,3.31
3/27/2024 4:25,April,3.63,3.57
3/27/2024 4:30,April,3.51,3.46
3/27/2024 4:35,April,3.52,3.46
3/27/2024 4:40,April,3.52,3.46
3/27/2024 4:45,April,3.52,3.46
3/27/2024 4:50,April,3.62,3.57
3/27/2024 4:55,April,3.62,3.57
3/27/2024 5:00,April,3.91,3.85
3/27/2024 5:05,April,3.24,3.2
3/27/2024 5:10,April,3.52,3.47
3/27/2024 5:15,April,3.53,3.47
3/27/2024 5:20,April,3.53,3.47
3/27/2024 5:25,April,3.6,3.55
3/27/2024 5:30,April,3.53,3.48
3/27/2024 5:35,April,3.52,3.46
3/27/2024 5:40,April,3.52,3.47
3/27/2024 5:45,April,3.2,3.15
3/27/2024 5:50,April,3.36,3.31
3/27/2024 5:55,April,3.27,3.22
3/27/2024 6:00,April,3.34,3.29
3/27/2024 6:05,April,0,0
3/27/2024 6:10,April,2.46,2.42
3/27/2024 6:15,April,2.46,2.42
3/27/2024 6:20,April,3.26,3.21
3/27/2024 6:25,April,3.13,3.09
3/27/2024 6:30,April,2.46,2.42
3/27/2024 6:35,April,2.45,2.42
3/27/2024 6:40,April,1.02,1.01
3/27/2024 6:45,April,2.39,2.36
3/27/2024 6:50,April,2.82,2.79
3/27/2024 6:55,April,2.81,2.78
3/27/2024 7:00,April,2.45,2.42
3/27/2024 7:05,April,0,0
3/27/2024 7:10,April,0,0
3/27/2024 7:15,April,0,0
3/27/2024 7:20,April,2.44,2.42
3/27/2024 7:25,April,2.44,2.42
3/27/2024 7:30,April,2.56,2.53
3/27/2024 7:35,April,2.44,2.42
3/27/2024 7:40,April,3.21,3.18
3/27/2024 7:45,April,3.29,3.26
3/27/2024 7:50,April,3.46,3.43
3/27/2024 7:55,April,4.95,4.91
3/27/2024 8:00,April,3.83,3.8
3/27/2024 8:05,April,0,0
3/27/2024 8:10,April,3.66,3.63
3/27/2024 8:15,April,3.56,3.53
3/27/2024 8:20,April,3.46,3.43
3/27/2024 8:25,April,3.76,3.73
3/27/2024 8:30,April,3.82,3.79
3/27/2024 8:35,April,3.72,3.7
3/27/2024 8:40,April,2.86,2.84
3/27/2024 8:45,April,3.67,3.64
3/27/2024 8:50,April,3.44,3.42
3/27/2024 8:55,April,3.53,3.51
3/27/2024 9:00,April,3.65,3.63
3/27/2024 9:05,April,2.23,2.22
3/27/2024 9:10,April,2.85,2.83
3/27/2024 9:15,April,3.18,3.17
3/27/2024 9:20,April,3.18,3.16
3/27/2024 9:25,April,3.79,3.77
3/27/2024 9:30,April,3.79,3.77
3/27/2024 9:35,April,11.72,11.65
3/27/2024 9:40,April,4.91,4.89
3/27/2024 9:45,April,4.2,4.17
3/27/2024 9:50,April,4.91,4.88
3/27/2024 9:55,April,3.74,3.72
3/27/2024 10:00,April,3.43,3.41
3/27/2024 10:05,April,0,0
3/27/2024 10:10,April,2.92,2.9
3/27/2024 10:15,April,3.43,3.42
3/27/2024 10:20,April,3.89,3.88
3/27/2024 10:25,April,3.64,3.62
3/27/2024 10:30,April,3.43,3.41
3/27/2024 10:35,April,3.41,3.4
3/27/2024 10:40,April,3.78,3.76
3/27/2024 10:45,April,3.71,3.69
3/27/2024 10:50,April,7.76,7.72
3/27/2024 10:55,April,4.89,4.86
3/27/2024 11:00,April,7.78,7.75
3/27/2024 11:05,April,4.9,4.88
3/27/2024 11:10,April,4.9,4.88
3/27/2024 11:15,April,3.43,3.42
3/27/2024 11:20,April,4.52,4.51
3/27/2024 11:25,April,1.43,1.42
3/27/2024 11:30,April,3.02,3.01
3/27/2024 11:35,April,3.42,3.41
3/27/2024 11:40,April,2.84,2.83
3/27/2024 11:45,April,1.54,1.54
3/27/2024 11:50,April,2.99,2.98
3/27/2024 11:55,April,3.41,3.4
3/27/2024 12:00,April,3.39,3.38
3/27/2024 12:05,April,0,0
3/27/2024 12:10,April,0,0
3/27/2024 12:15,April,2.83,2.82
3/27/2024 12:20,April,3.36,3.35
3/27/2024 12:25,April,3.16,3.15
3/27/2024 12:30,April,3.09,3.08
3/27/2024 12:35,April,3.11,3.1
3/27/2024 12:40,April,3.62,3.62
3/27/2024 12:45,April,3.41,3.4
3/27/2024 12:50,April,11.83,11.81
3/27/2024 12:55,April,6.08,6.07
3/27/2024 13:00,April,3.67,3.66
3/27/2024 13:05,April,13.8,13.76
3/27/2024 13:10,April,10.05,10.03
3/27/2024 13:15,April,7.83,7.81
3/27/2024 13:20,April,7.82,7.79
3/27/2024 13:25,April,4.91,4.9
3/27/2024 13:30,April,7.81,7.78
3/27/2024 13:35,April,13.81,13.76
3/27/2024 13:40,April,4.87,4.85
3/27/2024 13:45,April,4.91,4.89
3/27/2024 13:50,April,4.92,4.9
3/27/2024 13:55,April,4.91,4.89
3/27/2024 14:00,April,10.59,10.55
3/27/2024 14:05,April,4.92,4.9
3/27/2024 14:10,April,15.3,15.23
3/27/2024 14:15,April,13.86,13.79
3/27/2024 14:20,April,10.58,10.53
3/27/2024 14:25,April,10.57,10.51
3/27/2024 14:30,April,9.78,9.73
3/27/2024 14:35,April,4.95,4.92
3/27/2024 14:40,April,4.94,4.91
3/27/2024 14:45,April,5.78,5.75
3/27/2024 14:50,April,6.6,6.55
3/27/2024 14:55,April,4.05,4.02
3/27/2024 15:00,April,4.96,4.92
3/27/2024 15:05,April,15.57,15.45
3/27/2024 15:10,April,10.58,10.5
3/27/2024 15:15,April,4.98,4.94
3/27/2024 15:20,April,6.64,6.58
3/27/2024 15:25,April,6.64,6.58
3/27/2024 15:30,April,5.86,5.81
3/27/2024 15:35,April,5.87,5.82
3/27/2024 15:40,April,4.99,4.94
3/27/2024 15:45,April,5.22,5.18
3/27/2024 15:50,April,4.99,4.94
3/27/2024 15:55,April,5.88,5.83
3/27/2024 16:00,April,3.95,3.91
3/27/2024 16:05,April,5.01,4.95
3/27/2024 16:10,April,5.01,4.96
3/27/2024 16:15,April,5.01,4.95
3/27/2024 16:20,April,5.01,4.95
3/27/2024 16:25,April,3.44,3.4
3/27/2024 16:30,April,3.49,3.45
3/27/2024 16:35,April,3.96,3.92
3/27/2024 16:40,April,0,0
3/27/2024 16:45,April,2.45,2.42
3/27/2024 16:50,April,2.96,2.93
3/27/2024 16:55,April,2.89,2.86
3/27/2024 17:00,April,3.11,3.08
3/27/2024 17:05,April,2.89,2.86
3/27/2024 17:10,April,2.47,2.44
3/27/2024 17:15,April,2.88,2.85
3/27/2024 17:20,April,3.16,3.12
3/27/2024 17:25,April,3.08,3.05
3/27/2024 17:30,April,3.18,3.14
3/27/2024 17:35,April,2.93,2.9
3/27/2024 17:40,April,3.19,3.15
3/27/2024 17:45,April,3.47,3.43
3/27/2024 17:50,April,3.47,3.43
3/27/2024 17:55,April,3.98,3.93
3/27/2024 18:00,April,4.44,4.38
3/27/2024 18:05,April,3.97,3.92
3/27/2024 18:10,April,3.97,3.92
3/27/2024 18:15,April,4.97,4.9
3/27/2024 18:20,April,4.97,4.91
3/27/2024 18:25,April,9.94,9.81
3/27/2024 18:30,April,6.6,6.52
3/27/2024 18:35,April,4.98,4.91
3/27/2024 18:40,April,5.57,5.49
3/27/2024 18:45,April,4.99,4.92
3/27/2024 18:50,April,4.99,4.92
3/27/2024 18:55,April,3.43,3.38
3/27/2024 19:00,April,2.9,2.86
3/27/2024 19:05,April,3.21,3.16
3/27/2024 19:10,April,3.48,3.43
3/27/2024 19:15,April,3.29,3.24
3/27/2024 19:20,April,3.23,3.19
3/27/2024 19:25,April,3.15,3.11
3/27/2024 19:30,April,3.22,3.17
3/27/2024 19:35,April,3.12,3.08
3/27/2024 19:40,April,3.23,3.19
3/27/2024 19:45,April,3.47,3.42
3/27/2024 19:50,April,3.44,3.39
3/27/2024 19:55,April,3.25,3.2
3/27/2024 20:00,April,3.7,3.65
3/27/2024 20:05,April,31.47,30.99
3/27/2024 20:10,April,31.32,30.86
3/27/2024 20:15,April,11.68,11.51
3/27/2024 20:20,April,13.42,13.22
3/27/2024 20:25,April,9.96,9.81
3/27/2024 20:30,April,9.96,9.81
3/27/2024 20:35,April,10.46,10.3
3/27/2024 20:40,April,3.71,3.65
3/27/2024 20:45,April,9.97,9.82
3/27/2024 20:50,April,10.46,10.3
3/27/2024 20:55,April,9.97,9.82
3/27/2024 21:00,April,3.48,3.43
3/27/2024 21:05,April,30.74,30.27
3/27/2024 21:10,April,11.69,11.52
3/27/2024 21:15,April,3.47,3.42
3/27/2024 21:20,April,11.69,11.51
3/27/2024 21:25,April,10.46,10.3
3/27/2024 21:30,April,10.46,10.3
3/27/2024 21:35,April,11.66,11.66
3/27/2024 21:40,April,9.95,9.8
3/27/2024 21:45,April,3.69,3.63
3/27/2024 21:50,April,3.69,3.63
3/27/2024 21:55,April,2.46,2.43
3/27/2024 22:00,April,2.95,2.9
3/27/2024 22:05,April,13.64,13.44
3/27/2024 22:10,April,3.88,3.82
3/27/2024 22:15,April,3.25,3.2
3/27/2024 22:20,April,2.94,2.9
3/27/2024 22:25,April,3.25,3.2
3/27/2024 22:30,April,2.94,2.9
3/27/2024 22:35,April,3.25,3.2
3/27/2024 22:40,April,3.25,3.2
3/27/2024 22:45,April,2.91,2.87
3/27/2024 22:50,April,2.46,2.43
3/27/2024 22:55,April,2.9,2.86
3/27/2024 23:00,April,2.9,2.86
3/27/2024 23:05,April,10.5,10.35
3/27/2024 23:10,April,3.45,3.4
3/27/2024 23:15,April,3.45,3.4
3/27/2024 23:20,April,3.24,3.2
3/27/2024 23:25,April,3.24,3.2
3/27/2024 23:30,April,3.25,3.2
3/27/2024 23:35,April,3.24,3.2
3/27/2024 23:40,April,3.46,3.41
3/27/2024 23:45,April,3.25,3.2
3/27/2024 23:50,April,3.56,3.51
3/27/2024 23:55,April,3.3,3.26
3/28/2024 0:00,April,3.24,3.19
3/28/2024 0:05,April,3.45,3.4
3/28/2024 0:10,April,3.18,3.14
3/28/2024 0:15,April,3.25,3.2
3/28/2024 0:20,April,3.25,3.2
3/28/2024 0:25,April,3.65,3.6
3/28/2024 0:30,April,3.65,3.6
3/28/2024 0:35,April,3.97,3.91
3/28/2024 0:40,April,3.98,3.92
3/28/2024 0:45,April,3.97,3.91
3/28/2024 0:50,April,3.75,3.7
3/28/2024 0:55,April,3.64,3.59
3/28/2024 1:00,April,3.4,3.35
3/28/2024 1:05,April,3.24,3.2
3/28/2024 1:10,April,3.22,3.17
3/28/2024 1:15,April,3.19,3.14
3/28/2024 1:20,April,3.24,3.2
3/28/2024 1:25,April,3.25,3.2
3/28/2024 1:30,April,3.15,3.11
3/28/2024 1:35,April,3.09,3.05
3/28/2024 1:40,April,2.94,2.9
3/28/2024 1:45,April,3.04,2.99
3/28/2024 1:50,April,2.55,2.52
3/28/2024 1:55,April,3.02,2.97
3/28/2024 2:00,April,2.98,2.93
3/28/2024 2:05,April,3.03,2.99
3/28/2024 2:10,April,2.94,2.9
3/28/2024 2:15,April,3.07,3.03
3/28/2024 2:20,April,3.04,3
3/28/2024 2:25,April,3.15,3.1
3/28/2024 2:30,April,3.16,3.11
3/28/2024 2:35,April,3.2,3.15
3/28/2024 2:40,April,3.04,2.99
3/28/2024 2:45,April,3.24,3.19
3/28/2024 2:50,April,3.19,3.14
3/28/2024 2:55,April,3.23,3.18
3/28/2024 3:00,April,3.23,3.17
3/28/2024 3:05,April,3.15,3.1
3/28/2024 3:10,April,3.24,3.19
3/28/2024 3:15,April,3.21,3.15
3/28/2024 3:20,April,3.25,3.19
3/28/2024 3:25,April,3.23,3.17
3/28/2024 3:30,April,3.17,3.11
3/28/2024 3:35,April,3.2,3.15
3/28/2024 3:40,April,3.17,3.11
3/28/2024 3:45,April,3.1,3.05
3/28/2024 3:50,April,3.09,3.04
3/28/2024 3:55,April,2.95,2.9
3/28/2024 4:00,April,3.11,3.06
3/28/2024 4:05,April,3.15,3.1
3/28/2024 4:10,April,3.15,3.1
3/28/2024 4:15,April,2.89,2.84
3/28/2024 4:20,April,3.15,3.1
3/28/2024 4:25,April,3.13,3.07
3/28/2024 4:30,April,3.13,3.08
3/28/2024 4:35,April,3.1,3.05
3/28/2024 4:40,April,2.95,2.9
3/28/2024 4:45,April,2.95,2.9
3/28/2024 4:50,April,2.89,2.84
3/28/2024 4:55,April,2.89,2.84
3/28/2024 5:00,April,2.94,2.89
3/28/2024 5:05,April,0,0
3/28/2024 5:10,April,1.57,1.54
3/28/2024 5:15,April,2.46,2.42
3/28/2024 5:20,April,2.54,2.51
3/28/2024 5:25,April,2.83,2.78
3/28/2024 5:30,April,2.8,2.76
3/28/2024 5:35,April,2.83,2.78
3/28/2024 5:40,April,1.57,1.54
3/28/2024 5:45,April,2.29,2.25
3/28/2024 5:50,April,2.46,2.42
3/28/2024 5:55,April,1.57,1.55
3/28/2024 6:00,April,2.46,2.42
3/28/2024 6:05,April,0,0
3/28/2024 6:10,April,2.45,2.42
3/28/2024 6:15,April,0,0
3/28/2024 6:20,April,1.57,1.55
3/28/2024 6:25,April,0,0
3/28/2024 6:30,April,0,0
3/28/2024 6:35,April,0,0
3/28/2024 6:40,April,0,0
3/28/2024 6:45,April,0,0
3/28/2024 6:50,April,0,0
3/28/2024 6:55,April,0,0
3/28/2024 7:00,April,0,0
3/28/2024 7:05,April,-1.03,-1.01
3/28/2024 7:10,April,0,0
3/28/2024 7:15,April,-0.01,-0.01
3/28/2024 7:20,April,0,0
3/28/2024 7:25,April,0,0
3/28/2024 7:30,April,0,0
3/28/2024 7:35,April,0,0
3/28/2024 7:40,April,0,0
3/28/2024 7:45,April,0,0
3/28/2024 7:50,April,0,0
3/28/2024 7:55,April,0,0
3/28/2024 8:00,April,0,0
3/28/2024 8:05,April,-9.89,-9.8
3/28/2024 8:10,April,-9.36,-9.28
3/28/2024 8:15,April,-1.05,-1.04
3/28/2024 8:20,April,-1,-1
3/28/2024 8:25,April,-1.01,-1
3/28/2024 8:30,April,-9.87,-9.8
3/28/2024 8:35,April,-9.87,-9.8
3/28/2024 8:40,April,-9.85,-9.78
3/28/2024 8:45,April,-9.8,-9.73
3/28/2024 8:50,April,-1.05,-1.04
3/28/2024 8:55,April,-1,-0.99
3/28/2024 9:00,April,-0.5,-0.49
3/28/2024 9:05,April,-9.83,-9.76
3/28/2024 9:10,April,-9.78,-9.71
3/28/2024 9:15,April,-9.81,-9.74
3/28/2024 9:20,April,-1.05,-1.04
3/28/2024 9:25,April,-0.5,-0.49
3/28/2024 9:30,April,-0.5,-0.5
3/28/2024 9:35,April,-0.47,-0.47
3/28/2024 9:40,April,-0.01,-0.01
3/28/2024 9:45,April,1.56,1.55
3/28/2024 9:50,April,0.69,0.68
3/28/2024 9:55,April,0,0
3/28/2024 10:00,April,1.56,1.55
3/28/2024 10:05,April,0,0
3/28/2024 10:10,April,0,0
3/28/2024 10:15,April,0,0
3/28/2024 10:20,April,1.55,1.54
3/28/2024 10:25,April,2.18,2.17
3/28/2024 10:30,April,2.38,2.36
3/28/2024 10:35,April,2.76,2.75
3/28/2024 10:40,April,2.77,2.75
3/28/2024 10:45,April,2.37,2.35
3/28/2024 10:50,April,1.55,1.54
3/28/2024 10:55,April,2.38,2.36
3/28/2024 11:00,April,2.17,2.16
3/28/2024 11:05,April,2.23,2.21
3/28/2024 11:10,April,2.67,2.66
3/28/2024 11:15,April,0,0
3/28/2024 11:20,April,0,0
3/28/2024 11:25,April,0,0
3/28/2024 11:30,April,2.68,2.66
3/28/2024 11:35,April,2.68,2.66
3/28/2024 11:40,April,0,0
3/28/2024 11:45,April,0,0
3/28/2024 11:50,April,0,0
3/28/2024 11:55,April,1.07,1.07
3/28/2024 12:00,April,1.55,1.54
3/28/2024 12:05,April,0,0
3/28/2024 12:10,April,1.55,1.54
3/28/2024 12:15,April,2.85,2.83
3/28/2024 12:20,April,2.76,2.75
3/28/2024 12:25,April,2.77,2.75
3/28/2024 12:30,April,2.68,2.66
3/28/2024 12:35,April,2.75,2.73
3/28/2024 12:40,April,2.78,2.76
3/28/2024 12:45,April,2.8,2.79
3/28/2024 12:50,April,2.8,2.79
3/28/2024 12:55,April,2.89,2.87
3/28/2024 13:00,April,2.81,2.79
3/28/2024 13:05,April,3.37,3.34
3/28/2024 13:10,April,2.82,2.8
3/28/2024 13:15,April,2.81,2.79
3/28/2024 13:20,April,2.8,2.78
3/28/2024 13:25,April,3.42,3.39
3/28/2024 13:30,April,2.91,2.89
3/28/2024 13:35,April,2.85,2.83
3/28/2024 13:40,April,2.88,2.86
3/28/2024 13:45,April,2.86,2.84
3/28/2024 13:50,April,2.87,2.85
3/28/2024 13:55,April,2.91,2.89
3/28/2024 14:00,April,0,0
3/28/2024 14:05,April,0,0
3/28/2024 14:10,April,2.43,2.41
3/28/2024 14:15,April,2.86,2.83
3/28/2024 14:20,April,2.86,2.82
3/28/2024 14:25,April,2.83,2.8
3/28/2024 14:30,April,2.72,2.69
3/28/2024 14:35,April,0,0
3/28/2024 14:40,April,1.55,1.54
3/28/2024 14:45,April,2.24,2.22
3/28/2024 14:50,April,2.43,2.4
3/28/2024 14:55,April,2.43,2.4
3/28/2024 15:00,April,2.17,2.15
3/28/2024 15:05,April,4.8,4.74
3/28/2024 15:10,April,3.45,3.41
3/28/2024 15:15,April,3.03,2.99
3/28/2024 15:20,April,3.03,2.99
3/28/2024 15:25,April,3.03,2.99
3/28/2024 15:30,April,2.44,2.41
3/28/2024 15:35,April,2.83,2.79
3/28/2024 15:40,April,2.44,2.41
3/28/2024 15:45,April,2.83,2.79
3/28/2024 15:50,April,2.45,2.42
3/28/2024 15:55,April,2.85,2.81
3/28/2024 16:00,April,2.85,2.81
3/28/2024 16:05,April,2.87,2.83
3/28/2024 16:10,April,2.45,2.42
3/28/2024 16:15,April,2.45,2.42
3/28/2024 16:20,April,0,0
3/28/2024 16:25,April,2.21,2.18
3/28/2024 16:30,April,1.56,1.54
3/28/2024 16:35,April,6.68,6.68
3/28/2024 16:40,April,2.84,2.81
3/28/2024 16:45,April,3.03,2.98
3/28/2024 16:50,April,3.03,2.99
3/28/2024 16:55,April,3.02,2.97
3/28/2024 17:00,April,3.04,3
3/28/2024 17:05,April,3.05,3
3/28/2024 17:10,April,3.05,3
3/28/2024 17:15,April,2.29,2.25
3/28/2024 17:20,April,2.46,2.42
3/28/2024 17:25,April,2.87,2.83
3/28/2024 17:30,April,2.83,2.79
3/28/2024 17:35,April,3.04,3
3/28/2024 17:40,April,2.95,2.9
3/28/2024 17:45,April,2.51,2.47
3/28/2024 17:50,April,2.95,2.9
3/28/2024 17:55,April,3.47,3.41
3/28/2024 18:00,April,3.43,3.38
3/28/2024 18:05,April,3.46,3.41
3/28/2024 18:10,April,3.44,3.39
3/28/2024 18:15,April,3.99,3.93
3/28/2024 18:20,April,4.64,4.57
3/28/2024 18:25,April,4.65,4.58
3/28/2024 18:30,April,4.84,4.76
3/28/2024 18:35,April,4.66,4.59
3/28/2024 18:40,April,4.37,4.3
3/28/2024 18:45,April,4.66,4.59
3/28/2024 18:50,April,4.66,4.59
3/28/2024 18:55,April,3.74,3.69
3/28/2024 19:00,April,4,3.94
3/28/2024 19:05,April,5.08,5
3/28/2024 19:10,April,4.67,4.6
3/28/2024 19:15,April,4.23,4.16
3/28/2024 19:20,April,4.06,4
3/28/2024 19:25,April,2.95,2.9
3/28/2024 19:30,April,3.48,3.42
3/28/2024 19:35,April,3.94,3.88
3/28/2024 19:40,April,4.65,4.57
3/28/2024 19:45,April,4.21,4.14
3/28/2024 19:50,April,1.24,1.21
3/28/2024 19:55,April,4.65,4.57
3/28/2024 20:00,April,4.65,4.57
3/28/2024 20:05,April,13.01,12.77
3/28/2024 20:10,April,8.04,7.89
3/28/2024 20:15,April,8.03,7.88
3/28/2024 20:20,April,6.69,6.56
3/28/2024 20:25,April,4.87,4.78
3/28/2024 20:30,April,4.88,4.78
3/28/2024 20:35,April,4.37,4.28
3/28/2024 20:40,April,4.36,4.28
3/28/2024 20:45,April,4.69,4.6
3/28/2024 20:50,April,4.68,4.59
3/28/2024 20:55,April,3.72,3.65
3/28/2024 21:00,April,4.88,4.79
3/28/2024 21:05,April,4.68,4.59
3/28/2024 21:10,April,4.68,4.58
3/28/2024 21:15,April,4.68,4.59
3/28/2024 21:20,April,4.37,4.29
3/28/2024 21:25,April,4.37,4.29
3/28/2024 21:30,April,4.37,4.29
3/28/2024 21:35,April,4.67,4.58
3/28/2024 21:40,April,4.37,4.29
3/28/2024 21:45,April,3.73,3.65
3/28/2024 21:50,April,4.84,4.74
3/28/2024 21:55,April,4.67,4.58
3/28/2024 22:00,April,4.67,4.58
3/28/2024 22:05,April,28.39,27.83
3/28/2024 22:10,April,6.72,6.59
3/28/2024 22:15,April,4.84,4.75
3/28/2024 22:20,April,4.66,4.57
3/28/2024 22:25,April,4.39,4.3
3/28/2024 22:30,April,4.38,4.3
3/28/2024 22:35,April,4.66,4.57
3/28/2024 22:40,April,4.66,4.57
3/28/2024 22:45,April,4.66,4.57
3/28/2024 22:50,April,4.84,4.75
3/28/2024 22:55,April,4.28,4.2
3/28/2024 23:00,April,4.28,4.2
3/28/2024 23:05,April,17.25,16.94
3/28/2024 23:10,April,4.83,4.74
3/28/2024 23:15,April,4.83,4.74
3/28/2024 23:20,April,4.66,4.57
3/28/2024 23:25,April,4.66,4.57
3/28/2024 23:30,April,4.66,4.57
3/28/2024 23:35,April,4,3.92
3/28/2024 23:40,April,3.99,3.92
3/28/2024 23:45,April,3.78,3.71
3/28/2024 23:50,April,3.99,3.92
3/28/2024 23:55,April,3.77,3.7
3/29/2024 0:00,April,3.61,3.55
3/29/2024 0:05,April,27.4,26.91
3/29/2024 0:10,April,4.85,4.76
3/29/2024 0:15,April,4.49,4.41
3/29/2024 0:20,April,4.05,3.98
3/29/2024 0:25,April,4.49,4.41
3/29/2024 0:30,April,4.05,3.98
3/29/2024 0:35,April,3.62,3.55
3/29/2024 0:40,April,4.05,3.98
3/29/2024 0:45,April,3.71,3.65
3/29/2024 0:50,April,3.46,3.4
3/29/2024 0:55,April,3.6,3.53
3/29/2024 1:00,April,3.46,3.4
3/29/2024 1:05,April,3.46,3.4
3/29/2024 1:10,April,3.46,3.4
3/29/2024 1:15,April,3.31,3.25
3/29/2024 1:20,April,3.3,3.24
3/29/2024 1:25,April,3.63,3.56
3/29/2024 1:30,April,3.32,3.26
3/29/2024 1:35,April,3.52,3.46
3/29/2024 1:40,April,4.66,4.58
3/29/2024 1:45,April,3.3,3.24
3/29/2024 1:50,April,3.33,3.26
3/29/2024 1:55,April,3.46,3.4
3/29/2024 2:00,April,3.32,3.26
3/29/2024 2:05,April,4.68,4.59
3/29/2024 2:10,April,3.52,3.45
3/29/2024 2:15,April,3.47,3.4
3/29/2024 2:20,April,3.54,3.47
3/29/2024 2:25,April,3.52,3.45
3/29/2024 2:30,April,3.51,3.45
3/29/2024 2:35,April,3.47,3.4
3/29/2024 2:40,April,3.53,3.47
3/29/2024 2:45,April,3.51,3.45
3/29/2024 2:50,April,3.34,3.28
3/29/2024 2:55,April,2.97,2.91
3/29/2024 3:00,April,3.28,3.22
3/29/2024 3:05,April,2.89,2.84
3/29/2024 3:10,April,3.29,3.22
3/29/2024 3:15,April,3.29,3.22
3/29/2024 3:20,April,3.29,3.22
3/29/2024 3:25,April,3.29,3.22
3/29/2024 3:30,April,2.97,2.91
3/29/2024 3:35,April,3.07,3.01
3/29/2024 3:40,April,3.07,3.01
3/29/2024 3:45,April,2.97,2.91
3/29/2024 3:50,April,2.89,2.83
3/29/2024 3:55,April,2.97,2.91
3/29/2024 4:00,April,2.89,2.83
3/29/2024 4:05,April,2.86,2.81
3/29/2024 4:10,April,2.88,2.83
3/29/2024 4:15,April,2.96,2.91
3/29/2024 4:20,April,2.97,2.91
3/29/2024 4:25,April,2.96,2.9
3/29/2024 4:30,April,2.88,2.82
3/29/2024 4:35,April,2.96,2.91
3/29/2024 4:40,April,2.86,2.81
3/29/2024 4:45,April,2.87,2.82
3/29/2024 4:50,April,2.87,2.82
3/29/2024 4:55,April,3.15,3.09
3/29/2024 5:00,April,2.87,2.82
3/29/2024 5:05,April,0,0
3/29/2024 5:10,April,0,0
3/29/2024 5:15,April,2.25,2.21
3/29/2024 5:20,April,2.47,2.43
3/29/2024 5:25,April,2.47,2.43
3/29/2024 5:30,April,2.79,2.74
3/29/2024 5:35,April,2.47,2.43
3/29/2024 5:40,April,2.47,2.42
3/29/2024 5:45,April,2.56,2.52
3/29/2024 5:50,April,2.75,2.7
3/29/2024 5:55,April,2.47,2.42
3/29/2024 6:00,April,1.57,1.54
3/29/2024 6:05,April,0,0
3/29/2024 6:10,April,0,0
3/29/2024 6:15,April,2.58,2.54
3/29/2024 6:20,April,0,0
3/29/2024 6:25,April,2.58,2.54
3/29/2024 6:30,April,0,0
3/29/2024 6:35,April,0,0
3/29/2024 6:40,April,1.03,1.01
3/29/2024 6:45,April,2.58,2.54
3/29/2024 6:50,April,2.75,2.71
3/29/2024 6:55,April,0,0
3/29/2024 7:00,April,0,0
3/29/2024 7:05,April,0,0
3/29/2024 7:10,April,-0.01,-0.01
3/29/2024 7:15,April,0,0
3/29/2024 7:20,April,0,0
3/29/2024 7:25,April,0,0
3/29/2024 7:30,April,0,0
3/29/2024 7:35,April,0,0
3/29/2024 7:40,April,0,0
3/29/2024 7:45,April,0,0
3/29/2024 7:50,April,0,0
3/29/2024 7:55,April,0,0
3/29/2024 8:00,April,0,0
3/29/2024 8:05,April,0,0
3/29/2024 8:10,April,0,0
3/29/2024 8:15,April,0,0
3/29/2024 8:20,April,0,0
3/29/2024 8:25,April,0,0
3/29/2024 8:30,April,0,0
3/29/2024 8:35,April,0,0
3/29/2024 8:40,April,0,0
3/29/2024 8:45,April,0,0
3/29/2024 8:50,April,0,0
3/29/2024 8:55,April,0,0
3/29/2024 9:00,April,2.79,2.77
3/29/2024 9:05,April,-1.01,-1
3/29/2024 9:10,April,0,0
3/29/2024 9:15,April,0,0
3/29/2024 9:20,April,-0.01,-0.01
3/29/2024 9:25,April,0,0
3/29/2024 9:30,April,0,0
3/29/2024 9:35,April,0,0
3/29/2024 9:40,April,0,0
3/29/2024 9:45,April,0,0
3/29/2024 9:50,April,0,0
3/29/2024 9:55,April,0,0
3/29/2024 10:00,April,0,0
3/29/2024 10:05,April,-3.02,-3
3/29/2024 10:10,April,-0.01,-0.01
3/29/2024 10:15,April,-0.01,-0.01
3/29/2024 10:20,April,0,0
3/29/2024 10:25,April,0,0
3/29/2024 10:30,April,0,0
3/29/2024 10:35,April,0,0
3/29/2024 10:40,April,0,0
3/29/2024 10:45,April,0,0
3/29/2024 10:50,April,0,0
3/29/2024 10:55,April,0,0
3/29/2024 11:00,April,-0.01,-0.01
3/29/2024 11:05,April,-0.01,-0.01
3/29/2024 11:10,April,-0.01,-0.01
3/29/2024 11:15,April,-0.01,-0.01
3/29/2024 11:20,April,-0.01,-0.01
3/29/2024 11:25,April,-0.01,-0.01
3/29/2024 11:30,April,0,0
3/29/2024 11:35,April,0,0
3/29/2024 11:40,April,0,0
3/29/2024 11:45,April,0,0
3/29/2024 11:50,April,0,0
3/29/2024 11:55,April,0,0
3/29/2024 12:00,April,0,0
3/29/2024 12:05,April,0,0
3/29/2024 12:10,April,-0.01,-0.01
3/29/2024 12:15,April,-1.01,-1
3/29/2024 12:20,April,-0.1,-0.1
3/29/2024 12:25,April,-0.01,-0.01
3/29/2024 12:30,April,0,0
3/29/2024 12:35,April,0,0
3/29/2024 12:40,April,0,0
3/29/2024 12:45,April,0,0
3/29/2024 12:50,April,0,0
3/29/2024 12:55,April,0,0
3/29/2024 13:00,April,0,0
3/29/2024 13:05,April,0,0
3/29/2024 13:10,April,0,0
3/29/2024 13:15,April,0,0
3/29/2024 13:20,April,-0.01,-0.01
3/29/2024 13:25,April,-0.01,-0.01
3/29/2024 13:30,April,0,0
3/29/2024 13:35,April,-0.01,-0.01
3/29/2024 13:40,April,-0.01,-0.01
3/29/2024 13:45,April,0,0
3/29/2024 13:50,April,-0.01,-0.01
3/29/2024 13:55,April,-0.01,-0.01
3/29/2024 14:00,April,0,0
3/29/2024 14:05,April,2.84,2.81
3/29/2024 14:10,April,2.7,2.68
3/29/2024 14:15,April,0,0
3/29/2024 14:20,April,2.4,2.37
3/29/2024 14:25,April,0,0
3/29/2024 14:30,April,0,0
3/29/2024 14:35,April,0,0
3/29/2024 14:40,April,2.9,2.87
3/29/2024 14:45,April,2.71,2.68
3/29/2024 14:50,April,2.4,2.38
3/29/2024 14:55,April,2.32,2.3
3/29/2024 15:00,April,1.12,1.11
3/29/2024 15:05,April,2.5,2.47
3/29/2024 15:10,April,2.73,2.69
3/29/2024 15:15,April,2,1.98
3/29/2024 15:20,April,2,1.98
3/29/2024 15:25,April,2.28,2.25
3/29/2024 15:30,April,2.28,2.25
3/29/2024 15:35,April,0,0
3/29/2024 15:40,April,0,0
3/29/2024 15:45,April,1,0.99
3/29/2024 15:50,April,1.13,1.12
3/29/2024 15:55,April,1.13,1.12
3/29/2024 16:00,April,0,0
3/29/2024 16:05,April,2.01,1.98
3/29/2024 16:10,April,0,0
3/29/2024 16:15,April,0,0
3/29/2024 16:20,April,2.01,1.98
3/29/2024 16:25,April,2.3,2.27
3/29/2024 16:30,April,1.14,1.13
3/29/2024 16:35,April,0,0
3/29/2024 16:40,April,0,0
3/29/2024 16:45,April,0,0
3/29/2024 16:50,April,1,0.99
3/29/2024 16:55,April,0,0
3/29/2024 17:00,April,1.99,1.97
3/29/2024 17:05,April,2.5,2.47
3/29/2024 17:10,April,2.73,2.7
3/29/2024 17:15,April,2.92,2.88
3/29/2024 17:20,April,2.74,2.7
3/29/2024 17:25,April,2.74,2.71
3/29/2024 17:30,April,2.92,2.88
3/29/2024 17:35,April,2.92,2.88
3/29/2024 17:40,April,3.31,3.26
3/29/2024 17:45,April,2.93,2.89
3/29/2024 17:50,April,3.02,2.98
3/29/2024 17:55,April,3.02,2.98
3/29/2024 18:00,April,3.32,3.27
3/29/2024 18:05,April,2.77,2.73
3/29/2024 18:10,April,2.77,2.72
3/29/2024 18:15,April,2.89,2.84
3/29/2024 18:20,April,2.95,2.9
3/29/2024 18:25,April,2.96,2.91
3/29/2024 18:30,April,2.96,2.91
3/29/2024 18:35,April,3.06,3.01
3/29/2024 18:40,April,3.16,3.1
3/29/2024 18:45,April,3.06,3.01
3/29/2024 18:50,April,3.07,3.01
3/29/2024 18:55,April,3.07,3.01
3/29/2024 19:00,April,3.07,3.01
3/29/2024 19:05,April,2.46,2.42
3/29/2024 19:10,April,2.86,2.81
3/29/2024 19:15,April,2.95,2.9
3/29/2024 19:20,April,2.86,2.81
3/29/2024 19:25,April,2.9,2.85
3/29/2024 19:30,April,2.96,2.91
3/29/2024 19:35,April,3.01,2.96
3/29/2024 19:40,April,3.01,2.96
3/29/2024 19:45,April,3.02,2.96
3/29/2024 19:50,April,3.01,2.96
3/29/2024 19:55,April,3.03,2.98
3/29/2024 20:00,April,3.03,2.97
3/29/2024 20:05,April,11.62,11.41
3/29/2024 20:10,April,4.72,4.63
3/29/2024 20:15,April,3.5,3.44
3/29/2024 20:20,April,3.55,3.49
3/29/2024 20:25,April,3.29,3.23
3/29/2024 20:30,April,3.3,3.24
3/29/2024 20:35,April,3.29,3.23
3/29/2024 20:40,April,2.96,2.91
3/29/2024 20:45,April,3.29,3.23
3/29/2024 20:50,April,3.29,3.23
3/29/2024 20:55,April,2.96,2.91
3/29/2024 21:00,April,3.3,3.24
3/29/2024 21:05,April,3.93,3.85
3/29/2024 21:10,April,4.03,3.95
3/29/2024 21:15,April,3.8,3.73
3/29/2024 21:20,April,3.79,3.72
3/29/2024 21:25,April,3.36,3.29
3/29/2024 21:30,April,3.5,3.43
3/29/2024 21:35,April,3.2,3.13
3/29/2024 21:40,April,3.35,3.29
3/29/2024 21:45,April,3.29,3.23
3/29/2024 21:50,April,2.97,2.91
3/29/2024 21:55,April,2.51,2.46
3/29/2024 22:00,April,2.87,2.81
3/29/2024 22:05,April,3.99,3.91
3/29/2024 22:10,April,3.48,3.41
3/29/2024 22:15,April,2.97,2.91
3/29/2024 22:20,April,2.97,2.91
3/29/2024 22:25,April,3.21,3.14
3/29/2024 22:30,April,2.97,2.91
3/29/2024 22:35,April,2.97,2.91
3/29/2024 22:40,April,2.85,2.8
3/29/2024 22:45,April,2.97,2.91
3/29/2024 22:50,April,2.97,2.91
3/29/2024 22:55,April,2.97,2.91
3/29/2024 23:00,April,3.05,2.99
3/29/2024 23:05,April,4.84,4.74
3/29/2024 23:10,April,4.02,3.94
3/29/2024 23:15,April,3.64,3.57
3/29/2024 23:20,April,3.33,3.26
3/29/2024 23:25,April,3.33,3.26
3/29/2024 23:30,April,3.33,3.26
3/29/2024 23:35,April,3.44,3.37
3/29/2024 23:40,April,3.24,3.17
3/29/2024 23:45,April,2.97,2.91
3/29/2024 23:50,April,2.97,2.91
3/29/2024 23:55,April,2.97,2.91
3/30/2024 0:00,April,2.85,2.79
3/30/2024 0:05,April,4.08,3.99
3/30/2024 0:10,April,3.57,3.5
3/30/2024 0:15,April,3.31,3.24
3/30/2024 0:20,April,3.45,3.38
3/30/2024 0:25,April,3.3,3.24
3/30/2024 0:30,April,3.26,3.2
3/30/2024 0:35,April,3.56,3.49
3/30/2024 0:40,April,3.24,3.18
3/30/2024 0:45,April,3.14,3.07
3/30/2024 0:50,April,2.99,2.93
3/30/2024 0:55,April,2.9,2.84
3/30/2024 1:00,April,2.33,2.29
3/30/2024 1:05,April,2.89,2.84
3/30/2024 1:10,April,2.75,2.7
3/30/2024 1:15,April,2.75,2.7
3/30/2024 1:20,April,2.85,2.79
3/30/2024 1:25,April,2.85,2.79
3/30/2024 1:30,April,2.75,2.7
3/30/2024 1:35,April,2.75,2.7
3/30/2024 1:40,April,2.75,2.7
3/30/2024 1:45,April,2.47,2.43
3/30/2024 1:50,April,2.75,2.71
3/30/2024 1:55,April,2.47,2.43
3/30/2024 2:00,April,2.83,2.78
3/30/2024 2:05,April,2.84,2.79
3/30/2024 2:10,April,2.84,2.79
3/30/2024 2:15,April,2.83,2.78
3/30/2024 2:20,April,2.83,2.78
3/30/2024 2:25,April,2.56,2.51
3/30/2024 2:30,April,2.32,2.28
3/30/2024 2:35,April,2.32,2.28
3/30/2024 2:40,April,2.57,2.52
3/30/2024 2:45,April,1.57,1.54
3/30/2024 2:50,April,0,0
3/30/2024 2:55,April,0,0
3/30/2024 3:00,April,1.03,1.01
3/30/2024 3:05,April,2.46,2.42
3/30/2024 3:10,April,1.57,1.54
3/30/2024 3:15,April,2.47,2.43
3/30/2024 3:20,April,1.57,1.54
3/30/2024 3:25,April,1.57,1.54
3/30/2024 3:30,April,0,0
3/30/2024 3:35,April,0,0
3/30/2024 3:40,April,1.03,1.01
3/30/2024 3:45,April,2.46,2.42
3/30/2024 3:50,April,0,0
3/30/2024 3:55,April,1.03,1.01
3/30/2024 4:00,April,1.57,1.54
3/30/2024 4:05,April,2.46,2.42
3/30/2024 4:10,April,0,0
3/30/2024 4:15,April,1.57,1.55
3/30/2024 4:20,April,1.57,1.54
3/30/2024 4:25,April,1.57,1.55
3/30/2024 4:30,April,1.57,1.55
3/30/2024 4:35,April,1.57,1.55
3/30/2024 4:40,April,0,0
3/30/2024 4:45,April,1.57,1.55
3/30/2024 4:50,April,0,0
3/30/2024 4:55,April,1.03,1.01
3/30/2024 5:00,April,1.03,1.01
3/30/2024 5:05,April,0,0
3/30/2024 5:10,April,0,0
3/30/2024 5:15,April,0,0
3/30/2024 5:20,April,0,0
3/30/2024 5:25,April,0,0
3/30/2024 5:30,April,0,0
3/30/2024 5:35,April,0,0
3/30/2024 5:40,April,1.57,1.55
3/30/2024 5:45,April,2.46,2.42
3/30/2024 5:50,April,0,0
3/30/2024 5:55,April,1.04,1.02
3/30/2024 6:00,April,2.35,2.32
3/30/2024 6:05,April,0,0
3/30/2024 6:10,April,0,0
3/30/2024 6:15,April,0,0
3/30/2024 6:20,April,0,0
3/30/2024 6:25,April,0,0
3/30/2024 6:30,April,0,0
3/30/2024 6:35,April,0,0
3/30/2024 6:40,April,0,0
3/30/2024 6:45,April,0,0
3/30/2024 6:50,April,0,0
3/30/2024 6:55,April,0,0
3/30/2024 7:00,April,2.75,2.71
3/30/2024 7:05,April,-10.14,-10.03
3/30/2024 7:10,April,0,0
3/30/2024 7:15,April,0,0
3/30/2024 7:20,April,0,0
3/30/2024 7:25,April,0,0
3/30/2024 7:30,April,0,0
3/30/2024 7:35,April,0,0
3/30/2024 7:40,April,0,0
3/30/2024 7:45,April,0,0
3/30/2024 7:50,April,0,0
3/30/2024 7:55,April,0,0
3/30/2024 8:00,April,1,0.99
3/30/2024 8:05,April,-0.1,-0.1
3/30/2024 8:10,April,0,0
3/30/2024 8:15,April,0,0
3/30/2024 8:20,April,-0.01,-0.01
3/30/2024 8:25,April,0,0
3/30/2024 8:30,April,0,0
3/30/2024 8:35,April,0.99,0.98
3/30/2024 8:40,April,0,0
3/30/2024 8:45,April,0,0
3/30/2024 8:50,April,0,0
3/30/2024 8:55,April,1.12,1.11
3/30/2024 9:00,April,0.99,0.99
3/30/2024 9:05,April,-0.01,-0.01
3/30/2024 9:10,April,-0.01,-0.01
3/30/2024 9:15,April,0,0
3/30/2024 9:20,April,0,0
3/30/2024 9:25,April,0,0
3/30/2024 9:30,April,1.56,1.55
3/30/2024 9:35,April,2.69,2.68
3/30/2024 9:40,April,2.69,2.67
3/30/2024 9:45,April,2.56,2.55
3/30/2024 9:50,April,2.56,2.54
3/30/2024 9:55,April,2.57,2.55
3/30/2024 10:00,April,0.99,0.98
3/30/2024 10:05,April,0,0
3/30/2024 10:10,April,1.1,1.09
3/30/2024 10:15,April,2.56,2.55
3/30/2024 10:20,April,2.56,2.55
3/30/2024 10:25,April,1.1,1.09
3/30/2024 10:30,April,2.68,2.67
3/30/2024 10:35,April,2.69,2.67
3/30/2024 10:40,April,1.55,1.54
3/30/2024 10:45,April,0,0
3/30/2024 10:50,April,0.98,0.98
3/30/2024 10:55,April,0,0
3/30/2024 11:00,April,1.09,1.08
3/30/2024 11:05,April,0,0
3/30/2024 11:10,April,0,0
3/30/2024 11:15,April,2.24,2.23
3/30/2024 11:20,April,0,0
3/30/2024 11:25,April,2.57,2.55
3/30/2024 11:30,April,1.55,1.54
3/30/2024 11:35,April,0,0
3/30/2024 11:40,April,0.98,0.98
3/30/2024 11:45,April,1.55,1.54
3/30/2024 11:50,April,0.98,0.98
3/30/2024 11:55,April,0,0
3/30/2024 12:00,April,0,0
3/30/2024 12:05,April,0,0
3/30/2024 12:10,April,0,0
3/30/2024 12:15,April,2.79,2.77
3/30/2024 12:20,April,2.25,2.23
3/30/2024 12:25,April,2.68,2.66
3/30/2024 12:30,April,0,0
3/30/2024 12:35,April,1.55,1.54
3/30/2024 12:40,April,2.68,2.66
3/30/2024 12:45,April,2.78,2.76
3/30/2024 12:50,April,2.68,2.66
3/30/2024 12:55,April,2.8,2.78
3/30/2024 13:00,April,2.83,2.8
3/30/2024 13:05,April,2.83,2.81
3/30/2024 13:10,April,2.79,2.77
3/30/2024 13:15,April,2.83,2.81
3/30/2024 13:20,April,2.68,2.66
3/30/2024 13:25,April,2.83,2.81
3/30/2024 13:30,April,2.79,2.77
3/30/2024 13:35,April,2.8,2.77
3/30/2024 13:40,April,2.84,2.81
3/30/2024 13:45,April,2.8,2.78
3/30/2024 13:50,April,2.68,2.66
3/30/2024 13:55,April,2.81,2.79
3/30/2024 14:00,April,2.68,2.66
3/30/2024 14:05,April,2.8,2.78
3/30/2024 14:10,April,2.68,2.66
3/30/2024 14:15,April,2.42,2.39
3/30/2024 14:20,April,2.69,2.66
3/30/2024 14:25,April,2.42,2.4
3/30/2024 14:30,April,2.84,2.82
3/30/2024 14:35,April,2.82,2.79
3/30/2024 14:40,April,2.69,2.67
3/30/2024 14:45,April,2.69,2.67
3/30/2024 14:50,April,2.71,2.68
3/30/2024 14:55,April,2.7,2.68
3/30/2024 15:00,April,2.43,2.4
3/30/2024 15:05,April,2.85,2.82
3/30/2024 15:10,April,2.43,2.41
3/30/2024 15:15,April,2.43,2.41
3/30/2024 15:20,April,2.44,2.41
3/30/2024 15:25,April,2.84,2.81
3/30/2024 15:30,April,2.85,2.82
3/30/2024 15:35,April,2.85,2.82
3/30/2024 15:40,April,2.8,2.77
3/30/2024 15:45,April,2.8,2.77
3/30/2024 15:50,April,2.44,2.41
3/30/2024 15:55,April,2.8,2.77
3/30/2024 16:00,April,2.44,2.41
3/30/2024 16:05,April,2.8,2.77
3/30/2024 16:10,April,2.44,2.41
3/30/2024 16:15,April,2.8,2.77
3/30/2024 16:20,April,2.44,2.41
3/30/2024 16:25,April,2.45,2.41
3/30/2024 16:30,April,2.45,2.41
3/30/2024 16:35,April,2.45,2.41
3/30/2024 16:40,April,2.81,2.77
3/30/2024 16:45,April,2.45,2.42
3/30/2024 16:50,April,2.45,2.42
3/30/2024 16:55,April,2.46,2.42
3/30/2024 17:00,April,2.34,2.3
3/30/2024 17:05,April,2.73,2.69
3/30/2024 17:10,April,2.46,2.42
3/30/2024 17:15,April,2.46,2.42
3/30/2024 17:20,April,2.74,2.7
3/30/2024 17:25,April,2.82,2.78
3/30/2024 17:30,April,2.87,2.82
3/30/2024 17:35,April,3.1,3.05
3/30/2024 17:40,April,2.82,2.78
3/30/2024 17:45,April,3.08,3.03
3/30/2024 17:50,April,3.29,3.23
3/30/2024 17:55,April,3.54,3.48
3/30/2024 18:00,April,3.22,3.16
3/30/2024 18:05,April,4.65,4.57
3/30/2024 18:10,April,3.63,3.56
3/30/2024 18:15,April,3.63,3.56
3/30/2024 18:20,April,3.73,3.66
3/30/2024 18:25,April,3.55,3.49
3/30/2024 18:30,April,3.63,3.57
3/30/2024 18:35,April,3.62,3.56
3/30/2024 18:40,April,3.47,3.41
3/30/2024 18:45,April,3.56,3.49
3/30/2024 18:50,April,3.47,3.41
3/30/2024 18:55,April,3.62,3.55
3/30/2024 19:00,April,3.49,3.43
3/30/2024 19:05,April,3.57,3.51
3/30/2024 19:10,April,3.58,3.51
3/30/2024 19:15,April,3.52,3.45
3/30/2024 19:20,April,3.14,3.08
3/30/2024 19:25,April,3.13,3.07
3/30/2024 19:30,April,3.27,3.21
3/30/2024 19:35,April,2.9,2.84
3/30/2024 19:40,April,3.16,3.1
3/30/2024 19:45,April,2.47,2.43
3/30/2024 19:50,April,3.28,3.22
3/30/2024 19:55,April,3.32,3.26
3/30/2024 20:00,April,2.89,2.84
3/30/2024 20:05,April,4.68,4.58
3/30/2024 20:10,April,3.75,3.67
3/30/2024 20:15,April,3.59,3.51
3/30/2024 20:20,April,3.53,3.46
3/30/2024 20:25,April,3.53,3.46
3/30/2024 20:30,April,3.54,3.47
3/30/2024 20:35,April,3.49,3.42
3/30/2024 20:40,April,3.1,3.04
3/30/2024 20:45,April,3.49,3.41
3/30/2024 20:50,April,3.49,3.42
3/30/2024 20:55,April,3.48,3.41
3/30/2024 21:00,April,3.34,3.27
3/30/2024 21:05,April,3.74,3.66
3/30/2024 21:10,April,3.59,3.52
3/30/2024 21:15,April,3.52,3.45
3/30/2024 21:20,April,3.59,3.51
3/30/2024 21:25,April,3.52,3.45
3/30/2024 21:30,April,3.51,3.44
3/30/2024 21:35,April,3.54,3.47
3/30/2024 21:40,April,3.51,3.44
3/30/2024 21:45,April,3.51,3.44
3/30/2024 21:50,April,3.5,3.42
3/30/2024 21:55,April,3.4,3.33
3/30/2024 22:00,April,2.48,2.43
3/30/2024 22:05,April,4.03,3.94
3/30/2024 22:10,April,3.71,3.63
3/30/2024 22:15,April,3.6,3.53
3/30/2024 22:20,April,3.52,3.44
3/30/2024 22:25,April,3.52,3.44
3/30/2024 22:30,April,3.61,3.53
3/30/2024 22:35,April,3.6,3.52
3/30/2024 22:40,April,3.5,3.42
3/30/2024 22:45,April,2.9,2.84
3/30/2024 22:50,April,3.26,3.19
3/30/2024 22:55,April,2.94,2.88
3/30/2024 23:00,April,2.9,2.84
3/30/2024 23:05,April,3.6,3.53
3/30/2024 23:10,April,3.48,3.41
3/30/2024 23:15,April,3.48,3.41
3/30/2024 23:20,April,3.33,3.26
3/30/2024 23:25,April,3.35,3.28
3/30/2024 23:30,April,3.04,2.98
3/30/2024 23:35,April,2.9,2.84
3/30/2024 23:40,April,2.9,2.84
3/30/2024 23:45,April,3.1,3.03
3/30/2024 23:50,April,2.9,2.84
3/30/2024 23:55,April,2.87,2.81
3/31/2024 0:00,April,2.86,2.8
3/31/2024 0:05,April,3.59,3.51
3/31/2024 0:10,April,3.47,3.4
3/31/2024 0:15,April,3.53,3.46
3/31/2024 0:20,April,3.47,3.4
3/31/2024 0:25,April,3.42,3.35
3/31/2024 0:30,April,3.51,3.44
3/31/2024 0:35,April,2.89,2.83
3/31/2024 0:40,April,3.31,3.24
3/31/2024 0:45,April,3.26,3.2
3/31/2024 0:50,April,3.47,3.4
3/31/2024 0:55,April,3.47,3.41
3/31/2024 1:00,April,3.34,3.27
3/31/2024 1:05,April,3.33,3.27
3/31/2024 1:10,April,3.28,3.22
3/31/2024 1:15,April,3.32,3.26
3/31/2024 1:20,April,2.85,2.79
3/31/2024 1:25,April,3.27,3.21
3/31/2024 1:30,April,3.27,3.21
3/31/2024 1:35,April,2.89,2.83
3/31/2024 1:40,April,2.85,2.79
3/31/2024 1:45,April,2.88,2.83
3/31/2024 1:50,April,2.88,2.83
3/31/2024 1:55,April,2.88,2.83
3/31/2024 2:00,April,2.58,2.53
3/31/2024 2:05,April,2.88,2.82
3/31/2024 2:10,April,2.88,2.82
3/31/2024 2:15,April,2.63,2.59
3/31/2024 2:20,April,2.85,2.8
3/31/2024 2:25,April,2.85,2.8
3/31/2024 2:30,April,2.78,2.73
3/31/2024 2:35,April,2.83,2.78
3/31/2024 2:40,April,2.83,2.78
3/31/2024 2:45,April,2.87,2.82
3/31/2024 2:50,April,2.84,2.79
3/31/2024 2:55,April,2.83,2.78
3/31/2024 3:00,April,2.76,2.71
3/31/2024 3:05,April,2.76,2.71
3/31/2024 3:10,April,2.76,2.71
3/31/2024 3:15,April,2.82,2.77
3/31/2024 3:20,April,2.85,2.79
3/31/2024 3:25,April,2.47,2.43
3/31/2024 3:30,April,2.53,2.48
3/31/2024 3:35,April,2.76,2.71
3/31/2024 3:40,April,2.47,2.43
3/31/2024 3:45,April,2.73,2.68
3/31/2024 3:50,April,2.77,2.72
3/31/2024 3:55,April,2.81,2.76
3/31/2024 4:00,April,0,0
3/31/2024 4:05,April,2.5,2.46
3/31/2024 4:10,April,2.47,2.43
3/31/2024 4:15,April,2.51,2.47
3/31/2024 4:20,April,2.47,2.43
3/31/2024 4:25,April,2.52,2.48
3/31/2024 4:30,April,2.47,2.43
3/31/2024 4:35,April,2.69,2.65
3/31/2024 4:40,April,2.69,2.65
3/31/2024 4:45,April,2.58,2.54
3/31/2024 4:50,April,2.54,2.5
3/31/2024 4:55,April,2.7,2.65
3/31/2024 5:00,April,2.6,2.56
3/31/2024 5:05,April,2.75,2.71
3/31/2024 5:10,April,2.74,2.7
3/31/2024 5:15,April,2.47,2.43
3/31/2024 5:20,April,2.74,2.7
3/31/2024 5:25,April,0,0
3/31/2024 5:30,April,0,0
3/31/2024 5:35,April,1.57,1.54
3/31/2024 5:40,April,0,0
3/31/2024 5:45,April,0,0
3/31/2024 5:50,April,1.57,1.54
3/31/2024 5:55,April,1.57,1.54
3/31/2024 6:00,April,1.02,1
3/31/2024 6:05,April,0,0
3/31/2024 6:10,April,0,0
3/31/2024 6:15,April,0,0
3/31/2024 6:20,April,0,0
3/31/2024 6:25,April,0,0
3/31/2024 6:30,April,0,0
3/31/2024 6:35,April,0,0
3/31/2024 6:40,April,0,0
3/31/2024 6:45,April,0,0
3/31/2024 6:50,April,0,0
3/31/2024 6:55,April,0,0
3/31/2024 7:00,April,0.51,0.5
3/31/2024 7:05,April,0,0
3/31/2024 7:10,April,0,0
3/31/2024 7:15,April,0,0
3/31/2024 7:20,April,0,0
3/31/2024 7:25,April,2.5,2.47
3/31/2024 7:30,April,0,0
3/31/2024 7:35,April,2.25,2.23
3/31/2024 7:40,April,1.57,1.55
3/31/2024 7:45,April,0,0
3/31/2024 7:50,April,0,0
3/31/2024 7:55,April,0,0
3/31/2024 8:00,April,0,0
3/31/2024 8:05,April,1.56,1.55
3/31/2024 8:10,April,1.56,1.55
3/31/2024 8:15,April,3.18,3.16
3/31/2024 8:20,April,3.2,3.18
3/31/2024 8:25,April,2.7,2.68
3/31/2024 8:30,April,2.72,2.7
3/31/2024 8:35,April,1.56,1.55
3/31/2024 8:40,April,1.56,1.55
3/31/2024 8:45,April,2.7,2.68
3/31/2024 8:50,April,2.71,2.7
3/31/2024 8:55,April,2.78,2.76
3/31/2024 9:00,April,2.78,2.76
3/31/2024 9:05,April,0,0
3/31/2024 9:10,April,2.25,2.23
3/31/2024 9:15,April,2.7,2.68
3/31/2024 9:20,April,2.81,2.79
3/31/2024 9:25,April,2.69,2.67
3/31/2024 9:30,April,2.29,2.27
3/31/2024 9:35,April,3.17,3.14
3/31/2024 9:40,April,3.25,3.23
3/31/2024 9:45,April,3.19,3.17
3/31/2024 9:50,April,2.82,2.8
3/31/2024 9:55,April,2.82,2.8
3/31/2024 10:00,April,2.82,2.8
3/31/2024 10:05,April,2.83,2.8
3/31/2024 10:10,April,2.68,2.66
3/31/2024 10:15,April,2.94,2.91
3/31/2024 10:20,April,2.69,2.67
3/31/2024 10:25,April,2.33,2.31
3/31/2024 10:30,April,2.28,2.26
3/31/2024 10:35,April,2.34,2.32
3/31/2024 10:40,April,2.78,2.75
3/31/2024 10:45,April,2.28,2.25
3/31/2024 10:50,April,2.69,2.66
3/31/2024 10:55,April,3.23,3.19
3/31/2024 11:00,April,2.85,2.82
3/31/2024 11:05,April,2.77,2.74
3/31/2024 11:10,April,2.77,2.74
3/31/2024 11:15,April,2.85,2.82
3/31/2024 11:20,April,2.32,2.29
3/31/2024 11:25,April,2.77,2.74
3/31/2024 11:30,April,2.2,2.17
3/31/2024 11:35,April,0,0
3/31/2024 11:40,April,2.77,2.74
3/31/2024 11:45,April,0,0
3/31/2024 11:50,April,1.09,1.08
3/31/2024 11:55,April,2.77,2.74
3/31/2024 12:00,April,1.55,1.53
3/31/2024 12:05,April,2.26,2.24
3/31/2024 12:10,April,2.85,2.82
3/31/2024 12:15,April,2.31,2.29
3/31/2024 12:20,April,0,0
3/31/2024 12:25,April,2.68,2.66
3/31/2024 12:30,April,2.76,2.74
3/31/2024 12:35,April,2.76,2.74
3/31/2024 12:40,April,2.41,2.39
3/31/2024 12:45,April,2.42,2.39
3/31/2024 12:50,April,2.3,2.28
3/31/2024 12:55,April,2.76,2.73
3/31/2024 13:00,April,2.42,2.4
3/31/2024 13:05,April,2.29,2.27
3/31/2024 13:10,April,2.85,2.82
3/31/2024 13:15,April,2.76,2.73
3/31/2024 13:20,April,2.43,2.4
3/31/2024 13:25,April,2.68,2.65
3/31/2024 13:30,April,2.76,2.73
3/31/2024 13:35,April,2.43,2.4
3/31/2024 13:40,April,2.68,2.65
3/31/2024 13:45,April,2.43,2.4
3/31/2024 13:50,April,2.45,2.42
3/31/2024 13:55,April,2.43,2.4
3/31/2024 14:00,April,3.35,3.31
3/31/2024 14:05,April,3.33,3.29
3/31/2024 14:10,April,2.85,2.82
3/31/2024 14:15,April,3.22,3.18
3/31/2024 14:20,April,3.22,3.18
3/31/2024 14:25,April,3.23,3.19
3/31/2024 14:30,April,3.36,3.32
3/31/2024 14:35,April,2.86,2.83
3/31/2024 14:40,April,3.23,3.19
3/31/2024 14:45,April,3.36,3.32
3/31/2024 14:50,April,3.23,3.19
3/31/2024 14:55,April,3.26,3.22
3/31/2024 15:00,April,3.26,3.22
3/31/2024 15:05,April,3.69,3.64
3/31/2024 15:10,April,3.59,3.54
3/31/2024 15:15,April,3.4,3.36
3/31/2024 15:20,April,3.28,3.23
3/31/2024 15:25,April,3.38,3.34
3/31/2024 15:30,April,3.38,3.34
3/31/2024 15:35,April,3.59,3.54
3/31/2024 15:40,April,3.4,3.35
3/31/2024 15:45,April,3.61,3.56
3/31/2024 15:50,April,3.61,3.56
3/31/2024 15:55,April,3.72,3.67
3/31/2024 16:00,April,3.62,3.56
3/31/2024 16:05,April,3.62,3.57
3/31/2024 16:10,April,2.87,2.83
3/31/2024 16:15,April,3.41,3.36
3/31/2024 16:20,April,3.27,3.23
3/31/2024 16:25,April,3.27,3.23
3/31/2024 16:30,April,3.63,3.57
3/31/2024 16:35,April,3.65,3.6
3/31/2024 16:40,April,3.82,3.76
3/31/2024 16:45,April,3.97,3.91
3/31/2024 16:50,April,3.73,3.67
3/31/2024 16:55,April,3.97,3.91
3/31/2024 17:00,April,3.65,3.59
3/31/2024 17:05,April,3.48,3.43
3/31/2024 17:10,April,3.5,3.45
3/31/2024 17:15,April,3.93,3.87
3/31/2024 17:20,April,3.68,3.63
3/31/2024 17:25,April,4.59,4.52
3/31/2024 17:30,April,4.21,4.15
3/31/2024 17:35,April,4.21,4.15
3/31/2024 17:40,April,4.61,4.54
3/31/2024 17:45,April,4.21,4.15
3/31/2024 17:50,April,3.71,3.65
3/31/2024 17:55,April,4.79,4.72
3/31/2024 18:00,April,4.79,4.72
3/31/2024 18:05,April,4.8,4.72
3/31/2024 18:10,April,4.33,4.26
3/31/2024 18:15,April,4.61,4.54
3/31/2024 18:20,April,4.79,4.71
3/31/2024 18:25,April,6.64,6.54
3/31/2024 18:30,April,4.8,4.72
3/31/2024 18:35,April,15.62,15.37
3/31/2024 18:40,April,4.81,4.74
3/31/2024 18:45,April,4.82,4.74
3/31/2024 18:50,April,4.56,4.49
3/31/2024 18:55,April,4.47,4.4
3/31/2024 19:00,April,4.56,4.48
3/31/2024 19:05,April,4.63,4.55
3/31/2024 19:10,April,4.62,4.55
3/31/2024 19:15,April,4.63,4.55
3/31/2024 19:20,April,4.62,4.55
3/31/2024 19:25,April,4.56,4.49
3/31/2024 19:30,April,4.56,4.49
3/31/2024 19:35,April,4.45,4.38
3/31/2024 19:40,April,11.47,11.28
3/31/2024 19:45,April,4.8,4.72
3/31/2024 19:50,April,4.65,4.57
3/31/2024 19:55,April,4.81,4.73
3/31/2024 20:00,April,4.63,4.55
3/31/2024 20:05,April,4.65,4.57
3/31/2024 20:10,April,4.84,4.76
3/31/2024 20:15,April,4.84,4.75
3/31/2024 20:20,April,4.83,4.75
3/31/2024 20:25,April,4.83,4.75
3/31/2024 20:30,April,4.7,4.62
3/31/2024 20:35,April,4.37,4.29
3/31/2024 20:40,April,4.53,4.45
3/31/2024 20:45,April,4.67,4.59
3/31/2024 20:50,April,4.67,4.59
3/31/2024 20:55,April,4.68,4.59
3/31/2024 21:00,April,4.38,4.3
3/31/2024 21:05,April,4.85,4.76
3/31/2024 21:10,April,4.44,4.36
3/31/2024 21:15,April,4.63,4.55
3/31/2024 21:20,April,4.63,4.55
3/31/2024 21:25,April,4.84,4.76
3/31/2024 21:30,April,4.67,4.58
3/31/2024 21:35,April,4.85,4.76
3/31/2024 21:40,April,4.67,4.59
3/31/2024 21:45,April,4.38,4.3
3/31/2024 21:50,April,4.63,4.54
3/31/2024 21:55,April,4.62,4.54
3/31/2024 22:00,April,4.62,4.54
3/31/2024 22:05,April,4.66,4.57
3/31/2024 22:10,April,4.63,4.55
3/31/2024 22:15,April,4.63,4.55
3/31/2024 22:20,April,4.37,4.29
3/31/2024 22:25,April,4.65,4.57
3/31/2024 22:30,April,4.53,4.45
3/31/2024 22:35,April,4.53,4.45
3/31/2024 22:40,April,4.64,4.57
3/31/2024 22:45,April,4.65,4.57
3/31/2024 22:50,April,4.53,4.46
3/31/2024 22:55,April,4.53,4.46
3/31/2024 23:00,April,4.63,4.56
3/31/2024 23:05,April,4.34,4.27
3/31/2024 23:10,April,4,3.94
3/31/2024 23:15,April,3.73,3.67
3/31/2024 23:20,April,3.77,3.71
3/31/2024 23:25,April,3.68,3.62
3/31/2024 23:30,April,3.68,3.62
3/31/2024 23:35,April,3.73,3.67
3/31/2024 23:40,April,3.68,3.62
3/31/2024 23:45,April,3.69,3.62
3/31/2024 23:50,April,3.68,3.62
3/31/2024 23:55,April,3.69,3.62
4/1/2024 0:00,April,3.69,3.62
4/1/2024 0:05,April,3.46,3.4
4/1/2024 0:10,April,3.47,3.41
4/1/2024 0:15,April,3.58,3.52
4/1/2024 0:20,April,3.58,3.52
4/1/2024 0:25,April,3.58,3.52
4/1/2024 0:30,April,3.28,3.23
4/1/2024 0:35,April,3.58,3.52
4/1/2024 0:40,April,3.47,3.4
4/1/2024 0:45,April,3.23,3.17
4/1/2024 0:50,April,3.52,3.46
4/1/2024 0:55,April,3.58,3.51
4/1/2024 1:00,April,3.52,3.46
4/1/2024 1:05,April,3.69,3.62
4/1/2024 1:10,April,3.99,3.92
4/1/2024 1:15,April,3.73,3.66
4/1/2024 1:20,April,3.27,3.21
4/1/2024 1:25,April,3.27,3.21
4/1/2024 1:30,April,3.21,3.15
4/1/2024 1:35,April,3.27,3.21
4/1/2024 1:40,April,3.22,3.16
4/1/2024 1:45,April,3.27,3.21
4/1/2024 1:50,April,3.27,3.21
4/1/2024 1:55,April,3.22,3.16
4/1/2024 2:00,April,3.27,3.21
4/1/2024 2:05,April,3.27,3.21
4/1/2024 2:10,April,3.23,3.17
4/1/2024 2:15,April,3.31,3.24
4/1/2024 2:20,April,3.28,3.22
4/1/2024 2:25,April,3.31,3.25
4/1/2024 2:30,April,3.31,3.25
4/1/2024 2:35,April,3.34,3.28
4/1/2024 2:40,April,3.23,3.17
4/1/2024 2:45,April,2.39,2.35
4/1/2024 2:50,April,2.88,2.83
4/1/2024 2:55,April,3.18,3.12
4/1/2024 3:00,April,3.31,3.25
4/1/2024 3:05,April,3.31,3.25
4/1/2024 3:10,April,3.31,3.25
4/1/2024 3:15,April,3.31,3.25
4/1/2024 3:20,April,3.2,3.14
4/1/2024 3:25,April,3.2,3.15
4/1/2024 3:30,April,3.31,3.25
4/1/2024 3:35,April,2.9,2.85
4/1/2024 3:40,April,3.18,3.12
4/1/2024 3:45,April,2.6,2.55
4/1/2024 3:50,April,2.84,2.79
4/1/2024 3:55,April,3.18,3.13
4/1/2024 4:00,April,3.17,3.12
4/1/2024 4:05,April,3.28,3.23
4/1/2024 4:10,April,3.3,3.25
4/1/2024 4:15,April,3.18,3.13
4/1/2024 4:20,April,3.31,3.25
4/1/2024 4:25,April,3.2,3.15
4/1/2024 4:30,April,3.3,3.24
4/1/2024 4:35,April,3.3,3.24
4/1/2024 4:40,April,3.32,3.26
4/1/2024 4:45,April,3.3,3.24
4/1/2024 4:50,April,3.19,3.13
4/1/2024 4:55,April,3.31,3.24
4/1/2024 5:00,April,3.2,3.14
4/1/2024 5:05,April,1.56,1.53
4/1/2024 5:10,April,3.2,3.14
4/1/2024 5:15,April,3.3,3.24
4/1/2024 5:20,April,3.31,3.25
4/1/2024 5:25,April,3.31,3.25
4/1/2024 5:30,April,3.31,3.25
4/1/2024 5:35,April,3.29,3.23
4/1/2024 5:40,April,3.32,3.25
4/1/2024 5:45,April,3.39,3.32
4/1/2024 5:50,April,3.32,3.26
4/1/2024 5:55,April,3.33,3.26
4/1/2024 6:00,April,3.27,3.21
4/1/2024 6:05,April,0,0
4/1/2024 6:10,April,2.47,2.42
4/1/2024 6:15,April,2.88,2.83
4/1/2024 6:20,April,0,0
4/1/2024 6:25,April,2.47,2.42
4/1/2024 6:30,April,2.75,2.7
4/1/2024 6:35,April,2.58,2.54
4/1/2024 6:40,April,2.75,2.7
4/1/2024 6:45,April,2.83,2.79
4/1/2024 6:50,April,2.74,2.7
4/1/2024 6:55,April,2.85,2.8
4/1/2024 7:00,April,2.83,2.79
4/1/2024 7:05,April,-1.01,-1
4/1/2024 7:10,April,0,0
4/1/2024 7:15,April,0.51,0.5
4/1/2024 7:20,April,2.34,2.32
4/1/2024 7:25,April,2.56,2.52
4/1/2024 7:30,April,2.23,2.21
4/1/2024 7:35,April,2.72,2.68
4/1/2024 7:40,April,3.27,3.23
4/1/2024 7:45,April,3.27,3.23
4/1/2024 7:50,April,3.41,3.37
4/1/2024 7:55,April,3.41,3.37
4/1/2024 8:00,April,3.48,3.44
4/1/2024 8:05,April,1.1,1.09
4/1/2024 8:10,April,3.51,3.46
4/1/2024 8:15,April,3.16,3.12
4/1/2024 8:20,April,3.42,3.37
4/1/2024 8:25,April,3.14,3.1
4/1/2024 8:30,April,3.42,3.37
4/1/2024 8:35,April,3.42,3.38
4/1/2024 8:40,April,3.5,3.45
4/1/2024 8:45,April,3.4,3.36
4/1/2024 8:50,April,3.5,3.45
4/1/2024 8:55,April,4.58,4.52
4/1/2024 9:00,April,4.38,4.32
4/1/2024 9:05,April,0,0
4/1/2024 9:10,April,3.47,3.44
4/1/2024 9:15,April,3.47,3.43
4/1/2024 9:20,April,3.56,3.52
4/1/2024 9:25,April,3.48,3.45
4/1/2024 9:30,April,3.48,3.45
4/1/2024 9:35,April,3.48,3.44
4/1/2024 9:40,April,3.58,3.55
4/1/2024 9:45,April,3.48,3.44
4/1/2024 9:50,April,3.48,3.45
4/1/2024 9:55,April,3.48,3.45
4/1/2024 10:00,April,3.47,3.44
4/1/2024 10:05,April,2.78,2.75
4/1/2024 10:10,April,3.38,3.34
4/1/2024 10:15,April,3.66,3.62
4/1/2024 10:20,April,3.48,3.44
4/1/2024 10:25,April,3.47,3.44
4/1/2024 10:30,April,3.67,3.63
4/1/2024 10:35,April,3.66,3.62
4/1/2024 10:40,April,3.57,3.54
4/1/2024 10:45,April,3.57,3.54
4/1/2024 10:50,April,3.57,3.54
4/1/2024 10:55,April,3.47,3.44
4/1/2024 11:00,April,4.68,4.64
4/1/2024 11:05,April,3.67,3.64
4/1/2024 11:10,April,4.5,4.46
4/1/2024 11:15,April,3.67,3.64
4/1/2024 11:20,April,3.67,3.64
4/1/2024 11:25,April,3.56,3.53
4/1/2024 11:30,April,3.83,3.8
4/1/2024 11:35,April,3.67,3.64
4/1/2024 11:40,April,3.66,3.63
4/1/2024 11:45,April,3.66,3.63
4/1/2024 11:50,April,3.46,3.43
4/1/2024 11:55,April,3.46,3.43
4/1/2024 12:00,April,3.36,3.32
4/1/2024 12:05,April,3.65,3.62
4/1/2024 12:10,April,3.65,3.62
4/1/2024 12:15,April,3.67,3.63
4/1/2024 12:20,April,3.67,3.63
4/1/2024 12:25,April,3.46,3.43
4/1/2024 12:30,April,3.46,3.43
4/1/2024 12:35,April,3.46,3.43
4/1/2024 12:40,April,3.65,3.62
4/1/2024 12:45,April,3.68,3.64
4/1/2024 12:50,April,4,3.96
4/1/2024 12:55,April,3.71,3.68
4/1/2024 13:00,April,4.66,4.62
4/1/2024 13:05,April,4.69,4.65
4/1/2024 13:10,April,21.14,20.93
4/1/2024 13:15,April,13.06,12.92
4/1/2024 13:20,April,4.86,4.81
4/1/2024 13:25,April,4.69,4.64
4/1/2024 13:30,April,4.69,4.64
4/1/2024 13:35,April,4.69,4.65
4/1/2024 13:40,April,8.87,8.79
4/1/2024 13:45,April,4.71,4.66
4/1/2024 13:50,April,4.75,4.71
4/1/2024 13:55,April,4.73,4.69
4/1/2024 14:00,April,4.74,4.7
4/1/2024 14:05,April,4.74,4.7
4/1/2024 14:10,April,4.57,4.53
4/1/2024 14:15,April,4.75,4.71
4/1/2024 14:20,April,4.42,4.38
4/1/2024 14:25,April,4.75,4.71
4/1/2024 14:30,April,4.75,4.72
4/1/2024 14:35,April,4.78,4.74
4/1/2024 14:40,April,4.75,4.72
4/1/2024 14:45,April,4.77,4.73
4/1/2024 14:50,April,4.42,4.39
4/1/2024 14:55,April,4.75,4.71
4/1/2024 15:00,April,4.57,4.54
4/1/2024 15:05,April,15.18,15.05
4/1/2024 15:10,April,10.42,10.33
4/1/2024 15:15,April,4.77,4.73
4/1/2024 15:20,April,6.54,6.48
4/1/2024 15:25,April,6.54,6.47
4/1/2024 15:30,April,6.53,6.46
4/1/2024 15:35,April,5.2,5.14
4/1/2024 15:40,April,6.53,6.45
4/1/2024 15:45,April,6.54,6.46
4/1/2024 15:50,April,9.93,9.8
4/1/2024 15:55,April,9.93,9.8
4/1/2024 16:00,April,9.92,9.79
4/1/2024 16:05,April,15.16,14.95
4/1/2024 16:10,April,9.98,9.84
4/1/2024 16:15,April,9.98,9.84
4/1/2024 16:20,April,9.99,9.84
4/1/2024 16:25,April,6.59,6.5
4/1/2024 16:30,April,6.59,6.5
4/1/2024 16:35,April,4.8,4.74
4/1/2024 16:40,April,4.81,4.74
4/1/2024 16:45,April,10.45,10.31
4/1/2024 16:50,April,4.82,4.76
4/1/2024 16:55,April,4.83,4.77
4/1/2024 17:00,April,4.43,4.38
4/1/2024 17:05,April,4.42,4.36
4/1/2024 17:10,April,3.66,3.62
4/1/2024 17:15,April,4.46,4.41
4/1/2024 17:20,April,4.63,4.57
4/1/2024 17:25,April,4.81,4.75
4/1/2024 17:30,April,4.64,4.58
4/1/2024 17:35,April,4.64,4.58
4/1/2024 17:40,April,4.82,4.76
4/1/2024 17:45,April,4.85,4.78
4/1/2024 17:50,April,4.46,4.4
4/1/2024 17:55,April,4.84,4.77
4/1/2024 18:00,April,4.83,4.76
4/1/2024 18:05,April,4.83,4.76
4/1/2024 18:10,April,4.65,4.59
4/1/2024 18:15,April,4.82,4.76
4/1/2024 18:20,April,4.83,4.77
4/1/2024 18:25,April,11.77,11.61
4/1/2024 18:30,April,4.86,4.8
4/1/2024 18:35,April,4.87,4.8
4/1/2024 18:40,April,6.63,6.54
4/1/2024 18:45,April,4.48,4.42
4/1/2024 18:50,April,4.68,4.61
4/1/2024 18:55,April,4.85,4.78
4/1/2024 19:00,April,3.56,3.51
4/1/2024 19:05,April,18.9,18.63
4/1/2024 19:10,April,4.86,4.79
4/1/2024 19:15,April,4.68,4.61
4/1/2024 19:20,April,4.88,4.81
4/1/2024 19:25,April,4.69,4.62
4/1/2024 19:30,April,4.86,4.79
4/1/2024 19:35,April,4.68,4.61
4/1/2024 19:40,April,4.88,4.81
4/1/2024 19:45,April,4.86,4.79
4/1/2024 19:50,April,4.87,4.8
4/1/2024 19:55,April,4.87,4.8
4/1/2024 20:00,April,4.87,4.79
4/1/2024 20:05,April,21.11,20.76
4/1/2024 20:10,April,9.07,8.9
4/1/2024 20:15,April,9.01,8.84
4/1/2024 20:20,April,11.55,11.33
4/1/2024 20:25,April,10.05,9.86
4/1/2024 20:30,April,6.68,6.55
4/1/2024 20:35,April,4.69,4.6
4/1/2024 20:40,April,4.86,4.77
4/1/2024 20:45,April,4.86,4.77
4/1/2024 20:50,April,4.86,4.77
4/1/2024 20:55,April,4.48,4.4
4/1/2024 21:00,April,4.48,4.4
4/1/2024 21:05,April,4.88,4.79
4/1/2024 21:10,April,4.87,4.87
4/1/2024 21:15,April,4.88,4.79
4/1/2024 21:20,April,4.9,4.82
4/1/2024 21:25,April,6.71,6.6
4/1/2024 21:30,April,4.88,4.8
4/1/2024 21:35,April,4.86,4.78
4/1/2024 21:40,April,4.7,4.63
4/1/2024 21:45,April,4.69,4.62
4/1/2024 21:50,April,4.48,4.41
4/1/2024 21:55,April,4.49,4.42
4/1/2024 22:00,April,4.49,4.42
4/1/2024 22:05,April,29.2,28.75
4/1/2024 22:10,April,10.39,10.23
4/1/2024 22:15,April,4.85,4.78
4/1/2024 22:20,April,4.67,4.6
4/1/2024 22:25,April,4.67,4.6
4/1/2024 22:30,April,4.85,4.77
4/1/2024 22:35,April,4.67,4.6
4/1/2024 22:40,April,4.66,4.59
4/1/2024 22:45,April,4.65,4.58
4/1/2024 22:50,April,4.65,4.58
4/1/2024 22:55,April,4.64,4.57
4/1/2024 23:00,April,4.48,4.42
4/1/2024 23:05,April,10.37,10.22
4/1/2024 23:10,April,9.94,9.79
4/1/2024 23:15,April,4.81,4.74
4/1/2024 23:20,April,4.82,4.75
4/1/2024 23:25,April,4.81,4.74
4/1/2024 23:30,April,4.8,4.74
4/1/2024 23:35,April,4.49,4.42
4/1/2024 23:40,April,4.48,4.42
4/1/2024 23:45,April,3.57,3.52
4/1/2024 23:50,April,4.48,4.41
4/1/2024 23:55,April,3.96,3.9
4/2/2024 0:00,April,3.57,3.52
4/2/2024 0:05,April,31.63,31.2
4/2/2024 0:10,April,29.06,28.71
4/2/2024 0:15,April,11.64,11.51
4/2/2024 0:20,April,0,0
4/2/2024 0:25,April,3.18,3.14
4/2/2024 0:30,April,3.22,3.17
4/2/2024 0:35,April,4.44,4.38
4/2/2024 0:40,April,4.36,4.3
4/2/2024 0:45,April,3.21,3.17
4/2/2024 0:50,April,4.45,4.39
4/2/2024 0:55,April,4.46,4.4
4/2/2024 1:00,April,4.46,4.4
4/2/2024 1:05,April,4.46,4.4
4/2/2024 1:10,April,4.46,4.4
4/2/2024 1:15,April,4.46,4.41
4/2/2024 1:20,April,4.45,4.39
4/2/2024 1:25,April,4.46,4.41
4/2/2024 1:30,April,3.82,3.77
4/2/2024 1:35,April,4.44,4.38
4/2/2024 1:40,April,4.44,4.38
4/2/2024 1:45,April,3.28,3.24
4/2/2024 1:50,April,4.35,4.29
4/2/2024 1:55,April,3.28,3.24
4/2/2024 2:00,April,3.28,3.23
4/2/2024 2:05,April,3.28,3.23
4/2/2024 2:10,April,3.2,3.15
4/2/2024 2:15,April,3.27,3.23
4/2/2024 2:20,April,3.28,3.23
4/2/2024 2:25,April,3.28,3.24
4/2/2024 2:30,April,3.29,3.24
4/2/2024 2:35,April,4.12,4.05
4/2/2024 2:40,April,3.69,3.63
4/2/2024 2:45,April,3.69,3.63
4/2/2024 2:50,April,4.11,4.05
4/2/2024 2:55,April,4.02,3.96
4/2/2024 3:00,April,2.69,2.65
4/2/2024 3:05,April,4.01,3.95
4/2/2024 3:10,April,3.33,3.28
4/2/2024 3:15,April,3.58,3.53
4/2/2024 3:20,April,3.81,3.75
4/2/2024 3:25,April,3.32,3.26
4/2/2024 3:30,April,3.58,3.52
4/2/2024 3:35,April,3.81,3.75
4/2/2024 3:40,April,3.8,3.74
4/2/2024 3:45,April,3.81,3.75
4/2/2024 3:50,April,3.81,3.75
4/2/2024 3:55,April,3.29,3.24
4/2/2024 4:00,April,3.58,3.52
4/2/2024 4:05,April,3.71,3.65
4/2/2024 4:10,April,4.55,4.48
4/2/2024 4:15,April,3.7,3.64
4/2/2024 4:20,April,3.71,3.65
4/2/2024 4:25,April,4.55,4.48
4/2/2024 4:30,April,3.69,3.63
4/2/2024 4:35,April,3.71,3.65
4/2/2024 4:40,April,4.55,4.48
4/2/2024 4:45,April,3.81,3.75
4/2/2024 4:50,April,3.71,3.65
4/2/2024 4:55,April,3.8,3.74
4/2/2024 5:00,April,4.55,4.48
4/2/2024 5:05,April,3.12,3.08
4/2/2024 5:10,April,3.59,3.54
4/2/2024 5:15,April,3.59,3.53
4/2/2024 5:20,April,3.7,3.64
4/2/2024 5:25,April,3.71,3.65
4/2/2024 5:30,April,3.81,3.75
4/2/2024 5:35,April,3.33,3.28
4/2/2024 5:40,April,3.7,3.64
4/2/2024 5:45,April,3.71,3.65
4/2/2024 5:50,April,3.81,3.75
4/2/2024 5:55,April,3.81,3.75
4/2/2024 6:00,April,3.71,3.65
4/2/2024 6:05,April,0,0
4/2/2024 6:10,April,3.08,3.04
4/2/2024 6:15,April,2.46,2.42
4/2/2024 6:20,April,2.82,2.78
4/2/2024 6:25,April,0,0
4/2/2024 6:30,April,2.69,2.65
4/2/2024 6:35,April,2.85,2.82
4/2/2024 6:40,April,0,0
4/2/2024 6:45,April,0,0
4/2/2024 6:50,April,2.45,2.42
4/2/2024 6:55,April,2.56,2.54
4/2/2024 7:00,April,2.83,2.8
4/2/2024 7:05,April,-0.1,-0.1
4/2/2024 7:10,April,0,0
4/2/2024 7:15,April,2.44,2.42
4/2/2024 7:20,April,2.3,2.28
4/2/2024 7:25,April,2.71,2.69
4/2/2024 7:30,April,2.82,2.8
4/2/2024 7:35,April,3.16,3.13
4/2/2024 7:40,April,3.17,3.14
4/2/2024 7:45,April,3.17,3.14
4/2/2024 7:50,April,3.24,3.21
4/2/2024 7:55,April,3.24,3.21
4/2/2024 8:00,April,3.69,3.66
4/2/2024 8:05,April,2.6,2.58
4/2/2024 8:10,April,3.47,3.44
4/2/2024 8:15,April,3.47,3.44
4/2/2024 8:20,April,3.47,3.44
4/2/2024 8:25,April,3.59,3.56
4/2/2024 8:30,April,3.47,3.44
4/2/2024 8:35,April,3.51,3.48
4/2/2024 8:40,April,3.51,3.48
4/2/2024 8:45,April,3.47,3.45
4/2/2024 8:50,April,3.47,3.44
4/2/2024 8:55,April,3.5,3.48
4/2/2024 9:00,April,3.5,3.48
4/2/2024 9:05,April,2.05,2.04
4/2/2024 9:10,April,3.04,3.02
4/2/2024 9:15,April,2.96,2.93
4/2/2024 9:20,April,3.18,3.16
4/2/2024 9:25,April,3.18,3.16
4/2/2024 9:30,April,3.19,3.16
4/2/2024 9:35,April,3.36,3.34
4/2/2024 9:40,April,3.36,3.34
4/2/2024 9:45,April,3.23,3.2
4/2/2024 9:50,April,3.55,3.53
4/2/2024 9:55,April,3.67,3.64
4/2/2024 10:00,April,3.69,3.66
4/2/2024 10:05,April,2.28,2.26
4/2/2024 10:10,April,3.55,3.52
4/2/2024 10:15,April,3.22,3.2
4/2/2024 10:20,April,3.55,3.52
4/2/2024 10:25,April,3.37,3.34
4/2/2024 10:30,April,3.57,3.54
4/2/2024 10:35,April,4.67,4.64
4/2/2024 10:40,April,4.24,4.21
4/2/2024 10:45,April,4.68,4.65
4/2/2024 10:50,April,3.68,3.65
4/2/2024 10:55,April,3.66,3.64
4/2/2024 11:00,April,3.67,3.64
4/2/2024 11:05,April,3.35,3.33
4/2/2024 11:10,April,3.64,3.62
4/2/2024 11:15,April,3.66,3.64
4/2/2024 11:20,April,3.65,3.62
4/2/2024 11:25,April,3.21,3.19
4/2/2024 11:30,April,3.35,3.33
4/2/2024 11:35,April,3.55,3.53
4/2/2024 11:40,April,3.31,3.29
4/2/2024 11:45,April,3.21,3.19
4/2/2024 11:50,April,2.84,2.82
4/2/2024 11:55,April,2.84,2.82
4/2/2024 12:00,April,2.66,2.64
4/2/2024 12:05,April,2.84,2.82
4/2/2024 12:10,April,3.2,3.18
4/2/2024 12:15,April,3.2,3.18
4/2/2024 12:20,April,3.2,3.18
4/2/2024 12:25,April,3.2,3.18
4/2/2024 12:30,April,3.21,3.18
4/2/2024 12:35,April,3.33,3.3
4/2/2024 12:40,April,3.21,3.19
4/2/2024 12:45,April,3.34,3.32
4/2/2024 12:50,April,3.66,3.63
4/2/2024 12:55,April,3.67,3.64
4/2/2024 13:00,April,4.42,4.39
4/2/2024 13:05,April,8.8,8.74
4/2/2024 13:10,April,4.66,4.63
4/2/2024 13:15,April,7.74,7.68
4/2/2024 13:20,April,4.68,4.65
4/2/2024 13:25,April,4.67,4.64
4/2/2024 13:30,April,4.7,4.67
4/2/2024 13:35,April,4.84,4.81
4/2/2024 13:40,April,4.85,4.81
4/2/2024 13:45,April,4.7,4.67
4/2/2024 13:50,April,4.71,4.67
4/2/2024 13:55,April,4.72,4.68
4/2/2024 14:00,April,4.74,4.71
4/2/2024 14:05,April,6.47,6.42
4/2/2024 14:10,April,4.73,4.7
4/2/2024 14:15,April,7.77,7.72
4/2/2024 14:20,April,8.84,8.77
4/2/2024 14:25,April,10.3,10.22
4/2/2024 14:30,April,7.78,7.72
4/2/2024 14:35,April,6.48,6.43
4/2/2024 14:40,April,4.76,4.73
4/2/2024 14:45,April,4.76,4.73
4/2/2024 14:50,April,4.75,4.71
4/2/2024 14:55,April,4.75,4.71
4/2/2024 15:00,April,4.61,4.58
4/2/2024 15:05,April,15.18,15.05
4/2/2024 15:10,April,11.54,11.45
4/2/2024 15:15,April,11.6,11.5
4/2/2024 15:20,April,9.93,9.84
4/2/2024 15:25,April,10.29,10.19
4/2/2024 15:30,April,10.01,9.89
4/2/2024 15:35,April,9.85,9.73
4/2/2024 15:40,April,11.33,11.19
4/2/2024 15:45,April,10.3,10.17
4/2/2024 15:50,April,9.98,9.86
4/2/2024 15:55,April,9.91,9.8
4/2/2024 16:00,April,4.77,4.72
4/2/2024 16:05,April,4.8,4.75
4/2/2024 16:10,April,4.63,4.57
4/2/2024 16:15,April,5.18,5.13
4/2/2024 16:20,April,7.85,7.77
4/2/2024 16:25,April,7.85,7.76
4/2/2024 16:30,April,7.86,7.77
4/2/2024 16:35,April,7.85,7.77
4/2/2024 16:40,April,6.61,6.53
4/2/2024 16:45,April,4.82,4.77
4/2/2024 16:50,April,3.93,3.88
4/2/2024 16:55,April,3.92,3.88
4/2/2024 17:00,April,3.93,3.88
4/2/2024 17:05,April,3.46,3.42
4/2/2024 17:10,April,3.94,3.89
4/2/2024 17:15,April,4.67,4.61
4/2/2024 17:20,April,4.67,4.62
4/2/2024 17:25,April,4.68,4.62
4/2/2024 17:30,April,4.66,4.61
4/2/2024 17:35,April,3.94,3.9
4/2/2024 17:40,April,3.95,3.9
4/2/2024 17:45,April,4.81,4.75
4/2/2024 17:50,April,4.81,4.76
4/2/2024 17:55,April,7.92,7.82
4/2/2024 18:00,April,4.85,4.79
4/2/2024 18:05,April,4.84,4.78
4/2/2024 18:10,April,4.69,4.63
4/2/2024 18:15,April,2.87,2.84
4/2/2024 18:20,April,3.94,3.89
4/2/2024 18:25,April,4.84,4.78
4/2/2024 18:30,April,4.84,4.78
4/2/2024 18:35,April,4.84,4.77
4/2/2024 18:40,April,4.84,4.78
4/2/2024 18:45,April,4.87,4.81
4/2/2024 18:50,April,4.86,4.8
4/2/2024 18:55,April,4.87,4.8
4/2/2024 19:00,April,4.68,4.62
4/2/2024 19:05,April,4.85,4.79
4/2/2024 19:10,April,4.85,4.79
4/2/2024 19:15,April,4.86,4.79
4/2/2024 19:20,April,4.88,4.81
4/2/2024 19:25,April,4.87,4.8
4/2/2024 19:30,April,4.86,4.79
4/2/2024 19:35,April,4.86,4.79
4/2/2024 19:40,April,4.86,4.79
4/2/2024 19:45,April,4.86,4.79
4/2/2024 19:50,April,4.87,4.8
4/2/2024 19:55,April,4.87,4.8
4/2/2024 20:00,April,4.88,4.81
4/2/2024 20:05,April,20.34,20.03
4/2/2024 20:10,April,9.06,8.91
4/2/2024 20:15,April,7.94,7.81
4/2/2024 20:20,April,8.99,8.85
4/2/2024 20:25,April,8.98,8.83
4/2/2024 20:30,April,6.68,6.57
4/2/2024 20:35,April,7.95,7.82
4/2/2024 20:40,April,7.95,7.83
4/2/2024 20:45,April,9.96,9.82
4/2/2024 20:50,April,7.95,7.83
4/2/2024 20:55,April,4.89,4.82
4/2/2024 21:00,April,4.86,4.79
4/2/2024 21:05,April,12.22,12.05
4/2/2024 21:10,April,6.71,6.62
4/2/2024 21:15,April,5.21,5.14
4/2/2024 21:20,April,11.39,11.23
4/2/2024 21:25,April,6.72,6.63
4/2/2024 21:30,April,20.08,19.8
4/2/2024 21:35,April,7.95,7.84
4/2/2024 21:40,April,4.89,4.83
4/2/2024 21:45,April,4.45,4.39
4/2/2024 21:50,April,4.69,4.63
4/2/2024 21:55,April,4.87,4.8
4/2/2024 22:00,April,4.86,4.79
4/2/2024 22:05,April,29.38,29
4/2/2024 22:10,April,11.21,11.06
4/2/2024 22:15,April,4.86,4.8
4/2/2024 22:20,April,4.86,4.8
4/2/2024 22:25,April,4.69,4.63
4/2/2024 22:30,April,4.71,4.65
4/2/2024 22:35,April,10.36,10.24
4/2/2024 22:40,April,4.87,4.81
4/2/2024 22:45,April,4.86,4.81
4/2/2024 22:50,April,4.86,4.81
4/2/2024 22:55,April,4.86,4.8
4/2/2024 23:00,April,4.71,4.66
4/2/2024 23:05,April,11.54,11.42
4/2/2024 23:10,April,4.86,4.81
4/2/2024 23:15,April,4.86,4.81
4/2/2024 23:20,April,4.71,4.66
4/2/2024 23:25,April,4.69,4.64
4/2/2024 23:30,April,4.71,4.66
4/2/2024 23:35,April,4.69,4.64
4/2/2024 23:40,April,4.71,4.66
4/2/2024 23:45,April,3.66,3.62
4/2/2024 23:50,April,4.55,4.5
4/2/2024 23:55,April,4.68,4.63
4/3/2024 0:00,April,3.58,3.54
4/3/2024 0:05,April,29.03,28.73
4/3/2024 0:10,April,4.8,4.75
4/3/2024 0:15,April,4.68,4.64
4/3/2024 0:20,April,3.56,3.53
4/3/2024 0:25,April,3.64,3.6
4/3/2024 0:30,April,3.57,3.53
4/3/2024 0:35,April,3.65,3.61
4/3/2024 0:40,April,3.57,3.53
4/3/2024 0:45,April,3.29,3.25
4/3/2024 0:50,April,3.44,3.4
4/3/2024 0:55,April,3.44,3.4
4/3/2024 1:00,April,3.56,3.52
4/3/2024 1:05,April,4.47,4.42
4/3/2024 1:10,April,4.47,4.42
4/3/2024 1:15,April,4.47,4.42
4/3/2024 1:20,April,3.44,3.4
4/3/2024 1:25,April,3.56,3.52
4/3/2024 1:30,April,4.36,4.31
4/3/2024 1:35,April,3.58,3.53
4/3/2024 1:40,April,3.29,3.25
4/3/2024 1:45,April,4.63,4.58
4/3/2024 1:50,April,3.56,3.52
4/3/2024 1:55,April,3.56,3.52
4/3/2024 2:00,April,3.29,3.25
4/3/2024 2:05,April,3.56,3.52
4/3/2024 2:10,April,3.76,3.72
4/3/2024 2:15,April,3.57,3.52
4/3/2024 2:20,April,3.71,3.66
4/3/2024 2:25,April,3.23,3.19
4/3/2024 2:30,April,3.44,3.4
4/3/2024 2:35,April,3.65,3.6
4/3/2024 2:40,April,3.56,3.51
4/3/2024 2:45,April,3.57,3.52
4/3/2024 2:50,April,3.41,3.36
4/3/2024 2:55,April,4.02,3.97
4/3/2024 3:00,April,3.59,3.54
4/3/2024 3:05,April,3.56,3.51
4/3/2024 3:10,April,4.02,3.96
4/3/2024 3:15,April,3.57,3.52
4/3/2024 3:20,April,4.01,3.96
4/3/2024 3:25,April,3.59,3.54
4/3/2024 3:30,April,3.56,3.51
4/3/2024 3:35,April,3.71,3.66
4/3/2024 3:40,April,3.72,3.67
4/3/2024 3:45,April,3.58,3.53
4/3/2024 3:50,April,3.71,3.66
4/3/2024 3:55,April,3.58,3.53
4/3/2024 4:00,April,3.58,3.53
4/3/2024 4:05,April,3.58,3.53
4/3/2024 4:10,April,3.72,3.66
4/3/2024 4:15,April,3.71,3.66
4/3/2024 4:20,April,3.72,3.67
4/3/2024 4:25,April,3.64,3.59
4/3/2024 4:30,April,3.56,3.51
4/3/2024 4:35,April,4.82,4.75
4/3/2024 4:40,April,4.81,4.75
4/3/2024 4:45,April,3.71,3.66
4/3/2024 4:50,April,3.64,3.59
4/3/2024 4:55,April,4.83,4.76
4/3/2024 5:00,April,3.72,3.67
4/3/2024 5:05,April,2.85,2.81
4/3/2024 5:10,April,3.56,3.51
4/3/2024 5:15,April,3.64,3.58
4/3/2024 5:20,April,3.22,3.17
4/3/2024 5:25,April,3.56,3.51
4/3/2024 5:30,April,3.22,3.17
4/3/2024 5:35,April,3.56,3.5
4/3/2024 5:40,April,3.53,3.47
4/3/2024 5:45,April,3.55,3.5
4/3/2024 5:50,April,4.83,4.76
4/3/2024 5:55,April,3.71,3.65
4/3/2024 6:00,April,3.72,3.66
4/3/2024 6:05,April,0,0
4/3/2024 6:10,April,0,0
4/3/2024 6:15,April,2.46,2.42
4/3/2024 6:20,April,3.16,3.12
4/3/2024 6:25,April,2.83,2.79
4/3/2024 6:30,April,3.14,3.1
4/3/2024 6:35,April,0,0
4/3/2024 6:40,April,2.45,2.42
4/3/2024 6:45,April,2.82,2.79
4/3/2024 6:50,April,2.53,2.5
4/3/2024 6:55,April,2.83,2.8
4/3/2024 7:00,April,3.21,3.17
4/3/2024 7:05,April,0,0
4/3/2024 7:10,April,2.29,2.27
4/3/2024 7:15,April,2.83,2.8
4/3/2024 7:20,April,2.81,2.78
4/3/2024 7:25,April,3.39,3.35
4/3/2024 7:30,April,3.13,3.1
4/3/2024 7:35,April,3.11,3.08
4/3/2024 7:40,April,3.26,3.23
4/3/2024 7:45,April,3.39,3.36
4/3/2024 7:50,April,3.49,3.46
4/3/2024 7:55,April,3.72,3.68
4/3/2024 8:00,April,4.27,4.24
4/3/2024 8:05,April,2.79,2.76
4/3/2024 8:10,April,3.48,3.45
4/3/2024 8:15,April,3.4,3.37
4/3/2024 8:20,April,3.4,3.37
4/3/2024 8:25,April,3.37,3.35
4/3/2024 8:30,April,3.13,3.1
4/3/2024 8:35,April,3.13,3.1
4/3/2024 8:40,April,3.35,3.32
4/3/2024 8:45,April,3.12,3.1
4/3/2024 8:50,April,3.38,3.35
4/3/2024 8:55,April,3.38,3.35
4/3/2024 9:00,April,3.38,3.35
4/3/2024 9:05,April,0,0
4/3/2024 9:10,April,2.77,2.75
4/3/2024 9:15,April,2.96,2.94
4/3/2024 9:20,April,3.13,3.11
4/3/2024 9:25,April,3.13,3.11
4/3/2024 9:30,April,2.97,2.95
4/3/2024 9:35,April,2.83,2.81
4/3/2024 9:40,April,3.37,3.35
4/3/2024 9:45,April,2.96,2.95
4/3/2024 9:50,April,3.49,3.47
4/3/2024 9:55,April,3.48,3.46
4/3/2024 10:00,April,3.38,3.36
4/3/2024 10:05,April,2.78,2.76
4/3/2024 10:10,April,3.17,3.15
4/3/2024 10:15,April,3.19,3.17
4/3/2024 10:20,April,3.48,3.46
4/3/2024 10:25,April,3.48,3.46
4/3/2024 10:30,April,3.71,3.68
4/3/2024 10:35,April,4.7,4.68
4/3/2024 10:40,April,3.68,3.66
4/3/2024 10:45,April,3.67,3.65
4/3/2024 10:50,April,3.69,3.67
4/3/2024 10:55,April,3.69,3.67
4/3/2024 11:00,April,3.45,3.43
4/3/2024 11:05,April,3.35,3.33
4/3/2024 11:10,April,3.67,3.65
4/3/2024 11:15,April,3.65,3.63
4/3/2024 11:20,April,3.66,3.64
4/3/2024 11:25,April,3.55,3.53
4/3/2024 11:30,April,3.45,3.43
4/3/2024 11:35,April,3.47,3.45
4/3/2024 11:40,April,3.47,3.45
4/3/2024 11:45,April,3.47,3.45
4/3/2024 11:50,April,3.47,3.45
4/3/2024 11:55,April,3.24,3.22
4/3/2024 12:00,April,3.24,3.22
4/3/2024 12:05,April,3.18,3.16
4/3/2024 12:10,April,3.24,3.22
4/3/2024 12:15,April,3.24,3.22
4/3/2024 12:20,April,3.39,3.37
4/3/2024 12:25,April,3.24,3.22
4/3/2024 12:30,April,3.24,3.22
4/3/2024 12:35,April,3.35,3.33
4/3/2024 12:40,April,3.35,3.33
4/3/2024 12:45,April,3.24,3.22
4/3/2024 12:50,April,3.66,3.64
4/3/2024 12:55,April,4.69,4.67
4/3/2024 13:00,April,4.71,4.69
4/3/2024 13:05,April,11.56,11.5
4/3/2024 13:10,April,11.42,11.37
4/3/2024 13:15,April,10.36,10.3
4/3/2024 13:20,April,4.73,4.71
4/3/2024 13:25,April,3.88,3.86
4/3/2024 13:30,April,7.77,7.74
4/3/2024 13:35,April,7.77,7.74
4/3/2024 13:40,April,11.58,11.54
4/3/2024 13:45,April,4.75,4.74
4/3/2024 13:50,April,4.74,4.72
4/3/2024 13:55,April,4.75,4.73
4/3/2024 14:00,April,4.75,4.73
4/3/2024 14:05,April,4.01,3.99
4/3/2024 14:10,April,4.74,4.72
4/3/2024 14:15,April,4.77,4.75
4/3/2024 14:20,April,4.77,4.75
4/3/2024 14:25,April,4.77,4.75
4/3/2024 14:30,April,7.8,7.76
4/3/2024 14:35,April,14.92,14.85
4/3/2024 14:40,April,9.88,9.82
4/3/2024 14:45,April,9.85,9.79
4/3/2024 14:50,April,9.87,9.81
4/3/2024 14:55,April,7.81,7.76
4/3/2024 15:00,April,3.9,3.87
4/3/2024 15:05,April,6.55,6.5
4/3/2024 15:10,April,9.91,9.84
4/3/2024 15:15,April,9.89,9.82
4/3/2024 15:20,April,9.89,9.81
4/3/2024 15:25,April,9.91,9.84
4/3/2024 15:30,April,9.94,9.86
4/3/2024 15:35,April,7.83,7.77
4/3/2024 15:40,April,9.91,9.83
4/3/2024 15:45,April,9.92,9.84
4/3/2024 15:50,April,9.93,9.84
4/3/2024 15:55,April,9.95,9.86
4/3/2024 16:00,April,7.83,7.76
4/3/2024 16:05,April,9.97,9.87
4/3/2024 16:10,April,9.97,9.87
4/3/2024 16:15,April,9.98,9.87
4/3/2024 16:20,April,10.31,10.2
4/3/2024 16:25,April,10.32,10.21
4/3/2024 16:30,April,10.33,10.22
4/3/2024 16:35,April,9.94,9.84
4/3/2024 16:40,April,9.93,9.83
4/3/2024 16:45,April,7.88,7.8
4/3/2024 16:50,April,9.92,9.82
4/3/2024 16:55,April,6.66,6.6
4/3/2024 17:00,April,3.48,3.45
4/3/2024 17:05,April,3.48,3.45
4/3/2024 17:10,April,3.31,3.28
4/3/2024 17:15,April,3.31,3.28
4/3/2024 17:20,April,3.96,3.92
4/3/2024 17:25,April,4.05,4.01
4/3/2024 17:30,April,3.95,3.92
4/3/2024 17:35,April,4.07,4.03
4/3/2024 17:40,April,4.84,4.79
4/3/2024 17:45,April,4.82,4.77
4/3/2024 17:50,April,4.82,4.78
4/3/2024 17:55,April,4.91,4.87
4/3/2024 18:00,April,6.65,6.58
4/3/2024 18:05,April,6.65,6.58
4/3/2024 18:10,April,4.87,4.82
4/3/2024 18:15,April,11.89,11.77
4/3/2024 18:20,April,15.38,15.22
4/3/2024 18:25,April,11.91,11.77
4/3/2024 18:30,April,8.94,8.83
4/3/2024 18:35,April,10.34,10.21
4/3/2024 18:40,April,11.4,11.24
4/3/2024 18:45,April,9.05,8.92
4/3/2024 18:50,April,8.95,8.83
4/3/2024 18:55,April,8.26,8.15
4/3/2024 19:00,April,8.93,8.81
4/3/2024 19:05,April,7.95,7.86
4/3/2024 19:10,April,7.95,7.85
4/3/2024 19:15,April,6.7,6.62
4/3/2024 19:20,April,6.71,6.62
4/3/2024 19:25,April,6.71,6.63
4/3/2024 19:30,April,6.71,6.63
4/3/2024 19:35,April,5.23,5.17
4/3/2024 19:40,April,4.88,4.83
4/3/2024 19:45,April,6.71,6.63
4/3/2024 19:50,April,7.96,7.87
4/3/2024 19:55,April,9.05,8.94
4/3/2024 20:00,April,4.9,4.84
4/3/2024 20:05,April,21.92,21.61
4/3/2024 20:10,April,15.57,15.34
4/3/2024 20:15,April,11.49,11.31
4/3/2024 20:20,April,10.27,10.1
4/3/2024 20:25,April,9.09,8.94
4/3/2024 20:30,April,8.99,8.84
4/3/2024 20:35,April,6.76,6.65
4/3/2024 20:40,April,6.76,6.66
4/3/2024 20:45,April,7.95,7.83
4/3/2024 20:50,April,9.03,8.89
4/3/2024 20:55,April,7.96,7.84
4/3/2024 21:00,April,7.97,7.86
4/3/2024 21:05,April,9.05,8.91
4/3/2024 21:10,April,8.97,8.83
4/3/2024 21:15,April,7.96,7.85
4/3/2024 21:20,April,7.97,7.87
4/3/2024 21:25,April,4.92,4.86
4/3/2024 21:30,April,7.98,7.87
4/3/2024 21:35,April,4.94,4.87
4/3/2024 21:40,April,4.92,4.86
4/3/2024 21:45,April,4.92,4.86
4/3/2024 21:50,April,4.92,4.86
4/3/2024 21:55,April,4.91,4.84
4/3/2024 22:00,April,4.9,4.84
4/3/2024 22:05,April,10.33,10.21
4/3/2024 22:10,April,4.92,4.86
4/3/2024 22:15,April,4.71,4.65
4/3/2024 22:20,April,4.88,4.82
4/3/2024 22:25,April,6.75,6.67
4/3/2024 22:30,April,4.89,4.83
4/3/2024 22:35,April,4.91,4.86
4/3/2024 22:40,April,4.89,4.83
4/3/2024 22:45,April,4.71,4.66
4/3/2024 22:50,April,4.87,4.82
4/3/2024 22:55,April,4.87,4.81
4/3/2024 23:00,April,4.86,4.81
4/3/2024 23:05,April,24.67,24.41
4/3/2024 23:10,April,4.87,4.82
4/3/2024 23:15,April,4.86,4.81
4/3/2024 23:20,April,4.71,4.66
4/3/2024 23:25,April,4.71,4.66
4/3/2024 23:30,April,4.69,4.64
4/3/2024 23:35,April,4.7,4.66
4/3/2024 23:40,April,4.7,4.66
4/3/2024 23:45,April,3.9,3.86
4/3/2024 23:50,April,3.64,3.61
4/3/2024 23:55,April,4.7,4.65
4/4/2024 0:00,April,4.68,4.64
4/4/2024 0:05,April,27.69,27.44
4/4/2024 0:10,April,11.65,11.54
4/4/2024 0:15,April,4.82,4.77
4/4/2024 0:20,April,4.69,4.64
4/4/2024 0:25,April,3.62,3.58
4/4/2024 0:30,April,4.59,4.55
4/4/2024 0:35,April,3.55,3.52
4/4/2024 0:40,April,4.68,4.63
4/4/2024 0:45,April,3.28,3.25
4/4/2024 0:50,April,3.55,3.51
4/4/2024 0:55,April,3.54,3.51
4/4/2024 1:00,April,3.55,3.51
4/4/2024 1:05,April,3.46,3.43
4/4/2024 1:10,April,3.72,3.68
4/4/2024 1:15,April,4.56,4.51
4/4/2024 1:20,April,3.77,3.73
4/4/2024 1:25,April,4.47,4.42
4/4/2024 1:30,April,3.54,3.5
4/4/2024 1:35,April,4.45,4.4
4/4/2024 1:40,April,4.45,4.4
4/4/2024 1:45,April,3.77,3.73
4/4/2024 1:50,April,4.45,4.4
4/4/2024 1:55,April,4.34,4.3
4/4/2024 2:00,April,3.28,3.24
4/4/2024 2:05,April,3.71,3.67
4/4/2024 2:10,April,3.28,3.24
4/4/2024 2:15,April,3.28,3.24
4/4/2024 2:20,April,3.54,3.5
4/4/2024 2:25,April,3.54,3.5
4/4/2024 2:30,April,3.54,3.5
4/4/2024 2:35,April,3.54,3.5
4/4/2024 2:40,April,3.59,3.54
4/4/2024 2:45,April,4.13,4.08
4/4/2024 2:50,April,3.55,3.5
4/4/2024 2:55,April,3.55,3.5
4/4/2024 3:00,April,3.31,3.26
4/4/2024 3:05,April,3.58,3.53
4/4/2024 3:10,April,3.29,3.25
4/4/2024 3:15,April,3.31,3.26
4/4/2024 3:20,April,4.82,4.76
4/4/2024 3:25,April,4.01,3.96
4/4/2024 3:30,April,3.58,3.53
4/4/2024 3:35,April,4.01,3.96
4/4/2024 3:40,April,2.86,2.82
4/4/2024 3:45,April,3.29,3.24
4/4/2024 3:50,April,3.55,3.5
4/4/2024 3:55,April,3.31,3.26
4/4/2024 4:00,April,3.55,3.5
4/4/2024 4:05,April,4.82,4.76
4/4/2024 4:10,April,4.83,4.76
4/4/2024 4:15,April,4.82,4.76
4/4/2024 4:20,April,4.82,4.76
4/4/2024 4:25,April,4.83,4.76
4/4/2024 4:30,April,4.84,4.77
4/4/2024 4:35,April,4.83,4.77
4/4/2024 4:40,April,4.83,4.76
4/4/2024 4:45,April,4.82,4.76
4/4/2024 4:50,April,3.72,3.67
4/4/2024 4:55,April,4.82,4.75
4/4/2024 5:00,April,4.81,4.75
4/4/2024 5:05,April,2.38,2.35
4/4/2024 5:10,April,3.5,3.45
4/4/2024 5:15,April,3.51,3.46
4/4/2024 5:20,April,3.58,3.53
4/4/2024 5:25,April,3.71,3.66
4/4/2024 5:30,April,3.55,3.5
4/4/2024 5:35,April,3.71,3.66
4/4/2024 5:40,April,3.58,3.53
4/4/2024 5:45,April,3.56,3.51
4/4/2024 5:50,April,3.71,3.66
4/4/2024 5:55,April,3.58,3.53
4/4/2024 6:00,April,3.85,3.8
4/4/2024 6:05,April,0,0
4/4/2024 6:10,April,2.84,2.8
4/4/2024 6:15,April,2.94,2.9
4/4/2024 6:20,April,3.31,3.27
4/4/2024 6:25,April,3.31,3.27
4/4/2024 6:30,April,3.31,3.27
4/4/2024 6:35,April,3.23,3.2
4/4/2024 6:40,April,2.93,2.9
4/4/2024 6:45,April,2.93,2.9
4/4/2024 6:50,April,2.57,2.54
4/4/2024 6:55,April,3.1,3.07
4/4/2024 7:00,April,3.3,3.26
4/4/2024 7:05,April,0,0
4/4/2024 7:10,April,2.83,2.8
4/4/2024 7:15,April,2.83,2.8
4/4/2024 7:20,April,3.27,3.24
4/4/2024 7:25,April,3.45,3.42
4/4/2024 7:30,April,3.61,3.58
4/4/2024 7:35,April,3.61,3.58
4/4/2024 7:40,April,3.83,3.8
4/4/2024 7:45,April,3.56,3.53
4/4/2024 7:50,April,3.5,3.47
4/4/2024 7:55,April,3.76,3.72
4/4/2024 8:00,April,4.76,4.72
4/4/2024 8:05,April,2.45,2.42
4/4/2024 8:10,April,3.75,3.7
4/4/2024 8:15,April,3.51,3.47
4/4/2024 8:20,April,3.58,3.54
4/4/2024 8:25,April,4.3,4.25
4/4/2024 8:30,April,3.88,3.84
4/4/2024 8:35,April,3.43,3.4
4/4/2024 8:40,April,3.56,3.53
4/4/2024 8:45,April,3.5,3.46
4/4/2024 8:50,April,3.55,3.52
4/4/2024 8:55,April,3.54,3.51
4/4/2024 9:00,April,4.83,4.79
4/4/2024 9:05,April,0,0
4/4/2024 9:10,April,3,2.98
4/4/2024 9:15,April,3.18,3.16
4/4/2024 9:20,April,3.47,3.45
4/4/2024 9:25,April,3.38,3.36
4/4/2024 9:30,April,3.38,3.36
4/4/2024 9:35,April,3.35,3.33
4/4/2024 9:40,April,4.78,4.75
4/4/2024 9:45,April,4.78,4.75
4/4/2024 9:50,April,4.45,4.42
4/4/2024 9:55,April,4.54,4.51
4/4/2024 10:00,April,4.76,4.74
4/4/2024 10:05,April,3.01,2.99
4/4/2024 10:10,April,3.65,3.63
4/4/2024 10:15,April,3.68,3.66
4/4/2024 10:20,April,10.35,10.29
4/4/2024 10:25,April,4.76,4.74
4/4/2024 10:30,April,13.49,13.42
4/4/2024 10:35,April,6.47,6.44
4/4/2024 10:40,April,4.79,4.77
4/4/2024 10:45,April,10.35,10.31
4/4/2024 10:50,April,4.83,4.81
4/4/2024 10:55,April,4.81,4.79
4/4/2024 11:00,April,4.81,4.8
4/4/2024 11:05,April,4.41,4.4
4/4/2024 11:10,April,4.43,4.41
4/4/2024 11:15,April,4.79,4.77
4/4/2024 11:20,April,4.4,4.39
4/4/2024 11:25,April,4.76,4.75
4/4/2024 11:30,April,4.42,4.41
4/4/2024 11:35,April,4.76,4.74
4/4/2024 11:40,April,4.78,4.77
4/4/2024 11:45,April,4.76,4.75
4/4/2024 11:50,April,4.51,4.51
4/4/2024 11:55,April,4.38,4.37
4/4/2024 12:00,April,4.22,4.21
4/4/2024 12:05,April,3.22,3.21
4/4/2024 12:10,April,3.65,3.64
4/4/2024 12:15,April,3.31,3.29
4/4/2024 12:20,April,3.7,3.69
4/4/2024 12:25,April,2.8,2.79
4/4/2024 12:30,April,3.99,3.97
4/4/2024 12:35,April,4.77,4.75
4/4/2024 12:40,April,4.77,4.75
4/4/2024 12:45,April,4.76,4.75
4/4/2024 12:50,April,4.75,4.74
4/4/2024 12:55,April,4.76,4.75
4/4/2024 13:00,April,13.49,13.44
4/4/2024 13:05,April,17.64,17.58
4/4/2024 13:10,April,11.6,11.53
4/4/2024 13:15,April,8.94,8.89
4/4/2024 13:20,April,8.89,8.84
4/4/2024 13:25,April,8.86,8.82
4/4/2024 13:30,April,8.86,8.82
4/4/2024 13:35,April,6.45,6.43
4/4/2024 13:40,April,8.84,8.8
4/4/2024 13:45,April,7.75,7.72
4/4/2024 13:50,April,8.86,8.82
4/4/2024 13:55,April,8.86,8.82
4/4/2024 14:00,April,8.86,8.82
4/4/2024 14:05,April,8.89,8.85
4/4/2024 14:10,April,14.72,14.64
4/4/2024 14:15,April,13.52,13.44
4/4/2024 14:20,April,11.25,11.19
4/4/2024 14:25,April,4.03,4
4/4/2024 14:30,April,7.78,7.73
4/4/2024 14:35,April,8.87,8.83
4/4/2024 14:40,April,11.28,11.2
4/4/2024 14:45,April,10.32,10.25
4/4/2024 14:50,April,9.95,9.88
4/4/2024 14:55,April,8.84,8.78
4/4/2024 15:00,April,6.54,6.5
4/4/2024 15:05,April,11.55,11.47
4/4/2024 15:10,April,8.9,8.84
4/4/2024 15:15,April,8.91,8.84
4/4/2024 15:20,April,8.87,8.81
4/4/2024 15:25,April,8.9,8.83
4/4/2024 15:30,April,8.09,8.02
4/4/2024 15:35,April,8.92,8.84
4/4/2024 15:40,April,8.9,8.83
4/4/2024 15:45,April,7.83,7.77
4/4/2024 15:50,April,8.88,8.82
4/4/2024 15:55,April,7.84,7.79
4/4/2024 16:00,April,4.99,4.95
4/4/2024 16:05,April,7.86,7.8
4/4/2024 16:10,April,7.87,7.81
4/4/2024 16:15,April,7.88,7.82
4/4/2024 16:20,April,11.96,11.86
4/4/2024 16:25,April,10.39,10.31
4/4/2024 16:30,April,8.26,8.19
4/4/2024 16:35,April,5.01,4.96
4/4/2024 16:40,April,33.22,32.91
4/4/2024 16:45,April,32.65,32.65
4/4/2024 16:50,April,30.49,30.49
4/4/2024 16:55,April,31.19,30.84
4/4/2024 17:00,April,10.49,10.37
4/4/2024 17:05,April,16.77,16.59
4/4/2024 17:10,April,11.74,11.62
4/4/2024 17:15,April,10.5,10.38
4/4/2024 17:20,April,10.46,10.34
4/4/2024 17:25,April,7.9,7.81
4/4/2024 17:30,April,6.66,6.59
4/4/2024 17:35,April,4.97,4.92
4/4/2024 17:40,April,8.98,8.87
4/4/2024 17:45,April,8.97,8.86
4/4/2024 17:50,April,10.1,9.98
4/4/2024 17:55,April,10.11,9.99
4/4/2024 18:00,April,15.78,15.59
4/4/2024 18:05,April,11.7,11.55
4/4/2024 18:10,April,15,14.82
4/4/2024 18:15,April,18.4,18.18
4/4/2024 18:20,April,20.3,20.3
4/4/2024 18:25,April,20.3,20.3
4/4/2024 18:30,April,22.44,22.44
4/4/2024 18:35,April,22.44,22.44
4/4/2024 18:40,April,22.44,22.44
4/4/2024 18:45,April,22.44,22.44
4/4/2024 18:50,April,20.29,20.29
4/4/2024 18:55,April,20.31,20.31
4/4/2024 19:00,April,20.31,20.31
4/4/2024 19:05,April,17.51,17.51
4/4/2024 19:10,April,20.42,20.42
4/4/2024 19:15,April,17.51,17.51
4/4/2024 19:20,April,25.52,25.52
4/4/2024 19:25,April,25.53,25.53
4/4/2024 19:30,April,32.68,32.68
4/4/2024 19:35,April,32.69,32.69
4/4/2024 19:40,April,25.54,25.54
4/4/2024 19:45,April,25.54,25.54
4/4/2024 19:50,April,25.54,25.54
4/4/2024 19:55,April,20.42,20.42
4/4/2024 20:00,April,20.42,20.42
4/4/2024 20:05,April,32.68,32.68
4/4/2024 20:10,April,30.76,30.76
4/4/2024 20:15,April,25.55,25.55
4/4/2024 20:20,April,25.56,25.56
4/4/2024 20:25,April,30.88,30.88
4/4/2024 20:30,April,25.58,25.58
4/4/2024 20:35,April,25.56,25.56
4/4/2024 20:40,April,25.57,25.57
4/4/2024 20:45,April,25.57,25.57
4/4/2024 20:50,April,25.56,25.56
4/4/2024 20:55,April,25.56,25.56
4/4/2024 21:00,April,25.56,25.56
4/4/2024 21:05,April,32.74,32.74
4/4/2024 21:10,April,31.11,31.11
4/4/2024 21:15,April,25.58,25.58
4/4/2024 21:20,April,25.59,25.59
4/4/2024 21:25,April,25.57,25.57
4/4/2024 21:30,April,15.7,15.7
4/4/2024 21:35,April,25.57,25.57
4/4/2024 21:40,April,25.58,25.58
4/4/2024 21:45,April,16.37,16.37
4/4/2024 21:50,April,15.2,15.2
4/4/2024 21:55,April,15.2,15.2
4/4/2024 22:00,April,15.2,15.2
4/4/2024 22:05,April,15.08,15.08
4/4/2024 22:10,April,15.08,15.08
4/4/2024 22:15,April,15.08,15.08
4/4/2024 22:20,April,15.08,15.08
4/4/2024 22:25,April,15.08,15.08
4/4/2024 22:30,April,15.08,15.08
4/4/2024 22:35,April,15.08,15.08
4/4/2024 22:40,April,12.28,12.28
4/4/2024 22:45,April,11,11
4/4/2024 22:50,April,11.75,11.6
4/4/2024 22:55,April,11.55,11.42
4/4/2024 23:00,April,14.23,14.08
4/4/2024 23:05,April,14.84,14.69
4/4/2024 23:10,April,14.39,14.24
4/4/2024 23:15,April,14.65,14.65
4/4/2024 23:20,April,11,11
4/4/2024 23:25,April,12.27,12.27
4/4/2024 23:30,April,12.38,12.27
4/4/2024 23:35,April,11.58,11.47
4/4/2024 23:40,April,10.5,10.4
4/4/2024 23:45,April,9.92,9.82
4/4/2024 23:50,April,6.73,6.66
4/4/2024 23:55,April,6.76,6.7
4/5/2024 0:00,April,5.03,4.98
4/5/2024 0:05,April,24.63,24.39
4/5/2024 0:10,April,11.62,11.51
4/5/2024 0:15,April,10.4,10.29
4/5/2024 0:20,April,3.46,3.42
4/5/2024 0:25,April,3.77,3.73
4/5/2024 0:30,April,6.73,6.66
4/5/2024 0:35,April,3.78,3.75
4/5/2024 0:40,April,4.98,4.93
4/5/2024 0:45,April,3.77,3.73
4/5/2024 0:50,April,4.95,4.91
4/5/2024 0:55,April,3.77,3.73
4/5/2024 1:00,April,3.77,3.73
4/5/2024 1:05,April,22.19,21.99
4/5/2024 1:10,April,4.96,4.91
4/5/2024 1:15,April,4.94,4.9
4/5/2024 1:20,April,4.69,4.65
4/5/2024 1:25,April,4.93,4.88
4/5/2024 1:30,April,3.43,3.4
4/5/2024 1:35,April,4.7,4.66
4/5/2024 1:40,April,3.55,3.51
4/5/2024 1:45,April,4.89,4.85
4/5/2024 1:50,April,4.88,4.84
4/5/2024 1:55,April,4.7,4.66
4/5/2024 2:00,April,3.85,3.82
4/5/2024 2:05,April,22.06,21.87
4/5/2024 2:10,April,11.65,11.55
4/5/2024 2:15,April,4.88,4.84
4/5/2024 2:20,April,4.86,4.82
4/5/2024 2:25,April,3.85,3.82
4/5/2024 2:30,April,4.86,4.82
4/5/2024 2:35,April,4.79,4.75
4/5/2024 2:40,April,4.8,4.76
4/5/2024 2:45,April,4.8,4.76
4/5/2024 2:50,April,3.52,3.49
4/5/2024 2:55,April,4.78,4.74
4/5/2024 3:00,April,3.51,3.48
4/5/2024 3:05,April,3.85,3.81
4/5/2024 3:10,April,3.85,3.81
4/5/2024 3:15,April,3.84,3.81
4/5/2024 3:20,April,3.84,3.81
4/5/2024 3:25,April,3.84,3.81
4/5/2024 3:30,April,3.84,3.81
4/5/2024 3:35,April,4.67,4.62
4/5/2024 3:40,April,4.67,4.62
4/5/2024 3:45,April,4.67,4.62
4/5/2024 3:50,April,3.76,3.73
4/5/2024 3:55,April,3.28,3.25
4/5/2024 4:00,April,3.76,3.72
4/5/2024 4:05,April,3.41,3.38
4/5/2024 4:10,April,3.55,3.51
4/5/2024 4:15,April,3.55,3.52
4/5/2024 4:20,April,3.55,3.52
4/5/2024 4:25,April,3.65,3.61
4/5/2024 4:30,April,3.93,3.89
4/5/2024 4:35,April,4.87,4.82
4/5/2024 4:40,April,4.87,4.82
4/5/2024 4:45,April,4.56,4.52
4/5/2024 4:50,April,4.86,4.81
4/5/2024 4:55,April,4.87,4.82
4/5/2024 5:00,April,4.87,4.83
4/5/2024 5:05,April,3.08,3.05
4/5/2024 5:10,April,4.86,4.81
4/5/2024 5:15,April,4.03,3.99
4/5/2024 5:20,April,4.87,4.82
4/5/2024 5:25,April,4.87,4.82
4/5/2024 5:30,April,4.87,4.81
4/5/2024 5:35,April,4.87,4.82
4/5/2024 5:40,April,4.87,4.82
4/5/2024 5:45,April,4.86,4.81
4/5/2024 5:50,April,4.03,3.98
4/5/2024 5:55,April,4.03,3.98
4/5/2024 6:00,April,4.03,3.98
4/5/2024 6:05,April,0,0
4/5/2024 6:10,April,2.55,2.52
4/5/2024 6:15,April,2.84,2.81
4/5/2024 6:20,April,2.95,2.95
4/5/2024 6:25,April,2.89,2.89
4/5/2024 6:30,April,3.08,3.08
4/5/2024 6:35,April,2.96,2.96
4/5/2024 6:40,April,2.48,2.48
4/5/2024 6:45,April,2.85,2.85
4/5/2024 6:50,April,2.88,2.88
4/5/2024 6:55,April,3.17,3.17
4/5/2024 7:00,April,3.11,3.08
4/5/2024 7:05,April,0,0
4/5/2024 7:10,April,2.77,2.74
4/5/2024 7:15,April,3.1,3.07
4/5/2024 7:20,April,3.39,3.35
4/5/2024 7:25,April,3.49,3.46
4/5/2024 7:30,April,3.87,3.83
4/5/2024 7:35,April,3.59,3.56
4/5/2024 7:40,April,3.72,3.69
4/5/2024 7:45,April,3.8,3.77
4/5/2024 7:50,April,3.75,3.72
4/5/2024 7:55,April,4.84,4.8
4/5/2024 8:00,April,4.84,4.81
4/5/2024 8:05,April,3.52,3.47
4/5/2024 8:10,April,10.36,10.23
4/5/2024 8:15,April,6.59,6.51
4/5/2024 8:20,April,4.89,4.83
4/5/2024 8:25,April,4.87,4.82
4/5/2024 8:30,April,4.87,4.82
4/5/2024 8:35,April,4.87,4.82
4/5/2024 8:40,April,4.71,4.66
4/5/2024 8:45,April,4.85,4.8
4/5/2024 8:50,April,4.71,4.67
4/5/2024 8:55,April,4.74,4.7
4/5/2024 9:00,April,6.57,6.51
4/5/2024 9:05,April,0,0
4/5/2024 9:10,April,3.17,3.15
4/5/2024 9:15,April,3.39,3.36
4/5/2024 9:20,April,3.78,3.75
4/5/2024 9:25,April,3.79,3.76
4/5/2024 9:30,April,4.8,4.77
4/5/2024 9:35,April,4.14,4.12
4/5/2024 9:40,April,4.8,4.77
4/5/2024 9:45,April,3.16,3.15
4/5/2024 9:50,April,3.73,3.71
4/5/2024 9:55,April,3.78,3.75
4/5/2024 10:00,April,4.81,4.78
4/5/2024 10:05,April,2.75,2.73
4/5/2024 10:10,April,3.42,3.4
4/5/2024 10:15,April,3.74,3.72
4/5/2024 10:20,April,4.81,4.79
4/5/2024 10:25,April,4.8,4.77
4/5/2024 10:30,April,4.79,4.76
4/5/2024 10:35,April,4.78,4.76
4/5/2024 10:40,April,4.78,4.76
4/5/2024 10:45,April,4.68,4.66
4/5/2024 10:50,April,4.78,4.76
4/5/2024 10:55,April,3.74,3.73
4/5/2024 11:00,April,4.67,4.65
4/5/2024 11:05,April,4.78,4.76
4/5/2024 11:10,April,4.67,4.65
4/5/2024 11:15,April,4.78,4.76
4/5/2024 11:20,April,4.77,4.75
4/5/2024 11:25,April,4.76,4.75
4/5/2024 11:30,April,4.67,4.66
4/5/2024 11:35,April,3.76,3.75
4/5/2024 11:40,April,3.76,3.75
4/5/2024 11:45,April,4.67,4.65
4/5/2024 11:50,April,3.53,3.52
4/5/2024 11:55,April,4.67,4.66
4/5/2024 12:00,April,21.21,21.15
4/5/2024 12:05,April,14.75,14.71
4/5/2024 12:10,April,4.86,4.84
4/5/2024 12:15,April,4.79,4.77
4/5/2024 12:20,April,4.77,4.76
4/5/2024 12:25,April,4.77,4.76
4/5/2024 12:30,April,4.8,4.79
4/5/2024 12:35,April,11.53,11.5
4/5/2024 12:40,April,4.8,4.79
4/5/2024 12:45,April,4.8,4.79
4/5/2024 12:50,April,19.62,19.59
4/5/2024 12:55,April,4.84,4.83
4/5/2024 13:00,April,13.46,13.43
4/5/2024 13:05,April,4.85,4.84
4/5/2024 13:10,April,11.5,11.47
4/5/2024 13:15,April,11.52,11.47
4/5/2024 13:20,April,8.88,8.85
4/5/2024 13:25,April,13.42,13.37
4/5/2024 13:30,April,13.45,13.4
4/5/2024 13:35,April,8.87,8.84
4/5/2024 13:40,April,11.45,11.4
4/5/2024 13:45,April,9.91,9.86
4/5/2024 13:50,April,8.89,8.85
4/5/2024 13:55,April,8.88,8.84
4/5/2024 14:00,April,8.86,8.82
4/5/2024 14:05,April,9.93,9.89
4/5/2024 14:10,April,10.29,10.25
4/5/2024 14:15,April,9.94,9.9
4/5/2024 14:20,April,10.28,10.24
4/5/2024 14:25,April,8.89,8.85
4/5/2024 14:30,April,8.92,8.88
4/5/2024 14:35,April,7.78,7.75
4/5/2024 14:40,April,8.84,8.8
4/5/2024 14:45,April,8.88,8.84
4/5/2024 14:50,April,8.89,8.84
4/5/2024 14:55,April,8.87,8.83
4/5/2024 15:00,April,4.92,4.89
4/5/2024 15:05,April,15.21,15.12
4/5/2024 15:10,April,20.24,20.12
4/5/2024 15:15,April,11.6,11.53
4/5/2024 15:20,April,15.25,15.15
4/5/2024 15:25,April,11.58,11.5
4/5/2024 15:30,April,10.44,10.37
4/5/2024 15:35,April,10.42,10.35
4/5/2024 15:40,April,10.5,10.43
4/5/2024 15:45,April,9.93,9.86
4/5/2024 15:50,April,8.92,8.86
4/5/2024 15:55,April,8.9,8.84
4/5/2024 16:00,April,6.61,6.56
4/5/2024 16:05,April,8.9,8.83
4/5/2024 16:10,April,8.9,8.83
4/5/2024 16:15,April,7.85,7.79
4/5/2024 16:20,April,4.94,4.91
4/5/2024 16:25,April,6.63,6.58
4/5/2024 16:30,April,7.87,7.81
4/5/2024 16:35,April,8.87,8.81
4/5/2024 16:40,April,7.88,7.83
4/5/2024 16:45,April,6.68,6.63
4/5/2024 16:50,April,3.94,3.91
4/5/2024 16:55,April,3.94,3.92
4/5/2024 17:00,April,3.32,3.29
4/5/2024 17:05,April,3.25,3.22
4/5/2024 17:10,April,3.25,3.23
4/5/2024 17:15,April,3.47,3.44
4/5/2024 17:20,April,3.95,3.92
4/5/2024 17:25,April,4.48,4.44
4/5/2024 17:30,April,4.91,4.87
4/5/2024 17:35,April,4.44,4.41
4/5/2024 17:40,April,4.92,4.88
4/5/2024 17:45,April,6.66,6.73
4/5/2024 17:50,April,6.66,6.61
4/5/2024 17:55,April,4.93,4.88
4/5/2024 18:00,April,6.67,6.61
4/5/2024 18:05,April,4.5,4.46
4/5/2024 18:10,April,7.92,7.85
4/5/2024 18:15,April,10.11,10.02
4/5/2024 18:20,April,7.92,7.85
4/5/2024 18:25,April,8.89,8.81
4/5/2024 18:30,April,8.9,8.82
4/5/2024 18:35,April,6.69,6.62
4/5/2024 18:40,April,5.01,4.96
4/5/2024 18:45,April,5,4.95
4/5/2024 18:50,April,5,4.95
4/5/2024 18:55,April,5,4.95
4/5/2024 19:00,April,4.99,4.94
4/5/2024 19:05,April,3.93,3.89
4/5/2024 19:10,April,4.45,4.41
4/5/2024 19:15,April,4.98,4.93
4/5/2024 19:20,April,4.98,4.93
4/5/2024 19:25,April,4.97,4.92
4/5/2024 19:30,April,4.96,4.91
4/5/2024 19:35,April,2.46,2.44
4/5/2024 19:40,April,3.28,3.24
4/5/2024 19:45,April,3.92,3.88
4/5/2024 19:50,April,3.92,3.88
4/5/2024 19:55,April,3.51,3.47
4/5/2024 20:00,April,3.51,3.47
4/5/2024 20:05,April,30.34,30.02
4/5/2024 20:10,April,29.47,29.15
4/5/2024 20:15,April,29.3,29
4/5/2024 20:20,April,9,8.91
4/5/2024 20:25,April,4.99,4.94
4/5/2024 20:30,April,6.74,6.67
4/5/2024 20:35,April,3.9,3.85
4/5/2024 20:40,April,4.45,4.4
4/5/2024 20:45,April,4.99,4.94
4/5/2024 20:50,April,4.45,4.4
4/5/2024 20:55,April,3.37,3.33
4/5/2024 21:00,April,3.3,3.26
4/5/2024 21:05,April,29.44,29.11
4/5/2024 21:10,April,11.44,11.31
4/5/2024 21:15,April,5.06,5
4/5/2024 21:20,April,2.81,2.78
4/5/2024 21:25,April,3.3,3.26
4/5/2024 21:30,April,3.51,3.47
4/5/2024 21:35,April,4.69,4.64
4/5/2024 21:40,April,4.46,4.4
4/5/2024 21:45,April,4.69,4.63
4/5/2024 21:50,April,29.26,28.92
4/5/2024 21:55,April,7.94,7.84
4/5/2024 22:00,April,4.72,4.66
4/5/2024 22:05,April,4.72,4.66
4/5/2024 22:10,April,4.72,4.66
4/5/2024 22:15,April,29.26,28.93
4/5/2024 22:20,April,4.99,4.93
4/5/2024 22:25,April,5,4.95
4/5/2024 22:30,April,4.72,4.67
4/5/2024 22:35,April,4.98,4.93
4/5/2024 22:40,April,4.97,4.92
4/5/2024 22:45,April,4.96,4.91
4/5/2024 22:50,April,4.98,4.92
4/5/2024 22:55,April,4.08,4.03
4/5/2024 23:00,April,4.72,4.67
4/5/2024 23:05,April,24.57,24.32
4/5/2024 23:10,April,4.99,4.94
4/5/2024 23:15,April,4.97,4.92
4/5/2024 23:20,April,4.97,4.92
4/5/2024 23:25,April,29.04,28.76
4/5/2024 23:30,April,11.47,11.36
4/5/2024 23:35,April,5.02,4.98
4/5/2024 23:40,April,2.86,2.84
4/5/2024 23:45,April,3.47,3.43
4/5/2024 23:50,April,3.47,3.43
4/5/2024 23:55,April,4.99,4.95
4/6/2024 0:00,April,3.47,3.44
4/6/2024 0:05,April,5.01,4.96
4/6/2024 0:10,April,3.91,3.87
4/6/2024 0:15,April,3.92,3.88
4/6/2024 0:20,April,3.92,3.88
4/6/2024 0:25,April,4.37,4.32
4/6/2024 0:30,April,3.93,3.88
4/6/2024 0:35,April,3.93,3.89
4/6/2024 0:40,April,3.91,3.88
4/6/2024 0:45,April,3.96,3.93
4/6/2024 0:50,April,4.87,4.82
4/6/2024 0:55,April,4.36,4.32
4/6/2024 1:00,April,4.37,4.32
4/6/2024 1:05,April,4.87,4.82
4/6/2024 1:10,April,4.87,4.82
4/6/2024 1:15,April,4.88,4.84
4/6/2024 1:20,April,4.37,4.32
4/6/2024 1:25,April,4.37,4.33
4/6/2024 1:30,April,4.87,4.82
4/6/2024 1:35,April,4.86,4.82
4/6/2024 1:40,April,4.88,4.84
4/6/2024 1:45,April,4.37,4.33
4/6/2024 1:50,April,4.77,4.73
4/6/2024 1:55,April,4.37,4.33
4/6/2024 2:00,April,4.76,4.72
4/6/2024 2:05,April,4.94,4.9
4/6/2024 2:10,April,4.87,4.82
4/6/2024 2:15,April,4.87,4.83
4/6/2024 2:20,April,4.93,4.89
4/6/2024 2:25,April,4.93,4.89
4/6/2024 2:30,April,4.94,4.9
4/6/2024 2:35,April,4.88,4.85
4/6/2024 2:40,April,4.93,4.9
4/6/2024 2:45,April,4.36,4.33
4/6/2024 2:50,April,4.37,4.33
4/6/2024 2:55,April,4.37,4.33
4/6/2024 3:00,April,4.37,4.33
4/6/2024 3:05,April,4.37,4.33
4/6/2024 3:10,April,4.37,4.33
4/6/2024 3:15,April,4.38,4.34
4/6/2024 3:20,April,4.37,4.33
4/6/2024 3:25,April,4.38,4.34
4/6/2024 3:30,April,4.39,4.35
4/6/2024 3:35,April,4.39,4.35
4/6/2024 3:40,April,4.45,4.4
4/6/2024 3:45,April,4.39,4.35
4/6/2024 3:50,April,4.39,4.35
4/6/2024 3:55,April,4.39,4.34
4/6/2024 4:00,April,4.38,4.34
4/6/2024 4:05,April,4.38,4.34
4/6/2024 4:10,April,4.38,4.34
4/6/2024 4:15,April,4.03,3.99
4/6/2024 4:20,April,3.94,3.9
4/6/2024 4:25,April,3.93,3.9
4/6/2024 4:30,April,3.93,3.89
4/6/2024 4:35,April,3.94,3.9
4/6/2024 4:40,April,4.38,4.34
4/6/2024 4:45,April,3.93,3.89
4/6/2024 4:50,April,3.94,3.9
4/6/2024 4:55,April,3.93,3.89
4/6/2024 5:00,April,3.93,3.89
4/6/2024 5:05,April,2.87,2.84
4/6/2024 5:10,April,3.82,3.78
4/6/2024 5:15,April,3.82,3.78
4/6/2024 5:20,April,3.82,3.78
4/6/2024 5:25,April,3.83,3.78
4/6/2024 5:30,April,3.27,3.23
4/6/2024 5:35,April,3.13,3.09
4/6/2024 5:40,April,3.58,3.54
4/6/2024 5:45,April,3.58,3.54
4/6/2024 5:50,April,3.8,3.76
4/6/2024 5:55,April,3.26,3.22
4/6/2024 6:00,April,3.13,3.09
4/6/2024 6:05,April,0,0
4/6/2024 6:10,April,3.24,3.21
4/6/2024 6:15,April,3.45,3.41
4/6/2024 6:20,April,3.44,3.4
4/6/2024 6:25,April,2.83,2.81
4/6/2024 6:30,April,2.84,2.81
4/6/2024 6:35,April,2.84,2.81
4/6/2024 6:40,April,3.01,2.98
4/6/2024 6:45,April,3.18,3.15
4/6/2024 6:50,April,3.01,2.98
4/6/2024 6:55,April,3.13,3.1
4/6/2024 7:00,April,3.15,3.12
4/6/2024 7:05,April,0,0
4/6/2024 7:10,April,2.83,2.81
4/6/2024 7:15,April,2.83,2.81
4/6/2024 7:20,April,3.12,3.09
4/6/2024 7:25,April,2.96,2.93
4/6/2024 7:30,April,2.91,2.89
4/6/2024 7:35,April,3.1,3.08
4/6/2024 7:40,April,3.26,3.24
4/6/2024 7:45,April,3.11,3.08
4/6/2024 7:50,April,3.42,3.4
4/6/2024 7:55,April,3.42,3.4
4/6/2024 8:00,April,3.43,3.4
4/6/2024 8:05,April,2.85,2.82
4/6/2024 8:10,April,3.27,3.24
4/6/2024 8:15,April,3.27,3.24
4/6/2024 8:20,April,3.38,3.35
4/6/2024 8:25,April,3.44,3.4
4/6/2024 8:30,April,3.27,3.23
4/6/2024 8:35,April,3.27,3.23
4/6/2024 8:40,April,3.37,3.34
4/6/2024 8:45,April,3.77,3.73
4/6/2024 8:50,April,3.51,3.47
4/6/2024 8:55,April,3.7,3.66
4/6/2024 9:00,April,3.49,3.46
4/6/2024 9:05,April,2.35,2.32
4/6/2024 9:10,April,3.07,3.02
4/6/2024 9:15,April,3.16,3.11
4/6/2024 9:20,April,3.5,3.44
4/6/2024 9:25,April,3.74,3.68
4/6/2024 9:30,April,3.61,3.55
4/6/2024 9:35,April,3.75,3.7
4/6/2024 9:40,April,3.61,3.56
4/6/2024 9:45,April,3.9,3.85
4/6/2024 9:50,April,3.9,3.86
4/6/2024 9:55,April,3.9,3.85
4/6/2024 10:00,April,3.9,3.86
4/6/2024 10:05,April,2.44,2.41
4/6/2024 10:10,April,3.43,3.39
4/6/2024 10:15,April,3.6,3.56
4/6/2024 10:20,April,3.79,3.75
4/6/2024 10:25,April,3.9,3.85
4/6/2024 10:30,April,3.79,3.75
4/6/2024 10:35,April,3.76,3.72
4/6/2024 10:40,April,3.9,3.85
4/6/2024 10:45,April,3.9,3.85
4/6/2024 10:50,April,3.89,3.85
4/6/2024 10:55,April,3.89,3.85
4/6/2024 11:00,April,3.89,3.85
4/6/2024 11:05,April,3.43,3.39
4/6/2024 11:10,April,4.8,4.75
4/6/2024 11:15,April,3.89,3.85
4/6/2024 11:20,April,3.9,3.85
4/6/2024 11:25,April,3.49,3.44
4/6/2024 11:30,April,3.9,3.87
4/6/2024 11:35,April,3.8,3.77
4/6/2024 11:40,April,3.79,3.78
4/6/2024 11:45,April,3.42,3.41
4/6/2024 11:50,April,3.47,3.46
4/6/2024 11:55,April,3.78,3.77
4/6/2024 12:00,April,2.83,2.82
4/6/2024 12:05,April,3.18,3.17
4/6/2024 12:10,April,3.38,3.36
4/6/2024 12:15,April,3.39,3.37
4/6/2024 12:20,April,3.46,3.43
4/6/2024 12:25,April,3.79,3.76
4/6/2024 12:30,April,3.85,3.83
4/6/2024 12:35,April,3.55,3.53
4/6/2024 12:40,April,3.44,3.42
4/6/2024 12:45,April,3.46,3.45
4/6/2024 12:50,April,3.73,3.72
4/6/2024 12:55,April,3.87,3.86
4/6/2024 13:00,April,3.87,3.86
4/6/2024 13:05,April,3.75,3.74
4/6/2024 13:10,April,3.88,3.87
4/6/2024 13:15,April,4.6,4.58
4/6/2024 13:20,April,3.79,3.77
4/6/2024 13:25,April,3.39,3.37
4/6/2024 13:30,April,3.48,3.46
4/6/2024 13:35,April,3.98,3.96
4/6/2024 13:40,April,3.73,3.72
4/6/2024 13:45,April,3.71,3.7
4/6/2024 13:50,April,3.3,3.29
4/6/2024 13:55,April,3.9,3.88
4/6/2024 14:00,April,3.72,3.7
4/6/2024 14:05,April,3.9,3.88
4/6/2024 14:10,April,11.5,11.45
4/6/2024 14:15,April,4.85,4.83
4/6/2024 14:20,April,4.83,4.81
4/6/2024 14:25,April,4.83,4.81
4/6/2024 14:30,April,4.83,4.81
4/6/2024 14:35,April,4.84,4.82
4/6/2024 14:40,April,4.84,4.82
4/6/2024 14:45,April,4.83,4.81
4/6/2024 14:50,April,4.21,4.19
4/6/2024 14:55,April,3.99,3.97
4/6/2024 15:00,April,3.99,3.98
4/6/2024 15:05,April,4.82,4.8
4/6/2024 15:10,April,4.83,4.81
4/6/2024 15:15,April,4.84,4.82
4/6/2024 15:20,April,4.86,4.83
4/6/2024 15:25,April,4.86,4.84
4/6/2024 15:30,April,4.84,4.82
4/6/2024 15:35,April,4.85,4.83
4/6/2024 15:40,April,4.01,3.99
4/6/2024 15:45,April,4.83,4.81
4/6/2024 15:50,April,4.83,4.81
4/6/2024 15:55,April,4.83,4.8
4/6/2024 16:00,April,4.83,4.8
4/6/2024 16:05,April,3.93,3.91
4/6/2024 16:10,April,4.83,4.8
4/6/2024 16:15,April,4.83,4.81
4/6/2024 16:20,April,4.83,4.8
4/6/2024 16:25,April,4.84,4.81
4/6/2024 16:30,April,4.85,4.82
4/6/2024 16:35,April,4.85,4.82
4/6/2024 16:40,April,4.02,4
4/6/2024 16:45,April,3.94,3.92
4/6/2024 16:50,April,3.95,3.92
4/6/2024 16:55,April,3.52,3.5
4/6/2024 17:00,April,3.45,3.43
4/6/2024 17:05,April,3.53,3.5
4/6/2024 17:10,April,3.45,3.43
4/6/2024 17:15,April,3.29,3.26
4/6/2024 17:20,April,3.46,3.43
4/6/2024 17:25,April,3.45,3.43
4/6/2024 17:30,April,3.46,3.43
4/6/2024 17:35,April,3.45,3.43
4/6/2024 17:40,April,3.46,3.43
4/6/2024 17:45,April,3.46,3.43
4/6/2024 17:50,April,3.82,3.79
4/6/2024 17:55,April,4.07,4.03
4/6/2024 18:00,April,7.95,7.88
4/6/2024 18:05,April,3.54,3.51
4/6/2024 18:10,April,4.88,4.84
4/6/2024 18:15,April,10.46,10.36
4/6/2024 18:20,April,7.95,7.88
4/6/2024 18:25,April,8.22,8.15
4/6/2024 18:30,April,8.99,8.91
4/6/2024 18:35,April,4.95,4.9
4/6/2024 18:40,April,4.93,4.88
4/6/2024 18:45,April,4.06,4.02
4/6/2024 18:50,April,4.93,4.88
4/6/2024 18:55,April,4.93,4.88
4/6/2024 19:00,April,4.07,4.03
4/6/2024 19:05,April,11.65,11.53
4/6/2024 19:10,April,7.96,7.88
4/6/2024 19:15,April,4.95,4.9
4/6/2024 19:20,April,4.08,4.04
4/6/2024 19:25,April,4.94,4.89
4/6/2024 19:30,April,4.95,4.9
4/6/2024 19:35,April,4.94,4.89
4/6/2024 19:40,April,4.93,4.88
4/6/2024 19:45,April,4.08,4.03
4/6/2024 19:50,April,4.93,4.88
4/6/2024 19:55,April,4.93,4.87
4/6/2024 20:00,April,4.08,4.03
4/6/2024 20:05,April,29.36,29.03
4/6/2024 20:10,April,27.02,26.72
4/6/2024 20:15,April,19.86,19.64
4/6/2024 20:20,April,11.43,11.3
4/6/2024 20:25,April,7.98,7.88
4/6/2024 20:30,April,5.02,4.96
4/6/2024 20:35,April,5,4.94
4/6/2024 20:40,April,5.01,4.95
4/6/2024 20:45,April,5.01,4.95
4/6/2024 20:50,April,4.88,4.82
4/6/2024 20:55,April,5,4.94
4/6/2024 21:00,April,4.99,4.94
4/6/2024 21:05,April,7.97,7.88
4/6/2024 21:10,April,5.02,4.96
4/6/2024 21:15,April,5.01,4.94
4/6/2024 21:20,April,5,4.94
4/6/2024 21:25,April,5.1,5.03
4/6/2024 21:30,April,7.97,7.86
4/6/2024 21:35,April,5.12,5.05
4/6/2024 21:40,April,5.01,4.94
4/6/2024 21:45,April,5,4.94
4/6/2024 21:50,April,5.03,4.96
4/6/2024 21:55,April,5.01,4.94
4/6/2024 22:00,April,4.1,4.05
4/6/2024 22:05,April,11.44,11.3
4/6/2024 22:10,April,6.7,6.61
4/6/2024 22:15,April,5.02,4.96
4/6/2024 22:20,April,5.09,5.03
4/6/2024 22:25,April,5.01,4.95
4/6/2024 22:30,April,5.01,4.95
4/6/2024 22:35,April,5.01,4.95
4/6/2024 22:40,April,4.59,4.54
4/6/2024 22:45,April,4.59,4.54
4/6/2024 22:50,April,4.98,4.92
4/6/2024 22:55,April,4.6,4.54
4/6/2024 23:00,April,4.99,4.93
4/6/2024 23:05,April,13.53,13.38
4/6/2024 23:10,April,5.09,5.03
4/6/2024 23:15,April,4.98,4.92
4/6/2024 23:20,April,4.99,4.93
4/6/2024 23:25,April,4.97,4.91
4/6/2024 23:30,April,4.97,4.91
4/6/2024 23:35,April,3.9,3.86
4/6/2024 23:40,April,4.09,4.04
4/6/2024 23:45,April,4.09,4.04
4/6/2024 23:50,April,3.9,3.85
4/6/2024 23:55,April,4.09,4.04
4/7/2024 0:00,April,4.09,4.04
4/7/2024 0:05,April,11.53,11.41
4/7/2024 0:10,April,4.94,4.89
4/7/2024 0:15,April,4.92,4.86
4/7/2024 0:20,April,4.89,4.83
4/7/2024 0:25,April,4.91,4.85
4/7/2024 0:30,April,4.87,4.81
4/7/2024 0:35,April,4.56,4.51
4/7/2024 0:40,April,4.86,4.81
4/7/2024 0:45,April,3.56,3.52
4/7/2024 0:50,April,3.97,3.92
4/7/2024 0:55,April,3.97,3.93
4/7/2024 1:00,April,4.56,4.5
4/7/2024 1:05,April,4.8,4.74
4/7/2024 1:10,April,4.8,4.74
4/7/2024 1:15,April,4.57,4.52
4/7/2024 1:20,April,4.76,4.7
4/7/2024 1:25,April,4.8,4.75
4/7/2024 1:30,April,4.91,4.85
4/7/2024 1:35,April,4.81,4.76
4/7/2024 1:40,April,4.77,4.72
4/7/2024 1:45,April,4.57,4.52
4/7/2024 1:50,April,4.76,4.71
4/7/2024 1:55,April,4.76,4.71
4/7/2024 2:00,April,3.98,3.93
4/7/2024 2:05,April,4.91,4.86
4/7/2024 2:10,April,4.91,4.86
4/7/2024 2:15,April,4.93,4.88
4/7/2024 2:20,April,4.92,4.87
4/7/2024 2:25,April,4.92,4.87
4/7/2024 2:30,April,4.9,4.86
4/7/2024 2:35,April,5.64,5.59
4/7/2024 2:40,April,4.91,4.87
4/7/2024 2:45,April,4.92,4.88
4/7/2024 2:50,April,4.9,4.86
4/7/2024 2:55,April,4.58,4.55
4/7/2024 3:00,April,4.94,4.9
4/7/2024 3:05,April,4.94,4.9
4/7/2024 3:10,April,4.97,4.92
4/7/2024 3:15,April,4.98,4.94
4/7/2024 3:20,April,4.96,4.92
4/7/2024 3:25,April,4.96,4.91
4/7/2024 3:30,April,4.94,4.9
4/7/2024 3:35,April,4.94,4.9
4/7/2024 3:40,April,4.92,4.88
4/7/2024 3:45,April,4.76,4.72
4/7/2024 3:50,April,4.92,4.88
4/7/2024 3:55,April,4.94,4.9
4/7/2024 4:00,April,4.59,4.56
4/7/2024 4:05,April,3.58,3.58
4/7/2024 4:10,April,4.68,4.68
4/7/2024 4:15,April,3.53,3.53
4/7/2024 4:20,April,3.52,3.52
4/7/2024 4:25,April,4.77,4.73
4/7/2024 4:30,April,3.12,3.09
4/7/2024 4:35,April,3.9,3.23
4/7/2024 4:40,April,4.58,4.54
4/7/2024 4:45,April,3.91,3.23
4/7/2024 4:50,April,3.99,3.24
4/7/2024 4:55,April,3.99,3.24
4/7/2024 5:00,April,3.99,3.24
4/7/2024 5:05,April,3.55,3.52
4/7/2024 5:10,April,3.78,3
4/7/2024 5:15,April,3.78,3
4/7/2024 5:20,April,3.79,3
4/7/2024 5:25,April,3.96,3.96
4/7/2024 5:30,April,3.98,3.23
4/7/2024 5:35,April,3.57,2.95
4/7/2024 5:40,April,3.7,2.97
4/7/2024 5:45,April,3.45,2.97
4/7/2024 5:50,April,3.82,3.21
4/7/2024 5:55,April,3.8,3.03
4/7/2024 6:00,April,3.73,3.02
4/7/2024 6:05,April,3.5,3.06
4/7/2024 6:10,April,3.29,3.29
4/7/2024 6:15,April,3.7,2.97
4/7/2024 6:20,April,3.69,2.97
4/7/2024 6:25,April,3.48,2.93
4/7/2024 6:30,April,3.69,2.97
4/7/2024 6:35,April,3.45,2.93
4/7/2024 6:40,April,3.47,2.93
4/7/2024 6:45,April,3.46,2.93
4/7/2024 6:50,April,3.08,2.86
4/7/2024 6:55,April,3,2.85
4/7/2024 7:00,April,3.08,2.86
4/7/2024 7:05,April,2.94,2.49
4/7/2024 7:10,April,3.14,2.87
4/7/2024 7:15,April,3.48,2.97
4/7/2024 7:20,April,3.29,2.9
4/7/2024 7:25,April,2.84,2.81
4/7/2024 7:30,April,2.84,2.81
4/7/2024 7:35,April,2.95,2.84
4/7/2024 7:40,April,3.07,2.86
4/7/2024 7:45,April,3.14,2.87
4/7/2024 7:50,April,3.22,2.88
4/7/2024 7:55,April,3.13,2.87
4/7/2024 8:00,April,3.33,2.78
4/7/2024 8:05,April,2.83,2.81
4/7/2024 8:10,April,3.06,2.85
4/7/2024 8:15,April,4.68,4.68
4/7/2024 8:20,April,3.93,3.93
4/7/2024 8:25,April,3.77,3.77
4/7/2024 8:30,April,3.2,3.2
4/7/2024 8:35,April,3.26,2.88
4/7/2024 8:40,April,4.47,4.45
4/7/2024 8:45,April,4.46,4.45
4/7/2024 8:50,April,4.46,4.45
4/7/2024 8:55,April,4,3.99
4/7/2024 9:00,April,4.11,4.1
4/7/2024 9:05,April,3.08,3.08
4/7/2024 9:10,April,3.38,3.37
4/7/2024 9:15,April,3.39,3.38
4/7/2024 9:20,April,3.39,3.38
4/7/2024 9:25,April,4.46,4.45
4/7/2024 9:30,April,3.48,2.92
4/7/2024 9:35,April,4.03,4.03
4/7/2024 9:40,April,3.63,2.94
4/7/2024 9:45,April,4.68,4.68
4/7/2024 9:50,April,4.03,4.03
4/7/2024 9:55,April,4.68,4.68
4/7/2024 10:00,April,4.56,4.36
4/7/2024 10:05,April,3.12,3.12
4/7/2024 10:10,April,3.96,3.96
4/7/2024 10:15,April,4.03,4.03
4/7/2024 10:20,April,3.52,3.52
4/7/2024 10:25,April,4.69,4.69
4/7/2024 10:30,April,4.08,4.08
4/7/2024 10:35,April,4.69,4.69
4/7/2024 10:40,April,4.04,4.04
4/7/2024 10:45,April,3.53,3.53
4/7/2024 10:50,April,3.43,3.43
4/7/2024 10:55,April,3.53,3.53
4/7/2024 11:00,April,3.43,3.43
4/7/2024 11:05,April,4.04,4.04
4/7/2024 11:10,April,3.22,3.22
4/7/2024 11:15,April,3.97,3.97
4/7/2024 11:20,April,3.71,3.71
4/7/2024 11:25,April,3.97,3.97
4/7/2024 11:30,April,3.23,3.23
4/7/2024 11:35,April,3.26,3.26
4/7/2024 11:40,April,3.43,3.43
4/7/2024 11:45,April,3.22,3.22
4/7/2024 11:50,April,3.26,3.26
4/7/2024 11:55,April,3.22,3.22
4/7/2024 12:00,April,3.53,3.53
4/7/2024 12:05,April,3.22,3.22
4/7/2024 12:10,April,3.51,3.51
4/7/2024 12:15,April,4.69,4.69
4/7/2024 12:20,April,3.43,3.43
4/7/2024 12:25,April,4.08,4.08
4/7/2024 12:30,April,4.08,4.08
4/7/2024 12:35,April,3.58,3.58
4/7/2024 12:40,April,3.53,3.53
4/7/2024 12:45,April,3.96,3.96
4/7/2024 12:50,April,4.68,4.68
4/7/2024 12:55,April,3.97,3.97
4/7/2024 13:00,April,4.08,4.08
4/7/2024 13:05,April,3.57,3.57
4/7/2024 13:10,April,4.69,4.69
4/7/2024 13:15,April,3.57,3.57
4/7/2024 13:20,April,4.86,4.86
4/7/2024 13:25,April,4.69,4.69
4/7/2024 13:30,April,4.87,4.87
4/7/2024 13:35,April,4.87,4.87
4/7/2024 13:40,April,4.04,4.04
4/7/2024 13:45,April,4.04,4.04
4/7/2024 13:50,April,4.87,4.87
4/7/2024 13:55,April,4.87,4.87
4/7/2024 14:00,April,4.69,4.69
4/7/2024 14:05,April,3.88,3.88
4/7/2024 14:10,April,4.87,4.87
4/7/2024 14:15,April,8.16,8.16
4/7/2024 14:20,April,10.97,10.97
4/7/2024 14:25,April,9.35,9.35
4/7/2024 14:30,April,4.87,4.87
4/7/2024 14:35,April,6.57,6.57
4/7/2024 14:40,April,6.12,6.12
4/7/2024 14:45,April,6.57,6.57
4/7/2024 14:50,April,4.87,4.87
4/7/2024 14:55,April,4.87,4.87
4/7/2024 15:00,April,6.12,6.12
4/7/2024 15:05,April,9.35,9.35
4/7/2024 15:10,April,9.35,9.35
4/7/2024 15:15,April,10.98,10.98
4/7/2024 15:20,April,10.98,10.98
4/7/2024 15:25,April,3.2,3.2
4/7/2024 15:30,April,3.58,3.58
4/7/2024 15:35,April,4.86,4.86
4/7/2024 15:40,April,4.86,4.86
4/7/2024 15:45,April,6.12,6.12
4/7/2024 15:50,April,6.12,6.12
4/7/2024 15:55,April,4.69,4.69
4/7/2024 16:00,April,4.04,4.04
4/7/2024 16:05,April,4.57,4.56
4/7/2024 16:10,April,5.04,5.02
4/7/2024 16:15,April,4.56,4.55
4/7/2024 16:20,April,4.97,4.95
4/7/2024 16:25,April,4.95,4.93
4/7/2024 16:30,April,3.45,3.43
4/7/2024 16:35,April,3.45,3.43
4/7/2024 16:40,April,3.45,3.43
4/7/2024 16:45,April,4.94,4.91
4/7/2024 16:50,April,3.45,3.43
4/7/2024 16:55,April,4.58,4.56
4/7/2024 17:00,April,4.59,4.56
4/7/2024 17:05,April,4.08,4.06
4/7/2024 17:10,April,4.09,4.06
4/7/2024 17:15,April,4.92,4.89
4/7/2024 17:20,April,4.61,4.58
4/7/2024 17:25,April,4.92,4.88
4/7/2024 17:30,April,4.63,4.6
4/7/2024 17:35,April,4.92,4.89
4/7/2024 17:40,April,4.93,4.89
4/7/2024 17:45,April,4.93,4.9
4/7/2024 17:50,April,5.12,5.08
4/7/2024 17:55,April,4.93,4.9
4/7/2024 18:00,April,5.93,5.89
4/7/2024 18:05,April,4.95,4.91
4/7/2024 18:10,April,4.64,4.61
4/7/2024 18:15,April,4.96,4.92
4/7/2024 18:20,April,4.93,4.89
4/7/2024 18:25,April,5.23,5.18
4/7/2024 18:30,April,5.36,5.31
4/7/2024 18:35,April,7.95,7.87
4/7/2024 18:40,April,4.98,4.93
4/7/2024 18:45,April,4.98,4.93
4/7/2024 18:50,April,4.33,4.29
4/7/2024 18:55,April,4.63,4.59
4/7/2024 19:00,April,4.63,4.58
4/7/2024 19:05,April,4.94,4.89
4/7/2024 19:10,April,4.63,4.58
4/7/2024 19:15,April,4.63,4.58
4/7/2024 19:20,April,4.92,4.87
4/7/2024 19:25,April,4.63,4.58
4/7/2024 19:30,April,4.91,4.86
4/7/2024 19:35,April,4.32,4.28
4/7/2024 19:40,April,4.63,4.59
4/7/2024 19:45,April,10.33,10.22
4/7/2024 19:50,April,4.95,4.9
4/7/2024 19:55,April,4.94,4.89
4/7/2024 20:00,April,4.93,4.88
4/7/2024 20:05,April,18.79,18.58
4/7/2024 20:10,April,10.28,10.16
4/7/2024 20:15,April,6.69,6.61
4/7/2024 20:20,April,4.98,4.92
4/7/2024 20:25,April,4.96,4.9
4/7/2024 20:30,April,4.96,4.9
4/7/2024 20:35,April,4.96,4.9
4/7/2024 20:40,April,4.98,4.92
4/7/2024 20:45,April,4.98,4.92
4/7/2024 20:50,April,4.87,4.82
4/7/2024 20:55,April,4.96,4.91
4/7/2024 21:00,April,4.66,4.61
4/7/2024 21:05,April,7.97,7.87
4/7/2024 21:10,April,4.98,4.92
4/7/2024 21:15,April,4.99,4.93
4/7/2024 21:20,April,4.99,4.93
4/7/2024 21:25,April,4.99,4.93
4/7/2024 21:30,April,4.98,4.92
4/7/2024 21:35,April,29.34,28.96
4/7/2024 21:40,April,28.97,28.6
4/7/2024 21:45,April,7.94,7.83
4/7/2024 21:50,April,8.98,8.85
4/7/2024 21:55,April,9.01,8.88
4/7/2024 22:00,April,5,4.93
4/7/2024 22:05,April,11.43,11.26
4/7/2024 22:10,April,6.7,6.61
4/7/2024 22:15,April,4.91,4.84
4/7/2024 22:20,April,5.03,4.96
4/7/2024 22:25,April,5.11,5.05
4/7/2024 22:30,April,5.03,4.97
4/7/2024 22:35,April,5.05,4.99
4/7/2024 22:40,April,6.71,6.64
4/7/2024 22:45,April,5.05,4.99
4/7/2024 22:50,April,5.19,5.13
4/7/2024 22:55,April,5.02,4.96
4/7/2024 23:00,April,5.02,4.97
4/7/2024 23:05,April,5.01,4.95
4/7/2024 23:10,April,5,4.94
4/7/2024 23:15,April,5.01,4.95
4/7/2024 23:20,April,5,4.94
4/7/2024 23:25,April,4.99,4.93
4/7/2024 23:30,April,5,4.94
4/7/2024 23:35,April,4.98,4.92
4/7/2024 23:40,April,4.99,4.93
4/7/2024 23:45,April,4.98,4.92
4/7/2024 23:50,April,4.96,4.91
4/7/2024 23:55,April,4.96,4.9
4/8/2024 0:00,April,4.96,4.9
4/8/2024 0:05,April,3.57,3.53
4/8/2024 0:10,April,4.04,3.99
4/8/2024 0:15,April,4.15,4.1
4/8/2024 0:20,April,4.15,4.1
4/8/2024 0:25,April,4.92,4.86
4/8/2024 0:30,April,4.92,4.86
4/8/2024 0:35,April,4.92,4.86
4/8/2024 0:40,April,4.93,4.87
4/8/2024 0:45,April,2.87,2.84
4/8/2024 0:50,April,3.45,3.41
4/8/2024 0:55,April,3.4,3.36
4/8/2024 1:00,April,3.24,3.2
4/8/2024 1:05,April,3.57,3.52
4/8/2024 1:10,April,3.57,3.52
4/8/2024 1:15,April,4.93,4.87
4/8/2024 1:20,April,4.74,4.68
4/8/2024 1:25,April,4.14,4.09
4/8/2024 1:30,April,3.57,3.52
4/8/2024 1:35,April,4.38,4.33
4/8/2024 1:40,April,4.13,4.08
4/8/2024 1:45,April,4.74,4.68
4/8/2024 1:50,April,4.74,4.67
4/8/2024 1:55,April,4.74,4.68
4/8/2024 2:00,April,4.14,4.08
4/8/2024 2:05,April,4.44,4.38
4/8/2024 2:10,April,3.24,3.2
4/8/2024 2:15,April,3.56,3.51
4/8/2024 2:20,April,3.56,3.51
4/8/2024 2:25,April,4.12,4.06
4/8/2024 2:30,April,3.91,3.85
4/8/2024 2:35,April,4.02,3.97
4/8/2024 2:40,April,3.81,3.75
4/8/2024 2:45,April,3.8,3.75
4/8/2024 2:50,April,3.8,3.75
4/8/2024 2:55,April,3.57,3.52
4/8/2024 3:00,April,4.01,3.96
4/8/2024 3:05,April,4.01,3.96
4/8/2024 3:10,April,3.32,3.27
4/8/2024 3:15,April,3.57,3.52
4/8/2024 3:20,April,3.81,3.75
4/8/2024 3:25,April,3.21,3.16
4/8/2024 3:30,April,3.32,3.28
4/8/2024 3:35,April,3.32,3.28
4/8/2024 3:40,April,3.57,3.51
4/8/2024 3:45,April,3.23,3.18
4/8/2024 3:50,April,3.57,3.52
4/8/2024 3:55,April,3.21,3.16
4/8/2024 4:00,April,3.23,3.19
4/8/2024 4:05,April,3.98,3.92
4/8/2024 4:10,April,4.95,4.88
4/8/2024 4:15,April,4.01,3.95
4/8/2024 4:20,April,4.93,4.87
4/8/2024 4:25,April,4.01,3.95
4/8/2024 4:30,April,4.95,4.88
4/8/2024 4:35,April,4.96,4.89
4/8/2024 4:40,April,11.5,11.33
4/8/2024 4:45,April,6.68,6.58
4/8/2024 4:50,April,4.01,3.95
4/8/2024 4:55,April,4.01,3.95
4/8/2024 5:00,April,4.4,4.34
4/8/2024 5:05,April,2.84,2.8
4/8/2024 5:10,April,3.31,3.26
4/8/2024 5:15,April,3.8,3.74
4/8/2024 5:20,April,3.81,3.75
4/8/2024 5:25,April,3.56,3.51
4/8/2024 5:30,April,3.56,3.51
4/8/2024 5:35,April,3.56,3.5
4/8/2024 5:40,April,3.8,3.74
4/8/2024 5:45,April,3.8,3.74
4/8/2024 5:50,April,3.56,3.51
4/8/2024 5:55,April,3.8,3.75
4/8/2024 6:00,April,3.8,3.74
4/8/2024 6:05,April,-0.17,-0.16
4/8/2024 6:10,April,0,0
4/8/2024 6:15,April,2.86,2.82
4/8/2024 6:20,April,2.84,2.8
4/8/2024 6:25,April,2.85,2.82
4/8/2024 6:30,April,2.83,2.8
4/8/2024 6:35,April,0,0
4/8/2024 6:40,April,2.45,2.42
4/8/2024 6:45,April,2.83,2.8
4/8/2024 6:50,April,2.82,2.79
4/8/2024 6:55,April,2.9,2.87
4/8/2024 7:00,April,3.05,3.02
4/8/2024 7:05,April,0,0
4/8/2024 7:10,April,2.81,2.78
4/8/2024 7:15,April,3.12,3.09
4/8/2024 7:20,April,2.84,2.81
4/8/2024 7:25,April,2.99,2.96
4/8/2024 7:30,April,3,2.97
4/8/2024 7:35,April,3.25,3.22
4/8/2024 7:40,April,3.39,3.37
4/8/2024 7:45,April,3.41,3.38
4/8/2024 7:50,April,3.4,3.37
4/8/2024 7:55,April,3.48,3.45
4/8/2024 8:00,April,3.79,3.77
4/8/2024 8:05,April,2.77,2.75
4/8/2024 8:10,April,3.72,3.69
4/8/2024 8:15,April,3.39,3.37
4/8/2024 8:20,April,3.39,3.36
4/8/2024 8:25,April,3.38,3.36
4/8/2024 8:30,April,3.38,3.36
4/8/2024 8:35,April,2.77,2.76
4/8/2024 8:40,April,3.32,3.31
4/8/2024 8:45,April,3.46,3.44
4/8/2024 8:50,April,3.46,3.44
4/8/2024 8:55,April,3.46,3.44
4/8/2024 9:00,April,3.81,3.79
4/8/2024 9:05,April,0,0
4/8/2024 9:10,April,2.76,2.75
4/8/2024 9:15,April,3.12,3.1
4/8/2024 9:20,April,3.38,3.37
4/8/2024 9:25,April,3.45,3.43
4/8/2024 9:30,April,3.45,3.43
4/8/2024 9:35,April,3.45,3.43
4/8/2024 9:40,April,3.4,3.38
4/8/2024 9:45,April,3.39,3.38
4/8/2024 9:50,April,3.45,3.43
4/8/2024 9:55,April,3.54,3.52
4/8/2024 10:00,April,3.95,3.93
4/8/2024 10:05,April,2.42,2.41
4/8/2024 10:10,April,28.85,28.74
4/8/2024 10:15,April,21.24,21.17
4/8/2024 10:20,April,15.59,15.55
4/8/2024 10:25,April,11.6,11.57
4/8/2024 10:30,April,5.72,5.71
4/8/2024 10:35,April,4.85,4.83
4/8/2024 10:40,April,4.84,4.83
4/8/2024 10:45,April,4.83,4.82
4/8/2024 10:50,April,14.81,14.79
4/8/2024 10:55,April,5.8,5.79
4/8/2024 11:00,April,5.79,5.78
4/8/2024 11:05,April,3.43,3.42
4/8/2024 11:10,April,4.81,4.8
4/8/2024 11:15,April,4.84,4.83
4/8/2024 11:20,April,4.84,4.84
4/8/2024 11:25,April,4.82,4.81
4/8/2024 11:30,April,11.52,11.5
4/8/2024 11:35,April,5.61,5.6
4/8/2024 11:40,April,4.82,4.81
4/8/2024 11:45,April,4.82,4.81
4/8/2024 11:50,April,3.93,3.92
4/8/2024 11:55,April,4.8,4.79
4/8/2024 12:00,April,3.72,3.72
4/8/2024 12:05,April,4.78,4.78
4/8/2024 12:10,April,4.78,4.78
4/8/2024 12:15,April,5.78,5.77
4/8/2024 12:20,April,4.81,4.81
4/8/2024 12:25,April,4.82,4.81
4/8/2024 12:30,April,5.78,5.77
4/8/2024 12:35,April,5.79,5.78
4/8/2024 12:40,April,14.77,14.75
4/8/2024 12:45,April,11.56,11.54
4/8/2024 12:50,April,14.83,14.81
4/8/2024 12:55,April,8.8,8.78
4/8/2024 13:00,April,14.69,14.65
4/8/2024 13:05,April,13.5,13.46
4/8/2024 13:10,April,17.61,17.56
4/8/2024 13:15,April,15.61,15.57
4/8/2024 13:20,April,19.9,19.85
4/8/2024 13:25,April,20.96,20.96
4/8/2024 13:30,April,23.04,23.1
4/8/2024 13:35,April,21.02,20.99
4/8/2024 13:40,April,21.07,21
4/8/2024 13:45,April,21.1,21.01
4/8/2024 13:50,April,21.06,21.04
4/8/2024 13:55,April,23.18,23.08
4/8/2024 14:00,April,21.14,21.04
4/8/2024 14:05,April,23.86,23.9
4/8/2024 14:10,April,24.11,24.16
4/8/2024 14:15,April,24.02,24.06
4/8/2024 14:20,April,26.02,26.15
4/8/2024 14:25,April,22.44,22.44
4/8/2024 14:30,April,25.52,25.52
4/8/2024 14:35,April,25.51,25.51
4/8/2024 14:40,April,30.5,30.5
4/8/2024 14:45,April,30.49,30.49
4/8/2024 14:50,April,22.44,22.44
4/8/2024 14:55,April,20.29,20.29
4/8/2024 15:00,April,20.29,20.29
4/8/2024 15:05,April,22.44,22.44
4/8/2024 15:10,April,22.44,22.44
4/8/2024 15:15,April,22.44,22.44
4/8/2024 15:20,April,22.44,22.44
4/8/2024 15:25,April,22.44,22.44
4/8/2024 15:30,April,21.09,21.28
4/8/2024 15:35,April,21.14,21.32
4/8/2024 15:40,April,16.08,16.08
4/8/2024 15:45,April,16.09,16.09
4/8/2024 15:50,April,16.09,16.09
4/8/2024 15:55,April,12.29,12.18
4/8/2024 16:00,April,10.89,10.8
4/8/2024 16:05,April,11.09,10.99
4/8/2024 16:10,April,10.83,10.73
4/8/2024 16:15,April,10.58,10.48
4/8/2024 16:20,April,10.58,10.47
4/8/2024 16:25,April,21.63,21.41
4/8/2024 16:30,April,16.53,16.36
4/8/2024 16:35,April,8.93,8.84
4/8/2024 16:40,April,8.97,8.88
4/8/2024 16:45,April,9.09,9
4/8/2024 16:50,April,10.36,10.25
4/8/2024 16:55,April,4.96,4.91
4/8/2024 17:00,April,5,4.95
4/8/2024 17:05,April,4.6,4.56
4/8/2024 17:10,April,4.35,4.31
4/8/2024 17:15,April,4.36,4.32
4/8/2024 17:20,April,4.96,4.92
4/8/2024 17:25,April,4.36,4.32
4/8/2024 17:30,April,4.94,4.89
4/8/2024 17:35,April,4.93,4.88
4/8/2024 17:40,April,4.94,4.89
4/8/2024 17:45,April,4.94,4.89
4/8/2024 17:50,April,4.96,4.91
4/8/2024 17:55,April,4.96,4.91
4/8/2024 18:00,April,4.96,4.91
4/8/2024 18:05,April,4.95,4.9
4/8/2024 18:10,April,4.96,4.91
4/8/2024 18:15,April,7.93,7.85
4/8/2024 18:20,April,7.94,7.85
4/8/2024 18:25,April,8.96,8.86
4/8/2024 18:30,April,8.92,8.82
4/8/2024 18:35,April,5,4.94
4/8/2024 18:40,April,4.98,4.92
4/8/2024 18:45,April,5.01,4.95
4/8/2024 18:50,April,5,4.94
4/8/2024 18:55,April,4.99,4.93
4/8/2024 19:00,April,4.4,4.35
4/8/2024 19:05,April,7.95,7.86
4/8/2024 19:10,April,4.99,4.93
4/8/2024 19:15,April,4.99,4.93
4/8/2024 19:20,April,4.98,4.92
4/8/2024 19:25,April,4.96,4.9
4/8/2024 19:30,April,4.39,4.33
4/8/2024 19:35,April,4.96,4.9
4/8/2024 19:40,April,4.97,4.91
4/8/2024 19:45,April,4.97,4.91
4/8/2024 19:50,April,29.62,29.26
4/8/2024 19:55,April,21.83,21.55
4/8/2024 20:00,April,8.95,8.84
4/8/2024 20:05,April,19.56,19.28
4/8/2024 20:10,April,19.43,19.16
4/8/2024 20:15,April,15.61,15.39
4/8/2024 20:20,April,16.37,16.14
4/8/2024 20:25,April,16.33,16.11
4/8/2024 20:30,April,11.62,11.46
4/8/2024 20:35,April,11.64,11.47
4/8/2024 20:40,April,11.72,11.55
4/8/2024 20:45,April,11.4,11.24
4/8/2024 20:50,April,11.71,11.54
4/8/2024 20:55,April,11.34,11.18
4/8/2024 21:00,April,9.05,8.92
4/8/2024 21:05,April,20.02,19.72
4/8/2024 21:10,April,10.29,10.14
4/8/2024 21:15,April,10.27,10.11
4/8/2024 21:20,April,10.26,10.1
4/8/2024 21:25,April,9.04,8.91
4/8/2024 21:30,April,9.04,8.91
4/8/2024 21:35,April,9.04,8.91
4/8/2024 21:40,April,9.05,8.91
4/8/2024 21:45,April,9.04,8.9
4/8/2024 21:50,April,9.04,8.91
4/8/2024 21:55,April,5.02,4.95
4/8/2024 22:00,April,5.03,4.96
4/8/2024 22:05,April,15.55,15.32
4/8/2024 22:10,April,8.97,8.85
4/8/2024 22:15,April,5.04,4.97
4/8/2024 22:20,April,8.94,8.83
4/8/2024 22:25,April,8.93,8.82
4/8/2024 22:30,April,5.03,4.97
4/8/2024 22:35,April,8.93,8.82
4/8/2024 22:40,April,13.63,13.46
4/8/2024 22:45,April,9.92,9.8
4/8/2024 22:50,April,9.93,9.81
4/8/2024 22:55,April,5.04,4.98
4/8/2024 23:00,April,5.02,4.96
4/8/2024 23:05,April,29.16,28.83
4/8/2024 23:10,April,10.3,10.18
4/8/2024 23:15,April,9.9,9.79
4/8/2024 23:20,April,5.05,4.99
4/8/2024 23:25,April,5.02,4.96
4/8/2024 23:30,April,5.01,4.96
4/8/2024 23:35,April,4.8,4.74
4/8/2024 23:40,April,4.81,4.75
4/8/2024 23:45,April,4.34,4.29
4/8/2024 23:50,April,4.34,4.29
4/8/2024 23:55,April,4.78,4.73
4/9/2024 0:00,April,4.78,4.73
4/9/2024 0:05,April,10.41,10.3
4/9/2024 0:10,April,4.94,4.89
4/9/2024 0:15,April,4.95,4.9
4/9/2024 0:20,April,4.86,4.8
4/9/2024 0:25,April,4.93,4.88
4/9/2024 0:30,April,4.94,4.88
4/9/2024 0:35,April,4.87,4.82
4/9/2024 0:40,April,4.77,4.72
4/9/2024 0:45,April,4.91,4.86
4/9/2024 0:50,April,4.95,4.89
4/9/2024 0:55,April,4.91,4.86
4/9/2024 1:00,April,4.91,4.86
4/9/2024 1:05,April,5.19,5.13
4/9/2024 1:10,April,4.91,4.86
4/9/2024 1:15,April,4.91,4.85
4/9/2024 1:20,April,4.91,4.85
4/9/2024 1:25,April,4.88,4.83
4/9/2024 1:30,April,4.89,4.84
4/9/2024 1:35,April,4.89,4.84
4/9/2024 1:40,April,4.88,4.82
4/9/2024 1:45,April,4.86,4.81
4/9/2024 1:50,April,4.79,4.74
4/9/2024 1:55,April,4.84,4.79
4/9/2024 2:00,April,4.63,4.58
4/9/2024 2:05,April,4.85,4.8
4/9/2024 2:10,April,4.75,4.69
4/9/2024 2:15,April,4.85,4.8
4/9/2024 2:20,April,4.85,4.8
4/9/2024 2:25,April,4.87,4.81
4/9/2024 2:30,April,4.86,4.8
4/9/2024 2:35,April,4.85,4.8
4/9/2024 2:40,April,4.85,4.8
4/9/2024 2:45,April,4.74,4.69
4/9/2024 2:50,April,4.85,4.79
4/9/2024 2:55,April,4.63,4.57
4/9/2024 3:00,April,4.63,4.58
4/9/2024 3:05,April,4.65,4.6
4/9/2024 3:10,April,4.63,4.58
4/9/2024 3:15,April,4.64,4.58
4/9/2024 3:20,April,4.63,4.58
4/9/2024 3:25,April,4.63,4.58
4/9/2024 3:30,April,4.24,4.19
4/9/2024 3:35,April,4.44,4.39
4/9/2024 3:40,April,4.61,4.56
4/9/2024 3:45,April,4.44,4.39
4/9/2024 3:50,April,4.44,4.38
4/9/2024 3:55,April,4.6,4.55
4/9/2024 4:00,April,4.21,4.16
4/9/2024 4:05,April,4.44,4.39
4/9/2024 4:10,April,4.21,4.16
4/9/2024 4:15,April,4.43,4.38
4/9/2024 4:20,April,4.2,4.15
4/9/2024 4:25,April,4.19,4.14
4/9/2024 4:30,April,4.2,4.15
4/9/2024 4:35,April,4.19,4.14
4/9/2024 4:40,April,4.12,4.07
4/9/2024 4:45,April,3.98,3.94
4/9/2024 4:50,April,4.12,4.07
4/9/2024 4:55,April,4.13,4.08
4/9/2024 5:00,April,3.98,3.93
4/9/2024 5:05,April,3.57,3.52
4/9/2024 5:10,April,3.97,3.92
4/9/2024 5:15,April,3.63,3.58
4/9/2024 5:20,April,3.82,3.77
4/9/2024 5:25,April,3.82,3.78
4/9/2024 5:30,April,3.82,3.78
4/9/2024 5:35,April,3.82,3.78
4/9/2024 5:40,April,3.64,3.6
4/9/2024 5:45,April,3.81,3.76
4/9/2024 5:50,April,3.72,3.67
4/9/2024 5:55,April,3.91,3.86
4/9/2024 6:00,April,3.81,3.76
4/9/2024 6:05,April,0,0
4/9/2024 6:10,April,3.28,3.24
4/9/2024 6:15,April,2.87,2.83
4/9/2024 6:20,April,3.51,3.46
4/9/2024 6:25,April,3.58,3.54
4/9/2024 6:30,April,3.51,3.46
4/9/2024 6:35,April,3.8,3.76
4/9/2024 6:40,April,3.29,3.25
4/9/2024 6:45,April,3.43,3.38
4/9/2024 6:50,April,3.42,3.38
4/9/2024 6:55,April,3.23,3.19
4/9/2024 7:00,April,3.29,3.25
4/9/2024 7:05,April,0,0
4/9/2024 7:10,April,0,0
4/9/2024 7:15,April,2.86,2.82
4/9/2024 7:20,April,3.25,3.22
4/9/2024 7:25,April,3.36,3.32
4/9/2024 7:30,April,3.27,3.23
4/9/2024 7:35,April,3.33,3.3
4/9/2024 7:40,April,2.78,2.75
4/9/2024 7:45,April,3.24,3.21
4/9/2024 7:50,April,3.39,3.36
4/9/2024 7:55,April,3.48,3.45
4/9/2024 8:00,April,3.48,3.45
4/9/2024 8:05,April,0,0
4/9/2024 8:10,April,2.76,2.73
4/9/2024 8:15,April,3.22,3.18
4/9/2024 8:20,April,3.23,3.2
4/9/2024 8:25,April,3.48,3.45
4/9/2024 8:30,April,3.69,3.65
4/9/2024 8:35,April,3.77,3.74
4/9/2024 8:40,April,3.78,3.75
4/9/2024 8:45,April,3.55,3.52
4/9/2024 8:50,April,3.5,3.47
4/9/2024 8:55,April,3.7,3.67
4/9/2024 9:00,April,3.53,3.5
4/9/2024 9:05,April,0,0
4/9/2024 9:10,April,2.85,2.82
4/9/2024 9:15,April,2.84,2.82
4/9/2024 9:20,April,3.16,3.14
4/9/2024 9:25,April,3.16,3.13
4/9/2024 9:30,April,3.2,3.17
4/9/2024 9:35,April,3.25,3.23
4/9/2024 9:40,April,3.63,3.6
4/9/2024 9:45,April,3.82,3.79
4/9/2024 9:50,April,4.18,4.15
4/9/2024 9:55,April,3.93,3.9
4/9/2024 10:00,April,3.78,3.76
4/9/2024 10:05,April,3.32,3.29
4/9/2024 10:10,April,3.78,3.75
4/9/2024 10:15,April,4.19,4.16
4/9/2024 10:20,April,4.13,4.1
4/9/2024 10:25,April,15.78,15.68
4/9/2024 10:30,April,4.78,4.75
4/9/2024 10:35,April,4.78,4.75
4/9/2024 10:40,April,4.43,4.4
4/9/2024 10:45,April,4.76,4.72
4/9/2024 10:50,April,4.43,4.41
4/9/2024 10:55,April,4.42,4.4
4/9/2024 11:00,April,3.78,3.76
4/9/2024 11:05,April,3.78,3.76
4/9/2024 11:10,April,3.78,3.76
4/9/2024 11:15,April,3.81,3.79
4/9/2024 11:20,April,3.79,3.77
4/9/2024 11:25,April,3.8,3.79
4/9/2024 11:30,April,3.35,3.33
4/9/2024 11:35,April,3.78,3.77
4/9/2024 11:40,April,3.37,3.36
4/9/2024 11:45,April,3.32,3.31
4/9/2024 11:50,April,3.36,3.34
4/9/2024 11:55,April,3.35,3.34
4/9/2024 12:00,April,2.83,2.82
4/9/2024 12:05,April,3.08,3.07
4/9/2024 12:10,April,3.08,3.06
4/9/2024 12:15,April,3.08,3.06
4/9/2024 12:20,April,2.83,2.82
4/9/2024 12:25,April,2.83,2.82
4/9/2024 12:30,April,3.05,3.03
4/9/2024 12:35,April,3.06,3.04
4/9/2024 12:40,April,3.2,3.19
4/9/2024 12:45,April,2.75,2.73
4/9/2024 12:50,April,3,2.98
4/9/2024 12:55,April,3.48,3.47
4/9/2024 13:00,April,3.48,3.47
4/9/2024 13:05,April,3.51,3.49
4/9/2024 13:10,April,3.95,3.93
4/9/2024 13:15,April,11.52,11.47
4/9/2024 13:20,April,7.78,7.75
4/9/2024 13:25,April,3.79,3.78
4/9/2024 13:30,April,3.8,3.78
4/9/2024 13:35,April,4.16,4.14
4/9/2024 13:40,April,4.16,4.14
4/9/2024 13:45,April,4.16,4.14
4/9/2024 13:50,April,11.72,11.67
4/9/2024 13:55,April,4.16,4.14
4/9/2024 14:00,April,3.82,3.8
4/9/2024 14:05,April,11.74,11.69
4/9/2024 14:10,April,11.76,11.71
4/9/2024 14:15,April,4.12,4.1
4/9/2024 14:20,April,4.17,4.15
4/9/2024 14:25,April,7.81,7.78
4/9/2024 14:30,April,7.81,7.77
4/9/2024 14:35,April,6.49,6.46
4/9/2024 14:40,April,10.5,10.44
4/9/2024 14:45,April,7.82,7.78
4/9/2024 14:50,April,4.18,4.15
4/9/2024 14:55,April,3.41,3.39
4/9/2024 15:00,April,4.19,4.16
4/9/2024 15:05,April,11.74,11.66
4/9/2024 15:10,April,10.5,10.43
4/9/2024 15:15,April,10.52,10.44
4/9/2024 15:20,April,21.2,21.06
4/9/2024 15:25,April,10.5,10.42
4/9/2024 15:30,April,8.9,8.83
4/9/2024 15:35,April,8.92,8.84
4/9/2024 15:40,April,6.5,6.45
4/9/2024 15:45,April,7.83,7.76
4/9/2024 15:50,April,8.9,8.83
4/9/2024 15:55,April,8.89,8.82
4/9/2024 16:00,April,8.89,8.82
4/9/2024 16:05,April,8.9,8.82
4/9/2024 16:10,April,4.67,4.64
4/9/2024 16:15,April,8.88,8.81
4/9/2024 16:20,April,9.81,9.72
4/9/2024 16:25,April,8.89,8.82
4/9/2024 16:30,April,8.89,8.82
4/9/2024 16:35,April,8.9,8.82
4/9/2024 16:40,April,5.2,5.16
4/9/2024 16:45,April,8.88,8.81
4/9/2024 16:50,April,4.47,4.44
4/9/2024 16:55,April,4.32,4.28
4/9/2024 17:00,April,4.23,4.2
4/9/2024 17:05,April,4.47,4.43
4/9/2024 17:10,April,4.25,4.21
4/9/2024 17:15,April,3.84,3.8
4/9/2024 17:20,April,4.16,4.12
4/9/2024 17:25,April,4.19,4.15
4/9/2024 17:30,April,3.28,3.24
4/9/2024 17:35,April,4.26,4.22
4/9/2024 17:40,April,4.38,4.34
4/9/2024 17:45,April,4.89,4.84
4/9/2024 17:50,April,7.89,7.81
4/9/2024 17:55,April,10.58,10.48
4/9/2024 18:00,April,11.57,11.46
4/9/2024 18:05,April,11.85,11.74
4/9/2024 18:10,April,6.94,6.87
4/9/2024 18:15,April,6.94,6.87
4/9/2024 18:20,April,10.59,10.48
4/9/2024 18:25,April,10.59,10.48
4/9/2024 18:30,April,8.9,8.81
4/9/2024 18:35,April,8.96,8.87
4/9/2024 18:40,April,6.34,6.26
4/9/2024 18:45,April,6.34,6.27
4/9/2024 18:50,April,4.95,4.89
4/9/2024 18:55,April,6.36,6.29
4/9/2024 19:00,April,4.37,4.32
4/9/2024 19:05,April,6.94,6.86
4/9/2024 19:10,April,4.96,4.9
4/9/2024 19:15,April,4.5,4.46
4/9/2024 19:20,April,4.35,4.3
4/9/2024 19:25,April,4.5,4.45
4/9/2024 19:30,April,4.35,4.3
4/9/2024 19:35,April,4.35,4.31
4/9/2024 19:40,April,4.35,4.3
4/9/2024 19:45,April,4.34,4.3
4/9/2024 19:50,April,4.35,4.3
4/9/2024 19:55,April,4.49,4.44
4/9/2024 20:00,April,4.35,4.3
4/9/2024 20:05,April,24.02,23.74
4/9/2024 20:10,April,19.09,18.88
4/9/2024 20:15,April,13.54,13.37
4/9/2024 20:20,April,8.99,8.88
4/9/2024 20:25,April,11.55,11.39
4/9/2024 20:30,April,9,8.88
4/9/2024 20:35,April,8.95,8.84
4/9/2024 20:40,April,8.95,8.84
4/9/2024 20:45,April,8.95,8.84
4/9/2024 20:50,April,9.03,8.9
4/9/2024 20:55,April,8.96,8.84
4/9/2024 21:00,April,8.96,8.84
4/9/2024 21:05,April,11.65,11.48
4/9/2024 21:10,April,8.96,8.84
4/9/2024 21:15,April,8.95,8.84
4/9/2024 21:20,April,8.94,8.83
4/9/2024 21:25,April,8.95,8.84
4/9/2024 21:30,April,8.95,8.83
4/9/2024 21:35,April,8.94,8.83
4/9/2024 21:40,April,5.16,5.1
4/9/2024 21:45,April,5.16,5.1
4/9/2024 21:50,April,4.35,4.3
4/9/2024 21:55,April,4.35,4.31
4/9/2024 22:00,April,4.36,4.31
4/9/2024 22:05,April,24.92,24.65
4/9/2024 22:10,April,9.93,9.82
4/9/2024 22:15,April,5.16,5.1
4/9/2024 22:20,April,4.29,4.24
4/9/2024 22:25,April,5.15,5.1
4/9/2024 22:30,April,5.16,5.1
4/9/2024 22:35,April,4.85,4.8
4/9/2024 22:40,April,4.86,4.81
4/9/2024 22:45,April,4.29,4.24
4/9/2024 22:50,April,4.29,4.24
4/9/2024 22:55,April,4.29,4.25
4/9/2024 23:00,April,4.29,4.24
4/9/2024 23:05,April,7.93,7.85
4/9/2024 23:10,April,5.12,5.07
4/9/2024 23:15,April,4.86,4.81
4/9/2024 23:20,April,4.28,4.23
4/9/2024 23:25,April,4.28,4.23
4/9/2024 23:30,April,4.28,4.23
4/9/2024 23:35,April,4.26,4.22
4/9/2024 23:40,April,4.26,4.21
4/9/2024 23:45,April,4.25,4.21
4/9/2024 23:50,April,4.25,4.21
4/9/2024 23:55,April,4.06,4.02
4/10/2024 0:00,April,4.03,3.99
4/10/2024 0:05,April,5.09,5.04
4/10/2024 0:10,April,4.65,4.6
4/10/2024 0:15,April,4.9,4.85
4/10/2024 0:20,April,4.88,4.83
4/10/2024 0:25,April,4.33,4.29
4/10/2024 0:30,April,4.63,4.59
4/10/2024 0:35,April,4.88,4.83
4/10/2024 0:40,April,4.93,4.88
4/10/2024 0:45,April,5.08,5.03
4/10/2024 0:50,April,4.92,4.88
4/10/2024 0:55,April,4.92,4.87
4/10/2024 1:00,April,4.23,4.19
4/10/2024 1:05,April,4.88,4.84
4/10/2024 1:10,April,4.9,4.85
4/10/2024 1:15,April,4.9,4.85
4/10/2024 1:20,April,4.9,4.85
4/10/2024 1:25,April,4.9,4.86
4/10/2024 1:30,April,4.88,4.84
4/10/2024 1:35,April,4.9,4.85
4/10/2024 1:40,April,4.89,4.85
4/10/2024 1:45,April,4.63,4.59
4/10/2024 1:50,April,4.91,4.87
4/10/2024 1:55,April,4.92,4.87
4/10/2024 2:00,April,4.9,4.85
4/10/2024 2:05,April,4.94,4.89
4/10/2024 2:10,April,4.93,4.89
4/10/2024 2:15,April,4.93,4.88
4/10/2024 2:20,April,4.9,4.85
4/10/2024 2:25,April,4.88,4.83
4/10/2024 2:30,April,4.65,4.61
4/10/2024 2:35,April,4.88,4.84
4/10/2024 2:40,April,4.9,4.85
4/10/2024 2:45,April,5.07,5.03
4/10/2024 2:50,April,4.93,4.88
4/10/2024 2:55,April,4.65,4.61
4/10/2024 3:00,April,4.26,4.22
4/10/2024 3:05,April,4.25,4.21
4/10/2024 3:10,April,4.64,4.6
4/10/2024 3:15,April,4.64,4.6
4/10/2024 3:20,April,4.65,4.6
4/10/2024 3:25,April,4.65,4.6
4/10/2024 3:30,April,4.25,4.21
4/10/2024 3:35,April,4.25,4.21
4/10/2024 3:40,April,4.24,4.2
4/10/2024 3:45,April,4.24,4.2
4/10/2024 3:50,April,4.16,4.12
4/10/2024 3:55,April,4.23,4.19
4/10/2024 4:00,April,4.22,4.18
4/10/2024 4:05,April,4.15,4.11
4/10/2024 4:10,April,3.99,3.95
4/10/2024 4:15,April,4,3.96
4/10/2024 4:20,April,4,3.96
4/10/2024 4:25,April,3.99,3.95
4/10/2024 4:30,April,3.98,3.94
4/10/2024 4:35,April,3.98,3.94
4/10/2024 4:40,April,3.97,3.93
4/10/2024 4:45,April,3.98,3.94
4/10/2024 4:50,April,3.98,3.93
4/10/2024 4:55,April,3.98,3.93
4/10/2024 5:00,April,3.81,3.77
4/10/2024 5:05,April,2.46,2.43
4/10/2024 5:10,April,3.45,3.41
4/10/2024 5:15,April,3.27,3.23
4/10/2024 5:20,April,3.23,3.19
4/10/2024 5:25,April,3.43,3.39
4/10/2024 5:30,April,3.45,3.41
4/10/2024 5:35,April,3.46,3.41
4/10/2024 5:40,April,3.45,3.41
4/10/2024 5:45,April,3.26,3.22
4/10/2024 5:50,April,3.29,3.25
4/10/2024 5:55,April,3.29,3.25
4/10/2024 6:00,April,3.3,3.27
4/10/2024 6:05,April,0,0
4/10/2024 6:10,April,0,0
4/10/2024 6:15,April,2.66,2.63
4/10/2024 6:20,April,2.82,2.79
4/10/2024 6:25,April,2.82,2.79
4/10/2024 6:30,April,2.83,2.8
4/10/2024 6:35,April,2.83,2.8
4/10/2024 6:40,April,2.83,2.8
4/10/2024 6:45,April,2.83,2.8
4/10/2024 6:50,April,2.82,2.79
4/10/2024 6:55,April,2.82,2.79
4/10/2024 7:00,April,2.82,2.8
4/10/2024 7:05,April,0,0
4/10/2024 7:10,April,0,0
4/10/2024 7:15,April,2.05,2.03
4/10/2024 7:20,April,2.44,2.42
4/10/2024 7:25,April,2.44,2.42
4/10/2024 7:30,April,2.44,2.42
4/10/2024 7:35,April,2.44,2.42
4/10/2024 7:40,April,2.44,2.42
4/10/2024 7:45,April,2.73,2.72
4/10/2024 7:50,April,3.26,3.24
4/10/2024 7:55,April,3.19,3.17
4/10/2024 8:00,April,3.25,3.23
4/10/2024 8:05,April,0,0
4/10/2024 8:10,April,2.31,2.3
4/10/2024 8:15,April,2.71,2.7
4/10/2024 8:20,April,3.38,3.36
4/10/2024 8:25,April,3.27,3.25
4/10/2024 8:30,April,3.21,3.19
4/10/2024 8:35,April,2.81,2.79
4/10/2024 8:40,April,3.23,3.21
4/10/2024 8:45,April,2.81,2.79
4/10/2024 8:50,April,2.89,2.87
4/10/2024 8:55,April,3.15,3.13
4/10/2024 9:00,April,3.22,3.21
4/10/2024 9:05,April,0,0
4/10/2024 9:10,April,2.32,2.3
4/10/2024 9:15,April,2.55,2.54
4/10/2024 9:20,April,2.31,2.29
4/10/2024 9:25,April,2.77,2.75
4/10/2024 9:30,April,2.8,2.79
4/10/2024 9:35,April,2.77,2.75
4/10/2024 9:40,April,3.68,3.66
4/10/2024 9:45,April,3.28,3.26
4/10/2024 9:50,April,3.96,3.94
4/10/2024 9:55,April,3.97,3.95
4/10/2024 10:00,April,3.96,3.94
4/10/2024 10:05,April,3.15,3.14
4/10/2024 10:10,April,3.45,3.43
4/10/2024 10:15,April,3.42,3.4
4/10/2024 10:20,April,3.41,3.39
4/10/2024 10:25,April,3.48,3.46
4/10/2024 10:30,April,3.48,3.46
4/10/2024 10:35,April,3.79,3.76
4/10/2024 10:40,April,3.11,3.09
4/10/2024 10:45,April,3.41,3.39
4/10/2024 10:50,April,3.21,3.19
4/10/2024 10:55,April,3.21,3.19
4/10/2024 11:00,April,3.21,3.19
4/10/2024 11:05,April,2.82,2.81
4/10/2024 11:10,April,3.14,3.12
4/10/2024 11:15,April,3.21,3.19
4/10/2024 11:20,April,3.19,3.17
4/10/2024 11:25,April,3.07,3.05
4/10/2024 11:30,April,3.13,3.11
4/10/2024 11:35,April,2.75,2.73
4/10/2024 11:40,April,2.87,2.85
4/10/2024 11:45,April,2.74,2.73
4/10/2024 11:50,April,2.83,2.82
4/10/2024 11:55,April,2.6,2.59
4/10/2024 12:00,April,0,0
4/10/2024 12:05,April,2.27,2.26
4/10/2024 12:10,April,2.42,2.41
4/10/2024 12:15,April,2.82,2.81
4/10/2024 12:20,April,2.82,2.81
4/10/2024 12:25,April,2.82,2.81
4/10/2024 12:30,April,2.74,2.73
4/10/2024 12:35,April,2.64,2.63
4/10/2024 12:40,April,3.07,3.06
4/10/2024 12:45,April,2.82,2.81
4/10/2024 12:50,April,3.07,3.06
4/10/2024 12:55,April,2.82,2.81
4/10/2024 13:00,April,3.08,3.07
4/10/2024 13:05,April,3.51,3.49
4/10/2024 13:10,April,3.7,3.69
4/10/2024 13:15,April,3.93,3.92
4/10/2024 13:20,April,3.78,3.77
4/10/2024 13:25,April,3.77,3.76
4/10/2024 13:30,April,3.33,3.31
4/10/2024 13:35,April,3.78,3.76
4/10/2024 13:40,April,3.32,3.3
4/10/2024 13:45,April,3.41,3.39
4/10/2024 13:50,April,3.79,3.77
4/10/2024 13:55,April,3.42,3.4
4/10/2024 14:00,April,3.31,3.29
4/10/2024 14:05,April,4.01,4
4/10/2024 14:10,April,4.02,4
4/10/2024 14:15,April,3.6,3.58
4/10/2024 14:20,April,3.91,3.89
4/10/2024 14:25,April,3.91,3.89
4/10/2024 14:30,April,3.75,3.73
4/10/2024 14:35,April,3.8,3.77
4/10/2024 14:40,April,3.91,3.88
4/10/2024 14:45,April,4.01,3.99
4/10/2024 14:50,April,3.98,3.96
4/10/2024 14:55,April,3.91,3.89
4/10/2024 15:00,April,3.8,3.78
4/10/2024 15:05,April,3.92,3.9
4/10/2024 15:10,April,3.92,3.89
4/10/2024 15:15,April,4.04,4.01
4/10/2024 15:20,April,4.05,4.02
4/10/2024 15:25,April,4.05,4.02
4/10/2024 15:30,April,4.58,4.54
4/10/2024 15:35,April,4.28,4.25
4/10/2024 15:40,April,4.08,4.05
4/10/2024 15:45,April,4.29,4.25
4/10/2024 15:50,April,4.29,4.26
4/10/2024 15:55,April,4.29,4.25
4/10/2024 16:00,April,4.13,4.09
4/10/2024 16:05,April,4.29,4.26
4/10/2024 16:10,April,4.3,4.27
4/10/2024 16:15,April,4.3,4.26
4/10/2024 16:20,April,4.3,4.26
4/10/2024 16:25,April,4.3,4.27
4/10/2024 16:30,April,4.31,4.27
4/10/2024 16:35,April,4.32,4.28
4/10/2024 16:40,April,4.32,4.28
4/10/2024 16:45,April,4.31,4.27
4/10/2024 16:50,April,4.31,4.27
4/10/2024 16:55,April,4.1,4.06
4/10/2024 17:00,April,4.1,4.07
4/10/2024 17:05,April,4.47,4.43
4/10/2024 17:10,April,4.31,4.27
4/10/2024 17:15,April,4.05,4.02
4/10/2024 17:20,April,4.1,4.06
4/10/2024 17:25,April,4.1,4.06
4/10/2024 17:30,April,4.1,4.06
4/10/2024 17:35,April,4.1,4.06
4/10/2024 17:40,April,4.31,4.27
4/10/2024 17:45,April,4.32,4.28
4/10/2024 17:50,April,4.63,4.58
4/10/2024 17:55,April,5.1,5.05
4/10/2024 18:00,April,4.93,4.89
4/10/2024 18:05,April,4.93,4.88
4/10/2024 18:10,April,4.64,4.6
4/10/2024 18:15,April,4.92,4.87
4/10/2024 18:20,April,6.62,6.56
4/10/2024 18:25,April,4.93,4.88
4/10/2024 18:30,April,4.65,4.61
4/10/2024 18:35,April,4.34,4.3
4/10/2024 18:40,April,4.89,4.85
4/10/2024 18:45,April,4.64,4.6
4/10/2024 18:50,April,4.92,4.88
4/10/2024 18:55,April,4.34,4.3
4/10/2024 19:00,April,4.32,4.28
4/10/2024 19:05,April,4.74,4.7
4/10/2024 19:10,April,4.51,4.47
4/10/2024 19:15,April,4.37,4.33
4/10/2024 19:20,April,4.32,4.28
4/10/2024 19:25,April,4.32,4.28
4/10/2024 19:30,April,4.32,4.28
4/10/2024 19:35,April,4.31,4.27
4/10/2024 19:40,April,4.3,4.26
4/10/2024 19:45,April,4.3,4.26
4/10/2024 19:50,April,4.2,4.16
4/10/2024 19:55,April,4.2,4.16
4/10/2024 20:00,April,4.31,4.27
4/10/2024 20:05,April,29.38,29.08
4/10/2024 20:10,April,27.72,27.44
4/10/2024 20:15,April,11.84,11.72
4/10/2024 20:20,April,6.66,6.6
4/10/2024 20:25,April,4.95,4.9
4/10/2024 20:30,April,4.94,4.89
4/10/2024 20:35,April,4.88,4.83
4/10/2024 20:40,April,4.95,4.9
4/10/2024 20:45,April,4.87,4.82
4/10/2024 20:50,April,4.94,4.89
4/10/2024 20:55,April,4.94,4.88
4/10/2024 21:00,April,4.93,4.88
4/10/2024 21:05,April,10.57,10.46
4/10/2024 21:10,April,4.98,4.92
4/10/2024 21:15,April,4.95,4.9
4/10/2024 21:20,April,4.67,4.62
4/10/2024 21:25,April,4.93,4.88
4/10/2024 21:30,April,4.7,4.65
4/10/2024 21:35,April,4.72,4.67
4/10/2024 21:40,April,4.37,4.32
4/10/2024 21:45,April,4.94,4.88
4/10/2024 21:50,April,4.7,4.65
4/10/2024 21:55,April,4.7,4.65
4/10/2024 22:00,April,4.38,4.33
4/10/2024 22:05,April,5.35,5.3
4/10/2024 22:10,April,5.05,5
4/10/2024 22:15,April,4.95,4.9
4/10/2024 22:20,April,4.96,4.9
4/10/2024 22:25,April,4.96,4.9
4/10/2024 22:30,April,4.96,4.91
4/10/2024 22:35,April,4.96,4.91
4/10/2024 22:40,April,4.95,4.9
4/10/2024 22:45,April,4.96,4.9
4/10/2024 22:50,April,4.96,4.9
4/10/2024 22:55,April,4.68,4.62
4/10/2024 23:00,April,4.67,4.62
4/10/2024 23:05,April,4.96,4.91
4/10/2024 23:10,April,4.9,4.85
4/10/2024 23:15,April,4.84,4.79
4/10/2024 23:20,April,4.26,4.21
4/10/2024 23:25,April,4.32,4.27
4/10/2024 23:30,April,4.66,4.6
4/10/2024 23:35,April,4.42,4.37
4/10/2024 23:40,April,4.25,4.2
4/10/2024 23:45,April,4.26,4.21
4/10/2024 23:50,April,4.64,4.59
4/10/2024 23:55,April,4.24,4.19
4/11/2024 0:00,April,4.24,4.19
4/11/2024 0:05,April,29.18,28.84
4/11/2024 0:10,April,4.96,4.9
4/11/2024 0:15,April,4.87,4.81
4/11/2024 0:20,April,4.66,4.61
4/11/2024 0:25,April,3.37,3.33
4/11/2024 0:30,April,4.45,4.4
4/11/2024 0:35,April,3.35,3.31
4/11/2024 0:40,April,3.58,3.54
4/11/2024 0:45,April,4.45,4.39
4/11/2024 0:50,April,3.75,3.7
4/11/2024 0:55,April,3.79,3.74
4/11/2024 1:00,April,3.81,3.76
4/11/2024 1:05,April,3.77,3.72
4/11/2024 1:10,April,4.13,4.08
4/11/2024 1:15,April,4.14,4.09
4/11/2024 1:20,April,3.9,3.85
4/11/2024 1:25,April,4.15,4.1
4/11/2024 1:30,April,3.9,3.86
4/11/2024 1:35,April,4.14,4.09
4/11/2024 1:40,April,3.91,3.87
4/11/2024 1:45,April,3.81,3.76
4/11/2024 1:50,April,3.47,3.43
4/11/2024 1:55,April,3.58,3.54
4/11/2024 2:00,April,3.58,3.54
4/11/2024 2:05,April,4.96,4.9
4/11/2024 2:10,April,3.84,3.79
4/11/2024 2:15,April,3.84,3.79
4/11/2024 2:20,April,3.84,3.79
4/11/2024 2:25,April,3.83,3.79
4/11/2024 2:30,April,3.83,3.79
4/11/2024 2:35,April,3.72,3.68
4/11/2024 2:40,April,3.83,3.78
4/11/2024 2:45,April,3.71,3.67
4/11/2024 2:50,April,3.71,3.67
4/11/2024 2:55,April,3.53,3.48
4/11/2024 3:00,April,3.52,3.48
4/11/2024 3:05,April,3.52,3.48
4/11/2024 3:10,April,3.58,3.54
4/11/2024 3:15,April,3.58,3.53
4/11/2024 3:20,April,3.58,3.54
4/11/2024 3:25,April,3.58,3.54
4/11/2024 3:30,April,3.53,3.48
4/11/2024 3:35,April,3.58,3.54
4/11/2024 3:40,April,3.58,3.54
4/11/2024 3:45,April,3.52,3.48
4/11/2024 3:50,April,3.58,3.54
4/11/2024 3:55,April,3.52,3.48
4/11/2024 4:00,April,3.57,3.53
4/11/2024 4:05,April,2.87,2.83
4/11/2024 4:10,April,3.37,3.33
4/11/2024 4:15,April,3.51,3.47
4/11/2024 4:20,April,3.47,3.43
4/11/2024 4:25,April,3.49,3.45
4/11/2024 4:30,April,3.49,3.45
4/11/2024 4:35,April,3.51,3.47
4/11/2024 4:40,April,3.51,3.47
4/11/2024 4:45,April,3.51,3.47
4/11/2024 4:50,April,3.49,3.45
4/11/2024 4:55,April,3.49,3.45
4/11/2024 5:00,April,3.51,3.47
4/11/2024 5:05,April,0,0
4/11/2024 5:10,April,3.33,3.29
4/11/2024 5:15,April,4.67,4.61
4/11/2024 5:20,April,3.66,3.62
4/11/2024 5:25,April,3.66,3.61
4/11/2024 5:30,April,3.52,3.47
4/11/2024 5:35,April,3.42,3.38
4/11/2024 5:40,April,3.43,3.38
4/11/2024 5:45,April,3.51,3.46
4/11/2024 5:50,April,3.44,3.39
4/11/2024 5:55,April,3.32,3.27
4/11/2024 6:00,April,2.87,2.83
4/11/2024 6:05,April,2.46,2.43
4/11/2024 6:10,April,2.46,2.42
4/11/2024 6:15,April,2.57,2.54
4/11/2024 6:20,April,2.56,2.53
4/11/2024 6:25,April,2.45,2.43
4/11/2024 6:30,April,0,0
4/11/2024 6:35,April,0,0
4/11/2024 6:40,April,0,0
4/11/2024 6:45,April,2.44,2.42
4/11/2024 6:50,April,2.44,2.42
4/11/2024 6:55,April,2.44,2.42
4/11/2024 7:00,April,2.83,2.81
4/11/2024 7:05,April,0,0
4/11/2024 7:10,April,0.97,0.97
4/11/2024 7:15,April,2.75,2.73
4/11/2024 7:20,April,2.82,2.8
4/11/2024 7:25,April,3.13,3.11
4/11/2024 7:30,April,2.96,2.94
4/11/2024 7:35,April,2.94,2.92
4/11/2024 7:40,April,2.96,2.94
4/11/2024 7:45,April,3.26,3.23
4/11/2024 7:50,April,3.25,3.23
4/11/2024 7:55,April,3.49,3.46
4/11/2024 8:00,April,3.5,3.47
4/11/2024 8:05,April,2.84,2.82
4/11/2024 8:10,April,3.48,3.46
4/11/2024 8:15,April,3.48,3.45
4/11/2024 8:20,April,3.96,3.94
4/11/2024 8:25,April,3.95,3.93
4/11/2024 8:30,April,3.47,3.45
4/11/2024 8:35,April,3.24,3.22
4/11/2024 8:40,April,2.78,2.76
4/11/2024 8:45,April,2.84,2.82
4/11/2024 8:50,April,3.23,3.22
4/11/2024 8:55,April,3.23,3.22
4/11/2024 9:00,April,3.92,3.91
4/11/2024 9:05,April,0,0
4/11/2024 9:10,April,2.42,2.41
4/11/2024 9:15,April,2.28,2.27
4/11/2024 9:20,April,2.82,2.81
4/11/2024 9:25,April,3.66,3.65
4/11/2024 9:30,April,3.39,3.38
4/11/2024 9:35,April,3.39,3.38
4/11/2024 9:40,April,3.5,3.49
4/11/2024 9:45,April,3.5,3.49
4/11/2024 9:50,April,3.92,3.9
4/11/2024 9:55,April,3.69,3.68
4/11/2024 10:00,April,4.43,4.42
4/11/2024 10:05,April,3.2,3.2
4/11/2024 10:10,April,3.51,3.5
4/11/2024 10:15,April,3.67,3.66
4/11/2024 10:20,April,4,3.98
4/11/2024 10:25,April,4,3.99
4/11/2024 10:30,April,3.99,3.99
4/11/2024 10:35,April,4,3.99
4/11/2024 10:40,April,4,3.98
4/11/2024 10:45,April,4,3.99
4/11/2024 10:50,April,4,3.99
4/11/2024 10:55,April,4.01,3.99
4/11/2024 11:00,April,4.01,3.99
4/11/2024 11:05,April,4,3.98
4/11/2024 11:10,April,3.86,3.84
4/11/2024 11:15,April,3.94,3.92
4/11/2024 11:20,April,3.78,3.76
4/11/2024 11:25,April,3.82,3.8
4/11/2024 11:30,April,3.79,3.77
4/11/2024 11:35,April,3.31,3.31
4/11/2024 11:40,April,3.75,3.75
4/11/2024 11:45,April,3.74,3.73
4/11/2024 11:50,April,3.32,3.31
4/11/2024 11:55,April,3.31,3.3
4/11/2024 12:00,April,3.31,3.3
4/11/2024 12:05,April,3.03,3.03
4/11/2024 12:10,April,3.11,3.11
4/11/2024 12:15,April,3.2,3.19
4/11/2024 12:20,April,3.31,3.3
4/11/2024 12:25,April,3.51,3.51
4/11/2024 12:30,April,3.51,3.51
4/11/2024 12:35,April,3.67,3.67
4/11/2024 12:40,April,3.52,3.52
4/11/2024 12:45,April,3.66,3.66
4/11/2024 12:50,April,4.42,4.42
4/11/2024 12:55,April,3.98,3.98
4/11/2024 13:00,April,4.4,4.4
4/11/2024 13:05,April,4.01,4
4/11/2024 13:10,April,4.8,4.79
4/11/2024 13:15,April,4.82,4.8
4/11/2024 13:20,April,4.81,4.8
4/11/2024 13:25,April,4.81,4.8
4/11/2024 13:30,April,4.81,4.8
4/11/2024 13:35,April,4.81,4.8
4/11/2024 13:40,April,23.33,23.31
4/11/2024 13:45,April,4.87,4.87
4/11/2024 13:50,April,4.85,4.84
4/11/2024 13:55,April,4.92,4.91
4/11/2024 14:00,April,4.88,4.88
4/11/2024 14:05,April,4.25,4.25
4/11/2024 14:10,April,4.49,4.48
4/11/2024 14:15,April,4.85,4.84
4/11/2024 14:20,April,13.89,13.86
4/11/2024 14:25,April,8.89,8.86
4/11/2024 14:30,April,11.79,11.73
4/11/2024 14:35,April,4.86,4.83
4/11/2024 14:40,April,4.86,4.83
4/11/2024 14:45,April,4.86,4.83
4/11/2024 14:50,April,4.27,4.24
4/11/2024 14:55,April,4.27,4.24
4/11/2024 15:00,April,4.87,4.84
4/11/2024 15:05,April,8.88,8.83
4/11/2024 15:10,April,21.62,21.49
4/11/2024 15:15,April,10.9,10.83
4/11/2024 15:20,April,21.51,21.32
4/11/2024 15:25,April,11.83,11.72
4/11/2024 15:30,April,11.85,11.75
4/11/2024 15:35,April,10.62,10.53
4/11/2024 15:40,April,10.61,10.53
4/11/2024 15:45,April,10.61,10.52
4/11/2024 15:50,April,8.95,8.87
4/11/2024 15:55,April,8.93,8.86
4/11/2024 16:00,April,8.9,8.84
4/11/2024 16:05,April,8.9,8.83
4/11/2024 16:10,April,8.89,8.83
4/11/2024 16:15,April,8.87,8.82
4/11/2024 16:20,April,8.88,8.82
4/11/2024 16:25,April,8.88,8.82
4/11/2024 16:30,April,8.89,8.83
4/11/2024 16:35,April,7.85,7.8
4/11/2024 16:40,April,5.09,5.06
4/11/2024 16:45,April,5.1,5.06
4/11/2024 16:50,April,4.91,4.88
4/11/2024 16:55,April,2.85,2.83
4/11/2024 17:00,April,2.85,2.83
4/11/2024 17:05,April,3.6,3.57
4/11/2024 17:10,April,3.54,3.52
4/11/2024 17:15,April,3.55,3.52
4/11/2024 17:20,April,3.76,3.73
4/11/2024 17:25,April,3.87,3.84
4/11/2024 17:30,April,3.76,3.74
4/11/2024 17:35,April,3.86,3.83
4/11/2024 17:40,April,4.11,4.08
4/11/2024 17:45,April,4.12,4.09
4/11/2024 17:50,April,4.56,4.53
4/11/2024 17:55,April,4.13,4.1
4/11/2024 18:00,April,4.13,4.1
4/11/2024 18:05,April,4.13,4.1
4/11/2024 18:10,April,4.14,4.11
4/11/2024 18:15,April,4.34,4.31
4/11/2024 18:20,April,4.35,4.32
4/11/2024 18:25,April,5.64,5.6
4/11/2024 18:30,April,6.67,6.62
4/11/2024 18:35,April,6.68,6.62
4/11/2024 18:40,April,25.28,25.06
4/11/2024 18:45,April,14.65,14.52
4/11/2024 18:50,April,10.52,10.42
4/11/2024 18:55,April,7.93,7.86
4/11/2024 19:00,April,4.6,4.56
4/11/2024 19:05,April,7.92,7.85
4/11/2024 19:10,April,6.73,6.67
4/11/2024 19:15,April,4.94,4.89
4/11/2024 19:20,April,4.61,4.57
4/11/2024 19:25,April,4.36,4.32
4/11/2024 19:30,April,4.35,4.31
4/11/2024 19:35,April,4.14,4.1
4/11/2024 19:40,April,4.14,4.1
4/11/2024 19:45,April,4.13,4.09
4/11/2024 19:50,April,4.14,4.1
4/11/2024 19:55,April,4.14,4.1
4/11/2024 20:00,April,4.13,4.09
4/11/2024 20:05,April,24.29,24.06
4/11/2024 20:10,April,10.56,10.45
4/11/2024 20:15,April,4.96,4.91
4/11/2024 20:20,April,6.72,6.65
4/11/2024 20:25,April,6.72,6.66
4/11/2024 20:30,April,6.73,6.66
4/11/2024 20:35,April,4.95,4.9
4/11/2024 20:40,April,6.73,6.66
4/11/2024 20:45,April,7.94,7.86
4/11/2024 20:50,April,6.73,6.66
4/11/2024 20:55,April,4.95,4.9
4/11/2024 21:00,April,4.63,4.58
4/11/2024 21:05,April,24.47,24.21
4/11/2024 21:10,April,11.75,11.63
4/11/2024 21:15,April,11.16,11.04
4/11/2024 21:20,April,11.16,11.04
4/11/2024 21:25,April,7.96,7.87
4/11/2024 21:30,April,7.96,7.87
4/11/2024 21:35,April,6.79,6.71
4/11/2024 21:40,April,5.14,5.08
4/11/2024 21:45,April,4.97,4.91
4/11/2024 21:50,April,5.2,5.14
4/11/2024 21:55,April,5.15,5.09
4/11/2024 22:00,April,5.2,5.13
4/11/2024 22:05,April,16.09,15.9
4/11/2024 22:10,April,5.21,5.15
4/11/2024 22:15,April,5.22,5.15
4/11/2024 22:20,April,4.92,4.86
4/11/2024 22:25,April,4.97,4.9
4/11/2024 22:30,April,4.95,4.89
4/11/2024 22:35,April,4.95,4.89
4/11/2024 22:40,April,4.49,4.44
4/11/2024 22:45,April,4.66,4.6
4/11/2024 22:50,April,4.31,4.26
4/11/2024 22:55,April,4.3,4.25
4/11/2024 23:00,April,4.31,4.26
4/11/2024 23:05,April,5.16,5.1
4/11/2024 23:10,April,4.64,4.59
4/11/2024 23:15,April,4.68,4.63
4/11/2024 23:20,April,4.64,4.58
4/11/2024 23:25,April,4.49,4.44
4/11/2024 23:30,April,4.49,4.44
4/11/2024 23:35,April,4.3,4.25
4/11/2024 23:40,April,4.3,4.25
4/11/2024 23:45,April,4.29,4.25
4/11/2024 23:50,April,4.29,4.24
4/11/2024 23:55,April,4.07,4.02
4/12/2024 0:00,April,4.05,4
4/12/2024 0:05,April,11.72,11.58
4/12/2024 0:10,April,5.13,5.07
4/12/2024 0:15,April,4.28,4.23
4/12/2024 0:20,April,4.29,4.24
4/12/2024 0:25,April,4.28,4.23
4/12/2024 0:30,April,4.06,4.01
4/12/2024 0:35,April,4.05,4.01
4/12/2024 0:40,April,4.04,3.99
4/12/2024 0:45,April,4.04,3.99
4/12/2024 0:50,April,4.05,4
4/12/2024 0:55,April,4.04,3.99
4/12/2024 1:00,April,4.03,3.98
4/12/2024 1:05,April,2.4,2.37
4/12/2024 1:10,April,3.44,3.39
4/12/2024 1:15,April,3.6,3.55
4/12/2024 1:20,April,3.52,3.48
4/12/2024 1:25,April,3.68,3.63
4/12/2024 1:30,April,3.73,3.68
4/12/2024 1:35,April,3.71,3.66
4/12/2024 1:40,April,3.67,3.62
4/12/2024 1:45,April,3.49,3.44
4/12/2024 1:50,April,3.6,3.55
4/12/2024 1:55,April,3.59,3.54
4/12/2024 2:00,April,3.5,3.45
4/12/2024 2:05,April,3.94,3.89
4/12/2024 2:10,April,3.73,3.67
4/12/2024 2:15,April,3.72,3.66
4/12/2024 2:20,April,2.88,2.84
4/12/2024 2:25,April,3.07,3.03
4/12/2024 2:30,April,3.52,3.47
4/12/2024 2:35,April,3.51,3.46
4/12/2024 2:40,April,3.7,3.65
4/12/2024 2:45,April,3.52,3.47
4/12/2024 2:50,April,3.52,3.47
4/12/2024 2:55,April,3.28,3.24
4/12/2024 3:00,April,2.88,2.84
4/12/2024 3:05,April,3.44,3.39
4/12/2024 3:10,April,3.44,3.39
4/12/2024 3:15,April,2.47,2.43
4/12/2024 3:20,April,2.87,2.84
4/12/2024 3:25,April,3.29,3.24
4/12/2024 3:30,April,3.43,3.38
4/12/2024 3:35,April,3.43,3.38
4/12/2024 3:40,April,3.43,3.38
4/12/2024 3:45,April,3.43,3.38
4/12/2024 3:50,April,3.43,3.39
4/12/2024 3:55,April,3.43,3.38
4/12/2024 4:00,April,3.43,3.38
4/12/2024 4:05,April,2.88,2.84
4/12/2024 4:10,April,3.35,3.31
4/12/2024 4:15,April,3.43,3.38
4/12/2024 4:20,April,3.51,3.46
4/12/2024 4:25,April,3.43,3.38
4/12/2024 4:30,April,3.43,3.38
4/12/2024 4:35,April,3.45,3.4
4/12/2024 4:40,April,3.51,3.46
4/12/2024 4:45,April,3.31,3.27
4/12/2024 4:50,April,3.35,3.3
4/12/2024 4:55,April,3.31,3.27
4/12/2024 5:00,April,3.31,3.27
4/12/2024 5:05,April,0,0
4/12/2024 5:10,April,2.84,2.8
4/12/2024 5:15,April,3.31,3.27
4/12/2024 5:20,April,3.31,3.27
4/12/2024 5:25,April,3.51,3.46
4/12/2024 5:30,April,3.48,3.43
4/12/2024 5:35,April,3.51,3.46
4/12/2024 5:40,April,3.51,3.46
4/12/2024 5:45,April,3.51,3.46
4/12/2024 5:50,April,3.44,3.39
4/12/2024 5:55,April,3.33,3.28
4/12/2024 6:00,April,3.31,3.26
4/12/2024 6:05,April,2.84,2.8
4/12/2024 6:10,April,2.87,2.83
4/12/2024 6:15,April,2.83,2.8
4/12/2024 6:20,April,2.84,2.8
4/12/2024 6:25,April,0,0
4/12/2024 6:30,April,2.83,2.8
4/12/2024 6:35,April,2.45,2.43
4/12/2024 6:40,April,2.92,2.9
4/12/2024 6:45,April,2.06,2.04
4/12/2024 6:50,April,2.45,2.43
4/12/2024 6:55,April,3.16,3.13
4/12/2024 7:00,April,3.16,3.13
4/12/2024 7:05,April,0,0
4/12/2024 7:10,April,2.31,2.29
4/12/2024 7:15,April,2.83,2.81
4/12/2024 7:20,April,2.83,2.81
4/12/2024 7:25,April,3.26,3.24
4/12/2024 7:30,April,3.16,3.13
4/12/2024 7:35,April,3.5,3.47
4/12/2024 7:40,April,3.48,3.46
4/12/2024 7:45,April,3.48,3.45
4/12/2024 7:50,April,3.5,3.47
4/12/2024 7:55,April,3.49,3.46
4/12/2024 8:00,April,4.99,4.96
4/12/2024 8:05,April,2.55,2.53
4/12/2024 8:10,April,3.56,3.54
4/12/2024 8:15,April,3.98,3.95
4/12/2024 8:20,April,3.98,3.95
4/12/2024 8:25,April,3.81,3.78
4/12/2024 8:30,April,3.81,3.78
4/12/2024 8:35,April,3.97,3.95
4/12/2024 8:40,April,3.96,3.94
4/12/2024 8:45,April,3.96,3.94
4/12/2024 8:50,April,3.51,3.49
4/12/2024 8:55,April,3.96,3.94
4/12/2024 9:00,April,4.38,4.36
4/12/2024 9:05,April,2.26,2.25
4/12/2024 9:10,April,3.49,3.47
4/12/2024 9:15,April,2.66,2.64
4/12/2024 9:20,April,3.35,3.32
4/12/2024 9:25,April,3.95,3.93
4/12/2024 9:30,April,4.95,4.92
4/12/2024 9:35,April,3.97,3.95
4/12/2024 9:40,April,4.18,4.16
4/12/2024 9:45,April,4.18,4.16
4/12/2024 9:50,April,4.17,4.15
4/12/2024 9:55,April,4.17,4.16
4/12/2024 10:00,April,6.47,6.45
4/12/2024 10:05,April,2.77,2.76
4/12/2024 10:10,April,3.82,3.81
4/12/2024 10:15,April,4.04,4.02
4/12/2024 10:20,April,4.04,4.03
4/12/2024 10:25,April,4.04,4.03
4/12/2024 10:30,April,4.05,4.03
4/12/2024 10:35,April,4.25,4.24
4/12/2024 10:40,April,4.26,4.24
4/12/2024 10:45,April,4.25,4.23
4/12/2024 10:50,April,4.25,4.23
4/12/2024 10:55,April,4.26,4.24
4/12/2024 11:00,April,4.25,4.24
4/12/2024 11:05,April,4.24,4.23
4/12/2024 11:10,April,4.05,4.03
4/12/2024 11:15,April,4.04,4.02
4/12/2024 11:20,April,4.03,4.02
4/12/2024 11:25,April,4.02,4.01
4/12/2024 11:30,April,3.69,3.68
4/12/2024 11:35,April,3.69,3.68
4/12/2024 11:40,April,4.02,4.01
4/12/2024 11:45,April,3.7,3.68
4/12/2024 11:50,April,3.69,3.68
4/12/2024 11:55,April,3.69,3.68
4/12/2024 12:00,April,3.11,3.1
4/12/2024 12:05,April,2.76,2.75
4/12/2024 12:10,April,3.69,3.68
4/12/2024 12:15,April,3.33,3.32
4/12/2024 12:20,April,3.34,3.32
4/12/2024 12:25,April,3.33,3.32
4/12/2024 12:30,April,4.02,4.01
4/12/2024 12:35,April,4.02,4.01
4/12/2024 12:40,April,4.02,4.01
4/12/2024 12:45,April,4.02,4.01
4/12/2024 12:50,April,4.45,4.44
4/12/2024 12:55,April,4.04,4.03
4/12/2024 13:00,April,4.25,4.24
4/12/2024 13:05,April,4.03,4.02
4/12/2024 13:10,April,13.44,13.41
4/12/2024 13:15,April,22.84,22.79
4/12/2024 13:20,April,11.51,11.48
4/12/2024 13:25,April,8.87,8.84
4/12/2024 13:30,April,7.75,7.72
4/12/2024 13:35,April,8.84,8.81
4/12/2024 13:40,April,8.88,8.85
4/12/2024 13:45,April,4.46,4.45
4/12/2024 13:50,April,5.97,5.95
4/12/2024 13:55,April,8.86,8.84
4/12/2024 14:00,April,11.46,11.41
4/12/2024 14:05,April,8.89,8.85
4/12/2024 14:10,April,7.74,7.71
4/12/2024 14:15,April,8.89,8.85
4/12/2024 14:20,April,21.34,21.24
4/12/2024 14:25,April,13.46,13.42
4/12/2024 14:30,April,8.88,8.85
4/12/2024 14:35,April,27.11,27.04
4/12/2024 14:40,April,7.74,7.72
4/12/2024 14:45,April,11.54,11.49
4/12/2024 14:50,April,11.46,11.41
4/12/2024 14:55,April,10.36,10.32
4/12/2024 15:00,April,10.34,10.29
4/12/2024 15:05,April,21.65,21.54
4/12/2024 15:10,April,11.63,11.58
4/12/2024 15:15,April,11.51,11.45
4/12/2024 15:20,April,23.2,23.08
4/12/2024 15:25,April,14.54,14.47
4/12/2024 15:30,April,14.5,14.42
4/12/2024 15:35,April,14.22,14.24
4/12/2024 15:40,April,25.51,25.51
4/12/2024 15:45,April,11.55,11.48
4/12/2024 15:50,April,11.71,11.64
4/12/2024 15:55,April,11.22,11.15
4/12/2024 16:00,April,11.2,11.13
4/12/2024 16:05,April,15.27,15.16
4/12/2024 16:10,April,15.24,15.13
4/12/2024 16:15,April,11.49,11.4
4/12/2024 16:20,April,14.76,14.65
4/12/2024 16:25,April,11.68,11.59
4/12/2024 16:30,April,11.67,11.58
4/12/2024 16:35,April,10.48,10.39
4/12/2024 16:40,April,10.48,10.39
4/12/2024 16:45,April,8.95,8.87
4/12/2024 16:50,April,8.94,8.86
4/12/2024 16:55,April,7.85,7.79
4/12/2024 17:00,April,7.88,7.82
4/12/2024 17:05,April,4.36,4.32
4/12/2024 17:10,April,4.35,4.31
4/12/2024 17:15,April,4.13,4.1
4/12/2024 17:20,April,4.14,4.11
4/12/2024 17:25,April,4.13,4.1
4/12/2024 17:30,April,5.12,5.08
4/12/2024 17:35,April,4.15,4.12
4/12/2024 17:40,April,4.36,4.32
4/12/2024 17:45,April,4.15,4.12
4/12/2024 17:50,April,4.59,4.55
4/12/2024 17:55,April,4.94,4.9
4/12/2024 18:00,April,5.09,5.05
4/12/2024 18:05,April,4.6,4.56
4/12/2024 18:10,April,7.92,7.86
4/12/2024 18:15,April,8.89,8.82
4/12/2024 18:20,April,8.99,8.9
4/12/2024 18:25,April,4.59,4.54
4/12/2024 18:30,April,7.91,7.83
4/12/2024 18:35,April,8.93,8.83
4/12/2024 18:40,April,7.91,7.82
4/12/2024 18:45,April,8.93,8.82
4/12/2024 18:50,April,8.92,8.81
4/12/2024 18:55,April,7.93,7.83
4/12/2024 19:00,April,4.61,4.56
4/12/2024 19:05,April,15.16,14.98
4/12/2024 19:10,April,11.57,11.43
4/12/2024 19:15,April,10.31,10.19
4/12/2024 19:20,April,10.33,10.21
4/12/2024 19:25,April,10.28,10.15
4/12/2024 19:30,April,7.95,7.85
4/12/2024 19:35,April,4.38,4.32
4/12/2024 19:40,April,4.38,4.33
4/12/2024 19:45,April,4.38,4.33
4/12/2024 19:50,April,4.38,4.33
4/12/2024 19:55,April,4.38,4.33
4/12/2024 20:00,April,4.38,4.33
4/12/2024 20:05,April,21.11,20.82
4/12/2024 20:10,April,10.23,10.09
4/12/2024 20:15,April,10.24,10.1
4/12/2024 20:20,April,8.98,8.85
4/12/2024 20:25,April,8.99,8.85
4/12/2024 20:30,April,4.64,4.57
4/12/2024 20:35,April,4.92,4.85
4/12/2024 20:40,April,8.97,8.84
4/12/2024 20:45,April,8.97,8.83
4/12/2024 20:50,April,8.95,8.83
4/12/2024 20:55,April,8.94,8.82
4/12/2024 21:00,April,7.92,7.81
4/12/2024 21:05,April,30.59,30.59
4/12/2024 21:10,April,16.18,15.96
4/12/2024 21:15,April,16.35,16.12
4/12/2024 21:20,April,12.29,12.29
4/12/2024 21:25,April,4.98,4.98
4/12/2024 21:30,April,8.19,8.19
4/12/2024 21:35,April,9.38,9.38
4/12/2024 21:40,April,8.19,8.19
4/12/2024 21:45,April,4.56,4.56
4/12/2024 21:50,April,4.56,4.56
4/12/2024 21:55,April,4.38,4.38
4/12/2024 22:00,April,5.18,5.11
4/12/2024 22:05,April,5.16,5.09
4/12/2024 22:10,April,4.93,4.86
4/12/2024 22:15,April,4.56,4.56
4/12/2024 22:20,April,4.3,4.24
4/12/2024 22:25,April,4.3,4.24
4/12/2024 22:30,April,4.3,4.24
4/12/2024 22:35,April,4.3,4.25
4/12/2024 22:40,April,4.3,4.24
4/12/2024 22:45,April,4.3,4.3
4/12/2024 22:50,April,4.29,4.23
4/12/2024 22:55,April,4.28,4.22
4/12/2024 23:00,April,4.07,4.02
4/12/2024 23:05,April,4.75,4.69
4/12/2024 23:10,April,4.7,4.63
4/12/2024 23:15,April,4.66,4.6
4/12/2024 23:20,April,4.61,4.55
4/12/2024 23:25,April,4.59,4.53
4/12/2024 23:30,April,4.29,4.23
4/12/2024 23:35,April,4.29,4.23
4/12/2024 23:40,April,4.09,4.03
4/12/2024 23:45,April,4.06,4.01
4/12/2024 23:50,April,4.06,4.01
4/12/2024 23:55,April,4.05,4
4/13/2024 0:00,April,4.05,3.99
4/13/2024 0:05,April,4.93,4.87
4/13/2024 0:10,April,4.45,4.39
4/13/2024 0:15,April,4.37,4.31
4/13/2024 0:20,April,4.38,4.32
4/13/2024 0:25,April,4.43,4.36
4/13/2024 0:30,April,4.92,4.86
4/13/2024 0:35,April,4.45,4.39
4/13/2024 0:40,April,4.56,4.49
4/13/2024 0:45,April,4.86,4.8
4/13/2024 0:50,April,4.95,4.89
4/13/2024 0:55,April,4.92,4.86
4/13/2024 1:00,April,4.93,4.87
4/13/2024 1:05,April,4.92,4.86
4/13/2024 1:10,April,4.91,4.85
4/13/2024 1:15,April,4.91,4.84
4/13/2024 1:20,April,4.93,4.87
4/13/2024 1:25,April,4.82,4.75
4/13/2024 1:30,April,4.78,4.72
4/13/2024 1:35,April,4.35,4.29
4/13/2024 1:40,April,4.35,4.3
4/13/2024 1:45,April,4.35,4.3
4/13/2024 1:50,April,4.35,4.29
4/13/2024 1:55,April,4.34,4.28
4/13/2024 2:00,April,4.24,4.18
4/13/2024 2:05,April,4.36,4.3
4/13/2024 2:10,April,4.37,4.3
4/13/2024 2:15,April,4.14,4.08
4/13/2024 2:20,April,4.25,4.19
4/13/2024 2:25,April,4.25,4.19
4/13/2024 2:30,April,4.17,4.11
4/13/2024 2:35,April,4.14,4.08
4/13/2024 2:40,April,4.13,4.07
4/13/2024 2:45,April,4.13,4.07
4/13/2024 2:50,April,4.12,4.06
4/13/2024 2:55,April,3.73,3.67
4/13/2024 3:00,April,3.96,3.9
4/13/2024 3:05,April,2.86,2.82
4/13/2024 3:10,April,3.58,3.52
4/13/2024 3:15,April,3.62,3.56
4/13/2024 3:20,April,3.9,3.84
4/13/2024 3:25,April,3.91,3.85
4/13/2024 3:30,April,3.9,3.84
4/13/2024 3:35,April,3.84,3.78
4/13/2024 3:40,April,3.57,3.51
4/13/2024 3:45,April,3.62,3.56
4/13/2024 3:50,April,3.71,3.65
4/13/2024 3:55,April,3.77,3.71
4/13/2024 4:00,April,3.71,3.65
4/13/2024 4:05,April,2.92,2.87
4/13/2024 4:10,April,3.57,3.51
4/13/2024 4:15,April,3.7,3.64
4/13/2024 4:20,April,3.56,3.5
4/13/2024 4:25,April,3.62,3.56
4/13/2024 4:30,April,3.71,3.65
4/13/2024 4:35,April,3.75,3.69
4/13/2024 4:40,April,3.69,3.63
4/13/2024 4:45,April,3.7,3.64
4/13/2024 4:50,April,3.69,3.63
4/13/2024 4:55,April,3.7,3.64
4/13/2024 5:00,April,3.7,3.64
4/13/2024 5:05,April,0,0
4/13/2024 5:10,April,3.42,3.37
4/13/2024 5:15,April,3.42,3.37
4/13/2024 5:20,April,3.45,3.4
4/13/2024 5:25,April,3.56,3.5
4/13/2024 5:30,April,3.55,3.5
4/13/2024 5:35,April,3.55,3.5
4/13/2024 5:40,April,3.89,3.84
4/13/2024 5:45,April,3.55,3.5
4/13/2024 5:50,April,3.43,3.38
4/13/2024 5:55,April,3.31,3.26
4/13/2024 6:00,April,3.31,3.26
4/13/2024 6:05,April,2.34,2.31
4/13/2024 6:10,April,2.89,2.85
4/13/2024 6:15,April,3.29,3.25
4/13/2024 6:20,April,3.3,3.26
4/13/2024 6:25,April,2.89,2.85
4/13/2024 6:30,April,2.82,2.78
4/13/2024 6:35,April,2.04,2.01
4/13/2024 6:40,April,2.4,2.37
4/13/2024 6:45,April,2.82,2.78
4/13/2024 6:50,April,2.88,2.84
4/13/2024 6:55,April,2.82,2.78
4/13/2024 7:00,April,2.81,2.78
4/13/2024 7:05,April,0,0
4/13/2024 7:10,April,2.39,2.37
4/13/2024 7:15,April,2.86,2.83
4/13/2024 7:20,April,2.87,2.84
4/13/2024 7:25,April,3.54,3.5
4/13/2024 7:30,April,3.27,3.23
4/13/2024 7:35,April,3.27,3.23
4/13/2024 7:40,April,3.49,3.46
4/13/2024 7:45,April,3.41,3.38
4/13/2024 7:50,April,3.66,3.62
4/13/2024 7:55,April,3.63,3.6
4/13/2024 8:00,April,3.64,3.6
4/13/2024 8:05,April,0,0
4/13/2024 8:10,April,2.89,2.85
4/13/2024 8:15,April,2.92,2.89
4/13/2024 8:20,April,3.25,3.21
4/13/2024 8:25,April,4.87,4.81
4/13/2024 8:30,April,3.59,3.54
4/13/2024 8:35,April,3.55,3.51
4/13/2024 8:40,April,3.36,3.32
4/13/2024 8:45,April,3.56,3.51
4/13/2024 8:50,April,3.56,3.52
4/13/2024 8:55,April,4.48,4.43
4/13/2024 9:00,April,3.82,3.77
4/13/2024 9:05,April,3.21,3.14
4/13/2024 9:10,April,3.38,3.3
4/13/2024 9:15,April,2.92,2.85
4/13/2024 9:20,April,3.38,3.3
4/13/2024 9:25,April,4.99,4.88
4/13/2024 9:30,April,4.85,4.74
4/13/2024 9:35,April,4.85,4.74
4/13/2024 9:40,April,3.62,3.55
4/13/2024 9:45,April,4.83,4.74
4/13/2024 9:50,April,4.82,4.73
4/13/2024 9:55,April,4.81,4.73
4/13/2024 10:00,April,4.47,4.39
4/13/2024 10:05,April,2.5,2.46
4/13/2024 10:10,April,3.22,3.17
4/13/2024 10:15,April,5.2,5.11
4/13/2024 10:20,April,4.94,4.85
4/13/2024 10:25,April,5.17,5.09
4/13/2024 10:30,April,4.85,4.78
4/13/2024 10:35,April,4.44,4.38
4/13/2024 10:40,April,4.88,4.81
4/13/2024 10:45,April,4.88,4.81
4/13/2024 10:50,April,4.43,4.37
4/13/2024 10:55,April,5.14,5.07
4/13/2024 11:00,April,4.87,4.81
4/13/2024 11:05,April,5.15,5.09
4/13/2024 11:10,April,4.43,4.38
4/13/2024 11:15,April,4.43,4.38
4/13/2024 11:20,April,5.14,5.08
4/13/2024 11:25,April,4.22,4.17
4/13/2024 11:30,April,3.31,3.27
4/13/2024 11:35,April,3.25,3.21
4/13/2024 11:40,April,3.32,3.27
4/13/2024 11:45,April,3.21,3.17
4/13/2024 11:50,April,3.32,3.27
4/13/2024 11:55,April,3.78,3.73
4/13/2024 12:00,April,3.1,3.06
4/13/2024 12:05,April,2.89,2.85
4/13/2024 12:10,April,2.89,2.85
4/13/2024 12:15,April,3.46,3.41
4/13/2024 12:20,April,3.32,3.27
4/13/2024 12:25,April,3.33,3.28
4/13/2024 12:30,April,3.24,3.19
4/13/2024 12:35,April,3.32,3.26
4/13/2024 12:40,April,3.4,3.34
4/13/2024 12:45,April,3.32,3.27
4/13/2024 12:50,April,3.48,3.42
4/13/2024 12:55,April,3.41,3.36
4/13/2024 13:00,April,3.41,3.36
4/13/2024 13:05,April,5.2,5.12
4/13/2024 13:10,April,5.18,5.1
4/13/2024 13:15,April,10.42,10.24
4/13/2024 13:20,April,5.22,5.13
4/13/2024 13:25,April,5.2,5.12
4/13/2024 13:30,April,5.21,5.13
4/13/2024 13:35,April,5.24,5.16
4/13/2024 13:40,April,18.05,17.77
4/13/2024 13:45,April,10.75,10.58
4/13/2024 13:50,April,7.85,7.73
4/13/2024 13:55,April,5.25,5.17
4/13/2024 14:00,April,5.26,5.18
4/13/2024 14:05,April,8.45,8.32
4/13/2024 14:10,April,7.86,7.74
4/13/2024 14:15,April,5.29,5.21
4/13/2024 14:20,April,7.87,7.74
4/13/2024 14:25,April,6.56,6.46
4/13/2024 14:30,April,7.87,7.75
4/13/2024 14:35,April,7.87,7.75
4/13/2024 14:40,April,6.57,6.47
4/13/2024 14:45,April,6.58,6.47
4/13/2024 14:50,April,6.58,6.47
4/13/2024 14:55,April,10.42,10.24
4/13/2024 15:00,April,11.66,11.46
4/13/2024 15:05,April,11.57,11.49
4/13/2024 15:10,April,10.83,10.75
4/13/2024 15:15,April,7.85,7.79
4/13/2024 15:20,April,7.85,7.79
4/13/2024 15:25,April,11.37,11.27
4/13/2024 15:30,April,15.18,15.03
4/13/2024 15:35,April,11.58,11.47
4/13/2024 15:40,April,10.35,10.25
4/13/2024 15:45,April,10.37,10.26
4/13/2024 15:50,April,11.6,11.48
4/13/2024 15:55,April,8.93,8.84
4/13/2024 16:00,April,8.94,8.84
4/13/2024 16:05,April,5.34,5.28
4/13/2024 16:10,April,5.36,5.3
4/13/2024 16:15,April,5.1,5.05
4/13/2024 16:20,April,5.34,5.29
4/13/2024 16:25,April,5.34,5.29
4/13/2024 16:30,April,5.08,5.03
4/13/2024 16:35,April,5.12,5.06
4/13/2024 16:40,April,4.94,4.88
4/13/2024 16:45,April,5.12,5.06
4/13/2024 16:50,April,5.31,5.25
4/13/2024 16:55,April,5.31,5.24
4/13/2024 17:00,April,5.14,5.08
4/13/2024 17:05,April,5.31,5.25
4/13/2024 17:10,April,5.93,5.86
4/13/2024 17:15,April,5.15,5.09
4/13/2024 17:20,April,5.15,5.09
4/13/2024 17:25,April,5.17,5.1
4/13/2024 17:30,April,5.17,5.1
4/13/2024 17:35,April,5.95,5.87
4/13/2024 17:40,April,5.34,5.27
4/13/2024 17:45,April,5.17,5.1
4/13/2024 17:50,April,5.96,5.88
4/13/2024 17:55,April,6.08,6
4/13/2024 18:00,April,5.97,5.88
4/13/2024 18:05,April,5.37,5.29
4/13/2024 18:10,April,5.39,5.32
4/13/2024 18:15,April,7.96,7.85
4/13/2024 18:20,April,8.96,8.82
4/13/2024 18:25,April,8.98,8.83
4/13/2024 18:30,April,7.94,7.82
4/13/2024 18:35,April,7.95,7.82
4/13/2024 18:40,April,6.09,5.99
4/13/2024 18:45,April,5.39,5.3
4/13/2024 18:50,April,5.39,5.32
4/13/2024 18:55,April,5.41,5.34
4/13/2024 19:00,April,4.97,4.9
4/13/2024 19:05,April,7.95,7.84
4/13/2024 19:10,April,5.42,5.34
4/13/2024 19:15,April,5.4,5.32
4/13/2024 19:20,April,4.97,4.9
4/13/2024 19:25,April,5.4,5.32
4/13/2024 19:30,April,4.97,4.9
4/13/2024 19:35,April,4.96,4.89
4/13/2024 19:40,April,4.38,4.32
4/13/2024 19:45,April,4.39,4.32
4/13/2024 19:50,April,4.38,4.32
4/13/2024 19:55,April,4.61,4.54
4/13/2024 20:00,April,4.6,4.54
4/13/2024 20:05,April,15.55,15.33
4/13/2024 20:10,April,10.28,10.13
4/13/2024 20:15,April,21.74,21.43
4/13/2024 20:20,April,11.5,11.33
4/13/2024 20:25,April,10.3,10.15
4/13/2024 20:30,April,5.43,5.35
4/13/2024 20:35,April,4.96,4.89
4/13/2024 20:40,April,5.42,5.34
4/13/2024 20:45,April,5.43,5.35
4/13/2024 20:50,April,4.97,4.9
4/13/2024 20:55,April,5.44,5.36
4/13/2024 21:00,April,5.07,5
4/13/2024 21:05,April,5.45,5.37
4/13/2024 21:10,April,5.44,5.36
4/13/2024 21:15,April,5.43,5.35
4/13/2024 21:20,April,5.48,5.4
4/13/2024 21:25,April,5.44,5.36
4/13/2024 21:30,April,5.47,5.39
4/13/2024 21:35,April,4.64,4.57
4/13/2024 21:40,April,4.97,4.89
4/13/2024 21:45,April,4.97,4.89
4/13/2024 21:50,April,4.39,4.33
4/13/2024 21:55,April,4.97,4.9
4/13/2024 22:00,April,4.97,4.9
4/13/2024 22:05,April,25.32,24.95
4/13/2024 22:10,April,10.99,10.99
4/13/2024 22:15,April,5.47,5.39
4/13/2024 22:20,April,5.31,5.22
4/13/2024 22:25,April,5.3,5.23
4/13/2024 22:30,April,5.42,5.34
4/13/2024 22:35,April,5.43,5.35
4/13/2024 22:40,April,5.42,5.34
4/13/2024 22:45,April,5.42,5.34
4/13/2024 22:50,April,5.42,5.34
4/13/2024 22:55,April,5.23,5.15
4/13/2024 23:00,April,5.39,5.31
4/13/2024 23:05,April,20.44,20.16
4/13/2024 23:10,April,5.41,5.33
4/13/2024 23:15,April,0,0
4/13/2024 23:20,April,1.98,1.95
4/13/2024 23:25,April,3.38,3.34
4/13/2024 23:30,April,25.08,24.73
4/13/2024 23:35,April,5.18,5.1
4/13/2024 23:40,April,5.04,4.96
4/13/2024 23:45,April,4.96,4.89
4/13/2024 23:50,April,4.57,4.5
4/13/2024 23:55,April,4.65,4.58
4/14/2024 0:00,April,4.64,4.57
4/14/2024 0:05,April,15.68,15.46
4/14/2024 0:10,April,5.09,5.01
4/14/2024 0:15,April,5.03,4.96
4/14/2024 0:20,April,5.02,4.95
4/14/2024 0:25,April,5.07,5
4/14/2024 0:30,April,4.92,4.85
4/14/2024 0:35,April,5.02,4.94
4/14/2024 0:40,April,5,4.93
4/14/2024 0:45,April,4.99,4.92
4/14/2024 0:50,April,4.36,4.3
4/14/2024 0:55,April,4.62,4.55
4/14/2024 1:00,April,4.61,4.55
4/14/2024 1:05,April,4.96,4.89
4/14/2024 1:10,April,4.97,4.91
4/14/2024 1:15,April,4.97,4.9
4/14/2024 1:20,April,4.97,4.9
4/14/2024 1:25,April,4.98,4.91
4/14/2024 1:30,April,4.99,4.92
4/14/2024 1:35,April,4.97,4.9
4/14/2024 1:40,April,4.62,4.56
4/14/2024 1:45,April,4.62,4.56
4/14/2024 1:50,April,4.85,4.79
4/14/2024 1:55,April,4.48,4.42
4/14/2024 2:00,April,4.37,4.31
4/14/2024 2:05,April,4.62,4.56
4/14/2024 2:10,April,4.64,4.58
4/14/2024 2:15,April,4.96,4.9
4/14/2024 2:20,April,4.99,4.93
4/14/2024 2:25,April,4.96,4.91
4/14/2024 2:30,April,4.62,4.57
4/14/2024 2:35,April,4.62,4.57
4/14/2024 2:40,April,4.77,4.72
4/14/2024 2:45,April,4.93,4.87
4/14/2024 2:50,April,4.86,4.81
4/14/2024 2:55,April,4.36,4.31
4/14/2024 3:00,April,4.39,4.34
4/14/2024 3:05,April,4.39,4.34
4/14/2024 3:10,April,4.39,4.34
4/14/2024 3:15,April,4.4,4.35
4/14/2024 3:20,April,4.46,4.41
4/14/2024 3:25,April,4.4,4.35
4/14/2024 3:30,April,4.35,4.3
4/14/2024 3:35,April,4.22,4.22
4/14/2024 3:40,April,4.18,4.18
4/14/2024 3:45,April,4.18,4.18
4/14/2024 3:50,April,4.19,4.19
4/14/2024 3:55,April,4.29,4.29
4/14/2024 4:00,April,4.18,4.18
4/14/2024 4:05,April,4.18,4.18
4/14/2024 4:10,April,4.18,4.18
4/14/2024 4:15,April,4.18,4.18
4/14/2024 4:20,April,4.39,4.39
4/14/2024 4:25,April,4.39,4.39
4/14/2024 4:30,April,4.49,4.49
4/14/2024 4:35,April,4.86,4.86
4/14/2024 4:40,April,4.39,4.39
4/14/2024 4:45,April,4.39,4.39
4/14/2024 4:50,April,4.28,4.28
4/14/2024 4:55,April,4.39,4.39
4/14/2024 5:00,April,3.72,2.99
4/14/2024 5:05,April,4.38,4.38
4/14/2024 5:10,April,4.38,4.38
4/14/2024 5:15,April,4.38,4.38
4/14/2024 5:20,April,4.38,4.38
4/14/2024 5:25,April,4.38,4.38
4/14/2024 5:30,April,4.38,4.38
4/14/2024 5:35,April,4.38,4.38
4/14/2024 5:40,April,4.38,4.38
4/14/2024 5:45,April,3.68,2.99
4/14/2024 5:50,April,3.31,3.31
4/14/2024 5:55,April,4.07,4.07
4/14/2024 6:00,April,3.56,3.56
4/14/2024 6:05,April,3.66,2.99
4/14/2024 6:10,April,4.38,4.38
4/14/2024 6:15,April,4.38,4.38
4/14/2024 6:20,April,4.38,4.38
4/14/2024 6:25,April,4.17,4.17
4/14/2024 6:30,April,4.17,4.17
4/14/2024 6:35,April,3.87,3.87
4/14/2024 6:40,April,0,0
4/14/2024 6:45,April,4.16,4.16
4/14/2024 6:50,April,4.17,4.17
4/14/2024 6:55,April,4.16,4.16
4/14/2024 7:00,April,4.17,4.17
4/14/2024 7:05,April,0,0
4/14/2024 7:10,April,4.16,4.16
4/14/2024 7:15,April,4.16,4.16
4/14/2024 7:20,April,4.16,4.16
4/14/2024 7:25,April,4.16,4.16
4/14/2024 7:30,April,2.82,2.82
4/14/2024 7:35,April,2.82,2.82
4/14/2024 7:40,April,0,0
4/14/2024 7:45,April,2.37,2.37
4/14/2024 7:50,April,2.82,2.82
4/14/2024 7:55,April,3.52,3.52
4/14/2024 8:00,April,3.28,3.28
4/14/2024 8:05,April,0,0
4/14/2024 8:10,April,3.29,3.29
4/14/2024 8:15,April,4.17,4.17
4/14/2024 8:20,April,4.07,4.07
4/14/2024 8:25,April,3.52,3.52
4/14/2024 8:30,April,2.82,2.82
4/14/2024 8:35,April,3.82,3.82
4/14/2024 8:40,April,3.82,3.82
4/14/2024 8:45,April,4.86,4.86
4/14/2024 8:50,April,4.17,4.17
4/14/2024 8:55,April,4.16,4.16
4/14/2024 9:00,April,4.38,4.38
4/14/2024 9:05,April,4.16,4.16
4/14/2024 9:10,April,4.38,4.38
4/14/2024 9:15,April,4.38,4.38
4/14/2024 9:20,April,10.94,10.94
4/14/2024 9:25,April,4.85,4.85
4/14/2024 9:30,April,4.85,4.85
4/14/2024 9:35,April,4.38,4.38
4/14/2024 9:40,April,4.85,4.85
4/14/2024 9:45,April,4.85,4.85
4/14/2024 9:50,April,4.85,4.85
4/14/2024 9:55,April,4.86,4.86
4/14/2024 10:00,April,4.54,4.54
4/14/2024 10:05,April,4.37,4.37
4/14/2024 10:10,April,30.41,30.41
4/14/2024 10:15,April,30.42,30.42
4/14/2024 10:20,April,25.46,25.46
4/14/2024 10:25,April,12.23,12.23
4/14/2024 10:30,April,9.58,9.58
4/14/2024 10:35,April,10.96,10.96
4/14/2024 10:40,April,10.96,10.96
4/14/2024 10:45,April,9.58,9.58
4/14/2024 10:50,April,8.16,8.16
4/14/2024 10:55,April,8.16,8.16
4/14/2024 11:00,April,4.86,4.86
4/14/2024 11:05,April,9.58,9.58
4/14/2024 11:10,April,30.42,30.42
4/14/2024 11:15,April,30.42,30.42
4/14/2024 11:20,April,4.37,4.37
4/14/2024 11:25,April,4.8,4.8
4/14/2024 11:30,April,4.86,4.86
4/14/2024 11:35,April,4.86,4.86
4/14/2024 11:40,April,12.23,12.23
4/14/2024 11:45,April,4.86,4.86
4/14/2024 11:50,April,4.86,4.86
4/14/2024 11:55,April,10.96,10.96
4/14/2024 12:00,April,4.86,4.86
4/14/2024 12:05,April,4.86,4.86
4/14/2024 12:10,April,4.81,4.81
4/14/2024 12:15,April,4.37,4.37
4/14/2024 12:20,April,4.54,4.54
4/14/2024 12:25,April,0,0
4/14/2024 12:30,April,0,0
4/14/2024 12:35,April,2.82,2.82
4/14/2024 12:40,April,0,0
4/14/2024 12:45,April,3.29,3.29
4/14/2024 12:50,April,4.38,4.38
4/14/2024 12:55,April,4.38,4.38
4/14/2024 13:00,April,9.58,9.58
4/14/2024 13:05,April,4.86,4.86
4/14/2024 13:10,April,4.86,4.86
4/14/2024 13:15,April,9.57,9.57
4/14/2024 13:20,April,4.54,4.54
4/14/2024 13:25,April,4.86,4.86
4/14/2024 13:30,April,4.86,4.86
4/14/2024 13:35,April,4.55,4.55
4/14/2024 13:40,April,4.54,4.54
4/14/2024 13:45,April,10.96,10.96
4/14/2024 13:50,April,9.58,9.58
4/14/2024 13:55,April,4.86,4.86
4/14/2024 14:00,April,4.37,4.37
4/14/2024 14:05,April,4.37,4.37
4/14/2024 14:10,April,10.96,10.96
4/14/2024 14:15,April,25.47,25.47
4/14/2024 14:20,April,12.23,12.23
4/14/2024 14:25,April,12.23,12.23
4/14/2024 14:30,April,4.86,4.86
4/14/2024 14:35,April,4.86,4.86
4/14/2024 14:40,April,8.15,8.15
4/14/2024 14:45,April,4.86,4.86
4/14/2024 14:50,April,4.86,4.86
4/14/2024 14:55,April,4.86,4.86
4/14/2024 15:00,April,4.58,4.58
4/14/2024 15:05,April,10.96,10.96
4/14/2024 15:10,April,12.67,12.67
4/14/2024 15:15,April,12.23,12.23
4/14/2024 15:20,April,12.23,12.23
4/14/2024 15:25,April,12.23,12.23
4/14/2024 15:30,April,12.23,12.23
4/14/2024 15:35,April,25.46,25.46
4/14/2024 15:40,April,30.43,30.43
4/14/2024 15:45,April,30.43,30.43
4/14/2024 15:50,April,30.41,30.41
4/14/2024 15:55,April,30.41,30.41
4/14/2024 16:00,April,30.41,30.41
4/14/2024 16:05,April,30.41,30.41
4/14/2024 16:10,April,30.43,30.43
4/14/2024 16:15,April,30.42,30.42
4/14/2024 16:20,April,30.41,30.41
4/14/2024 16:25,April,16.06,16.06
4/14/2024 16:30,April,16.06,16.06
4/14/2024 16:35,April,16.06,16.06
4/14/2024 16:40,April,16.06,16.06
4/14/2024 16:45,April,5.1,5.1
4/14/2024 16:50,April,5.1,5.1
4/14/2024 16:55,April,5.1,5.1
4/14/2024 17:00,April,5.1,5.1
4/14/2024 17:05,April,5.1,5.1
4/14/2024 17:10,April,5.1,5.1
4/14/2024 17:15,April,5.1,5.1
4/14/2024 17:20,April,5.1,5.1
4/14/2024 17:25,April,8.16,8.16
4/14/2024 17:30,April,4.95,4.95
4/14/2024 17:35,April,5.1,5.1
4/14/2024 17:40,April,5.1,5.1
4/14/2024 17:45,April,5.1,5.1
4/14/2024 17:50,April,9.59,9.59
4/14/2024 17:55,April,9.59,9.59
4/14/2024 18:00,April,15.3,15.3
4/14/2024 18:05,April,19.31,19.31
4/14/2024 18:10,April,12.69,12.69
4/14/2024 18:15,April,18.05,18.05
4/14/2024 18:20,April,19.32,19.32
4/14/2024 18:25,April,18.06,18.06
4/14/2024 18:30,April,19.33,19.33
4/14/2024 18:35,April,12.25,12.25
4/14/2024 18:40,April,13.27,13.27
4/14/2024 18:45,April,12.26,12.26
4/14/2024 18:50,April,12.26,12.26
4/14/2024 18:55,April,12.26,12.26
4/14/2024 19:00,April,10.98,10.98
4/14/2024 19:05,April,11.24,11.24
4/14/2024 19:10,April,10.99,10.99
4/14/2024 19:15,April,12.26,12.26
4/14/2024 19:20,April,18.07,18.07
4/14/2024 19:25,April,16.34,16.34
4/14/2024 19:30,April,23.28,23.28
4/14/2024 19:35,April,18.07,18.07
4/14/2024 19:40,April,19.33,19.33
4/14/2024 19:45,April,17.97,17.97
4/14/2024 19:50,April,17.98,17.98
4/14/2024 19:55,April,16.35,16.35
4/14/2024 20:00,April,16.35,16.35
4/14/2024 20:05,April,19.35,19.35
4/14/2024 20:10,April,20.43,20.43
4/14/2024 20:15,April,19.34,19.34
4/14/2024 20:20,April,29.11,29.11
4/14/2024 20:25,April,28.6,28.6
4/14/2024 20:30,April,20.58,20.58
4/14/2024 20:35,April,19.34,19.34
4/14/2024 20:40,April,19.35,19.35
4/14/2024 20:45,April,20.44,20.44
4/14/2024 20:50,April,19.35,19.35
4/14/2024 20:55,April,19.35,19.35
4/14/2024 21:00,April,16.36,16.36
4/14/2024 21:05,April,16.36,16.36
4/14/2024 21:10,April,15.43,15.43
4/14/2024 21:15,April,15.42,15.42
4/14/2024 21:20,April,15.42,15.42
4/14/2024 21:25,April,15.42,15.42
4/14/2024 21:30,April,15.41,15.41
4/14/2024 21:35,April,16.34,16.34
4/14/2024 21:40,April,16.35,16.35
4/14/2024 21:45,April,15.42,15.42
4/14/2024 21:50,April,15.19,15.19
4/14/2024 21:55,April,15.19,15.19
4/14/2024 22:00,April,15.19,15.19
4/14/2024 22:05,April,15.19,15.19
4/14/2024 22:10,April,11.25,11.25
4/14/2024 22:15,April,9.61,9.61
4/14/2024 22:20,April,14.72,14.72
4/14/2024 22:25,April,15.19,15.19
4/14/2024 22:30,April,15.19,15.19
4/14/2024 22:35,April,15.19,15.19
4/14/2024 22:40,April,15.19,15.19
4/14/2024 22:45,April,12.28,12.28
4/14/2024 22:50,April,11.26,11.26
4/14/2024 22:55,April,11.1,11.1
4/14/2024 23:00,April,11,11
4/14/2024 23:05,April,11,11
4/14/2024 23:10,April,4.88,4.88
4/14/2024 23:15,April,4.88,4.88
4/14/2024 23:20,April,5.32,5.32
4/14/2024 23:25,April,5.32,5.32
4/14/2024 23:30,April,10.99,10.99
4/14/2024 23:35,April,10.99,10.99
4/14/2024 23:40,April,5.12,5.12
4/14/2024 23:45,April,5.11,5.11
4/14/2024 23:50,April,5.11,5.11
4/14/2024 23:55,April,4.4,4.4
4/15/2024 0:00,April,4.55,4.55
4/15/2024 0:05,April,3.52,3.49
4/15/2024 0:10,April,0,0
4/15/2024 0:15,April,14.97,14.97
4/15/2024 0:20,April,5.1,5.1
4/15/2024 0:25,April,4.39,4.39
4/15/2024 0:30,April,3.3,3.27
4/15/2024 0:35,April,3.61,3.61
4/15/2024 0:40,April,5.09,5.09
4/15/2024 0:45,April,4.86,4.86
4/15/2024 0:50,April,4.17,4.17
4/15/2024 0:55,April,4.02,4.02
4/15/2024 1:00,April,3.71,3.67
4/15/2024 1:05,April,5.06,5.06
4/15/2024 1:10,April,4.16,4.12
4/15/2024 1:15,April,4.19,4.19
4/15/2024 1:20,April,4.18,4.18
4/15/2024 1:25,April,4.15,4.1
4/15/2024 1:30,April,3.84,3.8
4/15/2024 1:35,April,4.17,4.17
4/15/2024 1:40,April,3.97,3.93
4/15/2024 1:45,April,3.78,3.78
4/15/2024 1:50,April,4.02,4.02
4/15/2024 1:55,April,3.93,3.88
4/15/2024 2:00,April,3.83,3.78
4/15/2024 2:05,April,3.92,3.87
4/15/2024 2:10,April,3.59,3.54
4/15/2024 2:15,April,4.59,4.53
4/15/2024 2:20,April,4.12,4.06
4/15/2024 2:25,April,4.12,4.06
4/15/2024 2:30,April,4.13,4.07
4/15/2024 2:35,April,4.52,4.45
4/15/2024 2:40,April,4.17,4.17
4/15/2024 2:45,April,4.18,4.18
4/15/2024 2:50,April,4.34,4.34
4/15/2024 2:55,April,4.02,4.02
4/15/2024 3:00,April,4.35,4.35
4/15/2024 3:05,April,4.18,4.18
4/15/2024 3:10,April,4.18,4.18
4/15/2024 3:15,April,4.18,4.18
4/15/2024 3:20,April,4.17,4.17
4/15/2024 3:25,April,4.52,4.45
4/15/2024 3:30,April,4.18,4.18
4/15/2024 3:35,April,4.17,4.1
4/15/2024 3:40,April,4.38,4.31
4/15/2024 3:45,April,4.17,4.11
4/15/2024 3:50,April,4.15,4.08
4/15/2024 3:55,April,4.15,4.09
4/15/2024 4:00,April,4.17,4.1
4/15/2024 4:05,April,4.29,4.22
4/15/2024 4:10,April,4.5,4.43
4/15/2024 4:15,April,4.38,4.31
4/15/2024 4:20,April,3.64,3.58
4/15/2024 4:25,April,4.15,4.09
4/15/2024 4:30,April,4.37,4.3
4/15/2024 4:35,April,4.15,4.09
4/15/2024 4:40,April,4.39,4.32
4/15/2024 4:45,April,4.38,4.3
4/15/2024 4:50,April,4.38,4.3
4/15/2024 4:55,April,4.37,4.3
4/15/2024 5:00,April,3.62,3.56
4/15/2024 5:05,April,3.43,3.38
4/15/2024 5:10,April,3.96,3.9
4/15/2024 5:15,April,4.61,4.54
4/15/2024 5:20,April,4.47,4.4
4/15/2024 5:25,April,4.3,4.23
4/15/2024 5:30,April,4.16,4.09
4/15/2024 5:35,April,4.29,4.22
4/15/2024 5:40,April,4.29,4.22
4/15/2024 5:45,April,4.3,4.23
4/15/2024 5:50,April,4.29,4.22
4/15/2024 5:55,April,4.29,4.22
4/15/2024 6:00,April,3.7,3.64
4/15/2024 6:05,April,0,0
4/15/2024 6:10,April,2.9,2.86
4/15/2024 6:15,April,3.31,3.26
4/15/2024 6:20,April,3.31,3.26
4/15/2024 6:25,April,3.58,3.53
4/15/2024 6:30,April,3.31,3.26
4/15/2024 6:35,April,3.76,3.71
4/15/2024 6:40,April,3.31,3.26
4/15/2024 6:45,April,3.56,3.51
4/15/2024 6:50,April,3.56,3.51
4/15/2024 6:55,April,3.97,3.92
4/15/2024 7:00,April,3.82,3.77
4/15/2024 7:05,April,0,0
4/15/2024 7:10,April,2.89,2.85
4/15/2024 7:15,April,4.1,4.05
4/15/2024 7:20,April,4.1,4.05
4/15/2024 7:25,April,4.88,4.83
4/15/2024 7:30,April,4.55,4.5
4/15/2024 7:35,April,4.59,4.54
4/15/2024 7:40,April,4.55,4.5
4/15/2024 7:45,April,4.59,4.54
4/15/2024 7:50,April,4.84,4.79
4/15/2024 7:55,April,4.88,4.83
4/15/2024 8:00,April,10.34,10.25
4/15/2024 8:05,April,4.1,4.05
4/15/2024 8:10,April,4.83,4.78
4/15/2024 8:15,April,4.53,4.48
4/15/2024 8:20,April,15.48,15.33
4/15/2024 8:25,April,24.36,24.12
4/15/2024 8:30,April,15.96,15.81
4/15/2024 8:35,April,10.93,10.83
4/15/2024 8:40,April,6.56,6.5
4/15/2024 8:45,April,5.02,4.97
4/15/2024 8:50,April,6.55,6.49
4/15/2024 8:55,April,9.06,8.98
4/15/2024 9:00,April,10.25,10.17
4/15/2024 9:05,April,2.38,2.36
4/15/2024 9:10,April,4.48,4.45
4/15/2024 9:15,April,4.47,4.45
4/15/2024 9:20,April,4.85,4.82
4/15/2024 9:25,April,4.95,4.93
4/15/2024 9:30,April,4.95,4.93
4/15/2024 9:35,April,4.94,4.92
4/15/2024 9:40,April,4.95,4.93
4/15/2024 9:45,April,4.95,4.92
4/15/2024 9:50,April,9.6,9.55
4/15/2024 9:55,April,4.94,4.92
4/15/2024 10:00,April,4.83,4.81
4/15/2024 10:05,April,4.56,4.54
4/15/2024 10:10,April,5.75,5.73
4/15/2024 10:15,April,5.75,5.72
4/15/2024 10:20,April,24.16,24.08
4/15/2024 10:25,April,15.41,15.37
4/15/2024 10:30,April,11.3,11.25
4/15/2024 10:35,April,11.36,11.32
4/15/2024 10:40,April,10.33,10.3
4/15/2024 10:45,April,10.85,10.82
4/15/2024 10:50,April,9.07,9.04
4/15/2024 10:55,April,9.07,9.05
4/15/2024 11:00,April,9.05,9.03
4/15/2024 11:05,April,4.43,4.41
4/15/2024 11:10,April,5.74,5.73
4/15/2024 11:15,April,5.73,5.72
4/15/2024 11:20,April,4.78,4.77
4/15/2024 11:25,April,4.44,4.43
4/15/2024 11:30,April,4.44,4.43
4/15/2024 11:35,April,4.21,4.2
4/15/2024 11:40,April,4.21,4.2
4/15/2024 11:45,April,4.23,4.22
4/15/2024 11:50,April,4.44,4.43
4/15/2024 11:55,April,4.22,4.21
4/15/2024 12:00,April,3.35,3.35
4/15/2024 12:05,April,3.16,3.15
4/15/2024 12:10,April,3.3,3.3
4/15/2024 12:15,April,4.23,4.22
4/15/2024 12:20,April,3.78,3.77
4/15/2024 12:25,April,4.76,4.76
4/15/2024 12:30,April,4.76,4.75
4/15/2024 12:35,April,4.45,4.44
4/15/2024 12:40,April,4.79,4.78
4/15/2024 12:45,April,4.81,4.8
4/15/2024 12:50,April,10.26,10.24
4/15/2024 12:55,April,4.46,4.45
4/15/2024 13:00,April,13.41,13.37
4/15/2024 13:05,April,11.5,11.46
4/15/2024 13:10,April,10.28,10.24
4/15/2024 13:15,April,23.1,22.98
4/15/2024 13:20,April,17.58,17.51
4/15/2024 13:25,April,14.77,14.7
4/15/2024 13:30,April,23.44,23.35
4/15/2024 13:35,April,26.77,26.66
4/15/2024 13:40,April,27.48,27.66
4/15/2024 13:45,April,26.72,26.6
4/15/2024 13:50,April,23.85,23.91
4/15/2024 13:55,April,27.88,27.75
4/15/2024 14:00,April,27.92,28.11
4/15/2024 14:05,April,28.01,28.2
4/15/2024 14:10,April,28.17,28.35
4/15/2024 14:15,April,28.22,28.4
4/15/2024 14:20,April,28.66,28.86
4/15/2024 14:25,April,28.68,28.89
4/15/2024 14:30,April,29.33,29.54
4/15/2024 14:35,April,29.81,30.04
4/15/2024 14:40,April,33.08,32.88
4/15/2024 14:45,April,30.8,30.6
4/15/2024 14:50,April,29.66,29.84
4/15/2024 14:55,April,28.77,28.91
4/15/2024 15:00,April,28.27,28.39
4/15/2024 15:05,April,38.26,38.93
4/15/2024 15:10,April,30.73,31.16
4/15/2024 15:15,April,29.15,29.24
4/15/2024 15:20,April,30.22,29.09
4/15/2024 15:25,April,32.65,32.65
4/15/2024 15:30,April,32.64,32.64
4/15/2024 15:35,April,32.65,32.65
4/15/2024 15:40,April,32.63,32.63
4/15/2024 15:45,April,32.63,32.63
4/15/2024 15:50,April,32.62,32.62
4/15/2024 15:55,April,32.62,32.62
4/15/2024 16:00,April,32.62,32.62
4/15/2024 16:05,April,32.62,32.62
4/15/2024 16:10,April,32.62,32.62
4/15/2024 16:15,April,32.61,32.61
4/15/2024 16:20,April,32.61,32.61
4/15/2024 16:25,April,32.61,32.61
4/15/2024 16:30,April,32.61,32.61
4/15/2024 16:35,April,32.61,32.61
4/15/2024 16:40,April,32.61,32.61
4/15/2024 16:45,April,32.61,32.61
4/15/2024 16:50,April,28.73,28.73
4/15/2024 16:55,April,28.22,28.22
4/15/2024 17:00,April,15.14,15.14
4/15/2024 17:05,April,15.14,15.14
4/15/2024 17:10,April,15.15,15.15
4/15/2024 17:15,April,15.15,15.15
4/15/2024 17:20,April,14.24,14.15
4/15/2024 17:25,April,14.91,14.73
4/15/2024 17:30,April,14.31,14.24
4/15/2024 17:35,April,14.81,14.74
4/15/2024 17:40,April,14.34,14.26
4/15/2024 17:45,April,14.31,14.27
4/15/2024 17:50,April,15.26,15.25
4/15/2024 17:55,April,17.7,17.74
4/15/2024 18:00,April,24.14,24.33
4/15/2024 18:05,April,23.45,23.45
4/15/2024 18:10,April,23.45,23.45
4/15/2024 18:15,April,26.21,26.38
4/15/2024 18:20,April,32.64,32.64
4/15/2024 18:25,April,28.05,28.05
4/15/2024 18:30,April,28.05,28.05
4/15/2024 18:35,April,28.05,28.05
4/15/2024 18:40,April,28.67,28.67
4/15/2024 18:45,April,25.5,25.5
4/15/2024 18:50,April,28.06,28.06
4/15/2024 18:55,April,28.05,28.05
4/15/2024 19:00,April,23.46,23.46
4/15/2024 19:05,April,28.06,28.06
4/15/2024 19:10,April,28.06,28.06
4/15/2024 19:15,April,20.41,20.41
4/15/2024 19:20,April,20.41,20.41
4/15/2024 19:25,April,22.96,22.96
4/15/2024 19:30,April,28.35,28.54
4/15/2024 19:35,April,25.51,25.51
4/15/2024 19:40,April,28.06,28.06
4/15/2024 19:45,April,28.06,28.06
4/15/2024 19:50,April,28.07,28.07
4/15/2024 19:55,April,28.06,28.06
4/15/2024 20:00,April,28.66,28.66
4/15/2024 20:05,April,32.62,32.62
4/15/2024 20:10,April,32.61,32.61
4/15/2024 20:15,April,32.61,32.61
4/15/2024 20:20,April,32.61,32.61
4/15/2024 20:25,April,32.61,32.61
4/15/2024 20:30,April,32.61,32.61
4/15/2024 20:35,April,30.56,30.56
4/15/2024 20:40,April,32.6,32.6
4/15/2024 20:45,April,32.59,32.59
4/15/2024 20:50,April,32.59,32.59
4/15/2024 20:55,April,32.59,32.59
4/15/2024 21:00,April,32.59,32.59
4/15/2024 21:05,April,32.63,32.63
4/15/2024 21:10,April,32.64,32.64
4/15/2024 21:15,April,32.64,32.64
4/15/2024 21:20,April,32.64,32.64
4/15/2024 21:25,April,32.64,32.64
4/15/2024 21:30,April,32.65,32.65
4/15/2024 21:35,April,32.64,32.64
4/15/2024 21:40,April,32.64,32.64
4/15/2024 21:45,April,32.65,32.65
4/15/2024 21:50,April,30.61,30.61
4/15/2024 21:55,April,32.65,32.65
4/15/2024 22:00,April,30.61,30.61
4/15/2024 22:05,April,32.65,32.65
4/15/2024 22:10,April,32.65,32.65
4/15/2024 22:15,April,6.37,6.37
4/15/2024 22:20,April,6.37,6.37
4/15/2024 22:25,April,6.37,6.37
4/15/2024 22:30,April,6.37,6.37
4/15/2024 22:35,April,6.37,6.37
4/15/2024 22:40,April,6.37,6.37
4/15/2024 22:45,April,6.38,6.38
4/15/2024 22:50,April,6.38,6.38
4/15/2024 22:55,April,6.38,6.38
4/15/2024 23:00,April,6.38,6.38
4/15/2024 23:05,April,6.38,6.38
4/15/2024 23:10,April,6.37,6.37
4/15/2024 23:15,April,6.38,6.38
4/15/2024 23:20,April,6.38,6.38
4/15/2024 23:25,April,6.38,6.38
4/15/2024 23:30,April,6.38,6.38
4/15/2024 23:35,April,6.15,6.15
4/15/2024 23:40,April,6.38,6.38
4/15/2024 23:45,April,6.38,6.38
4/15/2024 23:50,April,6.38,6.38
4/15/2024 23:55,April,6.38,6.38
4/16/2024 0:00,April,6.15,6.15
4/16/2024 0:05,April,6.03,6.03
4/16/2024 0:10,April,6.38,6.38
4/16/2024 0:15,April,6.03,6.03
4/16/2024 0:20,April,6.03,6.03
4/16/2024 0:25,April,6.38,6.38
4/16/2024 0:30,April,6.38,6.38
4/16/2024 0:35,April,6.38,6.38
4/16/2024 0:40,April,6.38,6.38
4/16/2024 0:45,April,6.03,6.03
4/16/2024 0:50,April,6.03,6.03
4/16/2024 0:55,April,6.03,6.03
4/16/2024 1:00,April,6.03,6.03
4/16/2024 1:05,April,6.03,6.03
4/16/2024 1:10,April,6.03,6.03
4/16/2024 1:15,April,4.4,4.4
4/16/2024 1:20,April,4.83,4.83
4/16/2024 1:25,April,4.86,4.86
4/16/2024 1:30,April,4.84,4.84
4/16/2024 1:35,April,6.03,6.03
4/16/2024 1:40,April,4.86,4.86
4/16/2024 1:45,April,4.84,4.84
4/16/2024 1:50,April,4.83,4.83
4/16/2024 1:55,April,4.85,4.85
4/16/2024 2:00,April,4.34,4.34
4/16/2024 2:05,April,6.04,6.04
4/16/2024 2:10,April,6.02,6.02
4/16/2024 2:15,April,6.02,6.02
4/16/2024 2:20,April,4.93,4.93
4/16/2024 2:25,April,4.93,4.93
4/16/2024 2:30,April,4.91,4.91
4/16/2024 2:35,April,4.55,4.55
4/16/2024 2:40,April,4.92,4.92
4/16/2024 2:45,April,4.92,4.92
4/16/2024 2:50,April,4.36,4.36
4/16/2024 2:55,April,4.83,4.83
4/16/2024 3:00,April,4.85,4.85
4/16/2024 3:05,April,4.32,4.32
4/16/2024 3:10,April,4.52,4.52
4/16/2024 3:15,April,4.81,4.81
4/16/2024 3:20,April,4.82,4.82
4/16/2024 3:25,April,4.82,4.82
4/16/2024 3:30,April,4.81,4.81
4/16/2024 3:35,April,4.81,4.81
4/16/2024 3:40,April,4.81,4.81
4/16/2024 3:45,April,4.81,4.81
4/16/2024 3:50,April,4.82,4.82
4/16/2024 3:55,April,4.83,4.83
4/16/2024 4:00,April,4.47,4.47
4/16/2024 4:05,April,4.83,4.83
4/16/2024 4:10,April,4.83,4.83
4/16/2024 4:15,April,4.83,4.83
4/16/2024 4:20,April,6.01,6.01
4/16/2024 4:25,April,4.37,4.37
4/16/2024 4:30,April,4.83,4.83
4/16/2024 4:35,April,4.83,4.83
4/16/2024 4:40,April,4.83,4.83
4/16/2024 4:45,April,6.01,6.01
4/16/2024 4:50,April,4.83,4.83
4/16/2024 4:55,April,6.01,6.01
4/16/2024 5:00,April,6.01,6.01
4/16/2024 5:05,April,4.3,4.3
4/16/2024 5:10,April,4.89,4.89
4/16/2024 5:15,April,4.36,4.36
4/16/2024 5:20,April,4.9,4.9
4/16/2024 5:25,April,4.89,4.89
4/16/2024 5:30,April,4.76,4.76
4/16/2024 5:35,April,4.83,4.83
4/16/2024 5:40,April,4.34,4.34
4/16/2024 5:45,April,4.57,4.57
4/16/2024 5:50,April,4.35,4.35
4/16/2024 5:55,April,4.38,4.38
4/16/2024 6:00,April,4.34,4.34
4/16/2024 6:05,April,0,0
4/16/2024 6:10,April,3.64,3.64
4/16/2024 6:15,April,3.92,3.92
4/16/2024 6:20,April,3.94,3.94
4/16/2024 6:25,April,3.94,3.94
4/16/2024 6:30,April,4.41,4.41
4/16/2024 6:35,April,4.11,4.11
4/16/2024 6:40,April,4.11,4.11
4/16/2024 6:45,April,4.34,4.34
4/16/2024 6:50,April,4.24,4.24
4/16/2024 6:55,April,4.34,4.34
4/16/2024 7:00,April,4.33,4.33
4/16/2024 7:05,April,2.41,2.41
4/16/2024 7:10,April,4.11,4.11
4/16/2024 7:15,April,4.12,4.12
4/16/2024 7:20,April,4.12,4.12
4/16/2024 7:25,April,4.34,4.34
4/16/2024 7:30,April,4.34,4.34
4/16/2024 7:35,April,4.34,4.34
4/16/2024 7:40,April,4.87,4.87
4/16/2024 7:45,April,4.86,4.86
4/16/2024 7:50,April,4.85,4.85
4/16/2024 7:55,April,6.36,6.36
4/16/2024 8:00,April,6.36,6.36
4/16/2024 8:05,April,3.8,3.8
4/16/2024 8:10,April,4.87,4.87
4/16/2024 8:15,April,6.36,6.36
4/16/2024 8:20,April,6.36,6.36
4/16/2024 8:25,April,6.36,6.36
4/16/2024 8:30,April,4.9,4.9
4/16/2024 8:35,April,4.89,4.89
4/16/2024 8:40,April,4.89,4.89
4/16/2024 8:45,April,4.89,4.89
4/16/2024 8:50,April,4.9,4.9
4/16/2024 8:55,April,4.89,4.89
4/16/2024 9:00,April,6.36,6.36
4/16/2024 9:05,April,3.75,3.75
4/16/2024 9:10,April,4.64,4.64
4/16/2024 9:15,April,4.34,4.34
4/16/2024 9:20,April,4.67,4.67
4/16/2024 9:25,April,6.36,6.36
4/16/2024 9:30,April,6.36,6.36
4/16/2024 9:35,April,6.36,6.36
4/16/2024 9:40,April,6.36,6.36
4/16/2024 9:45,April,6.36,6.36
4/16/2024 9:50,April,6.36,6.36
4/16/2024 9:55,April,6.36,6.36
4/16/2024 10:00,April,6.36,6.36
4/16/2024 10:05,April,3.28,3.28
4/16/2024 10:10,April,4.33,4.33
4/16/2024 10:15,April,4.9,4.9
4/16/2024 10:20,April,6.36,6.36
4/16/2024 10:25,April,6.37,6.37
4/16/2024 10:30,April,6.36,6.36
4/16/2024 10:35,April,6.36,6.36
4/16/2024 10:40,April,6.36,6.36
4/16/2024 10:45,April,6.36,6.36
4/16/2024 10:50,April,6.36,6.36
4/16/2024 10:55,April,6.36,6.36
4/16/2024 11:00,April,6.36,6.36
4/16/2024 11:05,April,6.36,6.36
4/16/2024 11:10,April,6.36,6.36
4/16/2024 11:15,April,6.36,6.36
4/16/2024 11:20,April,6.36,6.36
4/16/2024 11:25,April,6.36,6.36
4/16/2024 11:30,April,6.36,6.36
4/16/2024 11:35,April,6.36,6.36
4/16/2024 11:40,April,6.36,6.36
4/16/2024 11:45,April,4.93,4.93
4/16/2024 11:50,April,4.93,4.93
4/16/2024 11:55,April,6.36,6.36
4/16/2024 12:00,April,4.32,4.32
4/16/2024 12:05,April,4.93,4.93
4/16/2024 12:10,April,4.94,4.94
4/16/2024 12:15,April,4.94,4.94
4/16/2024 12:20,April,6.37,6.37
4/16/2024 12:25,April,6.37,6.37
4/16/2024 12:30,April,6.37,6.37
4/16/2024 12:35,April,6.36,6.36
4/16/2024 12:40,April,6.36,6.36
4/16/2024 12:45,April,6.36,6.36
4/16/2024 12:50,April,6.37,6.37
4/16/2024 12:55,April,6.37,6.37
4/16/2024 13:00,April,6.37,6.37
4/16/2024 13:05,April,6.37,6.37
4/16/2024 13:10,April,6.37,6.37
4/16/2024 13:15,April,6.37,6.37
4/16/2024 13:20,April,6.37,6.37
4/16/2024 13:25,April,6.37,6.37
4/16/2024 13:30,April,6.37,6.37
4/16/2024 13:35,April,6.37,6.37
4/16/2024 13:40,April,6.37,6.37
4/16/2024 13:45,April,6.37,6.37
4/16/2024 13:50,April,6.37,6.37
4/16/2024 13:55,April,6.37,6.37
4/16/2024 14:00,April,6.36,6.36
4/16/2024 14:05,April,6.36,6.36
4/16/2024 14:10,April,6.36,6.36
4/16/2024 14:15,April,6.36,6.36
4/16/2024 14:20,April,6.36,6.36
4/16/2024 14:25,April,6.36,6.36
4/16/2024 14:30,April,6.36,6.36
4/16/2024 14:35,April,6.36,6.36
4/16/2024 14:40,April,6.36,6.36
4/16/2024 14:45,April,6.36,6.36
4/16/2024 14:50,April,6.36,6.36
4/16/2024 14:55,April,6.36,6.36
4/16/2024 15:00,April,6.36,6.36
4/16/2024 15:05,April,6.36,6.36
4/16/2024 15:10,April,6.36,6.36
4/16/2024 15:15,April,6.36,6.36
4/16/2024 15:20,April,6.36,6.36
4/16/2024 15:25,April,6.36,6.36
4/16/2024 15:30,April,6.36,6.36
4/16/2024 15:35,April,6.36,6.36
4/16/2024 15:40,April,6.36,6.36
4/16/2024 15:45,April,6.36,6.36
4/16/2024 15:50,April,6.36,6.36
4/16/2024 15:55,April,6.36,6.36
4/16/2024 16:00,April,6.36,6.36
4/16/2024 16:05,April,6.36,6.36
4/16/2024 16:10,April,6.36,6.36
4/16/2024 16:15,April,6.36,6.36
4/16/2024 16:20,April,6.16,6.16
4/16/2024 16:25,April,6.16,6.16
4/16/2024 16:30,April,6.16,6.16
4/16/2024 16:35,April,6.16,6.16
4/16/2024 16:40,April,6.16,6.16
4/16/2024 16:45,April,6.16,6.16
4/16/2024 16:50,April,5.69,5.69
4/16/2024 16:55,April,4.82,4.82
4/16/2024 17:00,April,4.07,4.07
4/16/2024 17:05,April,3.94,3.94
4/16/2024 17:10,April,4.1,4.1
4/16/2024 17:15,April,4.27,4.27
4/16/2024 17:20,April,4.53,4.53
4/16/2024 17:25,April,4.71,4.71
4/16/2024 17:30,April,4.47,4.47
4/16/2024 17:35,April,4.41,4.41
4/16/2024 17:40,April,6.36,6.36
4/16/2024 17:45,April,6.36,6.36
4/16/2024 17:50,April,6.36,6.36
4/16/2024 17:55,April,6.36,6.36
4/16/2024 18:00,April,6.36,6.36
4/16/2024 18:05,April,6.36,6.36
4/16/2024 18:10,April,6.37,6.37
4/16/2024 18:15,April,6.37,6.37
4/16/2024 18:20,April,6.37,6.37
4/16/2024 18:25,April,6.37,6.37
4/16/2024 18:30,April,6.37,6.37
4/16/2024 18:35,April,6.37,6.37
4/16/2024 18:40,April,6.36,6.36
4/16/2024 18:45,April,6.36,6.36
4/16/2024 18:50,April,6.36,6.36
4/16/2024 18:55,April,6.37,6.37
4/16/2024 19:00,April,6.36,6.36
4/16/2024 19:05,April,6.37,6.37
4/16/2024 19:10,April,6.37,6.37
4/16/2024 19:15,April,6.37,6.37
4/16/2024 19:20,April,6.37,6.37
4/16/2024 19:25,April,6.37,6.37
4/16/2024 19:30,April,6.37,6.37
4/16/2024 19:35,April,6.37,6.37
4/16/2024 19:40,April,6.37,6.37
4/16/2024 19:45,April,6.37,6.37
4/16/2024 19:50,April,6.37,6.37
4/16/2024 19:55,April,6.37,6.37
4/16/2024 20:00,April,6.37,6.37
4/16/2024 20:05,April,6.36,6.36
4/16/2024 20:10,April,6.36,6.36
4/16/2024 20:15,April,6.36,6.36
4/16/2024 20:20,April,6.36,6.36
4/16/2024 20:25,April,6.36,6.36
4/16/2024 20:30,April,6.36,6.36
4/16/2024 20:35,April,6.36,6.36
4/16/2024 20:40,April,6.36,6.36
4/16/2024 20:45,April,6.36,6.36
4/16/2024 20:50,April,6.36,6.36
4/16/2024 20:55,April,6.36,6.36
4/16/2024 21:00,April,6.36,6.36
4/16/2024 21:05,April,6.36,6.36
4/16/2024 21:10,April,6.36,6.36
4/16/2024 21:15,April,6.37,6.37
4/16/2024 21:20,April,6.37,6.37
4/16/2024 21:25,April,6.37,6.37
4/16/2024 21:30,April,6.37,6.37
4/16/2024 21:35,April,6.37,6.37
4/16/2024 21:40,April,6.36,6.36
4/16/2024 21:45,April,6.36,6.36
4/16/2024 21:50,April,6.37,6.37
4/16/2024 21:55,April,6.37,6.37
4/16/2024 22:00,April,6.36,6.36
4/16/2024 22:05,April,6.37,6.37
4/16/2024 22:10,April,6.37,6.37
4/16/2024 22:15,April,6.37,6.37
4/16/2024 22:20,April,6.37,6.37
4/16/2024 22:25,April,6.37,6.37
4/16/2024 22:30,April,6.37,6.37
4/16/2024 22:35,April,6.37,6.37
4/16/2024 22:40,April,6.37,6.37
4/16/2024 22:45,April,6.37,6.37
4/16/2024 22:50,April,6.37,6.37
4/16/2024 22:55,April,6.37,6.37
4/16/2024 23:00,April,6.37,6.37
4/16/2024 23:05,April,6.37,6.37
4/16/2024 23:10,April,6.37,6.37
4/16/2024 23:15,April,6.37,6.37
4/16/2024 23:20,April,6.37,6.37
4/16/2024 23:25,April,6.37,6.37
4/16/2024 23:30,April,6.37,6.37
4/16/2024 23:35,April,6.37,6.37
4/16/2024 23:40,April,5.88,5.88
4/16/2024 23:45,April,6.37,6.37
4/16/2024 23:50,April,6.37,6.37
4/16/2024 23:55,April,6.37,6.37
4/17/2024 0:00,April,6.37,6.37
4/17/2024 0:05,April,6.37,6.37
4/17/2024 0:10,April,6.37,6.37
4/17/2024 0:15,April,6.37,6.37
4/17/2024 0:20,April,6.37,6.37
4/17/2024 0:25,April,6.03,6.03
4/17/2024 0:30,April,6.03,6.03
4/17/2024 0:35,April,6.03,6.03
4/17/2024 0:40,April,6.03,6.03
4/17/2024 0:45,April,6.03,6.03
4/17/2024 0:50,April,6.03,6.03
4/17/2024 0:55,April,5.99,5.99
4/17/2024 1:00,April,6.03,6.03
4/17/2024 1:05,April,6.04,6.04
4/17/2024 1:10,April,6.03,6.03
4/17/2024 1:15,April,6.03,6.03
4/17/2024 1:20,April,6.03,6.03
4/17/2024 1:25,April,6.03,6.03
4/17/2024 1:30,April,6.03,6.03
4/17/2024 1:35,April,4.87,4.87
4/17/2024 1:40,April,4.86,4.86
4/17/2024 1:45,April,6.03,6.03
4/17/2024 1:50,April,4.87,4.87
4/17/2024 1:55,April,4.85,4.85
4/17/2024 2:00,April,4.86,4.86
4/17/2024 2:05,April,4.87,4.87
4/17/2024 2:10,April,3.58,3.58
4/17/2024 2:15,April,4.27,4.27
4/17/2024 2:20,April,4.64,4.64
4/17/2024 2:25,April,4.37,4.37
4/17/2024 2:30,April,4.81,4.81
4/17/2024 2:35,April,4.91,4.91
4/17/2024 2:40,April,4.64,4.64
4/17/2024 2:45,April,4.76,4.76
4/17/2024 2:50,April,4.75,4.75
4/17/2024 2:55,April,4.52,4.52
4/17/2024 3:00,April,4.37,4.37
4/17/2024 3:05,April,4.57,4.57
4/17/2024 3:10,April,4.57,4.57
4/17/2024 3:15,April,4.57,4.57
4/17/2024 3:20,April,4.53,4.53
4/17/2024 3:25,April,4.37,4.37
4/17/2024 3:30,April,4.33,4.33
4/17/2024 3:35,April,4.37,4.37
4/17/2024 3:40,April,4.37,4.37
4/17/2024 3:45,April,4.5,4.5
4/17/2024 3:50,April,4.47,4.47
4/17/2024 3:55,April,4.46,4.46
4/17/2024 4:00,April,4.45,4.45
4/17/2024 4:05,April,4.46,4.46
4/17/2024 4:10,April,4.47,4.47
4/17/2024 4:15,April,4.47,4.47
4/17/2024 4:20,April,4.47,4.47
4/17/2024 4:25,April,4.47,4.47
4/17/2024 4:30,April,4.47,4.47
4/17/2024 4:35,April,4.47,4.47
4/17/2024 4:40,April,4.39,4.39
4/17/2024 4:45,April,4.4,4.4
4/17/2024 4:50,April,4.39,4.39
4/17/2024 4:55,April,4.4,4.4
4/17/2024 5:00,April,4.37,4.37
4/17/2024 5:05,April,3.59,3.59
4/17/2024 5:10,April,4.36,4.36
4/17/2024 5:15,April,4.37,4.37
4/17/2024 5:20,April,4.39,4.39
4/17/2024 5:25,April,4.37,4.37
4/17/2024 5:30,April,4.38,4.38
4/17/2024 5:35,April,4.37,4.37
4/17/2024 5:40,April,4.36,4.36
4/17/2024 5:45,April,4.39,4.39
4/17/2024 5:50,April,3.4,3.4
4/17/2024 5:55,April,3.8,3.8
4/17/2024 6:00,April,3.93,3.93
4/17/2024 6:05,April,0,0
4/17/2024 6:10,April,2.75,2.75
4/17/2024 6:15,April,3.4,3.4
4/17/2024 6:20,April,2.89,2.89
4/17/2024 6:25,April,3.36,3.36
4/17/2024 6:30,April,3.4,3.4
4/17/2024 6:35,April,3.48,3.48
4/17/2024 6:40,April,3.39,3.39
4/17/2024 6:45,April,3.37,3.37
4/17/2024 6:50,April,3.14,3.14
4/17/2024 6:55,April,3.27,3.27
4/17/2024 7:00,April,3.49,3.49
4/17/2024 7:05,April,-1,-1
4/17/2024 7:10,April,0,0
4/17/2024 7:15,April,2.89,2.89
4/17/2024 7:20,April,2.74,2.74
4/17/2024 7:25,April,3.86,3.86
4/17/2024 7:30,April,3.78,3.78
4/17/2024 7:35,April,3.78,3.78
4/17/2024 7:40,April,4.31,4.31
4/17/2024 7:45,April,4.1,4.1
4/17/2024 7:50,April,4.31,4.31
4/17/2024 7:55,April,4.1,4.1
4/17/2024 8:00,April,6.35,6.35
4/17/2024 8:05,April,3.18,3.18
4/17/2024 8:10,April,4.12,4.12
4/17/2024 8:15,April,4.92,4.92
4/17/2024 8:20,April,4.92,4.92
4/17/2024 8:25,April,4.35,4.35
4/17/2024 8:30,April,4.36,4.36
4/17/2024 8:35,April,4.34,4.34
4/17/2024 8:40,April,4.35,4.35
4/17/2024 8:45,April,4.35,4.35
4/17/2024 8:50,April,4.34,4.34
4/17/2024 8:55,April,4.34,4.34
4/17/2024 9:00,April,4.92,4.92
4/17/2024 9:05,April,2.35,2.35
4/17/2024 9:10,April,3.23,3.23
4/17/2024 9:15,April,3.24,3.24
4/17/2024 9:20,April,3.43,3.43
4/17/2024 9:25,April,4.35,4.35
4/17/2024 9:30,April,4.35,4.35
4/17/2024 9:35,April,3.91,3.91
4/17/2024 9:40,April,4.35,4.35
4/17/2024 9:45,April,3.85,3.85
4/17/2024 9:50,April,4.92,4.92
4/17/2024 9:55,April,4.91,4.91
4/17/2024 10:00,April,4.92,4.92
4/17/2024 10:05,April,3.61,3.61
4/17/2024 10:10,April,4.34,4.34
4/17/2024 10:15,April,4.91,4.91
4/17/2024 10:20,April,4.94,4.94
4/17/2024 10:25,April,6.36,6.36
4/17/2024 10:30,April,6.36,6.36
4/17/2024 10:35,April,4.94,4.94
4/17/2024 10:40,April,6.37,6.37
4/17/2024 10:45,April,4.97,4.97
4/17/2024 10:50,April,6.37,6.37
4/17/2024 10:55,April,4.95,4.95
4/17/2024 11:00,April,4.96,4.96
4/17/2024 11:05,April,4.34,4.34
4/17/2024 11:10,April,4.1,4.1
4/17/2024 11:15,April,4.95,4.95
4/17/2024 11:20,April,4.97,4.97
4/17/2024 11:25,April,3.61,3.61
4/17/2024 11:30,April,4.09,4.09
4/17/2024 11:35,April,4.1,4.1
4/17/2024 11:40,April,3.62,3.62
4/17/2024 11:45,April,3.63,3.63
4/17/2024 11:50,April,4.11,4.11
4/17/2024 11:55,April,4.11,4.11
4/17/2024 12:00,April,3.26,3.26
4/17/2024 12:05,April,3.4,3.4
4/17/2024 12:10,April,3.88,3.88
4/17/2024 12:15,April,3.42,3.42
4/17/2024 12:20,April,4.1,4.1
4/17/2024 12:25,April,4.34,4.34
4/17/2024 12:30,April,4.92,4.92
4/17/2024 12:35,April,4.93,4.93
4/17/2024 12:40,April,6.37,6.37
4/17/2024 12:45,April,6.37,6.37
4/17/2024 12:50,April,4.98,4.98
4/17/2024 12:55,April,6.37,6.37
4/17/2024 13:00,April,6.37,6.37
4/17/2024 13:05,April,6.37,6.37
4/17/2024 13:10,April,6.37,6.37
4/17/2024 13:15,April,6.37,6.37
4/17/2024 13:20,April,6.37,6.37
4/17/2024 13:25,April,6.37,6.37
4/17/2024 13:30,April,6.37,6.37
4/17/2024 13:35,April,6.37,6.37
4/17/2024 13:40,April,6.37,6.37
4/17/2024 13:45,April,6.37,6.37
4/17/2024 13:50,April,6.37,6.37
4/17/2024 13:55,April,6.37,6.37
4/17/2024 14:00,April,6.37,6.37
4/17/2024 14:05,April,6.37,6.37
4/17/2024 14:10,April,6.37,6.37
4/17/2024 14:15,April,6.37,6.37
4/17/2024 14:20,April,6.37,6.37
4/17/2024 14:25,April,6.37,6.37
4/17/2024 14:30,April,6.37,6.37
4/17/2024 14:35,April,6.37,6.37
4/17/2024 14:40,April,6.37,6.37
4/17/2024 14:45,April,6.37,6.37
4/17/2024 14:50,April,6.37,6.37
4/17/2024 14:55,April,6.37,6.37
4/17/2024 15:00,April,6.37,6.37
4/17/2024 15:05,April,6.36,6.36
4/17/2024 15:10,April,6.36,6.36
4/17/2024 15:15,April,6.36,6.36
4/17/2024 15:20,April,6.36,6.36
4/17/2024 15:25,April,6.36,6.36
4/17/2024 15:30,April,6.36,6.36
4/17/2024 15:35,April,6.36,6.36
4/17/2024 15:40,April,32.6,32.6
4/17/2024 15:45,April,32.59,32.59
4/17/2024 15:50,April,32.58,32.58
4/17/2024 15:55,April,6.36,6.36
4/17/2024 16:00,April,6.36,6.36
4/17/2024 16:05,April,32.58,32.58
4/17/2024 16:10,April,32.58,32.58
4/17/2024 16:15,April,32.58,32.58
4/17/2024 16:20,April,6.36,6.36
4/17/2024 16:25,April,6.36,6.36
4/17/2024 16:30,April,32.57,32.57
4/17/2024 16:35,April,32.58,32.58
4/17/2024 16:40,April,6.36,6.36
4/17/2024 16:45,April,6.36,6.36
4/17/2024 16:50,April,6.36,6.36
4/17/2024 16:55,April,6.36,6.36
4/17/2024 17:00,April,6.36,6.36
4/17/2024 17:05,April,6.36,6.36
4/17/2024 17:10,April,6.36,6.36
4/17/2024 17:15,April,6.36,6.36
4/17/2024 17:20,April,6.36,6.36
4/17/2024 17:25,April,6.36,6.36
4/17/2024 17:30,April,6.36,6.36
4/17/2024 17:35,April,6.36,6.36
4/17/2024 17:40,April,6.36,6.36
4/17/2024 17:45,April,6.36,6.36
4/17/2024 17:50,April,6.36,6.36
4/17/2024 17:55,April,6.36,6.36
4/17/2024 18:00,April,6.36,6.36
4/17/2024 18:05,April,6.37,6.37
4/17/2024 18:10,April,6.37,6.37
4/17/2024 18:15,April,6.37,6.37
4/17/2024 18:20,April,32.63,32.63
4/17/2024 18:25,April,32.63,32.63
4/17/2024 18:30,April,6.37,6.37
4/17/2024 18:35,April,6.37,6.37
4/17/2024 18:40,April,6.37,6.37
4/17/2024 18:45,April,32.62,32.62
4/17/2024 18:50,April,32.62,32.62
4/17/2024 18:55,April,6.37,6.37
4/17/2024 19:00,April,6.37,6.37
4/17/2024 19:05,April,6.37,6.37
4/17/2024 19:10,April,6.37,6.37
4/17/2024 19:15,April,6.37,6.37
4/17/2024 19:20,April,6.37,6.37
4/17/2024 19:25,April,6.37,6.37
4/17/2024 19:30,April,32.63,32.63
4/17/2024 19:35,April,32.63,32.63
4/17/2024 19:40,April,32.62,32.62
4/17/2024 19:45,April,6.37,6.37
4/17/2024 19:50,April,6.37,6.37
4/17/2024 19:55,April,6.37,6.37
4/17/2024 20:00,April,32.62,32.62
4/17/2024 20:05,April,32.59,32.59
4/17/2024 20:10,April,6.36,6.36
4/17/2024 20:15,April,6.36,6.36
4/17/2024 20:20,April,6.36,6.36
4/17/2024 20:25,April,32.59,32.59
4/17/2024 20:30,April,32.59,32.59
4/17/2024 20:35,April,32.59,32.59
4/17/2024 20:40,April,32.58,32.58
4/17/2024 20:45,April,32.58,32.58
4/17/2024 20:50,April,6.36,6.36
4/17/2024 20:55,April,6.37,6.37
4/17/2024 21:00,April,6.36,6.36
4/17/2024 21:05,April,32.59,32.59
4/17/2024 21:10,April,32.59,32.59
4/17/2024 21:15,April,6.36,6.36
4/17/2024 21:20,April,6.36,6.36
4/17/2024 21:25,April,6.36,6.36
4/17/2024 21:30,April,6.36,6.36
4/17/2024 21:35,April,32.58,32.58
4/17/2024 21:40,April,32.59,32.59
4/17/2024 21:45,April,6.36,6.36
4/17/2024 21:50,April,6.36,6.36
4/17/2024 21:55,April,6.36,6.36
4/17/2024 22:00,April,32.61,32.61
4/17/2024 22:05,April,32.6,32.6
4/17/2024 22:10,April,6.36,6.36
4/17/2024 22:15,April,6.36,6.36
4/17/2024 22:20,April,6.37,6.37
4/17/2024 22:25,April,6.37,6.37
4/17/2024 22:30,April,6.37,6.37
4/17/2024 22:35,April,32.62,32.62
4/17/2024 22:40,April,32.62,32.62
4/17/2024 22:45,April,6.37,6.37
4/17/2024 22:50,April,6.37,6.37
4/17/2024 22:55,April,6.37,6.37
4/17/2024 23:00,April,6.37,6.37
4/17/2024 23:05,April,6.37,6.37
4/17/2024 23:10,April,6.37,6.37
4/17/2024 23:15,April,6.37,6.37
4/17/2024 23:20,April,6.37,6.37
4/17/2024 23:25,April,6.37,6.37
4/17/2024 23:30,April,6.37,6.37
4/17/2024 23:35,April,6.37,6.37
4/17/2024 23:40,April,6.37,6.37
4/17/2024 23:45,April,13.65,13.5
4/17/2024 23:50,April,6.38,6.38
4/17/2024 23:55,April,6.37,6.37
4/18/2024 0:00,April,6.37,6.37
4/18/2024 0:05,April,6.37,6.37
4/18/2024 0:10,April,6.37,6.37
4/18/2024 0:15,April,6.37,6.37
4/18/2024 0:20,April,6.37,6.37
4/18/2024 0:25,April,6.37,6.37
4/18/2024 0:30,April,6.37,6.37
4/18/2024 0:35,April,6.37,6.37
4/18/2024 0:40,April,6.37,6.37
4/18/2024 0:45,April,6.37,6.37
4/18/2024 0:50,April,5.29,5.29
4/18/2024 0:55,April,5.07,5.07
4/18/2024 1:00,April,4.94,4.94
4/18/2024 1:05,April,6.37,6.37
4/18/2024 1:10,April,6.37,6.37
4/18/2024 1:15,April,5.14,5.14
4/18/2024 1:20,April,6.37,6.37
4/18/2024 1:25,April,4.43,4.43
4/18/2024 1:30,April,5.1,5.1
4/18/2024 1:35,April,6.37,6.37
4/18/2024 1:40,April,4.36,4.36
4/18/2024 1:45,April,5.12,5.12
4/18/2024 1:50,April,6.37,6.37
4/18/2024 1:55,April,6.37,6.37
4/18/2024 2:00,April,6.37,6.37
4/18/2024 2:05,April,6.37,6.37
4/18/2024 2:10,April,6.37,6.37
4/18/2024 2:15,April,5.06,5.06
4/18/2024 2:20,April,6.37,6.37
4/18/2024 2:25,April,5.13,5.13
4/18/2024 2:30,April,6.37,6.37
4/18/2024 2:35,April,5.04,5.04
4/18/2024 2:40,April,5.05,5.05
4/18/2024 2:45,April,5.04,5.04
4/18/2024 2:50,April,4.6,4.6
4/18/2024 2:55,April,5.03,5.03
4/18/2024 3:00,April,5.03,5.03
4/18/2024 3:05,April,5.03,5.03
4/18/2024 3:10,April,6.37,6.37
4/18/2024 3:15,April,5.04,5.04
4/18/2024 3:20,April,6.37,6.37
4/18/2024 3:25,April,6.37,6.37
4/18/2024 3:30,April,4.36,4.36
4/18/2024 3:35,April,5.03,5.03
4/18/2024 3:40,April,5.03,5.03
4/18/2024 3:45,April,5.02,5.02
4/18/2024 3:50,April,5,5
4/18/2024 3:55,April,5,5
4/18/2024 4:00,April,4.44,4.44
4/18/2024 4:05,April,4.99,4.99
4/18/2024 4:10,April,4.99,4.99
4/18/2024 4:15,April,4.99,4.99
4/18/2024 4:20,April,4.98,4.98
4/18/2024 4:25,April,4.98,4.98
4/18/2024 4:30,April,4.71,4.71
4/18/2024 4:35,April,4.63,4.63
4/18/2024 4:40,April,4.63,4.63
4/18/2024 4:45,April,4.96,4.96
4/18/2024 4:50,April,4.64,4.64
4/18/2024 4:55,April,4.96,4.96
4/18/2024 5:00,April,4.69,4.69
4/18/2024 5:05,April,3.39,3.39
4/18/2024 5:10,April,4.35,4.35
4/18/2024 5:15,April,4.93,4.93
4/18/2024 5:20,April,4.66,4.66
4/18/2024 5:25,April,4.65,4.65
4/18/2024 5:30,April,4.66,4.66
4/18/2024 5:35,April,4.35,4.35
4/18/2024 5:40,April,4.35,4.35
4/18/2024 5:45,April,4.35,4.35
4/18/2024 5:50,April,3.67,3.67
4/18/2024 5:55,April,3.76,3.76
4/18/2024 6:00,April,3.76,3.76
4/18/2024 6:05,April,0,0
4/18/2024 6:10,April,2.41,2.41
4/18/2024 6:15,April,2.91,2.91
4/18/2024 6:20,April,3.26,3.26
4/18/2024 6:25,April,3.25,3.25
4/18/2024 6:30,April,3.27,3.27
4/18/2024 6:35,April,3.38,3.38
4/18/2024 6:40,April,3.27,3.27
4/18/2024 6:45,April,3.27,3.27
4/18/2024 6:50,April,3.27,3.27
4/18/2024 6:55,April,3.25,3.25
4/18/2024 7:00,April,3.69,3.69
4/18/2024 7:05,April,0,0
4/18/2024 7:10,April,2.74,2.74
4/18/2024 7:15,April,3.49,3.49
4/18/2024 7:20,April,3.23,3.23
4/18/2024 7:25,April,2.89,2.89
4/18/2024 7:30,April,4.32,4.32
4/18/2024 7:35,April,4.11,4.11
4/18/2024 7:40,April,4.31,4.31
4/18/2024 7:45,April,4.31,4.31
4/18/2024 7:50,April,4.31,4.31
4/18/2024 7:55,April,4.93,4.93
4/18/2024 8:00,April,4.95,4.95
4/18/2024 8:05,April,2.92,2.92
4/18/2024 8:10,April,4.44,4.44
4/18/2024 8:15,April,4.94,4.94
4/18/2024 8:20,April,4.93,4.93
4/18/2024 8:25,April,4.93,4.93
4/18/2024 8:30,April,4.93,4.93
4/18/2024 8:35,April,6.36,6.36
4/18/2024 8:40,April,4.94,4.94
4/18/2024 8:45,April,4.94,4.94
4/18/2024 8:50,April,4.93,4.93
4/18/2024 8:55,April,4.93,4.93
4/18/2024 9:00,April,4.95,4.95
4/18/2024 9:05,April,0.76,0.76
4/18/2024 9:10,April,3.02,3.02
4/18/2024 9:15,April,3.76,3.76
4/18/2024 9:20,April,3.77,3.77
4/18/2024 9:25,April,4.95,4.95
4/18/2024 9:30,April,4.68,4.68
4/18/2024 9:35,April,4.36,4.36
4/18/2024 9:40,April,4.36,4.36
4/18/2024 9:45,April,4.92,4.92
4/18/2024 9:50,April,6.36,6.36
4/18/2024 9:55,April,4.93,4.93
4/18/2024 10:00,April,4.93,4.93
4/18/2024 10:05,April,4.12,4.12
4/18/2024 10:10,April,4.68,4.68
4/18/2024 10:15,April,4.35,4.35
4/18/2024 10:20,April,4.97,4.97
4/18/2024 10:25,April,6.37,6.37
4/18/2024 10:30,April,4.99,4.99
4/18/2024 10:35,April,4.99,4.99
4/18/2024 10:40,April,5.34,5.34
4/18/2024 10:45,April,5.35,5.35
4/18/2024 10:50,April,5.35,5.35
4/18/2024 10:55,April,3.84,3.84
4/18/2024 11:00,April,4.87,4.87
4/18/2024 11:05,April,4.88,4.88
4/18/2024 11:10,April,4.87,4.87
4/18/2024 11:15,April,5.34,5.34
4/18/2024 11:20,April,5.34,5.34
4/18/2024 11:25,April,5.35,5.35
4/18/2024 11:30,April,5.34,5.34
4/18/2024 11:35,April,5.35,5.35
4/18/2024 11:40,April,5.34,5.34
4/18/2024 11:45,April,5.34,5.34
4/18/2024 11:50,April,5.34,5.34
4/18/2024 11:55,April,5.34,5.34
4/18/2024 12:00,April,4.87,4.87
4/18/2024 12:05,April,3.16,3.16
4/18/2024 12:10,April,4.1,4.1
4/18/2024 12:15,April,4.34,4.34
4/18/2024 12:20,April,4.99,4.99
4/18/2024 12:25,April,4.99,4.99
4/18/2024 12:30,April,5.34,5.34
4/18/2024 12:35,April,6.37,6.37
4/18/2024 12:40,April,6.37,6.37
4/18/2024 12:45,April,6.37,6.37
4/18/2024 12:50,April,6.37,6.37
4/18/2024 12:55,April,6.37,6.37
4/18/2024 13:00,April,6.37,6.37
4/18/2024 13:05,April,6.37,6.37
4/18/2024 13:10,April,6.37,6.37
4/18/2024 13:15,April,6.37,6.37
4/18/2024 13:20,April,23.96,23.81
4/18/2024 13:25,April,24.01,23.85
4/18/2024 13:30,April,30.51,30.3
4/18/2024 13:35,April,24.02,23.85
4/18/2024 13:40,April,6.37,6.37
4/18/2024 13:45,April,6.37,6.37
4/18/2024 13:50,April,24,23.84
4/18/2024 13:55,April,24.01,23.84
4/18/2024 14:00,April,24.04,23.87
4/18/2024 14:05,April,32.64,32.64
4/18/2024 14:10,April,32.64,32.64
4/18/2024 14:15,April,32.64,32.64
4/18/2024 14:20,April,32.64,32.64
4/18/2024 14:25,April,32.63,32.63
4/18/2024 14:30,April,32.63,32.63
4/18/2024 14:35,April,32.63,32.63
4/18/2024 14:40,April,32.63,32.63
4/18/2024 14:45,April,32.63,32.63
4/18/2024 14:50,April,32.62,32.62
4/18/2024 14:55,April,32.62,32.62
4/18/2024 15:00,April,32.62,32.62
4/18/2024 15:05,April,32.58,32.58
4/18/2024 15:10,April,32.58,32.58
4/18/2024 15:15,April,32.58,32.58
4/18/2024 15:20,April,32.58,32.58
4/18/2024 15:25,April,32.58,32.58
4/18/2024 15:30,April,27.94,22.34
4/18/2024 15:35,April,27.56,22.34
4/18/2024 15:40,April,27.96,22.34
4/18/2024 15:45,April,27.95,22.35
4/18/2024 15:50,April,32.58,32.58
4/18/2024 15:55,April,32.57,32.57
4/18/2024 16:00,April,32.57,32.57
4/18/2024 16:05,April,32.56,32.56
4/18/2024 16:10,April,27.31,22.39
4/18/2024 16:15,April,32.57,32.57
4/18/2024 16:20,April,32.57,32.57
4/18/2024 16:25,April,32.57,32.57
4/18/2024 16:30,April,32.56,32.56
4/18/2024 16:35,April,32.56,32.56
4/18/2024 16:40,April,32.56,32.56
4/18/2024 16:45,April,32.56,32.56
4/18/2024 16:50,April,32.55,32.55
4/18/2024 16:55,April,32.56,32.56
4/18/2024 17:00,April,21.37,21.37
4/18/2024 17:05,April,20.88,20.88
4/18/2024 17:10,April,11.98,11.83
4/18/2024 17:15,April,6.36,6.36
4/18/2024 17:20,April,20.38,20.38
4/18/2024 17:25,April,20.38,20.38
4/18/2024 17:30,April,18.34,18.34
4/18/2024 17:35,April,6.36,6.36
4/18/2024 17:40,April,6.37,6.37
4/18/2024 17:45,April,18.18,18.18
4/18/2024 17:50,April,20.39,20.39
4/18/2024 17:55,April,32.62,32.62
4/18/2024 18:00,April,11.99,11.85
4/18/2024 18:05,April,6.36,6.36
4/18/2024 18:10,April,6.36,6.36
4/18/2024 18:15,April,20.93,20.65
4/18/2024 18:20,April,20.97,20.68
4/18/2024 18:25,April,30.46,30.46
4/18/2024 18:30,April,30.46,30.46
4/18/2024 18:35,April,30.47,30.47
4/18/2024 18:40,April,30.48,30.48
4/18/2024 18:45,April,30.48,30.48
4/18/2024 18:50,April,30.48,30.48
4/18/2024 18:55,April,21.83,21.89
4/18/2024 19:00,April,21.77,21.84
4/18/2024 19:05,April,23.47,22.22
4/18/2024 19:10,April,21.81,21.87
4/18/2024 19:15,April,10.49,10.32
4/18/2024 19:20,April,21.43,21.43
4/18/2024 19:25,April,21.43,21.43
4/18/2024 19:30,April,21.43,21.43
4/18/2024 19:35,April,21.43,21.43
4/18/2024 19:40,April,21.44,21.44
4/18/2024 19:45,April,21.44,21.44
4/18/2024 19:50,April,21.44,21.44
4/18/2024 19:55,April,21.43,21.43
4/18/2024 20:00,April,21.44,21.44
4/18/2024 20:05,April,30.47,30.47
4/18/2024 20:10,April,30.48,30.48
4/18/2024 20:15,April,32.63,32.63
4/18/2024 20:20,April,32.62,32.62
4/18/2024 20:25,April,32.62,32.62
4/18/2024 20:30,April,32.61,32.61
4/18/2024 20:35,April,30.45,30.45
4/18/2024 20:40,April,30.45,30.45
4/18/2024 20:45,April,30.45,30.45
4/18/2024 20:50,April,30.45,30.45
4/18/2024 20:55,April,30.45,30.45
4/18/2024 21:00,April,30.45,30.45
4/18/2024 21:05,April,32.6,32.6
4/18/2024 21:10,April,32.6,32.6
4/18/2024 21:15,April,30.44,30.44
4/18/2024 21:20,April,30.44,30.44
4/18/2024 21:25,April,32.59,32.59
4/18/2024 21:30,April,32.6,32.6
4/18/2024 21:35,April,32.6,32.6
4/18/2024 21:40,April,30.43,30.43
4/18/2024 21:45,April,30.44,30.44
4/18/2024 21:50,April,32.62,32.62
4/18/2024 21:55,April,20.39,20.39
4/18/2024 22:00,April,20.39,20.39
4/18/2024 22:05,April,33.57,33.14
4/18/2024 22:10,April,20.39,20.39
4/18/2024 22:15,April,20.38,20.38
4/18/2024 22:20,April,20.39,20.39
4/18/2024 22:25,April,20.39,20.39
4/18/2024 22:30,April,20.4,20.4
4/18/2024 22:35,April,32.63,32.63
4/18/2024 22:40,April,20.4,20.4
4/18/2024 22:45,April,32.64,32.64
4/18/2024 22:50,April,20.4,20.4
4/18/2024 22:55,April,15.3,15.3
4/18/2024 23:00,April,15.31,15.31
4/18/2024 23:05,April,6.37,6.37
4/18/2024 23:10,April,6.38,6.38
4/18/2024 23:15,April,6.37,6.37
4/18/2024 23:20,April,6.38,6.38
4/18/2024 23:25,April,6.37,6.37
4/18/2024 23:30,April,6.38,6.38
4/18/2024 23:35,April,6.38,6.38
4/18/2024 23:40,April,6.38,6.38
4/18/2024 23:45,April,6.38,6.38
4/18/2024 23:50,April,6.38,6.38
4/18/2024 23:55,April,6.38,6.38
4/19/2024 0:00,April,6.38,6.38
4/19/2024 0:05,April,6.38,6.38
4/19/2024 0:10,April,6.38,6.38
4/19/2024 0:15,April,6.38,6.38
4/19/2024 0:20,April,6.38,6.38
4/19/2024 0:25,April,6.38,6.38
4/19/2024 0:30,April,6.38,6.38
4/19/2024 0:35,April,6.38,6.38
4/19/2024 0:40,April,6.38,6.38
4/19/2024 0:45,April,6.38,6.38
4/19/2024 0:50,April,6.38,6.38
4/19/2024 0:55,April,6.38,6.38
4/19/2024 1:00,April,5.06,5.06
4/19/2024 1:05,April,6.38,6.38
4/19/2024 1:10,April,6.38,6.38
4/19/2024 1:15,April,6.38,6.38
4/19/2024 1:20,April,6.38,6.38
4/19/2024 1:25,April,5.02,5.02
4/19/2024 1:30,April,5.05,5.05
4/19/2024 1:35,April,5.73,5.73
4/19/2024 1:40,April,5.02,5.02
4/19/2024 1:45,April,5.03,5.03
4/19/2024 1:50,April,4.85,4.85
4/19/2024 1:55,April,5.03,5.03
4/19/2024 2:00,April,5.01,5.01
4/19/2024 2:05,April,4.84,4.84
4/19/2024 2:10,April,5.03,5.03
4/19/2024 2:15,April,5.01,5.01
4/19/2024 2:20,April,5.02,5.02
4/19/2024 2:25,April,5,5
4/19/2024 2:30,April,4.98,4.98
4/19/2024 2:35,April,4.98,4.98
4/19/2024 2:40,April,4.86,4.86
4/19/2024 2:45,April,4.79,4.79
4/19/2024 2:50,April,4.54,4.54
4/19/2024 2:55,April,4.38,4.38
4/19/2024 3:00,April,4.39,4.39
4/19/2024 3:05,April,4.63,4.63
4/19/2024 3:10,April,4.73,4.73
4/19/2024 3:15,April,4.94,4.94
4/19/2024 3:20,April,5.07,5.07
4/19/2024 3:25,April,4.95,4.95
4/19/2024 3:30,April,4.8,4.8
4/19/2024 3:35,April,4.94,4.94
4/19/2024 3:40,April,4.87,4.87
4/19/2024 3:45,April,4.85,4.85
4/19/2024 3:50,April,4.85,4.85
4/19/2024 3:55,April,4.85,4.85
4/19/2024 4:00,April,4.35,4.35
4/19/2024 4:05,April,4.63,4.63
4/19/2024 4:10,April,4.81,4.81
4/19/2024 4:15,April,4.84,4.84
4/19/2024 4:20,April,4.89,4.89
4/19/2024 4:25,April,4.85,4.85
4/19/2024 4:30,April,4.42,4.42
4/19/2024 4:35,April,4.65,4.65
4/19/2024 4:40,April,4.65,4.65
4/19/2024 4:45,April,4.85,4.85
4/19/2024 4:50,April,4.86,4.86
4/19/2024 4:55,April,4.94,4.94
4/19/2024 5:00,April,4.85,4.85
4/19/2024 5:05,April,4.79,4.79
4/19/2024 5:10,April,4.87,4.87
4/19/2024 5:15,April,4.93,4.93
4/19/2024 5:20,April,4.93,4.93
4/19/2024 5:25,April,4.86,4.86
4/19/2024 5:30,April,4.86,4.86
4/19/2024 5:35,April,4.7,4.7
4/19/2024 5:40,April,4.59,4.59
4/19/2024 5:45,April,4.59,4.59
4/19/2024 5:50,April,4.37,4.37
4/19/2024 5:55,April,4.34,4.34
4/19/2024 6:00,April,4.12,4.12
4/19/2024 6:05,April,0,0
4/19/2024 6:10,April,2.38,2.38
4/19/2024 6:15,April,3.35,3.35
4/19/2024 6:20,April,3.35,3.35
4/19/2024 6:25,April,2.89,2.89
4/19/2024 6:30,April,3.37,3.37
4/19/2024 6:35,April,3.32,3.32
4/19/2024 6:40,April,3.56,3.56
4/19/2024 6:45,April,3.36,3.36
4/19/2024 6:50,April,3.58,3.58
4/19/2024 6:55,April,4.1,4.1
4/19/2024 7:00,April,3.76,3.76
4/19/2024 7:05,April,0,0
4/19/2024 7:10,April,3.37,3.37
4/19/2024 7:15,April,3.71,3.71
4/19/2024 7:20,April,3.72,3.72
4/19/2024 7:25,April,4.1,4.1
4/19/2024 7:30,April,4.1,4.1
4/19/2024 7:35,April,3.76,3.76
4/19/2024 7:40,April,4.91,4.91
4/19/2024 7:45,April,4.85,4.85
4/19/2024 7:50,April,4.42,4.42
4/19/2024 7:55,April,4.92,4.92
4/19/2024 8:00,April,4.93,4.93
4/19/2024 8:05,April,3.37,3.37
4/19/2024 8:10,April,4.34,4.31
4/19/2024 8:15,April,25.37,25.18
4/19/2024 8:20,April,25.7,25.52
4/19/2024 8:25,April,6.37,6.37
4/19/2024 8:30,April,6.37,6.37
4/19/2024 8:35,April,4.4,4.4
4/19/2024 8:40,April,4.93,4.93
4/19/2024 8:45,April,4.93,4.93
4/19/2024 8:50,April,4.93,4.93
4/19/2024 8:55,April,6.37,6.37
4/19/2024 9:00,April,6.37,6.37
4/19/2024 9:05,April,1.23,1.23
4/19/2024 9:10,April,4.12,4.12
4/19/2024 9:15,April,3.82,3.82
4/19/2024 9:20,April,5.3,5.3
4/19/2024 9:25,April,5.29,5.29
4/19/2024 9:30,April,5.3,5.3
4/19/2024 9:35,April,5.3,5.3
4/19/2024 9:40,April,5.56,5.56
4/19/2024 9:45,April,4.94,4.94
4/19/2024 9:50,April,5.56,5.56
4/19/2024 9:55,April,4.95,4.95
4/19/2024 10:00,April,6.37,6.37
4/19/2024 10:05,April,3.02,3.02
4/19/2024 10:10,April,5.31,5.31
4/19/2024 10:15,April,5.3,5.3
4/19/2024 10:20,April,6.37,6.37
4/19/2024 10:25,April,6.37,6.37
4/19/2024 10:30,April,5.33,5.33
4/19/2024 10:35,April,5.31,5.31
4/19/2024 10:40,April,5.31,5.31
4/19/2024 10:45,April,5.33,5.33
4/19/2024 10:50,April,5.31,5.31
4/19/2024 10:55,April,5.32,5.32
4/19/2024 11:00,April,5.31,5.31
4/19/2024 11:05,April,5.31,5.31
4/19/2024 11:10,April,5.3,5.3
4/19/2024 11:15,April,5.3,5.3
4/19/2024 11:20,April,5.32,5.32
4/19/2024 11:25,April,5.31,5.31
4/19/2024 11:30,April,5.31,5.31
4/19/2024 11:35,April,5.3,5.3
4/19/2024 11:40,April,5.31,5.31
4/19/2024 11:45,April,5.31,5.31
4/19/2024 11:50,April,4.85,4.85
4/19/2024 11:55,April,4.85,4.85
4/19/2024 12:00,April,4.85,4.85
4/19/2024 12:05,April,3.86,3.86
4/19/2024 12:10,April,4.71,4.71
4/19/2024 12:15,April,4.71,4.71
4/19/2024 12:20,April,5.28,5.28
4/19/2024 12:25,April,4.86,4.86
4/19/2024 12:30,April,5.27,5.27
4/19/2024 12:35,April,5.29,5.29
4/19/2024 12:40,April,6.37,6.37
4/19/2024 12:45,April,5.3,5.3
4/19/2024 12:50,April,6.37,6.37
4/19/2024 12:55,April,5.57,5.57
4/19/2024 13:00,April,5.56,5.56
4/19/2024 13:05,April,6.37,6.37
4/19/2024 13:10,April,6.37,6.37
4/19/2024 13:15,April,6.37,6.37
4/19/2024 13:20,April,6.37,6.37
4/19/2024 13:25,April,6.37,6.37
4/19/2024 13:30,April,6.37,6.37
4/19/2024 13:35,April,6.37,6.37
4/19/2024 13:40,April,6.37,6.37
4/19/2024 13:45,April,6.37,6.37
4/19/2024 13:50,April,6.37,6.37
4/19/2024 13:55,April,6.37,6.37
4/19/2024 14:00,April,6.37,6.37
4/19/2024 14:05,April,6.37,6.37
4/19/2024 14:10,April,6.37,6.37
4/19/2024 14:15,April,6.37,6.37
4/19/2024 14:20,April,6.37,6.37
4/19/2024 14:25,April,6.37,6.37
4/19/2024 14:30,April,6.37,6.37
4/19/2024 14:35,April,6.37,6.37
4/19/2024 14:40,April,6.37,6.37
4/19/2024 14:45,April,6.37,6.37
4/19/2024 14:50,April,6.37,6.37
4/19/2024 14:55,April,6.37,6.37
4/19/2024 15:00,April,6.36,6.36
4/19/2024 15:05,April,6.36,6.36
4/19/2024 15:10,April,6.36,6.36
4/19/2024 15:15,April,6.36,6.36
4/19/2024 15:20,April,6.36,6.36
4/19/2024 15:25,April,6.36,6.36
4/19/2024 15:30,April,6.36,6.36
4/19/2024 15:35,April,6.36,6.36
4/19/2024 15:40,April,6.36,6.36
4/19/2024 15:45,April,6.36,6.36
4/19/2024 15:50,April,6.36,6.36
4/19/2024 15:55,April,6.36,6.36
4/19/2024 16:00,April,6.36,6.36
4/19/2024 16:05,April,6.36,6.36
4/19/2024 16:10,April,6.36,6.36
4/19/2024 16:15,April,6.36,6.36
4/19/2024 16:20,April,6.36,6.36
4/19/2024 16:25,April,6.36,6.36
4/19/2024 16:30,April,6.36,6.36
4/19/2024 16:35,April,32.6,32.6
4/19/2024 16:40,April,32.6,32.6
4/19/2024 16:45,April,6.36,6.36
4/19/2024 16:50,April,6.36,6.36
4/19/2024 16:55,April,6.36,6.36
4/19/2024 17:00,April,6.36,6.36
4/19/2024 17:05,April,0,6.36
4/19/2024 17:10,April,0,6.36
4/19/2024 17:15,April,0,6.36
4/19/2024 17:20,April,0,6.36
4/19/2024 17:25,April,0,6.36
4/19/2024 17:30,April,0,6.36
4/19/2024 17:35,April,0,6.37
4/19/2024 17:40,April,0,6.37
4/19/2024 17:45,April,0,6.37
4/19/2024 17:50,April,0,6.37
4/19/2024 17:55,April,0,6.37
4/19/2024 18:00,April,0,6.37
4/19/2024 18:05,April,0,6.37
4/19/2024 18:10,April,0,6.37
4/19/2024 18:15,April,0,6.37
4/19/2024 18:20,April,0,6.37
4/19/2024 18:25,April,0,6.37
4/19/2024 18:30,April,0,6.37
4/19/2024 18:35,April,0,6.37
4/19/2024 18:40,April,0,6.37
4/19/2024 18:45,April,0,6.37
4/19/2024 18:50,April,0,6.37
4/19/2024 18:55,April,0,6.37
4/19/2024 19:00,April,0,6.37
4/19/2024 19:05,April,0,6.37
4/19/2024 19:10,April,0,6.37
4/19/2024 19:15,April,0,6.37
4/19/2024 19:20,April,0,6.37
4/19/2024 19:25,April,0,6.37
4/19/2024 19:30,April,0,6.37
4/19/2024 19:35,April,0,6.37
4/19/2024 19:40,April,0,6.37
4/19/2024 19:45,April,0,6.37
4/19/2024 19:50,April,0,6.37
4/19/2024 19:55,April,0,6.37
4/19/2024 20:00,April,0,32.67
4/19/2024 20:05,April,0,6.36
4/19/2024 20:10,April,0,6.37
4/19/2024 20:15,April,0,6.37
4/19/2024 20:20,April,0,6.37
4/19/2024 20:25,April,0,6.36
4/19/2024 20:30,April,0,6.36
4/19/2024 20:35,April,0,6.36
4/19/2024 20:40,April,0,6.36
4/19/2024 20:45,April,0,6.36
4/19/2024 20:50,April,0,6.36
4/19/2024 20:55,April,0,6.36
4/19/2024 21:00,April,0,6.36
4/19/2024 21:05,April,0,6.36
4/19/2024 21:10,April,0,6.36
4/19/2024 21:15,April,0,6.36
4/19/2024 21:20,April,0,6.36
4/19/2024 21:25,April,0,6.36
4/19/2024 21:30,April,0,6.36
4/19/2024 21:35,April,0,6.36
4/19/2024 21:40,April,0,6.36
4/19/2024 21:45,April,0,6.36
4/19/2024 21:50,April,0,6.36
4/19/2024 21:55,April,0,6.36
4/19/2024 22:00,April,0,6.36
4/19/2024 22:05,April,0,6.37
4/19/2024 22:10,April,0,6.36
4/19/2024 22:15,April,0,6.36
4/19/2024 22:20,April,0,6.37
4/19/2024 22:25,April,0,6.37
4/19/2024 22:30,April,0,6.37
4/19/2024 22:35,April,0,6.37
4/19/2024 22:40,April,0,6.37
4/19/2024 22:45,April,0,6.37
4/19/2024 22:50,April,0,6.37
4/19/2024 22:55,April,0,6.37
4/19/2024 23:00,April,0,6.37
4/19/2024 23:05,April,0,6.37
4/19/2024 23:10,April,0,6.38
4/19/2024 23:15,April,0,6.38
4/19/2024 23:20,April,0,6.38
4/19/2024 23:25,April,0,6.38
4/19/2024 23:30,April,0,6.38
4/19/2024 23:35,April,0,6.06
4/19/2024 23:40,April,0,5.94
4/19/2024 23:45,April,0,5.93
4/19/2024 23:50,April,0,5.9
4/19/2024 23:55,April,0,5.89
4/20/2024 0:00,April,0,5.89
4/20/2024 0:05,April,0,6.06
4/20/2024 0:10,April,0,6.01
4/20/2024 0:15,April,0,6.33
4/20/2024 0:20,April,0,6.38
4/20/2024 0:25,April,0,6.14
4/20/2024 0:30,April,0,6.36
4/20/2024 0:35,April,0,5.27
4/20/2024 0:40,April,0,5.27
4/20/2024 0:45,April,0,5.24
4/20/2024 0:50,April,0,5.26
4/20/2024 0:55,April,0,5.24
4/20/2024 1:00,April,0,5.02
4/20/2024 1:05,April,0,4.74
4/20/2024 1:10,April,0,4.74
4/20/2024 1:15,April,0,4.74
4/20/2024 1:20,April,0,4.74
4/20/2024 1:25,April,0,4.76
4/20/2024 1:30,April,0,4.76
4/20/2024 1:35,April,0,4.74
4/20/2024 1:40,April,0,4.76
4/20/2024 1:45,April,0,5.72
4/20/2024 1:50,April,0,4.85
4/20/2024 1:55,April,0,5
4/20/2024 2:00,April,0,4.98
4/20/2024 2:05,April,0,4.98
4/20/2024 2:10,April,0,4.97
4/20/2024 2:15,April,0,4.97
4/20/2024 2:20,April,0,4.97
4/20/2024 2:25,April,0,4.98
4/20/2024 2:30,April,0,4.97
4/20/2024 2:35,April,0,4.95
4/20/2024 2:40,April,0,4.85
4/20/2024 2:45,April,0,4.95
4/20/2024 2:50,April,0,4.35
4/20/2024 2:55,April,0,4.78
4/20/2024 3:00,April,0,4.85
4/20/2024 3:05,April,0,4.85
4/20/2024 3:10,April,0,4.65
4/20/2024 3:15,April,0,4.33
4/20/2024 3:20,April,0,4.4
4/20/2024 3:25,April,0,4.33
4/20/2024 3:30,April,0,4.44
4/20/2024 3:35,April,0,4.34
4/20/2024 3:40,April,0,4.33
4/20/2024 3:45,April,0,4.34
4/20/2024 3:50,April,0,4.33
4/20/2024 3:55,April,0,4.34
4/20/2024 4:00,April,0,4.34
4/20/2024 4:05,April,0,2.93
4/20/2024 4:10,April,0,3.81
4/20/2024 4:15,April,0,4.11
4/20/2024 4:20,April,0,4.11
4/20/2024 4:25,April,0,4.11
4/20/2024 4:30,April,0,4.11
4/20/2024 4:35,April,0,4.1
4/20/2024 4:40,April,0,4.37
4/20/2024 4:45,April,0,4.11
4/20/2024 4:50,April,0,4.11
4/20/2024 4:55,April,0,4.12
4/20/2024 5:00,April,0,4.11
4/20/2024 5:05,April,0,4.1
4/20/2024 5:10,April,0,4.29
4/20/2024 5:15,April,0,4.12
4/20/2024 5:20,April,0,4.12
4/20/2024 5:25,April,0,4.12
4/20/2024 5:30,April,0,3.76
4/20/2024 5:35,April,0,4
4/20/2024 5:40,April,0,4.1
4/20/2024 5:45,April,0,3.7
4/20/2024 5:50,April,0,3.69
4/20/2024 5:55,April,0,3.66
4/20/2024 6:00,April,0,3.37
4/20/2024 6:05,April,0,0.15
4/20/2024 6:10,April,0,2.48
4/20/2024 6:15,April,0,2.89
4/20/2024 6:20,April,0,2.89
4/20/2024 6:25,April,0,3.05
4/20/2024 6:30,April,0,2.94
4/20/2024 6:35,April,0,2.79
4/20/2024 6:40,April,0,2.41
4/20/2024 6:45,April,0,2.54
4/20/2024 6:50,April,0,2.75
4/20/2024 6:55,April,0,2.34
4/20/2024 7:00,April,0,2.92
4/20/2024 7:05,April,0,0
4/20/2024 7:10,April,0,0.13
4/20/2024 7:15,April,0,2.46
4/20/2024 7:20,April,0,2.57
4/20/2024 7:25,April,0,2.74
4/20/2024 7:30,April,0,3.07
4/20/2024 7:35,April,0,3.9
4/20/2024 7:40,April,0,3.37
4/20/2024 7:45,April,0,3.09
4/20/2024 7:50,April,0,3.1
4/20/2024 7:55,April,0,3.37
4/20/2024 8:00,April,0,3.19
4/20/2024 8:05,April,0,0.05
4/20/2024 8:10,April,0,0.05
4/20/2024 8:15,April,0,2.76
4/20/2024 8:20,April,0,3.68
4/20/2024 8:25,April,0,3.65
4/20/2024 8:30,April,0,3.16
4/20/2024 8:35,April,0,3.71
4/20/2024 8:40,April,0,3.67
4/20/2024 8:45,April,0,3.71
4/20/2024 8:50,April,0,3.72
4/20/2024 8:55,April,0,3.72
4/20/2024 9:00,April,0,4.95
4/20/2024 9:05,April,0,0
4/20/2024 9:10,April,0,2.79
4/20/2024 9:15,April,0,2.64
4/20/2024 9:20,April,0,2.88
4/20/2024 9:25,April,0,3.43
4/20/2024 9:30,April,0,6.36
4/20/2024 9:35,April,0,5.68
4/20/2024 9:40,April,0,3.76
4/20/2024 9:45,April,0,5.35
4/20/2024 9:50,April,0,4.94
4/20/2024 9:55,April,0,4.94
4/20/2024 10:00,April,0,4.93
4/20/2024 10:05,April,0,2.97
4/20/2024 10:10,April,0,3.8
4/20/2024 10:15,April,0,3.76
4/20/2024 10:20,April,0,4.92
4/20/2024 10:25,April,0,5.67
4/20/2024 10:30,April,0,4.95
4/20/2024 10:35,April,0,4.94
4/20/2024 10:40,April,0,6.36
4/20/2024 10:45,April,0,4.94
4/20/2024 10:50,April,0,4.94
4/20/2024 10:55,April,0,4.94
4/20/2024 11:00,April,0,3.27
4/20/2024 11:05,April,0,4.48
4/20/2024 11:10,April,0,4.73
4/20/2024 11:15,April,0,4.59
4/20/2024 11:20,April,0,4.56
4/20/2024 11:25,April,0,4.65
4/20/2024 11:30,April,0,3.79
4/20/2024 11:35,April,0,3.38
4/20/2024 11:40,April,0,4.83
4/20/2024 11:45,April,0,3.79
4/20/2024 11:50,April,0,3.27
4/20/2024 11:55,April,0,3.56
4/20/2024 12:00,April,0,3.28
4/20/2024 12:05,April,0,3.16
4/20/2024 12:10,April,0,3.72
4/20/2024 12:15,April,0,4.06
4/20/2024 12:20,April,0,3.29
4/20/2024 12:25,April,0,3.51
4/20/2024 12:30,April,0,3.38
4/20/2024 12:35,April,0,4.07
4/20/2024 12:40,April,0,3.38
4/20/2024 12:45,April,0,3.28
4/20/2024 12:50,April,0,3.38
4/20/2024 12:55,April,0,3.38
4/20/2024 13:00,April,0,4.95
4/20/2024 13:05,April,0,6.36
4/20/2024 13:10,April,0,6.36
4/20/2024 13:15,April,0,6.36
4/20/2024 13:20,April,0,6.36
4/20/2024 13:25,April,0,4.99
4/20/2024 13:30,April,0,4.98
4/20/2024 13:35,April,0,6.37
4/20/2024 13:40,April,0,6.37
4/20/2024 13:45,April,0,6.37
4/20/2024 13:50,April,0,5.02
4/20/2024 13:55,April,0,5.03
4/20/2024 14:00,April,0,5.03
4/20/2024 14:05,April,0,6.37
4/20/2024 14:10,April,0,14.59
4/20/2024 14:15,April,0,4.94
4/20/2024 14:20,April,0,6.37
4/20/2024 14:25,April,0,6.37
4/20/2024 14:30,April,0,5.18
4/20/2024 14:35,April,0,5.03
4/20/2024 14:40,April,0,5.02
4/20/2024 14:45,April,0,4.91
4/20/2024 14:50,April,0,4.92
4/20/2024 14:55,April,0,5.01
4/20/2024 15:00,April,0,4.89
4/20/2024 15:05,April,0,9.71
4/20/2024 15:10,April,0,5.04
4/20/2024 15:15,April,0,6.37
4/20/2024 15:20,April,0,8.98
4/20/2024 15:25,April,0,9.59
4/20/2024 15:30,April,0,5.1
4/20/2024 15:35,April,0,6.37
4/20/2024 15:40,April,0,5.1
4/20/2024 15:45,April,0,6.37
4/20/2024 15:50,April,0,9.59
4/20/2024 15:55,April,0,25.68
4/20/2024 16:00,April,0,8.98
4/20/2024 16:05,April,0,32.12
4/20/2024 16:10,April,0,30.6
4/20/2024 16:15,April,0,16.32
4/20/2024 16:20,April,0,30.09
4/20/2024 16:25,April,0,17.99
4/20/2024 16:30,April,0,29.57
4/20/2024 16:35,April,0,30.08
4/20/2024 16:40,April,0,9.58
4/20/2024 16:45,April,0,9.58
4/20/2024 16:50,April,0,9.11
4/20/2024 16:55,April,0,12.68
4/20/2024 17:00,April,0,5.01
4/20/2024 17:05,April,0,8.98
4/20/2024 17:10,April,0,6.31
4/20/2024 17:15,April,0,8.96
4/20/2024 17:20,April,0,8.96
4/20/2024 17:25,April,0,6.33
4/20/2024 17:30,April,0,7.84
4/20/2024 17:35,April,0,8.97
4/20/2024 17:40,April,0,8.97
4/20/2024 17:45,April,0,12.69
4/20/2024 17:50,April,0,29.6
4/20/2024 17:55,April,0,30.6
4/20/2024 18:00,April,0,6.37
4/20/2024 18:05,April,0,6.37
4/20/2024 18:10,April,0,6.37
4/20/2024 18:15,April,0,6.37
4/20/2024 18:20,April,0,6.37
4/20/2024 18:25,April,0,6.37
4/20/2024 18:30,April,0,6.37
4/20/2024 18:35,April,0,30.44
4/20/2024 18:40,April,0,30.34
4/20/2024 18:45,April,0,6.37
4/20/2024 18:50,April,0,6.37
4/20/2024 18:55,April,0,6.37
4/20/2024 19:00,April,0,8.99
4/20/2024 19:05,April,0,9.05
4/20/2024 19:10,April,0,9.96
4/20/2024 19:15,April,0,6.37
4/20/2024 19:20,April,0,6.37
4/20/2024 19:25,April,0,6.38
4/20/2024 19:30,April,0,6.38
4/20/2024 19:35,April,0,6.38
4/20/2024 19:40,April,0,8.99
4/20/2024 19:45,April,0,8.99
4/20/2024 19:50,April,0,8.99
4/20/2024 19:55,April,0,7.81
4/20/2024 20:00,April,0,5
4/20/2024 20:05,April,0,8.98
4/20/2024 20:10,April,0,26.46
4/20/2024 20:15,April,0,26.29
4/20/2024 20:20,April,0,26.1
4/20/2024 20:25,April,0,26.1
4/20/2024 20:30,April,0,26.23
4/20/2024 20:35,April,0,24.98
4/20/2024 20:40,April,0,11.56
4/20/2024 20:45,April,0,25.23
4/20/2024 20:50,April,0,25.93
4/20/2024 20:55,April,0,22.26
4/20/2024 21:00,April,0,22.29
4/20/2024 21:05,April,0,32.26
4/20/2024 21:10,April,0,25.83
4/20/2024 21:15,April,0,31.64
4/20/2024 21:20,April,0,25.83
4/20/2024 21:25,April,0,17.11
4/20/2024 21:30,April,0,6.38
4/20/2024 21:35,April,0,6.38
4/20/2024 21:40,April,0,6.38
4/20/2024 21:45,April,0,12.7
4/20/2024 21:50,April,0,16.34
4/20/2024 21:55,April,0,11.74
4/20/2024 22:00,April,0,15.72
4/20/2024 22:05,April,0,30.64
4/20/2024 22:10,April,0,17.12
4/20/2024 22:15,April,0,9
4/20/2024 22:20,April,0,11.75
4/20/2024 22:25,April,0,9
4/20/2024 22:30,April,0,9
4/20/2024 22:35,April,0,9
4/20/2024 22:40,April,0,9
4/20/2024 22:45,April,0,7.49
4/20/2024 22:50,April,0,7.52
4/20/2024 22:55,April,0,7.52
4/20/2024 23:00,April,0,5.03
4/20/2024 23:05,April,0,5.05
4/20/2024 23:10,April,0,16.44
4/20/2024 23:15,April,0,5.04
4/20/2024 23:20,April,0,6.63
4/20/2024 23:25,April,0,6.63
4/20/2024 23:30,April,0,5.03
4/20/2024 23:35,April,0,5.02
4/20/2024 23:40,April,0,5.02
4/20/2024 23:45,April,0,5.01
4/20/2024 23:50,April,0,5.01
4/20/2024 23:55,April,0,5
4/21/2024 0:00,April,0,5
4/21/2024 0:05,April,0,5.79
4/21/2024 0:10,April,0,5.79
4/21/2024 0:15,April,0,5.02
4/21/2024 0:20,April,0,5.04
4/21/2024 0:25,April,0,5
4/21/2024 0:30,April,0,5.01
4/21/2024 0:35,April,0,5.02
4/21/2024 0:40,April,0,5.03
4/21/2024 0:45,April,0,5
4/21/2024 0:50,April,0,5.01
4/21/2024 0:55,April,0,4.91
4/21/2024 1:00,April,0,5
4/21/2024 1:05,April,0,28.85
4/21/2024 1:10,April,0,5.04
4/21/2024 1:15,April,0,5.02
4/21/2024 1:20,April,0,5.04
4/21/2024 1:25,April,0,5.02
4/21/2024 1:30,April,0,5.03
4/21/2024 1:35,April,0,4.83
4/21/2024 1:40,April,0,4.98
4/21/2024 1:45,April,0,4.99
4/21/2024 1:50,April,0,4.99
4/21/2024 1:55,April,0,4.98
4/21/2024 2:00,April,0,4.98
4/21/2024 2:05,April,0,27.18
4/21/2024 2:10,April,0,5.11
4/21/2024 2:15,April,0,5.11
4/21/2024 2:20,April,0,5.1
4/21/2024 2:25,April,0,4.99
4/21/2024 2:30,April,0,4.99
4/21/2024 2:35,April,0,5.59
4/21/2024 2:40,April,0,4.31
4/21/2024 2:45,April,0,4.98
4/21/2024 2:50,April,0,5.02
4/21/2024 2:55,April,0,4.97
4/21/2024 3:00,April,0,4.97
4/21/2024 3:05,April,0,4.97
4/21/2024 3:10,April,0,4.97
4/21/2024 3:15,April,0,4.98
4/21/2024 3:20,April,0,4.32
4/21/2024 3:25,April,0,4.35
4/21/2024 3:30,April,0,4.96
4/21/2024 3:35,April,0,4.77
4/21/2024 3:40,April,0,4.79
4/21/2024 3:45,April,0,4.86
4/21/2024 3:50,April,0,4.33
4/21/2024 3:55,April,0,4.43
4/21/2024 4:00,April,0,4.83
4/21/2024 4:05,April,0,4.6
4/21/2024 4:10,April,0,4.4
4/21/2024 4:15,April,0,4.4
4/21/2024 4:20,April,0,4.4
4/21/2024 4:25,April,0,4.95
4/21/2024 4:30,April,0,4.4
4/21/2024 4:35,April,0,4.84
4/21/2024 4:40,April,0,4.45
4/21/2024 4:45,April,0,4.46
4/21/2024 4:50,April,0,4.51
4/21/2024 4:55,April,0,4.47
4/21/2024 5:00,April,0,4.72
4/21/2024 5:05,April,0,4.71
4/21/2024 5:10,April,0,4.62
4/21/2024 5:15,April,0,4.72
4/21/2024 5:20,April,0,4.46
4/21/2024 5:25,April,0,4.49
4/21/2024 5:30,April,0,2.91
4/21/2024 5:35,April,0,3.81
4/21/2024 5:40,April,0,4.08
4/21/2024 5:45,April,0,4.18
4/21/2024 5:50,April,0,4.18
4/21/2024 5:55,April,0,3.88
4/21/2024 6:00,April,0,3.57
4/21/2024 6:05,April,0,0
4/21/2024 6:10,April,0,2.85
4/21/2024 6:15,April,0,3.28
4/21/2024 6:20,April,0,3.33
4/21/2024 6:25,April,0,2.42
4/21/2024 6:30,April,0,2.85
4/21/2024 6:35,April,0,2.88
4/21/2024 6:40,April,0,2.88
4/21/2024 6:45,April,0,3.41
4/21/2024 6:50,April,0,2.88
4/21/2024 6:55,April,0,2.88
4/21/2024 7:00,April,0,2.86
4/21/2024 7:05,April,0,0
4/21/2024 7:10,April,0,2.87
4/21/2024 7:15,April,0,30.49
4/21/2024 7:20,April,0,5.07
4/21/2024 7:25,April,0,3.53
4/21/2024 7:30,April,0,3.32
4/21/2024 7:35,April,0,2.78
4/21/2024 7:40,April,0,2.87
4/21/2024 7:45,April,0,3.49
4/21/2024 7:50,April,0,3.49
4/21/2024 7:55,April,0,4.07
4/21/2024 8:00,April,0,3.64
4/21/2024 8:05,April,0,0
4/21/2024 8:10,April,0,2.39
4/21/2024 8:15,April,0,2.74
4/21/2024 8:20,April,0,2.74
4/21/2024 8:25,April,0,2.87
4/21/2024 8:30,April,0,2.34
4/21/2024 8:35,April,0,2.73
4/21/2024 8:40,April,0,2.73
4/21/2024 8:45,April,0,2.73
4/21/2024 8:50,April,0,2.87
4/21/2024 8:55,April,0,3.78
4/21/2024 9:00,April,0,2.72
4/21/2024 9:05,April,0,0
4/21/2024 9:10,April,0,2.22
4/21/2024 9:15,April,0,2.22
4/21/2024 9:20,April,0,2.39
4/21/2024 9:25,April,0,2.67
4/21/2024 9:30,April,0,2.67
4/21/2024 9:35,April,0,2.67
4/21/2024 9:40,April,0,2.39
4/21/2024 9:45,April,0,3.25
4/21/2024 9:50,April,0,3.31
4/21/2024 9:55,April,0,4.23
4/21/2024 10:00,April,0,4.25
4/21/2024 10:05,April,0,3.17
4/21/2024 10:10,April,0,2.88
4/21/2024 10:15,April,0,2.88
4/21/2024 10:20,April,0,3.23
4/21/2024 10:25,April,0,2.18
4/21/2024 10:30,April,0,2.66
4/21/2024 10:35,April,0,2.88
4/21/2024 10:40,April,0,2.67
4/21/2024 10:45,April,0,3.46
4/21/2024 10:50,April,0,2.39
4/21/2024 10:55,April,0,2.88
4/21/2024 11:00,April,0,2.37
4/21/2024 11:05,April,0,2.88
4/21/2024 11:10,April,0,2.87
4/21/2024 11:15,April,0,12.23
4/21/2024 11:20,April,0,3.38
4/21/2024 11:25,April,0,2.88
4/21/2024 11:30,April,0,2.88
4/21/2024 11:35,April,0,2.82
4/21/2024 11:40,April,0,2.66
4/21/2024 11:45,April,0,0
4/21/2024 11:50,April,0,2.87
4/21/2024 11:55,April,0,2.25
4/21/2024 12:00,April,0,2.87
4/21/2024 12:05,April,0,2.87
4/21/2024 12:10,April,0,2.87
4/21/2024 12:15,April,0,3.07
4/21/2024 12:20,April,0,3.03
4/21/2024 12:25,April,0,3.16
4/21/2024 12:30,April,0,2.82
4/21/2024 12:35,April,0,2.88
4/21/2024 12:40,April,0,2.88
4/21/2024 12:45,April,0,3.16
4/21/2024 12:50,April,0,3.23
4/21/2024 12:55,April,0,3.23
4/21/2024 13:00,April,0,3.4
4/21/2024 13:05,April,0,11.48
4/21/2024 13:10,April,0,4.96
4/21/2024 13:15,April,0,3.56
4/21/2024 13:20,April,0,3.43
4/21/2024 13:25,April,0,3.43
4/21/2024 13:30,April,0,3.26
4/21/2024 13:35,April,0,3.26
4/21/2024 13:40,April,0,3.26
4/21/2024 13:45,April,0,3.54
4/21/2024 13:50,April,0,3.54
4/21/2024 13:55,April,0,3.56
4/21/2024 14:00,April,0,3.54
4/21/2024 14:05,April,0,3.56
4/21/2024 14:10,April,0,10.25
4/21/2024 14:15,April,0,10.26
4/21/2024 14:20,April,0,5.04
4/21/2024 14:25,April,0,4.55
4/21/2024 14:30,April,0,10.26
4/21/2024 14:35,April,0,5.07
4/21/2024 14:40,April,0,5.08
4/21/2024 14:45,April,0,4
4/21/2024 14:50,April,0,4.08
4/21/2024 14:55,April,0,3.77
4/21/2024 15:00,April,0,3.89
4/21/2024 15:05,April,0,5.12
4/21/2024 15:10,April,0,5.12
4/21/2024 15:15,April,0,5.12
4/21/2024 15:20,April,0,4.62
4/21/2024 15:25,April,0,4.18
4/21/2024 15:30,April,0,5.15
4/21/2024 15:35,April,0,5.16
4/21/2024 15:40,April,0,5.17
4/21/2024 15:45,April,0,5.19
4/21/2024 15:50,April,0,4
4/21/2024 15:55,April,0,5.17
4/21/2024 16:00,April,0,5.16
4/21/2024 16:05,April,0,16.94
4/21/2024 16:10,April,0,10.22
4/21/2024 16:15,April,0,5.24
4/21/2024 16:20,April,0,5.23
4/21/2024 16:25,April,0,5.25
4/21/2024 16:30,April,0,5.97
4/21/2024 16:35,April,0,5.26
4/21/2024 16:40,April,0,5.97
4/21/2024 16:45,April,0,5.29
4/21/2024 16:50,April,0,5.86
4/21/2024 16:55,April,0,5.06
4/21/2024 17:00,April,0,5.06
4/21/2024 17:05,April,0,7.56
4/21/2024 17:10,April,0,5.32
4/21/2024 17:15,April,0,6.11
4/21/2024 17:20,April,0,6.1
4/21/2024 17:25,April,0,6.11
4/21/2024 17:30,April,0,6.1
4/21/2024 17:35,April,0,6.1
4/21/2024 17:40,April,0,8.97
4/21/2024 17:45,April,0,6.3
4/21/2024 17:50,April,0,8.98
4/21/2024 17:55,April,0,9.73
4/21/2024 18:00,April,0,11.34
4/21/2024 18:05,April,0,4.24
4/21/2024 18:10,April,0,4.24
4/21/2024 18:15,April,0,8.98
4/21/2024 18:20,April,0,5.14
4/21/2024 18:25,April,0,8.98
4/21/2024 18:30,April,0,11.46
4/21/2024 18:35,April,0,15.35
4/21/2024 18:40,April,0,14.95
4/21/2024 18:45,April,0,14.63
4/21/2024 18:50,April,0,10.34
4/21/2024 18:55,April,0,9.08
4/21/2024 19:00,April,0,9.08
4/21/2024 19:05,April,0,5.03
4/21/2024 19:10,April,0,5.26
4/21/2024 19:15,April,0,8.97
4/21/2024 19:20,April,0,8.98
4/21/2024 19:25,April,0,5.19
4/21/2024 19:30,April,0,8.97
4/21/2024 19:35,April,0,7.43
4/21/2024 19:40,April,0,15.22
4/21/2024 19:45,April,0,15
4/21/2024 19:50,April,0,10.27
4/21/2024 19:55,April,0,15.16
4/21/2024 20:00,April,0,9.05
4/21/2024 20:05,April,0,8.98
4/21/2024 20:10,April,0,8.99
4/21/2024 20:15,April,0,9.12
4/21/2024 20:20,April,0,9.05
4/21/2024 20:25,April,0,10.12
4/21/2024 20:30,April,0,15.5
4/21/2024 20:35,April,0,10.16
4/21/2024 20:40,April,0,10.14
4/21/2024 20:45,April,0,11.33
4/21/2024 20:50,April,0,9
4/21/2024 20:55,April,0,9.08
4/21/2024 21:00,April,0,9
4/21/2024 21:05,April,0,27.99
4/21/2024 21:10,April,0,11.32
4/21/2024 21:15,April,0,10.1
4/21/2024 21:20,April,0,5.23
4/21/2024 21:25,April,0,9
4/21/2024 21:30,April,0,9.1
4/21/2024 21:35,April,0,9.01
4/21/2024 21:40,April,0,9
4/21/2024 21:45,April,0,8.99
4/21/2024 21:50,April,0,9.03
4/21/2024 21:55,April,0,9
4/21/2024 22:00,April,0,4.37
4/21/2024 22:05,April,0,5.2
4/21/2024 22:10,April,0,5.25
4/21/2024 22:15,April,0,5.8
4/21/2024 22:20,April,0,5.23
4/21/2024 22:25,April,0,5.25
4/21/2024 22:30,April,0,5.01
4/21/2024 22:35,April,0,5.23
4/21/2024 22:40,April,0,4.32
4/21/2024 22:45,April,0,5.19
4/21/2024 22:50,April,0,5.2
4/21/2024 22:55,April,0,5.24
4/21/2024 23:00,April,0,4.32
4/21/2024 23:05,April,0,28.85
4/21/2024 23:10,April,0,11.36
4/21/2024 23:15,April,0,5.8
4/21/2024 23:20,April,0,5.24
4/21/2024 23:25,April,0,5.22
4/21/2024 23:30,April,0,3.84
4/21/2024 23:35,April,0,3.9
4/21/2024 23:40,April,0,3.75
4/21/2024 23:45,April,0,3.9
4/21/2024 23:50,April,0,4.37
4/21/2024 23:55,April,0,13.25
4/22/2024 0:00,April,0,5.21
4/22/2024 0:05,April,0,5.44
4/22/2024 0:10,April,0,5.21
4/22/2024 0:15,April,0,4.35
4/22/2024 0:20,April,0,4.35
4/22/2024 0:25,April,0,5.18
4/22/2024 0:30,April,0,4.31
4/22/2024 0:35,April,0,5.17
4/22/2024 0:40,April,0,4.47
4/22/2024 0:45,April,0,5.14
4/22/2024 0:50,April,0,5.14
4/22/2024 0:55,April,0,5.13
4/22/2024 1:00,April,0,4.21
4/22/2024 1:05,April,0,4.66
4/22/2024 1:10,April,0,3.84
4/22/2024 1:15,April,0,4.35
4/22/2024 1:20,April,0,3.32
4/22/2024 1:25,April,0,3.52
4/22/2024 1:30,April,0,3.52
4/22/2024 1:35,April,0,5.13
4/22/2024 1:40,April,0,4.13
4/22/2024 1:45,April,0,3.52
4/22/2024 1:50,April,0,3.84
4/22/2024 1:55,April,0,3.53
4/22/2024 2:00,April,0,3.52
4/22/2024 2:05,April,0,3.7
4/22/2024 2:10,April,0,3.29
4/22/2024 2:15,April,0,3.52
4/22/2024 2:20,April,0,3.54
4/22/2024 2:25,April,0,3.54
4/22/2024 2:30,April,0,3.53
4/22/2024 2:35,April,0,3.54
4/22/2024 2:40,April,0,3.33
4/22/2024 2:45,April,0,3.51
4/22/2024 2:50,April,0,3.51
4/22/2024 2:55,April,0,3.51
4/22/2024 3:00,April,0,3.35
4/22/2024 3:05,April,0,3.52
4/22/2024 3:10,April,0,3.51
4/22/2024 3:15,April,0,3.51
4/22/2024 3:20,April,0,3.51
4/22/2024 3:25,April,0,3.41
4/22/2024 3:30,April,0,3.42
4/22/2024 3:35,April,0,3.52
4/22/2024 3:40,April,0,3.51
4/22/2024 3:45,April,0,3.51
4/22/2024 3:50,April,0,3.52
4/22/2024 3:55,April,0,3.42
4/22/2024 4:00,April,0,3.51
4/22/2024 4:05,April,0,3.41
4/22/2024 4:10,April,0,3.35
4/22/2024 4:15,April,0,3.42
4/22/2024 4:20,April,0,3.38
4/22/2024 4:25,April,0,3.52
4/22/2024 4:30,April,0,3.51
4/22/2024 4:35,April,0,3.37
4/22/2024 4:40,April,0,3.35
4/22/2024 4:45,April,0,3.42
4/22/2024 4:50,April,0,3.34
4/22/2024 4:55,April,0,3.4
4/22/2024 5:00,April,0,3.35
4/22/2024 5:05,April,0,2.36
4/22/2024 5:10,April,0,3.31
4/22/2024 5:15,April,0,3.52
4/22/2024 5:20,April,0,3.51
4/22/2024 5:25,April,0,3.51
4/22/2024 5:30,April,0,3.51
4/22/2024 5:35,April,0,3.51
4/22/2024 5:40,April,0,2.88
4/22/2024 5:45,April,0,3.61
4/22/2024 5:50,April,0,2.9
4/22/2024 5:55,April,0,3.52
4/22/2024 6:00,April,0,3.28
4/22/2024 6:05,April,0,0
4/22/2024 6:10,April,0,2.4
4/22/2024 6:15,April,0,2.76
4/22/2024 6:20,April,0,2.34
4/22/2024 6:25,April,0,2.76
4/22/2024 6:30,April,0,0
4/22/2024 6:35,April,0,2.28
4/22/2024 6:40,April,0,2.4
4/22/2024 6:45,April,0,2.4
4/22/2024 6:50,April,0,2.4
4/22/2024 6:55,April,0,3.25
4/22/2024 7:00,April,0,2.86
4/22/2024 7:05,April,0,0
4/22/2024 7:10,April,0,0
4/22/2024 7:15,April,0,3.17
4/22/2024 7:20,April,0,2.85
4/22/2024 7:25,April,0,3.26
4/22/2024 7:30,April,0,3.49
4/22/2024 7:35,April,0,3.48
4/22/2024 7:40,April,0,3.6
4/22/2024 7:45,April,0,3.51
4/22/2024 7:50,April,0,4.49
4/22/2024 7:55,April,0,3.95
4/22/2024 8:00,April,0,5.22
4/22/2024 8:05,April,0,0
4/22/2024 8:10,April,0,3.41
4/22/2024 8:15,April,0,3.41
4/22/2024 8:20,April,0,4.48
4/22/2024 8:25,April,0,4.4
4/22/2024 8:30,April,0,3.63
4/22/2024 8:35,April,0,4.22
4/22/2024 8:40,April,0,3.61
4/22/2024 8:45,April,0,3.47
4/22/2024 8:50,April,0,4.47
4/22/2024 8:55,April,0,4.46
4/22/2024 9:00,April,0,4.54
4/22/2024 9:05,April,0,0
4/22/2024 9:10,April,0,2.71
4/22/2024 9:15,April,0,3.44
4/22/2024 9:20,April,0,4.45
4/22/2024 9:25,April,0,4.93
4/22/2024 9:30,April,0,5.26
4/22/2024 9:35,April,0,5.27
4/22/2024 9:40,April,0,5.29
4/22/2024 9:45,April,0,5.26
4/22/2024 9:50,April,0,11.45
4/22/2024 9:55,April,0,4.85
4/22/2024 10:00,April,0,14.66
4/22/2024 10:05,April,0,3.61
4/22/2024 10:10,April,0,13.27
4/22/2024 10:15,April,0,17.59
4/22/2024 10:20,April,0,14.66
4/22/2024 10:25,April,0,14.63
4/22/2024 10:30,April,0,10.33
4/22/2024 10:35,April,0,10.76
4/22/2024 10:40,April,0,16.44
4/22/2024 10:45,April,0,10.29
4/22/2024 10:50,April,0,5.37
4/22/2024 10:55,April,0,6.02
4/22/2024 11:00,April,0,5.37
4/22/2024 11:05,April,0,9.54
4/22/2024 11:10,April,0,6.12
4/22/2024 11:15,April,0,9.53
4/22/2024 11:20,April,0,6.13
4/22/2024 11:25,April,0,5.39
4/22/2024 11:30,April,0,5.36
4/22/2024 11:35,April,0,5.38
4/22/2024 11:40,April,0,5.38
4/22/2024 11:45,April,0,5.35
4/22/2024 11:50,April,0,5.35
4/22/2024 11:55,April,0,4.29
4/22/2024 12:00,April,0,4.29
4/22/2024 12:05,April,0,3.1
4/22/2024 12:10,April,0,3.68
4/22/2024 12:15,April,0,3.7
4/22/2024 12:20,April,0,3.7
4/22/2024 12:25,April,0,4.44
4/22/2024 12:30,April,0,4.44
4/22/2024 12:35,April,0,4.28
4/22/2024 12:40,April,0,5.31
4/22/2024 12:45,April,0,5.3
4/22/2024 12:50,April,0,5.31
4/22/2024 12:55,April,0,5.3
4/22/2024 13:00,April,0,9.54
4/22/2024 13:05,April,0,5.35
4/22/2024 13:10,April,0,9.59
4/22/2024 13:15,April,0,14.44
4/22/2024 13:20,April,0,9.58
4/22/2024 13:25,April,0,10.19
4/22/2024 13:30,April,0,26.56
4/22/2024 13:35,April,0,17.99
4/22/2024 13:40,April,0,26.6
4/22/2024 13:45,April,0,26.7
4/22/2024 13:50,April,0,26.9
4/22/2024 13:55,April,0,28.18
4/22/2024 14:00,April,0,28.12
4/22/2024 14:05,April,0,28.29
4/22/2024 14:10,April,0,28.35
4/22/2024 14:15,April,0,18.92
4/22/2024 14:20,April,0,18.94
4/22/2024 14:25,April,0,18.95
4/22/2024 14:30,April,0,28.71
4/22/2024 14:35,April,0,18.93
4/22/2024 14:40,April,0,18.86
4/22/2024 14:45,April,0,20.3
4/22/2024 14:50,April,0,18.89
4/22/2024 14:55,April,0,18.93
4/22/2024 15:00,April,0,14.98
4/22/2024 15:05,April,0,28.25
4/22/2024 15:10,April,0,28.69
4/22/2024 15:15,April,0,28.74
4/22/2024 15:20,April,0,28.88
4/22/2024 15:25,April,0,23.28
4/22/2024 15:30,April,0,28.55
4/22/2024 15:35,April,0,28.5
4/22/2024 15:40,April,0,28.53
4/22/2024 15:45,April,0,28.32
4/22/2024 15:50,April,0,28.44
4/22/2024 15:55,April,0,28.31
4/22/2024 16:00,April,0,27.29
4/22/2024 16:05,April,0,28.54
4/22/2024 16:10,April,0,15.38
4/22/2024 16:15,April,0,28.03
4/22/2024 16:20,April,0,20.11
4/22/2024 16:25,April,0,15.39
4/22/2024 16:30,April,0,15.39
4/22/2024 16:35,April,0,15.39
4/22/2024 16:40,April,0,15.38
4/22/2024 16:45,April,0,15.39
4/22/2024 16:50,April,0,15.39
4/22/2024 16:55,April,0,15.39
4/22/2024 17:00,April,0,14.47
4/22/2024 17:05,April,0,9.02
4/22/2024 17:10,April,0,11.09
4/22/2024 17:15,April,0,11.43
4/22/2024 17:20,April,0,11
4/22/2024 17:25,April,0,10.25
4/22/2024 17:30,April,0,8.99
4/22/2024 17:35,April,0,9.01
4/22/2024 17:40,April,0,14.42
4/22/2024 17:45,April,0,16.71
4/22/2024 17:50,April,0,9.73
4/22/2024 17:55,April,0,9.74
4/22/2024 18:00,April,0,9.08
4/22/2024 18:05,April,0,4.86
4/22/2024 18:10,April,0,8.99
4/22/2024 18:15,April,0,9.05
4/22/2024 18:20,April,0,10.25
4/22/2024 18:25,April,0,21.76
4/22/2024 18:30,April,0,21.79
4/22/2024 18:35,April,0,21.76
4/22/2024 18:40,April,0,21.77
4/22/2024 18:45,April,0,21.74
4/22/2024 18:50,April,0,17.13
4/22/2024 18:55,April,0,16.18
4/22/2024 19:00,April,0,11.51
4/22/2024 19:05,April,0,16.13
4/22/2024 19:10,April,0,14.44
4/22/2024 19:15,April,0,13.4
4/22/2024 19:20,April,0,14.89
4/22/2024 19:25,April,0,14.99
4/22/2024 19:30,April,0,14.95
4/22/2024 19:35,April,0,13.52
4/22/2024 19:40,April,0,12.76
4/22/2024 19:45,April,0,11.49
4/22/2024 19:50,April,0,11.72
4/22/2024 19:55,April,0,11.03
4/22/2024 20:00,April,0,11.42
4/22/2024 20:05,April,0,28.77
4/22/2024 20:10,April,0,19.13
4/22/2024 20:15,April,0,19.1
4/22/2024 20:20,April,0,19.1
4/22/2024 20:25,April,0,19.18
4/22/2024 20:30,April,0,19.22
4/22/2024 20:35,April,0,19.3
4/22/2024 20:40,April,0,19.26
4/22/2024 20:45,April,0,19.22
4/22/2024 20:50,April,0,19.07
4/22/2024 20:55,April,0,19.12
4/22/2024 21:00,April,0,16.19
4/22/2024 21:05,April,0,30.54
4/22/2024 21:10,April,0,16.12
4/22/2024 21:15,April,0,16.35
4/22/2024 21:20,April,0,16.12
4/22/2024 21:25,April,0,16.12
4/22/2024 21:30,April,0,15.27
4/22/2024 21:35,April,0,15.14
4/22/2024 21:40,April,0,15.01
4/22/2024 21:45,April,0,11.53
4/22/2024 21:50,April,0,12.78
4/22/2024 21:55,April,0,10.23
4/22/2024 22:00,April,0,9.08
4/22/2024 22:05,April,0,15.43
4/22/2024 22:10,April,0,15.43
4/22/2024 22:15,April,0,15.42
4/22/2024 22:20,April,0,15.43
4/22/2024 22:25,April,0,15.42
4/22/2024 22:30,April,0,14.46
4/22/2024 22:35,April,0,13.81
4/22/2024 22:40,April,0,9.08
4/22/2024 22:45,April,0,11.32
4/22/2024 22:50,April,0,12.18
4/22/2024 22:55,April,0,10.27
4/22/2024 23:00,April,0,10.26
4/22/2024 23:05,April,0,14.42
4/22/2024 23:10,April,0,14.21
4/22/2024 23:15,April,0,14.24
4/22/2024 23:20,April,0,13.48
4/22/2024 23:25,April,0,11.54
4/22/2024 23:30,April,0,10.27
4/22/2024 23:35,April,0,11.41
4/22/2024 23:40,April,0,11.42
4/22/2024 23:45,April,0,5.91
4/22/2024 23:50,April,0,10.2
4/22/2024 23:55,April,0,5.55
4/23/2024 0:00,April,0,5.51
4/23/2024 0:05,April,0,28.91
4/23/2024 0:10,April,0,28.73
4/23/2024 0:15,April,0,15.4
4/23/2024 0:20,April,0,10.27
4/23/2024 0:25,April,0,5.56
4/23/2024 0:30,April,0,11.4
4/23/2024 0:35,April,0,10.22
4/23/2024 0:40,April,0,4.73
4/23/2024 0:45,April,0,5.23
4/23/2024 0:50,April,0,4.74
4/23/2024 0:55,April,0,5.47
4/23/2024 1:00,April,0,4.74
4/23/2024 1:05,April,0,5.46
4/23/2024 1:10,April,0,5.5
4/23/2024 1:15,April,0,5.49
4/23/2024 1:20,April,0,5.61
4/23/2024 1:25,April,0,5.5
4/23/2024 1:30,April,0,5.51
4/23/2024 1:35,April,0,5.53
4/23/2024 1:40,April,0,5.46
4/23/2024 1:45,April,0,5.49
4/23/2024 1:50,April,0,5.5
4/23/2024 1:55,April,0,5.48
4/23/2024 2:00,April,0,5.44
4/23/2024 2:05,April,0,5.47
4/23/2024 2:10,April,0,5.47
4/23/2024 2:15,April,0,4.42
4/23/2024 2:20,April,0,5.44
4/23/2024 2:25,April,0,4.59
4/23/2024 2:30,April,0,5.45
4/23/2024 2:35,April,0,5.44
4/23/2024 2:40,April,0,5.45
4/23/2024 2:45,April,0,5.43
4/23/2024 2:50,April,0,5.43
4/23/2024 2:55,April,0,5.43
4/23/2024 3:00,April,0,5.43
4/23/2024 3:05,April,0,5.44
4/23/2024 3:10,April,0,5.43
4/23/2024 3:15,April,0,5.43
4/23/2024 3:20,April,0,5.45
4/23/2024 3:25,April,0,5.44
4/23/2024 3:30,April,0,5.25
4/23/2024 3:35,April,0,5.41
4/23/2024 3:40,April,0,5.42
4/23/2024 3:45,April,0,5.42
4/23/2024 3:50,April,0,5.23
4/23/2024 3:55,April,0,5.23
4/23/2024 4:00,April,0,4.33
4/23/2024 4:05,April,0,4.32
4/23/2024 4:10,April,0,4.32
4/23/2024 4:15,April,0,4.32
4/23/2024 4:20,April,0,4.33
4/23/2024 4:25,April,0,4.32
4/23/2024 4:30,April,0,4.1
4/23/2024 4:35,April,0,4.31
4/23/2024 4:40,April,0,4.32
4/23/2024 4:45,April,0,4.31
4/23/2024 4:50,April,0,4.31
4/23/2024 4:55,April,0,4.31
4/23/2024 5:00,April,0,4.31
4/23/2024 5:05,April,0,4.31
4/23/2024 5:10,April,0,4.97
4/23/2024 5:15,April,0,4.99
4/23/2024 5:20,April,0,5.08
4/23/2024 5:25,April,0,4.98
4/23/2024 5:30,April,0,4.98
4/23/2024 5:35,April,0,4.39
4/23/2024 5:40,April,0,4.38
4/23/2024 5:45,April,0,4.37
4/23/2024 5:50,April,0,4.3
4/23/2024 5:55,April,0,4.29
4/23/2024 6:00,April,0,4.07
4/23/2024 6:05,April,0,0
4/23/2024 6:10,April,0,2.89
4/23/2024 6:15,April,0,3.34
4/23/2024 6:20,April,0,3.62
4/23/2024 6:25,April,0,3.62
4/23/2024 6:30,April,0,3.62
4/23/2024 6:35,April,0,3.52
4/23/2024 6:40,April,0,3.61
4/23/2024 6:45,April,0,3.84
4/23/2024 6:50,April,0,3.63
4/23/2024 6:55,April,0,3.62
4/23/2024 7:00,April,0,3.65
4/23/2024 7:05,April,0,0
4/23/2024 7:10,April,0,2.88
4/23/2024 7:15,April,0,3.32
4/23/2024 7:20,April,0,3.48
4/23/2024 7:25,April,0,3.61
4/23/2024 7:30,April,0,3.61
4/23/2024 7:35,April,0,3.61
4/23/2024 7:40,April,0,3.61
4/23/2024 7:45,April,0,3.65
4/23/2024 7:50,April,0,4.02
4/23/2024 7:55,April,0,5.47
4/23/2024 8:00,April,0,5.34
4/23/2024 8:05,April,0,3.47
4/23/2024 8:10,April,0,5.56
4/23/2024 8:15,April,0,5.35
4/23/2024 8:20,April,0,5.33
4/23/2024 8:25,April,0,5.33
4/23/2024 8:30,April,0,5.35
4/23/2024 8:35,April,0,4.26
4/23/2024 8:40,April,0,5.32
4/23/2024 8:45,April,0,5.45
4/23/2024 8:50,April,0,5.32
4/23/2024 8:55,April,0,10.17
4/23/2024 9:00,April,0,5.54
4/23/2024 9:05,April,0,0
4/23/2024 9:10,April,0,3.48
4/23/2024 9:15,April,0,4
4/23/2024 9:20,April,0,4
4/23/2024 9:25,April,0,5.27
4/23/2024 9:30,April,0,5.28
4/23/2024 9:35,April,0,5.28
4/23/2024 9:40,April,0,5.72
4/23/2024 9:45,April,0,5.06
4/23/2024 9:50,April,0,5.52
4/23/2024 9:55,April,0,5.28
4/23/2024 10:00,April,0,10.24
4/23/2024 10:05,April,0,4.2
4/23/2024 10:10,April,0,4.28
4/23/2024 10:15,April,0,5.28
4/23/2024 10:20,April,0,5.3
4/23/2024 10:25,April,0,5.31
4/23/2024 10:30,April,0,5.3
4/23/2024 10:35,April,0,5.33
4/23/2024 10:40,April,0,4.78
4/23/2024 10:45,April,0,4.21
4/23/2024 10:50,April,0,4.77
4/23/2024 10:55,April,0,4.28
4/23/2024 11:00,April,0,5.34
4/23/2024 11:05,April,0,4.22
4/23/2024 11:10,April,0,4.22
4/23/2024 11:15,April,0,4.47
4/23/2024 11:20,April,0,4.77
4/23/2024 11:25,April,0,5.34
4/23/2024 11:30,April,0,5.33
4/23/2024 11:35,April,0,5.33
4/23/2024 11:40,April,0,4.78
4/23/2024 11:45,April,0,5.29
4/23/2024 11:50,April,0,5.3
4/23/2024 11:55,April,0,5.29
4/23/2024 12:00,April,0,4.21
4/23/2024 12:05,April,0,4.21
4/23/2024 12:10,April,0,4.78
4/23/2024 12:15,April,0,5.27
4/23/2024 12:20,April,0,5.28
4/23/2024 12:25,April,0,5.28
4/23/2024 12:30,April,0,13.37
4/23/2024 12:35,April,0,11.45
4/23/2024 12:40,April,0,8.99
4/23/2024 12:45,April,0,8.96
4/23/2024 12:50,April,0,8.97
4/23/2024 12:55,April,0,9.01
4/23/2024 13:00,April,0,9.05
4/23/2024 13:05,April,0,11.39
4/23/2024 13:10,April,0,26.81
4/23/2024 13:15,April,0,13.38
4/23/2024 13:20,April,0,14.36
4/23/2024 13:25,April,0,26.86
4/23/2024 13:30,April,0,21.08
4/23/2024 13:35,April,0,19.39
4/23/2024 13:40,April,0,25.53
4/23/2024 13:45,April,0,26.83
4/23/2024 13:50,April,0,26.95
4/23/2024 13:55,April,0,14.7
4/23/2024 14:00,April,0,13.54
4/23/2024 14:05,April,0,18.28
4/23/2024 14:10,April,0,17.18
4/23/2024 14:15,April,0,19.63
4/23/2024 14:20,April,0,14.57
4/23/2024 14:25,April,0,16.59
4/23/2024 14:30,April,0,25.6
4/23/2024 14:35,April,0,26.94
4/23/2024 14:40,April,0,28.52
4/23/2024 14:45,April,0,28.44
4/23/2024 14:50,April,0,28.53
4/23/2024 14:55,April,0,28.63
4/23/2024 15:00,April,0,28.43
4/23/2024 15:05,April,0,32.63
4/23/2024 15:10,April,0,32.64
4/23/2024 15:15,April,0,32.64
4/23/2024 15:20,April,0,32.64
4/23/2024 15:25,April,0,32.64
4/23/2024 15:30,April,0,29.67
4/23/2024 15:35,April,0,32.61
4/23/2024 15:40,April,0,7.5
4/23/2024 15:45,April,0,7.7
4/23/2024 15:50,April,0,8.48
4/23/2024 15:55,April,0,7.93
4/23/2024 16:00,April,0,6.56
4/23/2024 16:05,April,0,7.09
4/23/2024 16:10,April,0,6.66
4/23/2024 16:15,April,0,7.71
4/23/2024 16:20,April,0,9.57
4/23/2024 16:25,April,0,10.35
4/23/2024 16:30,April,0,10.24
4/23/2024 16:35,April,0,10.19
4/23/2024 16:40,April,0,6.91
4/23/2024 16:45,April,0,8
4/23/2024 16:50,April,0,5.92
4/23/2024 16:55,April,0,25.19
4/23/2024 17:00,April,0,19.44
4/23/2024 17:05,April,0,29.22
4/23/2024 17:10,April,0,29.68
4/23/2024 17:15,April,0,16.24
4/23/2024 17:20,April,0,28.32
4/23/2024 17:25,April,0,14.81
4/23/2024 17:30,April,0,29.69
4/23/2024 17:35,April,0,29.56
4/23/2024 17:40,April,0,29.57
4/23/2024 17:45,April,0,29.55
4/23/2024 17:50,April,0,29.55
4/23/2024 17:55,April,0,29.54
4/23/2024 18:00,April,0,29.65
4/23/2024 18:05,April,0,29.56
4/23/2024 18:10,April,0,29.56
4/23/2024 18:15,April,0,32.61
4/23/2024 18:20,April,0,32.62
4/23/2024 18:25,April,0,32.63
4/23/2024 18:30,April,0,32.62
4/23/2024 18:35,April,0,32.62
4/23/2024 18:40,April,0,32.63
4/23/2024 18:45,April,0,32.63
4/23/2024 18:50,April,0,6.37
4/23/2024 18:55,April,0,6.37
4/23/2024 19:00,April,0,6.37
4/23/2024 19:05,April,0,0
4/23/2024 19:10,April,0,6.37
4/23/2024 19:15,April,0,6.37
4/23/2024 19:20,April,0,6.37
4/23/2024 19:25,April,0,30.07
4/23/2024 19:30,April,0,6.37
4/23/2024 19:35,April,0,30.1
4/23/2024 19:40,April,0,29.98
4/23/2024 19:45,April,0,30.11
4/23/2024 19:50,April,0,30.15
4/23/2024 19:55,April,0,30.38
4/23/2024 20:00,April,0,6.37
4/23/2024 20:05,April,0,30.55
4/23/2024 20:10,April,0,30.54
4/23/2024 20:15,April,0,30.56
4/23/2024 20:20,April,0,6.37
4/23/2024 20:25,April,0,6.38
4/23/2024 20:30,April,0,6.37
4/23/2024 20:35,April,0,6.37
4/23/2024 20:40,April,0,6.37
4/23/2024 20:45,April,0,6.37
4/23/2024 20:50,April,0,6.37
4/23/2024 20:55,April,0,6.37
4/23/2024 21:00,April,0,29.81
4/23/2024 21:05,April,0,32.68
4/23/2024 21:10,April,0,32.7
4/23/2024 21:15,April,0,32.7
4/23/2024 21:20,April,0,32.71
4/23/2024 21:25,April,0,32.69
4/23/2024 21:30,April,0,32.69
4/23/2024 21:35,April,0,6.38
4/23/2024 21:40,April,0,6.38
4/23/2024 21:45,April,0,6.38
4/23/2024 21:50,April,0,6.38
4/23/2024 21:55,April,0,6.38
4/23/2024 22:00,April,0,6.38
4/23/2024 22:05,April,0,6.38
4/23/2024 22:10,April,0,6.38
4/23/2024 22:15,April,0,28.52
4/23/2024 22:20,April,0,28.34
4/23/2024 22:25,April,0,29.76
4/23/2024 22:30,April,0,6.38
4/23/2024 22:35,April,0,6.38
4/23/2024 22:40,April,0,6.38
4/23/2024 22:45,April,0,6.38
4/23/2024 22:50,April,0,6.38
4/23/2024 22:55,April,0,6.38
4/23/2024 23:00,April,0,6.38
4/23/2024 23:05,April,0,6.38
4/23/2024 23:10,April,0,6.39
4/23/2024 23:15,April,0,6.39
4/23/2024 23:20,April,0,6.39
4/23/2024 23:25,April,0,6.39
4/23/2024 23:30,April,0,6.39
4/23/2024 23:35,April,0,6.39
4/23/2024 23:40,April,0,6.39
4/23/2024 23:45,April,0,6.39
4/23/2024 23:50,April,0,6.39
4/23/2024 23:55,April,0,6.39
4/24/2024 0:00,April,0,6.39
4/24/2024 0:05,April,0,6.39
4/24/2024 0:10,April,0,6.39
4/24/2024 0:15,April,0,6.39
4/24/2024 0:20,April,0,6.39
4/24/2024 0:25,April,0,6.3
4/24/2024 0:30,April,0,4.74
4/24/2024 0:35,April,0,5.57
4/24/2024 0:40,April,0,5.58
4/24/2024 0:45,April,0,5.57
4/24/2024 0:50,April,0,5.56
4/24/2024 0:55,April,0,5.58
4/24/2024 1:00,April,0,5.91
4/24/2024 1:05,April,0,6.38
4/24/2024 1:10,April,0,6.39
4/24/2024 1:15,April,0,5.55
4/24/2024 1:20,April,0,5.92
4/24/2024 1:25,April,0,5.06
4/24/2024 1:30,April,0,5.95
4/24/2024 1:35,April,0,5.85
4/24/2024 1:40,April,0,5.57
4/24/2024 1:45,April,0,5.86
4/24/2024 1:50,April,0,5.57
4/24/2024 1:55,April,0,5.75
4/24/2024 2:00,April,0,5.87
4/24/2024 2:05,April,0,6.37
4/24/2024 2:10,April,0,6.38
4/24/2024 2:15,April,0,6.38
4/24/2024 2:20,April,0,6.38
4/24/2024 2:25,April,0,6.38
4/24/2024 2:30,April,0,5.96
4/24/2024 2:35,April,0,5.89
4/24/2024 2:40,April,0,5.58
4/24/2024 2:45,April,0,5.58
4/24/2024 2:50,April,0,5.55
4/24/2024 2:55,April,0,5.58
4/24/2024 3:00,April,0,5.54
4/24/2024 3:05,April,0,5.53
4/24/2024 3:10,April,0,5.56
4/24/2024 3:15,April,0,5.53
4/24/2024 3:20,April,0,5.55
4/24/2024 3:25,April,0,5.54
4/24/2024 3:30,April,0,5.26
4/24/2024 3:35,April,0,5.48
4/24/2024 3:40,April,0,5.5
4/24/2024 3:45,April,0,5.46
4/24/2024 3:50,April,0,5.46
4/24/2024 3:55,April,0,5.46
4/24/2024 4:00,April,0,5.08
4/24/2024 4:05,April,0,5.46
4/24/2024 4:10,April,0,5.46
4/24/2024 4:15,April,0,5.45
4/24/2024 4:20,April,0,5.46
4/24/2024 4:25,April,0,5.46
4/24/2024 4:30,April,0,5.45
4/24/2024 4:35,April,0,5.46
4/24/2024 4:40,April,0,4.35
4/24/2024 4:45,April,0,5.45
4/24/2024 4:50,April,0,5.45
4/24/2024 4:55,April,0,5.45
4/24/2024 5:00,April,0,5.45
4/24/2024 5:05,April,0,5.45
4/24/2024 5:10,April,0,5.46
4/24/2024 5:15,April,0,5.46
4/24/2024 5:20,April,0,6.36
4/24/2024 5:25,April,0,5.47
4/24/2024 5:30,April,0,5.28
4/24/2024 5:35,April,0,5.47
4/24/2024 5:40,April,0,5.46
4/24/2024 5:45,April,0,5.46
4/24/2024 5:50,April,0,5.26
4/24/2024 5:55,April,0,5.29
4/24/2024 6:00,April,0,5.44
4/24/2024 6:05,April,0,0
4/24/2024 6:10,April,0,3.37
4/24/2024 6:15,April,0,3.54
4/24/2024 6:20,April,0,4.12
4/24/2024 6:25,April,0,3.54
4/24/2024 6:30,April,0,3.54
4/24/2024 6:35,April,0,3.54
4/24/2024 6:40,April,0,3.54
4/24/2024 6:45,April,0,3.68
4/24/2024 6:50,April,0,3.69
4/24/2024 6:55,April,0,3.78
4/24/2024 7:00,April,0,4.12
4/24/2024 7:05,April,0,0
4/24/2024 7:10,April,0,2.79
4/24/2024 7:15,April,0,3.42
4/24/2024 7:20,April,0,3.6
4/24/2024 7:25,April,0,4.11
4/24/2024 7:30,April,0,4.12
4/24/2024 7:35,April,0,4.36
4/24/2024 7:40,April,0,4.35
4/24/2024 7:45,April,0,4.54
4/24/2024 7:50,April,0,5.43
4/24/2024 7:55,April,0,6.36
4/24/2024 8:00,April,0,6.36
4/24/2024 8:05,April,0,5.45
4/24/2024 8:10,April,0,6.36
4/24/2024 8:15,April,0,5.44
4/24/2024 8:20,April,0,6.37
4/24/2024 8:25,April,0,5.5
4/24/2024 8:30,April,0,6.37
4/24/2024 8:35,April,0,5.53
4/24/2024 8:40,April,0,5.5
4/24/2024 8:45,April,0,6.37
4/24/2024 8:50,April,0,6.37
4/24/2024 8:55,April,0,6.37
4/24/2024 9:00,April,0,5.69
4/24/2024 9:05,April,0,0
4/24/2024 9:10,April,0,3.56
4/24/2024 9:15,April,0,4.13
4/24/2024 9:20,April,0,4.35
4/24/2024 9:25,April,0,4.36
4/24/2024 9:30,April,0,5.43
4/24/2024 9:35,April,0,5.45
4/24/2024 9:40,April,0,5.69
4/24/2024 9:45,April,0,5.45
4/24/2024 9:50,April,0,6.37
4/24/2024 9:55,April,0,6.37
4/24/2024 10:00,April,0,6.37
4/24/2024 10:05,April,0,4.35
4/24/2024 10:10,April,0,5.47
4/24/2024 10:15,April,0,5.5
4/24/2024 10:20,April,0,6.37
4/24/2024 10:25,April,0,6.37
4/24/2024 10:30,April,0,6.27
4/24/2024 10:35,April,0,5.54
4/24/2024 10:40,April,0,6.26
4/24/2024 10:45,April,0,6.26
4/24/2024 10:50,April,0,5.72
4/24/2024 10:55,April,0,5.7
4/24/2024 11:00,April,0,5.66
4/24/2024 11:05,April,0,4.84
4/24/2024 11:10,April,0,4.78
4/24/2024 11:15,April,0,5.69
4/24/2024 11:20,April,0,5.71
4/24/2024 11:25,April,0,5.72
4/24/2024 11:30,April,0,5.7
4/24/2024 11:35,April,0,5.71
4/24/2024 11:40,April,0,5.7
4/24/2024 11:45,April,0,4.84
4/24/2024 11:50,April,0,5.68
4/24/2024 11:55,April,0,5.67
4/24/2024 12:00,April,0,4.35
4/24/2024 12:05,April,0,3.38
4/24/2024 12:10,April,0,4.14
4/24/2024 12:15,April,0,4.24
4/24/2024 12:20,April,0,4.35
4/24/2024 12:25,April,0,4.95
4/24/2024 12:30,April,0,6.38
4/24/2024 12:35,April,0,6.38
4/24/2024 12:40,April,0,6.38
4/24/2024 12:45,April,0,6.38
4/24/2024 12:50,April,0,6.38
4/24/2024 12:55,April,0,6.38
4/24/2024 13:00,April,0,6.38
4/24/2024 13:05,April,0,6.38
4/24/2024 13:10,April,0,6.38
4/24/2024 13:15,April,0,6.38
4/24/2024 13:20,April,0,6.38
4/24/2024 13:25,April,0,6.38
4/24/2024 13:30,April,0,6.37
4/24/2024 13:35,April,0,6.37
4/24/2024 13:40,April,0,6.37
4/24/2024 13:45,April,0,6.37
4/24/2024 13:50,April,0,6.37
4/24/2024 13:55,April,0,6.37
4/24/2024 14:00,April,0,6.37
4/24/2024 14:05,April,0,6.37
4/24/2024 14:10,April,0,6.37
4/24/2024 14:15,April,0,6.37
4/24/2024 14:20,April,0,6.37
4/24/2024 14:25,April,0,6.37
4/24/2024 14:30,April,0,6.37
4/24/2024 14:35,April,0,6.37
4/24/2024 14:40,April,0,6.37
4/24/2024 14:45,April,0,6.37
4/24/2024 14:50,April,0,6.37
4/24/2024 14:55,April,0,6.37
4/24/2024 15:00,April,0,6.37
4/24/2024 15:05,April,0,6.37
4/24/2024 15:10,April,0,6.37
4/24/2024 15:15,April,0,6.36
4/24/2024 15:20,April,0,6.36
4/24/2024 15:25,April,0,6.37
4/24/2024 15:30,April,0,6.36
4/24/2024 15:35,April,0,6.36
4/24/2024 15:40,April,0,6.36
4/24/2024 15:45,April,0,6.36
4/24/2024 15:50,April,0,6.36
4/24/2024 15:55,April,0,6.36
4/24/2024 16:00,April,0,6.36
4/24/2024 16:05,April,0,6.36
4/24/2024 16:10,April,0,6.36
4/24/2024 16:15,April,0,6.36
4/24/2024 16:20,April,0,6.36
4/24/2024 16:25,April,0,6.36
4/24/2024 16:30,April,0,6.36
4/24/2024 16:35,April,0,6.36
4/24/2024 16:40,April,0,6.36
4/24/2024 16:45,April,0,6.36
4/24/2024 16:50,April,0,6.37
4/24/2024 16:55,April,0,6.37
4/24/2024 17:00,April,0,6.37
4/24/2024 17:05,April,0,6.37
4/24/2024 17:10,April,0,6.37
4/24/2024 17:15,April,0,6.37
4/24/2024 17:20,April,0,6.37
4/24/2024 17:25,April,0,6.37
4/24/2024 17:30,April,0,6.37
4/24/2024 17:35,April,0,6.37
4/24/2024 17:40,April,0,6.37
4/24/2024 17:45,April,0,6.38
4/24/2024 17:50,April,0,6.37
4/24/2024 17:55,April,0,6.38
4/24/2024 18:00,April,0,6.37
4/24/2024 18:05,April,0,6.37
4/24/2024 18:10,April,0,6.37
4/24/2024 18:15,April,0,6.37
4/24/2024 18:20,April,0,6.37
4/24/2024 18:25,April,0,6.38
4/24/2024 18:30,April,0,6.38
4/24/2024 18:35,April,0,6.38
4/24/2024 18:40,April,0,6.38
4/24/2024 18:45,April,0,6.38
4/24/2024 18:50,April,0,6.38
4/24/2024 18:55,April,0,6.38
4/24/2024 19:00,April,0,6.38
4/24/2024 19:05,April,0,6.38
4/24/2024 19:10,April,0,6.38
4/24/2024 19:15,April,0,6.38
4/24/2024 19:20,April,0,6.38
4/24/2024 19:25,April,0,6.38
4/24/2024 19:30,April,0,6.38
4/24/2024 19:35,April,0,6.38
4/24/2024 19:40,April,0,6.38
4/24/2024 19:45,April,0,6.38
4/24/2024 19:50,April,0,6.38
4/24/2024 19:55,April,0,6.38
4/24/2024 20:00,April,0,6.38
4/24/2024 20:05,April,0,6.38
4/24/2024 20:10,April,0,6.38
4/24/2024 20:15,April,0,6.38
4/24/2024 20:20,April,0,6.37
4/24/2024 20:25,April,0,6.37
4/24/2024 20:30,April,0,6.37
4/24/2024 20:35,April,0,6.37
4/24/2024 20:40,April,0,6.37
4/24/2024 20:45,April,0,6.37
4/24/2024 20:50,April,0,6.38
4/24/2024 20:55,April,0,6.38
4/24/2024 21:00,April,0,6.38
4/24/2024 21:05,April,0,6.38
4/24/2024 21:10,April,0,6.38
4/24/2024 21:15,April,0,6.38
4/24/2024 21:20,April,0,6.37
4/24/2024 21:25,April,0,6.37
4/24/2024 21:30,April,0,6.37
4/24/2024 21:35,April,0,6.37
4/24/2024 21:40,April,0,6.37
4/24/2024 21:45,April,0,6.38
4/24/2024 21:50,April,0,6.38
4/24/2024 21:55,April,0,6.38
4/24/2024 22:00,April,0,6.38
4/24/2024 22:05,April,0,6.38
4/24/2024 22:10,April,0,6.38
4/24/2024 22:15,April,0,6.38
4/24/2024 22:20,April,0,6.38
4/24/2024 22:25,April,0,6.38
4/24/2024 22:30,April,0,6.38
4/24/2024 22:35,April,0,6.38
4/24/2024 22:40,April,0,6.38
4/24/2024 22:45,April,0,6.38
4/24/2024 22:50,April,0,6.38
4/24/2024 22:55,April,0,5.37
4/24/2024 23:00,April,0,5.39
4/24/2024 23:05,April,0,6.38
4/24/2024 23:10,April,0,6.39
4/24/2024 23:15,April,0,6.39
4/24/2024 23:20,April,0,5.78
4/24/2024 23:25,April,0,5.36
4/24/2024 23:30,April,0,5.78
4/24/2024 23:35,April,0,5.36
4/24/2024 23:40,April,0,5.51
4/24/2024 23:45,April,0,5.36
4/24/2024 23:50,April,0,5.51
4/24/2024 23:55,April,0,5.5
4/25/2024 0:00,April,0,4.98
4/25/2024 0:05,April,0,6.38
4/25/2024 0:10,April,0,6.39
4/25/2024 0:15,April,0,6.39
4/25/2024 0:20,April,0,6.39
4/25/2024 0:25,April,0,5.55
4/25/2024 0:30,April,0,6.39
4/25/2024 0:35,April,0,6.39
4/25/2024 0:40,April,0,5.9
4/25/2024 0:45,April,0,5.9
4/25/2024 0:50,April,0,6.31
4/25/2024 0:55,April,0,6.05
4/25/2024 1:00,April,0,5.52
4/25/2024 1:05,April,0,6.39
4/25/2024 1:10,April,0,6.39
4/25/2024 1:15,April,0,6.39
4/25/2024 1:20,April,0,6.39
4/25/2024 1:25,April,0,6.39
4/25/2024 1:30,April,0,6.39
4/25/2024 1:35,April,0,6.39
4/25/2024 1:40,April,0,6.39
4/25/2024 1:45,April,0,6.39
4/25/2024 1:50,April,0,6.39
4/25/2024 1:55,April,0,6.39
4/25/2024 2:00,April,0,6.39
4/25/2024 2:05,April,0,6.39
4/25/2024 2:10,April,0,6.31
4/25/2024 2:15,April,0,6.39
4/25/2024 2:20,April,0,6.39
4/25/2024 2:25,April,0,6.39
4/25/2024 2:30,April,0,6.39
4/25/2024 2:35,April,0,5.55
4/25/2024 2:40,April,0,5.93
4/25/2024 2:45,April,0,5.54
4/25/2024 2:50,April,0,5.53
4/25/2024 2:55,April,0,5.54
4/25/2024 3:00,April,0,5.52
4/25/2024 3:05,April,0,5.52
4/25/2024 3:10,April,0,5.52
4/25/2024 3:15,April,0,5.53
4/25/2024 3:20,April,0,5.53
4/25/2024 3:25,April,0,5.53
4/25/2024 3:30,April,0,5.52
4/25/2024 3:35,April,0,5.51
4/25/2024 3:40,April,0,5.5
4/25/2024 3:45,April,0,4.91
4/25/2024 3:50,April,0,5.5
4/25/2024 3:55,April,0,5.49
4/25/2024 4:00,April,0,4.08
4/25/2024 4:05,April,0,5.88
4/25/2024 4:10,April,0,5.5
4/25/2024 4:15,April,0,5.48
4/25/2024 4:20,April,0,5.5
4/25/2024 4:25,April,0,5.49
4/25/2024 4:30,April,0,3.95
4/25/2024 4:35,April,0,5.48
4/25/2024 4:40,April,0,5.49
4/25/2024 4:45,April,0,5.49
4/25/2024 4:50,April,0,5.49
4/25/2024 4:55,April,0,5.49
4/25/2024 5:00,April,0,5.5
4/25/2024 5:05,April,0,2.44
4/25/2024 5:10,April,0,3.44
4/25/2024 5:15,April,0,4.67
4/25/2024 5:20,April,0,5.46
4/25/2024 5:25,April,0,5.46
4/25/2024 5:30,April,0,5.45
4/25/2024 5:35,April,0,4
4/25/2024 5:40,April,0,3.99
4/25/2024 5:45,April,0,4.48
4/25/2024 5:50,April,0,4.49
4/25/2024 5:55,April,0,4
4/25/2024 6:00,April,0,3.59
4/25/2024 6:05,April,0,0
4/25/2024 6:10,April,0,2.92
4/25/2024 6:15,April,0,3.24
4/25/2024 6:20,April,0,3.36
4/25/2024 6:25,April,0,3.31
4/25/2024 6:30,April,0,3.31
4/25/2024 6:35,April,0,3.16
4/25/2024 6:40,April,0,3.14
4/25/2024 6:45,April,0,2.77
4/25/2024 6:50,April,0,2.92
4/25/2024 6:55,April,0,3.14
4/25/2024 7:00,April,0,3.3
4/25/2024 7:05,April,0,0
4/25/2024 7:10,April,0,0
4/25/2024 7:15,April,0,2.77
4/25/2024 7:20,April,0,2.92
4/25/2024 7:25,April,0,3.45
4/25/2024 7:30,April,0,3.45
4/25/2024 7:35,April,0,4.09
4/25/2024 7:40,April,0,4.08
4/25/2024 7:45,April,0,4.08
4/25/2024 7:50,April,0,4.08
4/25/2024 7:55,April,0,4.09
4/25/2024 8:00,April,0,5.41
4/25/2024 8:05,April,0,2.95
4/25/2024 8:10,April,0,4.1
4/25/2024 8:15,April,0,4.1
4/25/2024 8:20,April,0,4.1
4/25/2024 8:25,April,0,4.11
4/25/2024 8:30,April,0,4.11
4/25/2024 8:35,April,0,4.11
4/25/2024 8:40,April,0,4.33
4/25/2024 8:45,April,0,4.33
4/25/2024 8:50,April,0,4.94
4/25/2024 8:55,April,0,4.5
4/25/2024 9:00,April,0,4.94
4/25/2024 9:05,April,0,0
4/25/2024 9:10,April,0,3.36
4/25/2024 9:15,April,0,3.67
4/25/2024 9:20,April,0,4.93
4/25/2024 9:25,April,0,4.94
4/25/2024 9:30,April,0,4.12
4/25/2024 9:35,April,0,4.11
4/25/2024 9:40,April,0,4.34
4/25/2024 9:45,April,0,4.33
4/25/2024 9:50,April,0,5.56
4/25/2024 9:55,April,0,4.34
4/25/2024 10:00,April,0,4.94
4/25/2024 10:05,April,0,4.33
4/25/2024 10:10,April,0,4.96
4/25/2024 10:15,April,0,4.95
4/25/2024 10:20,April,0,6.37
4/25/2024 10:25,April,0,6.37
4/25/2024 10:30,April,0,6.37
4/25/2024 10:35,April,0,5.19
4/25/2024 10:40,April,0,5.32
4/25/2024 10:45,April,0,5.34
4/25/2024 10:50,April,0,5.32
4/25/2024 10:55,April,0,4.84
4/25/2024 11:00,April,0,5.31
4/25/2024 11:05,April,0,5.31
4/25/2024 11:10,April,0,4.81
4/25/2024 11:15,April,0,5.28
4/25/2024 11:20,April,0,5.28
4/25/2024 11:25,April,0,6.24
4/25/2024 11:30,April,0,5.97
4/25/2024 11:35,April,0,5.25
4/25/2024 11:40,April,0,6.15
4/25/2024 11:45,April,0,5.21
4/25/2024 11:50,April,0,5.28
4/25/2024 11:55,April,0,4.98
4/25/2024 12:00,April,0,4.97
4/25/2024 12:05,April,0,3.99
4/25/2024 12:10,April,0,4.12
4/25/2024 12:15,April,0,4.32
4/25/2024 12:20,April,0,4.34
4/25/2024 12:25,April,0,4.95
4/25/2024 12:30,April,0,4.94
4/25/2024 12:35,April,0,4.95
4/25/2024 12:40,April,0,6.37
4/25/2024 12:45,April,0,6.37
4/25/2024 12:50,April,0,6.37
4/25/2024 12:55,April,0,6.37
4/25/2024 13:00,April,0,6.37
4/25/2024 13:05,April,0,6.37
4/25/2024 13:10,April,0,6.37
4/25/2024 13:15,April,0,6.37
4/25/2024 13:20,April,0,6.38
4/25/2024 13:25,April,0,6.38
4/25/2024 13:30,April,0,6.38
4/25/2024 13:35,April,0,6.38
4/25/2024 13:40,April,0,6.38
4/25/2024 13:45,April,0,6.38
4/25/2024 13:50,April,0,31
4/25/2024 13:55,April,0,30.46
4/25/2024 14:00,April,0,30.46
4/25/2024 14:05,April,0,30.05
4/25/2024 14:10,April,0,30.05
4/25/2024 14:15,April,0,30.08
4/25/2024 14:20,April,0,30.15
4/25/2024 14:25,April,0,6.37
4/25/2024 14:30,April,0,6.37
4/25/2024 14:35,April,0,6.38
4/25/2024 14:40,April,0,29.87
4/25/2024 14:45,April,0,30.12
4/25/2024 14:50,April,0,30.16
4/25/2024 14:55,April,0,30.03
4/25/2024 15:00,April,0,30.25
4/25/2024 15:05,April,0,6.37
4/25/2024 15:10,April,0,6.37
4/25/2024 15:15,April,0,6.37
4/25/2024 15:20,April,0,32.64
4/25/2024 15:25,April,0,32.64
4/25/2024 15:30,April,0,32.64
4/25/2024 15:35,April,0,32.64
4/25/2024 15:40,April,0,32.64
4/25/2024 15:45,April,0,32.64
4/25/2024 15:50,April,0,32.64
4/25/2024 15:55,April,0,32.64
4/25/2024 16:00,April,0,32.64
4/25/2024 16:05,April,0,32.64
4/25/2024 16:10,April,0,32.63
4/25/2024 16:15,April,0,32.64
4/25/2024 16:20,April,0,6.37
4/25/2024 16:25,April,0,6.37
4/25/2024 16:30,April,0,6.37
4/25/2024 16:35,April,0,30.25
4/25/2024 16:40,April,0,28.3
4/25/2024 16:45,April,0,26.19
4/25/2024 16:50,April,0,6.37
4/25/2024 16:55,April,0,6.37
4/25/2024 17:00,April,0,6.37
4/25/2024 17:05,April,0,6.37
4/25/2024 17:10,April,0,8.25
4/25/2024 17:15,April,0,8.27
4/25/2024 17:20,April,0,8.29
4/25/2024 17:25,April,0,4.15
4/25/2024 17:30,April,0,4.27
4/25/2024 17:35,April,0,4.27
4/25/2024 17:40,April,0,4.28
4/25/2024 17:45,April,0,4.86
4/25/2024 17:50,April,0,4.91
4/25/2024 17:55,April,0,4.91
4/25/2024 18:00,April,0,4.86
4/25/2024 18:05,April,0,4.28
4/25/2024 18:10,April,0,4.86
4/25/2024 18:15,April,0,4.89
4/25/2024 18:20,April,0,8.34
4/25/2024 18:25,April,0,18.71
4/25/2024 18:30,April,0,8.98
4/25/2024 18:35,April,0,9.02
4/25/2024 18:40,April,0,9.04
4/25/2024 18:45,April,0,9.05
4/25/2024 18:50,April,0,8.33
4/25/2024 18:55,April,0,8.35
4/25/2024 19:00,April,0,4.97
4/25/2024 19:05,April,0,8.98
4/25/2024 19:10,April,0,10.15
4/25/2024 19:15,April,0,18.65
4/25/2024 19:20,April,0,10.17
4/25/2024 19:25,April,0,10.12
4/25/2024 19:30,April,0,18.56
4/25/2024 19:35,April,0,11.34
4/25/2024 19:40,April,0,16.79
4/25/2024 19:45,April,0,9.7
4/25/2024 19:50,April,0,9.66
4/25/2024 19:55,April,0,9.1
4/25/2024 20:00,April,0,9.1
4/25/2024 20:05,April,0,25.35
4/25/2024 20:10,April,0,19.97
4/25/2024 20:15,April,0,18.82
4/25/2024 20:20,April,0,18.5
4/25/2024 20:25,April,0,18.73
4/25/2024 20:30,April,0,16.61
4/25/2024 20:35,April,0,18.45
4/25/2024 20:40,April,0,18.55
4/25/2024 20:45,April,0,18.8
4/25/2024 20:50,April,0,15.83
4/25/2024 20:55,April,0,15.16
4/25/2024 21:00,April,0,12.73
4/25/2024 21:05,April,0,9.91
4/25/2024 21:10,April,0,10.21
4/25/2024 21:15,April,0,10.48
4/25/2024 21:20,April,0,10.49
4/25/2024 21:25,April,0,14.81
4/25/2024 21:30,April,0,11.41
4/25/2024 21:35,April,0,15.7
4/25/2024 21:40,April,0,10.24
4/25/2024 21:45,April,0,10.23
4/25/2024 21:50,April,0,10.22
4/25/2024 21:55,April,0,9.67
4/25/2024 22:00,April,0,10.14
4/25/2024 22:05,April,0,24.1
4/25/2024 22:10,April,0,10.19
4/25/2024 22:15,April,0,14.6
4/25/2024 22:20,April,0,10.22
4/25/2024 22:25,April,0,10.21
4/25/2024 22:30,April,0,10.2
4/25/2024 22:35,April,0,9.08
4/25/2024 22:40,April,0,9.06
4/25/2024 22:45,April,0,9.05
4/25/2024 22:50,April,0,8.98
4/25/2024 22:55,April,0,10.31
4/25/2024 23:00,April,0,10.23
4/25/2024 23:05,April,0,28.66
4/25/2024 23:10,April,0,26.75
4/25/2024 23:15,April,0,20.96
4/25/2024 23:20,April,0,13.42
4/25/2024 23:25,April,0,10.24
4/25/2024 23:30,April,0,10.26
4/25/2024 23:35,April,0,10.26
4/25/2024 23:40,April,0,10.19
4/25/2024 23:45,April,0,11.32
4/25/2024 23:50,April,0,5.91
4/25/2024 23:55,April,0,5.58
4/26/2024 0:00,April,0,5.45
,,,
,,,
,,,
,,,
,,,
,,,
,,,
,,,
,,,
,,,
,,,
,,,
,,,
,,,
,,,
,,,
,,,
,,,
,,,
,,,
,,,
,,,
,,,
,,,
,,,
,,,
,,,
,,,
,,,
,,,
,,,
,,,
,,,
,,,
,,,
,,,
,,,
,,,
,,,
,,,
,,,
,,,
,,,
,,,
,,,
,,,
,,,
,,,
,,,
,,,
,,,
,,,
,,,
,,,
,,,
,,,
,,,
,,,
,,,
,,,
,,,
,,,
,,,
,,,
,,,
,,,
,,,
,,,
,,,
,,,
,,,
,,,
,,,
,,,
,,,
,,,
,,,
,,,
,,,
,,,
,,,
,,,
,,,
,,,
,,,
,,,
,,,
,,,
,,,
,,,
,,,
,,,
,,,
,,,
,,,
,,,
,,,
,,,
,,,
,,,
,,,
,,,
,,,
,,,
,,,
,,,
,,,
,,,
,,,
,,,
,,,
,,,
,,,
,,,
,,,
,,,
,,,
,,,
,,,
,,,
,,,
,,,
,,,
,,,
,,,
,,,
,,,
,,,
,,,
,,,
,,,
,,,
,,,
,,,
,,,
,,,
,,,
,,,
,,,
,,,
,,,
,,,
,,,
,,,
,,,
,,,
,,,
,,,
,,,
,,,
,,,
,,,
,,,
,,,
,,,
,,,
,,,
,,,
,,,
,,,
,,,
,,,
,,,
,,,
,,,
,,,
,,,
,,,
,,,
,,,
,,,
,,,
,,,
,,,
,,,
,,,
,,,
,,,
,,,
,,,
,,,
,,,
,,,
,,,
,,,
,,,
,,,
,,,
,,,
,,,
,,,
,,,
,,,
,,,
,,,
,,,
,,,
,,,
,,,
,,,
,,,
,,,
,,,
,,,
,,,
,,,
,,,
,,,
,,,
,,,
,,,
,,,
,,,
,,,
,,,
,,,
,,,
,,,
,,,
,,,
,,,
,,,
,,,
,,,
,,,
,,,
,,,
,,,
,,,
,,,
,,,
,,,
,,,
,,,
,,,
,,,
,,,
,,,
,,,
,,,
,,,
,,,
,,,
,,,
,,,
,,,
,,,
,,,
,,,
,,,
,,,
,,,
,,,
,,,
,,,
,,,
,,,
,,,
,,,
,,,
,,,
,,,
,,,
,,,
,,,
,,,
,,,
,,,
,,,
,,,
,,,
,,,
,,,
,,,
,,,
,,,
,,,
,,,
,,,
,,,
,,,
,,,
,,,
,,,
,,,
,,,
,,,
,,,
,,,
,,,
,,,
,,,
,,,
,,,
,,,
,,,
,,,
,,,
,,,
,,,
,,,
,,,
,,,
,,,
,,,
,,,
,,,
,,,
,,,
,,,
,,,
,,,
,,,
,,,
,,,
,,,
,,,
,,,
,,,
,,,
,,,
,,,
,,,
,,,
,,,
,,,
,,,
,,,
,,,
,,,
,,,
,,,
,,,
,,,
,,,
,,,
,,,
,,,
,,,
,,,
,,,
,,,
,,,
,,,
,,,
,,,
,,,
,,,
,,,
,,,
,,,
,,,
,,,
,,,
,,,
,,,
,,,
,,,
,,,
,,,
,,,
,,,
,,,
,,,
,,,
,,,
,,,
,,,
,,,
,,,
,,,
,,,
,,,
,,,
,,,
,,,
,,,
,,,
,,,
,,,
,,,
,,,
,,,
,,,
,,,
,,,
,,,
,,,
,,,
,,,
,,,
,,,
,,,
,,,
,,,
,,,
,,,
,,,
,,,
,,,
,,,
,,,
,,,
,,,
,,,
,,,
,,,
,,,
,,,
,,,
,,,
,,,
,,,
,,,
,,,
,,,
,,,
,,,
,,,
,,,
,,,
,,,
,,,
,,,
,,,
,,,
,,,
,,,
,,,
,,,
,,,
,,,
,,,
,,,
,,,
,,,
,,,
,,,
,,,
,,,
,,,
,,,
,,,
,,,
,,,
,,,
,,,
,,,
,,,
,,,
,,,
,,,
,,,
,,,
,,,
,,,
,,,
,,,
,,,
,,,
,,,
,,,
,,,
,,,
,,,
,,,
,,,
,,,
,,,
,,,
,,,
,,,
,,,
,,,
,,,
,,,
,,,
,,,
,,,
,,,
,,,
,,,
,,,
,,,
,,,
,,,
,,,
,,,
,,,
,,,
,,,
,,,
,,,
,,,
,,,
,,,
,,,
,,,
,,,
,,,
,,,
,,,
,,,
,,,
,,,
,,,
,,,
,,,
,,,
,,,
,,,
,,,
,,,
,,,
,,,
,,,
,,,
,,,
,,,
,,,
,,,
,,,
,,,
,,,
,,,
,,,
,,,
,,,
,,,
,,,
,,,
,,,
,,,
,,,
,,,
,,,
,,,
,,,
,,,
,,,
,,,
,,,
,,,
,,,
,,,
,,,
,,,
,,,
,,,
,,,
,,,
,,,
,,,
,,,
,,,
,,,
,,,
,,,
,,,
,,,
,,,
,,,
,,,
,,,
,,,
,,,
,,,
,,,
,,,
,,,
,,,
,,,
,,,
,,,
,,,
,,,
,,,
,,,
,,,
,,,
,,,
,,,
,,,
,,,
,,,
,,,
,,,
,,,
,,,
,,,
,,,
,,,
,,,
,,,
,,,
,,,
,,,
,,,
,,,
,,,
,,,
,,,
,,,
,,,
,,,
,,,
,,,
,,,
,,,
,,,
,,,
,,,
,,,
,,,
,,,
,,,
,,,
,,,
,,,
,,,
,,,
,,,
,,,
,,,
,,,
,,,
,,,
,,,
,,,
,,,
,,,
,,,
,,,
,,,
,,,
,,,
,,,
,,,
,,,
,,,
,,,
,,,
,,,
,,,
,,,
,,,
,,,
,,,
,,,
,,,
,,,
,,,
,,,
,,,
,,,
,,,
,,,
,,,
,,,
,,,
,,,
,,,
,,,
,,,
,,,
,,,
,,,
,,,
,,,
,,,
,,,
,,,
,,,
,,,
,,,
,,,
,,,
,,,
,,,
,,,
,,,
,,,
,,,
,,,
,,,
,,,
,,,
,,,
,,,
,,,
,,,
,,,
,,,
,,,
,,,
,,,
,,,
,,,
,,,
,,,
,,,
,,,
,,,
,,,
,,,
,,,
,,,
,,,
,,,
,,,
,,,
,,,
,,,
,,,
,,,
,,,
,,,
,,,
,,,
,,,
,,,
,,,
,,,
,,,
,,,
,,,
,,,
,,,
,,,
,,,
,,,
,,,
,,,
,,,
,,,
,,,
,,,
,,,
,,,
,,,
,,,
,,,
,,,
,,,
,,,
,,,
,,,
,,,
,,,
,,,
,,,
,,,
,,,
,,,
,,,
,,,
,,,
,,,
,,,
,,,
,,,
,,,
,,,
,,,
,,,
,,,
,,,
,,,
,,,
,,,
,,,
,,,
,,,
,,,
,,,
,,,
,,,
,,,
,,,
,,,
,,,
,,,
,,,
,,,
,,,
,,,
,,,
,,,
,,,
,,,
,,,
,,,
,,,
,,,
,,,
,,,
,,,
,,,
,,,
,,,
,,,
,,,
,,,
,,,
,,,
,,,
,,,
,,,
,,,
,,,
,,,
,,,
,,,
,,,
,,,
,,,
,,,
,,,
,,,
,,,
,,,
,,,
,,,
,,,
,,,
,,,
,,,
,,,
,,,
,,,
,,,
,,,
,,,
,,,
,,,
,,,
,,,
,,,
,,,
,,,
,,,
,,,
,,,
,,,
,,,
,,,
,,,
,,,
,,,
,,,
,,,
,,,
,,,
,,,
,,,
,,,
,,,
,,,
,,,
,,,
,,,
,,,
,,,
,,,
,,,
,,,
,,,
,,,
,,,
,,,
,,,
,,,
,,,
,,,
,,,
,,,
,,,
,,,
,,,
,,,
,,,
,,,
,,,
,,,
,,,
,,,
,,,
,,,
,,,
,,,
,,,
,,,
,,,
,,,
,,,
,,,
,,,
,,,
,,,
,,,
,,,
,,,
,,,
,,,
,,,
,,,
,,,
,,,
,,,
,,,
,,,
,,,
,,,
,,,
,,,
,,,
,,,
,,,
,,,
,,,
,,,
,,,
,,,
,,,
,,,
,,,
,,,
,,,
,,,
,,,
,,,
,,,
,,,
,,,
,,,
,,,
,,,
,,,
,,,
,,,
,,,
,,,
,,,
,,,
,,,
,,,
,,,
,,,
,,,
,,,
,,,
,,,
,,,
,,,
,,,
,,,
,,,
,,,
,,,
,,,
,,,
,,,
,,,
,,,
,,,
,,,
,,,
,,,
,,,
,,,
,,,
,,,
,,,
,,,
,,,
,,,
,,,
,,,
,,,
,,,
,,,
,,,
,,,
,,,
,,,
,,,
,,,
,,,
,,,
,,,
,,,
,,,
,,,
,,,
,,,
,,,
,,,
,,,
,,,
,,,
,,,
,,,
,,,
,,,
,,,
,,,
,,,
,,,
,,,
,,,
,,,
,,,
,,,
,,,
,,,
,,,
,,,
,,,
,,,
,,,
,,,
,,,
,,,
,,,
,,,
,,,
,,,
,,,
,,,
,,,
,,,
,,,
,,,
,,,
,,,
,,,
,,,
,,,
,,,
,,,
,,,
,,,
,,,
,,,
,,,
,,,
,,,
,,,
,,,
,,,
,,,
,,,
,,,
,,,
,,,
,,,
,,,
,,,
,,,
,,,
,,,
,,,
,,,
,,,
,,,
,,,
,,,
,,,
,,,
,,,
,,,
,,,
,,,
,,,
,,,
,,,
,,,
,,,
,,,
,,,
,,,
,,,
,,,
,,,
,,,
,,,
,,,
,,,
,,,
,,,
,,,
,,,
,,,
,,,
,,,
,,,
,,,
,,,
,,,
,,,
,,,
,,,
,,,
,,,
,,,
,,,
,,,
,,,
,,,
,,,
,,,
,,,
,,,
,,,
,,,
,,,
,,,
,,,
,,,
,,,
,,,
,,,
,,,
,,,
,,,
,,,
,,,
,,,
,,,
,,,
,,,
,,,
,,,
,,,
,,,
,,,
,,,
,,,
,,,
,,,
,,,
,,,
,,,
,,,
,,,
,,,
,,,
,,,
,,,
,,,
,,,
,,,
,,,
,,,
,,,
,,,
,,,
,,,
,,,
,,,
,,,
,,,
,,,
,,,
,,,
,,,
,,,
,,,
,,,
,,,
,,,
,,,
,,,
,,,
,,,
,,,
,,,
,,,
,,,
,,,
,,,
,,,
,,,
,,,
,,,
,,,
,,,
,,,
,,,
,,,
,,,
,,,
,,,
,,,
,,,
,,,
,,,
,,,
,,,
,,,
,,,
,,,
,,,
,,,
,,,
,,,
,,,
,,,
,,,
,,,
,,,
,,,
,,,
,,,
,,,
,,,
,,,
,,,
,,,
,,,
,,,
,,,
,,,
,,,
,,,
,,,
,,,
,,,
,,,
,,,
,,,
,,,
,,,
,,,
,,,
,,,
,,,
,,,
,,,
,,,
,,,
,,,
,,,
,,,
,,,
,,,
,,,
,,,
,,,
,,,
,,,
,,,
,,,
,,,
,,,
,,,
,,,
,,,
,,,
,,,
,,,
,,,
,,,
,,,
,,,
,,,
,,,
,,,
,,,
,,,
,,,
,,,
,,,
,,,
,,,
,,,
,,,
,,,
,,,
,,,
,,,
,,,
,,,
,,,
,,,
,,,
,,,
,,,
,,,
,,,
,,,
,,,
,,,
,,,
,,,
,,,
,,,
,,,
,,,
,,,
,,,
,,,
,,,
,,,
,,,
,,,
,,,
,,,
,,,
,,,
,,,
,,,
,,,
,,,
,,,
,,,
,,,
,,,
,,,
,,,
,,,
,,,
,,,
,,,
,,,
,,,
,,,
,,,
,,,
,,,
,,,
,,,
,,,
,,,
,,,
,,,
,,,
,,,
,,,
,,,
,,,
,,,
,,,
,,,
,,,
,,,
,,,
,,,
,,,
,,,
,,,
,,,
,,,
,,,
,,,
,,,
,,,
,,,
,,,
,,,
,,,
,,,
,,,
,,,
,,,
,,,
,,,
,,,
,,,
,,,
,,,
,,,
,,,
,,,
,,,
,,,
,,,
,,,
,,,
,,,
,,,
,,,
,,,
,,,
,,,
,,,
,,,
,,,
,,,
,,,
,,,
,,,
,,,
,,,
,,,
,,,
,,,
,,,
,,,
,,,
,,,
,,,
,,,
,,,
,,,
,,,
,,,
,,,
,,,
,,,
,,,
,,,
,,,
,,,
,,,
,,,
,,,
,,,
,,,
,,,
,,,
,,,
,,,
,,,
,,,
,,,
,,,
,,,
,,,
,,,
,,,
,,,
,,,
,,,
,,,
,,,
,,,
,,,
,,,
,,,
,,,
,,,
,,,
,,,
,,,
,,,
,,,
,,,
,,,
,,,
,,,
,,,
,,,
,,,
,,,
,,,
,,,
,,,
,,,
,,,
,,,
,,,
,,,
,,,
,,,
,,,
,,,
,,,
,,,
,,,
,,,
,,,
,,,
,,,
,,,
,,,
,,,
,,,
,,,
,,,
,,,
,,,
,,,
,,,
,,,
,,,
,,,
,,,
,,,
,,,
,,,
,,,
,,,
,,,
,,,
,,,
,,,
,,,
,,,
,,,
,,,
,,,
,,,
,,,
,,,
,,,
,,,
,,,
,,,
,,,
,,,
,,,
,,,
,,,
,,,
,,,
,,,
,,,
,,,
,,,
,,,
,,,
,,,
,,,
,,,
,,,
,,,
,,,
,,,
,,,
,,,
,,,
,,,
,,,
,,,
,,,
,,,
,,,
,,,
,,,
,,,
,,,
,,,
,,,
,,,
,,,
,,,
,,,
,,,
,,,
,,,
,,,
,,,
,,,
,,,
,,,
,,,
,,,
,,,
,,,
,,,
,,,
,,,
,,,
,,,
,,,
,,,
,,,
,,,
,,,
,,,
,,,
,,,
,,,
,,,
,,,
,,,
,,,
,,,
,,,
,,,
,,,
,,,
,,,
,,,
,,,
,,,
,,,
,,,
,,,
,,,
,,,
,,,
,,,
,,,
,,,
,,,
,,,
,,,
,,,
,,,
,,,
,,,
,,,
,,,
,,,
,,,
,,,
,,,
,,,
,,,
,,,
,,,
,,,
,,,
,,,
,,,
,,,
,,,
,,,
,,,
,,,
,,,
,,,
,,,
,,,
,,,
,,,
,,,
,,,
,,,
,,,
,,,
,,,
,,,
,,,
,,,
,,,
,,,
,,,
,,,
,,,
,,,
,,,
,,,
,,,
,,,
,,,
,,,
,,,
,,,
,,,
,,,
,,,
,,,
,,,
,,,
,,,
,,,
,,,
,,,
,,,
,,,
,,,
,,,
,,,
,,,
,,,
,,,
,,,
,,,
,,,
,,,
,,,
,,,
,,,
,,,
,,,
,,,
,,,
,,,
,,,
,,,
,,,
,,,
,,,
,,,
,,,
,,,
,,,
,,,
,,,
,,,
,,,
,,,
,,,
,,,
,,,
,,,
,,,
,,,
,,,
,,,
,,,
,,,
,,,
,,,
,,,
,,,
,,,
,,,
,,,
,,,
,,,
,,,
,,,
,,,
,,,
,,,
,,,
,,,
,,,
,,,
,,,
,,,
,,,
,,,
,,,
,,,
,,,
,,,
,,,
,,,
,,,
,,,
,,,
,,,
,,,
,,,
,,,
,,,
,,,
,,,
,,,
,,,
,,,
,,,
,,,
,,,
,,,
,,,
,,,
,,,
,,,
,,,
,,,
,,,
,,,
,,,
,,,
,,,
,,,
,,,
,,,
,,,
,,,
,,,
,,,
,,,
,,,
,,,
,,,
,,,
,,,
,,,
,,,
,,,
,,,
,,,
,,,
,,,
,,,
,,,
,,,
,,,
,,,
,,,
,,,
,,,
,,,
,,,
,,,
,,,
,,,
,,,
,,,
,,,
,,,
,,,
,,,
,,,
,,,
,,,
,,,
,,,
,,,
,,,
,,,
,,,
,,,
,,,
,,,
,,,
,,,
,,,
,,,
,,,
,,,
,,,
,,,
,,,
,,,
,,,
,,,
,,,
,,,
,,,
,,,
,,,
,,,
,,,
,,,
,,,
,,,
,,,
,,,
,,,
,,,
,,,
,,,
,,,
,,,
,,,
,,,
,,,
,,,
,,,
,,,
,,,
,,,
,,,
,,,
,,,
,,,
,,,
,,,
,,,
,,,
,,,
,,,
,,,
,,,
,,,
,,,
,,,
,,,
,,,
,,,
,,,
,,,
,,,
,,,
,,,
,,,
,,,
,,,
,,,
,,,
,,,
,,,
,,,
,,,
,,,
,,,
,,,
,,,
,,,
,,,
,,,
,,,
,,,
,,,
,,,
,,,
,,,
,,,
,,,
,,,
,,,
,,,
,,,
,,,
,,,
,,,
,,,
,,,
,,,
,,,
,,,
,,,
,,,
,,,
,,,
,,,
,,,
,,,
,,,
,,,
,,,
,,,
,,,
,,,
,,,
,,,
,,,
,,,
,,,
,,,
,,,
,,,
,,,
,,,
,,,
,,,
,,,
,,,
,,,
,,,
,,,
,,,
,,,
,,,
,,,
,,,
,,,
,,,
,,,
,,,
,,,
,,,
,,,
,,,
,,,
,,,
,,,
,,,
,,,
,,,
,,,
,,,
,,,
,,,
,,,
,,,
,,,
,,,
,,,
,,,
,,,
,,,
,,,
,,,
,,,
,,,
,,,
,,,
,,,
,,,
,,,
,,,
,,,
,,,
,,,
,,,
,,,
,,,
,,,
,,,
,,,
,,,
,,,
,,,
,,,
,,,
,,,
,,,
,,,
,,,
,,,
,,,
,,,
,,,
,,,
,,,
,,,
,,,
,,,
,,,
,,,
,,,
,,,
,,,
,,,
,,,
,,,
,,,
,,,
,,,
,,,
,,,
,,,
,,,
,,,
,,,
,,,
,,,
,,,
,,,
,,,
,,,
,,,
,,,
,,,
,,,
,,,
,,,
,,,
,,,
,,,
,,,
,,,
,,,
,,,
,,,
,,,
,,,
,,,
,,,
,,,
,,,
,,,
,,,
,,,
,,,
,,,
,,,
,,,
,,,
,,,
,,,
,,,
,,,
,,,
,,,
,,,
,,,
,,,
,,,
,,,
,,,
,,,
,,,
,,,
,,,
,,,
,,,
,,,
,,,
,,,
,,,
,,,
,,,
,,,
,,,
,,,
,,,
,,,
,,,
,,,
,,,
,,,
,,,
,,,
,,,
,,,
,,,
,,,
,,,
,,,
,,,
,,,
,,,
,,,
,,,
,,,
,,,
,,,
,,,
,,,
,,,
,,,
,,,
,,,
,,,
,,,
,,,
,,,
,,,
,,,
,,,
,,,
,,,
,,,
,,,
,,,
,,,
,,,
,,,
,,,
,,,
,,,
,,,
,,,
,,,
,,,
,,,
,,,
,,,
,,,
,,,
,,,
,,,
,,,
,,,
,,,
,,,
,,,
,,,
,,,
,,,
,,,
,,,
,,,
,,,
,,,
,,,
,,,
,,,
,,,
,,,
,,,
,,,
,,,
,,,
,,,
,,,
,,,
,,,
,,,
,,,
,,,
,,,
,,,
,,,
,,,
,,,
,,,
,,,
,,,
,,,
,,,
,,,
,,,
,,,
,,,
,,,
,,,
,,,
,,,
,,,
,,,
,,,
,,,
,,,
,,,
,,,
,,,
,,,
,,,
,,,
,,,
,,,
,,,
,,,
,,,
,,,
,,,
,,,
,,,
,,,
,,,
,,,
,,,
,,,
,,,
,,,
,,,
,,,
,,,
,,,
,,,
,,,
,,,
,,,
,,,
,,,
,,,
,,,
,,,
,,,
,,,
,,,
,,,
,,,
,,,
,,,
,,,
,,,
,,,
,,,
,,,
,,,
,,,
,,,
,,,
,,,
,,,
,,,
,,,
,,,
,,,
,,,
,,,
,,,
,,,
,,,
,,,
,,,
,,,
,,,
,,,
,,,
,,,
,,,
,,,
,,,
,,,
,,,
,,,
,,,
,,,
,,,
,,,
,,,
,,,
,,,
,,,
,,,
,,,
,,,
,,,
,,,
,,,
,,,
,,,
,,,
,,,
,,,
,,,
,,,
,,,
,,,
,,,
,,,
,,,
,,,
,,,
,,,
,,,
,,,
,,,
,,,
,,,
,,,
,,,
,,,
,,,
,,,
,,,
,,,
,,,
,,,
,,,
,,,
,,,
,,,
,,,
,,,
,,,
,,,
,,,
,,,
,,,
,,,
,,,
,,,
,,,
,,,
,,,
,,,
,,,
,,,
,,,
,,,
,,,
,,,
,,,
,,,
,,,
,,,
,,,
,,,
,,,
,,,
,,,
,,,
,,,
,,,
,,,
,,,
,,,
,,,
,,,
,,,
,,,
,,,
,,,
,,,
,,,
,,,
,,,
,,,
,,,
,,,
,,,
,,,
,,,
,,,
,,,
,,,
,,,
,,,
,,,
,,,
,,,
,,,
,,,
,,,
,,,
,,,
,,,
,,,
,,,
,,,
,,,
,,,
,,,
,,,
,,,
,,,
,,,
,,,
,,,
,,,
,,,
,,,
,,,
,,,
,,,
,,,
,,,
,,,
,,,
,,,
,,,
,,,
,,,
,,,
,,,
,,,
,,,
,,,
,,,
,,,
,,,
,,,
,,,
,,,
,,,
,,,
,,,
,,,
,,,
,,,
,,,
,,,
,,,
,,,
,,,
,,,
,,,
,,,
,,,
,,,
,,,
,,,
,,,
,,,
,,,
,,,
,,,
,,,
,,,
,,,
,,,
,,,
,,,
,,,
,,,
,,,
,,,
,,,
,,,
,,,
,,,
,,,
,,,
,,,
,,,
,,,
,,,
,,,
,,,
,,,
,,,
,,,
,,,
,,,
,,,
,,,
,,,
,,,
,,,
,,,
,,,
,,,
,,,
,,,
,,,
,,,
,,,
,,,
,,,
,,,
,,,
,,,
,,,
,,,
,,,
,,,
,,,
,,,
,,,
,,,
,,,
,,,
,,,
,,,
,,,
,,,
,,,
,,,
,,,
,,,
,,,
,,,
,,,
,,,
,,,
,,,
,,,
,,,
,,,
,,,
,,,
,,,
,,,
,,,
,,,
,,,
,,,
,,,
,,,
,,,
,,,
,,,
,,,
,,,
,,,
,,,
,,,
,,,
,,,
,,,
,,,
,,,
,,,
,,,
,,,
,,,
,,,
,,,
,,,
,,,
,,,
,,,
,,,
,,,
,,,
,,,
,,,
,,,
,,,
,,,
,,,
,,,
,,,
,,,
,,,
,,,
,,,
,,,
,,,
,,,
,,,
,,,
,,,
,,,
,,,
,,,
,,,
,,,
,,,
,,,
,,,
,,,
,,,
,,,
,,,
,,,
,,,
,,,
,,,
,,,
,,,
,,,
,,,
,,,
,,,
,,,
,,,
,,,
,,,
,,,
,,,
,,,
,,,
,,,
,,,
,,,
,,,
,,,
,,,
,,,
,,,
,,,
,,,
,,,
,,,
,,,
,,,
,,,
,,,
,,,
,,,
,,,
,,,
,,,
,,,
,,,
,,,
,,,
,,,
,,,
,,,
,,,
,,,
,,,
,,,
,,,
,,,
,,,
,,,
,,,
,,,
,,,
,,,
,,,
,,,
,,,
,,,
,,,
,,,
,,,
,,,
,,,
,,,
,,,
,,,
,,,
,,,
,,,
,,,
,,,
,,,
,,,
,,,
,,,
,,,
,,,
,,,
,,,
,,,
,,,
,,,
,,,
,,,
,,,
,,,
,,,
,,,
,,,
,,,
,,,
,,,
,,,
,,,
,,,
,,,
,,,
,,,
,,,
,,,
,,,
,,,
,,,
,,,
,,,
,,,
,,,
,,,
,,,
,,,
,,,
,,,
,,,
,,,
,,,
,,,
,,,
,,,
,,,
,,,
,,,
,,,
,,,
,,,
,,,
,,,
,,,
,,,
,,,
,,,
,,,
,,,
,,,
,,,
,,,
,,,
,,,
,,,
,,,
,,,
,,,
,,,
,,,
,,,
,,,
,,,
,,,
,,,
,,,
,,,
,,,
,,,
,,,
,,,
,,,
,,,
,,,
,,,
,,,
,,,
,,,
,,,
,,,
,,,
,,,
,,,
,,,
,,,
,,,
,,,
,,,
,,,
,,,
,,,
,,,
,,,
,,,
,,,
,,,
,,,
,,,
,,,
,,,
,,,
,,,
,,,
,,,
,,,
,,,
,,,
,,,
,,,
,,,
,,,
,,,
,,,
,,,
,,,
,,,
,,,
,,,
,,,
,,,
,,,
,,,
,,,
,,,
,,,
,,,
,,,
,,,
,,,
,,,
,,,
,,,
,,,
,,,
,,,
,,,
,,,
,,,
,,,
,,,
,,,
,,,
,,,
,,,
,,,
,,,
,,,
,,,
,,,
,,,
,,,
,,,
,,,
,,,
,,,
,,,
,,,
,,,
,,,
,,,
,,,
,,,
,,,
,,,
,,,
,,,
,,,
,,,
,,,
,,,
,,,
,,,
,,,
,,,
,,,
,,,
,,,
,,,
,,,
,,,
,,,
,,,
,,,
,,,
,,,
,,,
,,,
,,,
,,,
,,,
,,,
,,,
,,,
,,,
,,,
,,,
,,,
,,,
,,,
,,,
,,,
,,,
,,,
,,,
,,,
,,,
,,,
,,,
,,,
,,,
,,,
,,,
,,,
,,,
,,,
,,,
,,,
,,,
,,,
,,,
,,,
,,,
,,,
,,,
,,,
,,,
,,,
,,,
,,,
,,,
,,,
,,,
,,,
,,,
,,,
,,,
,,,
,,,
,,,
,,,
,,,
,,,
,,,
,,,
,,,
,,,
,,,
,,,
,,,
,,,
,,,
,,,
,,,
,,,
,,,
,,,
,,,
,,,
,,,
,,,
,,,
,,,
,,,
,,,
,,,
,,,
,,,
,,,
,,,
,,,
,,,
,,,
,,,
,,,
,,,
,,,
,,,
,,,
,,,
,,,
,,,
,,,
,,,
,,,
,,,
,,,
,,,
,,,
,,,
,,,
,,,
,,,
,,,
,,,
,,,
,,,
,,,
,,,
,,,
,,,
,,,
,,,
,,,
,,,
,,,
,,,
,,,
,,,
,,,
,,,
,,,
,,,
,,,
,,,
,,,
,,,
,,,
,,,
,,,
,,,
,,,
,,,
,,,
,,,
,,,
,,,
,,,
,,,
,,,
,,,
,,,
,,,
,,,
,,,
,,,
,,,
,,,
,,,
,,,
,,,
,,,
,,,
,,,
,,,
,,,
,,,
,,,
,,,
,,,
,,,
,,,
,,,
,,,
,,,
,,,
,,,
,,,
,,,
,,,
,,,
,,,
,,,
,,,
,,,
,,,
,,,
,,,
,,,
,,,
,,,
,,,
,,,
,,,
,,,
,,,
,,,
,,,
,,,
,,,
,,,
,,,
,,,
,,,
,,,
,,,
,,,
,,,
,,,
,,,
,,,
,,,
,,,
,,,
,,,
,,,
,,,
,,,
,,,
,,,
,,,
,,,
,,,
,,,
,,,
,,,
,,,
,,,
,,,
,,,
,,,
,,,
,,,
,,,
,,,
,,,
,,,
,,,
,,,
,,,
,,,
,,,
,,,
,,,
,,,
,,,
,,,
,,,
,,,
,,,
,,,
,,,
,,,
,,,
,,,
,,,
,,,
,,,
,,,
,,,
,,,
,,,
,,,
,,,
,,,
,,,
,,,
,,,
,,,
,,,
,,,
,,,
,,,
,,,
,,,
,,,
,,,
,,,
,,,
,,,
,,,
,,,
,,,
,,,
,,,
,,,
,,,
,,,
,,,
,,,
,,,
,,,
,,,
,,,
,,,
,,,
,,,
,,,
,,,
,,,
,,,
,,,
,,,
,,,
,,,
,,,
,,,
,,,
,,,
,,,
,,,
,,,
,,,
,,,
,,,
,,,
,,,
,,,
,,,
,,,
,,,
,,,
,,,
,,,
,,,
,,,
,,,
,,,
,,,
,,,
,,,
,,,
,,,
,,,
,,,
,,,
,,,
,,,
,,,
,,,
,,,
,,,
,,,
,,,
,,,
,,,
,,,
,,,
,,,
,,,
,,,
,,,
,,,
,,,
,,,
,,,
,,,
,,,
,,,
,,,
,,,
,,,
,,,
,,,
,,,
,,,
,,,
,,,
,,,
,,,
,,,
,,,
,,,
,,,
,,,
,,,
,,,
,,,
,,,
,,,
,,,
,,,
,,,
,,,
,,,
,,,
,,,
,,,
,,,
,,,
,,,
,,,
,,,
,,,
,,,
,,,
,,,
,,,
,,,
,,,
,,,
,,,
,,,
,,,
,,,
,,,
,,,
,,,
,,,
,,,
,,,
,,,
,,,
,,,
,,,
,,,
,,,
,,,
,,,
,,,
,,,
,,,
,,,
,,,
,,,
,,,
,,,
,,,
,,,
,,,
,,,
,,,
,,,
,,,
,,,
,,,
,,,
,,,
,,,
,,,
,,,
,,,
,,,
,,,
,,,
,,,
,,,
,,,
,,,
,,,
,,,
,,,
,,,
,,,
,,,
,,,
,,,
,,,
,,,
,,,
,,,
,,,
,,,
,,,
,,,
,,,
,,,
,,,
,,,
,,,
,,,
,,,
,,,
,,,
,,,
,,,
,,,
,,,
,,,
,,,
,,,
,,,
,,,
,,,
,,,
,,,
,,,
,,,
,,,
,,,
,,,
,,,
,,,
,,,
,,,
,,,
,,,
,,,
,,,
,,,
,,,
,,,
,,,
,,,
,,,
,,,
,,,
,,,
,,,
,,,
,,,
,,,
,,,
,,,
,,,
,,,
,,,
,,,
,,,
,,,
,,,
,,,
,,,
,,,
,,,
,,,
,,,
,,,
,,,
,,,
,,,
,,,
,,,
,,,
,,,
,,,
,,,
,,,
,,,
,,,
,,,
,,,
,,,
,,,
,,,
,,,
,,,
,,,
,,,
,,,
,,,
,,,
,,,
,,,
,,,
,,,
,,,
,,,
,,,
,,,
,,,
,,,
,,,
,,,
,,,
,,,
,,,
,,,
,,,
,,,
,,,
,,,
,,,
,,,
,,,
,,,
,,,
,,,
,,,
,,,
,,,
,,,
,,,
,,,
,,,
,,,
,,,
,,,
,,,
,,,
,,,
,,,
,,,
,,,
,,,
,,,
,,,
,,,
,,,
,,,
,,,
,,,
,,,
,,,
,,,
,,,
,,,
,,,
,,,
,,,
,,,
,,,
,,,
,,,
,,,
,,,
,,,
,,,
,,,
,,,
,,,
,,,
,,,
,,,
,,,
,,,
,,,
,,,
,,,
,,,
,,,
,,,
,,,
,,,
,,,
,,,
,,,
,,,
,,,
,,,
,,,
,,,
,,,
,,,
,,,
,,,
,,,
,,,
,,,
,,,
,,,
,,,
,,,
,,,
,,,
,,,
,,,
,,,
,,,
,,,
,,,
,,,
,,,
,,,
,,,
,,,
,,,
,,,
,,,
,,,
,,,
,,,
,,,
,,,
,,,
,,,
,,,
,,,
,,,
,,,
,,,
,,,
,,,
,,,
,,,
,,,
,,,
,,,
,,,
,,,
,,,
,,,
,,,
,,,
,,,
,,,
,,,
,,,
,,,
,,,
,,,
,,,
,,,
,,,
,,,
,,,
,,,
,,,
,,,
,,,
,,,
,,,
,,,
,,,
,,,
,,,
,,,
,,,
,,,
,,,
,,,
,,,
,,,
,,,
,,,
,,,
,,,
,,,
,,,
,,,
,,,
,,,
,,,
,,,
,,,
,,,
,,,
,,,
,,,
,,,
,,,
,,,
,,,
,,,
,,,
,,,
,,,
,,,
,,,
,,,
,,,
,,,
,,,
,,,
,,,
,,,
,,,
,,,
,,,
,,,
,,,
,,,
,,,
,,,
,,,
,,,
,,,
,,,
,,,
,,,
,,,
,,,
,,,
,,,
,,,
,,,
,,,
,,,
,,,
,,,
,,,
,,,
,,,
,,,
,,,
,,,
,,,
,,,
,,,
,,,
,,,
,,,
,,,
,,,
,,,
,,,
,,,
,,,
,,,
,,,
,,,
,,,
,,,
,,,
,,,
,,,
,,,
,,,
,,,
,,,
,,,
,,,
,,,
,,,
,,,
,,,
,,,
,,,
,,,
,,,
,,,
,,,
,,,
,,,
,,,
,,,
,,,
,,,
,,,
,,,
,,,
,,,
,,,
,,,
,,,
,,,
,,,
,,,
,,,
,,,
,,,
,,,
,,,
,,,
,,,
,,,
,,,
,,,
,,,
,,,
,,,
,,,
,,,
,,,
,,,
,,,
,,,
,,,
,,,
,,,
,,,
,,,
,,,
,,,
,,,
,,,
,,,
,,,
,,,
,,,
,,,
,,,
,,,
,,,
,,,
,,,
,,,
,,,
,,,
,,,
,,,
,,,
,,,
,,,
,,,
,,,
,,,
,,,
,,,
,,,
,,,
,,,
,,,
,,,
,,,
,,,
,,,
,,,
,,,
,,,
,,,
,,,
,,,
,,,
,,,
,,,
,,,
,,,
,,,
,,,
,,,
,,,
,,,
,,,
,,,
,,,
,,,
,,,
,,,
,,,
,,,
,,,
,,,
,,,
,,,
,,,
,,,
,,,
,,,
,,,
,,,
,,,
,,,
,,,
,,,
,,,
,,,
,,,
,,,
,,,
,,,
,,,
,,,
,,,
,,,
,,,
,,,
,,,
,,,
,,,
,,,
,,,
,,,
,,,
,,,
,,,
,,,
,,,
,,,
,,,
,,,
,,,
,,,
,,,
,,,
,,,
,,,
,,,
,,,
,,,
,,,
,,,
,,,
,,,
,,,
,,,
,,,
,,,
,,,
,,,
,,,
,,,
,,,
,,,
,,,
,,,
,,,
,,,
,,,
,,,
,,,
,,,
,,,
,,,
,,,
,,,
,,,
,,,
,,,
,,,
,,,
,,,
,,,
,,,
,,,
,,,
,,,
,,,
,,,
,,,
,,,
,,,
,,,
,,,
,,,
,,,
,,,
,,,
,,,
,,,
,,,
,,,
,,,
,,,
,,,
,,,
,,,
,,,
,,,
,,,
,,,
,,,
,,,
,,,
,,,
,,,
,,,
,,,
,,,
,,,
,,,
,,,
,,,
,,,
,,,
,,,
,,,
,,,
,,,
,,,
,,,
,,,
,,,
,,,
,,,
,,,
,,,
,,,
,,,
,,,
,,,
,,,
,,,
,,,
,,,
,,,
,,,
,,,
,,,
,,,
,,,
,,,
,,,
,,,
,,,
,,,
,,,
,,,
,,,
,,,
,,,
,,,
,,,
,,,
,,,
,,,
,,,
,,,
,,,
,,,
,,,
,,,
,,,
,,,
,,,
,,,
,,,
,,,
,,,
,,,
,,,
,,,
,,,
,,,
,,,
,,,
,,,
,,,
,,,
,,,
,,,
,,,
,,,
,,,
,,,
,,,
,,,
,,,
,,,
,,,
,,,
,,,
,,,
,,,
,,,
,,,
,,,
,,,
,,,
,,,
,,,
,,,
,,,
,,,
,,,
,,,
,,,
,,,
,,,
,,,
,,,
,,,
,,,
,,,
,,,
,,,
,,,
,,,
,,,
,,,
,,,
,,,
,,,
,,,
,,,
,,,
,,,
,,,
,,,
,,,
,,,
,,,
,,,
,,,
,,,
,,,
,,,
,,,
,,,
,,,
,,,
,,,
,,,
,,,
,,,
,,,
,,,
,,,
,,,
,,,
,,,
,,,
,,,
,,,
,,,
,,,
,,,
,,,
,,,
,,,
,,,
,,,
,,,
,,,
,,,
,,,
,,,
,,,
,,,
,,,
,,,
,,,
,,,
,,,
,,,
,,,
,,,
,,,
,,,
,,,
,,,
,,,
,,,
,,,
,,,
,,,
,,,
,,,
,,,
,,,
,,,
,,,
,,,
,,,
,,,
,,,
,,,
,,,
,,,
,,,
,,,
,,,
,,,
,,,
,,,
,,,
,,,
,,,
,,,
,,,
,,,
,,,
,,,
,,,
,,,
,,,
,,,
,,,
,,,
,,,
,,,
,,,
,,,
,,,
,,,
,,,
,,,
,,,
,,,
,,,
,,,
,,,
,,,
,,,
,,,
,,,
,,,
,,,
,,,
,,,
,,,
,,,
,,,
,,,
,,,
,,,
,,,
,,,
,,,
,,,
,,,
,,,
,,,
,,,
,,,
,,,
,,,
,,,
,,,
,,,
,,,
,,,
,,,
,,,
,,,
,,,
,,,
,,,
,,,
,,,
,,,
,,,
,,,
,,,
,,,
,,,
,,,
,,,
,,,
,,,
,,,
,,,
,,,
,,,
,,,
,,,
,,,
,,,
,,,
,,,
,,,
,,,
,,,
,,,
,,,
,,,
,,,
,,,
,,,
,,,
,,,
,,,
,,,
,,,
,,,
,,,
,,,
,,,
,,,
,,,
,,,
,,,
,,,
,,,
,,,
,,,
,,,
,,,
,,,
,,,
,,,
,,,
,,,
,,,
,,,
,,,
,,,
,,,
,,,
,,,
,,,
,,,
,,,
,,,
,,,
,,,
,,,
,,,
,,,
,,,
,,,
,,,
,,,
,,,
,,,
,,,
,,,
,,,
,,,
,,,
,,,
,,,
,,,
,,,
,,,
,,,
,,,
,,,
,,,
,,,
,,,
,,,
,,,
,,,
,,,
,,,
,,,
,,,
,,,
,,,
,,,
,,,
,,,
,,,
,,,
,,,
,,,
,,,
,,,
,,,
,,,
,,,
,,,
,,,
,,,
,,,
,,,
,,,
,,,
,,,
,,,
,,,
,,,
,,,
,,,
,,,
,,,
,,,
,,,
,,,
,,,
,,,
,,,
,,,
,,,
,,,
,,,
,,,
,,,
,,,
,,,
,,,
,,,
,,,
,,,
,,,
,,,
,,,
,,,
,,,
,,,
,,,
,,,
,,,
,,,
,,,
,,,
,,,
,,,
,,,
,,,
,,,
,,,
,,,
,,,
,,,
,,,
,,,
,,,
,,,
,,,
,,,
,,,
,,,
,,,
,,,
,,,
,,,
,,,
,,,
,,,
,,,
,,,
,,,
,,,
,,,
,,,
,,,
,,,
,,,
,,,
,,,
,,,
,,,
,,,
,,,
,,,
,,,
,,,
,,,
,,,
,,,
,,,
,,,
,,,
,,,
,,,
,,,
,,,
,,,
,,,
,,,
,,,
,,,
,,,
,,,
,,,
,,,
,,,
,,,
,,,
,,,
,,,
,,,
,,,
,,,
,,,
,,,
,,,
,,,
,,,
,,,
,,,
,,,
,,,
,,,
,,,
,,,
,,,
,,,
,,,
,,,
,,,
,,,
,,,
,,,
,,,
,,,
,,,
,,,
,,,
,,,
,,,
,,,
,,,
,,,
,,,
,,,
,,,
,,,
,,,
,,,
,,,
,,,
,,,
,,,
,,,
,,,
,,,
,,,
,,,
,,,
,,,
,,,
,,,
,,,
,,,
,,,
,,,
,,,
,,,
,,,
,,,
,,,
,,,
,,,
,,,
,,,
,,,
,,,
,,,
,,,
,,,
,,,
,,,
,,,
,,,
,,,
,,,
,,,
,,,
,,,
,,,
,,,
,,,
,,,
,,,
,,,
,,,
,,,
,,,
,,,
,,,
,,,
,,,
,,,
,,,
,,,
,,,
,,,
,,,
,,,
,,,
,,,
,,,
,,,
,,,
,,,
,,,
,,,
,,,
,,,
,,,
,,,
,,,
,,,
,,,
,,,
,,,
,,,
,,,
,,,
,,,
,,,
,,,
,,,
,,,
,,,
,,,
,,,
,,,
,,,
,,,
,,,
,,,
,,,
,,,
,,,
,,,
,,,
,,,
,,,
,,,
,,,
,,,
,,,
,,,
,,,
,,,
,,,
,,,
,,,
,,,
,,,
,,,
,,,
,,,
,,,
,,,
,,,
,,,
,,,
,,,
,,,
,,,
,,,
,,,
,,,
,,,
,,,
,,,
,,,
,,,
,,,
,,,
,,,
,,,
,,,
,,,
,,,
,,,
,,,
,,,
,,,
,,,
,,,
,,,
,,,
,,,
,,,
,,,
,,,
,,,
,,,
,,,
,,,
,,,
,,,
,,,
,,,
,,,
,,,
,,,
,,,
,,,
,,,
,,,
,,,
,,,
,,,
,,,
,,,
,,,
,,,
,,,
,,,
,,,
,,,
,,,
,,,
,,,
,,,
,,,
,,,
,,,
,,,
,,,
,,,
,,,
,,,
,,,
,,,
,,,
,,,
,,,
,,,
,,,
,,,
,,,
,,,
,,,
,,,
,,,
,,,
,,,
,,,
,,,
,,,
,,,
,,,
,,,
,,,
,,,
,,,
,,,
,,,
,,,
,,,
,,,
,,,
,,,
,,,
,,,
,,,
,,,
,,,
,,,
,,,
,,,
,,,
,,,
,,,
,,,
,,,
,,,
,,,
,,,
,,,
,,,
,,,
,,,
,,,
,,,
,,,
,,,
,,,
,,,
,,,
,,,
,,,
,,,
,,,
,,,
,,,
,,,
,,,
,,,
,,,
,,,
,,,
,,,
,,,
,,,
,,,
,,,
,,,
,,,
,,,
,,,
,,,
,,,
,,,
,,,
,,,
,,,
,,,
,,,
,,,
,,,
,,,
,,,
,,,
,,,
,,,
,,,
,,,
,,,
,,,
,,,
,,,
,,,
,,,
,,,
,,,
,,,
,,,
,,,
,,,
,,,
,,,
,,,
,,,
,,,
,,,
,,,
,,,
,,,
,,,
,,,
,,,
,,,
,,,
,,,
,,,
,,,
,,,
,,,
,,,
,,,
,,,
,,,
,,,
,,,
,,,
,,,
,,,
,,,
,,,
,,,
,,,
,,,
,,,
,,,
,,,
,,,
,,,
,,,
,,,
,,,
,,,
,,,
,,,
,,,
,,,
,,,
,,,
,,,
,,,
,,,
,,,
,,,
,,,
,,,
,,,
,,,
,,,
,,,
,,,
,,,
,,,
,,,
,,,
,,,
,,,
,,,
,,,
,,,
,,,
,,,
,,,
,,,
,,,
,,,
,,,
,,,
,,,
,,,
,,,
,,,
,,,
,,,
,,,
,,,
,,,
,,,
,,,
,,,
,,,
,,,
,,,
,,,
,,,
,,,
,,,
,,,
,,,
,,,
,,,
,,,
,,,
,,,
,,,
,,,
,,,
,,,
,,,
,,,
,,,
,,,
,,,
,,,
,,,
,,,
,,,
,,,
,,,
,,,
,,,
,,,
,,,
,,,
,,,
,,,
,,,
,,,
,,,
,,,
,,,
,,,
,,,
,,,
,,,
,,,
,,,
,,,
,,,
,,,
,,,
,,,
,,,
,,,
,,,
,,,
,,,
,,,
,,,
,,,
,,,
,,,
,,,
,,,
,,,
,,,
,,,
,,,
,,,
,,,
,,,
,,,
,,,
,,,
,,,
,,,
,,,
,,,
,,,
,,,
,,,
,,,
,,,
,,,
,,,
,,,
,,,
,,,
,,,
,,,
,,,
,,,
,,,
,,,
,,,
,,,
,,,
,,,
,,,
,,,
,,,
,,,
,,,
,,,
,,,
,,,
,,,
,,,
,,,
,,,
,,,
,,,
,,,
,,,
,,,
,,,
,,,
,,,
,,,
,,,
,,,
,,,
,,,
,,,
,,,
,,,
,,,
,,,
,,,
,,,
,,,
,,,
,,,
,,,
,,,
,,,
,,,
,,,
,,,
,,,
,,,
,,,
,,,
,,,
,,,
,,,
,,,
,,,
,,,
,,,
,,,
,,,
,,,
,,,
,,,
,,,
,,,
,,,
,,,
,,,
,,,
,,,
,,,
,,,
,,,
,,,
,,,
,,,
,,,
,,,
,,,
,,,
,,,
,,,
,,,
,,,
,,,
,,,
,,,
,,,
,,,
,,,
,,,
,,,
,,,
,,,
,,,
,,,
,,,
,,,
,,,
,,,
,,,
,,,
,,,
,,,
,,,
,,,
,,,
,,,
,,,
,,,
,,,
,,,
,,,
,,,
,,,
,,,
,,,
,,,
,,,
,,,
,,,
,,,
,,,
,,,
,,,
,,,
,,,
,,,
,,,
,,,
,,,
,,,
,,,
,,,
,,,
,,,
,,,
,,,
,,,
,,,
,,,
,,,
,,,
,,,
,,,
,,,
,,,
,,,
,,,
,,,
,,,
,,,
,,,
,,,
,,,
,,,
,,,
,,,
,,,
,,,
,,,
,,,
,,,
,,,
,,,
,,,
,,,
,,,
,,,
,,,
,,,
,,,
,,,
,,,
,,,
,,,
,,,
,,,
,,,
,,,
,,,
,,,
,,,
,,,
,,,
,,,
,,,
,,,
,,,
,,,
,,,
,,,
,,,
,,,
,,,
,,,
,,,
,,,
,,,
,,,
,,,
,,,
,,,
,,,
,,,
,,,
,,,
,,,
,,,
,,,
,,,
,,,
,,,
,,,
,,,
,,,
,,,
,,,
,,,
,,,
,,,
,,,
,,,
,,,
,,,
,,,
,,,
,,,
,,,
,,,
,,,
,,,
,,,
,,,
,,,
,,,
,,,
,,,
,,,
,,,
,,,
,,,
,,,
,,,
,,,
,,,
,,,
,,,
,,,
,,,
,,,
,,,
,,,
,,,
,,,
,,,
,,,
,,,
,,,
,,,
,,,
,,,
,,,
,,,
,,,
,,,
,,,
,,,
,,,
,,,
,,,
,,,
,,,
,,,
,,,
,,,
,,,
,,,
,,,
,,,
,,,
,,,
,,,
,,,
,,,
,,,
,,,
,,,
,,,
,,,
,,,
,,,
,,,
,,,
,,,
,,,
,,,
,,,
,,,
,,,
,,,
,,,
,,,
,,,
,,,
,,,
,,,
,,,
,,,
,,,
,,,
,,,
,,,
,,,
,,,
,,,
,,,
,,,
,,,
,,,
,,,
,,,
,,,
,,,
,,,
,,,
,,,
,,,
,,,
,,,
,,,
,,,
,,,
,,,
,,,
,,,
,,,
,,,
,,,
,,,
,,,
,,,
,,,
,,,
,,,
,,,
,,,
,,,
,,,
,,,
,,,
,,,
,,,
,,,
,,,
,,,
,,,
,,,
,,,
,,,
,,,
,,,
,,,
,,,
,,,
,,,
,,,
,,,
,,,
,,,
,,,
,,,
,,,
,,,
,,,
,,,
,,,
,,,
,,,
,,,
,,,
,,,
,,,
,,,
,,,
,,,
,,,
,,,
,,,
,,,
,,,
,,,
,,,
,,,
,,,
,,,
,,,
,,,
,,,
,,,
,,,
,,,
,,,
,,,
,,,
,,,
,,,
,,,
,,,
,,,
,,,
,,,
,,,
,,,
,,,
,,,
,,,
,,,
,,,
,,,
,,,
,,,
,,,
,,,
,,,
,,,
,,,
,,,
,,,
,,,
,,,
,,,
,,,
,,,
,,,
,,,
,,,
,,,
,,,
,,,
,,,
,,,
,,,
,,,
,,,
,,,
,,,
,,,
,,,
,,,
,,,
,,,
,,,
,,,
,,,
,,,
,,,
,,,
,,,
,,,
,,,
,,,
,,,
,,,
,,,
,,,
,,,
,,,
,,,
,,,
,,,
,,,
,,,
,,,
,,,
,,,
,,,
,,,
,,,
,,,
,,,
,,,
,,,
,,,
,,,
,,,
,,,
,,,
,,,
,,,
,,,
,,,
,,,
,,,
,,,
,,,
,,,
,,,
,,,
,,,
,,,
,,,
,,,
,,,
,,,
,,,
,,,
,,,
,,,
,,,
,,,
,,,
,,,
,,,
,,,
,,,
,,,
,,,
,,,
,,,
,,,
,,,
,,,
,,,
,,,
,,,
,,,
,,,
,,,
,,,
,,,
,,,
,,,
,,,
,,,
,,,
,,,
,,,
,,,
,,,
,,,
,,,
,,,
,,,
,,,
,,,
,,,
,,,
,,,
,,,
,,,
,,,
,,,
,,,
,,,
,,,
,,,
,,,
,,,
,,,
,,,
,,,
,,,
,,,
,,,
,,,
,,,
,,,
,,,
,,,
,,,
,,,
,,,
,,,
,,,
,,,
,,,
,,,
,,,
,,,
,,,
,,,
,,,
,,,
,,,
,,,
,,,
,,,
,,,
,,,
,,,
,,,
,,,
,,,
,,,
,,,
,,,
,,,
,,,
,,,
,,,
,,,
,,,
,,,
,,,
,,,
,,,
,,,
,,,
,,,
,,,
,,,
,,,
,,,
,,,
,,,
,,,
,,,
,,,
,,,
,,,
,,,
,,,
,,,
,,,
,,,
,,,
,,,
,,,
,,,
,,,
,,,
,,,
,,,
,,,
,,,
,,,
,,,
,,,
,,,
,,,
,,,
,,,
,,,
,,,
,,,
,,,
,,,
,,,
,,,
,,,
,,,
,,,
,,,
,,,
,,,
,,,
,,,
,,,
,,,
,,,
,,,
,,,
,,,
,,,
,,,
,,,
,,,
,,,
,,,
,,,
,,,
,,,
,,,
,,,
,,,
,,,
,,,
,,,
,,,
,,,
,,,
,,,
,,,
,,,
,,,
,,,
,,,
,,,
,,,
,,,
,,,
,,,
,,,
,,,
,,,
,,,
,,,
,,,
,,,
,,,
,,,
,,,
,,,
,,,
,,,
,,,
,,,
,,,
,,,
,,,
,,,
,,,
,,,
,,,
,,,
,,,
,,,
,,,
,,,
,,,
,,,
,,,
,,,
,,,
,,,
,,,
,,,
,,,
,,,
,,,
,,,
,,,
,,,
,,,
,,,
,,,
,,,
,,,
,,,
,,,
,,,
,,,
,,,
,,,
,,,
,,,
,,,
,,,
,,,
,,,
,,,
,,,
,,,
,,,
,,,
,,,
,,,
,,,
,,,
,,,
,,,
,,,
,,,
,,,
,,,
,,,
,,,
,,,
,,,
,,,
,,,
,,,
,,,
,,,
,,,
,,,
,,,
,,,
,,,
,,,
,,,
,,,
,,,
,,,
,,,
,,,
,,,
,,,
,,,
,,,
,,,
,,,
,,,
,,,
,,,
,,,
,,,
,,,
,,,
,,,
,,,
,,,
,,,
,,,
,,,
,,,
,,,
,,,
,,,
,,,
,,,
,,,
,,,
,,,
,,,
,,,
,,,
,,,
,,,
,,,
,,,
,,,
,,,
,,,
,,,
,,,
,,,
,,,
,,,
,,,
,,,
,,,
,,,
,,,
,,,
,,,
,,,
,,,
,,,
,,,
,,,
,,,
,,,
,,,
,,,
,,,
,,,
,,,
,,,
,,,
,,,
,,,
,,,
,,,
,,,
,,,
,,,
,,,
,,,
,,,
,,,
,,,
,,,
,,,
,,,
,,,
,,,
,,,
,,,
,,,
,,,
,,,
,,,
,,,
,,,
,,,
,,,
,,,
,,,
,,,
,,,
,,,
,,,
,,,
,,,
,,,
,,,
,,,
,,,
,,,
,,,
,,,
,,,
,,,
,,,
,,,
,,,
,,,
,,,
,,,
,,,
,,,
,,,
,,,
,,,
,,,
,,,
,,,
,,,
,,,
,,,
,,,
,,,
,,,
,,,
,,,
,,,
,,,
,,,
,,,
,,,
,,,
,,,
,,,
,,,
,,,
,,,
,,,
,,,
,,,
,,,
,,,
,,,
,,,
,,,
,,,
,,,
,,,
,,,
,,,
,,,
,,,
,,,
,,,
,,,
,,,
,,,
,,,
,,,
,,,
,,,
,,,
,,,
,,,
,,,
,,,
,,,
,,,
,,,
,,,
,,,
,,,
,,,
,,,
,,,
,,,
,,,
,,,
,,,
,,,
,,,
,,,
,,,
,,,
,,,
,,,
,,,
,,,
,,,
,,,
,,,
,,,
,,,
,,,
,,,
,,,
,,,
,,,
,,,
,,,
,,,
,,,
,,,
,,,
,,,
,,,
,,,
,,,
,,,
,,,
,,,
,,,
,,,
,,,
,,,
,,,
,,,
,,,
,,,
,,,
,,,
,,,
,,,
,,,
,,,
,,,
,,,
,,,
,,,
,,,
,,,
,,,
,,,
,,,
,,,
,,,
,,,
,,,
,,,
,,,
,,,
,,,
,,,
,,,
,,,
,,,
,,,
,,,
,,,
,,,
,,,
,,,
,,,
,,,
,,,
,,,
,,,
,,,
,,,
,,,
,,,
,,,
,,,
,,,
,,,
,,,
,,,
,,,
,,,
,,,
,,,
,,,
,,,
,,,
,,,
,,,
,,,
,,,
,,,
,,,
,,,
,,,
,,,
,,,
,,,
,,,
,,,
,,,
,,,
,,,
,,,
,,,
,,,
,,,
,,,
,,,
,,,
,,,
,,,
,,,
,,,
,,,
,,,
,,,
,,,
,,,
,,,
,,,
,,,
,,,
,,,
,,,
,,,
,,,
,,,
,,,
,,,
,,,
,,,
,,,
,,,
,,,
,,,
,,,
,,,
,,,
,,,
,,,
,,,
,,,
,,,
,,,
,,,
,,,
,,,
,,,
,,,
,,,
,,,
,,,
,,,
,,,
,,,
,,,
,,,
,,,
,,,
,,,
,,,
,,,
,,,
,,,
,,,
,,,
,,,
,,,
,,,
,,,
,,,
,,,
,,,
,,,
,,,
,,,
,,,
,,,
,,,
,,,
,,,
,,,
,,,
,,,
,,,
,,,
,,,
,,,
,,,
,,,
,,,
,,,
,,,
,,,
,,,
,,,
,,,
,,,
,,,
,,,
,,,
,,,
,,,
,,,
,,,
,,,
,,,
,,,
,,,
,,,
,,,
,,,
,,,
,,,
,,,
,,,
,,,
,,,
,,,
,,,
,,,
,,,
,,,
,,,
,,,
,,,
,,,
,,,
,,,
,,,
,,,
,,,
,,,
,,,
,,,
,,,
,,,
,,,
,,,
,,,
,,,
,,,
,,,
,,,
,,,
,,,
,,,
,,,
,,,
,,,
,,,
,,,
,,,
,,,
,,,
,,,
,,,
,,,
,,,
,,,
,,,
,,,
,,,
,,,
,,,
,,,
,,,
,,,
,,,
,,,
,,,
,,,
,,,
,,,
,,,
,,,
,,,
,,,
,,,
,,,
,,,
,,,
,,,
,,,
,,,
,,,
,,,
,,,
,,,
,,,
,,,
,,,
,,,
,,,
,,,
,,,
,,,
,,,
,,,
,,,
,,,
,,,
,,,
,,,
,,,
,,,
,,,
,,,
,,,
,,,
,,,
,,,
,,,
,,,
,,,
,,,
,,,
,,,
,,,
,,,
,,,
,,,
,,,
,,,
,,,
,,,
,,,
,,,
,,,
,,,
,,,
,,,
,,,
,,,
,,,
,,,
,,,
,,,
,,,
,,,
,,,
,,,
,,,
,,,
,,,
,,,
,,,
,,,
,,,
,,,
,,,
,,,
,,,
,,,
,,,
,,,
,,,
,,,
,,,
,,,
,,,
,,,
,,,
,,,
,,,
,,,
,,,
,,,
,,,
,,,
,,,
,,,
,,,
,,,
,,,
,,,
,,,
,,,
,,,
,,,
,,,
,,,
,,,
,,,
,,,
,,,
,,,
,,,
,,,
,,,
,,,
,,,
,,,
,,,
,,,
,,,
,,,
,,,
,,,
,,,
,,,
,,,
,,,
,,,
,,,
,,,
,,,
,,,
,,,
,,,
,,,
,,,
,,,
,,,
,,,
,,,
,,,
,,,
,,,
,,,
,,,
,,,
,,,
,,,
,,,
,,,
,,,
,,,
,,,
,,,
,,,
,,,
,,,
,,,
,,,
,,,
,,,
,,,
,,,
,,,
,,,
,,,
,,,
,,,
,,,
,,,
,,,
,,,
,,,
,,,
,,,
,,,
,,,
,,,
,,,
,,,
,,,
,,,
,,,
,,,
,,,
,,,
,,,
,,,
,,,
,,,
,,,
,,,
,,,
,,,
,,,
,,,
,,,
,,,
,,,
,,,
,,,
,,,
,,,
,,,
,,,
,,,
,,,
,,,
,,,
,,,
,,,
,,,
,,,
,,,
,,,
,,,
,,,
,,,
,,,
,,,
,,,
,,,
,,,
,,,
,,,
,,,
,,,
,,,
,,,
,,,
,,,
,,,
,,,
,,,
,,,
,,,
,,,
,,,
,,,
,,,
,,,
,,,
,,,
,,,
,,,
,,,
,,,
,,,
,,,
,,,
,,,
,,,
,,,
,,,
,,,
,,,
,,,
,,,
,,,
,,,
,,,
,,,
,,,
,,,
,,,
,,,
,,,
,,,
,,,
,,,
,,,
,,,
,,,
,,,
,,,
,,,
,,,
,,,
,,,
,,,
,,,
,,,
,,,
,,,
,,,
,,,
,,,
,,,
,,,
,,,
,,,
,,,
,,,
,,,
,,,
,,,
,,,
,,,
,,,
,,,
,,,
,,,
,,,
,,,
,,,
,,,
,,,
,,,
,,,
,,,
,,,
,,,
,,,
,,,
,,,
,,,
,,,
,,,
,,,
,,,
,,,
,,,
,,,
,,,
,,,
,,,
,,,
,,,
,,,
,,,
,,,
,,,
,,,
,,,
,,,
,,,
,,,
,,,
,,,
,,,
,,,
,,,
,,,
,,,
,,,
,,,
,,,
,,,
,,,
,,,
,,,
,,,
,,,
,,,
,,,
,,,
,,,
,,,
,,,
,,,
,,,
,,,
,,,
,,,
,,,
,,,
,,,
,,,
,,,
,,,
,,,
,,,
,,,
,,,
,,,
,,,
,,,
,,,
,,,
,,,
,,,
,,,
,,,
,,,
,,,
,,,
,,,
,,,
,,,
,,,
,,,
,,,
,,,
,,,
,,,
,,,
,,,
,,,
,,,
,,,
,,,
,,,
,,,
,,,
,,,
,,,
,,,
,,,
,,,
,,,
,,,
,,,
,,,
,,,
,,,
,,,
,,,
,,,
,,,
,,,
,,,
,,,
,,,
,,,
,,,
,,,
,,,
,,,
,,,
,,,
,,,
,,,
,,,
,,,
,,,
,,,
,,,
,,,
,,,
,,,
,,,
,,,
,,,
,,,
,,,
,,,
,,,
,,,
,,,
,,,
,,,
,,,
,,,
,,,
,,,
,,,
,,,
,,,
,,,
,,,
,,,
,,,
,,,
,,,
,,,
,,,
,,,
,,,
,,,
,,,
,,,
,,,
,,,
,,,
,,,
,,,
,,,
,,,
,,,
,,,
,,,
,,,
,,,
,,,
,,,
,,,
,,,
,,,
,,,
,,,
,,,
,,,
,,,
,,,
,,,
,,,
,,,
,,,
,,,
,,,
,,,
,,,
,,,
,,,
,,,
,,,
,,,
,,,
,,,
,,,
,,,
,,,
,,,
,,,
,,,
,,,
,,,
,,,
,,,
,,,
,,,
,,,
,,,
,,,
,,,
,,,
,,,
,,,
,,,
,,,
,,,
,,,
,,,
,,,
,,,
,,,
,,,
,,,
,,,
,,,
,,,
,,,
,,,
,,,
,,,
,,,
,,,
,,,
,,,
,,,
,,,
,,,
,,,
,,,
,,,
,,,
,,,
,,,
,,,
,,,
,,,
,,,
,,,
,,,
,,,
,,,
,,,
,,,
,,,
,,,
,,,
,,,
,,,
,,,
,,,
,,,
,,,
,,,
,,,
,,,
,,,
,,,
,,,
,,,
,,,
,,,
,,,
,,,
,,,
,,,
,,,
,,,
,,,
,,,
,,,
,,,
,,,
,,,
,,,
,,,
,,,
,,,
,,,
,,,
,,,
,,,
,,,
,,,
,,,
,,,
,,,
,,,
,,,
,,,
,,,
,,,
,,,
,,,
,,,
,,,
,,,
,,,
,,,
,,,
,,,
,,,
,,,
,,,
,,,
,,,
,,,
,,,
,,,
,,,
,,,
,,,
,,,
,,,
,,,
,,,
,,,
,,,
,,,
,,,
,,,
,,,
,,,
,,,
,,,
,,,
,,,
,,,
,,,
,,,
,,,
,,,
,,,
,,,
,,,
,,,
,,,
,,,
,,,
,,,
,,,
,,,
,,,
,,,
,,,
,,,
,,,
,,,
,,,
,,,
,,,
,,,
,,,
,,,
,,,
,,,
,,,
,,,
,,,
,,,
,,,
,,,
,,,
,,,
,,,
,,,
,,,
,,,
,,,
,,,
,,,
,,,
,,,
,,,
,,,
,,,
,,,
,,,
,,,
,,,
,,,
,,,
,,,
,,,
,,,
,,,
,,,
,,,
,,,
,,,
,,,
,,,
,,,
,,,
,,,
,,,
,,,
,,,
,,,
,,,
,,,
,,,
,,,
,,,
,,,
,,,
,,,
,,,
,,,
,,,
,,,
,,,
,,,
,,,
,,,
,,,
,,,
,,,
,,,
,,,
,,,
,,,
,,,
,,,
,,,
,,,
,,,
,,,
,,,
,,,
,,,
,,,
,,,
,,,
,,,
,,,
,,,
,,,
,,,
,,,
,,,
,,,
,,,
,,,
,,,
,,,
,,,
,,,
,,,
,,,
,,,
,,,
,,,
,,,
,,,
,,,
,,,
,,,
,,,
,,,
,,,
,,,
,,,
,,,
,,,
,,,
,,,
,,,
,,,
,,,
,,,
,,,
,,,
,,,
,,,
,,,
,,,
,,,
,,,
,,,
,,,
,,,
,,,
,,,
,,,
,,,
,,,
,,,
,,,
,,,
,,,
,,,
,,,
,,,
,,,
,,,
,,,
,,,
,,,
,,,
,,,
,,,
,,,
,,,
,,,
,,,
,,,
,,,
,,,
,,,
,,,
,,,
,,,
,,,
,,,
,,,
,,,
,,,
,,,
,,,
,,,
,,,
,,,
,,,
,,,
,,,
,,,
,,,
,,,
,,,
,,,
,,,
,,,
,,,
,,,
,,,
,,,
,,,
,,,
,,,
,,,
,,,
,,,
,,,
,,,
,,,
,,,
,,,
,,,
,,,
,,,
,,,
,,,
,,,
,,,
,,,
,,,
,,,
,,,
,,,
,,,
,,,
,,,
,,,
,,,
,,,
,,,
,,,
,,,
,,,
,,,
,,,
,,,
,,,
,,,
,,,
,,,
,,,
,,,
,,,
,,,
,,,
,,,
,,,
,,,
,,,
,,,
,,,
,,,
,,,
,,,
,,,
,,,
,,,
,,,
,,,
,,,
,,,
,,,
,,,
,,,
,,,
,,,
,,,
,,,
,,,
,,,
,,,
,,,
,,,
,,,
,,,
,,,
,,,
,,,
,,,
,,,
,,,
,,,
,,,
,,,
,,,
,,,
,,,
,,,
,,,
,,,
,,,
,,,
,,,
,,,
,,,
,,,
,,,
,,,
,,,
,,,
,,,
,,,
,,,
,,,
,,,
,,,
,,,
,,,
,,,
,,,
,,,
,,,
,,,
,,,
,,,
,,,
,,,
,,,
,,,
,,,
,,,
,,,
,,,
,,,
,,,
,,,
,,,
,,,
,,,
,,,
,,,
,,,
,,,
,,,
,,,
,,,
,,,
,,,
,,,
,,,
,,,
,,,
,,,
,,,
,,,
,,,
,,,
,,,
,,,
,,,
,,,
,,,
,,,
,,,
,,,
,,,
,,,
,,,
,,,
,,,
,,,
,,,
,,,
,,,
,,,
,,,
,,,
,,,
,,,
,,,
,,,
,,,
,,,
,,,
,,,
,,,
,,,
,,,
,,,
,,,
,,,
,,,
,,,
,,,
,,,
,,,
,,,
,,,
,,,
,,,
,,,
,,,
,,,
,,,
,,,
,,,
,,,
,,,
,,,
,,,
,,,
,,,
,,,
,,,
,,,
,,,
,,,
,,,
,,,
,,,
,,,
,,,
,,,
,,,
,,,
,,,
,,,
,,,
,,,
,,,
,,,
,,,
,,,
,,,
,,,
,,,
,,,
,,,
,,,
,,,
,,,
,,,
,,,
,,,
,,,
,,,
,,,
,,,
,,,
,,,
,,,
,,,
,,,
,,,
,,,
,,,
,,,
,,,
,,,
,,,
,,,
,,,
,,,
,,,
,,,
,,,
,,,
,,,
,,,
,,,
,,,
,,,
,,,
,,,
,,,
,,,
,,,
,,,
,,,
,,,
,,,
,,,
,,,
,,,
,,,
,,,
,,,
,,,
,,,
,,,
,,,
,,,
,,,
,,,
,,,
,,,
,,,
,,,
,,,
,,,
,,,
,,,
,,,
,,,
,,,
,,,
,,,
,,,
,,,
,,,
,,,
,,,
,,,
,,,
,,,
,,,
,,,
,,,
,,,
,,,
,,,
,,,
,,,
,,,
,,,
,,,
,,,
,,,
,,,
,,,
,,,
,,,
,,,
,,,
,,,
,,,
,,,
,,,
,,,
,,,
,,,
,,,
,,,
,,,
,,,
,,,
,,,
,,,
,,,
,,,
,,,
,,,
,,,
,,,
,,,
,,,
,,,
,,,
,,,
,,,
,,,
,,,
,,,
,,,
,,,
,,,
,,,
,,,
,,,
,,,
,,,
,,,
,,,
,,,
,,,
,,,
,,,
,,,
,,,
,,,
,,,
,,,
,,,
,,,
,,,
,,,
,,,
,,,
,,,
,,,
,,,
,,,
,,,
,,,
,,,
,,,
,,,
,,,
,,,
,,,
,,,
,,,
,,,
,,,
,,,
,,,
,,,
,,,
,,,
,,,
,,,
,,,
,,,
,,,
,,,
,,,
,,,
,,,
,,,
,,,
,,,
,,,
,,,
,,,
,,,
,,,
,,,
,,,
,,,
,,,
,,,
,,,
,,,
,,,
,,,
,,,
,,,
,,,
,,,
,,,
,,,
,,,
,,,
,,,
,,,
,,,
,,,
,,,
,,,
,,,
,,,
,,,
,,,
,,,
,,,
,,,
,,,
,,,
,,,
,,,
,,,
,,,
,,,
,,,
,,,
,,,
,,,
,,,
,,,
,,,
,,,
,,,
,,,
,,,
,,,
,,,
,,,
,,,
,,,
,,,
,,,
,,,
,,,
,,,
,,,
,,,
,,,
,,,
,,,
,,,
,,,
,,,
,,,
,,,
,,,
,,,
,,,
,,,
,,,
,,,
,,,
,,,
,,,
,,,
,,,
,,,
,,,
,,,
,,,
,,,
,,,
,,,
,,,
,,,
,,,
,,,
,,,
,,,
,,,
,,,
,,,
,,,
,,,
,,,
,,,
,,,
,,,
,,,
,,,
,,,
,,,
,,,
,,,
,,,
,,,
,,,
,,,
,,,
,,,
,,,
,,,
,,,
,,,
,,,
,,,
,,,
,,,
,,,
,,,
,,,
,,,
,,,
,,,
,,,
,,,
,,,
,,,
,,,
,,,
,,,
,,,
,,,
,,,
,,,
,,,
,,,
,,,
,,,
,,,
,,,
,,,
,,,
,,,
,,,
,,,
,,,
,,,
,,,
,,,
,,,
,,,
,,,
,,,
,,,
,,,
,,,
,,,
,,,
,,,
,,,
,,,
,,,
,,,
,,,
,,,
,,,
,,,
,,,
,,,
,,,
,,,
,,,
,,,
,,,
,,,
,,,
,,,
,,,
,,,
,,,
,,,
,,,
,,,
,,,
,,,
,,,
,,,
,,,
,,,
,,,
,,,
,,,
,,,
,,,
,,,
,,,
,,,
,,,
,,,
,,,
,,,
,,,
,,,
,,,
,,,
,,,
,,,
,,,
,,,
,,,
,,,
,,,
,,,
,,,
,,,
,,,
,,,
,,,
,,,
,,,
,,,
,,,
,,,
,,,
,,,
,,,
,,,
,,,
,,,
,,,
,,,
,,,
,,,
,,,
,,,
,,,
,,,
,,,
,,,
,,,
,,,
,,,
,,,
,,,
,,,
,,,
,,,
,,,
,,,
,,,
,,,
,,,
,,,
,,,
,,,
,,,
,,,
,,,
,,,
,,,
,,,
,,,
,,,
,,,
,,,
,,,
,,,
,,,
,,,
,,,
,,,
,,,
,,,
,,,
,,,
,,,
,,,
,,,
,,,
,,,
,,,
,,,
,,,
,,,
,,,
,,,
,,,
,,,
,,,
,,,
,,,
,,,
,,,
,,,
,,,
,,,
,,,
,,,
,,,
,,,
,,,
,,,
,,,
,,,
,,,
,,,
,,,
,,,
,,,
,,,
,,,
,,,
,,,
,,,
,,,
,,,
,,,
,,,
,,,
,,,
,,,
,,,
,,,
,,,
,,,
,,,
,,,
,,,
,,,
,,,
,,,
,,,
,,,
,,,
,,,
,,,
,,,
,,,
,,,
,,,
,,,
,,,
,,,
,,,
,,,
,,,
,,,
,,,
,,,
,,,
,,,
,,,
,,,
,,,
,,,
,,,
,,,
,,,
,,,
,,,
,,,
,,,
,,,
,,,
,,,
,,,
,,,
,,,
,,,
,,,
,,,
,,,
,,,
,,,
,,,
,,,
,,,
,,,
,,,
,,,
,,,
,,,
,,,
,,,
,,,
,,,
,,,
,,,
,,,
,,,
,,,
,,,
,,,
,,,
,,,
,,,
,,,
,,,
,,,
,,,
,,,
,,,
,,,
,,,
,,,
,,,
,,,
,,,
,,,
,,,
,,,
,,,
,,,
,,,
,,,
,,,
,,,
,,,
,,,
,,,
,,,
,,,
,,,
,,,
,,,
,,,
,,,
,,,
,,,
,,,
,,,
,,,
,,,
,,,
,,,
,,,
,,,
,,,
,,,
,,,
,,,
,,,
,,,
,,,
,,,
,,,
,,,
,,,
,,,
,,,
,,,
,,,
,,,
,,,
,,,
,,,
,,,
,,,
,,,
,,,
,,,
,,,
,,,
,,,
,,,
,,,
,,,
,,,
,,,
,,,
,,,
,,,
,,,
,,,
,,,
,,,
,,,
,,,
,,,
,,,
,,,
,,,
,,,
,,,
,,,
,,,
,,,
,,,
,,,
,,,
,,,
,,,
,,,
,,,
,,,
,,,
,,,
,,,
,,,
,,,
,,,
,,,
,,,
,,,
,,,
,,,
,,,
,,,
,,,
,,,
,,,
,,,
,,,
,,,
,,,
,,,
,,,
,,,
,,,
,,,
,,,
,,,
,,,
,,,
,,,
,,,
,,,
,,,
,,,
,,,
,,,
,,,
,,,
,,,
,,,
,,,
,,,
,,,
,,,
,,,
,,,
,,,
,,,
,,,
,,,
,,,
,,,
,,,
,,,
,,,
,,,
,,,
,,,
,,,
,,,
,,,
,,,
,,,
,,,
,,,
,,,
,,,
,,,
,,,
,,,
,,,
,,,
,,,
,,,
,,,
,,,
,,,
,,,
,,,
,,,
,,,
,,,
,,,
,,,
,,,
,,,
,,,
,,,
,,,
,,,
,,,
,,,
,,,
,,,
,,,
,,,
,,,
,,,
,,,
,,,
,,,
,,,
,,,
,,,
,,,
,,,
,,,
,,,
,,,
,,,
,,,
,,,
,,,
,,,
,,,
,,,
,,,
,,,
,,,
,,,
,,,
,,,
,,,
,,,
,,,
,,,
,,,
,,,
,,,
,,,
,,,
,,,
,,,
,,,
,,,
,,,
,,,
,,,
,,,
,,,
,,,
,,,
,,,
,,,
,,,
,,,
,,,
,,,
,,,
,,,
,,,
,,,
,,,
,,,
,,,
,,,
,,,
,,,
,,,
,,,
,,,
,,,
,,,
,,,
,,,
,,,
,,,
,,,
,,,
,,,
,,,
,,,
,,,
,,,
,,,
,,,
,,,
,,,
,,,
,,,
,,,
,,,
,,,
,,,
,,,
,,,
,,,
,,,
,,,
,,,
,,,
,,,
,,,
,,,
,,,
,,,
,,,
,,,
,,,
,,,
,,,
,,,
,,,
,,,
,,,
,,,
,,,
,,,
,,,
,,,
,,,
,,,
,,,
,,,
,,,
,,,
,,,
,,,
,,,
,,,
,,,
,,,
,,,
,,,
,,,
,,,
,,,
,,,
,,,
,,,
,,,
,,,
,,,
,,,
,,,
,,,
,,,
,,,
,,,
,,,
,,,
,,,
,,,
,,,
,,,
,,,
,,,
,,,
,,,
,,,
,,,
,,,
,,,
,,,
,,,
,,,
,,,
,,,
,,,
,,,
,,,
,,,
,,,
,,,
,,,
,,,
,,,
,,,
,,,
,,,
,,,
,,,
,,,
,,,
,,,
,,,
,,,
,,,
,,,
,,,
,,,
,,,
,,,
,,,
,,,
,,,
,,,
,,,
,,,
,,,
,,,
,,,
,,,
,,,
,,,
,,,
,,,
,,,
,,,
,,,
,,,
,,,
,,,
,,,
,,,
,,,
,,,
,,,
,,,
,,,
,,,
,,,
,,,
,,,
,,,
,,,
,,,
,,,
,,,
,,,
,,,
,,,
,,,
,,,
,,,
,,,
,,,
,,,
,,,
,,,
,,,
,,,
,,,
,,,
,,,
,,,
,,,
,,,
,,,
,,,
,,,
,,,
,,,
,,,
,,,
,,,
,,,
,,,
,,,
,,,
,,,
,,,
,,,
,,,
,,,
,,,
,,,
,,,
,,,
,,,
,,,
,,,
,,,
,,,
,,,
,,,
,,,
,,,
,,,
,,,
,,,
,,,
,,,
,,,
,,,
,,,
,,,
,,,
,,,
,,,
,,,
,,,
,,,
,,,
,,,
,,,
,,,
,,,
,,,
,,,
,,,
,,,
,,,
,,,
,,,
,,,
,,,
,,,
,,,
,,,
,,,
,,,
,,,
,,,
,,,
,,,
,,,
,,,
,,,
,,,
,,,
,,,
,,,
,,,
,,,
,,,
,,,
,,,
,,,
,,,
,,,
,,,
,,,
,,,
,,,
,,,
,,,
,,,
,,,
,,,
,,,
,,,
,,,
,,,
,,,
,,,
,,,
,,,
,,,
,,,
,,,
,,,
,,,
,,,
,,,
,,,
,,,
,,,
,,,
,,,
,,,
,,,
,,,
,,,
,,,
,,,
,,,
,,,
,,,
,,,
,,,
,,,
,,,
,,,
,,,
,,,
,,,
,,,
,,,
,,,
,,,
,,,
,,,
,,,
,,,
,,,
,,,
,,,
,,,
,,,
,,,
,,,
,,,
,,,
,,,
,,,
,,,
,,,
,,,
,,,
,,,
,,,
,,,
,,,
,,,
,,,
,,,
,,,
,,,
,,,
,,,
,,,
,,,
,,,
,,,
,,,
,,,
,,,
,,,
,,,
,,,
,,,
,,,
,,,
,,,
,,,
,,,
,,,
,,,
,,,
,,,
,,,
,,,
,,,
,,,
,,,
,,,
,,,
,,,
,,,
,,,
,,,
,,,
,,,
,,,
,,,
,,,
,,,
,,,
,,,
,,,
,,,
,,,
,,,
,,,
,,,
,,,
,,,
,,,
,,,
,,,
,,,
,,,
,,,
,,,
,,,
,,,
,,,
,,,
,,,
,,,
,,,
,,,
,,,
,,,
,,,
,,,
,,,
,,,
,,,
,,,
,,,
,,,
,,,
,,,
,,,
,,,
,,,
,,,
,,,
,,,
,,,
,,,
,,,
,,,
,,,
,,,
,,,
,,,
,,,
,,,
,,,
,,,
,,,
,,,
,,,
,,,
,,,
,,,
,,,
,,,
,,,
,,,
,,,
,,,
,,,
,,,
,,,
,,,
,,,
,,,
,,,
,,,
,,,
,,,
,,,
,,,
,,,
,,,
,,,
,,,
,,,
,,,
,,,
,,,
,,,
,,,
,,,
,,,
,,,
,,,
,,,
,,,
,,,
,,,
,,,
,,,
,,,
,,,
,,,
,,,
,,,
,,,
,,,
,,,
,,,
,,,
,,,
,,,
,,,
,,,
,,,
,,,
,,,
,,,
,,,
,,,
,,,
,,,
,,,
,,,
,,,
,,,
,,,
,,,
,,,
,,,
,,,
,,,
,,,
,,,
,,,
,,,
,,,
,,,
,,,
,,,
,,,
,,,
,,,
,,,
,,,
,,,
,,,
,,,
,,,
,,,
,,,
,,,
,,,
,,,
,,,
,,,
,,,
,,,
,,,
,,,
,,,
,,,
,,,
,,,
,,,
,,,
,,,
,,,
,,,
,,,
,,,
,,,
,,,
,,,
,,,
,,,
,,,
,,,
,,,
,,,
,,,
,,,
,,,
,,,
,,,
,,,
,,,
,,,
,,,
,,,
,,,
,,,
,,,
,,,
,,,
,,,
,,,
,,,
,,,
,,,
,,,
,,,
,,,
,,,
,,,
,,,
,,,
,,,
,,,
,,,
,,,
,,,
,,,
,,,
,,,
,,,
,,,
,,,
,,,
,,,
,,,
,,,
,,,
,,,
,,,
,,,
,,,
,,,
,,,
,,,
,,,
,,,
,,,
,,,
,,,
,,,
,,,
,,,
,,,
,,,
,,,
,,,
,,,
,,,
,,,
,,,
,,,
,,,
,,,
,,,
,,,
,,,
,,,
,,,
,,,
,,,
,,,
,,,
,,,
,,,
,,,
,,,
,,,
,,,
,,,
,,,
,,,
,,,
,,,
,,,
,,,
,,,
,,,
,,,
,,,
,,,
,,,
,,,
,,,
,,,
,,,
,,,
,,,
,,,
,,,
,,,
,,,
,,,
,,,
,,,
,,,
,,,
,,,
,,,
,,,
,,,
,,,
,,,
,,,
,,,
,,,
,,,
,,,
,,,
,,,
,,,
,,,
,,,
,,,
,,,
,,,
,,,
,,,
,,,
,,,
,,,
,,,
,,,
,,,
,,,
,,,
,,,
,,,
,,,
,,,
,,,
,,,
,,,
,,,
,,,
,,,
,,,
,,,
,,,
,,,
,,,
,,,
,,,
,,,
,,,
,,,
,,,
,,,
,,,
,,,
,,,
,,,
,,,
,,,
,,,
,,,
,,,
,,,
,,,
,,,
,,,
,,,
,,,
,,,
,,,
,,,
,,,
,,,
,,,
,,,
,,,
,,,
,,,
,,,
,,,
,,,
,,,
,,,
,,,
,,,
,,,
,,,
,,,
,,,
,,,
,,,
,,,
,,,
,,,
,,,
,,,
,,,
,,,
,,,
,,,
,,,
,,,
,,,
,,,
,,,
,,,
,,,
,,,
,,,
,,,
,,,
,,,
,,,
,,,
,,,
,,,
,,,
,,,
,,,
,,,
,,,
,,,
,,,
,,,
,,,
,,,
,,,
,,,
,,,
,,,
,,,
,,,
,,,
,,,
,,,
,,,
,,,
,,,
,,,
,,,
,,,
,,,
,,,
,,,
,,,
,,,
,,,
,,,
,,,
,,,
,,,
,,,
,,,
,,,
,,,
,,,
,,,
,,,
,,,
,,,
,,,
,,,
,,,
,,,
,,,
,,,
,,,
,,,
,,,
,,,
,,,
,,,
,,,
,,,
,,,
,,,
,,,
,,,
,,,
,,,
,,,
,,,
,,,
,,,
,,,
,,,
