Date and Time,Billing Month,BOTOLAN,OLONGAPO
8/26/2024 0:05,September,3.43,3.4
8/26/2024 0:10,September,3.5,3.47
8/26/2024 0:15,September,3.52,3.5
8/26/2024 0:20,September,3.92,3.89
8/26/2024 0:25,September,3.68,3.65
8/26/2024 0:30,September,3.68,3.65
8/26/2024 0:35,September,3.68,3.65
8/26/2024 0:40,September,3.68,3.65
8/26/2024 0:45,September,3.53,3.5
8/26/2024 0:50,September,3.52,3.49
8/26/2024 0:55,September,3.51,3.48
8/26/2024 1:00,September,3.51,3.48
8/26/2024 1:05,September,3.53,3.5
8/26/2024 1:10,September,3.68,3.65
8/26/2024 1:15,September,3.68,3.65
8/26/2024 1:20,September,4.14,4.11
8/26/2024 1:25,September,3.95,3.92
8/26/2024 1:30,September,3.54,3.51
8/26/2024 1:35,September,3.54,3.51
8/26/2024 1:40,September,3.68,3.65
8/26/2024 1:45,September,3.53,3.5
8/26/2024 1:50,September,3.52,3.5
8/26/2024 1:55,September,3.52,3.49
8/26/2024 2:00,September,3.46,3.43
8/26/2024 2:05,September,3.45,3.41
8/26/2024 2:10,September,3.4,3.37
8/26/2024 2:15,September,3.37,3.34
8/26/2024 2:20,September,3.34,3.31
8/26/2024 2:25,September,3.32,3.29
8/26/2024 2:30,September,3.3,3.27
8/26/2024 2:35,September,3.28,3.24
8/26/2024 2:40,September,3.26,3.22
8/26/2024 2:45,September,2.93,2.91
8/26/2024 2:50,September,2.93,2.9
8/26/2024 2:55,September,2.93,2.9
8/26/2024 3:00,September,2.93,2.9
8/26/2024 3:05,September,2.73,2.7
8/26/2024 3:10,September,2.44,2.42
8/26/2024 3:15,September,2.44,2.42
8/26/2024 3:20,September,2.72,2.7
8/26/2024 3:25,September,2.72,2.7
8/26/2024 3:30,September,2.72,2.7
8/26/2024 3:35,September,2.72,2.7
8/26/2024 3:40,September,2.52,2.5
8/26/2024 3:45,September,2.72,2.7
8/26/2024 3:50,September,2.45,2.42
8/26/2024 3:55,September,2.45,2.42
8/26/2024 4:00,September,2.45,2.42
8/26/2024 4:05,September,2.71,2.69
8/26/2024 4:10,September,2.71,2.69
8/26/2024 4:15,September,2.71,2.69
8/26/2024 4:20,September,2.29,2.27
8/26/2024 4:25,September,2.94,2.91
8/26/2024 4:30,September,2.71,2.69
8/26/2024 4:35,September,2.84,2.81
8/26/2024 4:40,September,2.71,2.69
8/26/2024 4:45,September,2.44,2.42
8/26/2024 4:50,September,2.71,2.69
8/26/2024 4:55,September,2.71,2.69
8/26/2024 5:00,September,2.29,2.27
8/26/2024 5:05,September,0,0
8/26/2024 5:10,September,0,0
8/26/2024 5:15,September,0.1,0.1
8/26/2024 5:20,September,2.94,2.92
8/26/2024 5:25,September,2.29,2.27
8/26/2024 5:30,September,2.29,2.27
8/26/2024 5:35,September,2.01,2
8/26/2024 5:40,September,2.44,2.42
8/26/2024 5:45,September,2.29,2.27
8/26/2024 5:50,September,2.01,1.99
8/26/2024 5:55,September,2.29,2.27
8/26/2024 6:00,September,2.29,2.27
8/26/2024 6:05,September,0,0
8/26/2024 6:10,September,0,0
8/26/2024 6:15,September,0,0
8/26/2024 6:20,September,0,0
8/26/2024 6:25,September,0,0
8/26/2024 6:30,September,0,0
8/26/2024 6:35,September,0,0
8/26/2024 6:40,September,0,0
8/26/2024 6:45,September,0,0
8/26/2024 6:50,September,0,0
8/26/2024 6:55,September,0,0
8/26/2024 7:00,September,0,0
8/26/2024 7:05,September,0,0
8/26/2024 7:10,September,0,0
8/26/2024 7:15,September,0,0
8/26/2024 7:20,September,0,0
8/26/2024 7:25,September,0,0
8/26/2024 7:30,September,0,0
8/26/2024 7:35,September,0.1,0.1
8/26/2024 7:40,September,0.1,0.1
8/26/2024 7:45,September,0,0
8/26/2024 7:50,September,1.5,1.5
8/26/2024 7:55,September,2.41,2.4
8/26/2024 8:00,September,2.91,2.9
8/26/2024 8:05,September,0,0
8/26/2024 8:10,September,1.98,1.98
8/26/2024 8:15,September,2.41,2.4
8/26/2024 8:20,September,2.65,2.65
8/26/2024 8:25,September,2.48,2.47
8/26/2024 8:30,September,2.47,2.47
8/26/2024 8:35,September,2.46,2.46
8/26/2024 8:40,September,2.62,2.61
8/26/2024 8:45,September,2.41,2.4
8/26/2024 8:50,September,0,0
8/26/2024 8:55,September,2.44,2.44
8/26/2024 9:00,September,2.89,2.89
8/26/2024 9:05,September,0,0
8/26/2024 9:10,September,0,0
8/26/2024 9:15,September,0,0
8/26/2024 9:20,September,2.25,2.25
8/26/2024 9:25,September,2.25,2.25
8/26/2024 9:30,September,2.44,2.44
8/26/2024 9:35,September,3.17,3.17
8/26/2024 9:40,September,3.07,3.07
8/26/2024 9:45,September,2.89,2.88
8/26/2024 9:50,September,2.89,2.88
8/26/2024 9:55,September,2.94,2.94
8/26/2024 10:00,September,3.21,3.2
8/26/2024 10:05,September,2.76,2.76
8/26/2024 10:10,September,2.84,2.84
8/26/2024 10:15,September,2.88,2.88
8/26/2024 10:20,September,2.91,2.91
8/26/2024 10:25,September,2.94,2.94
8/26/2024 10:30,September,3.07,3.07
8/26/2024 10:35,September,3.07,3.07
8/26/2024 10:40,September,3.06,3.06
8/26/2024 10:45,September,2.94,2.94
8/26/2024 10:50,September,2.96,2.96
8/26/2024 10:55,September,3.07,3.07
8/26/2024 11:00,September,2.96,2.96
8/26/2024 11:05,September,2.96,2.96
8/26/2024 11:10,September,3.06,3.06
8/26/2024 11:15,September,2.97,2.97
8/26/2024 11:20,September,2.95,2.95
8/26/2024 11:25,September,2.98,2.98
8/26/2024 11:30,September,2.94,2.94
8/26/2024 11:35,September,2.93,2.93
8/26/2024 11:40,September,2.93,2.94
8/26/2024 11:45,September,2.96,2.96
8/26/2024 11:50,September,2.95,2.95
8/26/2024 11:55,September,2.88,2.88
8/26/2024 12:00,September,2.87,2.86
8/26/2024 12:05,September,2.84,2.84
8/26/2024 12:10,September,2.86,2.86
8/26/2024 12:15,September,2.89,2.88
8/26/2024 12:20,September,2.91,2.91
8/26/2024 12:25,September,3,2.99
8/26/2024 12:30,September,3.11,3.1
8/26/2024 12:35,September,3.22,3.22
8/26/2024 12:40,September,3.22,3.22
8/26/2024 12:45,September,3.21,3.21
8/26/2024 12:50,September,3.22,3.22
8/26/2024 12:55,September,3.21,3.21
8/26/2024 13:00,September,3.47,3.47
8/26/2024 13:05,September,3.22,3.22
8/26/2024 13:10,September,3.5,3.5
8/26/2024 13:15,September,3.43,3.43
8/26/2024 13:20,September,3.22,3.22
8/26/2024 13:25,September,3.25,3.25
8/26/2024 13:30,September,3.26,3.25
8/26/2024 13:35,September,3.74,3.74
8/26/2024 13:40,September,3.75,3.74
8/26/2024 13:45,September,3.72,3.71
8/26/2024 13:50,September,3.88,3.87
8/26/2024 13:55,September,3.88,3.87
8/26/2024 14:00,September,3.81,3.81
8/26/2024 14:05,September,3.8,3.79
8/26/2024 14:10,September,3.08,3.08
8/26/2024 14:15,September,3.27,3.26
8/26/2024 14:20,September,3.29,3.28
8/26/2024 14:25,September,3.28,3.27
8/26/2024 14:30,September,3.28,3.27
8/26/2024 14:35,September,3.27,3.26
8/26/2024 14:40,September,3.26,3.25
8/26/2024 14:45,September,3.28,3.26
8/26/2024 14:50,September,3.27,3.25
8/26/2024 14:55,September,3.29,3.27
8/26/2024 15:00,September,3.28,3.26
8/26/2024 15:05,September,3.28,3.26
8/26/2024 15:10,September,3.26,3.24
8/26/2024 15:15,September,3.36,3.34
8/26/2024 15:20,September,3.36,3.34
8/26/2024 15:25,September,3.28,3.26
8/26/2024 15:30,September,3.36,3.34
8/26/2024 15:35,September,3.36,3.34
8/26/2024 15:40,September,3.29,3.26
8/26/2024 15:45,September,3.29,3.26
8/26/2024 15:50,September,3.27,3.24
8/26/2024 15:55,September,3.1,3.08
8/26/2024 16:00,September,3.18,3.15
8/26/2024 16:05,September,3.18,3.16
8/26/2024 16:10,September,3.07,3.04
8/26/2024 16:15,September,2.92,2.89
8/26/2024 16:20,September,2.97,2.94
8/26/2024 16:25,September,2.97,2.95
8/26/2024 16:30,September,3.18,3.15
8/26/2024 16:35,September,3.07,3.04
8/26/2024 16:40,September,2.97,2.95
8/26/2024 16:45,September,2.92,2.9
8/26/2024 16:50,September,3.05,3.02
8/26/2024 16:55,September,3.19,3.16
8/26/2024 17:00,September,2.97,2.95
8/26/2024 17:05,September,3.05,3.03
8/26/2024 17:10,September,2.94,2.91
8/26/2024 17:15,September,2.95,2.92
8/26/2024 17:20,September,2.96,2.93
8/26/2024 17:25,September,3.29,3.26
8/26/2024 17:30,September,3.43,3.4
8/26/2024 17:35,September,4.9,4.86
8/26/2024 17:40,September,4.9,4.86
8/26/2024 17:45,September,4.91,4.87
8/26/2024 17:50,September,3.73,3.69
8/26/2024 17:55,September,4.91,4.87
8/26/2024 18:00,September,3.65,3.62
8/26/2024 18:05,September,3.91,3.88
8/26/2024 18:10,September,4.91,4.86
8/26/2024 18:15,September,4.16,4.12
8/26/2024 18:20,September,5.8,5.75
8/26/2024 18:25,September,5.82,5.77
8/26/2024 18:30,September,7.88,7.81
8/26/2024 18:35,September,5.84,5.79
8/26/2024 18:40,September,6.15,6.1
8/26/2024 18:45,September,8.85,8.77
8/26/2024 18:50,September,6.15,6.1
8/26/2024 18:55,September,4.81,4.77
8/26/2024 19:00,September,5.77,5.73
8/26/2024 19:05,September,10.97,10.9
8/26/2024 19:10,September,4.6,4.57
8/26/2024 19:15,September,5.38,5.35
8/26/2024 19:20,September,5.38,5.35
8/26/2024 19:25,September,5.38,5.35
8/26/2024 19:30,September,5.38,5.34
8/26/2024 19:35,September,4.92,4.89
8/26/2024 19:40,September,6.12,6.07
8/26/2024 19:45,September,5.14,5.11
8/26/2024 19:50,September,5.32,5.29
8/26/2024 19:55,September,5.1,5.07
8/26/2024 20:00,September,5.12,5.08
8/26/2024 20:05,September,5.11,5.08
8/26/2024 20:10,September,5.11,5.08
8/26/2024 20:15,September,4.92,4.89
8/26/2024 20:20,September,6.22,6.18
8/26/2024 20:25,September,5.36,5.33
8/26/2024 20:30,September,5.35,5.32
8/26/2024 20:35,September,5.11,5.08
8/26/2024 20:40,September,5.11,5.08
8/26/2024 20:45,September,5.11,5.08
8/26/2024 20:50,September,5.1,5.07
8/26/2024 20:55,September,4.83,4.8
8/26/2024 21:00,September,4.35,4.32
8/26/2024 21:05,September,19.08,18.96
8/26/2024 21:10,September,5.73,5.69
8/26/2024 21:15,September,5.1,5.07
8/26/2024 21:20,September,4.84,4.81
8/26/2024 21:25,September,4.8,4.77
8/26/2024 21:30,September,4.35,4.32
8/26/2024 21:35,September,4.43,4.39
8/26/2024 21:40,September,4.35,4.32
8/26/2024 21:45,September,4.35,4.32
8/26/2024 21:50,September,4.35,4.32
8/26/2024 21:55,September,4.35,4.32
8/26/2024 22:00,September,4.34,4.31
8/26/2024 22:05,September,6.22,6.18
8/26/2024 22:10,September,5.74,5.7
8/26/2024 22:15,September,6.18,6.14
8/26/2024 22:20,September,5.37,5.33
8/26/2024 22:25,September,4.8,4.76
8/26/2024 22:30,September,3.82,3.79
8/26/2024 22:35,September,4.57,4.54
8/26/2024 22:40,September,4.57,4.53
8/26/2024 22:45,September,4.84,4.81
8/26/2024 22:50,September,4.57,4.54
8/26/2024 22:55,September,4.33,4.29
8/26/2024 23:00,September,4.21,4.17
8/26/2024 23:05,September,4.84,4.8
8/26/2024 23:10,September,4.25,4.22
8/26/2024 23:15,September,4.21,4.17
8/26/2024 23:20,September,4.21,4.17
8/26/2024 23:25,September,4.21,4.17
8/26/2024 23:30,September,3.4,3.37
8/26/2024 23:35,September,3.68,3.65
8/26/2024 23:40,September,3.69,3.66
8/26/2024 23:45,September,3.69,3.66
8/26/2024 23:50,September,3.35,3.32
8/26/2024 23:55,September,3.4,3.37
8/27/2024 0:00,September,3.46,3.43
8/27/2024 0:05,September,11.87,11.78
8/27/2024 0:10,September,4.6,4.57
8/27/2024 0:15,September,4.56,4.52
8/27/2024 0:20,September,4.47,4.44
8/27/2024 0:25,September,4.37,4.33
8/27/2024 0:30,September,3.9,3.87
8/27/2024 0:35,September,3.93,3.89
8/27/2024 0:40,September,3.91,3.88
8/27/2024 0:45,September,3.93,3.89
8/27/2024 0:50,September,3.93,3.89
8/27/2024 0:55,September,3.93,3.89
8/27/2024 1:00,September,3.92,3.89
8/27/2024 1:05,September,3.92,3.88
8/27/2024 1:10,September,3.91,3.87
8/27/2024 1:15,September,3.9,3.86
8/27/2024 1:20,September,3.89,3.85
8/27/2024 1:25,September,3.89,3.85
8/27/2024 1:30,September,3.7,3.66
8/27/2024 1:35,September,3.7,3.66
8/27/2024 1:40,September,3.28,3.25
8/27/2024 1:45,September,3.26,3.23
8/27/2024 1:50,September,3.69,3.66
8/27/2024 1:55,September,2.82,2.79
8/27/2024 2:00,September,2.94,2.91
8/27/2024 2:05,September,3.8,3.76
8/27/2024 2:10,September,2.94,2.91
8/27/2024 2:15,September,2.94,2.91
8/27/2024 2:20,September,3.24,3.21
8/27/2024 2:25,September,3.24,3.21
8/27/2024 2:30,September,2.94,2.91
8/27/2024 2:35,September,3.24,3.2
8/27/2024 2:40,September,2.83,2.8
8/27/2024 2:45,September,2.93,2.9
8/27/2024 2:50,September,2.93,2.9
8/27/2024 2:55,September,2.83,2.8
8/27/2024 3:00,September,2.93,2.9
8/27/2024 3:05,September,2.51,2.49
8/27/2024 3:10,September,2.73,2.7
8/27/2024 3:15,September,2.82,2.79
8/27/2024 3:20,September,2.73,2.7
8/27/2024 3:25,September,2.92,2.89
8/27/2024 3:30,September,2.84,2.81
8/27/2024 3:35,September,2.92,2.89
8/27/2024 3:40,September,2.84,2.81
8/27/2024 3:45,September,2.84,2.81
8/27/2024 3:50,September,2.9,2.87
8/27/2024 3:55,September,2.81,2.79
8/27/2024 4:00,September,2.69,2.66
8/27/2024 4:05,September,2.51,2.49
8/27/2024 4:10,September,3.24,3.21
8/27/2024 4:15,September,2.94,2.91
8/27/2024 4:20,September,3.03,3
8/27/2024 4:25,September,3.27,3.24
8/27/2024 4:30,September,2.93,2.9
8/27/2024 4:35,September,3.24,3.2
8/27/2024 4:40,September,3.24,3.2
8/27/2024 4:45,September,3.24,3.2
8/27/2024 4:50,September,3.27,3.24
8/27/2024 4:55,September,3.24,3.2
8/27/2024 5:00,September,3.24,3.2
8/27/2024 5:05,September,0.1,0.1
8/27/2024 5:10,September,3,2.97
8/27/2024 5:15,September,3.12,3.09
8/27/2024 5:20,September,3.14,3.11
8/27/2024 5:25,September,3.12,3.09
8/27/2024 5:30,September,3.27,3.24
8/27/2024 5:35,September,3.26,3.22
8/27/2024 5:40,September,3.25,3.21
8/27/2024 5:45,September,3.03,3
8/27/2024 5:50,September,3.07,3.04
8/27/2024 5:55,September,3.13,3.09
8/27/2024 6:00,September,3.02,2.98
8/27/2024 6:05,September,0,0
8/27/2024 6:10,September,2.71,2.68
8/27/2024 6:15,September,2.72,2.7
8/27/2024 6:20,September,2.7,2.68
8/27/2024 6:25,September,2.44,2.42
8/27/2024 6:30,September,2.44,2.42
8/27/2024 6:35,September,2.37,2.35
8/27/2024 6:40,September,2.44,2.42
8/27/2024 6:45,September,2.71,2.69
8/27/2024 6:50,September,2.71,2.69
8/27/2024 6:55,September,2.71,2.69
8/27/2024 7:00,September,2.71,2.69
8/27/2024 7:05,September,0,0
8/27/2024 7:10,September,2.43,2.42
8/27/2024 7:15,September,2.91,2.89
8/27/2024 7:20,September,2.92,2.9
8/27/2024 7:25,September,2.91,2.89
8/27/2024 7:30,September,2.92,2.9
8/27/2024 7:35,September,3.08,3.06
8/27/2024 7:40,September,3.25,3.23
8/27/2024 7:45,September,3.24,3.23
8/27/2024 7:50,September,3.41,3.39
8/27/2024 7:55,September,3.41,3.39
8/27/2024 8:00,September,3.43,3.41
8/27/2024 8:05,September,3.05,3.03
8/27/2024 8:10,September,3.4,3.38
8/27/2024 8:15,September,3.41,3.39
8/27/2024 8:20,September,3.42,3.4
8/27/2024 8:25,September,3.42,3.41
8/27/2024 8:30,September,3.43,3.41
8/27/2024 8:35,September,3.41,3.39
8/27/2024 8:40,September,3.41,3.4
8/27/2024 8:45,September,3.4,3.39
8/27/2024 8:50,September,3.39,3.38
8/27/2024 8:55,September,3.4,3.39
8/27/2024 9:00,September,3.42,3.41
8/27/2024 9:05,September,2.43,2.43
8/27/2024 9:10,September,2.88,2.87
8/27/2024 9:15,September,2.88,2.87
8/27/2024 9:20,September,3.17,3.16
8/27/2024 9:25,September,3.22,3.22
8/27/2024 9:30,September,3.18,3.17
8/27/2024 9:35,September,3.22,3.21
8/27/2024 9:40,September,3.42,3.41
8/27/2024 9:45,September,3.42,3.42
8/27/2024 9:50,September,3.41,3.4
8/27/2024 9:55,September,3.2,3.2
8/27/2024 10:00,September,3.41,3.4
8/27/2024 10:05,September,2.7,2.69
8/27/2024 10:10,September,3.18,3.17
8/27/2024 10:15,September,3.18,3.18
8/27/2024 10:20,September,3.22,3.22
8/27/2024 10:25,September,3.24,3.24
8/27/2024 10:30,September,3.25,3.24
8/27/2024 10:35,September,3.26,3.26
8/27/2024 10:40,September,3.62,3.62
8/27/2024 10:45,September,3.63,3.63
8/27/2024 10:50,September,3.62,3.62
8/27/2024 10:55,September,3.58,3.58
8/27/2024 11:00,September,3.26,3.26
8/27/2024 11:05,September,3.26,3.26
8/27/2024 11:10,September,3.63,3.62
8/27/2024 11:15,September,3.62,3.62
8/27/2024 11:20,September,3.52,3.52
8/27/2024 11:25,September,3.62,3.62
8/27/2024 11:30,September,3.62,3.63
8/27/2024 11:35,September,3.52,3.52
8/27/2024 11:40,September,3.62,3.62
8/27/2024 11:45,September,3.62,3.62
8/27/2024 11:50,September,3.63,3.63
8/27/2024 11:55,September,3.62,3.62
8/27/2024 12:00,September,3.26,3.26
8/27/2024 12:05,September,3.23,3.24
8/27/2024 12:10,September,3.23,3.23
8/27/2024 12:15,September,3.24,3.24
8/27/2024 12:20,September,3.23,3.23
8/27/2024 12:25,September,3.22,3.22
8/27/2024 12:30,September,3.23,3.23
8/27/2024 12:35,September,3.23,3.23
8/27/2024 12:40,September,3.24,3.24
8/27/2024 12:45,September,3.23,3.23
8/27/2024 12:50,September,3.24,3.24
8/27/2024 12:55,September,3.25,3.25
8/27/2024 13:00,September,3.25,3.25
8/27/2024 13:05,September,3.26,3.26
8/27/2024 13:10,September,3.25,3.24
8/27/2024 13:15,September,3.25,3.25
8/27/2024 13:20,September,3.52,3.51
8/27/2024 13:25,September,5.29,5.29
8/27/2024 13:30,September,5.62,5.62
8/27/2024 13:35,September,5.3,5.3
8/27/2024 13:40,September,3.66,3.65
8/27/2024 13:45,September,3.98,3.97
8/27/2024 13:50,September,4.36,4.35
8/27/2024 13:55,September,3.66,3.66
8/27/2024 14:00,September,3.56,3.56
8/27/2024 14:05,September,3.53,3.52
8/27/2024 14:10,September,8.68,8.67
8/27/2024 14:15,September,3.61,3.6
8/27/2024 14:20,September,4.16,4.16
8/27/2024 14:25,September,4.87,4.87
8/27/2024 14:30,September,4.87,4.87
8/27/2024 14:35,September,4.59,4.59
8/27/2024 14:40,September,5.33,5.32
8/27/2024 14:45,September,13.02,13.01
8/27/2024 14:50,September,5.66,5.65
8/27/2024 14:55,September,5.34,5.34
8/27/2024 15:00,September,3.89,3.89
8/27/2024 15:05,September,3.53,3.53
8/27/2024 15:10,September,4.37,4.37
8/27/2024 15:15,September,4.37,4.37
8/27/2024 15:20,September,4.88,4.88
8/27/2024 15:25,September,4.39,4.4
8/27/2024 15:30,September,4.39,4.39
8/27/2024 15:35,September,5.34,5.34
8/27/2024 15:40,September,3.63,3.63
8/27/2024 15:45,September,4.58,4.58
8/27/2024 15:50,September,4.4,4.39
8/27/2024 15:55,September,4.39,4.39
8/27/2024 16:00,September,3.66,3.65
8/27/2024 16:05,September,5.35,5.34
8/27/2024 16:10,September,3.54,3.54
8/27/2024 16:15,September,3.9,3.89
8/27/2024 16:20,September,4.89,4.88
8/27/2024 16:25,September,5.67,5.66
8/27/2024 16:30,September,4.5,4.5
8/27/2024 16:35,September,4.5,4.5
8/27/2024 16:40,September,4.5,4.5
8/27/2024 16:45,September,4.49,4.48
8/27/2024 16:50,September,3.6,3.6
8/27/2024 16:55,September,3.31,3.31
8/27/2024 17:00,September,3.29,3.28
8/27/2024 17:05,September,3.29,3.28
8/27/2024 17:10,September,3.28,3.27
8/27/2024 17:15,September,3.28,3.27
8/27/2024 17:20,September,3.56,3.55
8/27/2024 17:25,September,3.6,3.58
8/27/2024 17:30,September,4.7,4.68
8/27/2024 17:35,September,4.18,4.16
8/27/2024 17:40,September,4.18,4.16
8/27/2024 17:45,September,3.68,3.66
8/27/2024 17:50,September,3.68,3.66
8/27/2024 17:55,September,8.75,8.71
8/27/2024 18:00,September,5.37,5.35
8/27/2024 18:05,September,16.03,15.97
8/27/2024 18:10,September,13.1,13.06
8/27/2024 18:15,September,8.74,8.71
8/27/2024 18:20,September,5.76,5.73
8/27/2024 18:25,September,11.89,11.84
8/27/2024 18:30,September,11.89,11.85
8/27/2024 18:35,September,9.82,9.78
8/27/2024 18:40,September,5.79,5.77
8/27/2024 18:45,September,5.77,5.75
8/27/2024 18:50,September,5.76,5.74
8/27/2024 18:55,September,5.42,5.4
8/27/2024 19:00,September,5.75,5.72
8/27/2024 19:05,September,7.01,6.98
8/27/2024 19:10,September,5.76,5.74
8/27/2024 19:15,September,4.52,4.5
8/27/2024 19:20,September,5.41,5.39
8/27/2024 19:25,September,5.4,5.38
8/27/2024 19:30,September,5.4,5.38
8/27/2024 19:35,September,5.73,5.71
8/27/2024 19:40,September,5.73,5.71
8/27/2024 19:45,September,5.73,5.71
8/27/2024 19:50,September,5.74,5.72
8/27/2024 19:55,September,5.42,5.4
8/27/2024 20:00,September,5.41,5.4
8/27/2024 20:05,September,16.27,16.23
8/27/2024 20:10,September,7.01,6.99
8/27/2024 20:15,September,5.74,5.72
8/27/2024 20:20,September,5.76,5.74
8/27/2024 20:25,September,5.9,5.88
8/27/2024 20:30,September,5.79,5.77
8/27/2024 20:35,September,4.54,4.53
8/27/2024 20:40,September,5.41,5.4
8/27/2024 20:45,September,5.41,5.4
8/27/2024 20:50,September,5.41,5.4
8/27/2024 20:55,September,5.41,5.4
8/27/2024 21:00,September,3.92,3.91
8/27/2024 21:05,September,28.39,28.31
8/27/2024 21:10,September,12.77,12.72
8/27/2024 21:15,September,5.74,5.72
8/27/2024 21:20,September,3.67,3.66
8/27/2024 21:25,September,4.95,4.93
8/27/2024 21:30,September,4.95,4.93
8/27/2024 21:35,September,4.95,4.93
8/27/2024 21:40,September,4.93,4.91
8/27/2024 21:45,September,3.29,3.28
8/27/2024 21:50,September,3.67,3.66
8/27/2024 21:55,September,3.67,3.66
8/27/2024 22:00,September,3.67,3.66
8/27/2024 22:05,September,7.01,6.98
8/27/2024 22:10,September,4.93,4.92
8/27/2024 22:15,September,3.76,3.74
8/27/2024 22:20,September,3.68,3.66
8/27/2024 22:25,September,3.36,3.35
8/27/2024 22:30,September,3.25,3.23
8/27/2024 22:35,September,3.25,3.23
8/27/2024 22:40,September,3.27,3.26
8/27/2024 22:45,September,3.27,3.26
8/27/2024 22:50,September,3.26,3.25
8/27/2024 22:55,September,3.24,3.22
8/27/2024 23:00,September,3.23,3.21
8/27/2024 23:05,September,3.29,3.28
8/27/2024 23:10,September,3.28,3.26
8/27/2024 23:15,September,3.28,3.26
8/27/2024 23:20,September,3.28,3.26
8/27/2024 23:25,September,3.24,3.22
8/27/2024 23:30,September,3.25,3.24
8/27/2024 23:35,September,3.25,3.23
8/27/2024 23:40,September,3.24,3.22
8/27/2024 23:45,September,2.95,2.93
8/27/2024 23:50,September,3.23,3.21
8/27/2024 23:55,September,3.24,3.22
8/28/2024 0:00,September,3.1,3.08
8/28/2024 0:05,September,3.78,3.76
8/28/2024 0:10,September,3.75,3.73
8/28/2024 0:15,September,3.76,3.73
8/28/2024 0:20,September,3.77,3.75
8/28/2024 0:25,September,3.78,3.76
8/28/2024 0:30,September,3.78,3.75
8/28/2024 0:35,September,3.78,3.76
8/28/2024 0:40,September,3.78,3.76
8/28/2024 0:45,September,3.78,3.76
8/28/2024 0:50,September,3.78,3.75
8/28/2024 0:55,September,3.78,3.75
8/28/2024 1:00,September,3.78,3.76
8/28/2024 1:05,September,3.78,3.75
8/28/2024 1:10,September,3.78,3.75
8/28/2024 1:15,September,3.77,3.74
8/28/2024 1:20,September,3.77,3.74
8/28/2024 1:25,September,3.76,3.73
8/28/2024 1:30,September,3.75,3.72
8/28/2024 1:35,September,3.69,3.66
8/28/2024 1:40,September,3.66,3.63
8/28/2024 1:45,September,3.65,3.62
8/28/2024 1:50,September,3.65,3.62
8/28/2024 1:55,September,3.65,3.62
8/28/2024 2:00,September,3.63,3.6
8/28/2024 2:05,September,3.6,3.57
8/28/2024 2:10,September,3.59,3.56
8/28/2024 2:15,September,3.28,3.25
8/28/2024 2:20,September,3.28,3.25
8/28/2024 2:25,September,3.5,3.47
8/28/2024 2:30,September,3.49,3.46
8/28/2024 2:35,September,3.49,3.46
8/28/2024 2:40,September,3.5,3.47
8/28/2024 2:45,September,3.28,3.25
8/28/2024 2:50,September,3.5,3.47
8/28/2024 2:55,September,3.24,3.21
8/28/2024 3:00,September,3.28,3.25
8/28/2024 3:05,September,3.24,3.21
8/28/2024 3:10,September,3.28,3.25
8/28/2024 3:15,September,3.24,3.21
8/28/2024 3:20,September,3.03,3.01
8/28/2024 3:25,September,2.93,2.91
8/28/2024 3:30,September,3.23,3.21
8/28/2024 3:35,September,3.23,3.21
8/28/2024 3:40,September,2.93,2.9
8/28/2024 3:45,September,3.26,3.23
8/28/2024 3:50,September,3.23,3.21
8/28/2024 3:55,September,2.94,2.92
8/28/2024 4:00,September,3.23,3.2
8/28/2024 4:05,September,3.5,3.48
8/28/2024 4:10,September,3.52,3.49
8/28/2024 4:15,September,3.32,3.29
8/28/2024 4:20,September,3.5,3.47
8/28/2024 4:25,September,3.27,3.24
8/28/2024 4:30,September,3.27,3.24
8/28/2024 4:35,September,3.29,3.26
8/28/2024 4:40,September,3.51,3.48
8/28/2024 4:45,September,3.31,3.28
8/28/2024 4:50,September,3.49,3.46
8/28/2024 4:55,September,3.31,3.28
8/28/2024 5:00,September,3.31,3.28
8/28/2024 5:05,September,2.44,2.42
8/28/2024 5:10,September,3.11,3.09
8/28/2024 5:15,September,3.27,3.25
8/28/2024 5:20,September,3.28,3.25
8/28/2024 5:25,September,3.28,3.25
8/28/2024 5:30,September,3.28,3.25
8/28/2024 5:35,September,3.28,3.25
8/28/2024 5:40,September,3.47,3.44
8/28/2024 5:45,September,3.27,3.24
8/28/2024 5:50,September,3.05,3.02
8/28/2024 5:55,September,3.05,3.02
8/28/2024 6:00,September,2.93,2.9
8/28/2024 6:05,September,0.08,0.08
8/28/2024 6:10,September,2.44,2.42
8/28/2024 6:15,September,2.72,2.7
8/28/2024 6:20,September,2.72,2.69
8/28/2024 6:25,September,2.92,2.9
8/28/2024 6:30,September,2.72,2.7
8/28/2024 6:35,September,2.84,2.82
8/28/2024 6:40,September,2.72,2.7
8/28/2024 6:45,September,2.91,2.89
8/28/2024 6:50,September,2.6,2.59
8/28/2024 6:55,September,2.65,2.63
8/28/2024 7:00,September,2.69,2.68
8/28/2024 7:05,September,2.61,2.59
8/28/2024 7:10,September,2.63,2.62
8/28/2024 7:15,September,2.72,2.7
8/28/2024 7:20,September,2.81,2.8
8/28/2024 7:25,September,3.02,3
8/28/2024 7:30,September,3.1,3.08
8/28/2024 7:35,September,2.9,2.88
8/28/2024 7:40,September,2.91,2.9
8/28/2024 7:45,September,3.09,3.08
8/28/2024 7:50,September,3.21,3.19
8/28/2024 7:55,September,3.42,3.4
8/28/2024 8:00,September,3.52,3.5
8/28/2024 8:05,September,2.85,2.83
8/28/2024 8:10,September,3.21,3.19
8/28/2024 8:15,September,3.08,3.07
8/28/2024 8:20,September,3.1,3.09
8/28/2024 8:25,September,3.3,3.29
8/28/2024 8:30,September,3.31,3.3
8/28/2024 8:35,September,3.1,3.09
8/28/2024 8:40,September,3.42,3.41
8/28/2024 8:45,September,3.22,3.22
8/28/2024 8:50,September,3.22,3.21
8/28/2024 8:55,September,3.1,3.1
8/28/2024 9:00,September,3.43,3.43
8/28/2024 9:05,September,3,2.99
8/28/2024 9:10,September,3.1,3.09
8/28/2024 9:15,September,2.89,2.87
8/28/2024 9:20,September,3.49,3.47
8/28/2024 9:25,September,3.18,3.17
8/28/2024 9:30,September,3.48,3.46
8/28/2024 9:35,September,3.61,3.6
8/28/2024 9:40,September,3.57,3.56
8/28/2024 9:45,September,3.61,3.59
8/28/2024 9:50,September,3.63,3.61
8/28/2024 9:55,September,4.64,4.62
8/28/2024 10:00,September,3.51,3.49
8/28/2024 10:05,September,3.5,3.49
8/28/2024 10:10,September,3.5,3.49
8/28/2024 10:15,September,3.61,3.59
8/28/2024 10:20,September,3.64,3.62
8/28/2024 10:25,September,3.94,3.93
8/28/2024 10:30,September,3.6,3.59
8/28/2024 10:35,September,3.5,3.49
8/28/2024 10:40,September,3.61,3.6
8/28/2024 10:45,September,3.54,3.53
8/28/2024 10:50,September,3.73,3.73
8/28/2024 10:55,September,3.71,3.71
8/28/2024 11:00,September,4.04,4.04
8/28/2024 11:05,September,3.69,3.69
8/28/2024 11:10,September,4.05,4.04
8/28/2024 11:15,September,3.65,3.65
8/28/2024 11:20,September,3.71,3.71
8/28/2024 11:25,September,3.68,3.68
8/28/2024 11:30,September,3.52,3.51
8/28/2024 11:35,September,3.51,3.51
8/28/2024 11:40,September,2.61,2.61
8/28/2024 11:45,September,3.15,3.14
8/28/2024 11:50,September,2.65,2.65
8/28/2024 11:55,September,2.87,2.87
8/28/2024 12:00,September,2.64,2.64
8/28/2024 12:05,September,2.93,2.93
8/28/2024 12:10,September,2.69,2.69
8/28/2024 12:15,September,3.15,3.16
8/28/2024 12:20,September,2.65,2.65
8/28/2024 12:25,September,2.87,2.87
8/28/2024 12:30,September,2.64,2.65
8/28/2024 12:35,September,2.69,2.69
8/28/2024 12:40,September,2.87,2.87
8/28/2024 12:45,September,2.64,2.65
8/28/2024 12:50,September,2.69,2.69
8/28/2024 12:55,September,2.87,2.87
8/28/2024 13:00,September,2.87,2.87
8/28/2024 13:05,September,2.92,2.93
8/28/2024 13:10,September,2.64,2.65
8/28/2024 13:15,September,3.48,3.49
8/28/2024 13:20,September,2.58,2.58
8/28/2024 13:25,September,2.61,2.62
8/28/2024 13:30,September,3.56,3.57
8/28/2024 13:35,September,3.68,3.69
8/28/2024 13:40,September,4.39,4.4
8/28/2024 13:45,September,3.54,3.54
8/28/2024 13:50,September,3.52,3.52
8/28/2024 13:55,September,2.63,2.63
8/28/2024 14:00,September,3.22,3.22
8/28/2024 14:05,September,3.22,3.22
8/28/2024 14:10,September,3.22,3.22
8/28/2024 14:15,September,2.61,2.61
8/28/2024 14:20,September,2.63,2.63
8/28/2024 14:25,September,2.89,2.88
8/28/2024 14:30,September,2.89,2.88
8/28/2024 14:35,September,2.89,2.88
8/28/2024 14:40,September,2.95,2.94
8/28/2024 14:45,September,2.89,2.88
8/28/2024 14:50,September,2.89,2.88
8/28/2024 14:55,September,2.89,2.88
8/28/2024 15:00,September,2.89,2.89
8/28/2024 15:05,September,2.61,2.61
8/28/2024 15:10,September,2.63,2.62
8/28/2024 15:15,September,2.63,2.63
8/28/2024 15:20,September,2.89,2.88
8/28/2024 15:25,September,2.89,2.89
8/28/2024 15:30,September,2.89,2.89
8/28/2024 15:35,September,3.19,3.18
8/28/2024 15:40,September,2.96,2.95
8/28/2024 15:45,September,2.96,2.95
8/28/2024 15:50,September,2.65,2.65
8/28/2024 15:55,September,2.96,2.96
8/28/2024 16:00,September,3.15,3.14
8/28/2024 16:05,September,2.96,2.96
8/28/2024 16:10,September,2.9,2.9
8/28/2024 16:15,September,3.48,3.47
8/28/2024 16:20,September,3.24,3.23
8/28/2024 16:25,September,3.48,3.47
8/28/2024 16:30,September,2.91,2.9
8/28/2024 16:35,September,2.97,2.96
8/28/2024 16:40,September,2.97,2.96
8/28/2024 16:45,September,2.71,2.7
8/28/2024 16:50,September,3.2,3.19
8/28/2024 16:55,September,3.2,3.19
8/28/2024 17:00,September,2.91,2.9
8/28/2024 17:05,September,2.62,2.61
8/28/2024 17:10,September,2.62,2.61
8/28/2024 17:15,September,2.62,2.61
8/28/2024 17:20,September,2.63,2.62
8/28/2024 17:25,September,2.91,2.9
8/28/2024 17:30,September,2.92,2.9
8/28/2024 17:35,September,2.92,2.9
8/28/2024 17:40,September,3.21,3.19
8/28/2024 17:45,September,3.21,3.19
8/28/2024 17:50,September,3.15,3.14
8/28/2024 17:55,September,3.5,3.48
8/28/2024 18:00,September,3.26,3.25
8/28/2024 18:05,September,3.26,3.25
8/28/2024 18:10,September,3.51,3.49
8/28/2024 18:15,September,3.61,3.59
8/28/2024 18:20,September,3.63,3.61
8/28/2024 18:25,September,3.71,3.69
8/28/2024 18:30,September,3.91,3.89
8/28/2024 18:35,September,5.73,5.7
8/28/2024 18:40,September,5.4,5.37
8/28/2024 18:45,September,5.4,5.37
8/28/2024 18:50,September,4.92,4.9
8/28/2024 18:55,September,4.42,4.4
8/28/2024 19:00,September,3.7,3.68
8/28/2024 19:05,September,4.29,4.27
8/28/2024 19:10,September,4.09,4.07
8/28/2024 19:15,September,3.7,3.68
8/28/2024 19:20,September,3.58,3.56
8/28/2024 19:25,September,3.59,3.57
8/28/2024 19:30,September,3.61,3.59
8/28/2024 19:35,September,3.66,3.63
8/28/2024 19:40,September,3.66,3.64
8/28/2024 19:45,September,3.67,3.64
8/28/2024 19:50,September,3.64,3.62
8/28/2024 19:55,September,3.67,3.64
8/28/2024 20:00,September,3.61,3.59
8/28/2024 20:05,September,5.74,5.7
8/28/2024 20:10,September,4.41,4.38
8/28/2024 20:15,September,4.91,4.89
8/28/2024 20:20,September,4.91,4.88
8/28/2024 20:25,September,3.7,3.68
8/28/2024 20:30,September,3.71,3.69
8/28/2024 20:35,September,3.51,3.49
8/28/2024 20:40,September,3.57,3.54
8/28/2024 20:45,September,3.66,3.64
8/28/2024 20:50,September,3.58,3.56
8/28/2024 20:55,September,3.58,3.56
8/28/2024 21:00,September,3.56,3.54
8/28/2024 21:05,September,5.39,5.35
8/28/2024 21:10,September,4.39,4.36
8/28/2024 21:15,September,3.71,3.68
8/28/2024 21:20,September,4.28,4.25
8/28/2024 21:25,September,3.72,3.7
8/28/2024 21:30,September,3.56,3.53
8/28/2024 21:35,September,3.57,3.54
8/28/2024 21:40,September,3.57,3.54
8/28/2024 21:45,September,3.57,3.54
8/28/2024 21:50,September,3.57,3.54
8/28/2024 21:55,September,3.56,3.53
8/28/2024 22:00,September,3.31,3.28
8/28/2024 22:05,September,3.57,3.54
8/28/2024 22:10,September,3.7,3.67
8/28/2024 22:15,September,3.71,3.67
8/28/2024 22:20,September,3.56,3.53
8/28/2024 22:25,September,3.51,3.48
8/28/2024 22:30,September,3.39,3.36
8/28/2024 22:35,September,2.89,2.87
8/28/2024 22:40,September,3.02,2.99
8/28/2024 22:45,September,3.01,2.99
8/28/2024 22:50,September,3.05,3.02
8/28/2024 22:55,September,3.02,2.99
8/28/2024 23:00,September,3.01,2.99
8/28/2024 23:05,September,3.39,3.37
8/28/2024 23:10,September,3.12,3.09
8/28/2024 23:15,September,3.08,3.05
8/28/2024 23:20,September,3.09,3.06
8/28/2024 23:25,September,3.02,3
8/28/2024 23:30,September,2.93,2.91
8/28/2024 23:35,September,2.99,2.97
8/28/2024 23:40,September,2.73,2.71
8/28/2024 23:45,September,2.73,2.71
8/28/2024 23:50,September,2.73,2.7
8/28/2024 23:55,September,2.73,2.7
8/29/2024 0:00,September,2.72,2.7
8/29/2024 0:05,September,3.33,3.31
8/29/2024 0:10,September,3.2,3.17
8/29/2024 0:15,September,3.19,3.16
8/29/2024 0:20,September,3.12,3.09
8/29/2024 0:25,September,3.32,3.3
8/29/2024 0:30,September,3.23,3.21
8/29/2024 0:35,September,3.1,3.08
8/29/2024 0:40,September,3.33,3.3
8/29/2024 0:45,September,3.2,3.17
8/29/2024 0:50,September,3.2,3.18
8/29/2024 0:55,September,3.2,3.18
8/29/2024 1:00,September,2.98,2.96
8/29/2024 1:05,September,2.96,2.94
8/29/2024 1:10,September,2.96,2.94
8/29/2024 1:15,September,3,2.98
8/29/2024 1:20,September,3.01,2.99
8/29/2024 1:25,September,3.19,3.17
8/29/2024 1:30,September,3.08,3.07
8/29/2024 1:35,September,3.12,3.1
8/29/2024 1:40,September,3.13,3.11
8/29/2024 1:45,September,2.95,2.94
8/29/2024 1:50,September,2.96,2.94
8/29/2024 1:55,September,2.98,2.96
8/29/2024 2:00,September,2.94,2.92
8/29/2024 2:05,September,2.96,2.94
8/29/2024 2:10,September,3.15,3.13
8/29/2024 2:15,September,3.15,3.13
8/29/2024 2:20,September,3.14,3.12
8/29/2024 2:25,September,3.15,3.13
8/29/2024 2:30,September,3.14,3.12
8/29/2024 2:35,September,3.06,3.04
8/29/2024 2:40,September,2.95,2.93
8/29/2024 2:45,September,2.95,2.93
8/29/2024 2:50,September,2.95,2.93
8/29/2024 2:55,September,2.94,2.92
8/29/2024 3:00,September,2.91,2.89
8/29/2024 3:05,September,2.95,2.93
8/29/2024 3:10,September,2.95,2.93
8/29/2024 3:15,September,2.98,2.96
8/29/2024 3:20,September,2.95,2.93
8/29/2024 3:25,September,2.95,2.93
8/29/2024 3:30,September,2.94,2.92
8/29/2024 3:35,September,2.92,2.9
8/29/2024 3:40,September,2.9,2.88
8/29/2024 3:45,September,2.92,2.9
8/29/2024 3:50,September,2.91,2.89
8/29/2024 3:55,September,2.92,2.9
8/29/2024 4:00,September,3.01,2.99
8/29/2024 4:05,September,3.03,3.01
8/29/2024 4:10,September,3.14,3.12
8/29/2024 4:15,September,3.13,3.11
8/29/2024 4:20,September,3.14,3.12
8/29/2024 4:25,September,3.14,3.12
8/29/2024 4:30,September,3.14,3.12
8/29/2024 4:35,September,3.15,3.12
8/29/2024 4:40,September,3.16,3.14
8/29/2024 4:45,September,3.17,3.15
8/29/2024 4:50,September,3.19,3.17
8/29/2024 4:55,September,3.19,3.17
8/29/2024 5:00,September,3.19,3.17
8/29/2024 5:05,September,3.13,3.11
8/29/2024 5:10,September,3.15,3.13
8/29/2024 5:15,September,3.16,3.15
8/29/2024 5:20,September,3.16,3.14
8/29/2024 5:25,September,3.17,3.15
8/29/2024 5:30,September,3.19,3.18
8/29/2024 5:35,September,3.19,3.17
8/29/2024 5:40,September,3.2,3.18
8/29/2024 5:45,September,3.19,3.17
8/29/2024 5:50,September,3.18,3.16
8/29/2024 5:55,September,3.18,3.16
8/29/2024 6:00,September,3.16,3.14
8/29/2024 6:05,September,2.88,2.86
8/29/2024 6:10,September,2.93,2.91
8/29/2024 6:15,September,2.93,2.91
8/29/2024 6:20,September,2.92,2.9
8/29/2024 6:25,September,2.9,2.88
8/29/2024 6:30,September,2.88,2.86
8/29/2024 6:35,September,2.85,2.83
8/29/2024 6:40,September,2.87,2.85
8/29/2024 6:45,September,2.9,2.88
8/29/2024 6:50,September,2.89,2.87
8/29/2024 6:55,September,2.9,2.88
8/29/2024 7:00,September,2.9,2.89
8/29/2024 7:05,September,2.82,2.8
8/29/2024 7:10,September,2.96,2.95
8/29/2024 7:15,September,2.83,2.81
8/29/2024 7:20,September,2.87,2.86
8/29/2024 7:25,September,2.89,2.88
8/29/2024 7:30,September,2.96,2.95
8/29/2024 7:35,September,3.18,3.17
8/29/2024 7:40,September,3.23,3.22
8/29/2024 7:45,September,3.24,3.23
8/29/2024 7:50,September,3.18,3.18
8/29/2024 7:55,September,3.23,3.23
8/29/2024 8:00,September,3.27,3.27
8/29/2024 8:05,September,3.24,3.23
8/29/2024 8:10,September,3.35,3.35
8/29/2024 8:15,September,3.36,3.35
8/29/2024 8:20,September,3.24,3.24
8/29/2024 8:25,September,3.25,3.25
8/29/2024 8:30,September,3.36,3.36
8/29/2024 8:35,September,3.35,3.36
8/29/2024 8:40,September,3.24,3.25
8/29/2024 8:45,September,3.24,3.24
8/29/2024 8:50,September,3.24,3.25
8/29/2024 8:55,September,3.35,3.36
8/29/2024 9:00,September,3.35,3.36
8/29/2024 9:05,September,3.31,3.31
8/29/2024 9:10,September,3.12,3.12
8/29/2024 9:15,September,2.95,2.95
8/29/2024 9:20,September,3.09,3.1
8/29/2024 9:25,September,3.2,3.2
8/29/2024 9:30,September,3.2,3.2
8/29/2024 9:35,September,4.03,4.03
8/29/2024 9:40,September,3.3,3.31
8/29/2024 9:45,September,3.2,3.21
8/29/2024 9:50,September,3.3,3.31
8/29/2024 9:55,September,3.31,3.32
8/29/2024 10:00,September,3.51,3.52
8/29/2024 10:05,September,2.93,2.94
8/29/2024 10:10,September,3.15,3.16
8/29/2024 10:15,September,3.17,3.18
8/29/2024 10:20,September,3.14,3.15
8/29/2024 10:25,September,3.3,3.31
8/29/2024 10:30,September,3.21,3.22
8/29/2024 10:35,September,3.19,3.2
8/29/2024 10:40,September,3.21,3.22
8/29/2024 10:45,September,3.31,3.32
8/29/2024 10:50,September,3.25,3.26
8/29/2024 10:55,September,3.3,3.31
8/29/2024 11:00,September,3.2,3.22
8/29/2024 11:05,September,3.51,3.53
8/29/2024 11:10,September,3.52,3.53
8/29/2024 11:15,September,3.52,3.54
8/29/2024 11:20,September,3.53,3.56
8/29/2024 11:25,September,4.03,4.06
8/29/2024 11:30,September,4.04,4.05
8/29/2024 11:35,September,3.26,3.28
8/29/2024 11:40,September,3.51,3.54
8/29/2024 11:45,September,3.52,3.53
8/29/2024 11:50,September,3.26,3.27
8/29/2024 11:55,September,5.65,5.66
8/29/2024 12:00,September,3.51,3.52
8/29/2024 12:05,September,3.2,3.21
8/29/2024 12:10,September,3.21,3.22
8/29/2024 12:15,September,3.14,3.15
8/29/2024 12:20,September,3.12,3.13
8/29/2024 12:25,September,3.05,3.05
8/29/2024 12:30,September,2.94,2.94
8/29/2024 12:35,September,3.05,3.05
8/29/2024 12:40,September,3.05,3.05
8/29/2024 12:45,September,3.28,3.27
8/29/2024 12:50,September,5.31,5.3
8/29/2024 12:55,September,3.57,3.56
8/29/2024 13:00,September,5.65,5.65
8/29/2024 13:05,September,3.53,3.52
8/29/2024 13:10,September,5.67,5.66
8/29/2024 13:15,September,11.9,11.88
8/29/2024 13:20,September,5.65,5.64
8/29/2024 13:25,September,4.84,4.84
8/29/2024 13:30,September,8.63,8.64
8/29/2024 13:35,September,12.98,12.98
8/29/2024 13:40,September,11.91,11.91
8/29/2024 13:45,September,5.7,5.69
8/29/2024 13:50,September,4.6,4.6
8/29/2024 13:55,September,4.59,4.59
8/29/2024 14:00,September,4.38,4.38
8/29/2024 14:05,September,5.65,5.66
8/29/2024 14:10,September,8.64,8.65
8/29/2024 14:15,September,5.67,5.67
8/29/2024 14:20,September,5.68,5.69
8/29/2024 14:25,September,5.7,5.71
8/29/2024 14:30,September,5.69,5.7
8/29/2024 14:35,September,5.35,5.36
8/29/2024 14:40,September,5.62,5.64
8/29/2024 14:45,September,5.1,5.1
8/29/2024 14:50,September,5.68,5.69
8/29/2024 14:55,September,5.38,5.37
8/29/2024 15:00,September,5.1,5.09
8/29/2024 15:05,September,3.19,3.18
8/29/2024 15:10,September,3.9,3.9
8/29/2024 15:15,September,5.37,5.37
8/29/2024 15:20,September,5.85,5.85
8/29/2024 15:25,September,5.37,5.37
8/29/2024 15:30,September,5.37,5.37
8/29/2024 15:35,September,5.1,5.1
8/29/2024 15:40,September,5.36,5.36
8/29/2024 15:45,September,5.36,5.36
8/29/2024 15:50,September,5.36,5.36
8/29/2024 15:55,September,5.31,5.31
8/29/2024 16:00,September,5.36,5.36
8/29/2024 16:05,September,5.36,5.36
8/29/2024 16:10,September,5.36,5.36
8/29/2024 16:15,September,5.36,5.36
8/29/2024 16:20,September,5.63,5.63
8/29/2024 16:25,September,5.38,5.38
8/29/2024 16:30,September,5.38,5.38
8/29/2024 16:35,September,3.91,3.9
8/29/2024 16:40,September,5.31,5.3
8/29/2024 16:45,September,5.22,5.21
8/29/2024 16:50,September,5.22,5.21
8/29/2024 16:55,September,5.22,5.21
8/29/2024 17:00,September,3.56,3.55
8/29/2024 17:05,September,3.56,3.55
8/29/2024 17:10,September,3.03,3.02
8/29/2024 17:15,September,3.56,3.55
8/29/2024 17:20,September,3.56,3.55
8/29/2024 17:25,September,3.92,3.91
8/29/2024 17:30,September,5.11,5.1
8/29/2024 17:35,September,5.38,5.37
8/29/2024 17:40,September,5.1,5.09
8/29/2024 17:45,September,5.72,5.71
8/29/2024 17:50,September,5.38,5.37
8/29/2024 17:55,September,5.73,5.72
8/29/2024 18:00,September,5.23,5.22
8/29/2024 18:05,September,5.38,5.37
8/29/2024 18:10,September,5.72,5.71
8/29/2024 18:15,September,8.77,8.74
8/29/2024 18:20,September,8.77,8.75
8/29/2024 18:25,September,6.17,6.16
8/29/2024 18:30,September,6.15,6.14
8/29/2024 18:35,September,6.15,6.13
8/29/2024 18:40,September,5.81,5.79
8/29/2024 18:45,September,8.8,8.77
8/29/2024 18:50,September,5.8,5.78
8/29/2024 18:55,September,5.45,5.43
8/29/2024 19:00,September,3.58,3.56
8/29/2024 19:05,September,5.81,5.79
8/29/2024 19:10,September,5.79,5.77
8/29/2024 19:15,September,5.78,5.75
8/29/2024 19:20,September,5.78,5.76
8/29/2024 19:25,September,5.77,5.75
8/29/2024 19:30,September,4.42,4.4
8/29/2024 19:35,September,5.43,5.41
8/29/2024 19:40,September,5.43,5.41
8/29/2024 19:45,September,5.76,5.74
8/29/2024 19:50,September,5.74,5.72
8/29/2024 19:55,September,5.13,5.11
8/29/2024 20:00,September,5.13,5.11
8/29/2024 20:05,September,28.66,28.56
8/29/2024 20:10,September,19.13,19.06
8/29/2024 20:15,September,6.15,6.13
8/29/2024 20:20,September,6.18,6.15
8/29/2024 20:25,September,6.15,6.13
8/29/2024 20:30,September,6.15,6.12
8/29/2024 20:35,September,5.81,5.79
8/29/2024 20:40,September,5.81,5.78
8/29/2024 20:45,September,5.81,5.78
8/29/2024 20:50,September,5.8,5.77
8/29/2024 20:55,September,5.79,5.77
8/29/2024 21:00,September,5.43,5.41
8/29/2024 21:05,September,19.12,19.04
8/29/2024 21:10,September,6.14,6.12
8/29/2024 21:15,September,5.79,5.77
8/29/2024 21:20,September,5.83,5.8
8/29/2024 21:25,September,4.3,4.28
8/29/2024 21:30,September,5.12,5.1
8/29/2024 21:35,September,5.42,5.4
8/29/2024 21:40,September,3.93,3.91
8/29/2024 21:45,September,4.41,4.4
8/29/2024 21:50,September,4.42,4.4
8/29/2024 21:55,September,4.42,4.4
8/29/2024 22:00,September,3.72,3.7
8/29/2024 22:05,September,24.55,24.45
8/29/2024 22:10,September,5.79,5.76
8/29/2024 22:15,September,5.4,5.37
8/29/2024 22:20,September,4.52,4.5
8/29/2024 22:25,September,4.5,4.48
8/29/2024 22:30,September,4.5,4.48
8/29/2024 22:35,September,4.49,4.47
8/29/2024 22:40,September,4.49,4.47
8/29/2024 22:45,September,4.51,4.49
8/29/2024 22:50,September,3.74,3.72
8/29/2024 22:55,September,3.69,3.67
8/29/2024 23:00,September,3.21,3.19
8/29/2024 23:05,September,5.74,5.72
8/29/2024 23:10,September,3.75,3.73
8/29/2024 23:15,September,3.2,3.18
8/29/2024 23:20,September,3.66,3.64
8/29/2024 23:25,September,3.66,3.64
8/29/2024 23:30,September,3.28,3.26
8/29/2024 23:35,September,3.32,3.3
8/29/2024 23:40,September,3.24,3.22
8/29/2024 23:45,September,3.03,3.02
8/29/2024 23:50,September,3.21,3.2
8/29/2024 23:55,September,3.2,3.18
8/30/2024 0:00,September,3.02,3
8/30/2024 0:05,September,26.26,26.11
8/30/2024 0:10,September,4.48,4.45
8/30/2024 0:15,September,4.21,4.18
8/30/2024 0:20,September,3.72,3.7
8/30/2024 0:25,September,3.79,3.76
8/30/2024 0:30,September,4.2,4.17
8/30/2024 0:35,September,4.46,4.43
8/30/2024 0:40,September,4.36,4.33
8/30/2024 0:45,September,4.35,4.33
8/30/2024 0:50,September,4.2,4.17
8/30/2024 0:55,September,4.2,4.17
8/30/2024 1:00,September,4.25,4.22
8/30/2024 1:05,September,4.62,4.59
8/30/2024 1:10,September,5.37,5.34
8/30/2024 1:15,September,4.37,4.35
8/30/2024 1:20,September,4.62,4.59
8/30/2024 1:25,September,3.36,3.34
8/30/2024 1:30,September,3.39,3.37
8/30/2024 1:35,September,3.69,3.67
8/30/2024 1:40,September,4.25,4.22
8/30/2024 1:45,September,3.38,3.36
8/30/2024 1:50,September,3.69,3.67
8/30/2024 1:55,September,3.69,3.67
8/30/2024 2:00,September,3.65,3.62
8/30/2024 2:05,September,3.69,3.66
8/30/2024 2:10,September,3.88,3.86
8/30/2024 2:15,September,3.4,3.38
8/30/2024 2:20,September,3.41,3.38
8/30/2024 2:25,September,3.66,3.64
8/30/2024 2:30,September,3.69,3.67
8/30/2024 2:35,September,3.66,3.64
8/30/2024 2:40,September,3.58,3.56
8/30/2024 2:45,September,3.59,3.56
8/30/2024 2:50,September,3.93,3.9
8/30/2024 2:55,September,3.69,3.67
8/30/2024 3:00,September,3.67,3.64
8/30/2024 3:05,September,3.69,3.67
8/30/2024 3:10,September,3.41,3.39
8/30/2024 3:15,September,3.41,3.39
8/30/2024 3:20,September,3.4,3.38
8/30/2024 3:25,September,3.41,3.39
8/30/2024 3:30,September,3.4,3.38
8/30/2024 3:35,September,3.39,3.36
8/30/2024 3:40,September,3.39,3.36
8/30/2024 3:45,September,3.38,3.35
8/30/2024 3:50,September,3.38,3.36
8/30/2024 3:55,September,3.37,3.35
8/30/2024 4:00,September,3.24,3.22
8/30/2024 4:05,September,3.38,3.35
8/30/2024 4:10,September,3.4,3.37
8/30/2024 4:15,September,3.4,3.37
8/30/2024 4:20,September,3.39,3.37
8/30/2024 4:25,September,3.4,3.37
8/30/2024 4:30,September,3.4,3.37
8/30/2024 4:35,September,3.4,3.38
8/30/2024 4:40,September,3.64,3.61
8/30/2024 4:45,September,3.4,3.38
8/30/2024 4:50,September,3.57,3.55
8/30/2024 4:55,September,3.57,3.55
8/30/2024 5:00,September,3.57,3.54
8/30/2024 5:05,September,3.17,3.14
8/30/2024 5:10,September,3.37,3.34
8/30/2024 5:15,September,3.37,3.35
8/30/2024 5:20,September,3.38,3.35
8/30/2024 5:25,September,3.38,3.35
8/30/2024 5:30,September,3.28,3.26
8/30/2024 5:35,September,3.19,3.17
8/30/2024 5:40,September,3.2,3.18
8/30/2024 5:45,September,3.19,3.17
8/30/2024 5:50,September,3.19,3.16
8/30/2024 5:55,September,3.18,3.15
8/30/2024 6:00,September,3.2,3.18
8/30/2024 6:05,September,2.91,2.88
8/30/2024 6:10,September,2.96,2.93
8/30/2024 6:15,September,2.97,2.95
8/30/2024 6:20,September,2.94,2.91
8/30/2024 6:25,September,2.91,2.89
8/30/2024 6:30,September,2.89,2.87
8/30/2024 6:35,September,2.91,2.89
8/30/2024 6:40,September,2.96,2.93
8/30/2024 6:45,September,2.9,2.88
8/30/2024 6:50,September,2.92,2.89
8/30/2024 6:55,September,2.95,2.93
8/30/2024 7:00,September,2.9,2.88
8/30/2024 7:05,September,2.43,2.41
8/30/2024 7:10,September,2.62,2.61
8/30/2024 7:15,September,2.68,2.67
8/30/2024 7:20,September,2.76,2.75
8/30/2024 7:25,September,2.77,2.76
8/30/2024 7:30,September,2.76,2.76
8/30/2024 7:35,September,2.99,2.99
8/30/2024 7:40,September,3.06,3.06
8/30/2024 7:45,September,3.38,3.37
8/30/2024 7:50,September,3.21,3.2
8/30/2024 7:55,September,3.39,3.38
8/30/2024 8:00,September,3.57,3.56
8/30/2024 8:05,September,2.8,2.79
8/30/2024 8:10,September,3.18,3.17
8/30/2024 8:15,September,3.18,3.17
8/30/2024 8:20,September,3.09,3.08
8/30/2024 8:25,September,3,2.99
8/30/2024 8:30,September,3.07,3.06
8/30/2024 8:35,September,3.07,3.06
8/30/2024 8:40,September,3.04,3.04
8/30/2024 8:45,September,3.06,3.05
8/30/2024 8:50,September,3.06,3.05
8/30/2024 8:55,September,2.9,2.9
8/30/2024 9:00,September,3.08,3.07
8/30/2024 9:05,September,3.08,3.08
8/30/2024 9:10,September,3.08,3.08
8/30/2024 9:15,September,3.15,3.15
8/30/2024 9:20,September,3.15,3.16
8/30/2024 9:25,September,3.15,3.15
8/30/2024 9:30,September,3.17,3.18
8/30/2024 9:35,September,3.79,3.79
8/30/2024 9:40,September,4.03,4.03
8/30/2024 9:45,September,3.64,3.64
8/30/2024 9:50,September,5.87,5.88
8/30/2024 9:55,September,5.63,5.65
8/30/2024 10:00,September,12.92,12.94
8/30/2024 10:05,September,3.56,3.57
8/30/2024 10:10,September,4.02,4.03
8/30/2024 10:15,September,4.03,4.04
8/30/2024 10:20,September,5.64,5.66
8/30/2024 10:25,September,4.23,4.24
8/30/2024 10:30,September,3.12,3.13
8/30/2024 10:35,September,3.15,3.16
8/30/2024 10:40,September,3.51,3.51
8/30/2024 10:45,September,3.22,3.23
8/30/2024 10:50,September,3.89,3.89
8/30/2024 10:55,September,3.64,3.65
8/30/2024 11:00,September,3.24,3.24
8/30/2024 11:05,September,3.06,3.07
8/30/2024 11:10,September,3.18,3.18
8/30/2024 11:15,September,3.51,3.51
8/30/2024 11:20,September,3.14,3.14
8/30/2024 11:25,September,4.02,4.03
8/30/2024 11:30,September,3.14,3.15
8/30/2024 11:35,September,3.07,3.08
8/30/2024 11:40,September,3.17,3.18
8/30/2024 11:45,September,3.77,3.78
8/30/2024 11:50,September,3.5,3.51
8/30/2024 11:55,September,3.62,3.63
8/30/2024 12:00,September,3.18,3.19
8/30/2024 12:05,September,2.89,2.9
8/30/2024 12:10,September,3.06,3.07
8/30/2024 12:15,September,3.06,3.07
8/30/2024 12:20,September,2.97,2.98
8/30/2024 12:25,September,2.97,3.12
8/30/2024 12:30,September,3.06,3.21
8/30/2024 12:35,September,3.09,3.25
8/30/2024 12:40,September,3.48,3.66
8/30/2024 12:45,September,3.51,3.68
8/30/2024 12:50,September,3.14,3.29
8/30/2024 12:55,September,3.15,3.3
8/30/2024 13:00,September,3.14,3.29
8/30/2024 13:05,September,3.08,3.24
8/30/2024 13:10,September,4.81,5.07
8/30/2024 13:15,September,5.25,5.54
8/30/2024 13:20,September,3.77,3.97
8/30/2024 13:25,September,5.25,5.27
8/30/2024 13:30,September,5.26,5.27
8/30/2024 13:35,September,5.24,5.26
8/30/2024 13:40,September,5.58,5.6
8/30/2024 13:45,September,5.26,5.28
8/30/2024 13:50,September,8.58,8.6
8/30/2024 13:55,September,5.64,5.66
8/30/2024 14:00,September,5.28,5.3
8/30/2024 14:05,September,5.27,5.29
8/30/2024 14:10,September,6.08,6.1
8/30/2024 14:15,September,5.62,5.64
8/30/2024 14:20,September,16.29,16.34
8/30/2024 14:25,September,11.82,11.85
8/30/2024 14:30,September,9.56,9.58
8/30/2024 14:35,September,5.69,5.7
8/30/2024 14:40,September,5.32,5.33
8/30/2024 14:45,September,29,29.04
8/30/2024 14:50,September,8.63,8.64
8/30/2024 14:55,September,15.43,15.46
8/30/2024 15:00,September,13,13.02
8/30/2024 15:05,September,5.71,5.71
8/30/2024 15:10,September,5.7,5.71
8/30/2024 15:15,September,5.35,5.35
8/30/2024 15:20,September,5.7,5.7
8/30/2024 15:25,September,5.71,5.72
8/30/2024 15:30,September,5.7,5.7
8/30/2024 15:35,September,5.71,5.71
8/30/2024 15:40,September,8.69,8.69
8/30/2024 15:45,September,5.73,5.73
8/30/2024 15:50,September,5.74,5.74
8/30/2024 15:55,September,5.38,5.37
8/30/2024 16:00,September,5.38,5.37
8/30/2024 16:05,September,5.4,5.39
8/30/2024 16:10,September,5.75,5.74
8/30/2024 16:15,September,5.76,5.75
8/30/2024 16:20,September,5.76,5.75
8/30/2024 16:25,September,5.76,5.75
8/30/2024 16:30,September,5.41,5.4
8/30/2024 16:35,September,5.77,5.76
8/30/2024 16:40,September,4.47,4.46
8/30/2024 16:45,September,5.41,5.4
8/30/2024 16:50,September,5.42,5.4
8/30/2024 16:55,September,5.12,5.1
8/30/2024 17:00,September,3.71,3.69
8/30/2024 17:05,September,4.29,4.27
8/30/2024 17:10,September,4.3,4.29
8/30/2024 17:15,September,4.29,4.27
8/30/2024 17:20,September,4.31,4.29
8/30/2024 17:25,September,5.39,5.37
8/30/2024 17:30,September,5.39,5.38
8/30/2024 17:35,September,5.4,5.38
8/30/2024 17:40,September,5.41,5.39
8/30/2024 17:45,September,4.31,4.3
8/30/2024 17:50,September,5.42,5.4
8/30/2024 17:55,September,5.42,5.4
8/30/2024 18:00,September,5.42,5.4
8/30/2024 18:05,September,4.51,4.49
8/30/2024 18:10,September,5.75,5.73
8/30/2024 18:15,September,7.84,7.82
8/30/2024 18:20,September,7.87,7.84
8/30/2024 18:25,September,5.41,5.4
8/30/2024 18:30,September,6.18,6.16
8/30/2024 18:35,September,8.8,8.77
8/30/2024 18:40,September,9.93,9.9
8/30/2024 18:45,September,8.82,8.78
8/30/2024 18:50,September,10.93,10.88
8/30/2024 18:55,September,5.42,5.4
8/30/2024 19:00,September,3.67,3.66
8/30/2024 19:05,September,7.86,7.83
8/30/2024 19:10,September,5.41,5.39
8/30/2024 19:15,September,5.77,5.75
8/30/2024 19:20,September,5.75,5.73
8/30/2024 19:25,September,5.75,5.73
8/30/2024 19:30,September,4.48,4.46
8/30/2024 19:35,September,3.71,3.69
8/30/2024 19:40,September,5.12,5.1
8/30/2024 19:45,September,4.32,4.3
8/30/2024 19:50,September,4.48,4.46
8/30/2024 19:55,September,3.71,3.69
8/30/2024 20:00,September,4.32,4.3
8/30/2024 20:05,September,30.39,30.26
8/30/2024 20:10,September,20.13,20.04
8/30/2024 20:15,September,8.05,8.01
8/30/2024 20:20,September,7.05,7.01
8/30/2024 20:25,September,6.15,6.12
8/30/2024 20:30,September,5.79,5.76
8/30/2024 20:35,September,5.8,5.77
8/30/2024 20:40,September,5.81,5.78
8/30/2024 20:45,September,5.8,5.77
8/30/2024 20:50,September,5.8,5.77
8/30/2024 20:55,September,5.45,5.42
8/30/2024 21:00,September,5.45,5.42
8/30/2024 21:05,September,31.19,31.01
8/30/2024 21:10,September,26.62,26.47
8/30/2024 21:15,September,16.37,16.28
8/30/2024 21:20,September,6.16,6.12
8/30/2024 21:25,September,5.87,5.84
8/30/2024 21:30,September,5.89,5.85
8/30/2024 21:35,September,5.85,5.81
8/30/2024 21:40,September,5.85,5.81
8/30/2024 21:45,September,5.85,5.81
8/30/2024 21:50,September,5.83,5.8
8/30/2024 21:55,September,4.31,4.28
8/30/2024 22:00,September,5.45,5.42
8/30/2024 22:05,September,7.23,7.19
8/30/2024 22:10,September,5.81,5.78
8/30/2024 22:15,September,5.44,5.41
8/30/2024 22:20,September,5.44,5.4
8/30/2024 22:25,September,5.44,5.4
8/30/2024 22:30,September,5.44,5.41
8/30/2024 22:35,September,5.44,5.4
8/30/2024 22:40,September,5.43,5.4
8/30/2024 22:45,September,5.26,5.24
8/30/2024 22:50,September,4.5,4.48
8/30/2024 22:55,September,3.78,3.76
8/30/2024 23:00,September,3.77,3.74
8/30/2024 23:05,September,7.04,7
8/30/2024 23:10,September,5.4,5.37
8/30/2024 23:15,September,4.52,4.5
8/30/2024 23:20,September,4.51,4.48
8/30/2024 23:25,September,4.52,4.5
8/30/2024 23:30,September,4.52,4.5
8/30/2024 23:35,September,4.52,4.5
8/30/2024 23:40,September,4.52,4.49
8/30/2024 23:45,September,4.51,4.49
8/30/2024 23:50,September,3.68,3.66
8/30/2024 23:55,September,3.73,3.71
8/31/2024 0:00,September,4.49,4.47
8/31/2024 0:05,September,31.18,31.05
8/31/2024 0:10,September,5.71,5.69
8/31/2024 0:15,September,5.63,5.61
8/31/2024 0:20,September,5.63,5.61
8/31/2024 0:25,September,5.63,5.6
8/31/2024 0:30,September,5.32,5.3
8/31/2024 0:35,September,5.12,5.09
8/31/2024 0:40,September,5.12,5.1
8/31/2024 0:45,September,5.31,5.28
8/31/2024 0:50,September,5.63,5.6
8/31/2024 0:55,September,5.31,5.28
8/31/2024 1:00,September,5.11,5.09
8/31/2024 1:05,September,4.36,4.34
8/31/2024 1:10,September,4.39,4.37
8/31/2024 1:15,September,4.25,4.23
8/31/2024 1:20,September,4.26,4.23
8/31/2024 1:25,September,4.35,4.33
8/31/2024 1:30,September,4.36,4.33
8/31/2024 1:35,September,4.4,4.37
8/31/2024 1:40,September,4.4,4.37
8/31/2024 1:45,September,4.32,4.29
8/31/2024 1:50,September,4.4,4.37
8/31/2024 1:55,September,4.32,4.29
8/31/2024 2:00,September,4.25,4.22
8/31/2024 2:05,September,4.27,4.24
8/31/2024 2:10,September,4.17,4.14
8/31/2024 2:15,September,4.27,4.24
8/31/2024 2:20,September,4.17,4.14
8/31/2024 2:25,September,4.19,4.15
8/31/2024 2:30,September,4.19,4.16
8/31/2024 2:35,September,4.19,4.16
8/31/2024 2:40,September,4.24,4.21
8/31/2024 2:45,September,4.19,4.15
8/31/2024 2:50,September,4.15,4.11
8/31/2024 2:55,September,4.11,4.07
8/31/2024 3:00,September,4.04,4.01
8/31/2024 3:05,September,4.12,4.08
8/31/2024 3:10,September,4.14,4.11
8/31/2024 3:15,September,4.13,4.09
8/31/2024 3:20,September,4.13,4.1
8/31/2024 3:25,September,4.11,4.07
8/31/2024 3:30,September,4.1,4.06
8/31/2024 3:35,September,4.08,4.05
8/31/2024 3:40,September,4.09,4.06
8/31/2024 3:45,September,4.05,4.02
8/31/2024 3:50,September,3.7,3.67
8/31/2024 3:55,September,3.9,3.86
8/31/2024 4:00,September,3.08,3.06
8/31/2024 4:05,September,3.7,3.67
8/31/2024 4:10,September,3.75,3.72
8/31/2024 4:15,September,3.89,3.86
8/31/2024 4:20,September,3.76,3.73
8/31/2024 4:25,September,3.7,3.67
8/31/2024 4:30,September,3.76,3.73
8/31/2024 4:35,September,3.78,3.75
8/31/2024 4:40,September,3.78,3.75
8/31/2024 4:45,September,2.96,2.94
8/31/2024 4:50,September,3.02,3
8/31/2024 4:55,September,3.02,3
8/31/2024 5:00,September,3.13,3.1
8/31/2024 5:05,September,2.9,2.88
8/31/2024 5:10,September,2.93,2.91
8/31/2024 5:15,September,2.95,2.93
8/31/2024 5:20,September,2.99,2.97
8/31/2024 5:25,September,3.06,3.04
8/31/2024 5:30,September,2.94,2.91
8/31/2024 5:35,September,2.94,2.92
8/31/2024 5:40,September,2.95,2.92
8/31/2024 5:45,September,2.93,2.91
8/31/2024 5:50,September,2.93,2.9
8/31/2024 5:55,September,2.92,2.9
8/31/2024 6:00,September,2.93,2.91
8/31/2024 6:05,September,2.3,2.29
8/31/2024 6:10,September,2.32,2.3
8/31/2024 6:15,September,2.66,2.64
8/31/2024 6:20,September,2.32,2.31
8/31/2024 6:25,September,2.85,2.83
8/31/2024 6:30,September,2.66,2.65
8/31/2024 6:35,September,2.66,2.64
8/31/2024 6:40,September,2.33,2.31
8/31/2024 6:45,September,2.33,2.31
8/31/2024 6:50,September,2.36,2.35
8/31/2024 6:55,September,2.5,2.49
8/31/2024 7:00,September,2.49,2.48
8/31/2024 7:05,September,2.22,2.21
8/31/2024 7:10,September,2.31,2.3
8/31/2024 7:15,September,2.36,2.35
8/31/2024 7:20,September,2.36,2.36
8/31/2024 7:25,September,2.64,2.63
8/31/2024 7:30,September,2.64,2.63
8/31/2024 7:35,September,2.64,2.63
8/31/2024 7:40,September,2.33,2.33
8/31/2024 7:45,September,2.36,2.35
8/31/2024 7:50,September,2.83,2.83
8/31/2024 7:55,September,2.83,2.83
8/31/2024 8:00,September,2.94,2.94
8/31/2024 8:05,September,2.32,2.32
8/31/2024 8:10,September,2.45,2.45
8/31/2024 8:15,September,2.45,2.45
8/31/2024 8:20,September,2.62,2.61
8/31/2024 8:25,September,2.92,2.92
8/31/2024 8:30,September,2.89,2.89
8/31/2024 8:35,September,2.9,2.9
8/31/2024 8:40,September,2.88,2.88
8/31/2024 8:45,September,2.9,2.9
8/31/2024 8:50,September,2.88,2.88
8/31/2024 8:55,September,2.96,2.96
8/31/2024 9:00,September,3,2.99
8/31/2024 9:05,September,2.35,2.35
8/31/2024 9:10,September,2.65,2.65
8/31/2024 9:15,September,2.74,2.75
8/31/2024 9:20,September,2.74,2.74
8/31/2024 9:25,September,2.69,2.7
8/31/2024 9:30,September,2.88,2.88
8/31/2024 9:35,September,4.04,4.04
8/31/2024 9:40,September,3.19,3.19
8/31/2024 9:45,September,3.08,3.09
8/31/2024 9:50,September,3.15,3.16
8/31/2024 9:55,September,3.06,3.07
8/31/2024 10:00,September,3.51,3.52
8/31/2024 10:05,September,2.32,2.32
8/31/2024 10:10,September,2.86,2.87
8/31/2024 10:15,September,2.88,2.89
8/31/2024 10:20,September,2.89,2.9
8/31/2024 10:25,September,2.91,2.92
8/31/2024 10:30,September,4.04,4.06
8/31/2024 10:35,September,3.16,3.17
8/31/2024 10:40,September,3.15,3.16
8/31/2024 10:45,September,3.18,3.19
8/31/2024 10:50,September,3.15,3.16
8/31/2024 10:55,September,3.15,3.17
8/31/2024 11:00,September,3.07,3.08
8/31/2024 11:05,September,3.05,3.06
8/31/2024 11:10,September,3.3,3.31
8/31/2024 11:15,September,3.15,3.17
8/31/2024 11:20,September,3.09,3.1
8/31/2024 11:25,September,3.08,3.09
8/31/2024 11:30,September,3.09,3.1
8/31/2024 11:35,September,3.09,3.09
8/31/2024 11:40,September,3.16,3.17
8/31/2024 11:45,September,3.09,3.1
8/31/2024 11:50,September,3.09,3.1
8/31/2024 11:55,September,2.98,2.99
8/31/2024 12:00,September,2.9,2.91
8/31/2024 12:05,September,3.08,3.09
8/31/2024 12:10,September,2.98,2.99
8/31/2024 12:15,September,3.08,3.09
8/31/2024 12:20,September,2.88,2.89
8/31/2024 12:25,September,2.92,2.93
8/31/2024 12:30,September,3.07,3.08
8/31/2024 12:35,September,3.51,3.52
8/31/2024 12:40,September,3.17,3.18
8/31/2024 12:45,September,3.19,3.2
8/31/2024 12:50,September,4.04,4.06
8/31/2024 12:55,September,3.68,3.69
8/31/2024 13:00,September,5.29,5.31
8/31/2024 13:05,September,3.21,3.22
8/31/2024 13:10,September,5.28,5.3
8/31/2024 13:15,September,3.25,3.26
8/31/2024 13:20,September,3.21,3.22
8/31/2024 13:25,September,3.2,3.21
8/31/2024 13:30,September,5.26,5.29
8/31/2024 13:35,September,4.17,4.19
8/31/2024 13:40,September,3.59,3.6
8/31/2024 13:45,September,3.97,3.99
8/31/2024 13:50,September,4.59,4.61
8/31/2024 13:55,September,5.28,5.3
8/31/2024 14:00,September,4.15,4.16
8/31/2024 14:05,September,7.77,7.8
8/31/2024 14:10,September,5.29,5.31
8/31/2024 14:15,September,4.23,4.24
8/31/2024 14:20,September,4.27,4.29
8/31/2024 14:25,September,8.71,8.71
8/31/2024 14:30,September,5.64,5.64
8/31/2024 14:35,September,5.31,5.31
8/31/2024 14:40,September,5.65,5.65
8/31/2024 14:45,September,5.33,5.32
8/31/2024 14:50,September,4.09,4.09
8/31/2024 14:55,September,3.97,3.97
8/31/2024 15:00,September,3.97,3.97
8/31/2024 15:05,September,10.74,10.76
8/31/2024 15:10,September,5.65,5.66
8/31/2024 15:15,September,5.29,5.3
8/31/2024 15:20,September,5.62,5.63
8/31/2024 15:25,September,7.79,7.8
8/31/2024 15:30,September,5.31,5.32
8/31/2024 15:35,September,5.31,5.32
8/31/2024 15:40,September,4.29,4.3
8/31/2024 15:45,September,4.25,4.25
8/31/2024 15:50,September,4.3,4.3
8/31/2024 15:55,September,4.3,4.3
8/31/2024 16:00,September,4.23,4.23
8/31/2024 16:05,September,5.64,5.64
8/31/2024 16:10,September,4.59,4.59
8/31/2024 16:15,September,4.31,4.31
8/31/2024 16:20,September,17.25,17.27
8/31/2024 16:25,September,10.81,10.81
8/31/2024 16:30,September,7.8,7.8
8/31/2024 16:35,September,5.32,5.33
8/31/2024 16:40,September,5.13,5.14
8/31/2024 16:45,September,5.65,5.65
8/31/2024 16:50,September,5.33,5.33
8/31/2024 16:55,September,5.33,5.33
8/31/2024 17:00,September,5.13,5.12
8/31/2024 17:05,September,5.69,5.69
8/31/2024 17:10,September,5.35,5.34
8/31/2024 17:15,September,5.35,5.34
8/31/2024 17:20,September,5.34,5.33
8/31/2024 17:25,September,5.35,5.33
8/31/2024 17:30,September,3.7,3.69
8/31/2024 17:35,September,5.35,5.33
8/31/2024 17:40,September,5.7,5.68
8/31/2024 17:45,September,5.69,5.67
8/31/2024 17:50,September,10.89,10.84
8/31/2024 17:55,September,8.79,8.76
8/31/2024 18:00,September,5.74,5.71
8/31/2024 18:05,September,5.38,5.36
8/31/2024 18:10,September,5.71,5.69
8/31/2024 18:15,September,5.71,5.69
8/31/2024 18:20,September,6.01,5.99
8/31/2024 18:25,September,8.79,8.75
8/31/2024 18:30,September,23.77,23.66
8/31/2024 18:35,September,21.86,21.76
8/31/2024 18:40,September,24.7,24.58
8/31/2024 18:45,September,26.63,26.49
8/31/2024 18:50,September,22.93,22.81
8/31/2024 18:55,September,22.99,22.87
8/31/2024 19:00,September,21.78,21.67
8/31/2024 19:05,September,14.04,13.97
8/31/2024 19:10,September,7.04,7
8/31/2024 19:15,September,7.89,7.84
8/31/2024 19:20,September,7.88,7.84
8/31/2024 19:25,September,8.81,8.76
8/31/2024 19:30,September,7.45,7.41
8/31/2024 19:35,September,7.05,7.01
8/31/2024 19:40,September,7.05,7.01
8/31/2024 19:45,September,7.04,7.01
8/31/2024 19:50,September,7.04,7.01
8/31/2024 19:55,September,5.81,5.78
8/31/2024 20:00,September,7.05,7.01
8/31/2024 20:05,September,31.31,31.14
8/31/2024 20:10,September,26.59,26.45
8/31/2024 20:15,September,23.28,23.16
8/31/2024 20:20,September,23.45,23.33
8/31/2024 20:25,September,22.11,22
8/31/2024 20:30,September,22.09,21.97
8/31/2024 20:35,September,22.05,21.93
8/31/2024 20:40,September,23.29,23.17
8/31/2024 20:45,September,19.38,19.27
8/31/2024 20:50,September,16.35,16.26
8/31/2024 20:55,September,8.79,8.74
8/31/2024 21:00,September,7.05,7.01
8/31/2024 21:05,September,31.53,31.33
8/31/2024 21:10,September,29.38,29.2
8/31/2024 21:15,September,23.36,23.22
8/31/2024 21:20,September,29.26,29.09
8/31/2024 21:25,September,22.17,22.04
8/31/2024 21:30,September,25.3,25.15
8/31/2024 21:35,September,29.02,28.86
8/31/2024 21:40,September,26.61,26.46
8/31/2024 21:45,September,19.92,19.8
8/31/2024 21:50,September,22.09,21.96
8/31/2024 21:55,September,16.5,16.39
8/31/2024 22:00,September,6.15,6.11
8/31/2024 22:05,September,19.83,19.69
8/31/2024 22:10,September,11.21,11.13
8/31/2024 22:15,September,16.5,16.39
8/31/2024 22:20,September,11.18,11.1
8/31/2024 22:25,September,11.78,11.69
8/31/2024 22:30,September,12.87,12.78
8/31/2024 22:35,September,11.16,11.08
8/31/2024 22:40,September,11.17,11.09
8/31/2024 22:45,September,12.99,12.9
8/31/2024 22:50,September,11.2,11.11
8/31/2024 22:55,September,11.15,11.07
8/31/2024 23:00,September,5.42,5.38
8/31/2024 23:05,September,30.99,30.78
8/31/2024 23:10,September,24.59,24.43
8/31/2024 23:15,September,14.23,14.14
8/31/2024 23:20,September,11.29,11.21
8/31/2024 23:25,September,11.27,11.19
8/31/2024 23:30,September,11.22,11.15
8/31/2024 23:35,September,13.02,12.94
8/31/2024 23:40,September,12.8,12.72
8/31/2024 23:45,September,5.76,5.72
8/31/2024 23:50,September,5.65,5.61
8/31/2024 23:55,September,5.65,5.61
9/1/2024 0:00,September,5.39,5.35
9/1/2024 0:05,September,5.72,5.68
9/1/2024 0:10,September,5.36,5.33
9/1/2024 0:15,September,5.62,5.58
9/1/2024 0:20,September,4.91,4.87
9/1/2024 0:25,September,5.62,5.58
9/1/2024 0:30,September,5.62,5.58
9/1/2024 0:35,September,5.62,5.59
9/1/2024 0:40,September,5.64,5.61
9/1/2024 0:45,September,5.34,5.31
9/1/2024 0:50,September,5.34,5.31
9/1/2024 0:55,September,5.12,5.09
9/1/2024 1:00,September,5.1,5.07
9/1/2024 1:05,September,11.27,11.2
9/1/2024 1:10,September,5.34,5.3
9/1/2024 1:15,September,5.11,5.07
9/1/2024 1:20,September,4.91,4.87
9/1/2024 1:25,September,4.91,4.88
9/1/2024 1:30,September,4.91,4.87
9/1/2024 1:35,September,5.11,5.07
9/1/2024 1:40,September,5.1,5.06
9/1/2024 1:45,September,5.11,5.08
9/1/2024 1:50,September,4.89,4.86
9/1/2024 1:55,September,4.91,4.88
9/1/2024 2:00,September,4.89,4.86
9/1/2024 2:05,September,4.89,4.86
9/1/2024 2:10,September,4.89,4.86
9/1/2024 2:15,September,4.79,4.75
9/1/2024 2:20,September,4.7,4.66
9/1/2024 2:25,September,4.78,4.74
9/1/2024 2:30,September,4.54,4.5
9/1/2024 2:35,September,4.56,4.53
9/1/2024 2:40,September,4.56,4.53
9/1/2024 2:45,September,4.55,4.52
9/1/2024 2:50,September,4.51,4.47
9/1/2024 2:55,September,4.48,4.45
9/1/2024 3:00,September,4.48,4.45
9/1/2024 3:05,September,4.47,4.43
9/1/2024 3:10,September,3.79,3.76
9/1/2024 3:15,September,3.9,3.87
9/1/2024 3:20,September,3.9,3.86
9/1/2024 3:25,September,3.46,3.43
9/1/2024 3:30,September,3.7,3.67
9/1/2024 3:35,September,3.46,3.43
9/1/2024 3:40,September,3.47,3.44
9/1/2024 3:45,September,3.69,3.66
9/1/2024 3:50,September,3.69,3.66
9/1/2024 3:55,September,3.69,3.66
9/1/2024 4:00,September,3.74,3.71
9/1/2024 4:05,September,4.22,4.18
9/1/2024 4:10,September,4.19,4.15
9/1/2024 4:15,September,4.19,4.15
9/1/2024 4:20,September,4.2,4.16
9/1/2024 4:25,September,4.04,4
9/1/2024 4:30,September,3.9,3.86
9/1/2024 4:35,September,4.03,3.99
9/1/2024 4:40,September,3.9,3.86
9/1/2024 4:45,September,3.69,3.65
9/1/2024 4:50,September,3.9,3.86
9/1/2024 4:55,September,3.72,3.68
9/1/2024 5:00,September,3.73,3.69
9/1/2024 5:05,September,11.39,11.28
9/1/2024 5:10,September,5.33,5.28
9/1/2024 5:15,September,4.53,4.49
9/1/2024 5:20,September,4.53,4.49
9/1/2024 5:25,September,3.68,3.65
9/1/2024 5:30,September,3.68,3.65
9/1/2024 5:35,September,3.9,3.86
9/1/2024 5:40,September,3.45,3.41
9/1/2024 5:45,September,3.45,3.41
9/1/2024 5:50,September,3.45,3.42
9/1/2024 5:55,September,3.45,3.42
9/1/2024 6:00,September,3.45,3.42
9/1/2024 6:05,September,3.42,3.39
9/1/2024 6:10,September,3.44,3.41
9/1/2024 6:15,September,3.45,3.42
9/1/2024 6:20,September,3.45,3.42
9/1/2024 6:25,September,3.45,3.42
9/1/2024 6:30,September,3.45,3.42
9/1/2024 6:35,September,3.44,3.42
9/1/2024 6:40,September,3.42,3.4
9/1/2024 6:45,September,3.42,3.39
9/1/2024 6:50,September,3.41,3.38
9/1/2024 6:55,September,0.17,0.17
9/1/2024 7:00,September,2.51,2.49
9/1/2024 7:05,September,0.09,0.08
9/1/2024 7:10,September,2.51,2.49
9/1/2024 7:15,September,2.6,2.58
9/1/2024 7:20,September,2.6,2.59
9/1/2024 7:25,September,2.61,2.6
9/1/2024 7:30,September,2.62,2.61
9/1/2024 7:35,September,2.62,2.6
9/1/2024 7:40,September,2.64,2.63
9/1/2024 7:45,September,2.64,2.63
9/1/2024 7:50,September,2.65,2.64
9/1/2024 7:55,September,2.95,2.93
9/1/2024 8:00,September,2.95,2.93
9/1/2024 8:05,September,2.77,2.75
9/1/2024 8:10,September,2.73,2.71
9/1/2024 8:15,September,2.65,2.64
9/1/2024 8:20,September,2.59,2.58
9/1/2024 8:25,September,2.59,2.58
9/1/2024 8:30,September,2.6,2.59
9/1/2024 8:35,September,2.82,2.8
9/1/2024 8:40,September,2.61,2.6
9/1/2024 8:45,September,2.64,2.63
9/1/2024 8:50,September,2.64,2.63
9/1/2024 8:55,September,2.82,2.81
9/1/2024 9:00,September,2.68,2.67
9/1/2024 9:05,September,2.59,2.58
9/1/2024 9:10,September,0.1,0.1
9/1/2024 9:15,September,2.59,2.58
9/1/2024 9:20,September,2.82,2.81
9/1/2024 9:25,September,2.69,2.68
9/1/2024 9:30,September,2.8,2.8
9/1/2024 9:35,September,2.81,2.81
9/1/2024 9:40,September,2.94,2.94
9/1/2024 9:45,September,3.14,3.13
9/1/2024 9:50,September,3.59,3.59
9/1/2024 9:55,September,3.64,3.63
9/1/2024 10:00,September,3.64,3.64
9/1/2024 10:05,September,3.15,3.15
9/1/2024 10:10,September,3.54,3.54
9/1/2024 10:15,September,3.68,3.67
9/1/2024 10:20,September,3.9,3.9
9/1/2024 10:25,September,3.69,3.69
9/1/2024 10:30,September,2.97,2.97
9/1/2024 10:35,September,2.89,2.89
9/1/2024 10:40,September,3.06,3.06
9/1/2024 10:45,September,3.14,3.13
9/1/2024 10:50,September,4.09,4.08
9/1/2024 10:55,September,3.96,3.96
9/1/2024 11:00,September,3.96,3.95
9/1/2024 11:05,September,4.47,4.46
9/1/2024 11:10,September,4.62,4.61
9/1/2024 11:15,September,4.6,4.6
9/1/2024 11:20,September,5.16,5.16
9/1/2024 11:25,September,4.95,4.94
9/1/2024 11:30,September,4.64,4.64
9/1/2024 11:35,September,4.6,4.6
9/1/2024 11:40,September,4.57,4.57
9/1/2024 11:45,September,2.74,2.73
9/1/2024 11:50,September,3.72,3.71
9/1/2024 11:55,September,3.11,3.1
9/1/2024 12:00,September,3.11,3.1
9/1/2024 12:05,September,4.2,4.19
9/1/2024 12:10,September,2.91,2.89
9/1/2024 12:15,September,2.7,2.69
9/1/2024 12:20,September,2.9,2.89
9/1/2024 12:25,September,4.45,4.44
9/1/2024 12:30,September,2.65,2.64
9/1/2024 12:35,September,2.9,2.89
9/1/2024 12:40,September,2.92,2.9
9/1/2024 12:45,September,3.5,3.48
9/1/2024 12:50,September,3.71,3.69
9/1/2024 12:55,September,3.71,3.69
9/1/2024 13:00,September,3.73,3.71
9/1/2024 13:05,September,3.73,3.71
9/1/2024 13:10,September,4.65,4.63
9/1/2024 13:15,September,4.63,4.61
9/1/2024 13:20,September,4.49,4.47
9/1/2024 13:25,September,3.72,3.71
9/1/2024 13:30,September,2.65,2.64
9/1/2024 13:35,September,0,0
9/1/2024 13:40,September,2.65,2.64
9/1/2024 13:45,September,3.62,3.61
9/1/2024 13:50,September,3.63,3.62
9/1/2024 13:55,September,2.91,2.91
9/1/2024 14:00,September,2.74,2.74
9/1/2024 14:05,September,4.05,4.04
9/1/2024 14:10,September,3.61,3.62
9/1/2024 14:15,September,2.9,2.91
9/1/2024 14:20,September,2.93,2.93
9/1/2024 14:25,September,3.14,3.13
9/1/2024 14:30,September,3.14,3.13
9/1/2024 14:35,September,2.95,2.94
9/1/2024 14:40,September,2.96,2.96
9/1/2024 14:45,September,2.96,2.96
9/1/2024 14:50,September,3.17,3.17
9/1/2024 14:55,September,3.14,3.13
9/1/2024 15:00,September,2.94,2.94
9/1/2024 15:05,September,4.59,4.58
9/1/2024 15:10,September,3.63,3.62
9/1/2024 15:15,September,3.28,3.27
9/1/2024 15:20,September,3.16,3.15
9/1/2024 15:25,September,3.21,3.2
9/1/2024 15:30,September,3.17,3.16
9/1/2024 15:35,September,3.25,3.24
9/1/2024 15:40,September,2.99,2.98
9/1/2024 15:45,September,2.96,2.94
9/1/2024 15:50,September,3.17,3.15
9/1/2024 15:55,September,3.05,3.04
9/1/2024 16:00,September,3.63,3.61
9/1/2024 16:05,September,3.21,3.2
9/1/2024 16:10,September,3.58,3.56
9/1/2024 16:15,September,3.64,3.62
9/1/2024 16:20,September,3.18,3.16
9/1/2024 16:25,September,3.17,3.16
9/1/2024 16:30,September,3.17,3.16
9/1/2024 16:35,September,3.26,3.24
9/1/2024 16:40,September,3.18,3.16
9/1/2024 16:45,September,3.18,3.16
9/1/2024 16:50,September,3.25,3.23
9/1/2024 16:55,September,2.94,2.93
9/1/2024 17:00,September,3.05,3.04
9/1/2024 17:05,September,3.18,3.16
9/1/2024 17:10,September,3.21,3.2
9/1/2024 17:15,September,3.62,3.6
9/1/2024 17:20,September,3.71,3.69
9/1/2024 17:25,September,4.25,4.22
9/1/2024 17:30,September,4.25,4.23
9/1/2024 17:35,September,4.51,4.48
9/1/2024 17:40,September,4.51,4.48
9/1/2024 17:45,September,4.25,4.23
9/1/2024 17:50,September,4.6,4.58
9/1/2024 17:55,September,4.61,4.58
9/1/2024 18:00,September,4.51,4.48
9/1/2024 18:05,September,4.09,4.07
9/1/2024 18:10,September,4.08,4.06
9/1/2024 18:15,September,4.09,4.06
9/1/2024 18:20,September,4.86,4.83
9/1/2024 18:25,September,5.18,5.16
9/1/2024 18:30,September,4.88,4.86
9/1/2024 18:35,September,4.71,4.69
9/1/2024 18:40,September,4.71,4.69
9/1/2024 18:45,September,4.35,4.33
9/1/2024 18:50,September,5.28,5.26
9/1/2024 18:55,September,5.28,5.26
9/1/2024 19:00,September,4.87,4.85
9/1/2024 19:05,September,4.52,4.5
9/1/2024 19:10,September,4.32,4.3
9/1/2024 19:15,September,4.3,4.28
9/1/2024 19:20,September,4.33,4.31
9/1/2024 19:25,September,4.57,4.55
9/1/2024 19:30,September,4.34,4.32
9/1/2024 19:35,September,4.51,4.49
9/1/2024 19:40,September,4.52,4.49
9/1/2024 19:45,September,4.32,4.3
9/1/2024 19:50,September,4.3,4.28
9/1/2024 19:55,September,4.31,4.29
9/1/2024 20:00,September,4.31,4.29
9/1/2024 20:05,September,4.86,4.83
9/1/2024 20:10,September,4.52,4.49
9/1/2024 20:15,September,4.56,4.53
9/1/2024 20:20,September,4.32,4.3
9/1/2024 20:25,September,4.33,4.31
9/1/2024 20:30,September,4.56,4.53
9/1/2024 20:35,September,4.3,4.28
9/1/2024 20:40,September,4.51,4.49
9/1/2024 20:45,September,4.32,4.3
9/1/2024 20:50,September,4.32,4.3
9/1/2024 20:55,September,4.11,4.09
9/1/2024 21:00,September,3.79,3.77
9/1/2024 21:05,September,4.19,4.16
9/1/2024 21:10,September,4.18,4.15
9/1/2024 21:15,September,4.2,4.17
9/1/2024 21:20,September,4.43,4.4
9/1/2024 21:25,September,4.19,4.17
9/1/2024 21:30,September,4.62,4.59
9/1/2024 21:35,September,4.52,4.49
9/1/2024 21:40,September,4.52,4.49
9/1/2024 21:45,September,4.52,4.49
9/1/2024 21:50,September,3.83,3.81
9/1/2024 21:55,September,3.83,3.81
9/1/2024 22:00,September,3.82,3.8
9/1/2024 22:05,September,4.69,4.65
9/1/2024 22:10,September,4.47,4.43
9/1/2024 22:15,September,4.47,4.43
9/1/2024 22:20,September,4.27,4.24
9/1/2024 22:25,September,4.28,4.24
9/1/2024 22:30,September,3.21,3.19
9/1/2024 22:35,September,3.71,3.67
9/1/2024 22:40,September,2.96,2.93
9/1/2024 22:45,September,3.03,3
9/1/2024 22:50,September,3.11,3.08
9/1/2024 22:55,September,3.15,3.12
9/1/2024 23:00,September,2.68,2.66
9/1/2024 23:05,September,2.38,2.36
9/1/2024 23:10,September,2.8,2.77
9/1/2024 23:15,September,2.96,2.93
9/1/2024 23:20,September,3,2.97
9/1/2024 23:25,September,3.07,3.04
9/1/2024 23:30,September,2.8,2.77
9/1/2024 23:35,September,3.07,3.04
9/1/2024 23:40,September,2.97,2.94
9/1/2024 23:45,September,3.01,2.98
9/1/2024 23:50,September,2.78,2.75
9/1/2024 23:55,September,2.8,2.77
9/2/2024 0:00,September,2.68,2.66
9/2/2024 0:05,September,2.34,2.32
9/2/2024 0:10,September,2.34,2.31
9/2/2024 0:15,September,2.36,2.34
9/2/2024 0:20,September,2.38,2.36
9/2/2024 0:25,September,2.37,2.36
9/2/2024 0:30,September,2.35,2.33
9/2/2024 0:35,September,2.37,2.35
9/2/2024 0:40,September,2.37,2.35
9/2/2024 0:45,September,2.65,2.63
9/2/2024 0:50,September,2.38,2.36
9/2/2024 0:55,September,2.38,2.36
9/2/2024 1:00,September,2.38,2.36
9/2/2024 1:05,September,2.35,2.34
9/2/2024 1:10,September,2.36,2.35
9/2/2024 1:15,September,2.36,2.34
9/2/2024 1:20,September,2.36,2.34
9/2/2024 1:25,September,2.37,2.35
9/2/2024 1:30,September,2.37,2.36
9/2/2024 1:35,September,2.37,2.36
9/2/2024 1:40,September,2.38,2.36
9/2/2024 1:45,September,2.38,2.36
9/2/2024 1:50,September,2.75,2.73
9/2/2024 1:55,September,2.38,2.37
9/2/2024 2:00,September,2.38,2.37
9/2/2024 2:05,September,2.38,2.37
9/2/2024 2:10,September,2.51,2.49
9/2/2024 2:15,September,2.51,2.5
9/2/2024 2:20,September,2.75,2.74
9/2/2024 2:25,September,2.64,2.63
9/2/2024 2:30,September,2.65,2.63
9/2/2024 2:35,September,2.38,2.37
9/2/2024 2:40,September,2.37,2.36
9/2/2024 2:45,September,2.36,2.35
9/2/2024 2:50,September,2.36,2.35
9/2/2024 2:55,September,2.36,2.34
9/2/2024 3:00,September,2.35,2.34
9/2/2024 3:05,September,2.35,2.33
9/2/2024 3:10,September,2.35,2.33
9/2/2024 3:15,September,2.35,2.33
9/2/2024 3:20,September,2.05,2.03
9/2/2024 3:25,September,2.03,2.01
9/2/2024 3:30,September,2.03,2.02
9/2/2024 3:35,September,2.04,2.03
9/2/2024 3:40,September,2.02,2.01
9/2/2024 3:45,September,2.04,2.02
9/2/2024 3:50,September,2.04,2.03
9/2/2024 3:55,September,2.04,2.02
9/2/2024 4:00,September,2.04,2.03
9/2/2024 4:05,September,2.04,2.03
9/2/2024 4:10,September,2.04,2.03
9/2/2024 4:15,September,2.35,2.34
9/2/2024 4:20,September,2.35,2.34
9/2/2024 4:25,September,2.37,2.36
9/2/2024 4:30,September,2.36,2.35
9/2/2024 4:35,September,2.37,2.36
9/2/2024 4:40,September,2.37,2.36
9/2/2024 4:45,September,2.35,2.33
9/2/2024 4:50,September,2.2,2.18
9/2/2024 4:55,September,0,0
9/2/2024 5:00,September,0.95,0.95
9/2/2024 5:05,September,2.04,2.03
9/2/2024 5:10,September,2.36,2.35
9/2/2024 5:15,September,2.37,2.35
9/2/2024 5:20,September,2.38,2.36
9/2/2024 5:25,September,2.38,2.37
9/2/2024 5:30,September,2.51,2.49
9/2/2024 5:35,September,2.64,2.63
9/2/2024 5:40,September,2.74,2.72
9/2/2024 5:45,September,2.65,2.63
9/2/2024 5:50,September,2.5,2.49
9/2/2024 5:55,September,2.5,2.48
9/2/2024 6:00,September,2.37,2.36
9/2/2024 6:05,September,2.36,2.35
9/2/2024 6:10,September,2.36,2.34
9/2/2024 6:15,September,2.37,2.36
9/2/2024 6:20,September,2.35,2.34
9/2/2024 6:25,September,2.37,2.35
9/2/2024 6:30,September,2.35,2.34
9/2/2024 6:35,September,2.36,2.35
9/2/2024 6:40,September,2.38,2.37
9/2/2024 6:45,September,2.64,2.62
9/2/2024 6:50,September,2.64,2.62
9/2/2024 6:55,September,2.7,2.69
9/2/2024 7:00,September,2.75,2.74
9/2/2024 7:05,September,2.64,2.63
9/2/2024 7:10,September,2.51,2.5
9/2/2024 7:15,September,2.75,2.74
9/2/2024 7:20,September,2.64,2.63
9/2/2024 7:25,September,2.39,2.38
9/2/2024 7:30,September,2.67,2.66
9/2/2024 7:35,September,2.96,2.95
9/2/2024 7:40,September,2.85,2.84
9/2/2024 7:45,September,2.96,2.95
9/2/2024 7:50,September,2.79,2.77
9/2/2024 7:55,September,3.21,3.2
9/2/2024 8:00,September,3.19,3.18
9/2/2024 8:05,September,1.4,1.4
9/2/2024 8:10,September,2.03,2.03
9/2/2024 8:15,September,2.92,2.91
9/2/2024 8:20,September,1.99,1.98
9/2/2024 8:25,September,2.03,2.02
9/2/2024 8:30,September,2.03,2.03
9/2/2024 8:35,September,2.83,2.82
9/2/2024 8:40,September,3.23,3.22
9/2/2024 8:45,September,2.92,2.91
9/2/2024 8:50,September,2.03,2.03
9/2/2024 8:55,September,2.03,2.03
9/2/2024 9:00,September,2.64,2.63
9/2/2024 9:05,September,2,2
9/2/2024 9:10,September,2,2
9/2/2024 9:15,September,2.95,2.94
9/2/2024 9:20,September,3.21,3.2
9/2/2024 9:25,September,2.65,2.64
9/2/2024 9:30,September,2.21,2.21
9/2/2024 9:35,September,2.21,2.21
9/2/2024 9:40,September,2.84,2.83
9/2/2024 9:45,September,2.03,2.03
9/2/2024 9:50,September,2.95,2.94
9/2/2024 9:55,September,2.84,2.83
9/2/2024 10:00,September,2.84,2.83
9/2/2024 10:05,September,1.21,1.21
9/2/2024 10:10,September,1.24,1.23
9/2/2024 10:15,September,1.41,1.41
9/2/2024 10:20,September,2.22,2.21
9/2/2024 10:25,September,2.21,2.21
9/2/2024 10:30,September,2.95,2.94
9/2/2024 10:35,September,2.64,2.64
9/2/2024 10:40,September,2.03,2.03
9/2/2024 10:45,September,1.42,1.42
9/2/2024 10:50,September,2.03,2.03
9/2/2024 10:55,September,1.42,1.42
9/2/2024 11:00,September,2.03,2.03
9/2/2024 11:05,September,3.54,3.53
9/2/2024 11:10,September,3.21,3.21
9/2/2024 11:15,September,3.22,3.22
9/2/2024 11:20,September,3.17,3.16
9/2/2024 11:25,September,3.16,3.16
9/2/2024 11:30,September,3.15,3.15
9/2/2024 11:35,September,2.95,2.94
9/2/2024 11:40,September,3.15,3.14
9/2/2024 11:45,September,2.96,2.96
9/2/2024 11:50,September,2.92,2.92
9/2/2024 11:55,September,1.85,1.85
9/2/2024 12:00,September,1.85,1.85
9/2/2024 12:05,September,1.85,1.85
9/2/2024 12:10,September,2.64,2.64
9/2/2024 12:15,September,2.64,2.64
9/2/2024 12:20,September,2.21,2.21
9/2/2024 12:25,September,2.64,2.64
9/2/2024 12:30,September,2.83,2.83
9/2/2024 12:35,September,2.64,2.64
9/2/2024 12:40,September,2.64,2.64
9/2/2024 12:45,September,1.85,1.85
9/2/2024 12:50,September,2.21,2.21
9/2/2024 12:55,September,2.21,2.21
9/2/2024 13:00,September,2.94,2.94
9/2/2024 13:05,September,2.21,2.2
9/2/2024 13:10,September,1.24,1.24
9/2/2024 13:15,September,1.25,1.24
9/2/2024 13:20,September,1.24,1.24
9/2/2024 13:25,September,1.24,1.24
9/2/2024 13:30,September,1.24,1.24
9/2/2024 13:35,September,1.24,1.24
9/2/2024 13:40,September,1.23,1.23
9/2/2024 13:45,September,1.79,1.79
9/2/2024 13:50,September,1.84,1.84
9/2/2024 13:55,September,1.78,1.78
9/2/2024 14:00,September,1.83,1.82
9/2/2024 14:05,September,1.84,1.84
9/2/2024 14:10,September,1.83,1.83
9/2/2024 14:15,September,1.84,1.84
9/2/2024 14:20,September,0.11,0.11
9/2/2024 14:25,September,0.2,0.2
9/2/2024 14:30,September,1.84,1.84
9/2/2024 14:35,September,1.84,1.84
9/2/2024 14:40,September,1.84,1.84
9/2/2024 14:45,September,1.8,1.79
9/2/2024 14:50,September,1.84,1.84
9/2/2024 14:55,September,0.15,0.15
9/2/2024 15:00,September,0.18,0.18
9/2/2024 15:05,September,0.1,0.1
9/2/2024 15:10,September,0.1,0.1
9/2/2024 15:15,September,0.1,0.1
9/2/2024 15:20,September,0.1,0.1
9/2/2024 15:25,September,0.09,0.09
9/2/2024 15:30,September,0.1,0.1
9/2/2024 15:35,September,0.1,0.1
9/2/2024 15:40,September,0.1,0.1
9/2/2024 15:45,September,0.1,0.1
9/2/2024 15:50,September,0.1,0.1
9/2/2024 15:55,September,0.09,0.09
9/2/2024 16:00,September,0.09,0.09
9/2/2024 16:05,September,1.25,1.24
9/2/2024 16:10,September,2.57,2.57
9/2/2024 16:15,September,2.46,2.46
9/2/2024 16:20,September,2.55,2.55
9/2/2024 16:25,September,2.21,2.21
9/2/2024 16:30,September,2.03,2.02
9/2/2024 16:35,September,2.03,2.02
9/2/2024 16:40,September,2.03,2.02
9/2/2024 16:45,September,2.58,2.57
9/2/2024 16:50,September,2.6,2.6
9/2/2024 16:55,September,2.21,2.2
9/2/2024 17:00,September,2.03,2.02
9/2/2024 17:05,September,2.48,2.47
9/2/2024 17:10,September,2.21,2.21
9/2/2024 17:15,September,2.21,2.2
9/2/2024 17:20,September,2.21,2.2
9/2/2024 17:25,September,2.21,2.2
9/2/2024 17:30,September,2.03,2.03
9/2/2024 17:35,September,3.21,3.2
9/2/2024 17:40,September,2.66,2.66
9/2/2024 17:45,September,2.64,2.64
9/2/2024 17:50,September,2.64,2.64
9/2/2024 17:55,September,2.61,2.61
9/2/2024 18:00,September,3.36,3.36
9/2/2024 18:05,September,2.66,2.65
9/2/2024 18:10,September,2.66,2.65
9/2/2024 18:15,September,3.8,3.8
9/2/2024 18:20,September,3.8,3.79
9/2/2024 18:25,September,4.75,4.74
9/2/2024 18:30,September,3.92,3.91
9/2/2024 18:35,September,5.71,5.7
9/2/2024 18:40,September,5.37,5.36
9/2/2024 18:45,September,5.37,5.36
9/2/2024 18:50,September,4.09,4.08
9/2/2024 18:55,September,2.35,2.35
9/2/2024 19:00,September,3.19,3.19
9/2/2024 19:05,September,3.56,3.55
9/2/2024 19:10,September,2.36,2.35
9/2/2024 19:15,September,2.93,2.92
9/2/2024 19:20,September,2.78,2.77
9/2/2024 19:25,September,2.95,2.94
9/2/2024 19:30,September,2.92,2.92
9/2/2024 19:35,September,2.95,2.94
9/2/2024 19:40,September,2.92,2.92
9/2/2024 19:45,September,2.93,2.92
9/2/2024 19:50,September,2.93,2.92
9/2/2024 19:55,September,2.36,2.35
9/2/2024 20:00,September,2.85,2.84
9/2/2024 20:05,September,2.93,2.92
9/2/2024 20:10,September,2.63,2.62
9/2/2024 20:15,September,2.63,2.62
9/2/2024 20:20,September,2.63,2.63
9/2/2024 20:25,September,2.92,2.91
9/2/2024 20:30,September,2.92,2.91
9/2/2024 20:35,September,2.64,2.63
9/2/2024 20:40,September,2.92,2.91
9/2/2024 20:45,September,2.92,2.91
9/2/2024 20:50,September,2.92,2.91
9/2/2024 20:55,September,1.92,1.91
9/2/2024 21:00,September,2.35,2.35
9/2/2024 21:05,September,3.13,3.13
9/2/2024 21:10,September,2.92,2.91
9/2/2024 21:15,September,2.93,2.92
9/2/2024 21:20,September,2.95,2.94
9/2/2024 21:25,September,2.92,2.91
9/2/2024 21:30,September,2.63,2.62
9/2/2024 21:35,September,2.63,2.62
9/2/2024 21:40,September,2.63,2.63
9/2/2024 21:45,September,2.36,2.35
9/2/2024 21:50,September,2.35,2.35
9/2/2024 21:55,September,2.35,2.35
9/2/2024 22:00,September,1.93,1.92
9/2/2024 22:05,September,3.05,3.04
9/2/2024 22:10,September,2.69,2.69
9/2/2024 22:15,September,2.67,2.67
9/2/2024 22:20,September,2.83,2.83
9/2/2024 22:25,September,2.66,2.65
9/2/2024 22:30,September,2.65,2.64
9/2/2024 22:35,September,2.65,2.64
9/2/2024 22:40,September,2.35,2.35
9/2/2024 22:45,September,2.35,2.35
9/2/2024 22:50,September,2.36,2.35
9/2/2024 22:55,September,1.93,1.93
9/2/2024 23:00,September,1.93,1.93
9/2/2024 23:05,September,2.63,2.62
9/2/2024 23:10,September,2.35,2.35
9/2/2024 23:15,September,2.35,2.35
9/2/2024 23:20,September,2.35,2.35
9/2/2024 23:25,September,2.13,2.12
9/2/2024 23:30,September,2.35,2.34
9/2/2024 23:35,September,2.35,2.34
9/2/2024 23:40,September,2.12,2.12
9/2/2024 23:45,September,2.34,2.34
9/2/2024 23:50,September,2.34,2.34
9/2/2024 23:55,September,2.34,2.34
9/3/2024 0:00,September,2.21,2.21
9/3/2024 0:05,September,3.23,3.22
9/3/2024 0:10,September,2.94,2.93
9/3/2024 0:15,September,2.83,2.83
9/3/2024 0:20,September,2.9,2.9
9/3/2024 0:25,September,2.64,2.64
9/3/2024 0:30,September,2.79,2.78
9/3/2024 0:35,September,2.71,2.71
9/3/2024 0:40,September,2.64,2.64
9/3/2024 0:45,September,2.43,2.42
9/3/2024 0:50,September,2.64,2.64
9/3/2024 0:55,September,2.34,2.34
9/3/2024 1:00,September,2.43,2.43
9/3/2024 1:05,September,2.64,2.63
9/3/2024 1:10,September,2.64,2.63
9/3/2024 1:15,September,2.64,2.63
9/3/2024 1:20,September,2.64,2.64
9/3/2024 1:25,September,2.64,2.64
9/3/2024 1:30,September,2.44,2.44
9/3/2024 1:35,September,2.22,2.22
9/3/2024 1:40,September,2.45,2.45
9/3/2024 1:45,September,2.63,2.63
9/3/2024 1:50,September,2.92,2.92
9/3/2024 1:55,September,2.83,2.83
9/3/2024 2:00,September,2.64,2.63
9/3/2024 2:05,September,2.64,2.63
9/3/2024 2:10,September,1.31,1.3
9/3/2024 2:15,September,2.34,2.34
9/3/2024 2:20,September,2.34,2.34
9/3/2024 2:25,September,2.63,2.63
9/3/2024 2:30,September,2.34,2.34
9/3/2024 2:35,September,2.34,2.34
9/3/2024 2:40,September,2.22,2.22
9/3/2024 2:45,September,2.34,2.34
9/3/2024 2:50,September,2.22,2.22
9/3/2024 2:55,September,2.45,2.45
9/3/2024 3:00,September,2.23,2.22
9/3/2024 3:05,September,2.22,2.22
9/3/2024 3:10,September,2.62,2.62
9/3/2024 3:15,September,2.94,2.93
9/3/2024 3:20,September,2.63,2.63
9/3/2024 3:25,September,2.63,2.63
9/3/2024 3:30,September,2.34,2.34
9/3/2024 3:35,September,2.34,2.34
9/3/2024 3:40,September,2.74,2.73
9/3/2024 3:45,September,2.34,2.34
9/3/2024 3:50,September,2.63,2.62
9/3/2024 3:55,September,2.63,2.62
9/3/2024 4:00,September,2.34,2.34
9/3/2024 4:05,September,2.93,2.93
9/3/2024 4:10,September,2.84,2.83
9/3/2024 4:15,September,2.63,2.63
9/3/2024 4:20,September,2.83,2.83
9/3/2024 4:25,September,2.73,2.73
9/3/2024 4:30,September,2.83,2.83
9/3/2024 4:35,September,2.64,2.63
9/3/2024 4:40,September,2.64,2.63
9/3/2024 4:45,September,2.72,2.71
9/3/2024 4:50,September,2.64,2.63
9/3/2024 4:55,September,2.64,2.63
9/3/2024 5:00,September,2.83,2.83
9/3/2024 5:05,September,1.11,1.11
9/3/2024 5:10,September,2.34,2.34
9/3/2024 5:15,September,2.34,2.34
9/3/2024 5:20,September,2.34,2.34
9/3/2024 5:25,September,2.34,2.34
9/3/2024 5:30,September,2.63,2.63
9/3/2024 5:35,September,2.63,2.63
9/3/2024 5:40,September,2.91,2.9
9/3/2024 5:45,September,2.83,2.83
9/3/2024 5:50,September,2.93,2.92
9/3/2024 5:55,September,2.84,2.83
9/3/2024 6:00,September,2.64,2.63
9/3/2024 6:05,September,0.59,0.59
9/3/2024 6:10,September,1.12,1.12
9/3/2024 6:15,September,2.34,2.34
9/3/2024 6:20,September,2.34,2.34
9/3/2024 6:25,September,2.34,2.34
9/3/2024 6:30,September,2.46,2.46
9/3/2024 6:35,September,2.34,2.34
9/3/2024 6:40,September,2.34,2.34
9/3/2024 6:45,September,2.63,2.62
9/3/2024 6:50,September,2.34,2.34
9/3/2024 6:55,September,2.48,2.47
9/3/2024 7:00,September,2.34,2.34
9/3/2024 7:05,September,0.35,0.35
9/3/2024 7:10,September,0.58,0.57
9/3/2024 7:15,September,1.11,1.11
9/3/2024 7:20,September,1.11,1.11
9/3/2024 7:25,September,1.14,1.14
9/3/2024 7:30,September,1.79,1.79
9/3/2024 7:35,September,2.33,2.33
9/3/2024 7:40,September,3.35,3.35
9/3/2024 7:45,September,3.14,3.14
9/3/2024 7:50,September,3.16,3.16
9/3/2024 7:55,September,3.05,3.05
9/3/2024 8:00,September,3.54,3.54
9/3/2024 8:05,September,1.8,1.8
9/3/2024 8:10,September,2.63,2.63
9/3/2024 8:15,September,2.95,2.95
9/3/2024 8:20,September,2.72,2.71
9/3/2024 8:25,September,2.64,2.63
9/3/2024 8:30,September,2.64,2.63
9/3/2024 8:35,September,2.35,2.34
9/3/2024 8:40,September,2.64,2.63
9/3/2024 8:45,September,2.64,2.63
9/3/2024 8:50,September,3.34,3.34
9/3/2024 8:55,September,3.21,3.2
9/3/2024 9:00,September,3.18,3.18
9/3/2024 9:05,September,1.75,1.75
9/3/2024 9:10,September,1.88,1.88
9/3/2024 9:15,September,1.76,1.76
9/3/2024 9:20,September,1.77,1.78
9/3/2024 9:25,September,1.78,1.78
9/3/2024 9:30,September,1.78,1.78
9/3/2024 9:35,September,1.9,1.91
9/3/2024 9:40,September,1.91,1.92
9/3/2024 9:45,September,1.91,1.91
9/3/2024 9:50,September,1.93,1.93
9/3/2024 9:55,September,2.33,2.33
9/3/2024 10:00,September,2.33,2.33
9/3/2024 10:05,September,2.13,2.14
9/3/2024 10:10,September,2.63,2.63
9/3/2024 10:15,September,2.33,2.34
9/3/2024 10:20,September,2.93,2.94
9/3/2024 10:25,September,2.93,2.94
9/3/2024 10:30,September,3.06,3.06
9/3/2024 10:35,September,3.16,3.17
9/3/2024 10:40,September,3.21,3.22
9/3/2024 10:45,September,3.17,3.17
9/3/2024 10:50,September,3.16,3.17
9/3/2024 10:55,September,3.35,3.36
9/3/2024 11:00,September,3.21,3.21
9/3/2024 11:05,September,3.17,3.18
9/3/2024 11:10,September,3.18,3.19
9/3/2024 11:15,September,3.18,3.19
9/3/2024 11:20,September,3.16,3.16
9/3/2024 11:25,September,3.18,3.19
9/3/2024 11:30,September,3.21,3.22
9/3/2024 11:35,September,3.21,3.22
9/3/2024 11:40,September,3.52,3.53
9/3/2024 11:45,September,3.35,3.36
9/3/2024 11:50,September,5.79,5.81
9/3/2024 11:55,September,4.53,4.55
9/3/2024 12:00,September,3.18,3.19
9/3/2024 12:05,September,3.17,3.18
9/3/2024 12:10,September,2.88,2.89
9/3/2024 12:15,September,3.03,3.04
9/3/2024 12:20,September,2.94,2.95
9/3/2024 12:25,September,2.63,2.64
9/3/2024 12:30,September,2.33,2.34
9/3/2024 12:35,September,2.33,2.34
9/3/2024 12:40,September,2.56,2.56
9/3/2024 12:45,September,2.31,2.31
9/3/2024 12:50,September,1.16,1.16
9/3/2024 12:55,September,1.16,1.16
9/3/2024 13:00,September,1.17,1.17
9/3/2024 13:05,September,1.81,1.81
9/3/2024 13:10,September,2.33,2.33
9/3/2024 13:15,September,2.93,2.93
9/3/2024 13:20,September,2.34,2.34
9/3/2024 13:25,September,2.63,2.63
9/3/2024 13:30,September,2.56,2.56
9/3/2024 13:35,September,2.55,2.55
9/3/2024 13:40,September,1.17,1.16
9/3/2024 13:45,September,1.85,1.85
9/3/2024 13:50,September,1.84,1.84
9/3/2024 13:55,September,2.34,2.34
9/3/2024 14:00,September,2.34,2.34
9/3/2024 14:05,September,2.34,2.34
9/3/2024 14:10,September,2.34,2.34
9/3/2024 14:15,September,2.93,2.93
9/3/2024 14:20,September,3.34,3.34
9/3/2024 14:25,September,2.34,2.35
9/3/2024 14:30,September,2.64,2.64
9/3/2024 14:35,September,2.35,2.35
9/3/2024 14:40,September,3.36,3.35
9/3/2024 14:45,September,3.33,3.33
9/3/2024 14:50,September,3.35,3.35
9/3/2024 14:55,September,3.6,3.59
9/3/2024 15:00,September,3.35,3.35
9/3/2024 15:05,September,3.6,3.6
9/3/2024 15:10,September,4.6,4.61
9/3/2024 15:15,September,3.62,3.62
9/3/2024 15:20,September,4.27,4.27
9/3/2024 15:25,September,4.28,4.28
9/3/2024 15:30,September,4.27,4.27
9/3/2024 15:35,September,5.64,5.64
9/3/2024 15:40,September,4.48,4.48
9/3/2024 15:45,September,3.53,3.53
9/3/2024 15:50,September,3.64,3.63
9/3/2024 15:55,September,3.54,3.54
9/3/2024 16:00,September,3.54,3.54
9/3/2024 16:05,September,3.61,3.61
9/3/2024 16:10,September,2.64,2.64
9/3/2024 16:15,September,3.16,3.16
9/3/2024 16:20,September,3.2,3.2
9/3/2024 16:25,September,3.21,3.21
9/3/2024 16:30,September,3.31,3.31
9/3/2024 16:35,September,3.54,3.53
9/3/2024 16:40,September,3.33,3.32
9/3/2024 16:45,September,3.59,3.59
9/3/2024 16:50,September,3.22,3.21
9/3/2024 16:55,September,3.21,3.2
9/3/2024 17:00,September,2.98,2.98
9/3/2024 17:05,September,2.59,2.58
9/3/2024 17:10,September,2.36,2.36
9/3/2024 17:15,September,2.36,2.35
9/3/2024 17:20,September,1.76,1.76
9/3/2024 17:25,September,2.36,2.35
9/3/2024 17:30,September,2.36,2.35
9/3/2024 17:35,September,2.64,2.64
9/3/2024 17:40,September,2.36,2.35
9/3/2024 17:45,September,4.08,4.07
9/3/2024 17:50,September,3.58,3.57
9/3/2024 17:55,September,4.94,4.93
9/3/2024 18:00,September,3.58,3.57
9/3/2024 18:05,September,5.34,5.32
9/3/2024 18:10,September,5.33,5.32
9/3/2024 18:15,September,5.67,5.65
9/3/2024 18:20,September,5.67,5.65
9/3/2024 18:25,September,5.67,5.66
9/3/2024 18:30,September,10.22,10.19
9/3/2024 18:35,September,5.7,5.68
9/3/2024 18:40,September,14.87,14.83
9/3/2024 18:45,September,8.78,8.75
9/3/2024 18:50,September,5.71,5.69
9/3/2024 18:55,September,4.65,4.63
9/3/2024 19:00,September,3.7,3.69
9/3/2024 19:05,September,3.23,3.22
9/3/2024 19:10,September,3.04,3.03
9/3/2024 19:15,September,2.65,2.64
9/3/2024 19:20,September,3.59,3.58
9/3/2024 19:25,September,3.32,3.31
9/3/2024 19:30,September,3.55,3.54
9/3/2024 19:35,September,3.23,3.22
9/3/2024 19:40,September,3.55,3.54
9/3/2024 19:45,September,3.56,3.54
9/3/2024 19:50,September,3.56,3.54
9/3/2024 19:55,September,3.56,3.54
9/3/2024 20:00,September,2.36,2.35
9/3/2024 20:05,September,3.71,3.69
9/3/2024 20:10,September,3.56,3.54
9/3/2024 20:15,September,3.56,3.54
9/3/2024 20:20,September,3.6,3.58
9/3/2024 20:25,September,3.61,3.59
9/3/2024 20:30,September,3.61,3.59
9/3/2024 20:35,September,3.56,3.54
9/3/2024 20:40,September,3.22,3.21
9/3/2024 20:45,September,3.23,3.22
9/3/2024 20:50,September,3.16,3.14
9/3/2024 20:55,September,3.18,3.17
9/3/2024 21:00,September,1.82,1.81
9/3/2024 21:05,September,5.67,5.64
9/3/2024 21:10,September,4.17,4.15
9/3/2024 21:15,September,3.61,3.6
9/3/2024 21:20,September,3.56,3.54
9/3/2024 21:25,September,3.19,3.17
9/3/2024 21:30,September,3.24,3.23
9/3/2024 21:35,September,3.35,3.33
9/3/2024 21:40,September,3.19,3.17
9/3/2024 21:45,September,3.19,3.17
9/3/2024 21:50,September,3.25,3.23
9/3/2024 21:55,September,2.79,2.78
9/3/2024 22:00,September,2.93,2.92
9/3/2024 22:05,September,4.5,4.48
9/3/2024 22:10,September,3.35,3.33
9/3/2024 22:15,September,3.04,3.02
9/3/2024 22:20,September,2.97,2.95
9/3/2024 22:25,September,2.97,2.95
9/3/2024 22:30,September,2.81,2.79
9/3/2024 22:35,September,2.37,2.35
9/3/2024 22:40,September,2.95,2.93
9/3/2024 22:45,September,2.36,2.35
9/3/2024 22:50,September,2.66,2.64
9/3/2024 22:55,September,2.65,2.64
9/3/2024 23:00,September,2.65,2.64
9/3/2024 23:05,September,2.92,2.91
9/3/2024 23:10,September,2.65,2.64
9/3/2024 23:15,September,2.65,2.64
9/3/2024 23:20,September,2.65,2.64
9/3/2024 23:25,September,2.65,2.64
9/3/2024 23:30,September,2.36,2.36
9/3/2024 23:35,September,2.36,2.36
9/3/2024 23:40,September,1.63,1.62
9/3/2024 23:45,September,2.22,2.21
9/3/2024 23:50,September,2.22,2.21
9/3/2024 23:55,September,2.36,2.35
9/4/2024 0:00,September,2.22,2.21
9/4/2024 0:05,September,3.07,3.06
9/4/2024 0:10,September,2.87,2.86
9/4/2024 0:15,September,2.83,2.82
9/4/2024 0:20,September,2.65,2.64
9/4/2024 0:25,September,2.22,2.21
9/4/2024 0:30,September,2.82,2.81
9/4/2024 0:35,September,2.36,2.35
9/4/2024 0:40,September,2.65,2.64
9/4/2024 0:45,September,2.64,2.63
9/4/2024 0:50,September,2.36,2.35
9/4/2024 0:55,September,2.36,2.35
9/4/2024 1:00,September,2.36,2.35
9/4/2024 1:05,September,2.36,2.35
9/4/2024 1:10,September,2.36,2.35
9/4/2024 1:15,September,2.36,2.35
9/4/2024 1:20,September,2.36,2.35
9/4/2024 1:25,September,2.36,2.35
9/4/2024 1:30,September,2.59,2.58
9/4/2024 1:35,September,2.36,2.35
9/4/2024 1:40,September,2.36,2.35
9/4/2024 1:45,September,2.36,2.35
9/4/2024 1:50,September,2.35,2.35
9/4/2024 1:55,September,2.35,2.35
9/4/2024 2:00,September,2.22,2.21
9/4/2024 2:05,September,2.35,2.35
9/4/2024 2:10,September,2.43,2.43
9/4/2024 2:15,September,2.35,2.35
9/4/2024 2:20,September,2.43,2.43
9/4/2024 2:25,September,2.35,2.35
9/4/2024 2:30,September,2.35,2.35
9/4/2024 2:35,September,2.22,2.21
9/4/2024 2:40,September,2.22,2.21
9/4/2024 2:45,September,2.35,2.34
9/4/2024 2:50,September,2.35,2.35
9/4/2024 2:55,September,1.66,1.65
9/4/2024 3:00,September,1.66,1.65
9/4/2024 3:05,September,2.22,2.21
9/4/2024 3:10,September,2.44,2.44
9/4/2024 3:15,September,2.22,2.21
9/4/2024 3:20,September,2.22,2.21
9/4/2024 3:25,September,2.44,2.43
9/4/2024 3:30,September,2.35,2.35
9/4/2024 3:35,September,2.11,2.11
9/4/2024 3:40,September,2.22,2.21
9/4/2024 3:45,September,2.22,2.22
9/4/2024 3:50,September,2.22,2.22
9/4/2024 3:55,September,2.22,2.21
9/4/2024 4:00,September,2.22,2.22
9/4/2024 4:05,September,2.22,2.21
9/4/2024 4:10,September,2.44,2.43
9/4/2024 4:15,September,2.36,2.35
9/4/2024 4:20,September,2.61,2.6
9/4/2024 4:25,September,2.6,2.59
9/4/2024 4:30,September,2.35,2.35
9/4/2024 4:35,September,2.35,2.35
9/4/2024 4:40,September,2.64,2.63
9/4/2024 4:45,September,2.35,2.35
9/4/2024 4:50,September,2.35,2.35
9/4/2024 4:55,September,2.35,2.35
9/4/2024 5:00,September,2.35,2.35
9/4/2024 5:05,September,1.19,1.19
9/4/2024 5:10,September,2.11,2.11
9/4/2024 5:15,September,2.36,2.35
9/4/2024 5:20,September,2.36,2.35
9/4/2024 5:25,September,2.64,2.63
9/4/2024 5:30,September,2.64,2.63
9/4/2024 5:35,September,2.36,2.35
9/4/2024 5:40,September,2.35,2.35
9/4/2024 5:45,September,2.22,2.21
9/4/2024 5:50,September,2.22,2.21
9/4/2024 5:55,September,2.22,2.21
9/4/2024 6:00,September,2.35,2.35
9/4/2024 6:05,September,1.18,1.17
9/4/2024 6:10,September,2.35,2.35
9/4/2024 6:15,September,2.35,2.35
9/4/2024 6:20,September,2.22,2.22
9/4/2024 6:25,September,2.22,2.22
9/4/2024 6:30,September,1.61,1.6
9/4/2024 6:35,September,2.63,2.63
9/4/2024 6:40,September,2.77,2.76
9/4/2024 6:45,September,2.64,2.64
9/4/2024 6:50,September,2.63,2.63
9/4/2024 6:55,September,2.83,2.83
9/4/2024 7:00,September,2.83,2.82
9/4/2024 7:05,September,1.42,1.42
9/4/2024 7:10,September,1.79,1.79
9/4/2024 7:15,September,2.64,2.63
9/4/2024 7:20,September,2.64,2.64
9/4/2024 7:25,September,17.18,17.19
9/4/2024 7:30,September,5.68,5.68
9/4/2024 7:35,September,3.67,3.67
9/4/2024 7:40,September,3.54,3.54
9/4/2024 7:45,September,3.54,3.54
9/4/2024 7:50,September,5.34,5.33
9/4/2024 7:55,September,5.67,5.66
9/4/2024 8:00,September,5.33,5.32
9/4/2024 8:05,September,2.78,2.77
9/4/2024 8:10,September,2.9,2.89
9/4/2024 8:15,September,3.18,3.18
9/4/2024 8:20,September,3.05,3.05
9/4/2024 8:25,September,3.22,3.22
9/4/2024 8:30,September,3.03,3.03
9/4/2024 8:35,September,5.68,5.67
9/4/2024 8:40,September,3.57,3.57
9/4/2024 8:45,September,3.24,3.24
9/4/2024 8:50,September,8.71,8.71
9/4/2024 8:55,September,5.65,5.65
9/4/2024 9:00,September,5.66,5.66
9/4/2024 9:05,September,3.62,3.62
9/4/2024 9:10,September,3.63,3.63
9/4/2024 9:15,September,3.63,3.63
9/4/2024 9:20,September,3.57,3.57
9/4/2024 9:25,September,5.65,5.65
9/4/2024 9:30,September,4.09,4.09
9/4/2024 9:35,September,4.08,4.08
9/4/2024 9:40,September,4.09,4.09
9/4/2024 9:45,September,4.79,4.8
9/4/2024 9:50,September,5.69,5.69
9/4/2024 9:55,September,5.32,5.33
9/4/2024 10:00,September,5.32,5.32
9/4/2024 10:05,September,2.81,2.81
9/4/2024 10:10,September,3.69,3.69
9/4/2024 10:15,September,4.09,4.09
9/4/2024 10:20,September,3.66,3.66
9/4/2024 10:25,September,4.09,4.08
9/4/2024 10:30,September,5.66,5.66
9/4/2024 10:35,September,5.34,5.34
9/4/2024 10:40,September,4.34,4.34
9/4/2024 10:45,September,5.33,5.34
9/4/2024 10:50,September,4.6,4.61
9/4/2024 10:55,September,5.32,5.33
9/4/2024 11:00,September,5.32,5.33
9/4/2024 11:05,September,3.17,3.18
9/4/2024 11:10,September,2.93,2.94
9/4/2024 11:15,September,3.64,3.65
9/4/2024 11:20,September,3.64,3.65
9/4/2024 11:25,September,3.65,3.66
9/4/2024 11:30,September,3.64,3.65
9/4/2024 11:35,September,2.79,2.79
9/4/2024 11:40,September,3.07,3.08
9/4/2024 11:45,September,3.17,3.18
9/4/2024 11:50,September,2.94,2.95
9/4/2024 11:55,September,2.64,2.64
9/4/2024 12:00,September,2.78,2.79
9/4/2024 12:05,September,1.19,1.19
9/4/2024 12:10,September,1.19,1.19
9/4/2024 12:15,September,1.41,1.42
9/4/2024 12:20,September,1.19,1.19
9/4/2024 12:25,September,2.86,2.87
9/4/2024 12:30,September,1.18,1.18
9/4/2024 12:35,September,1.08,1.09
9/4/2024 12:40,September,1.18,1.18
9/4/2024 12:45,September,1.41,1.42
9/4/2024 12:50,September,1.21,1.22
9/4/2024 12:55,September,1.24,1.25
9/4/2024 13:00,September,1.26,1.26
9/4/2024 13:05,September,1.19,1.2
9/4/2024 13:10,September,1.05,1.06
9/4/2024 13:15,September,1.18,1.19
9/4/2024 13:20,September,3.15,3.17
9/4/2024 13:25,September,3.87,3.88
9/4/2024 13:30,September,3.87,3.87
9/4/2024 13:35,September,3.87,3.87
9/4/2024 13:40,September,2.87,2.87
9/4/2024 13:45,September,3.86,3.87
9/4/2024 13:50,September,3.16,3.16
9/4/2024 13:55,September,3.53,3.54
9/4/2024 14:00,September,3.53,3.54
9/4/2024 14:05,September,2.31,2.31
9/4/2024 14:10,September,3.54,3.54
9/4/2024 14:15,September,3.57,3.57
9/4/2024 14:20,September,3.71,3.72
9/4/2024 14:25,September,3.65,3.64
9/4/2024 14:30,September,3.65,3.65
9/4/2024 14:35,September,2.64,2.64
9/4/2024 14:40,September,3.57,3.57
9/4/2024 14:45,September,3.64,3.64
9/4/2024 14:50,September,4.08,4.08
9/4/2024 14:55,September,3.65,3.65
9/4/2024 15:00,September,1.12,1.11
9/4/2024 15:05,September,3.57,3.57
9/4/2024 15:10,September,3.65,3.65
9/4/2024 15:15,September,2.65,2.65
9/4/2024 15:20,September,3.57,3.57
9/4/2024 15:25,September,3.65,3.65
9/4/2024 15:30,September,3.65,3.65
9/4/2024 15:35,September,4.08,4.07
9/4/2024 15:40,September,3.87,3.87
9/4/2024 15:45,September,3.87,3.87
9/4/2024 15:50,September,3.87,3.87
9/4/2024 15:55,September,3.87,3.87
9/4/2024 16:00,September,3.66,3.65
9/4/2024 16:05,September,5.7,5.69
9/4/2024 16:10,September,4.08,4.08
9/4/2024 16:15,September,3.66,3.65
9/4/2024 16:20,September,5.36,5.35
9/4/2024 16:25,September,4.09,4.08
9/4/2024 16:30,September,4.07,4.07
9/4/2024 16:35,September,3.12,3.12
9/4/2024 16:40,September,2.3,2.3
9/4/2024 16:45,September,2.65,2.64
9/4/2024 16:50,September,1.12,1.11
9/4/2024 16:55,September,2.31,2.3
9/4/2024 17:00,September,1.84,1.83
9/4/2024 17:05,September,2.04,2.03
9/4/2024 17:10,September,2.73,2.73
9/4/2024 17:15,September,5.38,5.37
9/4/2024 17:20,September,3.65,3.65
9/4/2024 17:25,September,3.51,3.51
9/4/2024 17:30,September,2.89,2.88
9/4/2024 17:35,September,3.2,3.2
9/4/2024 17:40,September,8.81,8.78
9/4/2024 17:45,September,4.07,4.06
9/4/2024 17:50,September,4.08,4.07
9/4/2024 17:55,September,5.69,5.67
9/4/2024 18:00,September,4.29,4.28
9/4/2024 18:05,September,3.71,3.7
9/4/2024 18:10,September,3.71,3.7
9/4/2024 18:15,September,5.69,5.68
9/4/2024 18:20,September,5.37,5.36
9/4/2024 18:25,September,4.08,4.07
9/4/2024 18:30,September,4.08,4.06
9/4/2024 18:35,September,4.09,4.08
9/4/2024 18:40,September,2.2,2.19
9/4/2024 18:45,September,3.67,3.65
9/4/2024 18:50,September,2.66,2.65
9/4/2024 18:55,September,2.9,2.89
9/4/2024 19:00,September,2.9,2.89
9/4/2024 19:05,September,2.03,2.02
9/4/2024 19:10,September,1.11,1.11
9/4/2024 19:15,September,1.83,1.82
9/4/2024 19:20,September,1.83,1.82
9/4/2024 19:25,September,1.83,1.82
9/4/2024 19:30,September,1.83,1.82
9/4/2024 19:35,September,1.82,1.82
9/4/2024 19:40,September,2.66,2.65
9/4/2024 19:45,September,1.82,1.82
9/4/2024 19:50,September,1.82,1.81
9/4/2024 19:55,September,1.82,1.81
9/4/2024 20:00,September,1.4,1.39
9/4/2024 20:05,September,5.35,5.33
9/4/2024 20:10,September,3.58,3.57
9/4/2024 20:15,September,3.37,3.35
9/4/2024 20:20,September,3.26,3.24
9/4/2024 20:25,September,3.36,3.35
9/4/2024 20:30,September,2.67,2.65
9/4/2024 20:35,September,2.67,2.65
9/4/2024 20:40,September,2.24,2.23
9/4/2024 20:45,September,3.25,3.24
9/4/2024 20:50,September,1.84,1.83
9/4/2024 20:55,September,1.85,1.84
9/4/2024 21:00,September,1.82,1.81
9/4/2024 21:05,September,3.36,3.34
9/4/2024 21:10,September,3.04,3.02
9/4/2024 21:15,September,2.94,2.92
9/4/2024 21:20,September,2.97,2.95
9/4/2024 21:25,September,2.94,2.92
9/4/2024 21:30,September,3.57,3.55
9/4/2024 21:35,September,3.04,3.02
9/4/2024 21:40,September,2.94,2.92
9/4/2024 21:45,September,2.97,2.95
9/4/2024 21:50,September,2.94,2.92
9/4/2024 21:55,September,2.97,2.95
9/4/2024 22:00,September,2.94,2.92
9/4/2024 22:05,September,2.95,2.94
9/4/2024 22:10,September,2.91,2.9
9/4/2024 22:15,September,1.84,1.83
9/4/2024 22:20,September,1.85,1.84
9/4/2024 22:25,September,2.06,2.05
9/4/2024 22:30,September,2.66,2.65
9/4/2024 22:35,September,2.66,2.65
9/4/2024 22:40,September,2.46,2.45
9/4/2024 22:45,September,2.06,2.05
9/4/2024 22:50,September,2.23,2.22
9/4/2024 22:55,September,2.23,2.22
9/4/2024 23:00,September,1.86,1.85
9/4/2024 23:05,September,2.84,2.82
9/4/2024 23:10,September,2.41,2.4
9/4/2024 23:15,September,2.23,2.21
9/4/2024 23:20,September,2.06,2.05
9/4/2024 23:25,September,2.22,2.21
9/4/2024 23:30,September,1.86,1.85
9/4/2024 23:35,September,1.86,1.85
9/4/2024 23:40,September,1.84,1.83
9/4/2024 23:45,September,1.83,1.82
9/4/2024 23:50,September,1.72,1.71
9/4/2024 23:55,September,1.08,1.07
9/5/2024 0:00,September,1.04,1.04
9/5/2024 0:05,September,2.8,2.78
9/5/2024 0:10,September,2.6,2.59
9/5/2024 0:15,September,2.65,2.64
9/5/2024 0:20,September,2.22,2.21
9/5/2024 0:25,September,2.65,2.63
9/5/2024 0:30,September,2.62,2.61
9/5/2024 0:35,September,2.63,2.62
9/5/2024 0:40,September,2.62,2.61
9/5/2024 0:45,September,2.62,2.61
9/5/2024 0:50,September,2.22,2.22
9/5/2024 0:55,September,2.22,2.21
9/5/2024 1:00,September,2.2,2.19
9/5/2024 1:05,September,2.22,2.21
9/5/2024 1:10,September,2.61,2.6
9/5/2024 1:15,September,2.36,2.35
9/5/2024 1:20,September,2.36,2.35
9/5/2024 1:25,September,2.35,2.35
9/5/2024 1:30,September,2.36,2.35
9/5/2024 1:35,September,2.22,2.22
9/5/2024 1:40,September,2.22,2.22
9/5/2024 1:45,September,2.28,2.27
9/5/2024 1:50,September,2.22,2.22
9/5/2024 1:55,September,2.6,2.59
9/5/2024 2:00,September,2.36,2.35
9/5/2024 2:05,September,2.36,2.35
9/5/2024 2:10,September,2.36,2.35
9/5/2024 2:15,September,2.36,2.35
9/5/2024 2:20,September,2.36,2.35
9/5/2024 2:25,September,2.22,2.22
9/5/2024 2:30,September,2.22,2.22
9/5/2024 2:35,September,2.22,2.22
9/5/2024 2:40,September,2.08,2.07
9/5/2024 2:45,September,2.08,2.07
9/5/2024 2:50,September,2.36,2.35
9/5/2024 2:55,September,2.22,2.22
9/5/2024 3:00,September,2.07,2.07
9/5/2024 3:05,September,1.98,1.97
9/5/2024 3:10,September,1.98,1.97
9/5/2024 3:15,September,1.98,1.97
9/5/2024 3:20,September,2.22,2.21
9/5/2024 3:25,September,2.16,2.16
9/5/2024 3:30,September,1.97,1.97
9/5/2024 3:35,September,2.45,2.45
9/5/2024 3:40,September,2.36,2.35
9/5/2024 3:45,September,2.22,2.21
9/5/2024 3:50,September,2.22,2.21
9/5/2024 3:55,September,2.22,2.21
9/5/2024 4:00,September,2.22,2.21
9/5/2024 4:05,September,2.35,2.35
9/5/2024 4:10,September,2.63,2.62
9/5/2024 4:15,September,2.36,2.35
9/5/2024 4:20,September,2.35,2.35
9/5/2024 4:25,September,2.35,2.35
9/5/2024 4:30,September,2.35,2.35
9/5/2024 4:35,September,2.35,2.35
9/5/2024 4:40,September,2.35,2.35
9/5/2024 4:45,September,2.35,2.35
9/5/2024 4:50,September,2.35,2.35
9/5/2024 4:55,September,2.35,2.35
9/5/2024 5:00,September,2.22,2.21
9/5/2024 5:05,September,1.19,1.19
9/5/2024 5:10,September,1.92,1.91
9/5/2024 5:15,September,2.22,2.21
9/5/2024 5:20,September,2.64,2.63
9/5/2024 5:25,September,2.36,2.35
9/5/2024 5:30,September,2.36,2.35
9/5/2024 5:35,September,2.36,2.35
9/5/2024 5:40,September,2.36,2.35
9/5/2024 5:45,September,2.36,2.35
9/5/2024 5:50,September,2.22,2.22
9/5/2024 5:55,September,2.36,2.35
9/5/2024 6:00,September,2.36,2.35
9/5/2024 6:05,September,1.19,1.19
9/5/2024 6:10,September,2.22,2.22
9/5/2024 6:15,September,2.47,2.46
9/5/2024 6:20,September,2.35,2.35
9/5/2024 6:25,September,2.63,2.63
9/5/2024 6:30,September,2.35,2.35
9/5/2024 6:35,September,1.22,1.22
9/5/2024 6:40,September,2.22,2.22
9/5/2024 6:45,September,2.35,2.35
9/5/2024 6:50,September,2.22,2.22
9/5/2024 6:55,September,2.22,2.22
9/5/2024 7:00,September,2.35,2.35
9/5/2024 7:05,September,1.19,1.19
9/5/2024 7:10,September,1.19,1.19
9/5/2024 7:15,September,1.89,1.89
9/5/2024 7:20,September,1.9,1.9
9/5/2024 7:25,September,1.96,1.95
9/5/2024 7:30,September,1.91,1.9
9/5/2024 7:35,September,2.07,2.06
9/5/2024 7:40,September,2.6,2.59
9/5/2024 7:45,September,2.63,2.62
9/5/2024 7:50,September,2.64,2.63
9/5/2024 7:55,September,2.94,2.93
9/5/2024 8:00,September,2.89,2.88
9/5/2024 8:05,September,2.25,2.24
9/5/2024 8:10,September,2.95,2.93
9/5/2024 8:15,September,3.03,3.02
9/5/2024 8:20,September,2.69,2.68
9/5/2024 8:25,September,2.89,2.87
9/5/2024 8:30,September,2.94,2.93
9/5/2024 8:35,September,2.97,2.95
9/5/2024 8:40,September,2.67,2.65
9/5/2024 8:45,September,2.7,2.69
9/5/2024 8:50,September,2.94,2.92
9/5/2024 8:55,September,3.34,3.32
9/5/2024 9:00,September,3.53,3.51
9/5/2024 9:05,September,1.83,1.82
9/5/2024 9:10,September,2.66,2.65
9/5/2024 9:15,September,1.91,1.9
9/5/2024 9:20,September,2.36,2.35
9/5/2024 9:25,September,2.93,2.92
9/5/2024 9:30,September,3.11,3.1
9/5/2024 9:35,September,3.34,3.33
9/5/2024 9:40,September,3.19,3.17
9/5/2024 9:45,September,3.08,3.06
9/5/2024 9:50,September,3.53,3.51
9/5/2024 9:55,September,3.35,3.34
9/5/2024 10:00,September,3.59,3.57
9/5/2024 10:05,September,1.55,1.54
9/5/2024 10:10,September,3.04,3.02
9/5/2024 10:15,September,3.35,3.34
9/5/2024 10:20,September,3.51,3.49
9/5/2024 10:25,September,4.74,4.72
9/5/2024 10:30,September,4.58,4.56
9/5/2024 10:35,September,3.61,3.6
9/5/2024 10:40,September,3.53,3.52
9/5/2024 10:45,September,5.32,5.31
9/5/2024 10:50,September,4.57,4.56
9/5/2024 10:55,September,4.07,4.06
9/5/2024 11:00,September,4.06,4.2
9/5/2024 11:05,September,4.58,4.56
9/5/2024 11:10,September,4.48,4.47
9/5/2024 11:15,September,5.63,5.61
9/5/2024 11:20,September,4.75,4.73
9/5/2024 11:25,September,5.33,5.3
9/5/2024 11:30,September,4.58,4.56
9/5/2024 11:35,September,3.67,3.65
9/5/2024 11:40,September,3.66,3.64
9/5/2024 11:45,September,3.65,3.64
9/5/2024 11:50,September,3.46,3.45
9/5/2024 11:55,September,3.23,3.21
9/5/2024 12:00,September,2.99,2.98
9/5/2024 12:05,September,3.03,3.02
9/5/2024 12:10,September,3.03,3.02
9/5/2024 12:15,September,3.19,3.18
9/5/2024 12:20,September,3.16,3.15
9/5/2024 12:25,September,3.46,3.44
9/5/2024 12:30,September,3.27,3.26
9/5/2024 12:35,September,3.5,3.49
9/5/2024 12:40,September,3.22,3.2
9/5/2024 12:45,September,3.2,3.19
9/5/2024 12:50,September,3.18,3.17
9/5/2024 12:55,September,3.5,3.49
9/5/2024 13:00,September,3.45,3.44
9/5/2024 13:05,September,5.34,5.32
9/5/2024 13:10,September,5.34,5.32
9/5/2024 13:15,September,5.34,5.32
9/5/2024 13:20,September,5.33,5.32
9/5/2024 13:25,September,4.72,4.71
9/5/2024 13:30,September,4.07,4.06
9/5/2024 13:35,September,4.07,4.05
9/5/2024 13:40,September,4.07,4.06
9/5/2024 13:45,September,3.66,3.65
9/5/2024 13:50,September,4.06,4.05
9/5/2024 13:55,September,4.06,4.05
9/5/2024 14:00,September,4.06,4.05
9/5/2024 14:05,September,3.51,3.5
9/5/2024 14:10,September,4.06,4.05
9/5/2024 14:15,September,4.06,4.05
9/5/2024 14:20,September,2.66,2.65
9/5/2024 14:25,September,2.26,2.26
9/5/2024 14:30,September,3.35,3.34
9/5/2024 14:35,September,3.51,3.5
9/5/2024 14:40,September,3.35,3.35
9/5/2024 14:45,September,3.64,3.63
9/5/2024 14:50,September,4.07,4.06
9/5/2024 14:55,September,3.63,3.62
9/5/2024 15:00,September,3.18,3.18
9/5/2024 15:05,September,3.51,3.5
9/5/2024 15:10,September,3.51,3.5
9/5/2024 15:15,September,3.55,3.55
9/5/2024 15:20,September,3.56,3.55
9/5/2024 15:25,September,3.56,3.55
9/5/2024 15:30,September,3.56,3.55
9/5/2024 15:35,September,3.56,3.56
9/5/2024 15:40,September,3.65,3.64
9/5/2024 15:45,September,3.57,3.56
9/5/2024 15:50,September,3.51,3.5
9/5/2024 15:55,September,2.66,2.65
9/5/2024 16:00,September,2.66,2.65
9/5/2024 16:05,September,3.57,3.56
9/5/2024 16:10,September,3.51,3.5
9/5/2024 16:15,September,3.51,3.5
9/5/2024 16:20,September,3.54,3.53
9/5/2024 16:25,September,3.51,3.5
9/5/2024 16:30,September,3.6,3.59
9/5/2024 16:35,September,3.57,3.56
9/5/2024 16:40,September,3.57,3.56
9/5/2024 16:45,September,3.64,3.63
9/5/2024 16:50,September,3.51,3.5
9/5/2024 16:55,September,3.56,3.55
9/5/2024 17:00,September,3.03,3.03
9/5/2024 17:05,September,2.79,2.78
9/5/2024 17:10,September,3.56,3.55
9/5/2024 17:15,September,3.55,3.54
9/5/2024 17:20,September,3.55,3.54
9/5/2024 17:25,September,5.65,5.63
9/5/2024 17:30,September,3.64,3.63
9/5/2024 17:35,September,3.57,3.56
9/5/2024 17:40,September,3.63,3.62
9/5/2024 17:45,September,3.63,3.63
9/5/2024 17:50,September,4.08,4.07
9/5/2024 17:55,September,5.64,5.63
9/5/2024 18:00,September,5.33,5.32
9/5/2024 18:05,September,5.33,5.32
9/5/2024 18:10,September,5.34,5.33
9/5/2024 18:15,September,5.65,5.63
9/5/2024 18:20,September,5.35,5.33
9/5/2024 18:25,September,5.35,5.33
9/5/2024 18:30,September,4.09,4.08
9/5/2024 18:35,September,3.64,3.63
9/5/2024 18:40,September,2.36,2.35
9/5/2024 18:45,September,2.66,2.65
9/5/2024 18:50,September,3.51,3.5
9/5/2024 18:55,September,3.35,3.34
9/5/2024 19:00,September,3.18,3.17
9/5/2024 19:05,September,3.6,3.59
9/5/2024 19:10,September,3.6,3.59
9/5/2024 19:15,September,3.51,3.5
9/5/2024 19:20,September,3.17,3.16
9/5/2024 19:25,September,3.37,3.36
9/5/2024 19:30,September,3.02,3.01
9/5/2024 19:35,September,3.17,3.16
9/5/2024 19:40,September,3.36,3.35
9/5/2024 19:45,September,3.36,3.35
9/5/2024 19:50,September,3.18,3.16
9/5/2024 19:55,September,3.35,3.34
9/5/2024 20:00,September,3.35,3.34
9/5/2024 20:05,September,29.8,29.67
9/5/2024 20:10,September,5.33,5.31
9/5/2024 20:15,September,3.62,3.6
9/5/2024 20:20,September,3.57,3.55
9/5/2024 20:25,September,3.54,3.52
9/5/2024 20:30,September,3.51,3.49
9/5/2024 20:35,September,3.51,3.49
9/5/2024 20:40,September,3.54,3.52
9/5/2024 20:45,September,3.63,3.61
9/5/2024 20:50,September,3.18,3.16
9/5/2024 20:55,September,2.66,2.65
9/5/2024 21:00,September,2.67,2.65
9/5/2024 21:05,September,5.64,5.61
9/5/2024 21:10,September,3.54,3.52
9/5/2024 21:15,September,3.54,3.52
9/5/2024 21:20,September,3.54,3.52
9/5/2024 21:25,September,3.51,3.49
9/5/2024 21:30,September,3.59,3.56
9/5/2024 21:35,September,2.37,2.36
9/5/2024 21:40,September,2.91,2.89
9/5/2024 21:45,September,3.06,3.04
9/5/2024 21:50,September,3.07,3.05
9/5/2024 21:55,September,3.22,3.2
9/5/2024 22:00,September,3.22,3.2
9/5/2024 22:05,September,3.63,3.61
9/5/2024 22:10,September,3.54,3.52
9/5/2024 22:15,September,2.92,2.9
9/5/2024 22:20,September,3.01,2.99
9/5/2024 22:25,September,3.01,2.99
9/5/2024 22:30,September,3,2.98
9/5/2024 22:35,September,3,2.98
9/5/2024 22:40,September,2.94,2.92
9/5/2024 22:45,September,2.92,2.9
9/5/2024 22:50,September,2.37,2.35
9/5/2024 22:55,September,2.91,2.89
9/5/2024 23:00,September,2.92,2.91
9/5/2024 23:05,September,3.15,3.14
9/5/2024 23:10,September,2.97,2.95
9/5/2024 23:15,September,2.94,2.92
9/5/2024 23:20,September,2.95,2.93
9/5/2024 23:25,September,2.95,2.94
9/5/2024 23:30,September,2.9,2.88
9/5/2024 23:35,September,2.83,2.81
9/5/2024 23:40,September,2.84,2.83
9/5/2024 23:45,September,2.66,2.65
9/5/2024 23:50,September,2.36,2.35
9/5/2024 23:55,September,2.36,2.35
9/6/2024 0:00,September,2.36,2.35
9/6/2024 0:05,September,2.73,2.72
9/6/2024 0:10,September,2.81,2.8
9/6/2024 0:15,September,2.66,2.64
9/6/2024 0:20,September,2.36,2.35
9/6/2024 0:25,September,2.28,2.28
9/6/2024 0:30,September,2.62,2.61
9/6/2024 0:35,September,2.28,2.27
9/6/2024 0:40,September,2.29,2.28
9/6/2024 0:45,September,2.35,2.35
9/6/2024 0:50,September,2.36,2.35
9/6/2024 0:55,September,2.29,2.28
9/6/2024 1:00,September,2.35,2.35
9/6/2024 1:05,September,2.64,2.63
9/6/2024 1:10,September,2.49,2.48
9/6/2024 1:15,September,2.28,2.27
9/6/2024 1:20,September,2.49,2.48
9/6/2024 1:25,September,2.43,2.42
9/6/2024 1:30,September,2.43,2.42
9/6/2024 1:35,September,2.36,2.35
9/6/2024 1:40,September,2.36,2.35
9/6/2024 1:45,September,2.36,2.35
9/6/2024 1:50,September,2.36,2.35
9/6/2024 1:55,September,2.28,2.27
9/6/2024 2:00,September,2.36,2.35
9/6/2024 2:05,September,2.35,2.35
9/6/2024 2:10,September,2.36,2.35
9/6/2024 2:15,September,2.36,2.35
9/6/2024 2:20,September,2.36,2.35
9/6/2024 2:25,September,2.35,2.35
9/6/2024 2:30,September,2.35,2.35
9/6/2024 2:35,September,2.35,2.35
9/6/2024 2:40,September,2.35,2.35
9/6/2024 2:45,September,2.35,2.35
9/6/2024 2:50,September,2.29,2.28
9/6/2024 2:55,September,2.36,2.35
9/6/2024 3:00,September,2.36,2.35
9/6/2024 3:05,September,2.35,2.35
9/6/2024 3:10,September,2.35,2.35
9/6/2024 3:15,September,2.35,2.35
9/6/2024 3:20,September,2.35,2.35
9/6/2024 3:25,September,2.35,2.35
9/6/2024 3:30,September,2.62,2.62
9/6/2024 3:35,September,2.62,2.61
9/6/2024 3:40,September,2.63,2.63
9/6/2024 3:45,September,2.62,2.62
9/6/2024 3:50,September,2.45,2.45
9/6/2024 3:55,September,2.62,2.61
9/6/2024 4:00,September,2.62,2.62
9/6/2024 4:05,September,2.63,2.63
9/6/2024 4:10,September,2.63,2.63
9/6/2024 4:15,September,2.63,2.63
9/6/2024 4:20,September,2.74,2.74
9/6/2024 4:25,September,2.65,2.65
9/6/2024 4:30,September,2.64,2.63
9/6/2024 4:35,September,2.64,2.63
9/6/2024 4:40,September,2.64,2.63
9/6/2024 4:45,September,2.64,2.64
9/6/2024 4:50,September,2.65,2.65
9/6/2024 4:55,September,2.61,2.61
9/6/2024 5:00,September,2.82,2.81
9/6/2024 5:05,September,2.35,2.34
9/6/2024 5:10,September,2.64,2.63
9/6/2024 5:15,September,2.64,2.64
9/6/2024 5:20,September,3.08,3.08
9/6/2024 5:25,September,2.95,2.94
9/6/2024 5:30,September,2.96,2.95
9/6/2024 5:35,September,2.91,2.9
9/6/2024 5:40,September,2.91,2.9
9/6/2024 5:45,September,2.94,2.93
9/6/2024 5:50,September,2.91,2.9
9/6/2024 5:55,September,2.79,2.79
9/6/2024 6:00,September,2.91,2.9
9/6/2024 6:05,September,1.94,1.94
9/6/2024 6:10,September,2.17,2.16
9/6/2024 6:15,September,2.35,2.34
9/6/2024 6:20,September,2.63,2.63
9/6/2024 6:25,September,2.35,2.34
9/6/2024 6:30,September,2.35,2.34
9/6/2024 6:35,September,2.48,2.47
9/6/2024 6:40,September,2.63,2.63
9/6/2024 6:45,September,2.63,2.62
9/6/2024 6:50,September,2.49,2.48
9/6/2024 6:55,September,2.63,2.63
9/6/2024 7:00,September,2.83,2.82
9/6/2024 7:05,September,1.91,1.91
9/6/2024 7:10,September,2.16,2.16
9/6/2024 7:15,September,2.18,2.18
9/6/2024 7:20,September,2.35,2.34
9/6/2024 7:25,September,2.46,2.46
9/6/2024 7:30,September,2.48,2.48
9/6/2024 7:35,September,2.93,2.92
9/6/2024 7:40,September,2.91,2.91
9/6/2024 7:45,September,2.99,2.98
9/6/2024 7:50,September,3.17,3.16
9/6/2024 7:55,September,4.58,4.57
9/6/2024 8:00,September,3.62,3.61
9/6/2024 8:05,September,2.27,2.26
9/6/2024 8:10,September,2.98,2.97
9/6/2024 8:15,September,2.99,2.97
9/6/2024 8:20,September,3,2.98
9/6/2024 8:25,September,2.94,2.92
9/6/2024 8:30,September,2.99,2.98
9/6/2024 8:35,September,3.09,3.08
9/6/2024 8:40,September,3.07,3.05
9/6/2024 8:45,September,3.48,3.47
9/6/2024 8:50,September,3.16,3.15
9/6/2024 8:55,September,3.48,3.47
9/6/2024 9:00,September,5.63,5.61
9/6/2024 9:05,September,3.21,3.2
9/6/2024 9:10,September,3.26,3.25
9/6/2024 9:15,September,3.47,3.46
9/6/2024 9:20,September,3.54,3.53
9/6/2024 9:25,September,3.55,3.54
9/6/2024 9:30,September,3.17,3.16
9/6/2024 9:35,September,3.51,3.5
9/6/2024 9:40,September,4.47,4.46
9/6/2024 9:45,September,3.55,3.55
9/6/2024 9:50,September,4.6,4.6
9/6/2024 9:55,September,3.56,3.56
9/6/2024 10:00,September,3.56,3.56
9/6/2024 10:05,September,2.28,2.27
9/6/2024 10:10,September,2.96,2.96
9/6/2024 10:15,September,3.15,3.15
9/6/2024 10:20,September,3.55,3.55
9/6/2024 10:25,September,5.6,5.59
9/6/2024 10:30,September,5.29,5.28
9/6/2024 10:35,September,3.57,3.56
9/6/2024 10:40,September,3.58,3.57
9/6/2024 10:45,September,3.62,3.61
9/6/2024 10:50,September,3.58,3.57
9/6/2024 10:55,September,5.6,5.59
9/6/2024 11:00,September,4.08,4.07
9/6/2024 11:05,September,3.58,3.57
9/6/2024 11:10,September,3.48,3.47
9/6/2024 11:15,September,3.56,3.55
9/6/2024 11:20,September,3.55,3.55
9/6/2024 11:25,September,3.56,3.56
9/6/2024 11:30,September,3.56,3.55
9/6/2024 11:35,September,3.56,3.55
9/6/2024 11:40,September,3.49,3.48
9/6/2024 11:45,September,3.52,3.51
9/6/2024 11:50,September,2.66,2.65
9/6/2024 11:55,September,2.66,2.65
9/6/2024 12:00,September,2.89,2.88
9/6/2024 12:05,September,2.18,2.18
9/6/2024 12:10,September,2.18,2.17
9/6/2024 12:15,September,2.35,2.34
9/6/2024 12:20,September,1.96,1.95
9/6/2024 12:25,September,2.17,2.17
9/6/2024 12:30,September,2.17,2.17
9/6/2024 12:35,September,2.35,2.35
9/6/2024 12:40,September,2.94,2.93
9/6/2024 12:45,September,2.97,2.97
9/6/2024 12:50,September,2.35,2.35
9/6/2024 12:55,September,2.92,2.91
9/6/2024 13:00,September,2.92,2.91
9/6/2024 13:05,September,3.56,3.56
9/6/2024 13:10,September,4.68,4.67
9/6/2024 13:15,September,3.58,3.57
9/6/2024 13:20,September,3.57,3.57
9/6/2024 13:25,September,3.59,3.58
9/6/2024 13:30,September,3.56,3.55
9/6/2024 13:35,September,3.51,3.5
9/6/2024 13:40,September,3.55,3.54
9/6/2024 13:45,September,3.48,3.47
9/6/2024 13:50,September,3.51,3.5
9/6/2024 13:55,September,3.51,3.5
9/6/2024 14:00,September,3.48,3.47
9/6/2024 14:05,September,3.48,3.47
9/6/2024 14:10,September,3.51,3.5
9/6/2024 14:15,September,3.51,3.5
9/6/2024 14:20,September,3.51,3.5
9/6/2024 14:25,September,3.51,3.5
9/6/2024 14:30,September,3.51,3.5
9/6/2024 14:35,September,3.49,3.48
9/6/2024 14:40,September,2.28,2.27
9/6/2024 14:45,September,4.71,4.71
9/6/2024 14:50,September,3.56,3.56
9/6/2024 14:55,September,3.56,3.56
9/6/2024 15:00,September,3.53,3.52
9/6/2024 15:05,September,3.53,3.52
9/6/2024 15:10,September,3.55,3.54
9/6/2024 15:15,September,3.53,3.52
9/6/2024 15:20,September,3.56,3.55
9/6/2024 15:25,September,3.56,3.55
9/6/2024 15:30,September,3.56,3.56
9/6/2024 15:35,September,3.56,3.56
9/6/2024 15:40,September,3.73,3.72
9/6/2024 15:45,September,3.83,3.82
9/6/2024 15:50,September,4.73,4.72
9/6/2024 15:55,September,3.83,3.83
9/6/2024 16:00,September,3.56,3.56
9/6/2024 16:05,September,3.76,3.75
9/6/2024 16:10,September,3.75,3.74
9/6/2024 16:15,September,3.72,3.72
9/6/2024 16:20,September,3.83,3.83
9/6/2024 16:25,September,3.56,3.55
9/6/2024 16:30,September,3.75,3.74
9/6/2024 16:35,September,3.83,3.83
9/6/2024 16:40,September,4.07,4.06
9/6/2024 16:45,September,4.08,4.07
9/6/2024 16:50,September,3.75,3.75
9/6/2024 16:55,September,3.84,3.83
9/6/2024 17:00,September,3.51,3.5
9/6/2024 17:05,September,2.66,2.66
9/6/2024 17:10,September,3.28,3.27
9/6/2024 17:15,September,3.56,3.55
9/6/2024 17:20,September,3.56,3.55
9/6/2024 17:25,September,3.55,3.54
9/6/2024 17:30,September,3.56,3.55
9/6/2024 17:35,September,3.94,3.93
9/6/2024 17:40,September,3.73,3.72
9/6/2024 17:45,September,3.58,3.57
9/6/2024 17:50,September,3.57,3.56
9/6/2024 17:55,September,5.34,5.33
9/6/2024 18:00,September,3.95,3.93
9/6/2024 18:05,September,4.57,4.56
9/6/2024 18:10,September,4.08,4.07
9/6/2024 18:15,September,4.61,4.6
9/6/2024 18:20,September,5.33,5.32
9/6/2024 18:25,September,8.76,8.73
9/6/2024 18:30,September,5.64,5.63
9/6/2024 18:35,September,5.34,5.33
9/6/2024 18:40,September,3.94,3.93
9/6/2024 18:45,September,4.74,4.73
9/6/2024 18:50,September,3.95,3.94
9/6/2024 18:55,September,4.08,4.07
9/6/2024 19:00,September,3.73,3.72
9/6/2024 19:05,September,8.77,8.74
9/6/2024 19:10,September,5.67,5.65
9/6/2024 19:15,September,5.35,5.33
9/6/2024 19:20,September,5.35,5.33
9/6/2024 19:25,September,5.34,5.33
9/6/2024 19:30,September,4.28,4.27
9/6/2024 19:35,September,5.34,5.32
9/6/2024 19:40,September,5.34,5.32
9/6/2024 19:45,September,4.61,4.6
9/6/2024 19:50,September,3.53,3.51
9/6/2024 19:55,September,3.96,3.94
9/6/2024 20:00,September,3.53,3.51
9/6/2024 20:05,September,29.65,29.51
9/6/2024 20:10,September,12.35,12.28
9/6/2024 20:15,September,5.72,5.69
9/6/2024 20:20,September,5.71,5.68
9/6/2024 20:25,September,5.37,5.34
9/6/2024 20:30,September,4.78,4.75
9/6/2024 20:35,September,5.36,5.33
9/6/2024 20:40,September,4.78,4.75
9/6/2024 20:45,September,4.47,4.44
9/6/2024 20:50,September,3.53,3.51
9/6/2024 20:55,September,3.27,3.25
9/6/2024 21:00,September,3.26,3.24
9/6/2024 21:05,September,12.34,12.27
9/6/2024 21:10,September,3.97,3.94
9/6/2024 21:15,September,3.53,3.51
9/6/2024 21:20,September,3.97,3.94
9/6/2024 21:25,September,3.97,3.94
9/6/2024 21:30,September,5.34,5.31
9/6/2024 21:35,September,4.04,4.01
9/6/2024 21:40,September,4.04,4.01
9/6/2024 21:45,September,4.04,4.01
9/6/2024 21:50,September,3.97,3.94
9/6/2024 21:55,September,3.97,3.94
9/6/2024 22:00,September,3.09,3.07
9/6/2024 22:05,September,5.68,5.64
9/6/2024 22:10,September,4.04,4.01
9/6/2024 22:15,September,3.23,3.21
9/6/2024 22:20,September,3.21,3.19
9/6/2024 22:25,September,3.26,3.24
9/6/2024 22:30,September,3.26,3.24
9/6/2024 22:35,September,3.26,3.24
9/6/2024 22:40,September,3.26,3.24
9/6/2024 22:45,September,3.26,3.24
9/6/2024 22:50,September,3.17,3.15
9/6/2024 22:55,September,2.98,2.96
9/6/2024 23:00,September,2.93,2.91
9/6/2024 23:05,September,3.55,3.53
9/6/2024 23:10,September,3.52,3.5
9/6/2024 23:15,September,3.26,3.24
9/6/2024 23:20,September,3.18,3.16
9/6/2024 23:25,September,3.26,3.24
9/6/2024 23:30,September,3.26,3.24
9/6/2024 23:35,September,3.51,3.49
9/6/2024 23:40,September,2.93,2.91
9/6/2024 23:45,September,3.26,3.24
9/6/2024 23:50,September,3.2,3.18
9/6/2024 23:55,September,2.95,2.93
9/7/2024 0:00,September,3.26,3.24
9/7/2024 0:05,September,4.74,4.7
9/7/2024 0:10,September,3.51,3.48
9/7/2024 0:15,September,3.51,3.48
9/7/2024 0:20,September,3.26,3.24
9/7/2024 0:25,September,3.26,3.24
9/7/2024 0:30,September,3.2,3.18
9/7/2024 0:35,September,2.95,2.93
9/7/2024 0:40,September,3.26,3.23
9/7/2024 0:45,September,3.21,3.18
9/7/2024 0:50,September,3.5,3.48
9/7/2024 0:55,September,2.92,2.9
9/7/2024 1:00,September,2.85,2.83
9/7/2024 1:05,September,3.51,3.48
9/7/2024 1:10,September,3.26,3.23
9/7/2024 1:15,September,2.95,2.93
9/7/2024 1:20,September,2.93,2.9
9/7/2024 1:25,September,2.93,2.91
9/7/2024 1:30,September,3.19,3.17
9/7/2024 1:35,September,2.95,2.93
9/7/2024 1:40,September,2.93,2.91
9/7/2024 1:45,September,2.95,2.93
9/7/2024 1:50,September,3.16,3.14
9/7/2024 1:55,September,2.68,2.66
9/7/2024 2:00,September,2.93,2.91
9/7/2024 2:05,September,2.82,2.81
9/7/2024 2:10,September,2.81,2.8
9/7/2024 2:15,September,2.92,2.91
9/7/2024 2:20,September,2.92,2.91
9/7/2024 2:25,September,2.92,2.91
9/7/2024 2:30,September,2.92,2.91
9/7/2024 2:35,September,2.92,2.91
9/7/2024 2:40,September,2.74,2.73
9/7/2024 2:45,September,2.81,2.8
9/7/2024 2:50,September,2.84,2.82
9/7/2024 2:55,September,2.81,2.79
9/7/2024 3:00,September,2.81,2.8
9/7/2024 3:05,September,2.81,2.79
9/7/2024 3:10,September,2.8,2.78
9/7/2024 3:15,September,2.96,2.94
9/7/2024 3:20,September,3.52,3.5
9/7/2024 3:25,September,2.93,2.91
9/7/2024 3:30,September,2.66,2.65
9/7/2024 3:35,September,2.75,2.73
9/7/2024 3:40,September,2.74,2.72
9/7/2024 3:45,September,2.33,2.32
9/7/2024 3:50,September,2.66,2.65
9/7/2024 3:55,September,2.66,2.65
9/7/2024 4:00,September,2.66,2.65
9/7/2024 4:05,September,2.67,2.65
9/7/2024 4:10,September,2.67,2.65
9/7/2024 4:15,September,2.67,2.65
9/7/2024 4:20,September,2.66,2.65
9/7/2024 4:25,September,2.66,2.65
9/7/2024 4:30,September,2.66,2.64
9/7/2024 4:35,September,2.66,2.64
9/7/2024 4:40,September,2.66,2.64
9/7/2024 4:45,September,2.66,2.64
9/7/2024 4:50,September,2.53,2.51
9/7/2024 4:55,September,2.34,2.32
9/7/2024 5:00,September,2.34,2.32
9/7/2024 5:05,September,2.34,2.32
9/7/2024 5:10,September,2.66,2.64
9/7/2024 5:15,September,2.75,2.74
9/7/2024 5:20,September,2.34,2.32
9/7/2024 5:25,September,2.34,2.33
9/7/2024 5:30,September,2.65,2.63
9/7/2024 5:35,September,1.93,1.92
9/7/2024 5:40,September,2.22,2.21
9/7/2024 5:45,September,2.22,2.21
9/7/2024 5:50,September,2.23,2.21
9/7/2024 5:55,September,2.34,2.33
9/7/2024 6:00,September,2.34,2.33
9/7/2024 6:05,September,0.91,0.9
9/7/2024 6:10,September,1.12,1.12
9/7/2024 6:15,September,2.23,2.22
9/7/2024 6:20,September,1.88,1.87
9/7/2024 6:25,September,2.33,2.32
9/7/2024 6:30,September,2.23,2.22
9/7/2024 6:35,September,1.88,1.87
9/7/2024 6:40,September,2.23,2.22
9/7/2024 6:45,September,2.23,2.22
9/7/2024 6:50,September,2.33,2.32
9/7/2024 6:55,September,2.23,2.22
9/7/2024 7:00,September,1.88,1.87
9/7/2024 7:05,September,0.9,0.89
9/7/2024 7:10,September,0.9,0.9
9/7/2024 7:15,September,0.91,0.9
9/7/2024 7:20,September,0.91,0.9
9/7/2024 7:25,September,0.91,0.91
9/7/2024 7:30,September,0.91,0.91
9/7/2024 7:35,September,1.38,1.37
9/7/2024 7:40,September,1.38,1.37
9/7/2024 7:45,September,1.86,1.86
9/7/2024 7:50,September,1.88,1.87
9/7/2024 7:55,September,2.35,2.34
9/7/2024 8:00,September,2.35,2.34
9/7/2024 8:05,September,0.1,0.1
9/7/2024 8:10,September,0.1,0.1
9/7/2024 8:15,September,0,0
9/7/2024 8:20,September,0.1,0.1
9/7/2024 8:25,September,0.1,0.1
9/7/2024 8:30,September,0.1,0.1
9/7/2024 8:35,September,2.36,2.35
9/7/2024 8:40,September,2.32,2.32
9/7/2024 8:45,September,2.48,2.47
9/7/2024 8:50,September,2.64,2.63
9/7/2024 8:55,September,3.2,3.19
9/7/2024 9:00,September,3.2,3.2
9/7/2024 9:05,September,1.17,1.16
9/7/2024 9:10,September,0.91,0.91
9/7/2024 9:15,September,1.17,1.17
9/7/2024 9:20,September,1.91,1.91
9/7/2024 9:25,September,2.63,2.63
9/7/2024 9:30,September,2.63,2.63
9/7/2024 9:35,September,3.28,3.28
9/7/2024 9:40,September,3.03,3.03
9/7/2024 9:45,September,2.92,2.92
9/7/2024 9:50,September,2.92,2.92
9/7/2024 9:55,September,2.92,2.92
9/7/2024 10:00,September,2.64,2.64
9/7/2024 10:05,September,2.83,2.83
9/7/2024 10:10,September,3.19,3.19
9/7/2024 10:15,September,2.91,2.91
9/7/2024 10:20,September,4.67,4.66
9/7/2024 10:25,September,4.61,4.61
9/7/2024 10:30,September,4.55,4.55
9/7/2024 10:35,September,3.53,3.53
9/7/2024 10:40,September,3.71,3.71
9/7/2024 10:45,September,5.28,5.28
9/7/2024 10:50,September,4.54,4.54
9/7/2024 10:55,September,4.55,4.54
9/7/2024 11:00,September,3.46,3.46
9/7/2024 11:05,September,3.25,3.25
9/7/2024 11:10,September,3.25,3.25
9/7/2024 11:15,September,4.54,4.54
9/7/2024 11:20,September,3.74,3.74
9/7/2024 11:25,September,3.46,3.46
9/7/2024 11:30,September,3.24,3.23
9/7/2024 11:35,September,3.5,3.5
9/7/2024 11:40,September,3.51,3.5
9/7/2024 11:45,September,3.46,3.46
9/7/2024 11:50,September,3.26,3.26
9/7/2024 11:55,September,3.23,3.23
9/7/2024 12:00,September,3.02,3.02
9/7/2024 12:05,September,1.91,1.91
9/7/2024 12:10,September,2.64,2.64
9/7/2024 12:15,September,2.64,2.64
9/7/2024 12:20,September,2.64,2.64
9/7/2024 12:25,September,2.91,2.91
9/7/2024 12:30,September,2.64,2.64
9/7/2024 12:35,September,2.93,2.93
9/7/2024 12:40,September,2.77,2.77
9/7/2024 12:45,September,2.64,2.64
9/7/2024 12:50,September,3.33,3.33
9/7/2024 12:55,September,3.28,3.27
9/7/2024 13:00,September,4.55,4.54
9/7/2024 13:05,September,3.5,3.49
9/7/2024 13:10,September,3.53,3.52
9/7/2024 13:15,September,3.34,3.33
9/7/2024 13:20,September,5.58,5.57
9/7/2024 13:25,September,4.66,4.65
9/7/2024 13:30,September,3.53,3.53
9/7/2024 13:35,September,3.59,3.58
9/7/2024 13:40,September,3.35,3.34
9/7/2024 13:45,September,3.34,3.33
9/7/2024 13:50,September,2.66,2.65
9/7/2024 13:55,September,3.34,3.33
9/7/2024 14:00,September,2.32,2.31
9/7/2024 14:05,September,3.34,3.33
9/7/2024 14:10,September,3.35,3.33
9/7/2024 14:15,September,3.45,3.44
9/7/2024 14:20,September,3.45,3.44
9/7/2024 14:25,September,3.54,3.53
9/7/2024 14:30,September,3.84,3.83
9/7/2024 14:35,September,3.46,3.45
9/7/2024 14:40,September,3.54,3.53
9/7/2024 14:45,September,4.68,4.67
9/7/2024 14:50,September,2.32,2.31
9/7/2024 14:55,September,3.35,3.34
9/7/2024 15:00,September,2.92,2.92
9/7/2024 15:05,September,2.92,2.92
9/7/2024 15:10,September,1.99,1.99
9/7/2024 15:15,September,2.66,2.65
9/7/2024 15:20,September,3.45,3.44
9/7/2024 15:25,September,3.45,3.44
9/7/2024 15:30,September,3.46,3.45
9/7/2024 15:35,September,5.6,5.59
9/7/2024 15:40,September,4.67,4.67
9/7/2024 15:45,September,3.54,3.54
9/7/2024 15:50,September,3.55,3.54
9/7/2024 15:55,September,3.47,3.46
9/7/2024 16:00,September,2.32,2.31
9/7/2024 16:05,September,2.93,2.92
9/7/2024 16:10,September,3.46,3.45
9/7/2024 16:15,September,2.32,2.32
9/7/2024 16:20,September,2.93,2.92
9/7/2024 16:25,September,3.35,3.34
9/7/2024 16:30,September,3.46,3.45
9/7/2024 16:35,September,3.27,3.26
9/7/2024 16:40,September,3.3,3.29
9/7/2024 16:45,September,2.66,2.65
9/7/2024 16:50,September,2.66,2.65
9/7/2024 16:55,September,2.66,2.65
9/7/2024 17:00,September,2.33,2.32
9/7/2024 17:05,September,2.33,2.32
9/7/2024 17:10,September,2.33,2.32
9/7/2024 17:15,September,2.33,2.32
9/7/2024 17:20,September,2.66,2.65
9/7/2024 17:25,September,2.66,2.65
9/7/2024 17:30,September,2.66,2.65
9/7/2024 17:35,September,2.66,2.65
9/7/2024 17:40,September,3.36,3.35
9/7/2024 17:45,September,3.36,3.35
9/7/2024 17:50,September,3.36,3.35
9/7/2024 17:55,September,3.38,3.36
9/7/2024 18:00,September,3.56,3.54
9/7/2024 18:05,September,3.38,3.37
9/7/2024 18:10,September,5.67,5.64
9/7/2024 18:15,September,5.68,5.65
9/7/2024 18:20,September,24.9,24.77
9/7/2024 18:25,September,19.02,18.93
9/7/2024 18:30,September,10.21,10.15
9/7/2024 18:35,September,5.69,5.66
9/7/2024 18:40,September,5.38,5.35
9/7/2024 18:45,September,5.37,5.35
9/7/2024 18:50,September,3.73,3.71
9/7/2024 18:55,September,3.73,3.71
9/7/2024 19:00,September,3.51,3.49
9/7/2024 19:05,September,3.58,3.56
9/7/2024 19:10,September,3.01,2.99
9/7/2024 19:15,September,3.4,3.38
9/7/2024 19:20,September,3.28,3.25
9/7/2024 19:25,September,3.13,3.11
9/7/2024 19:30,September,3.56,3.54
9/7/2024 19:35,September,3.57,3.54
9/7/2024 19:40,September,3.51,3.49
9/7/2024 19:45,September,3.56,3.54
9/7/2024 19:50,September,3.56,3.54
9/7/2024 19:55,September,3.52,3.49
9/7/2024 20:00,September,3.71,3.68
9/7/2024 20:05,September,26.41,26.24
9/7/2024 20:10,September,6.52,6.47
9/7/2024 20:15,September,4.6,4.57
9/7/2024 20:20,September,3.73,3.71
9/7/2024 20:25,September,4.09,4.06
9/7/2024 20:30,September,3.71,3.69
9/7/2024 20:35,September,3.71,3.69
9/7/2024 20:40,September,3.71,3.69
9/7/2024 20:45,September,3.53,3.51
9/7/2024 20:50,September,3.56,3.54
9/7/2024 20:55,September,3.53,3.51
9/7/2024 21:00,September,3.53,3.51
9/7/2024 21:05,September,5.7,5.67
9/7/2024 21:10,September,4.29,4.26
9/7/2024 21:15,September,3.27,3.25
9/7/2024 21:20,September,3.71,3.68
9/7/2024 21:25,September,3.72,3.69
9/7/2024 21:30,September,3.27,3.24
9/7/2024 21:35,September,3.72,3.69
9/7/2024 21:40,September,3.27,3.24
9/7/2024 21:45,September,3.27,3.24
9/7/2024 21:50,September,3,2.98
9/7/2024 21:55,September,3.08,3.05
9/7/2024 22:00,September,3.08,3.05
9/7/2024 22:05,September,5.35,5.31
9/7/2024 22:10,September,3.67,3.65
9/7/2024 22:15,September,3.35,3.33
9/7/2024 22:20,September,3.27,3.25
9/7/2024 22:25,September,3.27,3.25
9/7/2024 22:30,September,3.57,3.55
9/7/2024 22:35,September,3.58,3.55
9/7/2024 22:40,September,3.27,3.24
9/7/2024 22:45,September,3.27,3.24
9/7/2024 22:50,September,3.27,3.24
9/7/2024 22:55,September,3.27,3.24
9/7/2024 23:00,September,2.99,2.97
9/7/2024 23:05,September,26.32,26.15
9/7/2024 23:10,September,5.34,5.3
9/7/2024 23:15,September,4.05,4.03
9/7/2024 23:20,September,3.76,3.73
9/7/2024 23:25,September,3.57,3.54
9/7/2024 23:30,September,3.26,3.24
9/7/2024 23:35,September,3.26,3.24
9/7/2024 23:40,September,2.34,2.33
9/7/2024 23:45,September,2.94,2.92
9/7/2024 23:50,September,2.34,2.32
9/7/2024 23:55,September,2.85,2.83
9/8/2024 0:00,September,2.93,2.91
9/8/2024 0:05,September,2.96,2.94
9/8/2024 0:10,September,2.98,2.96
9/8/2024 0:15,September,2.99,2.97
9/8/2024 0:20,September,3.15,3.13
9/8/2024 0:25,September,2.96,2.94
9/8/2024 0:30,September,3.31,3.29
9/8/2024 0:35,September,3.31,3.29
9/8/2024 0:40,September,3.27,3.25
9/8/2024 0:45,September,2.93,2.92
9/8/2024 0:50,September,2.87,2.86
9/8/2024 0:55,September,2.73,2.72
9/8/2024 1:00,September,2.85,2.83
9/8/2024 1:05,September,2.96,2.94
9/8/2024 1:10,September,2.93,2.92
9/8/2024 1:15,September,2.93,2.92
9/8/2024 1:20,September,3.15,3.13
9/8/2024 1:25,September,2.96,2.95
9/8/2024 1:30,September,2.92,2.91
9/8/2024 1:35,September,2.74,2.72
9/8/2024 1:40,September,2.91,2.9
9/8/2024 1:45,September,2.93,2.92
9/8/2024 1:50,September,2.93,2.91
9/8/2024 1:55,September,2.91,2.9
9/8/2024 2:00,September,2.74,2.72
9/8/2024 2:05,September,2.85,2.83
9/8/2024 2:10,September,2.93,2.91
9/8/2024 2:15,September,2.93,2.91
9/8/2024 2:20,September,2.92,2.9
9/8/2024 2:25,September,2.89,2.87
9/8/2024 2:30,September,2.76,2.74
9/8/2024 2:35,September,2.84,2.83
9/8/2024 2:40,September,2.66,2.65
9/8/2024 2:45,September,2.66,2.65
9/8/2024 2:50,September,2.33,2.32
9/8/2024 2:55,September,2.66,2.65
9/8/2024 3:00,September,1.61,1.6
9/8/2024 3:05,September,2.33,2.32
9/8/2024 3:10,September,2.65,2.64
9/8/2024 3:15,September,2.33,2.32
9/8/2024 3:20,September,2.55,2.54
9/8/2024 3:25,September,2.33,2.32
9/8/2024 3:30,September,2.54,2.53
9/8/2024 3:35,September,2.64,2.63
9/8/2024 3:40,September,2.64,2.63
9/8/2024 3:45,September,2.64,2.63
9/8/2024 3:50,September,2.64,2.63
9/8/2024 3:55,September,2.64,2.63
9/8/2024 4:00,September,2.64,2.63
9/8/2024 4:05,September,2.54,2.53
9/8/2024 4:10,September,1.16,1.16
9/8/2024 4:15,September,2.23,2.22
9/8/2024 4:20,September,2.23,2.22
9/8/2024 4:25,September,2.23,2.22
9/8/2024 4:30,September,2.32,2.32
9/8/2024 4:35,September,2.84,2.83
9/8/2024 4:40,September,2.73,2.72
9/8/2024 4:45,September,2.64,2.63
9/8/2024 4:50,September,2.72,2.71
9/8/2024 4:55,September,2.64,2.63
9/8/2024 5:00,September,2.9,2.89
9/8/2024 5:05,September,2.85,2.84
9/8/2024 5:10,September,2.79,2.78
9/8/2024 5:15,September,2.79,2.78
9/8/2024 5:20,September,2.85,2.84
9/8/2024 5:25,September,2.56,2.55
9/8/2024 5:30,September,1.16,1.16
9/8/2024 5:35,September,2.23,2.22
9/8/2024 5:40,September,2.23,2.22
9/8/2024 5:45,September,2.23,2.22
9/8/2024 5:50,September,1.37,1.36
9/8/2024 5:55,September,2.23,2.22
9/8/2024 6:00,September,1.37,1.37
9/8/2024 6:05,September,1.16,1.15
9/8/2024 6:10,September,1.14,1.14
9/8/2024 6:15,September,1.14,1.13
9/8/2024 6:20,September,1.13,1.13
9/8/2024 6:25,September,1.14,1.13
9/8/2024 6:30,September,1.12,1.12
9/8/2024 6:35,September,1.12,1.12
9/8/2024 6:40,September,1.11,1.1
9/8/2024 6:45,September,1.11,1.11
9/8/2024 6:50,September,0.97,0.96
9/8/2024 6:55,September,0.96,0.96
9/8/2024 7:00,September,0.96,0.95
9/8/2024 7:05,September,0.93,0.93
9/8/2024 7:10,September,0.92,0.92
9/8/2024 7:15,September,0.92,0.92
9/8/2024 7:20,September,0.91,0.91
9/8/2024 7:25,September,0,0
9/8/2024 7:30,September,0,0
9/8/2024 7:35,September,0,0
9/8/2024 7:40,September,0,0
9/8/2024 7:45,September,0,0
9/8/2024 7:50,September,0,0
9/8/2024 7:55,September,0,0
9/8/2024 8:00,September,0.09,0.09
9/8/2024 8:05,September,-0.1,-0.1
9/8/2024 8:10,September,-0.1,-0.1
9/8/2024 8:15,September,-0.1,-0.1
9/8/2024 8:20,September,-1,-0.99
9/8/2024 8:25,September,-1.02,-1.01
9/8/2024 8:30,September,-1,-0.99
9/8/2024 8:35,September,-1.01,-1
9/8/2024 8:40,September,-1,-0.99
9/8/2024 8:45,September,-0.99,-0.98
9/8/2024 8:50,September,-0.11,-0.11
9/8/2024 8:55,September,-0.01,-0.01
9/8/2024 9:00,September,0,0
9/8/2024 9:05,September,-0.01,-0.01
9/8/2024 9:10,September,0,0
9/8/2024 9:15,September,0.09,0.08
9/8/2024 9:20,September,0.1,0.1
9/8/2024 9:25,September,0.1,0.1
9/8/2024 9:30,September,0.92,0.92
9/8/2024 9:35,September,1.1,1.1
9/8/2024 9:40,September,1.12,1.12
9/8/2024 9:45,September,1.75,1.76
9/8/2024 9:50,September,2.8,2.81
9/8/2024 9:55,September,2.94,2.95
9/8/2024 10:00,September,2.62,2.63
9/8/2024 10:05,September,2.48,2.49
9/8/2024 10:10,September,2.66,2.67
9/8/2024 10:15,September,2.78,2.8
9/8/2024 10:20,September,2.91,2.92
9/8/2024 10:25,September,2.91,2.93
9/8/2024 10:30,September,2.8,2.82
9/8/2024 10:35,September,2.73,2.75
9/8/2024 10:40,September,2.75,2.77
9/8/2024 10:45,September,2.62,2.64
9/8/2024 10:50,September,2.7,2.71
9/8/2024 10:55,September,3.09,3.11
9/8/2024 11:00,September,2.95,2.96
9/8/2024 11:05,September,2.52,2.53
9/8/2024 11:10,September,2.65,2.67
9/8/2024 11:15,September,2.65,2.67
9/8/2024 11:20,September,2.77,2.79
9/8/2024 11:25,September,1.95,1.97
9/8/2024 11:30,September,2.62,2.64
9/8/2024 11:35,September,2.62,2.64
9/8/2024 11:40,September,1.13,1.14
9/8/2024 11:45,September,1.12,1.13
9/8/2024 11:50,September,1.13,1.14
9/8/2024 11:55,September,1.12,1.13
9/8/2024 12:00,September,1.13,1.14
9/8/2024 12:05,September,1.13,1.14
9/8/2024 12:10,September,1.12,1.12
9/8/2024 12:15,September,1.11,1.11
9/8/2024 12:20,September,1.1,1.1
9/8/2024 12:25,September,1.1,1.1
9/8/2024 12:30,September,1.1,1.1
9/8/2024 12:35,September,1.1,1.1
9/8/2024 12:40,September,1.11,1.11
9/8/2024 12:45,September,1.12,1.12
9/8/2024 12:50,September,2.3,2.31
9/8/2024 12:55,September,2.3,2.31
9/8/2024 13:00,September,2.3,2.31
9/8/2024 13:05,September,1.55,1.55
9/8/2024 13:10,September,2.3,2.31
9/8/2024 13:15,September,2.3,2.31
9/8/2024 13:20,September,2.3,2.31
9/8/2024 13:25,September,1.47,1.47
9/8/2024 13:30,September,1.27,1.27
9/8/2024 13:35,September,1.52,1.52
9/8/2024 13:40,September,1.52,1.52
9/8/2024 13:45,September,1.56,1.56
9/8/2024 13:50,September,2.65,2.64
9/8/2024 13:55,September,2.32,2.31
9/8/2024 14:00,September,2.73,2.72
9/8/2024 14:05,September,2.66,2.64
9/8/2024 14:10,September,2.32,2.31
9/8/2024 14:15,September,2.33,2.32
9/8/2024 14:20,September,2.32,2.31
9/8/2024 14:25,September,2.75,2.73
9/8/2024 14:30,September,2.33,2.31
9/8/2024 14:35,September,2.33,2.31
9/8/2024 14:40,September,2.66,2.64
9/8/2024 14:45,September,2.33,2.31
9/8/2024 14:50,September,2.94,2.92
9/8/2024 14:55,September,2.33,2.31
9/8/2024 15:00,September,2.33,2.31
9/8/2024 15:05,September,3.26,3.23
9/8/2024 15:10,September,2.95,2.92
9/8/2024 15:15,September,2.93,2.9
9/8/2024 15:20,September,2.68,2.65
9/8/2024 15:25,September,2.66,2.65
9/8/2024 15:30,September,2.66,2.65
9/8/2024 15:35,September,3.02,3
9/8/2024 15:40,September,3.01,2.97
9/8/2024 15:45,September,2.68,2.65
9/8/2024 15:50,September,2.68,2.65
9/8/2024 15:55,September,2.95,2.92
9/8/2024 16:00,September,2.68,2.65
9/8/2024 16:05,September,3.05,3.02
9/8/2024 16:10,September,2.68,2.65
9/8/2024 16:15,September,2.96,2.92
9/8/2024 16:20,September,2.34,2.32
9/8/2024 16:25,September,2.68,2.65
9/8/2024 16:30,September,2.96,2.93
9/8/2024 16:35,September,2.68,2.65
9/8/2024 16:40,September,2.69,2.65
9/8/2024 16:45,September,3.16,3.12
9/8/2024 16:50,September,3.18,3.14
9/8/2024 16:55,September,3.18,3.14
9/8/2024 17:00,September,3.22,3.17
9/8/2024 17:05,September,3.22,3.18
9/8/2024 17:10,September,3.2,3.16
9/8/2024 17:15,September,3.32,3.27
9/8/2024 17:20,September,3.47,3.42
9/8/2024 17:25,September,3.65,3.6
9/8/2024 17:30,September,3.7,3.65
9/8/2024 17:35,September,3.68,3.63
9/8/2024 17:40,September,3.48,3.43
9/8/2024 17:45,September,3.47,3.43
9/8/2024 17:50,September,4.76,4.7
9/8/2024 17:55,September,3.67,3.62
9/8/2024 18:00,September,3.64,3.59
9/8/2024 18:05,September,5.35,5.28
9/8/2024 18:10,September,5.35,5.28
9/8/2024 18:15,September,5.72,5.64
9/8/2024 18:20,September,5.7,5.63
9/8/2024 18:25,September,26.39,26.04
9/8/2024 18:30,September,24.65,24.32
9/8/2024 18:35,September,24.64,24.31
9/8/2024 18:40,September,5.76,5.68
9/8/2024 18:45,September,5.36,5.29
9/8/2024 18:50,September,4.11,4.06
9/8/2024 18:55,September,5.34,5.28
9/8/2024 19:00,September,3.76,3.71
9/8/2024 19:05,September,4.11,4.05
9/8/2024 19:10,September,3.9,3.85
9/8/2024 19:15,September,3.75,3.7
9/8/2024 19:20,September,4.11,4.06
9/8/2024 19:25,September,4.8,4.74
9/8/2024 19:30,September,4.12,4.07
9/8/2024 19:35,September,4.62,4.57
9/8/2024 19:40,September,4.79,4.73
9/8/2024 19:45,September,4.32,4.27
9/8/2024 19:50,September,4.33,4.28
9/8/2024 19:55,September,4.33,4.28
9/8/2024 20:00,September,4.31,4.26
9/8/2024 20:05,September,5.7,5.63
9/8/2024 20:10,September,4.32,4.27
9/8/2024 20:15,September,4.32,4.27
9/8/2024 20:20,September,4.4,4.34
9/8/2024 20:25,September,4.41,4.35
9/8/2024 20:30,September,5.7,5.67
9/8/2024 20:35,September,5.68,5.65
9/8/2024 20:40,September,5.7,5.67
9/8/2024 20:45,September,5.63,5.6
9/8/2024 20:50,September,5.32,5.3
9/8/2024 20:55,September,5.33,5.3
9/8/2024 21:00,September,4.78,4.75
9/8/2024 21:05,September,4.4,4.38
9/8/2024 21:10,September,12.01,11.95
9/8/2024 21:15,September,5.62,5.6
9/8/2024 21:20,September,5.32,5.29
9/8/2024 21:25,September,3.22,3.21
9/8/2024 21:30,September,3.68,3.66
9/8/2024 21:35,September,3.89,3.87
9/8/2024 21:40,September,4.78,4.75
9/8/2024 21:45,September,4.6,4.58
9/8/2024 21:50,September,3.89,3.87
9/8/2024 21:55,September,4.59,4.57
9/8/2024 22:00,September,3.66,3.64
9/8/2024 22:05,September,3.66,3.64
9/8/2024 22:10,September,3.01,2.99
9/8/2024 22:15,September,3.27,3.26
9/8/2024 22:20,September,3.66,3.64
9/8/2024 22:25,September,3.67,3.64
9/8/2024 22:30,September,3.67,3.64
9/8/2024 22:35,September,3.66,3.64
9/8/2024 22:40,September,3.67,3.65
9/8/2024 22:45,September,3.66,3.64
9/8/2024 22:50,September,3.67,3.64
9/8/2024 22:55,September,3.67,3.64
9/8/2024 23:00,September,3.66,3.64
9/8/2024 23:05,September,4.35,4.33
9/8/2024 23:10,September,3.28,3.26
9/8/2024 23:15,September,3.04,3.02
9/8/2024 23:20,September,3.13,3.11
9/8/2024 23:25,September,3.23,3.21
9/8/2024 23:30,September,3.11,3.09
9/8/2024 23:35,September,3.2,3.18
9/8/2024 23:40,September,3.27,3.25
9/8/2024 23:45,September,3.27,3.25
9/8/2024 23:50,September,2.93,2.91
9/8/2024 23:55,September,2.93,2.91
9/9/2024 0:00,September,2.74,2.72
9/9/2024 0:05,September,3.76,3.73
9/9/2024 0:10,September,3.26,3.24
9/9/2024 0:15,September,3.5,3.47
9/9/2024 0:20,September,3.32,3.29
9/9/2024 0:25,September,3.33,3.31
9/9/2024 0:30,September,3.5,3.48
9/9/2024 0:35,September,3.27,3.25
9/9/2024 0:40,September,3.27,3.25
9/9/2024 0:45,September,3.18,3.16
9/9/2024 0:50,September,3.5,3.48
9/9/2024 0:55,September,3.27,3.25
9/9/2024 1:00,September,3.18,3.16
9/9/2024 1:05,September,3.72,3.7
9/9/2024 1:10,September,3.53,3.51
9/9/2024 1:15,September,3.27,3.25
9/9/2024 1:20,September,3,2.98
9/9/2024 1:25,September,3.05,3.03
9/9/2024 1:30,September,3.07,3.06
9/9/2024 1:35,September,3.16,3.14
9/9/2024 1:40,September,3.15,3.13
9/9/2024 1:45,September,3.06,3.05
9/9/2024 1:50,September,3.09,3.07
9/9/2024 1:55,September,2.87,2.86
9/9/2024 2:00,September,2.92,2.91
9/9/2024 2:05,September,2.92,2.91
9/9/2024 2:10,September,2.92,2.91
9/9/2024 2:15,September,2.92,2.91
9/9/2024 2:20,September,3.05,3.04
9/9/2024 2:25,September,2.99,2.97
9/9/2024 2:30,September,2.92,2.91
9/9/2024 2:35,September,2.91,2.9
9/9/2024 2:40,September,2.73,2.71
9/9/2024 2:45,September,2.85,2.83
9/9/2024 2:50,September,2.92,2.9
9/9/2024 2:55,September,2.92,2.9
9/9/2024 3:00,September,2.86,2.85
9/9/2024 3:05,September,2.83,2.82
9/9/2024 3:10,September,2.82,2.81
9/9/2024 3:15,September,2.83,2.82
9/9/2024 3:20,September,2.66,2.65
9/9/2024 3:25,September,2.66,2.65
9/9/2024 3:30,September,2.55,2.53
9/9/2024 3:35,September,2.66,2.65
9/9/2024 3:40,September,2.66,2.65
9/9/2024 3:45,September,2.66,2.64
9/9/2024 3:50,September,2.66,2.65
9/9/2024 3:55,September,2.66,2.64
9/9/2024 4:00,September,2.66,2.64
9/9/2024 4:05,September,2.66,2.64
9/9/2024 4:10,September,2.83,2.81
9/9/2024 4:15,September,2.94,2.93
9/9/2024 4:20,September,2.91,2.9
9/9/2024 4:25,September,3.15,3.14
9/9/2024 4:30,September,2.94,2.93
9/9/2024 4:35,September,2.94,2.93
9/9/2024 4:40,September,2.92,2.9
9/9/2024 4:45,September,2.95,2.93
9/9/2024 4:50,September,3.04,3.03
9/9/2024 4:55,September,2.97,2.96
9/9/2024 5:00,September,2.92,2.9
9/9/2024 5:05,September,2.66,2.65
9/9/2024 5:10,September,3.14,3.13
9/9/2024 5:15,September,3.14,3.12
9/9/2024 5:20,September,2.95,2.93
9/9/2024 5:25,September,3.15,3.13
9/9/2024 5:30,September,3.17,3.15
9/9/2024 5:35,September,3.16,3.14
9/9/2024 5:40,September,3.15,3.13
9/9/2024 5:45,September,3.14,3.12
9/9/2024 5:50,September,3.05,3.03
9/9/2024 5:55,September,3.08,3.06
9/9/2024 6:00,September,3.02,3.01
9/9/2024 6:05,September,1.55,1.54
9/9/2024 6:10,September,2.33,2.32
9/9/2024 6:15,September,2.55,2.54
9/9/2024 6:20,September,2.33,2.32
9/9/2024 6:25,September,2.55,2.53
9/9/2024 6:30,September,2.65,2.64
9/9/2024 6:35,September,2.72,2.71
9/9/2024 6:40,September,2.85,2.84
9/9/2024 6:45,September,2.65,2.64
9/9/2024 6:50,September,2.95,2.93
9/9/2024 6:55,September,2.91,2.89
9/9/2024 7:00,September,2.92,2.9
9/9/2024 7:05,September,1.56,1.55
9/9/2024 7:10,September,2.66,2.64
9/9/2024 7:15,September,2.65,2.64
9/9/2024 7:20,September,3.07,3.06
9/9/2024 7:25,September,3.16,3.15
9/9/2024 7:30,September,3.44,3.43
9/9/2024 7:35,September,3.46,3.46
9/9/2024 7:40,September,3.46,3.46
9/9/2024 7:45,September,3.46,3.46
9/9/2024 7:50,September,4.15,4.15
9/9/2024 7:55,September,3.75,3.74
9/9/2024 8:00,September,5.32,5.3
9/9/2024 8:05,September,3.28,3.26
9/9/2024 8:10,September,3.72,3.7
9/9/2024 8:15,September,3.65,3.64
9/9/2024 8:20,September,3.31,3.3
9/9/2024 8:25,September,3.5,3.48
9/9/2024 8:30,September,3.5,3.48
9/9/2024 8:35,September,3.5,3.48
9/9/2024 8:40,September,3.5,3.48
9/9/2024 8:45,September,3.5,3.48
9/9/2024 8:50,September,3.5,3.48
9/9/2024 8:55,September,3.5,3.48
9/9/2024 9:00,September,3.49,3.48
9/9/2024 9:05,September,2.65,2.65
9/9/2024 9:10,September,3.28,3.27
9/9/2024 9:15,September,3.29,3.28
9/9/2024 9:20,September,3.36,3.35
9/9/2024 9:25,September,3.67,3.66
9/9/2024 9:30,September,3.67,3.67
9/9/2024 9:35,September,3.46,3.45
9/9/2024 9:40,September,3.69,3.69
9/9/2024 9:45,September,3.46,3.45
9/9/2024 9:50,September,3.29,3.29
9/9/2024 9:55,September,3.37,3.37
9/9/2024 10:00,September,3.69,3.69
9/9/2024 10:05,September,3.05,3.04
9/9/2024 10:10,September,3.29,3.29
9/9/2024 10:15,September,3.37,3.37
9/9/2024 10:20,September,3.68,3.67
9/9/2024 10:25,September,3.46,3.45
9/9/2024 10:30,September,3.38,3.37
9/9/2024 10:35,September,4.1,4.09
9/9/2024 10:40,September,4.1,4.09
9/9/2024 10:45,September,3.69,3.68
9/9/2024 10:50,September,4.04,4.03
9/9/2024 10:55,September,3.69,3.68
9/9/2024 11:00,September,3.7,3.69
9/9/2024 11:05,September,4.32,4.31
9/9/2024 11:10,September,4.1,4.09
9/9/2024 11:15,September,3.69,3.69
9/9/2024 11:20,September,3.31,3.31
9/9/2024 11:25,September,3.22,3.21
9/9/2024 11:30,September,3.25,3.24
9/9/2024 11:35,September,3.57,3.56
9/9/2024 11:40,September,3.3,3.29
9/9/2024 11:45,September,3.28,3.27
9/9/2024 11:50,September,3.31,3.3
9/9/2024 11:55,September,3.3,3.29
9/9/2024 12:00,September,2.65,2.65
9/9/2024 12:05,September,2.32,2.31
9/9/2024 12:10,September,2.32,2.31
9/9/2024 12:15,September,2.56,2.56
9/9/2024 12:20,September,1.63,1.62
9/9/2024 12:25,September,2.32,2.31
9/9/2024 12:30,September,4.31,4.3
9/9/2024 12:35,September,3.7,3.69
9/9/2024 12:40,September,3.29,3.28
9/9/2024 12:45,September,5.3,5.28
9/9/2024 12:50,September,4.31,4.3
9/9/2024 12:55,September,5.63,5.62
9/9/2024 13:00,September,8.3,8.28
9/9/2024 13:05,September,5.3,5.28
9/9/2024 13:10,September,8.28,8.27
9/9/2024 13:15,September,8.26,8.26
9/9/2024 13:20,September,5.64,5.64
9/9/2024 13:25,September,4.72,4.71
9/9/2024 13:30,September,3.56,3.56
9/9/2024 13:35,September,4.32,4.32
9/9/2024 13:40,September,4.32,4.32
9/9/2024 13:45,September,4.32,4.32
9/9/2024 13:50,September,4.7,4.7
9/9/2024 13:55,September,4.1,4.1
9/9/2024 14:00,September,4.32,4.32
9/9/2024 14:05,September,4.09,4.09
9/9/2024 14:10,September,4.9,4.91
9/9/2024 14:15,September,4.31,4.31
9/9/2024 14:20,September,2.92,2.92
9/9/2024 14:25,September,4.59,4.59
9/9/2024 14:30,September,4.3,4.3
9/9/2024 14:35,September,4.84,4.85
9/9/2024 14:40,September,4.3,4.31
9/9/2024 14:45,September,4.59,4.59
9/9/2024 14:50,September,5.26,5.26
9/9/2024 14:55,September,5.25,5.26
9/9/2024 15:00,September,4.59,4.59
9/9/2024 15:05,September,5.6,5.6
9/9/2024 15:10,September,5.27,5.27
9/9/2024 15:15,September,5.27,5.27
9/9/2024 15:20,September,5.25,5.25
9/9/2024 15:25,September,4.7,4.7
9/9/2024 15:30,September,5.6,5.6
9/9/2024 15:35,September,5.6,5.6
9/9/2024 15:40,September,5.63,5.62
9/9/2024 15:45,September,5.64,5.63
9/9/2024 15:50,September,4.71,4.71
9/9/2024 15:55,September,5.3,5.29
9/9/2024 16:00,September,5.29,5.29
9/9/2024 16:05,September,5.29,5.29
9/9/2024 16:10,September,4.72,4.72
9/9/2024 16:15,September,4.72,4.72
9/9/2024 16:20,September,4.72,4.71
9/9/2024 16:25,September,4.72,4.72
9/9/2024 16:30,September,5.29,5.28
9/9/2024 16:35,September,4.73,4.72
9/9/2024 16:40,September,4.73,4.72
9/9/2024 16:45,September,4.73,4.72
9/9/2024 16:50,September,4.73,4.72
9/9/2024 16:55,September,3.57,3.56
9/9/2024 17:00,September,2.32,2.32
9/9/2024 17:05,September,2.32,2.32
9/9/2024 17:10,September,2.66,2.65
9/9/2024 17:15,September,2.93,2.92
9/9/2024 17:20,September,3.58,3.57
9/9/2024 17:25,September,2.95,2.94
9/9/2024 17:30,September,2.95,2.94
9/9/2024 17:35,September,3.68,3.67
9/9/2024 17:40,September,4.74,4.72
9/9/2024 17:45,September,4.08,4.07
9/9/2024 17:50,September,4.08,4.07
9/9/2024 17:55,September,4.74,4.72
9/9/2024 18:00,September,4.08,4.07
9/9/2024 18:05,September,3.68,3.67
9/9/2024 18:10,September,4.6,4.58
9/9/2024 18:15,September,4.09,4.07
9/9/2024 18:20,September,4.31,4.29
9/9/2024 18:25,September,8.23,8.2
9/9/2024 18:30,September,5.88,5.86
9/9/2024 18:35,September,8.1,8.07
9/9/2024 18:40,September,8.03,8
9/9/2024 18:45,September,5.71,5.69
9/9/2024 18:50,September,5.34,5.32
9/9/2024 18:55,September,5.68,5.66
9/9/2024 19:00,September,5.67,5.65
9/9/2024 19:05,September,8.06,8.03
9/9/2024 19:10,September,5.67,5.65
9/9/2024 19:15,September,5.67,5.65
9/9/2024 19:20,September,5.66,5.64
9/9/2024 19:25,September,5.66,5.64
9/9/2024 19:30,September,1.55,1.55
9/9/2024 19:35,September,2.95,2.94
9/9/2024 19:40,September,4.29,4.28
9/9/2024 19:45,September,4.29,4.27
9/9/2024 19:50,September,5.32,5.3
9/9/2024 19:55,September,5.31,5.29
9/9/2024 20:00,September,4.3,4.28
9/9/2024 20:05,September,6.07,6.04
9/9/2024 20:10,September,5.3,5.28
9/9/2024 20:15,September,5.31,5.29
9/9/2024 20:20,September,5.31,5.29
9/9/2024 20:25,September,5.11,5.09
9/9/2024 20:30,September,3.71,3.69
9/9/2024 20:35,September,3.71,3.69
9/9/2024 20:40,September,4.29,4.27
9/9/2024 20:45,September,4.51,4.49
9/9/2024 20:50,September,3.71,3.69
9/9/2024 20:55,September,2.67,2.66
9/9/2024 21:00,September,2.93,2.92
9/9/2024 21:05,September,4.59,4.57
9/9/2024 21:10,September,3.71,3.69
9/9/2024 21:15,September,3.74,3.72
9/9/2024 21:20,September,3.74,3.72
9/9/2024 21:25,September,2.96,2.95
9/9/2024 21:30,September,2.96,2.94
9/9/2024 21:35,September,3.2,3.18
9/9/2024 21:40,September,3.19,3.17
9/9/2024 21:45,September,3.25,3.23
9/9/2024 21:50,September,3.51,3.49
9/9/2024 21:55,September,3.27,3.25
9/9/2024 22:00,September,3.1,3.08
9/9/2024 22:05,September,16.89,16.79
9/9/2024 22:10,September,5.7,5.67
9/9/2024 22:15,September,5.69,5.65
9/9/2024 22:20,September,3.75,3.73
9/9/2024 22:25,September,3.72,3.7
9/9/2024 22:30,September,3.72,3.7
9/9/2024 22:35,September,3.17,3.15
9/9/2024 22:40,September,3.17,3.15
9/9/2024 22:45,September,3.17,3.15
9/9/2024 22:50,September,3.18,3.16
9/9/2024 22:55,September,2.99,2.97
9/9/2024 23:00,September,3.16,3.14
9/9/2024 23:05,September,5.3,5.27
9/9/2024 23:10,September,3.51,3.49
9/9/2024 23:15,September,3.51,3.49
9/9/2024 23:20,September,3.51,3.49
9/9/2024 23:25,September,3.26,3.24
9/9/2024 23:30,September,3.6,3.58
9/9/2024 23:35,September,3.51,3.49
9/9/2024 23:40,September,3.52,3.49
9/9/2024 23:45,September,3.2,3.17
9/9/2024 23:50,September,3,2.98
9/9/2024 23:55,September,2.99,2.96
9/10/2024 0:00,September,2.72,2.7
9/10/2024 0:05,September,4.04,4.01
9/10/2024 0:10,September,3.61,3.58
9/10/2024 0:15,September,3.34,3.31
9/10/2024 0:20,September,3.32,3.3
9/10/2024 0:25,September,2.97,2.94
9/10/2024 0:30,September,3.26,3.24
9/10/2024 0:35,September,3.26,3.24
9/10/2024 0:40,September,3.32,3.29
9/10/2024 0:45,September,3.31,3.29
9/10/2024 0:50,September,3.32,3.29
9/10/2024 0:55,September,3.26,3.24
9/10/2024 1:00,September,3,2.98
9/10/2024 1:05,September,3.22,3.2
9/10/2024 1:10,September,3.22,3.2
9/10/2024 1:15,September,2.96,2.94
9/10/2024 1:20,September,2.97,2.95
9/10/2024 1:25,September,3.01,2.99
9/10/2024 1:30,September,3.2,3.18
9/10/2024 1:35,September,2.96,2.94
9/10/2024 1:40,September,2.96,2.94
9/10/2024 1:45,September,2.77,2.75
9/10/2024 1:50,September,2.78,2.77
9/10/2024 1:55,September,2.77,2.75
9/10/2024 2:00,September,2.76,2.74
9/10/2024 2:05,September,2.76,2.74
9/10/2024 2:10,September,2.71,2.7
9/10/2024 2:15,September,2.73,2.72
9/10/2024 2:20,September,2.72,2.7
9/10/2024 2:25,September,2.67,2.65
9/10/2024 2:30,September,2.67,2.65
9/10/2024 2:35,September,2.64,2.63
9/10/2024 2:40,September,2.69,2.67
9/10/2024 2:45,September,2.64,2.62
9/10/2024 2:50,September,2.66,2.65
9/10/2024 2:55,September,2.66,2.65
9/10/2024 3:00,September,2.66,2.65
9/10/2024 3:05,September,2.33,2.32
9/10/2024 3:10,September,2.33,2.32
9/10/2024 3:15,September,2.34,2.32
9/10/2024 3:20,September,2.33,2.32
9/10/2024 3:25,September,2.34,2.32
9/10/2024 3:30,September,2.34,2.32
9/10/2024 3:35,September,2.33,2.32
9/10/2024 3:40,September,2.33,2.32
9/10/2024 3:45,September,2.33,2.32
9/10/2024 3:50,September,2.52,2.51
9/10/2024 3:55,September,2.52,2.51
9/10/2024 4:00,September,2.53,2.52
9/10/2024 4:05,September,2.64,2.63
9/10/2024 4:10,September,2.69,2.68
9/10/2024 4:15,September,2.69,2.68
9/10/2024 4:20,September,2.69,2.68
9/10/2024 4:25,September,2.69,2.67
9/10/2024 4:30,September,2.69,2.68
9/10/2024 4:35,September,2.69,2.67
9/10/2024 4:40,September,2.83,2.81
9/10/2024 4:45,September,2.82,2.81
9/10/2024 4:50,September,2.84,2.83
9/10/2024 4:55,September,2.84,2.82
9/10/2024 5:00,September,2.83,2.81
9/10/2024 5:05,September,2.66,2.65
9/10/2024 5:10,September,2.78,2.76
9/10/2024 5:15,September,2.83,2.81
9/10/2024 5:20,September,2.84,2.82
9/10/2024 5:25,September,2.84,2.82
9/10/2024 5:30,September,2.89,2.87
9/10/2024 5:35,September,2.86,2.84
9/10/2024 5:40,September,2.93,2.91
9/10/2024 5:45,September,2.86,2.84
9/10/2024 5:50,September,2.85,2.84
9/10/2024 5:55,September,2.85,2.83
9/10/2024 6:00,September,2.85,2.83
9/10/2024 6:05,September,2.07,2.05
9/10/2024 6:10,September,2.2,2.19
9/10/2024 6:15,September,2.38,2.36
9/10/2024 6:20,September,2.34,2.32
9/10/2024 6:25,September,2.33,2.32
9/10/2024 6:30,September,2.39,2.37
9/10/2024 6:35,September,2.34,2.32
9/10/2024 6:40,September,2.34,2.32
9/10/2024 6:45,September,2.33,2.32
9/10/2024 6:50,September,2.24,2.23
9/10/2024 6:55,September,2.28,2.27
9/10/2024 7:00,September,2.68,2.66
9/10/2024 7:05,September,2.07,2.06
9/10/2024 7:10,September,2.05,2.04
9/10/2024 7:15,September,2.07,2.06
9/10/2024 7:20,September,2.32,2.32
9/10/2024 7:25,September,2.32,2.32
9/10/2024 7:30,September,2.32,2.32
9/10/2024 7:35,September,2.67,2.66
9/10/2024 7:40,September,2.64,2.63
9/10/2024 7:45,September,2.66,2.66
9/10/2024 7:50,September,2.32,2.32
9/10/2024 7:55,September,2.85,2.84
9/10/2024 8:00,September,3.12,3.12
9/10/2024 8:05,September,2.08,2.07
9/10/2024 8:10,September,2.21,2.21
9/10/2024 8:15,September,2.22,2.21
9/10/2024 8:20,September,2.22,2.22
9/10/2024 8:25,September,2.32,2.32
9/10/2024 8:30,September,2.64,2.64
9/10/2024 8:35,September,2.64,2.64
9/10/2024 8:40,September,2.64,2.64
9/10/2024 8:45,September,2.64,2.64
9/10/2024 8:50,September,2.32,2.31
9/10/2024 8:55,September,2.65,2.64
9/10/2024 9:00,September,2.65,2.64
9/10/2024 9:05,September,1.93,1.92
9/10/2024 9:10,September,1.94,1.93
9/10/2024 9:15,September,1.95,1.94
9/10/2024 9:20,September,1.96,1.95
9/10/2024 9:25,September,2.27,2.27
9/10/2024 9:30,September,2.32,2.31
9/10/2024 9:35,September,1.8,1.8
9/10/2024 9:40,September,1.82,1.81
9/10/2024 9:45,September,2.78,2.77
9/10/2024 9:50,September,2.33,2.32
9/10/2024 9:55,September,2.65,2.64
9/10/2024 10:00,September,2.65,2.64
9/10/2024 10:05,September,1.8,1.79
9/10/2024 10:10,September,1.81,1.81
9/10/2024 10:15,September,2.27,2.27
9/10/2024 10:20,September,2.31,2.31
9/10/2024 10:25,September,2.31,2.31
9/10/2024 10:30,September,3.41,3.41
9/10/2024 10:35,September,2.64,2.64
9/10/2024 10:40,September,2.31,2.31
9/10/2024 10:45,September,2.64,2.64
9/10/2024 10:50,September,3.62,3.62
9/10/2024 10:55,September,3.42,3.41
9/10/2024 11:00,September,2.92,2.92
9/10/2024 11:05,September,2.92,2.92
9/10/2024 11:10,September,2.64,2.64
9/10/2024 11:15,September,2.65,2.65
9/10/2024 11:20,September,2.63,2.63
9/10/2024 11:25,September,2.63,2.63
9/10/2024 11:30,September,2.65,2.65
9/10/2024 11:35,September,2.21,2.21
9/10/2024 11:40,September,2.65,2.66
9/10/2024 11:45,September,2.3,2.31
9/10/2024 11:50,September,2.3,2.31
9/10/2024 11:55,September,2.66,2.64
9/10/2024 12:00,September,1.8,1.79
9/10/2024 12:05,September,1.8,1.79
9/10/2024 12:10,September,1.8,1.79
9/10/2024 12:15,September,1.79,1.78
9/10/2024 12:20,September,1.79,1.79
9/10/2024 12:25,September,1.8,1.79
9/10/2024 12:30,September,1.81,1.8
9/10/2024 12:35,September,2.68,2.68
9/10/2024 12:40,September,2.78,2.77
9/10/2024 12:45,September,2.78,2.77
9/10/2024 12:50,September,2.93,2.92
9/10/2024 12:55,September,2.8,2.79
9/10/2024 13:00,September,3.65,3.63
9/10/2024 13:05,September,5.61,5.63
9/10/2024 13:10,September,4.21,4.22
9/10/2024 13:15,September,9.25,9.29
9/10/2024 13:20,September,5.58,5.59
9/10/2024 13:25,September,5.26,5.27
9/10/2024 13:30,September,4.22,4.23
9/10/2024 13:35,September,4.03,4.03
9/10/2024 13:40,September,3.45,3.46
9/10/2024 13:45,September,4.84,4.85
9/10/2024 13:50,September,4.23,4.24
9/10/2024 13:55,September,3.87,3.87
9/10/2024 14:00,September,4.03,4.04
9/10/2024 14:05,September,4.86,4.87
9/10/2024 14:10,September,4.87,4.88
9/10/2024 14:15,September,4.05,4.05
9/10/2024 14:20,September,4.05,4.05
9/10/2024 14:25,September,3.7,3.7
9/10/2024 14:30,September,3.65,3.65
9/10/2024 14:35,September,3.66,3.66
9/10/2024 14:40,September,3.68,3.68
9/10/2024 14:45,September,3.88,3.88
9/10/2024 14:50,September,4.24,4.25
9/10/2024 14:55,September,3.89,3.89
9/10/2024 15:00,September,3.57,3.57
9/10/2024 15:05,September,3.65,3.65
9/10/2024 15:10,September,4.05,4.05
9/10/2024 15:15,September,3.58,3.58
9/10/2024 15:20,September,4.87,4.87
9/10/2024 15:25,September,3.66,3.66
9/10/2024 15:30,September,4.1,4.1
9/10/2024 15:35,September,5.64,5.64
9/10/2024 15:40,September,5.28,5.28
9/10/2024 15:45,September,5.27,5.28
9/10/2024 15:50,September,4.06,4.05
9/10/2024 15:55,September,4.26,4.26
9/10/2024 16:00,September,4.06,4.05
9/10/2024 16:05,September,5.64,5.63
9/10/2024 16:10,September,5.28,5.28
9/10/2024 16:15,September,4.27,4.27
9/10/2024 16:20,September,4.27,4.26
9/10/2024 16:25,September,4.27,4.27
9/10/2024 16:30,September,3.6,3.6
9/10/2024 16:35,September,3.73,3.72
9/10/2024 16:40,September,3.61,3.59
9/10/2024 16:45,September,3.61,3.59
9/10/2024 16:50,September,3.61,3.6
9/10/2024 16:55,September,3.45,3.43
9/10/2024 17:00,September,2.86,2.85
9/10/2024 17:05,September,3.45,3.43
9/10/2024 17:10,September,3.51,3.5
9/10/2024 17:15,September,3.51,3.5
9/10/2024 17:20,September,3.57,3.55
9/10/2024 17:25,September,3.61,3.6
9/10/2024 17:30,September,3.61,3.6
9/10/2024 17:35,September,3.62,3.6
9/10/2024 17:40,September,3.62,3.6
9/10/2024 17:45,September,3.62,3.6
9/10/2024 17:50,September,3.67,3.65
9/10/2024 17:55,September,3.73,3.71
9/10/2024 18:00,September,3.73,3.71
9/10/2024 18:05,September,3.73,3.71
9/10/2024 18:10,September,3.72,3.7
9/10/2024 18:15,September,3.71,3.69
9/10/2024 18:20,September,3.73,3.71
9/10/2024 18:25,September,5.34,5.31
9/10/2024 18:30,September,5.23,5.2
9/10/2024 18:35,September,4.39,4.36
9/10/2024 18:40,September,4.6,4.57
9/10/2024 18:45,September,5.69,5.66
9/10/2024 18:50,September,4.09,4.07
9/10/2024 18:55,September,4.39,4.37
9/10/2024 19:00,September,3.73,3.71
9/10/2024 19:05,September,8.73,8.68
9/10/2024 19:10,September,5.33,5.31
9/10/2024 19:15,September,4.6,4.57
9/10/2024 19:20,September,4.6,4.58
9/10/2024 19:25,September,5.32,5.3
9/10/2024 19:30,September,4.4,4.38
9/10/2024 19:35,September,4.4,4.38
9/10/2024 19:40,September,4.6,4.57
9/10/2024 19:45,September,5.11,5.09
9/10/2024 19:50,September,4.6,4.57
9/10/2024 19:55,September,3.73,3.71
9/10/2024 20:00,September,3.73,3.71
9/10/2024 20:05,September,10.78,10.72
9/10/2024 20:10,September,5.69,5.66
9/10/2024 20:15,September,5.32,5.3
9/10/2024 20:20,September,5.32,5.3
9/10/2024 20:25,September,5.32,5.29
9/10/2024 20:30,September,5.13,5.11
9/10/2024 20:35,September,4.59,4.57
9/10/2024 20:40,September,3.93,3.91
9/10/2024 20:45,September,4.3,4.28
9/10/2024 20:50,September,4.73,4.7
9/10/2024 20:55,September,3.74,3.72
9/10/2024 21:00,September,3.74,3.72
9/10/2024 21:05,September,5.72,5.69
9/10/2024 21:10,September,3.93,3.91
9/10/2024 21:15,September,5.11,5.08
9/10/2024 21:20,September,4.61,4.59
9/10/2024 21:25,September,4.6,4.57
9/10/2024 21:30,September,4.82,4.79
9/10/2024 21:35,September,4.82,4.79
9/10/2024 21:40,September,3.74,3.72
9/10/2024 21:45,September,3.76,3.74
9/10/2024 21:50,September,4.82,4.79
9/10/2024 21:55,September,3.76,3.74
9/10/2024 22:00,September,3.74,3.71
9/10/2024 22:05,September,12.65,12.58
9/10/2024 22:10,September,5.4,5.37
9/10/2024 22:15,September,5.33,5.29
9/10/2024 22:20,September,4.83,4.8
9/10/2024 22:25,September,4.08,4.05
9/10/2024 22:30,September,3.81,3.78
9/10/2024 22:35,September,4.32,4.29
9/10/2024 22:40,September,3.74,3.72
9/10/2024 22:45,September,3.81,3.78
9/10/2024 22:50,September,4.07,4.04
9/10/2024 22:55,September,4.07,4.04
9/10/2024 23:00,September,4.07,4.04
9/10/2024 23:05,September,14.19,14.11
9/10/2024 23:10,September,5.71,5.67
9/10/2024 23:15,September,5.33,5.29
9/10/2024 23:20,September,4.82,4.79
9/10/2024 23:25,September,4.08,4.05
9/10/2024 23:30,September,3.83,3.8
9/10/2024 23:35,September,3.74,3.72
9/10/2024 23:40,September,3.79,3.77
9/10/2024 23:45,September,3.74,3.72
9/10/2024 23:50,September,3.74,3.72
9/10/2024 23:55,September,3.74,3.71
9/11/2024 0:00,September,3.63,3.6
9/11/2024 0:05,September,3.45,3.42
9/11/2024 0:10,September,3.48,3.45
9/11/2024 0:15,September,3.44,3.42
9/11/2024 0:20,September,3.48,3.45
9/11/2024 0:25,September,3.27,3.24
9/11/2024 0:30,September,3.27,3.24
9/11/2024 0:35,September,3.47,3.45
9/11/2024 0:40,September,3.47,3.45
9/11/2024 0:45,September,3.47,3.45
9/11/2024 0:50,September,3.27,3.25
9/11/2024 0:55,September,3.21,3.19
9/11/2024 1:00,September,3.21,3.19
9/11/2024 1:05,September,3.52,3.49
9/11/2024 1:10,September,3.52,3.5
9/11/2024 1:15,September,3.52,3.49
9/11/2024 1:20,September,3.47,3.45
9/11/2024 1:25,September,3.47,3.45
9/11/2024 1:30,September,3.37,3.35
9/11/2024 1:35,September,3.37,3.35
9/11/2024 1:40,September,3.47,3.44
9/11/2024 1:45,September,3.38,3.36
9/11/2024 1:50,September,3.27,3.25
9/11/2024 1:55,September,3.27,3.25
9/11/2024 2:00,September,2.95,2.94
9/11/2024 2:05,September,3.08,3.06
9/11/2024 2:10,September,3.26,3.24
9/11/2024 2:15,September,2.98,2.97
9/11/2024 2:20,September,2.98,2.97
9/11/2024 2:25,September,2.95,2.94
9/11/2024 2:30,September,2.95,2.94
9/11/2024 2:35,September,2.95,2.94
9/11/2024 2:40,September,2.95,2.94
9/11/2024 2:45,September,2.73,2.72
9/11/2024 2:50,September,2.95,2.94
9/11/2024 2:55,September,2.72,2.71
9/11/2024 3:00,September,2.73,2.71
9/11/2024 3:05,September,2.98,2.96
9/11/2024 3:10,September,2.95,2.94
9/11/2024 3:15,September,2.95,2.93
9/11/2024 3:20,September,2.66,2.65
9/11/2024 3:25,September,2.73,2.71
9/11/2024 3:30,September,2.71,2.7
9/11/2024 3:35,September,2.7,2.69
9/11/2024 3:40,September,2.71,2.69
9/11/2024 3:45,September,2.36,2.35
9/11/2024 3:50,September,2.66,2.65
9/11/2024 3:55,September,2.66,2.65
9/11/2024 4:00,September,2.66,2.65
9/11/2024 4:05,September,2.69,2.67
9/11/2024 4:10,September,2.86,2.84
9/11/2024 4:15,September,2.95,2.93
9/11/2024 4:20,September,2.86,2.84
9/11/2024 4:25,September,2.86,2.84
9/11/2024 4:30,September,2.72,2.7
9/11/2024 4:35,September,2.74,2.73
9/11/2024 4:40,September,2.86,2.84
9/11/2024 4:45,September,2.74,2.72
9/11/2024 4:50,September,2.75,2.73
9/11/2024 4:55,September,2.86,2.84
9/11/2024 5:00,September,2.66,2.65
9/11/2024 5:05,September,3.08,3.06
9/11/2024 5:10,September,2.97,2.95
9/11/2024 5:15,September,2.97,2.95
9/11/2024 5:20,September,3.07,3.05
9/11/2024 5:25,September,3.26,3.24
9/11/2024 5:30,September,3.25,3.23
9/11/2024 5:35,September,3.06,3.04
9/11/2024 5:40,September,3.07,3.05
9/11/2024 5:45,September,2.95,2.93
9/11/2024 5:50,September,2.95,2.93
9/11/2024 5:55,September,2.67,2.65
9/11/2024 6:00,September,2.75,2.73
9/11/2024 6:05,September,1.58,1.57
9/11/2024 6:10,September,2.21,2.19
9/11/2024 6:15,September,2.22,2.2
9/11/2024 6:20,September,2.24,2.23
9/11/2024 6:25,September,2.34,2.32
9/11/2024 6:30,September,2.24,2.23
9/11/2024 6:35,September,2.26,2.25
9/11/2024 6:40,September,2.33,2.32
9/11/2024 6:45,September,2.33,2.32
9/11/2024 6:50,September,2.33,2.32
9/11/2024 6:55,September,2.33,2.32
9/11/2024 7:00,September,2.33,2.32
9/11/2024 7:05,September,1.58,1.57
9/11/2024 7:10,September,1.6,1.6
9/11/2024 7:15,September,2.06,2.05
9/11/2024 7:20,September,2.32,2.32
9/11/2024 7:25,September,2.64,2.63
9/11/2024 7:30,September,2.7,2.69
9/11/2024 7:35,September,2.7,2.69
9/11/2024 7:40,September,2.81,2.8
9/11/2024 7:45,September,2.71,2.71
9/11/2024 7:50,September,2.73,2.72
9/11/2024 7:55,September,2.76,2.75
9/11/2024 8:00,September,3.26,3.25
9/11/2024 8:05,September,2.01,2
9/11/2024 8:10,September,2.64,2.64
9/11/2024 8:15,September,1.98,1.98
9/11/2024 8:20,September,2,2
9/11/2024 8:25,September,2.12,2.12
9/11/2024 8:30,September,2.32,2.32
9/11/2024 8:35,September,2.31,2.31
9/11/2024 8:40,September,2.64,2.64
9/11/2024 8:45,September,1.98,1.98
9/11/2024 8:50,September,2.11,2.11
9/11/2024 8:55,September,2.64,2.64
9/11/2024 9:00,September,2.31,2.31
9/11/2024 9:05,September,1.64,1.64
9/11/2024 9:10,September,1.95,1.95
9/11/2024 9:15,September,1.95,1.96
9/11/2024 9:20,September,2.2,2.2
9/11/2024 9:25,September,2.64,2.64
9/11/2024 9:30,September,2.64,2.64
9/11/2024 9:35,September,2.92,2.92
9/11/2024 9:40,September,2.64,2.64
9/11/2024 9:45,September,2.64,2.64
9/11/2024 9:50,September,2.91,2.92
9/11/2024 9:55,September,3.16,3.16
9/11/2024 10:00,September,3.06,3.06
9/11/2024 10:05,September,1.96,1.96
9/11/2024 10:10,September,1.97,1.97
9/11/2024 10:15,September,3.04,3.04
9/11/2024 10:20,September,3.44,3.45
9/11/2024 10:25,September,3.62,3.63
9/11/2024 10:30,September,3.58,3.59
9/11/2024 10:35,September,5.24,5.25
9/11/2024 10:40,September,3.61,3.62
9/11/2024 10:45,September,4.43,4.44
9/11/2024 10:50,September,4.43,4.44
9/11/2024 10:55,September,3.46,3.47
9/11/2024 11:00,September,3.46,3.47
9/11/2024 11:05,September,3.32,3.33
9/11/2024 11:10,September,4.72,4.74
9/11/2024 11:15,September,3.32,3.33
9/11/2024 11:20,September,3.32,3.33
9/11/2024 11:25,September,3.46,3.47
9/11/2024 11:30,September,3.46,3.47
9/11/2024 11:35,September,3.41,3.42
9/11/2024 11:40,September,3.05,3.05
9/11/2024 11:45,September,3.46,3.47
9/11/2024 11:50,September,3.32,3.32
9/11/2024 11:55,September,2.31,2.31
9/11/2024 12:00,September,2.97,2.97
9/11/2024 12:05,September,2.31,2.31
9/11/2024 12:10,September,3.14,3.15
9/11/2024 12:15,September,3.06,3.06
9/11/2024 12:20,September,3.15,3.16
9/11/2024 12:25,September,3.32,3.32
9/11/2024 12:30,September,3.16,3.16
9/11/2024 12:35,September,3.15,3.16
9/11/2024 12:40,September,3.42,3.43
9/11/2024 12:45,September,3.42,3.43
9/11/2024 12:50,September,3.43,3.43
9/11/2024 12:55,September,3.16,3.16
9/11/2024 13:00,September,3.46,3.46
9/11/2024 13:05,September,4.57,4.58
9/11/2024 13:10,September,12.92,12.92
9/11/2024 13:15,September,8.6,8.6
9/11/2024 13:20,September,5.83,5.83
9/11/2024 13:25,September,5.25,5.25
9/11/2024 13:30,September,4.45,4.45
9/11/2024 13:35,September,4.45,4.45
9/11/2024 13:40,September,3.57,3.57
9/11/2024 13:45,September,4.05,4.05
9/11/2024 13:50,September,3.57,3.57
9/11/2024 13:55,September,3.57,3.57
9/11/2024 14:00,September,3.57,3.57
9/11/2024 14:05,September,2.9,2.9
9/11/2024 14:10,September,3.58,3.57
9/11/2024 14:15,September,4.57,4.57
9/11/2024 14:20,September,2.9,2.9
9/11/2024 14:25,September,5.23,5.24
9/11/2024 14:30,September,4.24,4.25
9/11/2024 14:35,September,4.24,4.25
9/11/2024 14:40,September,5.58,5.58
9/11/2024 14:45,September,4.46,4.46
9/11/2024 14:50,September,5.23,5.24
9/11/2024 14:55,September,5.59,5.59
9/11/2024 15:00,September,4.25,4.25
9/11/2024 15:05,September,6.3,6.31
9/11/2024 15:10,September,5.24,5.24
9/11/2024 15:15,September,5.59,5.59
9/11/2024 15:20,September,4.47,4.46
9/11/2024 15:25,September,7.62,7.61
9/11/2024 15:30,September,5.62,5.61
9/11/2024 15:35,September,5.63,5.62
9/11/2024 15:40,September,5.28,5.27
9/11/2024 15:45,September,4.39,4.39
9/11/2024 15:50,September,5.19,5.18
9/11/2024 15:55,September,5.19,5.18
9/11/2024 16:00,September,3.6,3.59
9/11/2024 16:05,September,4.39,4.38
9/11/2024 16:10,September,4.39,4.38
9/11/2024 16:15,September,3.76,3.75
9/11/2024 16:20,September,3.61,3.6
9/11/2024 16:25,September,4.49,4.47
9/11/2024 16:30,September,3.76,3.75
9/11/2024 16:35,September,4.34,4.32
9/11/2024 16:40,September,4.38,4.36
9/11/2024 16:45,September,4.34,4.32
9/11/2024 16:50,September,3.75,3.73
9/11/2024 16:55,September,4.34,4.32
9/11/2024 17:00,September,2.78,2.77
9/11/2024 17:05,September,3.63,3.61
9/11/2024 17:10,September,2.34,2.33
9/11/2024 17:15,September,3.62,3.6
9/11/2024 17:20,September,4.18,4.15
9/11/2024 17:25,September,3.63,3.61
9/11/2024 17:30,September,3.63,3.61
9/11/2024 17:35,September,3.74,3.72
9/11/2024 17:40,September,4.18,4.15
9/11/2024 17:45,September,4.18,4.16
9/11/2024 17:50,September,5.34,5.31
9/11/2024 17:55,September,4.19,4.17
9/11/2024 18:00,September,5.69,5.66
9/11/2024 18:05,September,4.34,4.32
9/11/2024 18:10,September,4.19,4.17
9/11/2024 18:15,September,4.51,4.49
9/11/2024 18:20,September,5.9,5.87
9/11/2024 18:25,September,5.72,5.69
9/11/2024 18:30,September,5.9,5.87
9/11/2024 18:35,September,5.9,5.87
9/11/2024 18:40,September,6.52,6.48
9/11/2024 18:45,September,5.72,5.69
9/11/2024 18:50,September,5.35,5.32
9/11/2024 18:55,September,5.23,5.21
9/11/2024 19:00,September,4.51,4.49
9/11/2024 19:05,September,5.88,5.85
9/11/2024 19:10,September,3.92,3.9
9/11/2024 19:15,September,5.32,5.29
9/11/2024 19:20,September,5.12,5.1
9/11/2024 19:25,September,5.13,5.1
9/11/2024 19:30,September,4.42,4.4
9/11/2024 19:35,September,4.42,4.39
9/11/2024 19:40,September,4.4,4.38
9/11/2024 19:45,September,4.41,4.39
9/11/2024 19:50,September,4.41,4.39
9/11/2024 19:55,September,4.4,4.38
9/11/2024 20:00,September,4.4,4.38
9/11/2024 20:05,September,12.65,12.58
9/11/2024 20:10,September,5.7,5.67
9/11/2024 20:15,September,5.31,5.28
9/11/2024 20:20,September,5.3,5.28
9/11/2024 20:25,September,5.3,5.28
9/11/2024 20:30,September,5.15,5.13
9/11/2024 20:35,September,5.29,5.27
9/11/2024 20:40,September,5.23,5.21
9/11/2024 20:45,September,5.15,5.12
9/11/2024 20:50,September,4.51,4.49
9/11/2024 20:55,September,3.92,3.9
9/11/2024 21:00,September,3.63,3.61
9/11/2024 21:05,September,29.61,29.46
9/11/2024 21:10,September,23.94,23.81
9/11/2024 21:15,September,20.47,20.36
9/11/2024 21:20,September,5.92,5.89
9/11/2024 21:25,September,5.72,5.69
9/11/2024 21:30,September,5.72,5.69
9/11/2024 21:35,September,5.34,5.32
9/11/2024 21:40,September,3.63,3.62
9/11/2024 21:45,September,5.03,5.01
9/11/2024 21:50,September,5.04,5.01
9/11/2024 21:55,September,3.93,3.91
9/11/2024 22:00,September,3.63,3.61
9/11/2024 22:05,September,12.63,12.58
9/11/2024 22:10,September,5.71,5.68
9/11/2024 22:15,September,5.33,5.31
9/11/2024 22:20,September,5.34,5.32
9/11/2024 22:25,September,3.63,3.62
9/11/2024 22:30,September,3.69,3.67
9/11/2024 22:35,September,3.78,3.76
9/11/2024 22:40,September,3.63,3.62
9/11/2024 22:45,September,3.63,3.62
9/11/2024 22:50,September,3.64,3.62
9/11/2024 22:55,September,3.64,3.62
9/11/2024 23:00,September,3.63,3.61
9/11/2024 23:05,September,5.7,5.68
9/11/2024 23:10,September,3.63,3.62
9/11/2024 23:15,September,3.63,3.62
9/11/2024 23:20,September,2.96,2.94
9/11/2024 23:25,September,3.64,3.61
9/11/2024 23:30,September,2.96,2.94
9/11/2024 23:35,September,2.96,2.94
9/11/2024 23:40,September,3.34,3.32
9/11/2024 23:45,September,3.34,3.32
9/11/2024 23:50,September,3.34,3.32
9/11/2024 23:55,September,2.67,2.66
9/12/2024 0:00,September,3.3,3.28
9/12/2024 0:05,September,3.55,3.53
9/12/2024 0:10,September,3.18,3.16
9/12/2024 0:15,September,3.34,3.32
9/12/2024 0:20,September,3.01,2.99
9/12/2024 0:25,September,3.3,3.28
9/12/2024 0:30,September,3.3,3.28
9/12/2024 0:35,September,3.3,3.27
9/12/2024 0:40,September,3.02,3
9/12/2024 0:45,September,3.52,3.49
9/12/2024 0:50,September,3.31,3.29
9/12/2024 0:55,September,3.01,2.99
9/12/2024 1:00,September,2.98,2.96
9/12/2024 1:05,September,3.11,3.09
9/12/2024 1:10,September,3.12,3.1
9/12/2024 1:15,September,3.11,3.09
9/12/2024 1:20,September,2.98,2.96
9/12/2024 1:25,September,3.11,3.09
9/12/2024 1:30,September,2.98,2.96
9/12/2024 1:35,September,2.98,2.96
9/12/2024 1:40,September,2.95,2.93
9/12/2024 1:45,September,2.98,2.96
9/12/2024 1:50,September,2.98,2.96
9/12/2024 1:55,September,2.58,2.56
9/12/2024 2:00,September,2.67,2.65
9/12/2024 2:05,September,2.9,2.89
9/12/2024 2:10,September,2.91,2.89
9/12/2024 2:15,September,2.91,2.89
9/12/2024 2:20,September,2.91,2.89
9/12/2024 2:25,September,2.85,2.84
9/12/2024 2:30,September,2.85,2.83
9/12/2024 2:35,September,2.78,2.77
9/12/2024 2:40,September,2.38,2.37
9/12/2024 2:45,September,2.66,2.65
9/12/2024 2:50,September,2.66,2.65
9/12/2024 2:55,September,2.7,2.69
9/12/2024 3:00,September,2.42,2.4
9/12/2024 3:05,September,2.68,2.66
9/12/2024 3:10,September,2.66,2.65
9/12/2024 3:15,September,2.66,2.65
9/12/2024 3:20,September,2.66,2.64
9/12/2024 3:25,September,2.65,2.64
9/12/2024 3:30,September,2.67,2.66
9/12/2024 3:35,September,2.66,2.64
9/12/2024 3:40,September,2.66,2.64
9/12/2024 3:45,September,2.66,2.65
9/12/2024 3:50,September,2.66,2.65
9/12/2024 3:55,September,2.66,2.65
9/12/2024 4:00,September,2.66,2.65
9/12/2024 4:05,September,2.84,2.83
9/12/2024 4:10,September,2.95,2.93
9/12/2024 4:15,September,2.92,2.9
9/12/2024 4:20,September,2.93,2.92
9/12/2024 4:25,September,2.93,2.92
9/12/2024 4:30,September,2.92,2.91
9/12/2024 4:35,September,2.93,2.92
9/12/2024 4:40,September,2.96,2.95
9/12/2024 4:45,September,2.93,2.92
9/12/2024 4:50,September,2.93,2.92
9/12/2024 4:55,September,2.96,2.95
9/12/2024 5:00,September,2.91,2.9
9/12/2024 5:05,September,1.57,1.56
9/12/2024 5:10,September,2.51,2.5
9/12/2024 5:15,September,2.91,2.9
9/12/2024 5:20,September,2.94,2.92
9/12/2024 5:25,September,2.96,2.95
9/12/2024 5:30,September,3.34,3.32
9/12/2024 5:35,September,3.25,3.22
9/12/2024 5:40,September,3.24,3.22
9/12/2024 5:45,September,2.97,2.95
9/12/2024 5:50,September,2.97,2.95
9/12/2024 5:55,September,3.1,3.08
9/12/2024 6:00,September,2.95,2.93
9/12/2024 6:05,September,1.52,1.51
9/12/2024 6:10,September,1.54,1.53
9/12/2024 6:15,September,1.56,1.55
9/12/2024 6:20,September,2.33,2.32
9/12/2024 6:25,September,2.33,2.32
9/12/2024 6:30,September,2.33,2.32
9/12/2024 6:35,September,2.33,2.32
9/12/2024 6:40,September,2.51,2.5
9/12/2024 6:45,September,2.33,2.32
9/12/2024 6:50,September,2.42,2.41
9/12/2024 6:55,September,2.52,2.51
9/12/2024 7:00,September,2.8,2.79
9/12/2024 7:05,September,1.52,1.51
9/12/2024 7:10,September,1.53,1.52
9/12/2024 7:15,September,2.33,2.32
9/12/2024 7:20,September,2.71,2.7
9/12/2024 7:25,September,2.71,2.71
9/12/2024 7:30,September,2.71,2.71
9/12/2024 7:35,September,2.94,2.94
9/12/2024 7:40,September,2.97,2.96
9/12/2024 7:45,September,2.98,2.97
9/12/2024 7:50,September,3.09,3.08
9/12/2024 7:55,September,3.19,3.18
9/12/2024 8:00,September,3.84,3.83
9/12/2024 8:05,September,1.55,1.54
9/12/2024 8:10,September,2.95,2.93
9/12/2024 8:15,September,2.81,2.79
9/12/2024 8:20,September,2.92,2.92
9/12/2024 8:25,September,2.98,2.97
9/12/2024 8:30,September,2.93,2.93
9/12/2024 8:35,September,3.19,3.18
9/12/2024 8:40,September,3.08,3.08
9/12/2024 8:45,September,3.05,3.05
9/12/2024 8:50,September,3.03,3.02
9/12/2024 8:55,September,2.98,2.98
9/12/2024 9:00,September,3.2,3.2
9/12/2024 9:05,September,2.65,2.65
9/12/2024 9:10,September,2.98,2.98
9/12/2024 9:15,September,3.12,3.11
9/12/2024 9:20,September,3.11,3.11
9/12/2024 9:25,September,3.14,3.15
9/12/2024 9:30,September,3.43,3.43
9/12/2024 9:35,September,3.52,3.52
9/12/2024 9:40,September,3.59,3.59
9/12/2024 9:45,September,3.43,3.44
9/12/2024 9:50,September,3.43,3.44
9/12/2024 9:55,September,3.62,3.63
9/12/2024 10:00,September,3.27,3.28
9/12/2024 10:05,September,2.06,2.07
9/12/2024 10:10,September,3.12,3.13
9/12/2024 10:15,September,3.26,3.27
9/12/2024 10:20,September,3.42,3.44
9/12/2024 10:25,September,3.43,3.44
9/12/2024 10:30,September,3.43,3.44
9/12/2024 10:35,September,3.43,3.44
9/12/2024 10:40,September,3.44,3.44
9/12/2024 10:45,September,3.14,3.14
9/12/2024 10:50,September,3.13,3.14
9/12/2024 10:55,September,3.43,3.43
9/12/2024 11:00,September,3.14,3.15
9/12/2024 11:05,September,3.14,3.14
9/12/2024 11:10,September,3.31,3.32
9/12/2024 11:15,September,3.15,3.15
9/12/2024 11:20,September,3.15,3.15
9/12/2024 11:25,September,2.65,2.65
9/12/2024 11:30,September,3.12,3.12
9/12/2024 11:35,September,2.64,2.65
9/12/2024 11:40,September,3.58,3.59
9/12/2024 11:45,September,3.14,3.15
9/12/2024 11:50,September,3.15,3.15
9/12/2024 11:55,September,2.7,2.7
9/12/2024 12:00,September,2.31,2.31
9/12/2024 12:05,September,3.12,3.12
9/12/2024 12:10,September,3.12,3.12
9/12/2024 12:15,September,3.14,3.15
9/12/2024 12:20,September,3.14,3.15
9/12/2024 12:25,September,3.15,3.15
9/12/2024 12:30,September,3.15,3.15
9/12/2024 12:35,September,3.05,3.05
9/12/2024 12:40,September,2.81,2.81
9/12/2024 12:45,September,3.11,3.11
9/12/2024 12:50,September,3.31,3.31
9/12/2024 12:55,September,3.12,3.12
9/12/2024 13:00,September,3.63,3.63
9/12/2024 13:05,September,3.14,3.15
9/12/2024 13:10,September,5.22,5.24
9/12/2024 13:15,September,4.56,4.57
9/12/2024 13:20,September,3.63,3.64
9/12/2024 13:25,September,5.6,5.62
9/12/2024 13:30,September,4.89,4.9
9/12/2024 13:35,September,3.95,3.95
9/12/2024 13:40,September,3.55,3.54
9/12/2024 13:45,September,3.71,3.71
9/12/2024 13:50,September,3.7,3.7
9/12/2024 13:55,September,3.58,3.57
9/12/2024 14:00,September,3.58,3.57
9/12/2024 14:05,September,4.26,4.25
9/12/2024 14:10,September,4.59,4.58
9/12/2024 14:15,September,3.66,3.65
9/12/2024 14:20,September,3.6,3.59
9/12/2024 14:25,September,3.66,3.65
9/12/2024 14:30,September,3.67,3.66
9/12/2024 14:35,September,3.95,3.94
9/12/2024 14:40,September,5.67,5.65
9/12/2024 14:45,September,4.27,4.26
9/12/2024 14:50,September,4.28,4.26
9/12/2024 14:55,September,4.28,4.26
9/12/2024 15:00,September,3.74,3.73
9/12/2024 15:05,September,3.98,3.97
9/12/2024 15:10,September,3.62,3.6
9/12/2024 15:15,September,3.76,3.74
9/12/2024 15:20,September,3.97,3.95
9/12/2024 15:25,September,4.6,4.58
9/12/2024 15:30,September,3.98,3.97
9/12/2024 15:35,September,3.51,3.5
9/12/2024 15:40,September,3.97,3.96
9/12/2024 15:45,September,3.97,3.95
9/12/2024 15:50,September,3.97,3.95
9/12/2024 15:55,September,3.98,3.96
9/12/2024 16:00,September,3.97,3.95
9/12/2024 16:05,September,3.97,3.95
9/12/2024 16:10,September,3.97,3.95
9/12/2024 16:15,September,3.62,3.6
9/12/2024 16:20,September,3.62,3.6
9/12/2024 16:25,September,3.77,3.75
9/12/2024 16:30,September,3.63,3.61
9/12/2024 16:35,September,3.62,3.6
9/12/2024 16:40,September,3.62,3.6
9/12/2024 16:45,September,3.6,3.6
9/12/2024 16:50,September,3.6,3.6
9/12/2024 16:55,September,3.26,3.25
9/12/2024 17:00,September,3.26,3.25
9/12/2024 17:05,September,1.95,1.95
9/12/2024 17:10,September,2.33,2.33
9/12/2024 17:15,September,2.66,2.65
9/12/2024 17:20,September,2.94,2.93
9/12/2024 17:25,September,2.79,2.78
9/12/2024 17:30,September,2.94,2.92
9/12/2024 17:35,September,2.94,2.93
9/12/2024 17:40,September,3.47,3.45
9/12/2024 17:45,September,2.98,2.96
9/12/2024 17:50,September,4.27,4.25
9/12/2024 17:55,September,3.69,3.67
9/12/2024 18:00,September,4.06,4.03
9/12/2024 18:05,September,3.63,3.61
9/12/2024 18:10,September,4.07,4.05
9/12/2024 18:15,September,5.7,5.67
9/12/2024 18:20,September,5.33,5.3
9/12/2024 18:25,September,5.7,5.67
9/12/2024 18:30,September,5.34,5.31
9/12/2024 18:35,September,4.29,4.26
9/12/2024 18:40,September,4.29,4.27
9/12/2024 18:45,September,4.59,4.57
9/12/2024 18:50,September,3.63,3.61
9/12/2024 18:55,September,2.95,2.93
9/12/2024 19:00,September,2.95,2.93
9/12/2024 19:05,September,4.28,4.25
9/12/2024 19:10,September,3.63,3.61
9/12/2024 19:15,September,3.63,3.61
9/12/2024 19:20,September,3.63,3.61
9/12/2024 19:25,September,3.64,3.61
9/12/2024 19:30,September,3.64,3.61
9/12/2024 19:35,September,3.5,3.48
9/12/2024 19:40,September,3.46,3.44
9/12/2024 19:45,September,3.53,3.51
9/12/2024 19:50,September,3.53,3.5
9/12/2024 19:55,September,3.53,3.5
9/12/2024 20:00,September,3.36,3.34
9/12/2024 20:05,September,5.32,5.29
9/12/2024 20:10,September,4.28,4.25
9/12/2024 20:15,September,3.68,3.66
9/12/2024 20:20,September,3.64,3.62
9/12/2024 20:25,September,3.64,3.61
9/12/2024 20:30,September,3.64,3.61
9/12/2024 20:35,September,3.63,3.61
9/12/2024 20:40,September,3.53,3.51
9/12/2024 20:45,September,3.36,3.34
9/12/2024 20:50,September,3.53,3.51
9/12/2024 20:55,September,2.99,2.97
9/12/2024 21:00,September,2.99,2.97
9/12/2024 21:05,September,4.28,4.25
9/12/2024 21:10,September,3.33,3.31
9/12/2024 21:15,September,3.51,3.49
9/12/2024 21:20,September,3.52,3.49
9/12/2024 21:25,September,3.54,3.51
9/12/2024 21:30,September,3.37,3.34
9/12/2024 21:35,September,3.32,3.3
9/12/2024 21:40,September,3,2.98
9/12/2024 21:45,September,3,2.98
9/12/2024 21:50,September,2.97,2.95
9/12/2024 21:55,September,2.97,2.95
9/12/2024 22:00,September,2.76,2.74
9/12/2024 22:05,September,21.77,21.63
9/12/2024 22:10,September,5.31,5.28
9/12/2024 22:15,September,4.07,4.04
9/12/2024 22:20,September,3.64,3.62
9/12/2024 22:25,September,3.64,3.62
9/12/2024 22:30,September,1.53,1.52
9/12/2024 22:35,September,3.53,3.51
9/12/2024 22:40,September,3.36,3.33
9/12/2024 22:45,September,3.32,3.3
9/12/2024 22:50,September,2.99,2.97
9/12/2024 22:55,September,2.99,2.97
9/12/2024 23:00,September,2.95,2.93
9/12/2024 23:05,September,2.99,2.97
9/12/2024 23:10,September,2.98,2.96
9/12/2024 23:15,September,2.98,2.96
9/12/2024 23:20,September,2.95,2.93
9/12/2024 23:25,September,2.73,2.71
9/12/2024 23:30,September,2.34,2.33
9/12/2024 23:35,September,2.34,2.33
9/12/2024 23:40,September,2.34,2.33
9/12/2024 23:45,September,2.34,2.33
9/12/2024 23:50,September,2.34,2.33
9/12/2024 23:55,September,1.77,1.77
9/13/2024 0:00,September,1.77,1.76
9/13/2024 0:05,September,3.85,3.83
9/13/2024 0:10,September,3.35,3.33
9/13/2024 0:15,September,3.52,3.49
9/13/2024 0:20,September,3.31,3.29
9/13/2024 0:25,September,2.94,2.92
9/13/2024 0:30,September,3.26,3.24
9/13/2024 0:35,September,2.67,2.65
9/13/2024 0:40,September,2.73,2.71
9/13/2024 0:45,September,3.25,3.23
9/13/2024 0:50,September,2.67,2.65
9/13/2024 0:55,September,2.71,2.69
9/13/2024 1:00,September,2.66,2.65
9/13/2024 1:05,September,4.06,4.03
9/13/2024 1:10,September,3.5,3.48
9/13/2024 1:15,September,2.73,2.71
9/13/2024 1:20,September,3.35,3.33
9/13/2024 1:25,September,2.96,2.94
9/13/2024 1:30,September,2.96,2.94
9/13/2024 1:35,September,2.96,2.94
9/13/2024 1:40,September,2.66,2.65
9/13/2024 1:45,September,2.66,2.65
9/13/2024 1:50,September,2.66,2.65
9/13/2024 1:55,September,2.58,2.56
9/13/2024 2:00,September,2.66,2.64
9/13/2024 2:05,September,3,2.98
9/13/2024 2:10,September,2.73,2.72
9/13/2024 2:15,September,2.66,2.65
9/13/2024 2:20,September,2.67,2.66
9/13/2024 2:25,September,1.18,1.17
9/13/2024 2:30,September,1.19,1.18
9/13/2024 2:35,September,1.19,1.18
9/13/2024 2:40,September,1.2,1.19
9/13/2024 2:45,September,2.33,2.32
9/13/2024 2:50,September,2.71,2.7
9/13/2024 2:55,September,2.65,2.64
9/13/2024 3:00,September,2.65,2.64
9/13/2024 3:05,September,3.45,3.44
9/13/2024 3:10,September,3.08,3.06
9/13/2024 3:15,September,2.7,2.69
9/13/2024 3:20,September,1.15,1.15
9/13/2024 3:25,September,1.18,1.17
9/13/2024 3:30,September,2.22,2.21
9/13/2024 3:35,September,2.33,2.32
9/13/2024 3:40,September,2.65,2.64
9/13/2024 3:45,September,2.33,2.32
9/13/2024 3:50,September,2.65,2.64
9/13/2024 3:55,September,2.65,2.64
9/13/2024 4:00,September,2.65,2.64
9/13/2024 4:05,September,11.66,11.62
9/13/2024 4:10,September,5.32,5.3
9/13/2024 4:15,September,3.56,3.54
9/13/2024 4:20,September,4.05,4.03
9/13/2024 4:25,September,3.49,3.47
9/13/2024 4:30,September,3.49,3.47
9/13/2024 4:35,September,3.66,3.64
9/13/2024 4:40,September,3.49,3.47
9/13/2024 4:45,September,3.49,3.47
9/13/2024 4:50,September,3.56,3.54
9/13/2024 4:55,September,3.46,3.45
9/13/2024 5:00,September,3.46,3.45
9/13/2024 5:05,September,1.24,1.23
9/13/2024 5:10,September,2.66,2.65
9/13/2024 5:15,September,3.48,3.46
9/13/2024 5:20,September,3.48,3.46
9/13/2024 5:25,September,3.48,3.46
9/13/2024 5:30,September,3.48,3.46
9/13/2024 5:35,September,3.48,3.46
9/13/2024 5:40,September,3.48,3.46
9/13/2024 5:45,September,3.48,3.46
9/13/2024 5:50,September,3.47,3.45
9/13/2024 5:55,September,3.48,3.46
9/13/2024 6:00,September,3.47,3.45
9/13/2024 6:05,September,1.18,1.17
9/13/2024 6:10,September,1.19,1.18
9/13/2024 6:15,September,1.24,1.23
9/13/2024 6:20,September,2.33,2.32
9/13/2024 6:25,September,2.33,2.32
9/13/2024 6:30,September,2.33,2.32
9/13/2024 6:35,September,2.33,2.32
9/13/2024 6:40,September,1.24,1.23
9/13/2024 6:45,September,1.19,1.19
9/13/2024 6:50,September,2.33,2.32
9/13/2024 6:55,September,2.33,2.32
9/13/2024 7:00,September,2.64,2.63
9/13/2024 7:05,September,1.17,1.17
9/13/2024 7:10,September,1.24,1.24
9/13/2024 7:15,September,2.64,2.63
9/13/2024 7:20,September,2.72,2.71
9/13/2024 7:25,September,2.94,2.93
9/13/2024 7:30,September,3.34,3.33
9/13/2024 7:35,September,3.34,3.33
9/13/2024 7:40,September,3.33,3.32
9/13/2024 7:45,September,3.33,3.32
9/13/2024 7:50,September,3.33,3.32
9/13/2024 7:55,September,3.45,3.44
9/13/2024 8:00,September,3.44,3.43
9/13/2024 8:05,September,1.78,1.77
9/13/2024 8:10,September,2.65,2.64
9/13/2024 8:15,September,2.65,2.64
9/13/2024 8:20,September,2.76,2.75
9/13/2024 8:25,September,3.21,3.2
9/13/2024 8:30,September,2.92,2.91
9/13/2024 8:35,September,2.92,2.91
9/13/2024 8:40,September,2.66,2.65
9/13/2024 8:45,September,2.66,2.65
9/13/2024 8:50,September,2.91,2.91
9/13/2024 8:55,September,3.05,3.04
9/13/2024 9:00,September,3.44,3.43
9/13/2024 9:05,September,2.76,2.76
9/13/2024 9:10,September,2.9,2.9
9/13/2024 9:15,September,2.9,2.9
9/13/2024 9:20,September,3.53,3.53
9/13/2024 9:25,September,3.43,3.43
9/13/2024 9:30,September,3.43,3.43
9/13/2024 9:35,September,3.44,3.44
9/13/2024 9:40,September,3.6,3.61
9/13/2024 9:45,September,3.6,3.6
9/13/2024 9:50,September,5.23,5.23
9/13/2024 9:55,September,3.82,3.83
9/13/2024 10:00,September,3.54,3.54
9/13/2024 10:05,September,1.88,1.88
9/13/2024 10:10,September,2.83,2.83
9/13/2024 10:15,September,3.44,3.44
9/13/2024 10:20,September,5.24,5.24
9/13/2024 10:25,September,3.64,3.64
9/13/2024 10:30,September,3.83,3.83
9/13/2024 10:35,September,3.63,3.63
9/13/2024 10:40,September,3.55,3.55
9/13/2024 10:45,September,3.46,3.46
9/13/2024 10:50,September,3.32,3.32
9/13/2024 10:55,September,3.44,3.44
9/13/2024 11:00,September,2.77,2.78
9/13/2024 11:05,September,3.44,3.44
9/13/2024 11:10,September,1.9,1.91
9/13/2024 11:15,September,2.78,2.78
9/13/2024 11:20,September,2.78,2.78
9/13/2024 11:25,September,2.65,2.65
9/13/2024 11:30,September,2.65,2.65
9/13/2024 11:35,September,2.6,2.6
9/13/2024 11:40,September,2.75,2.76
9/13/2024 11:45,September,3.53,3.53
9/13/2024 11:50,September,2.77,2.77
9/13/2024 11:55,September,1.86,1.86
9/13/2024 12:00,September,2.65,2.65
9/13/2024 12:05,September,2.31,2.32
9/13/2024 12:10,September,2.31,2.32
9/13/2024 12:15,September,2.76,2.76
9/13/2024 12:20,September,2.74,2.74
9/13/2024 12:25,September,2.32,2.32
9/13/2024 12:30,September,2.65,2.65
9/13/2024 12:35,September,2.65,2.65
9/13/2024 12:40,September,2.9,2.9
9/13/2024 12:45,September,2.82,2.82
9/13/2024 12:50,September,2.9,2.9
9/13/2024 12:55,September,2.92,2.91
9/13/2024 13:00,September,3.55,3.54
9/13/2024 13:05,September,3.62,3.62
9/13/2024 13:10,September,3.45,3.44
9/13/2024 13:15,September,5.64,5.63
9/13/2024 13:20,September,3.85,3.85
9/13/2024 13:25,September,3.67,3.66
9/13/2024 13:30,September,3.85,3.85
9/13/2024 13:35,September,1.72,1.72
9/13/2024 13:40,September,2.66,2.65
9/13/2024 13:45,September,2.88,2.87
9/13/2024 13:50,September,3.2,3.2
9/13/2024 13:55,September,3.46,3.45
9/13/2024 14:00,September,3.46,3.45
9/13/2024 14:05,September,3.31,3.3
9/13/2024 14:10,September,3.87,3.86
9/13/2024 14:15,September,3.87,3.86
9/13/2024 14:20,September,3.88,3.86
9/13/2024 14:25,September,3.88,3.86
9/13/2024 14:30,September,3.3,3.29
9/13/2024 14:35,September,3.76,3.75
9/13/2024 14:40,September,3.86,3.84
9/13/2024 14:45,September,5.31,5.29
9/13/2024 14:50,September,3.84,3.82
9/13/2024 14:55,September,2.94,2.92
9/13/2024 15:00,September,3.34,3.32
9/13/2024 15:05,September,3.68,3.67
9/13/2024 15:10,September,3.52,3.5
9/13/2024 15:15,September,3.33,3.31
9/13/2024 15:20,September,3.67,3.66
9/13/2024 15:25,September,3.68,3.67
9/13/2024 15:30,September,3.68,3.66
9/13/2024 15:35,September,3.52,3.51
9/13/2024 15:40,September,3.68,3.67
9/13/2024 15:45,September,3.68,3.67
9/13/2024 15:50,September,2.66,2.65
9/13/2024 15:55,September,3.68,3.67
9/13/2024 16:00,September,2.94,2.93
9/13/2024 16:05,September,3.69,3.67
9/13/2024 16:10,September,3.33,3.32
9/13/2024 16:15,September,3.52,3.5
9/13/2024 16:20,September,3.35,3.33
9/13/2024 16:25,September,3.52,3.5
9/13/2024 16:30,September,2.95,2.94
9/13/2024 16:35,September,3.31,3.29
9/13/2024 16:40,September,2.95,2.94
9/13/2024 16:45,September,3.35,3.33
9/13/2024 16:50,September,3.29,3.27
9/13/2024 16:55,September,2.74,2.73
9/13/2024 17:00,September,1.24,1.23
9/13/2024 17:05,September,1.59,1.58
9/13/2024 17:10,September,1.58,1.57
9/13/2024 17:15,September,2.33,2.32
9/13/2024 17:20,September,2.33,2.32
9/13/2024 17:25,September,2.83,2.81
9/13/2024 17:30,September,2.67,2.66
9/13/2024 17:35,September,2.95,2.93
9/13/2024 17:40,September,2.95,2.93
9/13/2024 17:45,September,2.95,2.93
9/13/2024 17:50,September,3.46,3.44
9/13/2024 17:55,September,5.34,5.31
9/13/2024 18:00,September,3.69,3.66
9/13/2024 18:05,September,3.46,3.44
9/13/2024 18:10,September,3.51,3.49
9/13/2024 18:15,September,3.69,3.67
9/13/2024 18:20,September,5.69,5.66
9/13/2024 18:25,September,5.33,5.3
9/13/2024 18:30,September,3.85,3.83
9/13/2024 18:35,September,3.68,3.66
9/13/2024 18:40,September,3.68,3.66
9/13/2024 18:45,September,3.57,3.56
9/13/2024 18:50,September,3.57,3.55
9/13/2024 18:55,September,3.37,3.35
9/13/2024 19:00,September,3.36,3.34
9/13/2024 19:05,September,3.04,3.01
9/13/2024 19:10,September,2.84,2.82
9/13/2024 19:15,September,3.35,3.33
9/13/2024 19:20,September,3.33,3.3
9/13/2024 19:25,September,2.82,2.8
9/13/2024 19:30,September,2.95,2.93
9/13/2024 19:35,September,2.91,2.89
9/13/2024 19:40,September,3.49,3.46
9/13/2024 19:45,September,3.3,3.27
9/13/2024 19:50,September,3.29,3.27
9/13/2024 19:55,September,3.35,3.32
9/13/2024 20:00,September,2.97,2.94
9/13/2024 20:05,September,26.3,26.1
9/13/2024 20:10,September,5.34,5.3
9/13/2024 20:15,September,5.33,5.3
9/13/2024 20:20,September,3.91,3.88
9/13/2024 20:25,September,3.92,3.88
9/13/2024 20:30,September,3.66,3.63
9/13/2024 20:35,September,3.75,3.72
9/13/2024 20:40,September,3.75,3.72
9/13/2024 20:45,September,3.8,3.77
9/13/2024 20:50,September,3.66,3.63
9/13/2024 20:55,September,3.5,3.47
9/13/2024 21:00,September,3.35,3.32
9/13/2024 21:05,September,13.78,13.68
9/13/2024 21:10,September,5.36,5.32
9/13/2024 21:15,September,4.61,4.57
9/13/2024 21:20,September,3.93,3.9
9/13/2024 21:25,September,4.46,4.42
9/13/2024 21:30,September,42.16,41.88
9/13/2024 21:35,September,31.96,31.74
9/13/2024 21:40,September,13.86,13.76
9/13/2024 21:45,September,4.57,4.54
9/13/2024 21:50,September,4.6,4.56
9/13/2024 21:55,September,3.42,3.39
9/13/2024 22:00,September,2.9,2.88
9/13/2024 22:05,September,5.32,5.29
9/13/2024 22:10,September,3.13,3.11
9/13/2024 22:15,September,3.19,3.17
9/13/2024 22:20,September,3.36,3.34
9/13/2024 22:25,September,3.37,3.35
9/13/2024 22:30,September,3.06,3.05
9/13/2024 22:35,September,2.95,2.94
9/13/2024 22:40,September,2.95,2.94
9/13/2024 22:45,September,2.95,2.94
9/13/2024 22:50,September,2.67,2.66
9/13/2024 22:55,September,1.19,1.19
9/13/2024 23:00,September,2.34,2.33
9/13/2024 23:05,September,3.58,3.56
9/13/2024 23:10,September,4.57,4.54
9/13/2024 23:15,September,3.9,3.88
9/13/2024 23:20,September,3.66,3.64
9/13/2024 23:25,September,3.5,3.48
9/13/2024 23:30,September,3.45,3.42
9/13/2024 23:35,September,2.57,2.55
9/13/2024 23:40,September,2.95,2.93
9/13/2024 23:45,September,3.33,3.31
9/13/2024 23:50,September,2.83,2.81
9/13/2024 23:55,September,2.96,2.94
9/14/2024 0:00,September,2.45,2.44
9/14/2024 0:05,September,12.9,12.82
9/14/2024 0:10,September,5.32,5.29
9/14/2024 0:15,September,3.81,3.79
9/14/2024 0:20,September,3.65,3.63
9/14/2024 0:25,September,3.4,3.38
9/14/2024 0:30,September,3.43,3.41
9/14/2024 0:35,September,3.42,3.39
9/14/2024 0:40,September,3.36,3.34
9/14/2024 0:45,September,3.49,3.47
9/14/2024 0:50,September,3.49,3.46
9/14/2024 0:55,September,3.48,3.46
9/14/2024 1:00,September,3.48,3.46
9/14/2024 1:05,September,3.49,3.46
9/14/2024 1:10,September,3.49,3.46
9/14/2024 1:15,September,3.49,3.47
9/14/2024 1:20,September,3.49,3.47
9/14/2024 1:25,September,3.58,3.55
9/14/2024 1:30,September,3.73,3.7
9/14/2024 1:35,September,3.6,3.57
9/14/2024 1:40,September,3.5,3.47
9/14/2024 1:45,September,3.5,3.47
9/14/2024 1:50,September,3.5,3.47
9/14/2024 1:55,September,3.5,3.47
9/14/2024 2:00,September,3.5,3.47
9/14/2024 2:05,September,3.5,3.47
9/14/2024 2:10,September,3.49,3.47
9/14/2024 2:15,September,3.49,3.47
9/14/2024 2:20,September,3.41,3.39
9/14/2024 2:25,September,3.49,3.47
9/14/2024 2:30,September,3.49,3.47
9/14/2024 2:35,September,3.43,3.4
9/14/2024 2:40,September,3.4,3.38
9/14/2024 2:45,September,3.42,3.39
9/14/2024 2:50,September,3.49,3.46
9/14/2024 2:55,September,3.39,3.37
9/14/2024 3:00,September,3.48,3.46
9/14/2024 3:05,September,3.28,3.26
9/14/2024 3:10,September,3.28,3.26
9/14/2024 3:15,September,2.94,2.92
9/14/2024 3:20,September,3.01,2.99
9/14/2024 3:25,September,3.27,3.26
9/14/2024 3:30,September,3.27,3.25
9/14/2024 3:35,September,3.27,3.25
9/14/2024 3:40,September,3.27,3.25
9/14/2024 3:45,September,2.94,2.92
9/14/2024 3:50,September,2.79,2.78
9/14/2024 3:55,September,2.71,2.69
9/14/2024 4:00,September,2.77,2.75
9/14/2024 4:05,September,2.58,2.56
9/14/2024 4:10,September,2.65,2.64
9/14/2024 4:15,September,2.65,2.64
9/14/2024 4:20,September,2.64,2.62
9/14/2024 4:25,September,2.65,2.63
9/14/2024 4:30,September,2.65,2.63
9/14/2024 4:35,September,2.73,2.71
9/14/2024 4:40,September,2.65,2.64
9/14/2024 4:45,September,2.65,2.63
9/14/2024 4:50,September,2.64,2.62
9/14/2024 4:55,September,2.64,2.62
9/14/2024 5:00,September,2.64,2.62
9/14/2024 5:05,September,1.17,1.16
9/14/2024 5:10,September,1.18,1.17
9/14/2024 5:15,September,1.19,1.18
9/14/2024 5:20,September,1.19,1.19
9/14/2024 5:25,September,2.01,2
9/14/2024 5:30,September,2.39,2.37
9/14/2024 5:35,September,2.38,2.37
9/14/2024 5:40,September,2.74,2.72
9/14/2024 5:45,September,2.39,2.38
9/14/2024 5:50,September,2.56,2.55
9/14/2024 5:55,September,2.57,2.56
9/14/2024 6:00,September,2.39,2.38
9/14/2024 6:05,September,1.27,1.27
9/14/2024 6:10,September,1.54,1.53
9/14/2024 6:15,September,1.86,1.85
9/14/2024 6:20,September,1.85,1.85
9/14/2024 6:25,September,1.97,1.96
9/14/2024 6:30,September,2.38,2.37
9/14/2024 6:35,September,2.95,2.94
9/14/2024 6:40,September,2.95,2.94
9/14/2024 6:45,September,2.63,2.62
9/14/2024 6:50,September,2.63,2.62
9/14/2024 6:55,September,2.63,2.62
9/14/2024 7:00,September,2.94,2.93
9/14/2024 7:05,September,1.27,1.27
9/14/2024 7:10,September,1.29,1.29
9/14/2024 7:15,September,2.38,2.37
9/14/2024 7:20,September,2.38,2.37
9/14/2024 7:25,September,2.38,2.37
9/14/2024 7:30,September,2.38,2.37
9/14/2024 7:35,September,2.38,2.37
9/14/2024 7:40,September,2.37,2.37
9/14/2024 7:45,September,2.68,2.68
9/14/2024 7:50,September,2.62,2.62
9/14/2024 7:55,September,2.92,2.92
9/14/2024 8:00,September,3.82,3.82
9/14/2024 8:05,September,1.22,1.22
9/14/2024 8:10,September,1.24,1.24
9/14/2024 8:15,September,1.24,1.24
9/14/2024 8:20,September,1.24,1.24
9/14/2024 8:25,September,1.63,1.63
9/14/2024 8:30,September,2.91,2.91
9/14/2024 8:35,September,2.37,2.37
9/14/2024 8:40,September,2.9,2.91
9/14/2024 8:45,September,2.62,2.62
9/14/2024 8:50,September,2.62,2.62
9/14/2024 8:55,September,2.62,2.62
9/14/2024 9:00,September,2.9,2.9
9/14/2024 9:05,September,1.16,1.16
9/14/2024 9:10,September,1.16,1.16
9/14/2024 9:15,September,1.17,1.17
9/14/2024 9:20,September,1.18,1.18
9/14/2024 9:25,September,1.78,1.79
9/14/2024 9:30,September,2.07,2.08
9/14/2024 9:35,September,1.77,1.78
9/14/2024 9:40,September,2.35,2.37
9/14/2024 9:45,September,2,2.01
9/14/2024 9:50,September,2,2.01
9/14/2024 9:55,September,2.61,2.62
9/14/2024 10:00,September,2.89,2.89
9/14/2024 10:05,September,1.3,1.3
9/14/2024 10:10,September,1.3,1.3
9/14/2024 10:15,September,1.68,1.69
9/14/2024 10:20,September,1.8,1.81
9/14/2024 10:25,September,2.35,2.36
9/14/2024 10:30,September,2.35,2.36
9/14/2024 10:35,September,2.61,2.62
9/14/2024 10:40,September,1.81,1.82
9/14/2024 10:45,September,1.68,1.68
9/14/2024 10:50,September,1.7,1.71
9/14/2024 10:55,September,1.8,1.81
9/14/2024 11:00,September,1.8,1.81
9/14/2024 11:05,September,1.86,1.86
9/14/2024 11:10,September,2.89,2.9
9/14/2024 11:15,September,2.62,2.63
9/14/2024 11:20,September,2.62,2.63
9/14/2024 11:25,September,2.36,2.37
9/14/2024 11:30,September,2.36,2.37
9/14/2024 11:35,September,1.81,1.82
9/14/2024 11:40,September,2.89,2.9
9/14/2024 11:45,September,1.69,1.69
9/14/2024 11:50,September,1.68,1.69
9/14/2024 11:55,September,1.57,1.57
9/14/2024 12:00,September,1.65,1.65
9/14/2024 12:05,September,1.25,1.25
9/14/2024 12:10,September,1.81,1.81
9/14/2024 12:15,September,2.35,2.36
9/14/2024 12:20,September,2.81,2.82
9/14/2024 12:25,September,3.12,3.12
9/14/2024 12:30,September,2.67,2.67
9/14/2024 12:35,September,2.9,2.9
9/14/2024 12:40,September,2.8,2.81
9/14/2024 12:45,September,2.62,2.63
9/14/2024 12:50,September,2.65,2.65
9/14/2024 12:55,September,2.37,2.37
9/14/2024 13:00,September,2.37,2.37
9/14/2024 13:05,September,1.81,1.81
9/14/2024 13:10,September,2.37,2.37
9/14/2024 13:15,September,2.9,2.9
9/14/2024 13:20,September,2.65,2.65
9/14/2024 13:25,September,2.91,2.9
9/14/2024 13:30,September,2.91,2.91
9/14/2024 13:35,September,3.2,3.2
9/14/2024 13:40,September,3.43,3.43
9/14/2024 13:45,September,3.23,3.23
9/14/2024 13:50,September,2.91,2.91
9/14/2024 13:55,September,2.91,2.91
9/14/2024 14:00,September,2.8,2.8
9/14/2024 14:05,September,2.91,2.91
9/14/2024 14:10,September,2.81,2.81
9/14/2024 14:15,September,2.92,2.92
9/14/2024 14:20,September,2.84,2.84
9/14/2024 14:25,September,2.84,2.83
9/14/2024 14:30,September,2.56,2.56
9/14/2024 14:35,September,3.16,3.15
9/14/2024 14:40,September,2.92,2.92
9/14/2024 14:45,September,2.92,2.91
9/14/2024 14:50,September,2.93,2.92
9/14/2024 14:55,September,2.92,2.91
9/14/2024 15:00,September,2.92,2.91
9/14/2024 15:05,September,1.8,1.79
9/14/2024 15:10,September,1.81,1.8
9/14/2024 15:15,September,2.5,2.49
9/14/2024 15:20,September,2.83,2.82
9/14/2024 15:25,September,2.56,2.55
9/14/2024 15:30,September,2.83,2.82
9/14/2024 15:35,September,2.56,2.55
9/14/2024 15:40,September,2.56,2.55
9/14/2024 15:45,September,2.93,2.92
9/14/2024 15:50,September,2.93,2.92
9/14/2024 15:55,September,2.79,2.78
9/14/2024 16:00,September,2.53,2.52
9/14/2024 16:05,September,2.84,2.83
9/14/2024 16:10,September,2.57,2.56
9/14/2024 16:15,September,2.76,2.75
9/14/2024 16:20,September,2.82,2.81
9/14/2024 16:25,September,2.83,2.82
9/14/2024 16:30,September,2.53,2.52
9/14/2024 16:35,September,2.53,2.52
9/14/2024 16:40,September,1.81,1.81
9/14/2024 16:45,September,2.27,2.26
9/14/2024 16:50,September,2.39,2.38
9/14/2024 16:55,September,2.38,2.38
9/14/2024 17:00,September,2.39,2.38
9/14/2024 17:05,September,2.39,2.38
9/14/2024 17:10,September,1.81,1.8
9/14/2024 17:15,September,1.57,1.56
9/14/2024 17:20,September,1.81,1.8
9/14/2024 17:25,September,2.39,2.38
9/14/2024 17:30,September,2.64,2.63
9/14/2024 17:35,September,2.64,2.63
9/14/2024 17:40,September,2.64,2.63
9/14/2024 17:45,September,2.94,2.93
9/14/2024 17:50,September,2.94,2.92
9/14/2024 17:55,September,3.14,3.12
9/14/2024 18:00,September,3.14,3.12
9/14/2024 18:05,September,2.95,2.93
9/14/2024 18:10,September,3.47,3.45
9/14/2024 18:15,September,3.47,3.45
9/14/2024 18:20,September,3.5,3.48
9/14/2024 18:25,September,3.51,3.48
9/14/2024 18:30,September,3.36,3.34
9/14/2024 18:35,September,3.19,3.17
9/14/2024 18:40,September,3.73,3.7
9/14/2024 18:45,September,3.56,3.53
9/14/2024 18:50,September,3.28,3.26
9/14/2024 18:55,September,2.95,2.93
9/14/2024 19:00,September,2.96,2.94
9/14/2024 19:05,September,3.31,3.29
9/14/2024 19:10,September,3.14,3.12
9/14/2024 19:15,September,2.96,2.94
9/14/2024 19:20,September,3.12,3.1
9/14/2024 19:25,September,3.15,3.13
9/14/2024 19:30,September,2.95,2.93
9/14/2024 19:35,September,2.96,2.94
9/14/2024 19:40,September,2.52,2.5
9/14/2024 19:45,September,2.82,2.8
9/14/2024 19:50,September,2.4,2.38
9/14/2024 19:55,September,2.4,2.38
9/14/2024 20:00,September,2.66,2.64
9/14/2024 20:05,September,3.71,3.69
9/14/2024 20:10,September,3.56,3.53
9/14/2024 20:15,September,3.28,3.26
9/14/2024 20:20,September,3.16,3.14
9/14/2024 20:25,September,2.96,2.94
9/14/2024 20:30,September,3.24,3.21
9/14/2024 20:35,September,3.7,3.67
9/14/2024 20:40,September,11.89,11.78
9/14/2024 20:45,September,5.73,5.67
9/14/2024 20:50,September,4.25,4.21
9/14/2024 20:55,September,3.72,3.68
9/14/2024 21:00,September,3.54,3.5
9/14/2024 21:05,September,4.03,3.98
9/14/2024 21:10,September,4.03,3.98
9/14/2024 21:15,September,4.03,3.99
9/14/2024 21:20,September,3.61,3.57
9/14/2024 21:25,September,3.39,3.35
9/14/2024 21:30,September,3.85,3.81
9/14/2024 21:35,September,3.73,3.68
9/14/2024 21:40,September,3.73,3.69
9/14/2024 21:45,September,3.61,3.57
9/14/2024 21:50,September,3.36,3.32
9/14/2024 21:55,September,3,2.97
9/14/2024 22:00,September,2.98,2.95
9/14/2024 22:05,September,5.4,5.35
9/14/2024 22:10,September,3.83,3.79
9/14/2024 22:15,September,3.83,3.79
9/14/2024 22:20,September,3.73,3.69
9/14/2024 22:25,September,3.73,3.69
9/14/2024 22:30,September,3.83,3.79
9/14/2024 22:35,September,3.61,3.57
9/14/2024 22:40,September,3.72,3.68
9/14/2024 22:45,September,3.05,3.02
9/14/2024 22:50,September,2.98,2.95
9/14/2024 22:55,September,2.67,2.64
9/14/2024 23:00,September,2.59,2.56
9/14/2024 23:05,September,3.83,3.79
9/14/2024 23:10,September,3.35,3.31
9/14/2024 23:15,September,2.98,2.95
9/14/2024 23:20,September,2.87,2.84
9/14/2024 23:25,September,2.67,2.64
9/14/2024 23:30,September,2.67,2.64
9/14/2024 23:35,September,2.41,2.38
9/14/2024 23:40,September,2.52,2.49
9/14/2024 23:45,September,2.41,2.38
9/14/2024 23:50,September,2.4,2.38
9/14/2024 23:55,September,2.41,2.38
9/15/2024 0:00,September,2.4,2.38
9/15/2024 0:05,September,2.93,2.9
9/15/2024 0:10,September,2.98,2.95
9/15/2024 0:15,September,3.3,3.26
9/15/2024 0:20,September,3.11,3.07
9/15/2024 0:25,September,3.52,3.48
9/15/2024 0:30,September,3.34,3.3
9/15/2024 0:35,September,2.98,2.94
9/15/2024 0:40,September,3.3,3.26
9/15/2024 0:45,September,2.54,2.51
9/15/2024 0:50,September,3.29,3.26
9/15/2024 0:55,September,2.98,2.94
9/15/2024 1:00,September,2.67,2.64
9/15/2024 1:05,September,2.68,2.65
9/15/2024 1:10,September,2.97,2.94
9/15/2024 1:15,September,3.01,2.98
9/15/2024 1:20,September,3.51,3.48
9/15/2024 1:25,September,3.51,3.48
9/15/2024 1:30,September,3.51,3.48
9/15/2024 1:35,September,3.51,3.48
9/15/2024 1:40,September,3.51,3.48
9/15/2024 1:45,September,3.59,3.55
9/15/2024 1:50,September,3.51,3.48
9/15/2024 1:55,September,3.51,3.48
9/15/2024 2:00,September,3.51,3.48
9/15/2024 2:05,September,3.51,3.48
9/15/2024 2:10,September,3.58,3.55
9/15/2024 2:15,September,3.51,3.48
9/15/2024 2:20,September,3.51,3.48
9/15/2024 2:25,September,3.83,3.79
9/15/2024 2:30,September,3.71,3.68
9/15/2024 2:35,September,3.71,3.68
9/15/2024 2:40,September,3.71,3.68
9/15/2024 2:45,September,3.71,3.67
9/15/2024 2:50,September,2.97,2.94
9/15/2024 2:55,September,3.59,3.56
9/15/2024 3:00,September,2.97,2.94
9/15/2024 3:05,September,2.97,2.94
9/15/2024 3:10,September,2.97,2.94
9/15/2024 3:15,September,2.97,2.94
9/15/2024 3:20,September,3.58,3.55
9/15/2024 3:25,September,2.97,2.94
9/15/2024 3:30,September,2.67,2.65
9/15/2024 3:35,September,2.97,2.94
9/15/2024 3:40,September,2.39,2.38
9/15/2024 3:45,September,2.66,2.64
9/15/2024 3:50,September,2.53,2.51
9/15/2024 3:55,September,2.66,2.64
9/15/2024 4:00,September,2.97,2.94
9/15/2024 4:05,September,2.66,2.64
9/15/2024 4:10,September,2.66,2.64
9/15/2024 4:15,September,3.09,3.07
9/15/2024 4:20,September,3.09,3.07
9/15/2024 4:25,September,3.09,3.07
9/15/2024 4:30,September,2.96,2.94
9/15/2024 4:35,September,2.66,2.64
9/15/2024 4:40,September,2.66,2.64
9/15/2024 4:45,September,2.39,2.38
9/15/2024 4:50,September,2.66,2.64
9/15/2024 4:55,September,2.39,2.38
9/15/2024 5:00,September,2.39,2.38
9/15/2024 5:05,September,2.37,2.37
9/15/2024 5:10,September,2.6,2.6
9/15/2024 5:15,September,2.72,2.72
9/15/2024 5:20,September,2.6,2.6
9/15/2024 5:25,September,2.6,2.6
9/15/2024 5:30,September,2.37,2.37
9/15/2024 5:35,September,2.6,2.6
9/15/2024 5:40,September,1.44,1.44
9/15/2024 5:45,September,1.41,1.41
9/15/2024 5:50,September,1.41,1.41
9/15/2024 5:55,September,1.41,1.41
9/15/2024 6:00,September,1.41,1.41
9/15/2024 6:05,September,1.1,1.1
9/15/2024 6:10,September,1.1,1.1
9/15/2024 6:15,September,1.1,1.1
9/15/2024 6:20,September,1.1,1.1
9/15/2024 6:25,September,1.1,1.1
9/15/2024 6:30,September,1.06,1.06
9/15/2024 6:35,September,1.09,1.09
9/15/2024 6:40,September,1.09,1.09
9/15/2024 6:45,September,1.1,1.1
9/15/2024 6:50,September,1.09,1.09
9/15/2024 6:55,September,1.06,1.06
9/15/2024 7:00,September,1.1,1.1
9/15/2024 7:05,September,1.06,1.06
9/15/2024 7:10,September,1.06,1.06
9/15/2024 7:15,September,1.06,1.06
9/15/2024 7:20,September,1.06,1.06
9/15/2024 7:25,September,1.09,1.09
9/15/2024 7:30,September,1.05,1.05
9/15/2024 7:35,September,1,1
9/15/2024 7:40,September,0.99,0.99
9/15/2024 7:45,September,1,1
9/15/2024 7:50,September,0.8,0.8
9/15/2024 7:55,September,0.85,0.85
9/15/2024 8:00,September,1.19,1.19
9/15/2024 8:05,September,0.79,0.79
9/15/2024 8:10,September,0.8,0.8
9/15/2024 8:15,September,0.79,0.79
9/15/2024 8:20,September,0.79,0.79
9/15/2024 8:25,September,0.76,0.76
9/15/2024 8:30,September,0.75,0.75
9/15/2024 8:35,September,0.75,0.75
9/15/2024 8:40,September,0.79,0.79
9/15/2024 8:45,September,0.79,0.79
9/15/2024 8:50,September,0.79,0.79
9/15/2024 8:55,September,0.85,0.85
9/15/2024 9:00,September,0.86,0.86
9/15/2024 9:05,September,0.86,0.86
9/15/2024 9:10,September,1.74,1.74
9/15/2024 9:15,September,1.77,1.77
9/15/2024 9:20,September,1.11,1.11
9/15/2024 9:25,September,1.84,1.84
9/15/2024 9:30,September,2.37,2.37
9/15/2024 9:35,September,1.9,1.9
9/15/2024 9:40,September,2.37,2.37
9/15/2024 9:45,September,2.37,2.37
9/15/2024 9:50,September,1.9,1.9
9/15/2024 9:55,September,2.37,2.37
9/15/2024 10:00,September,1.9,1.9
9/15/2024 10:05,September,1.77,1.77
9/15/2024 10:10,September,1.8,1.8
9/15/2024 10:15,September,1.77,1.77
9/15/2024 10:20,September,1.77,1.77
9/15/2024 10:25,September,1.77,1.77
9/15/2024 10:30,September,1.9,1.9
9/15/2024 10:35,September,1.9,1.9
9/15/2024 10:40,September,2.37,2.37
9/15/2024 10:45,September,2.37,2.37
9/15/2024 10:50,September,1.75,1.75
9/15/2024 10:55,September,2.37,2.37
9/15/2024 11:00,September,1.77,1.77
9/15/2024 11:05,September,1.77,1.77
9/15/2024 11:10,September,1.8,1.8
9/15/2024 11:15,September,1.9,1.9
9/15/2024 11:20,September,1.8,1.8
9/15/2024 11:25,September,1.8,1.8
9/15/2024 11:30,September,1.8,1.8
9/15/2024 11:35,September,1.77,1.77
9/15/2024 11:40,September,1.49,1.49
9/15/2024 11:45,September,1.77,1.77
9/15/2024 11:50,September,1.77,1.77
9/15/2024 11:55,September,1.8,1.8
9/15/2024 12:00,September,1.9,1.9
9/15/2024 12:05,September,1.95,1.95
9/15/2024 12:10,September,2.36,2.36
9/15/2024 12:15,September,1.9,1.9
9/15/2024 12:20,September,2.47,2.47
9/15/2024 12:25,September,1.9,1.9
9/15/2024 12:30,September,1.87,1.87
9/15/2024 12:35,September,2.37,2.37
9/15/2024 12:40,September,1.95,1.95
9/15/2024 12:45,September,2.37,2.37
9/15/2024 12:50,September,2.37,2.37
9/15/2024 12:55,September,1.9,1.9
9/15/2024 13:00,September,1.9,1.9
9/15/2024 13:05,September,2.36,2.36
9/15/2024 13:10,September,2.37,2.37
9/15/2024 13:15,September,2.8,2.8
9/15/2024 13:20,September,2.75,2.75
9/15/2024 13:25,September,2.37,2.37
9/15/2024 13:30,September,2.37,2.37
9/15/2024 13:35,September,2.75,2.75
9/15/2024 13:40,September,2.37,2.37
9/15/2024 13:45,September,2.85,2.85
9/15/2024 13:50,September,2.37,2.37
9/15/2024 13:55,September,1.95,1.95
9/15/2024 14:00,September,2.37,2.37
9/15/2024 14:05,September,3.39,3.39
9/15/2024 14:10,September,3.05,3.05
9/15/2024 14:15,September,2.99,2.99
9/15/2024 14:20,September,3.31,3.31
9/15/2024 14:25,September,3.02,3.02
9/15/2024 14:30,September,2.85,2.85
9/15/2024 14:35,September,2.47,2.47
9/15/2024 14:40,September,2.99,2.99
9/15/2024 14:45,September,3.31,3.31
9/15/2024 14:50,September,3.31,3.31
9/15/2024 14:55,September,3.12,3.12
9/15/2024 15:00,September,3.12,3.12
9/15/2024 15:05,September,3.31,3.31
9/15/2024 15:10,September,3.4,3.4
9/15/2024 15:15,September,3.85,3.85
9/15/2024 15:20,September,5.58,5.58
9/15/2024 15:25,September,3.36,3.36
9/15/2024 15:30,September,3.39,3.39
9/15/2024 15:35,September,3.39,3.39
9/15/2024 15:40,September,3.25,3.25
9/15/2024 15:45,September,3.02,3.02
9/15/2024 15:50,September,3.4,3.4
9/15/2024 15:55,September,3.31,3.31
9/15/2024 16:00,September,3.12,3.12
9/15/2024 16:05,September,3.39,3.39
9/15/2024 16:10,September,2.99,2.99
9/15/2024 16:15,September,3.05,3.05
9/15/2024 16:20,September,2.99,2.99
9/15/2024 16:25,September,3,3
9/15/2024 16:30,September,3.25,3.25
9/15/2024 16:35,September,3.05,3.05
9/15/2024 16:40,September,3.13,3.13
9/15/2024 16:45,September,3.36,3.36
9/15/2024 16:50,September,3.4,3.4
9/15/2024 16:55,September,3.12,3.12
9/15/2024 17:00,September,3.84,3.84
9/15/2024 17:05,September,3.39,3.39
9/15/2024 17:10,September,3.02,3.02
9/15/2024 17:15,September,3.31,3.31
9/15/2024 17:20,September,3.39,3.39
9/15/2024 17:25,September,3.84,3.84
9/15/2024 17:30,September,3.56,3.56
9/15/2024 17:35,September,3.85,3.85
9/15/2024 17:40,September,3.85,3.85
9/15/2024 17:45,September,3.84,3.84
9/15/2024 17:50,September,4.04,4.04
9/15/2024 17:55,September,5.8,5.8
9/15/2024 18:00,September,5.8,5.8
9/15/2024 18:05,September,5.8,5.8
9/15/2024 18:10,September,5.8,5.8
9/15/2024 18:15,September,5.59,5.59
9/15/2024 18:20,September,14.26,14.26
9/15/2024 18:25,September,15.28,15.28
9/15/2024 18:30,September,13.07,13.07
9/15/2024 18:35,September,21.3,21.19
9/15/2024 18:40,September,18.51,18.4
9/15/2024 18:45,September,14,13.92
9/15/2024 18:50,September,5.39,5.36
9/15/2024 18:55,September,5.15,5.12
9/15/2024 19:00,September,3,2.98
9/15/2024 19:05,September,3.85,3.82
9/15/2024 19:10,September,3.84,3.81
9/15/2024 19:15,September,3.69,3.66
9/15/2024 19:20,September,4.26,4.23
9/15/2024 19:25,September,4.27,4.24
9/15/2024 19:30,September,4.27,4.24
9/15/2024 19:35,September,4.27,4.24
9/15/2024 19:40,September,4.62,4.59
9/15/2024 19:45,September,3.86,3.83
9/15/2024 19:50,September,3.86,3.83
9/15/2024 19:55,September,4.07,4.04
9/15/2024 20:00,September,3.68,3.65
9/15/2024 20:05,September,3.68,3.65
9/15/2024 20:10,September,3.68,3.65
9/15/2024 20:15,September,3.82,3.78
9/15/2024 20:20,September,3.81,3.78
9/15/2024 20:25,September,3.81,3.78
9/15/2024 20:30,September,4.27,4.23
9/15/2024 20:35,September,3.83,3.8
9/15/2024 20:40,September,3.85,3.81
9/15/2024 20:45,September,3.72,3.69
9/15/2024 20:50,September,3.68,3.65
9/15/2024 20:55,September,3.68,3.65
9/15/2024 21:00,September,3,2.97
9/15/2024 21:05,September,3.53,3.5
9/15/2024 21:10,September,3.53,3.5
9/15/2024 21:15,September,3.53,3.5
9/15/2024 21:20,September,3.69,3.65
9/15/2024 21:25,September,3.69,3.65
9/15/2024 21:30,September,3.53,3.5
9/15/2024 21:35,September,3.53,3.5
9/15/2024 21:40,September,3.6,3.57
9/15/2024 21:45,September,3.69,3.65
9/15/2024 21:50,September,3.6,3.57
9/15/2024 21:55,September,3.34,3.31
9/15/2024 22:00,September,3.16,3.13
9/15/2024 22:05,September,3.84,3.8
9/15/2024 22:10,September,3.69,3.65
9/15/2024 22:15,September,3.69,3.65
9/15/2024 22:20,September,3.16,3.13
9/15/2024 22:25,September,3.53,3.5
9/15/2024 22:30,September,3.84,3.8
9/15/2024 22:35,September,3.69,3.65
9/15/2024 22:40,September,3.69,3.65
9/15/2024 22:45,September,3.69,3.65
9/15/2024 22:50,September,3.3,3.27
9/15/2024 22:55,September,3.13,3.1
9/15/2024 23:00,September,3.03,3
9/15/2024 23:05,September,2.98,2.96
9/15/2024 23:10,September,2.96,2.94
9/15/2024 23:15,September,2.58,2.57
9/15/2024 23:20,September,2.66,2.64
9/15/2024 23:25,September,2.4,2.38
9/15/2024 23:30,September,2.58,2.56
9/15/2024 23:35,September,2.65,2.64
9/15/2024 23:40,September,2.52,2.51
9/15/2024 23:45,September,2.65,2.64
9/15/2024 23:50,September,2.39,2.38
9/15/2024 23:55,September,2.39,2.38
9/16/2024 0:00,September,2.39,2.38
9/16/2024 0:05,September,5.34,5.31
9/16/2024 0:10,September,3.51,3.49
9/16/2024 0:15,September,3.02,3
9/16/2024 0:20,September,2.97,2.95
9/16/2024 0:25,September,2.96,2.94
9/16/2024 0:30,September,2.77,2.75
9/16/2024 0:35,September,2.65,2.64
9/16/2024 0:40,September,2.65,2.64
9/16/2024 0:45,September,2.75,2.73
9/16/2024 0:50,September,2.96,2.94
9/16/2024 0:55,September,2.96,2.94
9/16/2024 1:00,September,2.39,2.38
9/16/2024 1:05,September,2.96,2.94
9/16/2024 1:10,September,3.56,3.54
9/16/2024 1:15,September,2.96,2.94
9/16/2024 1:20,September,3.56,3.55
9/16/2024 1:25,September,3.49,3.48
9/16/2024 1:30,September,3.49,3.48
9/16/2024 1:35,September,3.56,3.54
9/16/2024 1:40,September,3.49,3.48
9/16/2024 1:45,September,3.49,3.48
9/16/2024 1:50,September,3.49,3.47
9/16/2024 1:55,September,3.49,3.47
9/16/2024 2:00,September,3.49,3.47
9/16/2024 2:05,September,4.4,4.38
9/16/2024 2:10,September,3.65,3.64
9/16/2024 2:15,September,3.59,3.58
9/16/2024 2:20,September,3.59,3.58
9/16/2024 2:25,September,3.49,3.47
9/16/2024 2:30,September,3.48,3.47
9/16/2024 2:35,September,2.64,2.63
9/16/2024 2:40,September,2.37,2.37
9/16/2024 2:45,September,2.38,2.37
9/16/2024 2:50,September,2.38,2.37
9/16/2024 2:55,September,3.48,3.47
9/16/2024 3:00,September,2.64,2.63
9/16/2024 3:05,September,2.38,2.37
9/16/2024 3:10,September,2.38,2.37
9/16/2024 3:15,September,2.63,2.63
9/16/2024 3:20,September,1.96,1.95
9/16/2024 3:25,September,2.38,2.37
9/16/2024 3:30,September,2.38,2.37
9/16/2024 3:35,September,2.38,2.38
9/16/2024 3:40,September,2.58,2.57
9/16/2024 3:45,September,2.38,2.38
9/16/2024 3:50,September,2.38,2.38
9/16/2024 3:55,September,2.38,2.38
9/16/2024 4:00,September,2.38,2.38
9/16/2024 4:05,September,2.58,2.57
9/16/2024 4:10,September,2.63,2.62
9/16/2024 4:15,September,2.63,2.62
9/16/2024 4:20,September,2.63,2.62
9/16/2024 4:25,September,2.73,2.72
9/16/2024 4:30,September,2.63,2.62
9/16/2024 4:35,September,2.94,2.93
9/16/2024 4:40,September,2.74,2.73
9/16/2024 4:45,September,2.75,2.74
9/16/2024 4:50,September,2.65,2.63
9/16/2024 4:55,September,2.73,2.71
9/16/2024 5:00,September,2.65,2.63
9/16/2024 5:05,September,1.78,1.77
9/16/2024 5:10,September,2.65,2.63
9/16/2024 5:15,September,2.95,2.93
9/16/2024 5:20,September,3.19,3.16
9/16/2024 5:25,September,3.08,3.06
9/16/2024 5:30,September,3.07,3.04
9/16/2024 5:35,September,3.09,3.07
9/16/2024 5:40,September,2.95,2.93
9/16/2024 5:45,September,2.95,2.93
9/16/2024 5:50,September,2.39,2.38
9/16/2024 5:55,September,2.65,2.63
9/16/2024 6:00,September,2.65,2.63
9/16/2024 6:05,September,1.87,1.86
9/16/2024 6:10,September,2.39,2.38
9/16/2024 6:15,September,2.65,2.63
9/16/2024 6:20,September,2.13,2.12
9/16/2024 6:25,September,2.39,2.38
9/16/2024 6:30,September,2.39,2.38
9/16/2024 6:35,September,2.39,2.38
9/16/2024 6:40,September,2.39,2.38
9/16/2024 6:45,September,1.93,1.92
9/16/2024 6:50,September,2.07,2.06
9/16/2024 6:55,September,2.59,2.58
9/16/2024 7:00,September,1.92,1.92
9/16/2024 7:05,September,1.12,1.11
9/16/2024 7:10,September,1.82,1.81
9/16/2024 7:15,September,2.38,2.37
9/16/2024 7:20,September,2.79,2.78
9/16/2024 7:25,September,3.02,3.02
9/16/2024 7:30,September,2.98,2.97
9/16/2024 7:35,September,3.46,3.45
9/16/2024 7:40,September,3.72,3.71
9/16/2024 7:45,September,3.46,3.45
9/16/2024 7:50,September,3.46,3.44
9/16/2024 7:55,September,3.63,3.62
9/16/2024 8:00,September,3.73,3.72
9/16/2024 8:05,September,2.64,2.63
9/16/2024 8:10,September,3.33,3.31
9/16/2024 8:15,September,3.22,3.2
9/16/2024 8:20,September,3.4,3.39
9/16/2024 8:25,September,3.44,3.43
9/16/2024 8:30,September,3.44,3.43
9/16/2024 8:35,September,3.44,3.43
9/16/2024 8:40,September,3.5,3.49
9/16/2024 8:45,September,3.44,3.43
9/16/2024 8:50,September,3.82,3.81
9/16/2024 8:55,September,3.64,3.63
9/16/2024 9:00,September,3.64,3.63
9/16/2024 9:05,September,2.49,2.48
9/16/2024 9:10,September,3.51,3.5
9/16/2024 9:15,September,3.19,3.18
9/16/2024 9:20,September,3.74,3.73
9/16/2024 9:25,September,4.67,4.66
9/16/2024 9:30,September,3.63,3.63
9/16/2024 9:35,September,5.26,5.25
9/16/2024 9:40,September,3.92,3.92
9/16/2024 9:45,September,3.82,3.81
9/16/2024 9:50,September,3.79,3.78
9/16/2024 9:55,September,5.26,5.25
9/16/2024 10:00,September,5.67,5.67
9/16/2024 10:05,September,3.14,3.14
9/16/2024 10:10,September,3.92,3.92
9/16/2024 10:15,September,3.84,3.84
9/16/2024 10:20,September,4.68,4.68
9/16/2024 10:25,September,4.03,4.03
9/16/2024 10:30,September,3.92,3.92
9/16/2024 10:35,September,3.84,3.85
9/16/2024 10:40,September,5.27,5.27
9/16/2024 10:45,September,3.85,3.85
9/16/2024 10:50,September,3.85,3.85
9/16/2024 10:55,September,3.06,3.06
9/16/2024 11:00,September,3.32,3.32
9/16/2024 11:05,September,3.01,3.01
9/16/2024 11:10,September,3.45,3.45
9/16/2024 11:15,September,3.71,3.71
9/16/2024 11:20,September,3.82,3.82
9/16/2024 11:25,September,3.73,3.73
9/16/2024 11:30,September,3.64,3.64
9/16/2024 11:35,September,3.69,3.69
9/16/2024 11:40,September,3.64,3.64
9/16/2024 11:45,September,3.45,3.45
9/16/2024 11:50,September,3.32,3.32
9/16/2024 11:55,September,3.32,3.31
9/16/2024 12:00,September,3.32,3.31
9/16/2024 12:05,September,3.41,3.41
9/16/2024 12:10,September,3.43,3.42
9/16/2024 12:15,September,3.78,3.77
9/16/2024 12:20,September,3.43,3.42
9/16/2024 12:25,September,3.46,3.45
9/16/2024 12:30,September,3.83,3.83
9/16/2024 12:35,September,3.86,3.85
9/16/2024 12:40,September,3.82,3.81
9/16/2024 12:45,September,3.82,3.83
9/16/2024 12:50,September,5.26,5.26
9/16/2024 12:55,September,3.02,3.02
9/16/2024 13:00,September,3.83,3.83
9/16/2024 13:05,September,3.83,3.83
9/16/2024 13:10,September,5.26,5.26
9/16/2024 13:15,September,8.46,8.46
9/16/2024 13:20,September,8.64,8.63
9/16/2024 13:25,September,5.26,5.27
9/16/2024 13:30,September,4.71,4.7
9/16/2024 13:35,September,4.71,4.7
9/16/2024 13:40,September,5.26,5.25
9/16/2024 13:45,September,4.06,4.06
9/16/2024 13:50,September,5.26,5.26
9/16/2024 13:55,September,4.71,4.71
9/16/2024 14:00,September,4.71,4.71
9/16/2024 14:05,September,4.71,4.71
9/16/2024 14:10,September,5.25,5.26
9/16/2024 14:15,September,4.08,4.08
9/16/2024 14:20,September,8.64,8.64
9/16/2024 14:25,September,4.72,4.71
9/16/2024 14:30,September,4.08,4.08
9/16/2024 14:35,September,5.29,5.27
9/16/2024 14:40,September,4.73,4.72
9/16/2024 14:45,September,4.3,4.29
9/16/2024 14:50,September,4.3,4.29
9/16/2024 14:55,September,3.85,3.85
9/16/2024 15:00,September,3.47,3.46
9/16/2024 15:05,September,3.82,3.81
9/16/2024 15:10,September,3.71,3.7
9/16/2024 15:15,September,4.07,4.05
9/16/2024 15:20,September,4.08,4.07
9/16/2024 15:25,September,4.07,4.06
9/16/2024 15:30,September,4.08,4.07
9/16/2024 15:35,September,3.48,3.47
9/16/2024 15:40,September,3.9,3.89
9/16/2024 15:45,September,4.07,4.06
9/16/2024 15:50,September,4.07,4.06
9/16/2024 15:55,September,3.88,3.87
9/16/2024 16:00,September,3.85,3.83
9/16/2024 16:05,September,3.85,3.83
9/16/2024 16:10,September,3.88,3.86
9/16/2024 16:15,September,3.87,3.86
9/16/2024 16:20,September,3.83,3.82
9/16/2024 16:25,September,3.87,3.85
9/16/2024 16:30,September,3.83,3.82
9/16/2024 16:35,September,3.86,3.85
9/16/2024 16:40,September,3.85,3.83
9/16/2024 16:45,September,3.86,3.84
9/16/2024 16:50,September,3.87,3.85
9/16/2024 16:55,September,3.49,3.47
9/16/2024 17:00,September,3.88,3.87
9/16/2024 17:05,September,3.49,3.48
9/16/2024 17:10,September,3.37,3.36
9/16/2024 17:15,September,3.47,3.46
9/16/2024 17:20,September,3.49,3.48
9/16/2024 17:25,September,3.49,3.47
9/16/2024 17:30,September,3.84,3.83
9/16/2024 17:35,September,3.79,3.77
9/16/2024 17:40,September,5.34,5.32
9/16/2024 17:45,September,4.75,4.73
9/16/2024 17:50,September,5.76,5.74
9/16/2024 17:55,September,5.77,5.75
9/16/2024 18:00,September,5.79,5.77
9/16/2024 18:05,September,13.17,13.12
9/16/2024 18:10,September,19.02,18.96
9/16/2024 18:15,September,19.03,18.97
9/16/2024 18:20,September,13.99,13.95
9/16/2024 18:25,September,13.17,13.13
9/16/2024 18:30,September,8.78,8.75
9/16/2024 18:35,September,5.86,5.85
9/16/2024 18:40,September,3.5,3.49
9/16/2024 18:45,September,5.4,5.38
9/16/2024 18:50,September,8.65,8.62
9/16/2024 18:55,September,5.4,5.39
9/16/2024 19:00,September,5.39,5.38
9/16/2024 19:05,September,5.87,5.86
9/16/2024 19:10,September,5.39,5.38
9/16/2024 19:15,September,5.39,5.38
9/16/2024 19:20,September,5.13,5.12
9/16/2024 19:25,September,5.38,5.37
9/16/2024 19:30,September,5.13,5.12
9/16/2024 19:35,September,4.79,4.78
9/16/2024 19:40,September,4.74,4.73
9/16/2024 19:45,September,4.79,4.78
9/16/2024 19:50,September,4.79,4.78
9/16/2024 19:55,September,4.79,4.78
9/16/2024 20:00,September,4.74,4.73
9/16/2024 20:05,September,5.81,5.8
9/16/2024 20:10,September,5.34,5.33
9/16/2024 20:15,September,4.79,4.78
9/16/2024 20:20,September,4.79,4.78
9/16/2024 20:25,September,4.76,4.75
9/16/2024 20:30,September,4.74,4.73
9/16/2024 20:35,September,3.51,3.51
9/16/2024 20:40,September,4.79,4.78
9/16/2024 20:45,September,4.74,4.73
9/16/2024 20:50,September,3.88,3.87
9/16/2024 20:55,September,3.52,3.51
9/16/2024 21:00,September,3.4,3.39
9/16/2024 21:05,September,28.88,28.82
9/16/2024 21:10,September,7.89,7.87
9/16/2024 21:15,September,5.77,5.76
9/16/2024 21:20,September,5.34,5.33
9/16/2024 21:25,September,5.17,5.16
9/16/2024 21:30,September,4.8,4.79
9/16/2024 21:35,September,3.92,3.91
9/16/2024 21:40,September,3.11,3.1
9/16/2024 21:45,September,3.37,3.36
9/16/2024 21:50,September,3.51,3.5
9/16/2024 21:55,September,3.51,3.5
9/16/2024 22:00,September,3.32,3.31
9/16/2024 22:05,September,13.94,13.91
9/16/2024 22:10,September,5.33,5.32
9/16/2024 22:15,September,5.34,5.32
9/16/2024 22:20,September,4.81,4.79
9/16/2024 22:25,September,3.93,3.92
9/16/2024 22:30,September,3.93,3.92
9/16/2024 22:35,September,3.93,3.92
9/16/2024 22:40,September,3.93,3.92
9/16/2024 22:45,September,3.53,3.51
9/16/2024 22:50,September,3.53,3.51
9/16/2024 22:55,September,3.35,3.34
9/16/2024 23:00,September,3.52,3.51
9/16/2024 23:05,September,9.84,9.8
9/16/2024 23:10,September,5.11,5.09
9/16/2024 23:15,September,3.94,3.92
9/16/2024 23:20,September,3.94,3.92
9/16/2024 23:25,September,3.34,3.33
9/16/2024 23:30,September,3.53,3.52
9/16/2024 23:35,September,3.53,3.52
9/16/2024 23:40,September,3.53,3.52
9/16/2024 23:45,September,3.53,3.52
9/16/2024 23:50,September,3.54,3.52
9/16/2024 23:55,September,3.54,3.52
9/17/2024 0:00,September,3.54,3.52
9/17/2024 0:05,September,3.78,3.77
9/17/2024 0:10,September,3.64,3.63
9/17/2024 0:15,September,3.64,3.63
9/17/2024 0:20,September,3.64,3.63
9/17/2024 0:25,September,3.65,3.63
9/17/2024 0:30,September,3.65,3.63
9/17/2024 0:35,September,3.64,3.63
9/17/2024 0:40,September,3.64,3.63
9/17/2024 0:45,September,3.65,3.63
9/17/2024 0:50,September,3.65,3.63
9/17/2024 0:55,September,3.65,3.63
9/17/2024 1:00,September,3.65,3.63
9/17/2024 1:05,September,3.65,3.63
9/17/2024 1:10,September,3.65,3.63
9/17/2024 1:15,September,3.65,3.63
9/17/2024 1:20,September,3.65,3.63
9/17/2024 1:25,September,3.56,3.54
9/17/2024 1:30,September,3.65,3.63
9/17/2024 1:35,September,3.65,3.63
9/17/2024 1:40,September,3.54,3.53
9/17/2024 1:45,September,3.54,3.53
9/17/2024 1:50,September,3.54,3.53
9/17/2024 1:55,September,3.54,3.53
9/17/2024 2:00,September,3.54,3.52
9/17/2024 2:05,September,3.54,3.53
9/17/2024 2:10,September,3.27,3.26
9/17/2024 2:15,September,3.07,3.05
9/17/2024 2:20,September,3.54,3.52
9/17/2024 2:25,September,3.53,3.52
9/17/2024 2:30,September,3.53,3.52
9/17/2024 2:35,September,3.53,3.52
9/17/2024 2:40,September,3.53,3.52
9/17/2024 2:45,September,3.53,3.52
9/17/2024 2:50,September,3.53,3.51
9/17/2024 2:55,September,3.53,3.51
9/17/2024 3:00,September,3.24,3.23
9/17/2024 3:05,September,3.52,3.51
9/17/2024 3:10,September,3.52,3.51
9/17/2024 3:15,September,3.52,3.51
9/17/2024 3:20,September,3.52,3.51
9/17/2024 3:25,September,3.52,3.51
9/17/2024 3:30,September,3.52,3.51
9/17/2024 3:35,September,3.52,3.51
9/17/2024 3:40,September,3.52,3.51
9/17/2024 3:45,September,3.52,3.51
9/17/2024 3:50,September,3.52,3.51
9/17/2024 3:55,September,3.52,3.51
9/17/2024 4:00,September,3.52,3.51
9/17/2024 4:05,September,3.74,3.72
9/17/2024 4:10,September,3.75,3.74
9/17/2024 4:15,September,3.75,3.74
9/17/2024 4:20,September,3.75,3.74
9/17/2024 4:25,September,3.75,3.74
9/17/2024 4:30,September,3.65,3.64
9/17/2024 4:35,September,3.75,3.74
9/17/2024 4:40,September,3.75,3.74
9/17/2024 4:45,September,3.91,3.89
9/17/2024 4:50,September,3.75,3.74
9/17/2024 4:55,September,3.64,3.62
9/17/2024 5:00,September,3.64,3.62
9/17/2024 5:05,September,1.89,1.88
9/17/2024 5:10,September,2.96,2.95
9/17/2024 5:15,September,3.35,3.34
9/17/2024 5:20,September,3.53,3.52
9/17/2024 5:25,September,3.53,3.52
9/17/2024 5:30,September,3.53,3.52
9/17/2024 5:35,September,3.53,3.52
9/17/2024 5:40,September,3.53,3.52
9/17/2024 5:45,September,3.53,3.52
9/17/2024 5:50,September,3.34,3.33
9/17/2024 5:55,September,3.53,3.51
9/17/2024 6:00,September,3.53,3.51
9/17/2024 6:05,September,1.25,1.25
9/17/2024 6:10,September,2.53,2.52
9/17/2024 6:15,September,2.63,2.63
9/17/2024 6:20,September,2.84,2.84
9/17/2024 6:25,September,2.69,2.68
9/17/2024 6:30,September,2.94,2.94
9/17/2024 6:35,September,3.1,3.09
9/17/2024 6:40,September,3.1,3.09
9/17/2024 6:45,September,2.94,2.93
9/17/2024 6:50,September,2.63,2.63
9/17/2024 6:55,September,2.94,2.93
9/17/2024 7:00,September,3.1,3.09
9/17/2024 7:05,September,2.81,2.8
9/17/2024 7:10,September,3.1,3.09
9/17/2024 7:15,September,3.3,3.29
9/17/2024 7:20,September,3.34,3.33
9/17/2024 7:25,September,3.75,3.74
9/17/2024 7:30,September,3.75,3.74
9/17/2024 7:35,September,3.92,3.91
9/17/2024 7:40,September,3.92,3.91
9/17/2024 7:45,September,3.95,3.94
9/17/2024 7:50,September,4.75,4.74
9/17/2024 7:55,September,3.95,3.94
9/17/2024 8:00,September,14.06,14.04
9/17/2024 8:05,September,3.03,3.03
9/17/2024 8:10,September,3.04,3.04
9/17/2024 8:15,September,2.92,2.92
9/17/2024 8:20,September,3.34,3.34
9/17/2024 8:25,September,3.58,3.58
9/17/2024 8:30,September,3.58,3.58
9/17/2024 8:35,September,3.58,3.58
9/17/2024 8:40,September,5.3,5.31
9/17/2024 8:45,September,3.93,3.93
9/17/2024 8:50,September,5.3,5.3
9/17/2024 8:55,September,5.3,5.3
9/17/2024 9:00,September,3.96,3.97
9/17/2024 9:05,September,1.13,1.13
9/17/2024 9:10,September,3.75,3.75
9/17/2024 9:15,September,3.58,3.58
9/17/2024 9:20,September,6.5,6.5
9/17/2024 9:25,September,5.29,5.3
9/17/2024 9:30,September,27.23,27.26
9/17/2024 9:35,September,14.06,14.08
9/17/2024 9:40,September,8.62,8.63
9/17/2024 9:45,September,3.96,3.97
9/17/2024 9:50,September,3.95,3.95
9/17/2024 9:55,September,5.66,5.66
9/17/2024 10:00,September,5.27,5.28
9/17/2024 10:05,September,1.24,1.24
9/17/2024 10:10,September,3.35,3.35
9/17/2024 10:15,September,3.78,3.79
9/17/2024 10:20,September,5.61,5.62
9/17/2024 10:25,September,3.95,3.96
9/17/2024 10:30,September,3.96,3.97
9/17/2024 10:35,September,3.95,3.97
9/17/2024 10:40,September,3.96,3.97
9/17/2024 10:45,September,3.21,3.21
9/17/2024 10:50,September,3.34,3.34
9/17/2024 10:55,September,3.18,3.18
9/17/2024 11:00,September,2.51,2.51
9/17/2024 11:05,September,3.07,3.08
9/17/2024 11:10,September,3.06,3.07
9/17/2024 11:15,September,3.2,3.2
9/17/2024 11:20,September,3.23,3.24
9/17/2024 11:25,September,3.16,3.17
9/17/2024 11:30,September,3.21,3.23
9/17/2024 11:35,September,3.15,3.16
9/17/2024 11:40,September,3.19,3.2
9/17/2024 11:45,September,3.74,3.75
9/17/2024 11:50,September,3.75,3.75
9/17/2024 11:55,September,3.33,3.34
9/17/2024 12:00,September,3.17,3.18
9/17/2024 12:05,September,3.17,3.17
9/17/2024 12:10,September,3.23,3.23
9/17/2024 12:15,September,3.16,3.16
9/17/2024 12:20,September,3.24,3.24
9/17/2024 12:25,September,3.23,3.23
9/17/2024 12:30,September,3.39,3.39
9/17/2024 12:35,September,3.24,3.24
9/17/2024 12:40,September,3.77,3.77
9/17/2024 12:45,September,3.59,3.59
9/17/2024 12:50,September,3.77,3.77
9/17/2024 12:55,September,3.71,3.71
9/17/2024 13:00,September,3.58,3.59
9/17/2024 13:05,September,3.77,3.77
9/17/2024 13:10,September,4.06,4.07
9/17/2024 13:15,September,3.77,3.78
9/17/2024 13:20,September,5.61,5.63
9/17/2024 13:25,September,4.59,4.6
9/17/2024 13:30,September,3.95,3.97
9/17/2024 13:35,September,3.82,3.84
9/17/2024 13:40,September,3.58,3.59
9/17/2024 13:45,September,3.76,3.78
9/17/2024 13:50,September,3.95,3.97
9/17/2024 13:55,September,3.96,3.98
9/17/2024 14:00,September,4.25,4.27
9/17/2024 14:05,September,3.98,3.99
9/17/2024 14:10,September,4.26,4.28
9/17/2024 14:15,September,3.97,3.98
9/17/2024 14:20,September,3.98,3.99
9/17/2024 14:25,September,3.97,3.98
9/17/2024 14:30,September,3.97,3.98
9/17/2024 14:35,September,3.97,3.98
9/17/2024 14:40,September,4.17,4.19
9/17/2024 14:45,September,3.98,3.99
9/17/2024 14:50,September,5.27,5.28
9/17/2024 14:55,September,5.27,5.28
9/17/2024 15:00,September,3.85,3.86
9/17/2024 15:05,September,4.61,4.61
9/17/2024 15:10,September,4.61,4.62
9/17/2024 15:15,September,4.61,4.62
9/17/2024 15:20,September,5.65,5.66
9/17/2024 15:25,September,5.28,5.3
9/17/2024 15:30,September,5.28,5.29
9/17/2024 15:35,September,5.27,5.29
9/17/2024 15:40,September,4.73,4.74
9/17/2024 15:45,September,4.41,4.42
9/17/2024 15:50,September,4.31,4.32
9/17/2024 15:55,September,4.29,4.31
9/17/2024 16:00,September,3.88,3.89
9/17/2024 16:05,September,3.61,3.62
9/17/2024 16:10,September,4.09,4.09
9/17/2024 16:15,September,4.09,4.1
9/17/2024 16:20,September,3.37,3.37
9/17/2024 16:25,September,3.88,3.89
9/17/2024 16:30,September,4,4.01
9/17/2024 16:35,September,3.99,3.99
9/17/2024 16:40,September,4,4
9/17/2024 16:45,September,4,4.01
9/17/2024 16:50,September,3.42,3.42
9/17/2024 16:55,September,3.62,3.63
9/17/2024 17:00,September,3.39,3.39
9/17/2024 17:05,September,3.82,3.82
9/17/2024 17:10,September,3.99,3.99
9/17/2024 17:15,September,3.83,3.83
9/17/2024 17:20,September,3.37,3.37
9/17/2024 17:25,September,3.97,3.97
9/17/2024 17:30,September,3.84,3.84
9/17/2024 17:35,September,4,4
9/17/2024 17:40,September,4,4
9/17/2024 17:45,September,5.33,5.33
9/17/2024 17:50,September,4.62,4.62
9/17/2024 17:55,September,4.12,4.12
9/17/2024 18:00,September,5.69,5.69
9/17/2024 18:05,September,5.32,5.32
9/17/2024 18:10,September,8.73,8.73
9/17/2024 18:15,September,7.51,7.51
9/17/2024 18:20,September,7.83,7.83
9/17/2024 18:25,September,7.85,7.86
9/17/2024 18:30,September,5.73,5.73
9/17/2024 18:35,September,5.73,5.73
9/17/2024 18:40,September,5.36,5.36
9/17/2024 18:45,September,4.33,4.33
9/17/2024 18:50,September,4.35,4.34
9/17/2024 18:55,September,5.13,5.13
9/17/2024 19:00,September,5.13,5.13
9/17/2024 19:05,September,5.32,5.33
9/17/2024 19:10,September,4.34,4.34
9/17/2024 19:15,September,4.35,4.35
9/17/2024 19:20,September,3.63,3.63
9/17/2024 19:25,September,3.85,3.85
9/17/2024 19:30,September,3.63,3.63
9/17/2024 19:35,September,3.83,3.83
9/17/2024 19:40,September,4.22,4.21
9/17/2024 19:45,September,3.88,3.88
9/17/2024 19:50,September,4.23,4.22
9/17/2024 19:55,September,4.12,4.12
9/17/2024 20:00,September,4.22,4.21
9/17/2024 20:05,September,24.36,24.33
9/17/2024 20:10,September,7.53,7.53
9/17/2024 20:15,September,5.71,5.7
9/17/2024 20:20,September,5.34,5.33
9/17/2024 20:25,September,5.34,5.34
9/17/2024 20:30,September,5.34,5.33
9/17/2024 20:35,September,4.54,4.54
9/17/2024 20:40,September,4.54,4.54
9/17/2024 20:45,September,4.6,4.6
9/17/2024 20:50,September,3.38,3.37
9/17/2024 20:55,September,3.63,3.63
9/17/2024 21:00,September,3.37,3.37
9/17/2024 21:05,September,7.53,7.53
9/17/2024 21:10,September,4.84,4.83
9/17/2024 21:15,September,4.84,4.83
9/17/2024 21:20,September,4.84,4.83
9/17/2024 21:25,September,3.83,3.82
9/17/2024 21:30,September,3.88,3.87
9/17/2024 21:35,September,3.87,3.87
9/17/2024 21:40,September,3.82,3.81
9/17/2024 21:45,September,3.82,3.81
9/17/2024 21:50,September,3.84,3.83
9/17/2024 21:55,September,3.65,3.64
9/17/2024 22:00,September,3.65,3.64
9/17/2024 22:05,September,7.87,7.85
9/17/2024 22:10,September,4.62,4.61
9/17/2024 22:15,September,3.86,3.85
9/17/2024 22:20,September,3.86,3.86
9/17/2024 22:25,September,3.65,3.64
9/17/2024 22:30,September,3.65,3.64
9/17/2024 22:35,September,3.65,3.64
9/17/2024 22:40,September,3.65,3.63
9/17/2024 22:45,September,3.4,3.39
9/17/2024 22:50,September,3.64,3.63
9/17/2024 22:55,September,3.64,3.63
9/17/2024 23:00,September,3.37,3.36
9/17/2024 23:05,September,7.55,7.53
9/17/2024 23:10,September,3.81,3.79
9/17/2024 23:15,September,3.64,3.63
9/17/2024 23:20,September,3.8,3.79
9/17/2024 23:25,September,3.65,3.64
9/17/2024 23:30,September,4.08,4.07
9/17/2024 23:35,September,4.09,4.07
9/17/2024 23:40,September,3.65,3.63
9/17/2024 23:45,September,3.65,3.63
9/17/2024 23:50,September,3.65,3.63
9/17/2024 23:55,September,3.65,3.63
9/18/2024 0:00,September,3.64,3.63
9/18/2024 0:05,September,27.35,27.26
9/18/2024 0:10,September,5.71,5.69
9/18/2024 0:15,September,5.32,5.3
9/18/2024 0:20,September,13.12,13.07
9/18/2024 0:25,September,3.77,3.75
9/18/2024 0:30,September,3.77,3.76
9/18/2024 0:35,September,3.77,3.76
9/18/2024 0:40,September,3.94,3.92
9/18/2024 0:45,September,3.89,3.87
9/18/2024 0:50,September,3.94,3.92
9/18/2024 0:55,September,3.66,3.64
9/18/2024 1:00,September,3.65,3.64
9/18/2024 1:05,September,3.66,3.64
9/18/2024 1:10,September,3.66,3.64
9/18/2024 1:15,September,3.66,3.64
9/18/2024 1:20,September,3.66,3.64
9/18/2024 1:25,September,3.65,3.64
9/18/2024 1:30,September,3.66,3.64
9/18/2024 1:35,September,3.65,3.64
9/18/2024 1:40,September,3.65,3.64
9/18/2024 1:45,September,3.65,3.64
9/18/2024 1:50,September,3.65,3.63
9/18/2024 1:55,September,3.55,3.53
9/18/2024 2:00,September,3.65,3.63
9/18/2024 2:05,September,3.65,3.63
9/18/2024 2:10,September,3.55,3.53
9/18/2024 2:15,September,3.35,3.33
9/18/2024 2:20,September,3.54,3.53
9/18/2024 2:25,September,2.97,2.96
9/18/2024 2:30,September,3.35,3.34
9/18/2024 2:35,September,3.54,3.52
9/18/2024 2:40,September,3.35,3.34
9/18/2024 2:45,September,3.13,3.11
9/18/2024 2:50,September,3.13,3.11
9/18/2024 2:55,September,3.12,3.11
9/18/2024 3:00,September,3.12,3.11
9/18/2024 3:05,September,3.12,3.11
9/18/2024 3:10,September,3.12,3.11
9/18/2024 3:15,September,3.12,3.11
9/18/2024 3:20,September,3.12,3.11
9/18/2024 3:25,September,3.12,3.11
9/18/2024 3:30,September,3.12,3.11
9/18/2024 3:35,September,3.12,3.11
9/18/2024 3:40,September,3.42,3.41
9/18/2024 3:45,September,3.63,3.61
9/18/2024 3:50,September,3.63,3.61
9/18/2024 3:55,September,3.63,3.61
9/18/2024 4:00,September,3.62,3.61
9/18/2024 4:05,September,3.62,3.61
9/18/2024 4:10,September,5.7,5.68
9/18/2024 4:15,September,4.17,4.15
9/18/2024 4:20,September,3.95,3.94
9/18/2024 4:25,September,3.96,3.94
9/18/2024 4:30,September,3.78,3.76
9/18/2024 4:35,September,3.78,3.77
9/18/2024 4:40,September,3.87,3.85
9/18/2024 4:45,September,3.87,3.85
9/18/2024 4:50,September,3.74,3.72
9/18/2024 4:55,September,3.84,3.82
9/18/2024 5:00,September,3.74,3.72
9/18/2024 5:05,September,2.97,2.95
9/18/2024 5:10,September,3.74,3.72
9/18/2024 5:15,September,3.87,3.85
9/18/2024 5:20,September,3.85,3.83
9/18/2024 5:25,September,3.85,3.83
9/18/2024 5:30,September,3.85,3.83
9/18/2024 5:35,September,3.85,3.83
9/18/2024 5:40,September,3.85,3.83
9/18/2024 5:45,September,3.85,3.83
9/18/2024 5:50,September,3.83,3.81
9/18/2024 5:55,September,3.82,3.8
9/18/2024 6:00,September,3.84,3.82
9/18/2024 6:05,September,2.79,2.77
9/18/2024 6:10,September,2.97,2.95
9/18/2024 6:15,September,3.36,3.34
9/18/2024 6:20,September,3.83,3.8
9/18/2024 6:25,September,3.74,3.72
9/18/2024 6:30,September,2.99,2.98
9/18/2024 6:35,September,2.99,2.97
9/18/2024 6:40,September,3.37,3.36
9/18/2024 6:45,September,2.99,2.97
9/18/2024 6:50,September,2.65,2.63
9/18/2024 6:55,September,2.95,2.94
9/18/2024 7:00,September,3.3,3.29
9/18/2024 7:05,September,1.25,1.25
9/18/2024 7:10,September,2.38,2.38
9/18/2024 7:15,September,3.06,3.05
9/18/2024 7:20,September,2.95,2.94
9/18/2024 7:25,September,2.99,2.98
9/18/2024 7:30,September,3.3,3.29
9/18/2024 7:35,September,3.76,3.75
9/18/2024 7:40,September,3.76,3.75
9/18/2024 7:45,September,3.77,3.76
9/18/2024 7:50,September,3.77,3.76
9/18/2024 7:55,September,3.79,3.78
9/18/2024 8:00,September,5.33,5.32
9/18/2024 8:05,September,1.76,1.75
9/18/2024 8:10,September,2.93,2.94
9/18/2024 8:15,September,3.35,3.35
9/18/2024 8:20,September,3.7,3.7
9/18/2024 8:25,September,3.7,3.7
9/18/2024 8:30,September,4.61,4.62
9/18/2024 8:35,September,3.87,3.88
9/18/2024 8:40,September,3.95,3.96
9/18/2024 8:45,September,3.82,3.83
9/18/2024 8:50,September,5.63,5.64
9/18/2024 8:55,September,5.63,5.64
9/18/2024 9:00,September,5.29,5.29
9/18/2024 9:05,September,1.75,1.75
9/18/2024 9:10,September,3.6,3.6
9/18/2024 9:15,September,10.76,10.78
9/18/2024 9:20,September,4.61,4.62
9/18/2024 9:25,September,7.91,7.91
9/18/2024 9:30,September,5.3,5.31
9/18/2024 9:35,September,5.31,5.31
9/18/2024 9:40,September,5.64,5.64
9/18/2024 9:45,September,8.61,8.62
9/18/2024 9:50,September,5.65,5.66
9/18/2024 9:55,September,5.63,5.64
9/18/2024 10:00,September,5.65,5.66
9/18/2024 10:05,September,3.85,3.85
9/18/2024 10:10,September,5.33,5.33
9/18/2024 10:15,September,5.14,5.14
9/18/2024 10:20,September,5.63,5.63
9/18/2024 10:25,September,7.8,7.8
9/18/2024 10:30,September,5.33,5.33
9/18/2024 10:35,September,3.82,3.82
9/18/2024 10:40,September,3.61,3.6
9/18/2024 10:45,September,5.33,5.32
9/18/2024 10:50,September,3.8,3.8
9/18/2024 10:55,September,5.21,5.21
9/18/2024 11:00,September,3.09,3.08
9/18/2024 11:05,September,3.35,3.35
9/18/2024 11:10,September,4.01,4
9/18/2024 11:15,September,3.6,3.6
9/18/2024 11:20,September,3.6,3.6
9/18/2024 11:25,September,3.76,3.76
9/18/2024 11:30,September,3.75,3.75
9/18/2024 11:35,September,3.6,3.6
9/18/2024 11:40,September,3.39,3.39
9/18/2024 11:45,September,3.85,3.85
9/18/2024 11:50,September,3.2,3.2
9/18/2024 11:55,September,2.99,2.99
9/18/2024 12:00,September,2.98,2.98
9/18/2024 12:05,September,2.44,2.44
9/18/2024 12:10,September,2.96,2.96
9/18/2024 12:15,September,2.99,2.99
9/18/2024 12:20,September,1.76,1.76
9/18/2024 12:25,September,2.93,2.93
9/18/2024 12:30,September,2.94,2.94
9/18/2024 12:35,September,2.94,2.94
9/18/2024 12:40,September,2.97,2.97
9/18/2024 12:45,September,2.99,2.99
9/18/2024 12:50,September,3.01,3
9/18/2024 12:55,September,2.94,2.94
9/18/2024 13:00,September,2.94,2.94
9/18/2024 13:05,September,2.94,2.94
9/18/2024 13:10,September,2.94,2.94
9/18/2024 13:15,September,3.14,3.14
9/18/2024 13:20,September,2.98,2.98
9/18/2024 13:25,September,3.5,3.5
9/18/2024 13:30,September,2.98,2.98
9/18/2024 13:35,September,2.94,2.94
9/18/2024 13:40,September,2.97,2.97
9/18/2024 13:45,September,2.97,2.97
9/18/2024 13:50,September,2.98,2.98
9/18/2024 13:55,September,2.94,2.94
9/18/2024 14:00,September,2.95,2.95
9/18/2024 14:05,September,1.8,1.8
9/18/2024 14:10,September,2.64,2.64
9/18/2024 14:15,September,2.64,2.64
9/18/2024 14:20,September,2.94,2.94
9/18/2024 14:25,September,2.94,2.94
9/18/2024 14:30,September,2.94,2.94
9/18/2024 14:35,September,2.97,2.97
9/18/2024 14:40,September,2.97,2.96
9/18/2024 14:45,September,2.98,2.98
9/18/2024 14:50,September,3.14,3.14
9/18/2024 14:55,September,3.15,3.15
9/18/2024 15:00,September,2.98,2.98
9/18/2024 15:05,September,3.15,3.14
9/18/2024 15:10,September,2.94,2.94
9/18/2024 15:15,September,2.95,2.95
9/18/2024 15:20,September,3.19,3.19
9/18/2024 15:25,September,3.29,3.29
9/18/2024 15:30,September,3.16,3.16
9/18/2024 15:35,September,3.17,3.17
9/18/2024 15:40,September,3.56,3.56
9/18/2024 15:45,September,3.51,3.51
9/18/2024 15:50,September,3.51,3.51
9/18/2024 15:55,September,3.56,3.56
9/18/2024 16:00,September,3.57,3.57
9/18/2024 16:05,September,3.61,3.61
9/18/2024 16:10,September,3.58,3.57
9/18/2024 16:15,September,3.58,3.57
9/18/2024 16:20,September,4.09,4.09
9/18/2024 16:25,September,3.29,3.29
9/18/2024 16:30,September,3.57,3.56
9/18/2024 16:35,September,3.51,3.5
9/18/2024 16:40,September,3.51,3.5
9/18/2024 16:45,September,3.56,3.56
9/18/2024 16:50,September,3.51,3.5
9/18/2024 16:55,September,2.98,2.97
9/18/2024 17:00,September,3.03,3.02
9/18/2024 17:05,September,3.51,3.5
9/18/2024 17:10,September,3.19,3.18
9/18/2024 17:15,September,3.19,3.18
9/18/2024 17:20,September,3.3,3.29
9/18/2024 17:25,September,4.47,4.46
9/18/2024 17:30,September,3.59,3.59
9/18/2024 17:35,September,3.61,3.6
9/18/2024 17:40,September,3.73,3.73
9/18/2024 17:45,September,3.73,3.73
9/18/2024 17:50,September,4.75,4.75
9/18/2024 17:55,September,4.93,4.93
9/18/2024 18:00,September,4.94,4.93
9/18/2024 18:05,September,4.66,4.65
9/18/2024 18:10,September,4.93,4.92
9/18/2024 18:15,September,5.41,5.4
9/18/2024 18:20,September,4.94,4.93
9/18/2024 18:25,September,5.41,5.4
9/18/2024 18:30,September,5.23,5.22
9/18/2024 18:35,September,4.93,4.93
9/18/2024 18:40,September,4.46,4.46
9/18/2024 18:45,September,4.31,4.31
9/18/2024 18:50,September,3.61,3.61
9/18/2024 18:55,September,3.61,3.61
9/18/2024 19:00,September,3.3,3.3
9/18/2024 19:05,September,4.21,4.2
9/18/2024 19:10,September,3.16,3.16
9/18/2024 19:15,September,3.61,3.61
9/18/2024 19:20,September,3.62,3.61
9/18/2024 19:25,September,3.64,3.63
9/18/2024 19:30,September,3.64,3.63
9/18/2024 19:35,September,3.62,3.61
9/18/2024 19:40,September,3.58,3.58
9/18/2024 19:45,September,3.62,3.61
9/18/2024 19:50,September,3.59,3.58
9/18/2024 19:55,September,3.62,3.61
9/18/2024 20:00,September,3.62,3.61
9/18/2024 20:05,September,5.32,5.31
9/18/2024 20:10,September,4.45,4.45
9/18/2024 20:15,September,4.44,4.44
9/18/2024 20:20,September,4.32,4.32
9/18/2024 20:25,September,3.7,3.7
9/18/2024 20:30,September,3.68,3.68
9/18/2024 20:35,September,3.29,3.29
9/18/2024 20:40,September,3.67,3.66
9/18/2024 20:45,September,3.69,3.68
9/18/2024 20:50,September,3.24,3.23
9/18/2024 20:55,September,3.25,3.24
9/18/2024 21:00,September,3.23,3.22
9/18/2024 21:05,September,3.66,3.65
9/18/2024 21:10,September,3.63,3.62
9/18/2024 21:15,September,3.64,3.62
9/18/2024 21:20,September,3.64,3.62
9/18/2024 21:25,September,3.64,3.62
9/18/2024 21:30,September,3.3,3.29
9/18/2024 21:35,September,3.23,3.22
9/18/2024 21:40,September,3,2.98
9/18/2024 21:45,September,3.05,3.03
9/18/2024 21:50,September,2.96,2.94
9/18/2024 21:55,September,2.83,2.82
9/18/2024 22:00,September,2.66,2.64
9/18/2024 22:05,September,3.22,3.21
9/18/2024 22:10,September,3.01,3
9/18/2024 22:15,September,3.14,3.13
9/18/2024 22:20,September,3.04,3.02
9/18/2024 22:25,September,3.02,3
9/18/2024 22:30,September,3.01,3
9/18/2024 22:35,September,2.97,2.95
9/18/2024 22:40,September,2.99,2.97
9/18/2024 22:45,September,2.95,2.93
9/18/2024 22:50,September,2.66,2.64
9/18/2024 22:55,September,2.66,2.64
9/18/2024 23:00,September,2.49,2.48
9/18/2024 23:05,September,3.01,3
9/18/2024 23:10,September,2.92,2.91
9/18/2024 23:15,September,2.86,2.84
9/18/2024 23:20,September,2.85,2.84
9/18/2024 23:25,September,2.65,2.64
9/18/2024 23:30,September,2.76,2.75
9/18/2024 23:35,September,2.75,2.74
9/18/2024 23:40,September,2.56,2.55
9/18/2024 23:45,September,2.34,2.34
9/18/2024 23:50,September,2.32,2.32
9/18/2024 23:55,September,1.79,1.79
9/19/2024 0:00,September,1.79,1.79
9/19/2024 0:05,September,3.61,3.6
9/19/2024 0:10,September,3.12,3.11
9/19/2024 0:15,September,3.13,3.12
9/19/2024 0:20,September,3.12,3.11
9/19/2024 0:25,September,3.13,3.12
9/19/2024 0:30,September,3.03,3.02
9/19/2024 0:35,September,3.03,3.02
9/19/2024 0:40,September,3.02,3
9/19/2024 0:45,September,2.98,2.97
9/19/2024 0:50,September,2.98,2.97
9/19/2024 0:55,September,2.95,2.94
9/19/2024 1:00,September,2.95,2.94
9/19/2024 1:05,September,2.98,2.97
9/19/2024 1:10,September,4.78,4.77
9/19/2024 1:15,September,3.87,3.85
9/19/2024 1:20,September,3.92,3.9
9/19/2024 1:25,September,3.42,3.41
9/19/2024 1:30,September,3.42,3.41
9/19/2024 1:35,September,3.22,3.21
9/19/2024 1:40,September,3.22,3.21
9/19/2024 1:45,September,3.52,3.51
9/19/2024 1:50,September,3.52,3.51
9/19/2024 1:55,September,3.62,3.61
9/19/2024 2:00,September,3.52,3.51
9/19/2024 2:05,September,3.06,3.05
9/19/2024 2:10,September,3.22,3.21
9/19/2024 2:15,September,3.22,3.21
9/19/2024 2:20,September,3.52,3.51
9/19/2024 2:25,September,3,2.99
9/19/2024 2:30,September,3.02,3.02
9/19/2024 2:35,September,16.59,16.55
9/19/2024 2:40,September,3.95,3.94
9/19/2024 2:45,September,3.89,3.88
9/19/2024 2:50,September,3.89,3.88
9/19/2024 2:55,September,3.75,3.74
9/19/2024 3:00,September,3.62,3.61
9/19/2024 3:05,September,3.62,3.61
9/19/2024 3:10,September,2.79,2.78
9/19/2024 3:15,September,2.95,2.94
9/19/2024 3:20,September,2.96,2.95
9/19/2024 3:25,September,3.51,3.5
9/19/2024 3:30,September,2.95,2.94
9/19/2024 3:35,September,2.98,2.97
9/19/2024 3:40,September,3.21,3.2
9/19/2024 3:45,September,2.97,2.96
9/19/2024 3:50,September,3.21,3.2
9/19/2024 3:55,September,3.2,3.19
9/19/2024 4:00,September,3.2,3.19
9/19/2024 4:05,September,3.61,3.6
9/19/2024 4:10,September,3.87,3.86
9/19/2024 4:15,September,3.87,3.86
9/19/2024 4:20,September,3.21,3.2
9/19/2024 4:25,September,3.61,3.6
9/19/2024 4:30,September,3.61,3.6
9/19/2024 4:35,September,3.61,3.6
9/19/2024 4:40,September,3.51,3.5
9/19/2024 4:45,September,3.62,3.6
9/19/2024 4:50,September,3.51,3.5
9/19/2024 4:55,September,3.62,3.6
9/19/2024 5:00,September,3.62,3.6
9/19/2024 5:05,September,2.95,2.94
9/19/2024 5:10,September,3.22,3.21
9/19/2024 5:15,September,3.72,3.71
9/19/2024 5:20,September,3.72,3.71
9/19/2024 5:25,September,3.72,3.71
9/19/2024 5:30,September,3.78,3.76
9/19/2024 5:35,September,3.73,3.71
9/19/2024 5:40,September,3.73,3.72
9/19/2024 5:45,September,3.73,3.72
9/19/2024 5:50,September,3.53,3.51
9/19/2024 5:55,September,3.27,3.25
9/19/2024 6:00,September,3.28,3.26
9/19/2024 6:05,September,1.69,1.68
9/19/2024 6:10,September,2.65,2.64
9/19/2024 6:15,September,2.95,2.94
9/19/2024 6:20,September,2.95,2.94
9/19/2024 6:25,September,2.88,2.87
9/19/2024 6:30,September,2.95,2.94
9/19/2024 6:35,September,2.95,2.94
9/19/2024 6:40,September,1.7,1.7
9/19/2024 6:45,September,1.73,1.72
9/19/2024 6:50,September,1.7,1.69
9/19/2024 6:55,September,1.7,1.7
9/19/2024 7:00,September,2.64,2.63
9/19/2024 7:05,September,1.5,1.49
9/19/2024 7:10,September,2.32,2.31
9/19/2024 7:15,September,2.93,2.93
9/19/2024 7:20,September,2.97,2.96
9/19/2024 7:25,September,2.97,2.96
9/19/2024 7:30,September,3.87,3.86
9/19/2024 7:35,September,3.64,3.63
9/19/2024 7:40,September,3.64,3.63
9/19/2024 7:45,September,3.51,3.49
9/19/2024 7:50,September,5.7,5.68
9/19/2024 7:55,September,5.34,5.33
9/19/2024 8:00,September,5.33,5.32
9/19/2024 8:05,September,2.59,2.59
9/19/2024 8:10,September,3.19,3.18
9/19/2024 8:15,September,2.96,2.96
9/19/2024 8:20,September,3.11,3.11
9/19/2024 8:25,September,3.5,3.49
9/19/2024 8:30,September,3.5,3.49
9/19/2024 8:35,September,3.27,3.26
9/19/2024 8:40,September,3.5,3.49
9/19/2024 8:45,September,3.5,3.49
9/19/2024 8:50,September,3.49,3.49
9/19/2024 8:55,September,3.96,3.95
9/19/2024 9:00,September,3.97,3.96
9/19/2024 9:05,September,2.93,2.93
9/19/2024 9:10,September,3.5,3.49
9/19/2024 9:15,September,3.89,3.89
9/19/2024 9:20,September,3.64,3.64
9/19/2024 9:25,September,4.05,4.04
9/19/2024 9:30,September,5.31,5.31
9/19/2024 9:35,September,4.06,4.06
9/19/2024 9:40,September,5.63,5.63
9/19/2024 9:45,September,5.31,5.3
9/19/2024 9:50,September,5.3,5.3
9/19/2024 9:55,September,5.63,5.64
9/19/2024 10:00,September,5.3,5.3
9/19/2024 10:05,September,2.57,2.58
9/19/2024 10:10,September,3.23,3.23
9/19/2024 10:15,September,3.9,3.89
9/19/2024 10:20,September,3.89,3.89
9/19/2024 10:25,September,13.05,13.06
9/19/2024 10:30,September,7.79,7.82
9/19/2024 10:35,September,7.79,7.81
9/19/2024 10:40,September,5.29,5.31
9/19/2024 10:45,September,3.66,3.68
9/19/2024 10:50,September,4.25,4.28
9/19/2024 10:55,September,4.87,4.89
9/19/2024 11:00,September,3.86,3.86
9/19/2024 11:05,September,3.59,3.6
9/19/2024 11:10,September,4.06,4.06
9/19/2024 11:15,September,4.62,4.62
9/19/2024 11:20,September,3.24,3.24
9/19/2024 11:25,September,3.26,3.26
9/19/2024 11:30,September,3.6,3.6
9/19/2024 11:35,September,3.21,3.21
9/19/2024 11:40,September,3.05,3.05
9/19/2024 11:45,September,3.17,3.17
9/19/2024 11:50,September,3.06,3.06
9/19/2024 11:55,September,2.96,2.96
9/19/2024 12:00,September,2.37,2.37
9/19/2024 12:05,September,2.63,2.64
9/19/2024 12:10,September,1.75,1.75
9/19/2024 12:15,September,2.63,2.63
9/19/2024 12:20,September,2.62,2.63
9/19/2024 12:25,September,2.72,2.73
9/19/2024 12:30,September,2.91,2.92
9/19/2024 12:35,September,2.91,2.92
9/19/2024 12:40,September,2.94,2.95
9/19/2024 12:45,September,2.98,2.99
9/19/2024 12:50,September,3.2,3.2
9/19/2024 12:55,September,3.11,3.11
9/19/2024 13:00,September,3.5,3.51
9/19/2024 13:05,September,3,3
9/19/2024 13:10,September,4.89,4.89
9/19/2024 13:15,September,5.64,5.65
9/19/2024 13:20,September,5.3,5.3
9/19/2024 13:25,September,3.98,3.99
9/19/2024 13:30,September,3.9,3.9
9/19/2024 13:35,September,3.61,3.61
9/19/2024 13:40,September,3.89,3.89
9/19/2024 13:45,September,3.22,3.22
9/19/2024 13:50,September,3.96,3.96
9/19/2024 13:55,September,4.89,4.89
9/19/2024 14:00,September,4.89,4.89
9/19/2024 14:05,September,3.98,3.98
9/19/2024 14:10,September,5.3,5.31
9/19/2024 14:15,September,7.6,7.6
9/19/2024 14:20,September,4.55,4.55
9/19/2024 14:25,September,4.57,4.57
9/19/2024 14:30,September,5.3,5.3
9/19/2024 14:35,September,4.32,4.32
9/19/2024 14:40,September,4.59,4.59
9/19/2024 14:45,September,4.59,4.59
9/19/2024 14:50,September,4.2,4.2
9/19/2024 14:55,September,3.65,3.65
9/19/2024 15:00,September,4.19,4.19
9/19/2024 15:05,September,4.08,4.09
9/19/2024 15:10,September,4.09,4.1
9/19/2024 15:15,September,4.09,4.1
9/19/2024 15:20,September,4.63,4.64
9/19/2024 15:25,September,8.71,8.72
9/19/2024 15:30,September,4.2,4.21
9/19/2024 15:35,September,7.84,7.85
9/19/2024 15:40,September,5.31,5.32
9/19/2024 15:45,September,4.89,4.9
9/19/2024 15:50,September,4.3,4.31
9/19/2024 15:55,September,4.21,4.21
9/19/2024 16:00,September,3.6,3.61
9/19/2024 16:05,September,4.2,4.21
9/19/2024 16:10,September,5.32,5.32
9/19/2024 16:15,September,4.63,4.63
9/19/2024 16:20,September,5.31,5.32
9/19/2024 16:25,September,5.31,5.32
9/19/2024 16:30,September,4.63,4.64
9/19/2024 16:35,September,4.32,4.33
9/19/2024 16:40,September,4.01,4.02
9/19/2024 16:45,September,4,4.01
9/19/2024 16:50,September,4.01,4.01
9/19/2024 16:55,September,4.01,4.01
9/19/2024 17:00,September,3.23,3.23
9/19/2024 17:05,September,2.94,2.94
9/19/2024 17:10,September,3.05,3.05
9/19/2024 17:15,September,2.64,2.64
9/19/2024 17:20,September,3.16,3.16
9/19/2024 17:25,September,3.28,3.28
9/19/2024 17:30,September,3.28,3.28
9/19/2024 17:35,September,3.57,3.57
9/19/2024 17:40,September,4,4
9/19/2024 17:45,September,3.99,3.99
9/19/2024 17:50,September,5.66,5.66
9/19/2024 17:55,September,8.76,8.76
9/19/2024 18:00,September,13.16,13.16
9/19/2024 18:05,September,29.83,29.83
9/19/2024 18:10,September,25.19,25.19
9/19/2024 18:15,September,17.14,17.13
9/19/2024 18:20,September,13.42,13.41
9/19/2024 18:25,September,13.19,13.18
9/19/2024 18:30,September,8.79,8.78
9/19/2024 18:35,September,5.76,5.75
9/19/2024 18:40,September,5.73,5.73
9/19/2024 18:45,September,5.76,5.75
9/19/2024 18:50,September,5.73,5.72
9/19/2024 18:55,September,4.61,4.6
9/19/2024 19:00,September,5.4,5.39
9/19/2024 19:05,September,13.22,13.18
9/19/2024 19:10,September,7.91,7.89
9/19/2024 19:15,September,7.04,7.02
9/19/2024 19:20,September,7.05,7.03
9/19/2024 19:25,September,7.05,7.03
9/19/2024 19:30,September,7.06,7.03
9/19/2024 19:35,September,7.06,7.03
9/19/2024 19:40,September,7.06,7.03
9/19/2024 19:45,September,7.06,7.03
9/19/2024 19:50,September,7.06,7.03
9/19/2024 19:55,September,4.94,4.92
9/19/2024 20:00,September,5.43,5.4
9/19/2024 20:05,September,7.91,7.88
9/19/2024 20:10,September,5.79,5.77
9/19/2024 20:15,September,5.42,5.39
9/19/2024 20:20,September,5.42,5.4
9/19/2024 20:25,September,5.41,5.39
9/19/2024 20:30,September,5.75,5.73
9/19/2024 20:35,September,5.75,5.72
9/19/2024 20:40,September,5.74,5.72
9/19/2024 20:45,September,5.74,5.72
9/19/2024 20:50,September,3.55,3.53
9/19/2024 20:55,September,3.63,3.62
9/19/2024 21:00,September,3.31,3.29
9/19/2024 21:05,September,5.73,5.7
9/19/2024 21:10,September,3.69,3.67
9/19/2024 21:15,September,3.69,3.68
9/19/2024 21:20,September,3.7,3.68
9/19/2024 21:25,September,3.7,3.68
9/19/2024 21:30,September,3.71,3.69
9/19/2024 21:35,September,3.71,3.69
9/19/2024 21:40,September,2.97,2.95
9/19/2024 21:45,September,3.26,3.25
9/19/2024 21:50,September,3.64,3.62
9/19/2024 21:55,September,3.3,3.29
9/19/2024 22:00,September,3.26,3.24
9/19/2024 22:05,September,4.17,4.15
9/19/2024 22:10,September,3.68,3.66
9/19/2024 22:15,September,3.64,3.62
9/19/2024 22:20,September,3.66,3.64
9/19/2024 22:25,September,3.46,3.44
9/19/2024 22:30,September,3.46,3.44
9/19/2024 22:35,September,3.45,3.43
9/19/2024 22:40,September,3.45,3.43
9/19/2024 22:45,September,3.45,3.43
9/19/2024 22:50,September,3.37,3.35
9/19/2024 22:55,September,3.32,3.29
9/19/2024 23:00,September,3.03,3.01
9/19/2024 23:05,September,3.54,3.51
9/19/2024 23:10,September,3.46,3.44
9/19/2024 23:15,September,3.46,3.44
9/19/2024 23:20,September,3.46,3.44
9/19/2024 23:25,September,3.46,3.43
9/19/2024 23:30,September,3.46,3.43
9/19/2024 23:35,September,3.46,3.43
9/19/2024 23:40,September,3.45,3.43
9/19/2024 23:45,September,3.25,3.23
9/19/2024 23:50,September,3.07,3.05
9/19/2024 23:55,September,3.07,3.05
9/20/2024 0:00,September,2.99,2.97
9/20/2024 0:05,September,5.78,5.74
9/20/2024 0:10,September,3.65,3.63
9/20/2024 0:15,September,3.65,3.63
9/20/2024 0:20,September,3.53,3.51
9/20/2024 0:25,September,3.53,3.51
9/20/2024 0:30,September,3.66,3.64
9/20/2024 0:35,September,3.46,3.44
9/20/2024 0:40,September,3.53,3.51
9/20/2024 0:45,September,3.47,3.45
9/20/2024 0:50,September,3.94,3.92
9/20/2024 0:55,September,3.47,3.45
9/20/2024 1:00,September,3.53,3.51
9/20/2024 1:05,September,3.47,3.45
9/20/2024 1:10,September,3.46,3.45
9/20/2024 1:15,September,3.47,3.45
9/20/2024 1:20,September,3.46,3.44
9/20/2024 1:25,September,3.46,3.44
9/20/2024 1:30,September,3.46,3.44
9/20/2024 1:35,September,3.08,3.07
9/20/2024 1:40,September,2.99,2.98
9/20/2024 1:45,September,2.99,2.97
9/20/2024 1:50,September,2.96,2.95
9/20/2024 1:55,September,2.96,2.95
9/20/2024 2:00,September,2.86,2.84
9/20/2024 2:05,September,2.96,2.94
9/20/2024 2:10,September,2.84,2.83
9/20/2024 2:15,September,2.83,2.82
9/20/2024 2:20,September,2.95,2.94
9/20/2024 2:25,September,2.95,2.94
9/20/2024 2:30,September,2.85,2.83
9/20/2024 2:35,September,2.65,2.64
9/20/2024 2:40,September,1.77,1.76
9/20/2024 2:45,September,1.77,1.76
9/20/2024 2:50,September,1.77,1.77
9/20/2024 2:55,September,2.65,2.64
9/20/2024 3:00,September,2.61,2.6
9/20/2024 3:05,September,2.61,2.6
9/20/2024 3:10,September,2.65,2.63
9/20/2024 3:15,September,2.61,2.6
9/20/2024 3:20,September,2.61,2.6
9/20/2024 3:25,September,2.53,2.52
9/20/2024 3:30,September,2.28,2.27
9/20/2024 3:35,September,2.32,2.31
9/20/2024 3:40,September,2.64,2.63
9/20/2024 3:45,September,2.64,2.63
9/20/2024 3:50,September,2.64,2.63
9/20/2024 3:55,September,2.64,2.63
9/20/2024 4:00,September,2.64,2.63
9/20/2024 4:05,September,2.98,2.97
9/20/2024 4:10,September,3.3,3.29
9/20/2024 4:15,September,3.21,3.2
9/20/2024 4:20,September,3.03,3.01
9/20/2024 4:25,September,2.97,2.96
9/20/2024 4:30,September,2.97,2.96
9/20/2024 4:35,September,2.96,2.95
9/20/2024 4:40,September,2.94,2.93
9/20/2024 4:45,September,2.94,2.93
9/20/2024 4:50,September,2.94,2.93
9/20/2024 4:55,September,2.94,2.93
9/20/2024 5:00,September,2.94,2.93
9/20/2024 5:05,September,2.06,2.05
9/20/2024 5:10,September,2.06,2.05
9/20/2024 5:15,September,2.67,2.65
9/20/2024 5:20,September,2.94,2.93
9/20/2024 5:25,September,2.97,2.95
9/20/2024 5:30,September,2.99,2.97
9/20/2024 5:35,September,2.94,2.93
9/20/2024 5:40,September,2.95,2.93
9/20/2024 5:45,September,2.94,2.93
9/20/2024 5:50,September,2.94,2.93
9/20/2024 5:55,September,2.66,2.65
9/20/2024 6:00,September,2.93,2.91
9/20/2024 6:05,September,1.49,1.48
9/20/2024 6:10,September,1.91,1.9
9/20/2024 6:15,September,2.06,2.05
9/20/2024 6:20,September,2.46,2.45
9/20/2024 6:25,September,2.32,2.3
9/20/2024 6:30,September,2.32,2.31
9/20/2024 6:35,September,2.37,2.36
9/20/2024 6:40,September,2.38,2.37
9/20/2024 6:45,September,2.38,2.37
9/20/2024 6:50,September,2.72,2.71
9/20/2024 6:55,September,2.68,2.66
9/20/2024 7:00,September,2.85,2.84
9/20/2024 7:05,September,1.92,1.91
9/20/2024 7:10,September,2.31,2.3
9/20/2024 7:15,September,2.71,2.7
9/20/2024 7:20,September,2.84,2.83
9/20/2024 7:25,September,2.95,2.95
9/20/2024 7:30,September,3,3
9/20/2024 7:35,September,3.04,3.04
9/20/2024 7:40,September,3.03,3.03
9/20/2024 7:45,September,2.92,2.92
9/20/2024 7:50,September,3,3
9/20/2024 7:55,September,3.12,3.12
9/20/2024 8:00,September,3.43,3.43
9/20/2024 8:05,September,2.84,2.83
9/20/2024 8:10,September,3.06,3.06
9/20/2024 8:15,September,3.13,3.13
9/20/2024 8:20,September,3.12,3.12
9/20/2024 8:25,September,3.16,3.16
9/20/2024 8:30,September,3.27,3.27
9/20/2024 8:35,September,3.27,3.27
9/20/2024 8:40,September,3.41,3.41
9/20/2024 8:45,September,3.41,3.41
9/20/2024 8:50,September,3.41,3.42
9/20/2024 8:55,September,3.57,3.57
9/20/2024 9:00,September,3.57,3.57
9/20/2024 9:05,September,2.51,2.51
9/20/2024 9:10,September,3.07,3.08
9/20/2024 9:15,September,3.4,3.41
9/20/2024 9:20,September,3.12,3.13
9/20/2024 9:25,September,3.4,3.41
9/20/2024 9:30,September,3.41,3.42
9/20/2024 9:35,September,3.64,3.65
9/20/2024 9:40,September,5.68,5.69
9/20/2024 9:45,September,5.68,5.69
9/20/2024 9:50,September,3.66,3.66
9/20/2024 9:55,September,3.63,3.63
9/20/2024 10:00,September,3.66,3.67
9/20/2024 10:05,September,1.88,1.88
9/20/2024 10:10,September,2.93,2.93
9/20/2024 10:15,September,2.93,2.93
9/20/2024 10:20,September,3.1,3.1
9/20/2024 10:25,September,3.28,3.28
9/20/2024 10:30,September,3.15,3.15
9/20/2024 10:35,September,3.26,3.26
9/20/2024 10:40,September,3.13,3.12
9/20/2024 10:45,September,3.14,3.13
9/20/2024 10:50,September,3.01,3.01
9/20/2024 10:55,September,3.14,3.13
9/20/2024 11:00,September,3.12,3.12
9/20/2024 11:05,September,3.14,3.13
9/20/2024 11:10,September,3.54,3.55
9/20/2024 11:15,September,2.63,2.63
9/20/2024 11:20,September,3.13,3.13
9/20/2024 11:25,September,2.93,2.93
9/20/2024 11:30,September,3.05,3.05
9/20/2024 11:35,September,3.52,3.52
9/20/2024 11:40,September,3.48,3.48
9/20/2024 11:45,September,3.27,3.27
9/20/2024 11:50,September,2.93,2.93
9/20/2024 11:55,September,2.91,2.91
9/20/2024 12:00,September,2.93,2.93
9/20/2024 12:05,September,2.93,2.93
9/20/2024 12:10,September,2.99,2.99
9/20/2024 12:15,September,3.09,3.09
9/20/2024 12:20,September,3,3
9/20/2024 12:25,September,3.21,3.21
9/20/2024 12:30,September,2.93,2.93
9/20/2024 12:35,September,2.93,2.93
9/20/2024 12:40,September,3.12,3.11
9/20/2024 12:45,September,3.72,3.71
9/20/2024 12:50,September,3.48,3.48
9/20/2024 12:55,September,3.28,3.27
9/20/2024 13:00,September,3.96,3.96
9/20/2024 13:05,September,3.96,3.96
9/20/2024 13:10,September,3.96,3.96
9/20/2024 13:15,September,4.33,4.33
9/20/2024 13:20,September,4.33,4.33
9/20/2024 13:25,September,4.32,4.33
9/20/2024 13:30,September,4.32,4.33
9/20/2024 13:35,September,4.19,4.2
9/20/2024 13:40,September,3.99,3.99
9/20/2024 13:45,September,4.63,4.63
9/20/2024 13:50,September,4.62,4.63
9/20/2024 13:55,September,4.63,4.64
9/20/2024 14:00,September,5.69,5.7
9/20/2024 14:05,September,5.38,5.39
9/20/2024 14:10,September,4.35,4.36
9/20/2024 14:15,September,4.35,4.36
9/20/2024 14:20,September,4.35,4.36
9/20/2024 14:25,September,4.34,4.35
9/20/2024 14:30,September,4.34,4.36
9/20/2024 14:35,September,4.34,4.35
9/20/2024 14:40,September,4.35,4.36
9/20/2024 14:45,September,4.35,4.36
9/20/2024 14:50,September,3.9,3.91
9/20/2024 14:55,September,4.34,4.35
9/20/2024 15:00,September,3.91,3.92
9/20/2024 15:05,September,3.72,3.73
9/20/2024 15:10,September,4.31,4.31
9/20/2024 15:15,September,3.59,3.59
9/20/2024 15:20,September,4.29,4.3
9/20/2024 15:25,September,4.72,4.73
9/20/2024 15:30,September,3.28,3.29
9/20/2024 15:35,September,3.63,3.63
9/20/2024 15:40,September,3.9,3.91
9/20/2024 15:45,September,4.2,4.2
9/20/2024 15:50,September,4.19,4.2
9/20/2024 15:55,September,3.62,3.63
9/20/2024 16:00,September,3.63,3.63
9/20/2024 16:05,September,3.89,3.9
9/20/2024 16:10,September,3.73,3.73
9/20/2024 16:15,September,3.62,3.62
9/20/2024 16:20,September,3.98,3.98
9/20/2024 16:25,September,3.89,3.89
9/20/2024 16:30,September,3.89,3.89
9/20/2024 16:35,September,3.89,3.89
9/20/2024 16:40,September,3.89,3.89
9/20/2024 16:45,September,3.6,3.6
9/20/2024 16:50,September,3.6,3.6
9/20/2024 16:55,September,2.93,2.93
9/20/2024 17:00,September,2.95,2.95
9/20/2024 17:05,September,1.95,1.95
9/20/2024 17:10,September,2.64,2.64
9/20/2024 17:15,September,2.64,2.64
9/20/2024 17:20,September,2.93,2.93
9/20/2024 17:25,September,2.96,2.96
9/20/2024 17:30,September,2.95,2.95
9/20/2024 17:35,September,2.95,2.95
9/20/2024 17:40,September,3.58,3.58
9/20/2024 17:45,September,4.52,4.52
9/20/2024 17:50,September,4.53,4.52
9/20/2024 17:55,September,4.53,4.52
9/20/2024 18:00,September,4.53,4.52
9/20/2024 18:05,September,4.52,4.52
9/20/2024 18:10,September,4.52,4.52
9/20/2024 18:15,September,4.52,4.52
9/20/2024 18:20,September,4.52,4.51
9/20/2024 18:25,September,4.52,4.52
9/20/2024 18:30,September,4.91,4.91
9/20/2024 18:35,September,4.52,4.52
9/20/2024 18:40,September,4.51,4.51
9/20/2024 18:45,September,4.51,4.51
9/20/2024 18:50,September,4,4
9/20/2024 18:55,September,3.6,3.6
9/20/2024 19:00,September,3.3,3.3
9/20/2024 19:05,September,4.51,4.51
9/20/2024 19:10,September,3.99,3.99
9/20/2024 19:15,September,3.3,3.3
9/20/2024 19:20,September,3.64,3.64
9/20/2024 19:25,September,3.9,3.9
9/20/2024 19:30,September,3.67,3.66
9/20/2024 19:35,September,3.3,3.3
9/20/2024 19:40,September,3.65,3.65
9/20/2024 19:45,September,3.65,3.65
9/20/2024 19:50,September,3.66,3.66
9/20/2024 19:55,September,3.6,3.6
9/20/2024 20:00,September,3.61,3.6
9/20/2024 20:05,September,5.4,5.39
9/20/2024 20:10,September,4.51,4.51
9/20/2024 20:15,September,4.51,4.51
9/20/2024 20:20,September,4.51,4.51
9/20/2024 20:25,September,4.51,4.5
9/20/2024 20:30,September,4.5,4.49
9/20/2024 20:35,September,3.67,3.66
9/20/2024 20:40,September,3.9,3.9
9/20/2024 20:45,September,4.5,4.5
9/20/2024 20:50,September,3.61,3.6
9/20/2024 20:55,September,2.95,2.94
9/20/2024 21:00,September,3.51,3.5
9/20/2024 21:05,September,5.39,5.39
9/20/2024 21:10,September,4.92,4.91
9/20/2024 21:15,September,4.59,4.58
9/20/2024 21:20,September,4.53,4.52
9/20/2024 21:25,September,4.58,4.57
9/20/2024 21:30,September,4.58,4.57
9/20/2024 21:35,September,4.52,4.51
9/20/2024 21:40,September,4.38,4.37
9/20/2024 21:45,September,3.72,3.71
9/20/2024 21:50,September,3.72,3.71
9/20/2024 21:55,September,3.71,3.69
9/20/2024 22:00,September,3.28,3.27
9/20/2024 22:05,September,4.37,4.36
9/20/2024 22:10,September,3.62,3.61
9/20/2024 22:15,September,3.62,3.61
9/20/2024 22:20,September,3.65,3.63
9/20/2024 22:25,September,3.95,3.94
9/20/2024 22:30,September,3.69,3.68
9/20/2024 22:35,September,3.7,3.69
9/20/2024 22:40,September,3.45,3.43
9/20/2024 22:45,September,3.44,3.43
9/20/2024 22:50,September,3.3,3.29
9/20/2024 22:55,September,3.3,3.29
9/20/2024 23:00,September,3.23,3.22
9/20/2024 23:05,September,5.39,5.37
9/20/2024 23:10,September,3.62,3.61
9/20/2024 23:15,September,3.43,3.42
9/20/2024 23:20,September,3.43,3.42
9/20/2024 23:25,September,3.43,3.42
9/20/2024 23:30,September,2.98,2.97
9/20/2024 23:35,September,2.98,2.97
9/20/2024 23:40,September,2.98,2.97
9/20/2024 23:45,September,2.93,2.92
9/20/2024 23:50,September,2.82,2.81
9/20/2024 23:55,September,2.82,2.81
9/21/2024 0:00,September,2.61,2.6
9/21/2024 0:05,September,3.51,3.49
9/21/2024 0:10,September,3.42,3.41
9/21/2024 0:15,September,3.28,3.27
9/21/2024 0:20,September,3.28,3.27
9/21/2024 0:25,September,3.04,3.03
9/21/2024 0:30,September,3.42,3.41
9/21/2024 0:35,September,3.23,3.23
9/21/2024 0:40,September,2.94,2.93
9/21/2024 0:45,September,3.05,3.04
9/21/2024 0:50,September,3.05,3.04
9/21/2024 0:55,September,3.2,3.19
9/21/2024 1:00,September,3.06,3.05
9/21/2024 1:05,September,3.2,3.19
9/21/2024 1:10,September,3.04,3.04
9/21/2024 1:15,September,3.19,3.19
9/21/2024 1:20,September,2.96,2.95
9/21/2024 1:25,September,2.96,2.95
9/21/2024 1:30,September,2.93,2.92
9/21/2024 1:35,September,2.93,2.92
9/21/2024 1:40,September,2.92,2.91
9/21/2024 1:45,September,2.68,2.67
9/21/2024 1:50,September,2.82,2.82
9/21/2024 1:55,September,2.95,2.95
9/21/2024 2:00,September,2.93,2.92
9/21/2024 2:05,September,3.01,3.01
9/21/2024 2:10,September,2.93,2.92
9/21/2024 2:15,September,2.96,2.95
9/21/2024 2:20,September,2.83,2.83
9/21/2024 2:25,September,2.93,2.92
9/21/2024 2:30,September,2.93,2.92
9/21/2024 2:35,September,2.95,2.95
9/21/2024 2:40,September,2.96,2.95
9/21/2024 2:45,September,3.14,3.13
9/21/2024 2:50,September,2.96,2.95
9/21/2024 2:55,September,2.61,2.61
9/21/2024 3:00,September,2.93,2.92
9/21/2024 3:05,September,2.93,2.92
9/21/2024 3:10,September,2.61,2.61
9/21/2024 3:15,September,2.92,2.92
9/21/2024 3:20,September,2.92,2.92
9/21/2024 3:25,September,2.62,2.61
9/21/2024 3:30,September,2.92,2.92
9/21/2024 3:35,September,2.92,2.92
9/21/2024 3:40,September,2.92,2.92
9/21/2024 3:45,September,2.62,2.61
9/21/2024 3:50,September,2.92,2.92
9/21/2024 3:55,September,2.94,2.94
9/21/2024 4:00,September,2.92,2.92
9/21/2024 4:05,September,2.92,2.92
9/21/2024 4:10,September,2.94,2.93
9/21/2024 4:15,September,2.93,2.92
9/21/2024 4:20,September,2.61,2.61
9/21/2024 4:25,September,2.82,2.82
9/21/2024 4:30,September,2.61,2.61
9/21/2024 4:35,September,2.92,2.92
9/21/2024 4:40,September,2.92,2.92
9/21/2024 4:45,September,2.95,2.95
9/21/2024 4:50,September,2.94,2.93
9/21/2024 4:55,September,2.94,2.93
9/21/2024 5:00,September,2.92,2.92
9/21/2024 5:05,September,1.59,1.59
9/21/2024 5:10,September,2.36,2.36
9/21/2024 5:15,September,2.62,2.62
9/21/2024 5:20,September,2.92,2.92
9/21/2024 5:25,September,2.84,2.84
9/21/2024 5:30,September,2.95,2.94
9/21/2024 5:35,September,3,2.99
9/21/2024 5:40,September,2.93,2.93
9/21/2024 5:45,September,2.92,2.92
9/21/2024 5:50,September,2.92,2.92
9/21/2024 5:55,September,2.92,2.92
9/21/2024 6:00,September,2.86,2.85
9/21/2024 6:05,September,1.59,1.59
9/21/2024 6:10,September,2.53,2.52
9/21/2024 6:15,September,2.54,2.53
9/21/2024 6:20,September,2.61,2.61
9/21/2024 6:25,September,2.81,2.8
9/21/2024 6:30,September,2.62,2.62
9/21/2024 6:35,September,2.56,2.56
9/21/2024 6:40,September,2.62,2.61
9/21/2024 6:45,September,2.61,2.61
9/21/2024 6:50,September,2.62,2.61
9/21/2024 6:55,September,2.73,2.72
9/21/2024 7:00,September,2.62,2.61
9/21/2024 7:05,September,1.45,1.45
9/21/2024 7:10,September,1.48,1.48
9/21/2024 7:15,September,1.65,1.65
9/21/2024 7:20,September,2.53,2.53
9/21/2024 7:25,September,2.61,2.61
9/21/2024 7:30,September,2.61,2.61
9/21/2024 7:35,September,2.61,2.61
9/21/2024 7:40,September,2.84,2.84
9/21/2024 7:45,September,2.87,2.87
9/21/2024 7:50,September,2.92,2.92
9/21/2024 7:55,September,3.01,3.01
9/21/2024 8:00,September,3.2,3.2
9/21/2024 8:05,September,1.63,1.63
9/21/2024 8:10,September,2.62,2.61
9/21/2024 8:15,September,2.61,2.61
9/21/2024 8:20,September,2.71,2.71
9/21/2024 8:25,September,2.72,2.72
9/21/2024 8:30,September,2.62,2.61
9/21/2024 8:35,September,2.84,2.83
9/21/2024 8:40,September,2.74,2.74
9/21/2024 8:45,September,2.73,2.72
9/21/2024 8:50,September,2.83,2.83
9/21/2024 8:55,September,2.95,2.94
9/21/2024 9:00,September,3.14,3.13
9/21/2024 9:05,September,2.62,2.62
9/21/2024 9:10,September,3.22,3.22
9/21/2024 9:15,September,2.93,2.93
9/21/2024 9:20,September,3,2.99
9/21/2024 9:25,September,2.99,2.99
9/21/2024 9:30,September,3.05,3.05
9/21/2024 9:35,September,3,3
9/21/2024 9:40,September,3.1,3.1
9/21/2024 9:45,September,2.94,2.94
9/21/2024 9:50,September,3.12,3.12
9/21/2024 9:55,September,3.18,3.19
9/21/2024 10:00,September,3.4,3.41
9/21/2024 10:05,September,2.6,2.6
9/21/2024 10:10,September,3.02,3.02
9/21/2024 10:15,September,2.61,2.62
9/21/2024 10:20,September,3.01,3.01
9/21/2024 10:25,September,3.18,3.18
9/21/2024 10:30,September,3.14,3.14
9/21/2024 10:35,September,3.25,3.25
9/21/2024 10:40,September,3.14,3.15
9/21/2024 10:45,September,3.25,3.26
9/21/2024 10:50,September,3.27,3.27
9/21/2024 10:55,September,3.23,3.24
9/21/2024 11:00,September,3.19,3.2
9/21/2024 11:05,September,3.28,3.29
9/21/2024 11:10,September,3.26,3.26
9/21/2024 11:15,September,3.47,3.47
9/21/2024 11:20,September,3.47,3.47
9/21/2024 11:25,September,3.15,3.16
9/21/2024 11:30,September,2.93,2.94
9/21/2024 11:35,September,3.12,3.13
9/21/2024 11:40,September,3.14,3.15
9/21/2024 11:45,September,2.54,2.55
9/21/2024 11:50,September,2.6,2.61
9/21/2024 11:55,September,2.54,2.55
9/21/2024 12:00,September,2.6,2.61
9/21/2024 12:05,September,1.94,1.95
9/21/2024 12:10,September,2.6,2.61
9/21/2024 12:15,September,2.6,2.61
9/21/2024 12:20,September,2.6,2.61
9/21/2024 12:25,September,3.27,3.28
9/21/2024 12:30,September,3.25,3.26
9/21/2024 12:35,September,3.11,3.12
9/21/2024 12:40,September,3.12,3.13
9/21/2024 12:45,September,3.12,3.14
9/21/2024 12:50,September,3.13,3.14
9/21/2024 12:55,September,3.14,3.15
9/21/2024 13:00,September,3.14,3.15
9/21/2024 13:05,September,3.14,3.15
9/21/2024 13:10,September,3.23,3.24
9/21/2024 13:15,September,4.46,4.48
9/21/2024 13:20,September,3.47,3.48
9/21/2024 13:25,September,3.43,3.44
9/21/2024 13:30,September,3.27,3.28
9/21/2024 13:35,September,3,3.01
9/21/2024 13:40,September,3.13,3.15
9/21/2024 13:45,September,2.93,2.95
9/21/2024 13:50,September,2.93,2.93
9/21/2024 13:55,September,2.94,2.95
9/21/2024 14:00,September,2.94,2.95
9/21/2024 14:05,September,3.27,3.28
9/21/2024 14:10,September,3.23,3.24
9/21/2024 14:15,September,3.29,3.29
9/21/2024 14:20,September,3.17,3.17
9/21/2024 14:25,September,3.2,3.2
9/21/2024 14:30,September,3.2,3.2
9/21/2024 14:35,September,3.28,3.28
9/21/2024 14:40,September,3.16,3.16
9/21/2024 14:45,September,2.96,2.95
9/21/2024 14:50,September,3.16,3.16
9/21/2024 14:55,September,2.94,2.94
9/21/2024 15:00,September,2.94,2.94
9/21/2024 15:05,September,2.93,2.93
9/21/2024 15:10,September,2.93,2.93
9/21/2024 15:15,September,2.93,2.93
9/21/2024 15:20,September,2.96,2.96
9/21/2024 15:25,September,2.94,2.93
9/21/2024 15:30,September,2.95,2.95
9/21/2024 15:35,September,2.62,2.62
9/21/2024 15:40,September,2.94,2.94
9/21/2024 15:45,September,1.92,1.92
9/21/2024 15:50,September,2.62,2.62
9/21/2024 15:55,September,2.62,2.62
9/21/2024 16:00,September,1.77,1.77
9/21/2024 16:05,September,2.62,2.62
9/21/2024 16:10,September,2.62,2.62
9/21/2024 16:15,September,2.92,2.92
9/21/2024 16:20,September,2.92,2.92
9/21/2024 16:25,September,2.93,2.93
9/21/2024 16:30,September,2.93,2.92
9/21/2024 16:35,September,2.62,2.62
9/21/2024 16:40,September,2.62,2.62
9/21/2024 16:45,September,2.3,2.3
9/21/2024 16:50,September,2.3,2.3
9/21/2024 16:55,September,2.3,2.3
9/21/2024 17:00,September,2.31,2.3
9/21/2024 17:05,September,2.63,2.62
9/21/2024 17:10,September,3.05,3.04
9/21/2024 17:15,September,2.84,2.84
9/21/2024 17:20,September,2.84,2.84
9/21/2024 17:25,September,2.85,2.84
9/21/2024 17:30,September,3.16,3.16
9/21/2024 17:35,September,3.21,3.2
9/21/2024 17:40,September,3.17,3.16
9/21/2024 17:45,September,2.94,2.93
9/21/2024 17:50,September,3.93,3.93
9/21/2024 17:55,September,3.17,3.16
9/21/2024 18:00,September,3.48,3.47
9/21/2024 18:05,September,2.96,2.95
9/21/2024 18:10,September,4.53,4.52
9/21/2024 18:15,September,4.52,4.51
9/21/2024 18:20,September,4.53,4.52
9/21/2024 18:25,September,4.71,4.7
9/21/2024 18:30,September,3.99,3.98
9/21/2024 18:35,September,3.3,3.3
9/21/2024 18:40,September,3.72,3.71
9/21/2024 18:45,September,3.62,3.61
9/21/2024 18:50,September,3.13,3.12
9/21/2024 18:55,September,3.19,3.18
9/21/2024 19:00,September,3.15,3.14
9/21/2024 19:05,September,3.18,3.17
9/21/2024 19:10,September,2.95,2.94
9/21/2024 19:15,September,3.18,3.17
9/21/2024 19:20,September,3.18,3.17
9/21/2024 19:25,September,3.18,3.17
9/21/2024 19:30,September,3.18,3.17
9/21/2024 19:35,September,3.12,3.11
9/21/2024 19:40,September,3.13,3.12
9/21/2024 19:45,September,3.18,3.17
9/21/2024 19:50,September,3.17,3.16
9/21/2024 19:55,September,2.96,2.95
9/21/2024 20:00,September,2.97,2.96
9/21/2024 20:05,September,4.53,4.52
9/21/2024 20:10,September,3.61,3.6
9/21/2024 20:15,September,3.18,3.17
9/21/2024 20:20,September,3.3,3.29
9/21/2024 20:25,September,3.18,3.17
9/21/2024 20:30,September,3.3,3.29
9/21/2024 20:35,September,2.95,2.94
9/21/2024 20:40,September,3.06,3.05
9/21/2024 20:45,September,3.07,3.06
9/21/2024 20:50,September,3.16,3.15
9/21/2024 20:55,September,3.05,3.04
9/21/2024 21:00,September,2.96,2.95
9/21/2024 21:05,September,4.53,4.51
9/21/2024 21:10,September,3.73,3.71
9/21/2024 21:15,September,4.27,4.25
9/21/2024 21:20,September,3.64,3.62
9/21/2024 21:25,September,3.63,3.62
9/21/2024 21:30,September,3.66,3.64
9/21/2024 21:35,September,3.74,3.72
9/21/2024 21:40,September,3.16,3.14
9/21/2024 21:45,September,3.31,3.3
9/21/2024 21:50,September,3.23,3.21
9/21/2024 21:55,September,2.96,2.95
9/21/2024 22:00,September,3.08,3.07
9/21/2024 22:05,September,3.62,3.6
9/21/2024 22:10,September,3.24,3.23
9/21/2024 22:15,September,1.52,1.52
9/21/2024 22:20,September,1.04,1.04
9/21/2024 22:25,September,1.02,1.02
9/21/2024 22:30,September,0.89,0.89
9/21/2024 22:35,September,0,0
9/21/2024 22:40,September,0,0
9/21/2024 22:45,September,0,0
9/21/2024 22:50,September,0,0
9/21/2024 22:55,September,0,0
9/21/2024 23:00,September,0,0
9/21/2024 23:05,September,0,0
9/21/2024 23:10,September,0,0
9/21/2024 23:15,September,0,0
9/21/2024 23:20,September,0.94,0.94
9/21/2024 23:25,September,0.99,0.99
9/21/2024 23:30,September,0,0
9/21/2024 23:35,September,0,0
9/21/2024 23:40,September,0,0
9/21/2024 23:45,September,0,0
9/21/2024 23:50,September,0,0
9/21/2024 23:55,September,0,0
9/22/2024 0:00,September,0,0
9/22/2024 0:05,September,1.59,1.59
9/22/2024 0:10,September,1.61,1.61
9/22/2024 0:15,September,2.85,2.85
9/22/2024 0:20,September,2.95,2.95
9/22/2024 0:25,September,2.85,2.85
9/22/2024 0:30,September,1.59,1.59
9/22/2024 0:35,September,1.61,1.61
9/22/2024 0:40,September,1.59,1.59
9/22/2024 0:45,September,0.83,0.83
9/22/2024 0:50,September,1.59,1.59
9/22/2024 0:55,September,0.83,0.83
9/22/2024 1:00,September,0.83,0.83
9/22/2024 1:05,September,1.61,1.61
9/22/2024 1:10,September,1.59,1.59
9/22/2024 1:15,September,1.61,1.61
9/22/2024 1:20,September,1.61,1.61
9/22/2024 1:25,September,1.61,1.61
9/22/2024 1:30,September,1.61,1.61
9/22/2024 1:35,September,0.83,0.83
9/22/2024 1:40,September,0,0
9/22/2024 1:45,September,0.1,0.1
9/22/2024 1:50,September,0,0
9/22/2024 1:55,September,0,0
9/22/2024 2:00,September,0,0
9/22/2024 2:05,September,0.83,0.83
9/22/2024 2:10,September,0.83,0.83
9/22/2024 2:15,September,0,0
9/22/2024 2:20,September,0.35,0.35
9/22/2024 2:25,September,0.35,0.35
9/22/2024 2:30,September,0,0
9/22/2024 2:35,September,0,0
9/22/2024 2:40,September,0,0
9/22/2024 2:45,September,0,0
9/22/2024 2:50,September,0,0
9/22/2024 2:55,September,0,0
9/22/2024 3:00,September,0,0
9/22/2024 3:05,September,0.83,0.83
9/22/2024 3:10,September,0.81,0.81
9/22/2024 3:15,September,0.81,0.81
9/22/2024 3:20,September,0.1,0.1
9/22/2024 3:25,September,0.69,0.69
9/22/2024 3:30,September,0.09,0.09
9/22/2024 3:35,September,0,0
9/22/2024 3:40,September,0,0
9/22/2024 3:45,September,0,0
9/22/2024 3:50,September,0.1,0.1
9/22/2024 3:55,September,0.09,0.09
9/22/2024 4:00,September,0.19,0.19
9/22/2024 4:05,September,0.35,0.35
9/22/2024 4:10,September,0.81,0.81
9/22/2024 4:15,September,0,0
9/22/2024 4:20,September,0,0
9/22/2024 4:25,September,0,0
9/22/2024 4:30,September,0,0
9/22/2024 4:35,September,0,0
9/22/2024 4:40,September,0,0
9/22/2024 4:45,September,0,0
9/22/2024 4:50,September,0,0
9/22/2024 4:55,September,0,0
9/22/2024 5:00,September,0,0
9/22/2024 5:05,September,0,0
9/22/2024 5:10,September,0,0
9/22/2024 5:15,September,0,0
9/22/2024 5:20,September,0,0
9/22/2024 5:25,September,0,0
9/22/2024 5:30,September,0,0
9/22/2024 5:35,September,0,0
9/22/2024 5:40,September,0,0
9/22/2024 5:45,September,0,0
9/22/2024 5:50,September,0,0
9/22/2024 5:55,September,0,0
9/22/2024 6:00,September,0,0
9/22/2024 6:05,September,0.83,0.83
9/22/2024 6:10,September,1.61,1.61
9/22/2024 6:15,September,0,0
9/22/2024 6:20,September,0,0
9/22/2024 6:25,September,0,0
9/22/2024 6:30,September,0.83,0.83
9/22/2024 6:35,September,0,0
9/22/2024 6:40,September,0,0
9/22/2024 6:45,September,0,0
9/22/2024 6:50,September,0,0
9/22/2024 6:55,September,0,0
9/22/2024 7:00,September,0,0
9/22/2024 7:05,September,0,0
9/22/2024 7:10,September,0,0
9/22/2024 7:15,September,0.35,0.35
9/22/2024 7:20,September,0,0
9/22/2024 7:25,September,0,0
9/22/2024 7:30,September,0,0
9/22/2024 7:35,September,0,0
9/22/2024 7:40,September,0,0
9/22/2024 7:45,September,0,0
9/22/2024 7:50,September,0,0
9/22/2024 7:55,September,0,0
9/22/2024 8:00,September,0,0
9/22/2024 8:05,September,-0.01,-0.01
9/22/2024 8:10,September,0,0
9/22/2024 8:15,September,-1.04,-1.04
9/22/2024 8:20,September,-0.01,-0.01
9/22/2024 8:25,September,0,0
9/22/2024 8:30,September,-1.01,-1.01
9/22/2024 8:35,September,-0.51,-0.51
9/22/2024 8:40,September,-0.51,-0.51
9/22/2024 8:45,September,-0.51,-0.51
9/22/2024 8:50,September,-1.03,-1.03
9/22/2024 8:55,September,-0.51,-0.51
9/22/2024 9:00,September,0,0
9/22/2024 9:05,September,0,0
9/22/2024 9:10,September,0,0
9/22/2024 9:15,September,-0.01,-0.01
9/22/2024 9:20,September,0,0
9/22/2024 9:25,September,-10.15,-10.15
9/22/2024 9:30,September,0,0
9/22/2024 9:35,September,0,0
9/22/2024 9:40,September,0,0
9/22/2024 9:45,September,0,0
9/22/2024 9:50,September,0,0
9/22/2024 9:55,September,0,0
9/22/2024 10:00,September,0,0
9/22/2024 10:05,September,0,0
9/22/2024 10:10,September,-0.51,-0.51
9/22/2024 10:15,September,-1.01,-1.01
9/22/2024 10:20,September,-0.01,-0.01
9/22/2024 10:25,September,0,0
9/22/2024 10:30,September,0,0
9/22/2024 10:35,September,0,0
9/22/2024 10:40,September,0,0
9/22/2024 10:45,September,0,0
9/22/2024 10:50,September,0,0
9/22/2024 10:55,September,0,0
9/22/2024 11:00,September,0,0
9/22/2024 11:05,September,-1.02,-1.02
9/22/2024 11:10,September,-1.02,-1.02
9/22/2024 11:15,September,-1.02,-1.02
9/22/2024 11:20,September,-0.51,-0.51
9/22/2024 11:25,September,-1.02,-1.02
9/22/2024 11:30,September,-1,-1
9/22/2024 11:35,September,0,0
9/22/2024 11:40,September,0.33,0.33
9/22/2024 11:45,September,1.17,1.17
9/22/2024 11:50,September,0,0
9/22/2024 11:55,September,-0.47,-0.47
9/22/2024 12:00,September,-0.48,-0.48
9/22/2024 12:05,September,-1.03,-1.03
9/22/2024 12:10,September,-1.03,-1.03
9/22/2024 12:15,September,0,0
9/22/2024 12:20,September,0,0
9/22/2024 12:25,September,-0.51,-0.51
9/22/2024 12:30,September,-0.07,-0.07
9/22/2024 12:35,September,-1.03,-1.03
9/22/2024 12:40,September,0,0
9/22/2024 12:45,September,0,0
9/22/2024 12:50,September,-0.07,-0.07
9/22/2024 12:55,September,0,0
9/22/2024 13:00,September,-0.01,-0.01
9/22/2024 13:05,September,-0.23,-0.23
9/22/2024 13:10,September,0,0
9/22/2024 13:15,September,0,0
9/22/2024 13:20,September,0,0
9/22/2024 13:25,September,0,0
9/22/2024 13:30,September,0,0
9/22/2024 13:35,September,0,0
9/22/2024 13:40,September,0,0
9/22/2024 13:45,September,0,0
9/22/2024 13:50,September,0,0
9/22/2024 13:55,September,0,0
9/22/2024 14:00,September,0,0
9/22/2024 14:05,September,0,0
9/22/2024 14:10,September,0,0
9/22/2024 14:15,September,0,0
9/22/2024 14:20,September,0,0
9/22/2024 14:25,September,0,0
9/22/2024 14:30,September,0,0
9/22/2024 14:35,September,0,0
9/22/2024 14:40,September,0,0
9/22/2024 14:45,September,0,0
9/22/2024 14:50,September,0,0
9/22/2024 14:55,September,0,0
9/22/2024 15:00,September,0,0
9/22/2024 15:05,September,0.76,0.76
9/22/2024 15:10,September,0,0
9/22/2024 15:15,September,0.52,0.52
9/22/2024 15:20,September,0.76,0.76
9/22/2024 15:25,September,0.76,0.76
9/22/2024 15:30,September,0,0
9/22/2024 15:35,September,0.76,0.76
9/22/2024 15:40,September,0.76,0.76
9/22/2024 15:45,September,0,0
9/22/2024 15:50,September,0.76,0.76
9/22/2024 15:55,September,0.8,0.8
9/22/2024 16:00,September,0.75,0.75
9/22/2024 16:05,September,0.98,0.98
9/22/2024 16:10,September,0,0
9/22/2024 16:15,September,0,0
9/22/2024 16:20,September,0.76,0.76
9/22/2024 16:25,September,0.75,0.75
9/22/2024 16:30,September,0.75,0.75
9/22/2024 16:35,September,0.75,0.75
9/22/2024 16:40,September,0.76,0.76
9/22/2024 16:45,September,0.76,0.76
9/22/2024 16:50,September,0.78,0.78
9/22/2024 16:55,September,0.76,0.76
9/22/2024 17:00,September,0.8,0.8
9/22/2024 17:05,September,0.16,0.16
9/22/2024 17:10,September,0.8,0.8
9/22/2024 17:15,September,0.78,0.78
9/22/2024 17:20,September,0.76,0.76
9/22/2024 17:25,September,1.63,1.63
9/22/2024 17:30,September,1.63,1.63
9/22/2024 17:35,September,2.72,2.72
9/22/2024 17:40,September,3.05,3.05
9/22/2024 17:45,September,3.27,3.27
9/22/2024 17:50,September,3.36,3.36
9/22/2024 17:55,September,3.97,3.97
9/22/2024 18:00,September,3.96,3.96
9/22/2024 18:05,September,4.99,4.99
9/22/2024 18:10,September,5.27,5.27
9/22/2024 18:15,September,5.74,5.74
9/22/2024 18:20,September,8.13,8.13
9/22/2024 18:25,September,8.13,8.13
9/22/2024 18:30,September,5.75,5.75
9/22/2024 18:35,September,5.75,5.75
9/22/2024 18:40,September,5.52,5.52
9/22/2024 18:45,September,5.52,5.52
9/22/2024 18:50,September,5.27,5.27
9/22/2024 18:55,September,5.01,5.01
9/22/2024 19:00,September,3.38,3.38
9/22/2024 19:05,September,2.94,2.94
9/22/2024 19:10,September,3.12,3.12
9/22/2024 19:15,September,3.25,3.25
9/22/2024 19:20,September,5.27,5.27
9/22/2024 19:25,September,3.05,3.05
9/22/2024 19:30,September,2.94,2.94
9/22/2024 19:35,September,2.96,2.96
9/22/2024 19:40,September,2.96,2.96
9/22/2024 19:45,September,3.05,3.05
9/22/2024 19:50,September,2.94,2.94
9/22/2024 19:55,September,2.96,2.96
9/22/2024 20:00,September,2.86,2.86
9/22/2024 20:05,September,2.94,2.94
9/22/2024 20:10,September,2.86,2.86
9/22/2024 20:15,September,2.86,2.86
9/22/2024 20:20,September,5.21,5.19
9/22/2024 20:25,September,3.26,3.24
9/22/2024 20:30,September,5.18,5.16
9/22/2024 20:35,September,5.16,5.14
9/22/2024 20:40,September,5.16,5.14
9/22/2024 20:45,September,5.4,5.38
9/22/2024 20:50,September,5.15,5.14
9/22/2024 20:55,September,2.94,2.94
9/22/2024 21:00,September,2.86,2.86
9/22/2024 21:05,September,2.59,2.59
9/22/2024 21:10,September,2.73,2.73
9/22/2024 21:15,September,2.59,2.59
9/22/2024 21:20,September,2.59,2.59
9/22/2024 21:25,September,2.53,2.53
9/22/2024 21:30,September,2.59,2.59
9/22/2024 21:35,September,1.59,1.59
9/22/2024 21:40,September,2.73,2.73
9/22/2024 21:45,September,2.59,2.59
9/22/2024 21:50,September,2.77,2.76
9/22/2024 21:55,September,3.86,3.84
9/22/2024 22:00,September,3.73,3.71
9/22/2024 22:05,September,2.81,2.8
9/22/2024 22:10,September,3.25,3.24
9/22/2024 22:15,September,2.31,2.3
9/22/2024 22:20,September,2.3,2.29
9/22/2024 22:25,September,2.63,2.62
9/22/2024 22:30,September,2.96,2.95
9/22/2024 22:35,September,2.63,2.62
9/22/2024 22:40,September,2.37,2.36
9/22/2024 22:45,September,1.63,1.62
9/22/2024 22:50,September,1.63,1.62
9/22/2024 22:55,September,2.79,2.78
9/22/2024 23:00,September,1.88,1.87
9/22/2024 23:05,September,5.81,5.79
9/22/2024 23:10,September,3.96,3.95
9/22/2024 23:15,September,3.46,3.45
9/22/2024 23:20,September,3.3,3.29
9/22/2024 23:25,September,3.17,3.15
9/22/2024 23:30,September,2.94,2.92
9/22/2024 23:35,September,2.81,2.8
9/22/2024 23:40,September,2.37,2.36
9/22/2024 23:45,September,2.52,2.51
9/22/2024 23:50,September,1.57,1.56
9/22/2024 23:55,September,1.57,1.57
9/23/2024 0:00,September,1.87,1.87
9/23/2024 0:05,September,4.53,4.51
9/23/2024 0:10,September,3,2.98
9/23/2024 0:15,September,3.15,3.13
9/23/2024 0:20,September,2.97,2.95
9/23/2024 0:25,September,2.94,2.92
9/23/2024 0:30,September,2.97,2.95
9/23/2024 0:35,September,2.77,2.76
9/23/2024 0:40,September,2.63,2.62
9/23/2024 0:45,September,2.63,2.62
9/23/2024 0:50,September,2.78,2.76
9/23/2024 0:55,September,2.85,2.84
9/23/2024 1:00,September,3.17,3.16
9/23/2024 1:05,September,3.5,3.49
9/23/2024 1:10,September,3.5,3.49
9/23/2024 1:15,September,3,2.99
9/23/2024 1:20,September,3.25,3.23
9/23/2024 1:25,September,3.24,3.23
9/23/2024 1:30,September,3.3,3.29
9/23/2024 1:35,September,3.31,3.29
9/23/2024 1:40,September,3.31,3.3
9/23/2024 1:45,September,3.31,3.3
9/23/2024 1:50,September,3.51,3.5
9/23/2024 1:55,September,3.25,3.23
9/23/2024 2:00,September,3.24,3.23
9/23/2024 2:05,September,3.31,3.3
9/23/2024 2:10,September,3.25,3.24
9/23/2024 2:15,September,2.97,2.96
9/23/2024 2:20,September,2.97,2.96
9/23/2024 2:25,September,2.79,2.79
9/23/2024 2:30,September,2.79,2.78
9/23/2024 2:35,September,2.94,2.93
9/23/2024 2:40,September,3.02,3.01
9/23/2024 2:45,September,2.94,2.93
9/23/2024 2:50,September,2.79,2.78
9/23/2024 2:55,September,2.63,2.62
9/23/2024 3:00,September,2.63,2.62
9/23/2024 3:05,September,2.63,2.62
9/23/2024 3:10,September,2.63,2.62
9/23/2024 3:15,September,2.94,2.93
9/23/2024 3:20,September,2.94,2.93
9/23/2024 3:25,September,2.8,2.79
9/23/2024 3:30,September,2.8,2.79
9/23/2024 3:35,September,2.85,2.84
9/23/2024 3:40,September,2.94,2.93
9/23/2024 3:45,September,2.8,2.79
9/23/2024 3:50,September,2.85,2.84
9/23/2024 3:55,September,2.96,2.96
9/23/2024 4:00,September,2.94,2.93
9/23/2024 4:05,September,2.94,2.93
9/23/2024 4:10,September,2.97,2.96
9/23/2024 4:15,September,3.21,3.2
9/23/2024 4:20,September,3.03,3.03
9/23/2024 4:25,September,3.25,3.24
9/23/2024 4:30,September,3.2,3.19
9/23/2024 4:35,September,3.2,3.19
9/23/2024 4:40,September,3.31,3.3
9/23/2024 4:45,September,3.96,3.95
9/23/2024 4:50,September,3.61,3.6
9/23/2024 4:55,September,3.51,3.5
9/23/2024 5:00,September,3.44,3.42
9/23/2024 5:05,September,3.44,3.42
9/23/2024 5:10,September,3.75,3.73
9/23/2024 5:15,September,3.96,3.94
9/23/2024 5:20,September,3.76,3.75
9/23/2024 5:25,September,3.61,3.6
9/23/2024 5:30,September,3.51,3.5
9/23/2024 5:35,September,3.54,3.53
9/23/2024 5:40,September,3.51,3.5
9/23/2024 5:45,September,3.76,3.74
9/23/2024 5:50,September,3.61,3.59
9/23/2024 5:55,September,3.51,3.5
9/23/2024 6:00,September,3.95,3.94
9/23/2024 6:05,September,1.69,1.68
9/23/2024 6:10,September,2.63,2.62
9/23/2024 6:15,September,2.75,2.73
9/23/2024 6:20,September,2.94,2.93
9/23/2024 6:25,September,2.94,2.93
9/23/2024 6:30,September,3.22,3.2
9/23/2024 6:35,September,2.97,2.95
9/23/2024 6:40,September,2.63,2.62
9/23/2024 6:45,September,1.76,1.76
9/23/2024 6:50,September,2.36,2.35
9/23/2024 6:55,September,2.62,2.61
9/23/2024 7:00,September,2.76,2.75
9/23/2024 7:05,September,0.95,0.95
9/23/2024 7:10,September,1.65,1.64
9/23/2024 7:15,September,2.35,2.35
9/23/2024 7:20,September,3.02,3.02
9/23/2024 7:25,September,3.03,3.03
9/23/2024 7:30,September,3.22,3.22
9/23/2024 7:35,September,3.57,3.57
9/23/2024 7:40,September,3.22,3.22
9/23/2024 7:45,September,3.57,3.57
9/23/2024 7:50,September,2.91,2.91
9/23/2024 7:55,September,3.28,3.28
9/23/2024 8:00,September,3.93,3.93
9/23/2024 8:05,September,1.76,1.76
9/23/2024 8:10,September,2.91,2.91
9/23/2024 8:15,September,3.16,3.16
9/23/2024 8:20,September,3.56,3.56
9/23/2024 8:25,September,3.92,3.92
9/23/2024 8:30,September,3.59,3.59
9/23/2024 8:35,September,3.91,3.92
9/23/2024 8:40,September,3.56,3.56
9/23/2024 8:45,September,3.56,3.56
9/23/2024 8:50,September,3.55,3.56
9/23/2024 8:55,September,5.28,5.27
9/23/2024 9:00,September,4.65,4.64
9/23/2024 9:05,September,3.46,3.46
9/23/2024 9:10,September,3.93,3.93
9/23/2024 9:15,September,3.73,3.72
9/23/2024 9:20,September,3.89,3.88
9/23/2024 9:25,September,3.89,3.89
9/23/2024 9:30,September,3.46,3.46
9/23/2024 9:35,September,5.7,5.7
9/23/2024 9:40,September,4.13,4.13
9/23/2024 9:45,September,4.11,4.12
9/23/2024 9:50,September,3.92,3.93
9/23/2024 9:55,September,5.23,5.24
9/23/2024 10:00,September,4.6,4.61
9/23/2024 10:05,September,1.81,1.81
9/23/2024 10:10,September,3.16,3.17
9/23/2024 10:15,September,3.41,3.42
9/23/2024 10:20,September,3.71,3.72
9/23/2024 10:25,September,3.71,3.72
9/23/2024 10:30,September,3.58,3.59
9/23/2024 10:35,September,3.44,3.45
9/23/2024 10:40,September,3.45,3.45
9/23/2024 10:45,September,3.71,3.72
9/23/2024 10:50,September,4.64,4.65
9/23/2024 10:55,September,3.91,3.92
9/23/2024 11:00,September,3.73,3.74
9/23/2024 11:05,September,3.71,3.72
9/23/2024 11:10,September,3.91,3.92
9/23/2024 11:15,September,3.91,3.92
9/23/2024 11:20,September,3.91,3.92
9/23/2024 11:25,September,3.91,3.92
9/23/2024 11:30,September,3.72,3.74
9/23/2024 11:35,September,3.73,3.74
9/23/2024 11:40,September,3.91,3.93
9/23/2024 11:45,September,3.84,3.85
9/23/2024 11:50,September,3.42,3.43
9/23/2024 11:55,September,3.21,3.22
9/23/2024 12:00,September,3.24,3.25
9/23/2024 12:05,September,2.7,2.71
9/23/2024 12:10,September,2.79,2.81
9/23/2024 12:15,September,3.1,3.12
9/23/2024 12:20,September,3.52,3.54
9/23/2024 12:25,September,3.91,3.93
9/23/2024 12:30,September,3.98,4
9/23/2024 12:35,September,5.2,5.23
9/23/2024 12:40,September,3.92,3.94
9/23/2024 12:45,September,3.84,3.86
9/23/2024 12:50,September,3.84,3.86
9/23/2024 12:55,September,3.48,3.5
9/23/2024 13:00,September,5.21,5.23
9/23/2024 13:05,September,13.2,13.27
9/23/2024 13:10,September,12.93,13.01
9/23/2024 13:15,September,13.18,13.25
9/23/2024 13:20,September,13.21,13.28
9/23/2024 13:25,September,5.7,5.73
9/23/2024 13:30,September,5.69,5.73
9/23/2024 13:35,September,5.71,5.74
9/23/2024 13:40,September,5.23,5.26
9/23/2024 13:45,September,5.67,5.71
9/23/2024 13:50,September,5.67,5.7
9/23/2024 13:55,September,5.24,5.27
9/23/2024 14:00,September,5.66,5.7
9/23/2024 14:05,September,7.77,7.81
9/23/2024 14:10,September,7.41,7.45
9/23/2024 14:15,September,8.67,8.71
9/23/2024 14:20,September,7.41,7.45
9/23/2024 14:25,September,3.7,3.72
9/23/2024 14:30,September,5.25,5.27
9/23/2024 14:35,September,11.63,11.69
9/23/2024 14:40,September,7.42,7.46
9/23/2024 14:45,September,5.76,5.78
9/23/2024 14:50,September,8.69,8.73
9/23/2024 14:55,September,7.43,7.46
9/23/2024 15:00,September,5.75,5.78
9/23/2024 15:05,September,7.81,7.84
9/23/2024 15:10,September,5.29,5.32
9/23/2024 15:15,September,5.75,5.77
9/23/2024 15:20,September,5.74,5.76
9/23/2024 15:25,September,7.8,7.83
9/23/2024 15:30,September,5.29,5.31
9/23/2024 15:35,September,4.29,4.3
9/23/2024 15:40,September,5.28,5.3
9/23/2024 15:45,September,5.28,5.3
9/23/2024 15:50,September,7.45,7.48
9/23/2024 15:55,September,5.3,5.32
9/23/2024 16:00,September,4.65,4.66
9/23/2024 16:05,September,13.11,13.15
9/23/2024 16:10,September,7.47,7.49
9/23/2024 16:15,September,5.75,5.77
9/23/2024 16:20,September,8.76,8.78
9/23/2024 16:25,September,13.27,13.3
9/23/2024 16:30,September,13.14,13.18
9/23/2024 16:35,September,7.85,7.87
9/23/2024 16:40,September,5.82,5.83
9/23/2024 16:45,September,5.79,5.81
9/23/2024 16:50,September,7.51,7.53
9/23/2024 16:55,September,5.83,5.85
9/23/2024 17:00,September,5.35,5.36
9/23/2024 17:05,September,5.35,5.36
9/23/2024 17:10,September,5.35,5.36
9/23/2024 17:15,September,5.79,5.8
9/23/2024 17:20,September,5.68,5.69
9/23/2024 17:25,September,5.36,5.37
9/23/2024 17:30,September,5.68,5.68
9/23/2024 17:35,September,5.77,5.78
9/23/2024 17:40,September,5.78,5.78
9/23/2024 17:45,September,5.8,5.81
9/23/2024 17:50,September,10.98,10.99
9/23/2024 17:55,September,7.89,7.9
9/23/2024 18:00,September,7.54,7.55
9/23/2024 18:05,September,5.85,5.85
9/23/2024 18:10,September,5.83,5.84
9/23/2024 18:15,September,5.86,5.86
9/23/2024 18:20,September,5.84,5.85
9/23/2024 18:25,September,13.32,13.31
9/23/2024 18:30,September,19.24,19.24
9/23/2024 18:35,September,13.29,13.28
9/23/2024 18:40,September,5.89,5.88
9/23/2024 18:45,September,5.69,5.69
9/23/2024 18:50,September,5.87,5.86
9/23/2024 18:55,September,5.48,5.47
9/23/2024 19:00,September,5.66,5.65
9/23/2024 19:05,September,13.19,13.17
9/23/2024 19:10,September,8.09,8.07
9/23/2024 19:15,September,8.09,8.07
9/23/2024 19:20,September,7.06,7.04
9/23/2024 19:25,September,5.87,5.86
9/23/2024 19:30,September,5.87,5.86
9/23/2024 19:35,September,5.89,5.88
9/23/2024 19:40,September,5.89,5.88
9/23/2024 19:45,September,5.89,5.88
9/23/2024 19:50,September,5.89,5.88
9/23/2024 19:55,September,6.23,6.21
9/23/2024 20:00,September,5.88,5.86
9/23/2024 20:05,September,26.78,26.73
9/23/2024 20:10,September,7.59,7.58
9/23/2024 20:15,September,5.91,5.9
9/23/2024 20:20,September,7.59,7.58
9/23/2024 20:25,September,7.6,7.58
9/23/2024 20:30,September,5.92,5.91
9/23/2024 20:35,September,5.9,5.89
9/23/2024 20:40,September,5.91,5.9
9/23/2024 20:45,September,7.6,7.58
9/23/2024 20:50,September,5.9,5.89
9/23/2024 20:55,September,5.89,5.87
9/23/2024 21:00,September,5.87,5.86
9/23/2024 21:05,September,17.18,17.15
9/23/2024 21:10,September,13.16,13.14
9/23/2024 21:15,September,13.07,13.04
9/23/2024 21:20,September,14.36,14.32
9/23/2024 21:25,September,7.61,7.6
9/23/2024 21:30,September,5.98,5.96
9/23/2024 21:35,September,5.92,5.9
9/23/2024 21:40,September,5.25,5.24
9/23/2024 21:45,September,5.25,5.24
9/23/2024 21:50,September,5.47,5.45
9/23/2024 21:55,September,5.24,5.22
9/23/2024 22:00,September,5.16,5.15
9/23/2024 22:05,September,7.59,7.57
9/23/2024 22:10,September,5.86,5.85
9/23/2024 22:15,September,5.85,5.85
9/23/2024 22:20,September,3.72,3.71
9/23/2024 22:25,September,2.97,2.96
9/23/2024 22:30,September,3.26,3.25
9/23/2024 22:35,September,3.72,3.71
9/23/2024 22:40,September,4.97,4.97
9/23/2024 22:45,September,4.98,4.97
9/23/2024 22:50,September,4.98,4.97
9/23/2024 22:55,September,3.71,3.7
9/23/2024 23:00,September,3.69,3.69
9/23/2024 23:05,September,5.81,5.8
9/23/2024 23:10,September,4.67,4.66
9/23/2024 23:15,September,4.67,4.66
9/23/2024 23:20,September,4.66,4.65
9/23/2024 23:25,September,4.66,4.65
9/23/2024 23:30,September,4.5,4.49
9/23/2024 23:35,September,3.71,3.71
9/23/2024 23:40,September,4.5,4.49
9/23/2024 23:45,September,3.71,3.7
9/23/2024 23:50,September,3.64,3.63
9/23/2024 23:55,September,3.46,3.45
9/24/2024 0:00,September,3.46,3.45
9/24/2024 0:05,September,5.23,5.22
9/24/2024 0:10,September,3.98,3.97
9/24/2024 0:15,September,3.98,3.97
9/24/2024 0:20,September,3.99,3.97
9/24/2024 0:25,September,3.69,3.68
9/24/2024 0:30,September,3.73,3.72
9/24/2024 0:35,September,3.95,3.94
9/24/2024 0:40,September,3.86,3.84
9/24/2024 0:45,September,5.24,5.21
9/24/2024 0:50,September,3.97,3.94
9/24/2024 0:55,September,3.97,3.95
9/24/2024 1:00,September,3.74,3.72
9/24/2024 1:05,September,5.39,5.36
9/24/2024 1:10,September,4.32,4.29
9/24/2024 1:15,September,4.16,4.13
9/24/2024 1:20,September,3.96,3.93
9/24/2024 1:25,September,3.75,3.73
9/24/2024 1:30,September,3.47,3.45
9/24/2024 1:35,September,3.48,3.45
9/24/2024 1:40,September,3.65,3.63
9/24/2024 1:45,September,3.65,3.63
9/24/2024 1:50,September,3.7,3.67
9/24/2024 1:55,September,3.66,3.63
9/24/2024 2:00,September,3.66,3.63
9/24/2024 2:05,September,3.83,3.8
9/24/2024 2:10,September,3.71,3.68
9/24/2024 2:15,September,3.55,3.53
9/24/2024 2:20,September,3.55,3.52
9/24/2024 2:25,September,3.55,3.52
9/24/2024 2:30,September,3.56,3.53
9/24/2024 2:35,September,3.56,3.53
9/24/2024 2:40,September,3.56,3.53
9/24/2024 2:45,September,3.48,3.45
9/24/2024 2:50,September,3.48,3.45
9/24/2024 2:55,September,3.47,3.44
9/24/2024 3:00,September,3.47,3.44
9/24/2024 3:05,September,3.47,3.44
9/24/2024 3:10,September,3.48,3.45
9/24/2024 3:15,September,3.48,3.45
9/24/2024 3:20,September,3.48,3.45
9/24/2024 3:25,September,3.48,3.45
9/24/2024 3:30,September,3.48,3.45
9/24/2024 3:35,September,3.48,3.45
9/24/2024 3:40,September,3.48,3.45
9/24/2024 3:45,September,3.48,3.44
9/24/2024 3:50,September,3.27,3.24
9/24/2024 3:55,September,3.34,3.31
9/24/2024 4:00,September,3.34,3.31
9/24/2024 4:05,September,3.63,3.6
9/24/2024 4:10,September,4.79,4.75
9/24/2024 4:15,September,13.1,12.99
9/24/2024 4:20,September,5.84,5.8
9/24/2024 4:25,September,5.83,5.79
9/24/2024 4:30,September,4.79,4.75
9/24/2024 4:35,September,5.34,5.3
9/24/2024 4:40,September,5.34,5.3
9/24/2024 4:45,September,4.79,4.76
9/24/2024 4:50,September,4.64,4.61
9/24/2024 4:55,September,3.85,3.82
9/24/2024 5:00,September,3.85,3.82
9/24/2024 5:05,September,3.33,3.3
9/24/2024 5:10,September,3.84,3.81
9/24/2024 5:15,September,4.64,4.61
9/24/2024 5:20,September,3.94,3.91
9/24/2024 5:25,September,4.67,4.64
9/24/2024 5:30,September,3.85,3.82
9/24/2024 5:35,September,3.94,3.91
9/24/2024 5:40,September,3.92,3.89
9/24/2024 5:45,September,3.94,3.91
9/24/2024 5:50,September,3.85,3.82
9/24/2024 5:55,September,3.84,3.81
9/24/2024 6:00,September,3.83,3.8
9/24/2024 6:05,September,1.55,1.54
9/24/2024 6:10,September,2.64,2.62
9/24/2024 6:15,September,3.33,3.31
9/24/2024 6:20,September,3.33,3.3
9/24/2024 6:25,September,3.33,3.3
9/24/2024 6:30,September,1.63,1.61
9/24/2024 6:35,September,2.64,2.62
9/24/2024 6:40,September,2.68,2.66
9/24/2024 6:45,September,2.67,2.65
9/24/2024 6:50,September,1.62,1.61
9/24/2024 6:55,September,2.63,2.62
9/24/2024 7:00,September,2.61,2.6
9/24/2024 7:05,September,0.91,0.91
9/24/2024 7:10,September,1.6,1.59
9/24/2024 7:15,September,2.47,2.45
9/24/2024 7:20,September,2.85,2.83
9/24/2024 7:25,September,2.9,2.88
9/24/2024 7:30,September,2.96,2.95
9/24/2024 7:35,September,3.29,3.27
9/24/2024 7:40,September,3.61,3.59
9/24/2024 7:45,September,3.6,3.58
9/24/2024 7:50,September,5.3,5.27
9/24/2024 7:55,September,3.63,3.62
9/24/2024 8:00,September,5.21,5.2
9/24/2024 8:05,September,2.94,2.93
9/24/2024 8:10,September,3.61,3.6
9/24/2024 8:15,September,3.62,3.61
9/24/2024 8:20,September,3.92,3.91
9/24/2024 8:25,September,3.92,3.91
9/24/2024 8:30,September,9.55,9.53
9/24/2024 8:35,September,5.71,5.71
9/24/2024 8:40,September,5.71,5.71
9/24/2024 8:45,September,5.26,5.25
9/24/2024 8:50,September,5.7,5.69
9/24/2024 8:55,September,5.25,5.25
9/24/2024 9:00,September,5.25,5.25
9/24/2024 9:05,September,2.91,2.91
9/24/2024 9:10,September,3.75,3.75
9/24/2024 9:15,September,5.26,5.25
9/24/2024 9:20,September,5.26,5.25
9/24/2024 9:25,September,5.7,5.69
9/24/2024 9:30,September,5.69,5.69
9/24/2024 9:35,September,7.78,7.78
9/24/2024 9:40,September,7.79,7.79
9/24/2024 9:45,September,5.25,5.25
9/24/2024 9:50,September,5.24,5.25
9/24/2024 9:55,September,5.24,5.25
9/24/2024 10:00,September,5.24,5.25
9/24/2024 10:05,September,3.09,3.09
9/24/2024 10:10,September,4.23,4.23
9/24/2024 10:15,September,7.76,7.77
9/24/2024 10:20,September,5.24,5.25
9/24/2024 10:25,September,5.23,5.24
9/24/2024 10:30,September,5.23,5.24
9/24/2024 10:35,September,5.05,5.06
9/24/2024 10:40,September,5.04,5.05
9/24/2024 10:45,September,5.66,5.67
9/24/2024 10:50,September,5.65,5.66
9/24/2024 10:55,September,5.23,5.24
9/24/2024 11:00,September,5.23,5.24
9/24/2024 11:05,September,5.68,5.69
9/24/2024 11:10,September,5.66,5.67
9/24/2024 11:15,September,5.66,5.67
9/24/2024 11:20,September,5.25,5.26
9/24/2024 11:25,September,5.24,5.26
9/24/2024 11:30,September,5.25,5.26
9/24/2024 11:35,September,5.03,5.04
9/24/2024 11:40,September,5.66,5.68
9/24/2024 11:45,September,3.73,3.74
9/24/2024 11:50,September,5.03,5.04
9/24/2024 11:55,September,3.58,3.59
9/24/2024 12:00,September,3.58,3.59
9/24/2024 12:05,September,3.87,3.88
9/24/2024 12:10,September,3.59,3.59
9/24/2024 12:15,September,4.22,4.22
9/24/2024 12:20,September,3.73,3.73
9/24/2024 12:25,September,13.03,13.04
9/24/2024 12:30,September,8.68,8.69
9/24/2024 12:35,September,8.68,8.68
9/24/2024 12:40,September,5.71,5.72
9/24/2024 12:45,September,5.23,5.24
9/24/2024 12:50,September,5.67,5.67
9/24/2024 12:55,September,5.24,5.24
9/24/2024 13:00,September,12.96,12.98
9/24/2024 13:05,September,5.69,5.69
9/24/2024 13:10,September,5.24,5.24
9/24/2024 13:15,September,5.24,5.24
9/24/2024 13:20,September,5.64,5.65
9/24/2024 13:25,September,5.65,5.66
9/24/2024 13:30,September,12.99,13.01
9/24/2024 13:35,September,7.4,7.41
9/24/2024 13:40,September,7.4,7.41
9/24/2024 13:45,September,7.41,7.42
9/24/2024 13:50,September,8.68,8.69
9/24/2024 13:55,September,5.75,5.76
9/24/2024 14:00,September,6.94,6.94
9/24/2024 14:05,September,5.78,5.77
9/24/2024 14:10,September,5.77,5.76
9/24/2024 14:15,September,5.32,5.32
9/24/2024 14:20,September,6.94,6.94
9/24/2024 14:25,September,7.78,7.78
9/24/2024 14:30,September,5.11,5.09
9/24/2024 14:35,September,5.37,5.35
9/24/2024 14:40,September,5.76,5.75
9/24/2024 14:45,September,5.11,5.1
9/24/2024 14:50,September,5.37,5.36
9/24/2024 14:55,September,5.12,5.11
9/24/2024 15:00,September,5.11,5.1
9/24/2024 15:05,September,5.74,5.73
9/24/2024 15:10,September,5.38,5.37
9/24/2024 15:15,September,5.38,5.37
9/24/2024 15:20,September,5.74,5.72
9/24/2024 15:25,September,5.76,5.74
9/24/2024 15:30,September,7.48,7.46
9/24/2024 15:35,September,7.6,7.58
9/24/2024 15:40,September,5.78,5.76
9/24/2024 15:45,September,7.6,7.58
9/24/2024 15:50,September,5.82,5.8
9/24/2024 15:55,September,5.83,5.81
9/24/2024 16:00,September,5.16,5.14
9/24/2024 16:05,September,5.83,5.8
9/24/2024 16:10,September,5.84,5.81
9/24/2024 16:15,September,5.43,5.41
9/24/2024 16:20,September,5.43,5.41
9/24/2024 16:25,September,5.82,5.79
9/24/2024 16:30,September,3.72,3.71
9/24/2024 16:35,September,5.17,5.15
9/24/2024 16:40,September,5.43,5.41
9/24/2024 16:45,September,5.79,5.77
9/24/2024 16:50,September,5.79,5.77
9/24/2024 16:55,September,5.18,5.16
9/24/2024 17:00,September,5.17,5.15
9/24/2024 17:05,September,5.18,5.16
9/24/2024 17:10,September,5.17,5.14
9/24/2024 17:15,September,5.17,5.15
9/24/2024 17:20,September,4.98,4.95
9/24/2024 17:25,September,5.16,5.13
9/24/2024 17:30,September,5.15,5.12
9/24/2024 17:35,September,5.16,5.13
9/24/2024 17:40,September,5.15,5.13
9/24/2024 17:45,September,5.41,5.38
9/24/2024 17:50,September,5.78,5.75
9/24/2024 17:55,September,5.79,5.76
9/24/2024 18:00,September,5.79,5.76
9/24/2024 18:05,September,5.8,5.77
9/24/2024 18:10,September,5.81,5.77
9/24/2024 18:15,September,5.82,5.78
9/24/2024 18:20,September,5.82,5.78
9/24/2024 18:25,September,5.85,5.81
9/24/2024 18:30,September,5.85,5.8
9/24/2024 18:35,September,7.68,7.62
9/24/2024 18:40,September,5.88,5.84
9/24/2024 18:45,September,5.86,5.82
9/24/2024 18:50,September,5.21,5.17
9/24/2024 18:55,September,5.21,5.17
9/24/2024 19:00,September,5.2,5.16
9/24/2024 19:05,September,5.45,5.41
9/24/2024 19:10,September,5.45,5.41
9/24/2024 19:15,September,7.67,7.62
9/24/2024 19:20,September,5.82,5.78
9/24/2024 19:25,September,5.65,5.61
9/24/2024 19:30,September,5.65,5.61
9/24/2024 19:35,September,5.65,5.61
9/24/2024 19:40,September,5.64,5.6
9/24/2024 19:45,September,5.64,5.6
9/24/2024 19:50,September,5.64,5.6
9/24/2024 19:55,September,5.46,5.42
9/24/2024 20:00,September,5.2,5.16
9/24/2024 20:05,September,5.83,5.78
9/24/2024 20:10,September,5.81,5.76
9/24/2024 20:15,September,5.81,5.76
9/24/2024 20:20,September,5.81,5.77
9/24/2024 20:25,September,5.81,5.76
9/24/2024 20:30,September,5.81,5.77
9/24/2024 20:35,September,5.64,5.6
9/24/2024 20:40,September,6.13,6.09
9/24/2024 20:45,September,5.82,5.77
9/24/2024 20:50,September,4.69,4.65
9/24/2024 20:55,September,5.19,5.15
9/24/2024 21:00,September,5.18,5.14
9/24/2024 21:05,September,5.43,5.39
9/24/2024 21:10,September,5.18,5.14
9/24/2024 21:15,September,5.43,5.39
9/24/2024 21:20,September,5.17,5.13
9/24/2024 21:25,September,5.16,5.12
9/24/2024 21:30,September,5.15,5.11
9/24/2024 21:35,September,5.15,5.11
9/24/2024 21:40,September,5.14,5.1
9/24/2024 21:45,September,5.63,5.59
9/24/2024 21:50,September,5.16,5.12
9/24/2024 21:55,September,4.94,4.9
9/24/2024 22:00,September,5.14,5.1
9/24/2024 22:05,September,16.96,16.83
9/24/2024 22:10,September,5.82,5.78
9/24/2024 22:15,September,5.4,5.36
9/24/2024 22:20,September,5.4,5.36
9/24/2024 22:25,September,4.93,4.9
9/24/2024 22:30,September,3.98,3.96
9/24/2024 22:35,September,3.98,3.95
9/24/2024 22:40,September,3.98,3.95
9/24/2024 22:45,September,3.98,3.95
9/24/2024 22:50,September,3.97,3.94
9/24/2024 22:55,September,3.97,3.94
9/24/2024 23:00,September,3.96,3.93
9/24/2024 23:05,September,6.76,6.71
9/24/2024 23:10,September,4.99,4.95
9/24/2024 23:15,September,4.99,4.95
9/24/2024 23:20,September,4.72,4.69
9/24/2024 23:25,September,4.57,4.53
9/24/2024 23:30,September,4.69,4.65
9/24/2024 23:35,September,4.69,4.65
9/24/2024 23:40,September,3.45,3.42
9/24/2024 23:45,September,3.63,3.6
9/24/2024 23:50,September,3.64,3.6
9/24/2024 23:55,September,3.64,3.6
9/25/2024 0:00,September,3.64,3.6
9/25/2024 0:05,September,5.35,5.31
9/25/2024 0:10,September,4.69,4.65
9/25/2024 0:15,September,4.53,4.49
9/25/2024 0:20,September,4.53,4.49
9/25/2024 0:25,September,3.45,3.42
9/25/2024 0:30,September,3.45,3.42
9/25/2024 0:35,September,3.64,3.6
9/25/2024 0:40,September,3.46,3.43
9/25/2024 0:45,September,3.64,3.6
9/25/2024 0:50,September,3.64,3.61
9/25/2024 0:55,September,3.46,3.43
9/25/2024 1:00,September,3.46,3.42
9/25/2024 1:05,September,3.67,3.63
9/25/2024 1:10,September,3.93,3.89
9/25/2024 1:15,September,3.64,3.6
9/25/2024 1:20,September,3.92,3.88
9/25/2024 1:25,September,3.94,3.89
9/25/2024 1:30,September,3.72,3.68
9/25/2024 1:35,September,3.69,3.65
9/25/2024 1:40,September,3.7,3.66
9/25/2024 1:45,September,3.64,3.6
9/25/2024 1:50,September,3.63,3.59
9/25/2024 1:55,September,3.46,3.43
9/25/2024 2:00,September,3.54,3.5
9/25/2024 2:05,September,3.54,3.5
9/25/2024 2:10,September,3.61,3.57
9/25/2024 2:15,September,3.54,3.5
9/25/2024 2:20,September,3.54,3.5
9/25/2024 2:25,September,3.47,3.43
9/25/2024 2:30,September,3.47,3.43
9/25/2024 2:35,September,3.46,3.43
9/25/2024 2:40,September,3.47,3.43
9/25/2024 2:45,September,3.47,3.43
9/25/2024 2:50,September,3.46,3.43
9/25/2024 2:55,September,3.46,3.43
9/25/2024 3:00,September,3.46,3.43
9/25/2024 3:05,September,3.46,3.43
9/25/2024 3:10,September,3.46,3.43
9/25/2024 3:15,September,3.47,3.43
9/25/2024 3:20,September,3.46,3.43
9/25/2024 3:25,September,3.46,3.43
9/25/2024 3:30,September,3.49,3.45
9/25/2024 3:35,September,3.49,3.45
9/25/2024 3:40,September,3.48,3.45
9/25/2024 3:45,September,3.53,3.49
9/25/2024 3:50,September,3.49,3.45
9/25/2024 3:55,September,3.49,3.45
9/25/2024 4:00,September,3.49,3.45
9/25/2024 4:05,September,3.53,3.49
9/25/2024 4:10,September,3.62,3.58
9/25/2024 4:15,September,3.49,3.45
9/25/2024 4:20,September,3.53,3.49
9/25/2024 4:25,September,3.62,3.58
9/25/2024 4:30,September,3.53,3.49
9/25/2024 4:35,September,3.62,3.58
9/25/2024 4:40,September,3.62,3.58
9/25/2024 4:45,September,3.62,3.58
9/25/2024 4:50,September,3.62,3.58
9/25/2024 4:55,September,3.63,3.59
9/25/2024 5:00,September,3.62,3.58
9/25/2024 5:05,September,2.51,2.48
9/25/2024 5:10,September,3.47,3.43
9/25/2024 5:15,September,3.62,3.58
9/25/2024 5:20,September,3.69,3.65
9/25/2024 5:25,September,3.63,3.59
9/25/2024 5:30,September,3.63,3.59
9/25/2024 5:35,September,3.63,3.59
9/25/2024 5:40,September,3.69,3.65
9/25/2024 5:45,September,3.63,3.59
9/25/2024 5:50,September,3.48,3.44
9/25/2024 5:55,September,3.47,3.43
9/25/2024 6:00,September,3.47,3.44
9/25/2024 6:05,September,1.73,1.71
9/25/2024 6:10,September,2.7,2.67
9/25/2024 6:15,September,2.75,2.73
9/25/2024 6:20,September,2.95,2.92
9/25/2024 6:25,September,2.65,2.62
9/25/2024 6:30,September,2.95,2.92
9/25/2024 6:35,September,2.7,2.68
9/25/2024 6:40,September,2.64,2.62
9/25/2024 6:45,September,2.64,2.62
9/25/2024 6:50,September,2.64,2.62
9/25/2024 6:55,September,2.85,2.83
9/25/2024 7:00,September,2.94,2.92
9/25/2024 7:05,September,1.69,1.67
9/25/2024 7:10,September,1.87,1.85
9/25/2024 7:15,September,2.65,2.64
9/25/2024 7:20,September,2.64,2.62
9/25/2024 7:25,September,2.85,2.83
9/25/2024 7:30,September,2.95,2.94
9/25/2024 7:35,September,3.29,3.27
9/25/2024 7:40,September,3.43,3.41
9/25/2024 7:45,September,3.43,3.41
9/25/2024 7:50,September,3.43,3.42
9/25/2024 7:55,September,3.6,3.58
9/25/2024 8:00,September,3.62,3.6
9/25/2024 8:05,September,1.77,1.76
9/25/2024 8:10,September,2.69,2.68
9/25/2024 8:15,September,2.91,2.9
9/25/2024 8:20,September,3.27,3.26
9/25/2024 8:25,September,3.4,3.39
9/25/2024 8:30,September,3.4,3.39
9/25/2024 8:35,September,3.56,3.55
9/25/2024 8:40,September,3.56,3.55
9/25/2024 8:45,September,3.4,3.39
9/25/2024 8:50,September,3.55,3.54
9/25/2024 8:55,September,3.55,3.54
9/25/2024 9:00,September,4.44,4.43
9/25/2024 9:05,September,2.46,2.46
9/25/2024 9:10,September,3.38,3.38
9/25/2024 9:15,September,3.25,3.25
9/25/2024 9:20,September,3.56,3.56
9/25/2024 9:25,September,3.38,3.38
9/25/2024 9:30,September,3.38,3.38
9/25/2024 9:35,September,3.87,3.86
9/25/2024 9:40,September,3.87,3.87
9/25/2024 9:45,September,3.57,3.57
9/25/2024 9:50,September,3.91,3.9
9/25/2024 9:55,September,4.63,4.62
9/25/2024 10:00,September,3.91,3.91
9/25/2024 10:05,September,3.01,3.01
9/25/2024 10:10,September,3.55,3.55
9/25/2024 10:15,September,3.86,3.86
9/25/2024 10:20,September,4.43,4.43
9/25/2024 10:25,September,3.91,3.91
9/25/2024 10:30,September,4.43,4.43
9/25/2024 10:35,September,3.92,3.92
9/25/2024 10:40,September,4.42,4.42
9/25/2024 10:45,September,4.11,4.11
9/25/2024 10:50,September,4.41,4.41
9/25/2024 10:55,September,4.12,4.12
9/25/2024 11:00,September,3.55,3.55
9/25/2024 11:05,September,4.11,4.11
9/25/2024 11:10,September,4.11,4.11
9/25/2024 11:15,September,3.59,3.59
9/25/2024 11:20,September,3.7,3.7
9/25/2024 11:25,September,3.6,3.59
9/25/2024 11:30,September,3.56,3.55
9/25/2024 11:35,September,3.9,3.89
9/25/2024 11:40,September,3.56,3.55
9/25/2024 11:45,September,3.56,3.55
9/25/2024 11:50,September,3.24,3.24
9/25/2024 11:55,September,3.04,3.04
9/25/2024 12:00,September,2.89,2.89
9/25/2024 12:05,September,2.93,2.93
9/25/2024 12:10,September,2.94,2.94
9/25/2024 12:15,September,3.14,3.14
9/25/2024 12:20,September,2.99,2.99
9/25/2024 12:25,September,3.12,3.12
9/25/2024 12:30,September,2.97,2.97
9/25/2024 12:35,September,3.11,3.11
9/25/2024 12:40,September,3.07,3.07
9/25/2024 12:45,September,4.42,4.42
9/25/2024 12:50,September,4.42,4.42
9/25/2024 12:55,September,4.42,4.42
9/25/2024 13:00,September,4.42,4.42
9/25/2024 13:05,September,4.61,4.61
9/25/2024 13:10,September,4.62,4.62
9/25/2024 13:15,September,5.65,5.64
9/25/2024 13:20,September,5.62,5.62
9/25/2024 13:25,September,5.62,5.62
9/25/2024 13:30,September,5.62,5.62
9/25/2024 13:35,September,5.26,5.26
9/25/2024 13:40,September,6.64,6.64
9/25/2024 13:45,September,5.63,5.63
9/25/2024 13:50,September,5.27,5.27
9/25/2024 13:55,September,5.28,5.28
9/25/2024 14:00,September,5.28,5.28
9/25/2024 14:05,September,8.66,8.65
9/25/2024 14:10,September,5.65,5.65
9/25/2024 14:15,September,5.65,5.65
9/25/2024 14:20,September,5.65,5.66
9/25/2024 14:25,September,5.68,5.68
9/25/2024 14:30,September,5.12,5.11
9/25/2024 14:35,September,5.3,5.3
9/25/2024 14:40,September,4.47,4.47
9/25/2024 14:45,September,4.63,4.63
9/25/2024 14:50,September,4.48,4.47
9/25/2024 14:55,September,4.48,4.47
9/25/2024 15:00,September,4.46,4.46
9/25/2024 15:05,September,4.63,4.63
9/25/2024 15:10,September,4.64,4.64
9/25/2024 15:15,September,5.12,5.12
9/25/2024 15:20,September,5.29,5.28
9/25/2024 15:25,September,5.68,5.68
9/25/2024 15:30,September,6.69,6.68
9/25/2024 15:35,September,5.71,5.7
9/25/2024 15:40,September,5.7,5.69
9/25/2024 15:45,September,5.72,5.71
9/25/2024 15:50,September,5.7,5.69
9/25/2024 15:55,September,8.71,8.69
9/25/2024 16:00,September,5.72,5.71
9/25/2024 16:05,September,16.11,16.07
9/25/2024 16:10,September,13.19,13.15
9/25/2024 16:15,September,13.19,13.15
9/25/2024 16:20,September,13.86,13.82
9/25/2024 16:25,September,13.2,13.15
9/25/2024 16:30,September,11.45,11.41
9/25/2024 16:35,September,11.44,11.4
9/25/2024 16:40,September,11.38,11.33
9/25/2024 16:45,September,5.83,5.8
9/25/2024 16:50,September,8.77,8.73
9/25/2024 16:55,September,8.82,8.78
9/25/2024 17:00,September,4.69,4.67
9/25/2024 17:05,September,4.7,4.67
9/25/2024 17:10,September,5.8,5.77
9/25/2024 17:15,September,5.4,5.38
9/25/2024 17:20,September,8.84,8.8
9/25/2024 17:25,September,5.4,5.38
9/25/2024 17:30,September,5.41,5.38
9/25/2024 17:35,September,5.77,5.74
9/25/2024 17:40,September,8.78,8.74
9/25/2024 17:45,September,8.79,8.75
9/25/2024 17:50,September,8.85,8.8
9/25/2024 17:55,September,8.86,8.81
9/25/2024 18:00,September,8.87,8.81
9/25/2024 18:05,September,5.87,5.83
9/25/2024 18:10,September,6.04,6
9/25/2024 18:15,September,8.9,8.84
9/25/2024 18:20,September,11.28,11.2
9/25/2024 18:25,September,11.46,11.39
9/25/2024 18:30,September,11.49,11.41
9/25/2024 18:35,September,11.41,11.34
9/25/2024 18:40,September,11.38,11.31
9/25/2024 18:45,September,13.38,13.29
9/25/2024 18:50,September,5.86,5.82
9/25/2024 18:55,September,5.47,5.43
9/25/2024 19:00,September,5.76,5.72
9/25/2024 19:05,September,8.88,8.81
9/25/2024 19:10,September,5.88,5.84
9/25/2024 19:15,September,5.85,5.81
9/25/2024 19:20,September,5.84,5.8
9/25/2024 19:25,September,5.84,5.79
9/25/2024 19:30,September,5.83,5.79
9/25/2024 19:35,September,5.82,5.78
9/25/2024 19:40,September,5.42,5.38
9/25/2024 19:45,September,5.81,5.76
9/25/2024 19:50,September,5.8,5.76
9/25/2024 19:55,September,5.42,5.38
9/25/2024 20:00,September,5.42,5.38
9/25/2024 20:05,September,17.02,16.91
9/25/2024 20:10,September,12.66,12.57
9/25/2024 20:15,September,8.65,8.59
9/25/2024 20:20,September,8.81,8.75
9/25/2024 20:25,September,8.57,8.51
9/25/2024 20:30,September,5.86,5.81
9/25/2024 20:35,September,5.85,5.81
9/25/2024 20:40,September,5.85,5.8
9/25/2024 20:45,September,8.84,8.77
9/25/2024 20:50,September,5.84,5.79
9/25/2024 20:55,September,5.42,5.38
9/25/2024 21:00,September,5.86,5.81
9/25/2024 21:05,September,8.8,8.74
9/25/2024 21:10,September,8.81,8.74
9/25/2024 21:15,September,12.48,12.38
9/25/2024 21:20,September,5.88,5.83
9/25/2024 21:25,September,5.13,5.09
9/25/2024 21:30,September,5.85,5.8
9/25/2024 21:35,September,5.13,5.09
9/25/2024 21:40,September,5.13,5.09
9/25/2024 21:45,September,5.41,5.37
9/25/2024 21:50,September,5.13,5.09
9/25/2024 21:55,September,4.57,4.53
9/25/2024 22:00,September,5.13,5.09
9/25/2024 22:05,September,13.62,13.51
9/25/2024 22:10,September,5.39,5.34
9/25/2024 22:15,September,5.38,5.34
9/25/2024 22:20,September,5.11,5.07
9/25/2024 22:25,September,5.12,5.08
9/25/2024 22:30,September,4.7,4.66
9/25/2024 22:35,September,4.7,4.66
9/25/2024 22:40,September,5.1,5.06
9/25/2024 22:45,September,4.7,4.67
9/25/2024 22:50,September,4.7,4.66
9/25/2024 22:55,September,4.54,4.5
9/25/2024 23:00,September,4.54,4.5
9/25/2024 23:05,September,10.69,10.6
9/25/2024 23:10,September,5.36,5.32
9/25/2024 23:15,September,4.8,4.76
9/25/2024 23:20,September,4.8,4.76
9/25/2024 23:25,September,4.7,4.66
9/25/2024 23:30,September,4.7,4.66
9/25/2024 23:35,September,4.7,4.66
9/25/2024 23:40,September,4.7,4.66
9/25/2024 23:45,September,4.7,4.66
9/25/2024 23:50,September,4.59,4.55
9/25/2024 23:55,September,4.53,4.5
9/26/2024 0:00,September,4.54,4.5
