Date and Time,Billing Month,BOTOLAN,OLONGAPO
05/26/2024 0:05,June,28.85,28.36
05/26/2024 0:10,June,5.3,5.21
05/26/2024 0:15,June,5.31,5.22
05/26/2024 0:20,June,5.29,5.2
05/26/2024 0:25,June,5.29,5.2
05/26/2024 0:30,June,5.28,5.19
05/26/2024 0:35,June,5.27,5.19
05/26/2024 0:40,June,5.26,5.18
05/26/2024 0:45,June,5.23,5.14
05/26/2024 0:50,June,5.25,5.17
05/26/2024 0:55,June,5.24,5.16
05/26/2024 1:00,June,4.93,4.85
05/26/2024 1:05,June,11.55,11.37
05/26/2024 1:10,June,5.24,5.16
05/26/2024 1:15,June,5.23,5.15
05/26/2024 1:20,June,5.24,5.16
05/26/2024 1:25,June,5.15,5.07
05/26/2024 1:30,June,5.22,5.14
05/26/2024 1:35,June,4.37,4.31
05/26/2024 1:40,June,4.37,4.3
05/26/2024 1:45,June,4.34,4.28
05/26/2024 1:50,June,4.34,4.28
05/26/2024 1:55,June,4.34,4.27
05/26/2024 2:00,June,4.35,4.28
05/26/2024 2:05,June,4.35,4.28
05/26/2024 2:10,June,4.33,4.27
05/26/2024 2:15,June,4.34,4.28
05/26/2024 2:20,June,4.34,4.28
05/26/2024 2:25,June,4.33,4.27
05/26/2024 2:30,June,4.34,4.27
05/26/2024 2:35,June,4.32,4.26
05/26/2024 2:40,June,4.34,4.27
05/26/2024 2:45,June,4.32,4.26
05/26/2024 2:50,June,4.32,4.26
05/26/2024 2:55,June,4.24,4.18
05/26/2024 3:00,June,4.24,4.18
05/26/2024 3:05,June,4.31,4.24
05/26/2024 3:10,June,4.24,4.18
05/26/2024 3:15,June,4.33,4.27
05/26/2024 3:20,June,3.06,3.02
05/26/2024 3:25,June,4.13,4.07
05/26/2024 3:30,June,4.19,4.13
05/26/2024 3:35,June,4.19,4.13
05/26/2024 3:40,June,3.8,3.74
05/26/2024 3:45,June,3.78,3.73
05/26/2024 3:50,June,4.16,4.11
05/26/2024 3:55,June,3.68,3.63
05/26/2024 4:00,June,3.67,3.63
05/26/2024 4:05,June,3.68,3.62
05/26/2024 4:10,June,4.15,4.1
05/26/2024 4:15,June,3.87,3.82
05/26/2024 4:20,June,3.69,3.64
05/26/2024 4:25,June,3.75,3.7
05/26/2024 4:30,June,3.69,3.64
05/26/2024 4:35,June,4.16,4.1
05/26/2024 4:40,June,3.75,3.69
05/26/2024 4:45,June,3.67,3.62
05/26/2024 4:50,June,33.44,32.97
05/26/2024 4:55,June,33.53,33.06
05/26/2024 5:00,June,28.96,28.52
05/26/2024 5:05,June,13.31,13.11
05/26/2024 5:10,June,5.28,5.2
05/26/2024 5:15,June,5.28,5.21
05/26/2024 5:20,June,4.38,4.32
05/26/2024 5:25,June,4.45,4.39
05/26/2024 5:30,June,4.65,4.59
05/26/2024 5:35,June,5.26,5.19
05/26/2024 5:40,June,4.36,4.31
05/26/2024 5:45,June,4.55,4.5
05/26/2024 5:50,June,4.35,4.3
05/26/2024 5:55,June,4.25,4.2
05/26/2024 6:00,June,4.24,4.19
05/26/2024 6:05,June,2.86,2.83
05/26/2024 6:10,June,3.08,3.05
05/26/2024 6:15,June,3.26,3.22
05/26/2024 6:20,June,3.26,3.22
05/26/2024 6:25,June,2.85,2.82
05/26/2024 6:30,June,2.85,2.82
05/26/2024 6:35,June,2.71,2.68
05/26/2024 6:40,June,2.63,2.6
05/26/2024 6:45,June,2.85,2.82
05/26/2024 6:50,June,0,0
05/26/2024 6:55,June,2.84,2.81
05/26/2024 7:00,June,3.45,3.42
05/26/2024 7:05,June,2.62,2.6
05/26/2024 7:10,June,3.08,3.05
05/26/2024 7:15,June,3.12,3.1
05/26/2024 7:20,June,2.83,2.81
05/26/2024 7:25,June,3.24,3.21
05/26/2024 7:30,June,2.83,2.81
05/26/2024 7:35,June,2.83,2.81
05/26/2024 7:40,June,2.83,2.81
05/26/2024 7:45,June,2.48,2.46
05/26/2024 7:50,June,2.61,2.59
05/26/2024 7:55,June,3.1,3.09
05/26/2024 8:00,June,3.74,3.73
05/26/2024 8:05,June,2.64,2.63
05/26/2024 8:10,June,2.97,2.97
05/26/2024 8:15,June,2.82,2.81
05/26/2024 8:20,June,2.1,2.1
05/26/2024 8:25,June,2.59,2.59
05/26/2024 8:30,June,3.13,3.12
05/26/2024 8:35,June,2.83,2.82
05/26/2024 8:40,June,2.83,2.82
05/26/2024 8:45,June,2.71,2.7
05/26/2024 8:50,June,3.12,3.1
05/26/2024 8:55,June,3.12,3.1
05/26/2024 9:00,June,3.12,3.1
05/26/2024 9:05,June,3.24,3.21
05/26/2024 9:10,June,3.13,3.11
05/26/2024 9:15,June,3.12,3.09
05/26/2024 9:20,June,3.71,3.68
05/26/2024 9:25,June,3.72,3.69
05/26/2024 9:30,June,3.72,3.69
05/26/2024 9:35,June,3.63,3.61
05/26/2024 9:40,June,33.11,32.9
05/26/2024 9:45,June,5.14,5.11
05/26/2024 9:50,June,4.18,4.15
05/26/2024 9:55,June,4.27,4.24
05/26/2024 10:00,June,4.26,4.24
05/26/2024 10:05,June,3.62,3.6
05/26/2024 10:10,June,4.13,4.11
05/26/2024 10:15,June,4.12,4.1
05/26/2024 10:20,June,4.29,4.26
05/26/2024 10:25,June,4.29,4.27
05/26/2024 10:30,June,4.26,4.23
05/26/2024 10:35,June,4.25,4.22
05/26/2024 10:40,June,3.42,3.41
05/26/2024 10:45,June,4.14,4.12
05/26/2024 10:50,June,4.13,4.12
05/26/2024 10:55,June,4.13,4.12
05/26/2024 11:00,June,4.39,4.38
05/26/2024 11:05,June,2.46,2.46
05/26/2024 11:10,June,3.42,3.41
05/26/2024 11:15,June,3.24,3.23
05/26/2024 11:20,June,3.22,3.21
05/26/2024 11:25,June,3.71,3.7
05/26/2024 11:30,June,3.69,3.68
05/26/2024 11:35,June,3.42,3.4
05/26/2024 11:40,June,3.42,3.41
05/26/2024 11:45,June,3.71,3.7
05/26/2024 11:50,June,3.72,3.71
05/26/2024 11:55,June,3.23,3.22
05/26/2024 12:00,June,3.43,3.41
05/26/2024 12:05,June,4.09,4.08
05/26/2024 12:10,June,3.99,3.97
05/26/2024 12:15,June,4.1,4.08
05/26/2024 12:20,June,3.87,3.85
05/26/2024 12:25,June,3.77,3.76
05/26/2024 12:30,June,3.99,3.98
05/26/2024 12:35,June,3.79,3.77
05/26/2024 12:40,June,4.15,4.13
05/26/2024 12:45,June,4.16,4.14
05/26/2024 12:50,June,4.29,4.27
05/26/2024 12:55,June,4.16,4.14
05/26/2024 13:00,June,4.19,4.17
05/26/2024 13:05,June,5.08,5.06
05/26/2024 13:10,June,3.25,3.22
05/26/2024 13:15,June,4.27,4.22
05/26/2024 13:20,June,28.51,28.16
05/26/2024 13:25,June,5.13,5.07
05/26/2024 13:30,June,3.27,3.23
05/26/2024 13:35,June,28.48,28.27
05/26/2024 13:40,June,5.16,5.13
05/26/2024 13:45,June,5.16,5.13
05/26/2024 13:50,June,5.16,5.13
05/26/2024 13:55,June,5.15,5.12
05/26/2024 14:00,June,5.14,5.11
05/26/2024 14:05,June,5.17,5.13
05/26/2024 14:10,June,4,3.98
05/26/2024 14:15,June,4.26,4.23
05/26/2024 14:20,June,4.25,4.22
05/26/2024 14:25,June,4.26,4.23
05/26/2024 14:30,June,4.26,4.23
05/26/2024 14:35,June,5.12,5.08
05/26/2024 14:40,June,5.12,5.07
05/26/2024 14:45,June,5.12,5.08
05/26/2024 14:50,June,5.12,5.07
05/26/2024 14:55,June,5.32,5.27
05/26/2024 15:00,June,5.14,5.1
05/26/2024 15:05,June,5.14,5.09
05/26/2024 15:10,June,5.14,5.09
05/26/2024 15:15,June,5.14,5.09
05/26/2024 15:20,June,4.28,4.24
05/26/2024 15:25,June,4.28,4.24
05/26/2024 15:30,June,4.27,4.24
05/26/2024 15:35,June,4.27,4.24
05/26/2024 15:40,June,4.27,4.24
05/26/2024 15:45,June,3.6,3.57
05/26/2024 15:50,June,4.26,4.23
05/26/2024 15:55,June,4.18,4.15
05/26/2024 16:00,June,4.18,4.15
05/26/2024 16:05,June,4.18,4.15
05/26/2024 16:10,June,4.18,4.15
05/26/2024 16:15,June,4.18,4.15
05/26/2024 16:20,June,4.18,4.15
05/26/2024 16:25,June,4.18,4.15
05/26/2024 16:30,June,4.18,4.15
05/26/2024 16:35,June,5.17,5.12
05/26/2024 16:40,June,5.15,5.1
05/26/2024 16:45,June,4.29,4.25
05/26/2024 16:50,June,4.29,4.25
05/26/2024 16:55,June,4.29,4.25
05/26/2024 17:00,June,5.15,5.1
05/26/2024 17:05,June,5.16,5.11
05/26/2024 17:10,June,5.15,5.1
05/26/2024 17:15,June,5.29,5.24
05/26/2024 17:20,June,5.21,5.15
05/26/2024 17:25,June,5.18,5.13
05/26/2024 17:30,June,5.33,5.27
05/26/2024 17:35,June,5.21,5.16
05/26/2024 17:40,June,5.21,5.15
05/26/2024 17:45,June,5.21,5.15
05/26/2024 17:50,June,5.49,5.42
05/26/2024 17:55,June,5.47,5.41
05/26/2024 18:00,June,5.44,5.37
05/26/2024 18:05,June,9.01,8.9
05/26/2024 18:10,June,11.78,11.63
05/26/2024 18:15,June,11.72,11.56
05/26/2024 18:20,June,11.75,11.59
05/26/2024 18:25,June,18.64,18.37
05/26/2024 18:30,June,17.74,17.48
05/26/2024 18:35,June,17.71,17.46
05/26/2024 18:40,June,17.67,17.41
05/26/2024 18:45,June,14.93,14.71
05/26/2024 18:50,June,15.65,15.41
05/26/2024 18:55,June,17.06,16.8
05/26/2024 19:00,June,16.68,16.43
05/26/2024 19:05,June,16.57,16.32
05/26/2024 19:10,June,16.49,16.23
05/26/2024 19:15,June,16.64,16.38
05/26/2024 19:20,June,16.82,16.56
05/26/2024 19:25,June,17.04,16.77
05/26/2024 19:30,June,17.16,16.89
05/26/2024 19:35,June,17.08,16.81
05/26/2024 19:40,June,28.77,28.31
05/26/2024 19:45,June,28.62,28.18
05/26/2024 19:50,June,28.61,28.17
05/26/2024 19:55,June,28.64,28.2
05/26/2024 20:00,June,28.62,28.17
05/26/2024 20:05,June,28.7,28.26
05/26/2024 20:10,June,12.2,12.01
05/26/2024 20:15,June,12.23,12.04
05/26/2024 20:20,June,28.91,28.46
05/26/2024 20:25,June,28.94,28.48
05/26/2024 20:30,June,11.7,11.52
05/26/2024 20:35,June,11.92,11.73
05/26/2024 20:40,June,13.49,13.27
05/26/2024 20:45,June,12.96,12.75
05/26/2024 20:50,June,13.54,13.32
05/26/2024 20:55,June,13.5,13.28
05/26/2024 21:00,June,11.72,11.54
05/26/2024 21:05,June,10.93,10.75
05/26/2024 21:10,June,13.27,13.05
05/26/2024 21:15,June,12.11,11.92
05/26/2024 21:20,June,11.27,11.09
05/26/2024 21:25,June,8.92,8.79
05/26/2024 21:30,June,5.3,5.22
05/26/2024 21:35,June,5.33,5.25
05/26/2024 21:40,June,8.91,8.78
05/26/2024 21:45,June,8.92,8.79
05/26/2024 21:50,June,5.34,5.27
05/26/2024 21:55,June,5.35,5.28
05/26/2024 22:00,June,5.32,5.25
05/26/2024 22:05,June,5.31,5.24
05/26/2024 22:10,June,4.4,4.34
05/26/2024 22:15,June,5.3,5.23
05/26/2024 22:20,June,5.3,5.22
05/26/2024 22:25,June,5.32,5.25
05/26/2024 22:30,June,5.31,5.23
05/26/2024 22:35,June,5.3,5.22
05/26/2024 22:40,June,4.39,4.33
05/26/2024 22:45,June,4.38,4.32
05/26/2024 22:50,June,5.27,5.19
05/26/2024 22:55,June,4.16,4.1
05/26/2024 23:00,June,4.37,4.31
05/26/2024 23:05,June,4.15,4.09
05/26/2024 23:10,June,4.27,4.21
05/26/2024 23:15,June,4.27,4.21
05/26/2024 23:20,June,4.27,4.21
05/26/2024 23:25,June,4.27,4.22
05/26/2024 23:30,June,4.26,4.2
05/26/2024 23:35,June,4.26,4.2
05/26/2024 23:40,June,4.22,4.16
05/26/2024 23:45,June,4.21,4.16
05/26/2024 23:50,June,3.95,3.9
05/26/2024 23:55,June,3.95,3.9
05/27/2024 0:00,June,3.81,3.76
05/27/2024 0:05,June,3.26,3.22
05/27/2024 0:10,June,3.78,3.73
05/27/2024 0:15,June,3.89,3.84
05/27/2024 0:20,June,3.38,3.34
05/27/2024 0:25,June,3.35,3.3
05/27/2024 0:30,June,3.87,3.82
05/27/2024 0:35,June,2.5,2.47
05/27/2024 0:40,June,3.6,3.55
05/27/2024 0:45,June,3.6,3.55
05/27/2024 0:50,June,3.69,3.65
05/27/2024 0:55,June,3.26,3.22
05/27/2024 1:00,June,3.59,3.55
05/27/2024 1:05,June,4.25,4.2
05/27/2024 1:10,June,4.21,4.16
05/27/2024 1:15,June,3.7,3.65
05/27/2024 1:20,June,3.24,3.21
05/27/2024 1:25,June,3.68,3.63
05/27/2024 1:30,June,3.69,3.64
05/27/2024 1:35,June,3.43,3.39
05/27/2024 1:40,June,3.58,3.54
05/27/2024 1:45,June,3.24,3.2
05/27/2024 1:50,June,3.24,3.2
05/27/2024 1:55,June,4.1,4.05
05/27/2024 2:00,June,3.9,3.85
05/27/2024 2:05,June,3.67,3.63
05/27/2024 2:10,June,3.47,3.43
05/27/2024 2:15,June,3.47,3.43
05/27/2024 2:20,June,3.46,3.42
05/27/2024 2:25,June,3.47,3.43
05/27/2024 2:30,June,3.24,3.2
05/27/2024 2:35,June,3.43,3.39
05/27/2024 2:40,June,3.45,3.41
05/27/2024 2:45,June,3.45,3.41
05/27/2024 2:50,June,3.24,3.2
05/27/2024 2:55,June,3.24,3.2
05/27/2024 3:00,June,3.44,3.41
05/27/2024 3:05,June,3.56,3.52
05/27/2024 3:10,June,3.45,3.41
05/27/2024 3:15,June,4.22,4.18
05/27/2024 3:20,June,3.45,3.41
05/27/2024 3:25,June,3.23,3.19
05/27/2024 3:30,June,3.45,3.41
05/27/2024 3:35,June,3.89,3.85
05/27/2024 3:40,June,3.89,3.85
05/27/2024 3:45,June,3.45,3.41
05/27/2024 3:50,June,3.45,3.41
05/27/2024 3:55,June,3.89,3.84
05/27/2024 4:00,June,3.45,3.41
05/27/2024 4:05,June,4.21,4.17
05/27/2024 4:10,June,3.89,3.85
05/27/2024 4:15,June,4.21,4.17
05/27/2024 4:20,June,3.89,3.85
05/27/2024 4:25,June,4.25,4.2
05/27/2024 4:30,June,3.89,3.85
05/27/2024 4:35,June,4.21,4.17
05/27/2024 4:40,June,3.89,3.85
05/27/2024 4:45,June,3.89,3.85
05/27/2024 4:50,June,3.9,3.86
05/27/2024 4:55,June,4.21,4.16
05/27/2024 5:00,June,4.2,4.16
05/27/2024 5:05,June,3.9,3.85
05/27/2024 5:10,June,4.24,4.19
05/27/2024 5:15,June,4.2,4.16
05/27/2024 5:20,June,4.2,4.16
05/27/2024 5:25,June,5.21,5.15
05/27/2024 5:30,June,5.18,5.13
05/27/2024 5:35,June,10.01,9.9
05/27/2024 5:40,June,9.99,9.89
05/27/2024 5:45,June,5.19,5.13
05/27/2024 5:50,June,4.23,4.18
05/27/2024 5:55,June,5.21,5.15
05/27/2024 6:00,June,5.18,5.13
05/27/2024 6:05,June,4.22,4.17
05/27/2024 6:10,June,5.2,5.15
05/27/2024 6:15,June,4.1,4.06
05/27/2024 6:20,June,5.17,5.12
05/27/2024 6:25,June,10.13,10.04
05/27/2024 6:30,June,10.2,10.12
05/27/2024 6:35,June,4.21,4.18
05/27/2024 6:40,June,5.18,5.14
05/27/2024 6:45,June,4.3,4.27
05/27/2024 6:50,June,4.21,4.18
05/27/2024 6:55,June,4.3,4.27
05/27/2024 7:00,June,4.31,4.28
05/27/2024 7:05,June,4.3,4.27
05/27/2024 7:10,June,5.14,5.11
05/27/2024 7:15,June,5.19,5.16
05/27/2024 7:20,June,5.18,5.16
05/27/2024 7:25,June,5.18,5.15
05/27/2024 7:30,June,10.12,10.08
05/27/2024 7:35,June,5.19,5.16
05/27/2024 7:40,June,5.18,5.16
05/27/2024 7:45,June,5.18,5.16
05/27/2024 7:50,June,10.06,10.03
05/27/2024 7:55,June,10.08,10.05
05/27/2024 8:00,June,12.03,12
05/27/2024 8:05,June,5.16,5.15
05/27/2024 8:10,June,11.55,11.54
05/27/2024 8:15,June,13.22,13.21
05/27/2024 8:20,June,10.22,10.2
05/27/2024 8:25,June,11.56,11.55
05/27/2024 8:30,June,24.28,24.23
05/27/2024 8:35,June,12.12,12.1
05/27/2024 8:40,June,28.05,28
05/27/2024 8:45,June,13.32,13.3
05/27/2024 8:50,June,14.74,14.72
05/27/2024 8:55,June,28.01,27.98
05/27/2024 9:00,June,28.07,28.05
05/27/2024 9:05,June,15.31,15.27
05/27/2024 9:10,June,28.18,28.12
05/27/2024 9:15,June,28.21,28.16
05/27/2024 9:20,June,28.27,28.16
05/27/2024 9:25,June,28.26,28.2
05/27/2024 9:30,June,18.87,18.8
05/27/2024 9:35,June,19.82,19.74
05/27/2024 9:40,June,18.79,18.71
05/27/2024 9:45,June,18.91,18.84
05/27/2024 9:50,June,18.92,18.84
05/27/2024 9:55,June,30.06,29.94
05/27/2024 10:00,June,30.02,29.93
05/27/2024 10:05,June,28.02,27.93
05/27/2024 10:10,June,28.02,27.92
05/27/2024 10:15,June,29.49,29.39
05/27/2024 10:20,June,29.22,29.18
05/27/2024 10:25,June,29.75,29.71
05/27/2024 10:30,June,29.77,29.72
05/27/2024 10:35,June,29.66,29.64
05/27/2024 10:40,June,29.68,29.65
05/27/2024 10:45,June,29.55,29.54
05/27/2024 10:50,June,29.61,29.58
05/27/2024 10:55,June,29.51,29.48
05/27/2024 11:00,June,29.56,29.54
05/27/2024 11:05,June,29.86,29.87
05/27/2024 11:10,June,29.56,29.53
05/27/2024 11:15,June,30.08,30.06
05/27/2024 11:20,June,31.76,31.67
05/27/2024 11:25,June,32.33,32.21
05/27/2024 11:30,June,31.17,31.14
05/27/2024 11:35,June,31.2,31.15
05/27/2024 11:40,June,30.35,30.33
05/27/2024 11:45,June,30.35,30.34
05/27/2024 11:50,June,30.68,30.66
05/27/2024 11:55,June,30.35,30.33
05/27/2024 12:00,June,30.29,30.25
05/27/2024 12:05,June,32.8,32.7
05/27/2024 12:10,June,32.33,32.25
05/27/2024 12:15,June,32.9,32.88
05/27/2024 12:20,June,6.38,6.38
05/27/2024 12:25,June,6.39,6.39
05/27/2024 12:30,June,6.39,6.39
05/27/2024 12:35,June,6.39,6.39
05/27/2024 12:40,June,6.39,6.39
05/27/2024 12:45,June,6.39,6.39
05/27/2024 12:50,June,6.39,6.39
05/27/2024 12:55,June,6.39,6.39
05/27/2024 13:00,June,6.39,6.39
05/27/2024 13:05,June,6.47,6.47
05/27/2024 13:10,June,6.44,6.44
05/27/2024 13:15,June,6.44,6.44
05/27/2024 13:20,June,6.48,6.48
05/27/2024 13:25,June,6.46,6.46
05/27/2024 13:30,June,27.19,27.19
05/27/2024 13:35,June,28.32,28.32
05/27/2024 13:40,June,6.51,6.51
05/27/2024 13:45,June,6.52,6.52
05/27/2024 13:50,June,6.5,6.5
05/27/2024 13:55,June,6.52,6.52
05/27/2024 14:00,June,6.51,6.51
05/27/2024 14:05,June,30.53,30.53
05/27/2024 14:10,June,28.83,28.83
05/27/2024 14:15,June,6.52,6.52
05/27/2024 14:20,June,6.51,6.51
05/27/2024 14:25,June,6.18,6.18
05/27/2024 14:30,June,6.18,6.18
05/27/2024 14:35,June,27.8,27.8
05/27/2024 14:40,June,27.92,27.92
05/27/2024 14:45,June,31.6,31.6
05/27/2024 14:50,June,6.18,6.18
05/27/2024 14:55,June,6.49,6.49
05/27/2024 15:00,June,31.09,31.09
05/27/2024 15:05,June,33.1,33.1
05/27/2024 15:10,June,6.48,6.48
05/27/2024 15:15,June,6.47,6.47
05/27/2024 15:20,June,32.34,32.34
05/27/2024 15:25,June,32.31,32.31
05/27/2024 15:30,June,33.06,33.06
05/27/2024 15:35,June,6.5,6.5
05/27/2024 15:40,June,6.49,6.49
05/27/2024 15:45,June,6.48,6.48
05/27/2024 15:50,June,33.52,33.52
05/27/2024 15:55,June,32.56,32.56
05/27/2024 16:00,June,31.89,31.89
05/27/2024 16:05,June,33.18,33.18
05/27/2024 16:10,June,6.51,6.51
05/27/2024 16:15,June,6.54,6.54
05/27/2024 16:20,June,6.51,6.51
05/27/2024 16:25,June,30.09,30.09
05/27/2024 16:30,June,30.6,30.6
05/27/2024 16:35,June,5.94,5.94
05/27/2024 16:40,June,6.51,6.51
05/27/2024 16:45,June,5.94,5.94
05/27/2024 16:50,June,5.92,5.92
05/27/2024 16:55,June,5.96,5.96
05/27/2024 17:00,June,16.17,16.17
05/27/2024 17:05,June,15.89,15.89
05/27/2024 17:10,June,5.78,5.78
05/27/2024 17:15,June,5.79,5.79
05/27/2024 17:20,June,5.91,5.91
05/27/2024 17:25,June,5.91,5.91
05/27/2024 17:30,June,5.95,5.95
05/27/2024 17:35,June,5.92,5.92
05/27/2024 17:40,June,5.93,5.93
05/27/2024 17:45,June,5.92,5.92
05/27/2024 17:50,June,6.49,6.49
05/27/2024 17:55,June,6.48,6.48
05/27/2024 18:00,June,6.47,6.47
05/27/2024 18:05,June,6.5,6.5
05/27/2024 18:10,June,6.45,6.45
05/27/2024 18:15,June,6.48,6.48
05/27/2024 18:20,June,6.49,6.49
05/27/2024 18:25,June,23.09,23.09
05/27/2024 18:30,June,25.56,25.56
05/27/2024 18:35,June,6.49,6.49
05/27/2024 18:40,June,6.52,6.52
05/27/2024 18:45,June,6.51,6.51
05/27/2024 18:50,June,6.84,6.84
05/27/2024 18:55,June,6.5,6.5
05/27/2024 19:00,June,23.12,23.12
05/27/2024 19:05,June,20.7,20.7
05/27/2024 19:10,June,5.94,5.94
05/27/2024 19:15,June,5.94,5.94
05/27/2024 19:20,June,5.93,5.93
05/27/2024 19:25,June,5.95,5.95
05/27/2024 19:30,June,5.94,5.94
05/27/2024 19:35,June,5.95,5.95
05/27/2024 19:40,June,5.94,5.94
05/27/2024 19:45,June,5.94,5.94
05/27/2024 19:50,June,5.95,5.95
05/27/2024 19:55,June,5.94,5.94
05/27/2024 20:00,June,5.95,5.95
05/27/2024 20:05,June,5.95,5.95
05/27/2024 20:10,June,5.95,5.95
05/27/2024 20:15,June,20.86,20.86
05/27/2024 20:20,June,29.83,29.83
05/27/2024 20:25,June,23.21,23.21
05/27/2024 20:30,June,16.72,16.72
05/27/2024 20:35,June,5.98,5.98
05/27/2024 20:40,June,5.99,5.99
05/27/2024 20:45,June,15.46,15.46
05/27/2024 20:50,June,15.3,15.3
05/27/2024 20:55,June,15.55,15.55
05/27/2024 21:00,June,14.28,14.28
05/27/2024 21:05,June,6.1,6.1
05/27/2024 21:10,June,5.99,5.99
05/27/2024 21:15,June,21.39,21.39
05/27/2024 21:20,June,28.32,28.32
05/27/2024 21:25,June,21.34,21.34
05/27/2024 21:30,June,5.94,5.94
05/27/2024 21:35,June,5.95,5.95
05/27/2024 21:40,June,5.94,5.94
05/27/2024 21:45,June,10.85,10.85
05/27/2024 21:50,June,10.33,10.33
05/27/2024 21:55,June,11.17,11.17
05/27/2024 22:00,June,10.1,10.1
05/27/2024 22:05,June,5.96,5.96
05/27/2024 22:10,June,5.95,5.95
05/27/2024 22:15,June,11.88,11.88
05/27/2024 22:20,June,10.8,10.8
05/27/2024 22:25,June,10.94,10.94
05/27/2024 22:30,June,10.84,10.84
05/27/2024 22:35,June,10.74,10.74
05/27/2024 22:40,June,5.95,5.95
05/27/2024 22:45,June,5.92,5.92
05/27/2024 22:50,June,5.95,5.95
05/27/2024 22:55,June,10.85,10.85
05/27/2024 23:00,June,10.53,10.53
05/27/2024 23:05,June,16.68,16.68
05/27/2024 23:10,June,15,15
05/27/2024 23:15,June,13.3,13.3
05/27/2024 23:20,June,11.93,11.93
05/27/2024 23:25,June,10.97,10.97
05/27/2024 23:30,June,5.95,5.95
05/27/2024 23:35,June,5.92,5.92
05/27/2024 23:40,June,5.93,5.93
05/27/2024 23:45,June,7.71,7.71
05/27/2024 23:50,June,7.8,7.8
05/27/2024 23:55,June,7.38,7.38
05/28/2024 0:00,June,5.73,5.73
05/28/2024 0:05,June,12.15,12.15
05/28/2024 0:10,June,11.99,11.99
05/28/2024 0:15,June,9.35,9.35
05/28/2024 0:20,June,7.61,7.61
05/28/2024 0:25,June,7.46,7.46
05/28/2024 0:30,June,5.48,5.48
05/28/2024 0:35,June,5.84,5.84
05/28/2024 0:40,June,5.77,5.77
05/28/2024 0:45,June,5.57,5.57
05/28/2024 0:50,June,5.46,5.46
05/28/2024 0:55,June,5.05,5.05
05/28/2024 1:00,June,5.05,5.05
05/28/2024 1:05,June,11.75,11.75
05/28/2024 1:10,June,7.25,7.25
05/28/2024 1:15,June,5.59,5.59
05/28/2024 1:20,June,5.44,5.44
05/28/2024 1:25,June,5.86,5.86
05/28/2024 1:30,June,5.04,5.04
05/28/2024 1:35,June,5.11,5.11
05/28/2024 1:40,June,4.96,4.96
05/28/2024 1:45,June,4.82,4.82
05/28/2024 1:50,June,4.88,4.88
05/28/2024 1:55,June,4.83,4.83
05/28/2024 2:00,June,4.82,4.82
05/28/2024 2:05,June,4.87,4.87
05/28/2024 2:10,June,4.55,4.55
05/28/2024 2:15,June,4.57,4.57
05/28/2024 2:20,June,4.47,4.47
05/28/2024 2:25,June,4.7,4.7
05/28/2024 2:30,June,4.57,4.57
05/28/2024 2:35,June,4.48,4.48
05/28/2024 2:40,June,4.44,4.44
05/28/2024 2:45,June,4.4,4.4
05/28/2024 2:50,June,4.48,4.48
05/28/2024 2:55,June,4.46,4.46
05/28/2024 3:00,June,4.43,4.43
05/28/2024 3:05,June,4.44,4.44
05/28/2024 3:10,June,4.39,4.39
05/28/2024 3:15,June,4.4,4.4
05/28/2024 3:20,June,4.47,4.47
05/28/2024 3:25,June,4.34,4.34
05/28/2024 3:30,June,4.48,4.48
05/28/2024 3:35,June,4.44,4.44
05/28/2024 3:40,June,4.46,4.46
05/28/2024 3:45,June,4.49,4.49
05/28/2024 3:50,June,4.47,4.47
05/28/2024 3:55,June,4.56,4.56
05/28/2024 4:00,June,4.49,4.49
05/28/2024 4:05,June,4.58,4.58
05/28/2024 4:10,June,4.48,4.48
05/28/2024 4:15,June,4.64,4.64
05/28/2024 4:20,June,4.59,4.59
05/28/2024 4:25,June,4.54,4.54
05/28/2024 4:30,June,4.59,4.59
05/28/2024 4:35,June,4.61,4.61
05/28/2024 4:40,June,4.57,4.57
05/28/2024 4:45,June,4.52,4.52
05/28/2024 4:50,June,4.59,4.59
05/28/2024 4:55,June,4.58,4.58
05/28/2024 5:00,June,4.73,4.73
05/28/2024 5:05,June,4.01,4.01
05/28/2024 5:10,June,4.52,4.52
05/28/2024 5:15,June,4.5,4.5
05/28/2024 5:20,June,4.52,4.52
05/28/2024 5:25,June,4.4,4.4
05/28/2024 5:30,June,4.4,4.4
05/28/2024 5:35,June,4.45,4.45
05/28/2024 5:40,June,4.44,4.44
05/28/2024 5:45,June,4.41,4.41
05/28/2024 5:50,June,4.26,4.26
05/28/2024 5:55,June,4.18,4.18
05/28/2024 6:00,June,4.07,4.07
05/28/2024 6:05,June,0.14,0.14
05/28/2024 6:10,June,2.3,2.3
05/28/2024 6:15,June,3.27,3.27
05/28/2024 6:20,June,3.43,3.43
05/28/2024 6:25,June,3.62,3.62
05/28/2024 6:30,June,3.72,3.72
05/28/2024 6:35,June,3.67,3.67
05/28/2024 6:40,June,3.68,3.68
05/28/2024 6:45,June,3.76,3.76
05/28/2024 6:50,June,3.77,3.77
05/28/2024 6:55,June,3.78,3.78
05/28/2024 7:00,June,4,4
05/28/2024 7:05,June,0.67,0.67
05/28/2024 7:10,June,2.98,2.98
05/28/2024 7:15,June,3.41,3.41
05/28/2024 7:20,June,3.65,3.65
05/28/2024 7:25,June,3.98,3.98
05/28/2024 7:30,June,3.86,3.86
05/28/2024 7:35,June,3.96,3.96
05/28/2024 7:40,June,4.46,4.46
05/28/2024 7:45,June,4.47,4.47
05/28/2024 7:50,June,4.56,4.56
05/28/2024 7:55,June,5.53,5.53
05/28/2024 8:00,June,6.27,6.27
05/28/2024 8:05,June,1.34,1.34
05/28/2024 8:10,June,3.71,3.71
05/28/2024 8:15,June,3.82,3.82
05/28/2024 8:20,June,4.07,4.07
05/28/2024 8:25,June,5.06,5.06
05/28/2024 8:30,June,5.55,5.55
05/28/2024 8:35,June,6.38,6.38
05/28/2024 8:40,June,9.88,9.88
05/28/2024 8:45,June,7.34,7.34
05/28/2024 8:50,June,5.98,5.98
05/28/2024 8:55,June,5.88,5.88
05/28/2024 9:00,June,5.16,5.16
05/28/2024 9:05,June,0.81,0.81
05/28/2024 9:10,June,3.62,3.62
05/28/2024 9:15,June,3.77,3.77
05/28/2024 9:20,June,3.93,3.93
05/28/2024 9:25,June,4.58,4.58
05/28/2024 9:30,June,4.86,4.86
05/28/2024 9:35,June,7.33,7.33
05/28/2024 9:40,June,8.24,8.24
05/28/2024 9:45,June,5.12,5.12
05/28/2024 9:50,June,5.72,5.72
05/28/2024 9:55,June,7.38,7.38
05/28/2024 10:00,June,7.99,7.99
05/28/2024 10:05,June,4.4,4.4
05/28/2024 10:10,June,5.52,5.52
05/28/2024 10:15,June,7.36,7.36
05/28/2024 10:20,June,7.64,7.64
05/28/2024 10:25,June,7.11,7.11
05/28/2024 10:30,June,6.57,6.57
05/28/2024 10:35,June,6.26,6.26
05/28/2024 10:40,June,6.32,6.32
05/28/2024 10:45,June,6.55,6.55
05/28/2024 10:50,June,5.96,5.96
05/28/2024 10:55,June,5.46,5.46
05/28/2024 11:00,June,5.15,5.15
05/28/2024 11:05,June,5.59,5.59
05/28/2024 11:10,June,10.95,10.95
05/28/2024 11:15,June,8.3,8.3
05/28/2024 11:20,June,6.25,6.25
05/28/2024 11:25,June,6.18,6.18
05/28/2024 11:30,June,6.04,6.04
05/28/2024 11:35,June,6.3,6.3
05/28/2024 11:40,June,5.95,5.95
05/28/2024 11:45,June,6.21,6.21
05/28/2024 11:50,June,5.98,5.98
05/28/2024 11:55,June,4.92,4.92
05/28/2024 12:00,June,4.85,4.85
05/28/2024 12:05,June,3.67,3.67
05/28/2024 12:10,June,5.02,5.02
05/28/2024 12:15,June,5.48,5.48
05/28/2024 12:20,June,5.44,5.44
05/28/2024 12:25,June,5.73,5.73
05/28/2024 12:30,June,6.23,6.23
05/28/2024 12:35,June,6.16,6.16
05/28/2024 12:40,June,6.67,6.67
05/28/2024 12:45,June,6.6,6.6
05/28/2024 12:50,June,6.54,6.54
05/28/2024 12:55,June,10.26,10.26
05/28/2024 13:00,June,9.51,9.51
05/28/2024 13:05,June,8.53,8.53
05/28/2024 13:10,June,8.91,8.91
05/28/2024 13:15,June,6.55,6.55
05/28/2024 13:20,June,6.55,6.55
05/28/2024 13:25,June,6.56,6.56
05/28/2024 13:30,June,6.59,6.59
05/28/2024 13:35,June,6.57,6.57
05/28/2024 13:40,June,6.57,6.57
05/28/2024 13:45,June,6.56,6.56
05/28/2024 13:50,June,6.6,6.6
05/28/2024 13:55,June,6.56,6.56
05/28/2024 14:00,June,6.57,6.57
05/28/2024 14:05,June,6.59,6.59
05/28/2024 14:10,June,6.54,6.54
05/28/2024 14:15,June,6.57,6.57
05/28/2024 14:20,June,6.58,6.58
05/28/2024 14:25,June,6.58,6.58
05/28/2024 14:30,June,6.6,6.6
05/28/2024 14:35,June,6.57,6.57
05/28/2024 14:40,June,6.56,6.56
05/28/2024 14:45,June,6.02,6.02
05/28/2024 14:50,June,6.56,6.56
05/28/2024 14:55,June,6.57,6.57
05/28/2024 15:00,June,6.56,6.56
05/28/2024 15:05,June,6.56,6.56
05/28/2024 15:10,June,6.56,6.56
05/28/2024 15:15,June,6.56,6.56
05/28/2024 15:20,June,6.56,6.56
05/28/2024 15:25,June,6.56,6.56
05/28/2024 15:30,June,6.56,6.56
05/28/2024 15:35,June,6.56,6.56
05/28/2024 15:40,June,6.01,6.01
05/28/2024 15:45,June,6.56,6.56
05/28/2024 15:50,June,6.56,6.56
05/28/2024 15:55,June,5.97,5.97
05/28/2024 16:00,June,5.83,5.83
05/28/2024 16:05,June,5.99,5.99
05/28/2024 16:10,June,5.99,5.99
05/28/2024 16:15,June,6,6
05/28/2024 16:20,June,6,6
05/28/2024 16:25,June,6,6
05/28/2024 16:30,June,5.99,5.99
05/28/2024 16:35,June,6,6
05/28/2024 16:40,June,5.99,5.99
05/28/2024 16:45,June,5.99,5.99
05/28/2024 16:50,June,5.99,5.99
05/28/2024 16:55,June,14.39,14.39
05/28/2024 17:00,June,12.99,12.99
05/28/2024 17:05,June,12.48,12.48
05/28/2024 17:10,June,6.74,6.74
05/28/2024 17:15,June,6.42,6.42
05/28/2024 17:20,June,7.21,7.21
05/28/2024 17:25,June,6.57,6.57
05/28/2024 17:30,June,6.61,6.61
05/28/2024 17:35,June,6.28,6.28
05/28/2024 17:40,June,6.61,6.61
05/28/2024 17:45,June,6.27,6.27
05/28/2024 17:50,June,6.47,6.47
05/28/2024 17:55,June,9.92,9.92
05/28/2024 18:00,June,10.04,10.04
05/28/2024 18:05,June,6.49,6.49
05/28/2024 18:10,June,12.48,12.48
05/28/2024 18:15,June,12.97,12.97
05/28/2024 18:20,June,13.64,13.64
05/28/2024 18:25,June,7.48,7.48
05/28/2024 18:30,June,7.73,7.73
05/28/2024 18:35,June,14.18,14.18
05/28/2024 18:40,June,15.23,15.23
05/28/2024 18:45,June,19.18,19.18
05/28/2024 18:50,June,19.19,19.19
05/28/2024 18:55,June,19.27,19.27
05/28/2024 19:00,June,17.72,17.72
05/28/2024 19:05,June,13.91,13.91
05/28/2024 19:10,June,13.98,13.98
05/28/2024 19:15,June,13.99,13.99
05/28/2024 19:20,June,13.96,13.96
05/28/2024 19:25,June,14.03,14.03
05/28/2024 19:30,June,14.05,14.05
05/28/2024 19:35,June,14.04,14.04
05/28/2024 19:40,June,14.15,14.15
05/28/2024 19:45,June,19.96,19.96
05/28/2024 19:50,June,19.48,19.48
05/28/2024 19:55,June,20.61,20.61
05/28/2024 20:00,June,20.79,20.79
05/28/2024 20:05,June,22.24,22.24
05/28/2024 20:10,June,16.08,16.08
05/28/2024 20:15,June,15.61,15.61
05/28/2024 20:20,June,15.96,15.96
05/28/2024 20:25,June,15.97,15.97
05/28/2024 20:30,June,15.22,15.22
05/28/2024 20:35,June,14.98,14.98
05/28/2024 20:40,June,15.3,15.3
05/28/2024 20:45,June,8.66,8.66
05/28/2024 20:50,June,8.6,8.6
05/28/2024 20:55,June,8.9,8.9
05/28/2024 21:00,June,8.6,8.6
05/28/2024 21:05,June,9.59,9.59
05/28/2024 21:10,June,8.76,8.76
05/28/2024 21:15,June,15.85,15.85
05/28/2024 21:20,June,15.76,15.76
05/28/2024 21:25,June,15.85,15.85
05/28/2024 21:30,June,8.11,8.11
05/28/2024 21:35,June,8.07,8.07
05/28/2024 21:40,June,7.26,7.26
05/28/2024 21:45,June,8.05,8.05
05/28/2024 21:50,June,8.04,8.04
05/28/2024 21:55,June,12.38,12.38
05/28/2024 22:00,June,12.31,12.31
05/28/2024 22:05,June,8.13,8.13
05/28/2024 22:10,June,8.09,8.09
05/28/2024 22:15,June,8.03,8.03
05/28/2024 22:20,June,7.46,7.46
05/28/2024 22:25,June,7.48,7.48
05/28/2024 22:30,June,8.04,8.04
05/28/2024 22:35,June,7.46,7.46
05/28/2024 22:40,June,7.23,7.23
05/28/2024 22:45,June,7.08,7.08
05/28/2024 22:50,June,6.97,6.97
05/28/2024 22:55,June,6.49,6.49
05/28/2024 23:00,June,6.49,6.49
05/28/2024 23:05,June,12.13,12.13
05/28/2024 23:10,June,7.58,7.58
05/28/2024 23:15,June,6.66,6.66
05/28/2024 23:20,June,6.67,6.67
05/28/2024 23:25,June,10.42,10.42
05/28/2024 23:30,June,10.41,10.41
05/28/2024 23:35,June,6.63,6.63
05/28/2024 23:40,June,6.56,6.56
05/28/2024 23:45,June,6.36,6.36
05/28/2024 23:50,June,5.93,5.93
05/28/2024 23:55,June,5.78,5.78
05/29/2024 0:00,June,5.74,5.74
05/29/2024 0:05,June,8.21,8.21
05/29/2024 0:10,June,6.46,6.46
05/29/2024 0:15,June,5.67,5.67
05/29/2024 0:20,June,5.66,5.66
05/29/2024 0:25,June,5.73,5.73
05/29/2024 0:30,June,4.82,4.82
05/29/2024 0:35,June,5.97,5.97
05/29/2024 0:40,June,5.64,5.64
05/29/2024 0:45,June,5.61,5.61
05/29/2024 0:50,June,5.64,5.64
05/29/2024 0:55,June,5.58,5.58
05/29/2024 1:00,June,5.34,5.34
05/29/2024 1:05,June,6.82,6.82
05/29/2024 1:10,June,5.71,5.71
05/29/2024 1:15,June,5.35,5.35
05/29/2024 1:20,June,5.15,5.15
05/29/2024 1:25,June,5.03,5.03
05/29/2024 1:30,June,5.09,5.09
05/29/2024 1:35,June,5.06,5.06
05/29/2024 1:40,June,5.07,5.07
05/29/2024 1:45,June,4.8,4.8
05/29/2024 1:50,June,5,5
05/29/2024 1:55,June,4.81,4.81
05/29/2024 2:00,June,5.07,5.07
05/29/2024 2:05,June,5.46,5.46
05/29/2024 2:10,June,5.4,5.4
05/29/2024 2:15,June,5.37,5.37
05/29/2024 2:20,June,5.36,5.36
05/29/2024 2:25,June,5.11,5.11
05/29/2024 2:30,June,4.75,4.75
05/29/2024 2:35,June,4.66,4.66
05/29/2024 2:40,June,4.28,4.28
05/29/2024 2:45,June,4.4,4.4
05/29/2024 2:50,June,4.37,4.37
05/29/2024 2:55,June,4.09,4.09
05/29/2024 3:00,June,4.5,4.5
05/29/2024 3:05,June,4.74,4.74
05/29/2024 3:10,June,4.64,4.64
05/29/2024 3:15,June,4.62,4.62
05/29/2024 3:20,June,4.53,4.53
05/29/2024 3:25,June,4.49,4.49
05/29/2024 3:30,June,4.53,4.53
05/29/2024 3:35,June,4.51,4.51
05/29/2024 3:40,June,4.44,4.44
05/29/2024 3:45,June,4.48,4.48
05/29/2024 3:50,June,4.48,4.48
05/29/2024 3:55,June,4.33,4.33
05/29/2024 4:00,June,4.39,4.39
05/29/2024 4:05,June,4.45,4.45
05/29/2024 4:10,June,4.54,4.54
05/29/2024 4:15,June,4.55,4.55
05/29/2024 4:20,June,4.55,4.55
05/29/2024 4:25,June,4.48,4.48
05/29/2024 4:30,June,4.31,4.31
05/29/2024 4:35,June,4.48,4.48
05/29/2024 4:40,June,4.44,4.44
05/29/2024 4:45,June,4.37,4.37
05/29/2024 4:50,June,4.62,4.62
05/29/2024 4:55,June,4.44,4.44
05/29/2024 5:00,June,4.4,4.4
05/29/2024 5:05,June,3.6,3.6
05/29/2024 5:10,June,4.32,4.32
05/29/2024 5:15,June,4.59,4.59
05/29/2024 5:20,June,4.44,4.44
05/29/2024 5:25,June,4.4,4.4
05/29/2024 5:30,June,4.25,4.25
05/29/2024 5:35,June,4.2,4.2
05/29/2024 5:40,June,4.01,4.01
05/29/2024 5:45,June,5.75,5.75
05/29/2024 5:50,June,3.81,3.81
05/29/2024 5:55,June,4,4
05/29/2024 6:00,June,4.06,4.06
05/29/2024 6:05,June,0.13,0.13
05/29/2024 6:10,June,2.47,2.47
05/29/2024 6:15,June,3.43,3.43
05/29/2024 6:20,June,3.42,3.42
05/29/2024 6:25,June,3.53,3.53
05/29/2024 6:30,June,3.57,3.57
05/29/2024 6:35,June,3.42,3.42
05/29/2024 6:40,June,3.61,3.61
05/29/2024 6:45,June,3.11,3.11
05/29/2024 6:50,June,3.19,3.19
05/29/2024 6:55,June,3.61,3.61
05/29/2024 7:00,June,4.12,4.12
05/29/2024 7:05,June,-1.27,-1.27
05/29/2024 7:10,June,2.8,2.8
05/29/2024 7:15,June,2.91,2.91
05/29/2024 7:20,June,3.11,3.11
05/29/2024 7:25,June,3.26,3.26
05/29/2024 7:30,June,3.48,3.48
05/29/2024 7:35,June,3.5,3.5
05/29/2024 7:40,June,3.52,3.52
05/29/2024 7:45,June,4.37,4.37
05/29/2024 7:50,June,4.37,4.37
05/29/2024 7:55,June,4.76,4.76
05/29/2024 8:00,June,5.58,5.58
05/29/2024 8:05,June,1.99,1.99
05/29/2024 8:10,June,3.83,3.83
05/29/2024 8:15,June,5.22,5.22
05/29/2024 8:20,June,5.27,5.27
05/29/2024 8:25,June,5.2,5.2
05/29/2024 8:30,June,5.07,5.07
05/29/2024 8:35,June,4.99,4.99
05/29/2024 8:40,June,5.09,5.09
05/29/2024 8:45,June,4.49,4.49
05/29/2024 8:50,June,5.29,5.29
05/29/2024 8:55,June,5.06,5.06
05/29/2024 9:00,June,5.28,5.28
05/29/2024 9:05,June,1.12,1.12
05/29/2024 9:10,June,3.91,3.91
05/29/2024 9:15,June,3.34,3.34
05/29/2024 9:20,June,3.44,3.44
05/29/2024 9:25,June,4.24,4.24
05/29/2024 9:30,June,5,5
05/29/2024 9:35,June,5.26,5.26
05/29/2024 9:40,June,6.42,6.42
05/29/2024 9:45,June,5.05,5.05
05/29/2024 9:50,June,5.73,5.73
05/29/2024 9:55,June,5.79,5.79
05/29/2024 10:00,June,5.04,5.04
05/29/2024 10:05,June,4.33,4.33
05/29/2024 10:10,June,5.27,5.27
05/29/2024 10:15,June,5.04,5.04
05/29/2024 10:20,June,6.79,6.79
05/29/2024 10:25,June,6.93,6.93
05/29/2024 10:30,June,6.22,6.22
05/29/2024 10:35,June,6.53,6.53
05/29/2024 10:40,June,6.36,6.36
05/29/2024 10:45,June,6.2,6.2
05/29/2024 10:50,June,5.99,5.99
05/29/2024 10:55,June,5.97,5.97
05/29/2024 11:00,June,5.94,5.94
05/29/2024 11:05,June,5.78,5.78
05/29/2024 11:10,June,6.03,6.03
05/29/2024 11:15,June,6.1,6.1
05/29/2024 11:20,June,6.04,6.04
05/29/2024 11:25,June,5.5,5.5
05/29/2024 11:30,June,5.55,5.55
05/29/2024 11:35,June,5.56,5.56
05/29/2024 11:40,June,5.46,5.46
05/29/2024 11:45,June,5.71,5.71
05/29/2024 11:50,June,5.46,5.46
05/29/2024 11:55,June,5.06,5.06
05/29/2024 12:00,June,4.76,4.76
05/29/2024 12:05,June,4.72,4.72
05/29/2024 12:10,June,4.71,4.71
05/29/2024 12:15,June,5.41,5.41
05/29/2024 12:20,June,5.63,5.63
05/29/2024 12:25,June,5.89,5.89
05/29/2024 12:30,June,5.95,5.95
05/29/2024 12:35,June,6.21,6.21
05/29/2024 12:40,June,6.28,6.28
05/29/2024 12:45,June,5.97,5.97
05/29/2024 12:50,June,6.13,6.13
05/29/2024 12:55,June,6.21,6.21
05/29/2024 13:00,June,6.35,6.35
05/29/2024 13:05,June,6.69,6.69
05/29/2024 13:10,June,12.56,12.56
05/29/2024 13:15,June,12.34,12.34
05/29/2024 13:20,June,11.63,11.63
05/29/2024 13:25,June,8.88,8.88
05/29/2024 13:30,June,9.19,9.19
05/29/2024 13:35,June,8.33,8.33
05/29/2024 13:40,June,8.44,8.44
05/29/2024 13:45,June,8.32,8.32
05/29/2024 13:50,June,8.34,8.34
05/29/2024 13:55,June,8.77,8.77
05/29/2024 14:00,June,8.29,8.29
05/29/2024 14:05,June,8.63,8.63
05/29/2024 14:10,June,8.24,8.24
05/29/2024 14:15,June,8.39,8.39
05/29/2024 14:20,June,8.3,8.3
05/29/2024 14:25,June,8,8
05/29/2024 14:30,June,8.19,8.19
05/29/2024 14:35,June,8.83,8.83
05/29/2024 14:40,June,8.89,8.89
05/29/2024 14:45,June,9.5,9.5
05/29/2024 14:50,June,11.03,11.03
05/29/2024 14:55,June,15.74,15.74
05/29/2024 15:00,June,7.79,7.79
05/29/2024 15:05,June,11.06,11.06
05/29/2024 15:10,June,8.77,8.77
05/29/2024 15:15,June,8.11,8.11
05/29/2024 15:20,June,8.92,8.92
05/29/2024 15:25,June,9.74,9.74
05/29/2024 15:30,June,8.85,8.85
05/29/2024 15:35,June,8.79,8.79
05/29/2024 15:40,June,8.37,8.37
05/29/2024 15:45,June,8.74,8.74
05/29/2024 15:50,June,8.32,8.32
05/29/2024 15:55,June,8.02,8.02
05/29/2024 16:00,June,7.93,7.93
05/29/2024 16:05,June,11.92,11.92
05/29/2024 16:10,June,8.35,8.35
05/29/2024 16:15,June,8.73,8.73
05/29/2024 16:20,June,8.26,8.26
05/29/2024 16:25,June,7.96,7.96
05/29/2024 16:30,June,7.96,7.96
05/29/2024 16:35,June,7.91,7.91
05/29/2024 16:40,June,7.12,7.12
05/29/2024 16:45,June,6.27,6.27
05/29/2024 16:50,June,6.31,6.31
05/29/2024 16:55,June,6.29,6.29
05/29/2024 17:00,June,5.76,5.76
05/29/2024 17:05,June,5.48,5.48
05/29/2024 17:10,June,5.46,5.46
05/29/2024 17:15,June,5.43,5.43
05/29/2024 17:20,June,5.21,5.21
05/29/2024 17:25,June,5.41,5.41
05/29/2024 17:30,June,5.83,5.83
05/29/2024 17:35,June,5.69,5.69
05/29/2024 17:40,June,5.84,5.84
05/29/2024 17:45,June,5.7,5.7
05/29/2024 17:50,June,5.85,5.85
05/29/2024 17:55,June,6.13,6.13
05/29/2024 18:00,June,6.06,6.06
05/29/2024 18:05,June,6.08,6.08
05/29/2024 18:10,June,6.01,6.01
05/29/2024 18:15,June,6.15,6.15
05/29/2024 18:20,June,6.52,6.52
05/29/2024 18:25,June,13.72,13.72
05/29/2024 18:30,June,16.32,16.32
05/29/2024 18:35,June,14.66,14.66
05/29/2024 18:40,June,13.55,13.55
05/29/2024 18:45,June,13.5,13.5
05/29/2024 18:50,June,13.65,13.65
05/29/2024 18:55,June,6.51,6.51
05/29/2024 19:00,June,5.95,5.95
05/29/2024 19:05,June,13.41,13.41
05/29/2024 19:10,June,13.49,13.49
05/29/2024 19:15,June,12.93,12.93
05/29/2024 19:20,June,13.32,13.32
05/29/2024 19:25,June,13.36,13.36
05/29/2024 19:30,June,13.43,13.43
05/29/2024 19:35,June,14.67,14.67
05/29/2024 19:40,June,13.46,13.46
05/29/2024 19:45,June,13.21,13.21
05/29/2024 19:50,June,6.47,6.47
05/29/2024 19:55,June,6.41,6.41
05/29/2024 20:00,June,6.4,6.4
05/29/2024 20:05,June,6.77,6.77
05/29/2024 20:10,June,6.77,6.77
05/29/2024 20:15,June,6.7,6.7
05/29/2024 20:20,June,6.86,6.86
05/29/2024 20:25,June,14.09,14.09
05/29/2024 20:30,June,14.27,14.27
05/29/2024 20:35,June,14.22,14.22
05/29/2024 20:40,June,18.67,18.67
05/29/2024 20:45,June,15.19,15.19
05/29/2024 20:50,June,15.83,15.83
05/29/2024 20:55,June,8.68,8.68
05/29/2024 21:00,June,8.23,8.23
05/29/2024 21:05,June,10.85,10.85
05/29/2024 21:10,June,8.42,8.42
05/29/2024 21:15,June,15.79,15.79
05/29/2024 21:20,June,20.45,20.45
05/29/2024 21:25,June,9.91,9.91
05/29/2024 21:30,June,8.31,8.31
05/29/2024 21:35,June,9.12,9.12
05/29/2024 21:40,June,7.5,7.5
05/29/2024 21:45,June,6.41,6.41
05/29/2024 21:50,June,6.64,6.64
05/29/2024 21:55,June,6.65,6.65
05/29/2024 22:00,June,6.18,6.18
05/29/2024 22:05,June,13.83,13.83
05/29/2024 22:10,June,8.83,8.83
05/29/2024 22:15,June,6.67,6.67
05/29/2024 22:20,June,6.53,6.53
05/29/2024 22:25,June,6.53,6.53
05/29/2024 22:30,June,6.43,6.43
05/29/2024 22:35,June,6.45,6.45
05/29/2024 22:40,June,6.66,6.66
05/29/2024 22:45,June,6.39,6.39
05/29/2024 22:50,June,6.38,6.38
05/29/2024 22:55,June,6.32,6.32
05/29/2024 23:00,June,6.02,6.02
05/29/2024 23:05,June,18.59,18.59
05/29/2024 23:10,June,8.32,8.32
05/29/2024 23:15,June,12.81,12.81
05/29/2024 23:20,June,12.66,12.66
05/29/2024 23:25,June,6.19,6.19
05/29/2024 23:30,June,6.3,6.3
05/29/2024 23:35,June,5.94,5.94
05/29/2024 23:40,June,5.86,5.86
05/29/2024 23:45,June,5.44,5.44
05/29/2024 23:50,June,5.44,5.44
05/29/2024 23:55,June,5.07,5.07
05/30/2024 0:00,June,5.28,5.28
05/30/2024 0:05,June,8.27,8.27
05/30/2024 0:10,June,6.56,6.56
05/30/2024 0:15,June,5.12,5.12
05/30/2024 0:20,June,4.17,4.17
05/30/2024 0:25,June,4.77,4.77
05/30/2024 0:30,June,4.8,4.8
05/30/2024 0:35,June,5.11,5.11
05/30/2024 0:40,June,5,5
05/30/2024 0:45,June,4.18,4.18
05/30/2024 0:50,June,4.93,4.93
05/30/2024 0:55,June,4.23,4.23
05/30/2024 1:00,June,4.84,4.84
05/30/2024 1:05,June,5.65,5.65
05/30/2024 1:10,June,5.63,5.63
05/30/2024 1:15,June,5.64,5.64
05/30/2024 1:20,June,5.62,5.62
05/30/2024 1:25,June,5.61,5.61
05/30/2024 1:30,June,5,5
05/30/2024 1:35,June,5,5
05/30/2024 1:40,June,5.04,5.04
05/30/2024 1:45,June,4.88,4.88
05/30/2024 1:50,June,4.85,4.85
05/30/2024 1:55,June,4.16,4.16
05/30/2024 2:00,June,4.68,4.68
05/30/2024 2:05,June,4.8,4.8
05/30/2024 2:10,June,4.72,4.72
05/30/2024 2:15,June,4.71,4.71
05/30/2024 2:20,June,4.66,4.66
05/30/2024 2:25,June,4.83,4.83
05/30/2024 2:30,June,4.83,4.83
05/30/2024 2:35,June,4.55,4.55
05/30/2024 2:40,June,4.64,4.64
05/30/2024 2:45,June,4.8,4.8
05/30/2024 2:50,June,4.66,4.66
05/30/2024 2:55,June,4.69,4.69
05/30/2024 3:00,June,4.56,4.56
05/30/2024 3:05,June,4.68,4.68
05/30/2024 3:10,June,4.64,4.64
05/30/2024 3:15,June,4.14,4.14
05/30/2024 3:20,June,4.43,4.43
05/30/2024 3:25,June,4.25,4.25
05/30/2024 3:30,June,4.36,4.36
05/30/2024 3:35,June,4.29,4.29
05/30/2024 3:40,June,4.18,4.18
05/30/2024 3:45,June,4.28,4.28
05/30/2024 3:50,June,4.1,4.1
05/30/2024 3:55,June,4.08,4.08
05/30/2024 4:00,June,3.99,3.99
05/30/2024 4:05,June,4.15,4.15
05/30/2024 4:10,June,3.5,3.5
05/30/2024 4:15,June,4.12,4.12
05/30/2024 4:20,June,4.05,4.05
05/30/2024 4:25,June,4.05,4.05
05/30/2024 4:30,June,4.05,4.05
05/30/2024 4:35,June,4.11,4.11
05/30/2024 4:40,June,4.05,4.05
05/30/2024 4:45,June,4.05,4.05
05/30/2024 4:50,June,4.05,4.05
05/30/2024 4:55,June,4.05,4.05
05/30/2024 5:00,June,4.02,4.02
05/30/2024 5:05,June,3.14,3.14
05/30/2024 5:10,June,3.51,3.51
05/30/2024 5:15,June,4.03,4.03
05/30/2024 5:20,June,3.57,3.57
05/30/2024 5:25,June,4.02,4.02
05/30/2024 5:30,June,3.51,3.51
05/30/2024 5:35,June,3.59,3.59
05/30/2024 5:40,June,3.5,3.5
05/30/2024 5:45,June,3.56,3.56
05/30/2024 5:50,June,3.49,3.49
05/30/2024 5:55,June,3.59,3.59
05/30/2024 6:00,June,3.59,3.59
05/30/2024 6:05,June,0.39,0.39
05/30/2024 6:10,June,2.54,2.54
05/30/2024 6:15,June,3.49,3.49
05/30/2024 6:20,June,3.62,3.62
05/30/2024 6:25,June,3.55,3.55
05/30/2024 6:30,June,3.06,3.06
05/30/2024 6:35,June,3.46,3.46
05/30/2024 6:40,June,3.52,3.52
05/30/2024 6:45,June,3.53,3.53
05/30/2024 6:50,June,3.49,3.49
05/30/2024 6:55,June,3.47,3.47
05/30/2024 7:00,June,3.85,3.85
05/30/2024 7:05,June,0,0
05/30/2024 7:10,June,2.36,2.36
05/30/2024 7:15,June,3.29,3.29
05/30/2024 7:20,June,3.28,3.28
05/30/2024 7:25,June,3.65,3.65
05/30/2024 7:30,June,3.85,3.85
05/30/2024 7:35,June,4.22,4.22
05/30/2024 7:40,June,3.99,3.99
05/30/2024 7:45,June,4.02,4.02
05/30/2024 7:50,June,4.52,4.52
05/30/2024 7:55,June,4.59,4.59
05/30/2024 8:00,June,5.15,5.15
05/30/2024 8:05,June,1.26,1.26
05/30/2024 8:10,June,4.08,4.08
05/30/2024 8:15,June,4.2,4.2
05/30/2024 8:20,June,4.3,4.3
05/30/2024 8:25,June,4.79,4.79
05/30/2024 8:30,June,4.37,4.37
05/30/2024 8:35,June,4.23,4.23
05/30/2024 8:40,June,4.81,4.81
05/30/2024 8:45,June,6.28,6.28
05/30/2024 8:50,June,7.36,7.36
05/30/2024 8:55,June,5.66,5.66
05/30/2024 9:00,June,5.08,5.08
05/30/2024 9:05,June,1.53,1.53
05/30/2024 9:10,June,3.44,3.44
05/30/2024 9:15,June,3.73,3.73
05/30/2024 9:20,June,4.45,4.45
05/30/2024 9:25,June,5.17,5.17
05/30/2024 9:30,June,4.83,4.83
05/30/2024 9:35,June,5.22,5.22
05/30/2024 9:40,June,7.59,7.59
05/30/2024 9:45,June,5.53,5.53
05/30/2024 9:50,June,5.49,5.49
05/30/2024 9:55,June,8.14,8.14
05/30/2024 10:00,June,8.94,8.94
05/30/2024 10:05,June,6.53,6.53
05/30/2024 10:10,June,5.28,5.28
05/30/2024 10:15,June,4.89,4.89
05/30/2024 10:20,June,8,8
05/30/2024 10:25,June,5.93,5.93
05/30/2024 10:30,June,5.94,5.94
05/30/2024 10:35,June,5.42,5.42
05/30/2024 10:40,June,5.65,5.65
05/30/2024 10:45,June,6.02,6.02
05/30/2024 10:50,June,5.98,5.98
05/30/2024 10:55,June,5.9,5.9
05/30/2024 11:00,June,5.92,5.92
05/30/2024 11:05,June,5.38,5.38
05/30/2024 11:10,June,5.35,5.35
05/30/2024 11:15,June,5.39,5.39
05/30/2024 11:20,June,5.43,5.43
05/30/2024 11:25,June,5.53,5.53
05/30/2024 11:30,June,5.68,5.68
05/30/2024 11:35,June,5.44,5.44
05/30/2024 11:40,June,5.4,5.4
05/30/2024 11:45,June,5.42,5.42
05/30/2024 11:50,June,5.41,5.41
05/30/2024 11:55,June,5.11,5.11
05/30/2024 12:00,June,5.3,5.3
05/30/2024 12:05,June,3.74,3.74
05/30/2024 12:10,June,4.99,4.99
05/30/2024 12:15,June,5.56,5.56
05/30/2024 12:20,June,5.6,5.6
05/30/2024 12:25,June,5.87,5.87
05/30/2024 12:30,June,5.64,5.64
05/30/2024 12:35,June,8.77,8.77
05/30/2024 12:40,June,6.12,6.12
05/30/2024 12:45,June,6.4,6.4
05/30/2024 12:50,June,6.4,6.4
05/30/2024 12:55,June,6.41,6.41
05/30/2024 13:00,June,7.34,7.34
05/30/2024 13:05,June,8.96,8.96
05/30/2024 13:10,June,9.4,9.4
05/30/2024 13:15,June,12.23,12.23
05/30/2024 13:20,June,13.65,13.65
05/30/2024 13:25,June,20.09,20.09
05/30/2024 13:30,June,17.52,17.52
05/30/2024 13:35,June,14.58,14.58
05/30/2024 13:40,June,16.65,16.65
05/30/2024 13:45,June,18.57,18.57
05/30/2024 13:50,June,17.25,17.25
05/30/2024 13:55,June,19.31,19.31
05/30/2024 14:00,June,17.67,17.67
05/30/2024 14:05,June,15.84,15.84
05/30/2024 14:10,June,20.14,20.14
05/30/2024 14:15,June,19.7,19.7
05/30/2024 14:20,June,17.9,17.9
05/30/2024 14:25,June,19.02,19.02
05/30/2024 14:30,June,19.15,19.15
05/30/2024 14:35,June,18.37,18.37
05/30/2024 14:40,June,23.34,23.34
05/30/2024 14:45,June,23.37,23.37
05/30/2024 14:50,June,23.16,23.16
05/30/2024 14:55,June,23.15,23.15
05/30/2024 15:00,June,17.95,17.95
05/30/2024 15:05,June,23.16,23.16
05/30/2024 15:10,June,23.66,23.66
05/30/2024 15:15,June,18.78,18.78
05/30/2024 15:20,June,19.98,19.98
05/30/2024 15:25,June,19.04,19.04
05/30/2024 15:30,June,19.01,19.01
05/30/2024 15:35,June,19.92,19.92
05/30/2024 15:40,June,20.68,20.68
05/30/2024 15:45,June,19.83,19.83
05/30/2024 15:50,June,22.68,22.68
05/30/2024 15:55,June,22.37,22.37
05/30/2024 16:00,June,17.63,17.63
05/30/2024 16:05,June,14.03,14.03
05/30/2024 16:10,June,14.52,14.52
05/30/2024 16:15,June,16.67,16.67
05/30/2024 16:20,June,14.43,14.43
05/30/2024 16:25,June,13.88,13.88
05/30/2024 16:30,June,13.05,13.05
05/30/2024 16:35,June,11.13,11.13
05/30/2024 16:40,June,9.92,9.92
05/30/2024 16:45,June,9.44,9.44
05/30/2024 16:50,June,8.16,8.16
05/30/2024 16:55,June,5.97,5.97
05/30/2024 17:00,June,5.45,5.45
05/30/2024 17:05,June,5.88,5.88
05/30/2024 17:10,June,5.24,5.24
05/30/2024 17:15,June,5.32,5.32
05/30/2024 17:20,June,6.1,6.1
05/30/2024 17:25,June,5.45,5.45
05/30/2024 17:30,June,6.5,6.5
05/30/2024 17:35,June,8.9,8.9
05/30/2024 17:40,June,7.92,7.92
05/30/2024 17:45,June,6.18,6.18
05/30/2024 17:50,June,9.58,9.58
05/30/2024 17:55,June,9.2,9.2
05/30/2024 18:00,June,8.86,8.86
05/30/2024 18:05,June,29.45,29.06
05/30/2024 18:10,June,28.9,28.51
05/30/2024 18:15,June,28.43,28.04
05/30/2024 18:20,June,28.49,28.08
05/30/2024 18:25,June,28.5,28.09
05/30/2024 18:30,June,28.51,28.09
05/30/2024 18:35,June,19.21,18.93
05/30/2024 18:40,June,19.42,19.14
05/30/2024 18:45,June,28.3,27.89
05/30/2024 18:50,June,28.29,27.88
05/30/2024 18:55,June,21.31,21
05/30/2024 19:00,June,28.28,27.88
05/30/2024 19:05,June,28.46,28.03
05/30/2024 19:10,June,28.46,28.03
05/30/2024 19:15,June,28.53,28.08
05/30/2024 19:20,June,28.54,28.09
05/30/2024 19:25,June,28.53,28.07
05/30/2024 19:30,June,28.53,28.08
05/30/2024 19:35,June,28.5,28.05
05/30/2024 19:40,June,28.5,28.05
05/30/2024 19:45,June,27.56,27.56
05/30/2024 19:50,June,27.56,27.56
05/30/2024 19:55,June,27.55,27.55
05/30/2024 20:00,June,27.56,27.56
05/30/2024 20:05,June,31.34,30.81
05/30/2024 20:10,June,28.6,28.6
05/30/2024 20:15,June,28.6,28.6
05/30/2024 20:20,June,28.6,28.6
05/30/2024 20:25,June,28.6,28.6
05/30/2024 20:30,June,28.6,28.6
05/30/2024 20:35,June,27.57,27.57
05/30/2024 20:40,June,27.57,27.57
05/30/2024 20:45,June,27.57,27.57
05/30/2024 20:50,June,27.57,27.57
05/30/2024 20:55,June,22.46,22.46
05/30/2024 21:00,June,27.57,27.57
05/30/2024 21:05,June,32.71,32.71
05/30/2024 21:10,June,32.71,32.71
05/30/2024 21:15,June,32.7,32.7
05/30/2024 21:20,June,32.7,32.7
05/30/2024 21:25,June,32.7,32.7
05/30/2024 21:30,June,29.63,29.63
05/30/2024 21:35,June,32.7,32.7
05/30/2024 21:40,June,32.7,32.7
05/30/2024 21:45,June,32.7,32.7
05/30/2024 21:50,June,6.39,6.39
05/30/2024 21:55,June,6.39,6.39
05/30/2024 22:00,June,6.39,6.39
05/30/2024 22:05,June,6.39,6.39
05/30/2024 22:10,June,6.39,6.39
05/30/2024 22:15,June,6.39,6.39
05/30/2024 22:20,June,6.39,6.39
05/30/2024 22:25,June,6.39,6.39
05/30/2024 22:30,June,6.39,6.39
05/30/2024 22:35,June,6.39,6.39
05/30/2024 22:40,June,6.39,6.39
05/30/2024 22:45,June,6.39,6.39
05/30/2024 22:50,June,6.4,6.4
05/30/2024 22:55,June,6.4,6.4
05/30/2024 23:00,June,5.88,5.88
05/30/2024 23:05,June,31.49,30.9
05/30/2024 23:10,June,31.49,30.9
05/30/2024 23:15,June,6.4,6.4
05/30/2024 23:20,June,6.37,6.37
05/30/2024 23:25,June,5.88,5.88
05/30/2024 23:30,June,5.85,5.85
05/30/2024 23:35,June,30.11,29.57
05/30/2024 23:40,June,29.92,29.44
05/30/2024 23:45,June,5.87,5.87
05/30/2024 23:50,June,5.87,5.87
05/30/2024 23:55,June,5.86,5.86
05/31/2024 0:00,June,5.87,5.87
05/31/2024 0:05,June,5.88,5.88
05/31/2024 0:10,June,5.88,5.88
05/31/2024 0:15,June,5.88,5.88
05/31/2024 0:20,June,5.87,5.87
05/31/2024 0:25,June,5.88,5.88
05/31/2024 0:30,June,5.87,5.87
05/31/2024 0:35,June,5.88,5.88
05/31/2024 0:40,June,5.87,5.87
05/31/2024 0:45,June,5.87,5.87
05/31/2024 0:50,June,5.87,5.87
05/31/2024 0:55,June,5.87,5.87
05/31/2024 1:00,June,5.87,5.87
05/31/2024 1:05,June,5.87,5.87
05/31/2024 1:10,June,5.87,5.87
05/31/2024 1:15,June,5.88,5.88
05/31/2024 1:20,June,5.87,5.87
05/31/2024 1:25,June,5.87,5.87
05/31/2024 1:30,June,5.36,5.36
05/31/2024 1:35,June,5.35,5.35
05/31/2024 1:40,June,4.67,4.67
05/31/2024 1:45,June,4.43,4.43
05/31/2024 1:50,June,5.15,5.15
05/31/2024 1:55,June,4.67,4.67
05/31/2024 2:00,June,4.7,4.7
05/31/2024 2:05,June,5.62,5.62
05/31/2024 2:10,June,5.62,5.62
05/31/2024 2:15,June,5.12,5.12
05/31/2024 2:20,June,5.12,5.12
05/31/2024 2:25,June,5.11,5.11
05/31/2024 2:30,June,5.11,5.11
05/31/2024 2:35,June,5.09,5.09
05/31/2024 2:40,June,4.43,4.43
05/31/2024 2:45,June,4.64,4.64
05/31/2024 2:50,June,5.09,5.09
05/31/2024 2:55,June,4.42,4.42
05/31/2024 3:00,June,4.26,4.26
05/31/2024 3:05,June,4.25,4.25
05/31/2024 3:10,June,4.25,4.25
05/31/2024 3:15,June,4.41,4.41
05/31/2024 3:20,June,4.24,4.24
05/31/2024 3:25,June,4.09,4.09
05/31/2024 3:30,June,4.09,4.09
05/31/2024 3:35,June,4.09,4.09
05/31/2024 3:40,June,4.08,4.08
05/31/2024 3:45,June,4.09,4.09
05/31/2024 3:50,June,4.08,4.08
05/31/2024 3:55,June,4.08,4.08
05/31/2024 4:00,June,4.08,4.08
05/31/2024 4:05,June,4.15,4.15
05/31/2024 4:10,June,5.05,5.05
05/31/2024 4:15,June,4.24,4.24
05/31/2024 4:20,June,4.16,4.16
05/31/2024 4:25,June,4.24,4.24
05/31/2024 4:30,June,4.08,4.08
05/31/2024 4:35,June,4.15,4.15
05/31/2024 4:40,June,4.16,4.16
05/31/2024 4:45,June,4.2,4.2
05/31/2024 4:50,June,4.08,4.08
05/31/2024 4:55,June,4.15,4.15
05/31/2024 5:00,June,4.15,4.15
05/31/2024 5:05,June,3.06,3.06
05/31/2024 5:10,June,4.06,4.06
05/31/2024 5:15,June,4.11,4.11
05/31/2024 5:20,June,4.09,4.09
05/31/2024 5:25,June,4.1,4.1
05/31/2024 5:30,June,4.1,4.1
05/31/2024 5:35,June,4.1,4.1
05/31/2024 5:40,June,4.01,4.01
05/31/2024 5:45,June,4.01,4.01
05/31/2024 5:50,June,3.98,3.98
05/31/2024 5:55,June,3.98,3.98
05/31/2024 6:00,June,3.97,3.97
05/31/2024 6:05,June,0,0
05/31/2024 6:10,June,3.14,3.14
05/31/2024 6:15,June,3.9,3.9
05/31/2024 6:20,June,3.9,3.9
05/31/2024 6:25,June,3.89,3.89
05/31/2024 6:30,June,3.9,3.9
05/31/2024 6:35,June,3.9,3.9
05/31/2024 6:40,June,4.48,4.48
05/31/2024 6:45,June,3.96,3.96
05/31/2024 6:50,June,3.8,3.8
05/31/2024 6:55,June,3.94,3.94
05/31/2024 7:00,June,3.96,3.96
05/31/2024 7:05,June,0,0
05/31/2024 7:10,June,3.27,3.27
05/31/2024 7:15,June,4.01,4.01
05/31/2024 7:20,June,3.9,3.9
05/31/2024 7:25,June,3.9,3.9
05/31/2024 7:30,June,4.93,4.93
05/31/2024 7:35,June,4.08,4.08
05/31/2024 7:40,June,4.13,4.13
05/31/2024 7:45,June,5.86,5.86
05/31/2024 7:50,June,5.85,5.85
05/31/2024 7:55,June,5.85,5.85
05/31/2024 8:00,June,5.98,5.98
05/31/2024 8:05,June,3.85,3.85
05/31/2024 8:10,June,5.26,5.26
05/31/2024 8:15,June,5.84,5.84
05/31/2024 8:20,June,5.87,5.87
05/31/2024 8:25,June,5.33,5.33
05/31/2024 8:30,June,5.31,5.31
05/31/2024 8:35,June,5.3,5.3
05/31/2024 8:40,June,5.28,5.28
05/31/2024 8:45,June,4.2,4.2
05/31/2024 8:50,June,5.29,5.29
05/31/2024 8:55,June,5.27,5.27
05/31/2024 9:00,June,5.86,5.86
05/31/2024 9:05,June,4.11,4.11
05/31/2024 9:10,June,5.27,5.27
05/31/2024 9:15,June,5.28,5.28
05/31/2024 9:20,June,4.88,4.88
05/31/2024 9:25,June,5.84,5.84
05/31/2024 9:30,June,6.38,6.38
05/31/2024 9:35,June,5.96,5.96
05/31/2024 9:40,June,5.86,5.86
05/31/2024 9:45,June,5.86,5.86
05/31/2024 9:50,June,6,6
05/31/2024 9:55,June,6.38,6.38
05/31/2024 10:00,June,6.38,6.38
05/31/2024 10:05,June,6.38,6.38
05/31/2024 10:10,June,6.38,6.38
05/31/2024 10:15,June,5.86,5.86
05/31/2024 10:20,June,6.38,6.38
05/31/2024 10:25,June,6.38,6.38
05/31/2024 10:30,June,6.38,6.38
05/31/2024 10:35,June,6.38,6.38
05/31/2024 10:40,June,26.29,26.4
05/31/2024 10:45,June,27.79,27.9
05/31/2024 10:50,June,6.39,6.39
05/31/2024 10:55,June,6.39,6.39
05/31/2024 11:00,June,6.39,6.39
05/31/2024 11:05,June,6.38,6.38
05/31/2024 11:10,June,6.38,6.38
05/31/2024 11:15,June,6.38,6.38
05/31/2024 11:20,June,14.98,15.06
05/31/2024 11:25,June,15.68,15.76
05/31/2024 11:30,June,14.97,15.05
05/31/2024 11:35,June,6.38,6.38
05/31/2024 11:40,June,6.38,6.38
05/31/2024 11:45,June,6.38,6.38
05/31/2024 11:50,June,16.02,16.11
05/31/2024 11:55,June,12.7,12.76
05/31/2024 12:00,June,6.38,6.38
05/31/2024 12:05,June,6.38,6.38
05/31/2024 12:10,June,6.38,6.38
05/31/2024 12:15,June,6.38,6.38
05/31/2024 12:20,June,6.38,6.38
05/31/2024 12:25,June,6.38,6.38
05/31/2024 12:30,June,24.31,24.31
05/31/2024 12:35,June,29.34,29.33
05/31/2024 12:40,June,6.38,6.38
05/31/2024 12:45,June,6.38,6.38
05/31/2024 12:50,June,6.38,6.38
05/31/2024 12:55,June,6.38,6.38
05/31/2024 13:00,June,6.38,6.38
05/31/2024 13:05,June,6.38,6.38
05/31/2024 13:10,June,32,32
05/31/2024 13:15,June,33.13,33.12
05/31/2024 13:20,June,6.39,6.39
05/31/2024 13:25,June,6.38,6.38
05/31/2024 13:30,June,6.38,6.38
05/31/2024 13:35,June,6.38,6.38
05/31/2024 13:40,June,6.38,6.38
05/31/2024 13:45,June,6.38,6.38
05/31/2024 13:50,June,6.38,6.38
05/31/2024 13:55,June,6.38,6.38
05/31/2024 14:00,June,6.38,6.38
05/31/2024 14:05,June,6.38,6.38
05/31/2024 14:10,June,6.38,6.38
05/31/2024 14:15,June,6.38,6.38
05/31/2024 14:20,June,6.38,6.38
05/31/2024 14:25,June,6.38,6.38
05/31/2024 14:30,June,6.38,6.38
05/31/2024 14:35,June,6.38,6.38
05/31/2024 14:40,June,6.38,6.38
05/31/2024 14:45,June,6.38,6.38
05/31/2024 14:50,June,6.38,6.38
05/31/2024 14:55,June,6.38,6.38
05/31/2024 15:00,June,6.38,6.38
05/31/2024 15:05,June,6.38,6.38
05/31/2024 15:10,June,6.38,6.38
05/31/2024 15:15,June,6.38,6.38
05/31/2024 15:20,June,6.38,6.38
05/31/2024 15:25,June,6.38,6.38
05/31/2024 15:30,June,6.38,6.38
05/31/2024 15:35,June,6.38,6.38
05/31/2024 15:40,June,6.38,6.38
05/31/2024 15:45,June,6.38,6.38
05/31/2024 15:50,June,6.38,6.38
05/31/2024 15:55,June,6.38,6.38
05/31/2024 16:00,June,6.38,6.38
05/31/2024 16:05,June,6.38,6.38
05/31/2024 16:10,June,6.38,6.38
05/31/2024 16:15,June,6.38,6.38
05/31/2024 16:20,June,6.38,6.38
05/31/2024 16:25,June,6.38,6.38
05/31/2024 16:30,June,6.38,6.38
05/31/2024 16:35,June,6.38,6.38
05/31/2024 16:40,June,6.38,6.38
05/31/2024 16:45,June,6.38,6.38
05/31/2024 16:50,June,6.38,6.38
05/31/2024 16:55,June,6.38,6.38
05/31/2024 17:00,June,6.38,6.38
05/31/2024 17:05,June,6.38,6.38
05/31/2024 17:10,June,5.86,5.86
05/31/2024 17:15,June,6.38,6.38
05/31/2024 17:20,June,6.38,6.38
05/31/2024 17:25,June,6.38,6.38
05/31/2024 17:30,June,6.38,6.38
05/31/2024 17:35,June,6.38,6.38
05/31/2024 17:40,June,6.38,6.38
05/31/2024 17:45,June,5.86,5.86
05/31/2024 17:50,June,6.38,6.38
05/31/2024 17:55,June,6.38,6.38
05/31/2024 18:00,June,6.38,6.38
05/31/2024 18:05,June,31.42,30.94
05/31/2024 18:10,June,31.43,30.94
05/31/2024 18:15,June,6.38,6.38
05/31/2024 18:20,June,6.38,6.38
05/31/2024 18:25,June,6.38,6.38
05/31/2024 18:30,June,6.38,6.38
05/31/2024 18:35,June,6.38,6.38
05/31/2024 18:40,June,32.72,32.72
05/31/2024 18:45,June,32.72,32.72
05/31/2024 18:50,June,6.39,6.39
05/31/2024 18:55,June,6.39,6.39
05/31/2024 19:00,June,6.39,6.39
05/31/2024 19:05,June,8.27,8.27
05/31/2024 19:10,June,7.7,7.7
05/31/2024 19:15,June,8.33,8.33
05/31/2024 19:20,June,7.69,7.69
05/31/2024 19:25,June,7.6,7.6
05/31/2024 19:30,June,7.73,7.73
05/31/2024 19:35,June,7.86,7.86
05/31/2024 19:40,June,7.7,7.7
05/31/2024 19:45,June,7.95,7.95
05/31/2024 19:50,June,7.6,7.6
05/31/2024 19:55,June,7.97,7.97
05/31/2024 20:00,June,4.87,4.87
05/31/2024 20:05,June,14.61,14.61
05/31/2024 20:10,June,10.51,10.51
05/31/2024 20:15,June,9.06,9.06
05/31/2024 20:20,June,16.69,16.69
05/31/2024 20:25,June,12.77,12.77
05/31/2024 20:30,June,13.18,13.18
05/31/2024 20:35,June,11.97,11.97
05/31/2024 20:40,June,9.89,9.89
05/31/2024 20:45,June,9.66,9.66
05/31/2024 20:50,June,9.57,9.57
05/31/2024 20:55,June,8.54,8.54
05/31/2024 21:00,June,9.52,9.52
05/31/2024 21:05,June,16.82,16.82
05/31/2024 21:10,June,12.27,12.27
05/31/2024 21:15,June,11.68,11.68
05/31/2024 21:20,June,10.8,10.8
05/31/2024 21:25,June,9.7,9.7
05/31/2024 21:30,June,8.54,8.54
05/31/2024 21:35,June,7.38,7.38
05/31/2024 21:40,June,7.08,7.08
05/31/2024 21:45,June,7.16,7.16
05/31/2024 21:50,June,9.39,9.39
05/31/2024 21:55,June,9.3,9.3
05/31/2024 22:00,June,7.28,7.28
05/31/2024 22:05,June,17.48,17.48
05/31/2024 22:10,June,9.38,9.38
05/31/2024 22:15,June,8.57,8.57
05/31/2024 22:20,June,7.56,7.56
05/31/2024 22:25,June,6.3,6.3
05/31/2024 22:30,June,6.25,6.25
05/31/2024 22:35,June,7.55,7.55
05/31/2024 22:40,June,7.57,7.57
05/31/2024 22:45,June,8.04,8.04
05/31/2024 22:50,June,6.03,6.03
05/31/2024 22:55,June,5.75,5.75
05/31/2024 23:00,June,5.6,5.6
05/31/2024 23:05,June,14.77,14.77
05/31/2024 23:10,June,9.54,9.54
05/31/2024 23:15,June,6.57,6.57
05/31/2024 23:20,June,8.31,8.31
05/31/2024 23:25,June,6.31,6.31
05/31/2024 23:30,June,8.12,8.12
05/31/2024 23:35,June,7.34,7.34
05/31/2024 23:40,June,6.05,6.05
05/31/2024 23:45,June,6.17,6.17
05/31/2024 23:50,June,6.15,6.15
05/31/2024 23:55,June,5.66,5.66
06/01/2024 0:00,June,5.88,5.88
06/01/2024 0:05,June,17.33,17.33
06/01/2024 0:10,June,8.72,8.72
06/01/2024 0:15,June,9.02,9.02
06/01/2024 0:20,June,8.82,8.82
06/01/2024 0:25,June,8.33,8.33
06/01/2024 0:30,June,8.46,8.46
06/01/2024 0:35,June,7.66,7.66
06/01/2024 0:40,June,6.67,6.67
06/01/2024 0:45,June,5.92,5.92
06/01/2024 0:50,June,5.08,5.08
06/01/2024 0:55,June,7.23,7.23
06/01/2024 1:00,June,5.79,5.79
06/01/2024 1:05,June,16.04,16.04
06/01/2024 1:10,June,13.38,13.38
06/01/2024 1:15,June,12.41,12.41
06/01/2024 1:20,June,12.17,12.17
06/01/2024 1:25,June,7.83,7.83
06/01/2024 1:30,June,5.91,5.91
06/01/2024 1:35,June,5.91,5.91
06/01/2024 1:40,June,5.9,5.9
06/01/2024 1:45,June,5.93,5.93
06/01/2024 1:50,June,5.85,5.85
06/01/2024 1:55,June,4.91,4.91
06/01/2024 2:00,June,4.63,4.63
06/01/2024 2:05,June,5.93,5.93
06/01/2024 2:10,June,5.92,5.92
06/01/2024 2:15,June,5.9,5.9
06/01/2024 2:20,June,5.88,5.88
06/01/2024 2:25,June,5.81,5.81
06/01/2024 2:30,June,5.8,5.8
06/01/2024 2:35,June,5.8,5.8
06/01/2024 2:40,June,5.47,5.47
06/01/2024 2:45,June,5.82,5.82
06/01/2024 2:50,June,4.48,4.48
06/01/2024 2:55,June,4.37,4.37
06/01/2024 3:00,June,4.48,4.48
06/01/2024 3:05,June,4.41,4.41
06/01/2024 3:10,June,4.45,4.45
06/01/2024 3:15,June,4.39,4.39
06/01/2024 3:20,June,4.46,4.46
06/01/2024 3:25,June,4.58,4.58
06/01/2024 3:30,June,4.44,4.44
06/01/2024 3:35,June,4.42,4.42
06/01/2024 3:40,June,4.41,4.41
06/01/2024 3:45,June,4.42,4.42
06/01/2024 3:50,June,4.37,4.37
06/01/2024 3:55,June,4.3,4.3
06/01/2024 4:00,June,4.3,4.3
06/01/2024 4:05,June,4.24,4.24
06/01/2024 4:10,June,4.19,4.19
06/01/2024 4:15,June,4.38,4.38
06/01/2024 4:20,June,4.29,4.29
06/01/2024 4:25,June,4.28,4.28
06/01/2024 4:30,June,4.3,4.3
06/01/2024 4:35,June,4.23,4.23
06/01/2024 4:40,June,4.28,4.28
06/01/2024 4:45,June,4.84,4.84
06/01/2024 4:50,June,4.84,4.84
06/01/2024 4:55,June,4.28,4.28
06/01/2024 5:00,June,4.3,4.3
06/01/2024 5:05,June,3.11,3.11
06/01/2024 5:10,June,4.18,4.18
06/01/2024 5:15,June,4.23,4.23
06/01/2024 5:20,June,4.43,4.43
06/01/2024 5:25,June,4.22,4.22
06/01/2024 5:30,June,4.15,4.15
06/01/2024 5:35,June,4.08,4.08
06/01/2024 5:40,June,4.08,4.08
06/01/2024 5:45,June,4.01,4.01
06/01/2024 5:50,June,3.74,3.74
06/01/2024 5:55,June,3.89,3.89
06/01/2024 6:00,June,3.85,3.85
06/01/2024 6:05,June,-1.6,-1.6
06/01/2024 6:10,June,2.55,2.55
06/01/2024 6:15,June,2.8,2.8
06/01/2024 6:20,June,3.27,3.27
06/01/2024 6:25,June,3.42,3.42
06/01/2024 6:30,June,3.44,3.44
06/01/2024 6:35,June,3.48,3.48
06/01/2024 6:40,June,3.56,3.56
06/01/2024 6:45,June,3.4,3.4
06/01/2024 6:50,June,3.3,3.3
06/01/2024 6:55,June,3.58,3.58
06/01/2024 7:00,June,3.68,3.68
06/01/2024 7:05,June,0,0
06/01/2024 7:10,June,3,3
06/01/2024 7:15,June,3.55,3.55
06/01/2024 7:20,June,3.52,3.52
06/01/2024 7:25,June,3.58,3.58
06/01/2024 7:30,June,3.63,3.63
06/01/2024 7:35,June,3.57,3.57
06/01/2024 7:40,June,3.59,3.59
06/01/2024 7:45,June,3.65,3.65
06/01/2024 7:50,June,3.74,3.74
06/01/2024 7:55,June,3.96,3.96
06/01/2024 8:00,June,4.09,4.09
06/01/2024 8:05,June,0.95,0.95
06/01/2024 8:10,June,2.96,2.96
06/01/2024 8:15,June,3.43,3.43
06/01/2024 8:20,June,3.6,3.6
06/01/2024 8:25,June,3.65,3.65
06/01/2024 8:30,June,3.48,3.48
06/01/2024 8:35,June,3.52,3.52
06/01/2024 8:40,June,3.72,3.72
06/01/2024 8:45,June,3.58,3.58
06/01/2024 8:50,June,3.62,3.62
06/01/2024 8:55,June,3.68,3.68
06/01/2024 9:00,June,3.69,3.69
06/01/2024 9:05,June,1.29,1.29
06/01/2024 9:10,June,2.18,2.18
06/01/2024 9:15,June,3.02,3.02
06/01/2024 9:20,June,3.33,3.33
06/01/2024 9:25,June,3.74,3.74
06/01/2024 9:30,June,3.79,3.79
06/01/2024 9:35,June,3.9,3.9
06/01/2024 9:40,June,3.64,3.64
06/01/2024 9:45,June,5.05,5.05
06/01/2024 9:50,June,4.11,4.11
06/01/2024 9:55,June,3.94,3.94
06/01/2024 10:00,June,3.89,3.89
06/01/2024 10:05,June,3.32,3.32
06/01/2024 10:10,June,3.79,3.79
06/01/2024 10:15,June,3.76,3.76
06/01/2024 10:20,June,3.94,3.94
06/01/2024 10:25,June,4.02,4.02
06/01/2024 10:30,June,4.4,4.4
06/01/2024 10:35,June,4.26,4.26
06/01/2024 10:40,June,4.37,4.37
06/01/2024 10:45,June,4.19,4.19
06/01/2024 10:50,June,4.35,4.35
06/01/2024 10:55,June,4.1,4.1
06/01/2024 11:00,June,4.04,4.04
06/01/2024 11:05,June,4.12,4.12
06/01/2024 11:10,June,4.14,4.14
06/01/2024 11:15,June,3.74,3.74
06/01/2024 11:20,June,4.08,4.08
06/01/2024 11:25,June,4.62,4.62
06/01/2024 11:30,June,4.59,4.59
06/01/2024 11:35,June,4.78,4.78
06/01/2024 11:40,June,4.71,4.71
06/01/2024 11:45,June,4.69,4.69
06/01/2024 11:50,June,4.57,4.57
06/01/2024 11:55,June,4.08,4.08
06/01/2024 12:00,June,3.91,3.91
06/01/2024 12:05,June,3.66,3.66
06/01/2024 12:10,June,3.81,3.81
06/01/2024 12:15,June,3.89,3.89
06/01/2024 12:20,June,3.57,3.57
06/01/2024 12:25,June,8.47,8.47
06/01/2024 12:30,June,5.62,5.62
06/01/2024 12:35,June,4.93,4.93
06/01/2024 12:40,June,4.43,4.43
06/01/2024 12:45,June,6.29,6.29
06/01/2024 12:50,June,4.44,4.44
06/01/2024 12:55,June,4.42,4.42
06/01/2024 13:00,June,5.45,5.45
06/01/2024 13:05,June,12.86,12.86
06/01/2024 13:10,June,7.78,7.78
06/01/2024 13:15,June,13.35,13.35
06/01/2024 13:20,June,7.62,7.62
06/01/2024 13:25,June,7.78,7.78
06/01/2024 13:30,June,13.97,13.97
06/01/2024 13:35,June,14.39,14.39
06/01/2024 13:40,June,14.02,14.02
06/01/2024 13:45,June,14.18,14.18
06/01/2024 13:50,June,17,17
06/01/2024 13:55,June,15.01,15.01
06/01/2024 14:00,June,9.54,9.54
06/01/2024 14:05,June,17.61,17.61
06/01/2024 14:10,June,11.47,11.47
06/01/2024 14:15,June,10.44,10.44
06/01/2024 14:20,June,13.43,13.43
06/01/2024 14:25,June,10.6,10.6
06/01/2024 14:30,June,10.92,10.92
06/01/2024 14:35,June,11.1,11.1
06/01/2024 14:40,June,11,11
06/01/2024 14:45,June,10.95,10.95
06/01/2024 14:50,June,10.85,10.85
06/01/2024 14:55,June,12.75,12.75
06/01/2024 15:00,June,9.35,9.35
06/01/2024 15:05,June,9.99,9.99
06/01/2024 15:10,June,9.74,9.74
06/01/2024 15:15,June,10.74,10.74
06/01/2024 15:20,June,12.51,12.51
06/01/2024 15:25,June,11.25,11.25
06/01/2024 15:30,June,10.33,10.33
06/01/2024 15:35,June,10.09,10.09
06/01/2024 15:40,June,9.64,9.64
06/01/2024 15:45,June,10.59,10.59
06/01/2024 15:50,June,11.37,11.37
06/01/2024 15:55,June,10.27,10.27
06/01/2024 16:00,June,9.79,9.79
06/01/2024 16:05,June,10.92,10.92
06/01/2024 16:10,June,10.69,10.69
06/01/2024 16:15,June,10.35,10.35
06/01/2024 16:20,June,14.77,14.77
06/01/2024 16:25,June,9.01,9.01
06/01/2024 16:30,June,13.69,13.69
06/01/2024 16:35,June,20.19,20.19
06/01/2024 16:40,June,19.14,19.14
06/01/2024 16:45,June,20.26,20.26
06/01/2024 16:50,June,19.3,19.3
06/01/2024 16:55,June,11.92,11.92
06/01/2024 17:00,June,8.63,8.63
06/01/2024 17:05,June,11.77,11.77
06/01/2024 17:10,June,8.75,8.75
06/01/2024 17:15,June,8.76,8.76
06/01/2024 17:20,June,8.16,8.16
06/01/2024 17:25,June,13.51,13.51
06/01/2024 17:30,June,8.76,8.76
06/01/2024 17:35,June,13.75,13.75
06/01/2024 17:40,June,14.48,14.48
06/01/2024 17:45,June,14.53,14.53
06/01/2024 17:50,June,13.62,13.62
06/01/2024 17:55,June,15.99,15.99
06/01/2024 18:00,June,19.86,19.86
06/01/2024 18:05,June,11.79,11.79
06/01/2024 18:10,June,12.52,12.52
06/01/2024 18:15,June,17.29,17.29
06/01/2024 18:20,June,18.56,18.56
06/01/2024 18:25,June,21.41,21.41
06/01/2024 18:30,June,21.41,21.41
06/01/2024 18:35,June,22.4,22.4
06/01/2024 18:40,June,20.93,20.93
06/01/2024 18:45,June,24.79,24.79
06/01/2024 18:50,June,21.24,21.24
06/01/2024 18:55,June,15.4,15.4
06/01/2024 19:00,June,14.78,14.78
06/01/2024 19:05,June,17.03,17.03
06/01/2024 19:10,June,16.44,16.44
06/01/2024 19:15,June,16.83,16.83
06/01/2024 19:20,June,17.12,17.12
06/01/2024 19:25,June,17.15,17.15
06/01/2024 19:30,June,16.78,16.78
06/01/2024 19:35,June,5.95,5.95
06/01/2024 19:40,June,5.91,5.91
06/01/2024 19:45,June,19.17,19.17
06/01/2024 19:50,June,17.43,17.43
06/01/2024 19:55,June,17.75,17.75
06/01/2024 20:00,June,21.31,21.31
06/01/2024 20:05,June,6.05,6.05
06/01/2024 20:10,June,5.95,5.95
06/01/2024 20:15,June,6.48,6.48
06/01/2024 20:20,June,6.48,6.48
06/01/2024 20:25,June,6.49,6.49
06/01/2024 20:30,June,6.48,6.48
06/01/2024 20:35,June,14.33,14.33
06/01/2024 20:40,June,15.48,15.48
06/01/2024 20:45,June,15.07,15.07
06/01/2024 20:50,June,15.51,15.51
06/01/2024 20:55,June,15.43,15.43
06/01/2024 21:00,June,13.85,13.85
06/01/2024 21:05,June,20.78,20.78
06/01/2024 21:10,June,5.98,5.98
06/01/2024 21:15,June,5.97,5.97
06/01/2024 21:20,June,5.98,5.98
06/01/2024 21:25,June,14.78,14.78
06/01/2024 21:30,June,15.01,15.01
06/01/2024 21:35,June,10.55,10.55
06/01/2024 21:40,June,15.58,15.58
06/01/2024 21:45,June,13.59,13.59
06/01/2024 21:50,June,15.3,15.3
06/01/2024 21:55,June,5.94,5.94
06/01/2024 22:00,June,5.88,5.88
06/01/2024 22:05,June,5.94,5.94
06/01/2024 22:10,June,5.94,5.94
06/01/2024 22:15,June,9.13,9.13
06/01/2024 22:20,June,11.52,11.52
06/01/2024 22:25,June,8.88,8.88
06/01/2024 22:30,June,9.68,9.68
06/01/2024 22:35,June,5.89,5.89
06/01/2024 22:40,June,5.89,5.89
06/01/2024 22:45,June,5.85,5.85
06/01/2024 22:50,June,6.44,6.44
06/01/2024 22:55,June,6.43,6.43
06/01/2024 23:00,June,6.12,6.12
06/01/2024 23:05,June,15.98,15.98
06/01/2024 23:10,June,10.65,10.65
06/01/2024 23:15,June,8.4,8.4
06/01/2024 23:20,June,5.91,5.91
06/01/2024 23:25,June,7.24,7.24
06/01/2024 23:30,June,5.78,5.78
06/01/2024 23:35,June,6.12,6.12
06/01/2024 23:40,June,6.14,6.14
06/01/2024 23:45,June,6.05,6.05
06/01/2024 23:50,June,6.13,6.13
06/01/2024 23:55,June,4.89,4.89
06/02/2024 0:00,June,4.87,4.87
06/02/2024 0:05,June,5.96,5.96
06/02/2024 0:10,June,5.27,5.27
06/02/2024 0:15,June,5.28,5.28
06/02/2024 0:20,June,6.38,6.38
06/02/2024 0:25,June,6.44,6.44
06/02/2024 0:30,June,5.18,5.18
06/02/2024 0:35,June,5.19,5.19
06/02/2024 0:40,June,5.27,5.27
06/02/2024 0:45,June,5.25,5.25
06/02/2024 0:50,June,5.01,5.01
06/02/2024 0:55,June,5.21,5.21
06/02/2024 1:00,June,5.07,5.07
06/02/2024 1:05,June,5.93,5.93
06/02/2024 1:10,June,5.88,5.88
06/02/2024 1:15,June,5.24,5.24
06/02/2024 1:20,June,5.3,5.3
06/02/2024 1:25,June,5.13,5.13
06/02/2024 1:30,June,5.85,5.85
06/02/2024 1:35,June,5.05,5.05
06/02/2024 1:40,June,5.05,5.05
06/02/2024 1:45,June,5.04,5.04
06/02/2024 1:50,June,5.04,5.04
06/02/2024 1:55,June,4.8,4.8
06/02/2024 2:00,June,4.81,4.81
06/02/2024 2:05,June,5.82,5.82
06/02/2024 2:10,June,5.63,5.63
06/02/2024 2:15,June,5.63,5.63
06/02/2024 2:20,June,5.61,5.61
06/02/2024 2:25,June,4.8,4.8
06/02/2024 2:30,June,4.91,4.91
06/02/2024 2:35,June,4.79,4.79
06/02/2024 2:40,June,4.63,4.63
06/02/2024 2:45,June,4.41,4.41
06/02/2024 2:50,June,4.38,4.38
06/02/2024 2:55,June,4.27,4.27
06/02/2024 3:00,June,3.95,3.95
06/02/2024 3:05,June,4.35,4.35
06/02/2024 3:10,June,4.37,4.37
06/02/2024 3:15,June,4.42,4.42
06/02/2024 3:20,June,4.29,4.29
06/02/2024 3:25,June,4.48,4.48
06/02/2024 3:30,June,4.57,4.57
06/02/2024 3:35,June,4.47,4.47
06/02/2024 3:40,June,4.08,4.08
06/02/2024 3:45,June,4.14,4.14
06/02/2024 3:50,June,4.32,4.32
06/02/2024 3:55,June,3.99,3.99
06/02/2024 4:00,June,4.1,4.1
06/02/2024 4:05,June,4.4,4.4
06/02/2024 4:10,June,4.3,4.3
06/02/2024 4:15,June,4.76,4.76
06/02/2024 4:20,June,4.09,4.09
06/02/2024 4:25,June,4.09,4.09
06/02/2024 4:30,June,4.2,4.2
06/02/2024 4:35,June,4.14,4.14
06/02/2024 4:40,June,3.48,3.48
06/02/2024 4:45,June,3.73,3.73
06/02/2024 4:50,June,4.14,4.14
06/02/2024 4:55,June,5.25,5.25
06/02/2024 5:00,June,4.04,4.04
06/02/2024 5:05,June,4.7,4.7
06/02/2024 5:10,June,4.15,4.15
06/02/2024 5:15,June,4.07,4.07
06/02/2024 5:20,June,3.97,3.97
06/02/2024 5:25,June,3.87,3.87
06/02/2024 5:30,June,3.69,3.69
06/02/2024 5:35,June,3.76,3.76
06/02/2024 5:40,June,3.7,3.7
06/02/2024 5:45,June,3.46,3.46
06/02/2024 5:50,June,3.44,3.44
06/02/2024 5:55,June,2.96,2.96
06/02/2024 6:00,June,2.92,2.92
06/02/2024 6:05,June,0,0
06/02/2024 6:10,June,2.23,2.23
06/02/2024 6:15,June,2.84,2.84
06/02/2024 6:20,June,2.92,2.92
06/02/2024 6:25,June,3.1,3.1
06/02/2024 6:30,June,2.95,2.95
06/02/2024 6:35,June,3.08,3.08
06/02/2024 6:40,June,2.94,2.94
06/02/2024 6:45,June,2.97,2.97
06/02/2024 6:50,June,2.59,2.59
06/02/2024 6:55,June,2.93,2.93
06/02/2024 7:00,June,2.04,2.04
06/02/2024 7:05,June,1.8,1.8
06/02/2024 7:10,June,2.96,2.96
06/02/2024 7:15,June,2.52,2.52
06/02/2024 7:20,June,2.56,2.56
06/02/2024 7:25,June,2.86,2.86
06/02/2024 7:30,June,2.84,2.84
06/02/2024 7:35,June,2.84,2.84
06/02/2024 7:40,June,2.56,2.56
06/02/2024 7:45,June,2.92,2.92
06/02/2024 7:50,June,2.85,2.85
06/02/2024 7:55,June,2.93,2.93
06/02/2024 8:00,June,2.86,2.86
06/02/2024 8:05,June,0,0
06/02/2024 8:10,June,2.1,2.1
06/02/2024 8:15,June,2.41,2.41
06/02/2024 8:20,June,2.5,2.5
06/02/2024 8:25,June,3.34,3.34
06/02/2024 8:30,June,3.34,3.34
06/02/2024 8:35,June,3.16,3.16
06/02/2024 8:40,June,3.27,3.27
06/02/2024 8:45,June,3.23,3.23
06/02/2024 8:50,June,3.48,3.48
06/02/2024 8:55,June,3.41,3.41
06/02/2024 9:00,June,3.43,3.43
06/02/2024 9:05,June,3.04,3.04
06/02/2024 9:10,June,3.53,3.53
06/02/2024 9:15,June,3.46,3.46
06/02/2024 9:20,June,3.96,3.96
06/02/2024 9:25,June,4.35,4.35
06/02/2024 9:30,June,3.86,3.86
06/02/2024 9:35,June,3.67,3.67
06/02/2024 9:40,June,10.77,10.77
06/02/2024 9:45,June,3.95,3.95
06/02/2024 9:50,June,3.86,3.86
06/02/2024 9:55,June,4.34,4.34
06/02/2024 10:00,June,4.34,4.34
06/02/2024 10:05,June,3.81,3.81
06/02/2024 10:10,June,3.88,3.88
06/02/2024 10:15,June,3.86,3.86
06/02/2024 10:20,June,3.96,3.96
06/02/2024 10:25,June,3.96,3.96
06/02/2024 10:30,June,4.04,4.04
06/02/2024 10:35,June,3.87,3.87
06/02/2024 10:40,June,3.5,3.5
06/02/2024 10:45,June,3.76,3.76
06/02/2024 10:50,June,3.53,3.53
06/02/2024 10:55,June,4.33,4.33
06/02/2024 11:00,June,3.97,3.97
06/02/2024 11:05,June,3.42,3.42
06/02/2024 11:10,June,3.84,3.84
06/02/2024 11:15,June,3.68,3.68
06/02/2024 11:20,June,3.68,3.68
06/02/2024 11:25,June,3.68,3.68
06/02/2024 11:30,June,3.65,3.65
06/02/2024 11:35,June,3.98,3.98
06/02/2024 11:40,June,3.72,3.72
06/02/2024 11:45,June,3.66,3.66
06/02/2024 11:50,June,3.79,3.79
06/02/2024 11:55,June,3.53,3.53
06/02/2024 12:00,June,3.71,3.71
06/02/2024 12:05,June,3.81,3.81
06/02/2024 12:10,June,3.66,3.66
06/02/2024 12:15,June,3.61,3.61
06/02/2024 12:20,June,3.78,3.78
06/02/2024 12:25,June,3.94,3.94
06/02/2024 12:30,June,3.93,3.93
06/02/2024 12:35,June,3.85,3.85
06/02/2024 12:40,June,3.79,3.79
06/02/2024 12:45,June,3.74,3.74
06/02/2024 12:50,June,3.77,3.77
06/02/2024 12:55,June,3.73,3.73
06/02/2024 13:00,June,3.74,3.74
06/02/2024 13:05,June,4.57,4.57
06/02/2024 13:10,June,4.08,4.08
06/02/2024 13:15,June,4.35,4.35
06/02/2024 13:20,June,9.22,9.22
06/02/2024 13:25,June,4.55,4.55
06/02/2024 13:30,June,4.02,4.02
06/02/2024 13:35,June,9.35,9.35
06/02/2024 13:40,June,4.61,4.61
06/02/2024 13:45,June,5.5,5.5
06/02/2024 13:50,June,5.05,5.05
06/02/2024 13:55,June,6.85,6.85
06/02/2024 14:00,June,7.49,7.49
06/02/2024 14:05,June,8.28,8.28
06/02/2024 14:10,June,13.05,13.05
06/02/2024 14:15,June,11.88,11.88
06/02/2024 14:20,June,11.66,11.66
06/02/2024 14:25,June,7.35,7.35
06/02/2024 14:30,June,5.65,5.65
06/02/2024 14:35,June,5.14,5.14
06/02/2024 14:40,June,4.99,4.99
06/02/2024 14:45,June,11.33,11.33
06/02/2024 14:50,June,8.56,8.56
06/02/2024 14:55,June,5.42,5.42
06/02/2024 15:00,June,4.95,4.95
06/02/2024 15:05,June,5.56,5.56
06/02/2024 15:10,June,5.8,5.8
06/02/2024 15:15,June,5.41,5.41
06/02/2024 15:20,June,5.23,5.23
06/02/2024 15:25,June,4.78,4.78
06/02/2024 15:30,June,7.04,7.04
06/02/2024 15:35,June,6,6
06/02/2024 15:40,June,6.5,6.5
06/02/2024 15:45,June,4.55,4.55
06/02/2024 15:50,June,4.83,4.83
06/02/2024 15:55,June,4.82,4.82
06/02/2024 16:00,June,4.44,4.44
06/02/2024 16:05,June,5.9,5.9
06/02/2024 16:10,June,4.62,4.62
06/02/2024 16:15,June,4.46,4.46
06/02/2024 16:20,June,4.32,4.32
06/02/2024 16:25,June,4.47,4.47
06/02/2024 16:30,June,4.64,4.64
06/02/2024 16:35,June,4.55,4.55
06/02/2024 16:40,June,4.94,4.94
06/02/2024 16:45,June,5.39,5.39
06/02/2024 16:50,June,4.49,4.49
06/02/2024 16:55,June,6.6,6.6
06/02/2024 17:00,June,5.58,5.58
06/02/2024 17:05,June,4.69,4.69
06/02/2024 17:10,June,4.53,4.53
06/02/2024 17:15,June,4.39,4.39
06/02/2024 17:20,June,4.51,4.51
06/02/2024 17:25,June,4.52,4.52
06/02/2024 17:30,June,7.53,7.53
06/02/2024 17:35,June,6.9,6.9
06/02/2024 17:40,June,5.57,5.57
06/02/2024 17:45,June,6.43,6.43
06/02/2024 17:50,June,8.33,8.33
06/02/2024 17:55,June,8.6,8.6
06/02/2024 18:00,June,8.58,8.58
06/02/2024 18:05,June,6.9,6.9
06/02/2024 18:10,June,8.61,8.61
06/02/2024 18:15,June,14.17,14.17
06/02/2024 18:20,June,15.23,15.23
06/02/2024 18:25,June,17.24,17.24
06/02/2024 18:30,June,17.57,17.57
06/02/2024 18:35,June,18,18
06/02/2024 18:40,June,17.02,17.02
06/02/2024 18:45,June,16.36,16.36
06/02/2024 18:50,June,16.57,16.57
06/02/2024 18:55,June,16.6,16.6
06/02/2024 19:00,June,16.55,16.55
06/02/2024 19:05,June,11.01,11.01
06/02/2024 19:10,June,10.26,10.26
06/02/2024 19:15,June,11.06,11.06
06/02/2024 19:20,June,15.05,15.05
06/02/2024 19:25,June,12.07,12.07
06/02/2024 19:30,June,11.53,11.53
06/02/2024 19:35,June,12.1,12.1
06/02/2024 19:40,June,12.35,12.35
06/02/2024 19:45,June,16.73,16.73
06/02/2024 19:50,June,12.93,12.93
06/02/2024 19:55,June,12.58,12.58
06/02/2024 20:00,June,13.02,13.02
06/02/2024 20:05,June,12.25,12.25
06/02/2024 20:10,June,15.98,15.98
06/02/2024 20:15,June,16.42,16.42
06/02/2024 20:20,June,19.27,19.27
06/02/2024 20:25,June,20.56,20.56
06/02/2024 20:30,June,18.19,18.19
06/02/2024 20:35,June,16.97,16.97
06/02/2024 20:40,June,21.16,21.16
06/02/2024 20:45,June,14.65,14.65
06/02/2024 20:50,June,14.71,14.71
06/02/2024 20:55,June,19.69,19.69
06/02/2024 21:00,June,19.4,19.4
06/02/2024 21:05,June,17.13,17.13
06/02/2024 21:10,June,11.89,11.89
06/02/2024 21:15,June,12.71,12.71
06/02/2024 21:20,June,12.38,12.38
06/02/2024 21:25,June,11.62,11.62
06/02/2024 21:30,June,10.85,10.85
06/02/2024 21:35,June,10.88,10.88
06/02/2024 21:40,June,12.25,12.25
06/02/2024 21:45,June,13.53,13.53
06/02/2024 21:50,June,11.04,11.04
06/02/2024 21:55,June,10.75,10.75
06/02/2024 22:00,June,9.37,9.37
06/02/2024 22:05,June,15.91,15.91
06/02/2024 22:10,June,10.23,10.23
06/02/2024 22:15,June,9.14,9.14
06/02/2024 22:20,June,9.47,9.47
06/02/2024 22:25,June,9.66,9.66
06/02/2024 22:30,June,9.11,9.11
06/02/2024 22:35,June,8.8,8.8
06/02/2024 22:40,June,8.11,8.11
06/02/2024 22:45,June,6.66,6.66
06/02/2024 22:50,June,7.2,7.2
06/02/2024 22:55,June,6.92,6.92
06/02/2024 23:00,June,6.46,6.46
06/02/2024 23:05,June,16.79,16.79
06/02/2024 23:10,June,12.94,12.94
06/02/2024 23:15,June,10.92,10.92
06/02/2024 23:20,June,8.53,8.53
06/02/2024 23:25,June,7.16,7.16
06/02/2024 23:30,June,7.74,7.74
06/02/2024 23:35,June,7.75,7.75
06/02/2024 23:40,June,7.25,7.25
06/02/2024 23:45,June,7.18,7.18
06/02/2024 23:50,June,6.83,6.83
06/02/2024 23:55,June,7.4,7.4
06/03/2024 0:00,June,6.5,6.5
06/03/2024 0:05,June,16.11,16.11
06/03/2024 0:10,June,11.05,11.05
06/03/2024 0:15,June,10.51,10.51
06/03/2024 0:20,June,10.51,10.51
06/03/2024 0:25,June,10.19,10.19
06/03/2024 0:30,June,4.37,4.37
06/03/2024 0:35,June,3.64,3.64
06/03/2024 0:40,June,5.02,4.95
06/03/2024 0:45,June,5.14,5.06
06/03/2024 0:50,June,5.13,5.06
06/03/2024 0:55,June,5.34,5.27
06/03/2024 1:00,June,5.13,5.06
06/03/2024 1:05,June,5.33,5.26
06/03/2024 1:10,June,5.33,5.26
06/03/2024 1:15,June,5.33,5.25
06/03/2024 1:20,June,5.33,5.26
06/03/2024 1:25,June,5.33,5.26
06/03/2024 1:30,June,5.34,5.27
06/03/2024 1:35,June,5.33,5.26
06/03/2024 1:40,June,5.33,5.26
06/03/2024 1:45,June,5.34,5.26
06/03/2024 1:50,June,4.45,4.39
06/03/2024 1:55,June,4.45,4.39
06/03/2024 2:00,June,5.15,5.08
06/03/2024 2:05,June,13.18,13.01
06/03/2024 2:10,June,5.32,5.26
06/03/2024 2:15,June,5.16,5.09
06/03/2024 2:20,June,5.32,5.25
06/03/2024 2:25,June,5.16,5.09
06/03/2024 2:30,June,5,4.94
06/03/2024 2:35,June,4.45,4.39
06/03/2024 2:40,June,5.15,5.08
06/03/2024 2:45,June,5,4.94
06/03/2024 2:50,June,4.44,4.39
06/03/2024 2:55,June,5,4.94
06/03/2024 3:00,June,4.43,4.38
06/03/2024 3:05,June,5.14,5.06
06/03/2024 3:10,June,5.01,4.94
06/03/2024 3:15,June,5.01,4.94
06/03/2024 3:20,June,5.01,4.94
06/03/2024 3:25,June,4.44,4.38
06/03/2024 3:30,June,4.81,4.74
06/03/2024 3:35,June,4.44,4.38
06/03/2024 3:40,June,4.44,4.37
06/03/2024 3:45,June,4.43,4.36
06/03/2024 3:50,June,4.42,4.36
06/03/2024 3:55,June,4.33,4.27
06/03/2024 4:00,June,4.26,4.2
06/03/2024 4:05,June,4.25,4.19
06/03/2024 4:10,June,4.25,4.19
06/03/2024 4:15,June,4.26,4.19
06/03/2024 4:20,June,4.25,4.18
06/03/2024 4:25,June,4.25,4.18
06/03/2024 4:30,June,4.24,4.18
06/03/2024 4:35,June,4.24,4.17
06/03/2024 4:40,June,4.23,4.16
06/03/2024 4:45,June,4.23,4.16
06/03/2024 4:50,June,4.21,4.14
06/03/2024 4:55,June,4.21,4.14
06/03/2024 5:00,June,3.72,3.66
06/03/2024 5:05,June,2.25,2.22
06/03/2024 5:10,June,3.14,3.09
06/03/2024 5:15,June,3.25,3.2
06/03/2024 5:20,June,3.25,3.2
06/03/2024 5:25,June,3.25,3.2
06/03/2024 5:30,June,3.35,3.3
06/03/2024 5:35,June,3.25,3.2
06/03/2024 5:40,June,3.14,3.09
06/03/2024 5:45,June,3.18,3.13
06/03/2024 5:50,June,3.14,3.09
06/03/2024 5:55,June,3.25,3.2
06/03/2024 6:00,June,3.35,3.3
06/03/2024 6:05,June,0,0
06/03/2024 6:10,June,2.83,2.79
06/03/2024 6:15,June,2.89,2.85
06/03/2024 6:20,June,3.14,3.1
06/03/2024 6:25,June,3.24,3.2
06/03/2024 6:30,June,3.89,3.84
06/03/2024 6:35,June,3.34,3.3
06/03/2024 6:40,June,3.34,3.3
06/03/2024 6:45,June,3.36,3.31
06/03/2024 6:50,June,3.34,3.3
06/03/2024 6:55,June,3.7,3.66
06/03/2024 7:00,June,3.88,3.83
06/03/2024 7:05,June,2.18,2.15
06/03/2024 7:10,June,3.14,3.1
06/03/2024 7:15,June,3.69,3.65
06/03/2024 7:20,June,4.17,4.13
06/03/2024 7:25,June,4.19,4.14
06/03/2024 7:30,June,4.19,4.14
06/03/2024 7:35,June,4.2,4.15
06/03/2024 7:40,June,4.35,4.31
06/03/2024 7:45,June,4.36,4.31
06/03/2024 7:50,June,5.22,5.16
06/03/2024 7:55,June,28.75,28.46
06/03/2024 8:00,June,15.6,15.45
06/03/2024 8:05,June,3.17,3.13
06/03/2024 8:10,June,5.23,5.17
06/03/2024 8:15,June,5.23,5.17
06/03/2024 8:20,June,15.18,15.01
06/03/2024 8:25,June,12.07,11.94
06/03/2024 8:30,June,12.04,11.91
06/03/2024 8:35,June,28.71,28.42
06/03/2024 8:40,June,10.75,10.64
06/03/2024 8:45,June,12.04,11.92
06/03/2024 8:50,June,5.27,5.22
06/03/2024 8:55,June,5.26,5.21
06/03/2024 9:00,June,5.28,5.24
06/03/2024 9:05,June,2.88,2.86
06/03/2024 9:10,June,4.33,4.3
06/03/2024 9:15,June,4.32,4.29
06/03/2024 9:20,June,5.18,5.14
06/03/2024 9:25,June,5.11,5.07
06/03/2024 9:30,June,5.16,5.12
06/03/2024 9:35,June,5.01,4.98
06/03/2024 9:40,June,5.16,5.12
06/03/2024 9:45,June,5.15,5.11
06/03/2024 9:50,June,5.15,5.11
06/03/2024 9:55,June,13.22,13.13
06/03/2024 10:00,June,5.16,5.12
06/03/2024 10:05,June,2.88,2.86
06/03/2024 10:10,June,5.17,5.13
06/03/2024 10:15,June,5.16,5.13
06/03/2024 10:20,June,19.14,19.02
06/03/2024 10:25,June,12.05,11.97
06/03/2024 10:30,June,7.59,7.54
06/03/2024 10:35,June,4.33,4.3
06/03/2024 10:40,June,5.21,5.18
06/03/2024 10:45,June,8.87,8.81
06/03/2024 10:50,June,5.2,5.18
06/03/2024 10:55,June,5.2,5.17
06/03/2024 11:00,June,5.19,5.17
06/03/2024 11:05,June,4.3,4.29
06/03/2024 11:10,June,4.29,4.27
06/03/2024 11:15,June,5.15,5.13
06/03/2024 11:20,June,5.16,5.14
06/03/2024 11:25,June,13.02,12.98
06/03/2024 11:30,June,8.68,8.66
06/03/2024 11:35,June,4.31,4.3
06/03/2024 11:40,June,5.18,5.16
06/03/2024 11:45,June,15.21,15.17
06/03/2024 11:50,June,12.09,12.06
06/03/2024 11:55,June,18.83,18.78
06/03/2024 12:00,June,4.3,4.28
06/03/2024 12:05,June,4.3,4.28
06/03/2024 12:10,June,5.19,5.17
06/03/2024 12:15,June,4.99,4.98
06/03/2024 12:20,June,5.2,5.18
06/03/2024 12:25,June,9,8.96
06/03/2024 12:30,June,5.22,5.2
06/03/2024 12:35,June,9,8.97
06/03/2024 12:40,June,9.01,8.97
06/03/2024 12:45,June,5.24,5.22
06/03/2024 12:50,June,10.73,10.66
06/03/2024 12:55,June,10.7,10.62
06/03/2024 13:00,June,11.87,11.79
06/03/2024 13:05,June,18.83,18.69
06/03/2024 13:10,June,15.89,15.78
06/03/2024 13:15,June,18.95,18.82
06/03/2024 13:20,June,18.89,18.78
06/03/2024 13:25,June,18.89,18.77
06/03/2024 13:30,June,20.41,20.41
06/03/2024 13:35,June,20.22,20.22
06/03/2024 13:40,June,28.58,28.58
06/03/2024 13:45,June,27.54,28.07
06/03/2024 13:50,June,27.43,27.93
06/03/2024 13:55,June,28.1,27.81
06/03/2024 14:00,June,28.07,27.82
06/03/2024 14:05,June,24.75,24.51
06/03/2024 14:10,June,29.09,28.85
06/03/2024 14:15,June,28.08,27.82
06/03/2024 14:20,June,29.25,28.95
06/03/2024 14:25,June,30.44,30.08
06/03/2024 14:30,June,30.49,30.14
06/03/2024 14:35,June,30.57,30.22
06/03/2024 14:40,June,28.27,27.94
06/03/2024 14:45,June,28.23,27.9
06/03/2024 14:50,June,29.58,29.19
06/03/2024 14:55,June,30.71,30.29
06/03/2024 15:00,June,30.59,30.18
06/03/2024 15:05,June,30.71,30.29
06/03/2024 15:10,June,30.56,30.11
06/03/2024 15:15,June,30.54,30.1
06/03/2024 15:20,June,30.8,30.38
06/03/2024 15:25,June,30.49,29.79
06/03/2024 15:30,June,30.87,29.47
06/03/2024 15:35,June,30.86,29.38
06/03/2024 15:40,June,30.45,29.29
06/03/2024 15:45,June,32.06,32.06
06/03/2024 15:50,June,32.05,32.05
06/03/2024 15:55,June,30.59,30.07
06/03/2024 16:00,June,29.7,29.7
06/03/2024 16:05,June,29.73,29.26
06/03/2024 16:10,June,29.09,28.61
06/03/2024 16:15,June,29.62,29.07
06/03/2024 16:20,June,28.59,28.02
06/03/2024 16:25,June,29.19,28.61
06/03/2024 16:30,June,28.56,28.05
06/03/2024 16:35,June,28.5,27.98
06/03/2024 16:40,June,28.46,27.93
06/03/2024 16:45,June,28.54,27.93
06/03/2024 16:50,June,28.55,27.9
06/03/2024 16:55,June,14.89,14.56
06/03/2024 17:00,June,14.5,14.2
06/03/2024 17:05,June,14.48,14.17
06/03/2024 17:10,June,13.55,13.25
06/03/2024 17:15,June,13.35,13.04
06/03/2024 17:20,June,13.51,13.2
06/03/2024 17:25,June,19.28,18.84
06/03/2024 17:30,June,16.34,15.98
06/03/2024 17:35,June,11.34,11.08
06/03/2024 17:40,June,13.43,13.12
06/03/2024 17:45,June,12.37,12.08
06/03/2024 17:50,June,13.59,13.27
06/03/2024 17:55,June,12.39,12.1
06/03/2024 18:00,June,12.47,12.17
06/03/2024 18:05,June,12.48,12.16
06/03/2024 18:10,June,13.64,13.28
06/03/2024 18:15,June,28.47,27.71
06/03/2024 18:20,June,28.72,27.92
06/03/2024 18:25,June,28.77,27.99
06/03/2024 18:30,June,28.83,28.04
06/03/2024 18:35,June,28.81,28
06/03/2024 18:40,June,29.13,28.28
06/03/2024 18:45,June,29.14,28.29
06/03/2024 18:50,June,29.11,28.24
06/03/2024 18:55,June,29.18,28.33
06/03/2024 19:00,June,29.53,28.67
06/03/2024 19:05,June,29.65,28.75
06/03/2024 19:10,June,30.03,29.01
06/03/2024 19:15,June,30,28.99
06/03/2024 19:20,June,30,28.98
06/03/2024 19:25,June,31.22,30.19
06/03/2024 19:30,June,31.34,30.36
06/03/2024 19:35,June,31.46,30.47
06/03/2024 19:40,June,31.51,30.52
06/03/2024 19:45,June,32.38,31.35
06/03/2024 19:50,June,31.6,30.59
06/03/2024 19:55,June,6.38,6.38
06/03/2024 20:00,June,6.38,6.38
06/03/2024 20:05,June,6.39,6.39
06/03/2024 20:10,June,6.39,6.39
06/03/2024 20:15,June,6.39,6.39
06/03/2024 20:20,June,6.39,6.39
06/03/2024 20:25,June,6.39,6.39
06/03/2024 20:30,June,5.9,5.9
06/03/2024 20:35,June,35.11,33.89
06/03/2024 20:40,June,34.88,33.71
06/03/2024 20:45,June,6.37,6.37
06/03/2024 20:50,June,6.37,6.37
06/03/2024 20:55,June,6.37,6.37
06/03/2024 21:00,June,6.37,6.37
06/03/2024 21:05,June,6.37,6.37
06/03/2024 21:10,June,6.37,6.37
06/03/2024 21:15,June,34.31,33.36
06/03/2024 21:20,June,34.34,33.36
06/03/2024 21:25,June,6.37,6.37
06/03/2024 21:30,June,6.37,6.37
06/03/2024 21:35,June,6.37,6.37
06/03/2024 21:40,June,6,6
06/03/2024 21:45,June,6.37,6.37
06/03/2024 21:50,June,6.37,6.37
06/03/2024 21:55,June,5.86,5.86
06/03/2024 22:00,June,5.86,5.86
06/03/2024 22:05,June,34.32,33.61
06/03/2024 22:10,June,34.41,33.67
06/03/2024 22:15,June,5.87,5.87
06/03/2024 22:20,June,6.01,6.01
06/03/2024 22:25,June,5.87,5.87
06/03/2024 22:30,June,5.87,5.87
06/03/2024 22:35,June,5.87,5.87
06/03/2024 22:40,June,5.9,5.9
06/03/2024 22:45,June,5.87,5.87
06/03/2024 22:50,June,6.37,6.37
06/03/2024 22:55,June,5.87,5.87
06/03/2024 23:00,June,34.03,33.34
06/03/2024 23:05,June,33.85,33.18
06/03/2024 23:10,June,5.88,5.88
06/03/2024 23:15,June,6.39,6.39
06/03/2024 23:20,June,6.4,6.4
06/03/2024 23:25,June,6.4,6.4
06/03/2024 23:30,June,6.4,6.4
06/03/2024 23:35,June,6.4,6.4
06/03/2024 23:40,June,6.4,6.4
06/03/2024 23:45,June,6.4,6.4
06/03/2024 23:50,June,6.4,6.4
06/03/2024 23:55,June,6.37,6.37
06/04/2024 0:00,June,6.4,6.4
06/04/2024 0:05,June,6.4,6.4
06/04/2024 0:10,June,5.95,5.95
06/04/2024 0:15,June,31.07,30.53
06/04/2024 0:20,June,30.76,30.22
06/04/2024 0:25,June,5.92,5.92
06/04/2024 0:30,June,5.89,5.89
06/04/2024 0:35,June,5.91,5.91
06/04/2024 0:40,June,5.91,5.91
06/04/2024 0:45,June,5.91,5.91
06/04/2024 0:50,June,5.91,5.91
06/04/2024 0:55,June,5.93,5.93
06/04/2024 1:00,June,5.91,5.91
06/04/2024 1:05,June,5.78,5.78
06/04/2024 1:10,June,5.91,5.91
06/04/2024 1:15,June,30.7,30.18
06/04/2024 1:20,June,30.75,30.24
06/04/2024 1:25,June,30.65,30.13
06/04/2024 1:30,June,5.92,5.92
06/04/2024 1:35,June,5.49,5.49
06/04/2024 1:40,June,5.79,5.79
06/04/2024 1:45,June,5.8,5.8
06/04/2024 1:50,June,5.5,5.5
06/04/2024 1:55,June,5.8,5.8
06/04/2024 2:00,June,5.81,5.81
06/04/2024 2:05,June,5.52,5.52
06/04/2024 2:10,June,5.8,5.8
06/04/2024 2:15,June,5.81,5.81
06/04/2024 2:20,June,5.8,5.8
06/04/2024 2:25,June,5.8,5.8
06/04/2024 2:30,June,5.79,5.79
06/04/2024 2:35,June,5.79,5.79
06/04/2024 2:40,June,5.79,5.79
06/04/2024 2:45,June,5.79,5.79
06/04/2024 2:50,June,5.8,5.8
06/04/2024 2:55,June,5.79,5.79
06/04/2024 3:00,June,5.3,5.3
06/04/2024 3:05,June,5.81,5.81
06/04/2024 3:10,June,5.38,5.38
06/04/2024 3:15,June,5.3,5.3
06/04/2024 3:20,June,5.29,5.29
06/04/2024 3:25,June,5.29,5.29
06/04/2024 3:30,June,5.28,5.28
06/04/2024 3:35,June,5.28,5.28
06/04/2024 3:40,June,5.28,5.28
06/04/2024 3:45,June,5.27,5.27
06/04/2024 3:50,June,5.26,5.26
06/04/2024 3:55,June,5.25,5.25
06/04/2024 4:00,June,4.74,4.74
06/04/2024 4:05,June,5.24,5.24
06/04/2024 4:10,June,5.23,5.23
06/04/2024 4:15,June,5.2,5.2
06/04/2024 4:20,June,5.22,5.22
06/04/2024 4:25,June,5.21,5.21
06/04/2024 4:30,June,5.21,5.21
06/04/2024 4:35,June,5.21,5.21
06/04/2024 4:40,June,5.2,5.2
06/04/2024 4:45,June,4.74,4.74
06/04/2024 4:50,June,5.2,5.2
06/04/2024 4:55,June,5.19,5.19
06/04/2024 5:00,June,5.19,5.19
06/04/2024 5:05,June,3.12,3.12
06/04/2024 5:10,June,4.27,4.27
06/04/2024 5:15,June,4.26,4.26
06/04/2024 5:20,June,4.26,4.26
06/04/2024 5:25,June,4.08,4.08
06/04/2024 5:30,June,4.02,4.02
06/04/2024 5:35,June,4,4
06/04/2024 5:40,June,4.14,4.14
06/04/2024 5:45,June,4.01,4.01
06/04/2024 5:50,June,3.94,3.94
06/04/2024 5:55,June,3.93,3.93
06/04/2024 6:00,June,3.93,3.93
06/04/2024 6:05,June,0.16,0.16
06/04/2024 6:10,June,2.95,2.95
06/04/2024 6:15,June,3.29,3.29
06/04/2024 6:20,June,3.32,3.32
06/04/2024 6:25,June,3.38,3.38
06/04/2024 6:30,June,3.36,3.36
06/04/2024 6:35,June,3.95,3.95
06/04/2024 6:40,June,3.94,3.94
06/04/2024 6:45,June,3.94,3.94
06/04/2024 6:50,June,3.28,3.28
06/04/2024 6:55,June,3.91,3.91
06/04/2024 7:00,June,4.01,4.01
06/04/2024 7:05,June,2.58,2.58
06/04/2024 7:10,June,3.37,3.37
06/04/2024 7:15,June,3.31,3.31
06/04/2024 7:20,June,3.39,3.39
06/04/2024 7:25,June,3.48,3.48
06/04/2024 7:30,June,4.01,4.01
06/04/2024 7:35,June,4.02,4.02
06/04/2024 7:40,June,5.86,5.86
06/04/2024 7:45,June,5.26,5.26
06/04/2024 7:50,June,4.25,4.25
06/04/2024 7:55,June,5.3,5.3
06/04/2024 8:00,June,5.3,5.3
06/04/2024 8:05,June,3.32,3.32
06/04/2024 8:10,June,4.21,4.21
06/04/2024 8:15,June,5.28,5.28
06/04/2024 8:20,June,5.27,5.27
06/04/2024 8:25,June,5.88,5.88
06/04/2024 8:30,June,5.88,5.88
06/04/2024 8:35,June,5.3,5.3
06/04/2024 8:40,June,5.26,5.26
06/04/2024 8:45,June,5.29,5.29
06/04/2024 8:50,June,5.28,5.28
06/04/2024 8:55,June,5.29,5.29
06/04/2024 9:00,June,4.19,4.19
06/04/2024 9:05,June,0.18,0.18
06/04/2024 9:10,June,3.6,3.6
06/04/2024 9:15,June,4.44,4.44
06/04/2024 9:20,June,5.25,5.25
06/04/2024 9:25,June,5.24,5.24
06/04/2024 9:30,June,5.86,5.86
06/04/2024 9:35,June,5.26,5.26
06/04/2024 9:40,June,5.29,5.29
06/04/2024 9:45,June,5.98,5.98
06/04/2024 9:50,June,5.31,5.31
06/04/2024 9:55,June,5.87,5.87
06/04/2024 10:00,June,5.87,5.87
06/04/2024 10:05,June,2.87,2.87
06/04/2024 10:10,June,4.24,4.24
06/04/2024 10:15,June,5.29,5.29
06/04/2024 10:20,June,5.7,5.7
06/04/2024 10:25,June,5.88,5.88
06/04/2024 10:30,June,6.38,6.38
06/04/2024 10:35,June,6.38,6.38
06/04/2024 10:40,June,5.88,5.88
06/04/2024 10:45,June,5.87,5.87
06/04/2024 10:50,June,5.87,5.87
06/04/2024 10:55,June,5.87,5.87
06/04/2024 11:00,June,6.38,6.38
06/04/2024 11:05,June,6.38,6.38
06/04/2024 11:10,June,6.38,6.38
06/04/2024 11:15,June,6.38,6.38
06/04/2024 11:20,June,6.38,6.38
06/04/2024 11:25,June,6.38,6.38
06/04/2024 11:30,June,6.38,6.38
06/04/2024 11:35,June,6.38,6.38
06/04/2024 11:40,June,5.87,5.87
06/04/2024 11:45,June,6.38,6.38
06/04/2024 11:50,June,5.88,5.88
06/04/2024 11:55,June,5.37,5.37
06/04/2024 12:00,June,5.35,5.35
06/04/2024 12:05,June,5.32,5.32
06/04/2024 12:10,June,4.76,4.76
06/04/2024 12:15,June,5.32,5.32
06/04/2024 12:20,June,5.32,5.32
06/04/2024 12:25,June,5.34,5.34
06/04/2024 12:30,June,5.32,5.32
06/04/2024 12:35,June,5.88,5.88
06/04/2024 12:40,June,5.33,5.33
06/04/2024 12:45,June,5.87,5.87
06/04/2024 12:50,June,6.38,6.38
06/04/2024 12:55,June,6.38,6.38
06/04/2024 13:00,June,6.38,6.38
06/04/2024 13:05,June,6.38,6.38
06/04/2024 13:10,June,6.38,6.38
06/04/2024 13:15,June,6.38,6.38
06/04/2024 13:20,June,6.38,6.38
06/04/2024 13:25,June,6.38,6.38
06/04/2024 13:30,June,6.38,6.38
06/04/2024 13:35,June,6.38,6.38
06/04/2024 13:40,June,6.38,6.38
06/04/2024 13:45,June,6.38,6.38
06/04/2024 13:50,June,6.38,6.38
06/04/2024 13:55,June,6.38,6.38
06/04/2024 14:00,June,6.38,6.38
06/04/2024 14:05,June,6.38,6.38
06/04/2024 14:10,June,30.66,30.58
06/04/2024 14:15,June,33.32,33.23
06/04/2024 14:20,June,32.68,32.68
06/04/2024 14:25,June,6.38,6.38
06/04/2024 14:30,June,6.38,6.38
06/04/2024 14:35,June,6.38,6.38
06/04/2024 14:40,June,6.38,6.38
06/04/2024 14:45,June,6.37,6.37
06/04/2024 14:50,June,6.38,6.38
06/04/2024 14:55,June,6.38,6.38
06/04/2024 15:00,June,32.62,32.24
06/04/2024 15:05,June,32.61,32.24
06/04/2024 15:10,June,6.37,6.37
06/04/2024 15:15,June,6.37,6.37
06/04/2024 15:20,June,6.38,6.38
06/04/2024 15:25,June,6.37,6.37
06/04/2024 15:30,June,6.38,6.38
06/04/2024 15:35,June,32.67,32.67
06/04/2024 15:40,June,32.67,32.67
06/04/2024 15:45,June,6.38,6.38
06/04/2024 15:50,June,6.37,6.37
06/04/2024 15:55,June,6.38,6.38
06/04/2024 16:00,June,6.38,6.38
06/04/2024 16:05,June,6.38,6.38
06/04/2024 16:10,June,6.38,6.38
06/04/2024 16:15,June,30.7,30.39
06/04/2024 16:20,June,30.54,30.24
06/04/2024 16:25,June,6.38,6.38
06/04/2024 16:30,June,6.38,6.38
06/04/2024 16:35,June,5.87,5.87
06/04/2024 16:40,June,5.98,5.98
06/04/2024 16:45,June,28.5,28.23
06/04/2024 16:50,June,26.17,25.93
06/04/2024 16:55,June,14.61,14.49
06/04/2024 17:00,June,5.66,5.61
06/04/2024 17:05,June,5.66,5.61
06/04/2024 17:10,June,2.79,2.77
06/04/2024 17:15,June,2.9,2.87
06/04/2024 17:20,June,4.15,4.12
06/04/2024 17:25,June,5.12,5.08
06/04/2024 17:30,June,5.6,5.55
06/04/2024 17:35,June,5.62,5.57
06/04/2024 17:40,June,5.62,5.57
06/04/2024 17:45,June,10.29,10.2
06/04/2024 17:50,June,10.31,10.22
06/04/2024 17:55,June,7.58,7.51
06/04/2024 18:00,June,5.64,5.59
06/04/2024 18:05,June,10.48,10.39
06/04/2024 18:10,June,10.51,10.41
06/04/2024 18:15,June,28.37,28.11
06/04/2024 18:20,June,28.67,28.39
06/04/2024 18:25,June,28.75,28.46
06/04/2024 18:30,June,29.1,28.8
06/04/2024 18:35,June,27.03,26.8
06/04/2024 18:40,June,28.46,28.23
06/04/2024 18:45,June,27.43,27.2
06/04/2024 18:50,June,15.49,15.37
06/04/2024 18:55,June,27.26,27.07
06/04/2024 19:00,June,27.26,27.06
06/04/2024 19:05,June,26.29,26.08
06/04/2024 19:10,June,26.31,26.09
06/04/2024 19:15,June,26.29,26.08
06/04/2024 19:20,June,26.28,26.06
06/04/2024 19:25,June,26.22,26.01
06/04/2024 19:30,June,26.25,26.03
06/04/2024 19:35,June,26.22,26
06/04/2024 19:40,June,26.3,26.06
06/04/2024 19:45,June,26.3,26.03
06/04/2024 19:50,June,26.3,25.99
06/04/2024 19:55,June,5.86,5.86
06/04/2024 20:00,June,5.85,5.85
06/04/2024 20:05,June,28.22,27.84
06/04/2024 20:10,June,26.41,26.04
06/04/2024 20:15,June,5.86,5.86
06/04/2024 20:20,June,5.87,5.87
06/04/2024 20:25,June,5.87,5.87
06/04/2024 20:30,June,5.86,5.86
06/04/2024 20:35,June,5.86,5.86
06/04/2024 20:40,June,5.86,5.86
06/04/2024 20:45,June,5.86,5.86
06/04/2024 20:50,June,25.37,25.03
06/04/2024 20:55,June,25.37,25.02
06/04/2024 21:00,June,25.32,24.98
06/04/2024 21:05,June,5.87,5.87
06/04/2024 21:10,June,5.87,5.87
06/04/2024 21:15,June,26.55,26.14
06/04/2024 21:20,June,26.54,26.14
06/04/2024 21:25,June,5.87,5.87
06/04/2024 21:30,June,5.87,5.87
06/04/2024 21:35,June,5.86,5.86
06/04/2024 21:40,June,5.86,5.86
06/04/2024 21:45,June,5.86,5.86
06/04/2024 21:50,June,25.18,24.84
06/04/2024 21:55,June,15.56,15.35
06/04/2024 22:00,June,14.71,14.51
06/04/2024 22:05,June,5.87,5.87
06/04/2024 22:10,June,5.87,5.87
06/04/2024 22:15,June,5.87,5.87
06/04/2024 22:20,June,5.87,5.87
06/04/2024 22:25,June,5.87,5.87
06/04/2024 22:30,June,26.25,25.91
06/04/2024 22:35,June,26.24,25.9
06/04/2024 22:40,June,5.87,5.87
06/04/2024 22:45,June,5.87,5.87
06/04/2024 22:50,June,5.87,5.87
06/04/2024 22:55,June,5.87,5.87
06/04/2024 23:00,June,5.86,5.86
06/04/2024 23:05,June,5.87,5.87
06/04/2024 23:10,June,5.87,5.87
06/04/2024 23:15,June,5.87,5.87
06/04/2024 23:20,June,26.14,25.9
06/04/2024 23:25,June,10.79,10.7
06/04/2024 23:30,June,5.87,5.87
06/04/2024 23:35,June,5.87,5.87
06/04/2024 23:40,June,5.87,5.87
06/04/2024 23:45,June,5.36,5.36
06/04/2024 23:50,June,4.17,4.17
06/04/2024 23:55,June,4.34,4.3
06/05/2024 0:00,June,5.69,5.64
06/05/2024 0:05,June,28.51,28.24
06/05/2024 0:10,June,5.72,5.66
06/05/2024 0:15,June,4.53,4.53
06/05/2024 0:20,June,4.17,4.17
06/05/2024 0:25,June,5.31,5.31
06/05/2024 0:30,June,4.83,4.83
06/05/2024 0:35,June,4.17,4.17
06/05/2024 0:40,June,4.75,4.75
06/05/2024 0:45,June,4.17,4.17
06/05/2024 0:50,June,4.17,4.17
06/05/2024 0:55,June,4.53,4.53
06/05/2024 1:00,June,4.32,4.28
06/05/2024 1:05,June,4.31,4.28
06/05/2024 1:10,June,4.58,4.54
06/05/2024 1:15,June,4.42,4.37
06/05/2024 1:20,June,4.73,4.69
06/05/2024 1:25,June,4.32,4.28
06/05/2024 1:30,June,4.31,4.27
06/05/2024 1:35,June,4.33,4.28
06/05/2024 1:40,June,4.32,4.28
06/05/2024 1:45,June,4.32,4.28
06/05/2024 1:50,June,4.32,4.28
06/05/2024 1:55,June,4.04,3.99
06/05/2024 2:00,June,4.59,4.54
06/05/2024 2:05,June,4.33,4.28
06/05/2024 2:10,June,3.37,3.33
06/05/2024 2:15,June,4.16,4.12
06/05/2024 2:20,June,4.17,4.12
06/05/2024 2:25,June,4.27,4.22
06/05/2024 2:30,June,4.17,4.12
06/05/2024 2:35,June,4.33,4.28
06/05/2024 2:40,June,4.17,4.12
06/05/2024 2:45,June,4.17,4.12
06/05/2024 2:50,June,4.34,4.29
06/05/2024 2:55,June,4.25,4.19
06/05/2024 3:00,June,5.02,4.96
06/05/2024 3:05,June,4.33,4.28
06/05/2024 3:10,June,4.25,4.19
06/05/2024 3:15,June,4.34,4.28
06/05/2024 3:20,June,4.34,4.28
06/05/2024 3:25,June,4.34,4.28
06/05/2024 3:30,June,4.33,4.27
06/05/2024 3:35,June,4.17,4.11
06/05/2024 3:40,June,4.17,4.12
06/05/2024 3:45,June,4.17,4.11
06/05/2024 3:50,June,4.17,4.11
06/05/2024 3:55,June,4.17,4.11
06/05/2024 4:00,June,4.17,4.11
06/05/2024 4:05,June,4.18,4.12
06/05/2024 4:10,June,4.34,4.28
06/05/2024 4:15,June,4.34,4.28
06/05/2024 4:20,June,4.35,4.29
06/05/2024 4:25,June,4.35,4.29
06/05/2024 4:30,June,4.35,4.29
06/05/2024 4:35,June,4.35,4.29
06/05/2024 4:40,June,4.35,4.29
06/05/2024 4:45,June,4.35,4.29
06/05/2024 4:50,June,4.35,4.29
06/05/2024 4:55,June,4.35,4.29
06/05/2024 5:00,June,4.34,4.28
06/05/2024 5:05,June,3.03,2.99
06/05/2024 5:10,June,3.54,3.49
06/05/2024 5:15,June,4.03,3.97
06/05/2024 5:20,June,4.18,4.12
06/05/2024 5:25,June,4.17,4.11
06/05/2024 5:30,June,4.17,4.12
06/05/2024 5:35,June,4.15,4.1
06/05/2024 5:40,June,3.42,3.37
06/05/2024 5:45,June,3.22,3.18
06/05/2024 5:50,June,3.22,3.18
06/05/2024 5:55,June,3.12,3.08
06/05/2024 6:00,June,3.22,3.18
06/05/2024 6:05,June,2.89,2.86
06/05/2024 6:10,June,3.17,3.13
06/05/2024 6:15,June,3.36,3.32
06/05/2024 6:20,June,3.21,3.18
06/05/2024 6:25,June,3.42,3.38
06/05/2024 6:30,June,3.37,3.34
06/05/2024 6:35,June,3.36,3.32
06/05/2024 6:40,June,3.23,3.19
06/05/2024 6:45,June,4.13,4.08
06/05/2024 6:50,June,3.42,3.38
06/05/2024 6:55,June,3.94,3.9
06/05/2024 7:00,June,4.13,4.08
06/05/2024 7:05,June,0,0
06/05/2024 7:10,June,3.04,3.01
06/05/2024 7:15,June,3.18,3.15
06/05/2024 7:20,June,3.33,3.3
06/05/2024 7:25,June,2.88,2.86
06/05/2024 7:30,June,3.33,3.3
06/05/2024 7:35,June,2.58,2.56
06/05/2024 7:40,June,3.18,3.15
06/05/2024 7:45,June,3.33,3.3
06/05/2024 7:50,June,3.33,3.3
06/05/2024 7:55,June,4.11,4.07
06/05/2024 8:00,June,4.1,4.07
06/05/2024 8:05,June,2.09,2.07
06/05/2024 8:10,June,3.4,3.38
06/05/2024 8:15,June,4.01,3.98
06/05/2024 8:20,June,3.83,3.82
06/05/2024 8:25,June,4.01,3.99
06/05/2024 8:30,June,3.91,3.9
06/05/2024 8:35,June,3.84,3.83
06/05/2024 8:40,June,3.92,3.91
06/05/2024 8:45,June,2.87,2.86
06/05/2024 8:50,June,5.52,5.51
06/05/2024 8:55,June,4.92,4.9
06/05/2024 9:00,June,5.65,5.65
06/05/2024 9:05,June,0,0
06/05/2024 9:10,June,3.33,3.33
06/05/2024 9:15,June,4.18,4.18
06/05/2024 9:20,June,4.2,4.2
06/05/2024 9:25,June,4.55,4.55
06/05/2024 9:30,June,4.37,4.37
06/05/2024 9:35,June,5.65,5.65
06/05/2024 9:40,June,5.06,5.06
06/05/2024 9:45,June,6.38,6.38
06/05/2024 9:50,June,6.38,6.38
06/05/2024 9:55,June,5.69,5.69
06/05/2024 10:00,June,5.67,5.67
06/05/2024 10:05,June,2.89,2.89
06/05/2024 10:10,June,3.98,3.98
06/05/2024 10:15,June,4.23,4.23
06/05/2024 10:20,June,5.64,5.64
06/05/2024 10:25,June,6.37,6.37
06/05/2024 10:30,June,5.67,5.67
06/05/2024 10:35,June,6.37,6.37
06/05/2024 10:40,June,5.71,5.71
06/05/2024 10:45,June,5.69,5.69
06/05/2024 10:50,June,5.69,5.69
06/05/2024 10:55,June,5.69,5.69
06/05/2024 11:00,June,5.69,5.69
06/05/2024 11:05,June,4.38,4.38
06/05/2024 11:10,June,4.36,4.36
06/05/2024 11:15,June,4.39,4.39
06/05/2024 11:20,June,6.37,6.37
06/05/2024 11:25,June,3.53,3.53
06/05/2024 11:30,June,5.05,5.05
06/05/2024 11:35,June,3.53,3.53
06/05/2024 11:40,June,4.35,4.35
06/05/2024 11:45,June,5.64,5.64
06/05/2024 11:50,June,5.65,5.65
06/05/2024 11:55,June,4.36,4.36
06/05/2024 12:00,June,5.06,5.06
06/05/2024 12:05,June,3.26,3.26
06/05/2024 12:10,June,4.36,4.36
06/05/2024 12:15,June,5.06,5.06
06/05/2024 12:20,June,5.65,5.65
06/05/2024 12:25,June,5.67,5.67
06/05/2024 12:30,June,5.66,5.66
06/05/2024 12:35,June,4.37,4.37
06/05/2024 12:40,June,5.66,5.66
06/05/2024 12:45,June,5.66,5.66
06/05/2024 12:50,June,6.37,6.37
06/05/2024 12:55,June,6.38,6.38
06/05/2024 13:00,June,6.37,6.37
06/05/2024 13:05,June,6.37,6.37
06/05/2024 13:10,June,6.37,6.37
06/05/2024 13:15,June,6.37,6.37
06/05/2024 13:20,June,6.37,6.37
06/05/2024 13:25,June,6.37,6.37
06/05/2024 13:30,June,6.38,6.38
06/05/2024 13:35,June,6.38,6.38
06/05/2024 13:40,June,6.38,6.38
06/05/2024 13:45,June,6.38,6.38
06/05/2024 13:50,June,6.38,6.38
06/05/2024 13:55,June,6.38,6.38
06/05/2024 14:00,June,4.38,4.38
06/05/2024 14:05,June,5.8,5.8
06/05/2024 14:10,June,4.38,4.38
06/05/2024 14:15,June,5.75,5.75
06/05/2024 14:20,June,5.18,5.18
06/05/2024 14:25,June,5.75,5.75
06/05/2024 14:30,June,5.74,5.74
06/05/2024 14:35,June,5.65,5.65
06/05/2024 14:40,June,5.74,5.74
06/05/2024 14:45,June,4.39,4.39
06/05/2024 14:50,June,4.38,4.38
06/05/2024 14:55,June,4.37,4.37
06/05/2024 15:00,June,4.37,4.37
06/05/2024 15:05,June,3.46,3.44
06/05/2024 15:10,June,4.15,4.12
06/05/2024 15:15,June,4.25,4.23
06/05/2024 15:20,June,2.88,2.87
06/05/2024 15:25,June,3.2,3.18
06/05/2024 15:30,June,3,2.99
06/05/2024 15:35,June,4.12,4.1
06/05/2024 15:40,June,4.13,4.11
06/05/2024 15:45,June,4.46,4.43
06/05/2024 15:50,June,4.14,4.12
06/05/2024 15:55,June,4.14,4.12
06/05/2024 16:00,June,4.15,4.12
06/05/2024 16:05,June,3.97,3.94
06/05/2024 16:10,June,3.87,3.84
06/05/2024 16:15,June,3.96,3.93
06/05/2024 16:20,June,3.25,3.23
06/05/2024 16:25,June,3.86,3.83
06/05/2024 16:30,June,3.9,3.87
06/05/2024 16:35,June,3.91,3.89
06/05/2024 16:40,June,3.26,3.23
06/05/2024 16:45,June,3.26,3.23
06/05/2024 16:50,June,3.26,3.23
06/05/2024 16:55,June,2.92,2.9
06/05/2024 17:00,June,2.89,2.86
06/05/2024 17:05,June,3.86,3.82
06/05/2024 17:10,June,3.24,3.21
06/05/2024 17:15,June,3.26,3.23
06/05/2024 17:20,June,3.49,3.46
06/05/2024 17:25,June,3.85,3.81
06/05/2024 17:30,June,3.26,3.22
06/05/2024 17:35,June,2.81,2.79
06/05/2024 17:40,June,2.89,2.86
06/05/2024 17:45,June,3.26,3.22
06/05/2024 17:50,June,3.24,3.21
06/05/2024 17:55,June,3.24,3.21
06/05/2024 18:00,June,3.25,3.21
06/05/2024 18:05,June,3.42,3.38
06/05/2024 18:10,June,3.5,3.46
06/05/2024 18:15,June,3.87,3.82
06/05/2024 18:20,June,3.97,3.93
06/05/2024 18:25,June,4.15,4.1
06/05/2024 18:30,June,3.92,3.87
06/05/2024 18:35,June,4.14,4.1
06/05/2024 18:40,June,3.92,3.87
06/05/2024 18:45,June,3.93,3.89
06/05/2024 18:50,June,3.98,3.94
06/05/2024 18:55,June,3.93,3.89
06/05/2024 19:00,June,3.88,3.83
06/05/2024 19:05,June,3.5,3.46
06/05/2024 19:10,June,4.24,4.19
06/05/2024 19:15,June,4.12,4.08
06/05/2024 19:20,June,4.23,4.18
06/05/2024 19:25,June,4.11,4.06
06/05/2024 19:30,June,4.1,4.06
06/05/2024 19:35,June,4.54,4.49
06/05/2024 19:40,June,4.53,4.48
06/05/2024 19:45,June,4.49,4.44
06/05/2024 19:50,June,4.14,4.09
06/05/2024 19:55,June,4.12,4.08
06/05/2024 20:00,June,4.11,4.07
06/05/2024 20:05,June,4.69,4.64
06/05/2024 20:10,June,4.65,4.6
06/05/2024 20:15,June,4.67,4.62
06/05/2024 20:20,June,4.67,4.62
06/05/2024 20:25,June,4.67,4.62
06/05/2024 20:30,June,4.65,4.6
06/05/2024 20:35,June,4.61,4.56
06/05/2024 20:40,June,4.63,4.59
06/05/2024 20:45,June,4.58,4.53
06/05/2024 20:50,June,4.57,4.52
06/05/2024 20:55,June,4.29,4.25
06/05/2024 21:00,June,3.5,3.47
06/05/2024 21:05,June,4.93,4.88
06/05/2024 21:10,June,4.58,4.53
06/05/2024 21:15,June,4.57,4.52
06/05/2024 21:20,June,4.56,4.51
06/05/2024 21:25,June,4.59,4.54
06/05/2024 21:30,June,4.55,4.5
06/05/2024 21:35,June,4.55,4.5
06/05/2024 21:40,June,4.58,4.52
06/05/2024 21:45,June,4.58,4.52
06/05/2024 21:50,June,4.55,4.5
06/05/2024 21:55,June,4.54,4.48
06/05/2024 22:00,June,4.22,4.17
06/05/2024 22:05,June,4.93,4.87
06/05/2024 22:10,June,4.37,4.32
06/05/2024 22:15,June,4.39,4.34
06/05/2024 22:20,June,4.35,4.3
06/05/2024 22:25,June,4.37,4.32
06/05/2024 22:30,June,4.34,4.29
06/05/2024 22:35,June,4.32,4.27
06/05/2024 22:40,June,4.3,4.25
06/05/2024 22:45,June,4.31,4.26
06/05/2024 22:50,June,4.2,4.15
06/05/2024 22:55,June,3.36,3.32
06/05/2024 23:00,June,3.36,3.32
06/05/2024 23:05,June,4.37,4.32
06/05/2024 23:10,June,4.33,4.28
06/05/2024 23:15,June,4.32,4.26
06/05/2024 23:20,June,4.28,4.23
06/05/2024 23:25,June,4.19,4.14
06/05/2024 23:30,June,4.08,4.03
06/05/2024 23:35,June,3.68,3.63
06/05/2024 23:40,June,3.68,3.63
06/05/2024 23:45,June,3.25,3.21
06/05/2024 23:50,June,3.67,3.62
06/05/2024 23:55,June,3.67,3.62
06/06/2024 0:00,June,3.67,3.62
06/06/2024 0:05,June,5.06,5
06/06/2024 0:10,June,4.37,4.32
06/06/2024 0:15,June,4.37,4.31
06/06/2024 0:20,June,4.6,4.54
06/06/2024 0:25,June,5.04,4.98
06/06/2024 0:30,June,4.94,4.88
06/06/2024 0:35,June,5.05,4.99
06/06/2024 0:40,June,4.37,4.32
06/06/2024 0:45,June,4.93,4.87
06/06/2024 0:50,June,5.05,4.98
06/06/2024 0:55,June,4.37,4.31
06/06/2024 1:00,June,4.19,4.13
06/06/2024 1:05,June,5.62,5.55
06/06/2024 1:10,June,4.94,4.88
06/06/2024 1:15,June,4.69,4.63
06/06/2024 1:20,June,4.69,4.63
06/06/2024 1:25,June,4.61,4.55
06/06/2024 1:30,June,4.61,4.55
06/06/2024 1:35,June,4.37,4.32
06/06/2024 1:40,June,4.37,4.31
06/06/2024 1:45,June,4.33,4.28
06/06/2024 1:50,June,3.58,3.54
06/06/2024 1:55,June,3.57,3.52
06/06/2024 2:00,June,3.23,3.19
06/06/2024 2:05,June,3.51,3.47
06/06/2024 2:10,June,3.52,3.48
06/06/2024 2:15,June,4.16,4.11
06/06/2024 2:20,June,4.16,4.11
06/06/2024 2:25,June,3.24,3.2
06/06/2024 2:30,June,3.24,3.2
06/06/2024 2:35,June,3.25,3.21
06/06/2024 2:40,June,3.25,3.22
06/06/2024 2:45,June,3.05,3.01
06/06/2024 2:50,June,3.25,3.22
06/06/2024 2:55,June,3.16,3.13
06/06/2024 3:00,June,3.25,3.21
06/06/2024 3:05,June,3.25,3.22
06/06/2024 3:10,June,3.25,3.22
06/06/2024 3:15,June,2.89,2.86
06/06/2024 3:20,June,3.04,3.01
06/06/2024 3:25,June,2.83,2.8
06/06/2024 3:30,June,2.83,2.8
06/06/2024 3:35,June,2.89,2.86
06/06/2024 3:40,June,2.83,2.8
06/06/2024 3:45,June,2.89,2.86
06/06/2024 3:50,June,2.83,2.8
06/06/2024 3:55,June,2.88,2.85
06/06/2024 4:00,June,2.88,2.85
06/06/2024 4:05,June,2.5,2.47
06/06/2024 4:10,June,2.83,2.8
06/06/2024 4:15,June,2.87,2.84
06/06/2024 4:20,June,3,2.97
06/06/2024 4:25,June,3.04,3.01
06/06/2024 4:30,June,2.87,2.84
06/06/2024 4:35,June,2.87,2.84
06/06/2024 4:40,June,2.87,2.84
06/06/2024 4:45,June,2.83,2.8
06/06/2024 4:50,June,2.86,2.83
06/06/2024 4:55,June,2.86,2.83
06/06/2024 5:00,June,3.13,3.1
06/06/2024 5:05,June,3.15,3.12
06/06/2024 5:10,June,3.08,3.05
06/06/2024 5:15,June,3,2.97
06/06/2024 5:20,June,2.5,2.48
06/06/2024 5:25,June,2.83,2.8
06/06/2024 5:30,June,3,2.97
06/06/2024 5:35,June,2.87,2.83
06/06/2024 5:40,June,2.86,2.83
06/06/2024 5:45,June,2.51,2.48
06/06/2024 5:50,June,2.51,2.48
06/06/2024 5:55,June,2.79,2.76
06/06/2024 6:00,June,2.51,2.48
06/06/2024 6:05,June,0,0
06/06/2024 6:10,June,0,0
06/06/2024 6:15,June,2.52,2.5
06/06/2024 6:20,June,2.74,2.71
06/06/2024 6:25,June,2.84,2.82
06/06/2024 6:30,June,2.74,2.71
06/06/2024 6:35,June,0,0
06/06/2024 6:40,June,2.5,2.48
06/06/2024 6:45,June,2.52,2.5
06/06/2024 6:50,June,2.5,2.48
06/06/2024 6:55,June,2.5,2.48
06/06/2024 7:00,June,2.73,2.71
06/06/2024 7:05,June,0,0
06/06/2024 7:10,June,0,0
06/06/2024 7:15,June,2.5,2.48
06/06/2024 7:20,June,3.03,3.01
06/06/2024 7:25,June,3.06,3.04
06/06/2024 7:30,June,3.16,3.14
06/06/2024 7:35,June,3.28,3.26
06/06/2024 7:40,June,2.84,2.82
06/06/2024 7:45,June,3.18,3.16
06/06/2024 7:50,June,3.18,3.16
06/06/2024 7:55,June,3.47,3.45
06/06/2024 8:00,June,3.47,3.45
06/06/2024 8:05,June,2.34,2.32
06/06/2024 8:10,June,3.16,3.14
06/06/2024 8:15,June,3.22,3.19
06/06/2024 8:20,June,3.22,3.2
06/06/2024 8:25,June,3.32,3.29
06/06/2024 8:30,June,3.24,3.21
06/06/2024 8:35,June,3.23,3.21
06/06/2024 8:40,June,3.32,3.29
06/06/2024 8:45,June,3.31,3.28
06/06/2024 8:50,June,3.42,3.39
06/06/2024 8:55,June,3.54,3.51
06/06/2024 9:00,June,3.61,3.58
06/06/2024 9:05,June,0,0
06/06/2024 9:10,June,2.97,2.95
06/06/2024 9:15,June,3.2,3.18
06/06/2024 9:20,June,2.88,2.86
06/06/2024 9:25,June,3.19,3.16
06/06/2024 9:30,June,4.06,4.03
06/06/2024 9:35,June,3.89,3.86
06/06/2024 9:40,June,3.89,3.86
06/06/2024 9:45,June,3.43,3.41
06/06/2024 9:50,June,3.44,3.41
06/06/2024 9:55,June,3.19,3.17
06/06/2024 10:00,June,3.64,3.61
06/06/2024 10:05,June,2.76,2.74
06/06/2024 10:10,June,2.88,2.86
06/06/2024 10:15,June,2.88,2.86
06/06/2024 10:20,June,3.18,3.16
06/06/2024 10:25,June,3.62,3.6
06/06/2024 10:30,June,3.61,3.6
06/06/2024 10:35,June,3.61,3.6
06/06/2024 10:40,June,3.18,3.17
06/06/2024 10:45,June,2.87,2.86
06/06/2024 10:50,June,2.87,2.86
06/06/2024 10:55,June,3.02,3.01
06/06/2024 11:00,June,3.04,3.03
06/06/2024 11:05,June,2.9,2.89
06/06/2024 11:10,June,3.16,3.15
06/06/2024 11:15,June,3.62,3.61
06/06/2024 11:20,June,3.62,3.61
06/06/2024 11:25,June,3.16,3.15
06/06/2024 11:30,June,3.17,3.15
06/06/2024 11:35,June,3.62,3.61
06/06/2024 11:40,June,3.17,3.16
06/06/2024 11:45,June,3.17,3.16
06/06/2024 11:50,June,3.62,3.61
06/06/2024 11:55,June,3.18,3.18
06/06/2024 12:00,June,3.19,3.18
06/06/2024 12:05,June,3.63,3.62
06/06/2024 12:10,June,3.63,3.63
06/06/2024 12:15,June,3.64,3.63
06/06/2024 12:20,June,3.9,3.89
06/06/2024 12:25,June,4.05,4.04
06/06/2024 12:30,June,5.51,5.49
06/06/2024 12:35,June,3.94,3.93
06/06/2024 12:40,June,3.95,3.94
06/06/2024 12:45,June,3.96,3.94
06/06/2024 12:50,June,4.09,4.07
06/06/2024 12:55,June,4.1,4.08
06/06/2024 13:00,June,4.12,4.1
06/06/2024 13:05,June,4.12,4.09
06/06/2024 13:10,June,5.58,5.55
06/06/2024 13:15,June,5.58,5.54
06/06/2024 13:20,June,9.05,8.98
06/06/2024 13:25,June,5.6,5.55
06/06/2024 13:30,June,13.06,12.94
06/06/2024 13:35,June,9.09,9
06/06/2024 13:40,June,8.74,8.65
06/06/2024 13:45,June,5.67,5.61
06/06/2024 13:50,June,9.05,8.96
06/06/2024 13:55,June,9.07,8.97
06/06/2024 14:00,June,5.67,5.61
06/06/2024 14:05,June,5.33,5.29
06/06/2024 14:10,June,5.67,5.62
06/06/2024 14:15,June,5.68,5.62
06/06/2024 14:20,June,5.66,5.6
06/06/2024 14:25,June,5.68,5.63
06/06/2024 14:30,June,5.67,5.63
06/06/2024 14:35,June,5.68,5.65
06/06/2024 14:40,June,12.21,12.14
06/06/2024 14:45,June,5.14,5.11
06/06/2024 14:50,June,4.81,4.78
06/06/2024 14:55,June,5.01,4.98
06/06/2024 15:00,June,4.9,4.88
06/06/2024 15:05,June,4.31,4.28
06/06/2024 15:10,June,4.81,4.78
06/06/2024 15:15,June,5.64,5.6
06/06/2024 15:20,June,4.3,4.28
06/06/2024 15:25,June,4.8,4.78
06/06/2024 15:30,June,4.99,4.96
06/06/2024 15:35,June,4.89,4.86
06/06/2024 15:40,June,4.99,4.96
06/06/2024 15:45,June,4.89,4.87
06/06/2024 15:50,June,4.89,4.86
06/06/2024 15:55,June,4.3,4.27
06/06/2024 16:00,June,4.65,4.62
06/06/2024 16:05,June,4.27,4.24
06/06/2024 16:10,June,4.26,4.22
06/06/2024 16:15,June,4.28,4.25
06/06/2024 16:20,June,4.22,4.19
06/06/2024 16:25,June,4.24,4.21
06/06/2024 16:30,June,4.24,4.21
06/06/2024 16:35,June,4.07,4.03
06/06/2024 16:40,June,4.15,4.12
06/06/2024 16:45,June,4.06,4.03
06/06/2024 16:50,June,4.05,4.01
06/06/2024 16:55,June,4.03,3.99
06/06/2024 17:00,June,3.5,3.47
06/06/2024 17:05,June,3.95,3.91
06/06/2024 17:10,June,2.89,2.86
06/06/2024 17:15,June,2.83,2.8
06/06/2024 17:20,June,3.42,3.39
06/06/2024 17:25,June,3.26,3.22
06/06/2024 17:30,June,3.26,3.23
06/06/2024 17:35,June,2.89,2.87
06/06/2024 17:40,June,3.26,3.23
06/06/2024 17:45,June,3.27,3.24
06/06/2024 17:50,June,3.51,3.48
06/06/2024 17:55,June,3.51,3.48
06/06/2024 18:00,June,3.52,3.48
06/06/2024 18:05,June,3.52,3.48
06/06/2024 18:10,June,3.52,3.48
06/06/2024 18:15,June,3.52,3.49
06/06/2024 18:20,June,3.59,3.55
06/06/2024 18:25,June,3.57,3.53
06/06/2024 18:30,June,3.61,3.57
06/06/2024 18:35,June,3.7,3.66
06/06/2024 18:40,June,3.72,3.68
06/06/2024 18:45,June,4.15,4.1
06/06/2024 18:50,June,3.72,3.68
06/06/2024 18:55,June,4.14,4.09
06/06/2024 19:00,June,3.96,3.92
06/06/2024 19:05,June,3.65,3.61
06/06/2024 19:10,June,3.54,3.5
06/06/2024 19:15,June,3.53,3.49
06/06/2024 19:20,June,3.53,3.49
06/06/2024 19:25,June,3.5,3.46
06/06/2024 19:30,June,3.43,3.38
06/06/2024 19:35,June,3.39,3.34
06/06/2024 19:40,June,3.46,3.41
06/06/2024 19:45,June,3.47,3.42
06/06/2024 19:50,June,3.42,3.38
06/06/2024 19:55,June,3.42,3.38
06/06/2024 20:00,June,3.42,3.37
06/06/2024 20:05,June,3.48,3.44
06/06/2024 20:10,June,3.4,3.36
06/06/2024 20:15,June,3.42,3.38
06/06/2024 20:20,June,3.42,3.38
06/06/2024 20:25,June,3.41,3.36
06/06/2024 20:30,June,3.36,3.32
06/06/2024 20:35,June,3.34,3.3
06/06/2024 20:40,June,3.36,3.32
06/06/2024 20:45,June,3.36,3.31
06/06/2024 20:50,June,3.36,3.31
06/06/2024 20:55,June,3.35,3.3
06/06/2024 21:00,June,3.31,3.26
06/06/2024 21:05,June,3.58,3.53
06/06/2024 21:10,June,3.55,3.5
06/06/2024 21:15,June,3.58,3.53
06/06/2024 21:20,June,3.54,3.5
06/06/2024 21:25,June,3.34,3.3
06/06/2024 21:30,June,3.54,3.49
06/06/2024 21:35,June,3.54,3.5
06/06/2024 21:40,June,3.55,3.5
06/06/2024 21:45,June,3.55,3.5
06/06/2024 21:50,June,3.55,3.5
06/06/2024 21:55,June,3.55,3.5
06/06/2024 22:00,June,3.37,3.32
06/06/2024 22:05,June,5.01,4.94
06/06/2024 22:10,June,3.57,3.52
06/06/2024 22:15,June,3.57,3.52
06/06/2024 22:20,June,3.57,3.52
06/06/2024 22:25,June,3.93,3.87
06/06/2024 22:30,June,3.58,3.52
06/06/2024 22:35,June,3.55,3.5
06/06/2024 22:40,June,3.55,3.5
06/06/2024 22:45,June,3.56,3.5
06/06/2024 22:50,June,3.57,3.52
06/06/2024 22:55,June,3.55,3.5
06/06/2024 23:00,June,3.38,3.33
06/06/2024 23:05,June,3.56,3.51
06/06/2024 23:10,June,3.46,3.41
06/06/2024 23:15,June,3.55,3.5
06/06/2024 23:20,June,3.42,3.37
06/06/2024 23:25,June,3.47,3.42
06/06/2024 23:30,June,3.39,3.34
06/06/2024 23:35,June,3.37,3.33
06/06/2024 23:40,June,3.31,3.27
06/06/2024 23:45,June,3.3,3.25
06/06/2024 23:50,June,3.26,3.22
06/06/2024 23:55,June,3.24,3.19
06/07/2024 0:00,June,3.15,3.11
06/07/2024 0:05,June,4.13,4.08
06/07/2024 0:10,June,3.27,3.23
06/07/2024 0:15,June,3.27,3.23
06/07/2024 0:20,June,3.55,3.5
06/07/2024 0:25,June,3.26,3.22
06/07/2024 0:30,June,3.19,3.15
06/07/2024 0:35,June,3.25,3.21
06/07/2024 0:40,June,2.93,2.89
06/07/2024 0:45,June,3.15,3.11
06/07/2024 0:50,June,3.25,3.21
06/07/2024 0:55,June,3.17,3.13
06/07/2024 1:00,June,3.22,3.18
06/07/2024 1:05,June,3.54,3.49
06/07/2024 1:10,June,3.54,3.49
06/07/2024 1:15,June,3.54,3.49
06/07/2024 1:20,June,3.54,3.49
06/07/2024 1:25,June,3.5,3.46
06/07/2024 1:30,June,3.54,3.49
06/07/2024 1:35,June,3.28,3.24
06/07/2024 1:40,June,3.54,3.5
06/07/2024 1:45,June,3.54,3.5
06/07/2024 1:50,June,3.54,3.5
06/07/2024 1:55,June,3.54,3.49
06/07/2024 2:00,June,3.27,3.23
06/07/2024 2:05,June,3.27,3.23
06/07/2024 2:10,June,3.27,3.23
06/07/2024 2:15,June,3.26,3.22
06/07/2024 2:20,June,3.09,3.05
06/07/2024 2:25,June,3.09,3.05
06/07/2024 2:30,June,3.09,3.05
06/07/2024 2:35,June,3.12,3.09
06/07/2024 2:40,June,3.13,3.09
06/07/2024 2:45,June,3.08,3.04
06/07/2024 2:50,June,3.12,3.08
06/07/2024 2:55,June,2.95,2.92
06/07/2024 3:00,June,2.99,2.96
06/07/2024 3:05,June,2.91,2.88
06/07/2024 3:10,June,2.87,2.84
06/07/2024 3:15,June,2.87,2.84
06/07/2024 3:20,June,2.9,2.87
06/07/2024 3:25,June,2.51,2.48
06/07/2024 3:30,June,2.83,2.8
06/07/2024 3:35,June,2.8,2.77
06/07/2024 3:40,June,2.8,2.77
06/07/2024 3:45,June,2.8,2.78
06/07/2024 3:50,June,2.6,2.58
06/07/2024 3:55,June,2.8,2.77
06/07/2024 4:00,June,2.83,2.8
06/07/2024 4:05,June,2.83,2.8
06/07/2024 4:10,June,2.83,2.8
06/07/2024 4:15,June,2.83,2.8
06/07/2024 4:20,June,2.83,2.8
06/07/2024 4:25,June,2.83,2.81
06/07/2024 4:30,June,2.83,2.8
06/07/2024 4:35,June,2.85,2.82
06/07/2024 4:40,June,2.83,2.8
06/07/2024 4:45,June,2.83,2.8
06/07/2024 4:50,June,2.83,2.81
06/07/2024 4:55,June,2.83,2.8
06/07/2024 5:00,June,2.83,2.8
06/07/2024 5:05,June,2.83,2.8
06/07/2024 5:10,June,2.85,2.82
06/07/2024 5:15,June,2.6,2.58
06/07/2024 5:20,June,2.8,2.78
06/07/2024 5:25,June,2.83,2.8
06/07/2024 5:30,June,2.83,2.8
06/07/2024 5:35,June,2.95,2.92
06/07/2024 5:40,June,2.83,2.8
06/07/2024 5:45,June,2.85,2.82
06/07/2024 5:50,June,2.81,2.78
06/07/2024 5:55,June,2.14,2.12
06/07/2024 6:00,June,2.21,2.19
06/07/2024 6:05,June,0,0
06/07/2024 6:10,June,0,0
06/07/2024 6:15,June,2.5,2.48
06/07/2024 6:20,June,2.5,2.48
06/07/2024 6:25,June,0,0
06/07/2024 6:30,June,2.5,2.48
06/07/2024 6:35,June,2.47,2.45
06/07/2024 6:40,June,2.46,2.45
06/07/2024 6:45,June,2.83,2.81
06/07/2024 6:50,June,2.73,2.71
06/07/2024 6:55,June,2.73,2.71
06/07/2024 7:00,June,2.93,2.91
06/07/2024 7:05,June,0,0
06/07/2024 7:10,June,0,0
06/07/2024 7:15,June,2.46,2.44
06/07/2024 7:20,June,2.76,2.75
06/07/2024 7:25,June,2.49,2.48
06/07/2024 7:30,June,2.76,2.75
06/07/2024 7:35,June,0,0
06/07/2024 7:40,June,2.75,2.73
06/07/2024 7:45,June,3.08,3.06
06/07/2024 7:50,June,3.06,3.04
06/07/2024 7:55,June,3.48,3.46
06/07/2024 8:00,June,3.23,3.21
06/07/2024 8:05,June,0,0
06/07/2024 8:10,June,2.5,2.48
06/07/2024 8:15,June,2.85,2.83
06/07/2024 8:20,June,2.91,2.88
06/07/2024 8:25,June,2.9,2.88
06/07/2024 8:30,June,2.9,2.88
06/07/2024 8:35,June,2.86,2.84
06/07/2024 8:40,June,2.86,2.84
06/07/2024 8:45,June,2.78,2.76
06/07/2024 8:50,June,2.86,2.84
06/07/2024 8:55,June,2.89,2.87
06/07/2024 9:00,June,2.88,2.86
06/07/2024 9:05,June,0,0
06/07/2024 9:10,June,0,0
06/07/2024 9:15,June,2.85,2.83
06/07/2024 9:20,June,2.89,2.87
06/07/2024 9:25,June,2.99,2.98
06/07/2024 9:30,June,3.11,3.09
06/07/2024 9:35,June,3.18,3.17
06/07/2024 9:40,June,3.16,3.15
06/07/2024 9:45,June,3.15,3.13
06/07/2024 9:50,June,3.42,3.4
06/07/2024 9:55,June,3.42,3.4
06/07/2024 10:00,June,3.42,3.4
06/07/2024 10:05,June,2.9,2.89
06/07/2024 10:10,June,3.06,3.04
06/07/2024 10:15,June,2.94,2.92
06/07/2024 10:20,June,3.41,3.4
06/07/2024 10:25,June,3.15,3.13
06/07/2024 10:30,June,3.41,3.39
06/07/2024 10:35,June,3.41,3.39
06/07/2024 10:40,June,3.21,3.2
06/07/2024 10:45,June,2.87,2.85
06/07/2024 10:50,June,3.21,3.19
06/07/2024 10:55,June,3.23,3.21
06/07/2024 11:00,June,3.21,3.19
06/07/2024 11:05,June,3.21,3.2
06/07/2024 11:10,June,3.4,3.39
06/07/2024 11:15,June,3.88,3.87
06/07/2024 11:20,June,3.42,3.41
06/07/2024 11:25,June,3.42,3.41
06/07/2024 11:30,June,3.89,3.88
06/07/2024 11:35,June,3.62,3.61
06/07/2024 11:40,June,3.52,3.51
06/07/2024 11:45,June,3.19,3.17
06/07/2024 11:50,June,3.21,3.19
06/07/2024 11:55,June,3.19,3.17
06/07/2024 12:00,June,2.86,2.85
06/07/2024 12:05,June,2.92,2.91
06/07/2024 12:10,June,3.19,3.18
06/07/2024 12:15,June,3.18,3.17
06/07/2024 12:20,June,3.2,3.19
06/07/2024 12:25,June,3.2,3.19
06/07/2024 12:30,June,3.64,3.62
06/07/2024 12:35,June,4.86,4.84
06/07/2024 12:40,June,3.65,3.63
06/07/2024 12:45,June,14.62,14.52
06/07/2024 12:50,June,5.58,5.54
06/07/2024 12:55,June,4.89,4.86
06/07/2024 13:00,June,5.56,5.51
06/07/2024 13:05,June,11.98,11.89
06/07/2024 13:10,June,9.05,8.97
06/07/2024 13:15,June,5.58,5.53
06/07/2024 13:20,June,9.04,8.96
06/07/2024 13:25,June,4.1,4.06
06/07/2024 13:30,June,5.62,5.55
06/07/2024 13:35,June,5.6,5.53
06/07/2024 13:40,June,9.1,8.97
06/07/2024 13:45,June,4.91,4.84
06/07/2024 13:50,June,4.92,4.85
06/07/2024 13:55,June,5.59,5.51
06/07/2024 14:00,June,5.29,5.22
06/07/2024 14:05,June,4.29,4.24
06/07/2024 14:10,June,5.6,5.54
06/07/2024 14:15,June,12.98,12.83
06/07/2024 14:20,June,5.6,5.54
06/07/2024 14:25,June,4.96,4.91
06/07/2024 14:30,June,5.62,5.56
06/07/2024 14:35,June,11.6,11.48
06/07/2024 14:40,June,12.02,11.89
06/07/2024 14:45,June,5.65,5.59
06/07/2024 14:50,June,5.68,5.62
06/07/2024 14:55,June,4.93,4.88
06/07/2024 15:00,June,4.8,4.76
06/07/2024 15:05,June,13.03,12.9
06/07/2024 15:10,June,4.96,4.92
06/07/2024 15:15,June,4.96,4.91
06/07/2024 15:20,June,4.96,4.91
06/07/2024 15:25,June,4.9,4.86
06/07/2024 15:30,June,4.9,4.86
06/07/2024 15:35,June,13.04,12.92
06/07/2024 15:40,June,5.6,5.55
06/07/2024 15:45,June,5.61,5.56
06/07/2024 15:50,June,5.62,5.57
06/07/2024 15:55,June,5.61,5.56
06/07/2024 16:00,June,15.97,15.83
06/07/2024 16:05,June,5.68,5.64
06/07/2024 16:10,June,5.66,5.61
06/07/2024 16:15,June,5.13,5.09
06/07/2024 16:20,June,5.13,5.09
06/07/2024 16:25,June,4.94,4.9
06/07/2024 16:30,June,4.38,4.34
06/07/2024 16:35,June,4.18,4.14
06/07/2024 16:40,June,4.12,4.08
06/07/2024 16:45,June,4.12,4.08
06/07/2024 16:50,June,4.18,4.14
06/07/2024 16:55,June,4.12,4.08
06/07/2024 17:00,June,4.06,4.02
06/07/2024 17:05,June,3.99,3.95
06/07/2024 17:10,June,3.73,3.68
06/07/2024 17:15,June,2.89,2.86
06/07/2024 17:20,June,3.26,3.22
06/07/2024 17:25,June,3.72,3.68
06/07/2024 17:30,June,3.73,3.68
06/07/2024 17:35,June,3.73,3.69
06/07/2024 17:40,June,4.07,4.02
06/07/2024 17:45,June,4.11,4.06
06/07/2024 17:50,June,4.07,4.02
06/07/2024 17:55,June,4.12,4.07
06/07/2024 18:00,June,4.13,4.08
06/07/2024 18:05,June,4.14,4.09
06/07/2024 18:10,June,4.15,4.1
06/07/2024 18:15,June,4.16,4.11
06/07/2024 18:20,June,4.27,4.22
06/07/2024 18:25,June,4.94,4.89
06/07/2024 18:30,June,4.95,4.89
06/07/2024 18:35,June,4.77,4.71
06/07/2024 18:40,June,5.64,5.57
06/07/2024 18:45,June,4.77,4.72
06/07/2024 18:50,June,4.96,4.9
06/07/2024 18:55,June,4.77,4.72
06/07/2024 19:00,June,4.24,4.19
06/07/2024 19:05,June,4.19,4.14
06/07/2024 19:10,June,4.2,4.15
06/07/2024 19:15,June,4.18,4.13
06/07/2024 19:20,June,4.17,4.12
06/07/2024 19:25,June,4.14,4.1
06/07/2024 19:30,June,4.15,4.1
06/07/2024 19:35,June,4.15,4.1
06/07/2024 19:40,June,4.16,4.11
06/07/2024 19:45,June,4.17,4.13
06/07/2024 19:50,June,4.17,4.12
06/07/2024 19:55,June,4.21,4.17
06/07/2024 20:00,June,4.14,4.09
06/07/2024 20:05,June,28.75,28.44
06/07/2024 20:10,June,5.67,5.61
06/07/2024 20:15,June,5.66,5.6
06/07/2024 20:20,June,5.64,5.58
06/07/2024 20:25,June,5.65,5.59
06/07/2024 20:30,June,5.63,5.57
06/07/2024 20:35,June,4.79,4.74
06/07/2024 20:40,June,4.21,4.16
06/07/2024 20:45,June,4.22,4.18
06/07/2024 20:50,June,4.23,4.18
06/07/2024 20:55,June,4.78,4.73
06/07/2024 21:00,June,4.23,4.18
06/07/2024 21:05,June,29.06,28.7
06/07/2024 21:10,June,26.35,26.04
06/07/2024 21:15,June,5.55,5.48
06/07/2024 21:20,June,5.65,5.59
06/07/2024 21:25,June,5.55,5.48
06/07/2024 21:30,June,4.98,4.92
06/07/2024 21:35,June,5.5,5.43
06/07/2024 21:40,June,4.38,4.32
06/07/2024 21:45,June,5.49,5.42
06/07/2024 21:50,June,5.48,5.4
06/07/2024 21:55,June,3.23,3.19
06/07/2024 22:00,June,3.28,3.23
06/07/2024 22:05,June,4.24,4.18
06/07/2024 22:10,June,3.98,3.92
06/07/2024 22:15,June,4.23,4.17
06/07/2024 22:20,June,4.24,4.18
06/07/2024 22:25,June,4.98,4.91
06/07/2024 22:30,June,4.03,3.97
06/07/2024 22:35,June,4.26,4.2
06/07/2024 22:40,June,4.24,4.18
06/07/2024 22:45,June,4.24,4.18
06/07/2024 22:50,June,4.02,3.97
06/07/2024 22:55,June,4.04,3.98
06/07/2024 23:00,June,3.26,3.22
06/07/2024 23:05,June,4.24,4.18
06/07/2024 23:10,June,4.22,4.16
06/07/2024 23:15,June,4.2,4.14
06/07/2024 23:20,June,4.04,3.98
06/07/2024 23:25,June,4.03,3.97
06/07/2024 23:30,June,3.25,3.2
06/07/2024 23:35,June,3.77,3.72
06/07/2024 23:40,June,3.23,3.18
06/07/2024 23:45,June,3.22,3.17
06/07/2024 23:50,June,2.98,2.94
06/07/2024 23:55,June,2.98,2.94
06/08/2024 0:00,June,2.98,2.94
06/08/2024 0:05,June,3.91,3.84
06/08/2024 0:10,June,3.57,3.51
06/08/2024 0:15,June,3.58,3.52
06/08/2024 0:20,June,3.57,3.51
06/08/2024 0:25,June,3.69,3.63
06/08/2024 0:30,June,3.69,3.63
06/08/2024 0:35,June,3.69,3.63
06/08/2024 0:40,June,3.71,3.64
06/08/2024 0:45,June,3.69,3.63
06/08/2024 0:50,June,3.58,3.52
06/08/2024 0:55,June,3.58,3.52
06/08/2024 1:00,June,3.58,3.52
06/08/2024 1:05,June,15.56,15.32
06/08/2024 1:10,June,5.12,5.03
06/08/2024 1:15,June,4.51,4.44
06/08/2024 1:20,June,4.22,4.15
06/08/2024 1:25,June,3.92,3.86
06/08/2024 1:30,June,3.91,3.85
06/08/2024 1:35,June,3.92,3.85
06/08/2024 1:40,June,3.91,3.85
06/08/2024 1:45,June,3.91,3.84
06/08/2024 1:50,June,3.91,3.84
06/08/2024 1:55,June,3.9,3.84
06/08/2024 2:00,June,3.43,3.38
06/08/2024 2:05,June,3.69,3.63
06/08/2024 2:10,June,3.9,3.84
06/08/2024 2:15,June,3.7,3.65
06/08/2024 2:20,June,3.71,3.65
06/08/2024 2:25,June,3.43,3.38
06/08/2024 2:30,June,3.69,3.63
06/08/2024 2:35,June,3.91,3.85
06/08/2024 2:40,June,3.69,3.63
06/08/2024 2:45,June,3.68,3.63
06/08/2024 2:50,June,3.29,3.24
06/08/2024 2:55,June,2.9,2.86
06/08/2024 3:00,June,3.05,3.01
06/08/2024 3:05,June,3.1,3.06
06/08/2024 3:10,June,3.1,3.05
06/08/2024 3:15,June,3.16,3.11
06/08/2024 3:20,June,3,2.96
06/08/2024 3:25,June,3,2.96
06/08/2024 3:30,June,3,2.96
06/08/2024 3:35,June,2.88,2.84
06/08/2024 3:40,June,2.88,2.84
06/08/2024 3:45,June,2.88,2.84
06/08/2024 3:50,June,2.88,2.84
06/08/2024 3:55,June,2.88,2.84
06/08/2024 4:00,June,3.19,3.14
06/08/2024 4:05,June,3.08,3.04
06/08/2024 4:10,June,3.18,3.14
06/08/2024 4:15,June,3.92,3.86
06/08/2024 4:20,June,3.91,3.85
06/08/2024 4:25,June,3.44,3.4
06/08/2024 4:30,June,3.28,3.24
06/08/2024 4:35,June,3.45,3.4
06/08/2024 4:40,June,3.45,3.4
06/08/2024 4:45,June,3.44,3.39
06/08/2024 4:50,June,3.91,3.85
06/08/2024 4:55,June,3.44,3.4
06/08/2024 5:00,June,3.28,3.24
06/08/2024 5:05,June,3.28,3.24
06/08/2024 5:10,June,3.44,3.39
06/08/2024 5:15,June,3.91,3.86
06/08/2024 5:20,June,3.45,3.4
06/08/2024 5:25,June,3.44,3.39
06/08/2024 5:30,June,3.09,3.05
06/08/2024 5:35,June,2.87,2.83
06/08/2024 5:40,June,2.96,2.92
06/08/2024 5:45,June,2.51,2.48
06/08/2024 5:50,June,2.96,2.92
06/08/2024 5:55,June,2.95,2.92
06/08/2024 6:00,June,2.87,2.83
06/08/2024 6:05,June,0,0
06/08/2024 6:10,June,0,0
06/08/2024 6:15,June,2.83,2.8
06/08/2024 6:20,June,2.83,2.8
06/08/2024 6:25,June,2.85,2.82
06/08/2024 6:30,June,2.85,2.82
06/08/2024 6:35,June,2.96,2.94
06/08/2024 6:40,June,2.86,2.84
06/08/2024 6:45,June,2.85,2.83
06/08/2024 6:50,June,2.85,2.83
06/08/2024 6:55,June,2.95,2.93
06/08/2024 7:00,June,2.95,2.93
06/08/2024 7:05,June,0,0
06/08/2024 7:10,June,0,0
06/08/2024 7:15,June,2.18,2.17
06/08/2024 7:20,June,2.32,2.31
06/08/2024 7:25,June,2.82,2.8
06/08/2024 7:30,June,2.94,2.92
06/08/2024 7:35,June,0,0
06/08/2024 7:40,June,2.84,2.82
06/08/2024 7:45,June,2.84,2.82
06/08/2024 7:50,June,2.84,2.82
06/08/2024 7:55,June,2.84,2.82
06/08/2024 8:00,June,3.4,3.38
06/08/2024 8:05,June,0,0
06/08/2024 8:10,June,0,0
06/08/2024 8:15,June,2.81,2.79
06/08/2024 8:20,June,2.91,2.89
06/08/2024 8:25,June,2.85,2.83
06/08/2024 8:30,June,2.85,2.83
06/08/2024 8:35,June,2.86,2.84
06/08/2024 8:40,June,2.92,2.9
06/08/2024 8:45,June,2.87,2.84
06/08/2024 8:50,June,3.03,3
06/08/2024 8:55,June,3.25,3.22
06/08/2024 9:00,June,3.26,3.23
06/08/2024 9:05,June,0,0
06/08/2024 9:10,June,2.77,2.76
06/08/2024 9:15,June,3.21,3.19
06/08/2024 9:20,June,2.89,2.87
06/08/2024 9:25,June,2.96,2.93
06/08/2024 9:30,June,3.46,3.43
06/08/2024 9:35,June,3.89,3.87
06/08/2024 9:40,June,3.86,3.83
06/08/2024 9:45,June,3.46,3.44
06/08/2024 9:50,June,3.89,3.86
06/08/2024 9:55,June,4.6,4.56
06/08/2024 10:00,June,4.13,4.1
06/08/2024 10:05,June,3.24,3.21
06/08/2024 10:10,June,3.86,3.84
06/08/2024 10:15,June,3.85,3.83
06/08/2024 10:20,June,4.58,4.57
06/08/2024 10:25,June,4.12,4.11
06/08/2024 10:30,June,3.96,3.95
06/08/2024 10:35,June,3.88,3.87
06/08/2024 10:40,June,3.86,3.85
06/08/2024 10:45,June,3.86,3.84
06/08/2024 10:50,June,3.88,3.86
06/08/2024 10:55,June,3.88,3.86
06/08/2024 11:00,June,3.87,3.85
06/08/2024 11:05,June,2.94,2.93
06/08/2024 11:10,June,3.21,3.2
06/08/2024 11:15,June,3.21,3.2
06/08/2024 11:20,June,3.85,3.83
06/08/2024 11:25,June,3.85,3.83
06/08/2024 11:30,June,3.88,3.87
06/08/2024 11:35,June,3.42,3.41
06/08/2024 11:40,June,2.78,2.77
06/08/2024 11:45,June,3.88,3.87
06/08/2024 11:50,June,3.85,3.84
06/08/2024 11:55,June,3.85,3.84
06/08/2024 12:00,June,2.96,2.95
06/08/2024 12:05,June,3.85,3.84
06/08/2024 12:10,June,3.89,3.88
06/08/2024 12:15,June,3.88,3.88
06/08/2024 12:20,June,3.86,3.85
06/08/2024 12:25,June,3.21,3.21
06/08/2024 12:30,June,3.21,3.2
06/08/2024 12:35,June,2.86,2.85
06/08/2024 12:40,June,3.2,3.19
06/08/2024 12:45,June,3.88,3.87
06/08/2024 12:50,June,3.97,3.95
06/08/2024 12:55,June,3.97,3.94
06/08/2024 13:00,June,4.64,4.61
06/08/2024 13:05,June,2.9,2.88
06/08/2024 13:10,June,3.21,3.19
06/08/2024 13:15,June,3.21,3.18
06/08/2024 13:20,June,3.47,3.44
06/08/2024 13:25,June,2.88,2.86
06/08/2024 13:30,June,3.2,3.18
06/08/2024 13:35,June,3.22,3.19
06/08/2024 13:40,June,3.23,3.19
06/08/2024 13:45,June,4.63,4.58
06/08/2024 13:50,June,3.93,3.89
06/08/2024 13:55,June,3.93,3.89
06/08/2024 14:00,June,4,3.95
06/08/2024 14:05,June,4.92,4.88
06/08/2024 14:10,June,4.14,4.1
06/08/2024 14:15,June,5.58,5.53
06/08/2024 14:20,June,12.17,12.07
06/08/2024 14:25,June,5.59,5.55
06/08/2024 14:30,June,5.58,5.54
06/08/2024 14:35,June,4.92,4.89
06/08/2024 14:40,June,4.16,4.13
06/08/2024 14:45,June,4.17,4.14
06/08/2024 14:50,June,4.12,4.09
06/08/2024 14:55,June,4.13,4.1
06/08/2024 15:00,June,4.15,4.11
06/08/2024 15:05,June,12.13,12.04
06/08/2024 15:10,June,5.6,5.56
06/08/2024 15:15,June,4.12,4.08
06/08/2024 15:20,June,4.13,4.09
06/08/2024 15:25,June,4.15,4.11
06/08/2024 15:30,June,4.14,4.11
06/08/2024 15:35,June,4.15,4.11
06/08/2024 15:40,June,4.17,4.13
06/08/2024 15:45,June,4.15,4.12
06/08/2024 15:50,June,4.15,4.12
06/08/2024 15:55,June,4.12,4.09
06/08/2024 16:00,June,4.14,4.11
06/08/2024 16:05,June,4.14,4.11
06/08/2024 16:10,June,4.09,4.05
06/08/2024 16:15,June,4.19,4.16
06/08/2024 16:20,June,4.15,4.12
06/08/2024 16:25,June,4.11,4.08
06/08/2024 16:30,June,4.14,4.1
06/08/2024 16:35,June,4.02,3.99
06/08/2024 16:40,June,4.1,4.06
06/08/2024 16:45,June,4.12,4.09
06/08/2024 16:50,June,4.13,4.09
06/08/2024 16:55,June,4.09,4.05
06/08/2024 17:00,June,4.02,3.99
06/08/2024 17:05,June,4.03,3.99
06/08/2024 17:10,June,3.94,3.9
06/08/2024 17:15,June,3.51,3.48
06/08/2024 17:20,June,4.02,3.99
06/08/2024 17:25,June,4.02,3.98
06/08/2024 17:30,June,3.52,3.49
06/08/2024 17:35,June,3.93,3.89
06/08/2024 17:40,June,3.93,3.89
06/08/2024 17:45,June,4.09,4.05
06/08/2024 17:50,June,4.03,3.99
06/08/2024 17:55,June,4.11,4.07
06/08/2024 18:00,June,4.15,4.11
06/08/2024 18:05,June,4.12,4.08
06/08/2024 18:10,June,4.15,4.11
06/08/2024 18:15,June,4.16,4.12
06/08/2024 18:20,June,4.15,4.11
06/08/2024 18:25,June,4.16,4.12
06/08/2024 18:30,June,4.23,4.19
06/08/2024 18:35,June,4.27,4.23
06/08/2024 18:40,June,4.78,4.74
06/08/2024 18:45,June,4.78,4.74
06/08/2024 18:50,June,4.28,4.24
06/08/2024 18:55,June,4.27,4.23
06/08/2024 19:00,June,4.27,4.23
06/08/2024 19:05,June,4.2,4.17
06/08/2024 19:10,June,4.14,4.09
06/08/2024 19:15,June,4.16,4.11
06/08/2024 19:20,June,4.16,4.11
06/08/2024 19:25,June,4.14,4.09
06/08/2024 19:30,June,4.25,4.2
06/08/2024 19:35,June,4.23,4.18
06/08/2024 19:40,June,4.23,4.18
06/08/2024 19:45,June,4.25,4.2
06/08/2024 19:50,June,4.6,4.54
06/08/2024 19:55,June,4.23,4.18
06/08/2024 20:00,June,4.32,4.27
06/08/2024 20:05,June,30.37,30
06/08/2024 20:10,June,13.44,13.28
06/08/2024 20:15,June,5.71,5.64
06/08/2024 20:20,June,5.68,5.62
06/08/2024 20:25,June,5.3,5.23
06/08/2024 20:30,June,5.68,5.61
06/08/2024 20:35,June,5.3,5.23
06/08/2024 20:40,June,5.03,4.97
06/08/2024 20:45,June,5.29,5.23
06/08/2024 20:50,June,5.03,4.97
06/08/2024 20:55,June,11.75,11.61
06/08/2024 21:00,June,5.7,5.63
06/08/2024 21:05,June,29.19,28.82
06/08/2024 21:10,June,26.45,26.12
06/08/2024 21:15,June,9.2,9.08
06/08/2024 21:20,June,5.78,5.7
06/08/2024 21:25,June,5.76,5.68
06/08/2024 21:30,June,9.19,9.06
06/08/2024 21:35,June,5.28,5.21
06/08/2024 21:40,June,5.53,5.45
06/08/2024 21:45,June,5.72,5.64
06/08/2024 21:50,June,5.72,5.65
06/08/2024 21:55,June,5.54,5.46
06/08/2024 22:00,June,5.48,5.41
06/08/2024 22:05,June,12.1,11.95
06/08/2024 22:10,June,11.06,10.92
06/08/2024 22:15,June,5.7,5.62
06/08/2024 22:20,June,5.69,5.62
06/08/2024 22:25,June,5.39,5.32
06/08/2024 22:30,June,5.39,5.32
06/08/2024 22:35,June,5.07,5.01
06/08/2024 22:40,June,5,4.93
06/08/2024 22:45,June,5.08,5.01
06/08/2024 22:50,June,5.07,5.01
06/08/2024 22:55,June,5.08,5.01
06/08/2024 23:00,June,4.35,4.29
06/08/2024 23:05,June,10.98,10.83
06/08/2024 23:10,June,4.48,4.48
06/08/2024 23:15,June,3.31,3.31
06/08/2024 23:20,June,2.95,2.95
06/08/2024 23:25,June,4.04,4.04
06/08/2024 23:30,June,4.04,4.04
06/08/2024 23:35,June,3.31,3.31
06/08/2024 23:40,June,2.76,2.76
06/08/2024 23:45,June,2.76,2.76
06/08/2024 23:50,June,2.48,2.48
06/08/2024 23:55,June,2.48,2.48
06/09/2024 0:00,June,2.48,2.48
06/09/2024 0:05,June,2.48,2.48
06/09/2024 0:10,June,2.48,2.48
06/09/2024 0:15,June,2.49,2.49
06/09/2024 0:20,June,2.81,2.81
06/09/2024 0:25,June,3.11,3.11
06/09/2024 0:30,June,2.81,2.81
06/09/2024 0:35,June,2.81,2.81
06/09/2024 0:40,June,2.81,2.81
06/09/2024 0:45,June,2.48,2.48
06/09/2024 0:50,June,2.17,2.17
06/09/2024 0:55,June,2.48,2.48
06/09/2024 1:00,June,2.8,2.8
06/09/2024 1:05,June,2.8,2.8
06/09/2024 1:10,June,2.48,2.48
06/09/2024 1:15,June,3.53,3.53
06/09/2024 1:20,June,4.48,4.48
06/09/2024 1:25,June,4.48,4.48
06/09/2024 1:30,June,4.48,4.48
06/09/2024 1:35,June,4.48,4.48
06/09/2024 1:40,June,4.48,4.48
06/09/2024 1:45,June,4.09,4.09
06/09/2024 1:50,June,3.77,3.77
06/09/2024 1:55,June,3.1,3.1
06/09/2024 2:00,June,2.8,2.8
06/09/2024 2:05,June,0,0
06/09/2024 2:10,June,2.8,2.8
06/09/2024 2:15,June,2.96,2.96
06/09/2024 2:20,June,2.96,2.96
06/09/2024 2:25,June,2.96,2.96
06/09/2024 2:30,June,4.48,4.48
06/09/2024 2:35,June,4.18,4.18
06/09/2024 2:40,June,4.18,4.18
06/09/2024 2:45,June,3.57,3.57
06/09/2024 2:50,June,3.67,3.67
06/09/2024 2:55,June,3.24,3.24
06/09/2024 3:00,June,3.31,3.31
06/09/2024 3:05,June,3.31,3.31
06/09/2024 3:10,June,2.48,2.48
06/09/2024 3:15,June,3.24,3.24
06/09/2024 3:20,June,3.1,3.1
06/09/2024 3:25,June,3.3,3.3
06/09/2024 3:30,June,3.47,3.47
06/09/2024 3:35,June,2.96,2.96
06/09/2024 3:40,June,2.94,2.94
06/09/2024 3:45,June,2.96,2.96
06/09/2024 3:50,June,2.8,2.8
06/09/2024 3:55,June,2.8,2.8
06/09/2024 4:00,June,2.8,2.8
06/09/2024 4:05,June,2.8,2.8
06/09/2024 4:10,June,2.96,2.96
06/09/2024 4:15,June,2.8,2.8
06/09/2024 4:20,June,2.8,2.8
06/09/2024 4:25,June,2.8,2.8
06/09/2024 4:30,June,2.48,2.48
06/09/2024 4:35,June,2.48,2.48
06/09/2024 4:40,June,2.55,2.55
06/09/2024 4:45,June,2.94,2.94
06/09/2024 4:50,June,2.95,2.95
06/09/2024 4:55,June,2.85,2.85
06/09/2024 5:00,June,2.95,2.95
06/09/2024 5:05,June,3.56,3.56
06/09/2024 5:10,June,3.36,3.36
06/09/2024 5:15,June,2.8,2.8
06/09/2024 5:20,June,2.8,2.8
06/09/2024 5:25,June,2.48,2.48
06/09/2024 5:30,June,2.8,2.8
06/09/2024 5:35,June,2.8,2.8
06/09/2024 5:40,June,2.48,2.48
06/09/2024 5:45,June,2.85,2.85
06/09/2024 5:50,June,2.16,2.16
06/09/2024 5:55,June,2.21,2.21
06/09/2024 6:00,June,2.21,2.21
06/09/2024 6:05,June,0,0
06/09/2024 6:10,June,0,0
06/09/2024 6:15,June,0,0
06/09/2024 6:20,June,2.21,2.21
06/09/2024 6:25,June,0,0
06/09/2024 6:30,June,0,0
06/09/2024 6:35,June,0,0
06/09/2024 6:40,June,3.32,3.29
06/09/2024 6:45,June,2.95,2.93
06/09/2024 6:50,June,3.03,3.01
06/09/2024 6:55,June,3.07,3.05
06/09/2024 7:00,June,2.94,2.92
06/09/2024 7:05,June,2.47,2.45
06/09/2024 7:10,June,2.83,2.81
06/09/2024 7:15,June,3.6,3.57
06/09/2024 7:20,June,3.28,3.26
06/09/2024 7:25,June,3.27,3.25
06/09/2024 7:30,June,2.93,2.92
06/09/2024 7:35,June,2.93,2.92
06/09/2024 7:40,June,2.84,2.82
06/09/2024 7:45,June,2.93,2.92
06/09/2024 7:50,June,2.93,2.91
06/09/2024 7:55,June,2.99,2.97
06/09/2024 8:00,June,3.49,3.47
06/09/2024 8:05,June,0,0
06/09/2024 8:10,June,2.45,2.43
06/09/2024 8:15,June,0,0
06/09/2024 8:20,June,0,0
06/09/2024 8:25,June,2.48,2.48
06/09/2024 8:30,June,2.48,2.48
06/09/2024 8:35,June,2.48,2.48
06/09/2024 8:40,June,0,0
06/09/2024 8:45,June,0,0
06/09/2024 8:50,June,0,0
06/09/2024 8:55,June,0,0
06/09/2024 9:00,June,0,0
06/09/2024 9:05,June,0,0
06/09/2024 9:10,June,0,0
06/09/2024 9:15,June,0,0
06/09/2024 9:20,June,3.36,3.36
06/09/2024 9:25,June,3.36,3.36
06/09/2024 9:30,June,2.13,2.13
06/09/2024 9:35,June,0,0
06/09/2024 9:40,June,0,0
06/09/2024 9:45,June,0,0
06/09/2024 9:50,June,0,0
06/09/2024 9:55,June,3.23,3.23
06/09/2024 10:00,June,2.85,2.85
06/09/2024 10:05,June,0,0
06/09/2024 10:10,June,0,0
06/09/2024 10:15,June,2.13,2.13
06/09/2024 10:20,June,3.23,3.23
06/09/2024 10:25,June,3.23,3.23
06/09/2024 10:30,June,3.3,3.3
06/09/2024 10:35,June,3.23,3.23
06/09/2024 10:40,June,3.56,3.56
06/09/2024 10:45,June,0,0
06/09/2024 10:50,June,0,0
06/09/2024 10:55,June,5.7,5.71
06/09/2024 11:00,June,4.57,4.58
06/09/2024 11:05,June,4.59,4.6
06/09/2024 11:10,June,4.5,4.5
06/09/2024 11:15,June,4.6,4.6
06/09/2024 11:20,June,2.16,2.16
06/09/2024 11:25,June,0,0
06/09/2024 11:30,June,0,0
06/09/2024 11:35,June,3.97,3.97
06/09/2024 11:40,June,3.57,3.57
06/09/2024 11:45,June,2.13,2.13
06/09/2024 11:50,June,3.3,3.3
06/09/2024 11:55,June,3.36,3.36
06/09/2024 12:00,June,2.13,2.13
06/09/2024 12:05,June,4.61,4.61
06/09/2024 12:10,June,4.31,4.31
06/09/2024 12:15,June,3.89,3.88
06/09/2024 12:20,June,3.87,3.87
06/09/2024 12:25,June,3.89,3.89
06/09/2024 12:30,June,2.88,2.88
06/09/2024 12:35,June,2.88,2.88
06/09/2024 12:40,June,3.23,3.22
06/09/2024 12:45,June,3.75,3.75
06/09/2024 12:50,June,4.15,4.15
06/09/2024 12:55,June,3.9,3.9
06/09/2024 13:00,June,3.9,3.9
06/09/2024 13:05,June,4.1,4.1
06/09/2024 13:10,June,3.98,3.98
06/09/2024 13:15,June,3.76,3.76
06/09/2024 13:20,June,2.95,2.94
06/09/2024 13:25,June,3.47,3.46
06/09/2024 13:30,June,2.86,2.85
06/09/2024 13:35,June,2.86,2.85
06/09/2024 13:40,June,2.87,2.86
06/09/2024 13:45,June,2.9,2.89
06/09/2024 13:50,June,3.46,3.44
06/09/2024 13:55,June,3.89,3.85
06/09/2024 14:00,June,3.22,3.19
06/09/2024 14:05,June,4.11,4.06
06/09/2024 14:10,June,4.09,4.05
06/09/2024 14:15,June,3.92,3.87
06/09/2024 14:20,June,4.99,4.93
06/09/2024 14:25,June,4.61,4.56
06/09/2024 14:30,June,4.55,4.51
06/09/2024 14:35,June,4.16,4.12
06/09/2024 14:40,June,3.94,3.9
06/09/2024 14:45,June,4.47,4.43
06/09/2024 14:50,June,4.59,4.55
06/09/2024 14:55,June,3.93,3.89
06/09/2024 15:00,June,3.93,3.89
06/09/2024 15:05,June,4.59,4.54
06/09/2024 15:10,June,4.53,4.48
06/09/2024 15:15,June,4.49,4.44
06/09/2024 15:20,June,4.46,4.41
06/09/2024 15:25,June,3.93,3.89
06/09/2024 15:30,June,3.93,3.88
06/09/2024 15:35,June,4.19,4.15
06/09/2024 15:40,June,3.94,3.89
06/09/2024 15:45,June,2.83,2.79
06/09/2024 15:50,June,3.92,3.87
06/09/2024 15:55,June,3.92,3.87
06/09/2024 16:00,June,3.93,3.88
06/09/2024 16:05,June,4.48,4.42
06/09/2024 16:10,June,4.14,4.1
06/09/2024 16:15,June,3.94,3.9
06/09/2024 16:20,June,4.11,4.07
06/09/2024 16:25,June,3.23,3.19
06/09/2024 16:30,June,3.93,3.88
06/09/2024 16:35,June,3.93,3.89
06/09/2024 16:40,June,3.93,3.89
06/09/2024 16:45,June,4.09,4.05
06/09/2024 16:50,June,3.93,3.89
06/09/2024 16:55,June,3.24,3.2
06/09/2024 17:00,June,3.93,3.88
06/09/2024 17:05,June,3.94,3.89
06/09/2024 17:10,June,4.5,4.45
06/09/2024 17:15,June,4.13,4.09
06/09/2024 17:20,June,4.47,4.43
06/09/2024 17:25,June,4.45,4.4
06/09/2024 17:30,June,4.48,4.43
06/09/2024 17:35,June,3.95,3.91
06/09/2024 17:40,June,4.14,4.1
06/09/2024 17:45,June,4.15,4.1
06/09/2024 17:50,June,4.57,4.52
06/09/2024 17:55,June,4.56,4.52
06/09/2024 18:00,June,4.61,4.57
06/09/2024 18:05,June,4.56,4.52
06/09/2024 18:10,June,4.55,4.51
06/09/2024 18:15,June,4.69,4.65
06/09/2024 18:20,June,4.73,4.69
06/09/2024 18:25,June,5.67,5.62
06/09/2024 18:30,June,5.65,5.61
06/09/2024 18:35,June,5.66,5.61
06/09/2024 18:40,June,5.65,5.61
06/09/2024 18:45,June,5.63,5.59
06/09/2024 18:50,June,5.02,4.98
06/09/2024 18:55,June,5.01,4.98
06/09/2024 19:00,June,4.93,4.9
06/09/2024 19:05,June,4.64,4.61
06/09/2024 19:10,June,4.69,4.66
06/09/2024 19:15,June,4.68,4.65
06/09/2024 19:20,June,4.7,4.66
06/09/2024 19:25,June,4.66,4.62
06/09/2024 19:30,June,5.01,4.97
06/09/2024 19:35,June,4.92,4.89
06/09/2024 19:40,June,4.7,4.67
06/09/2024 19:45,June,4.91,4.88
06/09/2024 19:50,June,4.82,4.79
06/09/2024 19:55,June,4.82,4.79
06/09/2024 20:00,June,5.63,5.59
06/09/2024 20:05,June,5.63,5.59
06/09/2024 20:10,June,5.61,5.57
06/09/2024 20:15,June,5.62,5.57
06/09/2024 20:20,June,5.62,5.57
06/09/2024 20:25,June,4.67,4.63
06/09/2024 20:30,June,4.7,4.66
06/09/2024 20:35,June,4.91,4.86
06/09/2024 20:40,June,5.63,5.57
06/09/2024 20:45,June,4.91,4.86
06/09/2024 20:50,June,4.65,4.6
06/09/2024 20:55,June,4.82,4.77
06/09/2024 21:00,June,4.64,4.59
06/09/2024 21:05,June,12.13,11.99
06/09/2024 21:10,June,5.64,5.58
06/09/2024 21:15,June,5.03,4.98
06/09/2024 21:20,June,4.56,4.51
06/09/2024 21:25,June,4.5,4.45
06/09/2024 21:30,June,4.48,4.43
06/09/2024 21:35,June,4.52,4.47
06/09/2024 21:40,June,4.45,4.4
06/09/2024 21:45,June,4.47,4.42
06/09/2024 21:50,June,4.5,4.45
06/09/2024 21:55,June,4.19,4.14
06/09/2024 22:00,June,4.17,4.12
06/09/2024 22:05,June,4.44,4.39
06/09/2024 22:10,June,2.84,2.81
06/09/2024 22:15,June,3.24,3.2
06/09/2024 22:20,June,3.94,3.89
06/09/2024 22:25,June,4.19,4.14
06/09/2024 22:30,June,3.94,3.9
06/09/2024 22:35,June,3.09,3.05
06/09/2024 22:40,June,3.94,3.89
06/09/2024 22:45,June,3.95,3.9
06/09/2024 22:50,June,4.48,4.42
06/09/2024 22:55,June,4.28,4.22
06/09/2024 23:00,June,4.19,4.13
06/09/2024 23:05,June,4.19,4.14
06/09/2024 23:10,June,3.24,3.2
06/09/2024 23:15,June,3.24,3.2
06/09/2024 23:20,June,3.24,3.2
06/09/2024 23:25,June,3.24,3.2
06/09/2024 23:30,June,3.09,3.05
06/09/2024 23:35,June,3.09,3.05
06/09/2024 23:40,June,2.97,2.93
06/09/2024 23:45,June,3.22,3.18
06/09/2024 23:50,June,2.9,2.86
06/09/2024 23:55,June,3.24,3.2
06/10/2024 0:00,June,3.09,3.05
06/10/2024 0:05,June,3.54,3.49
06/10/2024 0:10,June,3.54,3.49
06/10/2024 0:15,June,3.55,3.5
06/10/2024 0:20,June,3.55,3.5
06/10/2024 0:25,June,3.26,3.21
06/10/2024 0:30,June,3.55,3.5
06/10/2024 0:35,June,2.89,2.85
06/10/2024 0:40,June,3.26,3.21
06/10/2024 0:45,June,3.55,3.5
06/10/2024 0:50,June,3.55,3.5
06/10/2024 0:55,June,3.66,3.61
06/10/2024 1:00,June,3.27,3.22
06/10/2024 1:05,June,3.76,3.71
06/10/2024 1:10,June,3.55,3.5
06/10/2024 1:15,June,3.55,3.5
06/10/2024 1:20,June,3.27,3.23
06/10/2024 1:25,June,3.55,3.51
06/10/2024 1:30,June,3.55,3.5
06/10/2024 1:35,June,3.55,3.5
06/10/2024 1:40,June,3.08,3.03
06/10/2024 1:45,June,3.07,3.03
06/10/2024 1:50,June,2.97,2.93
06/10/2024 1:55,June,3.05,3.01
06/10/2024 2:00,June,2.85,2.81
06/10/2024 2:05,June,3.27,3.22
06/10/2024 2:10,June,3.1,3.06
06/10/2024 2:15,June,3.51,3.46
06/10/2024 2:20,June,3.27,3.22
06/10/2024 2:25,June,3.24,3.19
06/10/2024 2:30,June,3,2.96
06/10/2024 2:35,June,2.87,2.84
06/10/2024 2:40,June,2.52,2.49
06/10/2024 2:45,June,2.85,2.82
06/10/2024 2:50,June,2.85,2.81
06/10/2024 2:55,June,2.85,2.81
06/10/2024 3:00,June,2.86,2.83
06/10/2024 3:05,June,3.28,3.23
06/10/2024 3:10,June,2.87,2.83
06/10/2024 3:15,June,2.99,2.95
06/10/2024 3:20,June,2.87,2.83
06/10/2024 3:25,June,2.85,2.81
06/10/2024 3:30,June,2.87,2.83
06/10/2024 3:35,June,2.87,2.83
06/10/2024 3:40,June,2.87,2.83
06/10/2024 3:45,June,2.83,2.8
06/10/2024 3:50,June,2.85,2.81
06/10/2024 3:55,June,2.86,2.82
06/10/2024 4:00,June,2.85,2.81
06/10/2024 4:05,June,2.83,2.8
06/10/2024 4:10,June,2.86,2.82
06/10/2024 4:15,June,2.86,2.82
06/10/2024 4:20,June,2.86,2.82
06/10/2024 4:25,June,2.97,2.93
06/10/2024 4:30,June,2.86,2.82
06/10/2024 4:35,June,3.09,3.05
06/10/2024 4:40,June,2.88,2.84
06/10/2024 4:45,June,2.86,2.83
06/10/2024 4:50,June,2.96,2.92
06/10/2024 4:55,June,2.96,2.92
06/10/2024 5:00,June,2.88,2.84
06/10/2024 5:05,June,0,0
06/10/2024 5:10,June,0,0
06/10/2024 5:15,June,2.51,2.48
06/10/2024 5:20,June,2.86,2.82
06/10/2024 5:25,June,2.83,2.8
06/10/2024 5:30,June,2.84,2.8
06/10/2024 5:35,June,2.83,2.8
06/10/2024 5:40,June,2.84,2.8
06/10/2024 5:45,June,2.84,2.8
06/10/2024 5:50,June,2.85,2.81
06/10/2024 5:55,June,2.85,2.81
06/10/2024 6:00,June,2.96,2.92
06/10/2024 6:05,June,0,0
06/10/2024 6:10,June,0,0
06/10/2024 6:15,June,0,0
06/10/2024 6:20,June,2.14,2.12
06/10/2024 6:25,June,2.83,2.8
06/10/2024 6:30,June,2.5,2.48
06/10/2024 6:35,June,2.95,2.92
06/10/2024 6:40,June,2.83,2.8
06/10/2024 6:45,June,2.83,2.8
06/10/2024 6:50,June,2.83,2.8
06/10/2024 6:55,June,2.83,2.8
06/10/2024 7:00,June,2.95,2.92
06/10/2024 7:05,June,0,0
06/10/2024 7:10,June,0,0
06/10/2024 7:15,June,2.21,2.19
06/10/2024 7:20,June,2.84,2.81
06/10/2024 7:25,June,2.93,2.9
06/10/2024 7:30,June,3.26,3.23
06/10/2024 7:35,June,3.26,3.23
06/10/2024 7:40,June,3.49,3.46
06/10/2024 7:45,June,3.44,3.41
06/10/2024 7:50,June,4.11,4.08
06/10/2024 7:55,June,3.5,3.47
06/10/2024 8:00,June,4.94,4.9
06/10/2024 8:05,June,2.81,2.77
06/10/2024 8:10,June,3.33,3.3
06/10/2024 8:15,June,4.49,4.44
06/10/2024 8:20,June,3.46,3.42
06/10/2024 8:25,June,3.26,3.22
06/10/2024 8:30,June,3.24,3.2
06/10/2024 8:35,June,3.19,3.15
06/10/2024 8:40,June,3.29,3.25
06/10/2024 8:45,June,3.44,3.41
06/10/2024 8:50,June,3.42,3.38
06/10/2024 8:55,June,3.94,3.89
06/10/2024 9:00,June,4.47,4.42
06/10/2024 9:05,June,2.11,2.1
06/10/2024 9:10,June,3.19,3.17
06/10/2024 9:15,June,3.2,3.17
06/10/2024 9:20,June,3.96,3.93
06/10/2024 9:25,June,4.42,4.39
06/10/2024 9:30,June,4.42,4.39
06/10/2024 9:35,June,5.51,5.47
06/10/2024 9:40,June,5.5,5.47
06/10/2024 9:45,June,4.43,4.4
06/10/2024 9:50,June,3.97,3.95
06/10/2024 9:55,June,5.52,5.48
06/10/2024 10:00,June,4.84,4.81
06/10/2024 10:05,June,3.15,3.13
06/10/2024 10:10,June,4.07,4.05
06/10/2024 10:15,June,4.57,4.55
06/10/2024 10:20,June,4.9,4.88
06/10/2024 10:25,June,4.08,4.06
06/10/2024 10:30,June,4.84,4.81
06/10/2024 10:35,June,6.8,6.76
06/10/2024 10:40,June,5.5,5.47
06/10/2024 10:45,June,5.51,5.48
06/10/2024 10:50,June,4.91,4.89
06/10/2024 10:55,June,5.49,5.47
06/10/2024 11:00,June,4.91,4.88
06/10/2024 11:05,June,2.86,2.85
06/10/2024 11:10,June,3.22,3.2
06/10/2024 11:15,June,4.58,4.55
06/10/2024 11:20,June,4.19,4.17
06/10/2024 11:25,June,6.87,6.84
06/10/2024 11:30,June,2.92,2.9
06/10/2024 11:35,June,4.18,4.16
06/10/2024 11:40,June,4.28,4.26
06/10/2024 11:45,June,4.57,4.55
06/10/2024 11:50,June,4.85,4.83
06/10/2024 11:55,June,3.2,3.18
06/10/2024 12:00,June,3.19,3.17
06/10/2024 12:05,June,2.48,2.47
06/10/2024 12:10,June,2.86,2.85
06/10/2024 12:15,June,3.11,3.09
06/10/2024 12:20,June,3.17,3.16
06/10/2024 12:25,June,3.19,3.17
06/10/2024 12:30,June,3.44,3.42
06/10/2024 12:35,June,3.2,3.18
06/10/2024 12:40,June,3.2,3.18
06/10/2024 12:45,June,3.8,3.78
06/10/2024 12:50,June,5.5,5.47
06/10/2024 12:55,June,4.91,4.88
06/10/2024 13:00,June,6.84,6.8
06/10/2024 13:05,June,6.96,6.91
06/10/2024 13:10,June,12.95,12.87
06/10/2024 13:15,June,12.08,12
06/10/2024 13:20,June,13.25,13.16
06/10/2024 13:25,June,12.13,12.04
06/10/2024 13:30,June,6.99,6.93
06/10/2024 13:35,June,12.08,11.97
06/10/2024 13:40,June,9.07,9
06/10/2024 13:45,June,6.79,6.73
06/10/2024 13:50,June,9,8.93
06/10/2024 13:55,June,6.81,6.77
06/10/2024 14:00,June,6.77,6.73
06/10/2024 14:05,June,4.94,4.91
06/10/2024 14:10,June,6.84,6.8
06/10/2024 14:15,June,6.92,6.88
06/10/2024 14:20,June,6.92,6.88
06/10/2024 14:25,June,7.02,6.95
06/10/2024 14:30,June,7.03,6.96
06/10/2024 14:35,June,6.79,6.73
06/10/2024 14:40,June,6.83,6.78
06/10/2024 14:45,June,6.86,6.81
06/10/2024 14:50,June,6.97,6.92
06/10/2024 14:55,June,6.88,6.85
06/10/2024 15:00,June,6.81,6.77
06/10/2024 15:05,June,6.95,6.91
06/10/2024 15:10,June,6.83,6.77
06/10/2024 15:15,June,5.69,5.64
06/10/2024 15:20,June,5.72,5.67
06/10/2024 15:25,June,4.36,4.32
06/10/2024 15:30,June,5.69,5.64
06/10/2024 15:35,June,5.7,5.65
06/10/2024 15:40,June,5.73,5.67
06/10/2024 15:45,June,6.83,6.77
06/10/2024 15:50,June,6.81,6.75
06/10/2024 15:55,June,5.71,5.66
06/10/2024 16:00,June,5.27,5.22
06/10/2024 16:05,June,4.38,4.33
06/10/2024 16:10,June,3.25,3.21
06/10/2024 16:15,June,4.37,4.32
06/10/2024 16:20,June,4.37,4.32
06/10/2024 16:25,June,5.03,4.97
06/10/2024 16:30,June,5.03,4.97
06/10/2024 16:35,June,5.03,4.97
06/10/2024 16:40,June,4.96,4.91
06/10/2024 16:45,June,4.26,4.21
06/10/2024 16:50,June,4.36,4.31
06/10/2024 16:55,June,3.26,3.22
06/10/2024 17:00,June,3.51,3.47
06/10/2024 17:05,June,3.51,3.47
06/10/2024 17:10,June,3.51,3.48
06/10/2024 17:15,June,3.66,3.62
06/10/2024 17:20,June,3.86,3.82
06/10/2024 17:25,June,3.66,3.62
06/10/2024 17:30,June,4.25,4.2
06/10/2024 17:35,June,33.37,33.08
06/10/2024 17:40,June,31.49,31.17
06/10/2024 17:45,June,26.2,25.94
06/10/2024 17:50,June,22.72,22.51
06/10/2024 17:55,June,13.04,12.91
06/10/2024 18:00,June,9.07,8.97
06/10/2024 18:05,June,9.06,8.97
06/10/2024 18:10,June,5.74,5.68
06/10/2024 18:15,June,5.71,5.65
06/10/2024 18:20,June,5.74,5.68
06/10/2024 18:25,June,5.76,5.71
06/10/2024 18:30,June,5.8,5.75
06/10/2024 18:35,June,13.05,12.94
06/10/2024 18:40,June,26.16,25.93
06/10/2024 18:45,June,18.87,18.72
06/10/2024 18:50,June,12.38,12.27
06/10/2024 18:55,June,9.06,8.98
06/10/2024 19:00,June,5.76,5.7
06/10/2024 19:05,June,9.02,8.93
06/10/2024 19:10,June,5.77,5.72
06/10/2024 19:15,June,5.7,5.64
06/10/2024 19:20,June,5.77,5.71
06/10/2024 19:25,June,5.67,5.61
06/10/2024 19:30,June,5.59,5.53
06/10/2024 19:35,June,5.56,5.5
06/10/2024 19:40,June,5.61,5.55
06/10/2024 19:45,June,5.67,5.62
06/10/2024 19:50,June,6.95,6.88
06/10/2024 19:55,June,6.93,6.86
06/10/2024 20:00,June,5.73,5.67
06/10/2024 20:05,June,9.09,9
06/10/2024 20:10,June,7.14,7.07
06/10/2024 20:15,June,7.15,7.07
06/10/2024 20:20,June,7.13,7.05
06/10/2024 20:25,June,7.12,7.03
06/10/2024 20:30,June,7.05,6.96
06/10/2024 20:35,June,6.95,6.87
06/10/2024 20:40,June,5.79,5.72
06/10/2024 20:45,June,28.94,28.54
06/10/2024 20:50,June,16.03,15.8
06/10/2024 20:55,June,9.17,9.03
06/10/2024 21:00,June,5.79,5.71
06/10/2024 21:05,June,12.07,11.89
06/10/2024 21:10,June,9.13,9
06/10/2024 21:15,June,9.12,8.99
06/10/2024 21:20,June,9.12,8.99
06/10/2024 21:25,June,5.85,5.76
06/10/2024 21:30,June,8.82,8.7
06/10/2024 21:35,June,9.06,8.94
06/10/2024 21:40,June,6.02,5.94
06/10/2024 21:45,June,5.15,5.08
06/10/2024 21:50,June,5.08,5.02
06/10/2024 21:55,June,5.08,5.02
06/10/2024 22:00,June,5.08,5.02
06/10/2024 22:05,June,28.82,28.48
06/10/2024 22:10,June,13.32,13.16
06/10/2024 22:15,June,5.85,5.78
06/10/2024 22:20,June,5.84,5.77
06/10/2024 22:25,June,5.87,5.8
06/10/2024 22:30,June,5.8,5.73
06/10/2024 22:35,June,5.76,5.69
06/10/2024 22:40,June,5.74,5.67
06/10/2024 22:45,June,5.73,5.66
06/10/2024 22:50,June,5.75,5.68
06/10/2024 22:55,June,5.74,5.67
06/10/2024 23:00,June,4.37,4.32
06/10/2024 23:05,June,28.62,28.26
06/10/2024 23:10,June,12.12,11.96
06/10/2024 23:15,June,5.78,5.7
06/10/2024 23:20,June,5.74,5.67
06/10/2024 23:25,June,5.72,5.65
06/10/2024 23:30,June,5.71,5.64
06/10/2024 23:35,June,4.36,4.3
06/10/2024 23:40,June,5.05,4.98
06/10/2024 23:45,June,5.05,4.98
06/10/2024 23:50,June,4.36,4.31
06/10/2024 23:55,June,5.69,5.61
06/11/2024 0:00,June,5.04,4.98
06/11/2024 0:05,June,28.68,28.31
06/11/2024 0:10,June,5.28,5.21
06/11/2024 0:15,June,5.26,5.19
06/11/2024 0:20,June,5.27,5.2
06/11/2024 0:25,June,4.75,4.68
06/11/2024 0:30,June,5.26,5.19
06/11/2024 0:35,June,5.27,5.19
06/11/2024 0:40,June,5.26,5.19
06/11/2024 0:45,June,5.27,5.19
06/11/2024 0:50,June,5.27,5.19
06/11/2024 0:55,June,5.27,5.19
06/11/2024 1:00,June,5.26,5.18
06/11/2024 1:05,June,4.76,4.69
06/11/2024 1:10,June,5.46,5.38
06/11/2024 1:15,June,5.26,5.18
06/11/2024 1:20,June,5.26,5.18
06/11/2024 1:25,June,5.27,5.19
06/11/2024 1:30,June,5.3,5.21
06/11/2024 1:35,June,5.29,5.21
06/11/2024 1:40,June,5.3,5.21
06/11/2024 1:45,June,5.3,5.21
06/11/2024 1:50,June,5.29,5.2
06/11/2024 1:55,June,5.02,4.94
06/11/2024 2:00,June,5.03,4.95
06/11/2024 2:05,June,5.26,5.17
06/11/2024 2:10,June,5.25,5.17
06/11/2024 2:15,June,5.25,5.17
06/11/2024 2:20,June,4.77,4.7
06/11/2024 2:25,June,5.24,5.15
06/11/2024 2:30,June,5.23,5.15
06/11/2024 2:35,June,5.23,5.15
06/11/2024 2:40,June,5.23,5.15
06/11/2024 2:45,June,5.22,5.14
06/11/2024 2:50,June,5.22,5.14
06/11/2024 2:55,June,5.22,5.14
06/11/2024 3:00,June,5.24,5.16
06/11/2024 3:05,June,4.76,4.69
06/11/2024 3:10,June,5.21,5.14
06/11/2024 3:15,June,4.36,4.29
06/11/2024 3:20,June,4.35,4.29
06/11/2024 3:25,June,4.34,4.28
06/11/2024 3:30,June,4.34,4.28
06/11/2024 3:35,June,4.34,4.28
06/11/2024 3:40,June,4.34,4.27
06/11/2024 3:45,June,4.33,4.27
06/11/2024 3:50,June,4.34,4.27
06/11/2024 3:55,June,4.34,4.27
06/11/2024 4:00,June,4.33,4.27
06/11/2024 4:05,June,4.33,4.27
06/11/2024 4:10,June,4.34,4.27
06/11/2024 4:15,June,4.34,4.28
06/11/2024 4:20,June,4.34,4.27
06/11/2024 4:25,June,4.33,4.27
06/11/2024 4:30,June,4.18,4.12
06/11/2024 4:35,June,4.32,4.26
06/11/2024 4:40,June,4.18,4.12
06/11/2024 4:45,June,4.18,4.12
06/11/2024 4:50,June,4.17,4.11
06/11/2024 4:55,June,4.16,4.1
06/11/2024 5:00,June,4.12,4.06
06/11/2024 5:05,June,3.08,3.04
06/11/2024 5:10,June,4.11,4.05
06/11/2024 5:15,June,4.12,4.06
06/11/2024 5:20,June,3.68,3.62
06/11/2024 5:25,June,4.11,4.05
06/11/2024 5:30,June,3.27,3.22
06/11/2024 5:35,June,3.69,3.64
06/11/2024 5:40,June,3.91,3.85
06/11/2024 5:45,June,3.91,3.85
06/11/2024 5:50,June,3.69,3.64
06/11/2024 5:55,June,3.9,3.84
06/11/2024 6:00,June,2.94,2.9
06/11/2024 6:05,June,-0.1,-0.1
06/11/2024 6:10,June,0,0
06/11/2024 6:15,June,2.51,2.48
06/11/2024 6:20,June,2.87,2.84
06/11/2024 6:25,June,2.87,2.84
06/11/2024 6:30,June,3.09,3.06
06/11/2024 6:35,June,2.87,2.84
06/11/2024 6:40,June,3.08,3.04
06/11/2024 6:45,June,3.08,3.04
06/11/2024 6:50,June,3.44,3.4
06/11/2024 6:55,June,3.04,3
06/11/2024 7:00,June,3.66,3.62
06/11/2024 7:05,June,0,0
06/11/2024 7:10,June,3.48,3.44
06/11/2024 7:15,June,3.64,3.6
06/11/2024 7:20,June,3.89,3.85
06/11/2024 7:25,June,3.48,3.44
06/11/2024 7:30,June,3.66,3.62
06/11/2024 7:35,June,3.89,3.85
06/11/2024 7:40,June,3.89,3.85
06/11/2024 7:45,June,3.89,3.85
06/11/2024 7:50,June,4.1,4.05
06/11/2024 7:55,June,4.09,4.05
06/11/2024 8:00,June,5.09,5.04
06/11/2024 8:05,June,2.43,2.41
06/11/2024 8:10,June,3.23,3.2
06/11/2024 8:15,June,4.08,4.04
06/11/2024 8:20,June,4.08,4.05
06/11/2024 8:25,June,4.08,4.04
06/11/2024 8:30,June,4.1,4.07
06/11/2024 8:35,June,4.08,4.05
06/11/2024 8:40,June,4.09,4.06
06/11/2024 8:45,June,4.08,4.05
06/11/2024 8:50,June,4.08,4.05
06/11/2024 8:55,June,4.08,4.05
06/11/2024 9:00,June,4.08,4.06
06/11/2024 9:05,June,2.1,2.09
06/11/2024 9:10,June,3.2,3.18
06/11/2024 9:15,June,3.2,3.18
06/11/2024 9:20,June,3.2,3.19
06/11/2024 9:25,June,4.05,4.03
06/11/2024 9:30,June,4.06,4.04
06/11/2024 9:35,June,4.06,4.05
06/11/2024 9:40,June,4.05,4.03
06/11/2024 9:45,June,4.05,4.03
06/11/2024 9:50,June,3.92,3.9
06/11/2024 9:55,June,4.05,4.03
06/11/2024 10:00,June,4.09,4.07
06/11/2024 10:05,June,0,0
06/11/2024 10:10,June,3.2,3.19
06/11/2024 10:15,June,3.91,3.89
06/11/2024 10:20,June,3.43,3.42
06/11/2024 10:25,June,3.91,3.89
06/11/2024 10:30,June,2.77,2.75
06/11/2024 10:35,June,4.07,4.05
06/11/2024 10:40,June,4.05,4.03
06/11/2024 10:45,June,4.1,4.08
06/11/2024 10:50,June,4.05,4.03
06/11/2024 10:55,June,4.06,4.03
06/11/2024 11:00,June,3.26,3.25
06/11/2024 11:05,June,2.76,2.75
06/11/2024 11:10,June,3.23,3.22
06/11/2024 11:15,June,3.05,3.03
06/11/2024 11:20,June,3.2,3.19
06/11/2024 11:25,June,4.04,4.03
06/11/2024 11:30,June,4.04,4.03
06/11/2024 11:35,June,4.19,4.18
06/11/2024 11:40,June,4.06,4.05
06/11/2024 11:45,June,4.05,4.03
06/11/2024 11:50,June,4.06,4.03
06/11/2024 11:55,June,2.92,2.9
06/11/2024 12:00,June,3.22,3.2
06/11/2024 12:05,June,2.79,2.76
06/11/2024 12:10,June,3,2.97
06/11/2024 12:15,June,3.46,3.43
06/11/2024 12:20,June,3.91,3.88
06/11/2024 12:25,June,5.12,5.06
06/11/2024 12:30,June,4.67,4.62
06/11/2024 12:35,June,3.48,3.43
06/11/2024 12:40,June,3.93,3.88
06/11/2024 12:45,June,5.11,5.05
06/11/2024 12:50,June,7.9,7.8
06/11/2024 12:55,June,5.13,5.07
06/11/2024 13:00,June,4.74,4.69
06/11/2024 13:05,June,4.12,4.07
06/11/2024 13:10,June,13.04,12.88
06/11/2024 13:15,June,22.98,22.72
06/11/2024 13:20,June,5.13,5.07
06/11/2024 13:25,June,5.11,5.05
06/11/2024 13:30,June,9.27,9.17
06/11/2024 13:35,June,8.65,8.59
06/11/2024 13:40,June,5.13,5.09
06/11/2024 13:45,June,5.12,5.08
06/11/2024 13:50,June,5.12,5.08
06/11/2024 13:55,June,13,12.9
06/11/2024 14:00,June,5.13,5.09
06/11/2024 14:05,June,13.04,12.95
06/11/2024 14:10,June,5.15,5.12
06/11/2024 14:15,June,13.04,12.98
06/11/2024 14:20,June,5.17,5.15
06/11/2024 14:25,June,5.17,5.14
06/11/2024 14:30,June,7.78,7.73
06/11/2024 14:35,June,13.04,12.98
06/11/2024 14:40,June,11.68,11.63
06/11/2024 14:45,June,4.85,4.83
06/11/2024 14:50,June,15.24,15.16
06/11/2024 14:55,June,13.03,12.98
06/11/2024 15:00,June,9.2,9.16
06/11/2024 15:05,June,12.08,12.02
06/11/2024 15:10,June,7.77,7.73
06/11/2024 15:15,June,8.71,8.66
06/11/2024 15:20,June,4.77,4.74
06/11/2024 15:25,June,5.17,5.14
06/11/2024 15:30,June,5.16,5.13
06/11/2024 15:35,June,9.23,9.17
06/11/2024 15:40,June,9.22,9.16
06/11/2024 15:45,June,9.22,9.16
06/11/2024 15:50,June,9.22,9.16
06/11/2024 15:55,June,5.71,5.68
06/11/2024 16:00,June,5.21,5.18
06/11/2024 16:05,June,4.88,4.85
06/11/2024 16:10,June,4.85,4.81
06/11/2024 16:15,June,5.19,5.16
06/11/2024 16:20,June,4.79,4.76
06/11/2024 16:25,June,4.81,4.77
06/11/2024 16:30,June,4.82,4.78
06/11/2024 16:35,June,4.85,4.82
06/11/2024 16:40,June,4.84,4.8
06/11/2024 16:45,June,4.86,4.82
06/11/2024 16:50,June,4.94,4.9
06/11/2024 16:55,June,4.9,4.87
06/11/2024 17:00,June,4.82,4.78
06/11/2024 17:05,June,4.81,4.77
06/11/2024 17:10,June,4.68,4.64
06/11/2024 17:15,June,4.96,4.93
06/11/2024 17:20,June,4.98,4.94
06/11/2024 17:25,June,5,4.95
06/11/2024 17:30,June,4.98,4.93
06/11/2024 17:35,June,4.93,4.89
06/11/2024 17:40,June,4.95,4.9
06/11/2024 17:45,June,4.97,4.93
06/11/2024 17:50,June,4.97,4.92
06/11/2024 17:55,June,11.22,11.22
06/11/2024 18:00,June,11.12,11.12
06/11/2024 18:05,June,4.86,4.81
06/11/2024 18:10,June,4.76,4.72
06/11/2024 18:15,June,4.73,4.68
06/11/2024 18:20,June,4.77,4.72
06/11/2024 18:25,June,4.85,4.81
06/11/2024 18:30,June,4.9,4.85
06/11/2024 18:35,June,4.95,4.9
06/11/2024 18:40,June,4.92,4.87
06/11/2024 18:45,June,4.95,4.9
06/11/2024 18:50,June,4.86,4.81
06/11/2024 18:55,June,4.85,4.8
06/11/2024 19:00,June,4.87,4.82
06/11/2024 19:05,June,5,4.95
06/11/2024 19:10,June,5,4.95
06/11/2024 19:15,June,4.96,4.91
06/11/2024 19:20,June,4.95,4.89
06/11/2024 19:25,June,4.92,4.87
06/11/2024 19:30,June,4.9,4.85
06/11/2024 19:35,June,4.89,4.84
06/11/2024 19:40,June,4.9,4.85
06/11/2024 19:45,June,8.82,8.73
06/11/2024 19:50,June,5.16,5.1
06/11/2024 19:55,June,5.11,5.06
06/11/2024 20:00,June,5.16,5.11
06/11/2024 20:05,June,31.26,30.9
06/11/2024 20:10,June,30.39,30.05
06/11/2024 20:15,June,13.7,13.54
06/11/2024 20:20,June,12.12,11.98
06/11/2024 20:25,June,9.27,9.16
06/11/2024 20:30,June,5.22,5.16
06/11/2024 20:35,June,5.22,5.15
06/11/2024 20:40,June,9.28,9.17
06/11/2024 20:45,June,9.27,9.16
06/11/2024 20:50,June,31.54,31.06
06/11/2024 20:55,June,30.94,30.51
06/11/2024 21:00,June,10.65,10.49
06/11/2024 21:05,June,14.87,14.63
06/11/2024 21:10,June,9.43,9.28
06/11/2024 21:15,June,9.34,9.19
06/11/2024 21:20,June,9.34,9.19
06/11/2024 21:25,June,9.34,9.19
06/11/2024 21:30,June,9.44,9.28
06/11/2024 21:35,June,9.34,9.19
06/11/2024 21:40,June,9.34,9.19
06/11/2024 21:45,June,5.31,5.23
06/11/2024 21:50,June,9.32,9.18
06/11/2024 21:55,June,9.3,9.17
06/11/2024 22:00,June,5.33,5.25
06/11/2024 22:05,June,28.97,28.54
06/11/2024 22:10,June,9.37,9.22
06/11/2024 22:15,June,9.32,9.18
06/11/2024 22:20,June,9.32,9.18
06/11/2024 22:25,June,9.32,9.18
06/11/2024 22:30,June,5.3,5.22
06/11/2024 22:35,June,5.3,5.23
06/11/2024 22:40,June,5.29,5.22
06/11/2024 22:45,June,11.47,11.32
06/11/2024 22:50,June,5.08,5.02
06/11/2024 22:55,June,4.8,4.74
06/11/2024 23:00,June,4.4,4.34
06/11/2024 23:05,June,15.07,14.88
06/11/2024 23:10,June,5.27,5.21
06/11/2024 23:15,June,5.28,5.22
06/11/2024 23:20,June,4.39,4.33
06/11/2024 23:25,June,4.39,4.33
06/11/2024 23:30,June,4.39,4.33
06/11/2024 23:35,June,4.39,4.33
06/11/2024 23:40,June,4.38,4.33
06/11/2024 23:45,June,4.38,4.32
06/11/2024 23:50,June,4.37,4.32
06/11/2024 23:55,June,4.36,4.31
06/12/2024 0:00,June,4.2,4.15
06/12/2024 0:05,June,13.18,13.03
06/12/2024 0:10,June,5.19,5.13
06/12/2024 0:15,June,4.75,4.7
06/12/2024 0:20,June,4.37,4.32
06/12/2024 0:25,June,4.37,4.32
06/12/2024 0:30,June,4.38,4.32
06/12/2024 0:35,June,4.38,4.32
06/12/2024 0:40,June,4.71,4.65
06/12/2024 0:45,June,4.36,4.3
06/12/2024 0:50,June,4.37,4.32
06/12/2024 0:55,June,4.36,4.3
06/12/2024 1:00,June,4.21,4.16
06/12/2024 1:05,June,4.36,4.3
06/12/2024 1:10,June,4.29,4.24
06/12/2024 1:15,June,4.29,4.24
06/12/2024 1:20,June,4.23,4.18
06/12/2024 1:25,June,4.35,4.3
06/12/2024 1:30,June,4.23,4.18
06/12/2024 1:35,June,4.23,4.18
06/12/2024 1:40,June,4.3,4.25
06/12/2024 1:45,June,4.24,4.18
06/12/2024 1:50,June,4.25,4.19
06/12/2024 1:55,June,4.35,4.3
06/12/2024 2:00,June,4.25,4.2
06/12/2024 2:05,June,4.42,4.37
06/12/2024 2:10,June,4.36,4.3
06/12/2024 2:15,June,4.25,4.2
06/12/2024 2:20,June,4.36,4.3
06/12/2024 2:25,June,4.43,4.37
06/12/2024 2:30,June,4.43,4.37
06/12/2024 2:35,June,4.28,4.28
06/12/2024 2:40,June,3.67,3.67
06/12/2024 2:45,June,3.67,3.67
06/12/2024 2:50,June,3.39,3.39
06/12/2024 2:55,June,3.37,3.37
06/12/2024 3:00,June,3.67,3.67
06/12/2024 3:05,June,3.1,3.1
06/12/2024 3:10,June,3.67,3.67
06/12/2024 3:15,June,3.06,3.06
06/12/2024 3:20,June,3.11,3.11
06/12/2024 3:25,June,3.37,3.37
06/12/2024 3:30,June,3.1,3.1
06/12/2024 3:35,June,3.22,3.22
06/12/2024 3:40,June,3.17,3.17
06/12/2024 3:45,June,3.22,3.22
06/12/2024 3:50,June,2.87,2.87
06/12/2024 3:55,June,3.39,3.39
06/12/2024 4:00,June,2.87,2.87
06/12/2024 4:05,June,3.66,3.66
06/12/2024 4:10,June,3.94,3.94
06/12/2024 4:15,June,4.09,4.09
06/12/2024 4:20,June,3.92,3.92
06/12/2024 4:25,June,3.98,3.98
06/12/2024 4:30,June,3.94,3.94
06/12/2024 4:35,June,3.38,3.38
06/12/2024 4:40,June,3.93,3.93
06/12/2024 4:45,June,3.93,3.93
06/12/2024 4:50,June,3.66,3.66
06/12/2024 4:55,June,3.36,3.36
06/12/2024 5:00,June,3.21,3.21
06/12/2024 5:05,June,0,0
06/12/2024 5:10,June,2.8,2.8
06/12/2024 5:15,June,2.8,2.8
06/12/2024 5:20,June,2.8,2.8
06/12/2024 5:25,June,2.8,2.8
06/12/2024 5:30,June,2.55,2.55
06/12/2024 5:35,June,2.55,2.55
06/12/2024 5:40,June,2.83,2.83
06/12/2024 5:45,June,2.8,2.8
06/12/2024 5:50,June,4.33,4.27
06/12/2024 5:55,June,0,0
06/12/2024 6:00,June,3.93,3.88
06/12/2024 6:05,June,-10.1,-9.97
06/12/2024 6:10,June,-1.01,-1
06/12/2024 6:15,June,0,0
06/12/2024 6:20,June,2.51,2.48
06/12/2024 6:25,June,2.86,2.83
06/12/2024 6:30,June,4.3,4.25
06/12/2024 6:35,June,2.82,2.79
06/12/2024 6:40,June,2.86,2.83
06/12/2024 6:45,June,2.85,2.82
06/12/2024 6:50,June,2.85,2.82
06/12/2024 6:55,June,2.93,2.9
06/12/2024 7:00,June,4.29,4.25
06/12/2024 7:05,June,-10.08,-9.98
06/12/2024 7:10,June,-1,-0.99
06/12/2024 7:15,June,0,0
06/12/2024 7:20,June,2.5,2.47
06/12/2024 7:25,June,2.84,2.81
06/12/2024 7:30,June,2.84,2.81
06/12/2024 7:35,June,4.79,4.75
06/12/2024 7:40,June,2.92,2.9
06/12/2024 7:45,June,4.62,4.58
06/12/2024 7:50,June,4.63,4.59
06/12/2024 7:55,June,2.84,2.82
06/12/2024 8:00,June,2.84,2.82
06/12/2024 8:05,June,0,0
06/12/2024 8:10,June,0,0
06/12/2024 8:15,June,3.46,3.43
06/12/2024 8:20,June,4.59,4.56
06/12/2024 8:25,June,4.4,4.37
06/12/2024 8:30,June,2.9,2.88
06/12/2024 8:35,June,4.58,4.56
06/12/2024 8:40,June,4.39,4.36
06/12/2024 8:45,June,3.43,3.41
06/12/2024 8:50,June,2.78,2.76
06/12/2024 8:55,June,2.77,2.76
06/12/2024 9:00,June,2.84,2.82
06/12/2024 9:05,June,0,0
06/12/2024 9:10,June,0,0
06/12/2024 9:15,June,2.48,2.46
06/12/2024 9:20,June,2.48,2.47
06/12/2024 9:25,June,2.9,2.88
06/12/2024 9:30,June,2.85,2.83
06/12/2024 9:35,June,3.11,3.08
06/12/2024 9:40,June,2.78,2.76
06/12/2024 9:45,June,2.85,2.83
06/12/2024 9:50,June,0,0
06/12/2024 9:55,June,2.79,2.76
06/12/2024 10:00,June,2.49,2.47
06/12/2024 10:05,June,0,0
06/12/2024 10:10,June,0,0
06/12/2024 10:15,June,2.78,2.76
06/12/2024 10:20,June,2.89,2.87
06/12/2024 10:25,June,2.84,2.82
06/12/2024 10:30,June,2.9,2.88
06/12/2024 10:35,June,3.11,3.08
06/12/2024 10:40,June,3.1,3.08
06/12/2024 10:45,June,3.1,3.08
06/12/2024 10:50,June,3.1,3.08
06/12/2024 10:55,June,3.1,3.08
06/12/2024 11:00,June,2.89,2.87
06/12/2024 11:05,June,3.44,3.42
06/12/2024 11:10,June,3.44,3.41
06/12/2024 11:15,June,3.41,3.39
06/12/2024 11:20,June,3.11,3.09
06/12/2024 11:25,June,3.11,3.09
06/12/2024 11:30,June,3.12,3.1
06/12/2024 11:35,June,3.44,3.41
06/12/2024 11:40,June,3.44,3.41
06/12/2024 11:45,June,3.41,3.38
06/12/2024 11:50,June,2.88,2.86
06/12/2024 11:55,June,2.86,2.84
06/12/2024 12:00,June,3.11,3.09
06/12/2024 12:05,June,0,0
06/12/2024 12:10,June,2.87,2.84
06/12/2024 12:15,June,2.88,2.86
06/12/2024 12:20,June,2.88,2.86
06/12/2024 12:25,June,3.48,3.45
06/12/2024 12:30,June,3.44,3.41
06/12/2024 12:35,June,3.48,3.45
06/12/2024 12:40,June,3.47,3.45
06/12/2024 12:45,June,3.47,3.45
06/12/2024 12:50,June,3.41,3.38
06/12/2024 12:55,June,3.39,3.37
06/12/2024 13:00,June,4.65,4.62
06/12/2024 13:05,June,4.66,4.64
06/12/2024 13:10,June,4.64,4.61
06/12/2024 13:15,June,2.78,2.76
06/12/2024 13:20,June,2.86,2.84
06/12/2024 13:25,June,2.89,2.88
06/12/2024 13:30,June,4.66,4.64
06/12/2024 13:35,June,4.6,4.58
06/12/2024 13:40,June,4.57,4.54
06/12/2024 13:45,June,4.03,3.98
06/12/2024 13:50,June,4.04,3.99
06/12/2024 13:55,June,0,0
06/12/2024 14:00,June,2.89,2.85
06/12/2024 14:05,June,4.62,4.56
06/12/2024 14:10,June,4.66,4.6
06/12/2024 14:15,June,2.88,2.85
06/12/2024 14:20,June,3.49,3.44
06/12/2024 14:25,June,4.71,4.65
06/12/2024 14:30,June,4.73,4.67
06/12/2024 14:35,June,23.45,23.2
06/12/2024 14:40,June,8.82,8.72
06/12/2024 14:45,June,4.81,4.76
06/12/2024 14:50,June,4.93,4.88
06/12/2024 14:55,June,4.72,4.67
06/12/2024 15:00,June,4.8,4.75
06/12/2024 15:05,June,4.96,4.91
06/12/2024 15:10,June,4.88,4.83
06/12/2024 15:15,June,4.89,4.84
06/12/2024 15:20,June,4.87,4.82
06/12/2024 15:25,June,4.97,4.91
06/12/2024 15:30,June,4.95,4.9
06/12/2024 15:35,June,4.96,4.91
06/12/2024 15:40,June,4.97,4.91
06/12/2024 15:45,June,4.96,4.9
06/12/2024 15:50,June,4.96,4.9
06/12/2024 15:55,June,4.96,4.9
06/12/2024 16:00,June,4.95,4.89
06/12/2024 16:05,June,3.51,3.47
06/12/2024 16:10,June,3.43,3.39
06/12/2024 16:15,June,3.51,3.47
06/12/2024 16:20,June,4.53,4.48
06/12/2024 16:25,June,4.54,4.48
06/12/2024 16:30,June,3.51,3.47
06/12/2024 16:35,June,4.65,4.59
06/12/2024 16:40,June,4.57,4.51
06/12/2024 16:45,June,3.3,3.27
06/12/2024 16:50,June,3.51,3.47
06/12/2024 16:55,June,3.11,3.07
06/12/2024 17:00,June,2.94,2.91
06/12/2024 17:05,June,2.88,2.85
06/12/2024 17:10,June,2.95,2.91
06/12/2024 17:15,June,2.95,2.91
06/12/2024 17:20,June,3.73,3.69
06/12/2024 17:25,June,3.37,3.33
06/12/2024 17:30,June,3.47,3.43
06/12/2024 17:35,June,3.32,3.27
06/12/2024 17:40,June,3.74,3.69
06/12/2024 17:45,June,3.52,3.48
06/12/2024 17:50,June,3.43,3.39
06/12/2024 17:55,June,3.74,3.69
06/12/2024 18:00,June,3.73,3.68
06/12/2024 18:05,June,3.52,3.48
06/12/2024 18:10,June,3.72,3.67
06/12/2024 18:15,June,4.75,4.69
06/12/2024 18:20,June,4.89,4.83
06/12/2024 18:25,June,4.98,4.91
06/12/2024 18:30,June,4.98,4.92
06/12/2024 18:35,June,4.99,4.93
06/12/2024 18:40,June,5.09,5.03
06/12/2024 18:45,June,5.08,5.02
06/12/2024 18:50,June,4.98,4.92
06/12/2024 18:55,June,4.91,4.84
06/12/2024 19:00,June,4.95,4.88
06/12/2024 19:05,June,4.95,4.89
06/12/2024 19:10,June,4.99,4.93
06/12/2024 19:15,June,4.99,4.92
06/12/2024 19:20,June,4.99,4.93
06/12/2024 19:25,June,4.97,4.9
06/12/2024 19:30,June,5.02,4.96
06/12/2024 19:35,June,5.05,4.99
06/12/2024 19:40,June,5.04,4.97
06/12/2024 19:45,June,5.03,4.96
06/12/2024 19:50,June,5.03,4.96
06/12/2024 19:55,June,4.96,4.89
06/12/2024 20:00,June,5.03,4.96
06/12/2024 20:05,June,27.52,27.13
06/12/2024 20:10,June,12.18,12.01
06/12/2024 20:15,June,5.07,4.99
06/12/2024 20:20,June,30.98,30.53
06/12/2024 20:25,June,29.27,28.85
06/12/2024 20:30,June,9.31,9.16
06/12/2024 20:35,June,9.32,9.17
06/12/2024 20:40,June,5.22,5.13
06/12/2024 20:45,June,5.22,5.14
06/12/2024 20:50,June,5.25,5.17
06/12/2024 20:55,June,5.22,5.14
06/12/2024 21:00,June,5.12,5.04
06/12/2024 21:05,June,29.27,28.76
06/12/2024 21:10,June,13.21,12.98
06/12/2024 21:15,June,13.2,12.97
06/12/2024 21:20,June,9.42,9.25
06/12/2024 21:25,June,9.35,9.18
06/12/2024 21:30,June,4.79,4.71
06/12/2024 21:35,June,9.32,9.17
06/12/2024 21:40,June,9.31,9.16
06/12/2024 21:45,June,5.06,4.98
06/12/2024 21:50,June,4.85,4.78
06/12/2024 21:55,June,4.86,4.79
06/12/2024 22:00,June,4.77,4.7
06/12/2024 22:05,June,5.23,5.15
06/12/2024 22:10,June,5.22,5.13
06/12/2024 22:15,June,5.21,5.13
06/12/2024 22:20,June,4.87,4.79
06/12/2024 22:25,June,5.19,5.12
06/12/2024 22:30,June,5.06,4.99
06/12/2024 22:35,June,5.16,5.09
06/12/2024 22:40,June,5.06,4.99
06/12/2024 22:45,June,4.79,4.72
06/12/2024 22:50,June,4.8,4.73
06/12/2024 22:55,June,4.82,4.74
06/12/2024 23:00,June,4.8,4.72
06/12/2024 23:05,June,5.17,5.1
06/12/2024 23:10,June,4.96,4.88
06/12/2024 23:15,June,4.84,4.77
06/12/2024 23:20,June,4.77,4.7
06/12/2024 23:25,June,4.78,4.7
06/12/2024 23:30,June,4.73,4.66
06/12/2024 23:35,June,4.73,4.66
06/12/2024 23:40,June,4.69,4.61
06/12/2024 23:45,June,4.51,4.44
06/12/2024 23:50,June,4.44,4.37
06/12/2024 23:55,June,4.43,4.36
06/13/2024 0:00,June,4.26,4.19
06/13/2024 0:05,June,5.19,5.11
06/13/2024 0:10,June,4.77,4.69
06/13/2024 0:15,June,4.43,4.36
06/13/2024 0:20,June,4.43,4.36
06/13/2024 0:25,June,4.58,4.51
06/13/2024 0:30,June,4.58,4.51
06/13/2024 0:35,June,4.43,4.36
06/13/2024 0:40,June,4.43,4.36
06/13/2024 0:45,June,4.43,4.36
06/13/2024 0:50,June,4.43,4.36
06/13/2024 0:55,June,4.26,4.19
06/13/2024 1:00,June,4.25,4.18
06/13/2024 1:05,June,4.26,4.19
06/13/2024 1:10,June,4.39,4.32
06/13/2024 1:15,June,4.39,4.33
06/13/2024 1:20,June,4.39,4.33
06/13/2024 1:25,June,4.4,4.33
06/13/2024 1:30,June,4.43,4.36
06/13/2024 1:35,June,4.27,4.2
06/13/2024 1:40,June,4.26,4.2
06/13/2024 1:45,June,4.26,4.2
06/13/2024 1:50,June,4.25,4.19
06/13/2024 1:55,June,3.51,3.46
06/13/2024 2:00,June,4.13,4.07
06/13/2024 2:05,June,4.18,4.12
06/13/2024 2:10,June,4.22,4.16
06/13/2024 2:15,June,4.22,4.17
06/13/2024 2:20,June,4.23,4.17
06/13/2024 2:25,June,4.22,4.17
06/13/2024 2:30,June,4.13,4.07
06/13/2024 2:35,June,4.18,4.12
06/13/2024 2:40,June,3.51,3.46
06/13/2024 2:45,June,3.51,3.46
06/13/2024 2:50,June,3.43,3.38
06/13/2024 2:55,June,3.51,3.46
06/13/2024 3:00,June,3.52,3.47
06/13/2024 3:05,June,4.04,3.98
06/13/2024 3:10,June,4.17,4.11
06/13/2024 3:15,June,4.12,4.06
06/13/2024 3:20,June,4.12,4.07
06/13/2024 3:25,June,4.12,4.06
06/13/2024 3:30,June,3.51,3.46
06/13/2024 3:35,June,4.05,4
06/13/2024 3:40,June,3.5,3.45
06/13/2024 3:45,June,3.5,3.45
06/13/2024 3:50,June,4.03,3.97
06/13/2024 3:55,June,3.5,3.45
06/13/2024 4:00,June,4.18,4.12
06/13/2024 4:05,June,4.02,3.97
06/13/2024 4:10,June,4.22,4.17
06/13/2024 4:15,June,4.12,4.06
06/13/2024 4:20,June,4.18,4.12
06/13/2024 4:25,June,4.12,4.06
06/13/2024 4:30,June,3.3,3.26
06/13/2024 4:35,June,4.22,4.16
06/13/2024 4:40,June,4.02,3.96
06/13/2024 4:45,June,3.43,3.38
06/13/2024 4:50,June,3.44,3.39
06/13/2024 4:55,June,4.01,3.95
06/13/2024 5:00,June,4.01,3.95
06/13/2024 5:05,June,0,0
06/13/2024 5:10,June,3.3,3.25
06/13/2024 5:15,June,3.31,3.26
06/13/2024 5:20,June,3.3,3.25
06/13/2024 5:25,June,4.22,4.17
06/13/2024 5:30,June,4.01,3.96
06/13/2024 5:35,June,3.43,3.38
06/13/2024 5:40,June,4.01,3.96
06/13/2024 5:45,June,3.31,3.26
06/13/2024 5:50,June,3.06,3.02
06/13/2024 5:55,June,4.01,3.96
06/13/2024 6:00,June,3.67,3.62
06/13/2024 6:05,June,0,0
06/13/2024 6:10,June,2.51,2.48
06/13/2024 6:15,June,3.29,3.25
06/13/2024 6:20,June,2.94,2.9
06/13/2024 6:25,June,3.15,3.11
06/13/2024 6:30,June,3.18,3.14
06/13/2024 6:35,June,3.41,3.37
06/13/2024 6:40,June,3.09,3.05
06/13/2024 6:45,June,3.28,3.24
06/13/2024 6:50,June,3.45,3.41
06/13/2024 6:55,June,3.45,3.41
06/13/2024 7:00,June,3.5,3.46
06/13/2024 7:05,June,-0.99,-0.98
06/13/2024 7:10,June,2.8,2.77
06/13/2024 7:15,June,2.86,2.83
06/13/2024 7:20,June,3.01,2.98
06/13/2024 7:25,June,2.93,2.9
06/13/2024 7:30,June,3.14,3.11
06/13/2024 7:35,June,3.27,3.24
06/13/2024 7:40,June,3.35,3.32
06/13/2024 7:45,June,3.27,3.24
06/13/2024 7:50,June,3.42,3.39
06/13/2024 7:55,June,3.62,3.59
06/13/2024 8:00,June,4.08,4.04
06/13/2024 8:05,June,2.78,2.75
06/13/2024 8:10,June,3.24,3.21
06/13/2024 8:15,June,3.43,3.4
06/13/2024 8:20,June,3.6,3.57
06/13/2024 8:25,June,5.01,4.96
06/13/2024 8:30,June,4.12,4.08
06/13/2024 8:35,June,4,3.97
06/13/2024 8:40,June,3.99,3.96
06/13/2024 8:45,June,3.62,3.59
06/13/2024 8:50,June,3.45,3.42
06/13/2024 8:55,June,4.1,4.07
06/13/2024 9:00,June,4.1,4.07
06/13/2024 9:05,June,0,0
06/13/2024 9:10,June,2.97,2.95
06/13/2024 9:15,June,2.95,2.93
06/13/2024 9:20,June,3.26,3.24
06/13/2024 9:25,June,3.66,3.63
06/13/2024 9:30,June,3.41,3.39
06/13/2024 9:35,June,3.41,3.39
06/13/2024 9:40,June,4.6,4.57
06/13/2024 9:45,June,4.1,4.07
06/13/2024 9:50,June,4.12,4.09
06/13/2024 9:55,June,4.12,4.09
06/13/2024 10:00,June,4.11,4.09
06/13/2024 10:05,June,2.86,2.84
06/13/2024 10:10,June,3.41,3.39
06/13/2024 10:15,June,3.64,3.62
06/13/2024 10:20,June,4.6,4.57
06/13/2024 10:25,June,4.12,4.09
06/13/2024 10:30,June,4.11,4.09
06/13/2024 10:35,June,4.12,4.09
06/13/2024 10:40,June,4.12,4.09
06/13/2024 10:45,June,4.11,4.08
06/13/2024 10:50,June,4.97,4.95
06/13/2024 10:55,June,4.28,4.26
06/13/2024 11:00,June,4.16,4.13
06/13/2024 11:05,June,3.96,3.94
06/13/2024 11:10,June,4.11,4.08
06/13/2024 11:15,June,3.91,3.88
06/13/2024 11:20,June,4.11,4.09
06/13/2024 11:25,June,4.12,4.09
06/13/2024 11:30,June,3.16,3.14
06/13/2024 11:35,June,4.12,4.09
06/13/2024 11:40,June,4.12,4.08
06/13/2024 11:45,June,4.1,4.07
06/13/2024 11:50,June,3.91,3.88
06/13/2024 11:55,June,3.91,3.88
06/13/2024 12:00,June,3.42,3.4
06/13/2024 12:05,June,3.27,3.24
06/13/2024 12:10,June,3.4,3.38
06/13/2024 12:15,June,3.8,3.77
06/13/2024 12:20,June,3.8,3.77
06/13/2024 12:25,June,3.2,3.18
06/13/2024 12:30,June,3.41,3.38
06/13/2024 12:35,June,3.66,3.64
06/13/2024 12:40,June,4.1,4.07
06/13/2024 12:45,June,4.59,4.56
06/13/2024 12:50,June,4.11,4.09
06/13/2024 12:55,June,4.09,4.07
06/13/2024 13:00,June,4.6,4.57
06/13/2024 13:05,June,5.18,5.16
06/13/2024 13:10,June,5.22,5.2
06/13/2024 13:15,June,5.03,5
06/13/2024 13:20,June,5.14,5.1
06/13/2024 13:25,June,5.03,5
06/13/2024 13:30,June,8.7,8.64
06/13/2024 13:35,June,13.08,12.99
06/13/2024 13:40,June,12.36,12.25
06/13/2024 13:45,June,12.1,12.01
06/13/2024 13:50,June,5.11,5.07
06/13/2024 13:55,June,12.4,12.25
06/13/2024 14:00,June,13.2,13.04
06/13/2024 14:05,June,8.8,8.7
06/13/2024 14:10,June,5.16,5.1
06/13/2024 14:15,June,5.16,5.1
06/13/2024 14:20,June,5.19,5.14
06/13/2024 14:25,June,5.32,5.25
06/13/2024 14:30,June,5.14,5.07
06/13/2024 14:35,June,8.83,8.72
06/13/2024 14:40,June,5.19,5.12
06/13/2024 14:45,June,13.25,13.08
06/13/2024 14:50,June,12.47,12.31
06/13/2024 14:55,June,12.45,12.3
06/13/2024 15:00,June,13.46,13.29
06/13/2024 15:05,June,13.28,13.12
06/13/2024 15:10,June,12.49,12.34
06/13/2024 15:15,June,12.48,12.33
06/13/2024 15:20,June,4.38,4.32
06/13/2024 15:25,June,4.6,4.55
06/13/2024 15:30,June,5.17,5.12
06/13/2024 15:35,June,5.12,5.08
06/13/2024 15:40,June,5.14,5.1
06/13/2024 15:45,June,4.6,4.56
06/13/2024 15:50,June,4.6,4.56
06/13/2024 15:55,June,5.11,5.06
06/13/2024 16:00,June,4.73,4.69
06/13/2024 16:05,June,5.16,5.13
06/13/2024 16:10,June,5.01,4.97
06/13/2024 16:15,June,5.13,5.09
06/13/2024 16:20,June,5.11,5.07
06/13/2024 16:25,June,5.1,5.06
06/13/2024 16:30,June,5.1,5.06
06/13/2024 16:35,June,5.12,5.07
06/13/2024 16:40,June,5.04,4.99
06/13/2024 16:45,June,5.04,4.99
06/13/2024 16:50,June,5.06,5.01
06/13/2024 16:55,June,5.01,4.96
06/13/2024 17:00,June,4.9,4.85
06/13/2024 17:05,June,4.49,4.44
06/13/2024 17:10,June,3.29,3.26
06/13/2024 17:15,June,4.23,4.18
06/13/2024 17:20,June,4.23,4.19
06/13/2024 17:25,June,4.23,4.19
06/13/2024 17:30,June,4.36,4.31
06/13/2024 17:35,June,4.36,4.31
06/13/2024 17:40,June,4.91,4.85
06/13/2024 17:45,June,4.91,4.86
06/13/2024 17:50,June,4.91,4.84
06/13/2024 17:55,June,4.62,4.56
06/13/2024 18:00,June,4.76,4.7
06/13/2024 18:05,June,4.4,4.35
06/13/2024 18:10,June,4.75,4.69
06/13/2024 18:15,June,4.62,4.56
06/13/2024 18:20,June,4.92,4.85
06/13/2024 18:25,June,4.9,4.83
06/13/2024 18:30,June,4.77,4.7
06/13/2024 18:35,June,4.92,4.85
06/13/2024 18:40,June,4.93,4.87
06/13/2024 18:45,June,4.78,4.72
06/13/2024 18:50,June,4.79,4.72
06/13/2024 18:55,June,4.86,4.79
06/13/2024 19:00,June,4.91,4.85
06/13/2024 19:05,June,4.93,4.86
06/13/2024 19:10,June,4.75,4.69
06/13/2024 19:15,June,4.77,4.7
06/13/2024 19:20,June,4.85,4.79
06/13/2024 19:25,June,4.86,4.79
06/13/2024 19:30,June,4.8,4.74
06/13/2024 19:35,June,4.79,4.72
06/13/2024 19:40,June,4.8,4.74
06/13/2024 19:45,June,4.86,4.8
06/13/2024 19:50,June,4.89,4.82
06/13/2024 19:55,June,4.93,4.86
06/13/2024 20:00,June,4.93,4.87
06/13/2024 20:05,June,30.97,30.56
06/13/2024 20:10,June,29.08,28.7
06/13/2024 20:15,June,23.63,23.32
06/13/2024 20:20,June,9.31,9.17
06/13/2024 20:25,June,9.31,9.18
06/13/2024 20:30,June,5.16,5.09
06/13/2024 20:35,June,5.16,5.09
06/13/2024 20:40,June,5.21,5.14
06/13/2024 20:45,June,5.2,5.13
06/13/2024 20:50,June,5.18,5.11
06/13/2024 20:55,June,23.75,23.4
06/13/2024 21:00,June,4.9,4.83
06/13/2024 21:05,June,29.26,28.8
06/13/2024 21:10,June,14.29,14.05
06/13/2024 21:15,June,5.09,5
06/13/2024 21:20,June,9.36,9.2
06/13/2024 21:25,June,5.21,5.13
06/13/2024 21:30,June,5.21,5.12
06/13/2024 21:35,June,5.21,5.12
06/13/2024 21:40,June,5.09,5
06/13/2024 21:45,June,5.2,5.12
06/13/2024 21:50,June,5.21,5.13
06/13/2024 21:55,June,5.23,5.15
06/13/2024 22:00,June,5.22,5.14
06/13/2024 22:05,June,29.21,28.79
06/13/2024 22:10,June,13.19,13
06/13/2024 22:15,June,5.23,5.16
06/13/2024 22:20,June,5.23,5.16
06/13/2024 22:25,June,5.21,5.14
06/13/2024 22:30,June,5.21,5.14
06/13/2024 22:35,June,5.21,5.13
06/13/2024 22:40,June,4.77,4.7
06/13/2024 22:45,June,4.78,4.71
06/13/2024 22:50,June,4.79,4.72
06/13/2024 22:55,June,4.7,4.63
06/13/2024 23:00,June,4.72,4.65
06/13/2024 23:05,June,29.05,28.65
06/13/2024 23:10,June,5.2,5.12
06/13/2024 23:15,June,4.82,4.76
06/13/2024 23:20,June,4.8,4.73
06/13/2024 23:25,June,4.76,4.7
06/13/2024 23:30,June,4.78,4.71
06/13/2024 23:35,June,4.75,4.68
06/13/2024 23:40,June,4.74,4.67
06/13/2024 23:45,June,4.72,4.65
06/13/2024 23:50,June,4.69,4.63
06/13/2024 23:55,June,4.68,4.61
06/14/2024 0:00,June,4.65,4.59
06/14/2024 0:05,June,29.13,28.71
06/14/2024 0:10,June,13.14,12.95
06/14/2024 0:15,June,5.17,5.09
06/14/2024 0:20,June,4.42,4.36
06/14/2024 0:25,June,4.42,4.35
06/14/2024 0:30,June,4.75,4.68
06/14/2024 0:35,June,4.59,4.52
06/14/2024 0:40,June,4.4,4.34
06/14/2024 0:45,June,4.23,4.17
06/14/2024 0:50,June,4.23,4.17
06/14/2024 0:55,June,3.61,3.56
06/14/2024 1:00,June,4.11,4.05
06/14/2024 1:05,June,4.19,4.13
06/14/2024 1:10,June,4.21,4.15
06/14/2024 1:15,June,4.22,4.16
06/14/2024 1:20,June,4.22,4.16
06/14/2024 1:25,June,4.23,4.17
06/14/2024 1:30,June,4.22,4.16
06/14/2024 1:35,June,4.23,4.17
06/14/2024 1:40,June,4.22,4.16
06/14/2024 1:45,June,4.21,4.15
06/14/2024 1:50,June,4.22,4.15
06/14/2024 1:55,June,4.11,4.05
06/14/2024 2:00,June,4.1,4.04
06/14/2024 2:05,June,4.21,4.14
06/14/2024 2:10,June,4.2,4.14
06/14/2024 2:15,June,4.2,4.14
06/14/2024 2:20,June,4.2,4.14
06/14/2024 2:25,June,3.89,3.83
06/14/2024 2:30,June,3.52,3.46
06/14/2024 2:35,June,3.69,3.63
06/14/2024 2:40,June,3.88,3.83
06/14/2024 2:45,June,3.89,3.83
06/14/2024 2:50,June,4.23,4.16
06/14/2024 2:55,June,4.13,4.07
06/14/2024 3:00,June,4.21,4.14
06/14/2024 3:05,June,3.91,3.85
06/14/2024 3:10,June,4.03,3.97
06/14/2024 3:15,June,4.04,3.97
06/14/2024 3:20,June,4.03,3.97
06/14/2024 3:25,June,3.29,3.24
06/14/2024 3:30,June,3.51,3.45
06/14/2024 3:35,June,3.51,3.45
06/14/2024 3:40,June,3.59,3.53
06/14/2024 3:45,June,4.11,4.05
06/14/2024 3:50,June,3.89,3.83
06/14/2024 3:55,June,3.91,3.85
06/14/2024 4:00,June,3.5,3.45
06/14/2024 4:05,June,3.88,3.83
06/14/2024 4:10,June,3.31,3.27
06/14/2024 4:15,June,3.68,3.63
06/14/2024 4:20,June,3.66,3.61
06/14/2024 4:25,June,4.2,4.15
06/14/2024 4:30,June,4.2,4.14
06/14/2024 4:35,June,4.12,4.06
06/14/2024 4:40,June,3.88,3.82
06/14/2024 4:45,June,3.88,3.83
06/14/2024 4:50,June,3.88,3.82
06/14/2024 4:55,June,3.6,3.55
06/14/2024 5:00,June,3.67,3.63
06/14/2024 5:05,June,2.88,2.84
06/14/2024 5:10,June,3.66,3.61
06/14/2024 5:15,June,3.81,3.76
06/14/2024 5:20,June,3.67,3.62
06/14/2024 5:25,June,3.67,3.62
06/14/2024 5:30,June,3.81,3.76
06/14/2024 5:35,June,3.72,3.68
06/14/2024 5:40,June,3.28,3.23
06/14/2024 5:45,June,3.28,3.23
06/14/2024 5:50,June,3.38,3.34
06/14/2024 5:55,June,3.69,3.65
06/14/2024 6:00,June,3.7,3.65
06/14/2024 6:05,June,0,0
06/14/2024 6:10,June,2.86,2.83
06/14/2024 6:15,June,2.94,2.91
06/14/2024 6:20,June,3.28,3.24
06/14/2024 6:25,June,3.23,3.2
06/14/2024 6:30,June,3.27,3.24
06/14/2024 6:35,June,3.27,3.24
06/14/2024 6:40,June,3.21,3.18
06/14/2024 6:45,June,3.61,3.58
06/14/2024 6:50,June,3.46,3.42
06/14/2024 6:55,June,3.44,3.41
06/14/2024 7:00,June,3.61,3.57
06/14/2024 7:05,June,0,0
06/14/2024 7:10,June,3.26,3.23
06/14/2024 7:15,June,3.36,3.33
06/14/2024 7:20,June,3.4,3.37
06/14/2024 7:25,June,3.25,3.22
06/14/2024 7:30,June,3.38,3.35
06/14/2024 7:35,June,3.4,3.37
06/14/2024 7:40,June,3.57,3.54
06/14/2024 7:45,June,3.47,3.44
06/14/2024 7:50,June,4.1,4.07
06/14/2024 7:55,June,4.1,4.07
06/14/2024 8:00,June,4.6,4.57
06/14/2024 8:05,June,0,0
06/14/2024 8:10,June,2.86,2.84
06/14/2024 8:15,June,3.27,3.24
06/14/2024 8:20,June,3.4,3.37
06/14/2024 8:25,June,3.59,3.57
06/14/2024 8:30,June,4.08,4.05
06/14/2024 8:35,June,3.62,3.6
06/14/2024 8:40,June,4.99,4.96
06/14/2024 8:45,June,3.81,3.78
06/14/2024 8:50,June,3.81,3.78
06/14/2024 8:55,June,4.98,4.95
06/14/2024 9:00,June,4.98,4.95
06/14/2024 9:05,June,2.78,2.77
06/14/2024 9:10,June,3.66,3.64
06/14/2024 9:15,June,3.6,3.58
06/14/2024 9:20,June,3.61,3.58
06/14/2024 9:25,June,4.55,4.52
06/14/2024 9:30,June,4.64,4.61
06/14/2024 9:35,June,4.55,4.52
06/14/2024 9:40,June,4.96,4.94
06/14/2024 9:45,June,4.55,4.53
06/14/2024 9:50,June,4.55,4.53
06/14/2024 9:55,June,4.55,4.53
06/14/2024 10:00,June,4.55,4.53
06/14/2024 10:05,June,0,0
06/14/2024 10:10,June,3.8,3.78
06/14/2024 10:15,June,4.1,4.08
06/14/2024 10:20,June,22.56,22.46
06/14/2024 10:25,June,16.08,16.01
06/14/2024 10:30,June,4.65,4.63
06/14/2024 10:35,June,4.55,4.53
06/14/2024 10:40,June,4.55,4.53
06/14/2024 10:45,June,4.96,4.94
06/14/2024 10:50,June,4.55,4.54
06/14/2024 10:55,June,4.64,4.62
06/14/2024 11:00,June,4.56,4.55
06/14/2024 11:05,June,4.57,4.55
06/14/2024 11:10,June,4.55,4.54
06/14/2024 11:15,June,4.63,4.61
06/14/2024 11:20,June,4.55,4.54
06/14/2024 11:25,June,4.52,4.5
06/14/2024 11:30,June,4.54,4.53
06/14/2024 11:35,June,4.43,4.42
06/14/2024 11:40,June,4.52,4.51
06/14/2024 11:45,June,4.31,4.29
06/14/2024 11:50,June,4.54,4.53
06/14/2024 11:55,June,4.53,4.52
06/14/2024 12:00,June,4.53,4.52
06/14/2024 12:05,June,4.14,4.14
06/14/2024 12:10,June,3.6,3.59
06/14/2024 12:15,June,3.26,3.26
06/14/2024 12:20,June,3.61,3.6
06/14/2024 12:25,June,3.6,3.6
06/14/2024 12:30,June,4.14,4.14
06/14/2024 12:35,June,4.56,4.55
06/14/2024 12:40,June,4.57,4.56
06/14/2024 12:45,June,4.32,4.32
06/14/2024 12:50,June,4.15,4.15
06/14/2024 12:55,June,4.1,4.09
06/14/2024 13:00,June,4.99,4.98
06/14/2024 13:05,June,5,4.98
06/14/2024 13:10,June,11.56,11.52
06/14/2024 13:15,June,13.02,12.98
06/14/2024 13:20,June,5.05,5.04
06/14/2024 13:25,June,4.57,4.55
06/14/2024 13:30,June,5.02,5.01
06/14/2024 13:35,June,4.57,4.55
06/14/2024 13:40,June,5.02,5
06/14/2024 13:45,June,5.03,5.01
06/14/2024 13:50,June,4.57,4.55
06/14/2024 13:55,June,4.33,4.3
06/14/2024 14:00,June,4.56,4.54
06/14/2024 14:05,June,4.6,4.57
06/14/2024 14:10,June,4.59,4.56
06/14/2024 14:15,June,4.71,4.68
06/14/2024 14:20,June,3.43,3.41
06/14/2024 14:25,June,4.62,4.59
06/14/2024 14:30,June,4.59,4.56
06/14/2024 14:35,June,4.67,4.64
06/14/2024 14:40,June,4.33,4.31
06/14/2024 14:45,June,4.66,4.64
06/14/2024 14:50,June,4.61,4.59
06/14/2024 14:55,June,4.66,4.64
06/14/2024 15:00,June,4.33,4.31
06/14/2024 15:05,June,5.06,5.03
06/14/2024 15:10,June,5.06,5.04
06/14/2024 15:15,June,5.07,5.05
06/14/2024 15:20,June,5.07,5.04
06/14/2024 15:25,June,5.08,5.05
06/14/2024 15:30,June,5.07,5.04
06/14/2024 15:35,June,4.71,4.68
06/14/2024 15:40,June,5.07,5.04
06/14/2024 15:45,June,4.69,4.65
06/14/2024 15:50,June,4.71,4.68
06/14/2024 15:55,June,4.68,4.65
06/14/2024 16:00,June,4.62,4.58
06/14/2024 16:05,June,4.68,4.63
06/14/2024 16:10,June,4.65,4.6
06/14/2024 16:15,June,4.59,4.55
06/14/2024 16:20,June,4.68,4.64
06/14/2024 16:25,June,3.47,3.44
06/14/2024 16:30,June,4.36,4.32
06/14/2024 16:35,June,4.21,4.17
06/14/2024 16:40,June,4.21,4.18
06/14/2024 16:45,June,4.21,4.17
06/14/2024 16:50,June,4.22,4.18
06/14/2024 16:55,June,4.17,4.13
06/14/2024 17:00,June,4.17,4.14
06/14/2024 17:05,June,4.19,4.16
06/14/2024 17:10,June,3.47,3.44
06/14/2024 17:15,June,3.47,3.44
06/14/2024 17:20,June,3.48,3.44
06/14/2024 17:25,June,3.83,3.8
06/14/2024 17:30,June,3.48,3.44
06/14/2024 17:35,June,3.51,3.48
06/14/2024 17:40,June,3.83,3.79
06/14/2024 17:45,June,4.22,4.18
06/14/2024 17:50,June,4.17,4.13
06/14/2024 17:55,June,4.22,4.18
06/14/2024 18:00,June,4.2,4.16
06/14/2024 18:05,June,3.13,3.09
06/14/2024 18:10,June,3.97,3.93
06/14/2024 18:15,June,4.21,4.16
06/14/2024 18:20,June,4.22,4.18
06/14/2024 18:25,June,4.23,4.19
06/14/2024 18:30,June,4.23,4.18
06/14/2024 18:35,June,4.23,4.18
06/14/2024 18:40,June,4.61,4.56
06/14/2024 18:45,June,4.24,4.19
06/14/2024 18:50,June,4.23,4.18
06/14/2024 18:55,June,4.23,4.19
06/14/2024 19:00,June,4.24,4.19
06/14/2024 19:05,June,4.6,4.55
06/14/2024 19:10,June,4.39,4.34
06/14/2024 19:15,June,4.38,4.33
06/14/2024 19:20,June,4.38,4.32
06/14/2024 19:25,June,4.38,4.33
06/14/2024 19:30,June,4.38,4.33
06/14/2024 19:35,June,4.38,4.32
06/14/2024 19:40,June,4.4,4.34
06/14/2024 19:45,June,4.4,4.34
06/14/2024 19:50,June,4.39,4.34
06/14/2024 19:55,June,4.39,4.34
06/14/2024 20:00,June,4.4,4.34
06/14/2024 20:05,June,4.65,4.6
06/14/2024 20:10,June,4.62,4.57
06/14/2024 20:15,June,4.67,4.61
06/14/2024 20:20,June,4.67,4.62
06/14/2024 20:25,June,4.68,4.62
06/14/2024 20:30,June,4.69,4.63
06/14/2024 20:35,June,4.7,4.64
06/14/2024 20:40,June,4.73,4.67
06/14/2024 20:45,June,4.7,4.65
06/14/2024 20:50,June,4.7,4.64
06/14/2024 20:55,June,4.68,4.62
06/14/2024 21:00,June,4.65,4.59
06/14/2024 21:05,June,29.2,28.85
06/14/2024 21:10,June,12.05,11.91
06/14/2024 21:15,June,5.17,5.1
06/14/2024 21:20,June,5.11,5.05
06/14/2024 21:25,June,5.15,5.09
06/14/2024 21:30,June,5.11,5.04
06/14/2024 21:35,June,5.1,5.04
06/14/2024 21:40,June,4.49,4.43
06/14/2024 21:45,June,4.52,4.47
06/14/2024 21:50,June,4.53,4.47
06/14/2024 21:55,June,4.49,4.43
06/14/2024 22:00,June,4.49,4.44
06/14/2024 22:05,June,4.75,4.69
06/14/2024 22:10,June,4.54,4.49
06/14/2024 22:15,June,4.54,4.48
06/14/2024 22:20,June,4.51,4.45
06/14/2024 22:25,June,4.51,4.46
06/14/2024 22:30,June,4.56,4.5
06/14/2024 22:35,June,4.55,4.49
06/14/2024 22:40,June,4.53,4.48
06/14/2024 22:45,June,4.51,4.45
06/14/2024 22:50,June,4.46,4.41
06/14/2024 22:55,June,4.42,4.36
06/14/2024 23:00,June,4.39,4.33
06/14/2024 23:05,June,4.48,4.43
06/14/2024 23:10,June,4.55,4.49
06/14/2024 23:15,June,4.48,4.43
06/14/2024 23:20,June,4.4,4.34
06/14/2024 23:25,June,4.39,4.34
06/14/2024 23:30,June,4.24,4.18
06/14/2024 23:35,June,4.24,4.19
06/14/2024 23:40,June,4.23,4.18
06/14/2024 23:45,June,4.23,4.18
06/14/2024 23:50,June,4.22,4.17
06/14/2024 23:55,June,4.2,4.15
06/15/2024 0:00,June,4.19,4.14
06/15/2024 0:05,June,5.15,5.09
06/15/2024 0:10,June,4.38,4.32
06/15/2024 0:15,June,4.22,4.17
06/15/2024 0:20,June,4.22,4.17
06/15/2024 0:25,June,4.22,4.16
06/15/2024 0:30,June,4.22,4.17
06/15/2024 0:35,June,4.22,4.17
06/15/2024 0:40,June,4.37,4.31
06/15/2024 0:45,June,4.39,4.33
06/15/2024 0:50,June,4.22,4.16
06/15/2024 0:55,June,4.22,4.17
06/15/2024 1:00,June,4.22,4.16
06/15/2024 1:05,June,4.4,4.34
06/15/2024 1:10,June,4.4,4.34
06/15/2024 1:15,June,4.37,4.31
06/15/2024 1:20,June,4.4,4.34
06/15/2024 1:25,June,4.38,4.31
06/15/2024 1:30,June,4.23,4.17
06/15/2024 1:35,June,4.37,4.31
06/15/2024 1:40,June,4.23,4.17
06/15/2024 1:45,June,4.23,4.17
06/15/2024 1:50,June,4.23,4.17
06/15/2024 1:55,June,4.22,4.16
06/15/2024 2:00,June,4.13,4.07
06/15/2024 2:05,June,4.69,4.62
06/15/2024 2:10,June,4.6,4.54
06/15/2024 2:15,June,4.54,4.48
06/15/2024 2:20,June,4.54,4.48
06/15/2024 2:25,June,4.36,4.3
06/15/2024 2:30,June,4.13,4.07
06/15/2024 2:35,June,4.13,4.07
06/15/2024 2:40,June,4.13,4.07
06/15/2024 2:45,June,4.12,4.06
06/15/2024 2:50,June,4.12,4.06
06/15/2024 2:55,June,4.08,4.03
06/15/2024 3:00,June,4.07,4.01
06/15/2024 3:05,June,0,0
06/15/2024 3:10,June,3.27,3.23
06/15/2024 3:15,June,3.34,3.29
06/15/2024 3:20,June,3.29,3.25
06/15/2024 3:25,June,3.52,3.47
06/15/2024 3:30,June,3.58,3.53
06/15/2024 3:35,June,3.58,3.53
06/15/2024 3:40,June,3.58,3.54
06/15/2024 3:45,June,3.61,3.57
06/15/2024 3:50,June,3.61,3.57
06/15/2024 3:55,June,3.47,3.43
06/15/2024 4:00,June,3.58,3.53
06/15/2024 4:05,June,0,0
06/15/2024 4:10,June,3.26,3.22
06/15/2024 4:15,June,3.59,3.54
06/15/2024 4:20,June,3.59,3.55
06/15/2024 4:25,June,3.48,3.44
06/15/2024 4:30,June,3.49,3.45
06/15/2024 4:35,June,3.52,3.48
06/15/2024 4:40,June,3.58,3.54
06/15/2024 4:45,June,3.54,3.5
06/15/2024 4:50,June,3.53,3.49
06/15/2024 4:55,June,3.54,3.49
06/15/2024 5:00,June,3.53,3.49
06/15/2024 5:05,June,0,0
06/15/2024 5:10,June,2.95,2.92
06/15/2024 5:15,June,3.24,3.2
06/15/2024 5:20,June,2.83,2.79
06/15/2024 5:25,June,2.95,2.91
06/15/2024 5:30,June,2.95,2.91
06/15/2024 5:35,June,2.94,2.91
06/15/2024 5:40,June,2.94,2.91
06/15/2024 5:45,June,2.82,2.79
06/15/2024 5:50,June,2.19,2.17
06/15/2024 5:55,June,2.78,2.75
06/15/2024 6:00,June,2.82,2.78
06/15/2024 6:05,June,0,0
06/15/2024 6:10,June,0,0
06/15/2024 6:15,June,2.5,2.48
06/15/2024 6:20,June,2.15,2.13
06/15/2024 6:25,June,2.73,2.7
06/15/2024 6:30,June,2.73,2.7
06/15/2024 6:35,June,2.5,2.47
06/15/2024 6:40,June,2.45,2.43
06/15/2024 6:45,June,2.83,2.8
06/15/2024 6:50,June,2.73,2.7
06/15/2024 6:55,June,2.74,2.72
06/15/2024 7:00,June,2.81,2.78
06/15/2024 7:05,June,0,0
06/15/2024 7:10,June,2.72,2.7
06/15/2024 7:15,June,2.92,2.9
06/15/2024 7:20,June,2.92,2.9
06/15/2024 7:25,June,2.79,2.77
06/15/2024 7:30,June,2.79,2.77
06/15/2024 7:35,June,2.79,2.77
06/15/2024 7:40,June,2.91,2.89
06/15/2024 7:45,June,2.91,2.89
06/15/2024 7:50,June,2.79,2.77
06/15/2024 7:55,June,3.01,2.99
06/15/2024 8:00,June,3.06,3.04
06/15/2024 8:05,June,0,0
06/15/2024 8:10,June,2.79,2.77
06/15/2024 8:15,June,2.79,2.77
06/15/2024 8:20,June,2.79,2.77
06/15/2024 8:25,June,2.78,2.76
06/15/2024 8:30,June,2.9,2.88
06/15/2024 8:35,June,2.9,2.88
06/15/2024 8:40,June,2.84,2.82
06/15/2024 8:45,June,2.9,2.88
06/15/2024 8:50,June,2.89,2.87
06/15/2024 8:55,June,2.81,2.79
06/15/2024 9:00,June,2.81,2.79
06/15/2024 9:05,June,0,0
06/15/2024 9:10,June,0,0
06/15/2024 9:15,June,0,0
06/15/2024 9:20,June,2.76,2.74
06/15/2024 9:25,June,3.21,3.19
06/15/2024 9:30,June,3.01,2.99
06/15/2024 9:35,June,3.21,3.19
06/15/2024 9:40,June,3.09,3.07
06/15/2024 9:45,June,3.2,3.19
06/15/2024 9:50,June,3.22,3.2
06/15/2024 9:55,June,3.38,3.36
06/15/2024 10:00,June,3.37,3.35
06/15/2024 10:05,June,2.87,2.86
06/15/2024 10:10,June,3.32,3.3
06/15/2024 10:15,June,3.33,3.31
06/15/2024 10:20,June,3.38,3.36
06/15/2024 10:25,June,3.38,3.36
06/15/2024 10:30,June,3.38,3.37
06/15/2024 10:35,June,3.38,3.36
06/15/2024 10:40,June,3.58,3.57
06/15/2024 10:45,June,3.58,3.56
06/15/2024 10:50,June,3.58,3.56
06/15/2024 10:55,June,3.39,3.37
06/15/2024 11:00,June,3.39,3.37
06/15/2024 11:05,June,3.39,3.37
06/15/2024 11:10,June,3.32,3.3
06/15/2024 11:15,June,3.39,3.37
06/15/2024 11:20,June,3.39,3.37
06/15/2024 11:25,June,3.38,3.36
06/15/2024 11:30,June,3.39,3.37
06/15/2024 11:35,June,3.58,3.56
06/15/2024 11:40,June,3.39,3.37
06/15/2024 11:45,June,3.39,3.37
06/15/2024 11:50,June,3.39,3.38
06/15/2024 11:55,June,3.33,3.31
06/15/2024 12:00,June,3.39,3.37
06/15/2024 12:05,June,3.21,3.19
06/15/2024 12:10,June,2.81,2.79
06/15/2024 12:15,June,2.96,2.94
06/15/2024 12:20,June,0,0
06/15/2024 12:25,June,2.76,2.75
06/15/2024 12:30,June,2.77,2.75
06/15/2024 12:35,June,2.89,2.87
06/15/2024 12:40,June,3.11,3.08
06/15/2024 12:45,June,3.11,3.08
06/15/2024 12:50,June,3.55,3.52
06/15/2024 12:55,June,3.52,3.48
06/15/2024 13:00,June,3.31,3.28
06/15/2024 13:05,June,3.42,3.39
06/15/2024 13:10,June,3.64,3.61
06/15/2024 13:15,June,3.62,3.59
06/15/2024 13:20,June,3.67,3.65
06/15/2024 13:25,June,13.27,13.18
06/15/2024 13:30,June,11.61,11.54
06/15/2024 13:35,June,8.69,8.64
06/15/2024 13:40,June,5.03,4.99
06/15/2024 13:45,June,4.6,4.57
06/15/2024 13:50,June,4.24,4.21
06/15/2024 13:55,June,3.66,3.63
06/15/2024 14:00,June,3.87,3.84
06/15/2024 14:05,June,3.72,3.7
06/15/2024 14:10,June,3.75,3.72
06/15/2024 14:15,June,3.82,3.79
06/15/2024 14:20,June,4.59,4.56
06/15/2024 14:25,June,4.24,4.22
06/15/2024 14:30,June,8.72,8.67
06/15/2024 14:35,June,8.72,8.67
06/15/2024 14:40,June,4.6,4.57
06/15/2024 14:45,June,4.6,4.57
06/15/2024 14:50,June,4.39,4.36
06/15/2024 14:55,June,4.28,4.24
06/15/2024 15:00,June,4.24,4.2
06/15/2024 15:05,June,4.61,4.57
06/15/2024 15:10,June,4.36,4.31
06/15/2024 15:15,June,4.37,4.32
06/15/2024 15:20,June,4.43,4.38
06/15/2024 15:25,June,4.36,4.32
06/15/2024 15:30,June,4.37,4.32
06/15/2024 15:35,June,4.37,4.32
06/15/2024 15:40,June,4.44,4.39
06/15/2024 15:45,June,5.05,4.99
06/15/2024 15:50,June,5.05,4.99
06/15/2024 15:55,June,4.64,4.59
06/15/2024 16:00,June,4.55,4.5
06/15/2024 16:05,June,4.55,4.5
06/15/2024 16:10,June,4.51,4.46
06/15/2024 16:15,June,4.47,4.42
06/15/2024 16:20,June,5,4.95
06/15/2024 16:25,June,4.66,4.6
06/15/2024 16:30,June,4.55,4.49
06/15/2024 16:35,June,4.32,4.27
06/15/2024 16:40,June,4.15,4.1
06/15/2024 16:45,June,4.94,4.88
06/15/2024 16:50,June,4.8,4.74
06/15/2024 16:55,June,4.67,4.61
06/15/2024 17:00,June,4.33,4.28
06/15/2024 17:05,June,4.34,4.28
06/15/2024 17:10,June,4.68,4.62
06/15/2024 17:15,June,4.07,4.02
06/15/2024 17:20,June,4.74,4.68
06/15/2024 17:25,June,4.75,4.69
06/15/2024 17:30,June,4.69,4.63
06/15/2024 17:35,June,4.62,4.56
06/15/2024 17:40,June,4.76,4.7
06/15/2024 17:45,June,4.74,4.68
06/15/2024 17:50,June,4.77,4.71
06/15/2024 17:55,June,4.8,4.74
06/15/2024 18:00,June,4.78,4.72
06/15/2024 18:05,June,4.77,4.7
06/15/2024 18:10,June,4.74,4.68
06/15/2024 18:15,June,4.72,4.65
06/15/2024 18:20,June,4.77,4.71
06/15/2024 18:25,June,4.83,4.76
06/15/2024 18:30,June,4.88,4.82
06/15/2024 18:35,June,5,4.94
06/15/2024 18:40,June,5.04,4.97
06/15/2024 18:45,June,5.1,5.03
06/15/2024 18:50,June,5.06,5
06/15/2024 18:55,June,5.08,5.02
06/15/2024 19:00,June,5.07,5.01
06/15/2024 19:05,June,5.01,4.95
06/15/2024 19:10,June,4.93,4.87
06/15/2024 19:15,June,4.88,4.82
06/15/2024 19:20,June,4.9,4.84
06/15/2024 19:25,June,4.88,4.82
06/15/2024 19:30,June,4.81,4.74
06/15/2024 19:35,June,4.75,4.68
06/15/2024 19:40,June,4.76,4.69
06/15/2024 19:45,June,4.82,4.76
06/15/2024 19:50,June,4.78,4.71
06/15/2024 19:55,June,4.92,4.85
06/15/2024 20:00,June,4.89,4.82
06/15/2024 20:05,June,5.07,5
06/15/2024 20:10,June,5.02,4.96
06/15/2024 20:15,June,5.13,5.06
06/15/2024 20:20,June,5.18,5.12
06/15/2024 20:25,June,5.15,5.09
06/15/2024 20:30,June,5.07,5
06/15/2024 20:35,June,5.13,5.06
06/15/2024 20:40,June,5.11,5.04
06/15/2024 20:45,June,5.13,5.06
06/15/2024 20:50,June,5.15,5.08
06/15/2024 20:55,June,5.12,5.05
06/15/2024 21:00,June,5.11,5.04
06/15/2024 21:05,June,29.34,28.93
06/15/2024 21:10,June,16.02,15.8
06/15/2024 21:15,June,12.09,11.93
06/15/2024 21:20,June,5.49,5.42
06/15/2024 21:25,June,5.2,5.13
06/15/2024 21:30,June,5.19,5.12
06/15/2024 21:35,June,5.19,5.12
06/15/2024 21:40,June,5.21,5.14
06/15/2024 21:45,June,5.2,5.12
06/15/2024 21:50,June,4.97,4.9
06/15/2024 21:55,June,4.98,4.91
06/15/2024 22:00,June,4.95,4.88
06/15/2024 22:05,June,29.14,28.75
06/15/2024 22:10,June,13.24,13.07
06/15/2024 22:15,June,5.19,5.12
06/15/2024 22:20,June,5.42,5.42
06/15/2024 22:25,June,5.41,5.41
06/15/2024 22:30,June,5.42,5.42
06/15/2024 22:35,June,5.42,5.42
06/15/2024 22:40,June,13.93,13.93
06/15/2024 22:45,June,15.32,15.32
06/15/2024 22:50,June,15.32,15.32
06/15/2024 22:55,June,12.71,12.71
06/15/2024 23:00,June,15.32,15.32
06/15/2024 23:05,June,30.47,30.47
06/15/2024 23:10,June,29.61,29.61
06/15/2024 23:15,June,16.33,16.33
06/15/2024 23:20,June,16.33,16.33
06/15/2024 23:25,June,16.08,16.08
06/15/2024 23:30,June,16.08,16.08
06/15/2024 23:35,June,15.31,15.31
06/15/2024 23:40,June,12.25,12.25
06/15/2024 23:45,June,13.47,13.31
06/15/2024 23:50,June,15.4,15.2
06/15/2024 23:55,June,13.44,13.27
06/16/2024 0:00,June,11.61,11.46
06/16/2024 0:05,June,29.15,28.77
06/16/2024 0:10,June,13.36,13.19
06/16/2024 0:15,June,11.58,11.43
06/16/2024 0:20,June,12.08,11.92
06/16/2024 0:25,June,6.48,6.39
06/16/2024 0:30,June,11.33,11.19
06/16/2024 0:35,June,6.47,6.38
06/16/2024 0:40,June,4.78,4.71
06/16/2024 0:45,June,5.27,5.19
06/16/2024 0:50,June,6.47,6.38
06/16/2024 0:55,June,5.23,5.17
06/16/2024 1:00,June,5.24,5.17
06/16/2024 1:05,June,5.24,5.17
06/16/2024 1:10,June,5.24,5.17
06/16/2024 1:15,June,15.25,15.06
06/16/2024 1:20,June,13.17,13.02
06/16/2024 1:25,June,11.55,11.42
06/16/2024 1:30,June,6.46,6.39
06/16/2024 1:35,June,5.25,5.19
06/16/2024 1:40,June,5.27,5.21
06/16/2024 1:45,June,5.24,5.18
06/16/2024 1:50,June,5.28,5.22
06/16/2024 1:55,June,5.25,5.19
06/16/2024 2:00,June,4.79,4.74
06/16/2024 2:05,June,4.79,4.74
06/16/2024 2:10,June,5.22,5.16
06/16/2024 2:15,June,5.16,5.1
06/16/2024 2:20,June,5.2,5.14
06/16/2024 2:25,June,5.19,5.13
06/16/2024 2:30,June,5.16,5.1
06/16/2024 2:35,June,5.16,5.1
06/16/2024 2:40,June,4.78,4.72
06/16/2024 2:45,June,4.44,4.39
06/16/2024 2:50,June,4.77,4.72
06/16/2024 2:55,June,4.43,4.38
06/16/2024 3:00,June,4.42,4.37
06/16/2024 3:05,June,4.78,4.72
06/16/2024 3:10,June,4.77,4.72
06/16/2024 3:15,June,4.38,4.33
06/16/2024 3:20,June,4.5,4.46
06/16/2024 3:25,June,4.62,4.56
06/16/2024 3:30,June,3.66,3.64
06/16/2024 3:35,June,4.35,4.3
06/16/2024 3:40,June,4.25,4.2
06/16/2024 3:45,June,4.25,4.2
06/16/2024 3:50,June,4.34,4.29
06/16/2024 3:55,June,4.34,4.29
06/16/2024 4:00,June,4.25,4.2
06/16/2024 4:05,June,4.25,4.19
06/16/2024 4:10,June,4.33,4.28
06/16/2024 4:15,June,4.32,4.27
06/16/2024 4:20,June,4.32,4.27
06/16/2024 4:25,June,4.4,4.34
06/16/2024 4:30,June,4.23,4.18
06/16/2024 4:35,June,4.22,4.17
06/16/2024 4:40,June,4.23,4.18
06/16/2024 4:45,June,4.22,4.17
06/16/2024 4:50,June,4.22,4.17
06/16/2024 4:55,June,4.22,4.17
06/16/2024 5:00,June,4.23,4.17
06/16/2024 5:05,June,4.23,4.17
06/16/2024 5:10,June,4.23,4.18
06/16/2024 5:15,June,4.23,4.17
06/16/2024 5:20,June,4.22,4.16
06/16/2024 5:25,June,4.21,4.16
06/16/2024 5:30,June,4.2,4.15
06/16/2024 5:35,June,2.25,2.23
06/16/2024 5:40,June,2.84,2.8
06/16/2024 5:45,June,3.25,3.21
06/16/2024 5:50,June,3.03,3
06/16/2024 5:55,June,3.1,3.06
06/16/2024 6:00,June,3.65,3.61
06/16/2024 6:05,June,0,0
06/16/2024 6:10,June,2.92,2.89
06/16/2024 6:15,June,3.22,3.19
06/16/2024 6:20,June,3.27,3.24
06/16/2024 6:25,June,2.92,2.89
06/16/2024 6:30,June,3.18,3.15
06/16/2024 6:35,June,0,0
06/16/2024 6:40,June,2.92,2.89
06/16/2024 6:45,June,2.92,2.89
06/16/2024 6:50,June,2.82,2.79
06/16/2024 6:55,June,2.81,2.78
06/16/2024 7:00,June,2.92,2.89
06/16/2024 7:05,June,0,0
06/16/2024 7:10,June,0,0
06/16/2024 7:15,June,3.02,2.99
06/16/2024 7:20,June,2.18,2.17
06/16/2024 7:25,June,2.49,2.47
06/16/2024 7:30,June,2.49,2.47
06/16/2024 7:35,June,3.6,3.57
06/16/2024 7:40,June,0,0
06/16/2024 7:45,June,2.79,2.77
06/16/2024 7:50,June,2.79,2.77
06/16/2024 7:55,June,3.11,3.09
06/16/2024 8:00,June,3.16,3.14
06/16/2024 8:05,June,2.48,2.47
06/16/2024 8:10,June,3.06,3.06
06/16/2024 8:15,June,2.5,2.51
06/16/2024 8:20,June,3.11,3.11
06/16/2024 8:25,June,3.66,3.66
06/16/2024 8:30,June,0,0
06/16/2024 8:35,June,2.76,2.76
06/16/2024 8:40,June,2.76,2.76
06/16/2024 8:45,June,3.09,3.09
06/16/2024 8:50,June,3.11,3.11
06/16/2024 8:55,June,3.11,3.11
06/16/2024 9:00,June,3.2,3.2
06/16/2024 9:05,June,0,0
06/16/2024 9:10,June,2.47,2.47
06/16/2024 9:15,June,3.11,3.11
06/16/2024 9:20,June,3.4,3.4
06/16/2024 9:25,June,3.72,3.72
06/16/2024 9:30,June,3.37,3.37
06/16/2024 9:35,June,3.57,3.57
06/16/2024 9:40,June,3.52,3.52
06/16/2024 9:45,June,3.2,3.2
06/16/2024 9:50,June,4.32,4.32
06/16/2024 9:55,June,4.48,4.48
06/16/2024 10:00,June,3.67,3.67
06/16/2024 10:05,June,3.2,3.2
06/16/2024 10:10,June,3.67,3.67
06/16/2024 10:15,June,3.37,3.37
06/16/2024 10:20,June,3.11,3.11
06/16/2024 10:25,June,3.2,3.2
06/16/2024 10:30,June,3.36,3.36
06/16/2024 10:35,June,3.37,3.37
06/16/2024 10:40,June,3.57,3.57
06/16/2024 10:45,June,3.4,3.4
06/16/2024 10:50,June,3.98,3.98
06/16/2024 10:55,June,3.67,3.67
06/16/2024 11:00,June,3.37,3.37
06/16/2024 11:05,June,3.2,3.2
06/16/2024 11:10,June,3.2,3.2
06/16/2024 11:15,June,3.37,3.37
06/16/2024 11:20,June,2.76,2.76
06/16/2024 11:25,June,4.29,4.29
06/16/2024 11:30,June,3.57,3.57
06/16/2024 11:35,June,4.29,4.29
06/16/2024 11:40,June,2.42,2.42
06/16/2024 11:45,June,3.23,3.24
06/16/2024 11:50,June,3.01,3.07
06/16/2024 11:55,June,3.57,3.57
06/16/2024 12:00,June,2.18,2.18
06/16/2024 12:05,June,2.47,2.47
06/16/2024 12:10,June,3.2,3.2
06/16/2024 12:15,June,2.68,2.71
06/16/2024 12:20,June,2.77,2.79
06/16/2024 12:25,June,2.67,2.67
06/16/2024 12:30,June,2.17,2.17
06/16/2024 12:35,June,2.17,2.17
06/16/2024 12:40,June,3.91,3.91
06/16/2024 12:45,June,3.2,3.2
06/16/2024 12:50,June,2.77,2.79
06/16/2024 12:55,June,3.11,3.11
06/16/2024 13:00,June,3.37,3.37
06/16/2024 13:05,June,4.3,4.3
06/16/2024 13:10,June,4.3,4.3
06/16/2024 13:15,June,3.37,3.37
06/16/2024 13:20,June,3.44,3.44
06/16/2024 13:25,June,4.32,4.32
06/16/2024 13:30,June,3.73,3.73
06/16/2024 13:35,June,3.92,3.92
06/16/2024 13:40,June,3.98,3.98
06/16/2024 13:45,June,3.07,3.11
06/16/2024 13:50,June,3.07,3.11
06/16/2024 13:55,June,3.73,3.73
06/16/2024 14:00,June,3.73,3.73
06/16/2024 14:05,June,4.3,4.3
06/16/2024 14:10,June,3.4,3.4
06/16/2024 14:15,June,3.4,3.4
06/16/2024 14:20,June,4.3,4.3
06/16/2024 14:25,June,3.73,3.73
06/16/2024 14:30,June,3.38,3.38
06/16/2024 14:35,June,3.73,3.73
06/16/2024 14:40,June,4.3,4.3
06/16/2024 14:45,June,4.3,4.3
06/16/2024 14:50,June,4.32,4.32
06/16/2024 14:55,June,4.3,4.3
06/16/2024 15:00,June,3.63,3.63
06/16/2024 15:05,June,4.66,4.64
06/16/2024 15:10,June,4.3,4.3
06/16/2024 15:15,June,2.96,2.98
06/16/2024 15:20,June,3.92,3.92
06/16/2024 15:25,June,3.65,3.64
06/16/2024 15:30,June,4.3,4.3
06/16/2024 15:35,June,3.73,3.73
06/16/2024 15:40,June,3.73,3.73
06/16/2024 15:45,June,3.02,3.04
06/16/2024 15:50,June,3.68,3.68
06/16/2024 15:55,June,3.73,3.73
06/16/2024 16:00,June,3.73,3.73
06/16/2024 16:05,June,4.17,4.15
06/16/2024 16:10,June,4.25,4.22
06/16/2024 16:15,June,3.46,3.44
06/16/2024 16:20,June,3.66,3.64
06/16/2024 16:25,June,4.15,4.12
06/16/2024 16:30,June,3.53,3.51
06/16/2024 16:35,June,4.14,4.11
06/16/2024 16:40,June,3.99,3.96
06/16/2024 16:45,June,4,3.97
06/16/2024 16:50,June,4.14,4.11
06/16/2024 16:55,June,3.46,3.43
06/16/2024 17:00,June,4.28,4.24
06/16/2024 17:05,June,4.18,4.13
06/16/2024 17:10,June,4.19,4.14
06/16/2024 17:15,June,3.35,3.31
06/16/2024 17:20,June,4.17,4.12
06/16/2024 17:25,June,4.18,4.13
06/16/2024 17:30,June,3.68,3.64
06/16/2024 17:35,June,4.17,4.12
06/16/2024 17:40,June,4.16,4.11
06/16/2024 17:45,June,4.16,4.11
06/16/2024 17:50,June,4.17,4.11
06/16/2024 17:55,June,4.17,4.12
06/16/2024 18:00,June,4.19,4.14
06/16/2024 18:05,June,4.18,4.13
06/16/2024 18:10,June,4.18,4.13
06/16/2024 18:15,June,4.55,4.49
06/16/2024 18:20,June,4.58,4.52
06/16/2024 18:25,June,4.35,4.3
06/16/2024 18:30,June,4.59,4.53
06/16/2024 18:35,June,4.69,4.63
06/16/2024 18:40,June,4.68,4.62
06/16/2024 18:45,June,4.71,4.65
06/16/2024 18:50,June,4.66,4.6
06/16/2024 18:55,June,4.68,4.62
06/16/2024 19:00,June,4.72,4.66
06/16/2024 19:05,June,4.6,4.54
06/16/2024 19:10,June,4.57,4.51
06/16/2024 19:15,June,4.54,4.48
06/16/2024 19:20,June,4.57,4.51
06/16/2024 19:25,June,4.51,4.44
06/16/2024 19:30,June,4.62,4.56
06/16/2024 19:35,June,4.63,4.57
06/16/2024 19:40,June,4.57,4.51
06/16/2024 19:45,June,4.61,4.54
06/16/2024 19:50,June,4.61,4.55
06/16/2024 19:55,June,4.57,4.51
06/16/2024 20:00,June,4.38,4.32
06/16/2024 20:05,June,4.49,4.42
06/16/2024 20:10,June,4.5,4.44
06/16/2024 20:15,June,4.57,4.5
06/16/2024 20:20,June,4.54,4.47
06/16/2024 20:25,June,4.56,4.5
06/16/2024 20:30,June,4.52,4.46
06/16/2024 20:35,June,4.53,4.47
06/16/2024 20:40,June,4.57,4.5
06/16/2024 20:45,June,4.57,4.51
06/16/2024 20:50,June,4.52,4.46
06/16/2024 20:55,June,4.72,4.66
06/16/2024 21:00,June,4.57,4.51
06/16/2024 21:05,June,5.58,5.5
06/16/2024 21:10,June,4.74,4.67
06/16/2024 21:15,June,4.75,4.68
06/16/2024 21:20,June,4.75,4.68
06/16/2024 21:25,June,4.76,4.68
06/16/2024 21:30,June,4.76,4.69
06/16/2024 21:35,June,4.75,4.68
06/16/2024 21:40,June,4.75,4.68
06/16/2024 21:45,June,4.75,4.68
06/16/2024 21:50,June,4.74,4.67
06/16/2024 21:55,June,4.39,4.33
06/16/2024 22:00,June,4.39,4.32
06/16/2024 22:05,June,4.41,4.34
06/16/2024 22:10,June,4.4,4.33
06/16/2024 22:15,June,4.41,4.34
06/16/2024 22:20,June,4.41,4.34
06/16/2024 22:25,June,4.42,4.35
06/16/2024 22:30,June,4.42,4.35
06/16/2024 22:35,June,4.41,4.35
06/16/2024 22:40,June,4.74,4.67
06/16/2024 22:45,June,4.42,4.36
06/16/2024 22:50,June,4.54,4.48
06/16/2024 22:55,June,4.42,4.36
06/16/2024 23:00,June,4.41,4.35
06/16/2024 23:05,June,4.6,4.53
06/16/2024 23:10,June,4.42,4.35
06/16/2024 23:15,June,4.42,4.35
06/16/2024 23:20,June,4.37,4.3
06/16/2024 23:25,June,4.37,4.31
06/16/2024 23:30,June,4.37,4.31
06/16/2024 23:35,June,4.36,4.3
06/16/2024 23:40,June,4.3,4.24
06/16/2024 23:45,June,4.26,4.2
06/16/2024 23:50,June,4.17,4.11
06/16/2024 23:55,June,4.27,4.2
06/17/2024 0:00,June,3.3,3.25
06/17/2024 0:05,June,4.24,4.17
06/17/2024 0:10,June,4.23,4.16
06/17/2024 0:15,June,4.24,4.17
06/17/2024 0:20,June,4.21,4.15
06/17/2024 0:25,June,4.1,4.04
06/17/2024 0:30,June,3.62,3.56
06/17/2024 0:35,June,3.79,3.73
06/17/2024 0:40,June,3.78,3.73
06/17/2024 0:45,June,3.52,3.47
06/17/2024 0:50,June,3.52,3.47
06/17/2024 0:55,June,3.88,3.83
06/17/2024 1:00,June,3.52,3.47
06/17/2024 1:05,June,3.77,3.72
06/17/2024 1:10,June,3.84,3.78
06/17/2024 1:15,June,3.84,3.78
06/17/2024 1:20,June,3.83,3.78
06/17/2024 1:25,June,3.78,3.72
06/17/2024 1:30,June,3.77,3.72
06/17/2024 1:35,June,3.77,3.72
06/17/2024 1:40,June,3.39,3.34
06/17/2024 1:45,June,3.51,3.46
06/17/2024 1:50,June,3.39,3.34
06/17/2024 1:55,June,3.51,3.46
06/17/2024 2:00,June,3.51,3.46
06/17/2024 2:05,June,3.66,3.61
06/17/2024 2:10,June,3.66,3.61
06/17/2024 2:15,June,3.76,3.71
06/17/2024 2:20,June,3.76,3.71
06/17/2024 2:25,June,3.66,3.61
06/17/2024 2:30,June,3.76,3.71
06/17/2024 2:35,June,3.76,3.71
06/17/2024 2:40,June,3.65,3.6
06/17/2024 2:45,June,3.72,3.67
06/17/2024 2:50,June,3.72,3.67
06/17/2024 2:55,June,3.72,3.67
06/17/2024 3:00,June,3.3,3.26
06/17/2024 3:05,June,3.11,3.07
06/17/2024 3:10,June,3.29,3.24
06/17/2024 3:15,June,3.44,3.4
06/17/2024 3:20,June,3.29,3.24
06/17/2024 3:25,June,2.96,2.92
06/17/2024 3:30,June,2.96,2.92
06/17/2024 3:35,June,2.96,2.92
06/17/2024 3:40,June,2.96,2.92
06/17/2024 3:45,June,2.96,2.92
06/17/2024 3:50,June,3.23,3.19
06/17/2024 3:55,June,2.96,2.92
06/17/2024 4:00,June,2.96,2.92
06/17/2024 4:05,June,2.96,2.92
06/17/2024 4:10,June,2.96,2.92
06/17/2024 4:15,June,2.96,2.92
06/17/2024 4:20,June,2.96,2.92
06/17/2024 4:25,June,2.96,2.92
06/17/2024 4:30,June,2.84,2.8
06/17/2024 4:35,June,2.83,2.79
06/17/2024 4:40,June,2.82,2.79
06/17/2024 4:45,June,2.82,2.79
06/17/2024 4:50,June,2.21,2.18
06/17/2024 4:55,June,2.82,2.79
06/17/2024 5:00,June,2.51,2.48
06/17/2024 5:05,June,2.2,2.18
06/17/2024 5:10,June,0,0
06/17/2024 5:15,June,2.47,2.44
06/17/2024 5:20,June,2.81,2.78
06/17/2024 5:25,June,2.79,2.76
06/17/2024 5:30,June,2.78,2.75
06/17/2024 5:35,June,2.8,2.77
06/17/2024 5:40,June,2.8,2.77
06/17/2024 5:45,June,2.18,2.15
06/17/2024 5:50,June,2.51,2.48
06/17/2024 5:55,June,2.47,2.44
06/17/2024 6:00,June,2.2,2.18
06/17/2024 6:05,June,0,0
06/17/2024 6:10,June,0,0
06/17/2024 6:15,June,0,0
06/17/2024 6:20,June,0,0
06/17/2024 6:25,June,0,0
06/17/2024 6:30,June,2.15,2.13
06/17/2024 6:35,June,2.5,2.48
06/17/2024 6:40,June,2.79,2.76
06/17/2024 6:45,June,2.46,2.44
06/17/2024 6:50,June,2.46,2.44
06/17/2024 6:55,June,2.46,2.44
06/17/2024 7:00,June,2.46,2.44
06/17/2024 7:05,June,-0.01,-0.01
06/17/2024 7:10,June,0,0
06/17/2024 7:15,June,0,0
06/17/2024 7:20,June,0,0
06/17/2024 7:25,June,0,0
06/17/2024 7:30,June,2.17,2.16
06/17/2024 7:35,June,2.15,2.14
06/17/2024 7:40,June,2.17,2.16
06/17/2024 7:45,June,2.48,2.47
06/17/2024 7:50,June,2.48,2.47
06/17/2024 7:55,June,2.77,2.76
06/17/2024 8:00,June,2.48,2.47
06/17/2024 8:05,June,0,0
06/17/2024 8:10,June,0,0
06/17/2024 8:15,June,0,0
06/17/2024 8:20,June,2.14,2.13
06/17/2024 8:25,June,3.01,3
06/17/2024 8:30,June,2.41,2.41
06/17/2024 8:35,June,2.96,2.95
06/17/2024 8:40,June,2.96,2.95
06/17/2024 8:45,June,3.55,3.55
06/17/2024 8:50,June,2.97,2.97
06/17/2024 8:55,June,2.86,2.86
06/17/2024 9:00,June,2.88,2.87
06/17/2024 9:05,June,0,0
06/17/2024 9:10,June,2.78,2.77
06/17/2024 9:15,June,2.41,2.41
06/17/2024 9:20,June,2.95,2.95
06/17/2024 9:25,June,3.02,3.02
06/17/2024 9:30,June,3.04,3.04
06/17/2024 9:35,June,3.04,3.04
06/17/2024 9:40,June,2.98,2.97
06/17/2024 9:45,June,3.04,3.04
06/17/2024 9:50,June,3.37,3.37
06/17/2024 9:55,June,3.2,3.2
06/17/2024 10:00,June,3.08,3.08
06/17/2024 10:05,June,2.74,2.75
06/17/2024 10:10,June,2.89,2.89
06/17/2024 10:15,June,3.21,3.21
06/17/2024 10:20,June,3.02,3.02
06/17/2024 10:25,June,3.07,3.07
06/17/2024 10:30,June,2.88,2.88
06/17/2024 10:35,June,2.89,2.89
06/17/2024 10:40,June,3.11,3.11
06/17/2024 10:45,June,3.09,3.09
06/17/2024 10:50,June,3.16,3.17
06/17/2024 10:55,June,3.59,3.6
06/17/2024 11:00,June,3.47,3.47
06/17/2024 11:05,June,2.79,2.79
06/17/2024 11:10,June,3.07,3.08
06/17/2024 11:15,June,2.98,2.98
06/17/2024 11:20,June,3.08,3.09
06/17/2024 11:25,June,3.09,3.1
06/17/2024 11:30,June,2.86,2.87
06/17/2024 11:35,June,3.08,3.09
06/17/2024 11:40,June,3.08,3.09
06/17/2024 11:45,June,3.07,3.08
06/17/2024 11:50,June,3.08,3.08
06/17/2024 11:55,June,3.15,3.16
06/17/2024 12:00,June,3.08,3.08
06/17/2024 12:05,June,3.01,3.02
06/17/2024 12:10,June,3.59,3.6
06/17/2024 12:15,June,3.08,3.08
06/17/2024 12:20,June,3.08,3.08
06/17/2024 12:25,June,3.09,3.09
06/17/2024 12:30,June,2.14,2.14
06/17/2024 12:35,June,2.96,2.96
06/17/2024 12:40,June,3.08,3.08
06/17/2024 12:45,June,4.42,4.42
06/17/2024 12:50,June,3.97,3.97
06/17/2024 12:55,June,3.61,3.61
06/17/2024 13:00,June,4.41,4.4
06/17/2024 13:05,June,4.39,4.37
06/17/2024 13:10,June,4.1,4.08
06/17/2024 13:15,June,3.63,3.61
06/17/2024 13:20,June,3.63,3.61
06/17/2024 13:25,June,2.81,2.8
06/17/2024 13:30,June,3.62,3.6
06/17/2024 13:35,June,3.88,3.86
06/17/2024 13:40,June,3.38,3.36
06/17/2024 13:45,June,3.6,3.59
06/17/2024 13:50,June,3.11,3.09
06/17/2024 13:55,June,3.25,3.22
06/17/2024 14:00,June,3.13,3.11
06/17/2024 14:05,June,3.42,3.39
06/17/2024 14:10,June,2.18,2.16
06/17/2024 14:15,June,2.82,2.8
06/17/2024 14:20,June,2.16,2.15
06/17/2024 14:25,June,2.79,2.76
06/17/2024 14:30,June,0,0
06/17/2024 14:35,June,0,0
06/17/2024 14:40,June,2.51,2.48
06/17/2024 14:45,June,2.8,2.77
06/17/2024 14:50,June,3.09,3.05
06/17/2024 14:55,June,2.8,2.77
06/17/2024 15:00,June,2.8,2.77
06/17/2024 15:05,June,3.1,3.07
06/17/2024 15:10,June,2.83,2.8
06/17/2024 15:15,June,3.03,2.99
06/17/2024 15:20,June,3.04,3
06/17/2024 15:25,June,2.92,2.89
06/17/2024 15:30,June,3.12,3.08
06/17/2024 15:35,June,3.04,3.01
06/17/2024 15:40,June,2.99,2.96
06/17/2024 15:45,June,3.04,3.01
06/17/2024 15:50,June,3.03,3
06/17/2024 15:55,June,3.04,3.01
06/17/2024 16:00,June,2.92,2.89
06/17/2024 16:05,June,3.04,3.01
06/17/2024 16:10,June,2.83,2.8
06/17/2024 16:15,June,2.93,2.9
06/17/2024 16:20,June,3.04,3
06/17/2024 16:25,June,3.27,3.23
06/17/2024 16:30,June,3.1,3.07
06/17/2024 16:35,June,3.04,3.01
06/17/2024 16:40,June,3,2.97
06/17/2024 16:45,June,3.02,2.99
06/17/2024 16:50,June,2.83,2.8
06/17/2024 16:55,June,3.02,2.99
06/17/2024 17:00,June,3.02,2.99
06/17/2024 17:05,June,3.27,3.24
06/17/2024 17:10,June,2.93,2.9
06/17/2024 17:15,June,2.93,2.9
06/17/2024 17:20,June,3.27,3.24
06/17/2024 17:25,June,3.03,3
06/17/2024 17:30,June,3.66,3.62
06/17/2024 17:35,June,3.27,3.24
06/17/2024 17:40,June,3.4,3.36
06/17/2024 17:45,June,3.67,3.62
06/17/2024 17:50,June,3.67,3.62
06/17/2024 17:55,June,3.92,3.87
06/17/2024 18:00,June,3.99,3.94
06/17/2024 18:05,June,3.98,3.93
06/17/2024 18:10,June,4.13,4.08
06/17/2024 18:15,June,4.47,4.41
06/17/2024 18:20,June,4.53,4.47
06/17/2024 18:25,June,4.57,4.51
06/17/2024 18:30,June,3.88,3.82
06/17/2024 18:35,June,4.05,3.99
06/17/2024 18:40,June,4.1,4.04
06/17/2024 18:45,June,4.1,4.05
06/17/2024 18:50,June,4.09,4.03
06/17/2024 18:55,June,4.11,4.06
06/17/2024 19:00,June,4.12,4.06
06/17/2024 19:05,June,4.02,3.96
06/17/2024 19:10,June,4.02,3.96
06/17/2024 19:15,June,4.75,4.68
06/17/2024 19:20,June,4.75,4.68
06/17/2024 19:25,June,4.72,4.64
06/17/2024 19:30,June,4.75,4.68
06/17/2024 19:35,June,4.24,4.18
06/17/2024 19:40,June,4.5,4.43
06/17/2024 19:45,June,4.2,4.13
06/17/2024 19:50,June,4.75,4.67
06/17/2024 19:55,June,4.06,3.99
06/17/2024 20:00,June,4.11,4.05
06/17/2024 20:05,June,29.26,28.78
06/17/2024 20:10,June,12.58,12.38
06/17/2024 20:15,June,11.77,11.58
06/17/2024 20:20,June,5.18,5.09
06/17/2024 20:25,June,5.18,5.09
06/17/2024 20:30,June,4.79,4.71
06/17/2024 20:35,June,4.79,4.71
06/17/2024 20:40,June,4.96,4.88
06/17/2024 20:45,June,4.97,4.88
06/17/2024 20:50,June,5.15,5.06
06/17/2024 20:55,June,4.9,4.82
06/17/2024 21:00,June,4.78,4.71
06/17/2024 21:05,June,26.9,26.46
06/17/2024 21:10,June,7.96,7.83
06/17/2024 21:15,June,5.15,5.07
06/17/2024 21:20,June,5.1,5.02
06/17/2024 21:25,June,4.59,4.52
06/17/2024 21:30,June,4.68,4.61
06/17/2024 21:35,June,4.69,4.61
06/17/2024 21:40,June,4.71,4.64
06/17/2024 21:45,June,4.71,4.63
06/17/2024 21:50,June,4.7,4.62
06/17/2024 21:55,June,4.7,4.62
06/17/2024 22:00,June,4.7,4.62
06/17/2024 22:05,June,26.73,26.29
06/17/2024 22:10,June,5.16,5.08
06/17/2024 22:15,June,4.69,4.62
06/17/2024 22:20,June,4.69,4.62
06/17/2024 22:25,June,4.68,4.62
06/17/2024 22:30,June,4.68,4.62
06/17/2024 22:35,June,4.58,4.52
06/17/2024 22:40,June,4.68,4.62
06/17/2024 22:45,June,4.58,4.52
06/17/2024 22:50,June,4.68,4.62
06/17/2024 22:55,June,4.68,4.62
06/17/2024 23:00,June,4.65,4.59
06/17/2024 23:05,June,28.79,28.42
06/17/2024 23:10,June,5.08,5.02
06/17/2024 23:15,June,5.06,4.99
06/17/2024 23:20,June,4.66,4.6
06/17/2024 23:25,June,4.62,4.56
06/17/2024 23:30,June,4.57,4.5
06/17/2024 23:35,June,4.57,4.51
06/17/2024 23:40,June,4.46,4.4
06/17/2024 23:45,June,4.5,4.44
06/17/2024 23:50,June,4.51,4.45
06/17/2024 23:55,June,4.52,4.45
06/18/2024 0:00,June,4.49,4.43
06/18/2024 0:05,June,28.81,28.41
06/18/2024 0:10,June,5.1,5.03
06/18/2024 0:15,June,5,4.93
06/18/2024 0:20,June,4.6,4.54
06/18/2024 0:25,June,4.34,4.28
06/18/2024 0:30,June,4.34,4.29
06/18/2024 0:35,June,4.59,4.53
06/18/2024 0:40,June,3.47,3.42
06/18/2024 0:45,June,4.15,4.09
06/18/2024 0:50,June,3.7,3.65
06/18/2024 0:55,June,4.32,4.26
06/18/2024 1:00,June,3.47,3.42
06/18/2024 1:05,June,3.91,3.85
06/18/2024 1:10,June,3.89,3.83
06/18/2024 1:15,June,3.89,3.83
06/18/2024 1:20,June,3.62,3.57
06/18/2024 1:25,June,3.89,3.83
06/18/2024 1:30,June,3.89,3.83
06/18/2024 1:35,June,3.48,3.43
06/18/2024 1:40,June,3.88,3.83
06/18/2024 1:45,June,3.48,3.43
06/18/2024 1:50,June,3.25,3.2
06/18/2024 1:55,June,3.48,3.43
06/18/2024 2:00,June,0,0
06/18/2024 2:05,June,2.84,2.8
06/18/2024 2:10,June,2.83,2.8
06/18/2024 2:15,June,3.25,3.21
06/18/2024 2:20,June,3.25,3.21
06/18/2024 2:25,June,3.48,3.43
06/18/2024 2:30,June,3.48,3.43
06/18/2024 2:35,June,3.48,3.43
06/18/2024 2:40,June,3.22,3.18
06/18/2024 2:45,June,3.23,3.19
06/18/2024 2:50,June,2.82,2.79
06/18/2024 2:55,June,3.02,2.98
06/18/2024 3:00,June,2.83,2.79
06/18/2024 3:05,June,3.03,3
06/18/2024 3:10,June,3.18,3.14
06/18/2024 3:15,June,3.03,2.99
06/18/2024 3:20,June,2.82,2.79
06/18/2024 3:25,June,2.82,2.79
06/18/2024 3:30,June,2.82,2.79
06/18/2024 3:35,June,2.82,2.79
06/18/2024 3:40,June,2.82,2.79
06/18/2024 3:45,June,2.82,2.79
06/18/2024 3:50,June,3.02,2.99
06/18/2024 3:55,June,2.82,2.79
06/18/2024 4:00,June,2.82,2.79
06/18/2024 4:05,June,2.82,2.79
06/18/2024 4:10,June,3.11,3.07
06/18/2024 4:15,June,3.11,3.07
06/18/2024 4:20,June,3.08,3.05
06/18/2024 4:25,June,3.06,3.03
06/18/2024 4:30,June,2.82,2.79
06/18/2024 4:35,June,2.82,2.79
06/18/2024 4:40,June,2.99,2.95
06/18/2024 4:45,June,2.82,2.79
06/18/2024 4:50,June,2.82,2.78
06/18/2024 4:55,June,2.82,2.79
06/18/2024 5:00,June,2.82,2.79
06/18/2024 5:05,June,0,0
06/18/2024 5:10,June,2.5,2.48
06/18/2024 5:15,June,2.81,2.78
06/18/2024 5:20,June,2.82,2.79
06/18/2024 5:25,June,2.81,2.78
06/18/2024 5:30,June,2.81,2.78
06/18/2024 5:35,June,2.81,2.78
06/18/2024 5:40,June,3.02,2.99
06/18/2024 5:45,June,2.81,2.78
06/18/2024 5:50,June,2.81,2.78
06/18/2024 5:55,June,0,0
06/18/2024 6:00,June,0,0
06/18/2024 6:05,June,0,0
06/18/2024 6:10,June,2.49,2.46
06/18/2024 6:15,June,2.5,2.48
06/18/2024 6:20,June,2.5,2.48
06/18/2024 6:25,June,2.45,2.43
06/18/2024 6:30,June,2.8,2.77
06/18/2024 6:35,June,2.8,2.77
06/18/2024 6:40,June,2.8,2.77
06/18/2024 6:45,June,2.8,2.77
06/18/2024 6:50,June,2.92,2.89
06/18/2024 6:55,June,2.8,2.77
06/18/2024 7:00,June,2.92,2.89
06/18/2024 7:05,June,0,0
06/18/2024 7:10,June,2.5,2.47
06/18/2024 7:15,June,2.81,2.78
06/18/2024 7:20,June,3.27,3.24
06/18/2024 7:25,June,3.25,3.22
06/18/2024 7:30,June,3.6,3.56
06/18/2024 7:35,June,3.45,3.41
06/18/2024 7:40,June,4,3.96
06/18/2024 7:45,June,3.59,3.56
06/18/2024 7:50,June,3.62,3.59
06/18/2024 7:55,June,3.62,3.59
06/18/2024 8:00,June,4.01,3.97
06/18/2024 8:05,June,2.82,2.79
06/18/2024 8:10,June,3.44,3.41
06/18/2024 8:15,June,3.6,3.56
06/18/2024 8:20,June,3.85,3.82
06/18/2024 8:25,June,3.59,3.56
06/18/2024 8:30,June,3.61,3.58
06/18/2024 8:35,June,5.05,5.01
06/18/2024 8:40,June,3.51,3.48
06/18/2024 8:45,June,3.95,3.92
06/18/2024 8:50,June,3.6,3.58
06/18/2024 8:55,June,4.56,4.53
06/18/2024 9:00,June,4.56,4.53
06/18/2024 9:05,June,0,0
06/18/2024 9:10,June,3.39,3.36
06/18/2024 9:15,June,3.27,3.25
06/18/2024 9:20,June,3.61,3.59
06/18/2024 9:25,June,4.53,4.51
06/18/2024 9:30,June,5.18,5.16
06/18/2024 9:35,June,5.14,5.12
06/18/2024 9:40,June,5.15,5.13
06/18/2024 9:45,June,5.01,4.99
06/18/2024 9:50,June,5.1,5.09
06/18/2024 9:55,June,5.03,5.01
06/18/2024 10:00,June,5.03,5.01
06/18/2024 10:05,June,3.24,3.23
06/18/2024 10:10,June,4.56,4.54
06/18/2024 10:15,June,5,4.99
06/18/2024 10:20,June,5.07,5.05
06/18/2024 10:25,June,5.01,5
06/18/2024 10:30,June,4.55,4.54
06/18/2024 10:35,June,5,4.99
06/18/2024 10:40,June,5.06,5.05
06/18/2024 10:45,June,5.05,5.03
06/18/2024 10:50,June,5.1,5.09
06/18/2024 10:55,June,5.06,5.05
06/18/2024 11:00,June,5.12,5.11
06/18/2024 11:05,June,3.38,3.38
06/18/2024 11:10,June,4.55,4.54
06/18/2024 11:15,June,5.06,5.06
06/18/2024 11:20,June,5.07,5.07
06/18/2024 11:25,June,4.54,4.54
06/18/2024 11:30,June,5.02,5.02
06/18/2024 11:35,June,4.5,4.49
06/18/2024 11:40,June,4.92,4.92
06/18/2024 11:45,June,4.92,4.92
06/18/2024 11:50,June,4.98,4.97
06/18/2024 11:55,June,4.54,4.54
06/18/2024 12:00,June,4.55,4.54
06/18/2024 12:05,June,4.51,4.51
06/18/2024 12:10,June,5,5
06/18/2024 12:15,June,4.01,4.01
06/18/2024 12:20,June,4.5,4.49
06/18/2024 12:25,June,4.55,4.54
06/18/2024 12:30,June,4.12,4.12
06/18/2024 12:35,June,3.38,3.38
06/18/2024 12:40,June,4.54,4.53
06/18/2024 12:45,June,4.5,4.49
06/18/2024 12:50,June,5,4.99
06/18/2024 12:55,June,5,4.99
06/18/2024 13:00,June,5.05,5.04
06/18/2024 13:05,June,4.58,4.57
06/18/2024 13:10,June,5.01,5.01
06/18/2024 13:15,June,5.19,5.18
06/18/2024 13:20,June,8.71,8.71
06/18/2024 13:25,June,11.52,11.47
06/18/2024 13:30,June,5.24,5.21
06/18/2024 13:35,June,5.2,5.16
06/18/2024 13:40,June,5.22,5.18
06/18/2024 13:45,June,16.3,16.16
06/18/2024 13:50,June,13.21,13.13
06/18/2024 13:55,June,12.2,12.07
06/18/2024 14:00,June,12.17,12.03
06/18/2024 14:05,June,5.27,5.21
06/18/2024 14:10,June,5.34,5.28
06/18/2024 14:15,June,8.86,8.76
06/18/2024 14:20,June,9.26,9.15
06/18/2024 14:25,June,9.34,9.22
06/18/2024 14:30,June,9.35,9.22
06/18/2024 14:35,June,5.27,5.19
06/18/2024 14:40,June,9.3,9.18
06/18/2024 14:45,June,5.25,5.18
06/18/2024 14:50,June,10.85,10.7
06/18/2024 14:55,June,9.3,9.18
06/18/2024 15:00,June,8.84,8.73
06/18/2024 15:05,June,12.08,11.92
06/18/2024 15:10,June,9.37,9.25
06/18/2024 15:15,June,11.56,11.4
06/18/2024 15:20,June,9.29,9.17
06/18/2024 15:25,June,9.29,9.17
06/18/2024 15:30,June,9.28,9.17
06/18/2024 15:35,June,13.24,13.07
06/18/2024 15:40,June,11.57,11.42
06/18/2024 15:45,June,5.2,5.14
06/18/2024 15:50,June,5.21,5.15
06/18/2024 15:55,June,5.14,5.08
06/18/2024 16:00,June,5.16,5.1
06/18/2024 16:05,June,5.05,5
06/18/2024 16:10,June,5.02,4.96
06/18/2024 16:15,June,4.73,4.69
06/18/2024 16:20,June,4.6,4.55
06/18/2024 16:25,June,4.63,4.58
06/18/2024 16:30,June,4.71,4.66
06/18/2024 16:35,June,5.02,4.96
06/18/2024 16:40,June,5.03,4.98
06/18/2024 16:45,June,5.05,5
06/18/2024 16:50,June,4.99,4.94
06/18/2024 16:55,June,4.4,4.36
06/18/2024 17:00,June,3.45,3.42
06/18/2024 17:05,June,4.39,4.35
06/18/2024 17:10,June,4.24,4.19
06/18/2024 17:15,June,4.23,4.19
06/18/2024 17:20,June,4.24,4.19
06/18/2024 17:25,June,4.39,4.34
06/18/2024 17:30,June,4.38,4.33
06/18/2024 17:35,June,4.24,4.19
06/18/2024 17:40,June,4.38,4.33
06/18/2024 17:45,June,4.39,4.33
06/18/2024 17:50,June,4.49,4.44
06/18/2024 17:55,June,4.39,4.33
06/18/2024 18:00,June,4.62,4.56
06/18/2024 18:05,June,4.37,4.33
06/18/2024 18:10,June,4.37,4.33
06/18/2024 18:15,June,4.45,4.41
06/18/2024 18:20,June,5.1,5.05
06/18/2024 18:25,June,5.09,5.04
06/18/2024 18:30,June,4.61,4.56
06/18/2024 18:35,June,4.69,4.64
06/18/2024 18:40,June,5.05,5
06/18/2024 18:45,June,4.69,4.65
06/18/2024 18:50,June,5.03,4.98
06/18/2024 18:55,June,4.6,4.55
06/18/2024 19:00,June,4.69,4.65
06/18/2024 19:05,June,4.69,4.64
06/18/2024 19:10,June,4.61,4.57
06/18/2024 19:15,June,4.38,4.33
06/18/2024 19:20,June,4.6,4.56
06/18/2024 19:25,June,4.61,4.56
06/18/2024 19:30,June,4.37,4.33
06/18/2024 19:35,June,4.37,4.32
06/18/2024 19:40,June,4.35,4.31
06/18/2024 19:45,June,4.22,4.18
06/18/2024 19:50,June,4.36,4.31
06/18/2024 19:55,June,4.37,4.33
06/18/2024 20:00,June,4.36,4.31
06/18/2024 20:05,June,5.34,5.28
06/18/2024 20:10,June,5.18,5.13
06/18/2024 20:15,June,5.23,5.18
06/18/2024 20:20,June,5.1,5.05
06/18/2024 20:25,June,5.04,4.99
06/18/2024 20:30,June,5.1,5.05
06/18/2024 20:35,June,5.03,4.97
06/18/2024 20:40,June,5,4.95
06/18/2024 20:45,June,5,4.94
06/18/2024 20:50,June,4.95,4.9
06/18/2024 20:55,June,4.61,4.56
06/18/2024 21:00,June,4.4,4.35
06/18/2024 21:05,June,5.03,4.98
06/18/2024 21:10,June,4.72,4.67
06/18/2024 21:15,June,4.61,4.56
06/18/2024 21:20,June,4.56,4.51
06/18/2024 21:25,June,5,4.94
06/18/2024 21:30,June,2.83,2.8
06/18/2024 21:35,June,4,3.96
06/18/2024 21:40,June,4.22,4.18
06/18/2024 21:45,June,4.22,4.17
06/18/2024 21:50,June,4.21,4.17
06/18/2024 21:55,June,4.2,4.16
06/18/2024 22:00,June,4.2,4.15
06/18/2024 22:05,June,4.2,4.15
06/18/2024 22:10,June,4.2,4.15
06/18/2024 22:15,June,4.2,4.15
06/18/2024 22:20,June,4.21,4.16
06/18/2024 22:25,June,4.21,4.16
06/18/2024 22:30,June,4.2,4.15
06/18/2024 22:35,June,4.2,4.15
06/18/2024 22:40,June,4.19,4.15
06/18/2024 22:45,June,4.18,4.13
06/18/2024 22:50,June,4.16,4.12
06/18/2024 22:55,June,3.47,3.43
06/18/2024 23:00,June,3.19,3.15
06/18/2024 23:05,June,4.19,4.14
06/18/2024 23:10,June,4.19,4.14
06/18/2024 23:15,June,4.19,4.14
06/18/2024 23:20,June,4.19,4.14
06/18/2024 23:25,June,4.19,4.14
06/18/2024 23:30,June,4.18,4.12
06/18/2024 23:35,June,3.64,3.59
06/18/2024 23:40,June,3.48,3.43
06/18/2024 23:45,June,3.65,3.6
06/18/2024 23:50,June,3.64,3.59
06/18/2024 23:55,June,3.42,3.38
06/19/2024 0:00,June,3.6,3.55
06/19/2024 0:05,June,5.12,5.05
06/19/2024 0:10,June,4.18,4.13
06/19/2024 0:15,June,4.17,4.12
06/19/2024 0:20,June,5.1,5.04
06/19/2024 0:25,June,4.17,4.12
06/19/2024 0:30,June,4.17,4.11
06/19/2024 0:35,June,4.17,4.12
06/19/2024 0:40,June,4.12,4.07
06/19/2024 0:45,June,4.14,4.09
06/19/2024 0:50,June,4.14,4.09
06/19/2024 0:55,June,4.14,4.09
06/19/2024 1:00,June,4.08,4.03
06/19/2024 1:05,June,4.13,4.08
06/19/2024 1:10,June,4.12,4.07
06/19/2024 1:15,June,3.48,3.43
06/19/2024 1:20,June,4.1,4.04
06/19/2024 1:25,June,4.1,4.04
06/19/2024 1:30,June,4.1,4.05
06/19/2024 1:35,June,4.09,4.03
06/19/2024 1:40,June,3.91,3.85
06/19/2024 1:45,June,3.89,3.83
06/19/2024 1:50,June,3.49,3.44
06/19/2024 1:55,June,3.61,3.56
06/19/2024 2:00,June,3.88,3.83
06/19/2024 2:05,June,3.88,3.83
06/19/2024 2:10,June,3.25,3.2
06/19/2024 2:15,June,3.48,3.43
06/19/2024 2:20,June,3.48,3.43
06/19/2024 2:25,June,3.48,3.43
06/19/2024 2:30,June,3.48,3.43
06/19/2024 2:35,June,3.48,3.43
06/19/2024 2:40,June,3.12,3.08
06/19/2024 2:45,June,3.28,3.24
06/19/2024 2:50,June,3.27,3.23
06/19/2024 2:55,June,3.48,3.44
06/19/2024 3:00,June,3.48,3.44
06/19/2024 3:05,June,3.29,3.26
06/19/2024 3:10,June,3.64,3.6
06/19/2024 3:15,June,3.64,3.6
06/19/2024 3:20,June,3.27,3.23
06/19/2024 3:25,June,3.26,3.23
06/19/2024 3:30,June,3.32,3.28
06/19/2024 3:35,June,3.3,3.26
06/19/2024 3:40,June,3.92,3.88
06/19/2024 3:45,June,3.63,3.59
06/19/2024 3:50,June,3.63,3.59
06/19/2024 3:55,June,3.25,3.21
06/19/2024 4:00,June,3.23,3.2
06/19/2024 4:05,June,3.23,3.2
06/19/2024 4:10,June,3.25,3.22
06/19/2024 4:15,June,3.28,3.24
06/19/2024 4:20,June,3.25,3.22
06/19/2024 4:25,June,3.26,3.22
06/19/2024 4:30,June,3.25,3.22
06/19/2024 4:35,June,3.25,3.22
06/19/2024 4:40,June,3.29,3.26
06/19/2024 4:45,June,3.47,3.44
06/19/2024 4:50,June,3.93,3.89
06/19/2024 4:55,June,3.92,3.88
06/19/2024 5:00,June,3.7,3.66
06/19/2024 5:05,June,2.82,2.79
06/19/2024 5:10,June,3.28,3.24
06/19/2024 5:15,June,3.63,3.59
06/19/2024 5:20,June,3.62,3.58
06/19/2024 5:25,June,3.42,3.38
06/19/2024 5:30,June,3.3,3.26
06/19/2024 5:35,June,2.82,2.79
06/19/2024 5:40,June,2.82,2.79
06/19/2024 5:45,June,2.94,2.91
06/19/2024 5:50,June,2.82,2.79
06/19/2024 5:55,June,3,2.97
06/19/2024 6:00,June,2.82,2.79
06/19/2024 6:05,June,0,0
06/19/2024 6:10,June,0,0
06/19/2024 6:15,June,2.81,2.78
06/19/2024 6:20,June,2.81,2.78
06/19/2024 6:25,June,2.81,2.78
06/19/2024 6:30,June,2.92,2.9
06/19/2024 6:35,June,3,2.97
06/19/2024 6:40,June,3.09,3.06
06/19/2024 6:45,June,3.04,3.01
06/19/2024 6:50,June,3.04,3.01
06/19/2024 6:55,June,2.8,2.78
06/19/2024 7:00,June,3.62,3.59
06/19/2024 7:05,June,0,0
06/19/2024 7:10,June,3.57,3.54
06/19/2024 7:15,June,3.15,3.13
06/19/2024 7:20,June,3.17,3.14
06/19/2024 7:25,June,3.28,3.25
06/19/2024 7:30,June,3.29,3.26
06/19/2024 7:35,June,3.56,3.53
06/19/2024 7:40,June,3.91,3.88
06/19/2024 7:45,June,3.49,3.46
06/19/2024 7:50,June,3.91,3.87
06/19/2024 7:55,June,3.93,3.89
06/19/2024 8:00,June,5.03,4.99
06/19/2024 8:05,June,0,0
06/19/2024 8:10,June,3.36,3.32
06/19/2024 8:15,June,3.57,3.53
06/19/2024 8:20,June,3.53,3.5
06/19/2024 8:25,June,5.31,5.27
06/19/2024 8:30,June,5.07,5.02
06/19/2024 8:35,June,3.92,3.89
06/19/2024 8:40,June,5.05,5.01
06/19/2024 8:45,June,3.92,3.89
06/19/2024 8:50,June,5.03,4.99
06/19/2024 8:55,June,5.02,4.98
06/19/2024 9:00,June,5.27,5.23
06/19/2024 9:05,June,0,0
06/19/2024 9:10,June,2.81,2.8
06/19/2024 9:15,June,3.69,3.67
06/19/2024 9:20,June,2.81,2.8
06/19/2024 9:25,June,3.16,3.15
06/19/2024 9:30,June,2.81,2.8
06/19/2024 9:35,June,3.69,3.68
06/19/2024 9:40,June,3.69,3.67
06/19/2024 9:45,June,3.85,3.84
06/19/2024 9:50,June,4,3.98
06/19/2024 9:55,June,4.95,4.94
06/19/2024 10:00,June,4.58,4.57
06/19/2024 10:05,June,2.81,2.8
06/19/2024 10:10,June,3.81,3.8
06/19/2024 10:15,June,4.94,4.92
06/19/2024 10:20,June,3.31,3.3
06/19/2024 10:25,June,4.01,4
06/19/2024 10:30,June,3.94,3.92
06/19/2024 10:35,June,4.97,4.95
06/19/2024 10:40,June,4.31,4.3
06/19/2024 10:45,June,4.94,4.93
06/19/2024 10:50,June,4.31,4.3
06/19/2024 10:55,June,4.46,4.45
06/19/2024 11:00,June,4.31,4.3
06/19/2024 11:05,June,5.18,5.17
06/19/2024 11:10,June,2.81,2.8
06/19/2024 11:15,June,3.21,3.2
06/19/2024 11:20,June,4.11,4.1
06/19/2024 11:25,June,3.12,3.11
06/19/2024 11:30,June,4.95,4.94
06/19/2024 11:35,June,4.11,4.09
06/19/2024 11:40,June,4.08,4.07
06/19/2024 11:45,June,4.14,4.13
06/19/2024 11:50,June,4.11,4.1
06/19/2024 11:55,June,2.81,2.8
06/19/2024 12:00,June,3.13,3.12
06/19/2024 12:05,June,4.97,4.96
06/19/2024 12:10,June,2.81,2.8
06/19/2024 12:15,June,3.11,3.1
06/19/2024 12:20,June,3.72,3.7
06/19/2024 12:25,June,3.71,3.69
06/19/2024 12:30,June,3.7,3.69
06/19/2024 12:35,June,4.16,4.14
06/19/2024 12:40,June,4.59,4.57
06/19/2024 12:45,June,4.85,4.82
06/19/2024 12:50,June,4.86,4.83
06/19/2024 12:55,June,4.49,4.46
06/19/2024 13:00,June,4.9,4.86
06/19/2024 13:05,June,14.3,14.22
06/19/2024 13:10,June,11.51,11.43
06/19/2024 13:15,June,14.33,14.23
06/19/2024 13:20,June,9.22,9.16
06/19/2024 13:25,June,9.22,9.15
06/19/2024 13:30,June,5.05,5.01
06/19/2024 13:35,June,9.25,9.17
06/19/2024 13:40,June,5.08,5.04
06/19/2024 13:45,June,5.07,5.02
06/19/2024 13:50,June,9.27,9.18
06/19/2024 13:55,June,5.09,5.05
06/19/2024 14:00,June,5.11,5.06
06/19/2024 14:05,June,7.1,7.04
06/19/2024 14:10,June,5.08,5.04
06/19/2024 14:15,June,9.24,9.16
06/19/2024 14:20,June,9.24,9.16
06/19/2024 14:25,June,9.26,9.17
06/19/2024 14:30,June,9.23,9.16
06/19/2024 14:35,June,9.23,9.17
06/19/2024 14:40,June,9.24,9.18
06/19/2024 14:45,June,9.28,9.22
06/19/2024 14:50,June,11.56,11.48
06/19/2024 14:55,June,9.22,9.17
06/19/2024 15:00,June,5.02,4.99
06/19/2024 15:05,June,8.65,8.6
06/19/2024 15:10,June,13,12.91
06/19/2024 15:15,June,13.03,12.91
06/19/2024 15:20,June,9.23,9.17
06/19/2024 15:25,June,9.24,9.18
06/19/2024 15:30,June,12.97,12.89
06/19/2024 15:35,June,9.27,9.21
06/19/2024 15:40,June,9.24,9.18
06/19/2024 15:45,June,9.24,9.18
06/19/2024 15:50,June,9.23,9.17
06/19/2024 15:55,June,7.08,7.04
06/19/2024 16:00,June,7.08,7.04
06/19/2024 16:05,June,5.17,5.15
06/19/2024 16:10,June,5.17,5.15
06/19/2024 16:15,June,5.12,5.09
06/19/2024 16:20,June,5.15,5.12
06/19/2024 16:25,June,4.92,4.89
06/19/2024 16:30,June,5,4.96
06/19/2024 16:35,June,5.06,5.02
06/19/2024 16:40,June,5.13,5.09
06/19/2024 16:45,June,5.08,5.05
06/19/2024 16:50,June,5.06,5.02
06/19/2024 16:55,June,5.1,5.06
06/19/2024 17:00,June,4.88,4.84
06/19/2024 17:05,June,4.83,4.8
06/19/2024 17:10,June,3.01,2.99
06/19/2024 17:15,June,3.08,3.06
06/19/2024 17:20,June,4.06,4.03
06/19/2024 17:25,June,4.26,4.23
06/19/2024 17:30,June,4.91,4.87
06/19/2024 17:35,June,4.26,4.23
06/19/2024 17:40,June,4.87,4.83
06/19/2024 17:45,June,4.93,4.89
06/19/2024 17:50,June,4.97,4.93
06/19/2024 17:55,June,5.02,4.98
06/19/2024 18:00,June,4.92,4.88
06/19/2024 18:05,June,4.18,4.14
06/19/2024 18:10,June,3.36,3.34
06/19/2024 18:15,June,4.6,4.57
06/19/2024 18:20,June,4.57,4.54
06/19/2024 18:25,June,4.97,4.94
06/19/2024 18:30,June,4.89,4.86
06/19/2024 18:35,June,5.03,4.99
06/19/2024 18:40,June,4.98,4.94
06/19/2024 18:45,June,4.99,4.95
06/19/2024 18:50,June,5.02,4.98
06/19/2024 18:55,June,5.01,4.97
06/19/2024 19:00,June,4.98,4.94
06/19/2024 19:05,June,5.04,5
06/19/2024 19:10,June,5.06,5.02
06/19/2024 19:15,June,5,4.96
06/19/2024 19:20,June,5.1,5.05
06/19/2024 19:25,June,5.07,5.02
06/19/2024 19:30,June,5.07,5.02
06/19/2024 19:35,June,5.11,5.07
06/19/2024 19:40,June,5.09,5.05
06/19/2024 19:45,June,5.05,5.01
06/19/2024 19:50,June,5.11,5.06
06/19/2024 19:55,June,4.98,4.93
06/19/2024 20:00,June,5.06,5.01
06/19/2024 20:05,June,31.09,30.81
06/19/2024 20:10,June,26.18,25.95
06/19/2024 20:15,June,17.31,17.16
06/19/2024 20:20,June,12.17,12.06
06/19/2024 20:25,June,9.26,9.17
06/19/2024 20:30,June,5.19,5.14
06/19/2024 20:35,June,5.17,5.12
06/19/2024 20:40,June,5.17,5.12
06/19/2024 20:45,June,5.12,5.07
06/19/2024 20:50,June,5.13,5.08
06/19/2024 20:55,June,5.1,5.05
06/19/2024 21:00,June,5.11,5.06
06/19/2024 21:05,June,28.86,28.58
06/19/2024 21:10,June,16.39,16.23
06/19/2024 21:15,June,5.14,5.09
06/19/2024 21:20,June,5.14,5.09
06/19/2024 21:25,June,4.96,4.9
06/19/2024 21:30,June,4.96,4.91
06/19/2024 21:35,June,5.1,5.05
06/19/2024 21:40,June,4.95,4.9
06/19/2024 21:45,June,4.93,4.88
06/19/2024 21:50,June,4.89,4.84
06/19/2024 21:55,June,4.82,4.78
06/19/2024 22:00,June,4.83,4.79
06/19/2024 22:05,June,26.14,25.89
06/19/2024 22:10,June,5.13,5.08
06/19/2024 22:15,June,5.09,5.04
06/19/2024 22:20,June,5.12,5.07
06/19/2024 22:25,June,5.12,5.07
06/19/2024 22:30,June,5.14,5.09
06/19/2024 22:35,June,5.15,5.09
06/19/2024 22:40,June,5.13,5.08
06/19/2024 22:45,June,5.1,5.05
06/19/2024 22:50,June,5.13,5.08
06/19/2024 22:55,June,3.58,3.55
06/19/2024 23:00,June,4.31,4.27
06/19/2024 23:05,June,12.01,11.89
06/19/2024 23:10,June,5.12,5.07
06/19/2024 23:15,June,4.57,4.52
06/19/2024 23:20,June,5.11,5.06
06/19/2024 23:25,June,4.99,4.94
06/19/2024 23:30,June,5.1,5.04
06/19/2024 23:35,June,4.99,4.94
06/19/2024 23:40,June,4.57,4.52
06/19/2024 23:45,June,4.47,4.42
06/19/2024 23:50,June,4.57,4.52
06/19/2024 23:55,June,3.49,3.45
06/20/2024 0:00,June,3.49,3.45
06/20/2024 0:05,June,12.83,12.69
06/20/2024 0:10,June,5.08,5.03
06/20/2024 0:15,June,4.97,4.92
06/20/2024 0:20,June,4.97,4.92
06/20/2024 0:25,June,5.09,5.04
06/20/2024 0:30,June,3.98,3.93
06/20/2024 0:35,June,4.32,4.28
06/20/2024 0:40,June,4.56,4.51
06/20/2024 0:45,June,4.57,4.51
06/20/2024 0:50,June,4.35,4.3
06/20/2024 0:55,June,4.33,4.28
06/20/2024 1:00,June,4.35,4.3
06/20/2024 1:05,June,4.56,4.51
06/20/2024 1:10,June,4.97,4.91
06/20/2024 1:15,June,4.35,4.3
06/20/2024 1:20,June,4.57,4.52
06/20/2024 1:25,June,5.1,5.04
06/20/2024 1:30,June,4.96,4.9
06/20/2024 1:35,June,4.58,4.53
06/20/2024 1:40,June,4.36,4.32
06/20/2024 1:45,June,4.35,4.31
06/20/2024 1:50,June,4.35,4.31
06/20/2024 1:55,June,4.35,4.31
06/20/2024 2:00,June,4.38,4.33
06/20/2024 2:05,June,4.57,4.53
06/20/2024 2:10,June,4.38,4.34
06/20/2024 2:15,June,4.55,4.51
06/20/2024 2:20,June,4.36,4.31
06/20/2024 2:25,June,4.37,4.32
06/20/2024 2:30,June,3.61,3.57
06/20/2024 2:35,June,3.68,3.64
06/20/2024 2:40,June,3.66,3.62
06/20/2024 2:45,June,3.66,3.62
06/20/2024 2:50,June,3.54,3.49
06/20/2024 2:55,June,3.54,3.49
06/20/2024 3:00,June,3.66,3.62
06/20/2024 3:05,June,3.66,3.62
06/20/2024 3:10,June,2.85,2.82
06/20/2024 3:15,June,3.53,3.49
06/20/2024 3:20,June,2.85,2.81
06/20/2024 3:25,June,2.86,2.82
06/20/2024 3:30,June,3.23,3.19
06/20/2024 3:35,June,3.23,3.19
06/20/2024 3:40,June,3.23,3.2
06/20/2024 3:45,June,3.52,3.48
06/20/2024 3:50,June,3.53,3.49
06/20/2024 3:55,June,3.24,3.2
06/20/2024 4:00,June,0,0
06/20/2024 4:05,June,3.01,2.97
06/20/2024 4:10,June,3.53,3.49
06/20/2024 4:15,June,3.53,3.48
06/20/2024 4:20,June,3.52,3.48
06/20/2024 4:25,June,3.54,3.5
06/20/2024 4:30,June,3.52,3.48
06/20/2024 4:35,June,3.54,3.5
06/20/2024 4:40,June,3.54,3.5
06/20/2024 4:45,June,3.23,3.2
06/20/2024 4:50,June,3.52,3.48
06/20/2024 4:55,June,3.52,3.48
06/20/2024 5:00,June,3.52,3.48
06/20/2024 5:05,June,0,0
06/20/2024 5:10,June,2.82,2.79
06/20/2024 5:15,June,2.9,2.87
06/20/2024 5:20,June,2.71,2.68
06/20/2024 5:25,June,2.95,2.92
06/20/2024 5:30,June,2.82,2.79
06/20/2024 5:35,June,2.83,2.8
06/20/2024 5:40,June,2.51,2.48
06/20/2024 5:45,June,2.82,2.79
06/20/2024 5:50,June,2.95,2.92
06/20/2024 5:55,June,2.89,2.86
06/20/2024 6:00,June,2.83,2.8
06/20/2024 6:05,June,0,0
06/20/2024 6:10,June,0,0
06/20/2024 6:15,June,0,0
06/20/2024 6:20,June,2.74,2.71
06/20/2024 6:25,June,2.76,2.74
06/20/2024 6:30,June,2.68,2.65
06/20/2024 6:35,June,2.67,2.65
06/20/2024 6:40,June,2.93,2.91
06/20/2024 6:45,June,2.8,2.78
06/20/2024 6:50,June,2.8,2.78
06/20/2024 6:55,June,2.8,2.78
06/20/2024 7:00,June,3.01,2.98
06/20/2024 7:05,June,0,0
06/20/2024 7:10,June,2.72,2.7
06/20/2024 7:15,June,3.01,2.99
06/20/2024 7:20,June,2.8,2.78
06/20/2024 7:25,June,2.91,2.89
06/20/2024 7:30,June,3,2.98
06/20/2024 7:35,June,3.09,3.07
06/20/2024 7:40,June,3.02,3
06/20/2024 7:45,June,3.25,3.23
06/20/2024 7:50,June,3.53,3.5
06/20/2024 7:55,June,3.9,3.87
06/20/2024 8:00,June,4.1,4.07
06/20/2024 8:05,June,0,0
06/20/2024 8:10,June,2.9,2.88
06/20/2024 8:15,June,3.25,3.22
06/20/2024 8:20,June,3.21,3.19
06/20/2024 8:25,June,3.45,3.42
06/20/2024 8:30,June,3.45,3.42
06/20/2024 8:35,June,3.45,3.42
06/20/2024 8:40,June,3.44,3.42
06/20/2024 8:45,June,3.44,3.42
06/20/2024 8:50,June,3.06,3.04
06/20/2024 8:55,June,3.44,3.42
06/20/2024 9:00,June,3.32,3.31
06/20/2024 9:05,June,0,0
06/20/2024 9:10,June,2.71,2.7
06/20/2024 9:15,June,2.81,2.8
06/20/2024 9:20,June,3.41,3.4
06/20/2024 9:25,June,3.3,3.28
06/20/2024 9:30,June,3.9,3.89
06/20/2024 9:35,June,3.9,3.89
06/20/2024 9:40,June,3.42,3.4
06/20/2024 9:45,June,3.69,3.67
06/20/2024 9:50,June,3.59,3.58
06/20/2024 9:55,June,3.6,3.59
06/20/2024 10:00,June,4,3.99
06/20/2024 10:05,June,0,0
06/20/2024 10:10,June,3.42,3.4
06/20/2024 10:15,June,3.54,3.52
06/20/2024 10:20,June,3.42,3.41
06/20/2024 10:25,June,3.42,3.41
06/20/2024 10:30,June,3.42,3.41
06/20/2024 10:35,June,4.77,4.76
06/20/2024 10:40,June,3.68,3.67
06/20/2024 10:45,June,3.6,3.58
06/20/2024 10:50,June,3.43,3.41
06/20/2024 10:55,June,3.78,3.76
06/20/2024 11:00,June,3.6,3.59
06/20/2024 11:05,June,2.75,2.74
06/20/2024 11:10,June,3.25,3.24
06/20/2024 11:15,June,3.43,3.42
06/20/2024 11:20,June,3.7,3.69
06/20/2024 11:25,June,4.46,4.44
06/20/2024 11:30,June,4.45,4.44
06/20/2024 11:35,June,4.77,4.75
06/20/2024 11:40,June,4.78,4.77
06/20/2024 11:45,June,3.69,3.68
06/20/2024 11:50,June,4.45,4.44
06/20/2024 11:55,June,4.47,4.45
06/20/2024 12:00,June,3.09,3.08
06/20/2024 12:05,June,2.47,2.46
06/20/2024 12:10,June,3.06,3.06
06/20/2024 12:15,June,3.05,3.04
06/20/2024 12:20,June,3.31,3.3
06/20/2024 12:25,June,3.98,3.98
06/20/2024 12:30,June,4.68,4.68
06/20/2024 12:35,June,3.26,3.24
06/20/2024 12:40,June,3.29,3.28
06/20/2024 12:45,June,3.07,3.07
06/20/2024 12:50,June,3.25,3.24
06/20/2024 12:55,June,4.78,4.77
06/20/2024 13:00,June,7.01,7
06/20/2024 13:05,June,18.55,18.52
06/20/2024 13:10,June,18.06,18.03
06/20/2024 13:15,June,27.08,27.02
06/20/2024 13:20,June,24.21,24.13
06/20/2024 13:25,June,13.26,13.2
06/20/2024 13:30,June,9.26,9.19
06/20/2024 13:35,June,9.27,9.19
06/20/2024 13:40,June,5.13,5.08
06/20/2024 13:45,June,5.08,5.04
06/20/2024 13:50,June,5.06,5.02
06/20/2024 13:55,June,5.1,5.06
06/20/2024 14:00,June,5.14,5.1
06/20/2024 14:05,June,7.06,7.03
06/20/2024 14:10,June,7.06,7.03
06/20/2024 14:15,June,7.07,7.03
06/20/2024 14:20,June,4.97,4.94
06/20/2024 14:25,June,4.93,4.9
06/20/2024 14:30,June,5.05,5.03
06/20/2024 14:35,June,5.06,5.03
06/20/2024 14:40,June,25.93,25.81
06/20/2024 14:45,June,17.97,17.89
06/20/2024 14:50,June,13.33,13.27
06/20/2024 14:55,June,9.26,9.21
06/20/2024 15:00,June,7.1,7.06
06/20/2024 15:05,June,22.63,22.47
06/20/2024 15:10,June,9.27,9.2
06/20/2024 15:15,June,12.07,11.98
06/20/2024 15:20,June,9.29,9.21
06/20/2024 15:25,June,9.25,9.17
06/20/2024 15:30,June,5.11,5.07
06/20/2024 15:35,June,9.25,9.17
06/20/2024 15:40,June,9.23,9.16
06/20/2024 15:45,June,9.22,9.16
06/20/2024 15:50,June,5.11,5.07
06/20/2024 15:55,June,5.11,5.07
06/20/2024 16:00,June,5.14,5.1
06/20/2024 16:05,June,5.17,5.12
06/20/2024 16:10,June,5.14,5.09
06/20/2024 16:15,June,5.14,5.09
06/20/2024 16:20,June,5.18,5.14
06/20/2024 16:25,June,5.1,5.05
06/20/2024 16:30,June,5.12,5.07
06/20/2024 16:35,June,5.07,5.02
06/20/2024 16:40,June,5.08,5.04
06/20/2024 16:45,June,5.05,5.01
06/20/2024 16:50,June,5.09,5.04
06/20/2024 16:55,June,5.07,5.03
06/20/2024 17:00,June,5.05,5
06/20/2024 17:05,June,5.02,4.98
06/20/2024 17:10,June,4.99,4.95
06/20/2024 17:15,June,4.93,4.89
06/20/2024 17:20,June,4.99,4.96
06/20/2024 17:25,June,5.01,4.97
06/20/2024 17:30,June,4.98,4.94
06/20/2024 17:35,June,4.98,4.94
06/20/2024 17:40,June,5.01,4.97
06/20/2024 17:45,June,4.98,4.94
06/20/2024 17:50,June,4.97,4.93
06/20/2024 17:55,June,4.94,4.91
06/20/2024 18:00,June,4.96,4.92
06/20/2024 18:05,June,4.91,4.87
06/20/2024 18:10,June,4.91,4.87
06/20/2024 18:15,June,5.05,5.01
06/20/2024 18:20,June,5.11,5.07
06/20/2024 18:25,June,5.13,5.09
06/20/2024 18:30,June,5.12,5.08
06/20/2024 18:35,June,5.12,5.08
06/20/2024 18:40,June,5.1,5.06
06/20/2024 18:45,June,5.04,5
06/20/2024 18:50,June,5.11,5.07
06/20/2024 18:55,June,5.06,5.02
06/20/2024 19:00,June,5.07,5.03
06/20/2024 19:05,June,5.13,5.09
06/20/2024 19:10,June,5.18,5.14
06/20/2024 19:15,June,5.21,5.17
06/20/2024 19:20,June,5.2,5.16
06/20/2024 19:25,June,19.05,18.92
06/20/2024 19:30,June,7.17,7.12
06/20/2024 19:35,June,5.23,5.19
06/20/2024 19:40,June,5.23,5.19
06/20/2024 19:45,June,29.06,28.79
06/20/2024 19:50,June,30.65,30.36
06/20/2024 19:55,June,9.27,9.17
06/20/2024 20:00,June,6.99,6.92
06/20/2024 20:05,June,33.5,33.08
06/20/2024 20:10,June,30.93,30.53
06/20/2024 20:15,June,13.22,13.05
06/20/2024 20:20,June,13.27,13.11
06/20/2024 20:25,June,13.32,13.16
06/20/2024 20:30,June,12.17,12.02
06/20/2024 20:35,June,12.13,11.98
06/20/2024 20:40,June,13.23,13.07
06/20/2024 20:45,June,12.1,11.95
06/20/2024 20:50,June,12.05,11.9
06/20/2024 20:55,June,26.48,26.15
06/20/2024 21:00,June,12.12,11.97
06/20/2024 21:05,June,28.69,28.33
06/20/2024 21:10,June,9.33,9.21
06/20/2024 21:15,June,5.84,5.77
06/20/2024 21:20,June,4.5,4.44
06/20/2024 21:25,June,5.2,5.14
06/20/2024 21:30,June,4.24,4.19
06/20/2024 21:35,June,4.24,4.19
06/20/2024 21:40,June,4.4,4.34
06/20/2024 21:45,June,4.41,4.36
06/20/2024 21:50,June,4.41,4.36
06/20/2024 21:55,June,4.71,4.66
06/20/2024 22:00,June,4.54,4.48
06/20/2024 22:05,June,31.37,31
06/20/2024 22:10,June,12,11.86
06/20/2024 22:15,June,5.2,5.14
06/20/2024 22:20,June,5.19,5.12
06/20/2024 22:25,June,5.08,5.02
06/20/2024 22:30,June,4.73,4.67
06/20/2024 22:35,June,5.16,5.1
06/20/2024 22:40,June,4.74,4.68
06/20/2024 22:45,June,4.74,4.68
06/20/2024 22:50,June,5.16,5.1
06/20/2024 22:55,June,4.74,4.68
06/20/2024 23:00,June,4.49,4.43
06/20/2024 23:05,June,17.94,17.73
06/20/2024 23:10,June,5.14,5.08
06/20/2024 23:15,June,5.08,5.02
06/20/2024 23:20,June,4.59,4.54
06/20/2024 23:25,June,4.43,4.37
06/20/2024 23:30,June,4.45,4.4
06/20/2024 23:35,June,4.57,4.51
06/20/2024 23:40,June,4.71,4.65
06/20/2024 23:45,June,4.47,4.41
06/20/2024 23:50,June,4.57,4.51
06/20/2024 23:55,June,4.71,4.65
06/21/2024 0:00,June,4.6,4.54
06/21/2024 0:05,June,10.07,9.94
06/21/2024 0:10,June,5.13,5.07
06/21/2024 0:15,June,4.96,4.9
06/21/2024 0:20,June,4.96,4.9
06/21/2024 0:25,June,4.4,4.34
06/21/2024 0:30,June,4.41,4.35
06/21/2024 0:35,June,4.95,4.88
06/21/2024 0:40,June,4.43,4.37
06/21/2024 0:45,June,4.41,4.35
06/21/2024 0:50,June,4.43,4.37
06/21/2024 0:55,June,4.41,4.36
06/21/2024 1:00,June,4.42,4.37
06/21/2024 1:05,June,4.95,4.89
06/21/2024 1:10,June,4.96,4.9
06/21/2024 1:15,June,4.71,4.65
06/21/2024 1:20,June,4.6,4.54
06/21/2024 1:25,June,4.71,4.65
06/21/2024 1:30,June,4.71,4.66
06/21/2024 1:35,June,4.72,4.66
06/21/2024 1:40,June,4.72,4.67
06/21/2024 1:45,June,4.96,4.9
06/21/2024 1:50,June,4.72,4.67
06/21/2024 1:55,June,4.73,4.68
06/21/2024 2:00,June,4.72,4.67
06/21/2024 2:05,June,4.6,4.55
06/21/2024 2:10,June,4.55,4.51
06/21/2024 2:15,June,4.48,4.43
06/21/2024 2:20,June,3.05,3.02
06/21/2024 2:25,June,4.24,4.19
06/21/2024 2:30,June,4.23,4.18
06/21/2024 2:35,June,4.14,4.09
06/21/2024 2:40,June,4.21,4.16
06/21/2024 2:45,June,4.21,4.16
06/21/2024 2:50,June,4.14,4.09
06/21/2024 2:55,June,3.25,3.21
06/21/2024 3:00,June,3.61,3.56
06/21/2024 3:05,June,3.52,3.48
06/21/2024 3:10,June,3.52,3.48
06/21/2024 3:15,June,3.52,3.48
06/21/2024 3:20,June,2.84,2.81
06/21/2024 3:25,June,2.94,2.91
06/21/2024 3:30,June,3.52,3.47
06/21/2024 3:35,June,3.52,3.48
06/21/2024 3:40,June,3.52,3.48
06/21/2024 3:45,June,3.52,3.47
06/21/2024 3:50,June,3.52,3.47
06/21/2024 3:55,June,2.84,2.8
06/21/2024 4:00,June,2.84,2.8
06/21/2024 4:05,June,2.84,2.8
06/21/2024 4:10,June,3.72,3.67
06/21/2024 4:15,June,3.92,3.87
06/21/2024 4:20,June,3.56,3.51
06/21/2024 4:25,June,3.72,3.67
06/21/2024 4:30,June,2.84,2.8
06/21/2024 4:35,June,3.04,3
06/21/2024 4:40,June,3.55,3.51
06/21/2024 4:45,June,2.95,2.91
06/21/2024 4:50,June,3.72,3.67
06/21/2024 4:55,June,3.55,3.51
06/21/2024 5:00,June,3.55,3.51
06/21/2024 5:05,June,0,0
06/21/2024 5:10,June,2.83,2.79
06/21/2024 5:15,June,2.83,2.79
06/21/2024 5:20,June,2.83,2.79
06/21/2024 5:25,June,2.95,2.91
06/21/2024 5:30,June,2.95,2.91
06/21/2024 5:35,June,2.85,2.82
06/21/2024 5:40,June,2.94,2.91
06/21/2024 5:45,June,2.82,2.79
06/21/2024 5:50,June,2.82,2.79
06/21/2024 5:55,June,2.82,2.79
06/21/2024 6:00,June,2.82,2.79
06/21/2024 6:05,June,-0.99,-0.98
06/21/2024 6:10,June,0,0
06/21/2024 6:15,June,0,0
06/21/2024 6:20,June,2.5,2.47
06/21/2024 6:25,June,2.5,2.47
06/21/2024 6:30,June,2.81,2.78
06/21/2024 6:35,June,2.66,2.64
06/21/2024 6:40,June,2.73,2.7
06/21/2024 6:45,June,2.8,2.78
06/21/2024 6:50,June,2.8,2.77
06/21/2024 6:55,June,3.01,2.99
06/21/2024 7:00,June,3.12,3.09
06/21/2024 7:05,June,0,0
06/21/2024 7:10,June,0,0
06/21/2024 7:15,June,2.49,2.47
06/21/2024 7:20,June,2.8,2.78
06/21/2024 7:25,June,2.72,2.69
06/21/2024 7:30,June,3.01,2.99
06/21/2024 7:35,June,2.83,2.8
06/21/2024 7:40,June,3.52,3.49
06/21/2024 7:45,June,3.6,3.56
06/21/2024 7:50,June,3.91,3.87
06/21/2024 7:55,June,3.91,3.87
06/21/2024 8:00,June,3.6,3.57
06/21/2024 8:05,June,2.49,2.47
06/21/2024 8:10,June,2.82,2.8
06/21/2024 8:15,June,3.21,3.18
06/21/2024 8:20,June,3.35,3.32
06/21/2024 8:25,June,3.41,3.38
06/21/2024 8:30,June,3.38,3.36
06/21/2024 8:35,June,3.4,3.38
06/21/2024 8:40,June,3.42,3.4
06/21/2024 8:45,June,3.4,3.38
06/21/2024 8:50,June,4.11,4.09
06/21/2024 8:55,June,4.11,4.08
06/21/2024 9:00,June,4.11,4.08
06/21/2024 9:05,June,0,0
06/21/2024 9:10,June,3.38,3.36
06/21/2024 9:15,June,3.66,3.65
06/21/2024 9:20,June,3.65,3.64
06/21/2024 9:25,June,5.25,5.24
06/21/2024 9:30,June,5.25,5.23
06/21/2024 9:35,June,5.22,5.19
06/21/2024 9:40,June,5.23,5.2
06/21/2024 9:45,June,5.07,5.05
06/21/2024 9:50,June,4.54,4.52
06/21/2024 9:55,June,5.04,5.01
06/21/2024 10:00,June,5.02,5
06/21/2024 10:05,June,3.05,3.03
06/21/2024 10:10,June,4.54,4.51
06/21/2024 10:15,June,4.99,4.96
06/21/2024 10:20,June,4.53,4.5
06/21/2024 10:25,June,4.53,4.51
06/21/2024 10:30,June,4.48,4.46
06/21/2024 10:35,June,5.05,5.03
06/21/2024 10:40,June,4.59,4.57
06/21/2024 10:45,June,4.33,4.3
06/21/2024 10:50,June,4.52,4.49
06/21/2024 10:55,June,4.57,4.54
06/21/2024 11:00,June,3.35,3.33
06/21/2024 11:05,June,3.4,3.38
06/21/2024 11:10,June,4.57,4.55
06/21/2024 11:15,June,4.52,4.5
06/21/2024 11:20,June,4.98,4.95
06/21/2024 11:25,June,4.53,4.51
06/21/2024 11:30,June,4.57,4.55
06/21/2024 11:35,June,4.97,4.95
06/21/2024 11:40,June,4.38,4.36
06/21/2024 11:45,June,4.33,4.31
06/21/2024 11:50,June,4.02,4
06/21/2024 11:55,June,4.35,4.33
06/21/2024 12:00,June,2.74,2.73
06/21/2024 12:05,June,3.02,3
06/21/2024 12:10,June,3.21,3.21
06/21/2024 12:15,June,2.81,2.8
06/21/2024 12:20,June,4.21,4.2
06/21/2024 12:25,June,4.12,4.11
06/21/2024 12:30,June,4.43,4.42
06/21/2024 12:35,June,4.33,4.32
06/21/2024 12:40,June,4.47,4.46
06/21/2024 12:45,June,4.47,4.46
06/21/2024 12:50,June,4.93,4.92
06/21/2024 12:55,June,4.94,4.93
06/21/2024 13:00,June,4.56,4.54
06/21/2024 13:05,June,5.22,5.2
06/21/2024 13:10,June,11.53,11.51
06/21/2024 13:15,June,9.19,9.17
06/21/2024 13:20,June,9.2,9.17
06/21/2024 13:25,June,5.22,5.19
06/21/2024 13:30,June,9.23,9.18
06/21/2024 13:35,June,9.22,9.18
06/21/2024 13:40,June,5.04,5.01
06/21/2024 13:45,June,5.09,5.06
06/21/2024 13:50,June,5.2,5.17
06/21/2024 13:55,June,5.17,5.14
06/21/2024 14:00,June,5.21,5.18
06/21/2024 14:05,June,5.12,5.09
06/21/2024 14:10,June,5.14,5.12
06/21/2024 14:15,June,6.12,6.1
06/21/2024 14:20,June,12.09,12.04
06/21/2024 14:25,June,5.34,5.32
06/21/2024 14:30,June,10.18,10.14
06/21/2024 14:35,June,12.54,12.49
06/21/2024 14:40,June,15.21,15.13
06/21/2024 14:45,June,12.1,12.04
06/21/2024 14:50,June,10.15,10.1
06/21/2024 14:55,June,11.51,11.45
06/21/2024 15:00,June,12.02,11.95
06/21/2024 15:05,June,6.27,6.23
06/21/2024 15:10,June,6.28,6.24
06/21/2024 15:15,June,10.22,10.16
06/21/2024 15:20,June,6.27,6.23
06/21/2024 15:25,June,10.24,10.17
06/21/2024 15:30,June,9.22,9.16
06/21/2024 15:35,June,13.17,13.07
06/21/2024 15:40,June,12.02,11.93
06/21/2024 15:45,June,5.24,5.2
06/21/2024 15:50,June,5.2,5.15
06/21/2024 15:55,June,5.21,5.17
06/21/2024 16:00,June,5.17,5.13
06/21/2024 16:05,June,5.07,5.03
06/21/2024 16:10,June,5.13,5.08
06/21/2024 16:15,June,5.11,5.06
06/21/2024 16:20,June,5.17,5.12
06/21/2024 16:25,June,5.05,5.01
06/21/2024 16:30,June,5.08,5.04
06/21/2024 16:35,June,5.21,5.17
06/21/2024 16:40,June,5.08,5.04
06/21/2024 16:45,June,5.11,5.07
06/21/2024 16:50,June,5.01,4.97
06/21/2024 16:55,June,5.02,4.98
06/21/2024 17:00,June,4.95,4.91
06/21/2024 17:05,June,4.96,4.91
06/21/2024 17:10,June,4.91,4.86
06/21/2024 17:15,June,4.64,4.6
06/21/2024 17:20,June,4.9,4.85
06/21/2024 17:25,June,4.64,4.59
06/21/2024 17:30,June,4.62,4.57
06/21/2024 17:35,June,4.64,4.59
06/21/2024 17:40,June,4.61,4.57
06/21/2024 17:45,June,4.64,4.59
06/21/2024 17:50,June,4.62,4.57
06/21/2024 17:55,June,4.63,4.69
06/21/2024 18:00,June,4.63,4.69
06/21/2024 18:05,June,4.35,4.4
06/21/2024 18:10,June,4.62,4.67
06/21/2024 18:15,June,4.62,4.68
06/21/2024 18:20,June,5,5.06
06/21/2024 18:25,June,5.11,5.16
06/21/2024 18:30,June,5.17,5.21
06/21/2024 18:35,June,5.13,5.17
06/21/2024 18:40,June,5.11,5.16
06/21/2024 18:45,June,5.11,5.16
06/21/2024 18:50,June,5.11,5.06
06/21/2024 18:55,June,5.05,5
06/21/2024 19:00,June,5.05,5
06/21/2024 19:05,June,5.12,5.07
06/21/2024 19:10,June,5.07,5.02
06/21/2024 19:15,June,5.08,5.03
06/21/2024 19:20,June,5.21,5.16
06/21/2024 19:25,June,5.1,5.05
06/21/2024 19:30,June,5.16,5.11
06/21/2024 19:35,June,5.14,5.09
06/21/2024 19:40,June,5.09,5.04
06/21/2024 19:45,June,5.17,5.12
06/21/2024 19:50,June,5.08,5.03
06/21/2024 19:55,June,5.15,5.1
06/21/2024 20:00,June,5.09,5.04
06/21/2024 20:05,June,5.21,5.15
06/21/2024 20:10,June,5.26,5.21
06/21/2024 20:15,June,5.25,5.19
06/21/2024 20:20,June,5.18,5.12
06/21/2024 20:25,June,5.2,5.15
06/21/2024 20:30,June,5.3,5.24
06/21/2024 20:35,June,5.29,5.23
06/21/2024 20:40,June,5.29,5.23
06/21/2024 20:45,June,5.27,5.21
06/21/2024 20:50,June,5.27,5.21
06/21/2024 20:55,June,5.3,5.24
06/21/2024 21:00,June,5.31,5.25
06/21/2024 21:05,June,13.2,13.05
06/21/2024 21:10,June,12.04,11.91
06/21/2024 21:15,June,29.07,28.73
06/21/2024 21:20,June,16.87,16.67
06/21/2024 21:25,June,12.01,11.88
06/21/2024 21:30,June,5.24,5.18
06/21/2024 21:35,June,5.3,5.24
06/21/2024 21:40,June,5.23,5.17
06/21/2024 21:45,June,5.23,5.17
06/21/2024 21:50,June,5.26,5.2
06/21/2024 21:55,June,4.49,4.43
06/21/2024 22:00,June,5.1,5.04
06/21/2024 22:05,June,3.79,3.79
06/21/2024 22:10,June,3.13,3.13
06/21/2024 22:15,June,3.4,3.4
06/21/2024 22:20,June,3.55,3.55
06/21/2024 22:25,June,3.35,3.34
06/21/2024 22:30,June,4.39,4.34
06/21/2024 22:35,June,4.75,4.68
06/21/2024 22:40,June,4.32,4.32
06/21/2024 22:45,June,3.99,3.96
06/21/2024 22:50,June,4.48,4.48
06/21/2024 22:55,June,3.98,3.95
06/21/2024 23:00,June,3.98,3.95
06/21/2024 23:05,June,5.04,5.04
06/21/2024 23:10,June,10.05,9.92
06/21/2024 23:15,June,4.2,4.17
06/21/2024 23:20,June,3.98,3.95
06/21/2024 23:25,June,3.98,3.95
06/21/2024 23:30,June,3.98,3.95
06/21/2024 23:35,June,3.94,3.91
06/21/2024 23:40,June,3.98,3.95
06/21/2024 23:45,June,3.98,3.95
06/21/2024 23:50,June,3.98,3.95
06/21/2024 23:55,June,3.97,3.94
06/22/2024 0:00,June,3.99,3.96
06/22/2024 0:05,June,5.03,4.97
06/22/2024 0:10,June,4.95,4.89
06/22/2024 0:15,June,4.96,4.9
06/22/2024 0:20,June,4.94,4.88
06/22/2024 0:25,June,3.81,3.78
06/22/2024 0:30,June,4.34,4.29
06/22/2024 0:35,June,4.74,4.67
06/22/2024 0:40,June,4.93,4.87
06/22/2024 0:45,June,4.74,4.67
06/22/2024 0:50,June,4.42,4.36
06/22/2024 0:55,June,4.42,4.36
06/22/2024 1:00,June,4.41,4.35
06/22/2024 1:05,June,4.41,4.35
06/22/2024 1:10,June,4.41,4.36
06/22/2024 1:15,June,4.41,4.35
06/22/2024 1:20,June,4.71,4.65
06/22/2024 1:25,June,4.4,4.34
06/22/2024 1:30,June,4.39,4.33
06/22/2024 1:35,June,4.33,4.28
06/22/2024 1:40,June,4.36,4.3
06/22/2024 1:45,June,4.33,4.27
06/22/2024 1:50,June,4.23,4.17
06/22/2024 1:55,June,4.31,4.26
06/22/2024 2:00,June,4.23,4.17
06/22/2024 2:05,June,4.23,4.17
06/22/2024 2:10,June,4.23,4.17
06/22/2024 2:15,June,4.22,4.17
06/22/2024 2:20,June,4.22,4.16
06/22/2024 2:25,June,4.21,4.15
06/22/2024 2:30,June,4.19,4.14
06/22/2024 2:35,June,4.19,4.14
06/22/2024 2:40,June,4.02,3.97
06/22/2024 2:45,June,4.02,3.96
06/22/2024 2:50,June,3.93,3.87
06/22/2024 2:55,June,3.93,3.87
06/22/2024 3:00,June,3.44,3.4
06/22/2024 3:05,June,2.93,2.89
06/22/2024 3:10,June,2.93,2.89
06/22/2024 3:15,June,2.95,2.95
06/22/2024 3:20,June,2.77,2.77
06/22/2024 3:25,June,2.75,2.75
06/22/2024 3:30,June,2.52,2.52
06/22/2024 3:35,June,2.52,2.52
06/22/2024 3:40,June,2.75,2.75
06/22/2024 3:45,June,3.11,3.11
06/22/2024 3:50,June,3.22,3.22
06/22/2024 3:55,June,3.36,3.36
06/22/2024 4:00,June,3.36,3.36
06/22/2024 4:05,June,3.87,3.87
06/22/2024 4:10,June,3.36,3.36
06/22/2024 4:15,June,3.51,3.51
06/22/2024 4:20,June,2.85,2.85
06/22/2024 4:25,June,2.91,2.91
06/22/2024 4:30,June,3.13,3.13
06/22/2024 4:35,June,3.22,3.22
06/22/2024 4:40,June,3.36,3.36
06/22/2024 4:45,June,3.35,3.35
06/22/2024 4:50,June,3.11,3.11
06/22/2024 4:55,June,3.22,3.22
06/22/2024 5:00,June,3.11,3.11
06/22/2024 5:05,June,3.22,3.22
06/22/2024 5:10,June,3.35,3.35
06/22/2024 5:15,June,3.22,3.22
06/22/2024 5:20,June,3.11,3.11
06/22/2024 5:25,June,3.35,3.35
06/22/2024 5:30,June,2.95,2.95
06/22/2024 5:35,June,2.77,2.77
06/22/2024 5:40,June,2.95,2.95
06/22/2024 5:45,June,3.22,3.22
06/22/2024 5:50,June,3.19,3.19
06/22/2024 5:55,June,3.22,3.22
06/22/2024 6:00,June,3.87,3.87
06/22/2024 6:05,June,0,0
06/22/2024 6:10,June,2.74,2.74
06/22/2024 6:15,June,2.75,2.75
06/22/2024 6:20,June,2.47,2.47
06/22/2024 6:25,June,2.9,2.9
06/22/2024 6:30,June,2.76,2.76
06/22/2024 6:35,June,2.75,2.75
06/22/2024 6:40,June,4.61,4.58
06/22/2024 6:45,June,3.76,3.76
06/22/2024 6:50,June,3.38,3.38
06/22/2024 6:55,June,3.38,3.38
06/22/2024 7:00,June,3.5,3.5
06/22/2024 7:05,June,3.12,3.12
06/22/2024 7:10,June,3.61,3.61
06/22/2024 7:15,June,3.65,3.65
06/22/2024 7:20,June,3.35,3.35
06/22/2024 7:25,June,3.6,3.6
06/22/2024 7:30,June,3.51,3.51
06/22/2024 7:35,June,3.87,3.87
06/22/2024 7:40,June,3.65,3.65
06/22/2024 7:45,June,3.65,3.63
06/22/2024 7:50,June,4.24,4.21
06/22/2024 7:55,June,4.23,4.2
06/22/2024 8:00,June,4.22,4.19
06/22/2024 8:05,June,0,0
06/22/2024 8:10,June,3.73,3.7
06/22/2024 8:15,June,4,3.97
06/22/2024 8:20,June,3.91,3.88
06/22/2024 8:25,June,4.2,4.17
06/22/2024 8:30,June,4.01,3.98
06/22/2024 8:35,June,4.01,3.98
06/22/2024 8:40,June,3.8,3.78
06/22/2024 8:45,June,4.19,4.16
06/22/2024 8:50,June,4,3.98
06/22/2024 8:55,June,3.8,3.77
06/22/2024 9:00,June,4.18,4.16
06/22/2024 9:05,June,3.43,3.42
06/22/2024 9:10,June,3.61,3.6
06/22/2024 9:15,June,4.17,4.16
06/22/2024 9:20,June,3.76,3.74
06/22/2024 9:25,June,3.69,3.67
06/22/2024 9:30,June,3.69,3.68
06/22/2024 9:35,June,3.68,3.67
06/22/2024 9:40,June,3.67,3.66
06/22/2024 9:45,June,3.68,3.66
06/22/2024 9:50,June,3.68,3.66
06/22/2024 9:55,June,3.67,3.66
06/22/2024 10:00,June,4.08,4.07
06/22/2024 10:05,June,3.78,3.77
06/22/2024 10:10,June,4.6,4.59
06/22/2024 10:15,June,4.2,4.18
06/22/2024 10:20,June,4.2,4.18
06/22/2024 10:25,June,5.06,5.05
06/22/2024 10:30,June,5.05,5.03
06/22/2024 10:35,June,4.28,4.27
06/22/2024 10:40,June,4.6,4.59
06/22/2024 10:45,June,4.25,4.24
06/22/2024 10:50,June,3.4,3.39
06/22/2024 10:55,June,4.05,4.04
06/22/2024 11:00,June,3.79,3.78
06/22/2024 11:05,June,3.24,3.22
06/22/2024 11:10,June,3.77,3.76
06/22/2024 11:15,June,3.79,3.77
06/22/2024 11:20,June,3.89,3.87
06/22/2024 11:25,June,3.77,3.75
06/22/2024 11:30,June,3.79,3.77
06/22/2024 11:35,June,3.78,3.77
06/22/2024 11:40,June,3.78,3.77
06/22/2024 11:45,June,3.79,3.78
06/22/2024 11:50,June,5.17,5.17
06/22/2024 11:55,June,4.06,4.05
06/22/2024 12:00,June,3.4,3.39
06/22/2024 12:05,June,3.33,3.32
06/22/2024 12:10,June,3.31,3.3
06/22/2024 12:15,June,3.79,3.77
06/22/2024 12:20,June,3.34,3.33
06/22/2024 12:25,June,5.05,5.04
06/22/2024 12:30,June,3.78,3.77
06/22/2024 12:35,June,3.91,3.9
06/22/2024 12:40,June,4.2,4.19
06/22/2024 12:45,June,5.08,5.08
06/22/2024 12:50,June,4.21,4.2
06/22/2024 12:55,June,5.21,5.21
06/22/2024 13:00,June,5,5
06/22/2024 13:05,June,5.05,5.05
06/22/2024 13:10,June,4.88,4.87
06/22/2024 13:15,June,5.01,5.01
06/22/2024 13:20,June,4.97,4.96
06/22/2024 13:25,June,5.06,5.05
06/22/2024 13:30,June,5.06,5.05
06/22/2024 13:35,June,5.05,5.03
06/22/2024 13:40,June,5.08,5.06
06/22/2024 13:45,June,5.06,5.04
06/22/2024 13:50,June,5.07,5.05
06/22/2024 13:55,June,4.23,4.2
06/22/2024 14:00,June,4.97,4.95
06/22/2024 14:05,June,4.9,4.87
06/22/2024 14:10,June,4.91,4.88
06/22/2024 14:15,June,4.94,4.92
06/22/2024 14:20,June,5.08,5.07
06/22/2024 14:25,June,5.09,5.07
06/22/2024 14:30,June,5.07,5.06
06/22/2024 14:35,June,5.06,5.05
06/22/2024 14:40,June,5.14,5.13
06/22/2024 14:45,June,5.08,5.06
06/22/2024 14:50,June,5.09,5.07
06/22/2024 14:55,June,5,4.98
06/22/2024 15:00,June,4.92,4.9
06/22/2024 15:05,June,28.89,28.8
06/22/2024 15:10,June,17.51,17.41
06/22/2024 15:15,June,5.09,5.06
06/22/2024 15:20,June,5.13,5.1
06/22/2024 15:25,June,5.03,4.99
06/22/2024 15:30,June,5.12,5.09
06/22/2024 15:35,June,5.13,5.1
06/22/2024 15:40,June,5.14,5.11
06/22/2024 15:45,June,5.1,5.06
06/22/2024 15:50,June,5.14,5.11
06/22/2024 15:55,June,4.97,4.94
06/22/2024 16:00,June,4.91,4.87
06/22/2024 16:05,June,4.47,4.44
06/22/2024 16:10,June,3.65,3.62
06/22/2024 16:15,June,4.23,4.2
06/22/2024 16:20,June,4.22,4.19
06/22/2024 16:25,June,4.24,4.21
06/22/2024 16:30,June,4.24,4.21
06/22/2024 16:35,June,4.04,4.01
06/22/2024 16:40,June,4.47,4.43
06/22/2024 16:45,June,4.16,4.13
06/22/2024 16:50,June,4.04,4.01
06/22/2024 16:55,June,4.04,4.01
06/22/2024 17:00,June,3.66,3.63
06/22/2024 17:05,June,3.26,3.23
06/22/2024 17:10,June,3.66,3.63
06/22/2024 17:15,June,4.09,4.05
06/22/2024 17:20,June,4.36,4.32
06/22/2024 17:25,June,3.85,3.81
06/22/2024 17:30,June,4.05,4.01
06/22/2024 17:35,June,4.25,4.2
06/22/2024 17:40,June,4.24,4.19
06/22/2024 17:45,June,4.96,4.91
06/22/2024 17:50,June,4.95,4.9
06/22/2024 17:55,June,4.9,4.85
06/22/2024 18:00,June,4.9,4.86
06/22/2024 18:05,June,3.48,3.45
06/22/2024 18:10,June,4.3,4.26
06/22/2024 18:15,June,4.38,4.34
06/22/2024 18:20,June,4.91,4.87
06/22/2024 18:25,June,4.98,4.93
06/22/2024 18:30,June,5.1,5.05
06/22/2024 18:35,June,5.15,5.1
06/22/2024 18:40,June,5.18,5.13
06/22/2024 18:45,June,5.18,5.13
06/22/2024 18:50,June,5.05,5
06/22/2024 18:55,June,5.1,5.05
06/22/2024 19:00,June,5.03,4.98
06/22/2024 19:05,June,4.93,4.88
06/22/2024 19:10,June,4.94,4.89
06/22/2024 19:15,June,4.93,4.88
06/22/2024 19:20,June,4.88,4.83
06/22/2024 19:25,June,4.84,4.79
06/22/2024 19:30,June,4.84,4.79
06/22/2024 19:35,June,4.83,4.78
06/22/2024 19:40,June,4.62,4.57
06/22/2024 19:45,June,4.23,4.19
06/22/2024 19:50,June,4.61,4.56
06/22/2024 19:55,June,4.48,4.44
06/22/2024 20:00,June,4.5,4.45
06/22/2024 20:05,June,4.84,4.79
06/22/2024 20:10,June,4.98,4.92
06/22/2024 20:15,June,4.98,4.93
06/22/2024 20:20,June,5.08,5.03
06/22/2024 20:25,June,5.05,4.99
06/22/2024 20:30,June,5.04,4.99
06/22/2024 20:35,June,4.98,4.92
06/22/2024 20:40,June,4.95,4.9
06/22/2024 20:45,June,4.84,4.79
06/22/2024 20:50,June,5.01,4.96
06/22/2024 20:55,June,5.08,5.03
06/22/2024 21:00,June,5.15,5.1
06/22/2024 21:05,June,29.19,28.89
06/22/2024 21:10,June,16.64,16.47
06/22/2024 21:15,June,5.84,5.78
06/22/2024 21:20,June,5.23,5.18
06/22/2024 21:25,June,5.24,5.18
06/22/2024 21:30,June,4.98,4.92
06/22/2024 21:35,June,5.2,5.14
06/22/2024 21:40,June,5.21,5.15
06/22/2024 21:45,June,5.21,5.15
06/22/2024 21:50,June,5.2,5.14
06/22/2024 21:55,June,5.19,5.14
06/22/2024 22:00,June,5.09,5.03
06/22/2024 22:05,June,5.21,5.15
06/22/2024 22:10,June,5.21,5.15
06/22/2024 22:15,June,4.94,4.88
06/22/2024 22:20,June,4.81,4.76
06/22/2024 22:25,June,4.82,4.76
06/22/2024 22:30,June,4.77,4.72
06/22/2024 22:35,June,4.78,4.72
06/22/2024 22:40,June,4.72,4.66
06/22/2024 22:45,June,4.72,4.66
06/22/2024 22:50,June,3.75,3.7
06/22/2024 22:55,June,3.69,3.64
06/22/2024 23:00,June,3.69,3.64
06/22/2024 23:05,June,5.04,4.98
06/22/2024 23:10,June,5.04,4.98
06/22/2024 23:15,June,5.04,4.98
06/22/2024 23:20,June,5.01,4.95
06/22/2024 23:25,June,4.97,4.91
06/22/2024 23:30,June,4.81,4.75
06/22/2024 23:35,June,4.79,4.73
06/22/2024 23:40,June,4.79,4.72
06/22/2024 23:45,June,4.77,4.7
06/22/2024 23:50,June,4.35,4.29
06/22/2024 23:55,June,3.55,3.5
06/23/2024 0:00,June,3.55,3.5
06/23/2024 0:05,June,4.35,4.29
06/23/2024 0:10,June,4.36,4.3
06/23/2024 0:15,June,4.36,4.31
06/23/2024 0:20,June,4.6,4.54
06/23/2024 0:25,June,3.69,3.65
06/23/2024 0:30,June,4.35,4.29
06/23/2024 0:35,June,4.35,4.3
06/23/2024 0:40,June,3.76,3.71
06/23/2024 0:45,June,3.95,3.9
06/23/2024 0:50,June,3.95,3.9
06/23/2024 0:55,June,3.69,3.64
06/23/2024 1:00,June,3.84,3.79
06/23/2024 1:05,June,3.76,3.71
06/23/2024 1:10,June,3.35,3.31
06/23/2024 1:15,June,3.09,3.05
06/23/2024 1:20,June,3.7,3.65
06/23/2024 1:25,June,3.61,3.57
06/23/2024 1:30,June,3.33,3.29
06/23/2024 1:35,June,3.13,3.09
06/23/2024 1:40,June,3.22,3.17
06/23/2024 1:45,June,3.28,3.24
06/23/2024 1:50,June,3.32,3.28
06/23/2024 1:55,June,2.86,2.82
06/23/2024 2:00,June,2.85,2.82
06/23/2024 2:05,June,2.94,2.91
06/23/2024 2:10,June,2.93,2.89
06/23/2024 2:15,June,3.04,3
06/23/2024 2:20,June,3.04,3
06/23/2024 2:25,June,2.99,2.95
06/23/2024 2:30,June,2.99,2.95
06/23/2024 2:35,June,2.94,2.91
06/23/2024 2:40,June,2.99,2.95
06/23/2024 2:45,June,2.87,2.83
06/23/2024 2:50,June,2.94,2.9
06/23/2024 2:55,June,2.93,2.89
06/23/2024 3:00,June,2.86,2.83
06/23/2024 3:05,June,2.85,2.81
06/23/2024 3:10,June,2.94,2.91
06/23/2024 3:15,June,2.86,2.83
06/23/2024 3:20,June,2.86,2.83
06/23/2024 3:25,June,2.86,2.83
06/23/2024 3:30,June,2.88,2.84
06/23/2024 3:35,June,2.84,2.81
06/23/2024 3:40,June,2.84,2.81
06/23/2024 3:45,June,2.73,2.69
06/23/2024 3:50,June,2.61,2.58
06/23/2024 3:55,June,2.84,2.81
06/23/2024 4:00,June,2.76,2.73
06/23/2024 4:05,June,2.84,2.81
06/23/2024 4:10,June,2.92,2.89
06/23/2024 4:15,June,2.85,2.82
06/23/2024 4:20,June,2.92,2.89
06/23/2024 4:25,June,2.97,2.94
06/23/2024 4:30,June,2.97,2.94
06/23/2024 4:35,June,2.92,2.89
06/23/2024 4:40,June,2.85,2.82
06/23/2024 4:45,June,2.97,2.94
06/23/2024 4:50,June,2.97,2.93
06/23/2024 4:55,June,2.97,2.93
06/23/2024 5:00,June,2.92,2.89
06/23/2024 5:05,June,2.74,2.71
06/23/2024 5:10,June,3.29,3.25
06/23/2024 5:15,June,2.94,2.9
06/23/2024 5:20,June,2.92,2.89
06/23/2024 5:25,June,2.84,2.81
06/23/2024 5:30,June,2.85,2.81
06/23/2024 5:35,June,0,0
06/23/2024 5:40,June,0,0
06/23/2024 5:45,June,2.72,2.69
06/23/2024 5:50,June,2.68,2.66
06/23/2024 5:55,June,2.84,2.81
06/23/2024 6:00,June,2.73,2.71
06/23/2024 6:05,June,0,0
06/23/2024 6:10,June,0,0
06/23/2024 6:15,June,0,0
06/23/2024 6:20,June,2.46,2.44
06/23/2024 6:25,June,2.68,2.66
06/23/2024 6:30,June,2.67,2.65
06/23/2024 6:35,June,2.67,2.65
06/23/2024 6:40,June,2.7,2.68
06/23/2024 6:45,June,2.75,2.73
06/23/2024 6:50,June,2.77,2.75
06/23/2024 6:55,June,2.77,2.75
06/23/2024 7:00,June,2.77,2.75
06/23/2024 7:05,June,0,0
06/23/2024 7:10,June,2.66,2.65
06/23/2024 7:15,June,0,0
06/23/2024 7:20,June,2.66,2.64
06/23/2024 7:25,June,2.66,2.65
06/23/2024 7:30,June,2.66,2.64
06/23/2024 7:35,June,2.66,2.64
06/23/2024 7:40,June,2.66,2.64
06/23/2024 7:45,June,2.69,2.68
06/23/2024 7:50,June,2.65,2.64
06/23/2024 7:55,June,2.78,2.77
06/23/2024 8:00,June,2.73,2.72
06/23/2024 8:05,June,0,0
06/23/2024 8:10,June,2.45,2.44
06/23/2024 8:15,June,0,0
06/23/2024 8:20,June,0,0
06/23/2024 8:25,June,2.44,2.43
06/23/2024 8:30,June,2.44,2.43
06/23/2024 8:35,June,2.44,2.43
06/23/2024 8:40,June,2.44,2.43
06/23/2024 8:45,June,3.03,3.01
06/23/2024 8:50,June,2.88,2.87
06/23/2024 8:55,June,2.88,2.87
06/23/2024 9:00,June,2.88,2.87
06/23/2024 9:05,June,2.71,2.7
06/23/2024 9:10,June,2.8,2.79
06/23/2024 9:15,June,3.79,3.78
06/23/2024 9:20,June,3.17,3.15
06/23/2024 9:25,June,3.17,3.15
06/23/2024 9:30,June,2.89,2.87
06/23/2024 9:35,June,2.88,2.87
06/23/2024 9:40,June,2.91,2.9
06/23/2024 9:45,June,2.81,2.8
06/23/2024 9:50,June,2.81,2.8
06/23/2024 9:55,June,2.9,2.89
06/23/2024 10:00,June,3.25,3.24
06/23/2024 10:05,June,0,0
06/23/2024 10:10,June,2.81,2.8
06/23/2024 10:15,June,2.66,2.65
06/23/2024 10:20,June,2.8,2.8
06/23/2024 10:25,June,2.79,2.78
06/23/2024 10:30,June,2.8,2.8
06/23/2024 10:35,June,2.8,2.8
06/23/2024 10:40,June,2.8,2.79
06/23/2024 10:45,June,2.8,2.8
06/23/2024 10:50,June,2.81,2.8
06/23/2024 10:55,June,2.81,2.8
06/23/2024 11:00,June,2.88,2.88
06/23/2024 11:05,June,2.81,2.8
06/23/2024 11:10,June,2.81,2.8
06/23/2024 11:15,June,2.81,2.8
06/23/2024 11:20,June,2.81,2.8
06/23/2024 11:25,June,2.81,2.8
06/23/2024 11:30,June,0,0
06/23/2024 11:35,June,2.89,2.88
06/23/2024 11:40,June,2.82,2.8
06/23/2024 11:45,June,2.91,2.9
06/23/2024 11:50,June,2.95,2.94
06/23/2024 11:55,June,2.94,2.92
06/23/2024 12:00,June,2.9,2.88
06/23/2024 12:05,June,3.49,3.48
06/23/2024 12:10,June,3.48,3.46
06/23/2024 12:15,June,3.43,3.4
06/23/2024 12:20,June,3.33,3.31
06/23/2024 12:25,June,4.77,4.73
06/23/2024 12:30,June,3.49,3.46
06/23/2024 12:35,June,2.93,2.9
06/23/2024 12:40,June,3.24,3.21
06/23/2024 12:45,June,3.48,3.46
06/23/2024 12:50,June,3.48,3.46
06/23/2024 12:55,June,3.28,3.27
06/23/2024 13:00,June,3.25,3.23
06/23/2024 13:05,June,4.81,4.77
06/23/2024 13:10,June,4,3.96
06/23/2024 13:15,June,3.48,3.45
06/23/2024 13:20,June,3.49,3.45
06/23/2024 13:25,June,3.67,3.64
06/23/2024 13:30,June,3.49,3.45
06/23/2024 13:35,June,3.78,3.75
06/23/2024 13:40,June,3.67,3.64
06/23/2024 13:45,June,3.26,3.23
06/23/2024 13:50,June,3.48,3.45
06/23/2024 13:55,June,3.48,3.45
06/23/2024 14:00,June,2.98,2.94
06/23/2024 14:05,June,4.85,4.81
06/23/2024 14:10,June,3.61,3.57
06/23/2024 14:15,June,3.56,3.52
06/23/2024 14:20,June,3.61,3.57
06/23/2024 14:25,June,4.25,4.2
06/23/2024 14:30,June,3.68,3.64
06/23/2024 14:35,June,3.52,3.48
06/23/2024 14:40,June,3.51,3.46
06/23/2024 14:45,June,3.54,3.5
06/23/2024 14:50,June,3.57,3.53
06/23/2024 14:55,June,3.52,3.48
06/23/2024 15:00,June,3.4,3.36
06/23/2024 15:05,June,3.58,3.54
06/23/2024 15:10,June,3.53,3.49
06/23/2024 15:15,June,3.58,3.54
06/23/2024 15:20,June,3.68,3.64
06/23/2024 15:25,June,3.59,3.55
06/23/2024 15:30,June,3.8,3.76
06/23/2024 15:35,June,3.59,3.56
06/23/2024 15:40,June,3.58,3.55
06/23/2024 15:45,June,3.52,3.48
06/23/2024 15:50,June,3.6,3.56
06/23/2024 15:55,June,3.69,3.65
06/23/2024 16:00,June,3.69,3.65
06/23/2024 16:05,June,3.62,3.58
06/23/2024 16:10,June,3.7,3.65
06/23/2024 16:15,June,3.63,3.59
06/23/2024 16:20,June,3.62,3.58
06/23/2024 16:25,June,3.85,3.8
06/23/2024 16:30,June,3.85,3.8
06/23/2024 16:35,June,3.64,3.59
06/23/2024 16:40,June,3.83,3.79
06/23/2024 16:45,June,3.6,3.56
06/23/2024 16:50,June,3.56,3.52
06/23/2024 16:55,June,3.53,3.49
06/23/2024 17:00,June,3.53,3.49
06/23/2024 17:05,June,3.58,3.54
06/23/2024 17:10,June,3.53,3.49
06/23/2024 17:15,June,3.53,3.49
06/23/2024 17:20,June,3.58,3.54
06/23/2024 17:25,June,3.59,3.55
06/23/2024 17:30,June,3.61,3.57
06/23/2024 17:35,June,3.63,3.59
06/23/2024 17:40,June,3.65,3.61
06/23/2024 17:45,June,3.65,3.61
06/23/2024 17:50,June,4.05,4.01
06/23/2024 17:55,June,4.11,4.07
06/23/2024 18:00,June,4.75,4.71
06/23/2024 18:05,June,5.16,5.11
06/23/2024 18:10,June,4.21,4.17
06/23/2024 18:15,June,5.15,5.1
06/23/2024 18:20,June,7.88,7.8
06/23/2024 18:25,June,5.16,5.11
06/23/2024 18:30,June,11.82,11.74
06/23/2024 18:35,June,5.13,5.1
06/23/2024 18:40,June,5.16,5.12
06/23/2024 18:45,June,4.11,4.07
06/23/2024 18:50,June,12.42,12.3
06/23/2024 18:55,June,5.13,5.08
06/23/2024 19:00,June,4.43,4.39
06/23/2024 19:05,June,3.9,3.86
06/23/2024 19:10,June,3.91,3.87
06/23/2024 19:15,June,3.89,3.86
06/23/2024 19:20,June,3.89,3.86
06/23/2024 19:25,June,3.88,3.84
06/23/2024 19:30,June,3.9,3.86
06/23/2024 19:35,June,3.9,3.86
06/23/2024 19:40,June,3.92,3.88
06/23/2024 19:45,June,4.1,4.06
06/23/2024 19:50,June,4.19,4.15
06/23/2024 19:55,June,4.04,4
06/23/2024 20:00,June,4.07,4.03
06/23/2024 20:05,June,5.19,5.14
06/23/2024 20:10,June,5.17,5.12
06/23/2024 20:15,June,5.19,5.14
06/23/2024 20:20,June,5.18,5.12
06/23/2024 20:25,June,5.18,5.13
06/23/2024 20:30,June,5.17,5.12
06/23/2024 20:35,June,5.18,5.13
06/23/2024 20:40,June,5.18,5.13
06/23/2024 20:45,June,5.17,5.12
06/23/2024 20:50,June,5.18,5.13
06/23/2024 20:55,June,5.17,5.12
06/23/2024 21:00,June,5.08,5.03
06/23/2024 21:05,June,12.11,11.98
06/23/2024 21:10,June,5.22,5.16
06/23/2024 21:15,June,5.18,5.13
06/23/2024 21:20,June,5.09,5.04
06/23/2024 21:25,June,5.22,5.16
06/23/2024 21:30,June,3.97,3.93
06/23/2024 21:35,June,5.18,5.12
06/23/2024 21:40,June,5.09,5.04
06/23/2024 21:45,June,5.11,5.06
06/23/2024 21:50,June,5.07,5.02
06/23/2024 21:55,June,4.27,4.23
06/23/2024 22:00,June,3.92,3.87
06/23/2024 22:05,June,4.28,4.23
06/23/2024 22:10,June,3.91,3.87
06/23/2024 22:15,June,3.83,3.78
06/23/2024 22:20,June,3.85,3.81
06/23/2024 22:25,June,3.95,3.91
06/23/2024 22:30,June,3.95,3.91
06/23/2024 22:35,June,3.86,3.82
06/23/2024 22:40,June,3.91,3.86
06/23/2024 22:45,June,3.9,3.85
06/23/2024 22:50,June,3.9,3.85
06/23/2024 22:55,June,3.89,3.84
06/23/2024 23:00,June,3.89,3.84
06/23/2024 23:05,June,4.34,4.29
06/23/2024 23:10,June,3.9,3.85
06/23/2024 23:15,June,3.91,3.85
06/23/2024 23:20,June,3.89,3.84
06/23/2024 23:25,June,3.88,3.83
06/23/2024 23:30,June,3.88,3.82
06/23/2024 23:35,June,3.87,3.82
06/23/2024 23:40,June,3.86,3.8
06/23/2024 23:45,June,3.86,3.8
06/23/2024 23:50,June,3.81,3.76
06/23/2024 23:55,June,3.8,3.75
06/24/2024 0:00,June,3.75,3.69
06/24/2024 0:05,June,3.89,3.84
06/24/2024 0:10,June,3.89,3.84
06/24/2024 0:15,June,3.78,3.73
06/24/2024 0:20,June,3.88,3.83
06/24/2024 0:25,June,3.92,3.87
06/24/2024 0:30,June,4.03,3.97
06/24/2024 0:35,June,3.92,3.87
06/24/2024 0:40,June,3.91,3.85
06/24/2024 0:45,June,3.79,3.74
06/24/2024 0:50,June,3.8,3.75
06/24/2024 0:55,June,3.89,3.83
06/24/2024 1:00,June,3.8,3.75
06/24/2024 1:05,June,3.92,3.87
06/24/2024 1:10,June,3.92,3.87
06/24/2024 1:15,June,3.8,3.75
06/24/2024 1:20,June,3.88,3.83
06/24/2024 1:25,June,3.88,3.83
06/24/2024 1:30,June,3.92,3.87
06/24/2024 1:35,June,3.81,3.76
06/24/2024 1:40,June,3.87,3.82
06/24/2024 1:45,June,3.87,3.82
06/24/2024 1:50,June,3.81,3.76
06/24/2024 1:55,June,3.8,3.75
06/24/2024 2:00,June,3.78,3.73
06/24/2024 2:05,June,3.28,3.24
06/24/2024 2:10,June,3.55,3.51
06/24/2024 2:15,June,3.55,3.51
06/24/2024 2:20,June,3.15,3.11
06/24/2024 2:25,June,3.27,3.23
06/24/2024 2:30,June,3.16,3.12
06/24/2024 2:35,June,3.17,3.14
06/24/2024 2:40,June,3.2,3.16
06/24/2024 2:45,June,3.17,3.14
06/24/2024 2:50,June,2.83,2.8
06/24/2024 2:55,June,3.07,3.04
06/24/2024 3:00,June,2.83,2.8
06/24/2024 3:05,June,2.83,2.8
06/24/2024 3:10,June,2.83,2.8
06/24/2024 3:15,June,2.83,2.8
06/24/2024 3:20,June,2.83,2.8
06/24/2024 3:25,June,2.83,2.8
06/24/2024 3:30,June,2.83,2.8
06/24/2024 3:35,June,3.04,3.01
06/24/2024 3:40,June,3.18,3.15
06/24/2024 3:45,June,3.17,3.14
06/24/2024 3:50,June,3.21,3.17
06/24/2024 3:55,June,3.04,3.01
06/24/2024 4:00,June,3.22,3.19
06/24/2024 4:05,June,3.2,3.16
06/24/2024 4:10,June,3.25,3.21
06/24/2024 4:15,June,3.24,3.2
06/24/2024 4:20,June,2.83,2.8
06/24/2024 4:25,June,2.96,2.93
06/24/2024 4:30,June,2.96,2.93
06/24/2024 4:35,June,2.97,2.93
06/24/2024 4:40,June,0,0
06/24/2024 4:45,June,2.55,2.53
06/24/2024 4:50,June,2.82,2.79
06/24/2024 4:55,June,2.83,2.8
06/24/2024 5:00,June,2.83,2.79
06/24/2024 5:05,June,0,0
06/24/2024 5:10,June,2.82,2.79
06/24/2024 5:15,June,2.96,2.93
06/24/2024 5:20,June,2.83,2.79
06/24/2024 5:25,June,2.96,2.92
06/24/2024 5:30,June,2.83,2.8
06/24/2024 5:35,June,2.95,2.92
06/24/2024 5:40,June,2.95,2.92
06/24/2024 5:45,June,0,0
06/24/2024 5:50,June,0,0
06/24/2024 5:55,June,2.82,2.79
06/24/2024 6:00,June,2.82,2.79
06/24/2024 6:05,June,0,0
06/24/2024 6:10,June,0,0
06/24/2024 6:15,June,0,0
06/24/2024 6:20,June,2.67,2.65
06/24/2024 6:25,June,2.64,2.62
06/24/2024 6:30,June,2.81,2.78
06/24/2024 6:35,June,2.94,2.92
06/24/2024 6:40,June,2.94,2.91
06/24/2024 6:45,June,2.81,2.78
06/24/2024 6:50,June,2.91,2.88
06/24/2024 6:55,June,2.94,2.91
06/24/2024 7:00,June,3.25,3.22
06/24/2024 7:05,June,0,0
06/24/2024 7:10,June,2.63,2.61
06/24/2024 7:15,June,2.81,2.78
06/24/2024 7:20,June,3.19,3.17
06/24/2024 7:25,June,3.21,3.19
06/24/2024 7:30,June,3.61,3.58
06/24/2024 7:35,June,3.61,3.58
06/24/2024 7:40,June,3.59,3.56
06/24/2024 7:45,June,3.35,3.33
06/24/2024 7:50,June,3.58,3.56
06/24/2024 7:55,June,3.81,3.78
06/24/2024 8:00,June,3.9,3.87
06/24/2024 8:05,June,0,0
06/24/2024 8:10,June,3.49,3.46
06/24/2024 8:15,June,3.5,3.47
06/24/2024 8:20,June,3.5,3.47
06/24/2024 8:25,June,3.49,3.45
06/24/2024 8:30,June,3.58,3.55
06/24/2024 8:35,June,3.86,3.82
06/24/2024 8:40,June,3.48,3.45
06/24/2024 8:45,June,3.56,3.53
06/24/2024 8:50,June,3.47,3.44
06/24/2024 8:55,June,3.55,3.51
06/24/2024 9:00,June,3.55,3.52
06/24/2024 9:05,June,2.53,2.51
06/24/2024 9:10,June,2.98,2.95
06/24/2024 9:15,June,2.83,2.81
06/24/2024 9:20,June,3.45,3.43
06/24/2024 9:25,June,3.46,3.43
06/24/2024 9:30,June,3.46,3.43
06/24/2024 9:35,June,2.83,2.81
06/24/2024 9:40,June,3.45,3.43
06/24/2024 9:45,June,3.44,3.43
06/24/2024 9:50,June,3.53,3.51
06/24/2024 9:55,June,3.8,3.78
06/24/2024 10:00,June,3.81,3.79
06/24/2024 10:05,June,3.59,3.57
06/24/2024 10:10,June,3.68,3.66
06/24/2024 10:15,June,3.59,3.57
06/24/2024 10:20,June,4.19,4.16
06/24/2024 10:25,June,4.14,4.11
06/24/2024 10:30,June,4.2,4.17
06/24/2024 10:35,June,4.19,4.17
06/24/2024 10:40,June,3.8,3.78
06/24/2024 10:45,June,3.8,3.78
06/24/2024 10:50,June,4.59,4.57
06/24/2024 10:55,June,4.27,4.25
06/24/2024 11:00,June,4.24,4.22
06/24/2024 11:05,June,2.82,2.81
06/24/2024 11:10,June,3.59,3.57
06/24/2024 11:15,June,3.78,3.76
06/24/2024 11:20,June,4.15,4.13
06/24/2024 11:25,June,4.17,4.15
06/24/2024 11:30,June,3.79,3.77
06/24/2024 11:35,June,3.97,3.95
06/24/2024 11:40,June,3.79,3.78
06/24/2024 11:45,June,3.78,3.77
06/24/2024 11:50,June,3.79,3.78
06/24/2024 11:55,June,3.78,3.76
06/24/2024 12:00,June,3.72,3.71
06/24/2024 12:05,June,3.44,3.43
06/24/2024 12:10,June,3.72,3.71
06/24/2024 12:15,June,3.72,3.71
06/24/2024 12:20,June,3.78,3.77
06/24/2024 12:25,June,3.79,3.78
06/24/2024 12:30,June,3.84,3.83
06/24/2024 12:35,June,3.8,3.79
06/24/2024 12:40,June,3.83,3.82
06/24/2024 12:45,June,4.19,4.16
06/24/2024 12:50,June,4.19,4.16
06/24/2024 12:55,June,4.22,4.18
06/24/2024 13:00,June,4.27,4.24
06/24/2024 13:05,June,4.24,4.23
06/24/2024 13:10,June,8.24,8.21
06/24/2024 13:15,June,12.05,12.01
06/24/2024 13:20,June,5.08,5.06
06/24/2024 13:25,June,5.08,5.06
06/24/2024 13:30,June,4.23,4.22
06/24/2024 13:35,June,4.23,4.21
06/24/2024 13:40,June,5.05,5.03
06/24/2024 13:45,June,5.06,5.03
06/24/2024 13:50,June,5.06,5.04
06/24/2024 13:55,June,4.57,4.55
06/24/2024 14:00,June,5.03,5.01
06/24/2024 14:05,June,4.47,4.46
06/24/2024 14:10,June,4.27,4.26
06/24/2024 14:15,June,4.29,4.27
06/24/2024 14:20,June,4.31,4.3
06/24/2024 14:25,June,4.3,4.28
06/24/2024 14:30,June,3.77,3.75
06/24/2024 14:35,June,4.19,4.18
06/24/2024 14:40,June,4.28,4.26
06/24/2024 14:45,June,4.29,4.27
06/24/2024 14:50,June,4.11,4.09
06/24/2024 14:55,June,4.18,4.16
06/24/2024 15:00,June,4.06,4.04
06/24/2024 15:05,June,13.16,13.11
06/24/2024 15:10,June,4.59,4.57
06/24/2024 15:15,June,4.58,4.57
06/24/2024 15:20,June,5.12,5.08
06/24/2024 15:25,June,3.96,3.93
06/24/2024 15:30,June,4.08,4.05
06/24/2024 15:35,June,4.09,4.06
06/24/2024 15:40,June,4.19,4.15
06/24/2024 15:45,June,4.18,4.15
06/24/2024 15:50,June,4.19,4.16
06/24/2024 15:55,June,4.21,4.18
06/24/2024 16:00,June,4.18,4.14
06/24/2024 16:05,June,4.22,4.18
06/24/2024 16:10,June,4.21,4.17
06/24/2024 16:15,June,4.23,4.2
06/24/2024 16:20,June,4.15,4.11
06/24/2024 16:25,June,4.19,4.15
06/24/2024 16:30,June,4.13,4.09
06/24/2024 16:35,June,4.09,4.05
06/24/2024 16:40,June,4.03,3.99
06/24/2024 16:45,June,3.99,3.96
06/24/2024 16:50,June,3.53,3.49
06/24/2024 16:55,June,3.28,3.25
06/24/2024 17:00,June,2.85,2.82
06/24/2024 17:05,June,3.05,3.03
06/24/2024 17:10,June,0,0
06/24/2024 17:15,June,2.72,2.7
06/24/2024 17:20,June,2.84,2.82
06/24/2024 17:25,June,3.29,3.26
06/24/2024 17:30,June,3.52,3.48
06/24/2024 17:35,June,3.06,3.02
06/24/2024 17:40,June,3.28,3.25
06/24/2024 17:45,June,3.7,3.66
06/24/2024 17:50,June,3.66,3.62
06/24/2024 17:55,June,3.7,3.66
06/24/2024 18:00,June,2.97,2.94
06/24/2024 18:05,June,4.03,3.98
06/24/2024 18:10,June,3.54,3.5
06/24/2024 18:15,June,3.85,3.8
06/24/2024 18:20,June,4.08,4.03
06/24/2024 18:25,June,4.13,4.08
06/24/2024 18:30,June,4.16,4.11
06/24/2024 18:35,June,4.18,4.13
06/24/2024 18:40,June,4.26,4.21
06/24/2024 18:45,June,4.22,4.17
06/24/2024 18:50,June,4.22,4.17
06/24/2024 18:55,June,4.08,4.03
06/24/2024 19:00,June,4.06,4.01
06/24/2024 19:05,June,4.17,4.12
06/24/2024 19:10,June,4.17,4.12
06/24/2024 19:15,June,4.15,4.1
06/24/2024 19:20,June,4.06,4.01
06/24/2024 19:25,June,4.05,4
06/24/2024 19:30,June,4.06,4.01
06/24/2024 19:35,June,4.05,4
06/24/2024 19:40,June,4.08,4.02
06/24/2024 19:45,June,4.06,4.01
06/24/2024 19:50,June,4.07,4.01
06/24/2024 19:55,June,4.07,4.01
06/24/2024 20:00,June,4.06,4.01
06/24/2024 20:05,June,4.2,4.15
06/24/2024 20:10,June,4.14,4.09
06/24/2024 20:15,June,4.13,4.08
06/24/2024 20:20,June,4.16,4.11
06/24/2024 20:25,June,4.16,4.1
06/24/2024 20:30,June,4.16,4.11
06/24/2024 20:35,June,4.14,4.09
06/24/2024 20:40,June,4.13,4.07
06/24/2024 20:45,June,4.16,4.11
06/24/2024 20:50,June,4.11,4.06
06/24/2024 20:55,June,4.12,4.07
06/24/2024 21:00,June,4.11,4.05
06/24/2024 21:05,June,29.02,28.64
06/24/2024 21:10,June,5.19,5.12
06/24/2024 21:15,June,4.01,3.96
06/24/2024 21:20,June,4.03,3.98
06/24/2024 21:25,June,4.07,4.01
06/24/2024 21:30,June,4.07,4.01
06/24/2024 21:35,June,5.05,4.98
06/24/2024 21:40,June,4.57,4.51
06/24/2024 21:45,June,4,3.94
06/24/2024 21:50,June,4.05,3.99
06/24/2024 21:55,June,4.07,4.01
06/24/2024 22:00,June,4.02,3.96
06/24/2024 22:05,June,8.25,8.14
06/24/2024 22:10,June,4.85,4.78
06/24/2024 22:15,June,4.01,3.95
06/24/2024 22:20,June,4.03,3.97
06/24/2024 22:25,June,3.99,3.93
06/24/2024 22:30,June,4.01,3.95
06/24/2024 22:35,June,3.9,3.84
06/24/2024 22:40,June,3.67,3.61
06/24/2024 22:45,June,3.58,3.53
06/24/2024 22:50,June,3.4,3.35
06/24/2024 22:55,June,3.38,3.33
06/24/2024 23:00,June,2.87,2.83
06/24/2024 23:05,June,4.01,3.95
06/24/2024 23:10,June,3.93,3.87
06/24/2024 23:15,June,3.7,3.65
06/24/2024 23:20,June,3.44,3.39
06/24/2024 23:25,June,3.58,3.52
06/24/2024 23:30,June,3.3,3.25
06/24/2024 23:35,June,3,2.96
06/24/2024 23:40,June,3.3,3.25
06/24/2024 23:45,June,3.17,3.13
06/24/2024 23:50,June,0,0
06/24/2024 23:55,June,2.8,2.76
06/25/2024 0:00,June,2.84,2.8
06/25/2024 0:05,June,3.79,3.74
06/25/2024 0:10,June,3.06,3.02
06/25/2024 0:15,June,3.3,3.25
06/25/2024 0:20,June,3.57,3.52
06/25/2024 0:25,June,3.58,3.53
06/25/2024 0:30,June,3.59,3.53
06/25/2024 0:35,June,3.58,3.53
06/25/2024 0:40,June,3.58,3.53
06/25/2024 0:45,June,3.58,3.53
06/25/2024 0:50,June,3.58,3.53
06/25/2024 0:55,June,3.29,3.25
06/25/2024 1:00,June,3.36,3.31
06/25/2024 1:05,June,3.58,3.53
06/25/2024 1:10,June,3.58,3.53
06/25/2024 1:15,June,3.58,3.53
06/25/2024 1:20,June,3.58,3.53
06/25/2024 1:25,June,3.58,3.54
06/25/2024 1:30,June,3.58,3.54
06/25/2024 1:35,June,3.64,3.6
06/25/2024 1:40,June,4.03,3.98
06/25/2024 1:45,June,3.92,3.87
06/25/2024 1:50,June,3.93,3.88
06/25/2024 1:55,June,3.66,3.61
06/25/2024 2:00,June,3.91,3.86
06/25/2024 2:05,June,3.75,3.7
06/25/2024 2:10,June,3.3,3.26
06/25/2024 2:15,June,3.64,3.6
06/25/2024 2:20,June,3.57,3.53
06/25/2024 2:25,June,3.58,3.53
06/25/2024 2:30,June,3.29,3.25
06/25/2024 2:35,June,3.2,3.16
06/25/2024 2:40,June,2.75,2.72
06/25/2024 2:45,June,3.06,3.03
06/25/2024 2:50,June,3.23,3.19
06/25/2024 2:55,June,2.83,2.8
06/25/2024 3:00,June,3.05,3.02
06/25/2024 3:05,June,3.11,3.08
06/25/2024 3:10,June,2.76,2.73
06/25/2024 3:15,June,2.83,2.79
06/25/2024 3:20,June,2.54,2.52
06/25/2024 3:25,June,2.54,2.52
06/25/2024 3:30,June,2.74,2.71
06/25/2024 3:35,June,2.82,2.79
06/25/2024 3:40,June,2.82,2.79
06/25/2024 3:45,June,3.52,3.48
06/25/2024 3:50,June,3.28,3.24
06/25/2024 3:55,June,2.82,2.79
06/25/2024 4:00,June,3.06,3.03
06/25/2024 4:05,June,2.83,2.8
06/25/2024 4:10,June,3.08,3.04
06/25/2024 4:15,June,2.97,2.94
06/25/2024 4:20,June,2.83,2.8
06/25/2024 4:25,June,3.03,3
06/25/2024 4:30,June,2.86,2.83
06/25/2024 4:35,June,2.83,2.8
06/25/2024 4:40,June,2.82,2.79
06/25/2024 4:45,June,2.55,2.52
06/25/2024 4:50,June,2.82,2.79
06/25/2024 4:55,June,2.97,2.94
06/25/2024 5:00,June,2.97,2.94
06/25/2024 5:05,June,0,0
06/25/2024 5:10,June,0,0
06/25/2024 5:15,June,2.82,2.79
06/25/2024 5:20,June,2.82,2.79
06/25/2024 5:25,June,2.82,2.79
06/25/2024 5:30,June,2.66,2.64
06/25/2024 5:35,June,0,0
06/25/2024 5:40,June,0,0
06/25/2024 5:45,June,2.7,2.67
06/25/2024 5:50,June,2.81,2.78
06/25/2024 5:55,June,2.81,2.78
06/25/2024 6:00,June,3.05,3.02
06/25/2024 6:05,June,0,0
06/25/2024 6:10,June,0,0
06/25/2024 6:15,June,2.8,2.77
06/25/2024 6:20,June,2.54,2.52
06/25/2024 6:25,June,2.79,2.77
06/25/2024 6:30,June,2.8,2.78
06/25/2024 6:35,June,2.79,2.77
06/25/2024 6:40,June,2.8,2.77
06/25/2024 6:45,June,3.04,3.02
06/25/2024 6:50,June,2.95,2.93
06/25/2024 6:55,June,3.04,3.02
06/25/2024 7:00,June,3.04,3.01
06/25/2024 7:05,June,0,0
06/25/2024 7:10,June,2.81,2.79
06/25/2024 7:15,June,2.81,2.79
06/25/2024 7:20,June,2.97,2.94
06/25/2024 7:25,June,3.04,3.01
06/25/2024 7:30,June,2.89,2.86
06/25/2024 7:35,June,2.94,2.91
06/25/2024 7:40,June,3.57,3.54
06/25/2024 7:45,June,3.57,3.54
06/25/2024 7:50,June,4.23,4.19
06/25/2024 7:55,June,3.58,3.55
06/25/2024 8:00,June,3.58,3.55
06/25/2024 8:05,June,0,0
06/25/2024 8:10,June,3.12,3.09
06/25/2024 8:15,June,3.69,3.66
06/25/2024 8:20,June,3.57,3.54
06/25/2024 8:25,June,3.57,3.54
06/25/2024 8:30,June,3.56,3.53
06/25/2024 8:35,June,3.55,3.52
06/25/2024 8:40,June,3.63,3.61
06/25/2024 8:45,June,3.68,3.65
06/25/2024 8:50,June,3.56,3.53
06/25/2024 8:55,June,3.67,3.65
06/25/2024 9:00,June,3.67,3.65
06/25/2024 9:05,June,2.64,2.63
06/25/2024 9:10,June,3.22,3.2
06/25/2024 9:15,June,3.5,3.48
06/25/2024 9:20,June,3.61,3.59
06/25/2024 9:25,June,3.5,3.48
06/25/2024 9:30,June,3.59,3.57
06/25/2024 9:35,June,4.22,4.19
06/25/2024 9:40,June,4.17,4.15
06/25/2024 9:45,June,4.16,4.13
06/25/2024 9:50,June,3.7,3.68
06/25/2024 9:55,June,4.13,4.11
06/25/2024 10:00,June,3.76,3.74
06/25/2024 10:05,June,2.95,2.93
06/25/2024 10:10,June,3.4,3.38
06/25/2024 10:15,June,3.6,3.59
06/25/2024 10:20,June,4.31,4.29
06/25/2024 10:25,June,4.36,4.35
06/25/2024 10:30,June,4.25,4.23
06/25/2024 10:35,June,4.15,4.13
06/25/2024 10:40,June,4.18,4.16
06/25/2024 10:45,June,3.77,3.75
06/25/2024 10:50,June,3.98,3.95
06/25/2024 10:55,June,4.17,4.14
06/25/2024 11:00,June,4.14,4.11
06/25/2024 11:05,June,3.61,3.59
06/25/2024 11:10,June,3.78,3.75
06/25/2024 11:15,June,3.6,3.58
06/25/2024 11:20,June,3.73,3.7
06/25/2024 11:25,June,3.63,3.61
06/25/2024 11:30,June,3.62,3.6
06/25/2024 11:35,June,3.78,3.75
06/25/2024 11:40,June,3.47,3.45
06/25/2024 11:45,June,3.47,3.45
06/25/2024 11:50,June,2.83,2.81
06/25/2024 11:55,June,2.82,2.81
06/25/2024 12:00,June,2.91,2.9
06/25/2024 12:05,June,2.91,2.9
06/25/2024 12:10,June,2.96,2.94
06/25/2024 12:15,June,3.06,3.05
06/25/2024 12:20,June,3.2,3.19
06/25/2024 12:25,June,3.03,3.01
06/25/2024 12:30,June,3.1,3.09
06/25/2024 12:35,June,3.47,3.45
06/25/2024 12:40,June,3.52,3.5
06/25/2024 12:45,June,3.22,3.2
06/25/2024 12:50,June,3.47,3.45
06/25/2024 12:55,June,3.43,3.41
06/25/2024 13:00,June,3.89,3.87
06/25/2024 13:05,June,3.9,3.87
06/25/2024 13:10,June,4.33,4.3
06/25/2024 13:15,June,4.34,4.31
06/25/2024 13:20,June,5.1,5.07
06/25/2024 13:25,June,4.3,4.28
06/25/2024 13:30,June,4.31,4.29
06/25/2024 13:35,June,5.1,5.07
06/25/2024 13:40,June,11.52,11.47
06/25/2024 13:45,June,11.6,11.55
06/25/2024 13:50,June,3.9,3.88
06/25/2024 13:55,June,3.88,3.86
06/25/2024 14:00,June,3.87,3.86
06/25/2024 14:05,June,7.96,7.93
06/25/2024 14:10,June,5.1,5.08
06/25/2024 14:15,June,5.1,5.08
06/25/2024 14:20,June,5.11,5.09
06/25/2024 14:25,June,4.37,4.35
06/25/2024 14:30,June,7.94,7.92
06/25/2024 14:35,June,5.11,5.09
06/25/2024 14:40,June,4.58,4.56
06/25/2024 14:45,June,4.58,4.57
06/25/2024 14:50,June,5.09,5.07
06/25/2024 14:55,June,4.5,4.48
06/25/2024 15:00,June,4.84,4.82
06/25/2024 15:05,June,13.08,13.03
06/25/2024 15:10,June,5.13,5.11
06/25/2024 15:15,June,5.13,5.11
06/25/2024 15:20,June,5.14,5.12
06/25/2024 15:25,June,5.16,5.14
06/25/2024 15:30,June,4.36,4.34
06/25/2024 15:35,June,5.15,5.13
06/25/2024 15:40,June,4.86,4.84
06/25/2024 15:45,June,5.12,5.1
06/25/2024 15:50,June,4.86,4.84
06/25/2024 15:55,June,4.52,4.5
06/25/2024 16:00,June,4.38,4.36
06/25/2024 16:05,June,4.53,4.51
06/25/2024 16:10,June,4.45,4.43
06/25/2024 16:15,June,4.46,4.44
06/25/2024 16:20,June,4.45,4.43
06/25/2024 16:25,June,4.41,4.38
06/25/2024 16:30,June,4.43,4.4
06/25/2024 16:35,June,4.45,4.42
06/25/2024 16:40,June,4.43,4.4
06/25/2024 16:45,June,4.47,4.44
06/25/2024 16:50,June,4.44,4.41
06/25/2024 16:55,June,4.39,4.35
06/25/2024 17:00,June,4.27,4.24
06/25/2024 17:05,June,4.32,4.28
06/25/2024 17:10,June,3.89,3.86
06/25/2024 17:15,June,3.86,3.83
06/25/2024 17:20,June,4.07,4.04
06/25/2024 17:25,June,4.24,4.2
06/25/2024 17:30,June,4.07,4.04
06/25/2024 17:35,June,4.07,4.04
06/25/2024 17:40,June,4.21,4.18
06/25/2024 17:45,June,4.18,4.15
06/25/2024 17:50,June,4.28,4.25
06/25/2024 17:55,June,4.34,4.3
06/25/2024 18:00,June,4.29,4.26
06/25/2024 18:05,June,3.91,3.88
06/25/2024 18:10,June,3.91,3.88
06/25/2024 18:15,June,3.94,3.91
06/25/2024 18:20,June,4.35,4.32
06/25/2024 18:25,June,4.38,4.34
06/25/2024 18:30,June,4.4,4.37
06/25/2024 18:35,June,4.43,4.4
06/25/2024 18:40,June,4.49,4.46
06/25/2024 18:45,June,4.43,4.39
06/25/2024 18:50,June,4.42,4.39
06/25/2024 18:55,June,4.44,4.41
06/25/2024 19:00,June,4.44,4.4
06/25/2024 19:05,June,4.43,4.4
06/25/2024 19:10,June,4.51,4.47
06/25/2024 19:15,June,4.49,4.45
06/25/2024 19:20,June,4.47,4.43
06/25/2024 19:25,June,4.47,4.44
06/25/2024 19:30,June,4.48,4.44
06/25/2024 19:35,June,4.5,4.46
06/25/2024 19:40,June,4.51,4.47
06/25/2024 19:45,June,4.5,4.46
06/25/2024 19:50,June,4.48,4.44
06/25/2024 19:55,June,4.48,4.44
06/25/2024 20:00,June,4.48,4.44
06/25/2024 20:05,June,5.23,5.18
06/25/2024 20:10,June,5.21,5.16
06/25/2024 20:15,June,4.93,4.89
06/25/2024 20:20,June,4.93,4.88
06/25/2024 20:25,June,4.93,4.89
06/25/2024 20:30,June,4.93,4.89
06/25/2024 20:35,June,4.91,4.87
06/25/2024 20:40,June,4.93,4.88
06/25/2024 20:45,June,4.91,4.87
06/25/2024 20:50,June,4.61,4.57
06/25/2024 20:55,June,4.47,4.42
06/25/2024 21:00,June,4.46,4.41
06/25/2024 21:05,June,26.82,26.54
06/25/2024 21:10,June,7.92,7.84
06/25/2024 21:15,June,5.23,5.18
06/25/2024 21:20,June,5.23,5.18
06/25/2024 21:25,June,5.23,5.18
06/25/2024 21:30,June,5.23,5.18
06/25/2024 21:35,June,16.29,16.12
06/25/2024 21:40,June,5.28,5.22
06/25/2024 21:45,June,5.26,5.2
06/25/2024 21:50,June,5.23,5.17
06/25/2024 21:55,June,5.23,5.17
06/25/2024 22:00,June,4.35,4.3
06/25/2024 22:05,June,11.44,11.32
06/25/2024 22:10,June,5.25,5.19
06/25/2024 22:15,June,5.24,5.18
06/25/2024 22:20,June,5.25,5.19
06/25/2024 22:25,June,5.62,5.56
06/25/2024 22:30,June,4.47,4.42
06/25/2024 22:35,June,5.26,5.2
06/25/2024 22:40,June,5.25,5.19
06/25/2024 22:45,June,3.87,3.83
06/25/2024 22:50,June,4.34,4.28
06/25/2024 22:55,June,3.88,3.83
06/25/2024 23:00,June,3.87,3.82
06/25/2024 23:05,June,5.61,5.54
06/25/2024 23:10,June,4.43,4.37
06/25/2024 23:15,June,5.26,5.2
06/25/2024 23:20,June,3.98,3.93
06/25/2024 23:25,June,3.98,3.93
06/25/2024 23:30,June,4.29,4.23
06/25/2024 23:35,June,3.97,3.92
06/25/2024 23:40,June,4.25,4.19
06/25/2024 23:45,June,4.23,4.17
06/25/2024 23:50,June,4.22,4.16
06/25/2024 23:55,June,4.22,4.16
06/26/2024 0:00,June,4.23,4.17
