Date and Time,Billing Month,BOTOLAN,OLONGAPO
6/26/2024 0:05,July,7.85,7.74
6/26/2024 0:10,July,5.26,5.19
6/26/2024 0:15,July,4.25,4.2
6/26/2024 0:20,July,4.17,4.11
6/26/2024 0:25,July,3.64,3.59
6/26/2024 0:30,July,3.96,3.91
6/26/2024 0:35,July,0,0
6/26/2024 0:40,July,3.58,3.53
6/26/2024 0:45,July,3.58,3.53
6/26/2024 0:50,July,3.88,3.83
6/26/2024 0:55,July,3.94,3.89
6/26/2024 1:00,July,3.11,3.07
6/26/2024 1:05,July,4.34,4.28
6/26/2024 1:10,July,4.23,4.17
6/26/2024 1:15,July,4.1,4.04
6/26/2024 1:20,July,3.94,3.88
6/26/2024 1:25,July,3.92,3.86
6/26/2024 1:30,July,3.9,3.84
6/26/2024 1:35,July,3.94,3.88
6/26/2024 1:40,July,3.59,3.53
6/26/2024 1:45,July,3.9,3.84
6/26/2024 1:50,July,3.58,3.53
6/26/2024 1:55,July,3.58,3.53
6/26/2024 2:00,July,3.58,3.53
6/26/2024 2:05,July,3.51,3.45
6/26/2024 2:10,July,3.79,3.73
6/26/2024 2:15,July,3.79,3.73
6/26/2024 2:20,July,3.77,3.72
6/26/2024 2:25,July,3.77,3.72
6/26/2024 2:30,July,3.55,3.5
6/26/2024 2:35,July,3.57,3.52
6/26/2024 2:40,July,3.57,3.52
6/26/2024 2:45,July,3.57,3.52
6/26/2024 2:50,July,3.51,3.46
6/26/2024 2:55,July,3.57,3.52
6/26/2024 3:00,July,3.57,3.52
6/26/2024 3:05,July,3.57,3.52
6/26/2024 3:10,July,3.64,3.6
6/26/2024 3:15,July,3.57,3.52
6/26/2024 3:20,July,3.57,3.52
6/26/2024 3:25,July,3,2.96
6/26/2024 3:30,July,3.12,3.08
6/26/2024 3:35,July,3.14,3.1
6/26/2024 3:40,July,3,2.96
6/26/2024 3:45,July,3.11,3.07
6/26/2024 3:50,July,3.11,3.07
6/26/2024 3:55,July,3.1,3.06
6/26/2024 4:00,July,2.83,2.8
6/26/2024 4:05,July,2.99,2.95
6/26/2024 4:10,July,3.55,3.51
6/26/2024 4:15,July,3.5,3.46
6/26/2024 4:20,July,3.1,3.06
6/26/2024 4:25,July,3.5,3.46
6/26/2024 4:30,July,3.22,3.18
6/26/2024 4:35,July,3.24,3.2
6/26/2024 4:40,July,3.5,3.46
6/26/2024 4:45,July,3.27,3.22
6/26/2024 4:50,July,3.5,3.46
6/26/2024 4:55,July,3.5,3.46
6/26/2024 5:00,July,3.5,3.46
6/26/2024 5:05,July,3.51,3.46
6/26/2024 5:10,July,3.64,3.59
6/26/2024 5:15,July,3.55,3.5
6/26/2024 5:20,July,2.56,2.53
6/26/2024 5:25,July,2.98,2.94
6/26/2024 5:30,July,3.1,3.06
6/26/2024 5:35,July,3.19,3.15
6/26/2024 5:40,July,3.19,3.15
6/26/2024 5:45,July,2.83,2.79
6/26/2024 5:50,July,2.83,2.79
6/26/2024 5:55,July,2.98,2.94
6/26/2024 6:00,July,2.83,2.8
6/26/2024 6:05,July,0,0
6/26/2024 6:10,July,0,0
6/26/2024 6:15,July,0,0
6/26/2024 6:20,July,0,0
6/26/2024 6:25,July,2.55,2.52
6/26/2024 6:30,July,2.79,2.76
6/26/2024 6:35,July,2.81,2.78
6/26/2024 6:40,July,2.81,2.78
6/26/2024 6:45,July,2.81,2.78
6/26/2024 6:50,July,2.81,2.78
6/26/2024 6:55,July,0,0
6/26/2024 7:00,July,3.09,3.06
6/26/2024 7:05,July,0,0
6/26/2024 7:10,July,2.54,2.52
6/26/2024 7:15,July,2.84,2.81
6/26/2024 7:20,July,2.81,2.78
6/26/2024 7:25,July,2.81,2.79
6/26/2024 7:30,July,2.94,2.92
6/26/2024 7:35,July,2.82,2.79
6/26/2024 7:40,July,3.48,3.45
6/26/2024 7:45,July,3.5,3.46
6/26/2024 7:50,July,3.5,3.46
6/26/2024 7:55,July,3.54,3.51
6/26/2024 8:00,July,4.02,3.98
6/26/2024 8:05,July,2.83,2.8
6/26/2024 8:10,July,3.51,3.48
6/26/2024 8:15,July,2.86,2.83
6/26/2024 8:20,July,3.06,3.03
6/26/2024 8:25,July,3.09,3.06
6/26/2024 8:30,July,3.57,3.54
6/26/2024 8:35,July,3.45,3.42
6/26/2024 8:40,July,3.45,3.42
6/26/2024 8:45,July,3.46,3.44
6/26/2024 8:50,July,3.77,3.74
6/26/2024 8:55,July,3.57,3.54
6/26/2024 9:00,July,3.47,3.44
6/26/2024 9:05,July,0,0
6/26/2024 9:10,July,2.99,2.96
6/26/2024 9:15,July,3.14,3.11
6/26/2024 9:20,July,3.46,3.42
6/26/2024 9:25,July,3.5,3.47
6/26/2024 9:30,July,4.37,4.34
6/26/2024 9:35,July,4.01,3.98
6/26/2024 9:40,July,4.02,3.99
6/26/2024 9:45,July,4.01,3.98
6/26/2024 9:50,July,3.79,3.77
6/26/2024 9:55,July,4.33,4.31
6/26/2024 10:00,July,3.81,3.79
6/26/2024 10:05,July,2.83,2.81
6/26/2024 10:10,July,3.67,3.64
6/26/2024 10:15,July,3.5,3.47
6/26/2024 10:20,July,3.49,3.47
6/26/2024 10:25,July,3.52,3.49
6/26/2024 10:30,July,4.34,4.32
6/26/2024 10:35,July,3.68,3.66
6/26/2024 10:40,July,3.87,3.84
6/26/2024 10:45,July,3.83,3.81
6/26/2024 10:50,July,3.8,3.78
6/26/2024 10:55,July,4.39,4.36
6/26/2024 11:00,July,4.15,4.13
6/26/2024 11:05,July,3.8,3.78
6/26/2024 11:10,July,3.81,3.79
6/26/2024 11:15,July,3.82,3.8
6/26/2024 11:20,July,3.79,3.77
6/26/2024 11:25,July,3.77,3.75
6/26/2024 11:30,July,3.78,3.76
6/26/2024 11:35,July,3.11,3.1
6/26/2024 11:40,July,3.48,3.47
6/26/2024 11:45,July,3.48,3.46
6/26/2024 11:50,July,3.45,3.43
6/26/2024 11:55,July,3.21,3.19
6/26/2024 12:00,July,2.92,2.91
6/26/2024 12:05,July,0,0
6/26/2024 12:10,July,0,0
6/26/2024 12:15,July,0,0
6/26/2024 12:20,July,2.82,2.8
6/26/2024 12:25,July,0,0
6/26/2024 12:30,July,2.75,2.73
6/26/2024 12:35,July,2.7,2.69
6/26/2024 12:40,July,2.75,2.74
6/26/2024 12:45,July,3.05,3.03
6/26/2024 12:50,July,3.44,3.42
6/26/2024 12:55,July,3.44,3.42
6/26/2024 13:00,July,3.44,3.42
6/26/2024 13:05,July,3.47,3.45
6/26/2024 13:10,July,3.47,3.45
6/26/2024 13:15,July,3.48,3.45
6/26/2024 13:20,July,3.22,3.2
6/26/2024 13:25,July,3.52,3.5
6/26/2024 13:30,July,3.48,3.46
6/26/2024 13:35,July,3.19,3.17
6/26/2024 13:40,July,3.46,3.43
6/26/2024 13:45,July,3.46,3.43
6/26/2024 13:50,July,2.83,2.81
6/26/2024 13:55,July,2.93,2.91
6/26/2024 14:00,July,2.83,2.81
6/26/2024 14:05,July,3.19,3.17
6/26/2024 14:10,July,3.14,3.11
6/26/2024 14:15,July,3.16,3.13
6/26/2024 14:20,July,3.21,3.18
6/26/2024 14:25,July,3.18,3.16
6/26/2024 14:30,July,0,0
6/26/2024 14:35,July,2.7,2.68
6/26/2024 14:40,July,2.83,2.81
6/26/2024 14:45,July,2.93,2.9
6/26/2024 14:50,July,2.84,2.81
6/26/2024 14:55,July,3.18,3.15
6/26/2024 15:00,July,3.19,3.16
6/26/2024 15:05,July,3.72,3.69
6/26/2024 15:10,July,3.47,3.44
6/26/2024 15:15,July,3.47,3.44
6/26/2024 15:20,July,3.73,3.69
6/26/2024 15:25,July,3.81,3.77
6/26/2024 15:30,July,2.95,2.92
6/26/2024 15:35,July,3.81,3.89
6/26/2024 15:40,July,3.54,3.51
6/26/2024 15:45,July,3.54,3.51
6/26/2024 15:50,July,3.54,3.5
6/26/2024 15:55,July,3.54,3.5
6/26/2024 16:00,July,3.82,3.78
6/26/2024 16:05,July,3.12,3.09
6/26/2024 16:10,July,3.71,3.67
6/26/2024 16:15,July,3.54,3.5
6/26/2024 16:20,July,3.71,3.67
6/26/2024 16:25,July,3.71,3.67
6/26/2024 16:30,July,3.71,3.67
6/26/2024 16:35,July,3.71,3.68
6/26/2024 16:40,July,3.84,3.8
6/26/2024 16:45,July,3.84,3.8
6/26/2024 16:50,July,3.84,3.8
6/26/2024 16:55,July,2.85,2.82
6/26/2024 17:00,July,3.38,3.34
6/26/2024 17:05,July,2.85,2.82
6/26/2024 17:10,July,2.85,2.82
6/26/2024 17:15,July,2.82,2.79
6/26/2024 17:20,July,2.86,2.83
6/26/2024 17:25,July,2.96,2.93
6/26/2024 17:30,July,3.11,3.08
6/26/2024 17:35,July,3.1,3.06
6/26/2024 17:40,July,3.5,3.46
6/26/2024 17:45,July,3.79,3.75
6/26/2024 17:50,July,3.7,3.66
6/26/2024 17:55,July,3.79,3.74
6/26/2024 18:00,July,3.7,3.66
6/26/2024 18:05,July,3.5,3.46
6/26/2024 18:10,July,3.8,3.76
6/26/2024 18:15,July,3.81,3.76
6/26/2024 18:20,July,3.84,3.8
6/26/2024 18:25,July,3.84,3.79
6/26/2024 18:30,July,3.86,3.82
6/26/2024 18:35,July,5.22,5.16
6/26/2024 18:40,July,4.05,4.01
6/26/2024 18:45,July,5.22,5.16
6/26/2024 18:50,July,4.61,4.56
6/26/2024 18:55,July,4.27,4.23
6/26/2024 19:00,July,4.26,4.21
6/26/2024 19:05,July,3.85,3.8
6/26/2024 19:10,July,3.86,3.82
6/26/2024 19:15,July,3.86,3.81
6/26/2024 19:20,July,3.85,3.81
6/26/2024 19:25,July,3.85,3.81
6/26/2024 19:30,July,3.85,3.8
6/26/2024 19:35,July,3.85,3.8
6/26/2024 19:40,July,3.86,3.81
6/26/2024 19:45,July,3.85,3.8
6/26/2024 19:50,July,3.81,3.77
6/26/2024 19:55,July,3.85,3.8
6/26/2024 20:00,July,3.86,3.81
6/26/2024 20:05,July,8.04,7.95
6/26/2024 20:10,July,4.12,4.07
6/26/2024 20:15,July,4.07,4.02
6/26/2024 20:20,July,4.16,4.11
6/26/2024 20:25,July,4.06,4.01
6/26/2024 20:30,July,4.02,3.97
6/26/2024 20:35,July,4.06,4.01
6/26/2024 20:40,July,4.09,4.04
6/26/2024 20:45,July,4.06,4.01
6/26/2024 20:50,July,3.87,3.83
6/26/2024 20:55,July,3.97,3.92
6/26/2024 21:00,July,3.82,3.77
6/26/2024 21:05,July,3.77,3.73
6/26/2024 21:10,July,3.78,3.74
6/26/2024 21:15,July,3.77,3.73
6/26/2024 21:20,July,3.76,3.71
6/26/2024 21:25,July,3.74,3.69
6/26/2024 21:30,July,3.77,3.72
6/26/2024 21:35,July,3.78,3.73
6/26/2024 21:40,July,3.74,3.69
6/26/2024 21:45,July,3.75,3.7
6/26/2024 21:50,July,3.05,3.01
6/26/2024 21:55,July,3.14,3.1
6/26/2024 22:00,July,2.72,2.69
6/26/2024 22:05,July,3.6,3.55
6/26/2024 22:10,July,3.61,3.57
6/26/2024 22:15,July,3.62,3.57
6/26/2024 22:20,July,3.61,3.55
6/26/2024 22:25,July,3.66,3.61
6/26/2024 22:30,July,3.83,3.78
6/26/2024 22:35,July,3.66,3.6
6/26/2024 22:40,July,3.65,3.59
6/26/2024 22:45,July,3.64,3.59
6/26/2024 22:50,July,3.62,3.56
6/26/2024 22:55,July,3.59,3.53
6/26/2024 23:00,July,3.07,3.02
6/26/2024 23:05,July,3.62,3.56
6/26/2024 23:10,July,3.6,3.55
6/26/2024 23:15,July,3.58,3.52
6/26/2024 23:20,July,2.71,2.67
6/26/2024 23:25,July,3.51,3.46
6/26/2024 23:30,July,3.51,3.46
6/26/2024 23:35,July,3.07,3.02
6/26/2024 23:40,July,3.06,3.02
6/26/2024 23:45,July,2.87,2.83
6/26/2024 23:50,July,3.01,2.97
6/26/2024 23:55,July,2.87,2.83
6/27/2024 0:00,July,0,0
6/27/2024 0:05,July,3.78,3.72
6/27/2024 0:10,July,3.58,3.53
6/27/2024 0:15,July,3.51,3.46
6/27/2024 0:20,July,3.51,3.46
6/27/2024 0:25,July,3.12,3.08
6/27/2024 0:30,July,3.54,3.49
6/27/2024 0:35,July,3.53,3.48
6/27/2024 0:40,July,3.53,3.48
6/27/2024 0:45,July,3.52,3.47
6/27/2024 0:50,July,3.55,3.5
6/27/2024 0:55,July,3.52,3.47
6/27/2024 1:00,July,3,2.96
6/27/2024 1:05,July,4.62,4.56
6/27/2024 1:10,July,4.03,3.98
6/27/2024 1:15,July,4.03,3.98
6/27/2024 1:20,July,3.93,3.88
6/27/2024 1:25,July,3.93,3.88
6/27/2024 1:30,July,3.77,3.72
6/27/2024 1:35,July,3.61,3.57
6/27/2024 1:40,July,3.61,3.57
6/27/2024 1:45,July,3.6,3.55
6/27/2024 1:50,July,3.59,3.54
6/27/2024 1:55,July,3.55,3.51
6/27/2024 2:00,July,3,2.96
6/27/2024 2:05,July,3.55,3.51
6/27/2024 2:10,July,3.56,3.52
6/27/2024 2:15,July,3.57,3.53
6/27/2024 2:20,July,3.58,3.54
6/27/2024 2:25,July,3.57,3.53
6/27/2024 2:30,July,2.86,2.83
6/27/2024 2:35,July,3.33,3.29
6/27/2024 2:40,July,3,2.96
6/27/2024 2:45,July,3.52,3.47
6/27/2024 2:50,July,3.51,3.47
6/27/2024 2:55,July,3.56,3.52
6/27/2024 3:00,July,3.32,3.28
6/27/2024 3:05,July,3.59,3.55
6/27/2024 3:10,July,3.58,3.54
6/27/2024 3:15,July,3.56,3.52
6/27/2024 3:20,July,3.51,3.47
6/27/2024 3:25,July,2.82,2.79
6/27/2024 3:30,July,2.99,2.96
6/27/2024 3:35,July,2.84,2.81
6/27/2024 3:40,July,2.82,2.79
6/27/2024 3:45,July,2.84,2.81
6/27/2024 3:50,July,0,0
6/27/2024 3:55,July,2.68,2.65
6/27/2024 4:00,July,2.82,2.79
6/27/2024 4:05,July,2.81,2.78
6/27/2024 4:10,July,2.99,2.96
6/27/2024 4:15,July,3.51,3.48
6/27/2024 4:20,July,3.51,3.48
6/27/2024 4:25,July,3.55,3.51
6/27/2024 4:30,July,3.51,3.48
6/27/2024 4:35,July,3.52,3.48
6/27/2024 4:40,July,3.23,3.2
6/27/2024 4:45,July,2.99,2.96
6/27/2024 4:50,July,3.26,3.23
6/27/2024 4:55,July,3.2,3.17
6/27/2024 5:00,July,2.98,2.95
6/27/2024 5:05,July,0,0
6/27/2024 5:10,July,2.81,2.78
6/27/2024 5:15,July,2.68,2.65
6/27/2024 5:20,July,2.81,2.78
6/27/2024 5:25,July,2.81,2.78
6/27/2024 5:30,July,2.81,2.78
6/27/2024 5:35,July,2.81,2.78
6/27/2024 5:40,July,2.81,2.78
6/27/2024 5:45,July,2.81,2.78
6/27/2024 5:50,July,2.81,2.78
6/27/2024 5:55,July,2.81,2.78
6/27/2024 6:00,July,0,0
6/27/2024 6:05,July,0,0
6/27/2024 6:10,July,0,0
6/27/2024 6:15,July,0,0
6/27/2024 6:20,July,2.53,2.51
6/27/2024 6:25,July,0,0
6/27/2024 6:30,July,2.52,2.5
6/27/2024 6:35,July,3.07,3.04
6/27/2024 6:40,July,2.54,2.52
6/27/2024 6:45,July,2.54,2.52
6/27/2024 6:50,July,2.53,2.51
6/27/2024 6:55,July,2.53,2.51
6/27/2024 7:00,July,2.77,2.75
6/27/2024 7:05,July,0,0
6/27/2024 7:10,July,2.53,2.51
6/27/2024 7:15,July,2.53,2.51
6/27/2024 7:20,July,2.82,2.79
6/27/2024 7:25,July,2.8,2.78
6/27/2024 7:30,July,2.8,2.78
6/27/2024 7:35,July,2.94,2.92
6/27/2024 7:40,July,2.81,2.78
6/27/2024 7:45,July,2.94,2.92
6/27/2024 7:50,July,2.94,2.92
6/27/2024 7:55,July,3.5,3.47
6/27/2024 8:00,July,3.58,3.55
6/27/2024 8:05,July,3.47,3.44
6/27/2024 8:10,July,2.97,2.95
6/27/2024 8:15,July,3.04,3.01
6/27/2024 8:20,July,3.01,2.99
6/27/2024 8:25,July,3.01,2.99
6/27/2024 8:30,July,2.92,2.9
6/27/2024 8:35,July,3.03,3.01
6/27/2024 8:40,July,3.1,3.09
6/27/2024 8:45,July,3.46,3.44
6/27/2024 8:50,July,3.46,3.44
6/27/2024 8:55,July,3.5,3.49
6/27/2024 9:00,July,2.82,2.81
6/27/2024 9:05,July,2.52,2.51
6/27/2024 9:10,July,3.3,3.29
6/27/2024 9:15,July,3.46,3.44
6/27/2024 9:20,July,2.92,2.9
6/27/2024 9:25,July,3.5,3.48
6/27/2024 9:30,July,3.5,3.47
6/27/2024 9:35,July,3.4,3.38
6/27/2024 9:40,July,3.49,3.47
6/27/2024 9:45,July,3.68,3.66
6/27/2024 9:50,July,3.63,3.61
6/27/2024 9:55,July,3.52,3.5
6/27/2024 10:00,July,3.51,3.49
6/27/2024 10:05,July,2.82,2.81
6/27/2024 10:10,July,3.39,3.36
6/27/2024 10:15,July,3.43,3.4
6/27/2024 10:20,July,3.47,3.45
6/27/2024 10:25,July,3.4,3.38
6/27/2024 10:30,July,3.45,3.43
6/27/2024 10:35,July,3.46,3.43
6/27/2024 10:40,July,3.47,3.44
6/27/2024 10:45,July,3.46,3.44
6/27/2024 10:50,July,3.4,3.38
6/27/2024 10:55,July,3.46,3.44
6/27/2024 11:00,July,3.44,3.41
6/27/2024 11:05,July,3.46,3.44
6/27/2024 11:10,July,3.46,3.43
6/27/2024 11:15,July,3.46,3.43
6/27/2024 11:20,July,3.46,3.44
6/27/2024 11:25,July,3.38,3.35
6/27/2024 11:30,July,3.44,3.42
6/27/2024 11:35,July,3.37,3.35
6/27/2024 11:40,July,3.43,3.42
6/27/2024 11:45,July,3.43,3.42
6/27/2024 11:50,July,3.46,3.45
6/27/2024 11:55,July,3.37,3.36
6/27/2024 12:00,July,3.37,3.36
6/27/2024 12:05,July,0,0
6/27/2024 12:10,July,0,0
6/27/2024 12:15,July,2.97,2.96
6/27/2024 12:20,July,2.95,2.94
6/27/2024 12:25,July,2.91,2.9
6/27/2024 12:30,July,3.16,3.15
6/27/2024 12:35,July,3.42,3.41
6/27/2024 12:40,July,3.37,3.36
6/27/2024 12:45,July,3.11,3.1
6/27/2024 12:50,July,3.22,3.2
6/27/2024 12:55,July,3.18,3.16
6/27/2024 13:00,July,3.36,3.35
6/27/2024 13:05,July,5.16,5.15
6/27/2024 13:10,July,3.6,3.58
6/27/2024 13:15,July,7.84,7.81
6/27/2024 13:20,July,5.16,5.14
6/27/2024 13:25,July,3.95,3.94
6/27/2024 13:30,July,7.85,7.83
6/27/2024 13:35,July,7.87,7.85
6/27/2024 13:40,July,5.21,5.2
6/27/2024 13:45,July,5.22,5.2
6/27/2024 13:50,July,3.85,3.84
6/27/2024 13:55,July,5.21,5.18
6/27/2024 14:00,July,4.02,4
6/27/2024 14:05,July,5.2,5.17
6/27/2024 14:10,July,4.14,4.12
6/27/2024 14:15,July,4.14,4.12
6/27/2024 14:20,July,7.88,7.84
6/27/2024 14:25,July,5.22,5.19
6/27/2024 14:30,July,7.88,7.84
6/27/2024 14:35,July,3.77,3.75
6/27/2024 14:40,July,5.24,5.2
6/27/2024 14:45,July,4.55,4.51
6/27/2024 14:50,July,7.98,7.9
6/27/2024 14:55,July,7.93,7.86
6/27/2024 15:00,July,7.93,7.86
6/27/2024 15:05,July,3.54,3.51
6/27/2024 15:10,July,4.61,4.57
6/27/2024 15:15,July,4.58,4.54
6/27/2024 15:20,July,3.77,3.74
6/27/2024 15:25,July,4.6,4.57
6/27/2024 15:30,July,4.58,4.55
6/27/2024 15:35,July,4.58,4.55
6/27/2024 15:40,July,4.59,4.57
6/27/2024 15:45,July,7.93,7.87
6/27/2024 15:50,July,5.25,5.22
6/27/2024 15:55,July,3.77,3.73
6/27/2024 16:00,July,3.42,3.39
6/27/2024 16:05,July,5.27,5.22
6/27/2024 16:10,July,3.66,3.63
6/27/2024 16:15,July,4.61,4.57
6/27/2024 16:20,July,4.61,4.57
6/27/2024 16:25,July,3.55,3.52
6/27/2024 16:30,July,4.35,4.31
6/27/2024 16:35,July,3.67,3.63
6/27/2024 16:40,July,4.23,4.19
6/27/2024 16:45,July,3.67,3.63
6/27/2024 16:50,July,3.66,3.63
6/27/2024 16:55,July,3.5,3.48
6/27/2024 17:00,July,3.3,3.28
6/27/2024 17:05,July,3.67,3.64
6/27/2024 17:10,July,3.51,3.48
6/27/2024 17:15,July,3.51,3.48
6/27/2024 17:20,July,3.67,3.64
6/27/2024 17:25,July,3.67,3.64
6/27/2024 17:30,July,3.66,3.63
6/27/2024 17:35,July,3.67,3.64
6/27/2024 17:40,July,3.66,3.63
6/27/2024 17:45,July,3.66,3.63
6/27/2024 17:50,July,3.66,3.63
6/27/2024 17:55,July,3.67,3.64
6/27/2024 18:00,July,3.62,3.59
6/27/2024 18:05,July,5.27,5.22
6/27/2024 18:10,July,5.25,5.21
6/27/2024 18:15,July,5.26,5.21
6/27/2024 18:20,July,5.25,5.21
6/27/2024 18:25,July,5.61,5.56
6/27/2024 18:30,July,7.93,7.86
6/27/2024 18:35,July,7.93,7.86
6/27/2024 18:40,July,7.92,7.85
6/27/2024 18:45,July,5.31,5.26
6/27/2024 18:50,July,5.32,5.27
6/27/2024 18:55,July,5.31,5.27
6/27/2024 19:00,July,5.31,5.26
6/27/2024 19:05,July,3.42,3.39
6/27/2024 19:10,July,4.45,4.42
6/27/2024 19:15,July,3.68,3.65
6/27/2024 19:20,July,5.25,5.21
6/27/2024 19:25,July,4.35,4.31
6/27/2024 19:30,July,4.33,4.3
6/27/2024 19:35,July,7.98,7.92
6/27/2024 19:40,July,7.97,7.9
6/27/2024 19:45,July,7.95,7.88
6/27/2024 19:50,July,5.26,5.21
6/27/2024 19:55,July,5.26,5.22
6/27/2024 20:00,July,7.94,7.87
6/27/2024 20:05,July,8.02,7.96
6/27/2024 20:10,July,7.99,7.92
6/27/2024 20:15,July,7.97,7.9
6/27/2024 20:20,July,7.97,7.9
6/27/2024 20:25,July,7.96,7.89
6/27/2024 20:30,July,7.94,7.87
6/27/2024 20:35,July,5.34,5.3
6/27/2024 20:40,July,7.92,7.85
6/27/2024 20:45,July,5.35,5.3
6/27/2024 20:50,July,5.31,5.26
6/27/2024 20:55,July,5.31,5.27
6/27/2024 21:00,July,5.3,5.26
6/27/2024 21:05,July,7.89,7.82
6/27/2024 21:10,July,7.89,7.82
6/27/2024 21:15,July,7.9,7.82
6/27/2024 21:20,July,5.35,5.3
6/27/2024 21:25,July,5.32,5.27
6/27/2024 21:30,July,5.32,5.27
6/27/2024 21:35,July,5.32,5.27
6/27/2024 21:40,July,4.3,4.26
6/27/2024 21:45,July,5.28,5.24
6/27/2024 21:50,July,5.27,5.22
6/27/2024 21:55,July,5.29,5.24
6/27/2024 22:00,July,4.29,4.25
6/27/2024 22:05,July,11.69,11.59
6/27/2024 22:10,July,7.95,7.88
6/27/2024 22:15,July,7.88,7.8
6/27/2024 22:20,July,5.31,5.25
6/27/2024 22:25,July,5.31,5.26
6/27/2024 22:30,July,3.61,3.57
6/27/2024 22:35,July,4.3,4.26
6/27/2024 22:40,July,7.86,7.78
6/27/2024 22:45,July,4.09,4.04
6/27/2024 22:50,July,5.27,5.22
6/27/2024 22:55,July,4.28,4.24
6/27/2024 23:00,July,3.66,3.62
6/27/2024 23:05,July,7.89,7.81
6/27/2024 23:10,July,7.83,7.74
6/27/2024 23:15,July,5.29,5.23
6/27/2024 23:20,July,4.29,4.24
6/27/2024 23:25,July,3.61,3.57
6/27/2024 23:30,July,4.11,4.06
6/27/2024 23:35,July,4.09,4.04
6/27/2024 23:40,July,4.26,4.22
6/27/2024 23:45,July,4.1,4.06
6/27/2024 23:50,July,3.51,3.47
6/27/2024 23:55,July,4.07,4.02
6/28/2024 0:00,July,3.51,3.47
6/28/2024 0:05,July,8.26,8.17
6/28/2024 0:10,July,5.17,5.11
6/28/2024 0:15,July,4.08,4.04
6/28/2024 0:20,July,3.65,3.6
6/28/2024 0:25,July,4.06,4.01
6/28/2024 0:30,July,3.55,3.51
6/28/2024 0:35,July,3.56,3.51
6/28/2024 0:40,July,3.61,3.57
6/28/2024 0:45,July,3.56,3.52
6/28/2024 0:50,July,3.56,3.52
6/28/2024 0:55,July,4.03,3.98
6/28/2024 1:00,July,3.61,3.57
6/28/2024 1:05,July,8.3,8.2
6/28/2024 1:10,July,5.17,5.11
6/28/2024 1:15,July,5.18,5.12
6/28/2024 1:20,July,3.75,3.7
6/28/2024 1:25,July,3.8,3.75
6/28/2024 1:30,July,3.81,3.76
6/28/2024 1:35,July,3.82,3.78
6/28/2024 1:40,July,3.81,3.76
6/28/2024 1:45,July,3.75,3.7
6/28/2024 1:50,July,3.78,3.73
6/28/2024 1:55,July,3.81,3.76
6/28/2024 2:00,July,3.78,3.73
6/28/2024 2:05,July,3.82,3.77
6/28/2024 2:10,July,3.84,3.78
6/28/2024 2:15,July,3.84,3.79
6/28/2024 2:20,July,3.89,3.84
6/28/2024 2:25,July,4.23,4.18
6/28/2024 2:30,July,4.23,4.17
6/28/2024 2:35,July,4.22,4.17
6/28/2024 2:40,July,4.22,4.17
6/28/2024 2:45,July,3.82,3.77
6/28/2024 2:50,July,3.84,3.79
6/28/2024 2:55,July,3.85,3.8
6/28/2024 3:00,July,3.89,3.83
6/28/2024 3:05,July,4.02,3.96
6/28/2024 3:10,July,4.02,3.96
6/28/2024 3:15,July,3.89,3.83
6/28/2024 3:20,July,3.86,3.8
6/28/2024 3:25,July,3.93,3.87
6/28/2024 3:30,July,3.93,3.87
6/28/2024 3:35,July,3.89,3.83
6/28/2024 3:40,July,3.86,3.81
6/28/2024 3:45,July,3.87,3.81
6/28/2024 3:50,July,3.82,3.76
6/28/2024 3:55,July,3.8,3.74
6/28/2024 4:00,July,3.51,3.46
6/28/2024 4:05,July,3.51,3.46
6/28/2024 4:10,July,3.79,3.73
6/28/2024 4:15,July,3.8,3.74
6/28/2024 4:20,July,3.84,3.79
6/28/2024 4:25,July,3.87,3.81
6/28/2024 4:30,July,3.83,3.78
6/28/2024 4:35,July,3.86,3.8
6/28/2024 4:40,July,3.85,3.8
6/28/2024 4:45,July,3.81,3.76
6/28/2024 4:50,July,3.84,3.79
6/28/2024 4:55,July,3.77,3.71
6/28/2024 5:00,July,3.54,3.49
6/28/2024 5:05,July,0,0
6/28/2024 5:10,July,3.32,3.27
6/28/2024 5:15,July,3.54,3.49
6/28/2024 5:20,July,3.52,3.47
6/28/2024 5:25,July,3.52,3.47
6/28/2024 5:30,July,3.52,3.47
6/28/2024 5:35,July,3.36,3.31
6/28/2024 5:40,July,3.53,3.48
6/28/2024 5:45,July,3.15,3.1
6/28/2024 5:50,July,3.52,3.47
6/28/2024 5:55,July,3.52,3.47
6/28/2024 6:00,July,3.31,3.26
6/28/2024 6:05,July,0,0
6/28/2024 6:10,July,0,0
6/28/2024 6:15,July,2.51,2.48
6/28/2024 6:20,July,2.89,2.86
6/28/2024 6:25,July,2.89,2.85
6/28/2024 6:30,July,2.93,2.89
6/28/2024 6:35,July,2.93,2.89
6/28/2024 6:40,July,2.9,2.86
6/28/2024 6:45,July,2.92,2.88
6/28/2024 6:50,July,2.9,2.86
6/28/2024 6:55,July,2.92,2.88
6/28/2024 7:00,July,3.09,3.05
6/28/2024 7:05,July,0,0
6/28/2024 7:10,July,0,0
6/28/2024 7:15,July,2.5,2.47
6/28/2024 7:20,July,2.89,2.86
6/28/2024 7:25,July,3.62,3.58
6/28/2024 7:30,July,3.62,3.58
6/28/2024 7:35,July,3.5,3.46
6/28/2024 7:40,July,3.49,3.45
6/28/2024 7:45,July,3.45,3.42
6/28/2024 7:50,July,3.62,3.59
6/28/2024 7:55,July,3.8,3.76
6/28/2024 8:00,July,3.81,3.78
6/28/2024 8:05,July,2.94,2.91
6/28/2024 8:10,July,3.79,3.76
6/28/2024 8:15,July,3.81,3.78
6/28/2024 8:20,July,3.85,3.82
6/28/2024 8:25,July,3.81,3.78
6/28/2024 8:30,July,3.78,3.75
6/28/2024 8:35,July,3.67,3.65
6/28/2024 8:40,July,3.81,3.79
6/28/2024 8:45,July,3.81,3.79
6/28/2024 8:50,July,3.93,3.9
6/28/2024 8:55,July,4.01,3.98
6/28/2024 9:00,July,4.01,3.99
6/28/2024 9:05,July,3.07,3.04
6/28/2024 9:10,July,3.8,3.77
6/28/2024 9:15,July,3.81,3.78
6/28/2024 9:20,July,4,3.97
6/28/2024 9:25,July,3.96,3.93
6/28/2024 9:30,July,3.96,3.93
6/28/2024 9:35,July,3.97,3.95
6/28/2024 9:40,July,4.01,3.99
6/28/2024 9:45,July,4.04,4.02
6/28/2024 9:50,July,5.04,5.02
6/28/2024 9:55,July,5.07,5.04
6/28/2024 10:00,July,4.6,4.57
6/28/2024 10:05,July,3.99,3.97
6/28/2024 10:10,July,4.03,4.01
6/28/2024 10:15,July,4.05,4.03
6/28/2024 10:20,July,5.03,5.01
6/28/2024 10:25,July,5.05,5.02
6/28/2024 10:30,July,4.42,4.4
6/28/2024 10:35,July,8.23,8.2
6/28/2024 10:40,July,8.21,8.18
6/28/2024 10:45,July,4.54,4.53
6/28/2024 10:50,July,5.03,5.02
6/28/2024 10:55,July,5.04,5.03
6/28/2024 11:00,July,4.53,4.52
6/28/2024 11:05,July,4.13,4.11
6/28/2024 11:10,July,5.02,5
6/28/2024 11:15,July,8.25,8.23
6/28/2024 11:20,July,8.26,8.24
6/28/2024 11:25,July,8.2,8.18
6/28/2024 11:30,July,5.06,5.05
6/28/2024 11:35,July,5.07,5.05
6/28/2024 11:40,July,5.06,5.04
6/28/2024 11:45,July,4.22,4.2
6/28/2024 11:50,July,5.04,5.03
6/28/2024 11:55,July,4.01,4
6/28/2024 12:00,July,4,3.99
6/28/2024 12:05,July,3.67,3.66
6/28/2024 12:10,July,3.45,3.44
6/28/2024 12:15,July,3.68,3.66
6/28/2024 12:20,July,3.91,3.9
6/28/2024 12:25,July,4,3.99
6/28/2024 12:30,July,4,3.99
6/28/2024 12:35,July,3.98,3.97
6/28/2024 12:40,July,4,4
6/28/2024 12:45,July,3.99,3.98
6/28/2024 12:50,July,4.01,4
6/28/2024 12:55,July,4.01,4
6/28/2024 13:00,July,4.05,4.04
6/28/2024 13:05,July,4.02,4.01
6/28/2024 13:10,July,8.2,8.19
6/28/2024 13:15,July,9.22,9.22
6/28/2024 13:20,July,8.29,8.28
6/28/2024 13:25,July,9.32,9.31
6/28/2024 13:30,July,8.3,8.28
6/28/2024 13:35,July,9.3,9.29
6/28/2024 13:40,July,9.3,9.29
6/28/2024 13:45,July,8.27,8.26
6/28/2024 13:50,July,8.29,8.28
6/28/2024 13:55,July,8.28,8.27
6/28/2024 14:00,July,9.33,9.32
6/28/2024 14:05,July,8.3,8.29
6/28/2024 14:10,July,8.32,8.3
6/28/2024 14:15,July,9.34,9.32
6/28/2024 14:20,July,9.34,9.32
6/28/2024 14:25,July,9.3,9.29
6/28/2024 14:30,July,9.34,9.32
6/28/2024 14:35,July,9.35,9.32
6/28/2024 14:40,July,11.57,11.53
6/28/2024 14:45,July,11.62,11.52
6/28/2024 14:50,July,13.12,12.99
6/28/2024 14:55,July,13.14,13
6/28/2024 15:00,July,13.15,13
6/28/2024 15:05,July,12.08,11.94
6/28/2024 15:10,July,12.1,11.97
6/28/2024 15:15,July,12.1,11.96
6/28/2024 15:20,July,13.16,13.01
6/28/2024 15:25,July,12.13,12
6/28/2024 15:30,July,13.18,13.04
6/28/2024 15:35,July,11.61,11.49
6/28/2024 15:40,July,11.63,11.51
6/28/2024 15:45,July,13.16,13.03
6/28/2024 15:50,July,11.57,11.46
6/28/2024 15:55,July,9.41,9.33
6/28/2024 16:00,July,9.38,9.31
6/28/2024 16:05,July,11.59,11.48
6/28/2024 16:10,July,9.4,9.32
6/28/2024 16:15,July,9.4,9.32
6/28/2024 16:20,July,9.4,9.32
6/28/2024 16:25,July,8.29,8.22
6/28/2024 16:30,July,8.34,8.27
6/28/2024 16:35,July,9.37,9.3
6/28/2024 16:40,July,8.34,8.28
6/28/2024 16:45,July,8.33,8.26
6/28/2024 16:50,July,8.3,8.23
6/28/2024 16:55,July,8.27,8.21
6/28/2024 17:00,July,3.99,3.95
6/28/2024 17:05,July,4.24,4.2
6/28/2024 17:10,July,3.96,3.92
6/28/2024 17:15,July,3.75,3.71
6/28/2024 17:20,July,3.75,3.71
6/28/2024 17:25,July,3.95,3.91
6/28/2024 17:30,July,3.75,3.71
6/28/2024 17:35,July,3.55,3.51
6/28/2024 17:40,July,3.55,3.51
6/28/2024 17:45,July,3.44,3.4
6/28/2024 17:50,July,3.44,3.4
6/28/2024 17:55,July,3.44,3.4
6/28/2024 18:00,July,3.44,3.4
6/28/2024 18:05,July,3.44,3.4
6/28/2024 18:10,July,3.45,3.41
6/28/2024 18:15,July,3.95,3.9
6/28/2024 18:20,July,3.77,3.72
6/28/2024 18:25,July,3.94,3.89
6/28/2024 18:30,July,3.78,3.74
6/28/2024 18:35,July,3.96,3.91
6/28/2024 18:40,July,4.01,3.96
6/28/2024 18:45,July,4.01,3.96
6/28/2024 18:50,July,4.06,4.01
6/28/2024 18:55,July,4.03,3.98
6/28/2024 19:00,July,4.08,4.03
6/28/2024 19:05,July,4.6,4.55
6/28/2024 19:10,July,4.43,4.37
6/28/2024 19:15,July,4.22,4.18
6/28/2024 19:20,July,4.86,4.81
6/28/2024 19:25,July,4.6,4.55
6/28/2024 19:30,July,4.7,4.64
6/28/2024 19:35,July,5.1,5.04
6/28/2024 19:40,July,5.1,5.04
6/28/2024 19:45,July,5.11,5.05
6/28/2024 19:50,July,5.37,5.31
6/28/2024 19:55,July,5.37,5.31
6/28/2024 20:00,July,5.88,5.81
6/28/2024 20:05,July,11.65,11.51
6/28/2024 20:10,July,11.64,11.5
6/28/2024 20:15,July,11.53,11.37
6/28/2024 20:20,July,9.5,9.36
6/28/2024 20:25,July,9.48,9.34
6/28/2024 20:30,July,9.47,9.33
6/28/2024 20:35,July,9.45,9.31
6/28/2024 20:40,July,9.47,9.33
6/28/2024 20:45,July,9.48,9.33
6/28/2024 20:50,July,9.48,9.34
6/28/2024 20:55,July,9.47,9.33
6/28/2024 21:00,July,9.47,9.33
6/28/2024 21:05,July,8.31,8.19
6/28/2024 21:10,July,9.43,9.31
6/28/2024 21:15,July,8.3,8.19
6/28/2024 21:20,July,8.32,8.21
6/28/2024 21:25,July,8.31,8.21
6/28/2024 21:30,July,8.25,8.14
6/28/2024 21:35,July,8.21,8.1
6/28/2024 21:40,July,7.98,7.88
6/28/2024 21:45,July,8.25,8.14
6/28/2024 21:50,July,8.2,8.09
6/28/2024 21:55,July,8,7.89
6/28/2024 22:00,July,4.21,4.15
6/28/2024 22:05,July,8.25,8.14
6/28/2024 22:10,July,7.95,7.85
6/28/2024 22:15,July,7.94,7.84
6/28/2024 22:20,July,7.41,7.32
6/28/2024 22:25,July,7.4,7.31
6/28/2024 22:30,July,7.39,7.3
6/28/2024 22:35,July,7.38,7.29
6/28/2024 22:40,July,7.39,7.29
6/28/2024 22:45,July,6.86,6.78
6/28/2024 22:50,July,6.86,6.77
6/28/2024 22:55,July,3.79,3.74
6/28/2024 23:00,July,3.79,3.74
6/28/2024 23:05,July,8.34,8.24
6/28/2024 23:10,July,8.21,8.11
6/28/2024 23:15,July,7.36,7.27
6/28/2024 23:20,July,7.34,7.26
6/28/2024 23:25,July,3.96,3.91
6/28/2024 23:30,July,3.93,3.89
6/28/2024 23:35,July,3.79,3.74
6/28/2024 23:40,July,3.61,3.57
6/28/2024 23:45,July,3.53,3.49
6/28/2024 23:50,July,3.47,3.42
6/28/2024 23:55,July,3.41,3.37
6/29/2024 0:00,July,3.46,3.42
6/29/2024 0:05,July,3.65,3.6
6/29/2024 0:10,July,3.49,3.44
6/29/2024 0:15,July,3.57,3.53
6/29/2024 0:20,July,3.51,3.47
6/29/2024 0:25,July,3.03,2.99
6/29/2024 0:30,July,3.41,3.37
6/29/2024 0:35,July,3.55,3.5
6/29/2024 0:40,July,3.55,3.5
6/29/2024 0:45,July,3.57,3.52
6/29/2024 0:50,July,3.58,3.53
6/29/2024 0:55,July,3.55,3.51
6/29/2024 1:00,July,3.56,3.51
6/29/2024 1:05,July,3.71,3.66
6/29/2024 1:10,July,4.52,4.46
6/29/2024 1:15,July,3.57,3.52
6/29/2024 1:20,July,4.45,4.39
6/29/2024 1:25,July,4.07,4.02
6/29/2024 1:30,July,4.09,4.04
6/29/2024 1:35,July,4.1,4.05
6/29/2024 1:40,July,4.09,4.03
6/29/2024 1:45,July,4.09,4.04
6/29/2024 1:50,July,4.34,4.28
6/29/2024 1:55,July,4.23,4.18
6/29/2024 2:00,July,0,0
6/29/2024 2:05,July,3.57,3.52
6/29/2024 2:10,July,4.62,4.57
6/29/2024 2:15,July,4.62,4.56
6/29/2024 2:20,July,4.35,4.31
6/29/2024 2:25,July,4.35,4.3
6/29/2024 2:30,July,4.56,4.51
6/29/2024 2:35,July,4.57,4.52
6/29/2024 2:40,July,4.46,4.41
6/29/2024 2:45,July,4.58,4.53
6/29/2024 2:50,July,4.63,4.58
6/29/2024 2:55,July,4.62,4.58
6/29/2024 3:00,July,3.55,3.51
6/29/2024 3:05,July,3.55,3.51
6/29/2024 3:10,July,3.59,3.55
6/29/2024 3:15,July,3.56,3.51
6/29/2024 3:20,July,3.04,3.01
6/29/2024 3:25,July,3.38,3.34
6/29/2024 3:30,July,3.12,3.08
6/29/2024 3:35,July,3.35,3.31
6/29/2024 3:40,July,3.32,3.27
6/29/2024 3:45,July,3.43,3.39
6/29/2024 3:50,July,3.5,3.46
6/29/2024 3:55,July,3.51,3.46
6/29/2024 4:00,July,2.91,2.87
6/29/2024 4:05,July,3.13,3.09
6/29/2024 4:10,July,3.15,3.1
6/29/2024 4:15,July,3.55,3.5
6/29/2024 4:20,July,3.46,3.42
6/29/2024 4:25,July,3.38,3.33
6/29/2024 4:30,July,3.47,3.47
6/29/2024 4:35,July,3.43,3.43
6/29/2024 4:40,July,3.49,3.49
6/29/2024 4:45,July,3.59,3.59
6/29/2024 4:50,July,3.52,3.52
6/29/2024 4:55,July,3.53,3.53
6/29/2024 5:00,July,3.59,3.54
6/29/2024 5:05,July,2.92,2.88
6/29/2024 5:10,July,3.39,3.34
6/29/2024 5:15,July,3.15,3.1
6/29/2024 5:20,July,3.14,3.1
6/29/2024 5:25,July,3.15,3.11
6/29/2024 5:30,July,3.14,3.1
6/29/2024 5:35,July,3.13,3.09
6/29/2024 5:40,July,3.13,3.09
6/29/2024 5:45,July,3.05,3.01
6/29/2024 5:50,July,3.05,3.01
6/29/2024 5:55,July,3.04,3
6/29/2024 6:00,July,2.98,2.94
6/29/2024 6:05,July,0,0
6/29/2024 6:10,July,0,0
6/29/2024 6:15,July,0,0
6/29/2024 6:20,July,2.51,2.48
6/29/2024 6:25,July,2.63,2.6
6/29/2024 6:30,July,2.96,2.93
6/29/2024 6:35,July,2.84,2.81
6/29/2024 6:40,July,2.93,2.9
6/29/2024 6:45,July,2.96,2.92
6/29/2024 6:50,July,2.9,2.87
6/29/2024 6:55,July,2.88,2.85
6/29/2024 7:00,July,2.82,2.79
6/29/2024 7:05,July,0,0
6/29/2024 7:10,July,0,0
6/29/2024 7:15,July,2.86,2.84
6/29/2024 7:20,July,2.86,2.84
6/29/2024 7:25,July,2.94,2.92
6/29/2024 7:30,July,2.86,2.84
6/29/2024 7:35,July,2.86,2.84
6/29/2024 7:40,July,3.14,3.11
6/29/2024 7:45,July,3.15,3.12
6/29/2024 7:50,July,2.94,2.91
6/29/2024 7:55,July,3.33,3.3
6/29/2024 8:00,July,3.49,3.46
6/29/2024 8:05,July,0,0
6/29/2024 8:10,July,0,0
6/29/2024 8:15,July,2.5,2.47
6/29/2024 8:20,July,2.87,2.85
6/29/2024 8:25,July,2.93,2.9
6/29/2024 8:30,July,3.02,3
6/29/2024 8:35,July,2.87,2.85
6/29/2024 8:40,July,2.88,2.85
6/29/2024 8:45,July,2.92,2.9
6/29/2024 8:50,July,2.88,2.86
6/29/2024 8:55,July,2.92,2.9
6/29/2024 9:00,July,3.1,3.08
6/29/2024 9:05,July,0,0
6/29/2024 9:10,July,0,0
6/29/2024 9:15,July,0,0
6/29/2024 9:20,July,2.58,2.57
6/29/2024 9:25,July,2.86,2.85
6/29/2024 9:30,July,2.86,2.84
6/29/2024 9:35,July,2.91,2.89
6/29/2024 9:40,July,2.82,2.81
6/29/2024 9:45,July,2.83,2.81
6/29/2024 9:50,July,2.91,2.89
6/29/2024 9:55,July,2.87,2.85
6/29/2024 10:00,July,2.86,2.84
6/29/2024 10:05,July,0,0
6/29/2024 10:10,July,2.87,2.85
6/29/2024 10:15,July,2.92,2.9
6/29/2024 10:20,July,3.04,3.01
6/29/2024 10:25,July,2.91,2.89
6/29/2024 10:30,July,3.99,3.97
6/29/2024 10:35,July,3.53,3.51
6/29/2024 10:40,July,2.88,2.86
6/29/2024 10:45,July,2.88,2.86
6/29/2024 10:50,July,2.91,2.89
6/29/2024 10:55,July,2.88,2.86
6/29/2024 11:00,July,2.77,2.76
6/29/2024 11:05,July,0,0
6/29/2024 11:10,July,2.87,2.85
6/29/2024 11:15,July,2.87,2.85
6/29/2024 11:20,July,2.87,2.85
6/29/2024 11:25,July,2.9,2.89
6/29/2024 11:30,July,2.9,2.89
6/29/2024 11:35,July,2.9,2.89
6/29/2024 11:40,July,3.46,3.45
6/29/2024 11:45,July,3.46,3.44
6/29/2024 11:50,July,3.14,3.12
6/29/2024 11:55,July,3.08,3.07
6/29/2024 12:00,July,0,0
6/29/2024 12:05,July,2.87,2.86
6/29/2024 12:10,July,2.48,2.47
6/29/2024 12:15,July,2.82,2.81
6/29/2024 12:20,July,2.48,2.47
6/29/2024 12:25,July,2.8,2.79
6/29/2024 12:30,July,2.87,2.85
6/29/2024 12:35,July,4.43,4.41
6/29/2024 12:40,July,3.48,3.46
6/29/2024 12:45,July,3.66,3.64
6/29/2024 12:50,July,3.47,3.45
6/29/2024 12:55,July,3.48,3.46
6/29/2024 13:00,July,3.67,3.64
6/29/2024 13:05,July,3.68,3.64
6/29/2024 13:10,July,3.68,3.64
6/29/2024 13:15,July,4.58,4.52
6/29/2024 13:20,July,4.02,3.97
6/29/2024 13:25,July,3.55,3.5
6/29/2024 13:30,July,3.52,3.48
6/29/2024 13:35,July,4.16,4.1
6/29/2024 13:40,July,3.52,3.47
6/29/2024 13:45,July,3.52,3.47
6/29/2024 13:50,July,3.83,3.78
6/29/2024 13:55,July,3.71,3.66
6/29/2024 14:00,July,2.95,2.91
6/29/2024 14:05,July,3.52,3.47
6/29/2024 14:10,July,3.91,3.86
6/29/2024 14:15,July,3.56,3.52
6/29/2024 14:20,July,3.83,3.77
6/29/2024 14:25,July,3.85,3.8
6/29/2024 14:30,July,3.25,3.21
6/29/2024 14:35,July,3.53,3.48
6/29/2024 14:40,July,3.84,3.79
6/29/2024 14:45,July,3.72,3.66
6/29/2024 14:50,July,3.71,3.67
6/29/2024 14:55,July,3.71,3.67
6/29/2024 15:00,July,3.71,3.67
6/29/2024 15:05,July,3.91,3.87
6/29/2024 15:10,July,3.73,3.68
6/29/2024 15:15,July,3.85,3.8
6/29/2024 15:20,July,3.74,3.69
6/29/2024 15:25,July,3.52,3.49
6/29/2024 15:30,July,3.72,3.69
6/29/2024 15:35,July,3.58,3.55
6/29/2024 15:40,July,2.51,2.48
6/29/2024 15:45,July,3.72,3.68
6/29/2024 15:50,July,3.72,3.68
6/29/2024 15:55,July,3.72,3.68
6/29/2024 16:00,July,3.72,3.68
6/29/2024 16:05,July,3.72,3.69
6/29/2024 16:10,July,3.31,3.28
6/29/2024 16:15,July,3.11,3.08
6/29/2024 16:20,July,3.32,3.29
6/29/2024 16:25,July,3.72,3.68
6/29/2024 16:30,July,3.54,3.5
6/29/2024 16:35,July,3.54,3.5
6/29/2024 16:40,July,0,0
6/29/2024 16:45,July,2.51,2.48
6/29/2024 16:50,July,2.51,2.48
6/29/2024 16:55,July,3.32,3.29
6/29/2024 17:00,July,3.32,3.29
6/29/2024 17:05,July,0,0
6/29/2024 17:10,July,0,0
6/29/2024 17:15,July,2.51,2.49
6/29/2024 17:20,July,2.98,2.95
6/29/2024 17:25,July,2.98,2.95
6/29/2024 17:30,July,3.74,3.7
6/29/2024 17:35,July,3.44,3.41
6/29/2024 17:40,July,3.75,3.71
6/29/2024 17:45,July,3.85,3.8
6/29/2024 17:50,July,3.86,3.82
6/29/2024 17:55,July,3.76,3.72
6/29/2024 18:00,July,3.85,3.81
6/29/2024 18:05,July,3.99,3.95
6/29/2024 18:10,July,3.94,3.9
6/29/2024 18:15,July,3.94,3.9
6/29/2024 18:20,July,4.05,4.01
6/29/2024 18:25,July,4.02,3.97
6/29/2024 18:30,July,3.93,3.89
6/29/2024 18:35,July,4.08,4.04
6/29/2024 18:40,July,4.16,4.12
6/29/2024 18:45,July,4.09,4.05
6/29/2024 18:50,July,4.18,4.14
6/29/2024 18:55,July,4.06,4.02
6/29/2024 19:00,July,4.07,4.03
6/29/2024 19:05,July,4.18,4.14
6/29/2024 19:10,July,4.15,4.11
6/29/2024 19:15,July,4.14,4.1
6/29/2024 19:20,July,4.14,4.1
6/29/2024 19:25,July,4.12,4.08
6/29/2024 19:30,July,9.45,9.36
6/29/2024 19:35,July,9.45,9.36
6/29/2024 19:40,July,9.46,9.37
6/29/2024 19:45,July,7.15,7.09
6/29/2024 19:50,July,7.14,7.08
6/29/2024 19:55,July,7.13,7.07
6/29/2024 20:00,July,7.14,7.08
6/29/2024 20:05,July,7.15,7.09
6/29/2024 20:10,July,9.45,9.37
6/29/2024 20:15,July,7.16,7.1
6/29/2024 20:20,July,9.5,9.43
6/29/2024 20:25,July,9.5,9.43
6/29/2024 20:30,July,9.53,9.46
6/29/2024 20:35,July,7.16,7.1
6/29/2024 20:40,July,9.46,9.38
6/29/2024 20:45,July,9.46,9.38
6/29/2024 20:50,July,9.47,9.39
6/29/2024 20:55,July,9.39,9.31
6/29/2024 21:00,July,9.4,9.31
6/29/2024 21:05,July,9.43,9.35
6/29/2024 21:10,July,9.37,9.27
6/29/2024 21:15,July,7.07,7
6/29/2024 21:20,July,8.86,8.76
6/29/2024 21:25,July,8.9,8.81
6/29/2024 21:30,July,8.92,8.84
6/29/2024 21:35,July,8.91,8.82
6/29/2024 21:40,July,8.94,8.86
6/29/2024 21:45,July,8.88,8.79
6/29/2024 21:50,July,7.07,7.01
6/29/2024 21:55,July,7.04,6.97
6/29/2024 22:00,July,3.99,3.95
6/29/2024 22:05,July,8.93,8.85
6/29/2024 22:10,July,8.89,8.81
6/29/2024 22:15,July,8.88,8.8
6/29/2024 22:20,July,8.87,8.79
6/29/2024 22:25,July,7.06,6.99
6/29/2024 22:30,July,4,3.96
6/29/2024 22:35,July,3.96,3.92
6/29/2024 22:40,July,3.9,3.85
6/29/2024 22:45,July,3.28,3.25
6/29/2024 22:50,July,3.45,3.41
6/29/2024 22:55,July,2.97,2.94
6/29/2024 23:00,July,3.41,3.37
6/29/2024 23:05,July,3.86,3.82
6/29/2024 23:10,July,3.61,3.57
6/29/2024 23:15,July,3.5,3.46
6/29/2024 23:20,July,3.48,3.44
6/29/2024 23:25,July,3.58,3.53
6/29/2024 23:30,July,3.57,3.53
6/29/2024 23:35,July,3.57,3.53
6/29/2024 23:40,July,3.48,3.44
6/29/2024 23:45,July,3.5,3.46
6/29/2024 23:50,July,3.38,3.34
6/29/2024 23:55,July,3.42,3.38
6/30/2024 0:00,July,3.01,2.97
6/30/2024 0:05,July,3.53,3.48
6/30/2024 0:10,July,3.58,3.53
6/30/2024 0:15,July,3.58,3.53
6/30/2024 0:20,July,3.58,3.53
6/30/2024 0:25,July,3.58,3.53
6/30/2024 0:30,July,3.58,3.53
6/30/2024 0:35,July,3.58,3.53
6/30/2024 0:40,July,3.58,3.53
6/30/2024 0:45,July,3.58,3.53
6/30/2024 0:50,July,3.58,3.53
6/30/2024 0:55,July,3.58,3.53
6/30/2024 1:00,July,3.57,3.53
6/30/2024 1:05,July,4.34,4.28
6/30/2024 1:10,July,3.58,3.53
6/30/2024 1:15,July,3.59,3.54
6/30/2024 1:20,July,3.58,3.53
6/30/2024 1:25,July,3.58,3.53
6/30/2024 1:30,July,3.37,3.32
6/30/2024 1:35,July,3.48,3.44
6/30/2024 1:40,July,3.46,3.42
6/30/2024 1:45,July,2.74,2.7
6/30/2024 1:50,July,3.41,3.37
6/30/2024 1:55,July,2.73,2.69
6/30/2024 2:00,July,2.64,2.6
6/30/2024 2:05,July,3.57,3.53
6/30/2024 2:10,July,3.41,3.37
6/30/2024 2:15,July,3.56,3.51
6/30/2024 2:20,July,3.56,3.52
6/30/2024 2:25,July,3.56,3.52
6/30/2024 2:30,July,3.56,3.52
6/30/2024 2:35,July,3.56,3.52
6/30/2024 2:40,July,4.38,4.33
6/30/2024 2:45,July,3.56,3.52
6/30/2024 2:50,July,3.83,3.78
6/30/2024 2:55,July,3.56,3.51
6/30/2024 3:00,July,3.56,3.51
6/30/2024 3:05,July,3.55,3.47
6/30/2024 3:10,July,4.34,4.24
6/30/2024 3:15,July,3.39,3.39
6/30/2024 3:20,July,3.59,3.59
6/30/2024 3:25,July,4.33,4.33
6/30/2024 3:30,July,4.84,4.84
6/30/2024 3:35,July,4.83,4.83
6/30/2024 3:40,July,4.82,4.82
6/30/2024 3:45,July,6.55,6.55
6/30/2024 3:50,July,5.13,5.13
6/30/2024 3:55,July,5.13,5.13
6/30/2024 4:00,July,5.13,5.13
6/30/2024 4:05,July,5.13,5.13
6/30/2024 4:10,July,5.13,5.13
6/30/2024 4:15,July,4.82,4.82
6/30/2024 4:20,July,4.82,4.82
6/30/2024 4:25,July,4.82,4.82
6/30/2024 4:30,July,4.82,4.82
6/30/2024 4:35,July,4.42,4.42
6/30/2024 4:40,July,4.82,4.82
6/30/2024 4:45,July,5.12,5.12
6/30/2024 4:50,July,4.82,4.82
6/30/2024 4:55,July,4.82,4.82
6/30/2024 5:00,July,4.82,4.82
6/30/2024 5:05,July,4.82,4.82
6/30/2024 5:10,July,4.82,4.82
6/30/2024 5:15,July,4.82,4.82
6/30/2024 5:20,July,4.57,4.57
6/30/2024 5:25,July,4.82,4.82
6/30/2024 5:30,July,4.57,4.57
6/30/2024 5:35,July,5.12,5.12
6/30/2024 5:40,July,5.12,5.12
6/30/2024 5:45,July,3.64,3.64
6/30/2024 5:50,July,3.34,3.34
6/30/2024 5:55,July,3.21,3.21
6/30/2024 6:00,July,3.58,3.58
6/30/2024 6:05,July,2.47,2.47
6/30/2024 6:10,July,2.95,2.95
6/30/2024 6:15,July,2.95,2.95
6/30/2024 6:20,July,3.17,3.17
6/30/2024 6:25,July,2.95,2.95
6/30/2024 6:30,July,3.17,3.17
6/30/2024 6:35,July,3.55,3.55
6/30/2024 6:40,July,3.45,3.45
6/30/2024 6:45,July,2.74,2.74
6/30/2024 6:50,July,2.57,2.57
6/30/2024 6:55,July,0,0
6/30/2024 7:00,July,2.94,2.94
6/30/2024 7:05,July,0,0
6/30/2024 7:10,July,0,0
6/30/2024 7:15,July,0,0
6/30/2024 7:20,July,0,0
6/30/2024 7:25,July,0,0
6/30/2024 7:30,July,0,0
6/30/2024 7:35,July,0,0
6/30/2024 7:40,July,0,0
6/30/2024 7:45,July,2.95,2.95
6/30/2024 7:50,July,2.95,2.95
6/30/2024 7:55,July,2.95,2.95
6/30/2024 8:00,July,2.84,2.84
6/30/2024 8:05,July,3.21,3.21
6/30/2024 8:10,July,10.17,10.17
6/30/2024 8:15,July,3.21,3.21
6/30/2024 8:20,July,10.17,10.17
6/30/2024 8:25,July,3.1,3.1
6/30/2024 8:30,July,3.34,3.34
6/30/2024 8:35,July,3.17,3.17
6/30/2024 8:40,July,3.65,3.65
6/30/2024 8:45,July,3.65,3.65
6/30/2024 8:50,July,3.65,3.65
6/30/2024 8:55,July,5.12,5.12
6/30/2024 9:00,July,5.12,5.12
6/30/2024 9:05,July,3.71,3.71
6/30/2024 9:10,July,5.34,5.34
6/30/2024 9:15,July,13.08,13.08
6/30/2024 9:20,July,3.58,3.58
6/30/2024 9:25,July,3.58,3.58
6/30/2024 9:30,July,3.58,3.58
6/30/2024 9:35,July,3.58,3.58
6/30/2024 9:40,July,3.72,3.72
6/30/2024 9:45,July,3.1,3.1
6/30/2024 9:50,July,3.21,3.21
6/30/2024 9:55,July,3.72,3.72
6/30/2024 10:00,July,13.88,13.88
6/30/2024 10:05,July,3.35,3.35
6/30/2024 10:10,July,3.72,3.72
6/30/2024 10:15,July,4.38,4.38
6/30/2024 10:20,July,4.33,4.33
6/30/2024 10:25,July,3.21,3.21
6/30/2024 10:30,July,3.18,3.18
6/30/2024 10:35,July,3.58,3.58
6/30/2024 10:40,July,3.35,3.35
6/30/2024 10:45,July,3.58,3.58
6/30/2024 10:50,July,3.58,3.58
6/30/2024 10:55,July,3.21,3.21
6/30/2024 11:00,July,3.16,3.16
6/30/2024 11:05,July,3.05,3.05
6/30/2024 11:10,July,3.21,3.21
6/30/2024 11:15,July,3.18,3.18
6/30/2024 11:20,July,2.63,2.63
6/30/2024 11:25,July,3.72,3.72
6/30/2024 11:30,July,3.58,3.58
6/30/2024 11:35,July,3.58,3.58
6/30/2024 11:40,July,3.58,3.58
6/30/2024 11:45,July,3.72,3.72
6/30/2024 11:50,July,3.72,3.72
6/30/2024 11:55,July,12.67,12.67
6/30/2024 12:00,July,3.64,3.64
6/30/2024 12:05,July,3.73,3.73
6/30/2024 12:10,July,3.58,3.58
6/30/2024 12:15,July,3.58,3.58
6/30/2024 12:20,July,4.27,4.27
6/30/2024 12:25,July,4.27,4.27
6/30/2024 12:30,July,13.89,13.89
6/30/2024 12:35,July,3.9,3.9
6/30/2024 12:40,July,12.67,12.67
6/30/2024 12:45,July,4.33,4.33
6/30/2024 12:50,July,4.27,4.27
6/30/2024 12:55,July,4.28,4.28
6/30/2024 13:00,July,13.1,13.1
6/30/2024 13:05,July,27.47,27.47
6/30/2024 13:10,July,16.29,16.29
6/30/2024 13:15,July,13.9,13.9
6/30/2024 13:20,July,13.1,13.1
6/30/2024 13:25,July,20.35,20.35
6/30/2024 13:30,July,4.33,4.33
6/30/2024 13:35,July,23.59,23.58
6/30/2024 13:40,July,11.21,11.2
6/30/2024 13:45,July,4.18,4.17
6/30/2024 13:50,July,6.24,6.22
6/30/2024 13:55,July,4.02,4
6/30/2024 14:00,July,3.51,3.49
6/30/2024 14:05,July,3.55,3.53
6/30/2024 14:10,July,3.51,3.49
6/30/2024 14:15,July,4.03,4.01
6/30/2024 14:20,July,4.07,4.04
6/30/2024 14:25,July,3.63,3.61
6/30/2024 14:30,July,3.35,3.33
6/30/2024 14:35,July,3.51,3.49
6/30/2024 14:40,July,3.55,3.52
6/30/2024 14:45,July,3.51,3.49
6/30/2024 14:50,July,4.02,3.99
6/30/2024 14:55,July,3.33,3.31
6/30/2024 15:00,July,3.13,3.1
6/30/2024 15:05,July,3.83,3.8
6/30/2024 15:10,July,3.51,3.48
6/30/2024 15:15,July,3.84,3.81
6/30/2024 15:20,July,3.83,3.8
6/30/2024 15:25,July,3.55,3.52
6/30/2024 15:30,July,3.84,3.81
6/30/2024 15:35,July,2.72,2.7
6/30/2024 15:40,July,3.1,3.07
6/30/2024 15:45,July,3.34,3.31
6/30/2024 15:50,July,3.51,3.49
6/30/2024 15:55,July,3.51,3.49
6/30/2024 16:00,July,3.5,3.49
6/30/2024 16:05,July,3.32,3.3
6/30/2024 16:10,July,3.5,3.49
6/30/2024 16:15,July,3.51,3.49
6/30/2024 16:20,July,3.5,3.49
6/30/2024 16:25,July,3.5,3.49
6/30/2024 16:30,July,3.2,3.18
6/30/2024 16:35,July,3.25,3.22
6/30/2024 16:40,July,3.52,3.49
6/30/2024 16:45,July,3.85,3.82
6/30/2024 16:50,July,3.64,3.6
6/30/2024 16:55,July,3.57,3.53
6/30/2024 17:00,July,3.86,3.82
6/30/2024 17:05,July,4.52,4.49
6/30/2024 17:10,July,3.83,3.81
6/30/2024 17:15,July,3.83,3.8
6/30/2024 17:20,July,3.84,3.81
6/30/2024 17:25,July,4.49,4.45
6/30/2024 17:30,July,4.07,4.04
6/30/2024 17:35,July,4.05,4.01
6/30/2024 17:40,July,4.04,4.01
6/30/2024 17:45,July,4.05,4.02
6/30/2024 17:50,July,4.48,4.45
6/30/2024 17:55,July,4.47,4.43
6/30/2024 18:00,July,4.12,4.08
6/30/2024 18:05,July,4.12,4.08
6/30/2024 18:10,July,4.12,4.08
6/30/2024 18:15,July,6.24,6.19
6/30/2024 18:20,July,6.25,6.2
6/30/2024 18:25,July,6.27,6.22
6/30/2024 18:30,July,9.17,9.1
6/30/2024 18:35,July,9.2,9.13
6/30/2024 18:40,July,9.2,9.13
6/30/2024 18:45,July,9.22,9.15
6/30/2024 18:50,July,9.22,9.16
6/30/2024 18:55,July,6.24,6.19
6/30/2024 19:00,July,6.23,6.18
6/30/2024 19:05,July,4.19,4.16
6/30/2024 19:10,July,4.28,4.25
6/30/2024 19:15,July,4.3,4.26
6/30/2024 19:20,July,6.29,6.24
6/30/2024 19:25,July,6.27,6.21
6/30/2024 19:30,July,4.3,4.27
6/30/2024 19:35,July,5.16,5.11
6/30/2024 19:40,July,6.29,6.24
6/30/2024 19:45,July,9.19,9.12
6/30/2024 19:50,July,9.21,9.14
6/30/2024 19:55,July,6.3,6.25
6/30/2024 20:00,July,9.21,9.14
6/30/2024 20:05,July,12.27,12.18
6/30/2024 20:10,July,17.24,17.11
6/30/2024 20:15,July,9.37,9.3
6/30/2024 20:20,July,9.38,9.31
6/30/2024 20:25,July,9.38,9.31
6/30/2024 20:30,July,6.28,6.22
6/30/2024 20:35,July,6.28,6.22
6/30/2024 20:40,July,9.14,9.06
6/30/2024 20:45,July,9.15,9.07
6/30/2024 20:50,July,9.14,9.06
6/30/2024 20:55,July,6.28,6.23
6/30/2024 21:00,July,6.24,6.18
6/30/2024 21:05,July,9.11,9.02
6/30/2024 21:10,July,9.16,9.08
6/30/2024 21:15,July,9.11,9.04
6/30/2024 21:20,July,9.09,9.02
6/30/2024 21:25,July,9.13,9.05
6/30/2024 21:30,July,9.15,9.07
6/30/2024 21:35,July,9.09,9.02
6/30/2024 21:40,July,9.09,9.02
6/30/2024 21:45,July,9.1,9.02
6/30/2024 21:50,July,6.23,6.17
6/30/2024 21:55,July,6.22,6.17
6/30/2024 22:00,July,6.2,6.15
6/30/2024 22:05,July,6.23,6.17
6/30/2024 22:10,July,4.82,4.78
6/30/2024 22:15,July,4.03,3.99
6/30/2024 22:20,July,4.03,3.99
6/30/2024 22:25,July,4.04,4
6/30/2024 22:30,July,4.07,4.03
6/30/2024 22:35,July,4.02,3.99
6/30/2024 22:40,July,4.05,4.01
6/30/2024 22:45,July,4.01,3.97
6/30/2024 22:50,July,3.97,3.93
6/30/2024 22:55,July,3.95,3.91
6/30/2024 23:00,July,3.96,3.92
6/30/2024 23:05,July,4.57,4.52
6/30/2024 23:10,July,4.03,3.99
6/30/2024 23:15,July,4.03,3.99
6/30/2024 23:20,July,4.01,3.96
6/30/2024 23:25,July,4.01,3.96
6/30/2024 23:30,July,4.02,3.98
6/30/2024 23:35,July,3.97,3.92
6/30/2024 23:40,July,3.94,3.89
6/30/2024 23:45,July,3.94,3.9
6/30/2024 23:50,July,3.57,3.52
6/30/2024 23:55,July,3.61,3.57
7/1/2024 0:00,July,3.19,3.15
7/1/2024 0:05,July,15.34,15.19
7/1/2024 0:10,July,11.71,11.6
7/1/2024 0:15,July,11.69,11.58
7/1/2024 0:20,July,7.86,7.79
7/1/2024 0:25,July,4.39,4.34
7/1/2024 0:30,July,4.42,4.38
7/1/2024 0:35,July,4.38,4.34
7/1/2024 0:40,July,4.33,4.29
7/1/2024 0:45,July,4.28,4.23
7/1/2024 0:50,July,3.54,3.5
7/1/2024 0:55,July,3.56,3.52
7/1/2024 1:00,July,3.55,3.51
7/1/2024 1:05,July,4.25,4.2
7/1/2024 1:10,July,3.63,3.59
7/1/2024 1:15,July,4.25,4.2
7/1/2024 1:20,July,4.24,4.19
7/1/2024 1:25,July,4.34,4.29
7/1/2024 1:30,July,4.25,4.21
7/1/2024 1:35,July,4.25,4.21
7/1/2024 1:40,July,4.25,4.21
7/1/2024 1:45,July,4.36,4.32
7/1/2024 1:50,July,4.35,4.31
7/1/2024 1:55,July,4.35,4.31
7/1/2024 2:00,July,4.17,4.13
7/1/2024 2:05,July,4.39,4.35
7/1/2024 2:10,July,4.35,4.31
7/1/2024 2:15,July,4.36,4.32
7/1/2024 2:20,July,4.35,4.31
7/1/2024 2:25,July,4.35,4.31
7/1/2024 2:30,July,3.93,3.89
7/1/2024 2:35,July,4.25,4.21
7/1/2024 2:40,July,4.24,4.2
7/1/2024 2:45,July,4.24,4.2
7/1/2024 2:50,July,4.23,4.19
7/1/2024 2:55,July,4.13,4.08
7/1/2024 3:00,July,3.55,3.51
7/1/2024 3:05,July,3.52,3.48
7/1/2024 3:10,July,3.55,3.51
7/1/2024 3:15,July,2.9,2.86
7/1/2024 3:20,July,3.5,3.46
7/1/2024 3:25,July,3.52,3.48
7/1/2024 3:30,July,3.91,3.86
7/1/2024 3:35,July,3.9,3.86
7/1/2024 3:40,July,3.6,3.55
7/1/2024 3:45,July,3.55,3.51
7/1/2024 3:50,July,3.6,3.55
7/1/2024 3:55,July,3.55,3.51
7/1/2024 4:00,July,3.55,3.51
7/1/2024 4:05,July,3.24,3.2
7/1/2024 4:10,July,3.59,3.55
7/1/2024 4:15,July,3.55,3.51
7/1/2024 4:20,July,3.55,3.51
7/1/2024 4:25,July,3.55,3.5
7/1/2024 4:30,July,3.48,3.44
7/1/2024 4:35,July,3.89,3.85
7/1/2024 4:40,July,3.81,3.77
7/1/2024 4:45,July,3.55,3.5
7/1/2024 4:50,July,3.15,3.11
7/1/2024 4:55,July,3.55,3.5
7/1/2024 5:00,July,3.31,3.27
7/1/2024 5:05,July,0,0
7/1/2024 5:10,July,3.43,3.39
7/1/2024 5:15,July,3.55,3.51
7/1/2024 5:20,July,3.12,3.08
7/1/2024 5:25,July,3.15,3.11
7/1/2024 5:30,July,3.11,3.07
7/1/2024 5:35,July,3.11,3.07
7/1/2024 5:40,July,3.1,3.07
7/1/2024 5:45,July,3.1,3.07
7/1/2024 5:50,July,3.1,3.07
7/1/2024 5:55,July,3.18,3.15
7/1/2024 6:00,July,3.11,3.08
7/1/2024 6:05,July,0,0
7/1/2024 6:10,July,0,0
7/1/2024 6:15,July,2.86,2.83
7/1/2024 6:20,July,2.86,2.83
7/1/2024 6:25,July,0,0
7/1/2024 6:30,July,2.89,2.86
7/1/2024 6:35,July,3.19,3.16
7/1/2024 6:40,July,3.12,3.09
7/1/2024 6:45,July,3.09,3.06
7/1/2024 6:50,July,3.11,3.08
7/1/2024 6:55,July,3.11,3.08
7/1/2024 7:00,July,3.09,3.06
7/1/2024 7:05,July,3.05,3.03
7/1/2024 7:10,July,3.64,3.61
7/1/2024 7:15,July,3.36,3.33
7/1/2024 7:20,July,3.66,3.62
7/1/2024 7:25,July,3.51,3.48
7/1/2024 7:30,July,3.81,3.78
7/1/2024 7:35,July,3.8,3.78
7/1/2024 7:40,July,4.45,4.42
7/1/2024 7:45,July,4.43,4.41
7/1/2024 7:50,July,4.45,4.42
7/1/2024 7:55,July,4.47,4.45
7/1/2024 8:00,July,7.84,7.8
7/1/2024 8:05,July,3.64,3.62
7/1/2024 8:10,July,3.21,3.19
7/1/2024 8:15,July,3.65,3.62
7/1/2024 8:20,July,4.42,4.39
7/1/2024 8:25,July,7.86,7.82
7/1/2024 8:30,July,7.84,7.8
7/1/2024 8:35,July,5.2,5.18
7/1/2024 8:40,July,5.2,5.18
7/1/2024 8:45,July,5.2,5.18
7/1/2024 8:50,July,5.19,5.17
7/1/2024 8:55,July,5.19,5.18
7/1/2024 9:00,July,4.45,4.43
7/1/2024 9:05,July,0,0
7/1/2024 9:10,July,0,0
7/1/2024 9:15,July,0,0
7/1/2024 9:20,July,2.64,2.63
7/1/2024 9:25,July,3.5,3.49
7/1/2024 9:30,July,3.5,3.49
7/1/2024 9:35,July,3.46,3.45
7/1/2024 9:40,July,3.5,3.49
7/1/2024 9:45,July,3.69,3.69
7/1/2024 9:50,July,3.5,3.49
7/1/2024 9:55,July,4.39,4.39
7/1/2024 10:00,July,3.81,3.8
7/1/2024 10:05,July,3.08,3.07
7/1/2024 10:10,July,3.49,3.49
7/1/2024 10:15,July,3.8,3.79
7/1/2024 10:20,July,4.37,4.37
7/1/2024 10:25,July,4.36,4.35
7/1/2024 10:30,July,4.35,4.35
7/1/2024 10:35,July,4.31,4.3
7/1/2024 10:40,July,4.01,4
7/1/2024 10:45,July,4.32,4.32
7/1/2024 10:50,July,4.33,4.33
7/1/2024 10:55,July,4.37,4.37
7/1/2024 11:00,July,4.36,4.35
7/1/2024 11:05,July,4.01,4
7/1/2024 11:10,July,3.07,3.06
7/1/2024 11:15,July,3.82,3.81
7/1/2024 11:20,July,4.34,4.34
7/1/2024 11:25,July,4.34,4.32
7/1/2024 11:30,July,4.33,4.32
7/1/2024 11:35,July,4.1,4.08
7/1/2024 11:40,July,4.14,4.12
7/1/2024 11:45,July,4.23,4.21
7/1/2024 11:50,July,4.13,4.11
7/1/2024 11:55,July,4.33,4.31
7/1/2024 12:00,July,3.55,3.53
7/1/2024 12:05,July,2.61,2.6
7/1/2024 12:10,July,3.21,3.19
7/1/2024 12:15,July,4.04,4.02
7/1/2024 12:20,July,3.21,3.19
7/1/2024 12:25,July,3.83,3.81
7/1/2024 12:30,July,3.83,3.81
7/1/2024 12:35,July,3.51,3.49
7/1/2024 12:40,July,3.83,3.81
7/1/2024 12:45,July,4.35,4.32
7/1/2024 12:50,July,4.03,4
7/1/2024 12:55,July,4.03,4.02
7/1/2024 13:00,July,4.37,4.36
7/1/2024 13:05,July,7.86,7.83
7/1/2024 13:10,July,9.33,9.3
7/1/2024 13:15,July,11.64,11.6
7/1/2024 13:20,July,11.65,11.61
7/1/2024 13:25,July,7.86,7.83
7/1/2024 13:30,July,7.85,7.82
7/1/2024 13:35,July,7.89,7.86
7/1/2024 13:40,July,9.37,9.33
7/1/2024 13:45,July,11.66,11.61
7/1/2024 13:50,July,11.69,11.62
7/1/2024 13:55,July,11.7,11.64
7/1/2024 14:00,July,10.34,10.28
7/1/2024 14:05,July,10.33,10.28
7/1/2024 14:10,July,10.36,10.31
7/1/2024 14:15,July,10.36,10.3
7/1/2024 14:20,July,8.84,8.81
7/1/2024 14:25,July,6.57,6.54
7/1/2024 14:30,July,8.86,8.83
7/1/2024 14:35,July,8.87,8.85
7/1/2024 14:40,July,9.31,9.3
7/1/2024 14:45,July,16,15.97
7/1/2024 14:50,July,19.35,19.35
7/1/2024 14:55,July,18.91,18.89
7/1/2024 15:00,July,13.08,13.05
7/1/2024 15:05,July,27.48,27.39
7/1/2024 15:10,July,24.28,24.18
7/1/2024 15:15,July,13.1,13.04
7/1/2024 15:20,July,13.75,13.69
7/1/2024 15:25,July,18.12,18.03
7/1/2024 15:30,July,13.69,13.64
7/1/2024 15:35,July,13.11,13.06
7/1/2024 15:40,July,12.3,12.25
7/1/2024 15:45,July,13.12,13.06
7/1/2024 15:50,July,13.51,13.46
7/1/2024 15:55,July,24.81,24.7
7/1/2024 16:00,July,18.96,18.88
7/1/2024 16:05,July,24.85,24.74
7/1/2024 16:10,July,13.69,13.63
7/1/2024 16:15,July,16.08,16.01
7/1/2024 16:20,July,13.16,13.1
7/1/2024 16:25,July,13.68,13.61
7/1/2024 16:30,July,12.38,12.32
7/1/2024 16:35,July,13.65,13.58
7/1/2024 16:40,July,11.12,11.06
7/1/2024 16:45,July,13.21,13.13
7/1/2024 16:50,July,9.38,9.32
7/1/2024 16:55,July,9.36,9.31
7/1/2024 17:00,July,8.91,8.86
7/1/2024 17:05,July,13.28,13.2
7/1/2024 17:10,July,8.87,8.82
7/1/2024 17:15,July,8.88,8.83
7/1/2024 17:20,July,8.89,8.84
7/1/2024 17:25,July,8.88,8.82
7/1/2024 17:30,July,8.87,8.82
7/1/2024 17:35,July,8.87,8.82
7/1/2024 17:40,July,6.59,6.55
7/1/2024 17:45,July,4.49,4.45
7/1/2024 17:50,July,4.45,4.41
7/1/2024 17:55,July,4.1,4.07
7/1/2024 18:00,July,4.11,4.07
7/1/2024 18:05,July,3.53,3.5
7/1/2024 18:10,July,3.75,3.72
7/1/2024 18:15,July,4.4,4.36
7/1/2024 18:20,July,4.43,4.39
7/1/2024 18:25,July,4.49,4.46
7/1/2024 18:30,July,4.51,4.48
7/1/2024 18:35,July,4.42,4.38
7/1/2024 18:40,July,6.6,6.55
7/1/2024 18:45,July,6.61,6.56
7/1/2024 18:50,July,4.46,4.43
7/1/2024 18:55,July,4.47,4.43
7/1/2024 19:00,July,4.46,4.43
7/1/2024 19:05,July,4.59,4.56
7/1/2024 19:10,July,6.63,6.58
7/1/2024 19:15,July,6.63,6.58
7/1/2024 19:20,July,6.63,6.57
7/1/2024 19:25,July,6.65,6.59
7/1/2024 19:30,July,6.66,6.6
7/1/2024 19:35,July,6.64,6.58
7/1/2024 19:40,July,8.96,8.89
7/1/2024 19:45,July,8.97,8.9
7/1/2024 19:50,July,8.96,8.89
7/1/2024 19:55,July,8.95,8.88
7/1/2024 20:00,July,8.96,8.88
7/1/2024 20:05,July,12.31,12.2
7/1/2024 20:10,July,9,8.92
7/1/2024 20:15,July,21.88,21.71
7/1/2024 20:20,July,13.52,13.4
7/1/2024 20:25,July,9.41,9.32
7/1/2024 20:30,July,31.04,30.67
7/1/2024 20:35,July,21.74,21.49
7/1/2024 20:40,July,20.46,20.23
7/1/2024 20:45,July,12.28,12.15
7/1/2024 20:50,July,12.23,12.09
7/1/2024 20:55,July,12.23,12.09
7/1/2024 21:00,July,12.22,12.08
7/1/2024 21:05,July,27.93,27.62
7/1/2024 21:10,July,12.26,12.12
7/1/2024 21:15,July,9.47,9.36
7/1/2024 21:20,July,9.43,9.33
7/1/2024 21:25,July,9.44,9.33
7/1/2024 21:30,July,9.42,9.32
7/1/2024 21:35,July,9.51,9.4
7/1/2024 21:40,July,9.44,9.33
7/1/2024 21:45,July,9.51,9.41
7/1/2024 21:50,July,8.82,8.72
7/1/2024 21:55,July,8.78,8.68
7/1/2024 22:00,July,8.78,8.68
7/1/2024 22:05,July,8.85,8.75
7/1/2024 22:10,July,8.86,8.77
7/1/2024 22:15,July,8.78,8.69
7/1/2024 22:20,July,6.53,6.46
7/1/2024 22:25,July,6.49,6.42
7/1/2024 22:30,July,6.49,6.42
7/1/2024 22:35,July,4.02,3.97
7/1/2024 22:40,July,4.5,4.45
7/1/2024 22:45,July,3.57,3.53
7/1/2024 22:50,July,3.43,3.4
7/1/2024 22:55,July,3.52,3.48
7/1/2024 23:00,July,3.14,3.11
7/1/2024 23:05,July,6.48,6.41
7/1/2024 23:10,July,4.69,4.63
7/1/2024 23:15,July,4.7,4.65
7/1/2024 23:20,July,3.56,3.52
7/1/2024 23:25,July,3.41,3.37
7/1/2024 23:30,July,3.52,3.48
7/1/2024 23:35,July,3.52,3.48
7/1/2024 23:40,July,3.42,3.38
7/1/2024 23:45,July,3.39,3.35
7/1/2024 23:50,July,3.36,3.32
7/1/2024 23:55,July,3.38,3.34
7/2/2024 0:00,July,3.51,3.47
7/2/2024 0:05,July,6.91,6.84
7/2/2024 0:10,July,4.58,4.53
7/2/2024 0:15,July,4.59,4.53
7/2/2024 0:20,July,4.48,4.43
7/2/2024 0:25,July,4.47,4.42
7/2/2024 0:30,July,3.69,3.65
7/2/2024 0:35,July,4.46,4.41
7/2/2024 0:40,July,4.06,4.01
7/2/2024 0:45,July,3.69,3.65
7/2/2024 0:50,July,3.47,3.43
7/2/2024 0:55,July,3.5,3.46
7/2/2024 1:00,July,3.52,3.47
7/2/2024 1:05,July,6.89,6.81
7/2/2024 1:10,July,4.36,4.31
7/2/2024 1:15,July,3.6,3.55
7/2/2024 1:20,July,4.12,4.07
7/2/2024 1:25,July,3.69,3.64
7/2/2024 1:30,July,3.52,3.47
7/2/2024 1:35,July,4,3.95
7/2/2024 1:40,July,3.69,3.65
7/2/2024 1:45,July,3.69,3.65
7/2/2024 1:50,July,3.69,3.64
7/2/2024 1:55,July,3.69,3.64
7/2/2024 2:00,July,3.69,3.64
7/2/2024 2:05,July,4.13,4.07
7/2/2024 2:10,July,3.69,3.64
7/2/2024 2:15,July,4.03,3.98
7/2/2024 2:20,July,4.03,3.98
7/2/2024 2:25,July,4.13,4.08
7/2/2024 2:30,July,4.05,4
7/2/2024 2:35,July,4.14,4.09
7/2/2024 2:40,July,4.04,3.99
7/2/2024 2:45,July,4.43,4.38
7/2/2024 2:50,July,4.84,4.78
7/2/2024 2:55,July,4.32,4.27
7/2/2024 3:00,July,4.15,4.1
7/2/2024 3:05,July,3.72,3.67
7/2/2024 3:10,July,3.56,3.52
7/2/2024 3:15,July,3.12,3.08
7/2/2024 3:20,July,3.31,3.27
7/2/2024 3:25,July,3.42,3.38
7/2/2024 3:30,July,3.31,3.27
7/2/2024 3:35,July,3.52,3.47
7/2/2024 3:40,July,3.9,3.85
7/2/2024 3:45,July,3.68,3.63
7/2/2024 3:50,July,3.68,3.63
7/2/2024 3:55,July,3.68,3.63
7/2/2024 4:00,July,3.68,3.63
7/2/2024 4:05,July,3.52,3.47
7/2/2024 4:10,July,3.82,3.77
7/2/2024 4:15,July,3.82,3.77
7/2/2024 4:20,July,3.68,3.63
7/2/2024 4:25,July,3.89,3.84
7/2/2024 4:30,July,3.82,3.77
7/2/2024 4:35,July,3.81,3.76
7/2/2024 4:40,July,3.82,3.77
7/2/2024 4:45,July,4.43,4.38
7/2/2024 4:50,July,3.89,3.84
7/2/2024 4:55,July,4.02,3.97
7/2/2024 5:00,July,4.02,3.97
7/2/2024 5:05,July,3.02,2.98
7/2/2024 5:10,July,3.43,3.39
7/2/2024 5:15,July,3.52,3.47
7/2/2024 5:20,July,3.52,3.47
7/2/2024 5:25,July,3.52,3.47
7/2/2024 5:30,July,3.48,3.44
7/2/2024 5:35,July,3.68,3.63
7/2/2024 5:40,July,3.52,3.47
7/2/2024 5:45,July,3,2.97
7/2/2024 5:50,July,3.09,3.05
7/2/2024 5:55,July,3.27,3.23
7/2/2024 6:00,July,3.27,3.23
7/2/2024 6:05,July,0,0
7/2/2024 6:10,July,2.65,2.62
7/2/2024 6:15,July,2.94,2.91
7/2/2024 6:20,July,2.94,2.9
7/2/2024 6:25,July,3.09,3.06
7/2/2024 6:30,July,3.08,3.05
7/2/2024 6:35,July,2.86,2.83
7/2/2024 6:40,July,2.92,2.89
7/2/2024 6:45,July,3.06,3.03
7/2/2024 6:50,July,2.59,2.57
7/2/2024 6:55,July,2.92,2.89
7/2/2024 7:00,July,3.63,3.6
7/2/2024 7:05,July,0,0
7/2/2024 7:10,July,2.85,2.83
7/2/2024 7:15,July,3.16,3.13
7/2/2024 7:20,July,3.19,3.16
7/2/2024 7:25,July,3.23,3.2
7/2/2024 7:30,July,3.29,3.27
7/2/2024 7:35,July,3.4,3.37
7/2/2024 7:40,July,3.38,3.35
7/2/2024 7:45,July,3.39,3.37
7/2/2024 7:50,July,3.63,3.61
7/2/2024 7:55,July,3.96,3.94
7/2/2024 8:00,July,4.38,4.36
7/2/2024 8:05,July,3.26,3.24
7/2/2024 8:10,July,3.49,3.46
7/2/2024 8:15,July,4.39,4.36
7/2/2024 8:20,July,3.64,3.61
7/2/2024 8:25,July,3.75,3.73
7/2/2024 8:30,July,4.37,4.35
7/2/2024 8:35,July,3.66,3.64
7/2/2024 8:40,July,3.82,3.8
7/2/2024 8:45,July,3.82,3.8
7/2/2024 8:50,July,3.7,3.69
7/2/2024 8:55,July,3.7,3.69
7/2/2024 9:00,July,4.35,4.34
7/2/2024 9:05,July,0,0
7/2/2024 9:10,July,3.3,3.29
7/2/2024 9:15,July,3.3,3.29
7/2/2024 9:20,July,3.33,3.32
7/2/2024 9:25,July,3.29,3.29
7/2/2024 9:30,July,3.35,3.34
7/2/2024 9:35,July,3.35,3.34
7/2/2024 9:40,July,3.49,3.48
7/2/2024 9:45,July,3.52,3.51
7/2/2024 9:50,July,3.3,3.3
7/2/2024 9:55,July,3.35,3.34
7/2/2024 10:00,July,3.58,3.57
7/2/2024 10:05,July,0,0
7/2/2024 10:10,July,2.82,2.81
7/2/2024 10:15,July,3.33,3.32
7/2/2024 10:20,July,3.48,3.47
7/2/2024 10:25,July,3.79,3.78
7/2/2024 10:30,July,3.58,3.57
7/2/2024 10:35,July,3.58,3.57
7/2/2024 10:40,July,3.58,3.57
7/2/2024 10:45,July,4.95,4.94
7/2/2024 10:50,July,4.98,4.97
7/2/2024 10:55,July,5.01,5.01
7/2/2024 11:00,July,3.78,3.78
7/2/2024 11:05,July,4.97,4.96
7/2/2024 11:10,July,4.11,4.1
7/2/2024 11:15,July,4.02,4.02
7/2/2024 11:20,July,4.05,4.04
7/2/2024 11:25,July,4.04,4.02
7/2/2024 11:30,July,4.04,4.02
7/2/2024 11:35,July,4.04,4.02
7/2/2024 11:40,July,3.94,3.92
7/2/2024 11:45,July,4.26,4.24
7/2/2024 11:50,July,4.2,4.17
7/2/2024 11:55,July,4.29,4.26
7/2/2024 12:00,July,3.68,3.66
7/2/2024 12:05,July,3.66,3.65
7/2/2024 12:10,July,4.01,3.99
7/2/2024 12:15,July,4.02,4.01
7/2/2024 12:20,July,4.98,4.95
7/2/2024 12:25,July,4.25,4.23
7/2/2024 12:30,July,5.1,5.08
7/2/2024 12:35,July,5.07,5.05
7/2/2024 12:40,July,5.05,5.03
7/2/2024 12:45,July,4.14,4.13
7/2/2024 12:50,July,4.44,4.43
7/2/2024 12:55,July,4.44,4.43
7/2/2024 13:00,July,4.45,4.43
7/2/2024 13:05,July,4.45,4.43
7/2/2024 13:10,July,5.92,5.89
7/2/2024 13:15,July,8.95,8.9
7/2/2024 13:20,July,8.95,8.9
7/2/2024 13:25,July,9.39,9.32
7/2/2024 13:30,July,9.4,9.33
7/2/2024 13:35,July,9.37,9.33
7/2/2024 13:40,July,13.16,13.1
7/2/2024 13:45,July,12.19,12.13
7/2/2024 13:50,July,8.87,8.83
7/2/2024 13:55,July,8.87,8.84
7/2/2024 14:00,July,8.89,8.85
7/2/2024 14:05,July,6.97,6.92
7/2/2024 14:10,July,9.36,9.31
7/2/2024 14:15,July,8.92,8.87
7/2/2024 14:20,July,8.91,8.86
7/2/2024 14:25,July,6.99,6.95
7/2/2024 14:30,July,8.95,8.89
7/2/2024 14:35,July,8.89,8.83
7/2/2024 14:40,July,8.89,8.83
7/2/2024 14:45,July,8.93,8.87
7/2/2024 14:50,July,6.98,6.94
7/2/2024 14:55,July,8.94,8.9
7/2/2024 15:00,July,8.95,8.9
7/2/2024 15:05,July,8.94,8.89
7/2/2024 15:10,July,8.9,8.86
7/2/2024 15:15,July,8.94,8.89
7/2/2024 15:20,July,7,6.96
7/2/2024 15:25,July,5.94,5.91
7/2/2024 15:30,July,5.91,5.87
7/2/2024 15:35,July,5.88,5.84
7/2/2024 15:40,July,5.87,5.83
7/2/2024 15:45,July,5.82,5.77
7/2/2024 15:50,July,5.88,5.84
7/2/2024 15:55,July,5.8,5.76
7/2/2024 16:00,July,3.63,3.6
7/2/2024 16:05,July,5.1,5.07
7/2/2024 16:10,July,5.1,5.07
7/2/2024 16:15,July,5.1,5.06
7/2/2024 16:20,July,5.11,5.07
7/2/2024 16:25,July,5.12,5.08
7/2/2024 16:30,July,5.12,5.08
7/2/2024 16:35,July,4.61,4.59
7/2/2024 16:40,July,4.61,4.59
7/2/2024 16:45,July,4.93,4.9
7/2/2024 16:50,July,4.62,4.59
7/2/2024 16:55,July,3.64,3.61
7/2/2024 17:00,July,2.65,2.63
7/2/2024 17:05,July,2.86,2.84
7/2/2024 17:10,July,2.86,2.84
7/2/2024 17:15,July,2.86,2.84
7/2/2024 17:20,July,3.31,3.28
7/2/2024 17:25,July,3.75,3.72
7/2/2024 17:30,July,3.51,3.49
7/2/2024 17:35,July,3.51,3.49
7/2/2024 17:40,July,7.04,6.99
7/2/2024 17:45,July,6.58,6.54
7/2/2024 17:50,July,5.97,5.93
7/2/2024 17:55,July,7.01,6.96
7/2/2024 18:00,July,6.57,6.53
7/2/2024 18:05,July,6.53,6.49
7/2/2024 18:10,July,5.98,5.94
7/2/2024 18:15,July,6.55,6.51
7/2/2024 18:20,July,7.02,6.98
7/2/2024 18:25,July,8.96,8.91
7/2/2024 18:30,July,8.96,8.9
7/2/2024 18:35,July,7.02,6.98
7/2/2024 18:40,July,8.95,8.89
7/2/2024 18:45,July,8.97,8.92
7/2/2024 18:50,July,8.97,8.92
7/2/2024 18:55,July,7.03,6.99
7/2/2024 19:00,July,8.94,8.89
7/2/2024 19:05,July,6.05,6.02
7/2/2024 19:10,July,6.77,6.73
7/2/2024 19:15,July,6.56,6.52
7/2/2024 19:20,July,6.02,5.98
7/2/2024 19:25,July,6.54,6.5
7/2/2024 19:30,July,6.53,6.49
7/2/2024 19:35,July,7.05,7.01
7/2/2024 19:40,July,7.01,6.97
7/2/2024 19:45,July,5.94,5.9
7/2/2024 19:50,July,6.96,6.91
7/2/2024 19:55,July,6.93,6.88
7/2/2024 20:00,July,6.89,6.84
7/2/2024 20:05,July,9.38,9.31
7/2/2024 20:10,July,8.89,8.82
7/2/2024 20:15,July,8.87,8.8
7/2/2024 20:20,July,8.89,8.81
7/2/2024 20:25,July,8.86,8.78
7/2/2024 20:30,July,8.86,8.79
7/2/2024 20:35,July,8.84,8.77
7/2/2024 20:40,July,8.88,8.81
7/2/2024 20:45,July,9.38,9.3
7/2/2024 20:50,July,9.38,9.3
7/2/2024 20:55,July,9.38,9.3
7/2/2024 21:00,July,8.89,8.83
7/2/2024 21:05,July,24.71,24.5
7/2/2024 21:10,July,21.78,21.61
7/2/2024 21:15,July,12.15,12.04
7/2/2024 21:20,July,8.84,8.76
7/2/2024 21:25,July,8.84,8.76
7/2/2024 21:30,July,8.83,8.75
7/2/2024 21:35,July,6.91,6.84
7/2/2024 21:40,July,6.91,6.85
7/2/2024 21:45,July,6.88,6.82
7/2/2024 21:50,July,6.84,6.78
7/2/2024 21:55,July,6.83,6.76
7/2/2024 22:00,July,6.61,6.55
7/2/2024 22:05,July,8.88,8.8
7/2/2024 22:10,July,6.91,6.85
7/2/2024 22:15,July,6.87,6.8
7/2/2024 22:20,July,6.83,6.77
7/2/2024 22:25,July,6.82,6.76
7/2/2024 22:30,July,6.6,6.54
7/2/2024 22:35,July,3.35,3.32
7/2/2024 22:40,July,4.06,4.03
7/2/2024 22:45,July,4.06,4.02
7/2/2024 22:50,July,4.06,4.02
7/2/2024 22:55,July,3.6,3.57
7/2/2024 23:00,July,3.51,3.48
7/2/2024 23:05,July,6.57,6.51
7/2/2024 23:10,July,4.06,4.03
7/2/2024 23:15,July,4.06,4.02
7/2/2024 23:20,July,3.13,3.1
7/2/2024 23:25,July,3.55,3.52
7/2/2024 23:30,July,3.5,3.47
7/2/2024 23:35,July,2.52,2.49
7/2/2024 23:40,July,3.1,3.07
7/2/2024 23:45,July,3.42,3.38
7/2/2024 23:50,July,3.4,3.37
7/2/2024 23:55,July,3.34,3.31
7/3/2024 0:00,July,3.1,3.07
7/3/2024 0:05,July,3.63,3.59
7/3/2024 0:10,July,3.66,3.62
7/3/2024 0:15,July,4.44,4.39
7/3/2024 0:20,July,3.66,3.62
7/3/2024 0:25,July,4.43,4.39
7/3/2024 0:30,July,4.34,4.29
7/3/2024 0:35,July,4.34,4.3
7/3/2024 0:40,July,3.85,3.81
7/3/2024 0:45,July,3.71,3.68
7/3/2024 0:50,July,3.84,3.8
7/3/2024 0:55,July,3.53,3.5
7/3/2024 1:00,July,3.42,3.39
7/3/2024 1:05,July,4.15,4.11
7/3/2024 1:10,July,3.42,3.39
7/3/2024 1:15,July,3.57,3.53
7/3/2024 1:20,July,3.62,3.59
7/3/2024 1:25,July,3.7,3.67
7/3/2024 1:30,July,3.83,3.79
7/3/2024 1:35,July,3.46,3.42
7/3/2024 1:40,July,3.63,3.59
7/3/2024 1:45,July,4.23,4.19
7/3/2024 1:50,July,3.7,3.66
7/3/2024 1:55,July,3.98,3.94
7/3/2024 2:00,July,3.84,3.8
7/3/2024 2:05,July,3.91,3.87
7/3/2024 2:10,July,3.98,3.94
7/3/2024 2:15,July,3.98,3.94
7/3/2024 2:20,July,3.91,3.87
7/3/2024 2:25,July,4.03,3.99
7/3/2024 2:30,July,3.98,3.94
7/3/2024 2:35,July,3.98,3.94
7/3/2024 2:40,July,3.98,3.94
7/3/2024 2:45,July,3.56,3.52
7/3/2024 2:50,July,3.45,3.41
7/3/2024 2:55,July,3.52,3.48
7/3/2024 3:00,July,3.45,3.41
7/3/2024 3:05,July,3.58,3.55
7/3/2024 3:10,July,3.44,3.4
7/3/2024 3:15,July,3.31,3.27
7/3/2024 3:20,July,3.26,3.22
7/3/2024 3:25,July,2.89,2.86
7/3/2024 3:30,July,3.1,3.06
7/3/2024 3:35,July,3.1,3.07
7/3/2024 3:40,July,3.1,3.07
7/3/2024 3:45,July,3.11,3.08
7/3/2024 3:50,July,3.58,3.54
7/3/2024 3:55,July,3.51,3.47
7/3/2024 4:00,July,3.37,3.33
7/3/2024 4:05,July,3.12,3.08
7/3/2024 4:10,July,3.45,3.41
7/3/2024 4:15,July,3.45,3.41
7/3/2024 4:20,July,3.29,3.25
7/3/2024 4:25,July,3.39,3.35
7/3/2024 4:30,July,2.89,2.85
7/3/2024 4:35,July,2.89,2.85
7/3/2024 4:40,July,3.11,3.07
7/3/2024 4:45,July,2.69,2.66
7/3/2024 4:50,July,2.88,2.85
7/3/2024 4:55,July,2.89,2.85
7/3/2024 5:00,July,2.84,2.8
7/3/2024 5:05,July,3.82,3.78
7/3/2024 5:10,July,3.82,3.78
7/3/2024 5:15,July,4.02,3.97
7/3/2024 5:20,July,4.43,4.38
7/3/2024 5:25,July,3.89,3.85
7/3/2024 5:30,July,4.02,3.97
7/3/2024 5:35,July,4.43,4.38
7/3/2024 5:40,July,4.02,3.98
7/3/2024 5:45,July,4.02,3.98
7/3/2024 5:50,July,4.02,3.98
7/3/2024 5:55,July,3.9,3.86
7/3/2024 6:00,July,4.02,3.98
7/3/2024 6:05,July,-0.1,-0.1
7/3/2024 6:10,July,2.51,2.48
7/3/2024 6:15,July,3.58,3.54
7/3/2024 6:20,July,3.64,3.6
7/3/2024 6:25,July,3.81,3.77
7/3/2024 6:30,July,3.81,3.78
7/3/2024 6:35,July,3.63,3.6
7/3/2024 6:40,July,3.89,3.85
7/3/2024 6:45,July,3.89,3.85
7/3/2024 6:50,July,3.8,3.77
7/3/2024 6:55,July,3.81,3.78
7/3/2024 7:00,July,4.01,3.97
7/3/2024 7:05,July,-1.04,-1.04
7/3/2024 7:10,July,0,0
7/3/2024 7:15,July,2.5,2.48
7/3/2024 7:20,July,2.5,2.48
7/3/2024 7:25,July,3.41,3.38
7/3/2024 7:30,July,3.41,3.38
7/3/2024 7:35,July,4.4,4.37
7/3/2024 7:40,July,3.54,3.52
7/3/2024 7:45,July,3.54,3.52
7/3/2024 7:50,July,3.97,3.94
7/3/2024 7:55,July,4.39,4.36
7/3/2024 8:00,July,3.81,3.78
7/3/2024 8:05,July,3.52,3.5
7/3/2024 8:10,July,3.52,3.5
7/3/2024 8:15,July,4.01,3.99
7/3/2024 8:20,July,4.61,4.59
7/3/2024 8:25,July,3.83,3.82
7/3/2024 8:30,July,5.74,5.72
7/3/2024 8:35,July,4.35,4.34
7/3/2024 8:40,July,5.87,5.86
7/3/2024 8:45,July,5.84,5.83
7/3/2024 8:50,July,5.03,5.02
7/3/2024 8:55,July,5.75,5.74
7/3/2024 9:00,July,5.76,5.76
7/3/2024 9:05,July,3.5,3.49
7/3/2024 9:10,July,3.83,3.83
7/3/2024 9:15,July,4.34,4.34
7/3/2024 9:20,July,4.35,4.34
7/3/2024 9:25,July,4.35,4.34
7/3/2024 9:30,July,3.59,3.59
7/3/2024 9:35,July,4.33,4.33
7/3/2024 9:40,July,5,5
7/3/2024 9:45,July,5.01,5.01
7/3/2024 9:50,July,5.02,5.01
7/3/2024 9:55,July,5.78,5.77
7/3/2024 10:00,July,5.73,5.73
7/3/2024 10:05,July,3.37,3.37
7/3/2024 10:10,July,4.38,4.37
7/3/2024 10:15,July,4.37,4.37
7/3/2024 10:20,July,5.69,5.68
7/3/2024 10:25,July,5.74,5.74
7/3/2024 10:30,July,5.8,5.8
7/3/2024 10:35,July,5.73,5.73
7/3/2024 10:40,July,4.38,4.38
7/3/2024 10:45,July,5.69,5.7
7/3/2024 10:50,July,5.7,5.7
7/3/2024 10:55,July,5.73,5.73
7/3/2024 11:00,July,5.84,5.84
7/3/2024 11:05,July,5.8,5.8
7/3/2024 11:10,July,5.73,5.73
7/3/2024 11:15,July,5.74,5.74
7/3/2024 11:20,July,4.6,4.6
7/3/2024 11:25,July,5.72,5.72
7/3/2024 11:30,July,5.72,5.72
7/3/2024 11:35,July,4.37,4.38
7/3/2024 11:40,July,5.11,5.11
7/3/2024 11:45,July,5.8,5.81
7/3/2024 11:50,July,5.74,5.74
7/3/2024 11:55,July,5.72,5.73
7/3/2024 12:00,July,5.11,5.11
7/3/2024 12:05,July,3.07,3.08
7/3/2024 12:10,July,4.22,4.22
7/3/2024 12:15,July,5.09,5.09
7/3/2024 12:20,July,5.68,5.69
7/3/2024 12:25,July,4.36,4.37
7/3/2024 12:30,July,5.66,5.66
7/3/2024 12:35,July,5.82,5.82
7/3/2024 12:40,July,5.71,5.71
7/3/2024 12:45,July,5.7,5.7
7/3/2024 12:50,July,5.73,5.73
7/3/2024 12:55,July,5.71,5.71
7/3/2024 13:00,July,5.77,5.77
7/3/2024 13:05,July,5.8,5.8
7/3/2024 13:10,July,5.89,5.89
7/3/2024 13:15,July,6.82,6.83
7/3/2024 13:20,July,6.83,6.82
7/3/2024 13:25,July,6.85,6.82
7/3/2024 13:30,July,6.86,6.85
7/3/2024 13:35,July,8.94,8.93
7/3/2024 13:40,July,8.95,8.94
7/3/2024 13:45,July,16.57,16.54
7/3/2024 13:50,July,13.6,13.58
7/3/2024 13:55,July,11.19,11.16
7/3/2024 14:00,July,9.34,9.31
7/3/2024 14:05,July,11.19,11.13
7/3/2024 14:10,July,11.19,11.13
7/3/2024 14:15,July,12.62,12.55
7/3/2024 14:20,July,12.62,12.56
7/3/2024 14:25,July,12.61,12.59
7/3/2024 14:30,July,12.62,12.59
7/3/2024 14:35,July,16.06,15.98
7/3/2024 14:40,July,13.13,13.07
7/3/2024 14:45,July,13.14,13.07
7/3/2024 14:50,July,13.15,13.08
7/3/2024 14:55,July,13.15,13.08
7/3/2024 15:00,July,13.15,13.07
7/3/2024 15:05,July,27.91,27.71
7/3/2024 15:10,July,23.05,22.89
7/3/2024 15:15,July,13.17,13.09
7/3/2024 15:20,July,12.72,12.64
7/3/2024 15:25,July,27.86,27.7
7/3/2024 15:30,July,27.61,27.45
7/3/2024 15:35,July,27.59,27.4
7/3/2024 15:40,July,24.37,24.22
7/3/2024 15:45,July,21.86,21.72
7/3/2024 15:50,July,27.85,27.67
7/3/2024 15:55,July,21.98,21.84
7/3/2024 16:00,July,21.89,21.76
7/3/2024 16:05,July,22,21.88
7/3/2024 16:10,July,21.89,21.77
7/3/2024 16:15,July,16.12,16.04
7/3/2024 16:20,July,13.92,13.85
7/3/2024 16:25,July,20.93,20.82
7/3/2024 16:30,July,20.93,20.83
7/3/2024 16:35,July,16.14,16.05
7/3/2024 16:40,July,13.88,13.8
7/3/2024 16:45,July,13.21,13.13
7/3/2024 16:50,July,12.58,12.5
7/3/2024 16:55,July,11.45,11.38
7/3/2024 17:00,July,10.97,10.9
7/3/2024 17:05,July,21.85,21.72
7/3/2024 17:10,July,13.24,13.17
7/3/2024 17:15,July,11.27,11.21
7/3/2024 17:20,July,9.38,9.32
7/3/2024 17:25,July,9.36,9.31
7/3/2024 17:30,July,9.36,9.31
7/3/2024 17:35,July,8.99,8.94
7/3/2024 17:40,July,8.95,8.9
7/3/2024 17:45,July,8.94,8.89
7/3/2024 17:50,July,8.96,8.91
7/3/2024 17:55,July,8.94,8.88
7/3/2024 18:00,July,8.94,8.89
7/3/2024 18:05,July,6.86,6.82
7/3/2024 18:10,July,6.86,6.82
7/3/2024 18:15,July,7.78,7.73
7/3/2024 18:20,July,9,8.94
7/3/2024 18:25,July,9.41,9.35
7/3/2024 18:30,July,12.99,12.9
7/3/2024 18:35,July,12.45,12.36
7/3/2024 18:40,July,11.5,11.43
7/3/2024 18:45,July,12.54,12.47
7/3/2024 18:50,July,12.58,12.51
7/3/2024 18:55,July,12.46,12.4
7/3/2024 19:00,July,12.43,12.36
7/3/2024 19:05,July,9.01,8.95
7/3/2024 19:10,July,9.4,9.33
7/3/2024 19:15,July,12.37,12.28
7/3/2024 19:20,July,11.49,11.41
7/3/2024 19:25,July,11.52,11.43
7/3/2024 19:30,July,11.51,11.43
7/3/2024 19:35,July,11.53,11.45
7/3/2024 19:40,July,11.54,11.45
7/3/2024 19:45,July,12.01,11.92
7/3/2024 19:50,July,12.34,12.25
7/3/2024 19:55,July,12.34,12.24
7/3/2024 20:00,July,11.55,11.46
7/3/2024 20:05,July,32.93,32.66
7/3/2024 20:10,July,30.81,30.56
7/3/2024 20:15,July,29.83,29.59
7/3/2024 20:20,July,27.65,27.46
7/3/2024 20:25,July,22.88,22.73
7/3/2024 20:30,July,13.87,13.77
7/3/2024 20:35,July,13.81,13.71
7/3/2024 20:40,July,13.84,13.74
7/3/2024 20:45,July,27.63,27.44
7/3/2024 20:50,July,13.81,13.71
7/3/2024 20:55,July,13.77,13.67
7/3/2024 21:00,July,12.47,12.38
7/3/2024 21:05,July,31.4,31.11
7/3/2024 21:10,July,27.79,27.55
7/3/2024 21:15,July,18.68,18.51
7/3/2024 21:20,July,18.66,18.5
7/3/2024 21:25,July,18.63,18.47
7/3/2024 21:30,July,18.62,18.45
7/3/2024 21:35,July,18.52,18.35
7/3/2024 21:40,July,18.62,18.46
7/3/2024 21:45,July,18.55,18.39
7/3/2024 21:50,July,15.82,15.68
7/3/2024 21:55,July,13.63,13.51
7/3/2024 22:00,July,12.35,12.23
7/3/2024 22:05,July,13.55,13.42
7/3/2024 22:10,July,15.73,15.59
7/3/2024 22:15,July,13.34,13.21
7/3/2024 22:20,July,13.38,13.25
7/3/2024 22:25,July,12.18,12.06
7/3/2024 22:30,July,11.33,11.22
7/3/2024 22:35,July,12.13,12.01
7/3/2024 22:40,July,9.45,9.36
7/3/2024 22:45,July,11.33,11.21
7/3/2024 22:50,July,9.42,9.33
7/3/2024 22:55,July,10.88,10.78
7/3/2024 23:00,July,8.85,8.77
7/3/2024 23:05,July,31.19,30.93
7/3/2024 23:10,July,28.16,27.94
7/3/2024 23:15,July,27.88,27.67
7/3/2024 23:20,July,15.42,15.31
7/3/2024 23:25,July,13.46,13.37
7/3/2024 23:30,July,8.87,8.8
7/3/2024 23:35,July,11.02,10.93
7/3/2024 23:40,July,8.85,8.79
7/3/2024 23:45,July,8.82,8.75
7/3/2024 23:50,July,8.76,8.69
7/3/2024 23:55,July,6.77,6.71
7/4/2024 0:00,July,6.72,6.66
7/4/2024 0:05,July,5.7,5.65
7/4/2024 0:10,July,5.74,5.69
7/4/2024 0:15,July,5.76,5.71
7/4/2024 0:20,July,5.75,5.7
7/4/2024 0:25,July,5.79,5.75
7/4/2024 0:30,July,5.8,5.76
7/4/2024 0:35,July,5.78,5.73
7/4/2024 0:40,July,5.75,5.7
7/4/2024 0:45,July,5.76,5.71
7/4/2024 0:50,July,5.76,5.71
7/4/2024 0:55,July,5.56,5.51
7/4/2024 1:00,July,5.54,5.5
7/4/2024 1:05,July,5.23,5.18
7/4/2024 1:10,July,5.12,5.08
7/4/2024 1:15,July,4.98,4.94
7/4/2024 1:20,July,5.13,5.08
7/4/2024 1:25,July,4.98,4.94
7/4/2024 1:30,July,5.1,5.05
7/4/2024 1:35,July,4.45,4.41
7/4/2024 1:40,July,4.45,4.41
7/4/2024 1:45,July,4.45,4.41
7/4/2024 1:50,July,4.46,4.41
7/4/2024 1:55,July,4.45,4.41
7/4/2024 2:00,July,4.45,4.4
7/4/2024 2:05,July,4.44,4.4
7/4/2024 2:10,July,3.7,3.66
7/4/2024 2:15,July,4.29,4.25
7/4/2024 2:20,July,4.45,4.4
7/4/2024 2:25,July,4.44,4.4
7/4/2024 2:30,July,4.2,4.16
7/4/2024 2:35,July,4.44,4.4
7/4/2024 2:40,July,3.68,3.64
7/4/2024 2:45,July,3.68,3.63
7/4/2024 2:50,July,3.68,3.63
7/4/2024 2:55,July,3.67,3.63
7/4/2024 3:00,July,4.15,4.1
7/4/2024 3:05,July,4.44,4.39
7/4/2024 3:10,July,4.17,4.12
7/4/2024 3:15,July,3.44,3.41
7/4/2024 3:20,July,3.61,3.57
7/4/2024 3:25,July,3.67,3.63
7/4/2024 3:30,July,3.67,3.63
7/4/2024 3:35,July,4.1,4.05
7/4/2024 3:40,July,3.68,3.63
7/4/2024 3:45,July,4.02,3.97
7/4/2024 3:50,July,3.62,3.57
7/4/2024 3:55,July,3.68,3.63
7/4/2024 4:00,July,3.68,3.63
7/4/2024 4:05,July,4.01,3.97
7/4/2024 4:10,July,3.82,3.77
7/4/2024 4:15,July,4.02,3.97
7/4/2024 4:20,July,4.03,3.98
7/4/2024 4:25,July,4.03,3.98
7/4/2024 4:30,July,4.03,3.98
7/4/2024 4:35,July,4.03,3.98
7/4/2024 4:40,July,4.08,4.04
7/4/2024 4:45,July,3.62,3.57
7/4/2024 4:50,July,4.09,4.04
7/4/2024 4:55,July,4.03,3.98
7/4/2024 5:00,July,4.03,3.98
7/4/2024 5:05,July,4.44,4.39
7/4/2024 5:10,July,4.45,4.4
7/4/2024 5:15,July,4.23,4.18
7/4/2024 5:20,July,4.22,4.18
7/4/2024 5:25,July,4.12,4.07
7/4/2024 5:30,July,4.03,3.98
7/4/2024 5:35,July,4.03,3.98
7/4/2024 5:40,July,4.19,4.15
7/4/2024 5:45,July,4.03,3.98
7/4/2024 5:50,July,4.02,3.98
7/4/2024 5:55,July,4.02,3.97
7/4/2024 6:00,July,3.67,3.63
7/4/2024 6:05,July,3.47,3.43
7/4/2024 6:10,July,3.52,3.48
7/4/2024 6:15,July,3.53,3.49
7/4/2024 6:20,July,3.53,3.49
7/4/2024 6:25,July,3.53,3.49
7/4/2024 6:30,July,3.52,3.49
7/4/2024 6:35,July,3.6,3.56
7/4/2024 6:40,July,3.52,3.49
7/4/2024 6:45,July,3.52,3.49
7/4/2024 6:50,July,3.52,3.49
7/4/2024 6:55,July,3.52,3.49
7/4/2024 7:00,July,3.63,3.6
7/4/2024 7:05,July,0,0
7/4/2024 7:10,July,3.05,3.03
7/4/2024 7:15,July,3.51,3.49
7/4/2024 7:20,July,3.59,3.57
7/4/2024 7:25,July,4,3.98
7/4/2024 7:30,July,3.64,3.62
7/4/2024 7:35,July,3.64,3.63
7/4/2024 7:40,July,3.83,3.81
7/4/2024 7:45,July,5.12,5.1
7/4/2024 7:50,July,3.6,3.58
7/4/2024 7:55,July,3.7,3.69
7/4/2024 8:00,July,5.74,5.72
7/4/2024 8:05,July,5.92,5.89
7/4/2024 8:10,July,5.76,5.73
7/4/2024 8:15,July,5.82,5.8
7/4/2024 8:20,July,5.89,5.87
7/4/2024 8:25,July,5.89,5.87
7/4/2024 8:30,July,5.89,5.87
7/4/2024 8:35,July,5.84,5.83
7/4/2024 8:40,July,5.78,5.77
7/4/2024 8:45,July,5.79,5.78
7/4/2024 8:50,July,5.78,5.78
7/4/2024 8:55,July,5.81,5.81
7/4/2024 9:00,July,6.44,6.44
7/4/2024 9:05,July,27.36,27.33
7/4/2024 9:10,July,15.4,15.39
7/4/2024 9:15,July,11.75,11.75
7/4/2024 9:20,July,12.17,12.18
7/4/2024 9:25,July,7.47,7.47
7/4/2024 9:30,July,13.35,13.37
7/4/2024 9:35,July,14.68,14.7
7/4/2024 9:40,July,15.39,15.4
7/4/2024 9:45,July,16.54,16.56
7/4/2024 9:50,July,21.64,21.69
7/4/2024 9:55,July,18.02,18.08
7/4/2024 10:00,July,15.83,15.88
7/4/2024 10:05,July,3.64,3.64
7/4/2024 10:10,July,6.91,6.92
7/4/2024 10:15,July,8.34,8.36
7/4/2024 10:20,July,8.36,8.38
7/4/2024 10:25,July,13.46,13.51
7/4/2024 10:30,July,14.64,14.69
7/4/2024 10:35,July,12.99,13.01
7/4/2024 10:40,July,11.18,11.17
7/4/2024 10:45,July,9.34,9.34
7/4/2024 10:50,July,12.96,12.96
7/4/2024 10:55,July,12.24,12.25
7/4/2024 11:00,July,12.96,12.96
7/4/2024 11:05,July,15.81,15.81
7/4/2024 11:10,July,15.78,15.81
7/4/2024 11:15,July,13.53,13.53
7/4/2024 11:20,July,15.81,15.81
7/4/2024 11:25,July,15.58,15.62
7/4/2024 11:30,July,13.58,13.63
7/4/2024 11:35,July,13.66,13.67
7/4/2024 11:40,July,12.89,12.93
7/4/2024 11:45,July,11.95,11.99
7/4/2024 11:50,July,12.29,12.32
7/4/2024 11:55,July,8.35,8.37
7/4/2024 12:00,July,8.31,8.33
7/4/2024 12:05,July,8.34,8.35
7/4/2024 12:10,July,12.99,13.01
7/4/2024 12:15,July,8.36,8.38
7/4/2024 12:20,July,9.29,9.31
7/4/2024 12:25,July,8.36,8.38
7/4/2024 12:30,July,8.36,8.38
7/4/2024 12:35,July,12.96,12.99
7/4/2024 12:40,July,9.3,9.32
7/4/2024 12:45,July,9.18,9.19
7/4/2024 12:50,July,8.34,8.35
7/4/2024 12:55,July,9.21,9.22
7/4/2024 13:00,July,8.35,8.36
7/4/2024 13:05,July,8.37,8.38
7/4/2024 13:10,July,9.33,9.32
7/4/2024 13:15,July,13.02,13
7/4/2024 13:20,July,18.95,18.92
7/4/2024 13:25,July,21.77,21.74
7/4/2024 13:30,July,18.48,18.48
7/4/2024 13:35,July,19.09,19.11
7/4/2024 13:40,July,16.49,16.51
7/4/2024 13:45,July,17.91,17.94
7/4/2024 13:50,July,16.59,16.59
7/4/2024 13:55,July,15.85,15.81
7/4/2024 14:00,July,13.7,13.73
7/4/2024 14:05,July,13.69,13.7
7/4/2024 14:10,July,14.85,14.87
7/4/2024 14:15,July,16.7,16.7
7/4/2024 14:20,July,16.71,16.69
7/4/2024 14:25,July,18.88,18.86
7/4/2024 14:30,July,18.95,18.88
7/4/2024 14:35,July,18.9,18.87
7/4/2024 14:40,July,18.28,18.25
7/4/2024 14:45,July,20.26,20.23
7/4/2024 14:50,July,22.95,22.9
7/4/2024 14:55,July,21.69,21.73
7/4/2024 15:00,July,20.19,20.21
7/4/2024 15:05,July,32.4,32.48
7/4/2024 15:10,July,30.65,30.54
7/4/2024 15:15,July,18.98,18.92
7/4/2024 15:20,July,24.88,24.81
7/4/2024 15:25,July,21.94,21.87
7/4/2024 15:30,July,30.02,29.92
7/4/2024 15:35,July,32.61,32.51
7/4/2024 15:40,July,29.71,29.55
7/4/2024 15:45,July,29.6,29.43
7/4/2024 15:50,July,22.01,21.88
7/4/2024 15:55,July,14.61,14.53
7/4/2024 16:00,July,13.19,13.12
7/4/2024 16:05,July,30.15,29.97
7/4/2024 16:10,July,21.87,21.73
7/4/2024 16:15,July,21.85,21.71
7/4/2024 16:20,July,28.01,27.83
7/4/2024 16:25,July,21.85,21.71
7/4/2024 16:30,July,22.09,21.96
7/4/2024 16:35,July,14.01,13.93
7/4/2024 16:40,July,14.05,13.96
7/4/2024 16:45,July,14.01,13.93
7/4/2024 16:50,July,13.92,13.83
7/4/2024 16:55,July,12.61,12.53
7/4/2024 17:00,July,9.37,9.32
7/4/2024 17:05,July,11.35,11.28
7/4/2024 17:10,July,9.41,9.35
7/4/2024 17:15,July,9.37,9.31
7/4/2024 17:20,July,9.41,9.36
7/4/2024 17:25,July,11.28,11.2
7/4/2024 17:30,July,16.27,16.15
7/4/2024 17:35,July,13.3,13.2
7/4/2024 17:40,July,13.27,13.17
7/4/2024 17:45,July,16.24,16.12
7/4/2024 17:50,July,13.29,13.18
7/4/2024 17:55,July,13.29,13.18
7/4/2024 18:00,July,9.38,9.31
7/4/2024 18:05,July,8.43,8.37
7/4/2024 18:10,July,9.37,9.31
7/4/2024 18:15,July,12.42,12.33
7/4/2024 18:20,July,19.23,19.08
7/4/2024 18:25,July,16.75,16.63
7/4/2024 18:30,July,18.82,18.68
7/4/2024 18:35,July,19.21,19.07
7/4/2024 18:40,July,18.25,18.13
7/4/2024 18:45,July,16.22,16.11
7/4/2024 18:50,July,21.02,20.88
7/4/2024 18:55,July,21.06,20.93
7/4/2024 19:00,July,16.21,16.12
7/4/2024 19:05,July,13.26,13.18
7/4/2024 19:10,July,13.95,13.88
7/4/2024 19:15,July,16.19,16.11
7/4/2024 19:20,July,13.24,13.17
7/4/2024 19:25,July,12.57,12.5
7/4/2024 19:30,July,13.22,13.15
7/4/2024 19:35,July,9.39,9.33
7/4/2024 19:40,July,10.97,10.91
7/4/2024 19:45,July,12.46,12.38
7/4/2024 19:50,July,12.45,12.37
7/4/2024 19:55,July,11.36,11.29
7/4/2024 20:00,July,9.38,9.32
7/4/2024 20:05,July,18.41,18.3
7/4/2024 20:10,July,17.97,17.88
7/4/2024 20:15,July,9.4,9.34
7/4/2024 20:20,July,9.4,9.34
7/4/2024 20:25,July,9.4,9.34
7/4/2024 20:30,July,8.45,8.41
7/4/2024 20:35,July,7.5,7.46
7/4/2024 20:40,July,8.52,8.48
7/4/2024 20:45,July,8.53,8.5
7/4/2024 20:50,July,8.52,8.49
7/4/2024 20:55,July,8.52,8.49
7/4/2024 21:00,July,8.5,8.46
7/4/2024 21:05,July,13.74,13.68
7/4/2024 21:10,July,13.73,13.67
7/4/2024 21:15,July,12.51,12.46
7/4/2024 21:20,July,8.47,8.43
7/4/2024 21:25,July,8.45,8.41
7/4/2024 21:30,July,8.43,8.38
7/4/2024 21:35,July,7.46,7.41
7/4/2024 21:40,July,7.44,7.4
7/4/2024 21:45,July,5.95,5.92
7/4/2024 21:50,July,5.89,5.86
7/4/2024 21:55,July,5.88,5.84
7/4/2024 22:00,July,5.85,5.82
7/4/2024 22:05,July,7.41,7.36
7/4/2024 22:10,July,5.94,5.91
7/4/2024 22:15,July,5.94,5.9
7/4/2024 22:20,July,5.94,5.9
7/4/2024 22:25,July,5.86,5.82
7/4/2024 22:30,July,5.88,5.85
7/4/2024 22:35,July,5.91,5.87
7/4/2024 22:40,July,5.81,5.78
7/4/2024 22:45,July,5.81,5.77
7/4/2024 22:50,July,5.79,5.75
7/4/2024 22:55,July,4.12,4.09
7/4/2024 23:00,July,4.31,4.28
7/4/2024 23:05,July,4.69,4.66
7/4/2024 23:10,July,4.68,4.65
7/4/2024 23:15,July,5.74,5.7
7/4/2024 23:20,July,4.69,4.65
7/4/2024 23:25,July,4.69,4.65
7/4/2024 23:30,July,4.6,4.56
7/4/2024 23:35,July,4.49,4.46
7/4/2024 23:40,July,4.49,4.45
7/4/2024 23:45,July,4.49,4.45
7/4/2024 23:50,July,4.32,4.28
7/4/2024 23:55,July,4.32,4.28
7/5/2024 0:00,July,4.32,4.28
7/5/2024 0:05,July,5.78,5.72
7/5/2024 0:10,July,5.85,5.8
7/5/2024 0:15,July,5.84,5.79
7/5/2024 0:20,July,5.76,5.71
7/5/2024 0:25,July,4.28,4.23
7/5/2024 0:30,July,4.17,4.13
7/5/2024 0:35,July,3.62,3.58
7/5/2024 0:40,July,4.61,4.56
7/5/2024 0:45,July,3.67,3.63
7/5/2024 0:50,July,3.41,3.38
7/5/2024 0:55,July,3.4,3.36
7/5/2024 1:00,July,3.57,3.54
7/5/2024 1:05,July,4.07,4.03
7/5/2024 1:10,July,3.6,3.56
7/5/2024 1:15,July,3.68,3.64
7/5/2024 1:20,July,3.64,3.6
7/5/2024 1:25,July,3.64,3.61
7/5/2024 1:30,July,5.78,5.72
7/5/2024 1:35,July,3.99,3.94
7/5/2024 1:40,July,3.99,3.94
7/5/2024 1:45,July,4.08,4.03
7/5/2024 1:50,July,3.63,3.59
7/5/2024 1:55,July,3.49,3.45
7/5/2024 2:00,July,3.33,3.3
7/5/2024 2:05,July,3.6,3.56
7/5/2024 2:10,July,3.68,3.64
7/5/2024 2:15,July,3.68,3.64
7/5/2024 2:20,July,3.99,3.95
7/5/2024 2:25,July,3.67,3.63
7/5/2024 2:30,July,3.53,3.49
7/5/2024 2:35,July,3.34,3.3
7/5/2024 2:40,July,3.42,3.38
7/5/2024 2:45,July,3.27,3.23
7/5/2024 2:50,July,3.26,3.23
7/5/2024 2:55,July,3.26,3.22
7/5/2024 3:00,July,3.12,3.09
7/5/2024 3:05,July,3.45,3.41
7/5/2024 3:10,July,3.48,3.44
7/5/2024 3:15,July,3.57,3.53
7/5/2024 3:20,July,3.52,3.48
7/5/2024 3:25,July,3.43,3.39
7/5/2024 3:30,July,3.14,3.1
7/5/2024 3:35,July,3.13,3.1
7/5/2024 3:40,July,3.26,3.23
7/5/2024 3:45,July,3.37,3.33
7/5/2024 3:50,July,3,2.96
7/5/2024 3:55,July,3,2.96
7/5/2024 4:00,July,0,0
7/5/2024 4:05,July,2.93,2.9
7/5/2024 4:10,July,3.01,2.97
7/5/2024 4:15,July,3.29,3.25
7/5/2024 4:20,July,3.36,3.32
7/5/2024 4:25,July,3.33,3.29
7/5/2024 4:30,July,2.98,2.94
7/5/2024 4:35,July,3,2.96
7/5/2024 4:40,July,2.99,2.96
7/5/2024 4:45,July,2.92,2.88
7/5/2024 4:50,July,2.91,2.88
7/5/2024 4:55,July,2.95,2.92
7/5/2024 5:00,July,2.91,2.88
7/5/2024 5:05,July,3.52,3.48
7/5/2024 5:10,July,3.09,3.05
7/5/2024 5:15,July,2.99,2.96
7/5/2024 5:20,July,2.97,2.93
7/5/2024 5:25,July,2.51,2.49
7/5/2024 5:30,July,2.73,2.71
7/5/2024 5:35,July,2.73,2.7
7/5/2024 5:40,July,2.91,2.88
7/5/2024 5:45,July,2.84,2.81
7/5/2024 5:50,July,2.84,2.81
7/5/2024 5:55,July,2.84,2.81
7/5/2024 6:00,July,2.84,2.81
7/5/2024 6:05,July,2.88,2.85
7/5/2024 6:10,July,3.62,3.59
7/5/2024 6:15,July,3.58,3.55
7/5/2024 6:20,July,3.52,3.48
7/5/2024 6:25,July,3.3,3.27
7/5/2024 6:30,July,2.91,2.89
7/5/2024 6:35,July,3.04,3.01
7/5/2024 6:40,July,2.98,2.95
7/5/2024 6:45,July,3.52,3.48
7/5/2024 6:50,July,3.06,3.03
7/5/2024 6:55,July,3.06,3.03
7/5/2024 7:00,July,3.05,3.02
7/5/2024 7:05,July,0,0
7/5/2024 7:10,July,2.03,2.01
7/5/2024 7:15,July,2.89,2.87
7/5/2024 7:20,July,3.05,3.03
7/5/2024 7:25,July,3.05,3.03
7/5/2024 7:30,July,3.83,3.8
7/5/2024 7:35,July,3.63,3.6
7/5/2024 7:40,July,3.63,3.6
7/5/2024 7:45,July,3.63,3.6
7/5/2024 7:50,July,4,3.97
7/5/2024 7:55,July,3.83,3.8
7/5/2024 8:00,July,7.34,7.29
7/5/2024 8:05,July,3.53,3.5
7/5/2024 8:10,July,3.53,3.5
7/5/2024 8:15,July,3.64,3.61
7/5/2024 8:20,July,3.54,3.51
7/5/2024 8:25,July,3.65,3.62
7/5/2024 8:30,July,4.03,4
7/5/2024 8:35,July,5.77,5.73
7/5/2024 8:40,July,5.77,5.73
7/5/2024 8:45,July,5.77,5.73
7/5/2024 8:50,July,3.65,3.63
7/5/2024 8:55,July,4.22,4.2
7/5/2024 9:00,July,4.18,4.16
7/5/2024 9:05,July,0,0
7/5/2024 9:10,July,3.53,3.52
7/5/2024 9:15,July,3.71,3.7
7/5/2024 9:20,July,4.61,4.6
7/5/2024 9:25,July,4.42,4.42
7/5/2024 9:30,July,3.7,3.7
7/5/2024 9:35,July,5.03,5.03
7/5/2024 9:40,July,3.99,3.99
7/5/2024 9:45,July,5.7,5.69
7/5/2024 9:50,July,5.03,5.03
7/5/2024 9:55,July,4.04,4.03
7/5/2024 10:00,July,4.13,4.13
7/5/2024 10:05,July,3.35,3.35
7/5/2024 10:10,July,4.01,4.01
7/5/2024 10:15,July,5.67,5.66
7/5/2024 10:20,July,5.67,5.67
7/5/2024 10:25,July,5.66,5.66
7/5/2024 10:30,July,5.03,5.03
7/5/2024 10:35,July,3.97,3.96
7/5/2024 10:40,July,4.06,4.05
7/5/2024 10:45,July,5.03,5.02
7/5/2024 10:50,July,4.36,4.36
7/5/2024 10:55,July,4.34,4.34
7/5/2024 11:00,July,4.33,4.33
7/5/2024 11:05,July,3.52,3.52
7/5/2024 11:10,July,4.03,4.03
7/5/2024 11:15,July,4.03,4.03
7/5/2024 11:20,July,5.95,5.95
7/5/2024 11:25,July,4.46,4.47
7/5/2024 11:30,July,4.05,4.05
7/5/2024 11:35,July,4.15,4.16
7/5/2024 11:40,July,4.36,4.36
7/5/2024 11:45,July,3.56,3.56
7/5/2024 11:50,July,2.47,2.47
7/5/2024 11:55,July,2.84,2.84
7/5/2024 12:00,July,3.21,3.21
7/5/2024 12:05,July,3.06,3.06
7/5/2024 12:10,July,3.21,3.21
7/5/2024 12:15,July,3.51,3.51
7/5/2024 12:20,July,0,0
7/5/2024 12:25,July,3.15,3.15
7/5/2024 12:30,July,4.18,4.18
7/5/2024 12:35,July,3.82,3.82
7/5/2024 12:40,July,5.02,5.02
7/5/2024 12:45,July,3.51,3.51
7/5/2024 12:50,July,3.83,3.83
7/5/2024 12:55,July,3.83,3.83
7/5/2024 13:00,July,5.45,5.44
7/5/2024 13:05,July,5.43,5.43
7/5/2024 13:10,July,5.52,5.52
7/5/2024 13:15,July,5.52,5.52
7/5/2024 13:20,July,5.48,5.47
7/5/2024 13:25,July,5.45,5.44
7/5/2024 13:30,July,5.04,5.04
7/5/2024 13:35,July,5.46,5.45
7/5/2024 13:40,July,5.43,5.42
7/5/2024 13:45,July,4.05,4.04
7/5/2024 13:50,July,5.04,5.04
7/5/2024 13:55,July,5.05,5.04
7/5/2024 14:00,July,3.86,3.85
7/5/2024 14:05,July,4.59,4.59
7/5/2024 14:10,July,3.21,3.2
7/5/2024 14:15,July,3.3,3.3
7/5/2024 14:20,July,3.56,3.56
7/5/2024 14:25,July,3.53,3.52
7/5/2024 14:30,July,4.21,4.2
7/5/2024 14:35,July,4.21,4.2
7/5/2024 14:40,July,4.21,4.2
7/5/2024 14:45,July,4.07,4.06
7/5/2024 14:50,July,4.22,4.21
7/5/2024 14:55,July,3.53,3.52
7/5/2024 15:00,July,4.08,4.07
7/5/2024 15:05,July,5.28,5.26
7/5/2024 15:10,July,4.7,4.69
7/5/2024 15:15,July,4.9,4.89
7/5/2024 15:20,July,4.91,4.9
7/5/2024 15:25,July,4.9,4.89
7/5/2024 15:30,July,4.61,4.6
7/5/2024 15:35,July,5.1,5.09
7/5/2024 15:40,July,5.1,5.09
7/5/2024 15:45,July,5.11,5.09
7/5/2024 15:50,July,3.34,3.32
7/5/2024 15:55,July,2.86,2.85
7/5/2024 16:00,July,2.85,2.84
7/5/2024 16:05,July,4.49,4.48
7/5/2024 16:10,July,4.07,4.05
7/5/2024 16:15,July,4.4,4.39
7/5/2024 16:20,July,4.37,4.35
7/5/2024 16:25,July,4.37,4.36
7/5/2024 16:30,July,3.39,3.37
7/5/2024 16:35,July,4.06,4.04
7/5/2024 16:40,July,4.06,4.04
7/5/2024 16:45,July,3.97,3.95
7/5/2024 16:50,July,4.1,4.08
7/5/2024 16:55,July,3.6,3.59
7/5/2024 17:00,July,3.28,3.27
7/5/2024 17:05,July,3.85,3.83
7/5/2024 17:10,July,3.3,3.29
7/5/2024 17:15,July,3.6,3.58
7/5/2024 17:20,July,2.88,2.87
7/5/2024 17:25,July,3.85,3.83
7/5/2024 17:30,July,2.89,2.87
7/5/2024 17:35,July,3.91,3.89
7/5/2024 17:40,July,3.61,3.59
7/5/2024 17:45,July,3.86,3.83
7/5/2024 17:50,July,3.86,3.83
7/5/2024 17:55,July,3.87,3.84
7/5/2024 18:00,July,4.2,4.17
7/5/2024 18:05,July,3.92,3.89
7/5/2024 18:10,July,5.17,5.13
7/5/2024 18:15,July,5.17,5.14
7/5/2024 18:20,July,5.18,5.14
7/5/2024 18:25,July,6.97,6.92
7/5/2024 18:30,July,6.97,6.92
7/5/2024 18:35,July,6.97,6.91
7/5/2024 18:40,July,6.98,6.93
7/5/2024 18:45,July,5.79,5.75
7/5/2024 18:50,July,5.18,5.14
7/5/2024 18:55,July,6.99,6.94
7/5/2024 19:00,July,5.19,5.15
7/5/2024 19:05,July,4.2,4.16
7/5/2024 19:10,July,5.18,5.14
7/5/2024 19:15,July,5.17,5.13
7/5/2024 19:20,July,5.17,5.13
7/5/2024 19:25,July,5.17,5.13
7/5/2024 19:30,July,5.18,5.13
7/5/2024 19:35,July,5.17,5.13
7/5/2024 19:40,July,5.17,5.13
7/5/2024 19:45,July,5.18,5.13
7/5/2024 19:50,July,5.17,5.13
7/5/2024 19:55,July,5.17,5.13
7/5/2024 20:00,July,5.17,5.12
7/5/2024 20:05,July,8.51,8.44
7/5/2024 20:10,July,7.35,7.29
7/5/2024 20:15,July,7.29,7.22
7/5/2024 20:20,July,7.23,7.17
7/5/2024 20:25,July,7.24,7.17
7/5/2024 20:30,July,7.23,7.16
7/5/2024 20:35,July,5.84,5.78
7/5/2024 20:40,July,5.86,5.8
7/5/2024 20:45,July,7.23,7.16
7/5/2024 20:50,July,5.86,5.81
7/5/2024 20:55,July,5.21,5.16
7/5/2024 21:00,July,5.21,5.16
7/5/2024 21:05,July,5.86,5.81
7/5/2024 21:10,July,5.21,5.16
7/5/2024 21:15,July,5.21,5.16
7/5/2024 21:20,July,5.85,5.8
7/5/2024 21:25,July,7.23,7.16
7/5/2024 21:30,July,5.21,5.16
7/5/2024 21:35,July,5.82,5.77
7/5/2024 21:40,July,5.81,5.75
7/5/2024 21:45,July,7.21,7.15
7/5/2024 21:50,July,7.21,7.14
7/5/2024 21:55,July,5.19,5.14
7/5/2024 22:00,July,3.79,3.76
7/5/2024 22:05,July,6.18,6.12
7/5/2024 22:10,July,5.84,5.78
7/5/2024 22:15,July,4.15,4.11
7/5/2024 22:20,July,3.78,3.75
7/5/2024 22:25,July,3.82,3.79
7/5/2024 22:30,July,4.09,4.05
7/5/2024 22:35,July,4.07,4.04
7/5/2024 22:40,July,3.84,3.81
7/5/2024 22:45,July,3.82,3.79
7/5/2024 22:50,July,3.82,3.78
7/5/2024 22:55,July,3.79,3.75
7/5/2024 23:00,July,3.78,3.74
7/5/2024 23:05,July,7.27,7.21
7/5/2024 23:10,July,4.25,4.21
7/5/2024 23:15,July,4.12,4.09
7/5/2024 23:20,July,4.08,4.05
7/5/2024 23:25,July,4.08,4.05
7/5/2024 23:30,July,4.08,4.05
7/5/2024 23:35,July,3.99,3.95
7/5/2024 23:40,July,4.08,4.04
7/5/2024 23:45,July,3.86,3.83
7/5/2024 23:50,July,3.86,3.83
7/5/2024 23:55,July,3.97,3.94
7/6/2024 0:00,July,3.98,3.95
7/6/2024 0:05,July,8.75,8.68
7/6/2024 0:10,July,6.99,6.93
7/6/2024 0:15,July,5.83,5.78
7/6/2024 0:20,July,5.65,5.6
7/6/2024 0:25,July,4.9,4.86
7/6/2024 0:30,July,4.89,4.85
7/6/2024 0:35,July,4.88,4.84
7/6/2024 0:40,July,4.29,4.25
7/6/2024 0:45,July,3.67,3.63
7/6/2024 0:50,July,3.61,3.57
7/6/2024 0:55,July,3.61,3.57
7/6/2024 1:00,July,3.61,3.57
7/6/2024 1:05,July,4.61,4.57
7/6/2024 1:10,July,4.67,4.63
7/6/2024 1:15,July,3.56,3.53
7/6/2024 1:20,July,4.12,4.08
7/6/2024 1:25,July,4.11,4.07
7/6/2024 1:30,July,4.23,4.18
7/6/2024 1:35,July,4.26,4.21
7/6/2024 1:40,July,4.25,4.21
7/6/2024 1:45,July,4.15,4.1
7/6/2024 1:50,July,4.25,4.2
7/6/2024 1:55,July,3.53,3.49
7/6/2024 2:00,July,2.91,2.87
7/6/2024 2:05,July,3.5,3.46
7/6/2024 2:10,July,3.52,3.48
7/6/2024 2:15,July,3.58,3.53
7/6/2024 2:20,July,3.56,3.52
7/6/2024 2:25,July,3.53,3.48
7/6/2024 2:30,July,3.83,3.78
7/6/2024 2:35,July,3.56,3.52
7/6/2024 2:40,July,3.53,3.48
7/6/2024 2:45,July,4.1,4.05
7/6/2024 2:50,July,3.83,3.78
7/6/2024 2:55,July,3.82,3.78
7/6/2024 3:00,July,3.53,3.48
7/6/2024 3:05,July,3.46,3.41
7/6/2024 3:10,July,3.52,3.48
7/6/2024 3:15,July,3.53,3.48
7/6/2024 3:20,July,3.52,3.47
7/6/2024 3:25,July,3.53,3.48
7/6/2024 3:30,July,3.57,3.52
7/6/2024 3:35,July,3.57,3.52
7/6/2024 3:40,July,3.57,3.52
7/6/2024 3:45,July,3.52,3.48
7/6/2024 3:50,July,3.52,3.48
7/6/2024 3:55,July,3.52,3.47
7/6/2024 4:00,July,3.52,3.47
7/6/2024 4:05,July,3.42,3.37
7/6/2024 4:10,July,3.43,3.38
7/6/2024 4:15,July,3.52,3.47
7/6/2024 4:20,July,3.52,3.47
7/6/2024 4:25,July,3.52,3.47
7/6/2024 4:30,July,3.52,3.47
7/6/2024 4:35,July,3.11,3.06
7/6/2024 4:40,July,3.4,3.36
7/6/2024 4:45,July,3.51,3.47
7/6/2024 4:50,July,2.89,2.85
7/6/2024 4:55,July,3.37,3.33
7/6/2024 5:00,July,2.91,2.87
7/6/2024 5:05,July,0,0
7/6/2024 5:10,July,2.92,2.88
7/6/2024 5:15,July,3.51,3.47
7/6/2024 5:20,July,5.23,5.16
7/6/2024 5:25,July,3.64,3.59
7/6/2024 5:30,July,3.54,3.49
7/6/2024 5:35,July,3.24,3.2
7/6/2024 5:40,July,3.23,3.19
7/6/2024 5:45,July,3.32,3.28
7/6/2024 5:50,July,3.35,3.31
7/6/2024 5:55,July,3.31,3.27
7/6/2024 6:00,July,3.51,3.47
7/6/2024 6:05,July,0,0
7/6/2024 6:10,July,0,0
7/6/2024 6:15,July,2.89,2.85
7/6/2024 6:20,July,2.88,2.85
7/6/2024 6:25,July,2.88,2.85
7/6/2024 6:30,July,3.03,3
7/6/2024 6:35,July,2.49,2.46
7/6/2024 6:40,July,2.88,2.85
7/6/2024 6:45,July,3.26,3.22
7/6/2024 6:50,July,3.11,3.07
7/6/2024 6:55,July,3.05,3.02
7/6/2024 7:00,July,3.05,3.02
7/6/2024 7:05,July,0,0
7/6/2024 7:10,July,0,0
7/6/2024 7:15,July,2.85,2.83
7/6/2024 7:20,July,2.86,2.83
7/6/2024 7:25,July,2.89,2.86
7/6/2024 7:30,July,2.87,2.84
7/6/2024 7:35,July,2.87,2.84
7/6/2024 7:40,July,2.89,2.86
7/6/2024 7:45,July,2.9,2.88
7/6/2024 7:50,July,3.41,3.39
7/6/2024 7:55,July,3.3,3.27
7/6/2024 8:00,July,3.6,3.57
7/6/2024 8:05,July,0,0
7/6/2024 8:10,July,0,0
7/6/2024 8:15,July,2.87,2.84
7/6/2024 8:20,July,3.03,3
7/6/2024 8:25,July,3.01,2.98
7/6/2024 8:30,July,3.03,3
7/6/2024 8:35,July,3.5,3.46
7/6/2024 8:40,July,3.48,3.45
7/6/2024 8:45,July,3.6,3.57
7/6/2024 8:50,July,3.49,3.46
7/6/2024 8:55,July,3.53,3.5
7/6/2024 9:00,July,3.5,3.46
7/6/2024 9:05,July,0,0
7/6/2024 9:10,July,2.85,2.83
7/6/2024 9:15,July,3.1,3.08
7/6/2024 9:20,July,3.02,3
7/6/2024 9:25,July,3.02,3
7/6/2024 9:30,July,3.58,3.55
7/6/2024 9:35,July,3.52,3.5
7/6/2024 9:40,July,3.51,3.49
7/6/2024 9:45,July,3.54,3.53
7/6/2024 9:50,July,3.68,3.66
7/6/2024 9:55,July,3.57,3.55
7/6/2024 10:00,July,3.51,3.49
7/6/2024 10:05,July,0,0
7/6/2024 10:10,July,2.56,2.54
7/6/2024 10:15,July,3.5,3.47
7/6/2024 10:20,July,2.86,2.84
7/6/2024 10:25,July,3.58,3.55
7/6/2024 10:30,July,3.69,3.67
7/6/2024 10:35,July,3.81,3.79
7/6/2024 10:40,July,3.99,3.96
7/6/2024 10:45,July,3.59,3.56
7/6/2024 10:50,July,3.51,3.49
7/6/2024 10:55,July,3.51,3.49
7/6/2024 11:00,July,3.39,3.36
7/6/2024 11:05,July,2.86,2.84
7/6/2024 11:10,July,2.86,2.84
7/6/2024 11:15,July,2.87,2.84
7/6/2024 11:20,July,3.69,3.66
7/6/2024 11:25,July,3.5,3.48
7/6/2024 11:30,July,3.51,3.48
7/6/2024 11:35,July,3.58,3.55
7/6/2024 11:40,July,3.51,3.48
7/6/2024 11:45,July,4.01,3.97
7/6/2024 11:50,July,3.51,3.48
7/6/2024 11:55,July,3.41,3.38
7/6/2024 12:00,July,2.59,2.56
7/6/2024 12:05,July,2.73,2.71
7/6/2024 12:10,July,0,0
7/6/2024 12:15,July,2.57,2.55
7/6/2024 12:20,July,2.79,2.77
7/6/2024 12:25,July,3.35,3.32
7/6/2024 12:30,July,2.84,2.82
7/6/2024 12:35,July,2.86,2.84
7/6/2024 12:40,July,2.84,2.82
7/6/2024 12:45,July,2.84,2.83
7/6/2024 12:50,July,2.84,2.82
7/6/2024 12:55,July,3.28,3.26
7/6/2024 13:00,July,3.27,3.25
7/6/2024 13:05,July,3.17,3.14
7/6/2024 13:10,July,3.07,3.05
7/6/2024 13:15,July,5.72,5.68
7/6/2024 13:20,July,3.68,3.65
7/6/2024 13:25,July,3.68,3.65
7/6/2024 13:30,July,3.58,3.56
7/6/2024 13:35,July,3.68,3.65
7/6/2024 13:40,July,3.51,3.49
7/6/2024 13:45,July,3.38,3.35
7/6/2024 13:50,July,3.58,3.56
7/6/2024 13:55,July,3.69,3.66
7/6/2024 14:00,July,3.52,3.49
7/6/2024 14:05,July,3.84,3.81
7/6/2024 14:10,July,4.55,4.52
7/6/2024 14:15,July,4.47,4.44
7/6/2024 14:20,July,3.5,3.49
7/6/2024 14:25,July,3.67,3.65
7/6/2024 14:30,July,4.5,4.49
7/6/2024 14:35,July,4.29,4.27
7/6/2024 14:40,July,4.52,4.5
7/6/2024 14:45,July,4.12,4.11
7/6/2024 14:50,July,4.34,4.32
7/6/2024 14:55,July,4.53,4.51
7/6/2024 15:00,July,4.21,4.19
7/6/2024 15:05,July,4.52,4.5
7/6/2024 15:10,July,4.49,4.46
7/6/2024 15:15,July,4.57,4.53
7/6/2024 15:20,July,4.47,4.43
7/6/2024 15:25,July,4.37,4.34
7/6/2024 15:30,July,4.07,4.04
7/6/2024 15:35,July,3.85,3.82
7/6/2024 15:40,July,4.51,4.49
7/6/2024 15:45,July,4.48,4.46
7/6/2024 15:50,July,4.46,4.44
7/6/2024 15:55,July,4.06,4.04
7/6/2024 16:00,July,3.84,3.82
7/6/2024 16:05,July,4.22,4.19
7/6/2024 16:10,July,4.06,4.04
7/6/2024 16:15,July,3.85,3.82
7/6/2024 16:20,July,4.07,4.04
7/6/2024 16:25,July,4.07,4.03
7/6/2024 16:30,July,3.97,3.94
7/6/2024 16:35,July,3.97,3.94
7/6/2024 16:40,July,4.06,4.03
7/6/2024 16:45,July,4.06,4.03
7/6/2024 16:50,July,3.61,3.58
7/6/2024 16:55,July,3.61,3.58
7/6/2024 17:00,July,3.53,3.5
7/6/2024 17:05,July,3.84,3.81
7/6/2024 17:10,July,3.85,3.81
7/6/2024 17:15,July,3.85,3.81
7/6/2024 17:20,July,3.86,3.82
7/6/2024 17:25,July,3.86,3.82
7/6/2024 17:30,July,4.39,4.34
7/6/2024 17:35,July,4.11,4.07
7/6/2024 17:40,July,4.14,4.1
7/6/2024 17:45,July,4.16,4.12
7/6/2024 17:50,July,4.17,4.13
7/6/2024 17:55,July,4.16,4.12
7/6/2024 18:00,July,4.24,4.2
7/6/2024 18:05,July,7.11,7.06
7/6/2024 18:10,July,5.89,5.84
7/6/2024 18:15,July,7.1,7.05
7/6/2024 18:20,July,7.11,7.05
7/6/2024 18:25,July,7.12,7.06
7/6/2024 18:30,July,7.11,7.05
7/6/2024 18:35,July,7.14,7.08
7/6/2024 18:40,July,8.77,8.7
7/6/2024 18:45,July,7.11,7.05
7/6/2024 18:50,July,7.09,7.03
7/6/2024 18:55,July,5.93,5.88
7/6/2024 19:00,July,5.93,5.88
7/6/2024 19:05,July,4.24,4.2
7/6/2024 19:10,July,5.91,5.86
7/6/2024 19:15,July,7.13,7.07
7/6/2024 19:20,July,5.92,5.87
7/6/2024 19:25,July,5.92,5.87
7/6/2024 19:30,July,5.92,5.87
7/6/2024 19:35,July,5.91,5.86
7/6/2024 19:40,July,5.91,5.86
7/6/2024 19:45,July,5.91,5.86
7/6/2024 19:50,July,5.91,5.86
7/6/2024 19:55,July,5.91,5.86
7/6/2024 20:00,July,5.91,5.85
7/6/2024 20:05,July,8.82,8.75
7/6/2024 20:10,July,8.81,8.73
7/6/2024 20:15,July,7.18,7.12
7/6/2024 20:20,July,7.15,7.08
7/6/2024 20:25,July,7.16,7.1
7/6/2024 20:30,July,7.14,7.07
7/6/2024 20:35,July,7.12,7.05
7/6/2024 20:40,July,7.14,7.07
7/6/2024 20:45,July,7.14,7.07
7/6/2024 20:50,July,7.15,7.09
7/6/2024 20:55,July,8.78,8.7
7/6/2024 21:00,July,8.78,8.7
7/6/2024 21:05,July,27.75,27.47
7/6/2024 21:10,July,13.4,13.27
7/6/2024 21:15,July,9.49,9.38
7/6/2024 21:20,July,9.46,9.36
7/6/2024 21:25,July,9.46,9.36
7/6/2024 21:30,July,9.45,9.35
7/6/2024 21:35,July,9.42,9.32
7/6/2024 21:40,July,8.73,8.64
7/6/2024 21:45,July,9.4,9.31
7/6/2024 21:50,July,9.38,9.3
7/6/2024 21:55,July,8.75,8.67
7/6/2024 22:00,July,7.05,6.99
7/6/2024 22:05,July,24.02,23.8
7/6/2024 22:10,July,8.76,8.68
7/6/2024 22:15,July,8.71,8.63
7/6/2024 22:20,July,8.71,8.63
7/6/2024 22:25,July,7.07,7
7/6/2024 22:30,July,5.94,5.88
7/6/2024 22:35,July,4.06,4.02
7/6/2024 22:40,July,4.1,4.06
7/6/2024 22:45,July,4.12,4.08
7/6/2024 22:50,July,4.13,4.09
7/6/2024 22:55,July,4.12,4.08
7/6/2024 23:00,July,4.15,4.11
7/6/2024 23:05,July,8.76,8.68
7/6/2024 23:10,July,7.08,7.01
7/6/2024 23:15,July,5.55,5.5
7/6/2024 23:20,July,5.55,5.49
7/6/2024 23:25,July,4.9,4.86
7/6/2024 23:30,July,7,6.93
7/6/2024 23:35,July,5.91,5.85
7/6/2024 23:40,July,5.55,5.49
7/6/2024 23:45,July,5.55,5.5
7/6/2024 23:50,July,4.9,4.84
7/6/2024 23:55,July,4.89,4.84
7/7/2024 0:00,July,3.65,3.61
7/7/2024 0:05,July,8.4,8.31
7/7/2024 0:10,July,7.13,7.05
7/7/2024 0:15,July,7.07,6.99
7/7/2024 0:20,July,7.08,7.01
7/7/2024 0:25,July,4.46,4.42
7/7/2024 0:30,July,4.89,4.84
7/7/2024 0:35,July,5.54,5.48
7/7/2024 0:40,July,4.89,4.84
7/7/2024 0:45,July,4.89,4.84
7/7/2024 0:50,July,4.46,4.41
7/7/2024 0:55,July,4.46,4.42
7/7/2024 1:00,July,3.67,3.63
7/7/2024 1:05,July,4.19,4.15
7/7/2024 1:10,July,4.16,4.11
7/7/2024 1:15,July,4.61,4.57
7/7/2024 1:20,July,7.09,7.02
7/7/2024 1:25,July,5.54,5.48
7/7/2024 1:30,July,4.34,4.3
7/7/2024 1:35,July,4.69,4.64
7/7/2024 1:40,July,4.68,4.64
7/7/2024 1:45,July,4.15,4.11
7/7/2024 1:50,July,4.68,4.64
7/7/2024 1:55,July,4.25,4.21
7/7/2024 2:00,July,4.15,4.11
7/7/2024 2:05,July,4.15,4.11
7/7/2024 2:10,July,4.05,4.01
7/7/2024 2:15,July,4.05,4.01
7/7/2024 2:20,July,4.27,4.23
7/7/2024 2:25,July,4.14,4.1
7/7/2024 2:30,July,4.25,4.21
7/7/2024 2:35,July,3.64,3.61
7/7/2024 2:40,July,4.14,4.1
7/7/2024 2:45,July,3.66,3.62
7/7/2024 2:50,July,4.13,4.09
7/7/2024 2:55,July,3.93,3.88
7/7/2024 3:00,July,3.66,3.62
7/7/2024 3:05,July,3.62,3.58
7/7/2024 3:10,July,3.66,3.62
7/7/2024 3:15,July,3.62,3.57
7/7/2024 3:20,July,3.65,3.6
7/7/2024 3:25,July,3.65,3.6
7/7/2024 3:30,July,3.65,3.6
7/7/2024 3:35,July,3.62,3.57
7/7/2024 3:40,July,3.63,3.59
7/7/2024 3:45,July,3.53,3.49
7/7/2024 3:50,July,3.53,3.49
7/7/2024 3:55,July,3.6,3.56
7/7/2024 4:00,July,3.59,3.54
7/7/2024 4:05,July,3.65,3.6
7/7/2024 4:10,July,4.02,3.97
7/7/2024 4:15,July,3.69,3.64
7/7/2024 4:20,July,3.66,3.61
7/7/2024 4:25,July,3.6,3.55
7/7/2024 4:30,July,3.66,3.61
7/7/2024 4:35,July,3.45,3.41
7/7/2024 4:40,July,3.53,3.48
7/7/2024 4:45,July,3.57,3.52
7/7/2024 4:50,July,3.53,3.49
7/7/2024 4:55,July,3.55,3.5
7/7/2024 5:00,July,3.24,3.2
7/7/2024 5:05,July,3.2,3.16
7/7/2024 5:10,July,3.38,3.34
7/7/2024 5:15,July,3.1,3.06
7/7/2024 5:20,July,2.91,2.87
7/7/2024 5:25,July,2.92,2.88
7/7/2024 5:30,July,3.09,3.06
7/7/2024 5:35,July,2.87,2.84
7/7/2024 5:40,July,2.9,2.86
7/7/2024 5:45,July,3.31,3.27
7/7/2024 5:50,July,2.87,2.84
7/7/2024 5:55,July,2.9,2.86
7/7/2024 6:00,July,2.9,2.86
7/7/2024 6:05,July,2.86,2.83
7/7/2024 6:10,July,2.9,2.86
7/7/2024 6:15,July,3.29,3.26
7/7/2024 6:20,July,2.9,2.87
7/7/2024 6:25,July,2.6,2.57
7/7/2024 6:30,July,2.86,2.83
7/7/2024 6:35,July,3.05,3.02
7/7/2024 6:40,July,2.86,2.83
7/7/2024 6:45,July,2.8,2.77
7/7/2024 6:50,July,2.86,2.83
7/7/2024 6:55,July,2.78,2.76
7/7/2024 7:00,July,2.85,2.83
7/7/2024 7:05,July,2.48,2.46
7/7/2024 7:10,July,2.61,2.59
7/7/2024 7:15,July,2.78,2.76
7/7/2024 7:20,July,3.22,3.19
7/7/2024 7:25,July,2.98,2.96
7/7/2024 7:30,July,2.84,2.82
7/7/2024 7:35,July,2.84,2.81
7/7/2024 7:40,July,2.98,2.95
7/7/2024 7:45,July,3.21,3.18
7/7/2024 7:50,July,2.98,2.96
7/7/2024 7:55,July,3.04,3.01
7/7/2024 8:00,July,2.85,2.82
7/7/2024 8:05,July,0,0
7/7/2024 8:10,July,0,0
7/7/2024 8:15,July,2.52,2.5
7/7/2024 8:20,July,2.79,2.77
7/7/2024 8:25,July,2.83,2.82
7/7/2024 8:30,July,2.83,2.82
7/7/2024 8:35,July,2.97,2.95
7/7/2024 8:40,July,2.58,2.56
7/7/2024 8:45,July,2.83,2.82
7/7/2024 8:50,July,2.83,2.82
7/7/2024 8:55,July,2.97,2.95
7/7/2024 9:00,July,3.03,3.02
7/7/2024 9:05,July,0,0
7/7/2024 9:10,July,2.46,2.45
7/7/2024 9:15,July,2.81,2.79
7/7/2024 9:20,July,3.21,3.2
7/7/2024 9:25,July,3.38,3.36
7/7/2024 9:30,July,3.26,3.24
7/7/2024 9:35,July,3.39,3.37
7/7/2024 9:40,July,3.29,3.27
7/7/2024 9:45,July,3.26,3.24
7/7/2024 9:50,July,3.5,3.48
7/7/2024 9:55,July,3.42,3.4
7/7/2024 10:00,July,3.49,3.47
7/7/2024 10:05,July,2.88,2.86
7/7/2024 10:10,July,3.06,3.04
7/7/2024 10:15,July,2.84,2.82
7/7/2024 10:20,July,3.26,3.24
7/7/2024 10:25,July,2.86,2.84
7/7/2024 10:30,July,2.84,2.82
7/7/2024 10:35,July,0,0
7/7/2024 10:40,July,2.84,2.82
7/7/2024 10:45,July,2.86,2.84
7/7/2024 10:50,July,2.86,2.84
7/7/2024 10:55,July,3.26,3.24
7/7/2024 11:00,July,2.83,2.82
7/7/2024 11:05,July,2.83,2.82
7/7/2024 11:10,July,2.85,2.84
7/7/2024 11:15,July,3.25,3.24
7/7/2024 11:20,July,2.85,2.84
7/7/2024 11:25,July,3.25,3.24
7/7/2024 11:30,July,3.03,3.01
7/7/2024 11:35,July,3.21,3.19
7/7/2024 11:40,July,3.12,3.1
7/7/2024 11:45,July,3.19,3.17
7/7/2024 11:50,July,3.21,3.19
7/7/2024 11:55,July,3.33,3.31
7/7/2024 12:00,July,3.49,3.47
7/7/2024 12:05,July,3.26,3.24
7/7/2024 12:10,July,3.26,3.24
7/7/2024 12:15,July,2.84,2.82
7/7/2024 12:20,July,3.17,3.15
7/7/2024 12:25,July,3.5,3.47
7/7/2024 12:30,July,3.26,3.24
7/7/2024 12:35,July,3.26,3.24
7/7/2024 12:40,July,3.5,3.48
7/7/2024 12:45,July,3.67,3.64
7/7/2024 12:50,July,3.5,3.48
7/7/2024 12:55,July,3.5,3.47
7/7/2024 13:00,July,3.5,3.47
7/7/2024 13:05,July,3.52,3.5
7/7/2024 13:10,July,3.57,3.54
7/7/2024 13:15,July,5.06,5.03
7/7/2024 13:20,July,4.09,4.06
7/7/2024 13:25,July,3.59,3.56
7/7/2024 13:30,July,3.68,3.65
7/7/2024 13:35,July,5.03,4.99
7/7/2024 13:40,July,4.97,4.94
7/7/2024 13:45,July,4.12,4.09
7/7/2024 13:50,July,4.94,4.9
7/7/2024 13:55,July,4.97,4.93
7/7/2024 14:00,July,3.82,3.79
7/7/2024 14:05,July,4.97,4.94
7/7/2024 14:10,July,3.52,3.49
7/7/2024 14:15,July,3.82,3.8
7/7/2024 14:20,July,4.1,4.07
7/7/2024 14:25,July,4.08,4.05
7/7/2024 14:30,July,4.96,4.93
7/7/2024 14:35,July,4.09,4.06
7/7/2024 14:40,July,4.19,4.17
7/7/2024 14:45,July,4.52,4.5
7/7/2024 14:50,July,4.2,4.17
7/7/2024 14:55,July,4.21,4.18
7/7/2024 15:00,July,4.53,4.49
7/7/2024 15:05,July,5.44,5.41
7/7/2024 15:10,July,4.55,4.52
7/7/2024 15:15,July,5.79,5.76
7/7/2024 15:20,July,4.58,4.55
7/7/2024 15:25,July,4.54,4.51
7/7/2024 15:30,July,4.53,4.5
7/7/2024 15:35,July,4.53,4.5
7/7/2024 15:40,July,4.6,4.57
7/7/2024 15:45,July,4.57,4.53
7/7/2024 15:50,July,4.48,4.44
7/7/2024 15:55,July,4.49,4.45
7/7/2024 16:00,July,4.05,4.01
7/7/2024 16:05,July,4.51,4.48
7/7/2024 16:10,July,4.46,4.43
7/7/2024 16:15,July,4.27,4.23
7/7/2024 16:20,July,4.26,4.22
7/7/2024 16:25,July,4.27,4.24
7/7/2024 16:30,July,4.27,4.24
7/7/2024 16:35,July,4.36,4.33
7/7/2024 16:40,July,4.53,4.49
7/7/2024 16:45,July,4.51,4.48
7/7/2024 16:50,July,4.48,4.45
7/7/2024 16:55,July,4.5,4.47
7/7/2024 17:00,July,4.57,4.53
7/7/2024 17:05,July,4.08,4.04
7/7/2024 17:10,July,4.03,3.99
7/7/2024 17:15,July,4.02,3.99
7/7/2024 17:20,July,4.23,4.19
7/7/2024 17:25,July,4.23,4.19
7/7/2024 17:30,July,4.35,4.32
7/7/2024 17:35,July,4.35,4.32
7/7/2024 17:40,July,4.2,4.17
7/7/2024 17:45,July,4.37,4.33
7/7/2024 17:50,July,4.5,4.46
7/7/2024 17:55,July,4.8,4.77
7/7/2024 18:00,July,5.86,5.82
7/7/2024 18:05,July,4.8,4.77
7/7/2024 18:10,July,4.8,4.77
7/7/2024 18:15,July,4.8,4.78
7/7/2024 18:20,July,7.17,7.14
7/7/2024 18:25,July,5.89,5.85
7/7/2024 18:30,July,7.21,7.16
7/7/2024 18:35,July,7.22,7.17
7/7/2024 18:40,July,7.2,7.15
7/7/2024 18:45,July,7.18,7.13
7/7/2024 18:50,July,5.91,5.87
7/7/2024 18:55,July,5.56,5.51
7/7/2024 19:00,July,5.55,5.51
7/7/2024 19:05,July,3.53,3.5
7/7/2024 19:10,July,4.39,4.35
7/7/2024 19:15,July,4.53,4.49
7/7/2024 19:20,July,5.88,5.84
7/7/2024 19:25,July,4.82,4.79
7/7/2024 19:30,July,4.83,4.79
7/7/2024 19:35,July,4.83,4.8
7/7/2024 19:40,July,5.33,5.29
7/7/2024 19:45,July,5.89,5.85
7/7/2024 19:50,July,7.2,7.15
7/7/2024 19:55,July,5.9,5.86
7/7/2024 20:00,July,5.91,5.86
7/7/2024 20:05,July,7.26,7.2
7/7/2024 20:10,July,7.22,7.16
7/7/2024 20:15,July,7.22,7.17
7/7/2024 20:20,July,7.22,7.16
7/7/2024 20:25,July,7.19,7.12
7/7/2024 20:30,July,7.17,7.11
7/7/2024 20:35,July,5.96,5.9
7/7/2024 20:40,July,7.17,7.11
7/7/2024 20:45,July,5.96,5.91
7/7/2024 20:50,July,4.6,4.56
7/7/2024 20:55,July,4.88,4.84
7/7/2024 21:00,July,4.88,4.84
7/7/2024 21:05,July,7.18,7.12
7/7/2024 21:10,July,8.42,8.35
7/7/2024 21:15,July,8.42,8.35
7/7/2024 21:20,July,7.14,7.08
7/7/2024 21:25,July,7.17,7.1
7/7/2024 21:30,July,7.13,7.06
7/7/2024 21:35,July,5.39,5.34
7/7/2024 21:40,July,5.38,5.33
7/7/2024 21:45,July,5.37,5.32
7/7/2024 21:50,July,5.37,5.32
7/7/2024 21:55,July,5.36,5.31
7/7/2024 22:00,July,4.46,4.42
7/7/2024 22:05,July,5.34,5.29
7/7/2024 22:10,July,5.33,5.29
7/7/2024 22:15,July,5.32,5.28
7/7/2024 22:20,July,5.32,5.28
7/7/2024 22:25,July,4.49,4.45
7/7/2024 22:30,July,4.88,4.84
7/7/2024 22:35,July,4.4,4.36
7/7/2024 22:40,July,4.49,4.44
7/7/2024 22:45,July,4.43,4.39
7/7/2024 22:50,July,4.36,4.32
7/7/2024 22:55,July,4.36,4.32
7/7/2024 23:00,July,4.16,4.12
7/7/2024 23:05,July,5.33,5.28
7/7/2024 23:10,July,4.89,4.85
7/7/2024 23:15,July,4.47,4.43
7/7/2024 23:20,July,4.47,4.43
7/7/2024 23:25,July,4.38,4.34
7/7/2024 23:30,July,4.26,4.21
7/7/2024 23:35,July,4.21,4.16
7/7/2024 23:40,July,4.21,4.17
7/7/2024 23:45,July,4.25,4.21
7/7/2024 23:50,July,4.25,4.21
7/7/2024 23:55,July,4.2,4.16
7/8/2024 0:00,July,4.2,4.15
7/8/2024 0:05,July,4.2,4.16
7/8/2024 0:10,July,4.21,4.16
7/8/2024 0:15,July,4.21,4.17
7/8/2024 0:20,July,4.21,4.17
7/8/2024 0:25,July,4.22,4.17
7/8/2024 0:30,July,4.22,4.17
7/8/2024 0:35,July,4.23,4.17
7/8/2024 0:40,July,4.22,4.17
7/8/2024 0:45,July,3.99,3.94
7/8/2024 0:50,July,4.21,4.16
7/8/2024 0:55,July,4.21,4.16
7/8/2024 1:00,July,4.21,4.16
7/8/2024 1:05,July,3.96,3.91
7/8/2024 1:10,July,3.65,3.6
7/8/2024 1:15,July,3.65,3.6
7/8/2024 1:20,July,3.59,3.54
7/8/2024 1:25,July,3.65,3.6
7/8/2024 1:30,July,3.89,3.84
7/8/2024 1:35,July,3.65,3.6
7/8/2024 1:40,July,3.76,3.71
7/8/2024 1:45,July,3.79,3.73
7/8/2024 1:50,July,3.76,3.71
7/8/2024 1:55,July,3.71,3.66
7/8/2024 2:00,July,3.62,3.57
7/8/2024 2:05,July,3.61,3.56
7/8/2024 2:10,July,3.52,3.46
7/8/2024 2:15,July,3.61,3.55
7/8/2024 2:20,July,3.51,3.46
7/8/2024 2:25,July,3.58,3.53
7/8/2024 2:30,July,3.5,3.45
7/8/2024 2:35,July,4,3.94
7/8/2024 2:40,July,3.57,3.52
7/8/2024 2:45,July,3.59,3.54
7/8/2024 2:50,July,3.59,3.54
7/8/2024 2:55,July,3.59,3.54
7/8/2024 3:00,July,0,0
7/8/2024 3:05,July,3.33,3.29
7/8/2024 3:10,July,3.41,3.36
7/8/2024 3:15,July,3.33,3.29
7/8/2024 3:20,July,3.33,3.29
7/8/2024 3:25,July,3.34,3.29
7/8/2024 3:30,July,2.93,2.89
7/8/2024 3:35,July,2.93,2.88
7/8/2024 3:40,July,2.93,2.89
7/8/2024 3:45,July,2.93,2.89
7/8/2024 3:50,July,3.32,3.27
7/8/2024 3:55,July,2.94,2.9
7/8/2024 4:00,July,2.93,2.89
7/8/2024 4:05,July,3.25,3.21
7/8/2024 4:10,July,3.25,3.21
7/8/2024 4:15,July,3.24,3.19
7/8/2024 4:20,July,3.25,3.2
7/8/2024 4:25,July,3.25,3.2
7/8/2024 4:30,July,3.06,3.02
7/8/2024 4:35,July,3.33,3.29
7/8/2024 4:40,July,3.24,3.19
7/8/2024 4:45,July,3.24,3.19
7/8/2024 4:50,July,2.89,2.86
7/8/2024 4:55,July,3.24,3.19
7/8/2024 5:00,July,3.24,3.2
7/8/2024 5:05,July,0,0
7/8/2024 5:10,July,2.89,2.86
7/8/2024 5:15,July,2.89,2.85
7/8/2024 5:20,July,2.89,2.86
7/8/2024 5:25,July,2.89,2.85
7/8/2024 5:30,July,3.23,3.19
7/8/2024 5:35,July,3.23,3.19
7/8/2024 5:40,July,4,3.95
7/8/2024 5:45,July,3.33,3.28
7/8/2024 5:50,July,3.23,3.19
7/8/2024 5:55,July,3.23,3.19
7/8/2024 6:00,July,3.06,3.02
7/8/2024 6:05,July,0,0
7/8/2024 6:10,July,2.88,2.84
7/8/2024 6:15,July,3.51,3.47
7/8/2024 6:20,July,3.12,3.09
7/8/2024 6:25,July,3.22,3.18
7/8/2024 6:30,July,3.3,3.26
7/8/2024 6:35,July,3.12,3.09
7/8/2024 6:40,July,3.22,3.18
7/8/2024 6:45,July,3.12,3.09
7/8/2024 6:50,July,3.22,3.18
7/8/2024 6:55,July,3.28,3.25
7/8/2024 7:00,July,3.44,3.4
7/8/2024 7:05,July,0,0
7/8/2024 7:10,July,0,0
7/8/2024 7:15,July,2.48,2.46
7/8/2024 7:20,July,2.86,2.84
7/8/2024 7:25,July,2.86,2.84
7/8/2024 7:30,July,2.86,2.84
7/8/2024 7:35,July,3.3,3.28
7/8/2024 7:40,July,3.43,3.4
7/8/2024 7:45,July,3.58,3.55
7/8/2024 7:50,July,3.58,3.55
7/8/2024 7:55,July,3.58,3.55
7/8/2024 8:00,July,3.97,3.94
7/8/2024 8:05,July,0,0
7/8/2024 8:10,July,2.8,2.78
7/8/2024 8:15,July,3.49,3.47
7/8/2024 8:20,July,3.41,3.39
7/8/2024 8:25,July,4.94,4.91
7/8/2024 8:30,July,4.95,4.92
7/8/2024 8:35,July,4.81,4.79
7/8/2024 8:40,July,3.8,3.78
7/8/2024 8:45,July,4.78,4.76
7/8/2024 8:50,July,4.78,4.76
7/8/2024 8:55,July,4.78,4.76
7/8/2024 9:00,July,4.78,4.76
7/8/2024 9:05,July,0,0
7/8/2024 9:10,July,3.57,3.56
7/8/2024 9:15,July,3.55,3.54
7/8/2024 9:20,July,4.6,4.59
7/8/2024 9:25,July,4.93,4.91
7/8/2024 9:30,July,4.6,4.59
7/8/2024 9:35,July,5.34,5.33
7/8/2024 9:40,July,5.8,5.79
7/8/2024 9:45,July,5.36,5.34
7/8/2024 9:50,July,4.95,4.94
7/8/2024 9:55,July,5.34,5.34
7/8/2024 10:00,July,5.34,5.34
7/8/2024 10:05,July,4.21,4.21
7/8/2024 10:10,July,3.93,3.92
7/8/2024 10:15,July,4.91,4.91
7/8/2024 10:20,July,5.34,5.34
7/8/2024 10:25,July,7.51,7.51
7/8/2024 10:30,July,5.81,5.81
7/8/2024 10:35,July,5.81,5.82
7/8/2024 10:40,July,5.37,5.38
7/8/2024 10:45,July,5.83,5.83
7/8/2024 10:50,July,5.38,5.38
7/8/2024 10:55,July,5.38,5.39
7/8/2024 11:00,July,5.38,5.38
7/8/2024 11:05,July,5.1,5.1
7/8/2024 11:10,July,4.59,4.59
7/8/2024 11:15,July,5.34,5.35
7/8/2024 11:20,July,5.79,5.8
7/8/2024 11:25,July,4.57,4.58
7/8/2024 11:30,July,5.34,5.35
7/8/2024 11:35,July,5.83,5.83
7/8/2024 11:40,July,5.37,5.37
7/8/2024 11:45,July,4.57,4.57
7/8/2024 11:50,July,4.57,4.57
7/8/2024 11:55,July,4.57,4.57
7/8/2024 12:00,July,3.4,3.4
7/8/2024 12:05,July,3.57,3.57
7/8/2024 12:10,July,4.45,4.45
7/8/2024 12:15,July,4.45,4.45
7/8/2024 12:20,July,4.45,4.46
7/8/2024 12:25,July,5.37,5.36
7/8/2024 12:30,July,4.23,4.22
7/8/2024 12:35,July,5.37,5.36
7/8/2024 12:40,July,5.37,5.36
7/8/2024 12:45,July,5.38,5.37
7/8/2024 12:50,July,5.4,5.38
7/8/2024 12:55,July,5.53,5.51
7/8/2024 13:00,July,5.43,5.41
7/8/2024 13:05,July,7.29,7.27
7/8/2024 13:10,July,8.33,8.31
7/8/2024 13:15,July,9.2,9.17
7/8/2024 13:20,July,8.37,8.34
7/8/2024 13:25,July,7.44,7.41
7/8/2024 13:30,July,7.39,7.37
7/8/2024 13:35,July,8.3,8.27
7/8/2024 13:40,July,8.28,8.26
7/8/2024 13:45,July,9.33,9.31
7/8/2024 13:50,July,9.34,9.31
7/8/2024 13:55,July,9.33,9.31
7/8/2024 14:00,July,9.32,9.3
7/8/2024 14:05,July,9.31,9.29
7/8/2024 14:10,July,9.35,9.32
7/8/2024 14:15,July,9.37,9.32
7/8/2024 14:20,July,8.36,8.32
7/8/2024 14:25,July,9.34,9.29
7/8/2024 14:30,July,9.38,9.32
7/8/2024 14:35,July,10.05,9.99
7/8/2024 14:40,July,13.82,13.74
7/8/2024 14:45,July,13.09,13.04
7/8/2024 14:50,July,12.1,12.05
7/8/2024 14:55,July,13.09,13.04
7/8/2024 15:00,July,10.95,10.91
7/8/2024 15:05,July,13.17,13.07
7/8/2024 15:10,July,11.72,11.62
7/8/2024 15:15,July,13.18,13.07
7/8/2024 15:20,July,13.18,13.07
7/8/2024 15:25,July,13.41,13.31
7/8/2024 15:30,July,13.17,13.06
7/8/2024 15:35,July,12.27,12.17
7/8/2024 15:40,July,9.44,9.36
7/8/2024 15:45,July,11.25,11.15
7/8/2024 15:50,July,13.16,13.05
7/8/2024 15:55,July,12.24,12.14
7/8/2024 16:00,July,12.25,12.14
7/8/2024 16:05,July,12.23,12.12
7/8/2024 16:10,July,11,10.9
7/8/2024 16:15,July,9.39,9.31
7/8/2024 16:20,July,8.36,8.29
7/8/2024 16:25,July,8.38,8.31
7/8/2024 16:30,July,8.4,8.34
7/8/2024 16:35,July,8.85,8.8
7/8/2024 16:40,July,8.37,8.32
7/8/2024 16:45,July,8.4,8.34
7/8/2024 16:50,July,8.37,8.31
7/8/2024 16:55,July,7.38,7.32
7/8/2024 17:00,July,7.17,7.11
7/8/2024 17:05,July,6.67,6.62
7/8/2024 17:10,July,4.16,4.12
7/8/2024 17:15,July,5.52,5.47
7/8/2024 17:20,July,5.51,5.47
7/8/2024 17:25,July,5.52,5.47
7/8/2024 17:30,July,5.64,5.59
7/8/2024 17:35,July,6.7,6.64
7/8/2024 17:40,July,6.13,6.08
7/8/2024 17:45,July,5.71,5.66
7/8/2024 17:50,July,6.13,6.08
7/8/2024 17:55,July,6.13,6.07
7/8/2024 18:00,July,6.13,6.07
7/8/2024 18:05,July,5.56,5.51
7/8/2024 18:10,July,5.55,5.5
7/8/2024 18:15,July,5.68,5.63
7/8/2024 18:20,July,5.69,5.64
7/8/2024 18:25,July,5.72,5.67
7/8/2024 18:30,July,6.73,6.67
7/8/2024 18:35,July,7.33,7.26
7/8/2024 18:40,July,7.4,7.33
7/8/2024 18:45,July,6.75,6.68
7/8/2024 18:50,July,7.29,7.22
7/8/2024 18:55,July,7.29,7.21
7/8/2024 19:00,July,5.74,5.67
7/8/2024 19:05,July,7.38,7.31
7/8/2024 19:10,July,6.84,6.77
7/8/2024 19:15,July,6.94,6.87
7/8/2024 19:20,July,6.92,6.85
7/8/2024 19:25,July,6.83,6.76
7/8/2024 19:30,July,6.82,6.75
7/8/2024 19:35,July,6.76,6.69
7/8/2024 19:40,July,6.81,6.74
7/8/2024 19:45,July,6.77,6.7
7/8/2024 19:50,July,5.8,5.74
7/8/2024 19:55,July,5.76,5.7
7/8/2024 20:00,July,5.72,5.66
7/8/2024 20:05,July,7.6,7.53
7/8/2024 20:10,July,8.45,8.37
7/8/2024 20:15,July,8.85,8.77
7/8/2024 20:20,July,8.53,8.45
7/8/2024 20:25,July,9.39,9.3
7/8/2024 20:30,July,9.4,9.31
7/8/2024 20:35,July,8.5,8.41
7/8/2024 20:40,July,8.84,8.75
7/8/2024 20:45,July,9.42,9.32
7/8/2024 20:50,July,8.5,8.42
7/8/2024 20:55,July,9.39,9.3
7/8/2024 21:00,July,8.53,8.45
7/8/2024 21:05,July,27.97,27.66
7/8/2024 21:10,July,24.41,24.13
7/8/2024 21:15,July,8.38,8.28
7/8/2024 21:20,July,8.39,8.29
7/8/2024 21:25,July,8.39,8.29
7/8/2024 21:30,July,9.39,9.28
7/8/2024 21:35,July,9.4,9.3
7/8/2024 21:40,July,8.45,8.37
7/8/2024 21:45,July,8.43,8.35
7/8/2024 21:50,July,7.55,7.47
7/8/2024 21:55,July,7.5,7.42
7/8/2024 22:00,July,5.76,5.7
7/8/2024 22:05,July,24.75,24.51
7/8/2024 22:10,July,12.21,12.09
7/8/2024 22:15,July,8.43,8.34
7/8/2024 22:20,July,7.53,7.45
7/8/2024 22:25,July,7.49,7.41
7/8/2024 22:30,July,7.49,7.41
7/8/2024 22:35,July,7.52,7.44
7/8/2024 22:40,July,7.48,7.4
7/8/2024 22:45,July,5.7,5.64
7/8/2024 22:50,July,5.61,5.55
7/8/2024 22:55,July,5.6,5.54
7/8/2024 23:00,July,5.54,5.48
7/8/2024 23:05,July,7.51,7.44
7/8/2024 23:10,July,5.72,5.66
7/8/2024 23:15,July,5.75,5.69
7/8/2024 23:20,July,5.61,5.55
7/8/2024 23:25,July,5.65,5.59
7/8/2024 23:30,July,5.38,5.33
7/8/2024 23:35,July,5.38,5.33
7/8/2024 23:40,July,5.38,5.33
7/8/2024 23:45,July,5.38,5.32
7/8/2024 23:50,July,5.69,5.63
7/8/2024 23:55,July,5.7,5.64
7/9/2024 0:00,July,5.65,5.6
7/9/2024 0:05,July,7.15,7.09
7/9/2024 0:10,July,6.43,6.37
7/9/2024 0:15,July,5.76,5.7
7/9/2024 0:20,July,5.75,5.69
7/9/2024 0:25,July,5.6,5.55
7/9/2024 0:30,July,4.89,4.84
7/9/2024 0:35,July,4.81,4.75
7/9/2024 0:40,July,3.63,3.59
7/9/2024 0:45,July,4.78,4.73
7/9/2024 0:50,July,4.8,4.74
7/9/2024 0:55,July,4.79,4.74
7/9/2024 1:00,July,4.79,4.74
7/9/2024 1:05,July,4.73,4.68
7/9/2024 1:10,July,4.72,4.67
7/9/2024 1:15,July,4.71,4.66
7/9/2024 1:20,July,4.72,4.67
7/9/2024 1:25,July,4.73,4.68
7/9/2024 1:30,July,4.72,4.67
7/9/2024 1:35,July,4.71,4.67
7/9/2024 1:40,July,4.71,4.67
7/9/2024 1:45,July,4.71,4.66
7/9/2024 1:50,July,4.22,4.17
7/9/2024 1:55,July,3.24,3.2
7/9/2024 2:00,July,3.52,3.48
7/9/2024 2:05,July,3.63,3.59
7/9/2024 2:10,July,4.03,3.99
7/9/2024 2:15,July,4.74,4.68
7/9/2024 2:20,July,4.74,4.68
7/9/2024 2:25,July,4.62,4.56
7/9/2024 2:30,July,4.03,3.98
7/9/2024 2:35,July,4.62,4.57
7/9/2024 2:40,July,3.64,3.6
7/9/2024 2:45,July,4.03,3.98
7/9/2024 2:50,July,4.16,4.11
7/9/2024 2:55,July,4.53,4.48
7/9/2024 3:00,July,4.02,3.98
7/9/2024 3:05,July,4.53,4.48
7/9/2024 3:10,July,4.53,4.48
7/9/2024 3:15,July,4.18,4.13
7/9/2024 3:20,July,4.53,4.48
7/9/2024 3:25,July,2.93,2.9
7/9/2024 3:30,July,3.52,3.48
7/9/2024 3:35,July,3.59,3.55
7/9/2024 3:40,July,3.59,3.55
7/9/2024 3:45,July,3.81,3.77
7/9/2024 3:50,July,3.82,3.77
7/9/2024 3:55,July,3.82,3.77
7/9/2024 4:00,July,3.82,3.78
7/9/2024 4:05,July,3.81,3.77
7/9/2024 4:10,July,3.9,3.85
7/9/2024 4:15,July,3.82,3.78
7/9/2024 4:20,July,3.62,3.57
7/9/2024 4:25,July,3.6,3.55
7/9/2024 4:30,July,3.79,3.74
7/9/2024 4:35,July,3.61,3.57
7/9/2024 4:40,July,2.94,2.9
7/9/2024 4:45,July,3.61,3.56
7/9/2024 4:50,July,3.52,3.47
7/9/2024 4:55,July,3.31,3.27
7/9/2024 5:00,July,3.52,3.47
7/9/2024 5:05,July,0,0
7/9/2024 5:10,July,2.93,2.89
7/9/2024 5:15,July,3.51,3.46
7/9/2024 5:20,July,3.51,3.46
7/9/2024 5:25,July,3.19,3.14
7/9/2024 5:30,July,3.22,3.18
7/9/2024 5:35,July,3.22,3.17
7/9/2024 5:40,July,3.38,3.34
7/9/2024 5:45,July,3.23,3.18
7/9/2024 5:50,July,3.3,3.26
7/9/2024 5:55,July,2.9,2.86
7/9/2024 6:00,July,2.95,2.91
7/9/2024 6:05,July,0,0
7/9/2024 6:10,July,0,0
7/9/2024 6:15,July,2.89,2.85
7/9/2024 6:20,July,2.89,2.86
7/9/2024 6:25,July,2.92,2.89
7/9/2024 6:30,July,2.89,2.85
7/9/2024 6:35,July,2.89,2.85
7/9/2024 6:40,July,3.2,3.17
7/9/2024 6:45,July,3.21,3.18
7/9/2024 6:50,July,3.05,3.01
7/9/2024 6:55,July,3.04,3.01
7/9/2024 7:00,July,3.5,3.46
7/9/2024 7:05,July,0,0
7/9/2024 7:10,July,2.87,2.85
7/9/2024 7:15,July,3.17,3.14
7/9/2024 7:20,July,2.87,2.84
7/9/2024 7:25,July,2.91,2.88
7/9/2024 7:30,July,2.91,2.88
7/9/2024 7:35,July,3.02,3
7/9/2024 7:40,July,3.58,3.55
7/9/2024 7:45,July,3.58,3.55
7/9/2024 7:50,July,4.69,4.65
7/9/2024 7:55,July,4.07,4.04
7/9/2024 8:00,July,4.69,4.66
7/9/2024 8:05,July,0,0
7/9/2024 8:10,July,3.24,3.22
7/9/2024 8:15,July,3.58,3.56
7/9/2024 8:20,July,5.08,5.05
7/9/2024 8:25,July,3.56,3.54
7/9/2024 8:30,July,3.58,3.56
7/9/2024 8:35,July,3.86,3.84
7/9/2024 8:40,July,3.58,3.56
7/9/2024 8:45,July,3.58,3.56
7/9/2024 8:50,July,3.58,3.57
7/9/2024 8:55,July,5.31,5.29
7/9/2024 9:00,July,5.07,5.04
7/9/2024 9:05,July,0,0
7/9/2024 9:10,July,0,0
7/9/2024 9:15,July,2.46,2.45
7/9/2024 9:20,July,2.84,2.82
7/9/2024 9:25,July,2.86,2.85
7/9/2024 9:30,July,3.52,3.51
7/9/2024 9:35,July,3.64,3.63
7/9/2024 9:40,July,3.64,3.63
7/9/2024 9:45,July,3.65,3.63
7/9/2024 9:50,July,4.61,4.59
7/9/2024 9:55,July,5.47,5.45
7/9/2024 10:00,July,5.29,5.27
7/9/2024 10:05,July,4.6,4.58
7/9/2024 10:10,July,5.31,5.29
7/9/2024 10:15,July,5.31,5.29
7/9/2024 10:20,July,5.31,5.29
7/9/2024 10:25,July,5.31,5.29
7/9/2024 10:30,July,4.17,4.15
7/9/2024 10:35,July,4.3,4.28
7/9/2024 10:40,July,4.25,4.23
7/9/2024 10:45,July,5.3,5.27
7/9/2024 10:50,July,5.29,5.27
7/9/2024 10:55,July,5.04,5.02
7/9/2024 11:00,July,3.17,3.15
7/9/2024 11:05,July,4.23,4.21
7/9/2024 11:10,July,4.24,4.22
7/9/2024 11:15,July,5.26,5.24
7/9/2024 11:20,July,4.24,4.23
7/9/2024 11:25,July,5.26,5.25
7/9/2024 11:30,July,5.26,5.25
7/9/2024 11:35,July,5.26,5.26
7/9/2024 11:40,July,5.27,5.26
7/9/2024 11:45,July,5.29,5.28
7/9/2024 11:50,July,5.3,5.29
7/9/2024 11:55,July,4.28,4.27
7/9/2024 12:00,July,5.27,5.27
7/9/2024 12:05,July,2.86,2.86
7/9/2024 12:10,July,3.55,3.54
7/9/2024 12:15,July,5.03,5.02
7/9/2024 12:20,July,4.16,4.15
7/9/2024 12:25,July,3.57,3.56
7/9/2024 12:30,July,4.03,4.02
7/9/2024 12:35,July,5.27,5.26
7/9/2024 12:40,July,5.29,5.28
7/9/2024 12:45,July,5.03,5.03
7/9/2024 12:50,July,5.43,5.42
7/9/2024 12:55,July,5.31,5.3
7/9/2024 13:00,July,5.49,5.49
7/9/2024 13:05,July,5.63,5.62
7/9/2024 13:10,July,6.42,6.42
7/9/2024 13:15,July,8.1,8.09
7/9/2024 13:20,July,13.37,13.35
7/9/2024 13:25,July,13.06,13.04
7/9/2024 13:30,July,15.12,15.07
7/9/2024 13:35,July,11.01,10.99
7/9/2024 13:40,July,8.1,8.08
7/9/2024 13:45,July,6.4,6.38
7/9/2024 13:50,July,6.37,6.35
7/9/2024 13:55,July,8.11,8.1
7/9/2024 14:00,July,9.28,9.27
7/9/2024 14:05,July,8.76,8.71
7/9/2024 14:10,July,9.4,9.32
7/9/2024 14:15,July,11.08,10.98
7/9/2024 14:20,July,13.14,13.02
7/9/2024 14:25,July,12.51,12.38
7/9/2024 14:30,July,9.42,9.33
7/9/2024 14:35,July,11.71,11.6
7/9/2024 14:40,July,9.42,9.33
7/9/2024 14:45,July,9.42,9.33
7/9/2024 14:50,July,11.72,11.6
7/9/2024 14:55,July,9.43,9.34
7/9/2024 15:00,July,9.38,9.29
7/9/2024 15:05,July,15.29,15.13
7/9/2024 15:10,July,15.17,15.01
7/9/2024 15:15,July,11.88,11.76
7/9/2024 15:20,July,9.4,9.31
7/9/2024 15:25,July,8.17,8.09
7/9/2024 15:30,July,6.47,6.41
7/9/2024 15:35,July,8.17,8.1
7/9/2024 15:40,July,8.85,8.78
7/9/2024 15:45,July,9.38,9.3
7/9/2024 15:50,July,9.34,9.3
7/9/2024 15:55,July,9.37,9.3
7/9/2024 16:00,July,8.17,8.11
7/9/2024 16:05,July,11.48,11.4
7/9/2024 16:10,July,8.16,8.11
7/9/2024 16:15,July,8.17,8.11
7/9/2024 16:20,July,8.18,8.12
7/9/2024 16:25,July,9.46,9.41
7/9/2024 16:30,July,8.96,8.9
7/9/2024 16:35,July,8.94,8.88
7/9/2024 16:40,July,8.93,8.87
7/9/2024 16:45,July,8.93,8.87
7/9/2024 16:50,July,8.93,8.88
7/9/2024 16:55,July,8.83,8.77
7/9/2024 17:00,July,8.13,8.07
7/9/2024 17:05,July,6.43,6.38
7/9/2024 17:10,July,6.41,6.36
7/9/2024 17:15,July,5.84,5.79
7/9/2024 17:20,July,5.61,5.57
7/9/2024 17:25,July,5.86,5.82
7/9/2024 17:30,July,5.86,5.81
7/9/2024 17:35,July,6.41,6.35
7/9/2024 17:40,July,5.65,5.6
7/9/2024 17:45,July,5.84,5.79
7/9/2024 17:50,July,6.43,6.37
7/9/2024 17:55,July,5.87,5.82
7/9/2024 18:00,July,5.84,5.79
7/9/2024 18:05,July,5.54,5.49
7/9/2024 18:10,July,5.54,5.5
7/9/2024 18:15,July,5.81,5.76
7/9/2024 18:20,July,5.85,5.8
7/9/2024 18:25,July,5.85,5.8
7/9/2024 18:30,July,6.44,6.39
7/9/2024 18:35,July,6.46,6.4
7/9/2024 18:40,July,6.47,6.41
7/9/2024 18:45,July,8.14,8.07
7/9/2024 18:50,July,8.15,8.07
7/9/2024 18:55,July,6.43,6.37
7/9/2024 19:00,July,6.45,6.39
7/9/2024 19:05,July,6.5,6.44
7/9/2024 19:10,July,6.49,6.43
7/9/2024 19:15,July,6.51,6.45
7/9/2024 19:20,July,6.5,6.44
7/9/2024 19:25,July,6.49,6.43
7/9/2024 19:30,July,6.49,6.42
7/9/2024 19:35,July,6.48,6.42
7/9/2024 19:40,July,6.49,6.43
7/9/2024 19:45,July,6.51,6.45
7/9/2024 19:50,July,6.46,6.4
7/9/2024 19:55,July,13.22,13.1
7/9/2024 20:00,July,8.25,8.17
7/9/2024 20:05,July,31.56,31.23
7/9/2024 20:10,July,31.43,31.08
7/9/2024 20:15,July,30.52,30.19
7/9/2024 20:20,July,30.59,30.28
7/9/2024 20:25,July,18.2,18.02
7/9/2024 20:30,July,16.4,16.23
7/9/2024 20:35,July,13.68,13.54
7/9/2024 20:40,July,15.54,15.38
7/9/2024 20:45,July,15.41,15.26
7/9/2024 20:50,July,13.7,13.56
7/9/2024 20:55,July,13.69,13.56
7/9/2024 21:00,July,9.42,9.33
7/9/2024 21:05,July,18.47,18.27
7/9/2024 21:10,July,18.15,17.95
7/9/2024 21:15,July,13.61,13.46
7/9/2024 21:20,July,12.42,12.29
7/9/2024 21:25,July,12.41,12.27
7/9/2024 21:30,July,9.43,9.33
7/9/2024 21:35,July,9.39,9.29
7/9/2024 21:40,July,9.41,9.31
7/9/2024 21:45,July,9.38,9.29
7/9/2024 21:50,July,9.38,9.29
7/9/2024 21:55,July,8.19,8.11
7/9/2024 22:00,July,8.17,8.1
7/9/2024 22:05,July,18.8,18.62
7/9/2024 22:10,July,9.41,9.31
7/9/2024 22:15,July,8.13,8.05
7/9/2024 22:20,July,8.13,8.04
7/9/2024 22:25,July,8.18,8.1
7/9/2024 22:30,July,6.47,6.4
7/9/2024 22:35,July,6.43,6.37
7/9/2024 22:40,July,6.43,6.37
7/9/2024 22:45,July,5.89,5.83
7/9/2024 22:50,July,5.89,5.83
7/9/2024 22:55,July,5.58,5.53
7/9/2024 23:00,July,5.09,5.04
7/9/2024 23:05,July,5.43,5.37
7/9/2024 23:10,July,5.39,5.33
7/9/2024 23:15,July,5.52,5.46
7/9/2024 23:20,July,5.38,5.33
7/9/2024 23:25,July,5.41,5.36
7/9/2024 23:30,July,5.42,5.37
7/9/2024 23:35,July,5.39,5.34
7/9/2024 23:40,July,5.4,5.35
7/9/2024 23:45,July,5.39,5.34
7/9/2024 23:50,July,5.39,5.34
7/9/2024 23:55,July,5.39,5.34
7/10/2024 0:00,July,5.39,5.34
7/10/2024 0:05,July,5.74,5.69
7/10/2024 0:10,July,4.89,4.84
7/10/2024 0:15,July,4.77,4.72
7/10/2024 0:20,July,4.87,4.82
7/10/2024 0:25,July,3.69,3.65
7/10/2024 0:30,July,4.86,4.81
7/10/2024 0:35,July,4.78,4.73
7/10/2024 0:40,July,4.78,4.73
7/10/2024 0:45,July,4.77,4.72
7/10/2024 0:50,July,4.77,4.72
7/10/2024 0:55,July,4.75,4.7
7/10/2024 1:00,July,4.75,4.7
7/10/2024 1:05,July,5.8,5.74
7/10/2024 1:10,July,4.75,4.71
7/10/2024 1:15,July,4.75,4.7
7/10/2024 1:20,July,4.74,4.69
7/10/2024 1:25,July,4.74,4.69
7/10/2024 1:30,July,4.73,4.68
7/10/2024 1:35,July,4.72,4.68
7/10/2024 1:40,July,4.72,4.67
7/10/2024 1:45,July,4.66,4.61
7/10/2024 1:50,July,3.64,3.6
7/10/2024 1:55,July,3.65,3.61
7/10/2024 2:00,July,3.63,3.59
7/10/2024 2:05,July,4.72,4.67
7/10/2024 2:10,July,4.13,4.09
7/10/2024 2:15,July,4.61,4.56
7/10/2024 2:20,July,4.13,4.09
7/10/2024 2:25,July,4.54,4.49
7/10/2024 2:30,July,3.65,3.61
7/10/2024 2:35,July,4.64,4.58
7/10/2024 2:40,July,4.61,4.56
7/10/2024 2:45,July,0,0
7/10/2024 2:50,July,2.61,2.58
7/10/2024 2:55,July,2.93,2.9
7/10/2024 3:00,July,3.13,3.1
7/10/2024 3:05,July,3.34,3.3
7/10/2024 3:10,July,3.33,3.29
7/10/2024 3:15,July,3.31,3.27
7/10/2024 3:20,July,3.33,3.29
7/10/2024 3:25,July,2.9,2.87
7/10/2024 3:30,July,3.29,3.25
7/10/2024 3:35,July,3.16,3.12
7/10/2024 3:40,July,2.5,2.46
7/10/2024 3:45,July,2.9,2.86
7/10/2024 3:50,July,2.9,2.86
7/10/2024 3:55,July,3.06,3.02
7/10/2024 4:00,July,3.14,3.1
7/10/2024 4:05,July,3.38,3.33
7/10/2024 4:10,July,3.57,3.52
7/10/2024 4:15,July,3.53,3.48
7/10/2024 4:20,July,3.57,3.52
7/10/2024 4:25,July,3.51,3.46
7/10/2024 4:30,July,3.51,3.46
7/10/2024 4:35,July,3.39,3.34
7/10/2024 4:40,July,3.51,3.46
7/10/2024 4:45,July,3.38,3.34
7/10/2024 4:50,July,3.5,3.46
7/10/2024 4:55,July,3.5,3.46
7/10/2024 5:00,July,3.51,3.46
7/10/2024 5:05,July,3.54,3.49
7/10/2024 5:10,July,3.62,3.57
7/10/2024 5:15,July,3.8,3.75
7/10/2024 5:20,July,3.64,3.59
7/10/2024 5:25,July,3.63,3.58
7/10/2024 5:30,July,3.53,3.48
7/10/2024 5:35,July,3.51,3.47
7/10/2024 5:40,July,3.51,3.47
7/10/2024 5:45,July,3.57,3.52
7/10/2024 5:50,July,3.52,3.47
7/10/2024 5:55,July,3.52,3.47
7/10/2024 6:00,July,3.57,3.52
7/10/2024 6:05,July,0,0
7/10/2024 6:10,July,2.57,2.54
7/10/2024 6:15,July,2.89,2.86
7/10/2024 6:20,July,2.89,2.86
7/10/2024 6:25,July,3.28,3.24
7/10/2024 6:30,July,3.14,3.1
7/10/2024 6:35,July,3.15,3.11
7/10/2024 6:40,July,3.41,3.37
7/10/2024 6:45,July,3.39,3.35
7/10/2024 6:50,July,3.5,3.46
7/10/2024 6:55,July,3.49,3.45
7/10/2024 7:00,July,3.62,3.57
7/10/2024 7:05,July,0,0
7/10/2024 7:10,July,2.89,2.85
7/10/2024 7:15,July,3.14,3.11
7/10/2024 7:20,July,3.18,3.18
7/10/2024 7:25,July,3.63,3.53
7/10/2024 7:30,July,3.48,3.45
7/10/2024 7:35,July,3.58,3.55
7/10/2024 7:40,July,3.59,3.56
7/10/2024 7:45,July,3.92,3.88
7/10/2024 7:50,July,3.99,3.96
7/10/2024 7:55,July,4.09,4.05
7/10/2024 8:00,July,4.71,4.67
7/10/2024 8:05,July,0,0
7/10/2024 8:10,July,3.49,3.45
7/10/2024 8:15,July,3.59,3.55
7/10/2024 8:20,July,3.59,3.56
7/10/2024 8:25,July,4.72,4.67
7/10/2024 8:30,July,4.1,4.06
7/10/2024 8:35,July,3.64,3.6
7/10/2024 8:40,July,3.6,3.56
7/10/2024 8:45,July,2.89,2.86
7/10/2024 8:50,July,3.64,3.6
7/10/2024 8:55,July,4.72,4.67
7/10/2024 9:00,July,4.72,4.67
7/10/2024 9:05,July,0,0
7/10/2024 9:10,July,2.86,2.83
7/10/2024 9:15,July,3.31,3.28
7/10/2024 9:20,July,3.69,3.65
7/10/2024 9:25,July,3.63,3.6
7/10/2024 9:30,July,4.7,4.66
7/10/2024 9:35,July,4.7,4.66
7/10/2024 9:40,July,4.69,4.65
7/10/2024 9:45,July,4.7,4.66
7/10/2024 9:50,July,5.74,5.69
7/10/2024 9:55,July,4.73,4.68
7/10/2024 10:00,July,4.72,4.68
7/10/2024 10:05,July,0,0
7/10/2024 10:10,July,4.22,4.19
7/10/2024 10:15,July,5.34,5.29
7/10/2024 10:20,July,5.34,5.28
7/10/2024 10:25,July,5.34,5.29
7/10/2024 10:30,July,5.34,5.29
7/10/2024 10:35,July,4.57,4.53
7/10/2024 10:40,July,4.45,4.41
7/10/2024 10:45,July,4.43,4.39
7/10/2024 10:50,July,5.08,5.03
7/10/2024 10:55,July,5.08,5.03
7/10/2024 11:00,July,5.07,5.03
7/10/2024 11:05,July,3.55,3.51
7/10/2024 11:10,July,3.58,3.54
7/10/2024 11:15,July,2.85,2.82
7/10/2024 11:20,July,3.68,3.64
7/10/2024 11:25,July,3.68,3.64
7/10/2024 11:30,July,3.63,3.6
7/10/2024 11:35,July,5.07,5.02
7/10/2024 11:40,July,3.55,3.51
7/10/2024 11:45,July,3.67,3.64
7/10/2024 11:50,July,3.67,3.64
7/10/2024 11:55,July,3.47,3.44
7/10/2024 12:00,July,3.47,3.44
7/10/2024 12:05,July,2.87,2.85
7/10/2024 12:10,July,3.67,3.64
7/10/2024 12:15,July,3.67,3.64
7/10/2024 12:20,July,3.67,3.64
7/10/2024 12:25,July,3.79,3.77
7/10/2024 12:30,July,2.46,2.45
7/10/2024 12:35,July,3.57,3.54
7/10/2024 12:40,July,3.57,3.54
7/10/2024 12:45,July,3.62,3.6
7/10/2024 12:50,July,3.62,3.6
7/10/2024 12:55,July,4.41,4.39
7/10/2024 13:00,July,3.18,3.16
7/10/2024 13:05,July,3.63,3.6
7/10/2024 13:10,July,5.71,5.67
7/10/2024 13:15,July,5.72,5.68
7/10/2024 13:20,July,5.72,5.68
7/10/2024 13:25,July,5.35,5.32
7/10/2024 13:30,July,4.57,4.53
7/10/2024 13:35,July,5.7,5.66
7/10/2024 13:40,July,5.35,5.31
7/10/2024 13:45,July,5.72,5.68
7/10/2024 13:50,July,5.37,5.33
7/10/2024 13:55,July,5.37,5.33
7/10/2024 14:00,July,5.45,5.41
7/10/2024 14:05,July,5.37,5.33
7/10/2024 14:10,July,5.37,5.33
7/10/2024 14:15,July,5.38,5.34
7/10/2024 14:20,July,5.48,5.44
7/10/2024 14:25,July,5.37,5.33
7/10/2024 14:30,July,5.4,5.36
7/10/2024 14:35,July,5.45,5.41
7/10/2024 14:40,July,5.26,5.22
7/10/2024 14:45,July,5.4,5.37
7/10/2024 14:50,July,5.4,5.36
7/10/2024 14:55,July,5.4,5.36
7/10/2024 15:00,July,5.12,5.08
7/10/2024 15:05,July,5.76,5.72
7/10/2024 15:10,July,5.77,5.72
7/10/2024 15:15,July,6.52,6.47
7/10/2024 15:20,July,6.53,6.48
7/10/2024 15:25,July,6.56,6.5
7/10/2024 15:30,July,6.56,6.51
7/10/2024 15:35,July,6.55,6.5
7/10/2024 15:40,July,8.17,8.1
7/10/2024 15:45,July,6.56,6.5
7/10/2024 15:50,July,6.57,6.51
7/10/2024 15:55,July,6.55,6.49
7/10/2024 16:00,July,6.54,6.47
7/10/2024 16:05,July,8.16,8.09
7/10/2024 16:10,July,6.56,6.5
7/10/2024 16:15,July,6.55,6.48
7/10/2024 16:20,July,5.47,5.41
7/10/2024 16:25,July,6.51,6.44
7/10/2024 16:30,July,5.85,5.79
7/10/2024 16:35,July,5.86,5.8
7/10/2024 16:40,July,5.85,5.79
7/10/2024 16:45,July,6.52,6.45
7/10/2024 16:50,July,6.51,6.44
7/10/2024 16:55,July,6.54,6.48
7/10/2024 17:00,July,5.48,5.42
7/10/2024 17:05,July,5.35,5.3
7/10/2024 17:10,July,5.35,5.29
7/10/2024 17:15,July,5.39,5.33
7/10/2024 17:20,July,5.49,5.43
7/10/2024 17:25,July,5.44,5.38
7/10/2024 17:30,July,5.46,5.39
7/10/2024 17:35,July,5.46,5.4
7/10/2024 17:40,July,5.45,5.39
7/10/2024 17:45,July,5.45,5.39
7/10/2024 17:50,July,6.6,6.6
7/10/2024 17:55,July,5.47,5.41
7/10/2024 18:00,July,5.46,5.42
7/10/2024 18:05,July,5.36,5.31
7/10/2024 18:10,July,5.43,5.38
7/10/2024 18:15,July,5.42,5.37
7/10/2024 18:20,July,5.48,5.44
7/10/2024 18:25,July,5.48,5.43
7/10/2024 18:30,July,5.48,5.43
7/10/2024 18:35,July,5.48,5.43
7/10/2024 18:40,July,6.56,6.5
7/10/2024 18:45,July,6.56,6.5
7/10/2024 18:50,July,6.57,6.51
7/10/2024 18:55,July,6.55,6.49
7/10/2024 19:00,July,6.55,6.48
7/10/2024 19:05,July,6.6,6.54
7/10/2024 19:10,July,6.58,6.52
7/10/2024 19:15,July,6.59,6.53
7/10/2024 19:20,July,6.58,6.52
7/10/2024 19:25,July,6.55,6.48
7/10/2024 19:30,July,6.54,6.48
7/10/2024 19:35,July,5.49,5.43
7/10/2024 19:40,July,5.48,5.42
7/10/2024 19:45,July,5.49,5.43
7/10/2024 19:50,July,6.53,6.46
7/10/2024 19:55,July,5.9,5.84
7/10/2024 20:00,July,5.9,5.84
7/10/2024 20:05,July,9.4,9.31
7/10/2024 20:10,July,8.23,8.14
7/10/2024 20:15,July,8.2,8.11
7/10/2024 20:20,July,8.19,8.11
7/10/2024 20:25,July,8.17,8.09
7/10/2024 20:30,July,6.56,6.48
7/10/2024 20:35,July,6.52,6.45
7/10/2024 20:40,July,6.51,6.44
7/10/2024 20:45,July,6.51,6.43
7/10/2024 20:50,July,5.51,5.45
7/10/2024 20:55,July,5.51,5.45
7/10/2024 21:00,July,5.94,5.88
7/10/2024 21:05,July,15.87,15.71
7/10/2024 21:10,July,27.78,27.47
7/10/2024 21:15,July,24.49,24.22
7/10/2024 21:20,July,12.04,11.89
7/10/2024 21:25,July,9.43,9.31
7/10/2024 21:30,July,8.09,7.98
7/10/2024 21:35,July,8.03,7.93
7/10/2024 21:40,July,6.43,6.35
7/10/2024 21:45,July,6.44,6.35
7/10/2024 21:50,July,6.45,6.37
7/10/2024 21:55,July,6.41,6.33
7/10/2024 22:00,July,5.99,5.92
7/10/2024 22:05,July,12.08,11.93
7/10/2024 22:10,July,9.43,9.31
7/10/2024 22:15,July,8.1,7.99
7/10/2024 22:20,July,8.07,7.97
7/10/2024 22:25,July,8.1,8.01
7/10/2024 22:30,July,8.1,8.01
7/10/2024 22:35,July,8.05,7.96
7/10/2024 22:40,July,6.42,6.34
7/10/2024 22:45,July,5.98,5.9
7/10/2024 22:50,July,4.83,4.77
7/10/2024 22:55,July,4.84,4.77
7/10/2024 23:00,July,4.84,4.78
7/10/2024 23:05,July,4.87,4.81
7/10/2024 23:10,July,6.43,6.35
7/10/2024 23:15,July,4.89,4.83
7/10/2024 23:20,July,4.89,4.84
7/10/2024 23:25,July,4.9,4.84
7/10/2024 23:30,July,4.9,4.84
7/10/2024 23:35,July,4.81,4.75
7/10/2024 23:40,July,4.87,4.82
7/10/2024 23:45,July,4.81,4.75
7/10/2024 23:50,July,4.81,4.75
7/10/2024 23:55,July,4.8,4.75
7/11/2024 0:00,July,4.81,4.75
7/11/2024 0:05,July,5.84,5.78
7/11/2024 0:10,July,5.73,5.67
7/11/2024 0:15,July,5.65,5.59
7/11/2024 0:20,July,4.81,4.75
7/11/2024 0:25,July,5.2,5.15
7/11/2024 0:30,July,4.8,4.75
7/11/2024 0:35,July,5.19,5.13
7/11/2024 0:40,July,4.8,4.75
7/11/2024 0:45,July,4.8,4.75
7/11/2024 0:50,July,4.81,4.76
7/11/2024 0:55,July,4.81,4.75
7/11/2024 1:00,July,4.81,4.75
7/11/2024 1:05,July,4.81,4.76
7/11/2024 1:10,July,4.81,4.76
7/11/2024 1:15,July,4.81,4.76
7/11/2024 1:20,July,4.81,4.75
7/11/2024 1:25,July,4.81,4.75
7/11/2024 1:30,July,4.8,4.75
7/11/2024 1:35,July,4.79,4.74
7/11/2024 1:40,July,4.79,4.73
7/11/2024 1:45,July,4.78,4.72
7/11/2024 1:50,July,4.77,4.71
7/11/2024 1:55,July,3.66,3.62
7/11/2024 2:00,July,3.66,3.61
7/11/2024 2:05,July,3.66,3.61
7/11/2024 2:10,July,3.66,3.61
7/11/2024 2:15,July,3.65,3.6
7/11/2024 2:20,July,3.65,3.6
7/11/2024 2:25,July,3.48,3.43
7/11/2024 2:30,July,3.52,3.47
7/11/2024 2:35,July,3.6,3.55
7/11/2024 2:40,July,3.55,3.5
7/11/2024 2:45,July,3.54,3.49
7/11/2024 2:50,July,3.53,3.48
7/11/2024 2:55,July,3.47,3.42
7/11/2024 3:00,July,3.47,3.42
7/11/2024 3:05,July,3.49,3.43
7/11/2024 3:10,July,3.48,3.42
7/11/2024 3:15,July,3.47,3.42
7/11/2024 3:20,July,3.47,3.42
7/11/2024 3:25,July,2.92,2.87
7/11/2024 3:30,July,3.35,3.3
7/11/2024 3:35,July,2.91,2.87
7/11/2024 3:40,July,3.35,3.3
7/11/2024 3:45,July,3.34,3.29
7/11/2024 3:50,July,3.34,3.3
7/11/2024 3:55,July,2.5,2.47
7/11/2024 4:00,July,2.9,2.86
7/11/2024 4:05,July,2.9,2.86
7/11/2024 4:10,July,2.91,2.87
7/11/2024 4:15,July,3.46,3.41
7/11/2024 4:20,July,3.46,3.41
7/11/2024 4:25,July,3.46,3.41
7/11/2024 4:30,July,3.39,3.35
7/11/2024 4:35,July,3.47,3.42
7/11/2024 4:40,July,3.47,3.42
7/11/2024 4:45,July,3.4,3.36
7/11/2024 4:50,July,3.47,3.42
7/11/2024 4:55,July,3.44,3.39
7/11/2024 5:00,July,3.42,3.37
7/11/2024 5:05,July,0,0
7/11/2024 5:10,July,2.9,2.86
7/11/2024 5:15,July,3.07,3.03
7/11/2024 5:20,July,3.07,3.03
7/11/2024 5:25,July,3.34,3.3
7/11/2024 5:30,July,3.07,3.03
7/11/2024 5:35,July,3.42,3.38
7/11/2024 5:40,July,3.34,3.3
7/11/2024 5:45,July,2.9,2.86
7/11/2024 5:50,July,2.9,2.86
7/11/2024 5:55,July,2.9,2.86
7/11/2024 6:00,July,2.89,2.85
7/11/2024 6:05,July,0,0
7/11/2024 6:10,July,2.54,2.51
7/11/2024 6:15,July,2.88,2.84
7/11/2024 6:20,July,2.89,2.86
7/11/2024 6:25,July,2.88,2.84
7/11/2024 6:30,July,2.89,2.86
7/11/2024 6:35,July,3.06,3.02
7/11/2024 6:40,July,2.89,2.86
7/11/2024 6:45,July,2.89,2.85
7/11/2024 6:50,July,3.16,3.12
7/11/2024 6:55,July,2.88,2.85
7/11/2024 7:00,July,3.23,3.2
7/11/2024 7:05,July,0,0
7/11/2024 7:10,July,2.55,2.53
7/11/2024 7:15,July,2.87,2.84
7/11/2024 7:20,July,2.88,2.85
7/11/2024 7:25,July,2.87,2.84
7/11/2024 7:30,July,2.87,2.85
7/11/2024 7:35,July,3.04,3.01
7/11/2024 7:40,July,3.53,3.5
7/11/2024 7:45,July,3.45,3.42
7/11/2024 7:50,July,3.45,3.42
7/11/2024 7:55,July,3.45,3.42
7/11/2024 8:00,July,3.58,3.55
7/11/2024 8:05,July,2.86,2.83
7/11/2024 8:10,July,3.4,3.37
7/11/2024 8:15,July,3.59,3.56
7/11/2024 8:20,July,5.83,5.79
7/11/2024 8:25,July,4.74,4.71
7/11/2024 8:30,July,4.73,4.69
7/11/2024 8:35,July,4.72,4.69
7/11/2024 8:40,July,5.16,5.13
7/11/2024 8:45,July,4.74,4.71
7/11/2024 8:50,July,4.72,4.7
7/11/2024 8:55,July,4.73,4.71
7/11/2024 9:00,July,4.74,4.71
7/11/2024 9:05,July,3.58,3.56
7/11/2024 9:10,July,5.31,5.28
7/11/2024 9:15,July,3.92,3.9
7/11/2024 9:20,July,3.79,3.77
7/11/2024 9:25,July,3.63,3.6
7/11/2024 9:30,July,3.78,3.76
7/11/2024 9:35,July,3.58,3.56
7/11/2024 9:40,July,3.62,3.6
7/11/2024 9:45,July,3.82,3.8
7/11/2024 9:50,July,4.16,4.13
7/11/2024 9:55,July,3.82,3.8
7/11/2024 10:00,July,3.83,3.8
7/11/2024 10:05,July,0,0
7/11/2024 10:10,July,3.15,3.13
7/11/2024 10:15,July,5.06,5.04
7/11/2024 10:20,July,4.01,4
7/11/2024 10:25,July,4.03,4.01
7/11/2024 10:30,July,5.14,5.11
7/11/2024 10:35,July,5.14,5.13
7/11/2024 10:40,July,5.3,5.28
7/11/2024 10:45,July,5.13,5.11
7/11/2024 10:50,July,5.1,5.08
7/11/2024 10:55,July,5.09,5.07
7/11/2024 11:00,July,5.11,5.1
7/11/2024 11:05,July,5.04,5.02
7/11/2024 11:10,July,5.05,5.03
7/11/2024 11:15,July,3.56,3.55
7/11/2024 11:20,July,5.06,5.04
7/11/2024 11:25,July,4.36,4.34
7/11/2024 11:30,July,3.26,3.24
7/11/2024 11:35,July,3.56,3.55
7/11/2024 11:40,July,3.62,3.6
7/11/2024 11:45,July,3.47,3.45
7/11/2024 11:50,July,3.47,3.45
7/11/2024 11:55,July,3.57,3.55
7/11/2024 12:00,July,3.47,3.45
7/11/2024 12:05,July,0,0
7/11/2024 12:10,July,3.16,3.14
7/11/2024 12:15,July,3.15,3.14
7/11/2024 12:20,July,3.56,3.55
7/11/2024 12:25,July,3.8,3.79
7/11/2024 12:30,July,3.81,3.8
7/11/2024 12:35,July,3.81,3.8
7/11/2024 12:40,July,3.61,3.6
7/11/2024 12:45,July,3.57,3.55
7/11/2024 12:50,July,5.05,5.03
7/11/2024 12:55,July,5.07,5.07
7/11/2024 13:00,July,5.71,5.7
7/11/2024 13:05,July,6.71,6.7
7/11/2024 13:10,July,6.7,6.69
7/11/2024 13:15,July,5.74,5.72
7/11/2024 13:20,July,5.72,5.7
7/11/2024 13:25,July,5.7,5.7
7/11/2024 13:30,July,5.33,5.33
7/11/2024 13:35,July,5.73,5.72
7/11/2024 13:40,July,5.73,5.71
7/11/2024 13:45,July,5.35,5.34
7/11/2024 13:50,July,5.72,5.7
7/11/2024 13:55,July,8.02,7.99
7/11/2024 14:00,July,6.73,6.7
7/11/2024 14:05,July,5.03,5
7/11/2024 14:10,July,5.16,5.14
7/11/2024 14:15,July,5.34,5.32
7/11/2024 14:20,July,5.35,5.33
7/11/2024 14:25,July,5.34,5.32
7/11/2024 14:30,July,5.34,5.32
7/11/2024 14:35,July,5.73,5.71
7/11/2024 14:40,July,5.76,5.72
7/11/2024 14:45,July,5.79,5.76
7/11/2024 14:50,July,5.77,5.74
7/11/2024 14:55,July,5.76,5.73
7/11/2024 15:00,July,6.67,6.63
7/11/2024 15:05,July,6.69,6.65
7/11/2024 15:10,July,6.68,6.64
7/11/2024 15:15,July,5.81,5.77
7/11/2024 15:20,July,6.67,6.63
7/11/2024 15:25,July,6.67,6.62
7/11/2024 15:30,July,5.87,5.83
7/11/2024 15:35,July,5.84,5.8
7/11/2024 15:40,July,5.83,5.79
7/11/2024 15:45,July,5.44,5.4
7/11/2024 15:50,July,5.86,5.82
7/11/2024 15:55,July,5.83,5.78
7/11/2024 16:00,July,5.83,5.79
7/11/2024 16:05,July,5.85,5.81
7/11/2024 16:10,July,5.84,5.8
7/11/2024 16:15,July,5.85,5.8
7/11/2024 16:20,July,5.86,5.81
7/11/2024 16:25,July,6.68,6.62
7/11/2024 16:30,July,5.87,5.82
7/11/2024 16:35,July,5.47,5.42
7/11/2024 16:40,July,5.45,5.41
7/11/2024 16:45,July,5.45,5.41
7/11/2024 16:50,July,5.46,5.41
7/11/2024 16:55,July,5.44,5.4
7/11/2024 17:00,July,5.43,5.38
7/11/2024 17:05,July,5.25,5.2
7/11/2024 17:10,July,5.05,5.01
7/11/2024 17:15,July,5,4.96
7/11/2024 17:20,July,5,4.96
7/11/2024 17:25,July,5.14,5.1
7/11/2024 17:30,July,5.22,5.18
7/11/2024 17:35,July,5.22,5.18
7/11/2024 17:40,July,5.84,5.79
7/11/2024 17:45,July,5.82,5.77
7/11/2024 17:50,July,5.44,5.39
7/11/2024 17:55,July,5.44,5.39
7/11/2024 18:00,July,5.44,5.39
7/11/2024 18:05,July,5.43,5.39
7/11/2024 18:10,July,5.43,5.38
7/11/2024 18:15,July,5.44,5.39
7/11/2024 18:20,July,5.44,5.4
7/11/2024 18:25,July,5.44,5.39
7/11/2024 18:30,July,5.46,5.41
7/11/2024 18:35,July,5.85,5.79
7/11/2024 18:40,July,5.48,5.43
7/11/2024 18:45,July,5.85,5.79
7/11/2024 18:50,July,5.48,5.43
7/11/2024 18:55,July,5.49,5.44
7/11/2024 19:00,July,5.49,5.43
7/11/2024 19:05,July,5.47,5.42
7/11/2024 19:10,July,5.47,5.42
7/11/2024 19:15,July,5.84,5.79
7/11/2024 19:20,July,5.86,5.8
7/11/2024 19:25,July,5.84,5.78
7/11/2024 19:30,July,5.86,5.8
7/11/2024 19:35,July,5.85,5.79
7/11/2024 19:40,July,5.85,5.79
7/11/2024 19:45,July,5.84,5.79
7/11/2024 19:50,July,5.47,5.42
7/11/2024 19:55,July,5.85,5.8
7/11/2024 20:00,July,5.48,5.42
7/11/2024 20:05,July,8.11,8.03
7/11/2024 20:10,July,8.09,8.01
7/11/2024 20:15,July,8.08,8.01
7/11/2024 20:20,July,8.07,7.99
7/11/2024 20:25,July,6.77,6.7
7/11/2024 20:30,July,6.79,6.72
7/11/2024 20:35,July,6.76,6.69
7/11/2024 20:40,July,8.1,8.02
7/11/2024 20:45,July,8.08,8
7/11/2024 20:50,July,6.77,6.7
7/11/2024 20:55,July,6.73,6.66
7/11/2024 21:00,July,6.79,6.65
7/11/2024 21:05,July,12.28,12.05
7/11/2024 21:10,July,8.01,7.97
7/11/2024 21:15,July,7.99,7.95
7/11/2024 21:20,July,7.97,7.93
7/11/2024 21:25,July,6.72,6.66
7/11/2024 21:30,July,6.71,6.65
7/11/2024 21:35,July,5.48,5.43
7/11/2024 21:40,July,5.47,5.42
7/11/2024 21:45,July,5.47,5.42
7/11/2024 21:50,July,5.47,5.42
7/11/2024 21:55,July,5.9,5.84
7/11/2024 22:00,July,5.48,5.43
7/11/2024 22:05,July,6.65,6.59
7/11/2024 22:10,July,5.87,5.81
7/11/2024 22:15,July,5.47,5.42
7/11/2024 22:20,July,5.87,5.81
7/11/2024 22:25,July,5.89,5.83
7/11/2024 22:30,July,5.29,5.24
7/11/2024 22:35,July,5.46,5.4
7/11/2024 22:40,July,5.27,5.21
7/11/2024 22:45,July,3.65,3.61
7/11/2024 22:50,July,4.9,4.85
7/11/2024 22:55,July,5.24,5.19
7/11/2024 23:00,July,5.23,5.18
7/11/2024 23:05,July,12.13,12.01
7/11/2024 23:10,July,5.86,5.8
7/11/2024 23:15,July,4.89,4.84
7/11/2024 23:20,July,4.84,4.79
7/11/2024 23:25,July,4.87,4.82
7/11/2024 23:30,July,4.89,4.84
7/11/2024 23:35,July,5.25,5.2
7/11/2024 23:40,July,5.25,5.2
7/11/2024 23:45,July,5.25,5.2
7/11/2024 23:50,July,4.82,4.78
7/11/2024 23:55,July,4.83,4.78
7/12/2024 0:00,July,4.83,4.78
7/12/2024 0:05,July,5.81,5.75
7/12/2024 0:10,July,5.27,5.22
7/12/2024 0:15,July,4.83,4.78
7/12/2024 0:20,July,4.82,4.77
7/12/2024 0:25,July,4.81,4.76
7/12/2024 0:30,July,4.81,4.76
7/12/2024 0:35,July,4.81,4.76
7/12/2024 0:40,July,4.81,4.76
7/12/2024 0:45,July,4.8,4.75
7/12/2024 0:50,July,4.8,4.75
7/12/2024 0:55,July,4.79,4.74
7/12/2024 1:00,July,4.8,4.74
7/12/2024 1:05,July,4.79,4.74
7/12/2024 1:10,July,3.4,3.36
7/12/2024 1:15,July,4.78,4.72
7/12/2024 1:20,July,4.78,4.72
7/12/2024 1:25,July,4.78,4.72
7/12/2024 1:30,July,4.78,4.72
7/12/2024 1:35,July,4.61,4.55
7/12/2024 1:40,July,4.72,4.67
7/12/2024 1:45,July,4.72,4.67
7/12/2024 1:50,July,3.64,3.6
7/12/2024 1:55,July,3.47,3.43
7/12/2024 2:00,July,3.47,3.43
7/12/2024 2:05,July,4.63,4.57
7/12/2024 2:10,July,4.62,4.56
7/12/2024 2:15,July,4.62,4.56
7/12/2024 2:20,July,4.62,4.56
7/12/2024 2:25,July,3.65,3.6
7/12/2024 2:30,July,3.69,3.65
7/12/2024 2:35,July,3.65,3.6
7/12/2024 2:40,July,3.55,3.5
7/12/2024 2:45,July,3.65,3.6
7/12/2024 2:50,July,3.65,3.6
7/12/2024 2:55,July,3.68,3.63
7/12/2024 3:00,July,3.57,3.52
7/12/2024 3:05,July,3.66,3.6
7/12/2024 3:10,July,0,0
7/12/2024 3:15,July,2.91,2.87
7/12/2024 3:20,July,2.91,2.87
7/12/2024 3:25,July,2.91,2.87
7/12/2024 3:30,July,3.16,3.12
7/12/2024 3:35,July,3.34,3.29
7/12/2024 3:40,July,3.26,3.21
7/12/2024 3:45,July,3.34,3.29
7/12/2024 3:50,July,3.27,3.23
7/12/2024 3:55,July,3.22,3.18
7/12/2024 4:00,July,3.2,3.15
7/12/2024 4:05,July,3.2,3.15
7/12/2024 4:10,July,3.46,3.41
7/12/2024 4:15,July,3.46,3.41
7/12/2024 4:20,July,3.46,3.41
7/12/2024 4:25,July,3.46,3.41
7/12/2024 4:30,July,2.9,2.86
7/12/2024 4:35,July,3.46,3.41
7/12/2024 4:40,July,3.47,3.42
7/12/2024 4:45,July,3.57,3.52
7/12/2024 4:50,July,3.46,3.41
7/12/2024 4:55,July,3.55,3.5
7/12/2024 5:00,July,3.46,3.41
7/12/2024 5:05,July,0,0
7/12/2024 5:10,July,2.52,2.49
7/12/2024 5:15,July,3.2,3.16
7/12/2024 5:20,July,3.57,3.52
7/12/2024 5:25,July,3.4,3.36
7/12/2024 5:30,July,3.45,3.4
7/12/2024 5:35,July,3.4,3.35
7/12/2024 5:40,July,3.45,3.4
7/12/2024 5:45,July,3.38,3.34
7/12/2024 5:50,July,3.38,3.34
7/12/2024 5:55,July,3.36,3.32
7/12/2024 6:00,July,3.34,3.3
7/12/2024 6:05,July,0,0
7/12/2024 6:10,July,0,0
7/12/2024 6:15,July,2.49,2.46
7/12/2024 6:20,July,2.89,2.86
7/12/2024 6:25,July,2.88,2.85
7/12/2024 6:30,July,2.89,2.86
7/12/2024 6:35,July,3.15,3.11
7/12/2024 6:40,July,2.89,2.86
7/12/2024 6:45,July,2.89,2.86
7/12/2024 6:50,July,2.89,2.86
7/12/2024 6:55,July,2.89,2.85
7/12/2024 7:00,July,3.32,3.29
7/12/2024 7:05,July,0,0
7/12/2024 7:10,July,0,0
7/12/2024 7:15,July,2.48,2.46
7/12/2024 7:20,July,2.87,2.84
7/12/2024 7:25,July,2.86,2.84
7/12/2024 7:30,July,2.87,2.85
7/12/2024 7:35,July,3.03,3.01
7/12/2024 7:40,July,3.45,3.43
7/12/2024 7:45,July,3.33,3.3
7/12/2024 7:50,July,3.38,3.36
7/12/2024 7:55,July,3.32,3.29
7/12/2024 8:00,July,3.6,3.57
7/12/2024 8:05,July,2.88,2.86
7/12/2024 8:10,July,5.69,5.64
7/12/2024 8:15,July,4.61,4.57
7/12/2024 8:20,July,5.16,5.11
7/12/2024 8:25,July,3.5,3.47
7/12/2024 8:30,July,3.46,3.43
7/12/2024 8:35,July,2.88,2.86
7/12/2024 8:40,July,5.13,5.1
7/12/2024 8:45,July,3.59,3.56
7/12/2024 8:50,July,4.59,4.57
7/12/2024 8:55,July,3.59,3.56
7/12/2024 9:00,July,3.18,3.16
7/12/2024 9:05,July,0,0
7/12/2024 9:10,July,3.17,3.15
7/12/2024 9:15,July,3.46,3.44
7/12/2024 9:20,July,3.57,3.55
7/12/2024 9:25,July,3.6,3.59
7/12/2024 9:30,July,3.57,3.55
7/12/2024 9:35,July,5.64,5.62
7/12/2024 9:40,July,5.65,5.63
7/12/2024 9:45,July,5.7,5.68
7/12/2024 9:50,July,5.62,5.6
7/12/2024 9:55,July,5.61,5.59
7/12/2024 10:00,July,5.62,5.6
7/12/2024 10:05,July,3.46,3.44
7/12/2024 10:10,July,5.09,5.07
7/12/2024 10:15,July,5.08,5.07
7/12/2024 10:20,July,5.65,5.63
7/12/2024 10:25,July,5.08,5.06
7/12/2024 10:30,July,5.61,5.59
7/12/2024 10:35,July,5.58,5.56
7/12/2024 10:40,July,5.67,5.65
7/12/2024 10:45,July,6.51,6.5
7/12/2024 10:50,July,5.69,5.68
7/12/2024 10:55,July,5.71,5.69
7/12/2024 11:00,July,5.71,5.7
7/12/2024 11:05,July,4.22,4.21
7/12/2024 11:10,July,5.66,5.65
7/12/2024 11:15,July,5.69,5.68
7/12/2024 11:20,July,5.7,5.69
7/12/2024 11:25,July,5.68,5.67
7/12/2024 11:30,July,5.61,5.6
7/12/2024 11:35,July,5.58,5.57
7/12/2024 11:40,July,5.58,5.57
7/12/2024 11:45,July,5.58,5.57
7/12/2024 11:50,July,5.69,5.69
7/12/2024 11:55,July,5.57,5.56
7/12/2024 12:00,July,5.6,5.59
7/12/2024 12:05,July,2.86,2.86
7/12/2024 12:10,July,3.16,3.15
7/12/2024 12:15,July,3.45,3.44
7/12/2024 12:20,July,3.45,3.44
7/12/2024 12:25,July,3.62,3.6
7/12/2024 12:30,July,5.55,5.53
7/12/2024 12:35,July,4.22,4.21
7/12/2024 12:40,July,4.19,4.18
7/12/2024 12:45,July,4.19,4.18
7/12/2024 12:50,July,4.19,4.18
7/12/2024 12:55,July,5.57,5.55
7/12/2024 13:00,July,5.58,5.57
7/12/2024 13:05,July,6.53,6.52
7/12/2024 13:10,July,7.89,7.88
7/12/2024 13:15,July,7.91,7.89
7/12/2024 13:20,July,7.91,7.88
7/12/2024 13:25,July,7.9,7.88
7/12/2024 13:30,July,6.55,6.53
7/12/2024 13:35,July,6.54,6.53
7/12/2024 13:40,July,6.51,6.49
7/12/2024 13:45,July,5.79,5.77
7/12/2024 13:50,July,5.79,5.77
7/12/2024 13:55,July,5.79,5.77
7/12/2024 14:00,July,6.51,6.48
7/12/2024 14:05,July,5.81,5.78
7/12/2024 14:10,July,5.8,5.78
7/12/2024 14:15,July,6.52,6.49
7/12/2024 14:20,July,6.52,6.5
7/12/2024 14:25,July,5.84,5.81
7/12/2024 14:30,July,5.81,5.78
7/12/2024 14:35,July,6.53,6.5
7/12/2024 14:40,July,6.57,6.52
7/12/2024 14:45,July,6.56,6.51
7/12/2024 14:50,July,6.55,6.51
7/12/2024 14:55,July,6.54,6.49
7/12/2024 15:00,July,5.86,5.82
7/12/2024 15:05,July,7.9,7.84
7/12/2024 15:10,July,7.9,7.84
7/12/2024 15:15,July,7.9,7.83
7/12/2024 15:20,July,7.9,7.84
7/12/2024 15:25,July,7.91,7.85
7/12/2024 15:30,July,7.92,7.86
7/12/2024 15:35,July,9.53,9.46
7/12/2024 15:40,July,11.38,11.29
7/12/2024 15:45,July,13.25,13.15
7/12/2024 15:50,July,11.68,11.6
7/12/2024 15:55,July,7.9,7.84
7/12/2024 16:00,July,6.57,6.52
7/12/2024 16:05,July,7.9,7.84
7/12/2024 16:10,July,7.86,7.79
7/12/2024 16:15,July,7.85,7.79
7/12/2024 16:20,July,13.31,13.2
7/12/2024 16:25,July,6.55,6.5
7/12/2024 16:30,July,7.86,7.8
7/12/2024 16:35,July,6.56,6.5
7/12/2024 16:40,July,7.88,7.82
7/12/2024 16:45,July,6.58,6.53
7/12/2024 16:50,July,6.56,6.51
7/12/2024 16:55,July,6.52,6.46
7/12/2024 17:00,July,5.62,5.57
7/12/2024 17:05,July,3.63,3.6
7/12/2024 17:10,July,5.26,5.21
7/12/2024 17:15,July,5.61,5.56
7/12/2024 17:20,July,5.72,5.67
7/12/2024 17:25,July,5.84,5.79
7/12/2024 17:30,July,5.73,5.68
7/12/2024 17:35,July,5.84,5.79
7/12/2024 17:40,July,5.84,5.79
7/12/2024 17:45,July,5.85,5.79
7/12/2024 17:50,July,5.66,5.61
7/12/2024 17:55,July,5.71,5.66
7/12/2024 18:00,July,5.83,5.78
7/12/2024 18:05,July,5.68,5.63
7/12/2024 18:10,July,5.76,5.71
7/12/2024 18:15,July,6.57,6.51
7/12/2024 18:20,July,6.59,6.53
7/12/2024 18:25,July,7.85,7.78
7/12/2024 18:30,July,8,7.93
7/12/2024 18:35,July,7.97,7.91
7/12/2024 18:40,July,7.88,7.81
7/12/2024 18:45,July,7.96,7.88
7/12/2024 18:50,July,7.87,7.8
7/12/2024 18:55,July,7.95,7.88
7/12/2024 19:00,July,7.95,7.88
7/12/2024 19:05,July,7.86,7.79
7/12/2024 19:10,July,7.86,7.79
7/12/2024 19:15,July,7.86,7.79
7/12/2024 19:20,July,6.65,6.59
7/12/2024 19:25,July,7.94,7.87
7/12/2024 19:30,July,8.06,7.99
7/12/2024 19:35,July,7.93,7.86
7/12/2024 19:40,July,7.91,7.83
7/12/2024 19:45,July,7.91,7.84
7/12/2024 19:50,July,7.9,7.82
7/12/2024 19:55,July,7.87,7.79
7/12/2024 20:00,July,6.56,6.49
7/12/2024 20:05,July,7.93,7.85
7/12/2024 20:10,July,7.93,7.85
7/12/2024 20:15,July,7.92,7.84
7/12/2024 20:20,July,7.88,7.8
7/12/2024 20:25,July,7.87,7.79
7/12/2024 20:30,July,7.86,7.78
7/12/2024 20:35,July,6.54,6.47
7/12/2024 20:40,July,7.85,7.76
7/12/2024 20:45,July,7.85,7.77
7/12/2024 20:50,July,6.53,6.46
7/12/2024 20:55,July,6.52,6.45
7/12/2024 21:00,July,6.5,6.43
7/12/2024 21:05,July,17.46,17.28
7/12/2024 21:10,July,7.9,7.82
7/12/2024 21:15,July,7.88,7.8
7/12/2024 21:20,July,7.88,7.8
7/12/2024 21:25,July,7.89,7.81
7/12/2024 21:30,July,7.88,7.8
7/12/2024 21:35,July,7.84,7.76
7/12/2024 21:40,July,7.88,7.8
7/12/2024 21:45,July,7.84,7.76
7/12/2024 21:50,July,7.83,7.75
7/12/2024 21:55,July,6.48,6.41
7/12/2024 22:00,July,5.61,5.55
7/12/2024 22:05,July,7.89,7.81
7/12/2024 22:10,July,6.52,6.45
7/12/2024 22:15,July,5.52,5.46
7/12/2024 22:20,July,5.46,5.4
7/12/2024 22:25,July,4.18,4.13
7/12/2024 22:30,July,5.43,5.38
7/12/2024 22:35,July,5.44,5.38
7/12/2024 22:40,July,5.43,5.37
7/12/2024 22:45,July,5.43,5.37
7/12/2024 22:50,July,5.43,5.37
7/12/2024 22:55,July,5.41,5.36
7/12/2024 23:00,July,5.41,5.35
7/12/2024 23:05,July,6.57,6.51
7/12/2024 23:10,July,5.7,5.64
7/12/2024 23:15,July,5.79,5.73
7/12/2024 23:20,July,5.78,5.73
7/12/2024 23:25,July,5.7,5.64
7/12/2024 23:30,July,5.67,5.61
7/12/2024 23:35,July,5.67,5.61
7/12/2024 23:40,July,5.76,5.7
7/12/2024 23:45,July,5.74,5.68
7/12/2024 23:50,July,5.74,5.68
7/12/2024 23:55,July,5.72,5.66
7/13/2024 0:00,July,5.7,5.64
7/13/2024 0:05,July,5.82,5.76
7/13/2024 0:10,July,5.4,5.34
7/13/2024 0:15,July,5.37,5.31
7/13/2024 0:20,July,4.94,4.88
7/13/2024 0:25,July,5.25,5.19
7/13/2024 0:30,July,5.25,5.19
7/13/2024 0:35,July,4.95,4.89
7/13/2024 0:40,July,4.96,4.91
7/13/2024 0:45,July,5.24,5.18
7/13/2024 0:50,July,4.96,4.91
7/13/2024 0:55,July,5.23,5.17
7/13/2024 1:00,July,5.24,5.17
7/13/2024 1:05,July,5.24,5.18
7/13/2024 1:10,July,5.39,5.32
7/13/2024 1:15,July,5.38,5.32
7/13/2024 1:20,July,5.39,5.33
7/13/2024 1:25,July,5.39,5.33
7/13/2024 1:30,July,5.41,5.34
7/13/2024 1:35,July,5.4,5.34
7/13/2024 1:40,July,5.38,5.32
7/13/2024 1:45,July,5.31,5.25
7/13/2024 1:50,July,5.25,5.18
7/13/2024 1:55,July,4.98,4.92
7/13/2024 2:00,July,5.24,5.18
7/13/2024 2:05,July,5.31,5.24
7/13/2024 2:10,July,5.25,5.19
7/13/2024 2:15,July,5.31,5.25
7/13/2024 2:20,July,5.31,5.25
7/13/2024 2:25,July,4.91,4.85
7/13/2024 2:30,July,4.88,4.82
7/13/2024 2:35,July,4.84,4.78
7/13/2024 2:40,July,4.84,4.79
7/13/2024 2:45,July,4.08,4.03
7/13/2024 2:50,July,4.89,4.84
7/13/2024 2:55,July,4.86,4.81
7/13/2024 3:00,July,4.07,4.02
7/13/2024 3:05,July,4.07,4.03
7/13/2024 3:10,July,4.88,4.82
7/13/2024 3:15,July,4.93,4.87
7/13/2024 3:20,July,4.87,4.82
7/13/2024 3:25,July,4.89,4.84
7/13/2024 3:30,July,5.22,5.17
7/13/2024 3:35,July,4.95,4.9
7/13/2024 3:40,July,4.92,4.86
7/13/2024 3:45,July,4.88,4.82
7/13/2024 3:50,July,4.88,4.83
7/13/2024 3:55,July,4.03,3.99
7/13/2024 4:00,July,3.8,3.76
7/13/2024 4:05,July,4.02,3.97
7/13/2024 4:10,July,3.64,3.6
7/13/2024 4:15,July,4.02,3.97
7/13/2024 4:20,July,3.8,3.75
7/13/2024 4:25,July,3.65,3.6
7/13/2024 4:30,July,3.79,3.75
7/13/2024 4:35,July,3.79,3.74
7/13/2024 4:40,July,3.67,3.62
7/13/2024 4:45,July,4,3.95
7/13/2024 4:50,July,3.67,3.62
7/13/2024 4:55,July,4,3.95
7/13/2024 5:00,July,3.58,3.53
7/13/2024 5:05,July,2.47,2.44
7/13/2024 5:10,July,3.55,3.51
7/13/2024 5:15,July,3.66,3.62
7/13/2024 5:20,July,3.68,3.63
7/13/2024 5:25,July,4.11,4.06
7/13/2024 5:30,July,4.02,3.97
7/13/2024 5:35,July,4.1,4.05
7/13/2024 5:40,July,4.02,3.97
7/13/2024 5:45,July,3.66,3.62
7/13/2024 5:50,July,4.01,3.96
7/13/2024 5:55,July,3.78,3.74
7/13/2024 6:00,July,4,3.95
7/13/2024 6:05,July,0,0
7/13/2024 6:10,July,2.88,2.85
7/13/2024 6:15,July,3.16,3.12
7/13/2024 6:20,July,3.17,3.14
7/13/2024 6:25,July,3.48,3.44
7/13/2024 6:30,July,3.48,3.45
7/13/2024 6:35,July,3.48,3.45
7/13/2024 6:40,July,3.56,3.52
7/13/2024 6:45,July,3.57,3.53
7/13/2024 6:50,July,3.53,3.5
7/13/2024 6:55,July,3.53,3.5
7/13/2024 7:00,July,3.55,3.52
7/13/2024 7:05,July,-0.1,-0.1
7/13/2024 7:10,July,0,0
7/13/2024 7:15,July,2.84,2.82
7/13/2024 7:20,July,3.11,3.08
7/13/2024 7:25,July,3.16,3.13
7/13/2024 7:30,July,3.16,3.13
7/13/2024 7:35,July,3.22,3.18
7/13/2024 7:40,July,3.56,3.53
7/13/2024 7:45,July,3.46,3.43
7/13/2024 7:50,July,3.56,3.52
7/13/2024 7:55,July,4,3.96
7/13/2024 8:00,July,4.54,4.5
7/13/2024 8:05,July,0,0
7/13/2024 8:10,July,3.02,2.99
7/13/2024 8:15,July,3.18,3.15
7/13/2024 8:20,July,3.25,3.22
7/13/2024 8:25,July,3.46,3.43
7/13/2024 8:30,July,3.44,3.42
7/13/2024 8:35,July,3.43,3.41
7/13/2024 8:40,July,3.46,3.44
7/13/2024 8:45,July,3.6,3.58
7/13/2024 8:50,July,3.58,3.56
7/13/2024 8:55,July,4.89,4.86
7/13/2024 9:00,July,4.01,3.99
7/13/2024 9:05,July,0,0
7/13/2024 9:10,July,3.55,3.54
7/13/2024 9:15,July,3.59,3.58
7/13/2024 9:20,July,4.9,4.89
7/13/2024 9:25,July,4.98,4.96
7/13/2024 9:30,July,5.36,5.34
7/13/2024 9:35,July,5.37,5.35
7/13/2024 9:40,July,5.37,5.35
7/13/2024 9:45,July,5.52,5.5
7/13/2024 9:50,July,5.51,5.5
7/13/2024 9:55,July,5.51,5.49
7/13/2024 10:00,July,5.86,5.84
7/13/2024 10:05,July,4.05,4.03
7/13/2024 10:10,July,4.96,4.95
7/13/2024 10:15,July,5.39,5.37
7/13/2024 10:20,July,5.38,5.37
7/13/2024 10:25,July,5.81,5.79
7/13/2024 10:30,July,13.03,13
7/13/2024 10:35,July,5.85,5.84
7/13/2024 10:40,July,11.54,11.52
7/13/2024 10:45,July,5.87,5.86
7/13/2024 10:50,July,13.05,13.03
7/13/2024 10:55,July,13.04,13.03
7/13/2024 11:00,July,5.89,5.88
7/13/2024 11:05,July,5.89,5.88
7/13/2024 11:10,July,5.89,5.88
7/13/2024 11:15,July,5.81,5.8
7/13/2024 11:20,July,5.81,5.8
7/13/2024 11:25,July,5.86,5.86
7/13/2024 11:30,July,11.63,11.61
7/13/2024 11:35,July,5.82,5.82
7/13/2024 11:40,July,5.87,5.86
7/13/2024 11:45,July,5.68,5.67
7/13/2024 11:50,July,5.76,5.75
7/13/2024 11:55,July,5.33,5.33
7/13/2024 12:00,July,5.31,5.3
7/13/2024 12:05,July,3.27,3.26
7/13/2024 12:10,July,3.46,3.44
7/13/2024 12:15,July,3.56,3.54
7/13/2024 12:20,July,3.62,3.6
7/13/2024 12:25,July,5.55,5.52
7/13/2024 12:30,July,5.34,5.32
7/13/2024 12:35,July,5.34,5.31
7/13/2024 12:40,July,5.36,5.33
7/13/2024 12:45,July,5.56,5.53
7/13/2024 12:50,July,5.56,5.53
7/13/2024 12:55,July,5.55,5.52
7/13/2024 13:00,July,5.78,5.75
7/13/2024 13:05,July,5.54,5.52
7/13/2024 13:10,July,5.78,5.76
7/13/2024 13:15,July,5.78,5.76
7/13/2024 13:20,July,5.78,5.76
7/13/2024 13:25,July,5.58,5.56
7/13/2024 13:30,July,5.59,5.58
7/13/2024 13:35,July,5.34,5.32
7/13/2024 13:40,July,5.32,5.29
7/13/2024 13:45,July,5.33,5.3
7/13/2024 13:50,July,5.61,5.58
7/13/2024 13:55,July,5.79,5.76
7/13/2024 14:00,July,5.33,5.29
7/13/2024 14:05,July,5.37,5.33
7/13/2024 14:10,July,5.8,5.76
7/13/2024 14:15,July,5.6,5.56
7/13/2024 14:20,July,5.79,5.75
7/13/2024 14:25,July,5.81,5.77
7/13/2024 14:30,July,5.8,5.76
7/13/2024 14:35,July,5.98,5.93
7/13/2024 14:40,July,6.05,6
7/13/2024 14:45,July,13.25,13.16
7/13/2024 14:50,July,12.23,12.14
7/13/2024 14:55,July,5.93,5.88
7/13/2024 15:00,July,5.95,5.91
7/13/2024 15:05,July,5.95,5.9
7/13/2024 15:10,July,6.01,5.97
7/13/2024 15:15,July,6.04,6
7/13/2024 15:20,July,6.03,5.99
7/13/2024 15:25,July,5.96,5.91
7/13/2024 15:30,July,5.94,5.91
7/13/2024 15:35,July,5.93,5.89
7/13/2024 15:40,July,5.81,5.77
7/13/2024 15:45,July,5.8,5.76
7/13/2024 15:50,July,5.79,5.75
7/13/2024 15:55,July,5.35,5.31
7/13/2024 16:00,July,5.35,5.31
7/13/2024 16:05,July,5.8,5.75
7/13/2024 16:10,July,5.38,5.33
7/13/2024 16:15,July,5.38,5.33
7/13/2024 16:20,July,5.65,5.59
7/13/2024 16:25,July,5.82,5.76
7/13/2024 16:30,July,5.65,5.6
7/13/2024 16:35,July,5.65,5.6
7/13/2024 16:40,July,5.66,5.6
7/13/2024 16:45,July,5.66,5.6
7/13/2024 16:50,July,5.66,5.6
7/13/2024 16:55,July,5.39,5.33
7/13/2024 17:00,July,5.4,5.35
7/13/2024 17:05,July,5.38,5.32
7/13/2024 17:10,July,5.38,5.33
7/13/2024 17:15,July,5.66,5.6
7/13/2024 17:20,July,5.81,5.75
7/13/2024 17:25,July,5.81,5.75
7/13/2024 17:30,July,5.67,5.61
7/13/2024 17:35,July,5.82,5.76
7/13/2024 17:40,July,5.82,5.76
7/13/2024 17:45,July,5.84,5.78
7/13/2024 17:50,July,5.96,5.9
7/13/2024 17:55,July,5.96,5.9
7/13/2024 18:00,July,5.97,5.91
7/13/2024 18:05,July,5.97,5.91
7/13/2024 18:10,July,13.27,13.27
7/13/2024 18:15,July,6.09,6.03
7/13/2024 18:20,July,9.54,9.44
7/13/2024 18:25,July,9.54,9.44
7/13/2024 18:30,July,6.11,6.05
7/13/2024 18:35,July,5.92,5.85
7/13/2024 18:40,July,6,5.93
7/13/2024 18:45,July,9.54,9.43
7/13/2024 18:50,July,9.53,9.43
7/13/2024 18:55,July,9.51,9.41
7/13/2024 19:00,July,9.5,9.4
7/13/2024 19:05,July,5.92,5.85
7/13/2024 19:10,July,5.96,5.9
7/13/2024 19:15,July,6,5.94
7/13/2024 19:20,July,6.05,5.99
7/13/2024 19:25,July,6.08,6.01
7/13/2024 19:30,July,6.01,5.94
7/13/2024 19:35,July,6.06,5.99
7/13/2024 19:40,July,6.04,5.97
7/13/2024 19:45,July,6.06,6
7/13/2024 19:50,July,6.1,6.03
7/13/2024 19:55,July,6.12,6.06
7/13/2024 20:00,July,6.11,6.04
7/13/2024 20:05,July,9.56,9.45
7/13/2024 20:10,July,6.14,6.08
7/13/2024 20:15,July,6.04,5.98
7/13/2024 20:20,July,6.1,6.03
7/13/2024 20:25,July,6.14,6.08
7/13/2024 20:30,July,6.1,6.04
7/13/2024 20:35,July,6.07,6.01
7/13/2024 20:40,July,6.11,6.04
7/13/2024 20:45,July,6.07,6.01
7/13/2024 20:50,July,12.29,12.16
7/13/2024 20:55,July,6.08,6.02
7/13/2024 21:00,July,6.07,6
7/13/2024 21:05,July,9.58,9.46
7/13/2024 21:10,July,5.95,5.88
7/13/2024 21:15,July,13.37,13.22
7/13/2024 21:20,July,6.1,6.03
7/13/2024 21:25,July,6.1,6.03
7/13/2024 21:30,July,5.91,5.84
7/13/2024 21:35,July,5.96,5.89
7/13/2024 21:40,July,6.07,6
7/13/2024 21:45,July,6.09,6.02
7/13/2024 21:50,July,13.31,13.15
7/13/2024 21:55,July,6.07,6
7/13/2024 22:00,July,5.79,5.72
7/13/2024 22:05,July,28.3,27.97
7/13/2024 22:10,July,18.33,18.11
7/13/2024 22:15,July,12.15,12.01
7/13/2024 22:20,July,6.1,6.02
7/13/2024 22:25,July,5.79,5.72
7/13/2024 22:30,July,5.77,5.7
7/13/2024 22:35,July,5.7,5.63
7/13/2024 22:40,July,5.7,5.63
7/13/2024 22:45,July,5.7,5.63
7/13/2024 22:50,July,5.35,5.28
7/13/2024 22:55,July,5.35,5.28
7/13/2024 23:00,July,5.68,5.61
7/13/2024 23:05,July,27.99,27.66
7/13/2024 23:10,July,6.07,5.99
7/13/2024 23:15,July,6.05,5.98
7/13/2024 23:20,July,6.07,5.99
7/13/2024 23:25,July,5.81,5.74
7/13/2024 23:30,July,5.8,5.73
7/13/2024 23:35,July,5.78,5.7
7/13/2024 23:40,July,5.79,5.71
7/13/2024 23:45,July,5.79,5.71
7/13/2024 23:50,July,5.7,5.62
7/13/2024 23:55,July,5.7,5.62
7/14/2024 0:00,July,5.34,5.27
7/14/2024 0:05,July,5.84,5.76
7/14/2024 0:10,July,5.83,5.75
7/14/2024 0:15,July,5.29,5.21
7/14/2024 0:20,July,5.83,5.75
7/14/2024 0:25,July,5.28,5.2
7/14/2024 0:30,July,5.71,5.63
7/14/2024 0:35,July,5.83,5.75
7/14/2024 0:40,July,5.87,5.78
7/14/2024 0:45,July,5.85,5.77
7/14/2024 0:50,July,5.86,5.77
7/14/2024 0:55,July,5.86,5.78
7/14/2024 1:00,July,5.71,5.63
7/14/2024 1:05,July,5.72,5.63
7/14/2024 1:10,July,5.27,5.19
7/14/2024 1:15,July,5.28,5.21
7/14/2024 1:20,July,5.26,5.19
7/14/2024 1:25,July,5.26,5.18
7/14/2024 1:30,July,5.04,4.97
7/14/2024 1:35,July,5.04,4.97
7/14/2024 1:40,July,5.28,5.21
7/14/2024 1:45,July,5.26,5.19
7/14/2024 1:50,July,5.29,5.22
7/14/2024 1:55,July,4.88,4.81
7/14/2024 2:00,July,4.87,4.81
7/14/2024 2:05,July,4.88,4.82
7/14/2024 2:10,July,4.88,4.81
7/14/2024 2:15,July,4.88,4.81
7/14/2024 2:20,July,4.89,4.82
7/14/2024 2:25,July,4.88,4.81
7/14/2024 2:30,July,4.88,4.81
7/14/2024 2:35,July,4.88,4.81
7/14/2024 2:40,July,4.88,4.81
7/14/2024 2:45,July,4.87,4.81
7/14/2024 2:50,July,4.88,4.81
7/14/2024 2:55,July,5.27,5.2
7/14/2024 3:00,July,5.23,5.16
7/14/2024 3:05,July,5.07,5
7/14/2024 3:10,July,5.07,5
7/14/2024 3:15,July,5.07,5
7/14/2024 3:20,July,5.18,5.1
7/14/2024 3:25,July,5.17,5.1
7/14/2024 3:30,July,5.17,5.1
7/14/2024 3:35,July,5.17,5.1
7/14/2024 3:40,July,5.07,5
7/14/2024 3:45,July,5.08,5
7/14/2024 3:50,July,5.07,5
7/14/2024 3:55,July,2.88,2.84
7/14/2024 4:00,July,3.61,3.56
7/14/2024 4:05,July,5.08,5.01
7/14/2024 4:10,July,5.08,5
7/14/2024 4:15,July,5.08,5.01
7/14/2024 4:20,July,5.07,5
7/14/2024 4:25,July,5.08,5.01
7/14/2024 4:30,July,5.09,5.01
7/14/2024 4:35,July,5.09,5.01
7/14/2024 4:40,July,3.18,3.13
7/14/2024 4:45,July,3.3,3.25
7/14/2024 4:50,July,3.19,3.14
7/14/2024 4:55,July,3.48,3.43
7/14/2024 5:00,July,3.48,3.43
7/14/2024 5:05,July,3.19,3.15
7/14/2024 5:10,July,3.48,3.43
7/14/2024 5:15,July,3.48,3.43
7/14/2024 5:20,July,3.04,3
7/14/2024 5:25,July,3.04,3
7/14/2024 5:30,July,3.04,3
7/14/2024 5:35,July,3.05,3.01
7/14/2024 5:40,July,3.15,3.11
7/14/2024 5:45,July,3.04,3
7/14/2024 5:50,July,3.15,3.11
7/14/2024 5:55,July,3.04,2.99
7/14/2024 6:00,July,2.9,2.86
7/14/2024 6:05,July,3.51,3.46
7/14/2024 6:10,July,3.15,3.11
7/14/2024 6:15,July,3.15,3.11
7/14/2024 6:20,July,3.15,3.11
7/14/2024 6:25,July,2.87,2.83
7/14/2024 6:30,July,2.89,2.85
7/14/2024 6:35,July,3.04,3
7/14/2024 6:40,July,0,0
7/14/2024 6:45,July,2.86,2.83
7/14/2024 6:50,July,3.14,3.1
7/14/2024 6:55,July,3.02,2.99
7/14/2024 7:00,July,3.02,2.99
7/14/2024 7:05,July,2.85,2.82
7/14/2024 7:10,July,3.03,3
7/14/2024 7:15,July,3.3,3.26
7/14/2024 7:20,July,3.64,3.6
7/14/2024 7:25,July,4.07,4.03
7/14/2024 7:30,July,3.64,3.6
7/14/2024 7:35,July,3.33,3.3
7/14/2024 7:40,July,3.47,3.43
7/14/2024 7:45,July,3.51,3.48
7/14/2024 7:50,July,3.15,3.12
7/14/2024 7:55,July,3.46,3.43
7/14/2024 8:00,July,3.17,3.14
7/14/2024 8:05,July,2.85,2.82
7/14/2024 8:10,July,2.86,2.83
7/14/2024 8:15,July,2.85,2.83
7/14/2024 8:20,July,2.85,2.83
7/14/2024 8:25,July,2.45,2.43
7/14/2024 8:30,July,2.45,2.43
7/14/2024 8:35,July,2.84,2.82
7/14/2024 8:40,July,0,0
7/14/2024 8:45,July,2.84,2.82
7/14/2024 8:50,July,2.84,2.83
7/14/2024 8:55,July,2.84,2.83
7/14/2024 9:00,July,4.63,4.6
7/14/2024 9:05,July,3.3,3.28
7/14/2024 9:10,July,3.11,3.09
7/14/2024 9:15,July,3.3,3.28
7/14/2024 9:20,July,3.34,3.32
7/14/2024 9:25,July,3.4,3.38
7/14/2024 9:30,July,3.6,3.58
7/14/2024 9:35,July,4.13,4.11
7/14/2024 9:40,July,3.78,3.76
7/14/2024 9:45,July,3.46,3.44
7/14/2024 9:50,July,3.46,3.44
7/14/2024 9:55,July,3.47,3.45
7/14/2024 10:00,July,3.32,3.31
7/14/2024 10:05,July,3.17,3.15
7/14/2024 10:10,July,3.51,3.49
7/14/2024 10:15,July,3.17,3.16
7/14/2024 10:20,July,3.45,3.44
7/14/2024 10:25,July,3.18,3.16
7/14/2024 10:30,July,3.79,3.78
7/14/2024 10:35,July,3.5,3.49
7/14/2024 10:40,July,3.79,3.77
7/14/2024 10:45,July,3.79,3.77
7/14/2024 10:50,July,3.46,3.44
7/14/2024 10:55,July,3.19,3.18
7/14/2024 11:00,July,3.19,3.18
7/14/2024 11:05,July,3.49,3.48
7/14/2024 11:10,July,3.46,3.45
7/14/2024 11:15,July,3.46,3.44
7/14/2024 11:20,July,3.46,3.44
7/14/2024 11:25,July,3.45,3.44
7/14/2024 11:30,July,5.3,5.28
7/14/2024 11:35,July,3.79,3.77
7/14/2024 11:40,July,3.46,3.44
7/14/2024 11:45,July,3.18,3.17
7/14/2024 11:50,July,3.45,3.44
7/14/2024 11:55,July,3.19,3.18
7/14/2024 12:00,July,2.83,2.83
7/14/2024 12:05,July,0,0
7/14/2024 12:10,July,0,0
7/14/2024 12:15,July,2.52,2.51
7/14/2024 12:20,July,3.15,3.15
7/14/2024 12:25,July,3.16,3.15
7/14/2024 12:30,July,2.98,2.97
7/14/2024 12:35,July,3.15,3.14
7/14/2024 12:40,July,3.49,3.48
7/14/2024 12:45,July,3.47,3.46
7/14/2024 12:50,July,3.61,3.6
7/14/2024 12:55,July,3.5,3.49
7/14/2024 13:00,July,5.32,5.3
7/14/2024 13:05,July,5.36,5.34
7/14/2024 13:10,July,5.34,5.31
7/14/2024 13:15,July,5.36,5.34
7/14/2024 13:20,July,5.34,5.32
7/14/2024 13:25,July,3.51,3.5
7/14/2024 13:30,July,3.54,3.53
7/14/2024 13:35,July,5.36,5.34
7/14/2024 13:40,July,5.33,5.31
7/14/2024 13:45,July,5.35,5.32
7/14/2024 13:50,July,5.34,5.31
7/14/2024 13:55,July,3.84,3.82
7/14/2024 14:00,July,3.84,3.83
7/14/2024 14:05,July,5.34,5.32
7/14/2024 14:10,July,5.34,5.32
7/14/2024 14:15,July,5.35,5.33
7/14/2024 14:20,July,5.45,5.42
7/14/2024 14:25,July,5.36,5.34
7/14/2024 14:30,July,5.35,5.32
7/14/2024 14:35,July,5.36,5.33
7/14/2024 14:40,July,5.36,5.34
7/14/2024 14:45,July,5.38,5.36
7/14/2024 14:50,July,5.38,5.36
7/14/2024 14:55,July,5.4,5.38
7/14/2024 15:00,July,5.39,5.36
7/14/2024 15:05,July,5.49,5.47
7/14/2024 15:10,July,5.41,5.39
7/14/2024 15:15,July,5.86,5.84
7/14/2024 15:20,July,5.49,5.47
7/14/2024 15:25,July,5.42,5.4
7/14/2024 15:30,July,5.42,5.41
7/14/2024 15:35,July,5.49,5.47
7/14/2024 15:40,July,5.5,5.48
7/14/2024 15:45,July,5.97,5.95
7/14/2024 15:50,July,5.88,5.86
7/14/2024 15:55,July,5.41,5.4
7/14/2024 16:00,July,5.41,5.4
7/14/2024 16:05,July,5.4,5.39
7/14/2024 16:10,July,5.41,5.39
7/14/2024 16:15,July,5.4,5.38
7/14/2024 16:20,July,5.4,5.38
7/14/2024 16:25,July,5.39,5.37
7/14/2024 16:30,July,5.27,5.25
7/14/2024 16:35,July,5.2,5.18
7/14/2024 16:40,July,5.28,5.26
7/14/2024 16:45,July,5.24,5.22
7/14/2024 16:50,July,5.19,5.17
7/14/2024 16:55,July,5.2,5.17
7/14/2024 17:00,July,5.2,5.17
7/14/2024 17:05,July,5.38,5.35
7/14/2024 17:10,July,5.12,5.09
7/14/2024 17:15,July,5.11,5.08
7/14/2024 17:20,July,5.11,5.08
7/14/2024 17:25,July,5.15,5.12
7/14/2024 17:30,July,5.16,5.12
7/14/2024 17:35,July,5.36,5.32
7/14/2024 17:40,July,5.39,5.36
7/14/2024 17:45,July,5.38,5.34
7/14/2024 17:50,July,5.39,5.35
7/14/2024 17:55,July,5.41,5.37
7/14/2024 18:00,July,5.41,5.38
7/14/2024 18:05,July,5.96,5.92
7/14/2024 18:10,July,5.97,5.93
7/14/2024 18:15,July,23.21,23.05
7/14/2024 18:20,July,10.96,10.88
7/14/2024 18:25,July,9.53,9.45
7/14/2024 18:30,July,5.63,5.58
7/14/2024 18:35,July,5.95,5.9
7/14/2024 18:40,July,5.96,5.9
7/14/2024 18:45,July,9.52,9.45
7/14/2024 18:50,July,9.49,9.42
7/14/2024 18:55,July,9.52,9.45
7/14/2024 19:00,July,6.05,6
7/14/2024 19:05,July,6,5.96
7/14/2024 19:10,July,5.99,5.95
7/14/2024 19:15,July,16.3,16.19
7/14/2024 19:20,July,15.95,15.84
7/14/2024 19:25,July,13.66,13.57
7/14/2024 19:30,July,12.43,12.34
7/14/2024 19:35,July,9.51,9.45
7/14/2024 19:40,July,5.99,5.94
7/14/2024 19:45,July,6.01,5.96
7/14/2024 19:50,July,6.03,5.99
7/14/2024 19:55,July,9.48,9.42
7/14/2024 20:00,July,6.05,6.01
7/14/2024 20:05,July,6.05,6.01
7/14/2024 20:10,July,6.06,6.02
7/14/2024 20:15,July,9.52,9.45
7/14/2024 20:20,July,6.06,6.01
7/14/2024 20:25,July,9.49,9.42
7/14/2024 20:30,July,6.07,6.02
7/14/2024 20:35,July,6.07,6.02
7/14/2024 20:40,July,9.52,9.44
7/14/2024 20:45,July,9.55,9.47
7/14/2024 20:50,July,9.6,9.51
7/14/2024 20:55,July,10.89,10.79
7/14/2024 21:00,July,9.56,9.47
7/14/2024 21:05,July,28.04,27.75
7/14/2024 21:10,July,17.46,17.28
7/14/2024 21:15,July,13.5,13.36
7/14/2024 21:20,July,12.31,12.18
7/14/2024 21:25,July,12.33,12.21
7/14/2024 21:30,July,12.3,12.17
7/14/2024 21:35,July,10.86,10.75
7/14/2024 21:40,July,9.57,9.47
7/14/2024 21:45,July,9.57,9.47
7/14/2024 21:50,July,9.57,9.47
7/14/2024 21:55,July,23.19,22.93
7/14/2024 22:00,July,34,33.63
7/14/2024 22:05,July,31.25,30.9
7/14/2024 22:10,July,6.07,6.01
7/14/2024 22:15,July,15.83,15.66
7/14/2024 22:20,July,28.15,27.85
7/14/2024 22:25,July,27.98,27.7
7/14/2024 22:30,July,27.97,27.7
7/14/2024 22:35,July,12.42,12.3
7/14/2024 22:40,July,13.57,13.44
7/14/2024 22:45,July,12.36,12.23
7/14/2024 22:50,July,12.32,12.2
7/14/2024 22:55,July,28.12,27.88
7/14/2024 23:00,July,19.18,19.03
7/14/2024 23:05,July,28.12,27.91
7/14/2024 23:10,July,13.59,13.49
7/14/2024 23:15,July,12.41,12.32
7/14/2024 23:20,July,12.4,12.31
7/14/2024 23:25,July,12.33,12.23
7/14/2024 23:30,July,12.33,12.23
7/14/2024 23:35,July,12.34,12.26
7/14/2024 23:40,July,5.91,5.87
7/14/2024 23:45,July,6.13,6.08
7/14/2024 23:50,July,13.46,13.37
7/14/2024 23:55,July,6.16,6.11
7/15/2024 0:00,July,5.91,5.86
7/15/2024 0:05,July,13.44,13.33
7/15/2024 0:10,July,6.37,6.32
7/15/2024 0:15,July,6.15,6.1
7/15/2024 0:20,July,5.82,5.77
7/15/2024 0:25,July,6.18,6.13
7/15/2024 0:30,July,5.32,5.28
7/15/2024 0:35,July,5.32,5.28
7/15/2024 0:40,July,4.22,4.19
7/15/2024 0:45,July,5.09,5.05
7/15/2024 0:50,July,4.22,4.18
7/15/2024 0:55,July,5.08,5.03
7/15/2024 1:00,July,5.1,5.05
7/15/2024 1:05,July,5.11,5.06
7/15/2024 1:10,July,5.09,5.04
7/15/2024 1:15,July,5,4.96
7/15/2024 1:20,July,4.2,4.16
7/15/2024 1:25,July,4.2,4.16
7/15/2024 1:30,July,4.2,4.16
7/15/2024 1:35,July,4.2,4.16
7/15/2024 1:40,July,4.2,4.16
7/15/2024 1:45,July,4.19,4.15
7/15/2024 1:50,July,4.19,4.15
7/15/2024 1:55,July,4.19,4.15
7/15/2024 2:00,July,4.18,4.14
7/15/2024 2:05,July,4.18,4.14
7/15/2024 2:10,July,4.19,4.15
7/15/2024 2:15,July,4.19,4.15
7/15/2024 2:20,July,4.19,4.15
7/15/2024 2:25,July,4.19,4.15
7/15/2024 2:30,July,4.18,4.14
7/15/2024 2:35,July,4.18,4.14
7/15/2024 2:40,July,4.18,4.14
7/15/2024 2:45,July,4.18,4.14
7/15/2024 2:50,July,3.62,3.58
7/15/2024 2:55,July,3.62,3.58
7/15/2024 3:00,July,3.55,3.51
7/15/2024 3:05,July,3.62,3.58
7/15/2024 3:10,July,4.06,4.02
7/15/2024 3:15,July,3.62,3.58
7/15/2024 3:20,July,3.81,3.76
7/15/2024 3:25,July,4.04,3.99
7/15/2024 3:30,July,3.81,3.77
7/15/2024 3:35,July,3.55,3.51
7/15/2024 3:40,July,3.81,3.76
7/15/2024 3:45,July,3.81,3.76
7/15/2024 3:50,July,4.04,3.99
7/15/2024 3:55,July,4.04,3.99
7/15/2024 4:00,July,4.13,4.08
7/15/2024 4:05,July,4.12,4.08
7/15/2024 4:10,July,3.81,3.77
7/15/2024 4:15,July,3.82,3.78
7/15/2024 4:20,July,3.83,3.78
7/15/2024 4:25,July,3.62,3.58
7/15/2024 4:30,July,3.62,3.58
7/15/2024 4:35,July,3.62,3.58
7/15/2024 4:40,July,3.62,3.58
7/15/2024 4:45,July,3.62,3.58
7/15/2024 4:50,July,3.63,3.59
7/15/2024 4:55,July,3.62,3.58
7/15/2024 5:00,July,3.75,3.71
7/15/2024 5:05,July,3.82,3.78
7/15/2024 5:10,July,4.18,4.13
7/15/2024 5:15,July,4.18,4.13
7/15/2024 5:20,July,4.18,4.13
7/15/2024 5:25,July,4.13,4.08
7/15/2024 5:30,July,3.83,3.78
7/15/2024 5:35,July,4.03,3.99
7/15/2024 5:40,July,4.03,3.98
7/15/2024 5:45,July,3.81,3.76
7/15/2024 5:50,July,3.82,3.77
7/15/2024 5:55,July,3.82,3.78
7/15/2024 6:00,July,3.82,3.78
7/15/2024 6:05,July,0,0
7/15/2024 6:10,July,2.86,2.83
7/15/2024 6:15,July,2.91,2.88
7/15/2024 6:20,July,2.91,2.88
7/15/2024 6:25,July,2.91,2.89
7/15/2024 6:30,July,3.17,3.14
7/15/2024 6:35,July,2.91,2.89
7/15/2024 6:40,July,3.17,3.14
7/15/2024 6:45,July,3.28,3.25
7/15/2024 6:50,July,3.17,3.14
7/15/2024 6:55,July,3.42,3.39
7/15/2024 7:00,July,3.49,3.45
7/15/2024 7:05,July,0,0
7/15/2024 7:10,July,2.89,2.87
7/15/2024 7:15,July,3.18,3.15
7/15/2024 7:20,July,3.59,3.56
7/15/2024 7:25,July,4.14,4.11
7/15/2024 7:30,July,4.13,4.11
7/15/2024 7:35,July,4.14,4.11
7/15/2024 7:40,July,5.23,5.2
7/15/2024 7:45,July,5.24,5.21
7/15/2024 7:50,July,5.25,5.22
7/15/2024 7:55,July,5.25,5.22
7/15/2024 8:00,July,5.76,5.73
7/15/2024 8:05,July,2.63,2.61
7/15/2024 8:10,July,4.18,4.15
7/15/2024 8:15,July,4.19,4.16
7/15/2024 8:20,July,6.18,6.15
7/15/2024 8:25,July,5.75,5.72
7/15/2024 8:30,July,5.77,5.74
7/15/2024 8:35,July,5.78,5.76
7/15/2024 8:40,July,5.75,5.73
7/15/2024 8:45,July,3.83,3.82
7/15/2024 8:50,July,5.73,5.71
7/15/2024 8:55,July,6.18,6.16
7/15/2024 9:00,July,5.76,5.75
7/15/2024 9:05,July,0,0
7/15/2024 9:10,July,3.55,3.54
7/15/2024 9:15,July,3.82,3.81
7/15/2024 9:20,July,4.14,4.13
7/15/2024 9:25,July,4.15,4.14
7/15/2024 9:30,July,4.14,4.13
7/15/2024 9:35,July,5.74,5.71
7/15/2024 9:40,July,5.77,5.74
7/15/2024 9:45,July,6.14,6.11
7/15/2024 9:50,July,5.78,5.76
7/15/2024 9:55,July,6.14,6.12
7/15/2024 10:00,July,5.81,5.78
7/15/2024 10:05,July,0,0
7/15/2024 10:10,July,5.39,5.37
7/15/2024 10:15,July,4.82,4.83
7/15/2024 10:20,July,5.72,5.73
7/15/2024 10:25,July,5.73,5.73
7/15/2024 10:30,July,5.72,5.72
7/15/2024 10:35,July,5.35,5.35
7/15/2024 10:40,July,5.04,5.04
7/15/2024 10:45,July,5.33,5.33
7/15/2024 10:50,July,5.32,5.32
7/15/2024 10:55,July,5.32,5.31
7/15/2024 11:00,July,5.68,5.67
7/15/2024 11:05,July,5.32,5.32
7/15/2024 11:10,July,5.33,5.33
7/15/2024 11:15,July,5.34,5.34
7/15/2024 11:20,July,5.33,5.34
7/15/2024 11:25,July,5.69,5.69
7/15/2024 11:30,July,5.69,5.7
7/15/2024 11:35,July,5.34,5.35
7/15/2024 11:40,July,3.52,3.53
7/15/2024 11:45,July,4.13,4.14
7/15/2024 11:50,July,5.31,5.32
7/15/2024 11:55,July,5.3,5.31
7/15/2024 12:00,July,5.69,5.71
7/15/2024 12:05,July,3.61,3.61
7/15/2024 12:10,July,5.29,5.31
7/15/2024 12:15,July,5.3,5.31
7/15/2024 12:20,July,5.29,5.31
7/15/2024 12:25,July,5.3,5.31
7/15/2024 12:30,July,5.3,5.31
7/15/2024 12:35,July,5.29,5.31
7/15/2024 12:40,July,5.29,5.31
7/15/2024 12:45,July,5.68,5.68
7/15/2024 12:50,July,5.31,5.31
7/15/2024 12:55,July,5.3,5.3
7/15/2024 13:00,July,6.12,6.12
7/15/2024 13:05,July,6.25,6.24
7/15/2024 13:10,July,6.38,6.37
7/15/2024 13:15,July,6.23,6.21
7/15/2024 13:20,July,6.21,6.2
7/15/2024 13:25,July,6.21,6.19
7/15/2024 13:30,July,6.09,6.07
7/15/2024 13:35,July,6.16,6.14
7/15/2024 13:40,July,5.83,5.81
7/15/2024 13:45,July,5.82,5.8
7/15/2024 13:50,July,5.81,5.79
7/15/2024 13:55,July,5.84,5.82
7/15/2024 14:00,July,5.39,5.38
7/15/2024 14:05,July,5.79,5.78
7/15/2024 14:10,July,6.03,6.02
7/15/2024 14:15,July,5.81,5.79
7/15/2024 14:20,July,5.81,5.79
7/15/2024 14:25,July,6.23,6.22
7/15/2024 14:30,July,6.21,6.19
7/15/2024 14:35,July,6.15,6.13
7/15/2024 14:40,July,6.2,6.18
7/15/2024 14:45,July,6.16,6.13
7/15/2024 14:50,July,6.14,6.12
7/15/2024 14:55,July,6.22,6.2
7/15/2024 15:00,July,6.16,6.14
7/15/2024 15:05,July,6.4,6.38
7/15/2024 15:10,July,6.41,6.38
7/15/2024 15:15,July,12.25,12.18
7/15/2024 15:20,July,13.42,13.34
7/15/2024 15:25,July,12.27,12.2
7/15/2024 15:30,July,9.51,9.45
7/15/2024 15:35,July,11.76,11.69
7/15/2024 15:40,July,9.51,9.45
7/15/2024 15:45,July,6.42,6.37
7/15/2024 15:50,July,6.42,6.37
7/15/2024 15:55,July,9.46,9.39
7/15/2024 16:00,July,9.5,9.44
7/15/2024 16:05,July,9.53,9.46
7/15/2024 16:10,July,6.41,6.37
7/15/2024 16:15,July,6.42,6.39
7/15/2024 16:20,July,6.41,6.37
7/15/2024 16:25,July,6.39,6.35
7/15/2024 16:30,July,6.3,6.26
7/15/2024 16:35,July,6.29,6.25
7/15/2024 16:40,July,6.24,6.2
7/15/2024 16:45,July,6.18,6.14
7/15/2024 16:50,July,6.08,6.04
7/15/2024 16:55,July,5.94,5.89
7/15/2024 17:00,July,5.49,5.45
7/15/2024 17:05,July,5.93,5.88
7/15/2024 17:10,July,5.49,5.44
7/15/2024 17:15,July,5.49,5.45
7/15/2024 17:20,July,5.9,5.86
7/15/2024 17:25,July,5.91,5.86
7/15/2024 17:30,July,5.9,5.86
7/15/2024 17:35,July,5.91,5.86
7/15/2024 17:40,July,5.93,5.88
7/15/2024 17:45,July,6.09,6.04
7/15/2024 17:50,July,6.08,6.03
7/15/2024 17:55,July,5.92,5.87
7/15/2024 18:00,July,6.11,6.06
7/15/2024 18:05,July,5.15,5.11
7/15/2024 18:10,July,5.5,5.46
7/15/2024 18:15,July,6.1,6.05
7/15/2024 18:20,July,6.08,6.03
7/15/2024 18:25,July,6.11,6.06
7/15/2024 18:30,July,6.12,6.07
7/15/2024 18:35,July,6.16,6.11
7/15/2024 18:40,July,6.18,6.12
7/15/2024 18:45,July,6.24,6.19
7/15/2024 18:50,July,6.21,6.15
7/15/2024 18:55,July,6.17,6.11
7/15/2024 19:00,July,6.19,6.13
7/15/2024 19:05,July,6.19,6.13
7/15/2024 19:10,July,6.17,6.12
7/15/2024 19:15,July,6.06,6
7/15/2024 19:20,July,6.1,6.04
7/15/2024 19:25,July,6.07,6.01
7/15/2024 19:30,July,5.99,5.93
7/15/2024 19:35,July,6.04,5.98
7/15/2024 19:40,July,6.04,5.98
7/15/2024 19:45,July,6.02,5.96
7/15/2024 19:50,July,6.03,5.97
7/15/2024 19:55,July,6.02,5.96
7/15/2024 20:00,July,6.02,5.96
7/15/2024 20:05,July,6.31,6.26
7/15/2024 20:10,July,6.32,6.26
7/15/2024 20:15,July,6.32,6.27
7/15/2024 20:20,July,6.42,6.36
7/15/2024 20:25,July,6.39,6.34
7/15/2024 20:30,July,6.39,6.33
7/15/2024 20:35,July,6.31,6.26
7/15/2024 20:40,July,6.31,6.25
7/15/2024 20:45,July,6.31,6.26
7/15/2024 20:50,July,6.29,6.23
7/15/2024 20:55,July,6.27,6.22
7/15/2024 21:00,July,6.27,6.21
7/15/2024 21:05,July,17.85,17.7
7/15/2024 21:10,July,6.39,6.33
7/15/2024 21:15,July,6.39,6.33
7/15/2024 21:20,July,6.39,6.33
7/15/2024 21:25,July,6.37,6.32
7/15/2024 21:30,July,6.37,6.31
7/15/2024 21:35,July,6.35,6.29
7/15/2024 21:40,July,6.39,6.33
7/15/2024 21:45,July,6.37,6.31
7/15/2024 21:50,July,6.36,6.29
7/15/2024 21:55,July,6.21,6.14
7/15/2024 22:00,July,6.19,6.12
7/15/2024 22:05,July,6.33,6.26
7/15/2024 22:10,July,6.2,6.13
7/15/2024 22:15,July,6.16,6.09
7/15/2024 22:20,July,6.12,6.05
7/15/2024 22:25,July,6.11,6.04
7/15/2024 22:30,July,6.01,5.94
7/15/2024 22:35,July,6.02,5.95
7/15/2024 22:40,July,5.97,5.9
7/15/2024 22:45,July,5.97,5.9
7/15/2024 22:50,July,5.96,5.89
7/15/2024 22:55,July,5.94,5.87
7/15/2024 23:00,July,4.27,4.22
7/15/2024 23:05,July,6.14,6.07
7/15/2024 23:10,July,6,5.94
7/15/2024 23:15,July,5.95,5.88
7/15/2024 23:20,July,5.94,5.88
7/15/2024 23:25,July,5.93,5.86
7/15/2024 23:30,July,5.92,5.85
7/15/2024 23:35,July,4.86,4.81
7/15/2024 23:40,July,4.25,4.21
7/15/2024 23:45,July,4.25,4.21
7/15/2024 23:50,July,4.86,4.81
7/15/2024 23:55,July,4.86,4.81
7/16/2024 0:00,July,4.86,4.81
7/16/2024 0:05,July,6,5.94
7/16/2024 0:10,July,5.84,5.78
7/16/2024 0:15,July,4.47,4.42
7/16/2024 0:20,July,4.47,4.42
7/16/2024 0:25,July,4.47,4.42
7/16/2024 0:30,July,4.24,4.19
7/16/2024 0:35,July,4.23,4.19
7/16/2024 0:40,July,4.24,4.19
7/16/2024 0:45,July,3.56,3.52
7/16/2024 0:50,July,4.21,4.17
7/16/2024 0:55,July,4.22,4.17
7/16/2024 1:00,July,4.23,4.18
7/16/2024 1:05,July,4.24,4.19
7/16/2024 1:10,July,4.24,4.19
7/16/2024 1:15,July,4.25,4.2
7/16/2024 1:20,July,4.25,4.2
7/16/2024 1:25,July,4.25,4.2
7/16/2024 1:30,July,4.25,4.2
7/16/2024 1:35,July,4.24,4.2
7/16/2024 1:40,July,4.25,4.2
7/16/2024 1:45,July,4.24,4.19
7/16/2024 1:50,July,4.24,4.19
7/16/2024 1:55,July,4.25,4.2
7/16/2024 2:00,July,4.24,4.19
7/16/2024 2:05,July,6.09,6.03
7/16/2024 2:10,July,5.94,5.88
7/16/2024 2:15,July,5.88,5.83
7/16/2024 2:20,July,4.55,4.5
7/16/2024 2:25,July,4.55,4.5
7/16/2024 2:30,July,4.55,4.51
7/16/2024 2:35,July,4.23,4.19
7/16/2024 2:40,July,4.24,4.19
7/16/2024 2:45,July,4.23,4.19
7/16/2024 2:50,July,4.22,4.18
7/16/2024 2:55,July,4.22,4.17
7/16/2024 3:00,July,4.21,4.17
7/16/2024 3:05,July,4.22,4.18
7/16/2024 3:10,July,4.54,4.5
7/16/2024 3:15,July,4.23,4.19
7/16/2024 3:20,July,4.24,4.2
7/16/2024 3:25,July,4.24,4.2
7/16/2024 3:30,July,4.24,4.2
7/16/2024 3:35,July,4.24,4.19
7/16/2024 3:40,July,4.24,4.19
7/16/2024 3:45,July,4.23,4.19
7/16/2024 3:50,July,4.43,4.38
7/16/2024 3:55,July,4.25,4.2
7/16/2024 4:00,July,4.24,4.2
7/16/2024 4:05,July,4.24,4.2
7/16/2024 4:10,July,4.24,4.19
7/16/2024 4:15,July,4.1,4.06
7/16/2024 4:20,July,4.22,4.17
7/16/2024 4:25,July,4.21,4.17
7/16/2024 4:30,July,4.13,4.09
7/16/2024 4:35,July,4.13,4.08
7/16/2024 4:40,July,4.13,4.09
7/16/2024 4:45,July,4.13,4.09
7/16/2024 4:50,July,4.12,4.08
7/16/2024 4:55,July,4.19,4.15
7/16/2024 5:00,July,3.63,3.59
7/16/2024 5:05,July,0,0
7/16/2024 5:10,July,3.56,3.52
7/16/2024 5:15,July,4.12,4.07
7/16/2024 5:20,July,4.12,4.08
7/16/2024 5:25,July,4.12,4.08
7/16/2024 5:30,July,3.82,3.78
7/16/2024 5:35,July,3.8,3.76
7/16/2024 5:40,July,3.63,3.59
7/16/2024 5:45,July,3.49,3.45
7/16/2024 5:50,July,3.63,3.59
7/16/2024 5:55,July,4.2,4.15
7/16/2024 6:00,July,3.24,3.21
7/16/2024 6:05,July,0,0
7/16/2024 6:10,July,3.12,3.09
7/16/2024 6:15,July,3.24,3.21
7/16/2024 6:20,July,3.24,3.21
7/16/2024 6:25,July,3.25,3.22
7/16/2024 6:30,July,3.22,3.2
7/16/2024 6:35,July,3.22,3.19
7/16/2024 6:40,July,3.22,3.19
7/16/2024 6:45,July,3.23,3.2
7/16/2024 6:50,July,3.23,3.2
7/16/2024 6:55,July,3.31,3.28
7/16/2024 7:00,July,3.42,3.4
7/16/2024 7:05,July,0,0
7/16/2024 7:10,July,0,0
7/16/2024 7:15,July,2.89,2.87
7/16/2024 7:20,July,2.89,2.87
7/16/2024 7:25,July,3.47,3.45
7/16/2024 7:30,July,3.37,3.35
7/16/2024 7:35,July,3.27,3.25
7/16/2024 7:40,July,4.02,4
7/16/2024 7:45,July,3.74,3.72
7/16/2024 7:50,July,3.55,3.53
7/16/2024 7:55,July,4.12,4.1
7/16/2024 8:00,July,4.15,4.13
7/16/2024 8:05,July,3.23,3.21
7/16/2024 8:10,July,4.14,4.11
7/16/2024 8:15,July,4.13,4.11
7/16/2024 8:20,July,5.74,5.71
7/16/2024 8:25,July,4.14,4.12
7/16/2024 8:30,July,6,5.97
7/16/2024 8:35,July,5.73,5.71
7/16/2024 8:40,July,5.24,5.22
7/16/2024 8:45,July,5.93,5.91
7/16/2024 8:50,July,5.9,5.88
7/16/2024 8:55,July,5.77,5.75
7/16/2024 9:00,July,5.76,5.73
7/16/2024 9:05,July,0,0
7/16/2024 9:10,July,3.23,3.22
7/16/2024 9:15,July,4.11,4.11
7/16/2024 9:20,July,4.11,4.11
7/16/2024 9:25,July,4.11,4.1
7/16/2024 9:30,July,5.18,5.18
7/16/2024 9:35,July,5.18,5.18
7/16/2024 9:40,July,5.99,5.99
7/16/2024 9:45,July,5.94,5.94
7/16/2024 9:50,July,5.91,5.91
7/16/2024 9:55,July,5.91,5.91
7/16/2024 10:00,July,5.76,5.77
7/16/2024 10:05,July,2.85,2.85
7/16/2024 10:10,July,5.34,5.34
7/16/2024 10:15,July,5.35,5.35
7/16/2024 10:20,July,5.69,5.69
7/16/2024 10:25,July,5.68,5.68
7/16/2024 10:30,July,5.88,5.89
7/16/2024 10:35,July,5.7,5.7
7/16/2024 10:40,July,5.73,5.73
7/16/2024 10:45,July,5.71,5.71
7/16/2024 10:50,July,5.7,5.71
7/16/2024 10:55,July,5.71,5.71
7/16/2024 11:00,July,5.72,5.72
7/16/2024 11:05,July,5.9,5.9
7/16/2024 11:10,July,5.87,5.87
7/16/2024 11:15,July,5.75,5.75
7/16/2024 11:20,July,5.77,5.77
7/16/2024 11:25,July,5.77,5.77
7/16/2024 11:30,July,5.36,5.36
7/16/2024 11:35,July,5.75,5.76
7/16/2024 11:40,July,5.75,5.76
7/16/2024 11:45,July,5.35,5.35
7/16/2024 11:50,July,5.35,5.35
7/16/2024 11:55,July,5.35,5.35
7/16/2024 12:00,July,5.72,5.72
7/16/2024 12:05,July,3.35,3.35
7/16/2024 12:10,July,5.17,5.17
7/16/2024 12:15,July,5.33,5.34
7/16/2024 12:20,July,5.33,5.34
7/16/2024 12:25,July,5.34,5.34
7/16/2024 12:30,July,5.68,5.69
7/16/2024 12:35,July,5.69,5.7
7/16/2024 12:40,July,5.7,5.7
7/16/2024 12:45,July,5.7,5.7
7/16/2024 12:50,July,5.69,5.7
7/16/2024 12:55,July,5.89,5.9
7/16/2024 13:00,July,5.93,5.94
7/16/2024 13:05,July,5.89,5.89
7/16/2024 13:10,July,6.06,6.07
7/16/2024 13:15,July,6.09,6.1
7/16/2024 13:20,July,6.14,6.14
7/16/2024 13:25,July,9.07,9.08
7/16/2024 13:30,July,6.12,6.12
7/16/2024 13:35,July,6.14,6.13
7/16/2024 13:40,July,9.47,9.45
7/16/2024 13:45,July,13.25,13.21
7/16/2024 13:50,July,6.83,6.81
7/16/2024 13:55,July,9.49,9.46
7/16/2024 14:00,July,13.25,13.2
7/16/2024 14:05,July,8.82,8.78
7/16/2024 14:10,July,6.17,6.15
7/16/2024 14:15,July,6.16,6.13
7/16/2024 14:20,July,6.15,6.12
7/16/2024 14:25,July,9.48,9.45
7/16/2024 14:30,July,8.84,8.82
7/16/2024 14:35,July,14.52,14.49
7/16/2024 14:40,July,15.56,15.52
7/16/2024 14:45,July,12.36,12.3
7/16/2024 14:50,July,9.43,9.39
7/16/2024 14:55,July,9.51,9.47
7/16/2024 15:00,July,6.16,6.13
7/16/2024 15:05,July,6.16,6.13
7/16/2024 15:10,July,6.84,6.81
7/16/2024 15:15,July,6.16,6.13
7/16/2024 15:20,July,6.15,6.12
7/16/2024 15:25,July,8.89,8.84
7/16/2024 15:30,July,9.53,9.47
7/16/2024 15:35,July,9.53,9.48
7/16/2024 15:40,July,13.33,13.25
7/16/2024 15:45,July,13.33,13.25
7/16/2024 15:50,July,12.32,12.24
7/16/2024 15:55,July,9.52,9.47
7/16/2024 16:00,July,9.46,9.41
7/16/2024 16:05,July,16.28,16.18
7/16/2024 16:10,July,13.31,13.23
7/16/2024 16:15,July,10.99,10.92
7/16/2024 16:20,July,12.39,12.32
7/16/2024 16:25,July,12.43,12.36
7/16/2024 16:30,July,12.42,12.35
7/16/2024 16:35,July,9.51,9.46
7/16/2024 16:40,July,9.48,9.44
7/16/2024 16:45,July,8.91,8.87
7/16/2024 16:50,July,9.46,9.42
7/16/2024 16:55,July,6.21,6.18
7/16/2024 17:00,July,6.14,6.11
7/16/2024 17:05,July,5.92,5.88
7/16/2024 17:10,July,5.31,5.27
7/16/2024 17:15,July,5.46,5.43
7/16/2024 17:20,July,5.89,5.85
7/16/2024 17:25,July,6.11,6.07
7/16/2024 17:30,July,6.01,5.98
7/16/2024 17:35,July,5.98,5.94
7/16/2024 17:40,July,6.01,5.97
7/16/2024 17:45,July,6.03,5.99
7/16/2024 17:50,July,6.09,6.05
7/16/2024 17:55,July,6.13,6.08
7/16/2024 18:00,July,6.15,6.11
7/16/2024 18:05,July,5.96,5.92
7/16/2024 18:10,July,5.96,5.92
7/16/2024 18:15,July,6.08,6.04
7/16/2024 18:20,July,6.14,6.1
7/16/2024 18:25,July,6.14,6.1
7/16/2024 18:30,July,6.16,6.12
7/16/2024 18:35,July,6.21,6.17
7/16/2024 18:40,July,6.88,6.84
7/16/2024 18:45,July,8.97,8.92
7/16/2024 18:50,July,8.98,8.92
7/16/2024 18:55,July,6.9,6.85
7/16/2024 19:00,July,6.9,6.85
7/16/2024 19:05,July,13.44,13.35
7/16/2024 19:10,July,15.98,15.87
7/16/2024 19:15,July,19.45,19.3
7/16/2024 19:20,July,13.43,13.32
7/16/2024 19:25,July,9.56,9.47
7/16/2024 19:30,July,12.34,12.22
7/16/2024 19:35,July,13.42,13.28
7/16/2024 19:40,July,12.38,12.24
7/16/2024 19:45,July,13.42,13.28
7/16/2024 19:50,July,30.74,30.38
7/16/2024 19:55,July,31.01,30.64
7/16/2024 20:00,July,28.21,27.87
7/16/2024 20:05,July,33.44,33.02
7/16/2024 20:10,July,31.76,31.35
7/16/2024 20:15,July,31.08,30.68
7/16/2024 20:20,July,31.08,30.66
7/16/2024 20:25,July,18.76,18.51
7/16/2024 20:30,July,29.25,28.88
7/16/2024 20:35,July,16.17,15.97
7/16/2024 20:40,July,16.16,15.96
7/16/2024 20:45,July,28.66,28.31
7/16/2024 20:50,July,31.15,30.75
7/16/2024 20:55,July,16.63,16.42
7/16/2024 21:00,July,28.69,28.32
7/16/2024 21:05,July,31.86,31.42
7/16/2024 21:10,July,31.35,30.93
7/16/2024 21:15,July,31.03,30.6
7/16/2024 21:20,July,31.18,30.75
7/16/2024 21:25,July,29.28,28.88
7/16/2024 21:30,July,31.13,30.71
7/16/2024 21:35,July,29.3,28.9
7/16/2024 21:40,July,16.82,16.59
7/16/2024 21:45,July,15.03,14.83
7/16/2024 21:50,July,14.29,14.1
7/16/2024 21:55,July,14.22,14.04
7/16/2024 22:00,July,14.21,14.02
7/16/2024 22:05,July,13.53,13.35
7/16/2024 22:10,July,13.52,13.34
7/16/2024 22:15,July,12.29,12.13
7/16/2024 22:20,July,13.44,13.26
7/16/2024 22:25,July,13.35,13.17
7/16/2024 22:30,July,12.27,12.11
7/16/2024 22:35,July,11.02,10.88
7/16/2024 22:40,July,9.6,9.48
7/16/2024 22:45,July,6.09,6.02
7/16/2024 22:50,July,6.13,6.06
7/16/2024 22:55,July,9.47,9.37
7/16/2024 23:00,July,6.11,6.05
7/16/2024 23:05,July,6.15,6.08
7/16/2024 23:10,July,6.12,6.06
7/16/2024 23:15,July,6.11,6.04
7/16/2024 23:20,July,6.07,6.01
7/16/2024 23:25,July,6.11,6.05
7/16/2024 23:30,July,6.1,6.04
7/16/2024 23:35,July,6.07,6.01
7/16/2024 23:40,July,6.06,5.99
7/16/2024 23:45,July,6.02,5.95
7/16/2024 23:50,July,6.02,5.95
7/16/2024 23:55,July,5.99,5.93
7/17/2024 0:00,July,6.02,5.95
7/17/2024 0:05,July,7.34,7.26
7/17/2024 0:10,July,7.37,7.29
7/17/2024 0:15,July,7.37,7.29
7/17/2024 0:20,July,7.35,7.26
7/17/2024 0:25,July,7.31,7.23
7/17/2024 0:30,July,7.3,7.21
7/17/2024 0:35,July,7.21,7.12
7/17/2024 0:40,July,7.19,7.1
7/17/2024 0:45,July,7.06,6.98
7/17/2024 0:50,July,7.07,6.99
7/17/2024 0:55,July,7.05,6.97
7/17/2024 1:00,July,6.41,6.34
7/17/2024 1:05,July,7.35,7.28
7/17/2024 1:10,July,7.3,7.23
7/17/2024 1:15,July,7.2,7.13
7/17/2024 1:20,July,6.36,6.3
7/17/2024 1:25,July,7.05,6.97
7/17/2024 1:30,July,6.36,6.29
7/17/2024 1:35,July,6.07,6
7/17/2024 1:40,July,6.07,6
7/17/2024 1:45,July,6.08,6.01
7/17/2024 1:50,July,6.07,6.01
7/17/2024 1:55,July,6.29,6.22
7/17/2024 2:00,July,5.73,5.67
7/17/2024 2:05,July,7.12,7.05
7/17/2024 2:10,July,6.27,6.2
7/17/2024 2:15,July,6.27,6.2
7/17/2024 2:20,July,6.25,6.19
7/17/2024 2:25,July,6.07,6.01
7/17/2024 2:30,July,6.06,5.99
7/17/2024 2:35,July,6.06,5.99
7/17/2024 2:40,July,6.07,6
7/17/2024 2:45,July,5.7,5.64
7/17/2024 2:50,July,5.71,5.64
7/17/2024 2:55,July,5.17,5.11
7/17/2024 3:00,July,5.71,5.65
7/17/2024 3:05,July,5.7,5.64
7/17/2024 3:10,July,5.71,5.65
7/17/2024 3:15,July,5.72,5.65
7/17/2024 3:20,July,5.72,5.65
7/17/2024 3:25,July,6.24,6.16
7/17/2024 3:30,July,6.26,6.18
7/17/2024 3:35,July,6.25,6.17
7/17/2024 3:40,July,6.25,6.17
7/17/2024 3:45,July,6.24,6.17
7/17/2024 3:50,July,6.25,6.17
7/17/2024 3:55,July,6.24,6.17
7/17/2024 4:00,July,6.25,6.17
7/17/2024 4:05,July,6.24,6.17
7/17/2024 4:10,July,6.25,6.18
7/17/2024 4:15,July,6.23,6.16
7/17/2024 4:20,July,7.08,6.99
7/17/2024 4:25,July,6.28,6.2
7/17/2024 4:30,July,5.73,5.66
7/17/2024 4:35,July,6.27,6.19
7/17/2024 4:40,July,6.3,6.22
7/17/2024 4:45,July,6.27,6.2
7/17/2024 4:50,July,6.27,6.2
7/17/2024 4:55,July,7.15,7.06
7/17/2024 5:00,July,6.26,6.19
7/17/2024 5:05,July,3.49,3.45
7/17/2024 5:10,July,4.23,4.18
7/17/2024 5:15,July,5.72,5.65
7/17/2024 5:20,July,6.23,6.16
7/17/2024 5:25,July,6.23,6.15
7/17/2024 5:30,July,5.73,5.66
7/17/2024 5:35,July,5.16,5.1
7/17/2024 5:40,July,5.72,5.65
7/17/2024 5:45,July,4.22,4.17
7/17/2024 5:50,July,5.71,5.64
7/17/2024 5:55,July,5.71,5.64
7/17/2024 6:00,July,5.71,5.64
7/17/2024 6:05,July,0,0
7/17/2024 6:10,July,3.62,3.58
7/17/2024 6:15,July,4.2,4.16
7/17/2024 6:20,July,4.2,4.15
7/17/2024 6:25,July,4.19,4.15
7/17/2024 6:30,July,4.19,4.15
7/17/2024 6:35,July,4.17,4.13
7/17/2024 6:40,July,4.16,4.12
7/17/2024 6:45,July,4.17,4.13
7/17/2024 6:50,July,4.16,4.12
7/17/2024 6:55,July,4.15,4.11
7/17/2024 7:00,July,6.16,6.11
7/17/2024 7:05,July,3.25,3.22
7/17/2024 7:10,July,4.62,4.58
7/17/2024 7:15,July,6.14,6.1
7/17/2024 7:20,July,5.6,5.56
7/17/2024 7:25,July,4.14,4.12
7/17/2024 7:30,July,4.14,4.11
7/17/2024 7:35,July,4.14,4.12
7/17/2024 7:40,July,4.15,4.12
7/17/2024 7:45,July,7.2,7.16
7/17/2024 7:50,July,6.14,6.11
7/17/2024 7:55,July,6.14,6.11
7/17/2024 8:00,July,6.14,6.11
7/17/2024 8:05,July,0,0
7/17/2024 8:10,July,4.13,4.11
7/17/2024 8:15,July,4.62,4.6
7/17/2024 8:20,July,7.07,7.04
7/17/2024 8:25,July,7.11,7.09
7/17/2024 8:30,July,6.2,6.18
7/17/2024 8:35,July,7.13,7.11
7/17/2024 8:40,July,7.17,7.15
7/17/2024 8:45,July,6.21,6.2
7/17/2024 8:50,July,6.21,6.19
7/17/2024 8:55,July,5.62,5.6
7/17/2024 9:00,July,7.05,7.04
7/17/2024 9:05,July,0,0
7/17/2024 9:10,July,3.47,3.47
7/17/2024 9:15,July,4.14,4.13
7/17/2024 9:20,July,5.59,5.58
7/17/2024 9:25,July,6.16,6.14
7/17/2024 9:30,July,6.17,6.16
7/17/2024 9:35,July,6.17,6.16
7/17/2024 9:40,July,7.06,7.04
7/17/2024 9:45,July,7.06,7.04
7/17/2024 9:50,July,7.05,7.04
7/17/2024 9:55,July,7.06,7.05
7/17/2024 10:00,July,7.15,7.15
7/17/2024 10:05,July,0,0
7/17/2024 10:10,July,3.47,3.46
7/17/2024 10:15,July,5.35,5.35
7/17/2024 10:20,July,5.59,5.59
7/17/2024 10:25,July,6.16,6.16
7/17/2024 10:30,July,7.28,7.27
7/17/2024 10:35,July,7.24,7.24
7/17/2024 10:40,July,7.19,7.18
7/17/2024 10:45,July,7.19,7.18
7/17/2024 10:50,July,7.22,7.22
7/17/2024 10:55,July,7.12,7.12
7/17/2024 11:00,July,7.11,7.11
7/17/2024 11:05,July,12.58,12.6
7/17/2024 11:10,July,13.28,13.29
7/17/2024 11:15,July,13.2,13.21
7/17/2024 11:20,July,9.28,9.29
7/17/2024 11:25,July,9.29,9.29
7/17/2024 11:30,July,7.38,7.39
7/17/2024 11:35,July,31.81,31.85
7/17/2024 11:40,July,24.13,24.17
7/17/2024 11:45,July,7.4,7.4
7/17/2024 11:50,July,7.32,7.31
7/17/2024 11:55,July,7.25,7.25
7/17/2024 12:00,July,7.08,7.08
7/17/2024 12:05,July,5.36,5.36
7/17/2024 12:10,July,5.35,5.36
7/17/2024 12:15,July,7.4,7.4
7/17/2024 12:20,July,7.36,7.35
7/17/2024 12:25,July,7.44,7.44
7/17/2024 12:30,July,9.46,9.45
7/17/2024 12:35,July,9.34,9.33
7/17/2024 12:40,July,9.34,9.33
7/17/2024 12:45,July,8.79,8.78
7/17/2024 12:50,July,9.47,9.45
7/17/2024 12:55,July,9.39,9.37
7/17/2024 13:00,July,12.31,12.28
7/17/2024 13:05,July,9.38,9.36
7/17/2024 13:10,July,11.92,11.88
7/17/2024 13:15,July,9.51,9.48
7/17/2024 13:20,July,9.5,9.47
7/17/2024 13:25,July,9.4,9.37
7/17/2024 13:30,July,13.17,13.12
7/17/2024 13:35,July,18.03,17.95
7/17/2024 13:40,July,13.22,13.16
7/17/2024 13:45,July,15.71,15.64
7/17/2024 13:50,July,15.7,15.63
7/17/2024 13:55,July,15.72,15.65
7/17/2024 14:00,July,15.28,15.2
7/17/2024 14:05,July,26.74,26.61
7/17/2024 14:10,July,17.96,17.88
7/17/2024 14:15,July,16.11,16.04
7/17/2024 14:20,July,16.33,16.25
7/17/2024 14:25,July,13.72,13.66
7/17/2024 14:30,July,13.76,13.68
7/17/2024 14:35,July,13.77,13.69
7/17/2024 14:40,July,13.22,13.14
7/17/2024 14:45,July,15.76,15.66
7/17/2024 14:50,July,13.25,13.17
7/17/2024 14:55,July,13.66,13.57
7/17/2024 15:00,July,12.41,12.33
7/17/2024 15:05,July,14.64,14.55
7/17/2024 15:10,July,13.67,13.58
7/17/2024 15:15,July,13.28,13.2
7/17/2024 15:20,July,13.68,13.6
7/17/2024 15:25,July,12.66,12.59
7/17/2024 15:30,July,12.45,12.38
7/17/2024 15:35,July,12.46,12.39
7/17/2024 15:40,July,12.63,12.56
7/17/2024 15:45,July,12.25,12.18
7/17/2024 15:50,July,11.35,11.29
7/17/2024 15:55,July,11.69,11.63
7/17/2024 16:00,July,9.52,9.47
7/17/2024 16:05,July,11.08,11.02
7/17/2024 16:10,July,10.96,10.89
7/17/2024 16:15,July,11.35,11.28
7/17/2024 16:20,July,9.52,9.46
7/17/2024 16:25,July,10.95,10.88
7/17/2024 16:30,July,10.38,10.32
7/17/2024 16:35,July,9.52,9.46
7/17/2024 16:40,July,9.51,9.45
7/17/2024 16:45,July,9.47,9.42
7/17/2024 16:50,July,9.46,9.42
7/17/2024 16:55,July,7.45,7.41
7/17/2024 17:00,July,7.38,7.34
7/17/2024 17:05,July,7.36,7.32
7/17/2024 17:10,July,7.26,7.21
7/17/2024 17:15,July,6.24,6.21
7/17/2024 17:20,July,6.31,6.27
7/17/2024 17:25,July,7.22,7.18
7/17/2024 17:30,July,7.25,7.2
7/17/2024 17:35,July,7.32,7.27
7/17/2024 17:40,July,8.93,8.88
7/17/2024 17:45,July,13.39,13.31
7/17/2024 17:50,July,12.33,12.24
7/17/2024 17:55,July,9.52,9.45
7/17/2024 18:00,July,9.49,9.41
7/17/2024 18:05,July,9.54,9.46
7/17/2024 18:10,July,12.3,12.19
7/17/2024 18:15,July,13.35,13.24
7/17/2024 18:20,July,16.33,16.18
7/17/2024 18:25,July,21.33,21.14
7/17/2024 18:30,July,21.36,21.17
7/17/2024 18:35,July,21.35,21.16
7/17/2024 18:40,July,25.26,25.04
7/17/2024 18:45,July,22.28,22.09
7/17/2024 18:50,July,21.36,21.17
7/17/2024 18:55,July,21.35,21.16
7/17/2024 19:00,July,21.27,21.08
7/17/2024 19:05,July,13.3,13.19
7/17/2024 19:10,July,13.3,13.19
7/17/2024 19:15,July,13.32,13.2
7/17/2024 19:20,July,13.31,13.19
7/17/2024 19:25,July,9.55,9.47
7/17/2024 19:30,July,10.95,10.85
7/17/2024 19:35,July,12.41,12.29
7/17/2024 19:40,July,13.32,13.21
7/17/2024 19:45,July,12.41,12.3
7/17/2024 19:50,July,12.4,12.29
7/17/2024 19:55,July,11.4,11.29
7/17/2024 20:00,July,10.94,10.84
7/17/2024 20:05,July,16.43,16.28
7/17/2024 20:10,July,15.96,15.82
7/17/2024 20:15,July,15.99,15.85
7/17/2024 20:20,July,16.09,15.95
7/17/2024 20:25,July,13.74,13.62
7/17/2024 20:30,July,13.29,13.18
7/17/2024 20:35,July,13.29,13.17
7/17/2024 20:40,July,13.72,13.61
7/17/2024 20:45,July,26.39,26.14
7/17/2024 20:50,July,25.23,24.98
7/17/2024 20:55,July,17.84,17.67
7/17/2024 21:00,July,16.04,15.88
7/17/2024 21:05,July,28.28,28
7/17/2024 21:10,July,28.16,27.87
7/17/2024 21:15,July,26.35,26.08
7/17/2024 21:20,July,18.79,18.6
7/17/2024 21:25,July,18.76,18.57
7/17/2024 21:30,July,18.69,18.5
7/17/2024 21:35,July,18.7,18.5
7/17/2024 21:40,July,18.63,18.44
7/17/2024 21:45,July,17.23,17.06
7/17/2024 21:50,July,14.06,13.92
7/17/2024 21:55,July,13.54,13.4
7/17/2024 22:00,July,13.25,13.1
7/17/2024 22:05,July,18.76,18.55
7/17/2024 22:10,July,18.66,18.45
7/17/2024 22:15,July,16.61,16.42
7/17/2024 22:20,July,17.63,17.44
7/17/2024 22:25,July,16.08,15.92
7/17/2024 22:30,July,15.85,15.69
7/17/2024 22:35,July,13.58,13.45
7/17/2024 22:40,July,13.56,13.43
7/17/2024 22:45,July,12.34,12.22
7/17/2024 22:50,July,12.31,12.2
7/17/2024 22:55,July,13.54,13.42
7/17/2024 23:00,July,12.35,12.25
7/17/2024 23:05,July,18.76,18.62
7/17/2024 23:10,July,13.53,13.44
7/17/2024 23:15,July,15.56,15.45
7/17/2024 23:20,July,13.55,13.46
7/17/2024 23:25,July,13.54,13.45
7/17/2024 23:30,July,7.23,7.18
7/17/2024 23:35,July,7.19,7.14
7/17/2024 23:40,July,7.21,7.16
7/17/2024 23:45,July,7,6.95
7/17/2024 23:50,July,6.97,6.92
7/17/2024 23:55,July,6.95,6.9
7/18/2024 0:00,July,6.72,6.67
7/18/2024 0:05,July,7.12,7.07
7/18/2024 0:10,July,7.12,7.07
7/18/2024 0:15,July,7.11,7.05
7/18/2024 0:20,July,7.11,7.06
7/18/2024 0:25,July,7.1,7.05
7/18/2024 0:30,July,6.83,6.78
7/18/2024 0:35,July,6.85,6.8
7/18/2024 0:40,July,7.07,7.01
7/18/2024 0:45,July,6.77,6.72
7/18/2024 0:50,July,6.1,6.05
7/18/2024 0:55,July,6.38,6.33
7/18/2024 1:00,July,5.61,5.57
7/18/2024 1:05,July,6.85,6.8
7/18/2024 1:10,July,6.75,6.7
7/18/2024 1:15,July,6.11,6.07
7/18/2024 1:20,July,5.62,5.58
7/18/2024 1:25,July,5.65,5.61
7/18/2024 1:30,July,5.64,5.6
7/18/2024 1:35,July,5.64,5.6
7/18/2024 1:40,July,5.64,5.6
7/18/2024 1:45,July,5.64,5.6
7/18/2024 1:50,July,5.61,5.57
7/18/2024 1:55,July,5.63,5.59
7/18/2024 2:00,July,5.62,5.58
7/18/2024 2:05,July,7.12,7.08
7/18/2024 2:10,July,6.83,6.79
7/18/2024 2:15,July,6.11,6.07
7/18/2024 2:20,July,6.11,6.07
7/18/2024 2:25,July,5.62,5.58
7/18/2024 2:30,July,6.11,6.07
7/18/2024 2:35,July,6.1,6.06
7/18/2024 2:40,July,5.61,5.58
7/18/2024 2:45,July,6.11,6.07
7/18/2024 2:50,July,5.61,5.58
7/18/2024 2:55,July,5.6,5.57
7/18/2024 3:00,July,5.59,5.56
7/18/2024 3:05,July,5.59,5.55
7/18/2024 3:10,July,6.09,6.05
7/18/2024 3:15,July,5.59,5.55
7/18/2024 3:20,July,5.58,5.54
7/18/2024 3:25,July,6.09,6.04
7/18/2024 3:30,July,5.59,5.55
7/18/2024 3:35,July,3.27,3.25
7/18/2024 3:40,July,5.08,5.04
7/18/2024 3:45,July,5.15,5.11
7/18/2024 3:50,July,5.58,5.53
7/18/2024 3:55,July,5.57,5.52
7/18/2024 4:00,July,5.58,5.54
7/18/2024 4:05,July,5.57,5.53
7/18/2024 4:10,July,5.58,5.53
7/18/2024 4:15,July,5.58,5.54
7/18/2024 4:20,July,5.58,5.54
7/18/2024 4:25,July,5.59,5.54
7/18/2024 4:30,July,5.09,5.05
7/18/2024 4:35,July,5.57,5.52
7/18/2024 4:40,July,5.57,5.53
7/18/2024 4:45,July,5.57,5.53
7/18/2024 4:50,July,5.58,5.53
7/18/2024 4:55,July,5.58,5.54
7/18/2024 5:00,July,5.58,5.53
7/18/2024 5:05,July,0,0
7/18/2024 5:10,July,3.23,3.21
7/18/2024 5:15,July,3.97,3.94
7/18/2024 5:20,July,5.15,5.11
7/18/2024 5:25,July,5.08,5.04
7/18/2024 5:30,July,3.48,3.45
7/18/2024 5:35,July,5.06,5.02
7/18/2024 5:40,July,5.06,5.02
7/18/2024 5:45,July,5.06,5.02
7/18/2024 5:50,July,5.08,5.04
7/18/2024 5:55,July,5.08,5.04
7/18/2024 6:00,July,5.58,5.55
7/18/2024 6:05,July,0,0
7/18/2024 6:10,July,3.29,3.27
7/18/2024 6:15,July,3.56,3.54
7/18/2024 6:20,July,4.64,4.62
7/18/2024 6:25,July,4.36,4.33
7/18/2024 6:30,July,5.06,5.03
7/18/2024 6:35,July,5.06,5.03
7/18/2024 6:40,July,5.08,5.05
7/18/2024 6:45,July,5.06,5.04
7/18/2024 6:50,July,5.06,5.04
7/18/2024 6:55,July,5.57,5.54
7/18/2024 7:00,July,5.56,5.54
7/18/2024 7:05,July,0,0
7/18/2024 7:10,July,3.48,3.46
7/18/2024 7:15,July,6.84,6.81
7/18/2024 7:20,July,6.23,6.21
7/18/2024 7:25,July,4.16,4.14
7/18/2024 7:30,July,4.27,4.25
7/18/2024 7:35,July,5.54,5.53
7/18/2024 7:40,July,6.85,6.83
7/18/2024 7:45,July,5.54,5.53
7/18/2024 7:50,July,6.92,6.9
7/18/2024 7:55,July,7.11,7.09
7/18/2024 8:00,July,7.1,7.08
7/18/2024 8:05,July,2.88,2.88
7/18/2024 8:10,July,6.77,6.76
7/18/2024 8:15,July,7.07,7.06
7/18/2024 8:20,July,7.09,7.08
7/18/2024 8:25,July,6.81,6.8
7/18/2024 8:30,July,6.78,6.77
7/18/2024 8:35,July,6.22,6.21
7/18/2024 8:40,July,6.22,6.21
7/18/2024 8:45,July,6.25,6.24
7/18/2024 8:50,July,6.65,6.64
7/18/2024 8:55,July,30.01,30.01
7/18/2024 9:00,July,27.9,27.89
7/18/2024 9:05,July,6.28,6.26
7/18/2024 9:10,July,5.15,5.13
7/18/2024 9:15,July,6.28,6.26
7/18/2024 9:20,July,6.8,6.78
7/18/2024 9:25,July,13.09,13.06
7/18/2024 9:30,July,15.54,15.5
7/18/2024 9:35,July,15.57,15.52
7/18/2024 9:40,July,15.94,15.89
7/18/2024 9:45,July,26.64,26.6
7/18/2024 9:50,July,12.43,12.42
7/18/2024 9:55,July,12.37,12.36
7/18/2024 10:00,July,12.4,12.39
7/18/2024 10:05,July,2.88,2.88
7/18/2024 10:10,July,6.22,6.21
7/18/2024 10:15,July,6.22,6.21
7/18/2024 10:20,July,6.21,6.2
7/18/2024 10:25,July,6.21,6.2
7/18/2024 10:30,July,8.94,8.92
7/18/2024 10:35,July,9.12,9.11
7/18/2024 10:40,July,9.2,9.19
7/18/2024 10:45,July,9.26,9.25
7/18/2024 10:50,July,9.26,9.26
7/18/2024 10:55,July,9.46,9.45
7/18/2024 11:00,July,9.23,9.23
7/18/2024 11:05,July,10.21,10.19
7/18/2024 11:10,July,9.49,9.47
7/18/2024 11:15,July,9.73,9.71
7/18/2024 11:20,July,9.43,9.42
7/18/2024 11:25,July,9.47,9.45
7/18/2024 11:30,July,9.49,9.47
7/18/2024 11:35,July,9.15,9.14
7/18/2024 11:40,July,9.06,9.05
7/18/2024 11:45,July,8.91,8.9
7/18/2024 11:50,July,8.93,8.93
7/18/2024 11:55,July,9,9
7/18/2024 12:00,July,5.85,5.85
7/18/2024 12:05,July,3.29,3.29
7/18/2024 12:10,July,3.41,3.41
7/18/2024 12:15,July,5.87,5.87
7/18/2024 12:20,July,5.14,5.14
7/18/2024 12:25,July,5.85,5.85
7/18/2024 12:30,July,3.48,3.48
7/18/2024 12:35,July,5.8,5.8
7/18/2024 12:40,July,5.84,5.83
7/18/2024 12:45,July,5.86,5.84
7/18/2024 12:50,July,5.84,5.83
7/18/2024 12:55,July,5.86,5.85
7/18/2024 13:00,July,5.86,5.86
7/18/2024 13:05,July,9.04,9.02
7/18/2024 13:10,July,9.48,9.45
7/18/2024 13:15,July,9.49,9.46
7/18/2024 13:20,July,9.49,9.46
7/18/2024 13:25,July,10.17,10.15
7/18/2024 13:30,July,12.13,12.1
7/18/2024 13:35,July,15.39,15.34
7/18/2024 13:40,July,13.42,13.38
7/18/2024 13:45,July,10.19,10.16
7/18/2024 13:50,July,10.85,10.81
7/18/2024 13:55,July,10.87,10.82
7/18/2024 14:00,July,9.01,8.96
7/18/2024 14:05,July,9.09,9.05
7/18/2024 14:10,July,9.03,8.99
7/18/2024 14:15,July,8.91,8.87
7/18/2024 14:20,July,8.89,8.84
7/18/2024 14:25,July,8.98,8.93
7/18/2024 14:30,July,9,8.96
7/18/2024 14:35,July,9.15,9.11
7/18/2024 14:40,July,9.48,9.44
7/18/2024 14:45,July,9.46,9.42
7/18/2024 14:50,July,9.52,9.47
7/18/2024 14:55,July,10.26,10.23
7/18/2024 15:00,July,10.28,10.25
7/18/2024 15:05,July,9.12,9.07
7/18/2024 15:10,July,9.14,9.1
7/18/2024 15:15,July,9.16,9.13
7/18/2024 15:20,July,9.49,9.46
7/18/2024 15:25,July,9.48,9.45
7/18/2024 15:30,July,9.49,9.45
7/18/2024 15:35,July,10.17,10.12
7/18/2024 15:40,July,10.18,10.12
7/18/2024 15:45,July,10.21,10.15
7/18/2024 15:50,July,9.83,9.77
7/18/2024 15:55,July,9.47,9.42
7/18/2024 16:00,July,9.46,9.42
7/18/2024 16:05,July,13.47,13.43
7/18/2024 16:10,July,10.18,10.13
7/18/2024 16:15,July,9.52,9.47
7/18/2024 16:20,July,9.52,9.46
7/18/2024 16:25,July,9.51,9.46
7/18/2024 16:30,July,9.14,9.09
7/18/2024 16:35,July,9.1,9.05
7/18/2024 16:40,July,9.08,9.03
7/18/2024 16:45,July,9.11,9.06
7/18/2024 16:50,July,9.14,9.1
7/18/2024 16:55,July,8.92,8.88
7/18/2024 17:00,July,3.48,3.46
7/18/2024 17:05,July,3.28,3.26
7/18/2024 17:10,July,3.28,3.26
7/18/2024 17:15,July,8.13,8.08
7/18/2024 17:20,July,5.91,5.86
7/18/2024 17:25,July,8.16,8.11
7/18/2024 17:30,July,8.15,8.1
7/18/2024 17:35,July,8.24,8.19
7/18/2024 17:40,July,8.25,8.21
7/18/2024 17:45,July,8.31,8.26
7/18/2024 17:50,July,7.78,7.71
7/18/2024 17:55,July,5.9,5.85
7/18/2024 18:00,July,5.97,5.92
7/18/2024 18:05,July,5.96,5.92
7/18/2024 18:10,July,7.36,7.32
7/18/2024 18:15,July,8.99,8.95
7/18/2024 18:20,July,8.99,8.94
7/18/2024 18:25,July,9.5,9.45
7/18/2024 18:30,July,9.88,9.82
7/18/2024 18:35,July,26.58,26.43
7/18/2024 18:40,July,28.34,28.2
7/18/2024 18:45,July,9.52,9.46
7/18/2024 18:50,July,9.56,9.51
7/18/2024 18:55,July,9.52,9.46
7/18/2024 19:00,July,9.51,9.46
7/18/2024 19:05,July,13.96,13.89
7/18/2024 19:10,July,10.87,10.8
7/18/2024 19:15,July,12.3,12.22
7/18/2024 19:20,July,15.18,15.08
7/18/2024 19:25,July,10.86,10.79
7/18/2024 19:30,July,12.3,12.22
7/18/2024 19:35,July,12.31,12.24
7/18/2024 19:40,July,10.87,10.8
7/18/2024 19:45,July,9.57,9.51
7/18/2024 19:50,July,9.58,9.51
7/18/2024 19:55,July,9.57,9.51
7/18/2024 20:00,July,9.58,9.51
7/18/2024 20:05,July,31.78,31.55
7/18/2024 20:10,July,30.33,30.12
7/18/2024 20:15,July,29.82,29.61
7/18/2024 20:20,July,30.22,30.01
7/18/2024 20:25,July,18.71,18.59
7/18/2024 20:30,July,18.76,18.64
7/18/2024 20:35,July,12.47,12.38
7/18/2024 20:40,July,15.42,15.32
7/18/2024 20:45,July,13.65,13.56
7/18/2024 20:50,July,13.18,13.09
7/18/2024 20:55,July,12.46,12.38
7/18/2024 21:00,July,11.4,11.32
7/18/2024 21:05,July,32.81,32.56
7/18/2024 21:10,July,31.29,31.04
7/18/2024 21:15,July,29.7,29.48
7/18/2024 21:20,July,29.67,29.46
7/18/2024 21:25,July,29.63,29.42
7/18/2024 21:30,July,18.85,18.71
7/18/2024 21:35,July,18.7,18.57
7/18/2024 21:40,July,13.59,13.5
7/18/2024 21:45,July,12.41,12.32
7/18/2024 21:50,July,10.79,10.7
7/18/2024 21:55,July,11.34,11.25
7/18/2024 22:00,July,10.77,10.68
7/18/2024 22:05,July,24.66,24.46
7/18/2024 22:10,July,15.53,15.41
7/18/2024 22:15,July,12.28,12.18
7/18/2024 22:20,July,10.76,10.68
7/18/2024 22:25,July,9.54,9.47
7/18/2024 22:30,July,7.29,7.23
7/18/2024 22:35,July,9.52,9.45
7/18/2024 22:40,July,9.53,9.46
7/18/2024 22:45,July,9.51,9.45
7/18/2024 22:50,July,9.5,9.44
7/18/2024 22:55,July,7.32,7.28
7/18/2024 23:00,July,7.29,7.25
7/18/2024 23:05,July,7.29,7.24
7/18/2024 23:10,July,7.26,7.21
7/18/2024 23:15,July,6.41,6.37
7/18/2024 23:20,July,7.25,7.2
7/18/2024 23:25,July,5.76,5.72
7/18/2024 23:30,July,5.77,5.73
7/18/2024 23:35,July,5.75,5.72
7/18/2024 23:40,July,5.77,5.73
7/18/2024 23:45,July,5.75,5.72
7/18/2024 23:50,July,5.14,5.1
7/18/2024 23:55,July,5.73,5.7
7/19/2024 0:00,July,4.62,4.59
7/19/2024 0:05,July,5.91,5.87
7/19/2024 0:10,July,5.91,5.87
7/19/2024 0:15,July,5.9,5.87
7/19/2024 0:20,July,5.81,5.78
7/19/2024 0:25,July,5.87,5.84
7/19/2024 0:30,July,6.55,6.52
7/19/2024 0:35,July,5.92,5.88
7/19/2024 0:40,July,5.92,5.88
7/19/2024 0:45,July,5.86,5.82
7/19/2024 0:50,July,5.93,5.89
7/19/2024 0:55,July,5.96,5.93
7/19/2024 1:00,July,5.98,5.94
7/19/2024 1:05,July,6.55,6.51
7/19/2024 1:10,July,5.97,5.93
7/19/2024 1:15,July,6.56,6.52
7/19/2024 1:20,July,6.55,6.51
7/19/2024 1:25,July,6.55,6.51
7/19/2024 1:30,July,6.56,6.52
7/19/2024 1:35,July,6.54,6.5
7/19/2024 1:40,July,6,5.96
7/19/2024 1:45,July,5.98,5.94
7/19/2024 1:50,July,5.96,5.92
7/19/2024 1:55,July,5.96,5.92
7/19/2024 2:00,July,5.93,5.89
7/19/2024 2:05,July,6.91,6.87
7/19/2024 2:10,July,6.89,6.84
7/19/2024 2:15,July,6.08,6.04
7/19/2024 2:20,July,6.08,6.03
7/19/2024 2:25,July,6.01,5.96
7/19/2024 2:30,July,6.01,5.96
7/19/2024 2:35,July,5.99,5.95
7/19/2024 2:40,July,5.98,5.93
7/19/2024 2:45,July,5.98,5.93
7/19/2024 2:50,July,5.83,5.78
7/19/2024 2:55,July,5.97,5.92
7/19/2024 3:00,July,5.83,5.79
7/19/2024 3:05,July,6.88,6.82
7/19/2024 3:10,July,6.88,6.82
7/19/2024 3:15,July,6.87,6.81
7/19/2024 3:20,July,6.87,6.81
7/19/2024 3:25,July,6.88,6.81
7/19/2024 3:30,July,6.87,6.81
7/19/2024 3:35,July,6.04,5.98
7/19/2024 3:40,July,6.03,5.97
7/19/2024 3:45,July,6.02,5.97
7/19/2024 3:50,July,6.02,5.97
7/19/2024 3:55,July,6.02,5.96
7/19/2024 4:00,July,5.98,5.93
7/19/2024 4:05,July,5.98,5.92
7/19/2024 4:10,July,5.98,5.92
7/19/2024 4:15,July,6.01,5.95
7/19/2024 4:20,July,5.98,5.92
7/19/2024 4:25,July,5.98,5.93
7/19/2024 4:30,July,6.88,6.82
7/19/2024 4:35,July,5.99,5.94
7/19/2024 4:40,July,6.88,6.82
7/19/2024 4:45,July,6.01,5.96
7/19/2024 4:50,July,5.98,5.92
7/19/2024 4:55,July,6.88,6.82
7/19/2024 5:00,July,5.98,5.93
7/19/2024 5:05,July,2.94,2.91
7/19/2024 5:10,July,5.82,5.77
7/19/2024 5:15,July,5.96,5.91
7/19/2024 5:20,July,5.97,5.92
7/19/2024 5:25,July,5.99,5.94
7/19/2024 5:30,July,5.96,5.91
7/19/2024 5:35,July,5.95,5.9
7/19/2024 5:40,July,5.94,5.89
7/19/2024 5:45,July,5.96,5.91
7/19/2024 5:50,July,5.95,5.9
7/19/2024 5:55,July,5.94,5.9
7/19/2024 6:00,July,5.94,5.89
7/19/2024 6:05,July,5.96,5.91
7/19/2024 6:10,July,5.94,5.89
7/19/2024 6:15,July,5.92,5.88
7/19/2024 6:20,July,5.91,5.87
7/19/2024 6:25,July,5.9,5.87
7/19/2024 6:30,July,5.9,5.87
7/19/2024 6:35,July,5.86,5.83
7/19/2024 6:40,July,4.16,4.14
7/19/2024 6:45,July,5.89,5.86
7/19/2024 6:50,July,5.86,5.83
7/19/2024 6:55,July,5.86,5.83
7/19/2024 7:00,July,5.89,5.86
7/19/2024 7:05,July,5.86,5.84
7/19/2024 7:10,July,5.86,5.84
7/19/2024 7:15,July,5.88,5.86
7/19/2024 7:20,July,5.88,5.85
7/19/2024 7:25,July,12.18,12.12
7/19/2024 7:30,July,5.89,5.86
7/19/2024 7:35,July,5.87,5.85
7/19/2024 7:40,July,5.86,5.83
7/19/2024 7:45,July,5.87,5.84
7/19/2024 7:50,July,24.59,24.51
7/19/2024 7:55,July,15.42,15.38
7/19/2024 8:00,July,30.03,29.95
7/19/2024 8:05,July,5.92,5.91
7/19/2024 8:10,July,29.51,29.44
7/19/2024 8:15,July,29.5,29.44
7/19/2024 8:20,July,15.37,15.34
7/19/2024 8:25,July,31.02,30.98
7/19/2024 8:30,July,29.99,29.96
7/19/2024 8:35,July,28.78,28.75
7/19/2024 8:40,July,31.58,31.52
7/19/2024 8:45,July,31.62,31.55
7/19/2024 8:50,July,31.43,31.35
7/19/2024 8:55,July,31.42,31.35
7/19/2024 9:00,July,31.41,31.34
7/19/2024 9:05,July,3.45,3.44
7/19/2024 9:10,July,5.86,5.85
7/19/2024 9:15,July,16.59,16.55
7/19/2024 9:20,July,29.52,29.45
7/19/2024 9:25,July,29.46,29.43
7/19/2024 9:30,July,29.78,29.75
7/19/2024 9:35,July,5.87,5.88
7/19/2024 9:40,July,24.37,24.4
7/19/2024 9:45,July,28.35,28.39
7/19/2024 9:50,July,29.54,29.58
7/19/2024 9:55,July,28.41,28.44
7/19/2024 10:00,July,5.84,5.84
7/19/2024 10:05,July,2.56,2.56
7/19/2024 10:10,July,5.22,5.22
7/19/2024 10:15,July,5.85,5.85
7/19/2024 10:20,July,5.84,5.84
7/19/2024 10:25,July,5.85,5.85
7/19/2024 10:30,July,5.84,5.84
7/19/2024 10:35,July,5.84,5.84
7/19/2024 10:40,July,5.85,5.85
7/19/2024 10:45,July,5.85,5.85
7/19/2024 10:50,July,5.85,5.85
7/19/2024 10:55,July,5.85,5.85
7/19/2024 11:00,July,5.85,5.85
7/19/2024 11:05,July,5.85,5.85
7/19/2024 11:10,July,5.85,5.85
7/19/2024 11:15,July,5.86,5.86
7/19/2024 11:20,July,5.87,5.87
7/19/2024 11:25,July,5.86,5.86
7/19/2024 11:30,July,5.86,5.86
7/19/2024 11:35,July,5.87,5.87
7/19/2024 11:40,July,5.86,5.86
7/19/2024 11:45,July,5.87,5.87
7/19/2024 11:50,July,5.87,5.87
7/19/2024 11:55,July,6.36,6.36
7/19/2024 12:00,July,5.86,5.86
7/19/2024 12:05,July,5.84,5.84
7/19/2024 12:10,July,5.84,5.84
7/19/2024 12:15,July,5.84,5.84
7/19/2024 12:20,July,4.9,4.9
7/19/2024 12:25,July,5.47,5.47
7/19/2024 12:30,July,3.4,3.4
7/19/2024 12:35,July,5.21,5.21
7/19/2024 12:40,July,5.87,5.87
7/19/2024 12:45,July,5.49,5.49
7/19/2024 12:50,July,6.35,6.35
7/19/2024 12:55,July,5.87,5.87
7/19/2024 13:00,July,6.36,6.36
7/19/2024 13:05,July,6.35,6.35
7/19/2024 13:10,July,6.36,6.36
7/19/2024 13:15,July,6.36,6.36
7/19/2024 13:20,July,6.36,6.36
7/19/2024 13:25,July,6.36,6.36
7/19/2024 13:30,July,6.35,6.35
7/19/2024 13:35,July,6.36,6.36
7/19/2024 13:40,July,6.36,6.36
7/19/2024 13:45,July,6.36,6.36
7/19/2024 13:50,July,6.36,6.36
7/19/2024 13:55,July,6.36,6.36
7/19/2024 14:00,July,6.36,6.36
7/19/2024 14:05,July,6.36,6.36
7/19/2024 14:10,July,6.36,6.36
7/19/2024 14:15,July,31.3,31.27
7/19/2024 14:20,July,31.11,31.06
7/19/2024 14:25,July,5.9,5.9
7/19/2024 14:30,July,6.36,6.36
7/19/2024 14:35,July,6.36,6.36
7/19/2024 14:40,July,6.36,6.36
7/19/2024 14:45,July,6.36,6.36
7/19/2024 14:50,July,6.36,6.36
7/19/2024 14:55,July,5.89,5.89
7/19/2024 15:00,July,5.86,5.86
7/19/2024 15:05,July,5.87,5.87
7/19/2024 15:10,July,5.86,5.86
7/19/2024 15:15,July,5.87,5.87
7/19/2024 15:20,July,5.87,5.87
7/19/2024 15:25,July,31.88,31.71
7/19/2024 15:30,July,31.79,31.62
7/19/2024 15:35,July,5.87,5.87
7/19/2024 15:40,July,5.89,5.89
7/19/2024 15:45,July,6.36,6.36
7/19/2024 15:50,July,6.35,6.35
7/19/2024 15:55,July,5.89,5.89
7/19/2024 16:00,July,5.89,5.89
7/19/2024 16:05,July,5.85,5.85
7/19/2024 16:10,July,5.85,5.85
7/19/2024 16:15,July,32.03,31.9
7/19/2024 16:20,July,32.38,32.26
7/19/2024 16:25,July,32.2,32.08
7/19/2024 16:30,July,5.85,5.85
7/19/2024 16:35,July,5.85,5.85
7/19/2024 16:40,July,5.85,5.85
7/19/2024 16:45,July,5.85,5.85
7/19/2024 16:50,July,5.85,5.85
7/19/2024 16:55,July,5.85,5.85
7/19/2024 17:00,July,5.84,5.84
7/19/2024 17:05,July,5.84,5.84
7/19/2024 17:10,July,5.81,5.81
7/19/2024 17:15,July,5.84,5.84
7/19/2024 17:20,July,5.84,5.84
7/19/2024 17:25,July,5.84,5.84
7/19/2024 17:30,July,5.84,5.84
7/19/2024 17:35,July,5.84,5.84
7/19/2024 17:40,July,5.84,5.84
7/19/2024 17:45,July,5.84,5.84
7/19/2024 17:50,July,5.84,5.84
7/19/2024 17:55,July,5.83,5.83
7/19/2024 18:00,July,5.83,5.83
7/19/2024 18:05,July,5.83,5.83
7/19/2024 18:10,July,5.83,5.83
7/19/2024 18:15,July,5.83,5.83
7/19/2024 18:20,July,5.83,5.83
7/19/2024 18:25,July,5.83,5.83
7/19/2024 18:30,July,5.85,5.85
7/19/2024 18:35,July,5.84,5.84
7/19/2024 18:40,July,6.36,6.36
7/19/2024 18:45,July,5.85,5.85
7/19/2024 18:50,July,5.84,5.84
7/19/2024 18:55,July,32.19,32.02
7/19/2024 19:00,July,32.09,31.92
7/19/2024 19:05,July,5.8,5.8
7/19/2024 19:10,July,5.84,5.84
7/19/2024 19:15,July,5.87,5.87
7/19/2024 19:20,July,5.86,5.86
7/19/2024 19:25,July,5.86,5.86
7/19/2024 19:30,July,31.77,31.59
7/19/2024 19:35,July,31.7,31.51
7/19/2024 19:40,July,5.86,5.86
7/19/2024 19:45,July,5.85,5.85
7/19/2024 19:50,July,5.85,5.85
7/19/2024 19:55,July,6.36,6.36
7/19/2024 20:00,July,31.51,31.3
7/19/2024 20:05,July,33.01,32.78
7/19/2024 20:10,July,32.05,31.82
7/19/2024 20:15,July,31.86,31.59
7/19/2024 20:20,July,31.96,31.69
7/19/2024 20:25,July,31.98,31.7
7/19/2024 20:30,July,31.97,31.7
7/19/2024 20:35,July,31.92,31.64
7/19/2024 20:40,July,32.02,31.74
7/19/2024 20:45,July,5.9,5.9
7/19/2024 20:50,July,5.88,5.88
7/19/2024 20:55,July,5.9,5.9
7/19/2024 21:00,July,31.21,30.92
7/19/2024 21:05,July,33.02,32.72
7/19/2024 21:10,July,29.99,29.99
7/19/2024 21:15,July,18.88,18.72
7/19/2024 21:20,July,30.42,30.16
7/19/2024 21:25,July,30.55,30.27
7/19/2024 21:30,July,31.15,30.87
7/19/2024 21:35,July,31.12,30.85
7/19/2024 21:40,July,30.54,30.28
7/19/2024 21:45,July,30.42,30.16
7/19/2024 21:50,July,31.18,30.92
7/19/2024 21:55,July,30.41,30.16
7/19/2024 22:00,July,5.86,5.86
7/19/2024 22:05,July,5.86,5.86
7/19/2024 22:10,July,5.85,5.85
7/19/2024 22:15,July,5.86,5.86
7/19/2024 22:20,July,5.86,5.86
7/19/2024 22:25,July,5.86,5.86
7/19/2024 22:30,July,31.13,30.93
7/19/2024 22:35,July,30.16,29.99
7/19/2024 22:40,July,5.86,5.86
7/19/2024 22:45,July,5.86,5.86
7/19/2024 22:50,July,5.86,5.86
7/19/2024 22:55,July,5.86,5.86
7/19/2024 23:00,July,5.86,5.86
7/19/2024 23:05,July,5.87,5.87
7/19/2024 23:10,July,5.86,5.86
7/19/2024 23:15,July,5.86,5.86
7/19/2024 23:20,July,5.86,5.86
7/19/2024 23:25,July,5.86,5.86
7/19/2024 23:30,July,5.86,5.86
7/19/2024 23:35,July,5.86,5.86
7/19/2024 23:40,July,5.86,5.86
7/19/2024 23:45,July,5.86,5.86
7/19/2024 23:50,July,5.64,5.64
7/19/2024 23:55,July,5.63,5.63
7/20/2024 0:00,July,5.86,5.86
7/20/2024 0:05,July,5.87,5.87
7/20/2024 0:10,July,5.87,5.87
7/20/2024 0:15,July,5.87,5.87
7/20/2024 0:20,July,5.87,5.87
7/20/2024 0:25,July,5.87,5.87
7/20/2024 0:30,July,5.87,5.87
7/20/2024 0:35,July,5.87,5.87
7/20/2024 0:40,July,5.87,5.87
7/20/2024 0:45,July,5.87,5.87
7/20/2024 0:50,July,5.65,5.65
7/20/2024 0:55,July,5.87,5.87
7/20/2024 1:00,July,5.65,5.65
7/20/2024 1:05,July,5.34,5.34
7/20/2024 1:10,July,5.63,5.63
7/20/2024 1:15,July,5.3,5.3
7/20/2024 1:20,July,5.29,5.29
7/20/2024 1:25,July,29.69,29.52
7/20/2024 1:30,July,30.22,30.04
7/20/2024 1:35,July,5.54,5.54
7/20/2024 1:40,July,4.77,4.77
7/20/2024 1:45,July,4.8,4.8
7/20/2024 1:50,July,4.79,4.79
7/20/2024 1:55,July,4.54,4.54
7/20/2024 2:00,July,4.77,4.77
7/20/2024 2:05,July,5.62,5.62
7/20/2024 2:10,July,5.27,5.27
7/20/2024 2:15,July,5.28,5.28
7/20/2024 2:20,July,5.4,5.4
7/20/2024 2:25,July,5.29,5.29
7/20/2024 2:30,July,5.29,5.29
7/20/2024 2:35,July,5.26,5.26
7/20/2024 2:40,July,5.27,5.27
7/20/2024 2:45,July,5.27,5.27
7/20/2024 2:50,July,5.26,5.26
7/20/2024 2:55,July,5.22,5.22
7/20/2024 3:00,July,5.23,5.23
7/20/2024 3:05,July,5.24,5.24
7/20/2024 3:10,July,5.16,5.16
7/20/2024 3:15,July,5.23,5.23
7/20/2024 3:20,July,5.2,5.2
7/20/2024 3:25,July,5.22,5.22
7/20/2024 3:30,July,4.77,4.77
7/20/2024 3:35,July,5.09,5.09
7/20/2024 3:40,July,5.03,5.03
7/20/2024 3:45,July,4.63,4.63
7/20/2024 3:50,July,4.69,4.69
7/20/2024 3:55,July,4.76,4.76
7/20/2024 4:00,July,4.76,4.76
7/20/2024 4:05,July,4.76,4.76
7/20/2024 4:10,July,4.92,4.92
7/20/2024 4:15,July,4.69,4.69
7/20/2024 4:20,July,4.92,4.92
7/20/2024 4:25,July,4.76,4.76
7/20/2024 4:30,July,4.76,4.76
7/20/2024 4:35,July,4.76,4.76
7/20/2024 4:40,July,4.75,4.75
7/20/2024 4:45,July,4.75,4.75
7/20/2024 4:50,July,4.64,4.64
7/20/2024 4:55,July,4.75,4.75
7/20/2024 5:00,July,4.63,4.63
7/20/2024 5:05,July,2.79,2.79
7/20/2024 5:10,July,3.56,3.56
7/20/2024 5:15,July,4.7,4.7
7/20/2024 5:20,July,4.56,4.56
7/20/2024 5:25,July,4.56,4.56
7/20/2024 5:30,July,4.04,4.01
7/20/2024 5:35,July,5.08,5.04
7/20/2024 5:40,July,4.04,4.01
7/20/2024 5:45,July,4.03,4
7/20/2024 5:50,July,4.65,4.61
7/20/2024 5:55,July,5.06,5.02
7/20/2024 6:00,July,4.03,4
7/20/2024 6:05,July,0,0
7/20/2024 6:10,July,2.54,2.53
7/20/2024 6:15,July,2.92,2.9
7/20/2024 6:20,July,3.08,3.06
7/20/2024 6:25,July,3.48,3.45
7/20/2024 6:30,July,3.48,3.45
7/20/2024 6:35,July,3.48,3.45
7/20/2024 6:40,July,3.63,3.6
7/20/2024 6:45,July,3.9,3.87
7/20/2024 6:50,July,3.63,3.61
7/20/2024 6:55,July,3.63,3.6
7/20/2024 7:00,July,3.79,3.76
7/20/2024 7:05,July,0,0
7/20/2024 7:10,July,2.55,2.54
7/20/2024 7:15,July,3.25,3.23
7/20/2024 7:20,July,3.47,3.45
7/20/2024 7:25,July,3.72,3.7
7/20/2024 7:30,July,3.56,3.54
7/20/2024 7:35,July,3.48,3.46
7/20/2024 7:40,July,3.73,3.71
7/20/2024 7:45,July,3.73,3.71
7/20/2024 7:50,July,5.33,5.31
7/20/2024 7:55,July,5.33,5.3
7/20/2024 8:00,July,5.71,5.69
7/20/2024 8:05,July,0,0
7/20/2024 8:10,July,2.79,2.78
7/20/2024 8:15,July,3.24,3.23
7/20/2024 8:20,July,3.6,3.59
7/20/2024 8:25,July,4.21,4.2
7/20/2024 8:30,July,5.3,5.29
7/20/2024 8:35,July,4.11,4.1
7/20/2024 8:40,July,5.29,5.29
7/20/2024 8:45,July,5.29,5.29
7/20/2024 8:50,July,3.75,3.75
7/20/2024 8:55,July,4.22,4.22
7/20/2024 9:00,July,5.27,5.27
7/20/2024 9:05,July,0,0
7/20/2024 9:10,July,2.87,2.87
7/20/2024 9:15,July,3.47,3.47
7/20/2024 9:20,July,3.39,3.39
7/20/2024 9:25,July,4.08,4.09
7/20/2024 9:30,July,5.93,5.94
7/20/2024 9:35,July,5.65,5.67
7/20/2024 9:40,July,5.26,5.28
7/20/2024 9:45,July,4.11,4.13
7/20/2024 9:50,July,5.25,5.27
7/20/2024 9:55,July,5.65,5.68
7/20/2024 10:00,July,5.64,5.67
7/20/2024 10:05,July,3.54,3.56
7/20/2024 10:10,July,5.26,5.28
7/20/2024 10:15,July,5.65,5.67
7/20/2024 10:20,July,4.61,4.63
7/20/2024 10:25,July,5.64,5.67
7/20/2024 10:30,July,5.64,5.67
7/20/2024 10:35,July,5.27,5.29
7/20/2024 10:40,July,5.27,5.29
7/20/2024 10:45,July,4.26,4.28
7/20/2024 10:50,July,5.25,5.28
7/20/2024 10:55,July,4.25,4.27
7/20/2024 11:00,July,5.25,5.27
7/20/2024 11:05,July,5.25,5.27
7/20/2024 11:10,July,5.66,5.68
7/20/2024 11:15,July,5.64,5.66
7/20/2024 11:20,July,5.64,5.67
7/20/2024 11:25,July,5.65,5.67
7/20/2024 11:30,July,5.13,5.15
7/20/2024 11:35,July,5.26,5.28
7/20/2024 11:40,July,5.25,5.28
7/20/2024 11:45,July,4.19,4.21
7/20/2024 11:50,July,4.26,4.27
7/20/2024 11:55,July,4.15,4.16
7/20/2024 12:00,July,4.26,4.27
7/20/2024 12:05,July,5.63,5.66
7/20/2024 12:10,July,5.25,5.27
7/20/2024 12:15,July,5.64,5.66
7/20/2024 12:20,July,4.32,4.33
7/20/2024 12:25,July,5.25,5.27
7/20/2024 12:30,July,5.25,5.27
7/20/2024 12:35,July,5.25,5.27
7/20/2024 12:40,July,5.63,5.64
7/20/2024 12:45,July,5.81,5.82
7/20/2024 12:50,July,11.57,11.61
7/20/2024 12:55,July,11.57,11.6
7/20/2024 13:00,July,9.37,9.39
7/20/2024 13:05,July,8.94,8.95
7/20/2024 13:10,July,5.81,5.82
7/20/2024 13:15,July,12.18,12.18
7/20/2024 13:20,July,9.43,9.44
7/20/2024 13:25,July,9.41,9.42
7/20/2024 13:30,July,9.42,9.43
7/20/2024 13:35,July,9.43,9.43
7/20/2024 13:40,July,5.74,5.74
7/20/2024 13:45,July,9.44,9.45
7/20/2024 13:50,July,9.45,9.46
7/20/2024 13:55,July,9.46,9.46
7/20/2024 14:00,July,9.46,9.46
7/20/2024 14:05,July,16.28,16.27
7/20/2024 14:10,July,15.88,15.88
7/20/2024 14:15,July,11.71,11.71
7/20/2024 14:20,July,16.27,16.29
7/20/2024 14:25,July,15.9,15.91
7/20/2024 14:30,July,12.16,12.16
7/20/2024 14:35,July,12.16,12.17
7/20/2024 14:40,July,16.31,16.28
7/20/2024 14:45,July,9.49,9.47
7/20/2024 14:50,July,9.48,9.47
7/20/2024 14:55,July,8.96,8.95
7/20/2024 15:00,July,5.74,5.73
7/20/2024 15:05,July,5.77,5.76
7/20/2024 15:10,July,9.48,9.47
7/20/2024 15:15,July,9.47,9.46
7/20/2024 15:20,July,11.54,11.52
7/20/2024 15:25,July,9.48,9.47
7/20/2024 15:30,July,9.46,9.44
7/20/2024 15:35,July,9.5,9.47
7/20/2024 15:40,July,9.49,9.46
7/20/2024 15:45,July,9.5,9.47
7/20/2024 15:50,July,9,8.97
7/20/2024 15:55,July,5.78,5.76
7/20/2024 16:00,July,5.83,5.81
7/20/2024 16:05,July,9.46,9.44
7/20/2024 16:10,July,9.04,9.02
7/20/2024 16:15,July,9.46,9.44
7/20/2024 16:20,July,9.47,9.45
7/20/2024 16:25,July,9.47,9.44
7/20/2024 16:30,July,9.05,9.03
7/20/2024 16:35,July,9.05,9.02
7/20/2024 16:40,July,11.65,11.6
7/20/2024 16:45,July,9.49,9.45
7/20/2024 16:50,July,11.73,11.69
7/20/2024 16:55,July,11.68,11.64
7/20/2024 17:00,July,9.06,9.03
7/20/2024 17:05,July,5.94,5.92
7/20/2024 17:10,July,9.07,9.04
7/20/2024 17:15,July,9.08,9.04
7/20/2024 17:20,July,9.48,9.44
7/20/2024 17:25,July,9.49,9.45
7/20/2024 17:30,July,5.95,5.92
7/20/2024 17:35,July,5.94,5.91
7/20/2024 17:40,July,9.09,9.04
7/20/2024 17:45,July,9.5,9.45
7/20/2024 17:50,July,9.51,9.45
7/20/2024 17:55,July,9.53,9.46
7/20/2024 18:00,July,9.52,9.45
7/20/2024 18:05,July,5.86,5.82
7/20/2024 18:10,July,5.85,5.82
7/20/2024 18:15,July,9.07,9.02
7/20/2024 18:20,July,9.53,9.47
7/20/2024 18:25,July,11.69,11.62
7/20/2024 18:30,July,11.71,11.63
7/20/2024 18:35,July,11.77,11.69
7/20/2024 18:40,July,12.28,12.2
7/20/2024 18:45,July,12.3,12.23
7/20/2024 18:50,July,6.34,6.34
7/20/2024 18:55,July,13.49,13.41
7/20/2024 19:00,July,12.42,12.35
7/20/2024 19:05,July,11.87,11.8
7/20/2024 19:10,July,11.86,11.79
7/20/2024 19:15,July,11.86,11.78
7/20/2024 19:20,July,11.84,11.76
7/20/2024 19:25,July,11.8,11.73
7/20/2024 19:30,July,11.79,11.71
7/20/2024 19:35,July,11.77,11.69
7/20/2024 19:40,July,11.77,11.68
7/20/2024 19:45,July,11.74,11.65
7/20/2024 19:50,July,11.75,11.66
7/20/2024 19:55,July,11.71,11.62
7/20/2024 20:00,July,11.69,11.6
7/20/2024 20:05,July,30.17,29.95
7/20/2024 20:10,July,28.39,28.19
7/20/2024 20:15,July,13.77,13.68
7/20/2024 20:20,July,16.02,15.91
7/20/2024 20:25,July,14.94,14.83
7/20/2024 20:30,July,13.59,13.49
7/20/2024 20:35,July,15.74,15.64
7/20/2024 20:40,July,13.63,13.54
7/20/2024 20:45,July,13.62,13.53
7/20/2024 20:50,July,13.61,13.52
7/20/2024 20:55,July,15.34,15.24
7/20/2024 21:00,July,13.64,13.55
7/20/2024 21:05,July,32.73,32.47
7/20/2024 21:10,July,32.88,32.59
7/20/2024 21:15,July,31.27,30.99
7/20/2024 21:20,July,31.26,30.98
7/20/2024 21:25,July,30.58,30.31
7/20/2024 21:30,July,30.33,30.06
7/20/2024 21:35,July,30.56,30.28
7/20/2024 21:40,July,29.9,29.63
7/20/2024 21:45,July,29.73,29.48
7/20/2024 21:50,July,19.05,18.89
7/20/2024 21:55,July,19.05,18.89
7/20/2024 22:00,July,18.92,18.76
7/20/2024 22:05,July,15.72,15.59
7/20/2024 22:10,July,15.54,15.42
7/20/2024 22:15,July,12.33,12.23
7/20/2024 22:20,July,12.27,12.17
7/20/2024 22:25,July,12.2,12.09
7/20/2024 22:30,July,11.9,11.79
7/20/2024 22:35,July,28.35,28.09
7/20/2024 22:40,July,11.89,11.78
7/20/2024 22:45,July,15.88,15.75
7/20/2024 22:50,July,28.48,28.27
7/20/2024 22:55,July,16.96,16.85
7/20/2024 23:00,July,12.33,12.25
7/20/2024 23:05,July,28.53,28.35
7/20/2024 23:10,July,21.53,21.4
7/20/2024 23:15,July,15.58,15.48
7/20/2024 23:20,July,13.53,13.45
7/20/2024 23:25,July,12.33,12.25
7/20/2024 23:30,July,12.27,12.19
7/20/2024 23:35,July,12.23,12.15
7/20/2024 23:40,July,11.59,11.51
7/20/2024 23:45,July,11.6,11.51
7/20/2024 23:50,July,10.68,10.6
7/20/2024 23:55,July,5.87,5.82
7/21/2024 0:00,July,5.89,5.84
7/21/2024 0:05,July,28.5,28.32
7/21/2024 0:10,July,24.72,24.58
7/21/2024 0:15,July,17.63,17.53
7/21/2024 0:20,July,17.58,17.48
7/21/2024 0:25,July,17.48,17.39
7/21/2024 0:30,July,15.55,15.47
7/21/2024 0:35,July,6.22,6.18
7/21/2024 0:40,July,13.52,13.45
7/21/2024 0:45,July,13.57,13.51
7/21/2024 0:50,July,15.58,15.5
7/21/2024 0:55,July,15.77,15.7
7/21/2024 1:00,July,12.4,12.34
7/21/2024 1:05,July,13.54,13.47
7/21/2024 1:10,July,12.36,12.3
7/21/2024 1:15,July,12.35,12.29
7/21/2024 1:20,July,12.31,12.24
7/21/2024 1:25,July,12.27,12.2
7/21/2024 1:30,July,12.23,12.16
7/21/2024 1:35,July,7.17,7.13
7/21/2024 1:40,July,6.13,6.09
7/21/2024 1:45,July,6.1,6.06
7/21/2024 1:50,July,6.12,6.08
7/21/2024 1:55,July,6.12,6.08
7/21/2024 2:00,July,6.04,6
7/21/2024 2:05,July,17.6,17.49
7/21/2024 2:10,July,13.36,13.28
7/21/2024 2:15,July,10.71,10.65
7/21/2024 2:20,July,5.71,5.68
7/21/2024 2:25,July,5.69,5.65
7/21/2024 2:30,July,5.68,5.65
7/21/2024 2:35,July,5.67,5.64
7/21/2024 2:40,July,5.67,5.63
7/21/2024 2:45,July,5.66,5.62
7/21/2024 2:50,July,5.66,5.62
7/21/2024 2:55,July,5.66,5.62
7/21/2024 3:00,July,5.83,5.78
7/21/2024 3:05,July,5.82,5.78
7/21/2024 3:10,July,5.81,5.77
7/21/2024 3:15,July,5.16,5.11
7/21/2024 3:20,July,5.8,5.75
7/21/2024 3:25,July,3.65,3.62
7/21/2024 3:30,July,3.65,3.62
7/21/2024 3:35,July,5.13,5.08
7/21/2024 3:40,July,3.93,3.9
7/21/2024 3:45,July,5.76,5.71
7/21/2024 3:50,July,5.12,5.08
7/21/2024 3:55,July,5.12,5.08
7/21/2024 4:00,July,5.12,5.07
7/21/2024 4:05,July,5.12,5.08
7/21/2024 4:10,July,5.12,5.07
7/21/2024 4:15,July,5.12,5.07
7/21/2024 4:20,July,5.11,5.07
7/21/2024 4:25,July,4.31,4.27
7/21/2024 4:30,July,5.75,5.7
7/21/2024 4:35,July,5.11,5.07
7/21/2024 4:40,July,5.11,5.07
7/21/2024 4:45,July,5.11,5.06
7/21/2024 4:50,July,5.11,5.06
7/21/2024 4:55,July,5.1,5.05
7/21/2024 5:00,July,5.1,5.05
7/21/2024 5:05,July,4.23,4.19
7/21/2024 5:10,July,3.71,3.67
7/21/2024 5:15,July,3.56,3.52
7/21/2024 5:20,July,3.81,3.77
7/21/2024 5:25,July,3.81,3.77
7/21/2024 5:30,July,3.56,3.52
7/21/2024 5:35,July,3.47,3.44
7/21/2024 5:40,July,2.92,2.89
7/21/2024 5:45,July,3.47,3.44
7/21/2024 5:50,July,3.24,3.21
7/21/2024 5:55,July,2.92,2.89
7/21/2024 6:00,July,3.24,3.21
7/21/2024 6:05,July,2.83,2.8
7/21/2024 6:10,July,0,0
7/21/2024 6:15,July,2.82,2.8
7/21/2024 6:20,July,2.91,2.88
7/21/2024 6:25,July,0,0
7/21/2024 6:30,July,2.82,2.79
7/21/2024 6:35,July,3.22,3.19
7/21/2024 6:40,July,2.82,2.8
7/21/2024 6:45,July,2.82,2.8
7/21/2024 6:50,July,2.77,2.75
7/21/2024 6:55,July,0,0
7/21/2024 7:00,July,2.77,2.75
7/21/2024 7:05,July,0,0
7/21/2024 7:10,July,0,0
7/21/2024 7:15,July,2.5,2.48
7/21/2024 7:20,July,2.88,2.85
7/21/2024 7:25,July,2.89,2.86
7/21/2024 7:30,July,2.89,2.87
7/21/2024 7:35,July,2.89,2.87
7/21/2024 7:40,July,2.9,2.88
7/21/2024 7:45,July,3.04,3.02
7/21/2024 7:50,July,2.88,2.86
7/21/2024 7:55,July,3.21,3.18
7/21/2024 8:00,July,2.89,2.86
7/21/2024 8:05,July,2.89,2.87
7/21/2024 8:10,July,3.03,3.01
7/21/2024 8:15,July,3.06,3.03
7/21/2024 8:20,July,2.88,2.86
7/21/2024 8:25,July,2.92,2.9
7/21/2024 8:30,July,3.4,3.37
7/21/2024 8:35,July,3.32,3.29
7/21/2024 8:40,July,3.28,3.26
7/21/2024 8:45,July,2.88,2.86
7/21/2024 8:50,July,3.21,3.19
7/21/2024 8:55,July,3.44,3.42
7/21/2024 9:00,July,3.24,3.22
7/21/2024 9:05,July,2.87,2.85
7/21/2024 9:10,July,3.22,3.2
7/21/2024 9:15,July,3.45,3.43
7/21/2024 9:20,July,3.79,3.77
7/21/2024 9:25,July,3.79,3.77
7/21/2024 9:30,July,3.79,3.77
7/21/2024 9:35,July,3.03,3.02
7/21/2024 9:40,July,2.51,2.5
7/21/2024 9:45,July,3.05,3.02
7/21/2024 9:50,July,4.11,4.08
7/21/2024 9:55,July,4.1,4.08
7/21/2024 10:00,July,3.56,3.54
7/21/2024 10:05,July,2.82,2.8
7/21/2024 10:10,July,0,0
7/21/2024 10:15,July,0,0
7/21/2024 10:20,July,5.3,5.28
7/21/2024 10:25,July,4.99,4.97
7/21/2024 10:30,July,3.99,3.98
7/21/2024 10:35,July,3.45,3.44
7/21/2024 10:40,July,3.79,3.78
7/21/2024 10:45,July,3.25,3.23
7/21/2024 10:50,July,2.87,2.86
7/21/2024 10:55,July,2.87,2.86
7/21/2024 11:00,July,3.29,3.28
7/21/2024 11:05,July,3.27,3.26
7/21/2024 11:10,July,3.26,3.24
7/21/2024 11:15,July,3.26,3.24
7/21/2024 11:20,July,3.25,3.24
7/21/2024 11:25,July,3.25,3.24
7/21/2024 11:30,July,3.04,3.02
7/21/2024 11:35,July,3.45,3.43
7/21/2024 11:40,July,2.93,2.92
7/21/2024 11:45,July,2.51,2.5
7/21/2024 11:50,July,2.88,2.86
7/21/2024 11:55,July,2.82,2.8
7/21/2024 12:00,July,3.26,3.24
7/21/2024 12:05,July,2.87,2.86
7/21/2024 12:10,July,0,0
7/21/2024 12:15,July,0,0
7/21/2024 12:20,July,2.81,2.8
7/21/2024 12:25,July,3.03,3.02
7/21/2024 12:30,July,3.19,3.17
7/21/2024 12:35,July,3.23,3.21
7/21/2024 12:40,July,3.92,3.9
7/21/2024 12:45,July,3.8,3.78
7/21/2024 12:50,July,4.08,4.06
7/21/2024 12:55,July,3.58,3.56
7/21/2024 13:00,July,3.58,3.56
7/21/2024 13:05,July,3.27,3.25
7/21/2024 13:10,July,2.88,2.86
7/21/2024 13:15,July,3.35,3.33
7/21/2024 13:20,July,0,0
7/21/2024 13:25,July,3.26,3.25
7/21/2024 13:30,July,5.01,4.99
7/21/2024 13:35,July,4.2,4.17
7/21/2024 13:40,July,5.02,4.99
7/21/2024 13:45,July,3.6,3.58
7/21/2024 13:50,July,3.6,3.58
7/21/2024 13:55,July,3.58,3.56
7/21/2024 14:00,July,3.92,3.9
7/21/2024 14:05,July,5.33,5.3
7/21/2024 14:10,July,3.61,3.59
7/21/2024 14:15,July,5.02,5
7/21/2024 14:20,July,3.61,3.59
7/21/2024 14:25,July,3.46,3.44
7/21/2024 14:30,July,3.63,3.6
7/21/2024 14:35,July,5.36,5.31
7/21/2024 14:40,July,3.62,3.59
7/21/2024 14:45,July,4.09,4.05
7/21/2024 14:50,July,3.83,3.79
7/21/2024 14:55,July,3.6,3.56
7/21/2024 15:00,July,3.63,3.59
7/21/2024 15:05,July,5.72,5.66
7/21/2024 15:10,July,5.05,5.02
7/21/2024 15:15,July,4.17,4.14
7/21/2024 15:20,July,3.62,3.59
7/21/2024 15:25,July,3.59,3.56
7/21/2024 15:30,July,3.6,3.57
7/21/2024 15:35,July,3.61,3.58
7/21/2024 15:40,July,2.93,2.9
7/21/2024 15:45,July,3.54,3.51
7/21/2024 15:50,July,3.61,3.58
7/21/2024 15:55,July,3.61,3.58
7/21/2024 16:00,July,3.6,3.57
7/21/2024 16:05,July,3.61,3.58
7/21/2024 16:10,July,3.61,3.58
7/21/2024 16:15,July,3.61,3.58
7/21/2024 16:20,July,3.61,3.58
7/21/2024 16:25,July,3.93,3.89
7/21/2024 16:30,July,5.06,5.02
7/21/2024 16:35,July,3.63,3.59
7/21/2024 16:40,July,3.63,3.59
7/21/2024 16:45,July,3.62,3.59
7/21/2024 16:50,July,3.6,3.57
7/21/2024 16:55,July,3.61,3.58
7/21/2024 17:00,July,5.71,5.66
7/21/2024 17:05,July,4.18,4.14
7/21/2024 17:10,July,4.12,4.09
7/21/2024 17:15,July,4.13,4.09
7/21/2024 17:20,July,4.11,4.08
7/21/2024 17:25,July,5.07,5.02
7/21/2024 17:30,July,4.15,4.11
7/21/2024 17:35,July,5.08,5.04
7/21/2024 17:40,July,4.22,4.19
7/21/2024 17:45,July,4.23,4.2
7/21/2024 17:50,July,4.24,4.2
7/21/2024 17:55,July,4.25,4.22
7/21/2024 18:00,July,4.23,4.2
7/21/2024 18:05,July,3.66,3.63
7/21/2024 18:10,July,4.2,4.16
7/21/2024 18:15,July,5.07,5.03
7/21/2024 18:20,July,5.07,5.04
7/21/2024 18:25,July,5.38,5.34
7/21/2024 18:30,July,5.39,5.35
7/21/2024 18:35,July,5.4,5.36
7/21/2024 18:40,July,5.4,5.36
7/21/2024 18:45,July,5.4,5.37
7/21/2024 18:50,July,5.41,5.37
7/21/2024 18:55,July,5.4,5.36
7/21/2024 19:00,July,5.39,5.36
7/21/2024 19:05,July,4.23,4.2
7/21/2024 19:10,July,4.25,4.22
7/21/2024 19:15,July,4.26,4.23
7/21/2024 19:20,July,4.3,4.27
7/21/2024 19:25,July,4.32,4.29
7/21/2024 19:30,July,4.32,4.29
7/21/2024 19:35,July,5.05,5.02
7/21/2024 19:40,July,4.31,4.28
7/21/2024 19:45,July,5.06,5.02
7/21/2024 19:50,July,5.06,5.03
7/21/2024 19:55,July,5.06,5.03
7/21/2024 20:00,July,5.06,5.03
7/21/2024 20:05,July,5.72,5.67
7/21/2024 20:10,July,5.39,5.35
7/21/2024 20:15,July,5.4,5.35
7/21/2024 20:20,July,5.4,5.36
7/21/2024 20:25,July,5.41,5.37
7/21/2024 20:30,July,5.41,5.36
7/21/2024 20:35,July,5.41,5.36
7/21/2024 20:40,July,5.4,5.35
7/21/2024 20:45,July,5.4,5.36
7/21/2024 20:50,July,5.4,5.36
7/21/2024 20:55,July,5.4,5.35
7/21/2024 21:00,July,5.13,5.09
7/21/2024 21:05,July,5.41,5.36
7/21/2024 21:10,July,5.4,5.36
7/21/2024 21:15,July,5.13,5.09
7/21/2024 21:20,July,4.3,4.26
7/21/2024 21:25,July,5.1,5.05
7/21/2024 21:30,July,4.19,4.16
7/21/2024 21:35,July,4.21,4.17
7/21/2024 21:40,July,4.21,4.17
7/21/2024 21:45,July,4.3,4.26
7/21/2024 21:50,July,4.21,4.18
7/21/2024 21:55,July,4.89,4.85
7/21/2024 22:00,July,4.3,4.27
7/21/2024 22:05,July,4.61,4.57
7/21/2024 22:10,July,4.16,4.12
7/21/2024 22:15,July,4.17,4.13
7/21/2024 22:20,July,4.17,4.13
7/21/2024 22:25,July,4.19,4.15
7/21/2024 22:30,July,3.47,3.43
7/21/2024 22:35,July,4.17,4.12
7/21/2024 22:40,July,4.17,4.12
7/21/2024 22:45,July,4.22,4.17
7/21/2024 22:50,July,4.16,4.12
7/21/2024 22:55,July,4.17,4.13
7/21/2024 23:00,July,4.16,4.11
7/21/2024 23:05,July,4.22,4.18
7/21/2024 23:10,July,4.17,4.12
7/21/2024 23:15,July,4.17,4.12
7/21/2024 23:20,July,4.22,4.18
7/21/2024 23:25,July,4.16,4.11
7/21/2024 23:30,July,4.17,4.12
7/21/2024 23:35,July,4.17,4.12
7/21/2024 23:40,July,3.63,3.59
7/21/2024 23:45,July,4.16,4.11
7/21/2024 23:50,July,3.55,3.51
7/21/2024 23:55,July,3.47,3.43
7/22/2024 0:00,July,2.93,2.89
7/22/2024 0:05,July,3.55,3.5
7/22/2024 0:10,July,4,3.95
7/22/2024 0:15,July,3.63,3.59
7/22/2024 0:20,July,3.71,3.66
7/22/2024 0:25,July,4.02,3.97
7/22/2024 0:30,July,3.91,3.87
7/22/2024 0:35,July,3.91,3.86
7/22/2024 0:40,July,3.64,3.59
7/22/2024 0:45,July,3.7,3.65
7/22/2024 0:50,July,3.7,3.65
7/22/2024 0:55,July,3.64,3.59
7/22/2024 1:00,July,3.1,3.06
7/22/2024 1:05,July,3.46,3.42
7/22/2024 1:10,July,2.95,2.91
7/22/2024 1:15,July,2.95,2.91
7/22/2024 1:20,July,2.95,2.91
7/22/2024 1:25,July,3.27,3.23
7/22/2024 1:30,July,3.23,3.19
7/22/2024 1:35,July,2.93,2.89
7/22/2024 1:40,July,2.93,2.89
7/22/2024 1:45,July,2.93,2.89
7/22/2024 1:50,July,2.93,2.89
7/22/2024 1:55,July,2.93,2.89
7/22/2024 2:00,July,2.86,2.82
7/22/2024 2:05,July,2.98,2.94
7/22/2024 2:10,July,2.98,2.94
7/22/2024 2:15,July,2.85,2.82
7/22/2024 2:20,July,3.23,3.19
7/22/2024 2:25,July,2.96,2.92
7/22/2024 2:30,July,2.85,2.82
7/22/2024 2:35,July,2.92,2.89
7/22/2024 2:40,July,2.98,2.94
7/22/2024 2:45,July,2.92,2.89
7/22/2024 2:50,July,2.92,2.89
7/22/2024 2:55,July,2.85,2.81
7/22/2024 3:00,July,2.92,2.89
7/22/2024 3:05,July,2.92,2.89
7/22/2024 3:10,July,2.84,2.81
7/22/2024 3:15,July,2.91,2.88
7/22/2024 3:20,July,2.91,2.88
7/22/2024 3:25,July,2.84,2.81
7/22/2024 3:30,July,2.91,2.87
7/22/2024 3:35,July,2.91,2.88
7/22/2024 3:40,July,2.91,2.88
7/22/2024 3:45,July,2.91,2.88
7/22/2024 3:50,July,2.9,2.87
7/22/2024 3:55,July,2.84,2.81
7/22/2024 4:00,July,2.87,2.84
7/22/2024 4:05,July,2.84,2.81
7/22/2024 4:10,July,2.91,2.88
7/22/2024 4:15,July,2.9,2.87
7/22/2024 4:20,July,2.97,2.94
7/22/2024 4:25,July,2.91,2.88
7/22/2024 4:30,July,2.9,2.87
7/22/2024 4:35,July,2.91,2.88
7/22/2024 4:40,July,2.91,2.88
7/22/2024 4:45,July,2.91,2.88
7/22/2024 4:50,July,2.9,2.87
7/22/2024 4:55,July,3.92,3.88
7/22/2024 5:00,July,3.23,3.19
7/22/2024 5:05,July,0,0
7/22/2024 5:10,July,2.91,2.88
7/22/2024 5:15,July,3.08,3.05
7/22/2024 5:20,July,3.05,3.02
7/22/2024 5:25,July,2.93,2.89
7/22/2024 5:30,July,2.91,2.88
7/22/2024 5:35,July,2.91,2.88
7/22/2024 5:40,July,2.91,2.88
7/22/2024 5:45,July,0,0
7/22/2024 5:50,July,2.84,2.81
7/22/2024 5:55,July,2.83,2.81
7/22/2024 6:00,July,2.91,2.88
7/22/2024 6:05,July,0,0
7/22/2024 6:10,July,0,0
7/22/2024 6:15,July,2.83,2.8
7/22/2024 6:20,July,2.86,2.83
7/22/2024 6:25,July,2.9,2.88
7/22/2024 6:30,July,2.9,2.87
7/22/2024 6:35,July,3.07,3.04
7/22/2024 6:40,July,2.91,2.88
7/22/2024 6:45,July,3.04,3.02
7/22/2024 6:50,July,3.01,2.98
7/22/2024 6:55,July,3.01,2.98
7/22/2024 7:00,July,3.25,3.22
7/22/2024 7:05,July,0,0
7/22/2024 7:10,July,2.83,2.81
7/22/2024 7:15,July,3.07,3.04
7/22/2024 7:20,July,3.19,3.16
7/22/2024 7:25,July,3.27,3.24
7/22/2024 7:30,July,3.29,3.26
7/22/2024 7:35,July,3.37,3.34
7/22/2024 7:40,July,3.46,3.43
7/22/2024 7:45,July,3.3,3.27
7/22/2024 7:50,July,3.81,3.78
7/22/2024 7:55,July,3.81,3.77
7/22/2024 8:00,July,3.61,3.58
7/22/2024 8:05,July,3.55,3.52
7/22/2024 8:10,July,4.19,4.14
7/22/2024 8:15,July,4.19,4.15
7/22/2024 8:20,July,5.17,5.12
7/22/2024 8:25,July,4.19,4.15
7/22/2024 8:30,July,4.19,4.15
7/22/2024 8:35,July,4.19,4.15
7/22/2024 8:40,July,4.18,4.14
7/22/2024 8:45,July,4.17,4.14
7/22/2024 8:50,July,4.17,4.13
7/22/2024 8:55,July,4.16,4.13
7/22/2024 9:00,July,4.17,4.14
7/22/2024 9:05,July,2.84,2.82
7/22/2024 9:10,July,3.58,3.56
7/22/2024 9:15,July,4.15,4.12
7/22/2024 9:20,July,4.02,4
7/22/2024 9:25,July,4.09,4.07
7/22/2024 9:30,July,4.13,4.12
7/22/2024 9:35,July,4.12,4.1
7/22/2024 9:40,July,4.13,4.12
7/22/2024 9:45,July,4.33,4.32
7/22/2024 9:50,July,4.14,4.13
7/22/2024 9:55,July,5.27,5.24
7/22/2024 10:00,July,4.92,4.9
7/22/2024 10:05,July,4.07,4.05
7/22/2024 10:10,July,5.39,5.37
7/22/2024 10:15,July,6.08,6.05
7/22/2024 10:20,July,6.09,6.05
7/22/2024 10:25,July,6.13,6.08
7/22/2024 10:30,July,5.31,5.28
7/22/2024 10:35,July,5.44,5.4
7/22/2024 10:40,July,5.45,5.41
7/22/2024 10:45,July,5.44,5.4
7/22/2024 10:50,July,5.3,5.26
7/22/2024 10:55,July,5.29,5.25
7/22/2024 11:00,July,5.28,5.24
7/22/2024 11:05,July,4.08,4.05
7/22/2024 11:10,July,5.28,5.24
7/22/2024 11:15,July,5.41,5.37
7/22/2024 11:20,July,4,3.97
7/22/2024 11:25,July,4.05,4.03
7/22/2024 11:30,July,3.24,3.22
7/22/2024 11:35,July,3.47,3.45
7/22/2024 11:40,July,3.91,3.88
7/22/2024 11:45,July,3.91,3.88
7/22/2024 11:50,July,4.01,3.98
7/22/2024 11:55,July,2.89,2.87
7/22/2024 12:00,July,2.84,2.82
7/22/2024 12:05,July,2.89,2.87
7/22/2024 12:10,July,2.99,2.97
7/22/2024 12:15,July,3.07,3.04
7/22/2024 12:20,July,3.05,3.03
7/22/2024 12:25,July,3.17,3.15
7/22/2024 12:30,July,3.23,3.21
7/22/2024 12:35,July,3.28,3.25
7/22/2024 12:40,July,3.21,3.19
7/22/2024 12:45,July,3.19,3.17
7/22/2024 12:50,July,3.24,3.22
7/22/2024 12:55,July,3.2,3.18
7/22/2024 13:00,July,4.03,4
7/22/2024 13:05,July,4.07,4.04
7/22/2024 13:10,July,4.06,4.03
7/22/2024 13:15,July,4.1,4.07
7/22/2024 13:20,July,6.1,6.06
7/22/2024 13:25,July,6.1,6.06
7/22/2024 13:30,July,4.06,4.03
7/22/2024 13:35,July,4.06,4.03
7/22/2024 13:40,July,4.37,4.35
7/22/2024 13:45,July,5.23,5.19
7/22/2024 13:50,July,6.25,6.21
7/22/2024 13:55,July,6.09,6.05
7/22/2024 14:00,July,4.37,4.35
7/22/2024 14:05,July,4.1,4.07
7/22/2024 14:10,July,3.93,3.9
7/22/2024 14:15,July,3.28,3.25
7/22/2024 14:20,July,3.48,3.45
7/22/2024 14:25,July,3.93,3.9
7/22/2024 14:30,July,4.05,4.02
7/22/2024 14:35,July,3.59,3.56
7/22/2024 14:40,July,3.93,3.9
7/22/2024 14:45,July,4.04,4.01
7/22/2024 14:50,July,4.04,4.01
7/22/2024 14:55,July,4.05,4.03
7/22/2024 15:00,July,4.05,4.02
7/22/2024 15:05,July,6.26,6.22
7/22/2024 15:10,July,5.06,5.03
7/22/2024 15:15,July,5.06,5.03
7/22/2024 15:20,July,4.06,4.04
7/22/2024 15:25,July,4.74,4.71
7/22/2024 15:30,July,4.73,4.7
7/22/2024 15:35,July,4.73,4.7
7/22/2024 15:40,July,4.64,4.61
7/22/2024 15:45,July,4.21,4.18
7/22/2024 15:50,July,4.36,4.33
7/22/2024 15:55,July,4.36,4.33
7/22/2024 16:00,July,4.05,4.02
7/22/2024 16:05,July,3.6,3.57
7/22/2024 16:10,July,3.58,3.55
7/22/2024 16:15,July,4.04,4.01
7/22/2024 16:20,July,4.04,4.01
7/22/2024 16:25,July,3.49,3.47
7/22/2024 16:30,July,4.74,4.71
7/22/2024 16:35,July,4.03,4
7/22/2024 16:40,July,4.54,4.51
7/22/2024 16:45,July,3.84,3.81
7/22/2024 16:50,July,3.5,3.47
7/22/2024 16:55,July,3.83,3.8
7/22/2024 17:00,July,3.25,3.22
7/22/2024 17:05,July,3.25,3.23
7/22/2024 17:10,July,2.85,2.83
7/22/2024 17:15,July,3.29,3.27
7/22/2024 17:20,July,3.6,3.57
7/22/2024 17:25,July,4.08,4.05
7/22/2024 17:30,July,4.06,4.03
7/22/2024 17:35,July,4.78,4.74
7/22/2024 17:40,July,4.79,4.76
7/22/2024 17:45,July,4.75,4.72
7/22/2024 17:50,July,4.8,4.77
7/22/2024 17:55,July,4.77,4.73
7/22/2024 18:00,July,4.07,4.04
7/22/2024 18:05,July,2.85,2.83
7/22/2024 18:10,July,3.29,3.27
7/22/2024 18:15,July,3.47,3.45
7/22/2024 18:20,July,3.6,3.57
7/22/2024 18:25,July,4.79,4.76
7/22/2024 18:30,July,5.23,5.2
7/22/2024 18:35,July,4.81,4.78
7/22/2024 18:40,July,4.75,4.72
7/22/2024 18:45,July,4.07,4.05
7/22/2024 18:50,July,4.75,4.72
7/22/2024 18:55,July,4.08,4.05
7/22/2024 19:00,July,4.06,4.04
7/22/2024 19:05,July,4.09,4.07
7/22/2024 19:10,July,2.85,2.83
7/22/2024 19:15,July,2.97,2.95
7/22/2024 19:20,July,2.97,2.95
7/22/2024 19:25,July,3.47,3.45
7/22/2024 19:30,July,3.29,3.27
7/22/2024 19:35,July,3.6,3.57
7/22/2024 19:40,July,3.85,3.83
7/22/2024 19:45,July,3.39,3.37
7/22/2024 19:50,July,3.29,3.27
7/22/2024 19:55,July,3.05,3.03
7/22/2024 20:00,July,2.97,2.95
7/22/2024 20:05,July,4.11,4.08
7/22/2024 20:10,July,4.07,4.04
7/22/2024 20:15,July,4.06,4.03
7/22/2024 20:20,July,3.91,3.88
7/22/2024 20:25,July,3.91,3.88
7/22/2024 20:30,July,3.4,3.37
7/22/2024 20:35,July,3.48,3.45
7/22/2024 20:40,July,3.6,3.58
7/22/2024 20:45,July,3.6,3.58
7/22/2024 20:50,July,3.54,3.52
7/22/2024 20:55,July,3.48,3.45
7/22/2024 21:00,July,3.54,3.51
7/22/2024 21:05,July,4.76,4.72
7/22/2024 21:10,July,4.07,4.04
7/22/2024 21:15,July,3.55,3.52
7/22/2024 21:20,July,3.85,3.82
7/22/2024 21:25,July,3.6,3.58
7/22/2024 21:30,July,3.47,3.44
7/22/2024 21:35,July,3.6,3.58
7/22/2024 21:40,July,3.61,3.58
7/22/2024 21:45,July,3.83,3.8
7/22/2024 21:50,July,3.28,3.25
7/22/2024 21:55,July,3.3,3.27
7/22/2024 22:00,July,2.85,2.83
7/22/2024 22:05,July,3.84,3.81
7/22/2024 22:10,July,3.47,3.44
7/22/2024 22:15,July,3.83,3.8
7/22/2024 22:20,July,3.47,3.44
7/22/2024 22:25,July,3.3,3.27
7/22/2024 22:30,July,2.98,2.95
7/22/2024 22:35,July,2.85,2.83
7/22/2024 22:40,July,2.98,2.95
7/22/2024 22:45,July,2.97,2.95
7/22/2024 22:50,July,2.97,2.95
7/22/2024 22:55,July,2.85,2.83
7/22/2024 23:00,July,2.85,2.83
7/22/2024 23:05,July,3.92,3.88
7/22/2024 23:10,July,3.25,3.22
7/22/2024 23:15,July,3.2,3.17
7/22/2024 23:20,July,3.23,3.2
7/22/2024 23:25,July,3.22,3.19
7/22/2024 23:30,July,3.23,3.2
7/22/2024 23:35,July,2.97,2.94
7/22/2024 23:40,July,2.85,2.83
7/22/2024 23:45,July,2.85,2.83
7/22/2024 23:50,July,0,0
7/22/2024 23:55,July,2.5,2.48
7/23/2024 0:00,July,2.5,2.47
7/23/2024 0:05,July,4.63,4.59
7/23/2024 0:10,July,3.42,3.39
7/23/2024 0:15,July,3.24,3.21
7/23/2024 0:20,July,3.39,3.36
7/23/2024 0:25,July,3.2,3.17
7/23/2024 0:30,July,3.28,3.25
7/23/2024 0:35,July,3.23,3.2
7/23/2024 0:40,July,3.13,3.1
7/23/2024 0:45,July,3.13,3.1
7/23/2024 0:50,July,3.14,3.11
7/23/2024 0:55,July,3.22,3.19
7/23/2024 1:00,July,3.19,3.15
7/23/2024 1:05,July,2.97,2.94
7/23/2024 1:10,July,2.85,2.82
7/23/2024 1:15,July,2.97,2.94
7/23/2024 1:20,July,2.96,2.93
7/23/2024 1:25,July,3.03,3
7/23/2024 1:30,July,2.96,2.93
7/23/2024 1:35,July,3.37,3.33
7/23/2024 1:40,July,3.12,3.09
7/23/2024 1:45,July,3.12,3.09
7/23/2024 1:50,July,2.91,2.88
7/23/2024 1:55,July,2.84,2.82
7/23/2024 2:00,July,2.84,2.81
7/23/2024 2:05,July,2.84,2.81
7/23/2024 2:10,July,2.96,2.93
7/23/2024 2:15,July,2.84,2.81
7/23/2024 2:20,July,2.86,2.84
7/23/2024 2:25,July,2.96,2.93
7/23/2024 2:30,July,2.9,2.88
7/23/2024 2:35,July,2.96,2.93
7/23/2024 2:40,July,2.9,2.87
7/23/2024 2:45,July,3.06,3.03
7/23/2024 2:50,July,3.02,2.99
7/23/2024 2:55,July,2.91,2.88
7/23/2024 3:00,July,2.96,2.93
7/23/2024 3:05,July,2.87,2.85
7/23/2024 3:10,July,2.9,2.87
7/23/2024 3:15,July,2.87,2.85
7/23/2024 3:20,July,2.77,2.75
7/23/2024 3:25,July,2.83,2.81
7/23/2024 3:30,July,2.31,2.29
7/23/2024 3:35,July,2.87,2.85
7/23/2024 3:40,July,2.83,2.81
7/23/2024 3:45,July,2.51,2.49
7/23/2024 3:50,July,2.82,2.8
7/23/2024 3:55,July,2.78,2.75
7/23/2024 4:00,July,2.85,2.83
7/23/2024 4:05,July,2.77,2.75
7/23/2024 4:10,July,2.85,2.83
7/23/2024 4:15,July,2.82,2.8
7/23/2024 4:20,July,2.82,2.8
7/23/2024 4:25,July,2.89,2.87
7/23/2024 4:30,July,2.87,2.85
7/23/2024 4:35,July,3.11,3.09
7/23/2024 4:40,July,2.96,2.94
7/23/2024 4:45,July,2.89,2.87
7/23/2024 4:50,July,2.85,2.83
7/23/2024 4:55,July,2.87,2.85
7/23/2024 5:00,July,2.82,2.8
7/23/2024 5:05,July,0,0
7/23/2024 5:10,July,2.82,2.8
7/23/2024 5:15,July,2.82,2.8
7/23/2024 5:20,July,3.1,3.08
7/23/2024 5:25,July,2.89,2.87
7/23/2024 5:30,July,2.89,2.87
7/23/2024 5:35,July,2.87,2.85
7/23/2024 5:40,July,2.87,2.85
7/23/2024 5:45,July,2.82,2.8
7/23/2024 5:50,July,3.05,3.03
7/23/2024 5:55,July,2.96,2.93
7/23/2024 6:00,July,3.05,3.03
7/23/2024 6:05,July,0,0
7/23/2024 6:10,July,2.89,2.87
7/23/2024 6:15,July,2.95,2.93
7/23/2024 6:20,July,2.89,2.87
7/23/2024 6:25,July,3.07,3.05
7/23/2024 6:30,July,0,0
7/23/2024 6:35,July,2.82,2.8
7/23/2024 6:40,July,2.82,2.8
7/23/2024 6:45,July,2.89,2.87
7/23/2024 6:50,July,3.05,3.03
7/23/2024 6:55,July,3.17,3.15
7/23/2024 7:00,July,3.05,3.03
7/23/2024 7:05,July,0,0
7/23/2024 7:10,July,2.49,2.47
7/23/2024 7:15,July,3.05,3.03
7/23/2024 7:20,July,2.95,2.93
7/23/2024 7:25,July,3.46,3.44
7/23/2024 7:30,July,3.23,3.21
7/23/2024 7:35,July,3.46,3.43
7/23/2024 7:40,July,3.45,3.42
7/23/2024 7:45,July,3.62,3.59
7/23/2024 7:50,July,3.41,3.39
7/23/2024 7:55,July,3.62,3.59
7/23/2024 8:00,July,4.64,4.61
7/23/2024 8:05,July,2.97,2.94
7/23/2024 8:10,July,4.57,4.53
7/23/2024 8:15,July,3.47,3.44
7/23/2024 8:20,July,4.58,4.54
7/23/2024 8:25,July,3.6,3.57
7/23/2024 8:30,July,3.61,3.58
7/23/2024 8:35,July,3.47,3.44
7/23/2024 8:40,July,3.55,3.52
7/23/2024 8:45,July,3.47,3.44
7/23/2024 8:50,July,4.15,4.12
7/23/2024 8:55,July,3.62,3.59
7/23/2024 9:00,July,4.51,4.48
7/23/2024 9:05,July,0,0
7/23/2024 9:10,July,2.95,2.94
7/23/2024 9:15,July,3.71,3.69
7/23/2024 9:20,July,3.47,3.44
7/23/2024 9:25,July,3.48,3.45
7/23/2024 9:30,July,3.93,3.9
7/23/2024 9:35,July,4.62,4.58
7/23/2024 9:40,July,3.48,3.45
7/23/2024 9:45,July,4.6,4.57
7/23/2024 9:50,July,4.17,4.14
7/23/2024 9:55,July,3.93,3.9
7/23/2024 10:00,July,3.92,3.9
7/23/2024 10:05,July,5.31,5.29
7/23/2024 10:10,July,5.3,5.28
7/23/2024 10:15,July,4.71,4.68
7/23/2024 10:20,July,4.72,4.7
7/23/2024 10:25,July,4.72,4.7
7/23/2024 10:30,July,5.06,5.03
7/23/2024 10:35,July,4.23,4.2
7/23/2024 10:40,July,4.63,4.61
7/23/2024 10:45,July,4.63,4.61
7/23/2024 10:50,July,4.63,4.61
7/23/2024 10:55,July,4.56,4.54
7/23/2024 11:00,July,2.92,2.91
7/23/2024 11:05,July,2.84,2.82
7/23/2024 11:10,July,3.13,3.12
7/23/2024 11:15,July,3.23,3.21
7/23/2024 11:20,July,0,0
7/23/2024 11:25,July,2.83,2.82
7/23/2024 11:30,July,0,0
7/23/2024 11:35,July,3.45,3.43
7/23/2024 11:40,July,3.04,3.03
7/23/2024 11:45,July,2.9,2.89
7/23/2024 11:50,July,2.94,2.93
7/23/2024 11:55,July,2.83,2.82
7/23/2024 12:00,July,2.83,2.82
7/23/2024 12:05,July,2.83,2.82
7/23/2024 12:10,July,3.04,3.02
7/23/2024 12:15,July,3.23,3.21
7/23/2024 12:20,July,3.23,3.21
7/23/2024 12:25,July,2.94,2.93
7/23/2024 12:30,July,2.94,2.93
7/23/2024 12:35,July,3.22,3.21
7/23/2024 12:40,July,0,0
7/23/2024 12:45,July,0,0
7/23/2024 12:50,July,2.89,2.88
7/23/2024 12:55,July,3.2,3.19
7/23/2024 13:00,July,3.85,3.83
7/23/2024 13:05,July,3.2,3.18
7/23/2024 13:10,July,3.04,3.03
7/23/2024 13:15,July,4.47,4.45
7/23/2024 13:20,July,3.44,3.42
7/23/2024 13:25,July,3.26,3.25
7/23/2024 13:30,July,2.94,2.93
7/23/2024 13:35,July,2.83,2.82
7/23/2024 13:40,July,3.43,3.42
7/23/2024 13:45,July,4.01,4
7/23/2024 13:50,July,3.44,3.42
7/23/2024 13:55,July,2.94,2.93
7/23/2024 14:00,July,3.21,3.2
7/23/2024 14:05,July,0,0
7/23/2024 14:10,July,0,0
7/23/2024 14:15,July,2.82,2.81
7/23/2024 14:20,July,2.82,2.81
7/23/2024 14:25,July,2.82,2.81
7/23/2024 14:30,July,2.82,2.81
7/23/2024 14:35,July,2.82,2.81
7/23/2024 14:40,July,2.82,2.81
7/23/2024 14:45,July,2.86,2.84
7/23/2024 14:50,July,2.85,2.84
7/23/2024 14:55,July,2.82,2.81
7/23/2024 15:00,July,2.82,2.81
7/23/2024 15:05,July,5.17,5.15
7/23/2024 15:10,July,4.39,4.37
7/23/2024 15:15,July,3.54,3.52
7/23/2024 15:20,July,3.93,3.9
7/23/2024 15:25,July,3.45,3.43
7/23/2024 15:30,July,3.45,3.43
7/23/2024 15:35,July,3.45,3.44
7/23/2024 15:40,July,3.54,3.52
7/23/2024 15:45,July,3.46,3.44
7/23/2024 15:50,July,2.94,2.93
7/23/2024 15:55,July,3.09,3.08
7/23/2024 16:00,July,2.94,2.93
7/23/2024 16:05,July,0,0
7/23/2024 16:10,July,0,0
7/23/2024 16:15,July,2.83,2.82
7/23/2024 16:20,July,2.9,2.88
7/23/2024 16:25,July,2.9,2.88
7/23/2024 16:30,July,2.9,2.89
7/23/2024 16:35,July,2.86,2.84
7/23/2024 16:40,July,3.46,3.44
7/23/2024 16:45,July,2.9,2.89
7/23/2024 16:50,July,2.83,2.82
7/23/2024 16:55,July,2.86,2.84
7/23/2024 17:00,July,2.83,2.82
7/23/2024 17:05,July,3.12,3.1
7/23/2024 17:10,July,2.95,2.94
7/23/2024 17:15,July,2.9,2.89
7/23/2024 17:20,July,2.94,2.93
7/23/2024 17:25,July,2.95,2.93
7/23/2024 17:30,July,3.09,3.07
7/23/2024 17:35,July,3.57,3.55
7/23/2024 17:40,July,4.39,4.37
7/23/2024 17:45,July,3.84,3.82
7/23/2024 17:50,July,4.42,4.4
7/23/2024 17:55,July,3.24,3.22
7/23/2024 18:00,July,3.86,3.84
7/23/2024 18:05,July,3.25,3.23
7/23/2024 18:10,July,2.94,2.93
7/23/2024 18:15,July,3.56,3.54
7/23/2024 18:20,July,3.86,3.84
7/23/2024 18:25,July,3.86,3.84
7/23/2024 18:30,July,4.37,4.35
7/23/2024 18:35,July,3.93,3.9
7/23/2024 18:40,July,4.42,4.4
7/23/2024 18:45,July,5.19,5.16
7/23/2024 18:50,July,4.44,4.42
7/23/2024 18:55,July,4.37,4.35
7/23/2024 19:00,July,3.26,3.25
7/23/2024 19:05,July,4.4,4.37
7/23/2024 19:10,July,4.35,4.33
7/23/2024 19:15,July,4.35,4.33
7/23/2024 19:20,July,3.88,3.86
7/23/2024 19:25,July,3.87,3.85
7/23/2024 19:30,July,3.55,3.53
7/23/2024 19:35,July,3.86,3.84
7/23/2024 19:40,July,3.58,3.56
7/23/2024 19:45,July,3.58,3.56
7/23/2024 19:50,July,3.58,3.56
7/23/2024 19:55,July,3.58,3.55
7/23/2024 20:00,July,3.66,3.64
7/23/2024 20:05,July,5.21,5.18
7/23/2024 20:10,July,4.52,4.5
7/23/2024 20:15,July,4.47,4.45
7/23/2024 20:20,July,4.38,4.36
7/23/2024 20:25,July,4.09,4.07
7/23/2024 20:30,July,4.08,4.05
7/23/2024 20:35,July,4.08,4.06
7/23/2024 20:40,July,3.87,3.84
7/23/2024 20:45,July,4.04,4.02
7/23/2024 20:50,July,4.05,4.03
7/23/2024 20:55,July,3.58,3.56
7/23/2024 21:00,July,3.46,3.44
7/23/2024 21:05,July,3.25,3.23
7/23/2024 21:10,July,3.27,3.25
7/23/2024 21:15,July,3.25,3.23
7/23/2024 21:20,July,3.26,3.24
7/23/2024 21:25,July,3.33,3.31
7/23/2024 21:30,July,3.27,3.25
7/23/2024 21:35,July,3.26,3.24
7/23/2024 21:40,July,1.24,1.23
7/23/2024 21:45,July,2.95,2.94
7/23/2024 21:50,July,3.05,3.03
7/23/2024 21:55,July,2.96,2.94
7/23/2024 22:00,July,3,2.98
7/23/2024 22:05,July,3.05,3.03
7/23/2024 22:10,July,3.11,3.09
7/23/2024 22:15,July,3.23,3.21
7/23/2024 22:20,July,2.96,2.94
7/23/2024 22:25,July,3.22,3.2
7/23/2024 22:30,July,2.96,2.94
7/23/2024 22:35,July,3.13,3.11
7/23/2024 22:40,July,3.01,2.98
7/23/2024 22:45,July,3,2.98
7/23/2024 22:50,July,2.95,2.93
7/23/2024 22:55,July,2.95,2.93
7/23/2024 23:00,July,2.85,2.83
7/23/2024 23:05,July,2.94,2.92
7/23/2024 23:10,July,2.94,2.92
7/23/2024 23:15,July,2.94,2.92
7/23/2024 23:20,July,0,0
7/23/2024 23:25,July,1.24,1.23
7/23/2024 23:30,July,1.24,1.23
7/23/2024 23:35,July,2.84,2.82
7/23/2024 23:40,July,2.96,2.94
7/23/2024 23:45,July,2.94,2.92
7/23/2024 23:50,July,2.94,2.92
7/23/2024 23:55,July,2.71,2.69
7/24/2024 0:00,July,2.85,2.83
7/24/2024 0:05,July,3.47,3.44
7/24/2024 0:10,July,2.93,2.91
7/24/2024 0:15,July,2.85,2.83
7/24/2024 0:20,July,2.91,2.89
7/24/2024 0:25,July,2.84,2.82
7/24/2024 0:30,July,2.85,2.83
7/24/2024 0:35,July,2.91,2.88
7/24/2024 0:40,July,2.69,2.67
7/24/2024 0:45,July,2.84,2.82
7/24/2024 0:50,July,2.8,2.78
7/24/2024 0:55,July,2.79,2.77
7/24/2024 1:00,July,2.79,2.77
7/24/2024 1:05,July,2.85,2.83
7/24/2024 1:10,July,2.76,2.74
7/24/2024 1:15,July,2.69,2.67
7/24/2024 1:20,July,2.29,2.28
7/24/2024 1:25,July,2.5,2.48
7/24/2024 1:30,July,2.5,2.48
7/24/2024 1:35,July,2.78,2.76
7/24/2024 1:40,July,0,0
7/24/2024 1:45,July,2.65,2.63
7/24/2024 1:50,July,2.65,2.64
7/24/2024 1:55,July,2.3,2.28
7/24/2024 2:00,July,2.62,2.61
7/24/2024 2:05,July,2.3,2.28
7/24/2024 2:10,July,2.5,2.48
7/24/2024 2:15,July,2.3,2.28
7/24/2024 2:20,July,0,0
7/24/2024 2:25,July,0,0
7/24/2024 2:30,July,0,0
7/24/2024 2:35,July,0,0
7/24/2024 2:40,July,0,0
7/24/2024 2:45,July,0,0
7/24/2024 2:50,July,0,0
7/24/2024 2:55,July,2.44,2.43
7/24/2024 3:00,July,2.3,2.28
7/24/2024 3:05,July,0,0
7/24/2024 3:10,July,0,0
7/24/2024 3:15,July,0,0
7/24/2024 3:20,July,0,0
7/24/2024 3:25,July,0,0
7/24/2024 3:30,July,0,0
7/24/2024 3:35,July,0,0
7/24/2024 3:40,July,0,0
7/24/2024 3:45,July,0,0
7/24/2024 3:50,July,0,0
7/24/2024 3:55,July,0,0
7/24/2024 4:00,July,0,0
7/24/2024 4:05,July,0,0
7/24/2024 4:10,July,0,0
7/24/2024 4:15,July,0,0
7/24/2024 4:20,July,0,0
7/24/2024 4:25,July,0,0
7/24/2024 4:30,July,0,0
7/24/2024 4:35,July,0,0
7/24/2024 4:40,July,0,0
7/24/2024 4:45,July,0,0
7/24/2024 4:50,July,0,0
7/24/2024 4:55,July,2.76,2.75
7/24/2024 5:00,July,2.84,2.83
7/24/2024 5:05,July,3.25,3.24
7/24/2024 5:10,July,3.57,3.55
7/24/2024 5:15,July,3.04,3.02
7/24/2024 5:20,July,0,0
7/24/2024 5:25,July,0,0
7/24/2024 5:30,July,2.45,2.44
7/24/2024 5:35,July,2.29,2.28
7/24/2024 5:40,July,2.29,2.28
7/24/2024 5:45,July,2.3,2.29
7/24/2024 5:50,July,2.48,2.46
7/24/2024 5:55,July,2.3,2.29
7/24/2024 6:00,July,2.3,2.28
7/24/2024 6:05,July,0,0
7/24/2024 6:10,July,1.24,1.24
7/24/2024 6:15,July,2.47,2.46
7/24/2024 6:20,July,2.6,2.59
7/24/2024 6:25,July,2.48,2.47
7/24/2024 6:30,July,2.49,2.48
7/24/2024 6:35,July,2.61,2.6
7/24/2024 6:40,July,2.29,2.29
7/24/2024 6:45,July,2.29,2.29
7/24/2024 6:50,July,2.48,2.47
7/24/2024 6:55,July,2.62,2.61
7/24/2024 7:00,July,2.76,2.74
7/24/2024 7:05,July,2.76,2.75
7/24/2024 7:10,July,2.85,2.84
7/24/2024 7:15,July,2.86,2.85
7/24/2024 7:20,July,3.23,3.21
7/24/2024 7:25,July,3.08,3.07
7/24/2024 7:30,July,3.22,3.21
7/24/2024 7:35,July,2.94,2.93
7/24/2024 7:40,July,3.04,3.02
7/24/2024 7:45,July,2.67,2.65
7/24/2024 7:50,July,3.15,3.13
7/24/2024 7:55,July,3.73,3.71
7/24/2024 8:00,July,3.48,3.46
7/24/2024 8:05,July,2.83,2.81
7/24/2024 8:10,July,2.95,2.92
7/24/2024 8:15,July,3.21,3.18
7/24/2024 8:20,July,3.16,3.14
7/24/2024 8:25,July,5.2,5.16
7/24/2024 8:30,July,3.71,3.68
7/24/2024 8:35,July,3.57,3.54
7/24/2024 8:40,July,3.23,3.2
7/24/2024 8:45,July,3.3,3.27
7/24/2024 8:50,July,3.57,3.54
7/24/2024 8:55,July,5.23,5.19
7/24/2024 9:00,July,3.57,3.55
7/24/2024 9:05,July,0,0
7/24/2024 9:10,July,0,0
7/24/2024 9:15,July,1.23,1.23
7/24/2024 9:20,July,2.49,2.48
7/24/2024 9:25,July,3.19,3.18
7/24/2024 9:30,July,3.3,3.28
7/24/2024 9:35,July,3.84,3.82
7/24/2024 9:40,July,3.48,3.46
7/24/2024 9:45,July,3.85,3.83
7/24/2024 9:50,July,3.57,3.55
7/24/2024 9:55,July,3.57,3.56
7/24/2024 10:00,July,3.59,3.57
7/24/2024 10:05,July,3.58,3.56
7/24/2024 10:10,July,3.58,3.56
7/24/2024 10:15,July,3.24,3.22
7/24/2024 10:20,July,3.57,3.55
7/24/2024 10:25,July,3.64,3.62
7/24/2024 10:30,July,3.54,3.53
7/24/2024 10:35,July,5,4.98
7/24/2024 10:40,July,3.84,3.82
7/24/2024 10:45,July,3.59,3.58
7/24/2024 10:50,July,3.83,3.82
7/24/2024 10:55,July,3.87,3.85
7/24/2024 11:00,July,3.84,3.82
7/24/2024 11:05,July,0.09,0.09
7/24/2024 11:10,July,2.82,2.81
7/24/2024 11:15,July,3.12,3.1
7/24/2024 11:20,July,3.26,3.25
7/24/2024 11:25,July,3.14,3.13
7/24/2024 11:30,July,3.26,3.24
7/24/2024 11:35,July,3.23,3.22
7/24/2024 11:40,July,3.12,3.11
7/24/2024 11:45,July,2.79,2.78
7/24/2024 11:50,July,2.82,2.81
7/24/2024 11:55,July,2.78,2.77
7/24/2024 12:00,July,1.25,1.24
7/24/2024 12:05,July,2.79,2.78
7/24/2024 12:10,July,2.82,2.8
7/24/2024 12:15,July,0.09,0.09
7/24/2024 12:20,July,2.81,2.8
7/24/2024 12:25,July,2.83,2.81
7/24/2024 12:30,July,2.81,2.8
7/24/2024 12:35,July,2.83,2.82
7/24/2024 12:40,July,2.81,2.8
7/24/2024 12:45,July,1.25,1.24
7/24/2024 12:50,July,1.25,1.24
7/24/2024 12:55,July,1.25,1.24
7/24/2024 13:00,July,1.25,1.25
7/24/2024 13:05,July,2.78,2.77
7/24/2024 13:10,July,3.45,3.43
7/24/2024 13:15,July,2.8,2.79
7/24/2024 13:20,July,2.77,2.76
7/24/2024 13:25,July,0.09,0.09
7/24/2024 13:30,July,0,0
7/24/2024 13:35,July,0.09,0.09
7/24/2024 13:40,July,1.25,1.24
7/24/2024 13:45,July,2.8,2.79
7/24/2024 13:50,July,2.27,2.26
7/24/2024 13:55,July,2.8,2.79
7/24/2024 14:00,July,2.76,2.75
7/24/2024 14:05,July,-0.1,-0.1
7/24/2024 14:10,July,-0.1,-0.1
7/24/2024 14:15,July,0,0
7/24/2024 14:20,July,0,0
7/24/2024 14:25,July,0,0
7/24/2024 14:30,July,0,0
7/24/2024 14:35,July,0.09,0.09
7/24/2024 14:40,July,2.26,2.26
7/24/2024 14:45,July,2.77,2.76
7/24/2024 14:50,July,2.26,2.26
7/24/2024 14:55,July,2.77,2.76
7/24/2024 15:00,July,2.76,2.75
7/24/2024 15:05,July,5.91,5.89
7/24/2024 15:10,July,4.02,4.01
7/24/2024 15:15,July,3.81,3.8
7/24/2024 15:20,July,3.44,3.42
7/24/2024 15:25,July,3.43,3.42
7/24/2024 15:30,July,2.82,2.81
7/24/2024 15:35,July,2.81,2.8
7/24/2024 15:40,July,2.81,2.8
7/24/2024 15:45,July,2.26,2.26
7/24/2024 15:50,July,2.27,2.26
7/24/2024 15:55,July,2.74,2.74
7/24/2024 16:00,July,2.82,2.81
7/24/2024 16:05,July,0.09,0.09
7/24/2024 16:10,July,0.09,0.09
7/24/2024 16:15,July,1.75,1.74
7/24/2024 16:20,July,0.09,0.09
7/24/2024 16:25,July,2.81,2.8
7/24/2024 16:30,July,0.09,0.09
7/24/2024 16:35,July,2.27,2.26
7/24/2024 16:40,July,2.27,2.26
7/24/2024 16:45,July,2.27,2.26
7/24/2024 16:50,July,0.09,0.09
7/24/2024 16:55,July,1.24,1.24
7/24/2024 17:00,July,0.09,0.09
7/24/2024 17:05,July,2.47,2.46
7/24/2024 17:10,July,0,0
7/24/2024 17:15,July,0.09,0.09
7/24/2024 17:20,July,2.26,2.25
7/24/2024 17:25,July,2.74,2.73
7/24/2024 17:30,July,2.74,2.73
7/24/2024 17:35,July,2.74,2.73
7/24/2024 17:40,July,3.03,3.02
7/24/2024 17:45,July,2.81,2.8
7/24/2024 17:50,July,2.82,2.8
7/24/2024 17:55,July,2.82,2.8
7/24/2024 18:00,July,3.26,3.25
7/24/2024 18:05,July,2.27,2.26
7/24/2024 18:10,July,2.73,2.72
7/24/2024 18:15,July,2.74,2.73
7/24/2024 18:20,July,3.83,3.82
7/24/2024 18:25,July,3.82,3.8
7/24/2024 18:30,July,3.53,3.51
7/24/2024 18:35,July,4.98,4.95
7/24/2024 18:40,July,3.53,3.51
7/24/2024 18:45,July,3.53,3.51
7/24/2024 18:50,July,3.39,3.38
7/24/2024 18:55,July,3.24,3.22
7/24/2024 19:00,July,3.24,3.22
7/24/2024 19:05,July,3.12,3.1
7/24/2024 19:10,July,3.14,3.13
7/24/2024 19:15,July,3.24,3.22
7/24/2024 19:20,July,3.25,3.23
7/24/2024 19:25,July,3.17,3.15
7/24/2024 19:30,July,3.22,3.2
7/24/2024 19:35,July,3.23,3.21
7/24/2024 19:40,July,3.22,3.2
7/24/2024 19:45,July,3.22,3.2
7/24/2024 19:50,July,3.22,3.2
7/24/2024 19:55,July,3.13,3.11
7/24/2024 20:00,July,3.14,3.11
7/24/2024 20:05,July,5.91,5.87
7/24/2024 20:10,July,3.93,3.91
7/24/2024 20:15,July,3.84,3.81
7/24/2024 20:20,July,3.4,3.37
7/24/2024 20:25,July,3.39,3.37
7/24/2024 20:30,July,3.35,3.32
7/24/2024 20:35,July,3.39,3.37
7/24/2024 20:40,July,3.38,3.36
7/24/2024 20:45,July,3.39,3.37
7/24/2024 20:50,July,3.05,3.03
7/24/2024 20:55,July,3.13,3.11
7/24/2024 21:00,July,3.14,3.12
7/24/2024 21:05,July,3.84,3.81
7/24/2024 21:10,July,3.35,3.32
7/24/2024 21:15,July,3.35,3.32
7/24/2024 21:20,July,3.25,3.23
7/24/2024 21:25,July,3.25,3.23
7/24/2024 21:30,July,3.25,3.22
7/24/2024 21:35,July,3.24,3.22
7/24/2024 21:40,July,3.79,3.77
7/24/2024 21:45,July,2.93,2.91
7/24/2024 21:50,July,2.93,2.91
7/24/2024 21:55,July,2.93,2.91
7/24/2024 22:00,July,2.93,2.91
7/24/2024 22:05,July,3.14,3.12
7/24/2024 22:10,July,2.93,2.91
7/24/2024 22:15,July,3.25,3.23
7/24/2024 22:20,July,3.26,3.23
7/24/2024 22:25,July,3.03,3.01
7/24/2024 22:30,July,3.03,3.01
7/24/2024 22:35,July,3.02,3
7/24/2024 22:40,July,2.92,2.91
7/24/2024 22:45,July,2.92,2.91
7/24/2024 22:50,July,3.02,3
7/24/2024 22:55,July,2.83,2.81
7/24/2024 23:00,July,2.83,2.81
7/24/2024 23:05,July,2.75,2.74
7/24/2024 23:10,July,2.82,2.8
7/24/2024 23:15,July,2.82,2.81
7/24/2024 23:20,July,2.82,2.8
7/24/2024 23:25,July,2.82,2.8
7/24/2024 23:30,July,2.82,2.81
7/24/2024 23:35,July,2.82,2.8
7/24/2024 23:40,July,2.82,2.8
7/24/2024 23:45,July,2.82,2.8
7/24/2024 23:50,July,2.82,2.8
7/24/2024 23:55,July,2.82,2.8
7/25/2024 0:00,July,2.75,2.74
7/25/2024 0:05,July,3.01,3
7/25/2024 0:10,July,2.83,2.82
7/25/2024 0:15,July,2.81,2.8
7/25/2024 0:20,July,2.88,2.87
7/25/2024 0:25,July,2.83,2.82
7/25/2024 0:30,July,2.84,2.82
7/25/2024 0:35,July,2.98,2.96
7/25/2024 0:40,July,2.92,2.91
7/25/2024 0:45,July,2.88,2.87
7/25/2024 0:50,July,2.88,2.87
7/25/2024 0:55,July,2.92,2.91
7/25/2024 1:00,July,2.82,2.8
7/25/2024 1:05,July,3.2,3.18
7/25/2024 1:10,July,2.99,2.97
7/25/2024 1:15,July,2.88,2.87
7/25/2024 1:20,July,2.92,2.91
7/25/2024 1:25,July,2.74,2.72
7/25/2024 1:30,July,2.81,2.8
7/25/2024 1:35,July,2.81,2.8
7/25/2024 1:40,July,2.73,2.72
7/25/2024 1:45,July,2.74,2.73
7/25/2024 1:50,July,2.74,2.72
7/25/2024 1:55,July,2.73,2.72
7/25/2024 2:00,July,2.73,2.72
7/25/2024 2:05,July,2.87,2.86
7/25/2024 2:10,July,2.81,2.79
7/25/2024 2:15,July,2.77,2.75
7/25/2024 2:20,July,2.81,2.79
7/25/2024 2:25,July,2.88,2.86
7/25/2024 2:30,July,2.81,2.79
7/25/2024 2:35,July,2.72,2.7
7/25/2024 2:40,July,2.7,2.69
7/25/2024 2:45,July,2.69,2.68
7/25/2024 2:50,July,2.7,2.68
7/25/2024 2:55,July,2.51,2.5
7/25/2024 3:00,July,2.71,2.69
7/25/2024 3:05,July,2.7,2.69
7/25/2024 3:10,July,2.71,2.69
7/25/2024 3:15,July,2.72,2.7
7/25/2024 3:20,July,2.79,2.78
7/25/2024 3:25,July,2.71,2.7
7/25/2024 3:30,July,2.72,2.7
7/25/2024 3:35,July,2.71,2.7
7/25/2024 3:40,July,2.71,2.7
7/25/2024 3:45,July,2.71,2.69
7/25/2024 3:50,July,2.71,2.7
7/25/2024 3:55,July,3.03,3.01
7/25/2024 4:00,July,2.8,2.78
7/25/2024 4:05,July,2.8,2.78
7/25/2024 4:10,July,2.8,2.78
7/25/2024 4:15,July,2.85,2.83
7/25/2024 4:20,July,2.85,2.83
7/25/2024 4:25,July,2.84,2.83
7/25/2024 4:30,July,2.84,2.83
7/25/2024 4:35,July,2.84,2.82
7/25/2024 4:40,July,2.77,2.75
7/25/2024 4:45,July,2.77,2.75
7/25/2024 4:50,July,3.03,3.01
7/25/2024 4:55,July,2.87,2.85
7/25/2024 5:00,July,2.81,2.79
7/25/2024 5:05,July,2.77,2.75
7/25/2024 5:10,July,3.4,3.38
7/25/2024 5:15,July,3.13,3.11
7/25/2024 5:20,July,3.27,3.25
7/25/2024 5:25,July,3.11,3.09
7/25/2024 5:30,July,2.93,2.91
7/25/2024 5:35,July,2.93,2.9
7/25/2024 5:40,July,2.82,2.8
7/25/2024 5:45,July,2.82,2.8
7/25/2024 5:50,July,2.89,2.87
7/25/2024 5:55,July,3.02,3
7/25/2024 6:00,July,2.97,2.95
7/25/2024 6:05,July,2.69,2.67
7/25/2024 6:10,July,2.92,2.9
7/25/2024 6:15,July,3.02,2.99
7/25/2024 6:20,July,2.92,2.9
7/25/2024 6:25,July,3.01,2.98
7/25/2024 6:30,July,1.24,1.23
7/25/2024 6:35,July,2.82,2.8
7/25/2024 6:40,July,2.92,2.9
7/25/2024 6:45,July,1.24,1.23
7/25/2024 6:50,July,2.75,2.74
7/25/2024 6:55,July,2.92,2.9
7/25/2024 7:00,July,2.9,2.88
7/25/2024 7:05,July,2.83,2.81
7/25/2024 7:10,July,3.32,3.3
7/25/2024 7:15,July,3.25,3.22
7/25/2024 7:20,July,3.23,3.21
7/25/2024 7:25,July,3.23,3.21
7/25/2024 7:30,July,2.92,2.9
7/25/2024 7:35,July,3.21,3.18
7/25/2024 7:40,July,3.83,3.8
7/25/2024 7:45,July,3.83,3.8
7/25/2024 7:50,July,3.46,3.44
7/25/2024 7:55,July,3.81,3.78
7/25/2024 8:00,July,3.86,3.83
7/25/2024 8:05,July,3.4,3.37
7/25/2024 8:10,July,3.4,3.37
7/25/2024 8:15,July,3.24,3.21
7/25/2024 8:20,July,3.83,3.8
7/25/2024 8:25,July,3.24,3.21
7/25/2024 8:30,July,5.92,5.87
7/25/2024 8:35,July,5.18,5.13
7/25/2024 8:40,July,5.18,5.13
7/25/2024 8:45,July,3.54,3.51
7/25/2024 8:50,July,5.17,5.12
7/25/2024 8:55,July,3.82,3.79
7/25/2024 9:00,July,3.84,3.8
7/25/2024 9:05,July,2.49,2.48
7/25/2024 9:10,July,3.38,3.36
7/25/2024 9:15,July,2.98,2.96
7/25/2024 9:20,July,12.06,11.98
7/25/2024 9:25,July,5.9,5.86
7/25/2024 9:30,July,3.86,3.83
7/25/2024 9:35,July,4.99,4.95
7/25/2024 9:40,July,3.96,3.94
7/25/2024 9:45,July,3.94,3.91
7/25/2024 9:50,July,5.14,5.11
7/25/2024 9:55,July,12.43,12.36
7/25/2024 10:00,July,5.88,5.84
7/25/2024 10:05,July,3.94,3.92
7/25/2024 10:10,July,3.82,3.8
7/25/2024 10:15,July,3.85,3.83
7/25/2024 10:20,July,3.82,3.8
7/25/2024 10:25,July,3.82,3.8
7/25/2024 10:30,July,3.82,3.8
7/25/2024 10:35,July,4.05,4.03
7/25/2024 10:40,July,3.95,3.93
7/25/2024 10:45,July,4.63,4.61
7/25/2024 10:50,July,3.97,3.96
7/25/2024 10:55,July,3.75,3.73
7/25/2024 11:00,July,2.92,2.9
7/25/2024 11:05,July,1.25,1.25
7/25/2024 11:10,July,2.91,2.9
7/25/2024 11:15,July,3.93,3.91
7/25/2024 11:20,July,3.21,3.19
7/25/2024 11:25,July,3.37,3.35
7/25/2024 11:30,July,3.37,3.35
7/25/2024 11:35,July,3.97,3.95
7/25/2024 11:40,July,3.53,3.51
7/25/2024 11:45,July,3.21,3.19
7/25/2024 11:50,July,3.32,3.3
7/25/2024 11:55,July,2.89,2.87
7/25/2024 12:00,July,2.9,2.88
7/25/2024 12:05,July,2.91,2.89
7/25/2024 12:10,July,3.14,3.12
7/25/2024 12:15,July,3.1,3.08
7/25/2024 12:20,July,3.44,3.42
7/25/2024 12:25,July,2.89,2.87
7/25/2024 12:30,July,2.9,2.88
7/25/2024 12:35,July,2.91,2.89
7/25/2024 12:40,July,3.88,3.85
7/25/2024 12:45,July,3.52,3.5
7/25/2024 12:50,July,3.81,3.78
7/25/2024 12:55,July,3.53,3.51
7/25/2024 13:00,July,3.88,3.86
7/25/2024 13:05,July,4.07,4.05
7/25/2024 13:10,July,8.73,8.69
7/25/2024 13:15,July,5.88,5.85
7/25/2024 13:20,July,5.9,5.87
7/25/2024 13:25,July,4.26,4.23
7/25/2024 13:30,July,5.12,5.09
7/25/2024 13:35,July,4.26,4.23
7/25/2024 13:40,July,5.11,5.09
7/25/2024 13:45,July,5.12,5.09
7/25/2024 13:50,July,5.12,5.09
7/25/2024 13:55,July,5.12,5.09
7/25/2024 14:00,July,5.11,5.08
7/25/2024 14:05,July,2.97,2.96
7/25/2024 14:10,July,3.45,3.43
7/25/2024 14:15,July,3.74,3.72
7/25/2024 14:20,July,3.84,3.81
7/25/2024 14:25,July,3.84,3.82
7/25/2024 14:30,July,3.82,3.8
7/25/2024 14:35,July,5.88,5.85
7/25/2024 14:40,July,4.05,4.03
7/25/2024 14:45,July,3.45,3.43
7/25/2024 14:50,July,3.56,3.54
7/25/2024 14:55,July,3.56,3.54
7/25/2024 15:00,July,3.28,3.26
7/25/2024 15:05,July,8.77,8.71
7/25/2024 15:10,July,5.12,5.1
7/25/2024 15:15,July,5.88,5.85
7/25/2024 15:20,July,5.12,5.1
7/25/2024 15:25,July,8.74,8.69
7/25/2024 15:30,July,5.13,5.1
7/25/2024 15:35,July,8.75,8.7
7/25/2024 15:40,July,5.14,5.11
7/25/2024 15:45,July,4.05,4.02
7/25/2024 15:50,July,4.06,4.03
7/25/2024 15:55,July,3.91,3.88
7/25/2024 16:00,July,3.89,3.86
7/25/2024 16:05,July,0.11,0.1
7/25/2024 16:10,July,1.25,1.24
7/25/2024 16:15,July,2.82,2.81
7/25/2024 16:20,July,3.44,3.42
7/25/2024 16:25,July,3.69,3.66
7/25/2024 16:30,July,3.53,3.51
7/25/2024 16:35,July,5,4.97
7/25/2024 16:40,July,3.7,3.67
7/25/2024 16:45,July,3.54,3.51
7/25/2024 16:50,July,3.85,3.82
7/25/2024 16:55,July,3.54,3.51
7/25/2024 17:00,July,3.28,3.26
7/25/2024 17:05,July,3.68,3.66
7/25/2024 17:10,July,3.56,3.53
7/25/2024 17:15,July,3.29,3.27
7/25/2024 17:20,July,3.54,3.52
7/25/2024 17:25,July,3.68,3.66
7/25/2024 17:30,July,3.39,3.36
7/25/2024 17:35,July,3.69,3.66
7/25/2024 17:40,July,3.69,3.66
7/25/2024 17:45,July,4.01,3.99
7/25/2024 17:50,July,4.02,4
7/25/2024 17:55,July,3.7,3.68
7/25/2024 18:00,July,5.14,5.11
7/25/2024 18:05,July,4.05,4.02
7/25/2024 18:10,July,3.87,3.84
7/25/2024 18:15,July,4.05,4.02
7/25/2024 18:20,July,5.94,5.9
7/25/2024 18:25,July,5.14,5.1
7/25/2024 18:30,July,5.94,5.89
7/25/2024 18:35,July,5.91,5.87
7/25/2024 18:40,July,4.08,4.05
7/25/2024 18:45,July,5.91,5.87
7/25/2024 18:50,July,5.14,5.1
7/25/2024 18:55,July,4.08,4.05
7/25/2024 19:00,July,5.13,5.1
7/25/2024 19:05,July,4.63,4.6
7/25/2024 19:10,July,3.85,3.82
7/25/2024 19:15,July,4.08,4.05
7/25/2024 19:20,July,4.27,4.24
7/25/2024 19:25,July,3.45,3.43
7/25/2024 19:30,July,3.54,3.52
7/25/2024 19:35,July,3.45,3.43
7/25/2024 19:40,July,4.03,4
7/25/2024 19:45,July,3.85,3.82
7/25/2024 19:50,July,3.57,3.54
7/25/2024 19:55,July,3.55,3.52
7/25/2024 20:00,July,3.85,3.82
7/25/2024 20:05,July,20.68,20.5
7/25/2024 20:10,July,8.77,8.69
7/25/2024 20:15,July,5.14,5.1
7/25/2024 20:20,July,5.14,5.1
7/25/2024 20:25,July,4.07,4.04
7/25/2024 20:30,July,4.07,4.04
7/25/2024 20:35,July,4.07,4.04
7/25/2024 20:40,July,4.07,4.04
7/25/2024 20:45,July,3.87,3.83
7/25/2024 20:50,July,3.32,3.29
7/25/2024 20:55,July,3.86,3.83
7/25/2024 21:00,July,3.56,3.53
7/25/2024 21:05,July,5.14,5.09
7/25/2024 21:10,July,4.04,4
7/25/2024 21:15,July,4.05,4.01
7/25/2024 21:20,July,3.86,3.83
7/25/2024 21:25,July,3.86,3.83
7/25/2024 21:30,July,3.86,3.83
7/25/2024 21:35,July,3.74,3.71
7/25/2024 21:40,July,3.44,3.41
7/25/2024 21:45,July,3.56,3.53
7/25/2024 21:50,July,3.56,3.53
7/25/2024 21:55,July,3.46,3.43
7/25/2024 22:00,July,2.94,2.91
7/25/2024 22:05,July,4.36,4.32
7/25/2024 22:10,July,3.86,3.82
7/25/2024 22:15,July,3.56,3.53
7/25/2024 22:20,July,3.84,3.8
7/25/2024 22:25,July,3.56,3.53
7/25/2024 22:30,July,2.94,2.91
7/25/2024 22:35,July,3.44,3.41
7/25/2024 22:40,July,3.45,3.41
7/25/2024 22:45,July,3.27,3.24
7/25/2024 22:50,July,3.45,3.41
7/25/2024 22:55,July,3.56,3.53
7/25/2024 23:00,July,3.73,3.69
7/25/2024 23:05,July,5.97,5.91
7/25/2024 23:10,July,3.85,3.82
7/25/2024 23:15,July,3.56,3.53
7/25/2024 23:20,July,3.45,3.42
7/25/2024 23:25,July,3.56,3.53
7/25/2024 23:30,July,3.45,3.42
7/25/2024 23:35,July,3.56,3.52
7/25/2024 23:40,July,3.27,3.24
7/25/2024 23:45,July,3.45,3.42
7/25/2024 23:50,July,3.29,3.26
7/25/2024 23:55,July,3.29,3.26
7/26/2024 0:00,July,3.25,3.22
