Date and Time,Billing Month,BOTOLAN,OLONGAPO
12/26/2023 0:05,January,18.25,18.14
12/26/2023 0:10,January,4.73,4.7
12/26/2023 0:15,January,4.12,4.09
12/26/2023 0:20,January,3.46,3.44
12/26/2023 0:25,January,3.46,3.44
12/26/2023 0:30,January,3.49,3.46
12/26/2023 0:35,January,3.44,3.42
12/26/2023 0:40,January,3.15,3.13
12/26/2023 0:45,January,3.09,3.07
12/26/2023 0:50,January,3.09,3.08
12/26/2023 0:55,January,3.05,3.03
12/26/2023 1:00,January,2.97,2.95
12/26/2023 1:05,January,4.12,4.1
12/26/2023 1:10,January,3.65,3.63
12/26/2023 1:15,January,3.65,3.63
12/26/2023 1:20,January,3.46,3.44
12/26/2023 1:25,January,3.44,3.41
12/26/2023 1:30,January,2.97,2.95
12/26/2023 1:35,January,2.97,2.95
12/26/2023 1:40,January,2.91,2.89
12/26/2023 1:45,January,2.61,2.6
12/26/2023 1:50,January,2.75,2.74
12/26/2023 1:55,January,2.81,2.79
12/26/2023 2:00,January,2.76,2.75
12/26/2023 2:05,January,0.09,0.09
12/26/2023 2:10,January,0.1,0.1
12/26/2023 2:15,January,0.1,0.1
12/26/2023 2:20,January,0.1,0.1
12/26/2023 2:25,January,0.1,0.1
12/26/2023 2:30,January,0.1,0.1
12/26/2023 2:35,January,2.7,2.69
12/26/2023 2:40,January,2.7,2.69
12/26/2023 2:45,January,2.7,2.69
12/26/2023 2:50,January,2.96,2.94
12/26/2023 2:55,January,2.72,2.71
12/26/2023 3:00,January,2.78,2.77
12/26/2023 3:05,January,2.72,2.71
12/26/2023 3:10,January,2.8,2.79
12/26/2023 3:15,January,2.8,2.79
12/26/2023 3:20,January,2.83,2.82
12/26/2023 3:25,January,2.97,2.96
12/26/2023 3:30,January,2.81,2.8
12/26/2023 3:35,January,2.97,2.96
12/26/2023 3:40,January,2.97,2.97
12/26/2023 3:45,January,2.98,2.97
12/26/2023 3:50,January,2.98,2.97
12/26/2023 3:55,January,2.98,2.97
12/26/2023 4:00,January,2.98,2.97
12/26/2023 4:05,January,3.49,3.48
12/26/2023 4:10,January,3.34,3.33
12/26/2023 4:15,January,3.49,3.48
12/26/2023 4:20,January,3.49,3.48
12/26/2023 4:25,January,3.42,3.42
12/26/2023 4:30,January,3.51,3.51
12/26/2023 4:35,January,3.51,3.5
12/26/2023 4:40,January,3.51,3.5
12/26/2023 4:45,January,3.51,3.5
12/26/2023 4:50,January,3.49,3.48
12/26/2023 4:55,January,3.51,3.5
12/26/2023 5:00,January,3.5,3.49
12/26/2023 5:05,January,4.39,4.38
12/26/2023 5:10,January,3.65,3.64
12/26/2023 5:15,January,3.6,3.59
12/26/2023 5:20,January,3.64,3.63
12/26/2023 5:25,January,3.57,3.56
12/26/2023 5:30,January,3.64,3.63
12/26/2023 5:35,January,3.69,3.68
12/26/2023 5:40,January,3.64,3.63
12/26/2023 5:45,January,3.61,3.6
12/26/2023 5:50,January,3.64,3.63
12/26/2023 5:55,January,3.64,3.63
12/26/2023 6:00,January,4.11,4.1
12/26/2023 6:05,January,3.73,3.72
12/26/2023 6:10,January,4.13,4.11
12/26/2023 6:15,January,3.73,3.72
12/26/2023 6:20,January,3.73,3.72
12/26/2023 6:25,January,3.73,3.72
12/26/2023 6:30,January,3.71,3.7
12/26/2023 6:35,January,3.7,3.69
12/26/2023 6:40,January,3.71,3.7
12/26/2023 6:45,January,3.73,3.71
12/26/2023 6:50,January,3.74,3.73
12/26/2023 6:55,January,3.72,3.71
12/26/2023 7:00,January,3.7,3.69
12/26/2023 7:05,January,0,0
12/26/2023 7:10,January,0,0
12/26/2023 7:15,January,0,0
12/26/2023 7:20,January,2.81,2.8
12/26/2023 7:25,January,2.97,2.96
12/26/2023 7:30,January,2.97,2.96
12/26/2023 7:35,January,2.97,2.97
12/26/2023 7:40,January,3.34,3.34
12/26/2023 7:45,January,3.38,3.38
12/26/2023 7:50,January,3.43,3.42
12/26/2023 7:55,January,3.44,3.44
12/26/2023 8:00,January,3.58,3.58
12/26/2023 8:05,January,0,0
12/26/2023 8:10,January,2.51,2.51
12/26/2023 8:15,January,2.94,2.95
12/26/2023 8:20,January,2.81,2.82
12/26/2023 8:25,January,2.94,2.95
12/26/2023 8:30,January,2.94,2.95
12/26/2023 8:35,January,0,0
12/26/2023 8:40,January,2.78,2.79
12/26/2023 8:45,January,2.77,2.79
12/26/2023 8:50,January,2.77,2.79
12/26/2023 8:55,January,2.93,2.95
12/26/2023 9:00,January,2.82,2.84
12/26/2023 9:05,January,0,0
12/26/2023 9:10,January,0,0
12/26/2023 9:15,January,0,0
12/26/2023 9:20,January,2.64,2.64
12/26/2023 9:25,January,3.01,3.02
12/26/2023 9:30,January,3.01,3.02
12/26/2023 9:35,January,3.41,3.42
12/26/2023 9:40,January,3.44,3.45
12/26/2023 9:45,January,3.41,3.42
12/26/2023 9:50,January,3.4,3.41
12/26/2023 9:55,January,3.22,3.23
12/26/2023 10:00,January,3.01,3.02
12/26/2023 10:05,January,2.59,2.59
12/26/2023 10:10,January,2.94,2.95
12/26/2023 10:15,January,3.3,3.31
12/26/2023 10:20,January,3.41,3.43
12/26/2023 10:25,January,2.93,2.94
12/26/2023 10:30,January,3.27,3.28
12/26/2023 10:35,January,2.93,2.94
12/26/2023 10:40,January,3.42,3.43
12/26/2023 10:45,January,3.31,3.32
12/26/2023 10:50,January,3.03,3.03
12/26/2023 10:55,January,3.41,3.41
12/26/2023 11:00,January,3.53,3.54
12/26/2023 11:05,January,3.04,3.05
12/26/2023 11:10,January,3.03,3.04
12/26/2023 11:15,January,3.03,3.03
12/26/2023 11:20,January,3.02,3.03
12/26/2023 11:25,January,3.41,3.42
12/26/2023 11:30,January,3.36,3.37
12/26/2023 11:35,January,3.41,3.42
12/26/2023 11:40,January,3.35,3.36
12/26/2023 11:45,January,3.26,3.27
12/26/2023 11:50,January,3.27,3.28
12/26/2023 11:55,January,3.02,3.03
12/26/2023 12:00,January,3.27,3.28
12/26/2023 12:05,January,0.09,0.09
12/26/2023 12:10,January,2.92,2.94
12/26/2023 12:15,January,2.92,2.94
12/26/2023 12:20,January,3.27,3.28
12/26/2023 12:25,January,3.03,3.04
12/26/2023 12:30,January,3.01,3.03
12/26/2023 12:35,January,3.43,3.44
12/26/2023 12:40,January,3.42,3.43
12/26/2023 12:45,January,3.03,3.03
12/26/2023 12:50,January,3.29,3.31
12/26/2023 12:55,January,3.03,3.04
12/26/2023 13:00,January,3.42,3.43
12/26/2023 13:05,January,3.26,3.26
12/26/2023 13:10,January,3.26,3.26
12/26/2023 13:15,January,3.25,3.25
12/26/2023 13:20,January,3.17,3.17
12/26/2023 13:25,January,3.22,3.22
12/26/2023 13:30,January,3.14,3.13
12/26/2023 13:35,January,3.43,3.43
12/26/2023 13:40,January,2.48,2.48
12/26/2023 13:45,January,3.02,3.02
12/26/2023 13:50,January,3.15,3.14
12/26/2023 13:55,January,3.03,3.02
12/26/2023 14:00,January,3.05,3.04
12/26/2023 14:05,January,2.9,2.89
12/26/2023 14:10,January,3.05,3.04
12/26/2023 14:15,January,3.1,3.09
12/26/2023 14:20,January,3.05,3.04
12/26/2023 14:25,January,3.05,3.04
12/26/2023 14:30,January,2.93,2.92
12/26/2023 14:35,January,2.49,2.49
12/26/2023 14:40,January,2.77,2.76
12/26/2023 14:45,January,2.77,2.76
12/26/2023 14:50,January,3.22,3.21
12/26/2023 14:55,January,3.26,3.24
12/26/2023 15:00,January,2.94,2.93
12/26/2023 15:05,January,2.5,2.49
12/26/2023 15:10,January,2.94,2.93
12/26/2023 15:15,January,3,2.99
12/26/2023 15:20,January,3.01,2.99
12/26/2023 15:25,January,2.89,2.88
12/26/2023 15:30,January,2.94,2.93
12/26/2023 15:35,January,2.94,2.92
12/26/2023 15:40,January,2.96,2.95
12/26/2023 15:45,January,2.94,2.93
12/26/2023 15:50,January,2.94,2.93
12/26/2023 15:55,January,2.94,2.93
12/26/2023 16:00,January,2.78,2.77
12/26/2023 16:05,January,2.94,2.93
12/26/2023 16:10,January,2.94,2.93
12/26/2023 16:15,January,3.25,3.23
12/26/2023 16:20,January,3.6,3.58
12/26/2023 16:25,January,3.43,3.42
12/26/2023 16:30,January,3.4,3.39
12/26/2023 16:35,January,3.43,3.41
12/26/2023 16:40,January,3.44,3.42
12/26/2023 16:45,January,3.48,3.46
12/26/2023 16:50,January,3.44,3.42
12/26/2023 16:55,January,3.7,3.68
12/26/2023 17:00,January,3.51,3.49
12/26/2023 17:05,January,3.08,3.06
12/26/2023 17:10,January,2.95,2.93
12/26/2023 17:15,January,3.08,3.06
12/26/2023 17:20,January,3.38,3.36
12/26/2023 17:25,January,3.42,3.4
12/26/2023 17:30,January,4.56,4.53
12/26/2023 17:35,January,4.74,4.71
12/26/2023 17:40,January,25,24.84
12/26/2023 17:45,January,25.02,24.86
12/26/2023 17:50,January,25,24.83
12/26/2023 17:55,January,20.37,20.23
12/26/2023 18:00,January,12,11.92
12/26/2023 18:05,January,24.94,24.76
12/26/2023 18:10,January,20.4,20.25
12/26/2023 18:15,January,10.73,10.65
12/26/2023 18:20,January,10.72,10.64
12/26/2023 18:25,January,4.76,4.72
12/26/2023 18:30,January,3.75,3.72
12/26/2023 18:35,January,4.58,4.54
12/26/2023 18:40,January,4.6,4.57
12/26/2023 18:45,January,3.79,3.77
12/26/2023 18:50,January,3.79,3.76
12/26/2023 18:55,January,3.8,3.77
12/26/2023 19:00,January,3.39,3.36
12/26/2023 19:05,January,3.39,3.36
12/26/2023 19:10,January,3.68,3.65
12/26/2023 19:15,January,3.75,3.72
12/26/2023 19:20,January,3.73,3.7
12/26/2023 19:25,January,3.73,3.7
12/26/2023 19:30,January,3.41,3.38
12/26/2023 19:35,January,3.4,3.38
12/26/2023 19:40,January,3.72,3.7
12/26/2023 19:45,January,3.72,3.69
12/26/2023 19:50,January,3.4,3.38
12/26/2023 19:55,January,3.42,3.4
12/26/2023 20:00,January,3.38,3.36
12/26/2023 20:05,January,4.58,4.55
12/26/2023 20:10,January,3.74,3.71
12/26/2023 20:15,January,3.74,3.71
12/26/2023 20:20,January,3.73,3.7
12/26/2023 20:25,January,3.73,3.7
12/26/2023 20:30,January,3.42,3.39
12/26/2023 20:35,January,3.43,3.4
12/26/2023 20:40,January,3.72,3.7
12/26/2023 20:45,January,3.72,3.69
12/26/2023 20:50,January,4.31,4.28
12/26/2023 20:55,January,3.43,3.4
12/26/2023 21:00,January,3.41,3.38
12/26/2023 21:05,January,30.36,30.15
12/26/2023 21:10,January,14.12,14.02
12/26/2023 21:15,January,4.61,4.58
12/26/2023 21:20,January,4.61,4.58
12/26/2023 21:25,January,4.22,4.2
12/26/2023 21:30,January,4.57,4.54
12/26/2023 21:35,January,3.73,3.7
12/26/2023 21:40,January,4.56,4.53
12/26/2023 21:45,January,4.16,4.13
12/26/2023 21:50,January,3.85,3.82
12/26/2023 21:55,January,3.73,3.7
12/26/2023 22:00,January,3.44,3.42
12/26/2023 22:05,January,10.78,10.71
12/26/2023 22:10,January,4.57,4.54
12/26/2023 22:15,January,3.66,3.63
12/26/2023 22:20,January,3.54,3.52
12/26/2023 22:25,January,3.73,3.7
12/26/2023 22:30,January,3.6,3.57
12/26/2023 22:35,January,4.15,4.12
12/26/2023 22:40,January,3.73,3.7
12/26/2023 22:45,January,3.73,3.7
12/26/2023 22:50,January,3.72,3.7
12/26/2023 22:55,January,3.48,3.45
12/26/2023 23:00,January,3.45,3.42
12/26/2023 23:05,January,10.79,10.72
12/26/2023 23:10,January,4.16,4.14
12/26/2023 23:15,January,3.72,3.7
12/26/2023 23:20,January,3.72,3.7
12/26/2023 23:25,January,3.72,3.69
12/26/2023 23:30,January,3.44,3.41
12/26/2023 23:35,January,3.43,3.4
12/26/2023 23:40,January,3.37,3.35
12/26/2023 23:45,January,3.37,3.35
12/26/2023 23:50,January,3.19,3.17
12/26/2023 23:55,January,3.27,3.25
12/27/2023 0:00,January,3.1,3.07
12/27/2023 0:05,January,3.6,3.57
12/27/2023 0:10,January,3.6,3.57
12/27/2023 0:15,January,3.46,3.43
12/27/2023 0:20,January,2.82,2.8
12/27/2023 0:25,January,3.36,3.33
12/27/2023 0:30,January,3.6,3.57
12/27/2023 0:35,January,3.44,3.42
12/27/2023 0:40,January,3.52,3.49
12/27/2023 0:45,January,3.52,3.49
12/27/2023 0:50,January,3.41,3.39
12/27/2023 0:55,January,3.46,3.44
12/27/2023 1:00,January,3.47,3.44
12/27/2023 1:05,January,3.45,3.43
12/27/2023 1:10,January,3.42,3.4
12/27/2023 1:15,January,3.22,3.2
12/27/2023 1:20,January,2.98,2.96
12/27/2023 1:25,January,2.98,2.96
12/27/2023 1:30,January,2.82,2.8
12/27/2023 1:35,January,2.56,2.54
12/27/2023 1:40,January,2.8,2.78
12/27/2023 1:45,January,2.81,2.8
12/27/2023 1:50,January,2.56,2.54
12/27/2023 1:55,January,2.8,2.78
12/27/2023 2:00,January,2.81,2.79
12/27/2023 2:05,January,0.09,0.09
12/27/2023 2:10,January,0.1,0.1
12/27/2023 2:15,January,0.1,0.1
12/27/2023 2:20,January,1.52,1.51
12/27/2023 2:25,January,2.51,2.5
12/27/2023 2:30,January,2.51,2.5
12/27/2023 2:35,January,2.51,2.5
12/27/2023 2:40,January,2.51,2.5
12/27/2023 2:45,January,2.51,2.5
12/27/2023 2:50,January,2.51,2.5
12/27/2023 2:55,January,2.51,2.5
12/27/2023 3:00,January,2.51,2.5
12/27/2023 3:05,January,2.51,2.5
12/27/2023 3:10,January,2.51,2.5
12/27/2023 3:15,January,2.51,2.5
12/27/2023 3:20,January,2.51,2.5
12/27/2023 3:25,January,2.51,2.5
12/27/2023 3:30,January,2.51,2.5
12/27/2023 3:35,January,2.51,2.5
12/27/2023 3:40,January,2.51,2.5
12/27/2023 3:45,January,2.51,2.5
12/27/2023 3:50,January,2.44,2.43
12/27/2023 3:55,January,2.51,2.5
12/27/2023 4:00,January,2.51,2.49
12/27/2023 4:05,January,2.51,2.5
12/27/2023 4:10,January,2.51,2.5
12/27/2023 4:15,January,2.51,2.5
12/27/2023 4:20,January,2.51,2.5
12/27/2023 4:25,January,2.51,2.49
12/27/2023 4:30,January,2.53,2.52
12/27/2023 4:35,January,2.51,2.49
12/27/2023 4:40,January,2.51,2.49
12/27/2023 4:45,January,2.51,2.49
12/27/2023 4:50,January,2.5,2.49
12/27/2023 4:55,January,2.5,2.49
12/27/2023 5:00,January,2.5,2.49
12/27/2023 5:05,January,2.54,2.53
12/27/2023 5:10,January,2.54,2.53
12/27/2023 5:15,January,2.7,2.69
12/27/2023 5:20,January,2.7,2.69
12/27/2023 5:25,January,2.68,2.67
12/27/2023 5:30,January,2.7,2.69
12/27/2023 5:35,January,2.7,2.68
12/27/2023 5:40,January,2.7,2.68
12/27/2023 5:45,January,2.7,2.68
12/27/2023 5:50,January,2.71,2.7
12/27/2023 5:55,January,2.7,2.68
12/27/2023 6:00,January,2.72,2.71
12/27/2023 6:05,January,2.52,2.5
12/27/2023 6:10,January,2.73,2.71
12/27/2023 6:15,January,2.96,2.94
12/27/2023 6:20,January,2.96,2.94
12/27/2023 6:25,January,2.7,2.69
12/27/2023 6:30,January,2.7,2.69
12/27/2023 6:35,January,2.7,2.69
12/27/2023 6:40,January,2.7,2.69
12/27/2023 6:45,January,2.7,2.69
12/27/2023 6:50,January,2.7,2.68
12/27/2023 6:55,January,2.95,2.94
12/27/2023 7:00,January,2.93,2.91
12/27/2023 7:05,January,0,0
12/27/2023 7:10,January,2.51,2.5
12/27/2023 7:15,January,2.81,2.8
12/27/2023 7:20,January,2.9,2.88
12/27/2023 7:25,January,2.95,2.94
12/27/2023 7:30,January,3.39,3.37
12/27/2023 7:35,January,3.54,3.53
12/27/2023 7:40,January,3.65,3.64
12/27/2023 7:45,January,3.56,3.55
12/27/2023 7:50,January,3.67,3.65
12/27/2023 7:55,January,19.74,19.67
12/27/2023 8:00,January,5.63,5.61
12/27/2023 8:05,January,2.96,2.96
12/27/2023 8:10,January,3.95,3.95
12/27/2023 8:15,January,3.5,3.5
12/27/2023 8:20,January,3.7,3.7
12/27/2023 8:25,January,3.7,3.7
12/27/2023 8:30,January,3.68,3.68
12/27/2023 8:35,January,3.95,3.95
12/27/2023 8:40,January,3.94,3.94
12/27/2023 8:45,January,3.96,3.97
12/27/2023 8:50,January,4.15,4.16
12/27/2023 8:55,January,4.07,4.08
12/27/2023 9:00,January,4.19,4.2
12/27/2023 9:05,January,2.94,2.94
12/27/2023 9:10,January,3.71,3.7
12/27/2023 9:15,January,3.71,3.7
12/27/2023 9:20,January,3.91,3.91
12/27/2023 9:25,January,3.91,3.91
12/27/2023 9:30,January,3.91,3.9
12/27/2023 9:35,January,4.1,4.09
12/27/2023 9:40,January,4.11,4.11
12/27/2023 9:45,January,4.51,4.51
12/27/2023 9:50,January,4.51,4.51
12/27/2023 9:55,January,4.63,4.63
12/27/2023 10:00,January,4.51,4.51
12/27/2023 10:05,January,2.49,2.49
12/27/2023 10:10,January,3.38,3.38
12/27/2023 10:15,January,4.11,4.11
12/27/2023 10:20,January,4.51,4.51
12/27/2023 10:25,January,4.5,4.51
12/27/2023 10:30,January,4.62,4.63
12/27/2023 10:35,January,4.5,4.5
12/27/2023 10:40,January,4.61,4.62
12/27/2023 10:45,January,4.52,4.53
12/27/2023 10:50,January,4.49,4.5
12/27/2023 10:55,January,4.5,4.51
12/27/2023 11:00,January,4.11,4.12
12/27/2023 11:05,January,2.48,2.49
12/27/2023 11:10,January,3.42,3.43
12/27/2023 11:15,January,3.71,3.71
12/27/2023 11:20,January,3.47,3.47
12/27/2023 11:25,January,3.7,3.71
12/27/2023 11:30,January,3.67,3.68
12/27/2023 11:35,January,3.7,3.7
12/27/2023 11:40,January,3.7,3.7
12/27/2023 11:45,January,3.51,3.52
12/27/2023 11:50,January,3.69,3.7
12/27/2023 11:55,January,3.42,3.43
12/27/2023 12:00,January,2.91,2.91
12/27/2023 12:05,January,2.75,2.76
12/27/2023 12:10,January,2.91,2.91
12/27/2023 12:15,January,2.86,2.86
12/27/2023 12:20,January,3.37,3.38
12/27/2023 12:25,January,3.52,3.52
12/27/2023 12:30,January,3.42,3.42
12/27/2023 12:35,January,3.68,3.69
12/27/2023 12:40,January,3.69,3.69
12/27/2023 12:45,January,3.48,3.48
12/27/2023 12:50,January,3.53,3.53
12/27/2023 12:55,January,3.91,3.91
12/27/2023 13:00,January,4.63,4.63
12/27/2023 13:05,January,4.64,4.64
12/27/2023 13:10,January,4.51,4.52
12/27/2023 13:15,January,4.51,4.52
12/27/2023 13:20,January,13.85,13.88
12/27/2023 13:25,January,3.41,3.42
12/27/2023 13:30,January,4.51,4.52
12/27/2023 13:35,January,3.69,3.69
12/27/2023 13:40,January,3.75,3.76
12/27/2023 13:45,January,3.12,3.12
12/27/2023 13:50,January,3.41,3.41
12/27/2023 13:55,January,3.41,3.41
12/27/2023 14:00,January,4.52,4.52
12/27/2023 14:05,January,4.53,4.53
12/27/2023 14:10,January,4.53,4.53
12/27/2023 14:15,January,4.53,4.53
12/27/2023 14:20,January,4.66,4.66
12/27/2023 14:25,January,4.52,4.53
12/27/2023 14:30,January,3.69,3.69
12/27/2023 14:35,January,3.68,3.68
12/27/2023 14:40,January,4.13,4.13
12/27/2023 14:45,January,3.69,3.69
12/27/2023 14:50,January,3.74,3.74
12/27/2023 14:55,January,3.4,3.4
12/27/2023 15:00,January,3.39,3.39
12/27/2023 15:05,January,3.69,3.69
12/27/2023 15:10,January,4.14,4.13
12/27/2023 15:15,January,4.55,4.54
12/27/2023 15:20,January,4.21,4.21
12/27/2023 15:25,January,4.14,4.14
12/27/2023 15:30,January,13.97,13.95
12/27/2023 15:35,January,4.56,4.55
12/27/2023 15:40,January,4.55,4.55
12/27/2023 15:45,January,4.16,4.15
12/27/2023 15:50,January,4.21,4.2
12/27/2023 15:55,January,4.15,4.14
12/27/2023 16:00,January,3.78,3.77
12/27/2023 16:05,January,4.32,4.3
12/27/2023 16:10,January,4.32,4.31
12/27/2023 16:15,January,4.31,4.29
12/27/2023 16:20,January,4.31,4.29
12/27/2023 16:25,January,4.31,4.29
12/27/2023 16:30,January,3.78,3.77
12/27/2023 16:35,January,4.16,4.14
12/27/2023 16:40,January,4.31,4.29
12/27/2023 16:45,January,4.16,4.14
12/27/2023 16:50,January,4.16,4.14
12/27/2023 16:55,January,4.17,4.15
12/27/2023 17:00,January,3.43,3.41
12/27/2023 17:05,January,2.97,2.95
12/27/2023 17:10,January,3.35,3.33
12/27/2023 17:15,January,3.35,3.33
12/27/2023 17:20,January,2.97,2.95
12/27/2023 17:25,January,3.38,3.36
12/27/2023 17:30,January,4.16,4.14
12/27/2023 17:35,January,3.41,3.39
12/27/2023 17:40,January,4.73,4.7
12/27/2023 17:45,January,14.01,13.93
12/27/2023 17:50,January,15.59,15.51
12/27/2023 17:55,January,4.59,4.56
12/27/2023 18:00,January,4.17,4.15
12/27/2023 18:05,January,9.12,9.07
12/27/2023 18:10,January,4.6,4.57
12/27/2023 18:15,January,4.6,4.57
12/27/2023 18:20,January,4.4,4.37
12/27/2023 18:25,January,4.33,4.3
12/27/2023 18:30,January,10.73,10.66
12/27/2023 18:35,January,4.6,4.57
12/27/2023 18:40,January,4.34,4.31
12/27/2023 18:45,January,4.34,4.31
12/27/2023 18:50,January,3.74,3.72
12/27/2023 18:55,January,3.82,3.79
12/27/2023 19:00,January,3.73,3.71
12/27/2023 19:05,January,4.73,4.7
12/27/2023 19:10,January,4.34,4.31
12/27/2023 19:15,January,4.33,4.3
12/27/2023 19:20,January,4.34,4.31
12/27/2023 19:25,January,3.8,3.77
12/27/2023 19:30,January,4.6,4.57
12/27/2023 19:35,January,4.6,4.57
12/27/2023 19:40,January,4.6,4.57
12/27/2023 19:45,January,4.38,4.35
12/27/2023 19:50,January,4.33,4.3
12/27/2023 19:55,January,4.33,4.3
12/27/2023 20:00,January,4.34,4.31
12/27/2023 20:05,January,4.74,4.7
12/27/2023 20:10,January,4.6,4.57
12/27/2023 20:15,January,4.61,4.57
12/27/2023 20:20,January,4.61,4.58
12/27/2023 20:25,January,4.61,4.58
12/27/2023 20:30,January,4.53,4.49
12/27/2023 20:35,January,4.61,4.58
12/27/2023 20:40,January,4.75,4.71
12/27/2023 20:45,January,4.61,4.58
12/27/2023 20:50,January,4.61,4.58
12/27/2023 20:55,January,4.61,4.58
12/27/2023 21:00,January,4.58,4.54
12/27/2023 21:05,January,30.33,30.1
12/27/2023 21:10,January,20.37,20.23
12/27/2023 21:15,January,6.37,6.33
12/27/2023 21:20,January,4.77,4.73
12/27/2023 21:25,January,4.77,4.73
12/27/2023 21:30,January,4.64,4.6
12/27/2023 21:35,January,4.58,4.54
12/27/2023 21:40,January,4.63,4.59
12/27/2023 21:45,January,4.63,4.59
12/27/2023 21:50,January,3.42,3.39
12/27/2023 21:55,January,3.73,3.7
12/27/2023 22:00,January,3.42,3.39
12/27/2023 22:05,January,4.62,4.59
12/27/2023 22:10,January,3.73,3.7
12/27/2023 22:15,January,3.73,3.7
12/27/2023 22:20,January,3.73,3.7
12/27/2023 22:25,January,3.73,3.7
12/27/2023 22:30,January,3.55,3.52
12/27/2023 22:35,January,3.51,3.48
12/27/2023 22:40,January,3.51,3.48
12/27/2023 22:45,January,3.54,3.52
12/27/2023 22:50,January,3.47,3.44
12/27/2023 22:55,January,3.45,3.42
12/27/2023 23:00,January,3.43,3.4
12/27/2023 23:05,January,4.56,4.52
12/27/2023 23:10,January,4.13,4.1
12/27/2023 23:15,January,3.71,3.68
12/27/2023 23:20,January,3.71,3.68
12/27/2023 23:25,January,3.45,3.42
12/27/2023 23:30,January,3.45,3.42
12/27/2023 23:35,January,3.44,3.41
12/27/2023 23:40,January,3.45,3.42
12/27/2023 23:45,January,3.45,3.42
12/27/2023 23:50,January,3.44,3.41
12/27/2023 23:55,January,3.41,3.38
12/28/2023 0:00,January,3.39,3.36
12/28/2023 0:05,January,3.7,3.67
12/28/2023 0:10,January,3.62,3.59
12/28/2023 0:15,January,3.62,3.59
12/28/2023 0:20,January,3.81,3.78
12/28/2023 0:25,January,3.75,3.71
12/28/2023 0:30,January,3.72,3.68
12/28/2023 0:35,January,3.77,3.74
12/28/2023 0:40,January,3.79,3.75
12/28/2023 0:45,January,3.79,3.75
12/28/2023 0:50,January,3.73,3.7
12/28/2023 0:55,January,3.73,3.69
12/28/2023 1:00,January,3.73,3.69
12/28/2023 1:05,January,3.73,3.69
12/28/2023 1:10,January,3.7,3.66
12/28/2023 1:15,January,3.72,3.69
12/28/2023 1:20,January,3.68,3.65
12/28/2023 1:25,January,3.68,3.65
12/28/2023 1:30,January,3.68,3.65
12/28/2023 1:35,January,3.69,3.66
12/28/2023 1:40,January,3.61,3.58
12/28/2023 1:45,January,3.68,3.65
12/28/2023 1:50,January,3.67,3.64
12/28/2023 1:55,January,3.67,3.64
12/28/2023 2:00,January,3.67,3.64
12/28/2023 2:05,January,3.73,3.7
12/28/2023 2:10,January,3.61,3.58
12/28/2023 2:15,January,3.61,3.58
12/28/2023 2:20,January,3.72,3.69
12/28/2023 2:25,January,3.72,3.69
12/28/2023 2:30,January,3.61,3.58
12/28/2023 2:35,January,3.45,3.42
12/28/2023 2:40,January,2.95,2.93
12/28/2023 2:45,January,3.03,3.01
12/28/2023 2:50,January,2.98,2.96
12/28/2023 2:55,January,2.98,2.96
12/28/2023 3:00,January,2.98,2.96
12/28/2023 3:05,January,3.3,3.28
12/28/2023 3:10,January,3.42,3.4
12/28/2023 3:15,January,3.45,3.42
12/28/2023 3:20,January,3.46,3.43
12/28/2023 3:25,January,3.45,3.42
12/28/2023 3:30,January,3.43,3.41
12/28/2023 3:35,January,3.43,3.41
12/28/2023 3:40,January,3.48,3.45
12/28/2023 3:45,January,3.45,3.42
12/28/2023 3:50,January,3.44,3.42
12/28/2023 3:55,January,3.44,3.41
12/28/2023 4:00,January,3.45,3.42
12/28/2023 4:05,January,3.45,3.42
12/28/2023 4:10,January,3.44,3.42
12/28/2023 4:15,January,3.47,3.44
12/28/2023 4:20,January,3.44,3.42
12/28/2023 4:25,January,3.44,3.42
12/28/2023 4:30,January,3.44,3.41
12/28/2023 4:35,January,3.46,3.43
12/28/2023 4:40,January,3.44,3.42
12/28/2023 4:45,January,3.59,3.57
12/28/2023 4:50,January,3.45,3.43
12/28/2023 4:55,January,3.45,3.42
12/28/2023 5:00,January,3.43,3.41
12/28/2023 5:05,January,3.72,3.69
12/28/2023 5:10,January,3.66,3.63
12/28/2023 5:15,January,3.66,3.63
12/28/2023 5:20,January,3.6,3.58
12/28/2023 5:25,January,3.66,3.63
12/28/2023 5:30,January,3.6,3.58
12/28/2023 5:35,January,3.51,3.49
12/28/2023 5:40,January,3.6,3.58
12/28/2023 5:45,January,4.06,4.03
12/28/2023 5:50,January,3.66,3.63
12/28/2023 5:55,January,3.6,3.58
12/28/2023 6:00,January,3.66,3.63
12/28/2023 6:05,January,3.61,3.58
12/28/2023 6:10,January,3.66,3.63
12/28/2023 6:15,January,3.66,3.63
12/28/2023 6:20,January,3.67,3.64
12/28/2023 6:25,January,3.93,3.9
12/28/2023 6:30,January,3.71,3.69
12/28/2023 6:35,January,3.71,3.68
12/28/2023 6:40,January,3.46,3.44
12/28/2023 6:45,January,3.48,3.45
12/28/2023 6:50,January,3.48,3.46
12/28/2023 6:55,January,3.49,3.46
12/28/2023 7:00,January,3.71,3.69
12/28/2023 7:05,January,2.83,2.82
12/28/2023 7:10,January,3.2,3.18
12/28/2023 7:15,January,3.38,3.36
12/28/2023 7:20,January,3.38,3.35
12/28/2023 7:25,January,3.2,3.18
12/28/2023 7:30,January,3.38,3.36
12/28/2023 7:35,January,3.2,3.18
12/28/2023 7:40,January,3.26,3.24
12/28/2023 7:45,January,3.2,3.18
12/28/2023 7:50,January,3.37,3.36
12/28/2023 7:55,January,3.43,3.41
12/28/2023 8:00,January,3.92,3.9
12/28/2023 8:05,January,0,0
12/28/2023 8:10,January,2.8,2.79
12/28/2023 8:15,January,3.17,3.16
12/28/2023 8:20,January,3.44,3.44
12/28/2023 8:25,January,3.45,3.44
12/28/2023 8:30,January,3.48,3.47
12/28/2023 8:35,January,3.47,3.47
12/28/2023 8:40,January,3.48,3.47
12/28/2023 8:45,January,3.46,3.46
12/28/2023 8:50,January,3.46,3.46
12/28/2023 8:55,January,3.44,3.44
12/28/2023 9:00,January,3.47,3.47
12/28/2023 9:05,January,0,0
12/28/2023 9:10,January,2.51,2.5
12/28/2023 9:15,January,2.8,2.79
12/28/2023 9:20,January,3.14,3.12
12/28/2023 9:25,January,3.4,3.39
12/28/2023 9:30,January,3.37,3.36
12/28/2023 9:35,January,3.37,3.36
12/28/2023 9:40,January,3.36,3.35
12/28/2023 9:45,January,3.4,3.39
12/28/2023 9:50,January,3.39,3.38
12/28/2023 9:55,January,3.4,3.39
12/28/2023 10:00,January,3.43,3.42
12/28/2023 10:05,January,0,0
12/28/2023 10:10,January,3.16,3.15
12/28/2023 10:15,January,3.34,3.33
12/28/2023 10:20,January,3.16,3.15
12/28/2023 10:25,January,4.44,4.43
12/28/2023 10:30,January,4.11,4.11
12/28/2023 10:35,January,3.68,3.67
12/28/2023 10:40,January,3.64,3.64
12/28/2023 10:45,January,3.8,3.79
12/28/2023 10:50,January,3.9,3.9
12/28/2023 10:55,January,3.9,3.9
12/28/2023 11:00,January,3.9,3.9
12/28/2023 11:05,January,3.9,3.9
12/28/2023 11:10,January,3.9,3.9
12/28/2023 11:15,January,3.68,3.68
12/28/2023 11:20,January,3.27,3.27
12/28/2023 11:25,January,3.35,3.35
12/28/2023 11:30,January,3.15,3.15
12/28/2023 11:35,January,2.61,2.61
12/28/2023 11:40,January,3.14,3.14
12/28/2023 11:45,January,3.09,3.09
12/28/2023 11:50,January,3.16,3.16
12/28/2023 11:55,January,3.15,3.15
12/28/2023 12:00,January,0.74,0.74
12/28/2023 12:05,January,3.14,3.14
12/28/2023 12:10,January,3.15,3.14
12/28/2023 12:15,January,3.15,3.15
12/28/2023 12:20,January,3.15,3.15
12/28/2023 12:25,January,3.37,3.37
12/28/2023 12:30,January,3.37,3.36
12/28/2023 12:35,January,2.81,2.8
12/28/2023 12:40,January,3.16,3.15
12/28/2023 12:45,January,2.99,2.99
12/28/2023 12:50,January,3.15,3.14
12/28/2023 12:55,January,3.18,3.17
12/28/2023 13:00,January,4.57,4.56
12/28/2023 13:05,January,4.58,4.56
12/28/2023 13:10,January,4.43,4.42
12/28/2023 13:15,January,9.16,9.13
12/28/2023 13:20,January,4.57,4.56
12/28/2023 13:25,January,4.57,4.55
12/28/2023 13:30,January,4.52,4.51
12/28/2023 13:35,January,4.53,4.52
12/28/2023 13:40,January,4.56,4.54
12/28/2023 13:45,January,4.56,4.54
12/28/2023 13:50,January,3.79,3.79
12/28/2023 13:55,January,4.43,4.42
12/28/2023 14:00,January,4.55,4.54
12/28/2023 14:05,January,4.34,4.33
12/28/2023 14:10,January,3.94,3.93
12/28/2023 14:15,January,4.55,4.54
12/28/2023 14:20,January,4.55,4.54
12/28/2023 14:25,January,4.55,4.54
12/28/2023 14:30,January,4.55,4.54
12/28/2023 14:35,January,4.13,4.12
12/28/2023 14:40,January,4.14,4.13
12/28/2023 14:45,January,4.13,4.12
12/28/2023 14:50,January,4.14,4.12
12/28/2023 14:55,January,4.14,4.12
12/28/2023 15:00,January,3.69,3.67
12/28/2023 15:05,January,4.57,4.56
12/28/2023 15:10,January,4.53,4.52
12/28/2023 15:15,January,4.58,4.56
12/28/2023 15:20,January,4.57,4.56
12/28/2023 15:25,January,4.55,4.54
12/28/2023 15:30,January,4.55,4.53
12/28/2023 15:35,January,4.55,4.53
12/28/2023 15:40,January,4.55,4.53
12/28/2023 15:45,January,4.55,4.53
12/28/2023 15:50,January,4.56,4.54
12/28/2023 15:55,January,4.56,4.54
12/28/2023 16:00,January,4.56,4.54
12/28/2023 16:05,January,4.05,4.03
12/28/2023 16:10,January,3.76,3.74
12/28/2023 16:15,January,3.75,3.73
12/28/2023 16:20,January,4.15,4.13
12/28/2023 16:25,January,4.55,4.52
12/28/2023 16:30,January,4.16,4.13
12/28/2023 16:35,January,4.17,4.14
12/28/2023 16:40,January,4.16,4.14
12/28/2023 16:45,January,4.16,4.13
12/28/2023 16:50,January,3.01,2.99
12/28/2023 16:55,January,3.72,3.7
12/28/2023 17:00,January,3.01,2.99
12/28/2023 17:05,January,3.01,2.99
12/28/2023 17:10,January,2.98,2.95
12/28/2023 17:15,January,3.59,3.57
12/28/2023 17:20,January,3.64,3.61
12/28/2023 17:25,January,4.57,4.54
12/28/2023 17:30,January,4.57,4.53
12/28/2023 17:35,January,12.56,12.48
12/28/2023 17:40,January,4.61,4.58
12/28/2023 17:45,January,4.61,4.58
12/28/2023 17:50,January,4.57,4.54
12/28/2023 17:55,January,4.57,4.54
12/28/2023 18:00,January,4.57,4.54
12/28/2023 18:05,January,4.68,4.65
12/28/2023 18:10,January,4.6,4.57
12/28/2023 18:15,January,4.6,4.57
12/28/2023 18:20,January,4.61,4.58
12/28/2023 18:25,January,4.6,4.57
12/28/2023 18:30,January,4.59,4.55
12/28/2023 18:35,January,4.6,4.57
12/28/2023 18:40,January,4.59,4.56
12/28/2023 18:45,January,4.59,4.56
12/28/2023 18:50,January,4.59,4.55
12/28/2023 18:55,January,3.36,3.33
12/28/2023 19:00,January,3.73,3.7
12/28/2023 19:05,January,4.58,4.55
12/28/2023 19:10,January,4.58,4.54
12/28/2023 19:15,January,4.59,4.55
12/28/2023 19:20,January,4.58,4.55
12/28/2023 19:25,January,4.58,4.55
12/28/2023 19:30,January,4.59,4.55
12/28/2023 19:35,January,4.58,4.54
12/28/2023 19:40,January,4.49,4.45
12/28/2023 19:45,January,4.28,4.25
12/28/2023 19:50,January,4.57,4.53
12/28/2023 19:55,January,4.57,4.53
12/28/2023 20:00,January,3.79,3.76
12/28/2023 20:05,January,4.18,4.15
12/28/2023 20:10,January,4.56,4.52
12/28/2023 20:15,January,4.56,4.53
12/28/2023 20:20,January,4.56,4.52
12/28/2023 20:25,January,3.01,2.99
12/28/2023 20:30,January,3.73,3.7
12/28/2023 20:35,January,3.01,2.99
12/28/2023 20:40,January,4.17,4.14
12/28/2023 20:45,January,3.97,3.94
12/28/2023 20:50,January,4.07,4.04
12/28/2023 20:55,January,3.72,3.69
12/28/2023 21:00,January,3.77,3.74
12/28/2023 21:05,January,11.94,11.85
12/28/2023 21:10,January,4.63,4.6
12/28/2023 21:15,January,4.64,4.6
12/28/2023 21:20,January,4.59,4.55
12/28/2023 21:25,January,4.58,4.54
12/28/2023 21:30,January,4.58,4.54
12/28/2023 21:35,January,4.57,4.54
12/28/2023 21:40,January,4.57,4.53
12/28/2023 21:45,January,4.56,4.52
12/28/2023 21:50,January,3.72,3.68
12/28/2023 21:55,January,3.45,3.42
12/28/2023 22:00,January,3.43,3.4
12/28/2023 22:05,January,4.64,4.6
12/28/2023 22:10,January,3.78,3.74
12/28/2023 22:15,January,3.71,3.68
12/28/2023 22:20,January,3.67,3.64
12/28/2023 22:25,January,3.36,3.33
12/28/2023 22:30,January,3.41,3.38
12/28/2023 22:35,January,3.03,3
12/28/2023 22:40,January,3.36,3.33
12/28/2023 22:45,January,3.01,2.99
12/28/2023 22:50,January,3.03,3
12/28/2023 22:55,January,3.01,2.99
12/28/2023 23:00,January,3,2.97
12/28/2023 23:05,January,3.03,3
12/28/2023 23:10,January,3.05,3.03
12/28/2023 23:15,January,3.03,3
12/28/2023 23:20,January,3.04,3.01
12/28/2023 23:25,January,3.02,3
12/28/2023 23:30,January,3.01,2.98
12/28/2023 23:35,January,3.02,2.99
12/28/2023 23:40,January,2.97,2.95
12/28/2023 23:45,January,2.9,2.87
12/28/2023 23:50,January,2.82,2.79
12/28/2023 23:55,January,0.75,0.74
12/29/2023 0:00,January,0.75,0.74
12/29/2023 0:05,January,3.67,3.63
12/29/2023 0:10,January,3.39,3.36
12/29/2023 0:15,January,3.61,3.58
12/29/2023 0:20,January,3.68,3.65
12/29/2023 0:25,January,3.61,3.58
12/29/2023 0:30,January,3.62,3.59
12/29/2023 0:35,January,3.62,3.59
12/29/2023 0:40,January,3.62,3.59
12/29/2023 0:45,January,3.62,3.59
12/29/2023 0:50,January,3.62,3.59
12/29/2023 0:55,January,3.62,3.59
12/29/2023 1:00,January,3.62,3.59
12/29/2023 1:05,January,3.62,3.59
12/29/2023 1:10,January,3.62,3.59
12/29/2023 1:15,January,3.62,3.59
12/29/2023 1:20,January,3.62,3.59
12/29/2023 1:25,January,3.58,3.56
12/29/2023 1:30,January,3.62,3.59
12/29/2023 1:35,January,3.61,3.59
12/29/2023 1:40,January,3.61,3.59
12/29/2023 1:45,January,3.61,3.59
12/29/2023 1:50,January,3.61,3.58
12/29/2023 1:55,January,3.61,3.58
12/29/2023 2:00,January,3.6,3.58
12/29/2023 2:05,January,0.1,0.1
12/29/2023 2:10,January,2.82,2.8
12/29/2023 2:15,January,3.06,3.04
12/29/2023 2:20,January,3.4,3.38
12/29/2023 2:25,January,3.39,3.37
12/29/2023 2:30,January,3.31,3.28
12/29/2023 2:35,January,3.43,3.41
12/29/2023 2:40,January,3.43,3.41
12/29/2023 2:45,January,3.39,3.37
12/29/2023 2:50,January,3.41,3.38
12/29/2023 2:55,January,3.05,3.03
12/29/2023 3:00,January,3.01,2.99
12/29/2023 3:05,January,3.03,3.01
12/29/2023 3:10,January,3.01,2.98
12/29/2023 3:15,January,3,2.98
12/29/2023 3:20,January,2.96,2.94
12/29/2023 3:25,January,2.95,2.93
12/29/2023 3:30,January,2.97,2.95
12/29/2023 3:35,January,2.52,2.5
12/29/2023 3:40,January,2.81,2.79
12/29/2023 3:45,January,2.46,2.44
12/29/2023 3:50,January,2.46,2.44
12/29/2023 3:55,January,2.52,2.5
12/29/2023 4:00,January,2.52,2.5
12/29/2023 4:05,January,2.81,2.79
12/29/2023 4:10,January,2.52,2.5
12/29/2023 4:15,January,2.8,2.79
12/29/2023 4:20,January,2.8,2.79
12/29/2023 4:25,January,2.8,2.79
12/29/2023 4:30,January,2.8,2.79
12/29/2023 4:35,January,2.8,2.79
12/29/2023 4:40,January,2.81,2.79
12/29/2023 4:45,January,2.81,2.79
12/29/2023 4:50,January,2.94,2.92
12/29/2023 4:55,January,2.95,2.93
12/29/2023 5:00,January,2.94,2.92
12/29/2023 5:05,January,3,2.98
12/29/2023 5:10,January,2.95,2.93
12/29/2023 5:15,January,3,2.98
12/29/2023 5:20,January,3,2.98
12/29/2023 5:25,January,3.37,3.34
12/29/2023 5:30,January,3.21,3.19
12/29/2023 5:35,January,3.42,3.4
12/29/2023 5:40,January,3.39,3.36
12/29/2023 5:45,January,2.81,2.79
12/29/2023 5:50,January,3.13,3.11
12/29/2023 5:55,January,3.4,3.37
12/29/2023 6:00,January,3.3,3.27
12/29/2023 6:05,January,3.94,3.91
12/29/2023 6:10,January,3.7,3.67
12/29/2023 6:15,January,3.67,3.64
12/29/2023 6:20,January,3.43,3.41
12/29/2023 6:25,January,3.42,3.4
12/29/2023 6:30,January,3.49,3.46
12/29/2023 6:35,January,3.43,3.41
12/29/2023 6:40,January,3.41,3.39
12/29/2023 6:45,January,3.42,3.4
12/29/2023 6:50,January,3.42,3.4
12/29/2023 6:55,January,3.37,3.35
12/29/2023 7:00,January,3.44,3.41
12/29/2023 7:05,January,0,0
12/29/2023 7:10,January,0.09,0.09
12/29/2023 7:15,January,2.8,2.78
12/29/2023 7:20,January,3.15,3.13
12/29/2023 7:25,January,3.15,3.13
12/29/2023 7:30,January,3.29,3.27
12/29/2023 7:35,January,3.26,3.23
12/29/2023 7:40,January,3.4,3.38
12/29/2023 7:45,January,3.41,3.39
12/29/2023 7:50,January,3.56,3.54
12/29/2023 7:55,January,3.91,3.89
12/29/2023 8:00,January,4.13,4.11
12/29/2023 8:05,January,0,0
12/29/2023 8:10,January,2.5,2.49
12/29/2023 8:15,January,2.95,2.94
12/29/2023 8:20,January,3.13,3.13
12/29/2023 8:25,January,3.38,3.37
12/29/2023 8:30,January,3.19,3.18
12/29/2023 8:35,January,3.09,3.09
12/29/2023 8:40,January,3.33,3.33
12/29/2023 8:45,January,3.29,3.28
12/29/2023 8:50,January,3.13,3.13
12/29/2023 8:55,January,2.94,2.94
12/29/2023 9:00,January,3.57,3.57
12/29/2023 9:05,January,0,0
12/29/2023 9:10,January,0,0
12/29/2023 9:15,January,2.5,2.49
12/29/2023 9:20,January,2.5,2.49
12/29/2023 9:25,January,2.76,2.76
12/29/2023 9:30,January,2.96,2.95
12/29/2023 9:35,January,2.96,2.95
12/29/2023 9:40,January,2.96,2.95
12/29/2023 9:45,January,3.4,3.39
12/29/2023 9:50,January,3.36,3.36
12/29/2023 9:55,January,3.44,3.43
12/29/2023 10:00,January,3.9,3.89
12/29/2023 10:05,January,2.47,2.46
12/29/2023 10:10,January,3.08,3.07
12/29/2023 10:15,January,3.43,3.42
12/29/2023 10:20,January,3.4,3.39
12/29/2023 10:25,January,3.65,3.64
12/29/2023 10:30,January,3.75,3.74
12/29/2023 10:35,January,3.89,3.88
12/29/2023 10:40,January,3.89,3.88
12/29/2023 10:45,January,3.89,3.88
12/29/2023 10:50,January,4.15,4.14
12/29/2023 10:55,January,3.66,3.65
12/29/2023 11:00,January,3.36,3.35
12/29/2023 11:05,January,3.75,3.74
12/29/2023 11:10,January,3.67,3.66
12/29/2023 11:15,January,3.75,3.74
12/29/2023 11:20,January,3.75,3.74
12/29/2023 11:25,January,3.68,3.68
12/29/2023 11:30,January,3.66,3.65
12/29/2023 11:35,January,3.66,3.65
12/29/2023 11:40,January,3.39,3.38
12/29/2023 11:45,January,3.66,3.65
12/29/2023 11:50,January,3.36,3.35
12/29/2023 11:55,January,2.96,2.95
12/29/2023 12:00,January,3.01,3.01
12/29/2023 12:05,January,3.35,3.35
12/29/2023 12:10,January,3.39,3.39
12/29/2023 12:15,January,3.35,3.35
12/29/2023 12:20,January,3.66,3.65
12/29/2023 12:25,January,3.45,3.44
12/29/2023 12:30,January,3.74,3.73
12/29/2023 12:35,January,3.66,3.65
12/29/2023 12:40,January,3.56,3.55
12/29/2023 12:45,January,3.89,3.88
12/29/2023 12:50,January,3.56,3.55
12/29/2023 12:55,January,3.65,3.64
12/29/2023 13:00,January,3.89,3.88
12/29/2023 13:05,January,3.98,3.97
12/29/2023 13:10,January,4.51,4.5
12/29/2023 13:15,January,4.51,4.5
12/29/2023 13:20,January,3.99,3.98
12/29/2023 13:25,January,3.66,3.65
12/29/2023 13:30,January,3.69,3.68
12/29/2023 13:35,January,3.66,3.65
12/29/2023 13:40,January,3.89,3.87
12/29/2023 13:45,January,3.76,3.74
12/29/2023 13:50,January,3.89,3.88
12/29/2023 13:55,January,3.7,3.69
12/29/2023 14:00,January,4.54,4.52
12/29/2023 14:05,January,4.54,4.52
12/29/2023 14:10,January,4.38,4.37
12/29/2023 14:15,January,4.53,4.52
12/29/2023 14:20,January,4.01,4
12/29/2023 14:25,January,4.53,4.51
12/29/2023 14:30,January,4.11,4.09
12/29/2023 14:35,January,4.01,4
12/29/2023 14:40,January,4.01,4
12/29/2023 14:45,January,4.01,4
12/29/2023 14:50,January,4.11,4.09
12/29/2023 14:55,January,3.71,3.7
12/29/2023 15:00,January,4.55,4.53
12/29/2023 15:05,January,3.37,3.35
12/29/2023 15:10,January,4.01,3.99
12/29/2023 15:15,January,4.01,3.99
12/29/2023 15:20,January,4.33,4.31
12/29/2023 15:25,January,4.55,4.53
12/29/2023 15:30,January,4.54,4.52
12/29/2023 15:35,January,4.55,4.52
12/29/2023 15:40,January,4.55,4.53
12/29/2023 15:45,January,4.55,4.53
12/29/2023 15:50,January,4.55,4.53
12/29/2023 15:55,January,4.03,4
12/29/2023 16:00,January,4.39,4.36
12/29/2023 16:05,January,4.56,4.53
12/29/2023 16:10,January,4.04,4.02
12/29/2023 16:15,January,4.04,4.02
12/29/2023 16:20,January,3.69,3.66
12/29/2023 16:25,January,3.9,3.87
12/29/2023 16:30,January,3.73,3.71
12/29/2023 16:35,January,4.03,4
12/29/2023 16:40,January,3.96,3.93
12/29/2023 16:45,January,4.03,4
12/29/2023 16:50,January,3.71,3.68
12/29/2023 16:55,January,3.7,3.67
12/29/2023 17:00,January,3.7,3.67
12/29/2023 17:05,January,2.81,2.79
12/29/2023 17:10,January,0.74,0.74
12/29/2023 17:15,January,2.54,2.53
12/29/2023 17:20,January,3,2.98
12/29/2023 17:25,January,3.69,3.67
12/29/2023 17:30,January,4.35,4.32
12/29/2023 17:35,January,4.57,4.54
12/29/2023 17:40,January,15.34,15.22
12/29/2023 17:45,January,17.37,17.24
12/29/2023 17:50,January,15.29,15.18
12/29/2023 17:55,January,5.71,5.66
12/29/2023 18:00,January,4.17,4.13
12/29/2023 18:05,January,5.55,5.5
12/29/2023 18:10,January,4.59,4.55
12/29/2023 18:15,January,4.17,4.13
12/29/2023 18:20,January,10.63,10.54
12/29/2023 18:25,January,4.59,4.55
12/29/2023 18:30,January,4.59,4.55
12/29/2023 18:35,January,4.24,4.21
12/29/2023 18:40,January,4.17,4.14
12/29/2023 18:45,January,4.16,4.13
12/29/2023 18:50,January,4.16,4.12
12/29/2023 18:55,January,4.1,4.06
12/29/2023 19:00,January,3.9,3.86
12/29/2023 19:05,January,4.17,4.14
12/29/2023 19:10,January,4.16,4.13
12/29/2023 19:15,January,4.17,4.14
12/29/2023 19:20,January,4.18,4.15
12/29/2023 19:25,January,4.03,4
12/29/2023 19:30,January,3.75,3.72
12/29/2023 19:35,January,3.43,3.4
12/29/2023 19:40,January,3.68,3.65
12/29/2023 19:45,January,3.76,3.73
12/29/2023 19:50,January,3.69,3.66
12/29/2023 19:55,January,3.68,3.66
12/29/2023 20:00,January,4.11,4.08
12/29/2023 20:05,January,5.55,5.51
12/29/2023 20:10,January,4.6,4.56
12/29/2023 20:15,January,4.26,4.23
12/29/2023 20:20,January,4.17,4.14
12/29/2023 20:25,January,4.17,4.14
12/29/2023 20:30,January,4.16,4.14
12/29/2023 20:35,January,3.93,3.9
12/29/2023 20:40,January,4.06,4.03
12/29/2023 20:45,January,4.06,4.03
12/29/2023 20:50,January,3.02,3
12/29/2023 20:55,January,3.02,3
12/29/2023 21:00,January,3.76,3.73
12/29/2023 21:05,January,30.3,30.05
12/29/2023 21:10,January,11.91,11.81
12/29/2023 21:15,January,5.56,5.52
12/29/2023 21:20,January,4.62,4.59
12/29/2023 21:25,January,4.5,4.46
12/29/2023 21:30,January,4.47,4.44
12/29/2023 21:35,January,4.18,4.15
12/29/2023 21:40,January,4.17,4.13
12/29/2023 21:45,January,4.16,4.13
12/29/2023 21:50,January,3.68,3.65
12/29/2023 21:55,January,3.03,3.01
12/29/2023 22:00,January,3.12,3.1
12/29/2023 22:05,January,4.71,4.67
12/29/2023 22:10,January,4.15,4.11
12/29/2023 22:15,January,3.72,3.69
12/29/2023 22:20,January,3.46,3.43
12/29/2023 22:25,January,3.67,3.64
12/29/2023 22:30,January,3.93,3.89
12/29/2023 22:35,January,3.68,3.64
12/29/2023 22:40,January,3.93,3.89
12/29/2023 22:45,January,3.76,3.73
12/29/2023 22:50,January,3.39,3.36
12/29/2023 22:55,January,3.49,3.46
12/29/2023 23:00,January,3.48,3.44
12/29/2023 23:05,January,4.12,4.08
12/29/2023 23:10,January,4.14,4.1
12/29/2023 23:15,January,3.67,3.64
12/29/2023 23:20,January,3.39,3.36
12/29/2023 23:25,January,3.58,3.54
12/29/2023 23:30,January,3.39,3.36
12/29/2023 23:35,January,3.6,3.56
12/29/2023 23:40,January,3.58,3.55
12/29/2023 23:45,January,3.66,3.62
12/29/2023 23:50,January,3.62,3.59
12/29/2023 23:55,January,3.61,3.58
12/30/2023 0:00,January,3.04,3.02
12/30/2023 0:05,January,3.29,3.26
12/30/2023 0:10,January,3.65,3.62
12/30/2023 0:15,January,3.79,3.76
12/30/2023 0:20,January,3.79,3.76
12/30/2023 0:25,January,3.66,3.63
12/30/2023 0:30,January,3.66,3.63
12/30/2023 0:35,January,3.61,3.58
12/30/2023 0:40,January,3.63,3.6
12/30/2023 0:45,January,3.67,3.64
12/30/2023 0:50,January,3.72,3.69
12/30/2023 0:55,January,3.72,3.69
12/30/2023 1:00,January,3.72,3.69
12/30/2023 1:05,January,3.68,3.66
12/30/2023 1:10,January,3.69,3.66
12/30/2023 1:15,January,3.68,3.66
12/30/2023 1:20,January,3.69,3.66
12/30/2023 1:25,January,3.66,3.64
12/30/2023 1:30,January,3.67,3.65
12/30/2023 1:35,January,3.68,3.66
12/30/2023 1:40,January,3.68,3.65
12/30/2023 1:45,January,3.66,3.64
12/30/2023 1:50,January,3.66,3.63
12/30/2023 1:55,January,3.66,3.64
12/30/2023 2:00,January,3.66,3.63
12/30/2023 2:05,January,2.84,2.82
12/30/2023 2:10,January,3.2,3.18
12/30/2023 2:15,January,3.43,3.41
12/30/2023 2:20,January,3.2,3.18
12/30/2023 2:25,January,2.79,2.77
12/30/2023 2:30,January,3.04,3.02
12/30/2023 2:35,January,3.27,3.25
12/30/2023 2:40,January,3.2,3.18
12/30/2023 2:45,January,3.03,3.01
12/30/2023 2:50,January,3.03,3.01
12/30/2023 2:55,January,3.03,3.01
12/30/2023 3:00,January,3.14,3.12
12/30/2023 3:05,January,3.03,3.01
12/30/2023 3:10,January,3.03,3.01
12/30/2023 3:15,January,3.03,3.01
12/30/2023 3:20,January,2.85,2.83
12/30/2023 3:25,January,2.51,2.5
12/30/2023 3:30,January,2.83,2.81
12/30/2023 3:35,January,2.83,2.81
12/30/2023 3:40,January,2.51,2.5
12/30/2023 3:45,January,2.51,2.5
12/30/2023 3:50,January,2.7,2.69
12/30/2023 3:55,January,2.83,2.81
12/30/2023 4:00,January,2.72,2.71
12/30/2023 4:05,January,2.83,2.81
12/30/2023 4:10,January,2.82,2.81
12/30/2023 4:15,January,2.83,2.81
12/30/2023 4:20,January,2.83,2.81
12/30/2023 4:25,January,2.83,2.81
12/30/2023 4:30,January,2.83,2.81
12/30/2023 4:35,January,2.51,2.5
12/30/2023 4:40,January,2.73,2.71
12/30/2023 4:45,January,2.74,2.72
12/30/2023 4:50,January,2.51,2.5
12/30/2023 4:55,January,3.02,3
12/30/2023 5:00,January,2.74,2.72
12/30/2023 5:05,January,3.48,3.46
12/30/2023 5:10,January,3.48,3.46
12/30/2023 5:15,January,3.23,3.21
12/30/2023 5:20,January,3.19,3.17
12/30/2023 5:25,January,3.33,3.31
12/30/2023 5:30,January,3.43,3.4
12/30/2023 5:35,January,3.28,3.26
12/30/2023 5:40,January,3.43,3.41
12/30/2023 5:45,January,3.28,3.26
12/30/2023 5:50,January,3.03,3.01
12/30/2023 5:55,January,3.03,3.01
12/30/2023 6:00,January,2.75,2.73
12/30/2023 6:05,January,3.12,3.09
12/30/2023 6:10,January,3.03,3.01
12/30/2023 6:15,January,3.03,3.01
12/30/2023 6:20,January,3.03,3.01
12/30/2023 6:25,January,3.03,3.01
12/30/2023 6:30,January,2.69,2.68
12/30/2023 6:35,January,2.83,2.81
12/30/2023 6:40,January,2.51,2.49
12/30/2023 6:45,January,2.51,2.5
12/30/2023 6:50,January,2.51,2.49
12/30/2023 6:55,January,2.51,2.5
12/30/2023 7:00,January,2.51,2.49
12/30/2023 7:05,January,0,0
12/30/2023 7:10,January,1.93,1.92
12/30/2023 7:15,January,1.96,1.95
12/30/2023 7:20,January,1.96,1.95
12/30/2023 7:25,January,2.51,2.5
12/30/2023 7:30,January,2.58,2.56
12/30/2023 7:35,January,2.51,2.5
12/30/2023 7:40,January,2.74,2.72
12/30/2023 7:45,January,2.51,2.5
12/30/2023 7:50,January,2.51,2.5
12/30/2023 7:55,January,2.71,2.7
12/30/2023 8:00,January,2.5,2.5
12/30/2023 8:05,January,0,0
12/30/2023 8:10,January,0,0
12/30/2023 8:15,January,0,0
12/30/2023 8:20,January,0,0
12/30/2023 8:25,January,0,0
12/30/2023 8:30,January,0,0
12/30/2023 8:35,January,2.41,2.4
12/30/2023 8:40,January,2.49,2.49
12/30/2023 8:45,January,2.42,2.41
12/30/2023 8:50,January,2.99,2.98
12/30/2023 8:55,January,2.94,2.94
12/30/2023 9:00,January,2.7,2.69
12/30/2023 9:05,January,0,0
12/30/2023 9:10,January,1.92,1.91
12/30/2023 9:15,January,1.94,1.94
12/30/2023 9:20,January,2.99,2.99
12/30/2023 9:25,January,2.69,2.69
12/30/2023 9:30,January,2.7,2.7
12/30/2023 9:35,January,2.92,2.93
12/30/2023 9:40,January,2.93,2.93
12/30/2023 9:45,January,3.41,3.41
12/30/2023 9:50,January,3.07,3.07
12/30/2023 9:55,January,2.99,2.99
12/30/2023 10:00,January,2.93,2.93
12/30/2023 10:05,January,0,0
12/30/2023 10:10,January,2.46,2.46
12/30/2023 10:15,January,2.92,2.93
12/30/2023 10:20,January,2.99,2.99
12/30/2023 10:25,January,2.93,2.94
12/30/2023 10:30,January,2.92,2.93
12/30/2023 10:35,January,3.42,3.43
12/30/2023 10:40,January,3.42,3.42
12/30/2023 10:45,January,3.27,3.28
12/30/2023 10:50,January,3.23,3.23
12/30/2023 10:55,January,3.16,3.16
12/30/2023 11:00,January,2.99,2.99
12/30/2023 11:05,January,1.94,1.94
12/30/2023 11:10,January,2.79,2.8
12/30/2023 11:15,January,2.79,2.8
12/30/2023 11:20,January,2.93,2.94
12/30/2023 11:25,January,2.92,2.93
12/30/2023 11:30,January,2.93,2.94
12/30/2023 11:35,January,2.79,2.8
12/30/2023 11:40,January,2.79,2.8
12/30/2023 11:45,January,2.8,2.8
12/30/2023 11:50,January,2.8,2.8
12/30/2023 11:55,January,1.96,1.97
12/30/2023 12:00,January,2.79,2.8
12/30/2023 12:05,January,2.84,2.85
12/30/2023 12:10,January,2.8,2.81
12/30/2023 12:15,January,2.99,3
12/30/2023 12:20,January,3,3.01
12/30/2023 12:25,January,2.99,3
12/30/2023 12:30,January,2.84,2.85
12/30/2023 12:35,January,2.8,2.81
12/30/2023 12:40,January,2.99,3
12/30/2023 12:45,January,2.42,2.42
12/30/2023 12:50,January,2.8,2.81
12/30/2023 12:55,January,2.8,2.81
12/30/2023 13:00,January,2.92,2.93
12/30/2023 13:05,January,3,3.01
12/30/2023 13:10,January,3,3.01
12/30/2023 13:15,January,3.56,3.57
12/30/2023 13:20,January,3.86,3.87
12/30/2023 13:25,January,3.56,3.57
12/30/2023 13:30,January,4.01,4.01
12/30/2023 13:35,January,3.57,3.57
12/30/2023 13:40,January,3.63,3.63
12/30/2023 13:45,January,3.34,3.34
12/30/2023 13:50,January,3.28,3.29
12/30/2023 13:55,January,3.45,3.45
12/30/2023 14:00,January,3.28,3.28
12/30/2023 14:05,January,3.25,3.26
12/30/2023 14:10,January,3.24,3.24
12/30/2023 14:15,January,3.63,3.63
12/30/2023 14:20,January,3.5,3.5
12/30/2023 14:25,January,3,3
12/30/2023 14:30,January,3.49,3.49
12/30/2023 14:35,January,3.49,3.49
12/30/2023 14:40,January,3.29,3.29
12/30/2023 14:45,January,3.29,3.29
12/30/2023 14:50,January,3.26,3.26
12/30/2023 14:55,January,2.49,2.48
12/30/2023 15:00,January,3.03,3.03
12/30/2023 15:05,January,3.26,3.26
12/30/2023 15:10,January,3.41,3.4
12/30/2023 15:15,January,3.01,3
12/30/2023 15:20,January,3.01,3
12/30/2023 15:25,January,3.12,3.11
12/30/2023 15:30,January,3.25,3.24
12/30/2023 15:35,January,3.14,3.13
12/30/2023 15:40,January,3.26,3.25
12/30/2023 15:45,January,3.02,3.01
12/30/2023 15:50,January,3.01,3
12/30/2023 15:55,January,3.25,3.24
12/30/2023 16:00,January,2.82,2.81
12/30/2023 16:05,January,3.43,3.41
12/30/2023 16:10,January,3.27,3.25
12/30/2023 16:15,January,3.64,3.62
12/30/2023 16:20,January,3.94,3.92
12/30/2023 16:25,January,4.03,4.01
12/30/2023 16:30,January,3.27,3.25
12/30/2023 16:35,January,3.42,3.4
12/30/2023 16:40,January,3.29,3.27
12/30/2023 16:45,January,3.27,3.25
12/30/2023 16:50,January,3.03,3.01
12/30/2023 16:55,January,3.28,3.25
12/30/2023 17:00,January,2.97,2.94
12/30/2023 17:05,January,2.83,2.81
12/30/2023 17:10,January,2.51,2.5
12/30/2023 17:15,January,2.51,2.5
12/30/2023 17:20,January,3.02,3
12/30/2023 17:25,January,3.02,3
12/30/2023 17:30,January,2.96,2.94
12/30/2023 17:35,January,11.97,11.89
12/30/2023 17:40,January,4.25,4.22
12/30/2023 17:45,January,4.37,4.34
12/30/2023 17:50,January,4.32,4.29
12/30/2023 17:55,January,4.6,4.57
12/30/2023 18:00,January,4.29,4.26
12/30/2023 18:05,January,5.62,5.58
12/30/2023 18:10,January,4.72,4.68
12/30/2023 18:15,January,4.43,4.39
12/30/2023 18:20,January,4.43,4.39
12/30/2023 18:25,January,5.63,5.58
12/30/2023 18:30,January,4.36,4.33
12/30/2023 18:35,January,4.2,4.16
12/30/2023 18:40,January,4.2,4.16
12/30/2023 18:45,January,4.2,4.16
12/30/2023 18:50,January,3.66,3.63
12/30/2023 18:55,January,3.63,3.6
12/30/2023 19:00,January,3.56,3.53
12/30/2023 19:05,January,4.25,4.22
12/30/2023 19:10,January,4.25,4.22
12/30/2023 19:15,January,3.94,3.91
12/30/2023 19:20,January,4.11,4.07
12/30/2023 19:25,January,4,3.96
12/30/2023 19:30,January,3.8,3.77
12/30/2023 19:35,January,3.63,3.6
12/30/2023 19:40,January,3.63,3.6
12/30/2023 19:45,January,3.63,3.6
12/30/2023 19:50,January,3.63,3.6
12/30/2023 19:55,January,3.94,3.91
12/30/2023 20:00,January,3.67,3.64
12/30/2023 20:05,January,4.62,4.58
12/30/2023 20:10,January,4.26,4.23
12/30/2023 20:15,January,4.26,4.22
12/30/2023 20:20,January,4.15,4.12
12/30/2023 20:25,January,4.19,4.16
12/30/2023 20:30,January,4.71,4.67
12/30/2023 20:35,January,4.27,4.24
12/30/2023 20:40,January,4.44,4.4
12/30/2023 20:45,January,4.34,4.3
12/30/2023 20:50,January,4.27,4.24
12/30/2023 20:55,January,4.27,4.24
12/30/2023 21:00,January,4.26,4.23
12/30/2023 21:05,January,25.36,25.15
12/30/2023 21:10,January,10.6,10.51
12/30/2023 21:15,January,4.86,4.83
12/30/2023 21:20,January,4.64,4.6
12/30/2023 21:25,January,4.74,4.7
12/30/2023 21:30,January,4.75,4.71
12/30/2023 21:35,January,4.64,4.6
12/30/2023 21:40,January,4.45,4.42
12/30/2023 21:45,January,4.45,4.42
12/30/2023 21:50,January,4.26,4.23
12/30/2023 21:55,January,4.34,4.3
12/30/2023 22:00,January,4.25,4.22
12/30/2023 22:05,January,5.76,5.72
12/30/2023 22:10,January,4.1,4.07
12/30/2023 22:15,January,4.1,4.07
12/30/2023 22:20,January,4.1,4.07
12/30/2023 22:25,January,4.25,4.21
12/30/2023 22:30,January,3.67,3.64
12/30/2023 22:35,January,3.94,3.91
12/30/2023 22:40,January,3.92,3.89
12/30/2023 22:45,January,3.67,3.63
12/30/2023 22:50,January,3.05,3.02
12/30/2023 22:55,January,3.3,3.27
12/30/2023 23:00,January,3.41,3.38
12/30/2023 23:05,January,4.44,4.4
12/30/2023 23:10,January,3.66,3.63
12/30/2023 23:15,January,3.63,3.59
12/30/2023 23:20,January,3.28,3.25
12/30/2023 23:25,January,3.6,3.57
12/30/2023 23:30,January,3.65,3.62
12/30/2023 23:35,January,3.29,3.26
12/30/2023 23:40,January,3.28,3.25
12/30/2023 23:45,January,3.05,3.02
12/30/2023 23:50,January,3.28,3.25
12/30/2023 23:55,January,3.28,3.25
12/31/2023 0:00,January,3.05,3.02
12/31/2023 0:05,January,4.53,4.5
12/31/2023 0:10,January,4.04,4.01
12/31/2023 0:15,January,3.93,3.89
12/31/2023 0:20,January,2.85,2.82
12/31/2023 0:25,January,3.53,3.5
12/31/2023 0:30,January,3.65,3.61
12/31/2023 0:35,January,3.57,3.54
12/31/2023 0:40,January,3.61,3.58
12/31/2023 0:45,January,3.65,3.61
12/31/2023 0:50,January,3.62,3.59
12/31/2023 0:55,January,3.65,3.62
12/31/2023 1:00,January,3.62,3.58
12/31/2023 1:05,January,3.65,3.62
12/31/2023 1:10,January,3.61,3.58
12/31/2023 1:15,January,3.4,3.36
12/31/2023 1:20,January,3.39,3.36
12/31/2023 1:25,January,3.58,3.55
12/31/2023 1:30,January,3.54,3.51
12/31/2023 1:35,January,3.51,3.48
12/31/2023 1:40,January,3.54,3.51
12/31/2023 1:45,January,3.33,3.3
12/31/2023 1:50,January,3.39,3.36
12/31/2023 1:55,January,3.39,3.36
12/31/2023 2:00,January,3.39,3.36
12/31/2023 2:05,January,2.84,2.81
12/31/2023 2:10,January,2.84,2.81
12/31/2023 2:15,January,3.2,3.17
12/31/2023 2:20,January,3.03,3.01
12/31/2023 2:25,January,3.03,3.01
12/31/2023 2:30,January,3.04,3.01
12/31/2023 2:35,January,3.04,3.01
12/31/2023 2:40,January,3.03,3.01
12/31/2023 2:45,January,2.84,2.81
12/31/2023 2:50,January,3.03,3.01
12/31/2023 2:55,January,2.72,2.69
12/31/2023 3:00,January,2.52,2.5
12/31/2023 3:05,January,2.84,2.81
12/31/2023 3:10,January,2.84,2.81
12/31/2023 3:15,January,2.52,2.5
12/31/2023 3:20,January,2.52,2.5
12/31/2023 3:25,January,2.52,2.5
12/31/2023 3:30,January,2.83,2.81
12/31/2023 3:35,January,2.52,2.5
12/31/2023 3:40,January,2.41,2.4
12/31/2023 3:45,January,2.42,2.4
12/31/2023 3:50,January,2.51,2.49
12/31/2023 3:55,January,2.51,2.5
12/31/2023 4:00,January,2.51,2.5
12/31/2023 4:05,January,2.72,2.7
12/31/2023 4:10,January,3.03,3.01
12/31/2023 4:15,January,2.75,2.73
12/31/2023 4:20,January,2.98,2.96
12/31/2023 4:25,January,3.03,3.01
12/31/2023 4:30,January,3.03,3.02
12/31/2023 4:35,January,3.04,3.02
12/31/2023 4:40,January,3.04,3.02
12/31/2023 4:45,January,3.04,3.02
12/31/2023 4:50,January,3.07,3.05
12/31/2023 4:55,January,3.1,3.09
12/31/2023 5:00,January,3.21,3.19
12/31/2023 5:05,January,3.37,3.35
12/31/2023 5:10,January,3.38,3.36
12/31/2023 5:15,January,3.41,3.4
12/31/2023 5:20,January,3.46,3.44
12/31/2023 5:25,January,3.46,3.44
12/31/2023 5:30,January,3.3,3.28
12/31/2023 5:35,January,3.52,3.5
12/31/2023 5:40,January,3.36,3.34
12/31/2023 5:45,January,3.5,3.48
12/31/2023 5:50,January,3.43,3.41
12/31/2023 5:55,January,3.3,3.29
12/31/2023 6:00,January,3.35,3.33
12/31/2023 6:05,January,3.46,3.45
12/31/2023 6:10,January,3.3,3.29
12/31/2023 6:15,January,3.3,3.29
12/31/2023 6:20,January,3.34,3.32
12/31/2023 6:25,January,3.32,3.3
12/31/2023 6:30,January,3.31,3.29
12/31/2023 6:35,January,3.22,3.2
12/31/2023 6:40,January,3.31,3.3
12/31/2023 6:45,January,3.05,3.03
12/31/2023 6:50,January,3.21,3.2
12/31/2023 6:55,January,3.29,3.27
12/31/2023 7:00,January,3.21,3.2
12/31/2023 7:05,January,2.52,2.51
12/31/2023 7:10,January,3.17,3.16
12/31/2023 7:15,January,3.21,3.2
12/31/2023 7:20,January,3.24,3.23
12/31/2023 7:25,January,3.24,3.23
12/31/2023 7:30,January,3.27,3.26
12/31/2023 7:35,January,3.04,3.04
12/31/2023 7:40,January,3.23,3.22
12/31/2023 7:45,January,3.21,3.2
12/31/2023 7:50,January,3.23,3.22
12/31/2023 7:55,January,3.23,3.22
12/31/2023 8:00,January,3.2,3.19
12/31/2023 8:05,January,3.59,3.58
12/31/2023 8:10,January,2.89,2.89
12/31/2023 8:15,January,2.83,2.83
12/31/2023 8:20,January,2.42,2.42
12/31/2023 8:25,January,2.83,2.82
12/31/2023 8:30,January,2.83,2.82
12/31/2023 8:35,January,2.83,2.82
12/31/2023 8:40,January,2.83,2.82
12/31/2023 8:45,January,2.85,2.85
12/31/2023 8:50,January,3.02,3.02
12/31/2023 8:55,January,3.03,3.02
12/31/2023 9:00,January,3.13,3.12
12/31/2023 9:05,January,2.4,2.4
12/31/2023 9:10,January,2.82,2.82
12/31/2023 9:15,January,2.4,2.4
12/31/2023 9:20,January,2.81,2.82
12/31/2023 9:25,January,3.57,3.57
12/31/2023 9:30,January,3.59,3.59
12/31/2023 9:35,January,3.56,3.57
12/31/2023 9:40,January,3.87,3.87
12/31/2023 9:45,January,3.5,3.5
12/31/2023 9:50,January,3.57,3.57
12/31/2023 9:55,January,3.59,3.59
12/31/2023 10:00,January,3.5,3.5
12/31/2023 10:05,January,2.37,2.37
12/31/2023 10:10,January,2.8,2.81
12/31/2023 10:15,January,2.42,2.42
12/31/2023 10:20,January,2.4,2.4
12/31/2023 10:25,January,2.79,2.8
12/31/2023 10:30,January,2.79,2.8
12/31/2023 10:35,January,3.2,3.21
12/31/2023 10:40,January,2.92,2.92
12/31/2023 10:45,January,2.79,2.8
12/31/2023 10:50,January,2.92,2.92
12/31/2023 10:55,January,2.79,2.8
12/31/2023 11:00,January,2.79,2.8
12/31/2023 11:05,January,13.95,13.96
12/31/2023 11:10,January,4.66,4.67
12/31/2023 11:15,January,3.65,3.65
12/31/2023 11:20,January,3.87,3.87
12/31/2023 11:25,January,3.85,3.85
12/31/2023 11:30,January,3.51,3.51
12/31/2023 11:35,January,3.58,3.58
12/31/2023 11:40,January,2.99,3
12/31/2023 11:45,January,3.48,3.49
12/31/2023 11:50,January,3.33,3.33
12/31/2023 11:55,January,3.44,3.44
12/31/2023 12:00,January,2.4,2.41
12/31/2023 12:05,January,2.41,2.42
12/31/2023 12:10,January,2.42,2.42
12/31/2023 12:15,January,2.79,2.79
12/31/2023 12:20,January,2.79,2.79
12/31/2023 12:25,January,2.79,2.79
12/31/2023 12:30,January,2.79,2.79
12/31/2023 12:35,January,3.1,3.11
12/31/2023 12:40,January,2.79,2.79
12/31/2023 12:45,January,2.79,2.79
12/31/2023 12:50,January,3.05,3.05
12/31/2023 12:55,January,2.99,2.99
12/31/2023 13:00,January,3.48,3.48
12/31/2023 13:05,January,3.8,3.79
12/31/2023 13:10,January,3.86,3.86
12/31/2023 13:15,January,4.37,4.36
12/31/2023 13:20,January,3.86,3.86
12/31/2023 13:25,January,3.54,3.54
12/31/2023 13:30,January,3.59,3.59
12/31/2023 13:35,January,3.66,3.66
12/31/2023 13:40,January,3.66,3.65
12/31/2023 13:45,January,3.66,3.65
12/31/2023 13:50,January,3.55,3.54
12/31/2023 13:55,January,3.67,3.66
12/31/2023 14:00,January,3.6,3.59
12/31/2023 14:05,January,3.57,3.56
12/31/2023 14:10,January,2.41,2.4
12/31/2023 14:15,January,2.49,2.48
12/31/2023 14:20,January,2.76,2.75
12/31/2023 14:25,January,3,2.99
12/31/2023 14:30,January,2.8,2.79
12/31/2023 14:35,January,3.54,3.52
12/31/2023 14:40,January,3.52,3.51
12/31/2023 14:45,January,3.52,3.51
12/31/2023 14:50,January,3.52,3.51
12/31/2023 14:55,January,3.5,3.48
12/31/2023 15:00,January,3.5,3.48
12/31/2023 15:05,January,3.66,3.64
12/31/2023 15:10,January,3.56,3.54
12/31/2023 15:15,January,3.56,3.54
12/31/2023 15:20,January,3.53,3.51
12/31/2023 15:25,January,3.66,3.64
12/31/2023 15:30,January,3.56,3.54
12/31/2023 15:35,January,3.56,3.53
12/31/2023 15:40,January,3.55,3.53
12/31/2023 15:45,January,3.56,3.53
12/31/2023 15:50,January,3.56,3.54
12/31/2023 15:55,January,3.66,3.64
12/31/2023 16:00,January,3.56,3.54
12/31/2023 16:05,January,4.26,4.24
12/31/2023 16:10,January,3.67,3.65
12/31/2023 16:15,January,3.94,3.91
12/31/2023 16:20,January,4.11,4.08
12/31/2023 16:25,January,3.94,3.91
12/31/2023 16:30,January,3.74,3.72
12/31/2023 16:35,January,4.05,4.03
12/31/2023 16:40,January,3.55,3.53
12/31/2023 16:45,January,3.55,3.53
12/31/2023 16:50,January,3.55,3.53
12/31/2023 16:55,January,3.69,3.66
12/31/2023 17:00,January,3.69,3.66
12/31/2023 17:05,January,3.69,3.66
12/31/2023 17:10,January,3.68,3.66
12/31/2023 17:15,January,3.68,3.66
12/31/2023 17:20,January,3.69,3.66
12/31/2023 17:25,January,3.68,3.66
12/31/2023 17:30,January,4.06,4.03
12/31/2023 17:35,January,3.69,3.66
12/31/2023 17:40,January,5.62,5.58
12/31/2023 17:45,January,10.74,10.67
12/31/2023 17:50,January,9.18,9.12
12/31/2023 17:55,January,9.17,9.1
12/31/2023 18:00,January,5.62,5.58
12/31/2023 18:05,January,4.7,4.66
12/31/2023 18:10,January,8.69,8.62
12/31/2023 18:15,January,8.69,8.62
12/31/2023 18:20,January,4.5,4.46
12/31/2023 18:25,January,4.36,4.32
12/31/2023 18:30,January,4.66,4.62
12/31/2023 18:35,January,4.36,4.32
12/31/2023 18:40,January,4,3.96
12/31/2023 18:45,January,4.2,4.16
12/31/2023 18:50,January,4.2,4.16
12/31/2023 18:55,January,4.2,4.16
12/31/2023 19:00,January,4.2,4.16
12/31/2023 19:05,January,4.08,4.04
12/31/2023 19:10,January,3.63,3.6
12/31/2023 19:15,January,3.5,3.47
12/31/2023 19:20,January,3.69,3.66
12/31/2023 19:25,January,3.69,3.66
12/31/2023 19:30,January,3.69,3.66
12/31/2023 19:35,January,3.65,3.62
12/31/2023 19:40,January,3.55,3.52
12/31/2023 19:45,January,3.55,3.52
12/31/2023 19:50,January,3.49,3.46
12/31/2023 19:55,January,3.5,3.47
12/31/2023 20:00,January,3.47,3.43
12/31/2023 20:05,January,3.43,3.39
12/31/2023 20:10,January,3.43,3.4
12/31/2023 20:15,January,3.44,3.41
12/31/2023 20:20,January,3.47,3.44
12/31/2023 20:25,January,3.44,3.41
12/31/2023 20:30,January,3.44,3.41
12/31/2023 20:35,January,3.41,3.38
12/31/2023 20:40,January,3.41,3.37
12/31/2023 20:45,January,3.12,3.09
12/31/2023 20:50,January,3.12,3.09
12/31/2023 20:55,January,3.38,3.35
12/31/2023 21:00,January,3.08,3.05
12/31/2023 21:05,January,4.64,4.59
12/31/2023 21:10,January,4.26,4.22
12/31/2023 21:15,January,4.41,4.37
12/31/2023 21:20,January,3.95,3.91
12/31/2023 21:25,January,3.95,3.91
12/31/2023 21:30,January,3.94,3.9
12/31/2023 21:35,January,3.67,3.64
12/31/2023 21:40,January,3.7,3.67
12/31/2023 21:45,January,3.68,3.64
12/31/2023 21:50,January,3.67,3.63
12/31/2023 21:55,January,3.71,3.67
12/31/2023 22:00,January,3.71,3.67
12/31/2023 22:05,January,3.71,3.67
12/31/2023 22:10,January,3.86,3.83
12/31/2023 22:15,January,3.91,3.87
12/31/2023 22:20,January,3.91,3.87
12/31/2023 22:25,January,3.67,3.63
12/31/2023 22:30,January,3.71,3.67
12/31/2023 22:35,January,3.67,3.64
12/31/2023 22:40,January,3.67,3.63
12/31/2023 22:45,January,3.67,3.63
12/31/2023 22:50,January,3.62,3.58
12/31/2023 22:55,January,3.65,3.62
12/31/2023 23:00,January,3.61,3.57
12/31/2023 23:05,January,3.62,3.58
12/31/2023 23:10,January,3.62,3.58
12/31/2023 23:15,January,3.62,3.58
12/31/2023 23:20,January,3.61,3.57
12/31/2023 23:25,January,3.61,3.57
12/31/2023 23:30,January,3.61,3.57
12/31/2023 23:35,January,3.29,3.26
12/31/2023 23:40,January,3.61,3.57
12/31/2023 23:45,January,3.29,3.26
12/31/2023 23:50,January,3.29,3.26
12/31/2023 23:55,January,3.59,3.55
01/01/2024 0:00,January,3.23,3.2
01/01/2024 0:05,January,3.29,3.26
01/01/2024 0:10,January,3.65,3.61
01/01/2024 0:15,January,3.61,3.57
01/01/2024 0:20,January,3.05,3.02
01/01/2024 0:25,January,3.09,3.06
01/01/2024 0:30,January,3.6,3.57
01/01/2024 0:35,January,4.42,4.37
01/01/2024 0:40,January,3.89,3.85
01/01/2024 0:45,January,3.73,3.69
01/01/2024 0:50,January,4.04,4
01/01/2024 0:55,January,3.89,3.85
01/01/2024 1:00,January,3.6,3.57
01/01/2024 1:05,January,3.66,3.62
01/01/2024 1:10,January,3.6,3.57
01/01/2024 1:15,January,3.73,3.69
01/01/2024 1:20,January,3.66,3.62
01/01/2024 1:25,January,3.6,3.56
01/01/2024 1:30,January,3.66,3.62
01/01/2024 1:35,January,3.89,3.85
01/01/2024 1:40,January,3.66,3.63
01/01/2024 1:45,January,3.65,3.61
01/01/2024 1:50,January,3.67,3.63
01/01/2024 1:55,January,3.66,3.63
01/01/2024 2:00,January,3.6,3.56
01/01/2024 2:05,January,3.14,3.11
01/01/2024 2:10,January,3.15,3.12
01/01/2024 2:15,January,3.17,3.14
01/01/2024 2:20,January,3.16,3.13
01/01/2024 2:25,January,3.17,3.14
01/01/2024 2:30,January,3.17,3.15
01/01/2024 2:35,January,3.16,3.14
01/01/2024 2:40,January,3.19,3.16
01/01/2024 2:45,January,3.19,3.16
01/01/2024 2:50,January,3.17,3.14
01/01/2024 2:55,January,3.18,3.15
01/01/2024 3:00,January,3.14,3.11
01/01/2024 3:05,January,3.18,3.15
01/01/2024 3:10,January,3.18,3.15
01/01/2024 3:15,January,3.17,3.14
01/01/2024 3:20,January,3.16,3.13
01/01/2024 3:25,January,3.15,3.13
01/01/2024 3:30,January,3.14,3.11
01/01/2024 3:35,January,3.12,3.09
01/01/2024 3:40,January,3.03,3.01
01/01/2024 3:45,January,3.03,3.01
01/01/2024 3:50,January,2.83,2.81
01/01/2024 3:55,January,2.83,2.81
01/01/2024 4:00,January,2.52,2.5
01/01/2024 4:05,January,2.83,2.81
01/01/2024 4:10,January,2.52,2.5
01/01/2024 4:15,January,2.52,2.5
01/01/2024 4:20,January,2.52,2.5
01/01/2024 4:25,January,2.52,2.5
01/01/2024 4:30,January,2.5,2.48
01/01/2024 4:35,January,0.1,0.1
01/01/2024 4:40,January,2.52,2.5
01/01/2024 4:45,January,2.52,2.5
01/01/2024 4:50,January,2.51,2.5
01/01/2024 4:55,January,2.51,2.5
01/01/2024 5:00,January,2.51,2.5
01/01/2024 5:05,January,3.13,3.1
01/01/2024 5:10,January,3.02,3
01/01/2024 5:15,January,3.12,3.1
01/01/2024 5:20,January,3.12,3.1
01/01/2024 5:25,January,3.03,3.01
01/01/2024 5:30,January,3.03,3.01
01/01/2024 5:35,January,2.92,2.9
01/01/2024 5:40,January,3.03,3.01
01/01/2024 5:45,January,3.03,3.01
01/01/2024 5:50,January,3.03,3.02
01/01/2024 5:55,January,3.03,3.01
01/01/2024 6:00,January,2.83,2.82
01/01/2024 6:05,January,0,0
01/01/2024 6:10,January,0,0
01/01/2024 6:15,January,2.51,2.5
01/01/2024 6:20,January,2.52,2.51
01/01/2024 6:25,January,2.6,2.59
01/01/2024 6:30,January,0,0
01/01/2024 6:35,January,0,0
01/01/2024 6:40,January,0,0
01/01/2024 6:45,January,2.02,2.01
01/01/2024 6:50,January,2.5,2.49
01/01/2024 6:55,January,0,0
01/01/2024 7:00,January,0,0
01/01/2024 7:05,January,-0.01,-0.01
01/01/2024 7:10,January,0,0
01/01/2024 7:15,January,0,0
01/01/2024 7:20,January,0,0
01/01/2024 7:25,January,0,0
01/01/2024 7:30,January,0,0
01/01/2024 7:35,January,0,0
01/01/2024 7:40,January,0,0
01/01/2024 7:45,January,0,0
01/01/2024 7:50,January,0,0
01/01/2024 7:55,January,0,0
01/01/2024 8:00,January,0,0
01/01/2024 8:05,January,0,0
01/01/2024 8:10,January,-0.01,-0.01
01/01/2024 8:15,January,-0.5,-0.5
01/01/2024 8:20,January,-0.01,-0.01
01/01/2024 8:25,January,-0.01,-0.01
01/01/2024 8:30,January,0,0
01/01/2024 8:35,January,0,0
01/01/2024 8:40,January,0,0
01/01/2024 8:45,January,0,0
01/01/2024 8:50,January,-0.01,-0.01
01/01/2024 8:55,January,-0.01,-0.01
01/01/2024 9:00,January,-0.15,-0.15
01/01/2024 9:05,January,-1.99,-1.99
01/01/2024 9:10,January,-1.98,-1.99
01/01/2024 9:15,January,-1.98,-1.98
01/01/2024 9:20,January,-1.98,-1.98
01/01/2024 9:25,January,-1.97,-1.98
01/01/2024 9:30,January,-1.97,-1.98
01/01/2024 9:35,January,-1.97,-1.98
01/01/2024 9:40,January,-1.97,-1.98
01/01/2024 9:45,January,-1.97,-1.97
01/01/2024 9:50,January,-1.97,-1.98
01/01/2024 9:55,January,-1.97,-1.98
01/01/2024 10:00,January,-1.97,-1.98
01/01/2024 10:05,January,-1.98,-1.98
01/01/2024 10:10,January,-1.98,-1.98
01/01/2024 10:15,January,-1.98,-1.98
01/01/2024 10:20,January,-1.98,-1.98
01/01/2024 10:25,January,-1.98,-1.98
01/01/2024 10:30,January,-1.05,-1.05
01/01/2024 10:35,January,-1.98,-1.98
01/01/2024 10:40,January,-1.05,-1.05
01/01/2024 10:45,January,-1.05,-1.05
01/01/2024 10:50,January,-1.05,-1.05
01/01/2024 10:55,January,-1.05,-1.05
01/01/2024 11:00,January,-1.05,-1.05
01/01/2024 11:05,January,-0.99,-0.99
01/01/2024 11:10,January,-0.99,-0.99
01/01/2024 11:15,January,-1,-1
01/01/2024 11:20,January,-1,-1
01/01/2024 11:25,January,-0.99,-0.99
01/01/2024 11:30,January,-1.98,-1.98
01/01/2024 11:35,January,-1.05,-1.05
01/01/2024 11:40,January,-1,-1.01
01/01/2024 11:45,January,0,0
01/01/2024 11:50,January,0,0
01/01/2024 11:55,January,0,0
01/01/2024 12:00,January,0,0
01/01/2024 12:05,January,0,0
01/01/2024 12:10,January,0,0
01/01/2024 12:15,January,2.02,2.03
01/01/2024 12:20,January,0,0
01/01/2024 12:25,January,0,0
01/01/2024 12:30,January,0,0
01/01/2024 12:35,January,0,0
01/01/2024 12:40,January,0,0
01/01/2024 12:45,January,0,0
01/01/2024 12:50,January,-0.99,-0.99
01/01/2024 12:55,January,0,0
01/01/2024 13:00,January,0,0
01/01/2024 13:05,January,0,0
01/01/2024 13:10,January,0,0
01/01/2024 13:15,January,2.39,2.4
01/01/2024 13:20,January,0,0
01/01/2024 13:25,January,0.1,0.1
01/01/2024 13:30,January,1.97,1.97
01/01/2024 13:35,January,2.96,2.96
01/01/2024 13:40,January,2.67,2.67
01/01/2024 13:45,January,2.55,2.55
01/01/2024 13:50,January,2.55,2.55
01/01/2024 13:55,January,2.67,2.67
01/01/2024 14:00,January,2.46,2.47
01/01/2024 14:05,January,0.74,0.74
01/01/2024 14:10,January,2.45,2.45
01/01/2024 14:15,January,2.88,2.88
01/01/2024 14:20,January,2.87,2.87
01/01/2024 14:25,January,2.88,2.88
01/01/2024 14:30,January,2.81,2.81
01/01/2024 14:35,January,2.87,2.87
01/01/2024 14:40,January,2.87,2.87
01/01/2024 14:45,January,2.87,2.87
01/01/2024 14:50,January,2.87,2.87
01/01/2024 14:55,January,2.68,2.68
01/01/2024 15:00,January,2.47,2.47
01/01/2024 15:05,January,2.98,2.98
01/01/2024 15:10,January,2.68,2.68
01/01/2024 15:15,January,2.69,2.68
01/01/2024 15:20,January,2.69,2.68
01/01/2024 15:25,January,2.69,2.68
01/01/2024 15:30,January,2.69,2.69
01/01/2024 15:35,January,2.69,2.69
01/01/2024 15:40,January,2.99,2.98
01/01/2024 15:45,January,2.89,2.89
01/01/2024 15:50,January,2.9,2.89
01/01/2024 15:55,January,2.89,2.88
01/01/2024 16:00,January,3.05,3.04
01/01/2024 16:05,January,2.99,2.98
01/01/2024 16:10,January,2.56,2.55
01/01/2024 16:15,January,2.95,2.94
01/01/2024 16:20,January,2.84,2.83
01/01/2024 16:25,January,2.8,2.79
01/01/2024 16:30,January,2.81,2.79
01/01/2024 16:35,January,2.86,2.85
01/01/2024 16:40,January,2.81,2.79
01/01/2024 16:45,January,2.56,2.55
01/01/2024 16:50,January,2.84,2.83
01/01/2024 16:55,January,2.84,2.82
01/01/2024 17:00,January,2.87,2.85
01/01/2024 17:05,January,2.51,2.5
01/01/2024 17:10,January,2.51,2.5
01/01/2024 17:15,January,2.51,2.5
01/01/2024 17:20,January,2.82,2.81
01/01/2024 17:25,January,2.86,2.85
01/01/2024 17:30,January,3.45,3.43
01/01/2024 17:35,January,3.57,3.55
01/01/2024 17:40,January,3.67,3.65
01/01/2024 17:45,January,3.67,3.65
01/01/2024 17:50,January,3.87,3.85
01/01/2024 17:55,January,4.06,4.04
01/01/2024 18:00,January,4.52,4.49
01/01/2024 18:05,January,4.55,4.52
01/01/2024 18:10,January,4.55,4.52
01/01/2024 18:15,January,4.22,4.19
01/01/2024 18:20,January,3.55,3.53
01/01/2024 18:25,January,3.55,3.53
01/01/2024 18:30,January,3.52,3.5
01/01/2024 18:35,January,3.52,3.5
01/01/2024 18:40,January,3.52,3.49
01/01/2024 18:45,January,3.52,3.49
01/01/2024 18:50,January,3.55,3.53
01/01/2024 18:55,January,3.54,3.52
01/01/2024 19:00,January,3.52,3.49
01/01/2024 19:05,January,3.61,3.58
01/01/2024 19:10,January,3.6,3.57
01/01/2024 19:15,January,3.61,3.58
01/01/2024 19:20,January,3.4,3.38
01/01/2024 19:25,January,3.57,3.54
01/01/2024 19:30,January,3.53,3.5
01/01/2024 19:35,January,3.53,3.5
01/01/2024 19:40,January,3.51,3.48
01/01/2024 19:45,January,3.5,3.47
01/01/2024 19:50,January,3.64,3.61
01/01/2024 19:55,January,3.54,3.51
01/01/2024 20:00,January,3.54,3.51
01/01/2024 20:05,January,3.83,3.8
01/01/2024 20:10,January,3.64,3.61
01/01/2024 20:15,January,3.02,2.99
01/01/2024 20:20,January,3.18,3.15
01/01/2024 20:25,January,3.88,3.85
01/01/2024 20:30,January,3.69,3.66
01/01/2024 20:35,January,3.91,3.87
01/01/2024 20:40,January,3.69,3.66
01/01/2024 20:45,January,3.9,3.87
01/01/2024 20:50,January,3.89,3.85
01/01/2024 20:55,January,3.71,3.68
01/01/2024 21:00,January,3.71,3.67
01/01/2024 21:05,January,4.94,4.89
01/01/2024 21:10,January,3.95,3.91
01/01/2024 21:15,January,3.6,3.57
01/01/2024 21:20,January,3.6,3.57
01/01/2024 21:25,January,3.61,3.57
01/01/2024 21:30,January,3.69,3.66
01/01/2024 21:35,January,3.56,3.53
01/01/2024 21:40,January,3.6,3.57
01/01/2024 21:45,January,3.6,3.57
01/01/2024 21:50,January,3.57,3.54
01/01/2024 21:55,January,3.58,3.54
01/01/2024 22:00,January,3.18,3.15
01/01/2024 22:05,January,3.6,3.57
01/01/2024 22:10,January,3.53,3.5
01/01/2024 22:15,January,3.57,3.54
01/01/2024 22:20,January,3.58,3.55
01/01/2024 22:25,January,3.6,3.56
01/01/2024 22:30,January,3.18,3.15
01/01/2024 22:35,January,3.18,3.15
01/01/2024 22:40,January,3.18,3.15
01/01/2024 22:45,January,3.18,3.15
01/01/2024 22:50,January,3.17,3.15
01/01/2024 22:55,January,3.49,3.46
01/01/2024 23:00,January,3.17,3.14
01/01/2024 23:05,January,4.7,4.66
01/01/2024 23:10,January,3.6,3.56
01/01/2024 23:15,January,3.34,3.31
01/01/2024 23:20,January,3.17,3.15
01/01/2024 23:25,January,3.19,3.16
01/01/2024 23:30,January,3.17,3.15
01/01/2024 23:35,January,3.51,3.48
01/01/2024 23:40,January,3.18,3.15
01/01/2024 23:45,January,3.18,3.15
01/01/2024 23:50,January,3.27,3.24
01/01/2024 23:55,January,3.5,3.47
01/02/2024 0:00,January,3.18,3.15
01/02/2024 0:05,January,5.01,4.97
01/02/2024 0:10,January,3.79,3.76
01/02/2024 0:15,January,3.4,3.37
01/02/2024 0:20,January,3.44,3.41
01/02/2024 0:25,January,3.18,3.15
01/02/2024 0:30,January,3.18,3.15
01/02/2024 0:35,January,3.34,3.31
01/02/2024 0:40,January,3.18,3.15
01/02/2024 0:45,January,3.18,3.15
01/02/2024 0:50,January,3.18,3.15
01/02/2024 0:55,January,3.18,3.15
01/02/2024 1:00,January,3.18,3.15
01/02/2024 1:05,January,3.38,3.36
01/02/2024 1:10,January,3.33,3.3
01/02/2024 1:15,January,3.32,3.29
01/02/2024 1:20,January,3.05,3.02
01/02/2024 1:25,January,3.05,3.03
01/02/2024 1:30,January,2.88,2.86
01/02/2024 1:35,January,2.89,2.87
01/02/2024 1:40,January,3.01,2.99
01/02/2024 1:45,January,3.01,2.99
01/02/2024 1:50,January,3.01,2.99
01/02/2024 1:55,January,2.87,2.85
01/02/2024 2:00,January,2.86,2.83
01/02/2024 2:05,January,2.82,2.8
01/02/2024 2:10,January,2.82,2.8
01/02/2024 2:15,January,2.82,2.8
01/02/2024 2:20,January,0.1,0.1
01/02/2024 2:25,January,2.54,2.52
01/02/2024 2:30,January,2.82,2.8
01/02/2024 2:35,January,2.86,2.84
01/02/2024 2:40,January,2.82,2.8
01/02/2024 2:45,January,2.86,2.85
01/02/2024 2:50,January,2.86,2.85
01/02/2024 2:55,January,2.87,2.85
01/02/2024 3:00,January,2.87,2.85
01/02/2024 3:05,January,2.83,2.81
01/02/2024 3:10,January,2.87,2.85
01/02/2024 3:15,January,2.91,2.89
01/02/2024 3:20,January,2.91,2.89
01/02/2024 3:25,January,2.91,2.89
01/02/2024 3:30,January,2.91,2.9
01/02/2024 3:35,January,2.92,2.91
01/02/2024 3:40,January,2.94,2.92
01/02/2024 3:45,January,2.92,2.9
01/02/2024 3:50,January,2.91,2.9
01/02/2024 3:55,January,2.91,2.89
01/02/2024 4:00,January,2.87,2.86
01/02/2024 4:05,January,2.88,2.86
01/02/2024 4:10,January,2.9,2.89
01/02/2024 4:15,January,2.91,2.9
01/02/2024 4:20,January,2.91,2.9
01/02/2024 4:25,January,2.92,2.9
01/02/2024 4:30,January,2.92,2.91
01/02/2024 4:35,January,2.92,2.9
01/02/2024 4:40,January,3.03,3.01
01/02/2024 4:45,January,2.99,2.98
01/02/2024 4:50,January,2.83,2.82
01/02/2024 4:55,January,2.9,2.89
01/02/2024 5:00,January,2.91,2.89
01/02/2024 5:05,January,3.03,3.01
01/02/2024 5:10,January,3.06,3.04
01/02/2024 5:15,January,3.19,3.18
01/02/2024 5:20,January,3.19,3.18
01/02/2024 5:25,January,3.25,3.23
01/02/2024 5:30,January,3.25,3.23
01/02/2024 5:35,January,3.4,3.38
01/02/2024 5:40,January,3.25,3.23
01/02/2024 5:45,January,3.25,3.23
01/02/2024 5:50,January,3.41,3.39
01/02/2024 5:55,January,3.3,3.28
01/02/2024 6:00,January,3.3,3.29
01/02/2024 6:05,January,3.19,3.18
01/02/2024 6:10,January,3.42,3.4
01/02/2024 6:15,January,3.48,3.46
01/02/2024 6:20,January,3.6,3.58
01/02/2024 6:25,January,3.48,3.46
01/02/2024 6:30,January,3.07,3.05
01/02/2024 6:35,January,3.3,3.29
01/02/2024 6:40,January,3.3,3.29
01/02/2024 6:45,January,3.3,3.29
01/02/2024 6:50,January,3.3,3.28
01/02/2024 6:55,January,3.47,3.45
01/02/2024 7:00,January,3.48,3.46
01/02/2024 7:05,January,2.84,2.83
01/02/2024 7:10,January,2.95,2.93
01/02/2024 7:15,January,3.02,3
01/02/2024 7:20,January,3.18,3.16
01/02/2024 7:25,January,3.17,3.16
01/02/2024 7:30,January,3.17,3.15
01/02/2024 7:35,January,3.17,3.15
01/02/2024 7:40,January,3.26,3.24
01/02/2024 7:45,January,3.26,3.24
01/02/2024 7:50,January,3.26,3.24
01/02/2024 7:55,January,4.02,4
01/02/2024 8:00,January,3.94,3.92
01/02/2024 8:05,January,0,0
01/02/2024 8:10,January,2.49,2.48
01/02/2024 8:15,January,2.84,2.82
01/02/2024 8:20,January,2.86,2.85
01/02/2024 8:25,January,3.14,3.13
01/02/2024 8:30,January,3.14,3.13
01/02/2024 8:35,January,4.01,4
01/02/2024 8:40,January,3.26,3.26
01/02/2024 8:45,January,3.26,3.25
01/02/2024 8:50,January,3.42,3.41
01/02/2024 8:55,January,3.45,3.44
01/02/2024 9:00,January,3.42,3.41
01/02/2024 9:05,January,0,0
01/02/2024 9:10,January,2.55,2.55
01/02/2024 9:15,January,2.76,2.75
01/02/2024 9:20,January,2.81,2.8
01/02/2024 9:25,January,2.84,2.84
01/02/2024 9:30,January,2.95,2.94
01/02/2024 9:35,January,3.43,3.43
01/02/2024 9:40,January,3.35,3.35
01/02/2024 9:45,January,3.59,3.58
01/02/2024 9:50,January,3.44,3.43
01/02/2024 9:55,January,3.62,3.61
01/02/2024 10:00,January,3.5,3.5
01/02/2024 10:05,January,2.83,2.83
01/02/2024 10:10,January,2.95,2.94
01/02/2024 10:15,January,4.01,4.01
01/02/2024 10:20,January,3.64,3.64
01/02/2024 10:25,January,3.51,3.5
01/02/2024 10:30,January,4.46,4.46
01/02/2024 10:35,January,4.02,4.01
01/02/2024 10:40,January,3.65,3.65
01/02/2024 10:45,January,3.56,3.56
01/02/2024 10:50,January,3.52,3.52
01/02/2024 10:55,January,3.51,3.51
01/02/2024 11:00,January,4.7,4.69
01/02/2024 11:05,January,2.86,2.86
01/02/2024 11:10,January,3.51,3.51
01/02/2024 11:15,January,3.51,3.51
01/02/2024 11:20,January,3.51,3.51
01/02/2024 11:25,January,3.51,3.51
01/02/2024 11:30,January,3.51,3.51
01/02/2024 11:35,January,3.51,3.51
01/02/2024 11:40,January,3.51,3.5
01/02/2024 11:45,January,3.51,3.51
01/02/2024 11:50,January,3.48,3.49
01/02/2024 11:55,January,3.69,3.68
01/02/2024 12:00,January,3.47,3.46
01/02/2024 12:05,January,3.28,3.28
01/02/2024 12:10,January,3.49,3.49
01/02/2024 12:15,January,3.5,3.5
01/02/2024 12:20,January,3.65,3.65
01/02/2024 12:25,January,3.51,3.5
01/02/2024 12:30,January,4.01,4.01
01/02/2024 12:35,January,3.9,3.9
01/02/2024 12:40,January,3.51,3.51
01/02/2024 12:45,January,3.51,3.51
01/02/2024 12:50,January,3.51,3.51
01/02/2024 12:55,January,3.51,3.51
01/02/2024 13:00,January,4.01,4.01
01/02/2024 13:05,January,4.46,4.46
01/02/2024 13:10,January,4.22,4.23
01/02/2024 13:15,January,4.7,4.7
01/02/2024 13:20,January,4.46,4.47
01/02/2024 13:25,January,3.52,3.52
01/02/2024 13:30,January,4.22,4.22
01/02/2024 13:35,January,4.02,4.02
01/02/2024 13:40,January,4.22,4.22
01/02/2024 13:45,January,3.52,3.53
01/02/2024 13:50,January,3.53,3.53
01/02/2024 13:55,January,3.53,3.53
01/02/2024 14:00,January,4.02,4.02
01/02/2024 14:05,January,4.73,4.73
01/02/2024 14:10,January,5.46,5.46
01/02/2024 14:15,January,3.93,3.93
01/02/2024 14:20,January,4.47,4.48
01/02/2024 14:25,January,4.48,4.48
01/02/2024 14:30,January,4.7,4.71
01/02/2024 14:35,January,5.46,5.46
01/02/2024 14:40,January,17.15,17.16
01/02/2024 14:45,January,17.13,17.14
01/02/2024 14:50,January,2.84,2.84
01/02/2024 14:55,January,3.93,3.93
01/02/2024 15:00,January,3.93,3.93
01/02/2024 15:05,January,17.16,17.14
01/02/2024 15:10,January,5.52,5.51
01/02/2024 15:15,January,4.51,4.5
01/02/2024 15:20,January,4.74,4.74
01/02/2024 15:25,January,4.66,4.66
01/02/2024 15:30,January,4.52,4.51
01/02/2024 15:35,January,14.04,14.01
01/02/2024 15:40,January,10.78,10.76
01/02/2024 15:45,January,4.76,4.75
01/02/2024 15:50,January,4.77,4.76
01/02/2024 15:55,January,5.07,5.05
01/02/2024 16:00,January,4.77,4.75
01/02/2024 16:05,January,5.06,5.04
01/02/2024 16:10,January,2.81,2.8
01/02/2024 16:15,January,3.66,3.65
01/02/2024 16:20,January,4.25,4.23
01/02/2024 16:25,January,4.26,4.23
01/02/2024 16:30,January,4.54,4.52
01/02/2024 16:35,January,4.11,4.09
01/02/2024 16:40,January,4.26,4.24
01/02/2024 16:45,January,4.4,4.38
01/02/2024 16:50,January,4.27,4.24
01/02/2024 16:55,January,4.26,4.24
01/02/2024 17:00,January,3.67,3.65
01/02/2024 17:05,January,2.84,2.83
01/02/2024 17:10,January,2.83,2.81
01/02/2024 17:15,January,3.58,3.56
01/02/2024 17:20,January,3.94,3.91
01/02/2024 17:25,January,4.26,4.23
01/02/2024 17:30,January,4.26,4.23
01/02/2024 17:35,January,4.27,4.24
01/02/2024 17:40,January,5.57,5.53
01/02/2024 17:45,January,14.03,13.95
01/02/2024 17:50,January,12.04,11.97
01/02/2024 17:55,January,5.57,5.54
01/02/2024 18:00,January,4.8,4.78
01/02/2024 18:05,January,5.52,5.49
01/02/2024 18:10,January,4.8,4.78
01/02/2024 18:15,January,4.82,4.79
01/02/2024 18:20,January,4.83,4.8
01/02/2024 18:25,January,2.83,2.81
01/02/2024 18:30,January,4.59,4.56
01/02/2024 18:35,January,4.83,4.79
01/02/2024 18:40,January,4.6,4.56
01/02/2024 18:45,January,4.59,4.56
01/02/2024 18:50,January,4.82,4.79
01/02/2024 18:55,January,4.27,4.24
01/02/2024 19:00,January,4.58,4.55
01/02/2024 19:05,January,10.71,10.64
01/02/2024 19:10,January,4.82,4.78
01/02/2024 19:15,January,4.82,4.79
01/02/2024 19:20,January,4.82,4.79
01/02/2024 19:25,January,5.18,5.15
01/02/2024 19:30,January,5.19,5.15
01/02/2024 19:35,January,4.83,4.8
01/02/2024 19:40,January,4.83,4.79
01/02/2024 19:45,January,4.83,4.79
01/02/2024 19:50,January,4.83,4.79
01/02/2024 19:55,January,3.74,3.71
01/02/2024 20:00,January,4.07,4.04
01/02/2024 20:05,January,13.95,13.85
01/02/2024 20:10,January,5.19,5.15
01/02/2024 20:15,January,4.08,4.05
01/02/2024 20:20,January,4.58,4.55
01/02/2024 20:25,January,4.81,4.77
01/02/2024 20:30,January,4.82,4.78
01/02/2024 20:35,January,4.07,4.04
01/02/2024 20:40,January,4.58,4.55
01/02/2024 20:45,January,4.58,4.55
01/02/2024 20:50,January,4.59,4.55
01/02/2024 20:55,January,5.2,5.16
01/02/2024 21:00,January,4.82,4.78
01/02/2024 21:05,January,25.59,25.4
01/02/2024 21:10,January,11.99,11.9
01/02/2024 21:15,January,5.2,5.17
01/02/2024 21:20,January,5.19,5.15
01/02/2024 21:25,January,4.84,4.8
01/02/2024 21:30,January,3.61,3.58
01/02/2024 21:35,January,3.74,3.71
01/02/2024 21:40,January,3.68,3.65
01/02/2024 21:45,January,4.82,4.78
01/02/2024 21:50,January,4.59,4.56
01/02/2024 21:55,January,3.68,3.65
01/02/2024 22:00,January,3.67,3.64
01/02/2024 22:05,January,30.46,30.21
01/02/2024 22:10,January,11.98,11.88
01/02/2024 22:15,January,4.77,4.73
01/02/2024 22:20,January,4.77,4.73
01/02/2024 22:25,January,4.77,4.73
01/02/2024 22:30,January,4.77,4.73
01/02/2024 22:35,January,4.07,4.04
01/02/2024 22:40,January,4.53,4.49
01/02/2024 22:45,January,3.96,3.92
01/02/2024 22:50,January,4.19,4.15
01/02/2024 22:55,January,4.19,4.15
01/02/2024 23:00,January,4.19,4.15
01/02/2024 23:05,January,30.37,30.12
01/02/2024 23:10,January,4.57,4.53
01/02/2024 23:15,January,4.26,4.22
01/02/2024 23:20,January,4.26,4.22
01/02/2024 23:25,January,3.68,3.65
01/02/2024 23:30,January,4,3.97
01/02/2024 23:35,January,4.73,4.69
01/02/2024 23:40,January,4.17,4.13
01/02/2024 23:45,January,4.17,4.14
01/02/2024 23:50,January,2.87,2.84
01/02/2024 23:55,January,3.62,3.59
01/03/2024 0:00,January,3.63,3.6
01/03/2024 0:05,January,4.52,4.49
01/03/2024 0:10,January,4.24,4.2
01/03/2024 0:15,January,4.09,4.06
01/03/2024 0:20,January,4.23,4.2
01/03/2024 0:25,January,3.76,3.73
01/03/2024 0:30,January,4.23,4.2
01/03/2024 0:35,January,3.95,3.91
01/03/2024 0:40,January,3.76,3.73
01/03/2024 0:45,January,3.94,3.91
01/03/2024 0:50,January,4.09,4.06
01/03/2024 0:55,January,4.03,4
01/03/2024 1:00,January,4.03,4
01/03/2024 1:05,January,4.04,4.01
01/03/2024 1:10,January,4.04,4.01
01/03/2024 1:15,January,4.03,4
01/03/2024 1:20,January,4.03,4
01/03/2024 1:25,January,4.04,4.01
01/03/2024 1:30,January,3.93,3.9
01/03/2024 1:35,January,3.92,3.89
01/03/2024 1:40,January,3.92,3.89
01/03/2024 1:45,January,3.92,3.89
01/03/2024 1:50,January,3.69,3.66
01/03/2024 1:55,January,3.69,3.67
01/03/2024 2:00,January,3.7,3.67
01/03/2024 2:05,January,3.64,3.61
01/03/2024 2:10,January,3.59,3.56
01/03/2024 2:15,January,3.62,3.59
01/03/2024 2:20,January,3.62,3.59
01/03/2024 2:25,January,3.62,3.59
01/03/2024 2:30,January,3.63,3.6
01/03/2024 2:35,January,3.63,3.6
01/03/2024 2:40,January,3.59,3.56
01/03/2024 2:45,January,3.59,3.56
01/03/2024 2:50,January,3.59,3.56
01/03/2024 2:55,January,3.59,3.56
01/03/2024 3:00,January,3.53,3.5
01/03/2024 3:05,January,3.67,3.64
01/03/2024 3:10,January,3.67,3.63
01/03/2024 3:15,January,3.63,3.6
01/03/2024 3:20,January,3.63,3.6
01/03/2024 3:25,January,3.62,3.59
01/03/2024 3:30,January,3.48,3.45
01/03/2024 3:35,January,3.52,3.49
01/03/2024 3:40,January,3.49,3.46
01/03/2024 3:45,January,3.52,3.49
01/03/2024 3:50,January,3.19,3.16
01/03/2024 3:55,January,3.46,3.43
01/03/2024 4:00,January,3.5,3.47
01/03/2024 4:05,January,3.53,3.5
01/03/2024 4:10,January,3.63,3.59
01/03/2024 4:15,January,3.67,3.64
01/03/2024 4:20,January,3.67,3.63
01/03/2024 4:25,January,3.65,3.61
01/03/2024 4:30,January,3.64,3.61
01/03/2024 4:35,January,3.67,3.64
01/03/2024 4:40,January,3.69,3.66
01/03/2024 4:45,January,3.68,3.65
01/03/2024 4:50,January,3.68,3.65
01/03/2024 4:55,January,3.67,3.63
01/03/2024 5:00,January,3.68,3.65
01/03/2024 5:05,January,3.06,3.04
01/03/2024 5:10,January,3.62,3.59
01/03/2024 5:15,January,3.64,3.61
01/03/2024 5:20,January,3.66,3.63
01/03/2024 5:25,January,3.65,3.62
01/03/2024 5:30,January,3.67,3.64
01/03/2024 5:35,January,3.67,3.63
01/03/2024 5:40,January,3.76,3.73
01/03/2024 5:45,January,3.77,3.74
01/03/2024 5:50,January,3.76,3.73
01/03/2024 5:55,January,3.77,3.73
01/03/2024 6:00,January,3.7,3.67
01/03/2024 6:05,January,0.07,0.07
01/03/2024 6:10,January,2.85,2.83
01/03/2024 6:15,January,3.05,3.02
01/03/2024 6:20,January,3.04,3.02
01/03/2024 6:25,January,3.64,3.6
01/03/2024 6:30,January,3.61,3.58
01/03/2024 6:35,January,3.57,3.54
01/03/2024 6:40,January,31.67,31.39
01/03/2024 6:45,January,11.59,11.49
01/03/2024 6:50,January,3.91,3.88
01/03/2024 6:55,January,16.25,16.12
01/03/2024 7:00,January,14.64,14.54
01/03/2024 7:05,January,3.63,3.6
01/03/2024 7:10,January,3.76,3.74
01/03/2024 7:15,January,3.86,3.83
01/03/2024 7:20,January,4.52,4.49
01/03/2024 7:25,January,4.73,4.71
01/03/2024 7:30,January,4.79,4.76
01/03/2024 7:35,January,4.73,4.71
01/03/2024 7:40,January,4.76,4.74
01/03/2024 7:45,January,4.73,4.71
01/03/2024 7:50,January,4.58,4.56
01/03/2024 7:55,January,4.94,4.92
01/03/2024 8:00,January,4.97,4.96
01/03/2024 8:05,January,0.1,0.1
01/03/2024 8:10,January,3.65,3.64
01/03/2024 8:15,January,4.47,4.46
01/03/2024 8:20,January,4.46,4.45
01/03/2024 8:25,January,4.48,4.47
01/03/2024 8:30,January,4.5,4.49
01/03/2024 8:35,January,4.73,4.71
01/03/2024 8:40,January,4.94,4.93
01/03/2024 8:45,January,4.73,4.72
01/03/2024 8:50,January,4.51,4.5
01/03/2024 8:55,January,4.52,4.51
01/03/2024 9:00,January,4.51,4.5
01/03/2024 9:05,January,0.01,0.01
01/03/2024 9:10,January,3.64,3.65
01/03/2024 9:15,January,4.49,4.49
01/03/2024 9:20,January,4.76,4.76
01/03/2024 9:25,January,4.7,4.71
01/03/2024 9:30,January,4.74,4.75
01/03/2024 9:35,January,4.79,4.8
01/03/2024 9:40,January,4.78,4.78
01/03/2024 9:45,January,4.79,4.8
01/03/2024 9:50,January,4.79,4.8
01/03/2024 9:55,January,4.7,4.71
01/03/2024 10:00,January,5.42,5.43
01/03/2024 10:05,January,4.69,4.7
01/03/2024 10:10,January,4.69,4.71
01/03/2024 10:15,January,5.41,5.43
01/03/2024 10:20,January,14.87,14.91
01/03/2024 10:25,January,14.02,14.06
01/03/2024 10:30,January,12.01,12.05
01/03/2024 10:35,January,11.98,12.01
01/03/2024 10:40,January,15.58,15.63
01/03/2024 10:45,January,9.01,9.03
01/03/2024 10:50,January,8.97,9.01
01/03/2024 10:55,January,10.69,10.73
01/03/2024 11:00,January,4.86,4.88
01/03/2024 11:05,January,4.79,4.81
01/03/2024 11:10,January,4.85,4.87
01/03/2024 11:15,January,8.64,8.67
01/03/2024 11:20,January,15.64,15.7
01/03/2024 11:25,January,14,14.06
01/03/2024 11:30,January,10.69,10.73
01/03/2024 11:35,January,4.86,4.88
01/03/2024 11:40,January,4.86,4.88
01/03/2024 11:45,January,4.83,4.85
01/03/2024 11:50,January,4.79,4.8
01/03/2024 11:55,January,4.74,4.76
01/03/2024 12:00,January,4.48,4.49
01/03/2024 12:05,January,4.46,4.48
01/03/2024 12:10,January,4.69,4.71
01/03/2024 12:15,January,4.69,4.71
01/03/2024 12:20,January,4.73,4.75
01/03/2024 12:25,January,4.79,4.8
01/03/2024 12:30,January,11.9,11.95
01/03/2024 12:35,January,8.79,8.83
01/03/2024 12:40,January,8.69,8.72
01/03/2024 12:45,January,8.71,8.73
01/03/2024 12:50,January,13.83,13.86
01/03/2024 12:55,January,12.75,12.77
01/03/2024 13:00,January,15.68,15.71
01/03/2024 13:05,January,15.68,15.71
01/03/2024 13:10,January,19.59,19.64
01/03/2024 13:15,January,19.6,19.66
01/03/2024 13:20,January,19.69,19.77
01/03/2024 13:25,January,19.68,19.75
01/03/2024 13:30,January,24.17,24.25
01/03/2024 13:35,January,19.2,19.72
01/03/2024 13:40,January,19.2,19.72
01/03/2024 13:45,January,19.2,19.71
01/03/2024 13:50,January,19.21,19.72
01/03/2024 13:55,January,19.19,19.69
01/03/2024 14:00,January,19.19,19.69
01/03/2024 14:05,January,23.25,24.11
01/03/2024 14:10,January,22.34,23.12
01/03/2024 14:15,January,22.29,23.05
01/03/2024 14:20,January,22.13,22.87
01/03/2024 14:25,January,22.25,23.01
01/03/2024 14:30,January,23.13,23.96
01/03/2024 14:35,January,22.51,23.29
01/03/2024 14:40,January,24.39,24.78
01/03/2024 14:45,January,24.44,24.84
01/03/2024 14:50,January,24.5,24.89
01/03/2024 14:55,January,23.53,24.31
01/03/2024 15:00,January,25.62,26.11
01/03/2024 15:05,January,24.58,24.95
01/03/2024 15:10,January,27.82,28.47
01/03/2024 15:15,January,24.44,24.41
01/03/2024 15:20,January,30.11,30.71
01/03/2024 15:25,January,29.29,30.06
01/03/2024 15:30,January,29.14,29.91
01/03/2024 15:35,January,29.3,30.07
01/03/2024 15:40,January,29.15,29.9
01/03/2024 15:45,January,28.51,29.2
01/03/2024 15:50,January,29.14,29.89
01/03/2024 15:55,January,29.12,29.86
01/03/2024 16:00,January,27.79,29.04
01/03/2024 16:05,January,25.23,26.25
01/03/2024 16:10,January,23.29,24.06
01/03/2024 16:15,January,25.65,25.56
01/03/2024 16:20,January,22.87,23.57
01/03/2024 16:25,January,16.53,16.68
01/03/2024 16:30,January,16,15.94
01/03/2024 16:35,January,15.91,15.84
01/03/2024 16:40,January,14.85,14.78
01/03/2024 16:45,January,14.86,14.78
01/03/2024 16:50,January,14.84,14.77
01/03/2024 16:55,January,14.83,14.76
01/03/2024 17:00,January,12.09,12.03
01/03/2024 17:05,January,8.77,8.73
01/03/2024 17:10,January,4.8,4.77
01/03/2024 17:15,January,4.57,4.55
01/03/2024 17:20,January,4.79,4.77
01/03/2024 17:25,January,8.79,8.74
01/03/2024 17:30,January,8.78,8.73
01/03/2024 17:35,January,9.1,9.04
01/03/2024 17:40,January,11.89,11.81
01/03/2024 17:45,January,13.05,12.96
01/03/2024 17:50,January,13.95,13.86
01/03/2024 17:55,January,15.22,15.13
01/03/2024 18:00,January,14.05,13.97
01/03/2024 18:05,January,11.98,11.91
01/03/2024 18:10,January,11.98,11.91
01/03/2024 18:15,January,4.8,4.78
01/03/2024 18:20,January,8.79,8.74
01/03/2024 18:25,January,10.73,10.66
01/03/2024 18:30,January,8.8,8.74
01/03/2024 18:35,January,11.38,11.3
01/03/2024 18:40,January,9.11,9.04
01/03/2024 18:45,January,10.63,10.55
01/03/2024 18:50,January,8.82,8.75
01/03/2024 18:55,January,4.82,4.79
01/03/2024 19:00,January,4.59,4.56
01/03/2024 19:05,January,9.12,9.05
01/03/2024 19:10,January,8.79,8.73
01/03/2024 19:15,January,8.67,8.62
01/03/2024 19:20,January,4.81,4.78
01/03/2024 19:25,January,5.59,5.55
01/03/2024 19:30,January,4.59,4.56
01/03/2024 19:35,January,4.81,4.78
01/03/2024 19:40,January,4.81,4.78
01/03/2024 19:45,January,4.77,4.74
01/03/2024 19:50,January,4.53,4.5
01/03/2024 19:55,January,4.81,4.79
01/03/2024 20:00,January,4.82,4.8
01/03/2024 20:05,January,9.1,9.05
01/03/2024 20:10,January,18.82,18.74
01/03/2024 20:15,January,15.39,15.33
01/03/2024 20:20,January,10.7,10.65
01/03/2024 20:25,January,8.76,8.72
01/03/2024 20:30,January,5.46,5.43
01/03/2024 20:35,January,5.43,5.4
01/03/2024 20:40,January,8.77,8.72
01/03/2024 20:45,January,8.76,8.72
01/03/2024 20:50,January,5.47,5.44
01/03/2024 20:55,January,5.4,5.38
01/03/2024 21:00,January,4.83,4.81
01/03/2024 21:05,January,18.83,18.74
01/03/2024 21:10,January,8.77,8.72
01/03/2024 21:15,January,5.48,5.45
01/03/2024 21:20,January,5.47,5.44
01/03/2024 21:25,January,5.47,5.45
01/03/2024 21:30,January,4.83,4.81
01/03/2024 21:35,January,4.63,4.6
01/03/2024 21:40,January,4.62,4.6
01/03/2024 21:45,January,3.9,3.88
01/03/2024 21:50,January,4.19,4.17
01/03/2024 21:55,January,4.58,4.55
01/03/2024 22:00,January,4.03,4
01/03/2024 22:05,January,5.56,5.53
01/03/2024 22:10,January,5.43,5.4
01/03/2024 22:15,January,4.63,4.6
01/03/2024 22:20,January,4.81,4.79
01/03/2024 22:25,January,4.63,4.61
01/03/2024 22:30,January,5.47,5.44
01/03/2024 22:35,January,4.82,4.79
01/03/2024 22:40,January,4.83,4.8
01/03/2024 22:45,January,5.41,5.38
01/03/2024 22:50,January,4.63,4.61
01/03/2024 22:55,January,4.82,4.79
01/03/2024 23:00,January,4.82,4.79
01/03/2024 23:05,January,5.59,5.56
01/03/2024 23:10,January,5.48,5.45
01/03/2024 23:15,January,4.81,4.79
01/03/2024 23:20,January,4.81,4.78
01/03/2024 23:25,January,4.62,4.6
01/03/2024 23:30,January,4.62,4.59
01/03/2024 23:35,January,4.62,4.6
01/03/2024 23:40,January,4.62,4.59
01/03/2024 23:45,January,4.62,4.59
01/03/2024 23:50,January,4.78,4.75
01/03/2024 23:55,January,4.56,4.53
01/04/2024 0:00,January,4.55,4.53
01/04/2024 0:05,January,5.86,5.83
01/04/2024 0:10,January,5.58,5.55
01/04/2024 0:15,January,5.08,5.05
01/04/2024 0:20,January,5.07,5.04
01/04/2024 0:25,January,4.83,4.81
01/04/2024 0:30,January,3.99,3.96
01/04/2024 0:35,January,4.53,4.51
01/04/2024 0:40,January,4.24,4.21
01/04/2024 0:45,January,4.53,4.51
01/04/2024 0:50,January,3.99,3.97
01/04/2024 0:55,January,4.1,4.08
01/04/2024 1:00,January,4.09,4.07
01/04/2024 1:05,January,4.52,4.49
01/04/2024 1:10,January,4.24,4.21
01/04/2024 1:15,January,4.51,4.48
01/04/2024 1:20,January,4.5,4.48
01/04/2024 1:25,January,4.51,4.48
01/04/2024 1:30,January,4.04,4.01
01/04/2024 1:35,January,4.51,4.48
01/04/2024 1:40,January,4.51,4.48
01/04/2024 1:45,January,4.51,4.48
01/04/2024 1:50,January,4.5,4.47
01/04/2024 1:55,January,4.5,4.47
01/04/2024 2:00,January,4.5,4.47
01/04/2024 2:05,January,3.99,3.96
01/04/2024 2:10,January,3.96,3.94
01/04/2024 2:15,January,3.92,3.89
01/04/2024 2:20,January,3.94,3.92
01/04/2024 2:25,January,3.95,3.92
01/04/2024 2:30,January,3.93,3.9
01/04/2024 2:35,January,3.89,3.87
01/04/2024 2:40,January,3.99,3.96
01/04/2024 2:45,January,3.94,3.91
01/04/2024 2:50,January,3.82,3.8
01/04/2024 2:55,January,3.76,3.73
01/04/2024 3:00,January,3.75,3.72
01/04/2024 3:05,January,3.84,3.81
01/04/2024 3:10,January,3.75,3.73
01/04/2024 3:15,January,3.92,3.9
01/04/2024 3:20,January,3.8,3.77
01/04/2024 3:25,January,3.59,3.56
01/04/2024 3:30,January,3.7,3.67
01/04/2024 3:35,January,3.68,3.65
01/04/2024 3:40,January,3.83,3.8
01/04/2024 3:45,January,3.59,3.56
01/04/2024 3:50,January,3.59,3.56
01/04/2024 3:55,January,3.59,3.56
01/04/2024 4:00,January,3.66,3.63
01/04/2024 4:05,January,4.23,4.2
01/04/2024 4:10,January,3.93,3.9
01/04/2024 4:15,January,3.68,3.65
01/04/2024 4:20,January,3.73,3.7
01/04/2024 4:25,January,3.73,3.7
01/04/2024 4:30,January,3.72,3.69
01/04/2024 4:35,January,4.5,4.47
01/04/2024 4:40,January,4.08,4.05
01/04/2024 4:45,January,4.03,4
01/04/2024 4:50,January,3.9,3.87
01/04/2024 4:55,January,3.99,3.96
01/04/2024 5:00,January,4.03,4
01/04/2024 5:05,January,3.75,3.72
01/04/2024 5:10,January,3.89,3.86
01/04/2024 5:15,January,4.08,4.05
01/04/2024 5:20,January,4.09,4.06
01/04/2024 5:25,January,4.09,4.06
01/04/2024 5:30,January,4.22,4.19
01/04/2024 5:35,January,4.23,4.2
01/04/2024 5:40,January,4.19,4.16
01/04/2024 5:45,January,4.1,4.07
01/04/2024 5:50,January,4.51,4.47
01/04/2024 5:55,January,4.51,4.48
01/04/2024 6:00,January,4.22,4.19
01/04/2024 6:05,January,3.66,3.63
01/04/2024 6:10,January,3.98,3.95
01/04/2024 6:15,January,3.98,3.95
01/04/2024 6:20,January,3.94,3.91
01/04/2024 6:25,January,4.52,4.48
01/04/2024 6:30,January,4.04,4.01
01/04/2024 6:35,January,4.2,4.17
01/04/2024 6:40,January,3.58,3.56
01/04/2024 6:45,January,3.75,3.72
01/04/2024 6:50,January,3.88,3.85
01/04/2024 6:55,January,3.84,3.81
01/04/2024 7:00,January,4.08,4.05
01/04/2024 7:05,January,2.97,2.94
01/04/2024 7:10,January,3.72,3.69
01/04/2024 7:15,January,3.82,3.79
01/04/2024 7:20,January,3.78,3.75
01/04/2024 7:25,January,3.87,3.85
01/04/2024 7:30,January,4,3.98
01/04/2024 7:35,January,4.01,3.99
01/04/2024 7:40,January,4.49,4.47
01/04/2024 7:45,January,4.2,4.19
01/04/2024 7:50,January,4.48,4.46
01/04/2024 7:55,January,4.13,4.11
01/04/2024 8:00,January,11.36,11.31
01/04/2024 8:05,January,0.03,0.03
01/04/2024 8:10,January,2.52,2.51
01/04/2024 8:15,January,3.16,3.14
01/04/2024 8:20,January,3.16,3.15
01/04/2024 8:25,January,3.74,3.73
01/04/2024 8:30,January,4.55,4.53
01/04/2024 8:35,January,4.55,4.53
01/04/2024 8:40,January,4.55,4.53
01/04/2024 8:45,January,4.54,4.53
01/04/2024 8:50,January,3.89,3.88
01/04/2024 8:55,January,4.53,4.52
01/04/2024 9:00,January,7.92,7.9
01/04/2024 9:05,January,2.49,2.49
01/04/2024 9:10,January,3.71,3.71
01/04/2024 9:15,January,3.54,3.53
01/04/2024 9:20,January,4.32,4.32
01/04/2024 9:25,January,4.5,4.5
01/04/2024 9:30,January,4.93,4.92
01/04/2024 9:35,January,4.93,4.93
01/04/2024 9:40,January,4.5,4.5
01/04/2024 9:45,January,4.51,4.51
01/04/2024 9:50,January,4.51,4.51
01/04/2024 9:55,January,4.51,4.51
01/04/2024 10:00,January,7.87,7.88
01/04/2024 10:05,January,3.31,3.31
01/04/2024 10:10,January,3.9,3.9
01/04/2024 10:15,January,4.5,4.5
01/04/2024 10:20,January,4.84,4.85
01/04/2024 10:25,January,4.84,4.85
01/04/2024 10:30,January,4.84,4.85
01/04/2024 10:35,January,4.88,4.89
01/04/2024 10:40,January,4.88,4.89
01/04/2024 10:45,January,4.93,4.94
01/04/2024 10:50,January,4.88,4.89
01/04/2024 10:55,January,4.88,4.9
01/04/2024 11:00,January,4.85,4.86
01/04/2024 11:05,January,3.9,3.91
01/04/2024 11:10,January,3.73,3.74
01/04/2024 11:15,January,3.89,3.9
01/04/2024 11:20,January,3.9,3.91
01/04/2024 11:25,January,3.89,3.91
01/04/2024 11:30,January,3.88,3.89
01/04/2024 11:35,January,3.73,3.74
01/04/2024 11:40,January,3.4,3.41
01/04/2024 11:45,January,3.64,3.66
01/04/2024 11:50,January,3.51,3.52
01/04/2024 11:55,January,2.76,2.77
01/04/2024 12:00,January,0.73,0.74
01/04/2024 12:05,January,2.48,2.49
01/04/2024 12:10,January,2.75,2.77
01/04/2024 12:15,January,2.95,2.96
01/04/2024 12:20,January,2.76,2.77
01/04/2024 12:25,January,2.65,2.66
01/04/2024 12:30,January,2.95,2.96
01/04/2024 12:35,January,2.48,2.49
01/04/2024 12:40,January,2.76,2.77
01/04/2024 12:45,January,2.95,2.96
01/04/2024 12:50,January,2.96,2.96
01/04/2024 12:55,January,2.48,2.49
01/04/2024 13:00,January,2.96,2.96
01/04/2024 13:05,January,4.46,4.48
01/04/2024 13:10,January,4.47,4.48
01/04/2024 13:15,January,4.47,4.48
01/04/2024 13:20,January,4.47,4.48
01/04/2024 13:25,January,4.47,4.49
01/04/2024 13:30,January,12.05,12.1
01/04/2024 13:35,January,4.83,4.85
01/04/2024 13:40,January,4.82,4.84
01/04/2024 13:45,January,4.49,4.51
01/04/2024 13:50,January,4.49,4.51
01/04/2024 13:55,January,4.49,4.51
01/04/2024 14:00,January,5.05,5.06
01/04/2024 14:05,January,5.06,5.08
01/04/2024 14:10,January,12,12.03
01/04/2024 14:15,January,14.09,14.13
01/04/2024 14:20,January,8.7,8.72
01/04/2024 14:25,January,4.84,4.85
01/04/2024 14:30,January,5.05,5.06
01/04/2024 14:35,January,4.89,4.9
01/04/2024 14:40,January,8.7,8.72
01/04/2024 14:45,January,5.07,5.08
01/04/2024 14:50,January,8.7,8.72
01/04/2024 14:55,January,5.07,5.08
01/04/2024 15:00,January,4.9,4.91
01/04/2024 15:05,January,12.04,12.05
01/04/2024 15:10,January,14.21,14.23
01/04/2024 15:15,January,12.09,12.11
01/04/2024 15:20,January,10.78,10.78
01/04/2024 15:25,January,8.73,8.73
01/04/2024 15:30,January,5.16,5.16
01/04/2024 15:35,January,5.18,5.18
01/04/2024 15:40,January,8.74,8.73
01/04/2024 15:45,January,5.17,5.16
01/04/2024 15:50,January,5.18,5.18
01/04/2024 15:55,January,5.19,5.19
01/04/2024 16:00,January,8.72,8.72
01/04/2024 16:05,January,5.28,5.28
01/04/2024 16:10,January,5.29,5.28
01/04/2024 16:15,January,12.03,12.02
01/04/2024 16:20,January,10.77,10.76
01/04/2024 16:25,January,5.29,5.28
01/04/2024 16:30,January,4.1,4.09
01/04/2024 16:35,January,5.2,5.19
01/04/2024 16:40,January,10.78,10.75
01/04/2024 16:45,January,5.31,5.29
01/04/2024 16:50,January,5.3,5.28
01/04/2024 16:55,January,4.91,4.9
01/04/2024 17:00,January,4.88,4.86
01/04/2024 17:05,January,4.84,4.83
01/04/2024 17:10,January,3.6,3.58
01/04/2024 17:15,January,4.01,4
01/04/2024 17:20,January,4.6,4.58
01/04/2024 17:25,January,4.6,4.58
01/04/2024 17:30,January,4.87,4.85
01/04/2024 17:35,January,5.1,5.07
01/04/2024 17:40,January,14.08,14.02
01/04/2024 17:45,January,4.89,4.87
01/04/2024 17:50,January,4.6,4.58
01/04/2024 17:55,January,4.59,4.57
01/04/2024 18:00,January,4.59,4.57
01/04/2024 18:05,January,4.6,4.58
01/04/2024 18:10,January,4.6,4.57
01/04/2024 18:15,January,14.05,13.98
01/04/2024 18:20,January,5.11,5.08
01/04/2024 18:25,January,4.61,4.58
01/04/2024 18:30,January,4.54,4.51
01/04/2024 18:35,January,4.61,4.58
01/04/2024 18:40,January,4.56,4.53
01/04/2024 18:45,January,4.55,4.52
01/04/2024 18:50,January,4.55,4.53
01/04/2024 18:55,January,4.58,4.56
01/04/2024 19:00,January,4.55,4.53
01/04/2024 19:05,January,10.76,10.7
01/04/2024 19:10,January,4.58,4.56
01/04/2024 19:15,January,4.56,4.53
01/04/2024 19:20,January,4.57,4.54
01/04/2024 19:25,January,4.56,4.53
01/04/2024 19:30,January,4.5,4.48
01/04/2024 19:35,January,4.5,4.47
01/04/2024 19:40,January,4.5,4.48
01/04/2024 19:45,January,4.19,4.17
01/04/2024 19:50,January,4.19,4.17
01/04/2024 19:55,January,3.61,3.58
01/04/2024 20:00,January,3.92,3.9
01/04/2024 20:05,January,4.58,4.55
01/04/2024 20:10,January,4.58,4.55
01/04/2024 20:15,January,3.99,3.97
01/04/2024 20:20,January,4.02,4
01/04/2024 20:25,January,4.02,4
01/04/2024 20:30,January,3.99,3.96
01/04/2024 20:35,January,3.61,3.59
01/04/2024 20:40,January,3.86,3.83
01/04/2024 20:45,January,3.86,3.83
01/04/2024 20:50,January,3.97,3.94
01/04/2024 20:55,January,3.89,3.87
01/04/2024 21:00,January,3.89,3.86
01/04/2024 21:05,January,15.66,15.57
01/04/2024 21:10,January,12.73,12.66
01/04/2024 21:15,January,4.59,4.56
01/04/2024 21:20,January,4.03,4.01
01/04/2024 21:25,January,4.03,4.01
01/04/2024 21:30,January,3.93,3.91
01/04/2024 21:35,January,3.89,3.87
01/04/2024 21:40,January,3.88,3.85
01/04/2024 21:45,January,3.61,3.59
01/04/2024 21:50,January,3.73,3.71
01/04/2024 21:55,January,3.61,3.59
01/04/2024 22:00,January,2.84,2.82
01/04/2024 22:05,January,3.92,3.89
01/04/2024 22:10,January,3.74,3.72
01/04/2024 22:15,January,3.31,3.29
01/04/2024 22:20,January,3.61,3.59
01/04/2024 22:25,January,3.05,3.03
01/04/2024 22:30,January,3.6,3.58
01/04/2024 22:35,January,3.6,3.58
01/04/2024 22:40,January,3.63,3.61
01/04/2024 22:45,January,3.62,3.59
01/04/2024 22:50,January,3.88,3.85
01/04/2024 22:55,January,3.91,3.89
01/04/2024 23:00,January,3.88,3.85
01/04/2024 23:05,January,10.8,10.74
01/04/2024 23:10,January,4.03,4
01/04/2024 23:15,January,3.99,3.96
01/04/2024 23:20,January,3.93,3.91
01/04/2024 23:25,January,3.06,3.04
01/04/2024 23:30,January,3.82,3.8
01/04/2024 23:35,January,3.76,3.74
01/04/2024 23:40,January,3.97,3.94
01/04/2024 23:45,January,3.95,3.92
01/04/2024 23:50,January,3.93,3.9
01/04/2024 23:55,January,3.92,3.89
01/05/2024 0:00,January,3.9,3.87
01/05/2024 0:05,January,4.14,4.11
01/05/2024 0:10,January,3.82,3.79
01/05/2024 0:15,January,3.77,3.74
01/05/2024 0:20,January,3.64,3.61
01/05/2024 0:25,January,3.08,3.05
01/05/2024 0:30,January,3.59,3.56
01/05/2024 0:35,January,3.63,3.61
01/05/2024 0:40,January,3.63,3.6
01/05/2024 0:45,January,3.63,3.6
01/05/2024 0:50,January,3.63,3.6
01/05/2024 0:55,January,3.62,3.59
01/05/2024 1:00,January,3.57,3.54
01/05/2024 1:05,January,3.49,3.46
01/05/2024 1:10,January,3.75,3.72
01/05/2024 1:15,January,3.54,3.51
01/05/2024 1:20,January,3.54,3.52
01/05/2024 1:25,January,3.73,3.7
01/05/2024 1:30,January,3.76,3.73
01/05/2024 1:35,January,3.76,3.73
01/05/2024 1:40,January,3.63,3.6
01/05/2024 1:45,January,3.57,3.54
01/05/2024 1:50,January,3.4,3.37
01/05/2024 1:55,January,3.55,3.53
01/05/2024 2:00,January,3.38,3.36
01/05/2024 2:05,January,2.54,2.52
01/05/2024 2:10,January,3.04,3.02
01/05/2024 2:15,January,3.07,3.05
01/05/2024 2:20,January,3.17,3.15
01/05/2024 2:25,January,3.05,3.03
01/05/2024 2:30,January,3.16,3.14
01/05/2024 2:35,January,3.37,3.34
01/05/2024 2:40,January,3.37,3.34
01/05/2024 2:45,January,3.05,3.03
01/05/2024 2:50,January,3.36,3.34
01/05/2024 2:55,January,3.36,3.34
01/05/2024 3:00,January,3.06,3.04
01/05/2024 3:05,January,3.03,3.01
01/05/2024 3:10,January,3.04,3.02
01/05/2024 3:15,January,3.36,3.34
01/05/2024 3:20,January,3.36,3.34
01/05/2024 3:25,January,3.38,3.35
01/05/2024 3:30,January,3.03,3.01
01/05/2024 3:35,January,3.06,3.04
01/05/2024 3:40,January,3.06,3.04
01/05/2024 3:45,January,3.16,3.14
01/05/2024 3:50,January,3.05,3.04
01/05/2024 3:55,January,3.03,3.01
01/05/2024 4:00,January,3.03,3.01
01/05/2024 4:05,January,3.35,3.33
01/05/2024 4:10,January,3.59,3.57
01/05/2024 4:15,January,3.48,3.46
01/05/2024 4:20,January,3.48,3.45
01/05/2024 4:25,January,3.36,3.34
01/05/2024 4:30,January,3.07,3.05
01/05/2024 4:35,January,3.36,3.34
01/05/2024 4:40,January,3.36,3.34
01/05/2024 4:45,January,3.82,3.79
01/05/2024 4:50,January,3.5,3.47
01/05/2024 4:55,January,3.49,3.47
01/05/2024 5:00,January,3.49,3.47
01/05/2024 5:05,January,3.52,3.49
01/05/2024 5:10,January,3.53,3.5
01/05/2024 5:15,January,3.53,3.5
01/05/2024 5:20,January,3.53,3.5
01/05/2024 5:25,January,3.54,3.51
01/05/2024 5:30,January,3.53,3.5
01/05/2024 5:35,January,3.53,3.5
01/05/2024 5:40,January,3.52,3.5
01/05/2024 5:45,January,3.53,3.5
01/05/2024 5:50,January,3.53,3.5
01/05/2024 5:55,January,3.53,3.5
01/05/2024 6:00,January,3.55,3.52
01/05/2024 6:05,January,2.82,2.8
01/05/2024 6:10,January,3.05,3.03
01/05/2024 6:15,January,3.43,3.41
01/05/2024 6:20,January,3.51,3.48
01/05/2024 6:25,January,2.87,2.85
01/05/2024 6:30,January,3.41,3.38
01/05/2024 6:35,January,3.48,3.45
01/05/2024 6:40,January,3.49,3.46
01/05/2024 6:45,January,3.6,3.57
01/05/2024 6:50,January,3.57,3.55
01/05/2024 6:55,January,3.52,3.49
01/05/2024 7:00,January,3.52,3.5
01/05/2024 7:05,January,2.5,2.49
01/05/2024 7:10,January,3,2.98
01/05/2024 7:15,January,3.25,3.23
01/05/2024 7:20,January,3.15,3.13
01/05/2024 7:25,January,3.01,2.99
01/05/2024 7:30,January,3.47,3.45
01/05/2024 7:35,January,3.58,3.56
01/05/2024 7:40,January,3.58,3.56
01/05/2024 7:45,January,3.5,3.49
01/05/2024 7:50,January,3.66,3.64
01/05/2024 7:55,January,3.65,3.63
01/05/2024 8:00,January,3.77,3.75
01/05/2024 8:05,January,0.75,0.75
01/05/2024 8:10,January,3.37,3.34
01/05/2024 8:15,January,3.56,3.54
01/05/2024 8:20,January,3.6,3.58
01/05/2024 8:25,January,3.6,3.58
01/05/2024 8:30,January,3.74,3.72
01/05/2024 8:35,January,4.07,4.05
01/05/2024 8:40,January,4.42,4.4
01/05/2024 8:45,January,4.45,4.44
01/05/2024 8:50,January,4.42,4.4
01/05/2024 8:55,January,4.42,4.4
01/05/2024 9:00,January,4.42,4.41
01/05/2024 9:05,January,3.42,3.42
01/05/2024 9:10,January,3.65,3.65
01/05/2024 9:15,January,3.67,3.67
01/05/2024 9:20,January,3.77,3.77
01/05/2024 9:25,January,3.71,3.71
01/05/2024 9:30,January,4.37,4.37
01/05/2024 9:35,January,4.41,4.41
01/05/2024 9:40,January,4.4,4.41
01/05/2024 9:45,January,4.41,4.41
01/05/2024 9:50,January,4.4,4.41
01/05/2024 9:55,January,12.03,12.06
01/05/2024 10:00,January,4.4,4.41
01/05/2024 10:05,January,3.69,3.7
01/05/2024 10:10,January,3.7,3.71
01/05/2024 10:15,January,4.29,4.3
01/05/2024 10:20,January,5.46,5.47
01/05/2024 10:25,January,4.45,4.45
01/05/2024 10:30,January,4.07,4.08
01/05/2024 10:35,January,4.29,4.31
01/05/2024 10:40,January,4.41,4.42
01/05/2024 10:45,January,4.17,4.18
01/05/2024 10:50,January,3.76,3.76
01/05/2024 10:55,January,4.29,4.3
01/05/2024 11:00,January,4.08,4.09
01/05/2024 11:05,January,3.29,3.3
01/05/2024 11:10,January,3.64,3.65
01/05/2024 11:15,January,3.67,3.68
01/05/2024 11:20,January,3.76,3.77
01/05/2024 11:25,January,3.65,3.66
01/05/2024 11:30,January,3.6,3.61
01/05/2024 11:35,January,3.6,3.61
01/05/2024 11:40,January,3.11,3.12
01/05/2024 11:45,January,0.1,0.1
01/05/2024 11:50,January,0.1,0.1
01/05/2024 11:55,January,0,0
01/05/2024 12:00,January,0,0
01/05/2024 12:05,January,0,0
01/05/2024 12:10,January,0,0
01/05/2024 12:15,January,2.48,2.49
01/05/2024 12:20,January,2.54,2.55
01/05/2024 12:25,January,2.53,2.54
01/05/2024 12:30,January,3.59,3.61
01/05/2024 12:35,January,2.95,2.96
01/05/2024 12:40,January,3.48,3.49
01/05/2024 12:45,January,2.49,2.49
01/05/2024 12:50,January,3.56,3.57
01/05/2024 12:55,January,3.59,3.6
01/05/2024 13:00,January,3.51,3.52
01/05/2024 13:05,January,3.64,3.65
01/05/2024 13:10,January,4.29,4.3
01/05/2024 13:15,January,4.41,4.42
01/05/2024 13:20,January,4.3,4.31
01/05/2024 13:25,January,4.29,4.31
01/05/2024 13:30,January,3.61,3.62
01/05/2024 13:35,January,3.58,3.59
01/05/2024 13:40,January,3.59,3.59
01/05/2024 13:45,January,2.98,2.98
01/05/2024 13:50,January,3.6,3.6
01/05/2024 13:55,January,3.58,3.58
01/05/2024 14:00,January,3.62,3.63
01/05/2024 14:05,January,3.57,3.57
01/05/2024 14:10,January,3.57,3.57
01/05/2024 14:15,January,3.15,3.16
01/05/2024 14:20,January,0.74,0.74
01/05/2024 14:25,January,3.16,3.16
01/05/2024 14:30,January,3.16,3.16
01/05/2024 14:35,January,3.16,3.16
01/05/2024 14:40,January,3.16,3.16
01/05/2024 14:45,January,2.96,2.96
01/05/2024 14:50,January,3.59,3.58
01/05/2024 14:55,January,3.39,3.38
01/05/2024 15:00,January,3.6,3.6
01/05/2024 15:05,January,3.59,3.58
01/05/2024 15:10,January,3.6,3.59
01/05/2024 15:15,January,3.62,3.61
01/05/2024 15:20,January,3.64,3.63
01/05/2024 15:25,January,3.62,3.61
01/05/2024 15:30,January,3.64,3.63
01/05/2024 15:35,January,3.64,3.63
01/05/2024 15:40,January,3.63,3.62
01/05/2024 15:45,January,3.65,3.64
01/05/2024 15:50,January,3.65,3.64
01/05/2024 15:55,January,3.63,3.62
01/05/2024 16:00,January,3.64,3.63
01/05/2024 16:05,January,3.64,3.62
01/05/2024 16:10,January,3.64,3.63
01/05/2024 16:15,January,3.65,3.63
01/05/2024 16:20,January,3.66,3.65
01/05/2024 16:25,January,3.99,3.97
01/05/2024 16:30,January,3.68,3.66
01/05/2024 16:35,January,3.99,3.97
01/05/2024 16:40,January,3.68,3.66
01/05/2024 16:45,January,3.68,3.66
01/05/2024 16:50,January,4,3.98
01/05/2024 16:55,January,4,3.98
01/05/2024 17:00,January,3.61,3.59
01/05/2024 17:05,January,3.58,3.56
01/05/2024 17:10,January,3.53,3.51
01/05/2024 17:15,January,3.53,3.51
01/05/2024 17:20,January,3.61,3.59
01/05/2024 17:25,January,3.67,3.65
01/05/2024 17:30,January,3.56,3.54
01/05/2024 17:35,January,4.46,4.43
01/05/2024 17:40,January,4.46,4.43
01/05/2024 17:45,January,12,11.92
01/05/2024 17:50,January,4.48,4.45
01/05/2024 17:55,January,4.51,4.48
01/05/2024 18:00,January,9.25,9.19
01/05/2024 18:05,January,4.41,4.38
01/05/2024 18:10,January,9.31,9.24
01/05/2024 18:15,January,4.52,4.49
01/05/2024 18:20,January,9.25,9.18
01/05/2024 18:25,January,4.43,4.4
01/05/2024 18:30,January,4.5,4.47
01/05/2024 18:35,January,4.43,4.4
01/05/2024 18:40,January,4.52,4.49
01/05/2024 18:45,January,4.43,4.4
01/05/2024 18:50,January,4,3.97
01/05/2024 18:55,January,4.36,4.34
01/05/2024 19:00,January,3.66,3.64
01/05/2024 19:05,January,3.73,3.7
01/05/2024 19:10,January,4.41,4.38
01/05/2024 19:15,January,4.41,4.37
01/05/2024 19:20,January,4.47,4.44
01/05/2024 19:25,January,3.51,3.48
01/05/2024 19:30,January,3.51,3.49
01/05/2024 19:35,January,3.75,3.72
01/05/2024 19:40,January,3.72,3.7
01/05/2024 19:45,January,4.39,4.36
01/05/2024 19:50,January,3.72,3.7
01/05/2024 19:55,January,3.52,3.5
01/05/2024 20:00,January,3.55,3.53
01/05/2024 20:05,January,3.92,3.9
01/05/2024 20:10,January,3.71,3.68
01/05/2024 20:15,January,3.52,3.5
01/05/2024 20:20,January,3.53,3.5
01/05/2024 20:25,January,3.69,3.67
01/05/2024 20:30,January,3.67,3.64
01/05/2024 20:35,January,3.67,3.64
01/05/2024 20:40,January,3.77,3.74
01/05/2024 20:45,January,4.39,4.35
01/05/2024 20:50,January,3.77,3.74
01/05/2024 20:55,January,3.74,3.71
01/05/2024 21:00,January,3.56,3.53
01/05/2024 21:05,January,24.36,24.19
01/05/2024 21:10,January,4.53,4.5
01/05/2024 21:15,January,4.39,4.36
01/05/2024 21:20,January,3.77,3.74
01/05/2024 21:25,January,3.77,3.74
01/05/2024 21:30,January,3.77,3.74
01/05/2024 21:35,January,3.74,3.72
01/05/2024 21:40,January,3.75,3.72
01/05/2024 21:45,January,3.61,3.58
01/05/2024 21:50,January,3.72,3.69
01/05/2024 21:55,January,3.61,3.58
01/05/2024 22:00,January,3.58,3.56
01/05/2024 22:05,January,19.43,19.29
01/05/2024 22:10,January,11.97,11.89
01/05/2024 22:15,January,4.47,4.43
01/05/2024 22:20,January,3.61,3.58
01/05/2024 22:25,January,4.16,4.13
01/05/2024 22:30,January,3.62,3.59
01/05/2024 22:35,January,3.84,3.81
01/05/2024 22:40,January,3.62,3.59
01/05/2024 22:45,January,3.62,3.59
01/05/2024 22:50,January,3.62,3.59
01/05/2024 22:55,January,3.61,3.59
01/05/2024 23:00,January,3.59,3.56
01/05/2024 23:05,January,30.07,29.83
01/05/2024 23:10,January,4.45,4.41
01/05/2024 23:15,January,4.14,4.1
01/05/2024 23:20,January,3.86,3.83
01/05/2024 23:25,January,3.61,3.59
01/05/2024 23:30,January,3.69,3.66
01/05/2024 23:35,January,3.69,3.66
01/05/2024 23:40,January,3.59,3.56
01/05/2024 23:45,January,3.79,3.76
01/05/2024 23:50,January,3.65,3.62
01/05/2024 23:55,January,3.61,3.58
01/06/2024 0:00,January,3.61,3.58
01/06/2024 0:05,January,25.29,25.08
01/06/2024 0:10,January,5.66,5.61
01/06/2024 0:15,January,5.66,5.61
01/06/2024 0:20,January,10.67,10.59
01/06/2024 0:25,January,4.39,4.36
01/06/2024 0:30,January,10.68,10.59
01/06/2024 0:35,January,5.66,5.61
01/06/2024 0:40,January,4.18,4.14
01/06/2024 0:45,January,4.39,4.36
01/06/2024 0:50,January,5.65,5.61
01/06/2024 0:55,January,4.1,4.07
01/06/2024 1:00,January,4.23,4.2
01/06/2024 1:05,January,3.78,3.75
01/06/2024 1:10,January,4.32,4.29
01/06/2024 1:15,January,5.65,5.61
01/06/2024 1:20,January,4.58,4.55
01/06/2024 1:25,January,4.39,4.35
01/06/2024 1:30,January,4.11,4.08
01/06/2024 1:35,January,4.38,4.35
01/06/2024 1:40,January,4.38,4.35
01/06/2024 1:45,January,4.38,4.35
01/06/2024 1:50,January,4.36,4.33
01/06/2024 1:55,January,4.38,4.35
01/06/2024 2:00,January,4.37,4.34
01/06/2024 2:05,January,3.84,3.81
01/06/2024 2:10,January,4.6,4.57
01/06/2024 2:15,January,4.38,4.35
01/06/2024 2:20,January,4.38,4.35
01/06/2024 2:25,January,4.38,4.35
01/06/2024 2:30,January,4.38,4.35
01/06/2024 2:35,January,4.13,4.1
01/06/2024 2:40,January,4.61,4.58
01/06/2024 2:45,January,4.25,4.23
01/06/2024 2:50,January,4.15,4.13
01/06/2024 2:55,January,4.15,4.13
01/06/2024 3:00,January,4.14,4.12
01/06/2024 3:05,January,4.14,4.12
01/06/2024 3:10,January,4.15,4.13
01/06/2024 3:15,January,4.15,4.13
01/06/2024 3:20,January,4.15,4.13
01/06/2024 3:25,January,4.15,4.13
01/06/2024 3:30,January,4.15,4.13
01/06/2024 3:35,January,4.09,4.07
01/06/2024 3:40,January,4.14,4.11
01/06/2024 3:45,January,3.68,3.66
01/06/2024 3:50,January,3.79,3.76
01/06/2024 3:55,January,4.04,4.01
01/06/2024 4:00,January,3.84,3.82
01/06/2024 4:05,January,3.39,3.37
01/06/2024 4:10,January,3.78,3.76
01/06/2024 4:15,January,4.62,4.6
01/06/2024 4:20,January,4.39,4.36
01/06/2024 4:25,January,4.15,4.13
01/06/2024 4:30,January,4.15,4.12
01/06/2024 4:35,January,4.12,4.1
01/06/2024 4:40,January,4.38,4.36
01/06/2024 4:45,January,4.15,4.12
01/06/2024 4:50,January,4.14,4.12
01/06/2024 4:55,January,4.2,4.17
01/06/2024 5:00,January,4.53,4.51
01/06/2024 5:05,January,3.68,3.66
01/06/2024 5:10,January,3.93,3.91
01/06/2024 5:15,January,4.4,4.37
01/06/2024 5:20,January,3.93,3.91
01/06/2024 5:25,January,4.1,4.08
01/06/2024 5:30,January,3.99,3.96
01/06/2024 5:35,January,3.78,3.76
01/06/2024 5:40,January,4.4,4.37
01/06/2024 5:45,January,4.4,4.37
01/06/2024 5:50,January,4.4,4.37
01/06/2024 5:55,January,4.08,4.06
01/06/2024 6:00,January,4.39,4.37
01/06/2024 6:05,January,4.22,4.19
01/06/2024 6:10,January,4.21,4.19
01/06/2024 6:15,January,4.4,4.37
01/06/2024 6:20,January,3.68,3.65
01/06/2024 6:25,January,3.78,3.75
01/06/2024 6:30,January,4.14,4.11
01/06/2024 6:35,January,4.39,4.36
01/06/2024 6:40,January,4.39,4.36
01/06/2024 6:45,January,3.7,3.67
01/06/2024 6:50,January,3.78,3.75
01/06/2024 6:55,January,4.18,4.15
01/06/2024 7:00,January,3.78,3.75
01/06/2024 7:05,January,4.18,4.15
01/06/2024 7:10,January,4.17,4.15
01/06/2024 7:15,January,4.19,4.17
01/06/2024 7:20,January,4.09,4.07
01/06/2024 7:25,January,3.77,3.75
01/06/2024 7:30,January,3.77,3.75
01/06/2024 7:35,January,3.56,3.54
01/06/2024 7:40,January,3.77,3.75
01/06/2024 7:45,January,3.69,3.67
01/06/2024 7:50,January,3.56,3.54
01/06/2024 7:55,January,4.02,4
01/06/2024 8:00,January,3.93,3.91
01/06/2024 8:05,January,2.94,2.92
01/06/2024 8:10,January,3.01,2.99
01/06/2024 8:15,January,3.01,2.99
01/06/2024 8:20,January,2.99,2.97
01/06/2024 8:25,January,3,2.99
01/06/2024 8:30,January,3.01,2.99
01/06/2024 8:35,January,3.01,2.99
01/06/2024 8:40,January,3.3,3.29
01/06/2024 8:45,January,3.29,3.28
01/06/2024 8:50,January,3.47,3.46
01/06/2024 8:55,January,3.51,3.49
01/06/2024 9:00,January,9.84,9.8
01/06/2024 9:05,January,0.74,0.74
01/06/2024 9:10,January,3.36,3.35
01/06/2024 9:15,January,3.48,3.47
01/06/2024 9:20,January,3.37,3.36
01/06/2024 9:25,January,3.47,3.46
01/06/2024 9:30,January,4.5,4.49
01/06/2024 9:35,January,4.35,4.35
01/06/2024 9:40,January,4.49,4.49
01/06/2024 9:45,January,4.41,4.4
01/06/2024 9:50,January,4.1,4.09
01/06/2024 9:55,January,4.35,4.34
01/06/2024 10:00,January,4.35,4.35
01/06/2024 10:05,January,3.57,3.57
01/06/2024 10:10,January,4.48,4.48
01/06/2024 10:15,January,4.4,4.4
01/06/2024 10:20,January,5.46,5.46
01/06/2024 10:25,January,4.4,4.4
01/06/2024 10:30,January,4.35,4.34
01/06/2024 10:35,January,4.24,4.23
01/06/2024 10:40,January,4.4,4.4
01/06/2024 10:45,January,4.34,4.34
01/06/2024 10:50,January,3.93,3.93
01/06/2024 10:55,January,3.92,3.92
01/06/2024 11:00,January,3.94,3.94
01/06/2024 11:05,January,0,0
01/06/2024 11:10,January,2.9,2.91
01/06/2024 11:15,January,2.93,2.93
01/06/2024 11:20,January,2.43,2.44
01/06/2024 11:25,January,3.15,3.16
01/06/2024 11:30,January,2.92,2.93
01/06/2024 11:35,January,2.92,2.93
01/06/2024 11:40,January,2.92,2.93
01/06/2024 11:45,January,3.27,3.27
01/06/2024 11:50,January,2.92,2.92
01/06/2024 11:55,January,2.43,2.43
01/06/2024 12:00,January,0,0
01/06/2024 12:05,January,0,0
01/06/2024 12:10,January,0,0
01/06/2024 12:15,January,0,0
01/06/2024 12:20,January,0,0
01/06/2024 12:25,January,0,0
01/06/2024 12:30,January,0,0
01/06/2024 12:35,January,3.33,3.34
01/06/2024 12:40,January,3.21,3.22
01/06/2024 12:45,January,3.18,3.19
01/06/2024 12:50,January,2.92,2.93
01/06/2024 12:55,January,3.18,3.19
01/06/2024 13:00,January,3.17,3.18
01/06/2024 13:05,January,3.68,3.69
01/06/2024 13:10,January,4.34,4.35
01/06/2024 13:15,January,4.34,4.35
01/06/2024 13:20,January,4.42,4.43
01/06/2024 13:25,January,3.34,3.34
01/06/2024 13:30,January,3.74,3.75
01/06/2024 13:35,January,3.9,3.9
01/06/2024 13:40,January,3.9,3.9
01/06/2024 13:45,January,3.85,3.85
01/06/2024 13:50,January,3.9,3.9
01/06/2024 13:55,January,3.87,3.88
01/06/2024 14:00,January,3.91,3.92
01/06/2024 14:05,January,3.76,3.76
01/06/2024 14:10,January,4.36,4.36
01/06/2024 14:15,January,4.49,4.49
01/06/2024 14:20,January,4.42,4.42
01/06/2024 14:25,January,4.37,4.37
01/06/2024 14:30,January,4.49,4.49
01/06/2024 14:35,January,4.44,4.44
01/06/2024 14:40,January,4.38,4.38
01/06/2024 14:45,January,4.43,4.42
01/06/2024 14:50,January,4.43,4.43
01/06/2024 14:55,January,3.35,3.35
01/06/2024 15:00,January,4.39,4.38
01/06/2024 15:05,January,4.51,4.5
01/06/2024 15:10,January,4.4,4.39
01/06/2024 15:15,January,3.35,3.35
01/06/2024 15:20,January,4.4,4.39
01/06/2024 15:25,January,4.43,4.42
01/06/2024 15:30,January,4,3.99
01/06/2024 15:35,January,4.4,4.39
01/06/2024 15:40,January,4.41,4.4
01/06/2024 15:45,January,4.41,4.4
01/06/2024 15:50,January,4.41,4.4
01/06/2024 15:55,January,4.1,4.09
01/06/2024 16:00,January,4.05,4.04
01/06/2024 16:05,January,4.1,4.09
01/06/2024 16:10,January,4.08,4.06
01/06/2024 16:15,January,4.45,4.43
01/06/2024 16:20,January,4.43,4.41
01/06/2024 16:25,January,4.46,4.44
01/06/2024 16:30,January,4.43,4.41
01/06/2024 16:35,January,4.43,4.41
01/06/2024 16:40,January,4.55,4.53
01/06/2024 16:45,January,4.44,4.42
01/06/2024 16:50,January,4.45,4.42
01/06/2024 16:55,January,4.03,4.01
01/06/2024 17:00,January,4.02,4
01/06/2024 17:05,January,4.02,4
01/06/2024 17:10,January,4,3.98
01/06/2024 17:15,January,4.01,3.99
01/06/2024 17:20,January,3.73,3.71
01/06/2024 17:25,January,31.81,31.54
01/06/2024 17:30,January,30.54,30.29
01/06/2024 17:35,January,12.01,11.9
01/06/2024 17:40,January,11.6,11.49
01/06/2024 17:45,January,11.9,11.78
01/06/2024 17:50,January,13.6,13.46
01/06/2024 17:55,January,9.19,9.09
01/06/2024 18:00,January,9.19,9.08
01/06/2024 18:05,January,9.18,9.07
01/06/2024 18:10,January,11.62,11.48
01/06/2024 18:15,January,11.6,11.46
01/06/2024 18:20,January,24.82,24.49
01/06/2024 18:25,January,15.22,15.02
01/06/2024 18:30,January,17.53,17.31
01/06/2024 18:35,January,14.03,13.87
01/06/2024 18:40,January,13.58,13.42
01/06/2024 18:45,January,10.79,10.66
01/06/2024 18:50,January,10.74,10.61
01/06/2024 18:55,January,10.72,10.58
01/06/2024 19:00,January,8.85,8.74
01/06/2024 19:05,January,20.49,20.24
01/06/2024 19:10,January,11.87,11.73
01/06/2024 19:15,January,10.72,10.59
01/06/2024 19:20,January,10.37,10.24
01/06/2024 19:25,January,10.68,10.55
01/06/2024 19:30,January,8.84,8.74
01/06/2024 19:35,January,9.22,9.1
01/06/2024 19:40,January,9.2,9.09
01/06/2024 19:45,January,8.86,8.75
01/06/2024 19:50,January,4.49,4.44
01/06/2024 19:55,January,3.72,3.68
01/06/2024 20:00,January,4.02,3.97
01/06/2024 20:05,January,8.87,8.76
01/06/2024 20:10,January,8.83,8.73
01/06/2024 20:15,January,4.5,4.45
01/06/2024 20:20,January,8.81,8.72
01/06/2024 20:25,January,4.05,4.01
01/06/2024 20:30,January,4.05,4.01
01/06/2024 20:35,January,4.49,4.44
01/06/2024 20:40,January,4.06,4.02
01/06/2024 20:45,January,16.11,15.95
01/06/2024 20:50,January,4.49,4.45
01/06/2024 20:55,January,10.7,10.6
01/06/2024 21:00,January,4.06,4.02
01/06/2024 21:05,January,30.46,30.12
01/06/2024 21:10,January,30.26,29.9
01/06/2024 21:15,January,8.85,8.74
01/06/2024 21:20,January,4.06,4.01
01/06/2024 21:25,January,4.49,4.44
01/06/2024 21:30,January,8.84,8.73
01/06/2024 21:35,January,4.07,4.02
01/06/2024 21:40,January,9.18,9.08
01/06/2024 21:45,January,8.83,8.73
01/06/2024 21:50,January,4.51,4.46
01/06/2024 21:55,January,4.06,4.02
01/06/2024 22:00,January,3.9,3.86
01/06/2024 22:05,January,30.32,30.03
01/06/2024 22:10,January,30.32,30.04
01/06/2024 22:15,January,30.3,30.02
01/06/2024 22:20,January,30.37,30.07
01/06/2024 22:25,January,30.15,29.84
01/06/2024 22:30,January,10.87,10.75
01/06/2024 22:35,January,9.18,9.07
01/06/2024 22:40,January,30.06,29.72
01/06/2024 22:45,January,30.22,29.89
01/06/2024 22:50,January,30.16,29.83
01/06/2024 22:55,January,30.2,29.88
01/06/2024 23:00,January,30.08,29.76
01/06/2024 23:05,January,20.02,19.8
01/06/2024 23:10,January,20,19.79
01/06/2024 23:15,January,19.99,19.78
01/06/2024 23:20,January,19.97,19.76
01/06/2024 23:25,January,14.25,14.11
01/06/2024 23:30,January,14.26,14.11
01/06/2024 23:35,January,12.16,12.04
01/06/2024 23:40,January,12.12,11.99
01/06/2024 23:45,January,12.1,11.97
01/06/2024 23:50,January,12.09,11.96
01/06/2024 23:55,January,4.07,4.02
01/07/2024 0:00,January,4.1,4.05
01/07/2024 0:05,January,30.19,29.87
01/07/2024 0:10,January,30.13,29.82
01/07/2024 0:15,January,30.2,29.92
01/07/2024 0:20,January,30.13,29.88
01/07/2024 0:25,January,30.29,30.08
01/07/2024 0:30,January,30.15,29.94
01/07/2024 0:35,January,17.43,17.3
01/07/2024 0:40,January,4.11,4.08
01/07/2024 0:45,January,9.22,9.14
01/07/2024 0:50,January,6.04,5.99
01/07/2024 0:55,January,8.12,8.05
01/07/2024 1:00,January,3.79,3.76
01/07/2024 1:05,January,3.79,3.76
01/07/2024 1:10,January,5.66,5.62
01/07/2024 1:15,January,4.11,4.08
01/07/2024 1:20,January,3.79,3.76
01/07/2024 1:25,January,3.67,3.64
01/07/2024 1:30,January,3.61,3.59
01/07/2024 1:35,January,3.61,3.59
01/07/2024 1:40,January,3.69,3.66
01/07/2024 1:45,January,3.94,3.91
01/07/2024 1:50,January,5.03,4.99
01/07/2024 1:55,January,3.7,3.68
01/07/2024 2:00,January,3.69,3.66
01/07/2024 2:05,January,5.08,5.05
01/07/2024 2:10,January,5.09,5.05
01/07/2024 2:15,January,5.09,5.05
01/07/2024 2:20,January,4.13,4.1
01/07/2024 2:25,January,5.09,5.06
01/07/2024 2:30,January,3.87,3.85
01/07/2024 2:35,January,5.09,5.06
01/07/2024 2:40,January,3.87,3.84
01/07/2024 2:45,January,3.87,3.85
01/07/2024 2:50,January,3.87,3.85
01/07/2024 2:55,January,3.85,3.83
01/07/2024 3:00,January,3.87,3.84
01/07/2024 3:05,January,3.85,3.82
01/07/2024 3:10,January,3.85,3.83
01/07/2024 3:15,January,3.86,3.83
01/07/2024 3:20,January,3.86,3.84
01/07/2024 3:25,January,3.58,3.56
01/07/2024 3:30,January,3.58,3.56
01/07/2024 3:35,January,3.58,3.56
01/07/2024 3:40,January,3.78,3.75
01/07/2024 3:45,January,3.61,3.59
01/07/2024 3:50,January,3.61,3.59
01/07/2024 3:55,January,3.77,3.75
01/07/2024 4:00,January,3.68,3.66
01/07/2024 4:05,January,3.61,3.59
01/07/2024 4:10,January,3.81,3.79
01/07/2024 4:15,January,3.78,3.75
01/07/2024 4:20,January,3.78,3.75
01/07/2024 4:25,January,3.6,3.58
01/07/2024 4:30,January,3.78,3.75
01/07/2024 4:35,January,3.78,3.75
01/07/2024 4:40,January,3.78,3.75
01/07/2024 4:45,January,3.78,3.75
01/07/2024 4:50,January,3.78,3.75
01/07/2024 4:55,January,3.6,3.57
01/07/2024 5:00,January,3.69,3.66
01/07/2024 5:05,January,3.84,3.82
01/07/2024 5:10,January,3.84,3.81
01/07/2024 5:15,January,3.78,3.75
01/07/2024 5:20,January,3.68,3.66
01/07/2024 5:25,January,3.6,3.57
01/07/2024 5:30,January,3.59,3.56
01/07/2024 5:35,January,3.6,3.57
01/07/2024 5:40,January,3.59,3.56
01/07/2024 5:45,January,3.59,3.56
01/07/2024 5:50,January,3.57,3.55
01/07/2024 5:55,January,3.53,3.51
01/07/2024 6:00,January,3.54,3.52
01/07/2024 6:05,January,3.51,3.49
01/07/2024 6:10,January,3.52,3.5
01/07/2024 6:15,January,3.49,3.47
01/07/2024 6:20,January,3.33,3.3
01/07/2024 6:25,January,3.51,3.49
01/07/2024 6:30,January,3.54,3.52
01/07/2024 6:35,January,3.49,3.47
01/07/2024 6:40,January,3.31,3.29
01/07/2024 6:45,January,3.27,3.24
01/07/2024 6:50,January,3.5,3.47
01/07/2024 6:55,January,3.03,3.01
01/07/2024 7:00,January,3.48,3.46
01/07/2024 7:05,January,3.83,3.8
01/07/2024 7:10,January,4.44,4.41
01/07/2024 7:15,January,3.83,3.8
01/07/2024 7:20,January,3.82,3.8
01/07/2024 7:25,January,3.54,3.52
01/07/2024 7:30,January,3.56,3.54
01/07/2024 7:35,January,3.56,3.54
01/07/2024 7:40,January,3.56,3.54
01/07/2024 7:45,January,3.82,3.8
01/07/2024 7:50,January,3.82,3.8
01/07/2024 7:55,January,3.55,3.53
01/07/2024 8:00,January,3.54,3.52
01/07/2024 8:05,January,3.23,3.21
01/07/2024 8:10,January,3.45,3.42
01/07/2024 8:15,January,3.23,3.21
01/07/2024 8:20,January,3.06,3.04
01/07/2024 8:25,January,3.45,3.43
01/07/2024 8:30,January,0,0
01/07/2024 8:35,January,0,0
01/07/2024 8:40,January,3.07,3.06
01/07/2024 8:45,January,3.16,3.15
01/07/2024 8:50,January,2.96,2.95
01/07/2024 8:55,January,2.74,2.73
01/07/2024 9:00,January,3,2.99
01/07/2024 9:05,January,0,0
01/07/2024 9:10,January,2.72,2.72
01/07/2024 9:15,January,2.89,2.88
01/07/2024 9:20,January,3.11,3.11
01/07/2024 9:25,January,3.48,3.47
01/07/2024 9:30,January,3.26,3.25
01/07/2024 9:35,January,3.16,3.16
01/07/2024 9:40,January,3.47,3.46
01/07/2024 9:45,January,3.46,3.46
01/07/2024 9:50,January,3.47,3.47
01/07/2024 9:55,January,3.23,3.23
01/07/2024 10:00,January,3.53,3.53
01/07/2024 10:05,January,3.46,3.46
01/07/2024 10:10,January,3.14,3.14
01/07/2024 10:15,January,0,0
01/07/2024 10:20,January,3.5,3.5
01/07/2024 10:25,January,3.46,3.46
01/07/2024 10:30,January,3.2,3.2
01/07/2024 10:35,January,3.5,3.5
01/07/2024 10:40,January,2.94,2.94
01/07/2024 10:45,January,3.17,3.17
01/07/2024 10:50,January,3.45,3.45
01/07/2024 10:55,January,3.22,3.22
01/07/2024 11:00,January,3.39,3.39
01/07/2024 11:05,January,0,0
01/07/2024 11:10,January,2.94,2.94
01/07/2024 11:15,January,3.44,3.44
01/07/2024 11:20,January,3.44,3.44
01/07/2024 11:25,January,3.44,3.44
01/07/2024 11:30,January,3.53,3.53
01/07/2024 11:35,January,3.5,3.5
01/07/2024 11:40,January,3.54,3.55
01/07/2024 11:45,January,3.5,3.5
01/07/2024 11:50,January,3.48,3.48
01/07/2024 11:55,January,3.44,3.45
01/07/2024 12:00,January,3.46,3.46
01/07/2024 12:05,January,3.26,3.26
01/07/2024 12:10,January,3.45,3.45
01/07/2024 12:15,January,3.49,3.49
01/07/2024 12:20,January,3.46,3.46
01/07/2024 12:25,January,3.49,3.49
01/07/2024 12:30,January,3.49,3.49
01/07/2024 12:35,January,3.49,3.49
01/07/2024 12:40,January,3.49,3.5
01/07/2024 12:45,January,3.48,3.48
01/07/2024 12:50,January,3.5,3.5
01/07/2024 12:55,January,3.48,3.48
01/07/2024 13:00,January,3.5,3.5
01/07/2024 13:05,January,2.95,2.95
01/07/2024 13:10,January,3.34,3.34
01/07/2024 13:15,January,3.49,3.49
01/07/2024 13:20,January,3.34,3.34
01/07/2024 13:25,January,3.51,3.52
01/07/2024 13:30,January,3.53,3.54
01/07/2024 13:35,January,3.55,3.56
01/07/2024 13:40,January,3.75,3.75
01/07/2024 13:45,January,3.53,3.53
01/07/2024 13:50,January,3.56,3.56
01/07/2024 13:55,January,3.75,3.75
01/07/2024 14:00,January,3.59,3.59
01/07/2024 14:05,January,3.6,3.59
01/07/2024 14:10,January,3.59,3.59
01/07/2024 14:15,January,3.59,3.59
01/07/2024 14:20,January,3.6,3.59
01/07/2024 14:25,January,3.63,3.63
01/07/2024 14:30,January,3.54,3.54
01/07/2024 14:35,January,3.6,3.59
01/07/2024 14:40,January,3.6,3.6
01/07/2024 14:45,January,4.42,4.42
01/07/2024 14:50,January,4.09,4.09
01/07/2024 14:55,January,4.04,4.03
01/07/2024 15:00,January,3.97,3.97
01/07/2024 15:05,January,3.95,3.95
01/07/2024 15:10,January,4.04,4.03
01/07/2024 15:15,January,4.04,4.03
01/07/2024 15:20,January,4.04,4.03
01/07/2024 15:25,January,4.04,4.03
01/07/2024 15:30,January,4.04,4.03
01/07/2024 15:35,January,4.04,4.03
01/07/2024 15:40,January,4.04,4.03
01/07/2024 15:45,January,4.04,4.03
01/07/2024 15:50,January,4.04,4.03
01/07/2024 15:55,January,4.05,4.03
01/07/2024 16:00,January,4.05,4.03
01/07/2024 16:05,January,4.43,4.41
01/07/2024 16:10,January,4.06,4.04
01/07/2024 16:15,January,4.06,4.04
01/07/2024 16:20,January,4.06,4.04
01/07/2024 16:25,January,4.07,4.05
01/07/2024 16:30,January,4.07,4.05
01/07/2024 16:35,January,4.07,4.05
01/07/2024 16:40,January,4.43,4.41
01/07/2024 16:45,January,4.07,4.05
01/07/2024 16:50,January,4.07,4.05
01/07/2024 16:55,January,4.54,4.52
01/07/2024 17:00,January,4.54,4.52
01/07/2024 17:05,January,3.97,3.95
01/07/2024 17:10,January,3.72,3.7
01/07/2024 17:15,January,3.8,3.78
01/07/2024 17:20,January,3.8,3.78
01/07/2024 17:25,January,3.79,3.77
01/07/2024 17:30,January,4.64,4.61
01/07/2024 17:35,January,4.7,4.68
01/07/2024 17:40,January,15.94,15.85
01/07/2024 17:45,January,12.6,12.52
01/07/2024 17:50,January,9.11,9.05
01/07/2024 17:55,January,8.8,8.74
01/07/2024 18:00,January,5.54,5.51
01/07/2024 18:05,January,9.12,9.05
01/07/2024 18:10,January,10.71,10.62
01/07/2024 18:15,January,8.81,8.74
01/07/2024 18:20,January,9.11,9.04
01/07/2024 18:25,January,9.08,9.02
01/07/2024 18:30,January,13.3,13.2
01/07/2024 18:35,January,9.11,9.04
01/07/2024 18:40,January,13.96,13.85
01/07/2024 18:45,January,13.22,13.11
01/07/2024 18:50,January,10.7,10.62
01/07/2024 18:55,January,10.7,10.61
01/07/2024 19:00,January,4.63,4.6
01/07/2024 19:05,January,4.6,4.56
01/07/2024 19:10,January,4.98,4.94
01/07/2024 19:15,January,4.66,4.63
01/07/2024 19:20,January,5.01,4.98
01/07/2024 19:25,January,4.64,4.62
01/07/2024 19:30,January,4.61,4.58
01/07/2024 19:35,January,4.63,4.6
01/07/2024 19:40,January,4.61,4.58
01/07/2024 19:45,January,4.62,4.6
01/07/2024 19:50,January,4.65,4.63
01/07/2024 19:55,January,4.64,4.61
01/07/2024 20:00,January,4.54,4.51
01/07/2024 20:05,January,4.6,4.57
01/07/2024 20:10,January,4.62,4.59
01/07/2024 20:15,January,4.65,4.62
01/07/2024 20:20,January,4.64,4.61
01/07/2024 20:25,January,4.68,4.65
01/07/2024 20:30,January,4.64,4.61
01/07/2024 20:35,January,4.63,4.6
01/07/2024 20:40,January,4.63,4.61
01/07/2024 20:45,January,4.67,4.64
01/07/2024 20:50,January,4.68,4.66
01/07/2024 20:55,January,4.67,4.64
01/07/2024 21:00,January,4.69,4.66
01/07/2024 21:05,January,13.77,13.69
01/07/2024 21:10,January,5.01,4.98
01/07/2024 21:15,January,4.99,4.96
01/07/2024 21:20,January,4.58,4.55
01/07/2024 21:25,January,3.83,3.81
01/07/2024 21:30,January,3.85,3.82
01/07/2024 21:35,January,4.02,4
01/07/2024 21:40,January,4.1,4.07
01/07/2024 21:45,January,4.03,4.01
01/07/2024 21:50,January,4.03,4
01/07/2024 21:55,January,3.85,3.83
01/07/2024 22:00,January,3.85,3.82
01/07/2024 22:05,January,4.53,4.5
01/07/2024 22:10,January,14.04,13.95
01/07/2024 22:15,January,14.07,13.99
01/07/2024 22:20,January,12.04,11.96
01/07/2024 22:25,January,4.48,4.45
01/07/2024 22:30,January,4.03,4
01/07/2024 22:35,January,4.03,4
01/07/2024 22:40,January,3.86,3.83
01/07/2024 22:45,January,3.83,3.8
01/07/2024 22:50,January,3.84,3.81
01/07/2024 22:55,January,3.79,3.77
01/07/2024 23:00,January,3.68,3.66
01/07/2024 23:05,January,3.69,3.66
01/07/2024 23:10,January,3.47,3.45
01/07/2024 23:15,January,3.61,3.58
01/07/2024 23:20,January,3.76,3.73
01/07/2024 23:25,January,3.79,3.77
01/07/2024 23:30,January,3.8,3.77
01/07/2024 23:35,January,3.81,3.78
01/07/2024 23:40,January,3.77,3.75
01/07/2024 23:45,January,3.74,3.72
01/07/2024 23:50,January,3.76,3.73
01/07/2024 23:55,January,3.7,3.67
01/08/2024 0:00,January,3.6,3.58
01/08/2024 0:05,January,3.87,3.84
01/08/2024 0:10,January,3.83,3.8
01/08/2024 0:15,January,3.83,3.8
01/08/2024 0:20,January,3.86,3.83
01/08/2024 0:25,January,3.46,3.43
01/08/2024 0:30,January,3.61,3.59
01/08/2024 0:35,January,3.76,3.73
01/08/2024 0:40,January,3.28,3.25
01/08/2024 0:45,January,3.28,3.25
01/08/2024 0:50,January,3.44,3.41
01/08/2024 0:55,January,3.54,3.52
01/08/2024 1:00,January,3.76,3.73
01/08/2024 1:05,January,3.76,3.74
01/08/2024 1:10,January,3.76,3.74
01/08/2024 1:15,January,3.76,3.73
01/08/2024 1:20,January,3.62,3.59
01/08/2024 1:25,January,3.76,3.73
01/08/2024 1:30,January,3.76,3.73
01/08/2024 1:35,January,3.43,3.4
01/08/2024 1:40,January,3.08,3.06
01/08/2024 1:45,January,3.04,3.02
01/08/2024 1:50,January,3.07,3.05
01/08/2024 1:55,January,3.16,3.14
01/08/2024 2:00,January,3.23,3.21
01/08/2024 2:05,January,3.28,3.26
01/08/2024 2:10,January,3.29,3.26
01/08/2024 2:15,January,3.29,3.26
01/08/2024 2:20,January,3.28,3.26
01/08/2024 2:25,January,3.28,3.26
01/08/2024 2:30,January,3.28,3.26
01/08/2024 2:35,January,3.28,3.25
01/08/2024 2:40,January,3.28,3.26
01/08/2024 2:45,January,3.28,3.26
01/08/2024 2:50,January,3.03,3.01
01/08/2024 2:55,January,3.27,3.25
01/08/2024 3:00,January,3.26,3.24
01/08/2024 3:05,January,3.28,3.26
01/08/2024 3:10,January,3.27,3.25
01/08/2024 3:15,January,3.27,3.25
01/08/2024 3:20,January,3.06,3.04
01/08/2024 3:25,January,3.04,3.02
01/08/2024 3:30,January,3.09,3.07
01/08/2024 3:35,January,3.26,3.24
01/08/2024 3:40,January,3.26,3.24
01/08/2024 3:45,January,3.26,3.24
01/08/2024 3:50,January,3.26,3.23
01/08/2024 3:55,January,3.04,3.02
01/08/2024 4:00,January,3.26,3.23
01/08/2024 4:05,January,3.28,3.26
01/08/2024 4:10,January,3.76,3.73
01/08/2024 4:15,January,3.6,3.58
01/08/2024 4:20,January,3.55,3.53
01/08/2024 4:25,January,3.49,3.46
01/08/2024 4:30,January,3.49,3.47
01/08/2024 4:35,January,3.76,3.73
01/08/2024 4:40,January,3.53,3.51
01/08/2024 4:45,January,3.81,3.79
01/08/2024 4:50,January,3.76,3.73
01/08/2024 4:55,January,3.54,3.52
01/08/2024 5:00,January,3.76,3.73
01/08/2024 5:05,January,3.8,3.78
01/08/2024 5:10,January,3.81,3.78
01/08/2024 5:15,January,3.81,3.78
01/08/2024 5:20,January,3.82,3.79
01/08/2024 5:25,January,3.82,3.79
01/08/2024 5:30,January,3.84,3.81
01/08/2024 5:35,January,3.85,3.82
01/08/2024 5:40,January,3.87,3.84
01/08/2024 5:45,January,3.86,3.83
01/08/2024 5:50,January,3.84,3.82
01/08/2024 5:55,January,3.85,3.82
01/08/2024 6:00,January,3.84,3.81
01/08/2024 6:05,January,3.76,3.73
01/08/2024 6:10,January,3.8,3.77
01/08/2024 6:15,January,3.83,3.8
01/08/2024 6:20,January,3.83,3.8
01/08/2024 6:25,January,3.79,3.76
01/08/2024 6:30,January,3.81,3.78
01/08/2024 6:35,January,3.81,3.78
01/08/2024 6:40,January,3.82,3.79
01/08/2024 6:45,January,3.82,3.79
01/08/2024 6:50,January,3.82,3.79
01/08/2024 6:55,January,3.9,3.87
01/08/2024 7:00,January,4.42,4.39
01/08/2024 7:05,January,2.54,2.52
01/08/2024 7:10,January,3.49,3.47
01/08/2024 7:15,January,3.77,3.74
01/08/2024 7:20,January,3.26,3.23
01/08/2024 7:25,January,3.77,3.75
01/08/2024 7:30,January,3.78,3.76
01/08/2024 7:35,January,3.81,3.79
01/08/2024 7:40,January,3.9,3.88
01/08/2024 7:45,January,3.9,3.88
01/08/2024 7:50,January,4.41,4.39
01/08/2024 7:55,January,4.41,4.39
01/08/2024 8:00,January,3.91,3.89
01/08/2024 8:05,January,0.74,0.73
01/08/2024 8:10,January,3.25,3.23
01/08/2024 8:15,January,3.76,3.74
01/08/2024 8:20,January,5.57,5.54
01/08/2024 8:25,January,4.08,4.06
01/08/2024 8:30,January,4.42,4.39
01/08/2024 8:35,January,4.08,4.05
01/08/2024 8:40,January,3.75,3.73
01/08/2024 8:45,January,3.79,3.77
01/08/2024 8:50,January,7.89,7.85
01/08/2024 8:55,January,5.54,5.52
01/08/2024 9:00,January,7.86,7.83
01/08/2024 9:05,January,0,0
01/08/2024 9:10,January,2.44,2.44
01/08/2024 9:15,January,3.54,3.54
01/08/2024 9:20,January,3.78,3.77
01/08/2024 9:25,January,3.85,3.84
01/08/2024 9:30,January,11.95,11.94
01/08/2024 9:35,January,4.41,4.4
01/08/2024 9:40,January,4.41,4.41
01/08/2024 9:45,January,16.19,16.19
01/08/2024 9:50,January,10.71,10.71
01/08/2024 9:55,January,6.97,6.97
01/08/2024 10:00,January,13.68,13.69
01/08/2024 10:05,January,3.82,3.83
01/08/2024 10:10,January,4.5,4.5
01/08/2024 10:15,January,4.45,4.46
01/08/2024 10:20,January,5.48,5.48
01/08/2024 10:25,January,16.26,16.28
01/08/2024 10:30,January,19.41,19.44
01/08/2024 10:35,January,15.27,15.29
01/08/2024 10:40,January,14,14.02
01/08/2024 10:45,January,12.04,12.06
01/08/2024 10:50,January,5.49,5.49
01/08/2024 10:55,January,10.69,10.71
01/08/2024 11:00,January,11.95,11.97
01/08/2024 11:05,January,3.77,3.78
01/08/2024 11:10,January,3.79,3.79
01/08/2024 11:15,January,3.45,3.45
01/08/2024 11:20,January,3.44,3.45
01/08/2024 11:25,January,2.97,2.97
01/08/2024 11:30,January,2.97,2.97
01/08/2024 11:35,January,3.24,3.24
01/08/2024 11:40,January,3.43,3.44
01/08/2024 11:45,January,3.45,3.45
01/08/2024 11:50,January,2.97,2.98
01/08/2024 11:55,January,3.43,3.44
01/08/2024 12:00,January,2.84,2.85
01/08/2024 12:05,January,2.75,2.75
01/08/2024 12:10,January,2.97,2.98
01/08/2024 12:15,January,2.97,2.98
01/08/2024 12:20,January,2.97,2.98
01/08/2024 12:25,January,3.33,3.33
01/08/2024 12:30,January,3.3,3.31
01/08/2024 12:35,January,3.33,3.33
01/08/2024 12:40,January,3.32,3.33
01/08/2024 12:45,January,3.76,3.77
01/08/2024 12:50,January,3.33,3.33
01/08/2024 12:55,January,3.73,3.74
01/08/2024 13:00,January,3.66,3.66
01/08/2024 13:05,January,3.73,3.74
01/08/2024 13:10,January,4.06,4.07
01/08/2024 13:15,January,4.51,4.52
01/08/2024 13:20,January,4.93,4.95
01/08/2024 13:25,January,4.52,4.53
01/08/2024 13:30,January,4.52,4.53
01/08/2024 13:35,January,4.97,4.98
01/08/2024 13:40,January,4.51,4.52
01/08/2024 13:45,January,3.82,3.83
01/08/2024 13:50,January,3.82,3.82
01/08/2024 13:55,January,3.79,3.79
01/08/2024 14:00,January,3.82,3.82
01/08/2024 14:05,January,3.95,3.95
01/08/2024 14:10,January,12.03,12.03
01/08/2024 14:15,January,5.78,5.78
01/08/2024 14:20,January,4.52,4.52
01/08/2024 14:25,January,4.52,4.52
01/08/2024 14:30,January,4.96,4.97
01/08/2024 14:35,January,4.04,4.04
01/08/2024 14:40,January,4.51,4.52
01/08/2024 14:45,January,4.94,4.95
01/08/2024 14:50,January,4.95,4.96
01/08/2024 14:55,January,4.05,4.05
01/08/2024 15:00,January,4.07,4.07
01/08/2024 15:05,January,4.98,4.98
01/08/2024 15:10,January,10.65,10.64
01/08/2024 15:15,January,4.54,4.53
01/08/2024 15:20,January,4.54,4.53
01/08/2024 15:25,January,5.01,5.01
01/08/2024 15:30,January,5.01,5.01
01/08/2024 15:35,January,4.97,4.97
01/08/2024 15:40,January,5,4.99
01/08/2024 15:45,January,5.02,5.01
01/08/2024 15:50,January,3.79,3.78
01/08/2024 15:55,January,3.82,3.81
01/08/2024 16:00,January,3.82,3.81
01/08/2024 16:05,January,4.57,4.55
01/08/2024 16:10,January,4.58,4.55
01/08/2024 16:15,January,4.58,4.56
01/08/2024 16:20,January,4.58,4.56
01/08/2024 16:25,January,4.58,4.56
01/08/2024 16:30,January,4.58,4.56
01/08/2024 16:35,January,4.98,4.96
01/08/2024 16:40,January,4.59,4.56
01/08/2024 16:45,January,3.99,3.97
01/08/2024 16:50,January,4.1,4.07
01/08/2024 16:55,January,3.99,3.96
01/08/2024 17:00,January,3.83,3.81
01/08/2024 17:05,January,4.52,4.49
01/08/2024 17:10,January,3.81,3.79
01/08/2024 17:15,January,3.82,3.79
01/08/2024 17:20,January,3.81,3.79
01/08/2024 17:25,January,4.52,4.5
01/08/2024 17:30,January,11.94,11.88
01/08/2024 17:35,January,22.71,22.61
01/08/2024 17:40,January,9.11,9.06
01/08/2024 17:45,January,8.77,8.72
01/08/2024 17:50,January,8.78,8.73
01/08/2024 17:55,January,4.54,4.51
01/08/2024 18:00,January,3.79,3.76
01/08/2024 18:05,January,8.79,8.73
01/08/2024 18:10,January,5.02,4.99
01/08/2024 18:15,January,8.77,8.72
01/08/2024 18:20,January,8.77,8.72
01/08/2024 18:25,January,5,4.97
01/08/2024 18:30,January,5,4.97
01/08/2024 18:35,January,4.6,4.57
01/08/2024 18:40,January,5.01,4.98
01/08/2024 18:45,January,5.03,5
01/08/2024 18:50,January,4.6,4.57
01/08/2024 18:55,January,4.99,4.96
01/08/2024 19:00,January,4.54,4.51
01/08/2024 19:05,January,4.61,4.58
01/08/2024 19:10,January,4.99,4.95
01/08/2024 19:15,January,4.61,4.58
01/08/2024 19:20,January,4.54,4.51
01/08/2024 19:25,January,5,4.97
01/08/2024 19:30,January,4.61,4.58
01/08/2024 19:35,January,4.99,4.96
01/08/2024 19:40,January,4.1,4.08
01/08/2024 19:45,January,4.53,4.5
01/08/2024 19:50,January,4.54,4.51
01/08/2024 19:55,January,4.6,4.57
01/08/2024 20:00,January,4.55,4.52
01/08/2024 20:05,January,30.16,29.96
01/08/2024 20:10,January,16.31,16.21
01/08/2024 20:15,January,13.78,13.7
01/08/2024 20:20,January,11.87,11.8
01/08/2024 20:25,January,6.09,6.06
01/08/2024 20:30,January,12.67,12.6
01/08/2024 20:35,January,13.92,13.86
01/08/2024 20:40,January,5.11,5.09
01/08/2024 20:45,January,11.69,11.63
01/08/2024 20:50,January,10.63,10.57
01/08/2024 20:55,January,5.12,5.1
01/08/2024 21:00,January,3.8,3.78
01/08/2024 21:05,January,30.01,29.79
01/08/2024 21:10,January,29.97,29.76
01/08/2024 21:15,January,13.87,13.77
01/08/2024 21:20,January,11.95,11.87
01/08/2024 21:25,January,11.96,11.87
01/08/2024 21:30,January,5.62,5.58
01/08/2024 21:35,January,4.08,4.05
01/08/2024 21:40,January,4.58,4.55
01/08/2024 21:45,January,5.64,5.61
01/08/2024 21:50,January,4.58,4.55
01/08/2024 21:55,January,3.76,3.74
01/08/2024 22:00,January,3.74,3.71
01/08/2024 22:05,January,12.14,12.07
01/08/2024 22:10,January,3.76,3.73
01/08/2024 22:15,January,3.74,3.71
01/08/2024 22:20,January,3.8,3.77
01/08/2024 22:25,January,3.77,3.74
01/08/2024 22:30,January,3.73,3.7
01/08/2024 22:35,January,3.75,3.72
01/08/2024 22:40,January,3.77,3.74
01/08/2024 22:45,January,3.74,3.72
01/08/2024 22:50,January,3.97,3.95
01/08/2024 22:55,January,3.76,3.74
01/08/2024 23:00,January,3.74,3.72
01/08/2024 23:05,January,24.34,24.19
01/08/2024 23:10,January,5.28,5.25
01/08/2024 23:15,January,3.8,3.77
01/08/2024 23:20,January,5.18,5.14
01/08/2024 23:25,January,3.87,3.85
01/08/2024 23:30,January,5.17,5.14
01/08/2024 23:35,January,3.87,3.84
01/08/2024 23:40,January,4.08,4.06
01/08/2024 23:45,January,3.84,3.81
01/08/2024 23:50,January,3.92,3.89
01/08/2024 23:55,January,3.89,3.86
01/09/2024 0:00,January,3.79,3.76
01/09/2024 0:05,January,3.84,3.81
01/09/2024 0:10,January,3.47,3.45
01/09/2024 0:15,January,3.76,3.73
01/09/2024 0:20,January,3.85,3.82
01/09/2024 0:25,January,3.83,3.81
01/09/2024 0:30,January,3.53,3.5
01/09/2024 0:35,January,3.45,3.43
01/09/2024 0:40,January,3.5,3.47
01/09/2024 0:45,January,3.25,3.23
01/09/2024 0:50,January,3.26,3.23
01/09/2024 0:55,January,3.69,3.66
01/09/2024 1:00,January,3.75,3.72
01/09/2024 1:05,January,3.86,3.83
01/09/2024 1:10,January,3.85,3.82
01/09/2024 1:15,January,4.94,4.9
01/09/2024 1:20,January,4.42,4.38
01/09/2024 1:25,January,4.1,4.06
01/09/2024 1:30,January,4.1,4.06
01/09/2024 1:35,January,3.89,3.86
01/09/2024 1:40,January,4.03,3.99
01/09/2024 1:45,January,4.43,4.39
01/09/2024 1:50,January,4.09,4.05
01/09/2024 1:55,January,4.08,4.04
01/09/2024 2:00,January,3.86,3.83
01/09/2024 2:05,January,3.92,3.89
01/09/2024 2:10,January,3.96,3.93
01/09/2024 2:15,January,4.16,4.13
01/09/2024 2:20,January,4.14,4.11
01/09/2024 2:25,January,4.11,4.08
01/09/2024 2:30,January,4.05,4.02
01/09/2024 2:35,January,4.03,4
01/09/2024 2:40,January,3.95,3.92
01/09/2024 2:45,January,4.43,4.4
01/09/2024 2:50,January,4.11,4.08
01/09/2024 2:55,January,4.11,4.08
01/09/2024 3:00,January,3.94,3.91
01/09/2024 3:05,January,3.93,3.9
01/09/2024 3:10,January,4.03,4
01/09/2024 3:15,January,4.43,4.4
01/09/2024 3:20,January,4.05,4.01
01/09/2024 3:25,January,4.02,3.99
01/09/2024 3:30,January,3.94,3.91
01/09/2024 3:35,January,4.03,4
01/09/2024 3:40,January,3.95,3.91
01/09/2024 3:45,January,3.93,3.89
01/09/2024 3:50,January,3.93,3.9
01/09/2024 3:55,January,3.94,3.91
01/09/2024 4:00,January,3.93,3.9
01/09/2024 4:05,January,3.87,3.84
01/09/2024 4:10,January,3.93,3.9
01/09/2024 4:15,January,4.42,4.38
01/09/2024 4:20,January,4.09,4.06
01/09/2024 4:25,January,4.43,4.39
01/09/2024 4:30,January,4.09,4.06
01/09/2024 4:35,January,4.43,4.4
01/09/2024 4:40,January,4.43,4.4
01/09/2024 4:45,January,4.48,4.45
01/09/2024 4:50,January,4.44,4.41
01/09/2024 4:55,January,4.48,4.45
01/09/2024 5:00,January,4.54,4.51
01/09/2024 5:05,January,3.86,3.83
01/09/2024 5:10,January,3.93,3.9
01/09/2024 5:15,January,4.17,4.14
01/09/2024 5:20,January,4.1,4.07
01/09/2024 5:25,January,3.92,3.89
01/09/2024 5:30,January,4.43,4.39
01/09/2024 5:35,January,3.94,3.9
01/09/2024 5:40,January,4.1,4.06
01/09/2024 5:45,January,4.1,4.06
01/09/2024 5:50,January,4.43,4.39
01/09/2024 5:55,January,4.43,4.4
01/09/2024 6:00,January,4.48,4.44
01/09/2024 6:05,January,3.81,3.78
01/09/2024 6:10,January,4.12,4.08
01/09/2024 6:15,January,4.1,4.06
01/09/2024 6:20,January,5.63,5.58
01/09/2024 6:25,January,4.48,4.45
01/09/2024 6:30,January,4.49,4.45
01/09/2024 6:35,January,4.48,4.44
01/09/2024 6:40,January,4.16,4.13
01/09/2024 6:45,January,4.18,4.15
01/09/2024 6:50,January,4.11,4.08
01/09/2024 6:55,January,4.19,4.16
01/09/2024 7:00,January,4.24,4.2
01/09/2024 7:05,January,0,0
01/09/2024 7:10,January,3.27,3.25
01/09/2024 7:15,January,3.27,3.24
01/09/2024 7:20,January,1.92,1.91
01/09/2024 7:25,January,3.43,3.41
01/09/2024 7:30,January,3.8,3.78
01/09/2024 7:35,January,3.74,3.71
01/09/2024 7:40,January,3.49,3.47
01/09/2024 7:45,January,3.49,3.47
01/09/2024 7:50,January,3.79,3.77
01/09/2024 7:55,January,3.92,3.89
01/09/2024 8:00,January,11.76,11.69
01/09/2024 8:05,January,2.47,2.44
01/09/2024 8:10,January,3.53,3.5
01/09/2024 8:15,January,3.8,3.76
01/09/2024 8:20,January,3.81,3.78
01/09/2024 8:25,January,3.81,3.78
01/09/2024 8:30,January,3.83,3.8
01/09/2024 8:35,January,3.61,3.58
01/09/2024 8:40,January,3.78,3.74
01/09/2024 8:45,January,3.79,3.75
01/09/2024 8:50,January,3.81,3.78
01/09/2024 8:55,January,7.91,7.84
01/09/2024 9:00,January,3.74,3.71
01/09/2024 9:05,January,0,0
01/09/2024 9:10,January,0,0
01/09/2024 9:15,January,2.95,2.94
01/09/2024 9:20,January,2.9,2.88
01/09/2024 9:25,January,2.99,2.98
01/09/2024 9:30,January,3.23,3.21
01/09/2024 9:35,January,3.22,3.22
01/09/2024 9:40,January,3.78,3.76
01/09/2024 9:45,January,3.78,3.77
01/09/2024 9:50,January,3.72,3.7
01/09/2024 9:55,January,3.81,3.8
01/09/2024 10:00,January,3.76,3.75
01/09/2024 10:05,January,0,0
01/09/2024 10:10,January,3.58,3.57
01/09/2024 10:15,January,3.8,3.79
01/09/2024 10:20,January,4.56,4.54
01/09/2024 10:25,January,3.97,3.96
01/09/2024 10:30,January,3.97,3.96
01/09/2024 10:35,January,3.95,3.94
01/09/2024 10:40,January,3.92,3.91
01/09/2024 10:45,January,3.94,3.92
01/09/2024 10:50,January,3.93,3.92
01/09/2024 10:55,January,3.93,3.92
01/09/2024 11:00,January,3.93,3.92
01/09/2024 11:05,January,0,0
01/09/2024 11:10,January,2.99,2.99
01/09/2024 11:15,January,2.94,2.94
01/09/2024 11:20,January,3.51,3.51
01/09/2024 11:25,January,3,2.99
01/09/2024 11:30,January,3.02,3.02
01/09/2024 11:35,January,3.84,3.84
01/09/2024 11:40,January,3.8,3.8
01/09/2024 11:45,January,3.15,3.15
01/09/2024 11:50,January,3.03,3.03
01/09/2024 11:55,January,3.14,3.14
01/09/2024 12:00,January,2.86,2.86
01/09/2024 12:05,January,0,0
01/09/2024 12:10,January,0,0
01/09/2024 12:15,January,2.94,2.94
01/09/2024 12:20,January,2.98,2.98
01/09/2024 12:25,January,2.99,2.99
01/09/2024 12:30,January,2.99,2.99
01/09/2024 12:35,January,2.99,2.99
01/09/2024 12:40,January,3.14,3.14
01/09/2024 12:45,January,3.48,3.49
01/09/2024 12:50,January,3.48,3.48
01/09/2024 12:55,January,3.85,3.85
01/09/2024 13:00,January,3.85,3.85
01/09/2024 13:05,January,3.93,3.93
01/09/2024 13:10,January,11.75,11.75
01/09/2024 13:15,January,12.33,12.33
01/09/2024 13:20,January,11.78,11.79
01/09/2024 13:25,January,4.52,4.52
01/09/2024 13:30,January,3.83,3.84
01/09/2024 13:35,January,4.03,4.03
01/09/2024 13:40,January,4.06,4.06
01/09/2024 13:45,January,12.29,12.3
01/09/2024 13:50,January,4.51,4.52
01/09/2024 13:55,January,4.52,4.52
01/09/2024 14:00,January,12.23,12.24
01/09/2024 14:05,January,10.57,10.58
01/09/2024 14:10,January,10.57,10.57
01/09/2024 14:15,January,11.8,11.8
01/09/2024 14:20,January,4.54,4.54
01/09/2024 14:25,January,4.53,4.54
01/09/2024 14:30,January,4.53,4.53
01/09/2024 14:35,January,4.53,4.53
01/09/2024 14:40,January,4.04,4.05
01/09/2024 14:45,January,4.04,4.04
01/09/2024 14:50,January,4.53,4.53
01/09/2024 14:55,January,4.05,4.05
01/09/2024 15:00,January,4.04,4.04
01/09/2024 15:05,January,12.3,12.29
01/09/2024 15:10,January,4.53,4.53
01/09/2024 15:15,January,4.05,4.05
01/09/2024 15:20,January,4.05,4.05
01/09/2024 15:25,January,4.04,4.04
01/09/2024 15:30,January,4.04,4.03
01/09/2024 15:35,January,9.19,9.18
01/09/2024 15:40,January,4.54,4.53
01/09/2024 15:45,January,4.51,4.5
01/09/2024 15:50,January,4.54,4.53
01/09/2024 15:55,January,4.51,4.51
01/09/2024 16:00,January,4.51,4.51
01/09/2024 16:05,January,3.84,3.84
01/09/2024 16:10,January,4.51,4.5
01/09/2024 16:15,January,9.22,9.19
01/09/2024 16:20,January,4.56,4.55
01/09/2024 16:25,January,4.98,4.97
01/09/2024 16:30,January,4.54,4.53
01/09/2024 16:35,January,4.56,4.55
01/09/2024 16:40,January,5,4.99
01/09/2024 16:45,January,4.99,4.97
01/09/2024 16:50,January,4.99,4.97
01/09/2024 16:55,January,4.38,4.37
01/09/2024 17:00,January,3.97,3.96
01/09/2024 17:05,January,3.97,3.96
01/09/2024 17:10,January,3.82,3.8
01/09/2024 17:15,January,3.81,3.8
01/09/2024 17:20,January,3.83,3.82
01/09/2024 17:25,January,10.53,10.49
01/09/2024 17:30,January,10.54,10.51
01/09/2024 17:35,January,10.54,10.51
01/09/2024 17:40,January,10.55,10.52
01/09/2024 17:45,January,9.22,9.19
01/09/2024 17:50,January,8.75,8.72
01/09/2024 17:55,January,5,4.98
01/09/2024 18:00,January,4.57,4.55
01/09/2024 18:05,January,9.14,9.09
01/09/2024 18:10,January,13.68,13.61
01/09/2024 18:15,January,10.48,10.42
01/09/2024 18:20,January,9.13,9.08
01/09/2024 18:25,January,5.11,5.08
01/09/2024 18:30,January,5.11,5.09
01/09/2024 18:35,January,5.11,5.09
01/09/2024 18:40,January,5.02,5
01/09/2024 18:45,January,4.61,4.59
01/09/2024 18:50,January,10.48,10.43
01/09/2024 18:55,January,4.61,4.59
01/09/2024 19:00,January,3.98,3.96
01/09/2024 19:05,January,5.02,5
01/09/2024 19:10,January,4.93,4.9
01/09/2024 19:15,January,3.93,3.9
01/09/2024 19:20,January,3.98,3.96
01/09/2024 19:25,January,3.98,3.96
01/09/2024 19:30,January,3.98,3.95
01/09/2024 19:35,January,3.98,3.96
01/09/2024 19:40,January,3.97,3.95
01/09/2024 19:45,January,4.09,4.07
01/09/2024 19:50,January,4.09,4.07
01/09/2024 19:55,January,4.38,4.36
01/09/2024 20:00,January,4.38,4.36
01/09/2024 20:05,January,30.05,29.9
01/09/2024 20:10,January,30.19,30.04
01/09/2024 20:15,January,31.61,31.45
01/09/2024 20:20,January,24.67,24.58
01/09/2024 20:25,January,10.59,10.55
01/09/2024 20:30,January,11.79,11.74
01/09/2024 20:35,January,9.12,9.07
01/09/2024 20:40,January,8.77,8.73
01/09/2024 20:45,January,5.14,5.11
01/09/2024 20:50,January,4.58,4.56
01/09/2024 20:55,January,4.59,4.56
01/09/2024 21:00,January,4.92,4.89
01/09/2024 21:05,January,29.95,29.79
01/09/2024 21:10,January,15.94,15.86
01/09/2024 21:15,January,6.07,6.04
01/09/2024 21:20,January,5.13,5.11
01/09/2024 21:25,January,5.13,5.1
01/09/2024 21:30,January,5.11,5.09
01/09/2024 21:35,January,4.1,4.08
01/09/2024 21:40,January,4.58,4.56
01/09/2024 21:45,January,5.02,4.99
01/09/2024 21:50,January,4.59,4.57
01/09/2024 21:55,January,4.09,4.07
01/09/2024 22:00,January,4.58,4.56
01/09/2024 22:05,January,29.99,29.84
01/09/2024 22:10,January,29.86,29.72
01/09/2024 22:15,January,11.77,11.72
01/09/2024 22:20,January,5.34,5.31
01/09/2024 22:25,January,5.33,5.31
01/09/2024 22:30,January,4.44,4.41
01/09/2024 22:35,January,3.8,3.78
01/09/2024 22:40,January,3.79,3.77
01/09/2024 22:45,January,3.8,3.77
01/09/2024 22:50,January,3.73,3.71
01/09/2024 22:55,January,3.78,3.75
01/09/2024 23:00,January,3.67,3.65
01/09/2024 23:05,January,5.1,5.07
01/09/2024 23:10,January,5.08,5.06
01/09/2024 23:15,January,4.41,4.38
01/09/2024 23:20,January,5.08,5.05
01/09/2024 23:25,January,3.84,3.81
01/09/2024 23:30,January,3.89,3.87
01/09/2024 23:35,January,3.83,3.81
01/09/2024 23:40,January,3.85,3.82
01/09/2024 23:45,January,3.84,3.81
01/09/2024 23:50,January,3.86,3.83
01/09/2024 23:55,January,3.82,3.79
01/10/2024 0:00,January,4.38,4.35
01/10/2024 0:05,January,3.62,3.6
01/10/2024 0:10,January,3.84,3.81
01/10/2024 0:15,January,3.85,3.82
01/10/2024 0:20,January,4.27,4.24
01/10/2024 0:25,January,3.85,3.82
01/10/2024 0:30,January,4.26,4.23
01/10/2024 0:35,January,4.5,4.47
01/10/2024 0:40,January,3.92,3.89
01/10/2024 0:45,January,4.25,4.22
01/10/2024 0:50,January,3.8,3.77
01/10/2024 0:55,January,3.84,3.81
01/10/2024 1:00,January,3.85,3.82
01/10/2024 1:05,January,7.96,7.9
01/10/2024 1:10,January,4.45,4.42
01/10/2024 1:15,January,4.25,4.22
01/10/2024 1:20,January,4.25,4.22
01/10/2024 1:25,January,4.25,4.22
01/10/2024 1:30,January,4.2,4.17
01/10/2024 1:35,January,4.25,4.22
01/10/2024 1:40,January,4.24,4.21
01/10/2024 1:45,January,5.64,5.6
01/10/2024 1:50,January,3.85,3.82
01/10/2024 1:55,January,4.1,4.07
01/10/2024 2:00,January,4.24,4.21
01/10/2024 2:05,January,3.89,3.86
01/10/2024 2:10,January,4.24,4.21
01/10/2024 2:15,January,3.93,3.9
01/10/2024 2:20,January,4.24,4.21
01/10/2024 2:25,January,4.24,4.21
01/10/2024 2:30,January,4.07,4.04
01/10/2024 2:35,January,4.23,4.2
01/10/2024 2:40,January,3.93,3.9
01/10/2024 2:45,January,4.1,4.07
01/10/2024 2:50,January,3.9,3.87
01/10/2024 2:55,January,3.9,3.88
01/10/2024 3:00,January,3.9,3.88
01/10/2024 3:05,January,3.91,3.88
01/10/2024 3:10,January,3.9,3.87
01/10/2024 3:15,January,3.9,3.87
01/10/2024 3:20,January,3.89,3.87
01/10/2024 3:25,January,3.9,3.87
01/10/2024 3:30,January,3.89,3.86
01/10/2024 3:35,January,3.86,3.83
01/10/2024 3:40,January,3.86,3.83
01/10/2024 3:45,January,3.88,3.85
01/10/2024 3:50,January,3.84,3.81
01/10/2024 3:55,January,3.86,3.83
01/10/2024 4:00,January,3.86,3.84
01/10/2024 4:05,January,3.88,3.86
01/10/2024 4:10,January,3.9,3.88
01/10/2024 4:15,January,4.08,4.06
01/10/2024 4:20,January,4.08,4.06
01/10/2024 4:25,January,4.08,4.06
01/10/2024 4:30,January,4.08,4.06
01/10/2024 4:35,January,4.1,4.07
01/10/2024 4:40,January,4.08,4.06
01/10/2024 4:45,January,4.68,4.65
01/10/2024 4:50,January,4.41,4.38
01/10/2024 4:55,January,4.22,4.2
01/10/2024 5:00,January,4.22,4.2
01/10/2024 5:05,January,3.87,3.84
01/10/2024 5:10,January,4.11,4.08
01/10/2024 5:15,January,4.11,4.08
01/10/2024 5:20,January,4.44,4.42
01/10/2024 5:25,January,4.22,4.19
01/10/2024 5:30,January,4.11,4.08
01/10/2024 5:35,January,4.44,4.41
01/10/2024 5:40,January,4.65,4.62
01/10/2024 5:45,January,4.5,4.47
01/10/2024 5:50,January,4.45,4.42
01/10/2024 5:55,January,4.45,4.42
01/10/2024 6:00,January,4.45,4.42
01/10/2024 6:05,January,3.78,3.75
01/10/2024 6:10,January,4.09,4.06
01/10/2024 6:15,January,4.11,4.08
01/10/2024 6:20,January,4.22,4.19
01/10/2024 6:25,January,4.23,4.2
01/10/2024 6:30,January,4.23,4.2
01/10/2024 6:35,January,4.44,4.41
01/10/2024 6:40,January,4.43,4.4
01/10/2024 6:45,January,4.09,4.06
01/10/2024 6:50,January,4.11,4.08
01/10/2024 6:55,January,4.22,4.19
01/10/2024 7:00,January,4.41,4.38
01/10/2024 7:05,January,0,0
01/10/2024 7:10,January,3.02,3
01/10/2024 7:15,January,3.29,3.27
01/10/2024 7:20,January,3.28,3.27
01/10/2024 7:25,January,3.51,3.5
01/10/2024 7:30,January,3.5,3.49
01/10/2024 7:35,January,3.96,3.95
01/10/2024 7:40,January,4.08,4.06
01/10/2024 7:45,January,4.17,4.15
01/10/2024 7:50,January,4.41,4.39
01/10/2024 7:55,January,4.41,4.39
01/10/2024 8:00,January,4.6,4.59
01/10/2024 8:05,January,0,0
01/10/2024 8:10,January,2.45,2.44
01/10/2024 8:15,January,3.28,3.27
01/10/2024 8:20,January,3.49,3.48
01/10/2024 8:25,January,3.5,3.49
01/10/2024 8:30,January,4.35,4.35
01/10/2024 8:35,January,3.75,3.74
01/10/2024 8:40,January,4.52,4.51
01/10/2024 8:45,January,4.32,4.32
01/10/2024 8:50,January,3.55,3.55
01/10/2024 8:55,January,4.41,4.4
01/10/2024 9:00,January,4.26,4.25
01/10/2024 9:05,January,0.74,0.73
01/10/2024 9:10,January,2.99,2.99
01/10/2024 9:15,January,3.74,3.73
01/10/2024 9:20,January,3.75,3.74
01/10/2024 9:25,January,3.63,3.62
01/10/2024 9:30,January,3.74,3.73
01/10/2024 9:35,January,3.76,3.75
01/10/2024 9:40,January,3.8,3.79
01/10/2024 9:45,January,3.77,3.76
01/10/2024 9:50,January,4.06,4.05
01/10/2024 9:55,January,4.4,4.39
01/10/2024 10:00,January,4.37,4.36
01/10/2024 10:05,January,2.44,2.44
01/10/2024 10:10,January,4.38,4.37
01/10/2024 10:15,January,4.38,4.37
01/10/2024 10:20,January,4.56,4.56
01/10/2024 10:25,January,6.86,6.86
01/10/2024 10:30,January,5.51,5.5
01/10/2024 10:35,January,6.84,6.84
01/10/2024 10:40,January,4.56,4.56
01/10/2024 10:45,January,4.47,4.47
01/10/2024 10:50,January,4.45,4.45
01/10/2024 10:55,January,4.48,4.48
01/10/2024 11:00,January,4.47,4.48
01/10/2024 11:05,January,3.72,3.73
01/10/2024 11:10,January,4.41,4.41
01/10/2024 11:15,January,4.48,4.48
01/10/2024 11:20,January,4.47,4.47
01/10/2024 11:25,January,4.42,4.43
01/10/2024 11:30,January,4.42,4.42
01/10/2024 11:35,January,4.17,4.18
01/10/2024 11:40,January,4.41,4.42
01/10/2024 11:45,January,4.48,4.49
01/10/2024 11:50,January,3.99,3.99
01/10/2024 11:55,January,3.54,3.55
01/10/2024 12:00,January,3.56,3.56
01/10/2024 12:05,January,2.97,2.97
01/10/2024 12:10,January,3.64,3.64
01/10/2024 12:15,January,4.06,4.06
01/10/2024 12:20,January,3.65,3.66
01/10/2024 12:25,January,4.06,4.06
01/10/2024 12:30,January,3.65,3.66
01/10/2024 12:35,January,3.54,3.55
01/10/2024 12:40,January,3.54,3.55
01/10/2024 12:45,January,3.54,3.54
01/10/2024 12:50,January,3.66,3.66
01/10/2024 12:55,January,3.54,3.55
01/10/2024 13:00,January,3.68,3.68
01/10/2024 13:05,January,4.41,4.41
01/10/2024 13:10,January,4.5,4.51
01/10/2024 13:15,January,4.51,4.52
01/10/2024 13:20,January,9.18,9.21
01/10/2024 13:25,January,4.42,4.43
01/10/2024 13:30,January,3.98,3.99
01/10/2024 13:35,January,4.56,4.58
01/10/2024 13:40,January,4.51,4.53
01/10/2024 13:45,January,13.21,13.26
01/10/2024 13:50,January,10.58,10.62
01/10/2024 13:55,January,10.59,10.64
01/10/2024 14:00,January,9.22,9.26
01/10/2024 14:05,January,13.83,13.88
01/10/2024 14:10,January,13.89,13.93
01/10/2024 14:15,January,11.88,11.92
01/10/2024 14:20,January,4.55,4.56
01/10/2024 14:25,January,4.54,4.56
01/10/2024 14:30,January,4.55,4.57
01/10/2024 14:35,January,4.49,4.51
01/10/2024 14:40,January,4.55,4.57
01/10/2024 14:45,January,4.56,4.58
01/10/2024 14:50,January,4.55,4.57
01/10/2024 14:55,January,4.49,4.5
01/10/2024 15:00,January,4.5,4.52
01/10/2024 15:05,January,4.97,4.99
01/10/2024 15:10,January,4.56,4.57
01/10/2024 15:15,January,4.98,5
01/10/2024 15:20,January,4.98,5
01/10/2024 15:25,January,4.98,5
01/10/2024 15:30,January,4.98,5
01/10/2024 15:35,January,11.91,11.95
01/10/2024 15:40,January,4.99,5
01/10/2024 15:45,January,4.57,4.58
01/10/2024 15:50,January,4.99,5
01/10/2024 15:55,January,5.1,5.11
01/10/2024 16:00,January,4.57,4.58
01/10/2024 16:05,January,10.65,10.67
01/10/2024 16:10,January,13.91,13.93
01/10/2024 16:15,January,14.93,14.95
01/10/2024 16:20,January,11.95,11.97
01/10/2024 16:25,January,10.71,10.73
01/10/2024 16:30,January,5.12,5.12
01/10/2024 16:35,January,9.33,9.34
01/10/2024 16:40,January,5.22,5.23
01/10/2024 16:45,January,4.85,4.86
01/10/2024 16:50,January,4.61,4.61
01/10/2024 16:55,January,4.61,4.62
01/10/2024 17:00,January,4.55,4.55
01/10/2024 17:05,January,4.56,4.56
01/10/2024 17:10,January,4.24,4.24
01/10/2024 17:15,January,3.02,3.02
01/10/2024 17:20,January,3.98,3.98
01/10/2024 17:25,January,4.51,4.51
01/10/2024 17:30,January,4.21,4.21
01/10/2024 17:35,January,4.52,4.52
01/10/2024 17:40,January,13.95,13.96
01/10/2024 17:45,January,11.97,11.97
01/10/2024 17:50,January,11.97,11.98
01/10/2024 17:55,January,8.71,8.72
01/10/2024 18:00,January,4.58,4.59
01/10/2024 18:05,January,9.32,9.32
01/10/2024 18:10,January,11.52,11.5
01/10/2024 18:15,January,13.42,13.4
01/10/2024 18:20,January,19.26,19.23
01/10/2024 18:25,January,10.67,10.65
01/10/2024 18:30,January,5.47,5.46
01/10/2024 18:35,January,5.47,5.46
01/10/2024 18:40,January,4.49,4.49
01/10/2024 18:45,January,4.61,4.6
01/10/2024 18:50,January,4.61,4.6
01/10/2024 18:55,January,4.5,4.49
01/10/2024 19:00,January,4.49,4.48
01/10/2024 19:05,January,5.03,5.03
01/10/2024 19:10,January,4.61,4.6
01/10/2024 19:15,January,4.6,4.6
01/10/2024 19:20,January,4.61,4.6
01/10/2024 19:25,January,4.61,4.6
01/10/2024 19:30,January,4.53,4.52
01/10/2024 19:35,January,4.22,4.21
01/10/2024 19:40,January,4.51,4.5
01/10/2024 19:45,January,4.55,4.54
01/10/2024 19:50,January,4.54,4.54
01/10/2024 19:55,January,4.53,4.52
01/10/2024 20:00,January,4.5,4.5
01/10/2024 20:05,January,30.01,29.98
01/10/2024 20:10,January,29.83,29.83
01/10/2024 20:15,January,29.77,29.78
01/10/2024 20:20,January,10.82,10.82
01/10/2024 20:25,January,10.79,10.79
01/10/2024 20:30,January,4.58,4.58
01/10/2024 20:35,January,4.89,4.89
01/10/2024 20:40,January,8.74,8.73
01/10/2024 20:45,January,8.74,8.73
01/10/2024 20:50,January,5.05,5.04
01/10/2024 20:55,January,5.05,5.04
01/10/2024 21:00,January,4.6,4.6
01/10/2024 21:05,January,29.93,29.91
01/10/2024 21:10,January,29.71,29.73
01/10/2024 21:15,January,12.1,12.11
01/10/2024 21:20,January,9.12,9.13
01/10/2024 21:25,January,4.6,4.6
01/10/2024 21:30,January,5.36,5.36
01/10/2024 21:35,January,4.61,4.61
01/10/2024 21:40,January,4.6,4.6
01/10/2024 21:45,January,4.54,4.54
01/10/2024 21:50,January,4.05,4.04
01/10/2024 21:55,January,4.02,4.02
01/10/2024 22:00,January,4,3.99
01/10/2024 22:05,January,29.89,29.88
01/10/2024 22:10,January,10.83,10.83
01/10/2024 22:15,January,4.63,4.62
01/10/2024 22:20,January,4.58,4.58
01/10/2024 22:25,January,4.61,4.61
01/10/2024 22:30,January,4.62,4.61
01/10/2024 22:35,January,5.26,5.26
01/10/2024 22:40,January,5.25,5.25
01/10/2024 22:45,January,4.62,4.62
01/10/2024 22:50,January,4.56,4.55
01/10/2024 22:55,January,3.89,3.88
01/10/2024 23:00,January,3.84,3.84
01/10/2024 23:05,January,3.91,3.91
01/10/2024 23:10,January,3.23,3.23
01/10/2024 23:15,January,3.23,3.23
01/10/2024 23:20,January,3.04,3.04
01/10/2024 23:25,January,3.06,3.06
01/10/2024 23:30,January,3.02,3.02
01/10/2024 23:35,January,3.23,3.23
01/10/2024 23:40,January,3.57,3.56
01/10/2024 23:45,January,3.23,3.22
01/10/2024 23:50,January,3.23,3.23
01/10/2024 23:55,January,3.23,3.22
01/11/2024 0:00,January,3.07,3.07
01/11/2024 0:05,January,4.09,4.08
01/11/2024 0:10,January,4.08,4.07
01/11/2024 0:15,January,4.1,4.09
01/11/2024 0:20,January,4.11,4.1
01/11/2024 0:25,January,3.24,3.23
01/11/2024 0:30,January,3.61,3.6
01/11/2024 0:35,January,3.6,3.58
01/11/2024 0:40,January,3.94,3.93
01/11/2024 0:45,January,3.95,3.94
01/11/2024 0:50,January,3.93,3.91
01/11/2024 0:55,January,3.98,3.96
01/11/2024 1:00,January,3.99,3.97
01/11/2024 1:05,January,4.1,4.08
01/11/2024 1:10,January,4.09,4.07
01/11/2024 1:15,January,4.12,4.1
01/11/2024 1:20,January,4.13,4.1
01/11/2024 1:25,January,4.13,4.1
01/11/2024 1:30,January,4.21,4.18
01/11/2024 1:35,January,4.24,4.22
01/11/2024 1:40,January,4.14,4.12
01/11/2024 1:45,January,4.12,4.09
01/11/2024 1:50,January,4.13,4.1
01/11/2024 1:55,January,4.12,4.1
01/11/2024 2:00,January,4.11,4.09
01/11/2024 2:05,January,4.15,4.12
01/11/2024 2:10,January,4.12,4.1
01/11/2024 2:15,January,4.16,4.13
01/11/2024 2:20,January,4.14,4.12
01/11/2024 2:25,January,4.16,4.13
01/11/2024 2:30,January,4.13,4.11
01/11/2024 2:35,January,4.12,4.1
01/11/2024 2:40,January,4.12,4.09
01/11/2024 2:45,January,4.1,4.07
01/11/2024 2:50,January,4.06,4.04
01/11/2024 2:55,January,4.07,4.04
01/11/2024 3:00,January,3.89,3.86
01/11/2024 3:05,January,4.07,4.05
01/11/2024 3:10,January,3.66,3.64
01/11/2024 3:15,January,3.88,3.86
01/11/2024 3:20,January,3.88,3.86
01/11/2024 3:25,January,3.53,3.51
01/11/2024 3:30,January,3.67,3.65
01/11/2024 3:35,January,4.06,4.04
01/11/2024 3:40,January,3.88,3.86
01/11/2024 3:45,January,3.54,3.53
01/11/2024 3:50,January,3.67,3.65
01/11/2024 3:55,January,3.78,3.76
01/11/2024 4:00,January,3.78,3.76
01/11/2024 4:05,January,4.07,4.05
01/11/2024 4:10,January,3.88,3.86
01/11/2024 4:15,January,4.07,4.05
01/11/2024 4:20,January,4.06,4.04
01/11/2024 4:25,January,4.07,4.05
01/11/2024 4:30,January,4.09,4.07
01/11/2024 4:35,January,4.14,4.12
01/11/2024 4:40,January,4.13,4.11
01/11/2024 4:45,January,4.16,4.14
01/11/2024 4:50,January,4.16,4.14
01/11/2024 4:55,January,4.45,4.43
01/11/2024 5:00,January,4.24,4.22
01/11/2024 5:05,January,4.16,4.14
01/11/2024 5:10,January,4.45,4.43
01/11/2024 5:15,January,4.77,4.75
01/11/2024 5:20,January,4.46,4.44
01/11/2024 5:25,January,4.16,4.13
01/11/2024 5:30,January,4.46,4.44
01/11/2024 5:35,January,4.24,4.22
01/11/2024 5:40,January,4.24,4.22
01/11/2024 5:45,January,4.46,4.43
01/11/2024 5:50,January,4.31,4.29
01/11/2024 5:55,January,4.27,4.25
01/11/2024 6:00,January,4.37,4.35
01/11/2024 6:05,January,3.66,3.65
01/11/2024 6:10,January,4.1,4.08
01/11/2024 6:15,January,4.29,4.26
01/11/2024 6:20,January,4.45,4.43
01/11/2024 6:25,January,4.46,4.44
01/11/2024 6:30,January,4.26,4.24
01/11/2024 6:35,January,4.22,4.2
01/11/2024 6:40,January,4.26,4.23
01/11/2024 6:45,January,4.06,4.04
01/11/2024 6:50,January,4.09,4.07
01/11/2024 6:55,January,4.01,3.99
01/11/2024 7:00,January,4.06,4.04
01/11/2024 7:05,January,0,0
01/11/2024 7:10,January,2.45,2.45
01/11/2024 7:15,January,3.24,3.23
01/11/2024 7:20,January,3.03,3.02
01/11/2024 7:25,January,3.23,3.22
01/11/2024 7:30,January,2.54,2.53
01/11/2024 7:35,January,3.03,3.02
01/11/2024 7:40,January,3.5,3.49
01/11/2024 7:45,January,3.49,3.49
01/11/2024 7:50,January,3.24,3.24
01/11/2024 7:55,January,3.4,3.4
01/11/2024 8:00,January,4.05,4.05
01/11/2024 8:05,January,0,0
01/11/2024 8:10,January,3.17,3.16
01/11/2024 8:15,January,3.58,3.58
01/11/2024 8:20,January,4.1,4.1
01/11/2024 8:25,January,4.05,4.04
01/11/2024 8:30,January,4.08,4.08
01/11/2024 8:35,January,4.05,4.04
01/11/2024 8:40,January,4.05,4.04
01/11/2024 8:45,January,4.11,4.11
01/11/2024 8:50,January,4.59,4.59
01/11/2024 8:55,January,4.48,4.48
01/11/2024 9:00,January,4.56,4.56
01/11/2024 9:05,January,0,0
01/11/2024 9:10,January,3.19,3.2
01/11/2024 9:15,January,3.58,3.59
01/11/2024 9:20,January,0.74,0.74
01/11/2024 9:25,January,2.96,2.97
01/11/2024 9:30,January,2.96,2.96
01/11/2024 9:35,January,4.11,4.12
01/11/2024 9:40,January,4.43,4.44
01/11/2024 9:45,January,4.9,4.92
01/11/2024 9:50,January,4.09,4.11
01/11/2024 9:55,January,4.43,4.45
01/11/2024 10:00,January,4.08,4.1
01/11/2024 10:05,January,0,0
01/11/2024 10:10,January,0.74,0.74
01/11/2024 10:15,January,2.43,2.44
01/11/2024 10:20,January,2.86,2.86
01/11/2024 10:25,January,2.93,2.94
01/11/2024 10:30,January,0.74,0.74
01/11/2024 10:35,January,3.02,3.04
01/11/2024 10:40,January,3.42,3.44
01/11/2024 10:45,January,3.57,3.59
01/11/2024 10:50,January,3.65,3.66
01/11/2024 10:55,January,3.51,3.53
01/11/2024 11:00,January,3.57,3.59
01/11/2024 11:05,January,0,0
01/11/2024 11:10,January,3.54,3.56
01/11/2024 11:15,January,3.53,3.55
01/11/2024 11:20,January,3.53,3.55
01/11/2024 11:25,January,3.53,3.55
01/11/2024 11:30,January,0,0
01/11/2024 11:35,January,2.96,2.98
01/11/2024 11:40,January,3.48,3.51
01/11/2024 11:45,January,3.51,3.53
01/11/2024 11:50,January,3.04,3.06
01/11/2024 11:55,January,2.96,2.98
01/11/2024 12:00,January,0,0
01/11/2024 12:05,January,2.42,2.44
01/11/2024 12:10,January,4.4,4.42
01/11/2024 12:15,January,3.63,3.65
01/11/2024 12:20,January,3.63,3.65
01/11/2024 12:25,January,2.96,2.98
01/11/2024 12:30,January,0,0
01/11/2024 12:35,January,0,0
01/11/2024 12:40,January,2.42,2.43
01/11/2024 12:45,January,0,0
01/11/2024 12:50,January,3.43,3.45
01/11/2024 12:55,January,3.47,3.49
01/11/2024 13:00,January,3.82,3.84
01/11/2024 13:05,January,3.56,3.58
01/11/2024 13:10,January,4.5,4.52
01/11/2024 13:15,January,4.5,4.52
01/11/2024 13:20,January,4.49,4.51
01/11/2024 13:25,January,10.77,10.82
01/11/2024 13:30,January,9.08,9.12
01/11/2024 13:35,January,4.51,4.53
01/11/2024 13:40,January,11.98,12.04
01/11/2024 13:45,January,12,12.05
01/11/2024 13:50,January,4.06,4.07
01/11/2024 13:55,January,4.51,4.53
01/11/2024 14:00,January,4.06,4.07
01/11/2024 14:05,January,4.52,4.53
01/11/2024 14:10,January,4.9,4.91
01/11/2024 14:15,January,4.52,4.54
01/11/2024 14:20,January,4.52,4.54
01/11/2024 14:25,January,4.47,4.48
01/11/2024 14:30,January,4.53,4.54
01/11/2024 14:35,January,4.53,4.54
01/11/2024 14:40,January,12.05,12.08
01/11/2024 14:45,January,4.93,4.95
01/11/2024 14:50,January,4.93,4.94
01/11/2024 14:55,January,4.55,4.56
01/11/2024 15:00,January,4.56,4.56
01/11/2024 15:05,January,4.07,4.08
01/11/2024 15:10,January,9.26,9.27
01/11/2024 15:15,January,4.06,4.06
01/11/2024 15:20,January,4.08,4.08
01/11/2024 15:25,January,4.56,4.56
01/11/2024 15:30,January,4.57,4.57
01/11/2024 15:35,January,4.94,4.94
01/11/2024 15:40,January,4.94,4.94
01/11/2024 15:45,January,4.49,4.49
01/11/2024 15:50,January,4.57,4.57
01/11/2024 15:55,January,4.08,4.08
01/11/2024 16:00,January,4.08,4.08
01/11/2024 16:05,January,4.09,4.09
01/11/2024 16:10,January,14.54,14.53
01/11/2024 16:15,January,12.47,12.46
01/11/2024 16:20,January,12.09,12.07
01/11/2024 16:25,January,4.79,4.79
01/11/2024 16:30,January,4.6,4.59
01/11/2024 16:35,January,4.5,4.49
01/11/2024 16:40,January,4.6,4.59
01/11/2024 16:45,January,4.49,4.48
01/11/2024 16:50,January,4.11,4.09
01/11/2024 16:55,January,4.09,4.07
01/11/2024 17:00,January,4.04,4.03
01/11/2024 17:05,January,4.03,4.02
01/11/2024 17:10,January,3.97,3.95
01/11/2024 17:15,January,3.64,3.63
01/11/2024 17:20,January,3.96,3.94
01/11/2024 17:25,January,4.04,4.03
01/11/2024 17:30,January,4.02,4.01
01/11/2024 17:35,January,4.08,4.07
01/11/2024 17:40,January,13.59,13.55
01/11/2024 17:45,January,12.5,12.47
01/11/2024 17:50,January,12.08,12.04
01/11/2024 17:55,January,4.58,4.57
01/11/2024 18:00,January,4.53,4.51
01/11/2024 18:05,January,14.47,14.41
01/11/2024 18:10,January,24.45,24.37
01/11/2024 18:15,January,15.22,15.17
01/11/2024 18:20,January,12.12,12.07
01/11/2024 18:25,January,9.35,9.31
01/11/2024 18:30,January,4.62,4.6
01/11/2024 18:35,January,4.62,4.6
01/11/2024 18:40,January,19.41,19.32
01/11/2024 18:45,January,12.09,12.03
01/11/2024 18:50,January,10.79,10.74
01/11/2024 18:55,January,4.02,4
01/11/2024 19:00,January,4.01,3.99
01/11/2024 19:05,January,4,3.99
01/11/2024 19:10,January,4,3.98
01/11/2024 19:15,January,4.05,4.03
01/11/2024 19:20,January,3.98,3.97
01/11/2024 19:25,January,3.97,3.95
01/11/2024 19:30,January,3.87,3.85
01/11/2024 19:35,January,3.93,3.91
01/11/2024 19:40,January,3.83,3.81
01/11/2024 19:45,January,3.86,3.84
01/11/2024 19:50,January,3.86,3.84
01/11/2024 19:55,January,3.84,3.82
01/11/2024 20:00,January,3.83,3.81
01/11/2024 20:05,January,12.48,12.43
01/11/2024 20:10,January,3.54,3.53
01/11/2024 20:15,January,3.01,3
01/11/2024 20:20,January,3.02,3.01
01/11/2024 20:25,January,3.02,3.01
01/11/2024 20:30,January,3.02,3.01
01/11/2024 20:35,January,0.75,0.74
01/11/2024 20:40,January,2.99,2.98
01/11/2024 20:45,January,2.98,2.97
01/11/2024 20:50,January,2.99,2.98
01/11/2024 20:55,January,2.46,2.45
01/11/2024 21:00,January,2.91,2.9
01/11/2024 21:05,January,10.78,10.74
01/11/2024 21:10,January,3.89,3.87
01/11/2024 21:15,January,3.86,3.85
01/11/2024 21:20,January,3.8,3.78
01/11/2024 21:25,January,3.54,3.52
01/11/2024 21:30,January,3.8,3.78
01/11/2024 21:35,January,3.53,3.51
01/11/2024 21:40,January,3.52,3.51
01/11/2024 21:45,January,3.03,3.02
01/11/2024 21:50,January,3.03,3.02
01/11/2024 21:55,January,3.55,3.53
01/11/2024 22:00,January,3.85,3.83
01/11/2024 22:05,January,14.89,14.82
01/11/2024 22:10,January,4.22,4.2
01/11/2024 22:15,January,3.88,3.87
01/11/2024 22:20,January,2.92,2.9
01/11/2024 22:25,January,3.25,3.24
01/11/2024 22:30,January,3.25,3.24
01/11/2024 22:35,January,3.64,3.62
01/11/2024 22:40,January,3.66,3.64
01/11/2024 22:45,January,3.7,3.68
01/11/2024 22:50,January,3.7,3.68
01/11/2024 22:55,January,3.67,3.65
01/11/2024 23:00,January,3.27,3.25
01/11/2024 23:05,January,3.87,3.85
01/11/2024 23:10,January,3.84,3.82
01/11/2024 23:15,January,3.78,3.76
01/11/2024 23:20,January,3.77,3.75
01/11/2024 23:25,January,3.05,3.03
01/11/2024 23:30,January,3.27,3.25
01/11/2024 23:35,January,3.27,3.26
01/11/2024 23:40,January,3.27,3.25
01/11/2024 23:45,January,3.27,3.26
01/11/2024 23:50,January,3.28,3.26
01/11/2024 23:55,January,3.28,3.26
01/12/2024 0:00,January,3.28,3.26
01/12/2024 0:05,January,3.66,3.64
01/12/2024 0:10,January,4.12,4.09
01/12/2024 0:15,January,3.53,3.51
01/12/2024 0:20,January,3.65,3.63
01/12/2024 0:25,January,3.36,3.34
01/12/2024 0:30,January,3.5,3.48
01/12/2024 0:35,January,3.36,3.34
01/12/2024 0:40,January,3.27,3.25
01/12/2024 0:45,January,3.36,3.34
01/12/2024 0:50,January,3.36,3.34
01/12/2024 0:55,January,3.54,3.52
01/12/2024 1:00,January,3.36,3.34
01/12/2024 1:05,January,3.36,3.34
01/12/2024 1:10,January,3.49,3.48
01/12/2024 1:15,January,3.49,3.47
01/12/2024 1:20,January,3.36,3.34
01/12/2024 1:25,January,3.37,3.35
01/12/2024 1:30,January,3.49,3.47
01/12/2024 1:35,January,3.47,3.45
01/12/2024 1:40,January,3.28,3.26
01/12/2024 1:45,January,3.36,3.34
01/12/2024 1:50,January,3.28,3.26
01/12/2024 1:55,January,3.28,3.26
01/12/2024 2:00,January,3.28,3.26
01/12/2024 2:05,January,3.2,3.18
01/12/2024 2:10,January,3.24,3.23
01/12/2024 2:15,January,3.27,3.25
01/12/2024 2:20,January,3.25,3.24
01/12/2024 2:25,January,3.26,3.25
01/12/2024 2:30,January,3.24,3.23
01/12/2024 2:35,January,3.25,3.24
01/12/2024 2:40,January,3.25,3.24
01/12/2024 2:45,January,3.24,3.23
01/12/2024 2:50,January,3.14,3.12
01/12/2024 2:55,January,3.16,3.15
01/12/2024 3:00,January,3.16,3.15
01/12/2024 3:05,January,3.17,3.16
01/12/2024 3:10,January,3.16,3.14
01/12/2024 3:15,January,3.13,3.12
01/12/2024 3:20,January,3.19,3.18
01/12/2024 3:25,January,3.16,3.14
01/12/2024 3:30,January,3.18,3.17
01/12/2024 3:35,January,3.2,3.19
01/12/2024 3:40,January,3.18,3.17
01/12/2024 3:45,January,3.14,3.13
01/12/2024 3:50,January,3.16,3.15
01/12/2024 3:55,January,3.02,3.01
01/12/2024 4:00,January,3.01,2.99
01/12/2024 4:05,January,3,2.99
01/12/2024 4:10,January,3.09,3.08
01/12/2024 4:15,January,3.09,3.08
01/12/2024 4:20,January,3.15,3.14
01/12/2024 4:25,January,3.24,3.23
01/12/2024 4:30,January,3.25,3.24
01/12/2024 4:35,January,3.24,3.23
01/12/2024 4:40,January,3.24,3.23
01/12/2024 4:45,January,3.25,3.24
01/12/2024 4:50,January,3.25,3.24
01/12/2024 4:55,January,3.5,3.49
01/12/2024 5:00,January,3.35,3.34
01/12/2024 5:05,January,3.13,3.12
01/12/2024 5:10,January,3.25,3.24
01/12/2024 5:15,January,3.35,3.34
01/12/2024 5:20,January,3.35,3.34
01/12/2024 5:25,January,3.35,3.34
01/12/2024 5:30,January,3.47,3.46
01/12/2024 5:35,January,3.37,3.35
01/12/2024 5:40,January,3.35,3.34
01/12/2024 5:45,January,3.35,3.34
01/12/2024 5:50,January,4.35,4.33
01/12/2024 5:55,January,4.16,4.14
01/12/2024 6:00,January,4.37,4.35
01/12/2024 6:05,January,3.01,3
01/12/2024 6:10,January,3.35,3.34
01/12/2024 6:15,January,3.49,3.47
01/12/2024 6:20,January,3.29,3.27
01/12/2024 6:25,January,3.35,3.34
01/12/2024 6:30,January,3.35,3.34
01/12/2024 6:35,January,3.29,3.28
01/12/2024 6:40,January,3.26,3.24
01/12/2024 6:45,January,3.19,3.17
01/12/2024 6:50,January,3.21,3.2
01/12/2024 6:55,January,3.04,3.03
01/12/2024 7:00,January,3.05,3.04
01/12/2024 7:05,January,0,0
01/12/2024 7:10,January,2.46,2.45
01/12/2024 7:15,January,2.92,2.91
01/12/2024 7:20,January,2.97,2.96
01/12/2024 7:25,January,3.01,3
01/12/2024 7:30,January,2.96,2.95
01/12/2024 7:35,January,3.16,3.15
01/12/2024 7:40,January,3.46,3.45
01/12/2024 7:45,January,3.49,3.48
01/12/2024 7:50,January,3.47,3.47
01/12/2024 7:55,January,4.22,4.21
01/12/2024 8:00,January,4.22,4.21
01/12/2024 8:05,January,0.75,0.74
01/12/2024 8:10,January,2.98,2.97
01/12/2024 8:15,January,3.25,3.24
01/12/2024 8:20,January,3.66,3.65
01/12/2024 8:25,January,3.26,3.25
01/12/2024 8:30,January,3.24,3.23
01/12/2024 8:35,January,3.24,3.23
01/12/2024 8:40,January,4.43,4.42
01/12/2024 8:45,January,4.01,4
01/12/2024 8:50,January,3.61,3.6
01/12/2024 8:55,January,3.61,3.6
01/12/2024 9:00,January,3.23,3.22
01/12/2024 9:05,January,2.94,2.95
01/12/2024 9:10,January,3.21,3.21
01/12/2024 9:15,January,9.17,9.19
01/12/2024 9:20,January,3.99,4
01/12/2024 9:25,January,3.97,3.98
01/12/2024 9:30,January,3.97,3.98
01/12/2024 9:35,January,3.96,3.97
01/12/2024 9:40,January,3.96,3.97
01/12/2024 9:45,January,3.96,3.97
01/12/2024 9:50,January,3.96,3.97
01/12/2024 9:55,January,4.42,4.44
01/12/2024 10:00,January,3.9,3.91
01/12/2024 10:05,January,3.6,3.61
01/12/2024 10:10,January,3.86,3.88
01/12/2024 10:15,January,3.88,3.9
01/12/2024 10:20,January,3.81,3.83
01/12/2024 10:25,January,3.96,3.98
01/12/2024 10:30,January,4.5,4.51
01/12/2024 10:35,January,4.42,4.44
01/12/2024 10:40,January,4.42,4.44
01/12/2024 10:45,January,4.12,4.13
01/12/2024 10:50,January,3.96,3.97
01/12/2024 10:55,January,4.13,4.14
01/12/2024 11:00,January,3.98,3.99
01/12/2024 11:05,January,3.6,3.61
01/12/2024 11:10,January,3.59,3.6
01/12/2024 11:15,January,3.7,3.71
01/12/2024 11:20,January,3.65,3.67
01/12/2024 11:25,January,3.91,3.93
01/12/2024 11:30,January,3.42,3.44
01/12/2024 11:35,January,3.11,3.12
01/12/2024 11:40,January,3.11,3.12
01/12/2024 11:45,January,3.11,3.12
01/12/2024 11:50,January,3.1,3.11
01/12/2024 11:55,January,2.97,2.98
01/12/2024 12:00,January,2.95,2.96
01/12/2024 12:05,January,0,0
01/12/2024 12:10,January,0,0
01/12/2024 12:15,January,0,0
01/12/2024 12:20,January,2.42,2.43
01/12/2024 12:25,January,0.18,0.18
01/12/2024 12:30,January,2.66,2.67
01/12/2024 12:35,January,2.91,2.93
01/12/2024 12:40,January,2.42,2.43
01/12/2024 12:45,January,2.92,2.93
01/12/2024 12:50,January,2.94,2.95
01/12/2024 12:55,January,2.94,2.95
01/12/2024 13:00,January,2.42,2.43
01/12/2024 13:05,January,2.42,2.43
01/12/2024 13:10,January,3.41,3.42
01/12/2024 13:15,January,3.54,3.55
01/12/2024 13:20,January,3.59,3.6
01/12/2024 13:25,January,3.46,3.46
01/12/2024 13:30,January,3.13,3.14
01/12/2024 13:35,January,3.59,3.6
01/12/2024 13:40,January,3.91,3.92
01/12/2024 13:45,January,3.59,3.6
01/12/2024 13:50,January,3.46,3.46
01/12/2024 13:55,January,3.49,3.5
01/12/2024 14:00,January,3.14,3.14
01/12/2024 14:05,January,3.54,3.54
01/12/2024 14:10,January,3.92,3.92
01/12/2024 14:15,January,3.92,3.92
01/12/2024 14:20,January,3.92,3.92
01/12/2024 14:25,January,3.94,3.95
01/12/2024 14:30,January,3.82,3.82
01/12/2024 14:35,January,3.47,3.47
01/12/2024 14:40,January,3.61,3.61
01/12/2024 14:45,January,3.48,3.47
01/12/2024 14:50,January,3.57,3.57
01/12/2024 14:55,January,3.14,3.14
01/12/2024 15:00,January,3.49,3.49
01/12/2024 15:05,January,3.52,3.52
01/12/2024 15:10,January,3.52,3.52
01/12/2024 15:15,January,3.68,3.68
01/12/2024 15:20,January,12.03,12.02
01/12/2024 15:25,January,4.39,4.38
01/12/2024 15:30,January,3.59,3.58
01/12/2024 15:35,January,3.81,3.8
01/12/2024 15:40,January,3.62,3.61
01/12/2024 15:45,January,3.61,3.6
01/12/2024 15:50,January,3.83,3.82
01/12/2024 15:55,January,3.67,3.66
01/12/2024 16:00,January,3.61,3.6
01/12/2024 16:05,January,3.07,3.06
01/12/2024 16:10,January,3.6,3.59
01/12/2024 16:15,January,3.61,3.59
01/12/2024 16:20,January,3.94,3.93
01/12/2024 16:25,January,3.61,3.6
01/12/2024 16:30,January,3.17,3.16
01/12/2024 16:35,January,3.94,3.93
01/12/2024 16:40,January,3.52,3.51
01/12/2024 16:45,January,3.13,3.12
01/12/2024 16:50,January,3.16,3.15
01/12/2024 16:55,January,3.13,3.12
01/12/2024 17:00,January,3.12,3.11
01/12/2024 17:05,January,3.12,3.12
01/12/2024 17:10,January,3.6,3.59
01/12/2024 17:15,January,3,2.99
01/12/2024 17:20,January,3.15,3.14
01/12/2024 17:25,January,3.82,3.81
01/12/2024 17:30,January,3.96,3.95
01/12/2024 17:35,January,3.85,3.84
01/12/2024 17:40,January,3.59,3.58
01/12/2024 17:45,January,12.06,12.03
01/12/2024 17:50,January,4.43,4.41
01/12/2024 17:55,January,4.43,4.41
01/12/2024 18:00,January,3.98,3.96
01/12/2024 18:05,January,14.07,14.02
01/12/2024 18:10,January,12.08,12.05
01/12/2024 18:15,January,4.08,4.06
01/12/2024 18:20,January,4.43,4.42
01/12/2024 18:25,January,4.09,4.07
01/12/2024 18:30,January,3.7,3.68
01/12/2024 18:35,January,3.62,3.6
01/12/2024 18:40,January,3.03,3.01
01/12/2024 18:45,January,3.58,3.56
01/12/2024 18:50,January,3.58,3.56
01/12/2024 18:55,January,3.02,3.01
01/12/2024 19:00,January,2.97,2.95
01/12/2024 19:05,January,3.57,3.56
01/12/2024 19:10,January,3.57,3.56
01/12/2024 19:15,January,3.15,3.14
01/12/2024 19:20,January,3.16,3.14
01/12/2024 19:25,January,3.36,3.35
01/12/2024 19:30,January,3.36,3.35
01/12/2024 19:35,January,3.36,3.35
01/12/2024 19:40,January,3.69,3.67
01/12/2024 19:45,January,3.37,3.36
01/12/2024 19:50,January,3.36,3.35
01/12/2024 19:55,January,3.36,3.35
01/12/2024 20:00,January,3.16,3.14
01/12/2024 20:05,January,20.13,20.05
01/12/2024 20:10,January,13.3,13.26
01/12/2024 20:15,January,4.14,4.13
01/12/2024 20:20,January,4.08,4.06
01/12/2024 20:25,January,3.61,3.6
01/12/2024 20:30,January,3.57,3.56
01/12/2024 20:35,January,3.57,3.56
01/12/2024 20:40,January,3.57,3.56
01/12/2024 20:45,January,3.58,3.56
01/12/2024 20:50,January,3.03,3.01
01/12/2024 20:55,January,3.03,3.02
01/12/2024 21:00,January,3.07,3.06
01/12/2024 21:05,January,16.01,15.93
01/12/2024 21:10,January,5,4.97
01/12/2024 21:15,January,3.99,3.97
01/12/2024 21:20,January,3.73,3.7
01/12/2024 21:25,January,3.99,3.96
01/12/2024 21:30,January,3.6,3.58
01/12/2024 21:35,January,3.6,3.58
01/12/2024 21:40,January,3.58,3.56
01/12/2024 21:45,January,3.6,3.58
01/12/2024 21:50,January,3.63,3.61
01/12/2024 21:55,January,3.65,3.62
01/12/2024 22:00,January,3.59,3.56
01/12/2024 22:05,January,15.26,15.17
01/12/2024 22:10,January,4.92,4.89
01/12/2024 22:15,January,3.96,3.94
01/12/2024 22:20,January,3.59,3.56
01/12/2024 22:25,January,3.6,3.58
01/12/2024 22:30,January,10.72,10.66
01/12/2024 22:35,January,3.6,3.58
01/12/2024 22:40,January,3.63,3.61
01/12/2024 22:45,January,3.15,3.12
01/12/2024 22:50,January,3.23,3.21
01/12/2024 22:55,January,3.25,3.23
01/12/2024 23:00,January,3.25,3.22
01/12/2024 23:05,January,3.95,3.92
01/12/2024 23:10,January,3.58,3.56
01/12/2024 23:15,January,3.63,3.6
01/12/2024 23:20,January,3.58,3.56
01/12/2024 23:25,January,3.25,3.23
01/12/2024 23:30,January,3.59,3.57
01/12/2024 23:35,January,3.63,3.6
01/12/2024 23:40,January,3.63,3.6
01/12/2024 23:45,January,3.24,3.21
01/12/2024 23:50,January,3.58,3.56
01/12/2024 23:55,January,3.24,3.22
01/13/2024 0:00,January,3.27,3.24
01/13/2024 0:05,January,3.62,3.59
01/13/2024 0:10,January,3.53,3.51
01/13/2024 0:15,January,3.25,3.22
01/13/2024 0:20,January,3.48,3.45
01/13/2024 0:25,January,3.49,3.47
01/13/2024 0:30,January,3.49,3.47
01/13/2024 0:35,January,3.53,3.5
01/13/2024 0:40,January,3.25,3.22
01/13/2024 0:45,January,3.25,3.22
01/13/2024 0:50,January,3.03,3.01
01/13/2024 0:55,January,3.19,3.17
01/13/2024 1:00,January,3.55,3.52
01/13/2024 1:05,January,3.47,3.45
01/13/2024 1:10,January,3.47,3.45
01/13/2024 1:15,January,3.47,3.45
01/13/2024 1:20,January,3.53,3.51
01/13/2024 1:25,January,3.49,3.47
01/13/2024 1:30,January,3.63,3.61
01/13/2024 1:35,January,3.59,3.57
01/13/2024 1:40,January,3.59,3.57
01/13/2024 1:45,January,3.55,3.52
01/13/2024 1:50,January,3.6,3.57
01/13/2024 1:55,January,3.57,3.55
01/13/2024 2:00,January,3.64,3.62
01/13/2024 2:05,January,3.6,3.58
01/13/2024 2:10,January,3.49,3.47
01/13/2024 2:15,January,3.54,3.52
01/13/2024 2:20,January,4.35,4.33
01/13/2024 2:25,January,3.64,3.63
01/13/2024 2:30,January,3.67,3.66
01/13/2024 2:35,January,3.64,3.62
01/13/2024 2:40,January,3.63,3.61
01/13/2024 2:45,January,3.47,3.45
01/13/2024 2:50,January,3.56,3.54
01/13/2024 2:55,January,3.55,3.54
01/13/2024 3:00,January,3.56,3.54
01/13/2024 3:05,January,2.45,2.44
01/13/2024 3:10,January,2.58,2.57
01/13/2024 3:15,January,3.02,3.01
01/13/2024 3:20,January,2.71,2.7
01/13/2024 3:25,January,3.02,3
01/13/2024 3:30,January,2.58,2.57
01/13/2024 3:35,January,2.73,2.71
01/13/2024 3:40,January,3.02,3.01
01/13/2024 3:45,January,3.24,3.23
01/13/2024 3:50,January,3.24,3.23
01/13/2024 3:55,January,3.24,3.23
01/13/2024 4:00,January,3.24,3.23
01/13/2024 4:05,January,2.46,2.45
01/13/2024 4:10,January,2.5,2.49
01/13/2024 4:15,January,2.55,2.54
01/13/2024 4:20,January,2.58,2.57
01/13/2024 4:25,January,2.58,2.57
01/13/2024 4:30,January,2.56,2.55
01/13/2024 4:35,January,2.55,2.55
01/13/2024 4:40,January,2.58,2.57
01/13/2024 4:45,January,3.08,3.07
01/13/2024 4:50,January,2.58,2.57
01/13/2024 4:55,January,2.58,2.57
01/13/2024 5:00,January,2.58,2.57
01/13/2024 5:05,January,3.02,3.01
01/13/2024 5:10,January,3.17,3.16
01/13/2024 5:15,January,3.33,3.31
01/13/2024 5:20,January,3.24,3.23
01/13/2024 5:25,January,3.24,3.23
01/13/2024 5:30,January,3.18,3.17
01/13/2024 5:35,January,3.16,3.15
01/13/2024 5:40,January,3.24,3.23
01/13/2024 5:45,January,3.18,3.17
01/13/2024 5:50,January,3.25,3.23
01/13/2024 5:55,January,3.24,3.23
01/13/2024 6:00,January,3.24,3.23
01/13/2024 6:05,January,3.02,3.01
01/13/2024 6:10,January,3.24,3.23
01/13/2024 6:15,January,3.24,3.23
01/13/2024 6:20,January,3.25,3.23
01/13/2024 6:25,January,3.53,3.51
01/13/2024 6:30,January,3.25,3.23
01/13/2024 6:35,January,3.24,3.22
01/13/2024 6:40,January,3.24,3.23
01/13/2024 6:45,January,3.24,3.23
01/13/2024 6:50,January,3.25,3.23
01/13/2024 6:55,January,3.24,3.22
01/13/2024 7:00,January,3.26,3.25
01/13/2024 7:05,January,3.23,3.22
01/13/2024 7:10,January,3.25,3.23
01/13/2024 7:15,January,3.25,3.23
01/13/2024 7:20,January,3.24,3.22
01/13/2024 7:25,January,3.2,3.19
01/13/2024 7:30,January,3.24,3.22
01/13/2024 7:35,January,3.32,3.3
01/13/2024 7:40,January,3.53,3.51
01/13/2024 7:45,January,3.35,3.34
01/13/2024 7:50,January,4.14,4.12
01/13/2024 7:55,January,3.96,3.94
01/13/2024 8:00,January,3.96,3.95
01/13/2024 8:05,January,0,0
01/13/2024 8:10,January,2.4,2.39
01/13/2024 8:15,January,2.97,2.95
01/13/2024 8:20,January,3.28,3.26
01/13/2024 8:25,January,3.28,3.26
01/13/2024 8:30,January,3.57,3.55
01/13/2024 8:35,January,3.18,3.17
01/13/2024 8:40,January,3.27,3.25
01/13/2024 8:45,January,3.27,3.25
01/13/2024 8:50,January,3.27,3.25
01/13/2024 8:55,January,3.26,3.25
01/13/2024 9:00,January,3.73,3.71
01/13/2024 9:05,January,2.55,2.54
01/13/2024 9:10,January,2.54,2.53
01/13/2024 9:15,January,3.1,3.08
01/13/2024 9:20,January,3.34,3.33
01/13/2024 9:25,January,3.23,3.22
01/13/2024 9:30,January,3.22,3.22
01/13/2024 9:35,January,3.98,3.97
01/13/2024 9:40,January,3.48,3.47
01/13/2024 9:45,January,3.73,3.72
01/13/2024 9:50,January,3.34,3.33
01/13/2024 9:55,January,3.47,3.46
01/13/2024 10:00,January,3.22,3.21
01/13/2024 10:05,January,2.37,2.37
01/13/2024 10:10,January,2.43,2.43
01/13/2024 10:15,January,2.54,2.54
01/13/2024 10:20,January,2.96,2.96
01/13/2024 10:25,January,3.13,3.12
01/13/2024 10:30,January,3.34,3.33
01/13/2024 10:35,January,3.46,3.46
01/13/2024 10:40,January,3.73,3.73
01/13/2024 10:45,January,3.73,3.73
01/13/2024 10:50,January,3.57,3.57
01/13/2024 10:55,January,3.34,3.34
01/13/2024 11:00,January,3.35,3.34
01/13/2024 11:05,January,2.42,2.42
01/13/2024 11:10,January,2.39,2.39
01/13/2024 11:15,January,2.4,2.4
01/13/2024 11:20,January,2.43,2.43
01/13/2024 11:25,January,2.41,2.41
01/13/2024 11:30,January,2.54,2.54
01/13/2024 11:35,January,2.53,2.54
01/13/2024 11:40,January,2.54,2.54
01/13/2024 11:45,January,2.53,2.54
01/13/2024 11:50,January,2.54,2.54
01/13/2024 11:55,January,2.43,2.43
01/13/2024 12:00,January,2.4,2.4
01/13/2024 12:05,January,2.4,2.41
01/13/2024 12:10,January,2.4,2.41
01/13/2024 12:15,January,2.4,2.4
01/13/2024 12:20,January,2.38,2.39
01/13/2024 12:25,January,2.4,2.41
01/13/2024 12:30,January,2.39,2.39
01/13/2024 12:35,January,2.37,2.37
01/13/2024 12:40,January,2.39,2.39
01/13/2024 12:45,January,2.41,2.41
01/13/2024 12:50,January,2.44,2.44
01/13/2024 12:55,January,2.53,2.53
01/13/2024 13:00,January,2.53,2.53
01/13/2024 13:05,January,2.95,2.95
01/13/2024 13:10,January,2.94,2.95
01/13/2024 13:15,January,2.97,2.97
01/13/2024 13:20,January,2.54,2.54
01/13/2024 13:25,January,2.94,2.94
01/13/2024 13:30,January,2.42,2.42
01/13/2024 13:35,January,2.44,2.44
01/13/2024 13:40,January,2.94,2.94
01/13/2024 13:45,January,2.54,2.54
01/13/2024 13:50,January,2.56,2.56
01/13/2024 13:55,January,2.42,2.42
01/13/2024 14:00,January,2.54,2.54
01/13/2024 14:05,January,2.95,2.94
01/13/2024 14:10,January,3.35,3.34
01/13/2024 14:15,January,3.76,3.75
01/13/2024 14:20,January,3.54,3.53
01/13/2024 14:25,January,3.36,3.35
01/13/2024 14:30,January,3.35,3.35
01/13/2024 14:35,January,3.36,3.35
01/13/2024 14:40,January,3.36,3.35
01/13/2024 14:45,January,3.58,3.57
01/13/2024 14:50,January,3.53,3.52
01/13/2024 14:55,January,3.13,3.12
01/13/2024 15:00,January,3.36,3.35
01/13/2024 15:05,January,2.97,2.96
01/13/2024 15:10,January,3,2.99
01/13/2024 15:15,January,3.09,3.08
01/13/2024 15:20,January,3.06,3.05
01/13/2024 15:25,January,3.41,3.39
01/13/2024 15:30,January,3.36,3.35
01/13/2024 15:35,January,3.4,3.39
01/13/2024 15:40,January,3.37,3.35
01/13/2024 15:45,January,3.37,3.35
01/13/2024 15:50,January,3.37,3.35
01/13/2024 15:55,January,3.37,3.35
01/13/2024 16:00,January,3.6,3.58
01/13/2024 16:05,January,3.77,3.75
01/13/2024 16:10,January,3.44,3.42
01/13/2024 16:15,January,3.96,3.94
01/13/2024 16:20,January,3.61,3.59
01/13/2024 16:25,January,3.78,3.75
01/13/2024 16:30,January,3.52,3.49
01/13/2024 16:35,January,3.62,3.59
01/13/2024 16:40,January,3.97,3.94
01/13/2024 16:45,January,3.9,3.87
01/13/2024 16:50,January,3.63,3.6
01/13/2024 16:55,January,3.6,3.57
01/13/2024 17:00,January,3.59,3.56
01/13/2024 17:05,January,3,2.97
01/13/2024 17:10,January,3,2.97
01/13/2024 17:15,January,2.57,2.55
01/13/2024 17:20,January,2.99,2.97
01/13/2024 17:25,January,3.03,3.01
01/13/2024 17:30,January,3.03,3
01/13/2024 17:35,January,4.11,4.08
01/13/2024 17:40,January,4.11,4.08
01/13/2024 17:45,January,4,3.97
01/13/2024 17:50,January,4.58,4.54
01/13/2024 17:55,January,3.91,3.88
01/13/2024 18:00,January,3.92,3.89
01/13/2024 18:05,January,3.93,3.89
01/13/2024 18:10,January,10.74,10.64
01/13/2024 18:15,January,4.31,4.28
01/13/2024 18:20,January,3.99,3.95
01/13/2024 18:25,January,3.94,3.9
01/13/2024 18:30,January,3.99,3.95
01/13/2024 18:35,January,3.99,3.95
01/13/2024 18:40,January,3.99,3.95
01/13/2024 18:45,January,4,3.96
01/13/2024 18:50,January,4,3.96
01/13/2024 18:55,January,3.9,3.87
01/13/2024 19:00,January,3.77,3.73
01/13/2024 19:05,January,4.09,4.06
01/13/2024 19:10,January,4,3.97
01/13/2024 19:15,January,3.94,3.91
01/13/2024 19:20,January,3.94,3.91
01/13/2024 19:25,January,3.58,3.55
01/13/2024 19:30,January,3.84,3.81
01/13/2024 19:35,January,3.94,3.91
01/13/2024 19:40,January,3.93,3.9
01/13/2024 19:45,January,3.94,3.91
01/13/2024 19:50,January,3.85,3.82
01/13/2024 19:55,January,3.01,2.99
01/13/2024 20:00,January,3.5,3.48
01/13/2024 20:05,January,3.93,3.9
01/13/2024 20:10,January,3.67,3.65
01/13/2024 20:15,January,3.64,3.61
01/13/2024 20:20,January,3.03,3.01
01/13/2024 20:25,January,3.53,3.5
01/13/2024 20:30,January,3.64,3.61
01/13/2024 20:35,January,3.64,3.61
01/13/2024 20:40,January,3.64,3.61
01/13/2024 20:45,January,3.9,3.87
01/13/2024 20:50,January,3.65,3.62
01/13/2024 20:55,January,3.85,3.82
01/13/2024 21:00,January,3.03,3.01
01/13/2024 21:05,January,33,32.71
01/13/2024 21:10,January,14.08,13.97
01/13/2024 21:15,January,10.77,10.68
01/13/2024 21:20,January,3.95,3.92
01/13/2024 21:25,January,3.95,3.92
01/13/2024 21:30,January,4,3.97
01/13/2024 21:35,January,4,3.97
01/13/2024 21:40,January,3.95,3.92
01/13/2024 21:45,January,4,3.97
01/13/2024 21:50,January,3.55,3.52
01/13/2024 21:55,January,3.21,3.19
01/13/2024 22:00,January,3.28,3.25
01/13/2024 22:05,January,3.94,3.92
01/13/2024 22:10,January,3.64,3.62
01/13/2024 22:15,January,3.64,3.62
01/13/2024 22:20,January,3.38,3.35
01/13/2024 22:25,January,3.37,3.35
01/13/2024 22:30,January,3.25,3.23
01/13/2024 22:35,January,3.39,3.37
01/13/2024 22:40,January,3.52,3.5
01/13/2024 22:45,January,3.27,3.25
01/13/2024 22:50,January,3.02,3.01
01/13/2024 22:55,January,3.06,3.04
01/13/2024 23:00,January,3.01,3
01/13/2024 23:05,January,3.94,3.92
01/13/2024 23:10,January,3.38,3.36
01/13/2024 23:15,January,3.05,3.03
01/13/2024 23:20,January,3.04,3.02
01/13/2024 23:25,January,3.17,3.15
01/13/2024 23:30,January,3.25,3.24
01/13/2024 23:35,January,3.25,3.24
01/13/2024 23:40,January,3.26,3.24
01/13/2024 23:45,January,3.16,3.14
01/13/2024 23:50,January,3.04,3.02
01/13/2024 23:55,January,3.03,3.01
01/14/2024 0:00,January,3.03,3.01
01/14/2024 0:05,January,3.73,3.71
01/14/2024 0:10,January,3.54,3.52
01/14/2024 0:15,January,3.54,3.52
01/14/2024 0:20,January,3.33,3.31
01/14/2024 0:25,January,3.38,3.36
01/14/2024 0:30,January,3.37,3.35
01/14/2024 0:35,January,3.36,3.34
01/14/2024 0:40,January,3.33,3.31
01/14/2024 0:45,January,3.36,3.34
01/14/2024 0:50,January,3.35,3.34
01/14/2024 0:55,January,3.36,3.35
01/14/2024 1:00,January,3.32,3.31
01/14/2024 1:05,January,3.5,3.49
01/14/2024 1:10,January,3.53,3.51
01/14/2024 1:15,January,3.53,3.51
01/14/2024 1:20,January,3.53,3.51
01/14/2024 1:25,January,3.53,3.51
01/14/2024 1:30,January,3.61,3.59
01/14/2024 1:35,January,3.53,3.51
01/14/2024 1:40,January,3.47,3.46
01/14/2024 1:45,January,3.37,3.36
01/14/2024 1:50,January,3.47,3.46
01/14/2024 1:55,January,3.28,3.27
01/14/2024 2:00,January,3.28,3.27
01/14/2024 2:05,January,3.28,3.27
01/14/2024 2:10,January,3.36,3.35
01/14/2024 2:15,January,3.45,3.44
01/14/2024 2:20,January,3.46,3.44
01/14/2024 2:25,January,3.54,3.53
01/14/2024 2:30,January,3.53,3.52
01/14/2024 2:35,January,3.53,3.52
01/14/2024 2:40,January,3.46,3.44
01/14/2024 2:45,January,3.29,3.28
01/14/2024 2:50,January,3.46,3.44
01/14/2024 2:55,January,3.29,3.28
01/14/2024 3:00,January,3.29,3.28
01/14/2024 3:05,January,3.45,3.44
01/14/2024 3:10,January,3.36,3.35
01/14/2024 3:15,January,3.35,3.34
01/14/2024 3:20,January,3.35,3.34
01/14/2024 3:25,January,3.35,3.34
01/14/2024 3:30,January,3.29,3.29
01/14/2024 3:35,January,3.34,3.34
01/14/2024 3:40,January,3.3,3.29
01/14/2024 3:45,January,3.3,3.29
01/14/2024 3:50,January,3.3,3.29
01/14/2024 3:55,January,3.3,3.29
01/14/2024 4:00,January,3.3,3.29
01/14/2024 4:05,January,3.3,3.29
01/14/2024 4:10,January,3.23,3.23
01/14/2024 4:15,January,3.29,3.28
01/14/2024 4:20,January,3.19,3.18
01/14/2024 4:25,January,3.19,3.18
01/14/2024 4:30,January,3.18,3.18
01/14/2024 4:35,January,3.19,3.18
01/14/2024 4:40,January,3.18,3.17
01/14/2024 4:45,January,3.18,3.17
01/14/2024 4:50,January,3.18,3.17
01/14/2024 4:55,January,2.95,2.94
01/14/2024 5:00,January,3,2.99
01/14/2024 5:05,January,2.95,2.94
01/14/2024 5:10,January,2.99,2.98
01/14/2024 5:15,January,3,2.99
01/14/2024 5:20,January,3,2.99
01/14/2024 5:25,January,2.56,2.55
01/14/2024 5:30,January,2.45,2.44
01/14/2024 5:35,January,2.56,2.55
01/14/2024 5:40,January,2.54,2.53
01/14/2024 5:45,January,2.44,2.43
01/14/2024 5:50,January,2.53,2.52
01/14/2024 5:55,January,2.44,2.43
01/14/2024 6:00,January,2.45,2.45
01/14/2024 6:05,January,2.42,2.41
01/14/2024 6:10,January,2.43,2.42
01/14/2024 6:15,January,2.56,2.55
01/14/2024 6:20,January,2.43,2.42
01/14/2024 6:25,January,3,2.99
01/14/2024 6:30,January,2.9,2.88
01/14/2024 6:35,January,2.39,2.38
01/14/2024 6:40,January,2.42,2.41
01/14/2024 6:45,January,2.41,2.4
01/14/2024 6:50,January,2.4,2.39
01/14/2024 6:55,January,2.03,2.03
01/14/2024 7:00,January,2.4,2.39
01/14/2024 7:05,January,2.43,2.42
01/14/2024 7:10,January,2.42,2.42
01/14/2024 7:15,January,2.55,2.54
01/14/2024 7:20,January,2.55,2.54
01/14/2024 7:25,January,2.55,2.54
01/14/2024 7:30,January,2.55,2.54
01/14/2024 7:35,January,2.44,2.43
01/14/2024 7:40,January,2.54,2.54
01/14/2024 7:45,January,2.54,2.54
01/14/2024 7:50,January,2.54,2.54
01/14/2024 7:55,January,2.54,2.54
01/14/2024 8:00,January,2.54,2.54
01/14/2024 8:05,January,2.39,2.39
01/14/2024 8:10,January,2.53,2.53
01/14/2024 8:15,January,2.97,2.97
01/14/2024 8:20,January,2.54,2.54
01/14/2024 8:25,January,2.53,2.53
01/14/2024 8:30,January,2.53,2.53
01/14/2024 8:35,January,2.42,2.43
01/14/2024 8:40,January,2.53,2.54
01/14/2024 8:45,January,2.53,2.53
01/14/2024 8:50,January,2.41,2.42
01/14/2024 8:55,January,2.53,2.54
01/14/2024 9:00,January,2.95,2.96
01/14/2024 9:05,January,2.42,2.42
01/14/2024 9:10,January,0.97,0.97
01/14/2024 9:15,January,2.42,2.42
01/14/2024 9:20,January,2.41,2.42
01/14/2024 9:25,January,2.95,2.95
01/14/2024 9:30,January,2.41,2.42
01/14/2024 9:35,January,2.52,2.53
01/14/2024 9:40,January,2.84,2.84
01/14/2024 9:45,January,2.52,2.53
01/14/2024 9:50,January,2.52,2.53
01/14/2024 9:55,January,2.84,2.84
01/14/2024 10:00,January,2.52,2.53
01/14/2024 10:05,January,2.52,2.53
01/14/2024 10:10,January,2.52,2.53
01/14/2024 10:15,January,2.94,2.95
01/14/2024 10:20,January,2.53,2.53
01/14/2024 10:25,January,2.53,2.53
01/14/2024 10:30,January,2.52,2.53
01/14/2024 10:35,January,2.79,2.79
01/14/2024 10:40,January,2.43,2.44
01/14/2024 10:45,January,2.52,2.53
01/14/2024 10:50,January,2.52,2.53
01/14/2024 10:55,January,2.52,2.53
01/14/2024 11:00,January,2.52,2.53
01/14/2024 11:05,January,2.44,2.44
01/14/2024 11:10,January,2.93,2.95
01/14/2024 11:15,January,2.93,2.94
01/14/2024 11:20,January,2.96,2.97
01/14/2024 11:25,January,2.93,2.94
01/14/2024 11:30,January,2.53,2.54
01/14/2024 11:35,January,2.52,2.53
01/14/2024 11:40,January,2.52,2.53
01/14/2024 11:45,January,2.52,2.53
01/14/2024 11:50,January,2.39,2.4
01/14/2024 11:55,January,2.43,2.44
01/14/2024 12:00,January,2.43,2.44
01/14/2024 12:05,January,1.92,1.93
01/14/2024 12:10,January,2.41,2.42
01/14/2024 12:15,January,2.41,2.42
01/14/2024 12:20,January,2.41,2.42
01/14/2024 12:25,January,2.37,2.38
01/14/2024 12:30,January,0.97,0.98
01/14/2024 12:35,January,2.08,2.09
01/14/2024 12:40,January,2.38,2.39
01/14/2024 12:45,January,0,0
01/14/2024 12:50,January,2.52,2.53
01/14/2024 12:55,January,2.52,2.53
01/14/2024 13:00,January,2.52,2.53
01/14/2024 13:05,January,2.93,2.94
01/14/2024 13:10,January,2.93,2.94
01/14/2024 13:15,January,2.94,2.95
01/14/2024 13:20,January,3.19,3.2
01/14/2024 13:25,January,2.53,2.54
01/14/2024 13:30,January,2.53,2.54
01/14/2024 13:35,January,2.53,2.54
01/14/2024 13:40,January,2.53,2.54
01/14/2024 13:45,January,2.41,2.42
01/14/2024 13:50,January,2.78,2.78
01/14/2024 13:55,January,2.53,2.54
01/14/2024 14:00,January,2.93,2.93
01/14/2024 14:05,January,2.41,2.42
01/14/2024 14:10,January,2.54,2.54
01/14/2024 14:15,January,2.42,2.42
01/14/2024 14:20,January,2.79,2.79
01/14/2024 14:25,January,2.77,2.77
01/14/2024 14:30,January,2.93,2.94
01/14/2024 14:35,January,2.93,2.94
01/14/2024 14:40,January,2.54,2.54
01/14/2024 14:45,January,2.78,2.78
01/14/2024 14:50,January,2.94,2.94
01/14/2024 14:55,January,2.94,2.94
01/14/2024 15:00,January,2.94,2.94
01/14/2024 15:05,January,0.74,0.74
01/14/2024 15:10,January,0.74,0.74
01/14/2024 15:15,January,2.38,2.38
01/14/2024 15:20,January,2.54,2.54
01/14/2024 15:25,January,2.94,2.94
01/14/2024 15:30,January,2.41,2.41
01/14/2024 15:35,January,2.55,2.54
01/14/2024 15:40,January,2.96,2.95
01/14/2024 15:45,January,2.95,2.95
01/14/2024 15:50,January,3,3
01/14/2024 15:55,January,2.96,2.95
01/14/2024 16:00,January,2.88,2.87
01/14/2024 16:05,January,2.99,2.98
01/14/2024 16:10,January,3,2.99
01/14/2024 16:15,January,3,2.99
01/14/2024 16:20,January,3.01,3
01/14/2024 16:25,January,3.24,3.23
01/14/2024 16:30,January,3.39,3.38
01/14/2024 16:35,January,3.48,3.47
01/14/2024 16:40,January,3.42,3.41
01/14/2024 16:45,January,3.35,3.33
01/14/2024 16:50,January,2.92,2.91
01/14/2024 16:55,January,3.35,3.33
01/14/2024 17:00,January,3.42,3.4
01/14/2024 17:05,January,4.59,4.57
01/14/2024 17:10,January,3.9,3.89
01/14/2024 17:15,January,3.5,3.48
01/14/2024 17:20,January,3.61,3.6
01/14/2024 17:25,January,3.61,3.6
01/14/2024 17:30,January,4,3.99
01/14/2024 17:35,January,4.01,3.99
01/14/2024 17:40,January,4.05,4.03
01/14/2024 17:45,January,4.04,4.02
01/14/2024 17:50,January,4.04,4.02
01/14/2024 17:55,January,4.01,3.98
01/14/2024 18:00,January,3.62,3.6
01/14/2024 18:05,January,4.58,4.55
01/14/2024 18:10,January,31.53,31.35
01/14/2024 18:15,January,5.56,5.52
01/14/2024 18:20,January,4.58,4.55
01/14/2024 18:25,January,4.58,4.56
01/14/2024 18:30,January,4.07,4.05
01/14/2024 18:35,January,4.07,4.05
01/14/2024 18:40,January,5.56,5.54
01/14/2024 18:45,January,4.48,4.47
01/14/2024 18:50,January,4.08,4.06
01/14/2024 18:55,January,4.08,4.06
01/14/2024 19:00,January,3.99,3.97
01/14/2024 19:05,January,4.06,4.05
01/14/2024 19:10,January,4.07,4.05
01/14/2024 19:15,January,4.09,4.08
01/14/2024 19:20,January,3.99,3.97
01/14/2024 19:25,January,4.07,4.05
01/14/2024 19:30,January,4.02,4
01/14/2024 19:35,January,4.05,4.03
01/14/2024 19:40,January,4.07,4.05
01/14/2024 19:45,January,4.07,4.06
01/14/2024 19:50,January,4.08,4.06
01/14/2024 19:55,January,4.08,4.06
01/14/2024 20:00,January,3.62,3.61
01/14/2024 20:05,January,3.93,3.91
01/14/2024 20:10,January,3.97,3.95
01/14/2024 20:15,January,3.98,3.96
01/14/2024 20:20,January,3.98,3.96
01/14/2024 20:25,January,4,3.98
01/14/2024 20:30,January,4,3.98
01/14/2024 20:35,January,3.98,3.96
01/14/2024 20:40,January,3.98,3.96
01/14/2024 20:45,January,4.02,4
01/14/2024 20:50,January,4.02,4
01/14/2024 20:55,January,3.93,3.92
01/14/2024 21:00,January,3.98,3.96
01/14/2024 21:05,January,32.58,32.4
01/14/2024 21:10,January,14.05,13.98
01/14/2024 21:15,January,5.59,5.56
01/14/2024 21:20,January,4.27,4.25
01/14/2024 21:25,January,3.94,3.92
01/14/2024 21:30,January,3.97,3.95
01/14/2024 21:35,January,3.97,3.95
01/14/2024 21:40,January,3.96,3.94
01/14/2024 21:45,January,3.96,3.93
01/14/2024 21:50,January,3.95,3.93
01/14/2024 21:55,January,4.01,3.98
01/14/2024 22:00,January,3.59,3.56
01/14/2024 22:05,January,3.54,3.52
01/14/2024 22:10,January,3.55,3.53
01/14/2024 22:15,January,3.55,3.53
01/14/2024 22:20,January,3.57,3.54
01/14/2024 22:25,January,3.44,3.42
01/14/2024 22:30,January,3.55,3.53
01/14/2024 22:35,January,3.5,3.48
01/14/2024 22:40,January,3.25,3.23
01/14/2024 22:45,January,3.29,3.27
01/14/2024 22:50,January,3.26,3.24
01/14/2024 22:55,January,3.26,3.24
01/14/2024 23:00,January,3.26,3.24
01/14/2024 23:05,January,3.26,3.24
01/14/2024 23:10,January,3.43,3.41
01/14/2024 23:15,January,3.26,3.24
01/14/2024 23:20,January,3.39,3.38
01/14/2024 23:25,January,3.26,3.24
01/14/2024 23:30,January,3.05,3.03
01/14/2024 23:35,January,3.02,3.01
01/14/2024 23:40,January,3.01,3
01/14/2024 23:45,January,3.02,3
01/14/2024 23:50,January,3.02,3
01/14/2024 23:55,January,3.01,3
01/15/2024 0:00,January,2.57,2.55
01/15/2024 0:05,January,3.54,3.52
01/15/2024 0:10,January,3.54,3.52
01/15/2024 0:15,January,3.54,3.52
01/15/2024 0:20,January,3.54,3.52
01/15/2024 0:25,January,3.25,3.23
01/15/2024 0:30,January,3.25,3.23
01/15/2024 0:35,January,3.25,3.24
01/15/2024 0:40,January,3.18,3.17
01/15/2024 0:45,January,3.22,3.2
01/15/2024 0:50,January,3.25,3.23
01/15/2024 0:55,January,3.25,3.23
01/15/2024 1:00,January,3.01,2.99
01/15/2024 1:05,January,3.01,2.99
01/15/2024 1:10,January,3.24,3.22
01/15/2024 1:15,January,3.24,3.22
01/15/2024 1:20,January,3.24,3.22
01/15/2024 1:25,January,3.24,3.22
01/15/2024 1:30,January,3.24,3.22
01/15/2024 1:35,January,3.1,3.09
01/15/2024 1:40,January,3.23,3.22
01/15/2024 1:45,January,2.56,2.55
01/15/2024 1:50,January,2.58,2.57
01/15/2024 1:55,January,2.99,2.97
01/15/2024 2:00,January,2.13,2.12
01/15/2024 2:05,January,2.5,2.49
01/15/2024 2:10,January,2.12,2.12
01/15/2024 2:15,January,2.5,2.49
01/15/2024 2:20,January,0,0
01/15/2024 2:25,January,2.5,2.49
01/15/2024 2:30,January,2.5,2.49
01/15/2024 2:35,January,2.56,2.55
01/15/2024 2:40,January,2.56,2.55
01/15/2024 2:45,January,2.5,2.49
01/15/2024 2:50,January,2.5,2.49
01/15/2024 2:55,January,0,0
01/15/2024 3:00,January,2.55,2.55
01/15/2024 3:05,January,2.5,2.49
01/15/2024 3:10,January,2.12,2.12
01/15/2024 3:15,January,0,0
01/15/2024 3:20,January,0,0
01/15/2024 3:25,January,2.05,2.04
01/15/2024 3:30,January,2.5,2.49
01/15/2024 3:35,January,2.12,2.11
01/15/2024 3:40,January,0.98,0.98
01/15/2024 3:45,January,2.11,2.1
01/15/2024 3:50,January,2.5,2.5
01/15/2024 3:55,January,2.5,2.5
01/15/2024 4:00,January,2.55,2.54
01/15/2024 4:05,January,3.24,3.23
01/15/2024 4:10,January,3.18,3.18
01/15/2024 4:15,January,3.17,3.16
01/15/2024 4:20,January,3.01,3
01/15/2024 4:25,January,2.79,2.78
01/15/2024 4:30,January,3.24,3.23
01/15/2024 4:35,January,3.24,3.23
01/15/2024 4:40,January,3.23,3.22
01/15/2024 4:45,January,3.23,3.22
01/15/2024 4:50,January,3.24,3.23
01/15/2024 4:55,January,3.01,3
01/15/2024 5:00,January,3.16,3.15
01/15/2024 5:05,January,3.37,3.35
01/15/2024 5:10,January,3.36,3.35
01/15/2024 5:15,January,3.24,3.22
01/15/2024 5:20,January,3.36,3.35
01/15/2024 5:25,January,3.24,3.23
01/15/2024 5:30,January,3.34,3.33
01/15/2024 5:35,January,3.36,3.35
01/15/2024 5:40,January,3.37,3.36
01/15/2024 5:45,January,3.37,3.35
01/15/2024 5:50,January,3.37,3.35
01/15/2024 5:55,January,3.36,3.34
01/15/2024 6:00,January,3.37,3.35
01/15/2024 6:05,January,0,0
01/15/2024 6:10,January,3.1,3.09
01/15/2024 6:15,January,3.45,3.43
01/15/2024 6:20,January,3.35,3.33
01/15/2024 6:25,January,3.35,3.33
01/15/2024 6:30,January,3.26,3.25
01/15/2024 6:35,January,3.26,3.25
01/15/2024 6:40,January,3.35,3.33
01/15/2024 6:45,January,3.25,3.24
01/15/2024 6:50,January,3.26,3.24
01/15/2024 6:55,January,3.45,3.43
01/15/2024 7:00,January,3.35,3.33
01/15/2024 7:05,January,0,0
01/15/2024 7:10,January,1.96,1.96
01/15/2024 7:15,January,2.56,2.55
01/15/2024 7:20,January,3.25,3.23
01/15/2024 7:25,January,3.24,3.23
01/15/2024 7:30,January,3.25,3.24
01/15/2024 7:35,January,3.33,3.33
01/15/2024 7:40,January,3.33,3.33
01/15/2024 7:45,January,3.23,3.23
01/15/2024 7:50,January,3.36,3.35
01/15/2024 7:55,January,3.53,3.53
01/15/2024 8:00,January,3.56,3.56
01/15/2024 8:05,January,0,0
01/15/2024 8:10,January,3.33,3.32
01/15/2024 8:15,January,3.46,3.46
01/15/2024 8:20,January,3.52,3.52
01/15/2024 8:25,January,3.53,3.52
01/15/2024 8:30,January,3.48,3.48
01/15/2024 8:35,January,3.52,3.52
01/15/2024 8:40,January,3.54,3.53
01/15/2024 8:45,January,3.52,3.52
01/15/2024 8:50,January,3.77,3.77
01/15/2024 8:55,January,3.71,3.71
01/15/2024 9:00,January,5.49,5.49
01/15/2024 9:05,January,3.22,3.22
01/15/2024 9:10,January,3.46,3.46
01/15/2024 9:15,January,3.46,3.46
01/15/2024 9:20,January,3.58,3.58
01/15/2024 9:25,January,3.45,3.45
01/15/2024 9:30,January,3.49,3.5
01/15/2024 9:35,January,3.72,3.73
01/15/2024 9:40,January,4.04,4.04
01/15/2024 9:45,January,4.19,4.2
01/15/2024 9:50,January,4.04,4.05
01/15/2024 9:55,January,4,4.01
01/15/2024 10:00,January,3.99,4.01
01/15/2024 10:05,January,3.37,3.38
01/15/2024 10:10,January,3.43,3.43
01/15/2024 10:15,January,3.44,3.45
01/15/2024 10:20,January,3.44,3.45
01/15/2024 10:25,January,3.77,3.78
01/15/2024 10:30,January,3.93,3.94
01/15/2024 10:35,January,3.95,3.96
01/15/2024 10:40,January,3.95,3.96
01/15/2024 10:45,January,3.95,3.96
01/15/2024 10:50,January,3.92,3.94
01/15/2024 10:55,January,3.84,3.85
01/15/2024 11:00,January,3.77,3.79
01/15/2024 11:05,January,3.38,3.4
01/15/2024 11:10,January,3.63,3.65
01/15/2024 11:15,January,4.02,4.04
01/15/2024 11:20,January,3.77,3.79
01/15/2024 11:25,January,3.77,3.79
01/15/2024 11:30,January,3.38,3.4
01/15/2024 11:35,January,3.43,3.45
01/15/2024 11:40,January,3.36,3.38
01/15/2024 11:45,January,3.56,3.58
01/15/2024 11:50,January,3.56,3.57
01/15/2024 11:55,January,3.38,3.4
01/15/2024 12:00,January,3.38,3.39
01/15/2024 12:05,January,2.31,2.32
01/15/2024 12:10,January,2.93,2.94
01/15/2024 12:15,January,2.93,2.94
01/15/2024 12:20,January,3.06,3.07
01/15/2024 12:25,January,3.18,3.19
01/15/2024 12:30,January,3.01,3.02
01/15/2024 12:35,January,2.99,3
01/15/2024 12:40,January,3.46,3.47
01/15/2024 12:45,January,3.77,3.79
01/15/2024 12:50,January,3.77,3.79
01/15/2024 12:55,January,3.55,3.57
01/15/2024 13:00,January,3.49,3.51
01/15/2024 13:05,January,2.97,2.98
01/15/2024 13:10,January,4.02,4.03
01/15/2024 13:15,January,4.45,4.47
01/15/2024 13:20,January,4.45,4.47
01/15/2024 13:25,January,4.01,4.02
01/15/2024 13:30,January,4.01,4.03
01/15/2024 13:35,January,4.01,4.03
01/15/2024 13:40,January,4.01,4.03
01/15/2024 13:45,January,4.02,4.04
01/15/2024 13:50,January,4.45,4.47
01/15/2024 13:55,January,4.45,4.47
01/15/2024 14:00,January,3.94,3.96
01/15/2024 14:05,January,4.45,4.47
01/15/2024 14:10,January,4.46,4.48
01/15/2024 14:15,January,4.43,4.45
01/15/2024 14:20,January,4.45,4.47
01/15/2024 14:25,January,4.43,4.45
01/15/2024 14:30,January,4.43,4.45
01/15/2024 14:35,January,4.43,4.45
01/15/2024 14:40,January,4.43,4.45
01/15/2024 14:45,January,4.46,4.48
01/15/2024 14:50,January,3.99,4.01
01/15/2024 14:55,January,14.13,14.2
01/15/2024 15:00,January,3.61,3.62
01/15/2024 15:05,January,3.59,3.6
01/15/2024 15:10,January,3.69,3.69
01/15/2024 15:15,January,3.93,3.94
01/15/2024 15:20,January,4.02,4.03
01/15/2024 15:25,January,4.03,4.04
01/15/2024 15:30,January,4.03,4.04
01/15/2024 15:35,January,4.49,4.5
01/15/2024 15:40,January,4.1,4.11
01/15/2024 15:45,January,4.11,4.11
01/15/2024 15:50,January,4.04,4.05
01/15/2024 15:55,January,4.03,4.04
01/15/2024 16:00,January,4.05,4.05
01/15/2024 16:05,January,4.03,4.04
01/15/2024 16:10,January,4.04,4.04
01/15/2024 16:15,January,4.35,4.35
01/15/2024 16:20,January,4.05,4.05
01/15/2024 16:25,January,4.2,4.2
01/15/2024 16:30,January,4.36,4.36
01/15/2024 16:35,January,4.04,4.04
01/15/2024 16:40,January,4.05,4.05
01/15/2024 16:45,January,4.05,4.05
01/15/2024 16:50,January,12.09,12.09
01/15/2024 16:55,January,4.5,4.5
01/15/2024 17:00,January,3.45,3.45
01/15/2024 17:05,January,3,3
01/15/2024 17:10,January,2.96,2.96
01/15/2024 17:15,January,3.11,3.11
01/15/2024 17:20,January,3.71,3.7
01/15/2024 17:25,January,4,3.99
01/15/2024 17:30,January,3.72,3.71
01/15/2024 17:35,January,4.05,4.04
01/15/2024 17:40,January,4.54,4.53
01/15/2024 17:45,January,14.14,14.13
01/15/2024 17:50,January,12.08,12.07
01/15/2024 17:55,January,15.31,15.3
01/15/2024 18:00,January,4.55,4.55
01/15/2024 18:05,January,4.52,4.52
01/15/2024 18:10,January,5.55,5.55
01/15/2024 18:15,January,4.92,4.91
01/15/2024 18:20,January,4.92,4.91
01/15/2024 18:25,January,4.57,4.56
01/15/2024 18:30,January,3.74,3.73
01/15/2024 18:35,January,3.73,3.72
01/15/2024 18:40,January,3.73,3.72
01/15/2024 18:45,January,3.64,3.63
01/15/2024 18:50,January,3.72,3.71
01/15/2024 18:55,January,3.13,3.12
01/15/2024 19:00,January,4.49,4.47
01/15/2024 19:05,January,5.58,5.57
01/15/2024 19:10,January,4.55,4.54
01/15/2024 19:15,January,4.19,4.18
01/15/2024 19:20,January,3.64,3.63
01/15/2024 19:25,January,3.73,3.72
01/15/2024 19:30,January,3.51,3.5
01/15/2024 19:35,January,3.64,3.63
01/15/2024 19:40,January,3.71,3.7
01/15/2024 19:45,January,3.13,3.12
01/15/2024 19:50,January,3.48,3.47
01/15/2024 19:55,January,3.54,3.53
01/15/2024 20:00,January,3.5,3.49
01/15/2024 20:05,January,3.59,3.57
01/15/2024 20:10,January,3.13,3.12
01/15/2024 20:15,January,3.13,3.12
01/15/2024 20:20,January,3.13,3.12
01/15/2024 20:25,January,3.13,3.12
01/15/2024 20:30,January,3.13,3.12
01/15/2024 20:35,January,3.13,3.11
01/15/2024 20:40,January,3.82,3.8
01/15/2024 20:45,January,3.13,3.12
01/15/2024 20:50,January,3.37,3.36
01/15/2024 20:55,January,3.07,3.06
01/15/2024 21:00,January,3.03,3.01
01/15/2024 21:05,January,12.09,12.05
01/15/2024 21:10,January,4.22,4.21
01/15/2024 21:15,January,3.63,3.61
01/15/2024 21:20,January,3.82,3.81
01/15/2024 21:25,January,3.68,3.67
01/15/2024 21:30,January,3.13,3.12
01/15/2024 21:35,January,3.13,3.12
01/15/2024 21:40,January,3.13,3.12
01/15/2024 21:45,January,3.13,3.12
01/15/2024 21:50,January,3.14,3.12
01/15/2024 21:55,January,3.01,3
01/15/2024 22:00,January,3.02,3.01
01/15/2024 22:05,January,5.6,5.58
01/15/2024 22:10,January,3.64,3.62
01/15/2024 22:15,January,3.47,3.46
01/15/2024 22:20,January,3.27,3.26
01/15/2024 22:25,January,3.14,3.13
01/15/2024 22:30,January,3.23,3.22
01/15/2024 22:35,January,3.24,3.23
01/15/2024 22:40,January,3.14,3.13
01/15/2024 22:45,January,3.23,3.22
01/15/2024 22:50,January,3.35,3.33
01/15/2024 22:55,January,3.14,3.13
01/15/2024 23:00,January,3.14,3.13
01/15/2024 23:05,January,3.64,3.63
01/15/2024 23:10,January,3.23,3.22
01/15/2024 23:15,January,3.14,3.13
01/15/2024 23:20,January,3.23,3.22
01/15/2024 23:25,January,3.14,3.13
01/15/2024 23:30,January,3.1,3.09
01/15/2024 23:35,January,3.03,3.02
01/15/2024 23:40,January,3.02,3.01
01/15/2024 23:45,January,3.02,3.01
01/15/2024 23:50,January,2.96,2.95
01/15/2024 23:55,January,2.56,2.55
01/16/2024 0:00,January,0.75,0.75
01/16/2024 0:05,January,3.34,3.33
01/16/2024 0:10,January,3.32,3.31
01/16/2024 0:15,January,3.32,3.31
01/16/2024 0:20,January,3.35,3.34
01/16/2024 0:25,January,3.36,3.35
01/16/2024 0:30,January,3.37,3.36
01/16/2024 0:35,January,3.37,3.36
01/16/2024 0:40,January,3.36,3.35
01/16/2024 0:45,January,3.36,3.35
01/16/2024 0:50,January,3.38,3.37
01/16/2024 0:55,January,3.37,3.36
01/16/2024 1:00,January,3.36,3.35
01/16/2024 1:05,January,3.31,3.3
01/16/2024 1:10,January,3.3,3.28
01/16/2024 1:15,January,3.01,2.99
01/16/2024 1:20,January,3,2.99
01/16/2024 1:25,January,1.56,1.55
01/16/2024 1:30,January,2.56,2.55
01/16/2024 1:35,January,2.82,2.81
01/16/2024 1:40,January,2.56,2.55
01/16/2024 1:45,January,2.56,2.55
01/16/2024 1:50,January,0,0
01/16/2024 1:55,January,2.23,2.22
01/16/2024 2:00,January,2.12,2.11
01/16/2024 2:05,January,2.25,2.24
01/16/2024 2:10,January,2.25,2.24
01/16/2024 2:15,January,3.01,3
01/16/2024 2:20,January,2.56,2.55
01/16/2024 2:25,January,2.56,2.55
01/16/2024 2:30,January,2.38,2.38
01/16/2024 2:35,January,2.55,2.55
01/16/2024 2:40,January,2.55,2.55
01/16/2024 2:45,January,2.55,2.55
01/16/2024 2:50,January,2.25,2.25
01/16/2024 2:55,January,2.55,2.55
01/16/2024 3:00,January,2.55,2.55
01/16/2024 3:05,January,2.55,2.55
01/16/2024 3:10,January,2.55,2.54
01/16/2024 3:15,January,2.55,2.54
01/16/2024 3:20,January,2.55,2.54
01/16/2024 3:25,January,2.25,2.25
01/16/2024 3:30,January,2.25,2.24
01/16/2024 3:35,January,3.01,3.01
01/16/2024 3:40,January,2.55,2.54
01/16/2024 3:45,January,2.55,2.54
01/16/2024 3:50,January,2.55,2.54
01/16/2024 3:55,January,2.55,2.54
01/16/2024 4:00,January,2.55,2.54
01/16/2024 4:05,January,0,0
01/16/2024 4:10,January,0,0
01/16/2024 4:15,January,2.15,2.14
01/16/2024 4:20,January,2.25,2.24
01/16/2024 4:25,January,2.25,2.24
01/16/2024 4:30,January,2.25,2.24
01/16/2024 4:35,January,2.55,2.54
01/16/2024 4:40,January,2.55,2.54
01/16/2024 4:45,January,2.55,2.54
01/16/2024 4:50,January,2.55,2.55
01/16/2024 4:55,January,3.4,3.39
01/16/2024 5:00,January,3.38,3.37
01/16/2024 5:05,January,3.5,3.5
01/16/2024 5:10,January,3.44,3.44
01/16/2024 5:15,January,3.5,3.49
01/16/2024 5:20,January,3.44,3.43
01/16/2024 5:25,January,3.35,3.34
01/16/2024 5:30,January,3.37,3.36
01/16/2024 5:35,January,3.63,3.62
01/16/2024 5:40,January,3.45,3.44
01/16/2024 5:45,January,3.5,3.48
01/16/2024 5:50,January,3.49,3.48
01/16/2024 5:55,January,3.5,3.49
01/16/2024 6:00,January,3.5,3.49
01/16/2024 6:05,January,3.73,3.71
01/16/2024 6:10,January,3.65,3.64
01/16/2024 6:15,January,3.53,3.52
01/16/2024 6:20,January,3.51,3.5
01/16/2024 6:25,January,3.51,3.49
01/16/2024 6:30,January,3.51,3.5
01/16/2024 6:35,January,3.31,3.29
01/16/2024 6:40,January,3.51,3.49
01/16/2024 6:45,January,3.72,3.71
01/16/2024 6:50,January,3.51,3.49
01/16/2024 6:55,January,3.51,3.49
01/16/2024 7:00,January,3.5,3.48
01/16/2024 7:05,January,3.5,3.49
01/16/2024 7:10,January,3.49,3.48
01/16/2024 7:15,January,3.49,3.48
01/16/2024 7:20,January,3.49,3.48
01/16/2024 7:25,January,3.49,3.48
01/16/2024 7:30,January,3.48,3.47
01/16/2024 7:35,January,3.48,3.47
01/16/2024 7:40,January,3.47,3.46
01/16/2024 7:45,January,3.48,3.47
01/16/2024 7:50,January,3.71,3.71
01/16/2024 7:55,January,3.72,3.71
01/16/2024 8:00,January,3.7,3.69
01/16/2024 8:05,January,3.48,3.47
01/16/2024 8:10,January,3.51,3.5
01/16/2024 8:15,January,3.48,3.47
01/16/2024 8:20,January,3.59,3.58
01/16/2024 8:25,January,3.63,3.62
01/16/2024 8:30,January,3.75,3.73
01/16/2024 8:35,January,3.63,3.62
01/16/2024 8:40,January,3.75,3.74
01/16/2024 8:45,January,3.7,3.69
01/16/2024 8:50,January,3.75,3.74
01/16/2024 8:55,January,3.7,3.69
01/16/2024 9:00,January,3.7,3.7
01/16/2024 9:05,January,3.29,3.29
01/16/2024 9:10,January,3.47,3.47
01/16/2024 9:15,January,3.97,3.97
01/16/2024 9:20,January,3.46,3.46
01/16/2024 9:25,January,3.78,3.78
01/16/2024 9:30,January,3.73,3.73
01/16/2024 9:35,January,3.78,3.78
01/16/2024 9:40,January,3.75,3.76
01/16/2024 9:45,January,3.96,3.97
01/16/2024 9:50,January,3.78,3.79
01/16/2024 9:55,January,3.95,3.96
01/16/2024 10:00,January,3.85,3.86
01/16/2024 10:05,January,3.43,3.44
01/16/2024 10:10,January,2.21,2.21
01/16/2024 10:15,January,0,0
01/16/2024 10:20,January,2.91,2.91
01/16/2024 10:25,January,3.26,3.26
01/16/2024 10:30,January,3.31,3.31
01/16/2024 10:35,January,3.6,3.6
01/16/2024 10:40,January,3.52,3.53
01/16/2024 10:45,January,4.6,4.61
01/16/2024 10:50,January,3.29,3.29
01/16/2024 10:55,January,3.44,3.45
01/16/2024 11:00,January,3.27,3.28
01/16/2024 11:05,January,2.92,2.92
01/16/2024 11:10,January,3.25,3.26
01/16/2024 11:15,January,3.29,3.29
01/16/2024 11:20,January,3.3,3.31
01/16/2024 11:25,January,3.34,3.35
01/16/2024 11:30,January,3.29,3.3
01/16/2024 11:35,January,3.31,3.32
01/16/2024 11:40,January,3.27,3.28
01/16/2024 11:45,January,3.23,3.24
01/16/2024 11:50,January,2.41,2.42
01/16/2024 11:55,January,2.93,2.94
01/16/2024 12:00,January,2.41,2.41
01/16/2024 12:05,January,0,0
01/16/2024 12:10,January,0,0
01/16/2024 12:15,January,0.74,0.74
01/16/2024 12:20,January,2.22,2.23
01/16/2024 12:25,January,2.41,2.42
01/16/2024 12:30,January,2.33,2.34
01/16/2024 12:35,January,0.75,0.74
01/16/2024 12:40,January,2.43,2.4
01/16/2024 12:45,January,2.47,2.43
01/16/2024 12:50,January,2.47,2.44
01/16/2024 12:55,January,2.48,2.45
01/16/2024 13:00,January,2.47,2.43
01/16/2024 13:05,January,11.05,10.89
01/16/2024 13:10,January,20.02,19.78
01/16/2024 13:15,January,3.38,3.33
01/16/2024 13:20,January,3.67,3.62
01/16/2024 13:25,January,3.29,3.24
01/16/2024 13:30,January,3.49,3.44
01/16/2024 13:35,January,3.29,3.24
01/16/2024 13:40,January,3.37,3.32
01/16/2024 13:45,January,3.5,3.45
01/16/2024 13:50,January,3.49,3.44
01/16/2024 13:55,January,3.49,3.44
01/16/2024 14:00,January,3.42,3.44
01/16/2024 14:05,January,3.48,3.49
01/16/2024 14:10,January,3.43,3.44
01/16/2024 14:15,January,3.44,3.45
01/16/2024 14:20,January,3.43,3.44
01/16/2024 14:25,January,3.44,3.45
01/16/2024 14:30,January,3.44,3.44
01/16/2024 14:35,January,3.44,3.44
01/16/2024 14:40,January,3.44,3.44
01/16/2024 14:45,January,3.44,3.44
01/16/2024 14:50,January,3.44,3.44
01/16/2024 14:55,January,3.44,3.44
01/16/2024 15:00,January,3.33,3.34
01/16/2024 15:05,January,3.36,3.36
01/16/2024 15:10,January,3.4,3.4
01/16/2024 15:15,January,3.22,3.22
01/16/2024 15:20,January,3.33,3.33
01/16/2024 15:25,January,3.5,3.5
01/16/2024 15:30,January,3.5,3.5
01/16/2024 15:35,January,3.5,3.5
01/16/2024 15:40,January,3.62,3.61
01/16/2024 15:45,January,3.44,3.44
01/16/2024 15:50,January,3.51,3.5
01/16/2024 15:55,January,3.46,3.45
01/16/2024 16:00,January,3.44,3.44
01/16/2024 16:05,January,3.45,3.44
01/16/2024 16:10,January,3.46,3.45
01/16/2024 16:15,January,3.52,3.51
01/16/2024 16:20,January,3.52,3.51
01/16/2024 16:25,January,3.45,3.44
01/16/2024 16:30,January,3.45,3.44
01/16/2024 16:35,January,3.45,3.45
01/16/2024 16:40,January,3.4,3.39
01/16/2024 16:45,January,3.45,3.45
01/16/2024 16:50,January,3.45,3.44
01/16/2024 16:55,January,3.39,3.38
01/16/2024 17:00,January,3.21,3.2
01/16/2024 17:05,January,2.95,2.94
01/16/2024 17:10,January,2.82,2.82
01/16/2024 17:15,January,3.01,3
01/16/2024 17:20,January,3.2,3.2
01/16/2024 17:25,January,3.34,3.34
01/16/2024 17:30,January,3.52,3.51
01/16/2024 17:35,January,3.64,3.64
01/16/2024 17:40,January,3.63,3.62
01/16/2024 17:45,January,4.07,4.06
01/16/2024 17:50,January,3.81,3.8
01/16/2024 17:55,January,3.65,3.63
01/16/2024 18:00,January,4.22,4.2
01/16/2024 18:05,January,3.65,3.63
01/16/2024 18:10,January,3.82,3.8
01/16/2024 18:15,January,3.66,3.64
01/16/2024 18:20,January,3.54,3.53
01/16/2024 18:25,January,3.65,3.63
01/16/2024 18:30,January,3.54,3.53
01/16/2024 18:35,January,3.47,3.45
01/16/2024 18:40,January,3.54,3.53
01/16/2024 18:45,January,3.54,3.52
01/16/2024 18:50,January,3.38,3.36
01/16/2024 18:55,January,3.03,3.02
01/16/2024 19:00,January,3.01,3
01/16/2024 19:05,January,2.41,2.4
01/16/2024 19:10,January,3.01,3
01/16/2024 19:15,January,3.01,3
01/16/2024 19:20,January,2.23,2.22
01/16/2024 19:25,January,2.23,2.22
01/16/2024 19:30,January,0.75,0.75
01/16/2024 19:35,January,0.75,0.75
01/16/2024 19:40,January,2.22,2.22
01/16/2024 19:45,January,2.22,2.22
01/16/2024 19:50,January,2.26,2.26
01/16/2024 19:55,January,2.28,2.27
01/16/2024 20:00,January,2.51,2.5
01/16/2024 20:05,January,4.59,4.57
01/16/2024 20:10,January,3.55,3.53
01/16/2024 20:15,January,3.5,3.49
01/16/2024 20:20,January,3.35,3.34
01/16/2024 20:25,January,3.55,3.53
01/16/2024 20:30,January,3.35,3.34
01/16/2024 20:35,January,3.19,3.17
01/16/2024 20:40,January,3.16,3.15
01/16/2024 20:45,January,3.35,3.34
01/16/2024 20:50,January,3.22,3.21
01/16/2024 20:55,January,3.04,3.02
01/16/2024 21:00,January,3.03,3.01
01/16/2024 21:05,January,2.29,2.28
01/16/2024 21:10,January,2.48,2.47
01/16/2024 21:15,January,2.56,2.56
01/16/2024 21:20,January,2.56,2.56
01/16/2024 21:25,January,2.56,2.56
01/16/2024 21:30,January,2.56,2.56
01/16/2024 21:35,January,2.56,2.56
01/16/2024 21:40,January,2.56,2.55
01/16/2024 21:45,January,2.56,2.55
01/16/2024 21:50,January,2.56,2.55
01/16/2024 21:55,January,2.54,2.53
01/16/2024 22:00,January,2.56,2.55
01/16/2024 22:05,January,31.78,31.7
01/16/2024 22:10,January,4.58,4.57
01/16/2024 22:15,January,3.78,3.77
01/16/2024 22:20,January,3.24,3.23
01/16/2024 22:25,January,3.24,3.23
01/16/2024 22:30,January,3.24,3.23
01/16/2024 22:35,January,3.13,3.12
01/16/2024 22:40,January,3.03,3.02
01/16/2024 22:45,January,3.13,3.12
01/16/2024 22:50,January,3.1,3.09
01/16/2024 22:55,January,2.56,2.56
01/16/2024 23:00,January,2.56,2.56
01/16/2024 23:05,January,2.56,2.56
01/16/2024 23:10,January,2.56,2.55
01/16/2024 23:15,January,2.56,2.55
01/16/2024 23:20,January,2.98,2.98
01/16/2024 23:25,January,2.81,2.8
01/16/2024 23:30,January,2.56,2.55
01/16/2024 23:35,January,2.56,2.55
01/16/2024 23:40,January,2.59,2.59
01/16/2024 23:45,January,2.56,2.55
01/16/2024 23:50,January,2.56,2.55
01/16/2024 23:55,January,2.49,2.48
01/17/2024 0:00,January,2.55,2.55
01/17/2024 0:05,January,3.24,3.23
01/17/2024 0:10,January,3.24,3.23
01/17/2024 0:15,January,3.01,3
01/17/2024 0:20,January,3.01,3
01/17/2024 0:25,January,2.86,2.85
01/17/2024 0:30,January,2.56,2.55
01/17/2024 0:35,January,2.39,2.38
01/17/2024 0:40,January,2.49,2.48
01/17/2024 0:45,January,2.55,2.54
01/17/2024 0:50,January,2.5,2.49
01/17/2024 0:55,January,2.54,2.53
01/17/2024 1:00,January,2.83,2.82
01/17/2024 1:05,January,2.83,2.83
01/17/2024 1:10,January,2.57,2.56
01/17/2024 1:15,January,2.56,2.56
01/17/2024 1:20,January,2.57,2.56
01/17/2024 1:25,January,2.56,2.56
01/17/2024 1:30,January,2.56,2.56
01/17/2024 1:35,January,2.55,2.55
01/17/2024 1:40,January,2.56,2.56
01/17/2024 1:45,January,2.53,2.53
01/17/2024 1:50,January,2.56,2.55
01/17/2024 1:55,January,2.53,2.53
01/17/2024 2:00,January,2.53,2.53
01/17/2024 2:05,January,2.54,2.53
01/17/2024 2:10,January,2.55,2.55
01/17/2024 2:15,January,2.54,2.54
01/17/2024 2:20,January,2.53,2.52
01/17/2024 2:25,January,2.54,2.54
01/17/2024 2:30,January,2.54,2.53
01/17/2024 2:35,January,2.57,2.57
01/17/2024 2:40,January,2.53,2.53
01/17/2024 2:45,January,2.55,2.55
01/17/2024 2:50,January,2.55,2.54
01/17/2024 2:55,January,2.54,2.53
01/17/2024 3:00,January,2.51,2.51
01/17/2024 3:05,January,2.51,2.5
01/17/2024 3:10,January,2.51,2.51
01/17/2024 3:15,January,2.55,2.55
01/17/2024 3:20,January,2.53,2.53
01/17/2024 3:25,January,2.53,2.53
01/17/2024 3:30,January,2.53,2.52
01/17/2024 3:35,January,2.51,2.5
01/17/2024 3:40,January,2.49,2.49
01/17/2024 3:45,January,2.49,2.49
01/17/2024 3:50,January,2.51,2.5
01/17/2024 3:55,January,2.5,2.5
01/17/2024 4:00,January,2.51,2.51
01/17/2024 4:05,January,3.01,3.01
01/17/2024 4:10,January,3.01,3
01/17/2024 4:15,January,3.01,3
01/17/2024 4:20,January,2.81,2.81
01/17/2024 4:25,January,2.92,2.92
01/17/2024 4:30,January,3.19,3.18
01/17/2024 4:35,January,3,3
01/17/2024 4:40,January,3,3
01/17/2024 4:45,January,2.99,2.98
01/17/2024 4:50,January,3.49,3.48
01/17/2024 4:55,January,3.22,3.21
01/17/2024 5:00,January,3.27,3.26
01/17/2024 5:05,January,3.21,3.2
01/17/2024 5:10,January,3.22,3.22
01/17/2024 5:15,January,3.51,3.5
01/17/2024 5:20,January,3.51,3.49
01/17/2024 5:25,January,3.49,3.48
01/17/2024 5:30,January,3.31,3.3
01/17/2024 5:35,January,3.49,3.48
01/17/2024 5:40,January,3.5,3.49
01/17/2024 5:45,January,3.49,3.48
01/17/2024 5:50,January,3.5,3.48
01/17/2024 5:55,January,3.51,3.49
01/17/2024 6:00,January,3.54,3.53
01/17/2024 6:05,January,3.53,3.52
01/17/2024 6:10,January,3.53,3.52
01/17/2024 6:15,January,3.53,3.52
01/17/2024 6:20,January,3.53,3.52
01/17/2024 6:25,January,3.54,3.53
01/17/2024 6:30,January,3.01,3
01/17/2024 6:35,January,3.01,3
01/17/2024 6:40,January,3.15,3.14
01/17/2024 6:45,January,3.01,3
01/17/2024 6:50,January,3.5,3.49
01/17/2024 6:55,January,3.53,3.52
01/17/2024 7:00,January,3.51,3.5
01/17/2024 7:05,January,3.5,3.49
01/17/2024 7:10,January,3.5,3.49
01/17/2024 7:15,January,3.5,3.49
01/17/2024 7:20,January,3.49,3.49
01/17/2024 7:25,January,3.01,3
01/17/2024 7:30,January,3.48,3.48
01/17/2024 7:35,January,3.48,3.48
01/17/2024 7:40,January,3.48,3.48
01/17/2024 7:45,January,3.5,3.5
01/17/2024 7:50,January,3.52,3.52
01/17/2024 7:55,January,3.91,3.91
01/17/2024 8:00,January,3.79,3.8
01/17/2024 8:05,January,3.55,3.55
01/17/2024 8:10,January,3.09,3.09
01/17/2024 8:15,January,2.94,2.94
01/17/2024 8:20,January,2.43,2.43
01/17/2024 8:25,January,2.46,2.47
01/17/2024 8:30,January,2.54,2.55
01/17/2024 8:35,January,2.54,2.54
01/17/2024 8:40,January,2.95,2.95
01/17/2024 8:45,January,2.94,2.95
01/17/2024 8:50,January,2.54,2.54
01/17/2024 8:55,January,2.9,2.91
01/17/2024 9:00,January,2.94,2.94
01/17/2024 9:05,January,-1.05,-1.05
01/17/2024 9:10,January,0,0
01/17/2024 9:15,January,0,0
01/17/2024 9:20,January,0,0
01/17/2024 9:25,January,2.43,2.44
01/17/2024 9:30,January,3.43,3.45
01/17/2024 9:35,January,3.49,3.51
01/17/2024 9:40,January,3.21,3.22
01/17/2024 9:45,January,2.97,2.99
01/17/2024 9:50,January,2.97,2.98
01/17/2024 9:55,January,3.21,3.22
01/17/2024 10:00,January,2.41,2.42
01/17/2024 10:05,January,0,0
01/17/2024 10:10,January,2.41,2.41
01/17/2024 10:15,January,2.53,2.54
01/17/2024 10:20,January,2.85,2.85
01/17/2024 10:25,January,2.95,2.97
01/17/2024 10:30,January,2.85,2.87
01/17/2024 10:35,January,2.53,2.54
01/17/2024 10:40,January,2.89,2.9
01/17/2024 10:45,January,2.96,2.97
01/17/2024 10:50,January,2.44,2.45
01/17/2024 10:55,January,2.53,2.54
01/17/2024 11:00,January,2.52,2.53
01/17/2024 11:05,January,3.5,3.52
01/17/2024 11:10,January,3.47,3.49
01/17/2024 11:15,January,3.06,3.08
01/17/2024 11:20,January,3.2,3.21
01/17/2024 11:25,January,3.2,3.22
01/17/2024 11:30,January,2.44,2.45
01/17/2024 11:35,January,2.44,2.45
01/17/2024 11:40,January,2.53,2.54
01/17/2024 11:45,January,2.44,2.45
01/17/2024 11:50,January,2.43,2.44
01/17/2024 11:55,January,2.44,2.45
01/17/2024 12:00,January,2.41,2.42
01/17/2024 12:05,January,0,0
01/17/2024 12:10,January,0,0
01/17/2024 12:15,January,2.52,2.54
01/17/2024 12:20,January,0,0
01/17/2024 12:25,January,2.4,2.41
01/17/2024 12:30,January,2.44,2.46
01/17/2024 12:35,January,2.45,2.47
01/17/2024 12:40,January,3.31,3.33
01/17/2024 12:45,January,3.19,3.21
01/17/2024 12:50,January,2.95,2.97
01/17/2024 12:55,January,2.52,2.54
01/17/2024 13:00,January,2.52,2.54
01/17/2024 13:05,January,3.7,3.72
01/17/2024 13:10,January,3.7,3.72
01/17/2024 13:15,January,3.47,3.49
01/17/2024 13:20,January,3.47,3.49
01/17/2024 13:25,January,3.45,3.47
01/17/2024 13:30,January,3.48,3.5
01/17/2024 13:35,January,3.54,3.56
01/17/2024 13:40,January,3.7,3.72
01/17/2024 13:45,January,3.78,3.8
01/17/2024 13:50,January,3.31,3.32
01/17/2024 13:55,January,2.53,2.54
01/17/2024 14:00,January,3.3,3.32
01/17/2024 14:05,January,3.32,3.33
01/17/2024 14:10,January,3.32,3.33
01/17/2024 14:15,January,3.46,3.46
01/17/2024 14:20,January,3.45,3.46
01/17/2024 14:25,January,3.45,3.46
01/17/2024 14:30,January,3.37,3.38
01/17/2024 14:35,January,3.39,3.39
01/17/2024 14:40,January,3.45,3.46
01/17/2024 14:45,January,3.49,3.5
01/17/2024 14:50,January,3.48,3.49
01/17/2024 14:55,January,3.5,3.51
01/17/2024 15:00,January,3.51,3.51
01/17/2024 15:05,January,3.48,3.49
01/17/2024 15:10,January,3.88,3.89
01/17/2024 15:15,January,3.72,3.72
01/17/2024 15:20,January,3.79,3.79
01/17/2024 15:25,January,3.79,3.8
01/17/2024 15:30,January,3.89,3.89
01/17/2024 15:35,January,3.5,3.5
01/17/2024 15:40,January,3.5,3.5
01/17/2024 15:45,January,4.02,4.02
01/17/2024 15:50,January,4.03,4.03
01/17/2024 15:55,January,3.89,3.89
01/17/2024 16:00,January,3.83,3.82
01/17/2024 16:05,January,3.79,3.79
01/17/2024 16:10,January,3.9,3.89
01/17/2024 16:15,January,3.76,3.75
01/17/2024 16:20,January,4.42,4.41
01/17/2024 16:25,January,3.76,3.75
01/17/2024 16:30,January,4.11,4.1
01/17/2024 16:35,January,4.11,4.1
01/17/2024 16:40,January,4.28,4.27
01/17/2024 16:45,January,4.03,4.02
01/17/2024 16:50,January,3.71,3.7
01/17/2024 16:55,January,3.81,3.8
01/17/2024 17:00,January,3.67,3.66
01/17/2024 17:05,January,3.28,3.27
01/17/2024 17:10,January,2.98,2.97
01/17/2024 17:15,January,2.99,2.98
01/17/2024 17:20,January,3.07,3.07
01/17/2024 17:25,January,3.46,3.45
01/17/2024 17:30,January,3.51,3.5
01/17/2024 17:35,January,3.81,3.8
01/17/2024 17:40,January,3.68,3.67
01/17/2024 17:45,January,5.15,5.13
01/17/2024 17:50,January,4.74,4.73
01/17/2024 17:55,January,4.1,4.1
01/17/2024 18:00,January,4.61,4.6
01/17/2024 18:05,January,4.05,4.04
01/17/2024 18:10,January,4.06,4.05
01/17/2024 18:15,January,4.34,4.33
01/17/2024 18:20,January,4.05,4.04
01/17/2024 18:25,January,4.04,4.03
01/17/2024 18:30,January,4.04,4.03
01/17/2024 18:35,January,5.16,5.15
01/17/2024 18:40,January,4.05,4.04
01/17/2024 18:45,January,3.69,3.68
01/17/2024 18:50,January,3.65,3.64
01/17/2024 18:55,January,3.2,3.19
01/17/2024 19:00,January,3.62,3.61
01/17/2024 19:05,January,3.64,3.62
01/17/2024 19:10,January,3.83,3.81
01/17/2024 19:15,January,3.65,3.63
01/17/2024 19:20,January,3.52,3.51
01/17/2024 19:25,January,3.51,3.5
01/17/2024 19:30,January,3.53,3.52
01/17/2024 19:35,January,3.56,3.54
01/17/2024 19:40,January,3.52,3.51
01/17/2024 19:45,January,3.53,3.51
01/17/2024 19:50,January,3.51,3.49
01/17/2024 19:55,January,3.51,3.49
01/17/2024 20:00,January,3.48,3.46
01/17/2024 20:05,January,31.7,31.56
01/17/2024 20:10,January,14.01,13.95
01/17/2024 20:15,January,5.2,5.18
01/17/2024 20:20,January,4.65,4.63
01/17/2024 20:25,January,4.04,4.03
01/17/2024 20:30,January,3.56,3.54
01/17/2024 20:35,January,3.81,3.79
01/17/2024 20:40,January,4.03,4.01
01/17/2024 20:45,January,3.81,3.79
01/17/2024 20:50,January,3.8,3.78
01/17/2024 20:55,January,3.56,3.54
01/17/2024 21:00,January,3.54,3.52
01/17/2024 21:05,January,3.55,3.53
01/17/2024 21:10,January,3.14,3.12
01/17/2024 21:15,January,3.52,3.5
01/17/2024 21:20,January,3.53,3.51
01/17/2024 21:25,January,3.55,3.53
01/17/2024 21:30,January,3.53,3.51
01/17/2024 21:35,January,3.51,3.49
01/17/2024 21:40,January,3.46,3.44
01/17/2024 21:45,January,3.15,3.13
01/17/2024 21:50,January,2.57,2.55
01/17/2024 21:55,January,2.57,2.55
01/17/2024 22:00,January,3.14,3.13
01/17/2024 22:05,January,5.21,5.19
01/17/2024 22:10,January,3.55,3.53
01/17/2024 22:15,January,3.47,3.45
01/17/2024 22:20,January,3.47,3.45
01/17/2024 22:25,January,3.5,3.47
01/17/2024 22:30,January,3.15,3.13
01/17/2024 22:35,January,3.15,3.13
01/17/2024 22:40,January,3.14,3.12
01/17/2024 22:45,January,3.15,3.13
01/17/2024 22:50,January,3.15,3.13
01/17/2024 22:55,January,3.03,3.01
01/17/2024 23:00,January,3.03,3.01
01/17/2024 23:05,January,0.75,0.74
01/17/2024 23:10,January,2.42,2.41
01/17/2024 23:15,January,2.53,2.52
01/17/2024 23:20,January,2.56,2.55
01/17/2024 23:25,January,2.48,2.47
01/17/2024 23:30,January,2.48,2.47
01/17/2024 23:35,January,2.56,2.55
01/17/2024 23:40,January,2.56,2.55
01/17/2024 23:45,January,2.48,2.47
01/17/2024 23:50,January,2.56,2.55
01/17/2024 23:55,January,2.49,2.48
01/18/2024 0:00,January,2.55,2.55
01/18/2024 0:05,January,2.56,2.55
01/18/2024 0:10,January,2.56,2.55
01/18/2024 0:15,January,2.55,2.54
01/18/2024 0:20,January,2.94,2.93
01/18/2024 0:25,January,3.01,3
01/18/2024 0:30,January,2.45,2.44
01/18/2024 0:35,January,2.48,2.47
01/18/2024 0:40,January,2.56,2.55
01/18/2024 0:45,January,2.55,2.55
01/18/2024 0:50,January,2.48,2.47
01/18/2024 0:55,January,2.55,2.55
01/18/2024 1:00,January,2.48,2.48
01/18/2024 1:05,January,2.34,2.33
01/18/2024 1:10,January,2.42,2.41
01/18/2024 1:15,January,0,0
01/18/2024 1:20,January,2.43,2.42
01/18/2024 1:25,January,0,0
01/18/2024 1:30,January,0,0
01/18/2024 1:35,January,2.33,2.33
01/18/2024 1:40,January,1.52,1.52
01/18/2024 1:45,January,0,0
01/18/2024 1:50,January,1.01,1.01
01/18/2024 1:55,January,0,0
01/18/2024 2:00,January,0,0
01/18/2024 2:05,January,1.01,1
01/18/2024 2:10,January,0,0
01/18/2024 2:15,January,0,0
01/18/2024 2:20,January,0,0
01/18/2024 2:25,January,0,0
01/18/2024 2:30,January,0,0
01/18/2024 2:35,January,0,0
01/18/2024 2:40,January,0,0
01/18/2024 2:45,January,0,0
01/18/2024 2:50,January,0,0
01/18/2024 2:55,January,0,0
01/18/2024 3:00,January,0,0
01/18/2024 3:05,January,0,0
01/18/2024 3:10,January,-0.05,-0.05
01/18/2024 3:15,January,0,0
01/18/2024 3:20,January,0,0
01/18/2024 3:25,January,0,0
01/18/2024 3:30,January,0,0
01/18/2024 3:35,January,0,0
01/18/2024 3:40,January,0,0
01/18/2024 3:45,January,0,0
01/18/2024 3:50,January,0,0
01/18/2024 3:55,January,0,0
01/18/2024 4:00,January,0,0
01/18/2024 4:05,January,0,0
01/18/2024 4:10,January,2.38,2.38
01/18/2024 4:15,January,2.38,2.37
01/18/2024 4:20,January,2.41,2.4
01/18/2024 4:25,January,0,0
01/18/2024 4:30,January,2.36,2.35
01/18/2024 4:35,January,2.39,2.38
01/18/2024 4:40,January,2.41,2.4
01/18/2024 4:45,January,2.55,2.54
01/18/2024 4:50,January,2.82,2.82
01/18/2024 4:55,January,2.47,2.47
01/18/2024 5:00,January,3.02,3.01
01/18/2024 5:05,January,3,2.99
01/18/2024 5:10,January,3.02,3.01
01/18/2024 5:15,January,3.02,3.01
01/18/2024 5:20,January,3.02,3.01
01/18/2024 5:25,January,3.09,3.08
01/18/2024 5:30,January,3.02,3
01/18/2024 5:35,January,3.1,3.09
01/18/2024 5:40,January,3.1,3.09
01/18/2024 5:45,January,3.46,3.44
01/18/2024 5:50,January,3.22,3.21
01/18/2024 5:55,January,3.25,3.23
01/18/2024 6:00,January,3.09,3.07
01/18/2024 6:05,January,3.5,3.48
01/18/2024 6:10,January,3.52,3.51
01/18/2024 6:15,January,3.52,3.51
01/18/2024 6:20,January,3.53,3.51
01/18/2024 6:25,January,3.53,3.51
01/18/2024 6:30,January,3.29,3.28
01/18/2024 6:35,January,3.44,3.43
01/18/2024 6:40,January,3.11,3.09
01/18/2024 6:45,January,3.53,3.51
01/18/2024 6:50,January,3.54,3.52
01/18/2024 6:55,January,3.55,3.53
01/18/2024 7:00,January,3.54,3.52
01/18/2024 7:05,January,3.31,3.3
01/18/2024 7:10,January,3.07,3.05
01/18/2024 7:15,January,3.53,3.52
01/18/2024 7:20,January,3.53,3.52
01/18/2024 7:25,January,3.53,3.52
01/18/2024 7:30,January,2.43,2.42
01/18/2024 7:35,January,2.45,2.45
01/18/2024 7:40,January,2.89,2.89
01/18/2024 7:45,January,3.36,3.36
01/18/2024 7:50,January,2.87,2.87
01/18/2024 7:55,January,3.53,3.52
01/18/2024 8:00,January,3.99,3.98
01/18/2024 8:05,January,4.01,4.01
01/18/2024 8:10,January,3.54,3.54
01/18/2024 8:15,January,4.07,4.08
01/18/2024 8:20,January,4.01,4.02
01/18/2024 8:25,January,4.01,4.02
01/18/2024 8:30,January,5.12,5.13
01/18/2024 8:35,January,4.01,4.02
01/18/2024 8:40,January,3.99,4
01/18/2024 8:45,January,3.88,3.89
01/18/2024 8:50,January,3.87,3.88
01/18/2024 8:55,January,3.74,3.75
01/18/2024 9:00,January,3.78,3.79
01/18/2024 9:05,January,2.44,2.44
01/18/2024 9:10,January,3.22,3.22
01/18/2024 9:15,January,3.25,3.25
01/18/2024 9:20,January,3.45,3.45
01/18/2024 9:25,January,3.62,3.62
01/18/2024 9:30,January,3.72,3.73
01/18/2024 9:35,January,3.77,3.77
01/18/2024 9:40,January,3.94,3.95
01/18/2024 9:45,January,13.81,13.85
01/18/2024 9:50,January,3.96,3.97
01/18/2024 9:55,January,3.73,3.74
01/18/2024 10:00,January,3.85,3.86
01/18/2024 10:05,January,2.4,2.41
01/18/2024 10:10,January,2.95,2.95
01/18/2024 10:15,January,3.44,3.45
01/18/2024 10:20,January,3.54,3.54
01/18/2024 10:25,January,3.76,3.77
01/18/2024 10:30,January,3.76,3.77
01/18/2024 10:35,January,3.76,3.77
01/18/2024 10:40,January,3.76,3.77
01/18/2024 10:45,January,3.95,3.97
01/18/2024 10:50,January,3.76,3.77
01/18/2024 10:55,January,3.76,3.77
01/18/2024 11:00,January,3.61,3.62
01/18/2024 11:05,January,3.53,3.54
01/18/2024 11:10,January,3.73,3.75
01/18/2024 11:15,January,3.45,3.46
01/18/2024 11:20,January,3.61,3.62
01/18/2024 11:25,January,4.51,4.52
01/18/2024 11:30,January,3.83,3.85
01/18/2024 11:35,January,3.76,3.78
01/18/2024 11:40,January,3.45,3.46
01/18/2024 11:45,January,3.45,3.46
01/18/2024 11:50,January,3.43,3.45
01/18/2024 11:55,January,3.44,3.45
01/18/2024 12:00,January,2.93,2.94
01/18/2024 12:05,January,0,0
01/18/2024 12:10,January,2.37,2.38
01/18/2024 12:15,January,2.85,2.86
01/18/2024 12:20,January,2.9,2.92
01/18/2024 12:25,January,3.01,3.02
01/18/2024 12:30,January,3.01,3.03
01/18/2024 12:35,January,3.01,3.02
01/18/2024 12:40,January,3.23,3.25
01/18/2024 12:45,January,3.23,3.24
01/18/2024 12:50,January,3.52,3.53
01/18/2024 12:55,January,3.52,3.54
01/18/2024 13:00,January,3.25,3.26
01/18/2024 13:05,January,13.86,13.93
01/18/2024 13:10,January,11.91,11.97
01/18/2024 13:15,January,11.91,11.97
01/18/2024 13:20,January,5.05,5.08
01/18/2024 13:25,January,4.52,4.54
01/18/2024 13:30,January,4.51,4.54
01/18/2024 13:35,January,5.05,5.08
01/18/2024 13:40,January,4.52,4.54
01/18/2024 13:45,January,4.52,4.54
01/18/2024 13:50,January,4.44,4.46
01/18/2024 13:55,January,4.29,4.32
01/18/2024 14:00,January,4.52,4.54
01/18/2024 14:05,January,4.64,4.66
01/18/2024 14:10,January,4.64,4.66
01/18/2024 14:15,January,4.64,4.66
01/18/2024 14:20,January,4.64,4.66
01/18/2024 14:25,January,4.3,4.31
01/18/2024 14:30,January,4.54,4.56
01/18/2024 14:35,January,10.65,10.7
01/18/2024 14:40,January,5.06,5.08
01/18/2024 14:45,January,4.66,4.68
01/18/2024 14:50,January,30.72,30.83
01/18/2024 14:55,January,4.76,4.78
01/18/2024 15:00,January,4.78,4.79
01/18/2024 15:05,January,31.2,31.29
01/18/2024 15:10,January,14.89,14.92
01/18/2024 15:15,January,11.96,11.98
01/18/2024 15:20,January,9.09,9.1
01/18/2024 15:25,January,4.78,4.79
01/18/2024 15:30,January,8.68,8.68
01/18/2024 15:35,January,4.79,4.8
01/18/2024 15:40,January,4.79,4.8
01/18/2024 15:45,January,5.09,5.09
01/18/2024 15:50,January,13.93,13.94
01/18/2024 15:55,January,10.67,10.68
01/18/2024 16:00,January,5.09,5.09
01/18/2024 16:05,January,4.57,4.58
01/18/2024 16:10,January,3.99,3.99
01/18/2024 16:15,January,4.8,4.8
01/18/2024 16:20,January,10.68,10.69
01/18/2024 16:25,January,5.1,5.1
01/18/2024 16:30,January,5.1,5.11
01/18/2024 16:35,January,5.1,5.11
01/18/2024 16:40,January,3.99,3.99
01/18/2024 16:45,January,5.21,5.21
01/18/2024 16:50,January,5.21,5.21
01/18/2024 16:55,January,5.11,5.11
01/18/2024 17:00,January,4.01,4.01
01/18/2024 17:05,January,2.98,2.98
01/18/2024 17:10,January,3.17,3.17
01/18/2024 17:15,January,3.99,3.99
01/18/2024 17:20,January,4.02,4.02
01/18/2024 17:25,January,4.51,4.51
01/18/2024 17:30,January,4.77,4.77
01/18/2024 17:35,January,4.75,4.75
01/18/2024 17:40,January,4.76,4.76
01/18/2024 17:45,January,20,19.99
01/18/2024 17:50,January,14.36,14.36
01/18/2024 17:55,January,9.11,9.1
01/18/2024 18:00,January,8.68,8.67
01/18/2024 18:05,January,9.12,9.11
01/18/2024 18:10,January,8.7,8.68
01/18/2024 18:15,January,5.34,5.33
01/18/2024 18:20,January,5.15,5.14
01/18/2024 18:25,January,8.69,8.68
01/18/2024 18:30,January,5.24,5.23
01/18/2024 18:35,January,5.17,5.16
01/18/2024 18:40,January,5.17,5.16
01/18/2024 18:45,January,14.18,14.15
01/18/2024 18:50,January,5.18,5.16
01/18/2024 18:55,January,5.24,5.22
01/18/2024 19:00,January,5.22,5.21
01/18/2024 19:05,January,3.42,3.41
01/18/2024 19:10,January,3.98,3.97
01/18/2024 19:15,January,4.01,4
01/18/2024 19:20,January,4,3.99
01/18/2024 19:25,January,5.18,5.16
01/18/2024 19:30,January,2.38,2.37
01/18/2024 19:35,January,3.56,3.55
01/18/2024 19:40,January,3.83,3.82
01/18/2024 19:45,January,3.83,3.82
01/18/2024 19:50,January,3.98,3.97
01/18/2024 19:55,January,3.98,3.97
01/18/2024 20:00,January,3.98,3.97
01/18/2024 20:05,January,4.72,4.71
01/18/2024 20:10,January,4.67,4.66
01/18/2024 20:15,January,4.64,4.63
01/18/2024 20:20,January,3.43,3.42
01/18/2024 20:25,January,3.98,3.97
01/18/2024 20:30,January,3.84,3.83
01/18/2024 20:35,January,3.43,3.42
01/18/2024 20:40,January,3.83,3.82
01/18/2024 20:45,January,4.73,4.72
01/18/2024 20:50,January,4.74,4.73
01/18/2024 20:55,January,4.7,4.69
01/18/2024 21:00,January,4.54,4.52
01/18/2024 21:05,January,4.77,4.76
01/18/2024 21:10,January,4.73,4.72
01/18/2024 21:15,January,4.74,4.73
01/18/2024 21:20,January,4.76,4.74
01/18/2024 21:25,January,4.69,4.68
01/18/2024 21:30,January,4.03,4.02
01/18/2024 21:35,January,4.02,4.01
01/18/2024 21:40,January,4,3.99
01/18/2024 21:45,January,3.99,3.97
01/18/2024 21:50,January,4.8,4.79
01/18/2024 21:55,January,3,2.99
01/18/2024 22:00,January,3.16,3.15
01/18/2024 22:05,January,2.94,2.93
01/18/2024 22:10,January,2.93,2.92
01/18/2024 22:15,January,3.05,3.04
01/18/2024 22:20,January,3.53,3.52
01/18/2024 22:25,January,3.13,3.12
01/18/2024 22:30,January,3.05,3.04
01/18/2024 22:35,January,3.06,3.05
01/18/2024 22:40,January,3.02,3.01
01/18/2024 22:45,January,3.05,3.03
01/18/2024 22:50,January,3.05,3.03
01/18/2024 22:55,January,3.05,3.03
01/18/2024 23:00,January,3.02,3.01
01/18/2024 23:05,January,3.43,3.42
01/18/2024 23:10,January,3.5,3.49
01/18/2024 23:15,January,3.52,3.5
01/18/2024 23:20,January,3.44,3.42
01/18/2024 23:25,January,3.52,3.5
01/18/2024 23:30,January,3.54,3.51
01/18/2024 23:35,January,3.03,3.01
01/18/2024 23:40,January,3.32,3.3
01/18/2024 23:45,January,3.03,3.01
01/18/2024 23:50,January,3.44,3.42
01/18/2024 23:55,January,3.04,3.02
01/19/2024 0:00,January,3.26,3.24
01/19/2024 0:05,January,3.82,3.8
01/19/2024 0:10,January,3.73,3.7
01/19/2024 0:15,January,3.54,3.51
01/19/2024 0:20,January,3.54,3.51
01/19/2024 0:25,January,3.72,3.69
01/19/2024 0:30,January,3.51,3.49
01/19/2024 0:35,January,3.54,3.51
01/19/2024 0:40,January,3.56,3.53
01/19/2024 0:45,January,3.54,3.52
01/19/2024 0:50,January,3.56,3.53
01/19/2024 0:55,January,3.54,3.52
01/19/2024 1:00,January,3.55,3.53
01/19/2024 1:05,January,5.16,5.13
01/19/2024 1:10,January,3.84,3.82
01/19/2024 1:15,January,3.8,3.78
01/19/2024 1:20,January,3.77,3.75
01/19/2024 1:25,January,3.55,3.53
01/19/2024 1:30,January,3.56,3.54
01/19/2024 1:35,January,3.56,3.54
01/19/2024 1:40,January,3.55,3.53
01/19/2024 1:45,January,3.55,3.53
01/19/2024 1:50,January,3.55,3.53
01/19/2024 1:55,January,3.55,3.53
01/19/2024 2:00,January,3.55,3.53
01/19/2024 2:05,January,3.87,3.85
01/19/2024 2:10,January,3.71,3.68
01/19/2024 2:15,January,3.56,3.54
01/19/2024 2:20,January,3.7,3.68
01/19/2024 2:25,January,3.7,3.68
01/19/2024 2:30,January,3.55,3.52
01/19/2024 2:35,January,3.8,3.78
01/19/2024 2:40,January,3.58,3.56
01/19/2024 2:45,January,3.12,3.1
01/19/2024 2:50,January,3.12,3.11
01/19/2024 2:55,January,3.54,3.52
01/19/2024 3:00,January,3.56,3.54
01/19/2024 3:05,January,3.56,3.54
01/19/2024 3:10,January,3.56,3.54
01/19/2024 3:15,January,3.55,3.53
01/19/2024 3:20,January,3.55,3.53
01/19/2024 3:25,January,3.55,3.52
01/19/2024 3:30,January,3.54,3.52
01/19/2024 3:35,January,3.51,3.49
01/19/2024 3:40,January,3.54,3.52
01/19/2024 3:45,January,3.57,3.55
01/19/2024 3:50,January,3.54,3.52
01/19/2024 3:55,January,3.54,3.52
01/19/2024 4:00,January,3.55,3.52
01/19/2024 4:05,January,3.81,3.79
01/19/2024 4:10,January,3.78,3.76
01/19/2024 4:15,January,3.71,3.68
01/19/2024 4:20,January,3.8,3.78
01/19/2024 4:25,January,3.79,3.77
01/19/2024 4:30,January,3.79,3.77
01/19/2024 4:35,January,3.8,3.78
01/19/2024 4:40,January,3.82,3.8
01/19/2024 4:45,January,3.87,3.85
01/19/2024 4:50,January,3.87,3.85
01/19/2024 4:55,January,3.94,3.92
01/19/2024 5:00,January,3.97,3.95
01/19/2024 5:05,January,3.97,3.95
01/19/2024 5:10,January,4.01,3.99
01/19/2024 5:15,January,4.15,4.13
01/19/2024 5:20,January,4.2,4.19
01/19/2024 5:25,January,4.12,4.1
01/19/2024 5:30,January,4.35,4.33
01/19/2024 5:35,January,4.53,4.51
01/19/2024 5:40,January,4.36,4.34
01/19/2024 5:45,January,4.46,4.45
01/19/2024 5:50,January,4.46,4.44
01/19/2024 5:55,January,11.82,11.78
01/19/2024 6:00,January,5.08,5.06
01/19/2024 6:05,January,24.66,24.57
01/19/2024 6:10,January,15.18,15.13
01/19/2024 6:15,January,10.55,10.51
01/19/2024 6:20,January,11.79,11.75
01/19/2024 6:25,January,5.12,5.11
01/19/2024 6:30,January,4.55,4.53
01/19/2024 6:35,January,4.92,4.91
01/19/2024 6:40,January,4.4,4.38
01/19/2024 6:45,January,4.3,4.28
01/19/2024 6:50,January,4.51,4.49
01/19/2024 6:55,January,4.54,4.53
01/19/2024 7:00,January,4.53,4.52
01/19/2024 7:05,January,0.75,0.74
01/19/2024 7:10,January,3,2.99
01/19/2024 7:15,January,3.76,3.75
01/19/2024 7:20,January,3.52,3.51
01/19/2024 7:25,January,4.04,4.03
01/19/2024 7:30,January,4.18,4.17
01/19/2024 7:35,January,4.18,4.17
01/19/2024 7:40,January,4.28,4.28
01/19/2024 7:45,January,4.04,4.04
01/19/2024 7:50,January,4.05,4.05
01/19/2024 7:55,January,4.5,4.5
01/19/2024 8:00,January,4.5,4.5
01/19/2024 8:05,January,2.45,2.45
01/19/2024 8:10,January,4.06,4.06
01/19/2024 8:15,January,4.06,4.06
01/19/2024 8:20,January,4.06,4.06
01/19/2024 8:25,January,5.08,5.08
01/19/2024 8:30,January,4.91,4.92
01/19/2024 8:35,January,4.49,4.5
01/19/2024 8:40,January,4.49,4.49
01/19/2024 8:45,January,4.28,4.29
01/19/2024 8:50,January,4.94,4.95
01/19/2024 8:55,January,4.47,4.48
01/19/2024 9:00,January,4.95,4.96
01/19/2024 9:05,January,2.54,2.54
01/19/2024 9:10,January,4.23,4.23
01/19/2024 9:15,January,4.44,4.44
01/19/2024 9:20,January,4.43,4.43
01/19/2024 9:25,January,10.55,10.58
01/19/2024 9:30,January,4.96,4.97
01/19/2024 9:35,January,11.79,11.84
01/19/2024 9:40,January,10.55,10.59
01/19/2024 9:45,January,10.55,10.59
01/19/2024 9:50,January,4.95,4.97
01/19/2024 9:55,January,4.69,4.71
01/19/2024 10:00,January,4.55,4.57
01/19/2024 10:05,January,2.53,2.54
01/19/2024 10:10,January,4.32,4.34
01/19/2024 10:15,January,4.53,4.55
01/19/2024 10:20,January,4.54,4.56
01/19/2024 10:25,January,4.52,4.54
01/19/2024 10:30,January,4.47,4.49
01/19/2024 10:35,January,4.52,4.54
01/19/2024 10:40,January,3.55,3.56
01/19/2024 10:45,January,3.75,3.76
01/19/2024 10:50,January,4.48,4.49
01/19/2024 10:55,January,4.48,4.5
01/19/2024 11:00,January,4.34,4.36
01/19/2024 11:05,January,3.73,3.74
01/19/2024 11:10,January,3.9,3.92
01/19/2024 11:15,January,4.33,4.35
01/19/2024 11:20,January,4.42,4.44
01/19/2024 11:25,January,4.42,4.43
01/19/2024 11:30,January,4.46,4.48
01/19/2024 11:35,January,4.41,4.44
01/19/2024 11:40,January,4.41,4.44
01/19/2024 11:45,January,3.93,3.95
01/19/2024 11:50,January,3.75,3.76
01/19/2024 11:55,January,3.46,3.47
01/19/2024 12:00,January,2.43,2.44
01/19/2024 12:05,January,0,0
01/19/2024 12:10,January,2.53,2.54
01/19/2024 12:15,January,3.45,3.47
01/19/2024 12:20,January,3.38,3.39
01/19/2024 12:25,January,3.52,3.53
01/19/2024 12:30,January,3.53,3.53
01/19/2024 12:35,January,3.53,3.53
01/19/2024 12:40,January,3.97,3.98
01/19/2024 12:45,January,4.41,4.42
01/19/2024 12:50,January,4.28,4.29
01/19/2024 12:55,January,4.27,4.28
01/19/2024 13:00,January,4.28,4.29
01/19/2024 13:05,January,14.9,14.94
01/19/2024 13:10,January,14.91,14.94
01/19/2024 13:15,January,13.89,13.93
01/19/2024 13:20,January,4.83,4.85
01/19/2024 13:25,January,4.49,4.5
01/19/2024 13:30,January,4.33,4.34
01/19/2024 13:35,January,4.49,4.5
01/19/2024 13:40,January,4.44,4.46
01/19/2024 13:45,January,4.49,4.5
01/19/2024 13:50,January,4.56,4.57
01/19/2024 13:55,January,4.51,4.52
01/19/2024 14:00,January,4.51,4.52
01/19/2024 14:05,January,4.31,4.32
01/19/2024 14:10,January,11.88,11.91
01/19/2024 14:15,January,5.05,5.06
01/19/2024 14:20,January,31.25,31.35
01/19/2024 14:25,January,11.9,11.95
01/19/2024 14:30,January,4.91,4.93
01/19/2024 14:35,January,4.31,4.32
01/19/2024 14:40,January,4.58,4.59
01/19/2024 14:45,January,4.91,4.92
01/19/2024 14:50,January,4.96,4.97
01/19/2024 14:55,January,4.57,4.58
01/19/2024 15:00,January,4.92,4.93
01/19/2024 15:05,January,4.59,4.6
01/19/2024 15:10,January,5.06,5.07
01/19/2024 15:15,January,4.69,4.69
01/19/2024 15:20,January,11.38,11.4
01/19/2024 15:25,January,4.69,4.69
01/19/2024 15:30,January,5.07,5.07
01/19/2024 15:35,January,4.71,4.71
01/19/2024 15:40,January,4.71,4.71
01/19/2024 15:45,January,4.71,4.71
01/19/2024 15:50,January,4.93,4.93
01/19/2024 15:55,January,4.8,4.8
01/19/2024 16:00,January,4.8,4.8
01/19/2024 16:05,January,4.7,4.69
01/19/2024 16:10,January,10.65,10.65
01/19/2024 16:15,January,4.81,4.8
01/19/2024 16:20,January,5.07,5.06
01/19/2024 16:25,January,4.81,4.81
01/19/2024 16:30,January,4.81,4.8
01/19/2024 16:35,January,4.57,4.56
01/19/2024 16:40,January,4.71,4.7
01/19/2024 16:45,January,4.71,4.7
01/19/2024 16:50,January,3.97,3.96
01/19/2024 16:55,January,4.55,4.54
01/19/2024 17:00,January,3.5,3.5
01/19/2024 17:05,January,3.51,3.5
01/19/2024 17:10,January,3.57,3.56
01/19/2024 17:15,January,3.81,3.8
01/19/2024 17:20,January,3.96,3.96
01/19/2024 17:25,January,4.32,4.32
01/19/2024 17:30,January,4.7,4.69
01/19/2024 17:35,January,4.71,4.71
01/19/2024 17:40,January,10.6,10.59
01/19/2024 17:45,January,12.62,12.61
01/19/2024 17:50,January,15.72,15.71
01/19/2024 17:55,January,12.67,12.65
01/19/2024 18:00,January,8.69,8.67
01/19/2024 18:05,January,9.1,9.08
01/19/2024 18:10,January,5.09,5.08
01/19/2024 18:15,January,4.83,4.82
01/19/2024 18:20,January,8.7,8.68
01/19/2024 18:25,January,5.04,5.03
01/19/2024 18:30,January,5.03,5.02
01/19/2024 18:35,January,4.58,4.57
01/19/2024 18:40,January,4.92,4.91
01/19/2024 18:45,January,4.83,4.81
01/19/2024 18:50,January,4.59,4.57
01/19/2024 18:55,January,3.97,3.96
01/19/2024 19:00,January,3.76,3.74
01/19/2024 19:05,January,0.74,0.74
01/19/2024 19:10,January,2.45,2.45
01/19/2024 19:15,January,3.47,3.46
01/19/2024 19:20,January,3.48,3.47
01/19/2024 19:25,January,3.52,3.51
01/19/2024 19:30,January,3.81,3.79
01/19/2024 19:35,January,3.68,3.66
01/19/2024 19:40,January,4.32,4.3
01/19/2024 19:45,January,3.81,3.79
01/19/2024 19:50,January,3.57,3.55
01/19/2024 19:55,January,3.57,3.55
01/19/2024 20:00,January,3.56,3.54
01/19/2024 20:05,January,11.29,11.25
01/19/2024 20:10,January,4.66,4.64
01/19/2024 20:15,January,3.81,3.79
01/19/2024 20:20,January,3.81,3.79
01/19/2024 20:25,January,3.58,3.56
01/19/2024 20:30,January,3.71,3.69
01/19/2024 20:35,January,3.58,3.56
01/19/2024 20:40,January,3.9,3.88
01/19/2024 20:45,January,3.9,3.88
01/19/2024 20:50,January,3.53,3.52
01/19/2024 20:55,January,3.55,3.53
01/19/2024 21:00,January,3.56,3.54
01/19/2024 21:05,January,4.12,4.1
01/19/2024 21:10,January,3.65,3.63
01/19/2024 21:15,January,3.66,3.64
01/19/2024 21:20,January,4.13,4.1
01/19/2024 21:25,January,3.88,3.86
01/19/2024 21:30,January,3.67,3.65
01/19/2024 21:35,January,3.64,3.62
01/19/2024 21:40,January,3.55,3.53
01/19/2024 21:45,January,3.62,3.6
01/19/2024 21:50,January,3.68,3.66
01/19/2024 21:55,January,4.14,4.11
01/19/2024 22:00,January,3.68,3.65
01/19/2024 22:05,January,4.6,4.57
01/19/2024 22:10,January,4.7,4.67
01/19/2024 22:15,January,3.97,3.95
01/19/2024 22:20,January,3.68,3.66
01/19/2024 22:25,January,3.64,3.62
01/19/2024 22:30,January,3.69,3.66
01/19/2024 22:35,January,3.69,3.67
01/19/2024 22:40,January,3.85,3.83
01/19/2024 22:45,January,3.75,3.72
01/19/2024 22:50,January,3.66,3.63
01/19/2024 22:55,January,3.57,3.54
01/19/2024 23:00,January,3.63,3.6
01/19/2024 23:05,January,3.22,3.2
01/19/2024 23:10,January,3.57,3.54
01/19/2024 23:15,January,3.57,3.54
01/19/2024 23:20,January,3.28,3.26
01/19/2024 23:25,January,3.5,3.48
01/19/2024 23:30,January,3.53,3.51
01/19/2024 23:35,January,3.54,3.51
01/19/2024 23:40,January,3.51,3.48
01/19/2024 23:45,January,3.5,3.47
01/19/2024 23:50,January,3.51,3.49
01/19/2024 23:55,January,3.51,3.48
01/20/2024 0:00,January,3.27,3.24
01/20/2024 0:05,January,3.72,3.69
01/20/2024 0:10,January,3.68,3.65
01/20/2024 0:15,January,3.56,3.53
01/20/2024 0:20,January,3.57,3.54
01/20/2024 0:25,January,3.53,3.5
01/20/2024 0:30,January,3.53,3.51
01/20/2024 0:35,January,3.53,3.51
01/20/2024 0:40,January,3.53,3.51
01/20/2024 0:45,January,3.54,3.52
01/20/2024 0:50,January,3.55,3.53
01/20/2024 0:55,January,3.55,3.53
01/20/2024 1:00,January,3.55,3.53
01/20/2024 1:05,January,3.68,3.65
01/20/2024 1:10,January,3.67,3.64
01/20/2024 1:15,January,3.66,3.64
01/20/2024 1:20,January,3.55,3.53
01/20/2024 1:25,January,3.7,3.68
01/20/2024 1:30,January,3.71,3.68
01/20/2024 1:35,January,13.78,13.7
01/20/2024 1:40,January,4.12,4.1
01/20/2024 1:45,January,3.72,3.7
01/20/2024 1:50,January,3.73,3.71
01/20/2024 1:55,January,3.71,3.69
01/20/2024 2:00,January,3.69,3.67
01/20/2024 2:05,January,3.7,3.68
01/20/2024 2:10,January,3.72,3.7
01/20/2024 2:15,January,3.71,3.69
01/20/2024 2:20,January,3.71,3.69
01/20/2024 2:25,January,3.73,3.71
01/20/2024 2:30,January,3.7,3.68
01/20/2024 2:35,January,3.69,3.67
01/20/2024 2:40,January,3.74,3.72
01/20/2024 2:45,January,3.69,3.68
01/20/2024 2:50,January,3.68,3.66
01/20/2024 2:55,January,3.56,3.54
01/20/2024 3:00,January,3.03,3.02
01/20/2024 3:05,January,3.36,3.34
01/20/2024 3:10,January,3.36,3.34
01/20/2024 3:15,January,3.41,3.39
01/20/2024 3:20,January,3.55,3.53
01/20/2024 3:25,January,3.54,3.53
01/20/2024 3:30,January,3.56,3.54
01/20/2024 3:35,January,3.55,3.53
01/20/2024 3:40,January,3.48,3.46
01/20/2024 3:45,January,3.49,3.47
01/20/2024 3:50,January,3.51,3.49
01/20/2024 3:55,January,3.54,3.53
01/20/2024 4:00,January,3.03,3.01
01/20/2024 4:05,January,2.46,2.45
01/20/2024 4:10,January,2.79,2.77
01/20/2024 4:15,January,2.82,2.81
01/20/2024 4:20,January,2.47,2.45
01/20/2024 4:25,January,2.79,2.78
01/20/2024 4:30,January,2.77,2.75
01/20/2024 4:35,January,3.24,3.23
01/20/2024 4:40,January,2.99,2.97
01/20/2024 4:45,January,2.98,2.96
01/20/2024 4:50,January,2.98,2.97
01/20/2024 4:55,January,2.81,2.8
01/20/2024 5:00,January,2.82,2.8
01/20/2024 5:05,January,2.55,2.53
01/20/2024 5:10,January,2.74,2.72
01/20/2024 5:15,January,3.04,3.02
01/20/2024 5:20,January,2.98,2.96
01/20/2024 5:25,January,3.04,3.02
01/20/2024 5:30,January,3.01,3
01/20/2024 5:35,January,2.99,2.98
01/20/2024 5:40,January,3.66,3.64
01/20/2024 5:45,January,3.16,3.14
01/20/2024 5:50,January,3.54,3.51
01/20/2024 5:55,January,3.5,3.48
01/20/2024 6:00,January,3.5,3.48
01/20/2024 6:05,January,3.25,3.23
01/20/2024 6:10,January,3.33,3.31
01/20/2024 6:15,January,3.51,3.49
01/20/2024 6:20,January,3.38,3.36
01/20/2024 6:25,January,3.51,3.48
01/20/2024 6:30,January,3.51,3.48
01/20/2024 6:35,January,3.51,3.49
01/20/2024 6:40,January,3.51,3.49
01/20/2024 6:45,January,3.35,3.33
01/20/2024 6:50,January,3.26,3.24
01/20/2024 6:55,January,3.36,3.34
01/20/2024 7:00,January,3.37,3.35
01/20/2024 7:05,January,3.5,3.48
01/20/2024 7:10,January,3.37,3.35
01/20/2024 7:15,January,3.66,3.63
01/20/2024 7:20,January,3.38,3.36
01/20/2024 7:25,January,3.36,3.34
01/20/2024 7:30,January,3.36,3.34
01/20/2024 7:35,January,3.37,3.36
01/20/2024 7:40,January,3.5,3.48
01/20/2024 7:45,January,3.4,3.39
01/20/2024 7:50,January,3.51,3.49
01/20/2024 7:55,January,3.52,3.5
01/20/2024 8:00,January,3.53,3.52
01/20/2024 8:05,January,3.49,3.47
01/20/2024 8:10,January,3.49,3.48
01/20/2024 8:15,January,3.91,3.89
01/20/2024 8:20,January,3.68,3.66
01/20/2024 8:25,January,3.52,3.51
01/20/2024 8:30,January,4.08,4.06
01/20/2024 8:35,January,3.57,3.56
01/20/2024 8:40,January,3.9,3.89
01/20/2024 8:45,January,3.91,3.9
01/20/2024 8:50,January,3.54,3.52
01/20/2024 8:55,January,3.9,3.89
01/20/2024 9:00,January,3.52,3.51
01/20/2024 9:05,January,3.01,3
01/20/2024 9:10,January,3.36,3.35
01/20/2024 9:15,January,3.47,3.47
01/20/2024 9:20,January,3.41,3.4
01/20/2024 9:25,January,3.48,3.47
01/20/2024 9:30,January,3.51,3.5
01/20/2024 9:35,January,3.67,3.66
01/20/2024 9:40,January,3.89,3.89
01/20/2024 9:45,January,4,3.99
01/20/2024 9:50,January,3.99,3.99
01/20/2024 9:55,January,3.51,3.51
01/20/2024 10:00,January,3.68,3.68
01/20/2024 10:05,January,3.46,3.46
01/20/2024 10:10,January,3.68,3.67
01/20/2024 10:15,January,4.16,4.16
01/20/2024 10:20,January,3.99,3.99
01/20/2024 10:25,January,3.99,3.99
01/20/2024 10:30,January,3.9,3.9
01/20/2024 10:35,January,3.9,3.9
01/20/2024 10:40,January,4,4
01/20/2024 10:45,January,4,4
01/20/2024 10:50,January,3.7,3.7
01/20/2024 10:55,January,3.99,3.99
01/20/2024 11:00,January,3.69,3.7
01/20/2024 11:05,January,3.49,3.49
01/20/2024 11:10,January,4.08,4.08
01/20/2024 11:15,January,3.89,3.9
01/20/2024 11:20,January,3.98,3.98
01/20/2024 11:25,January,3.93,3.93
01/20/2024 11:30,January,3.93,3.93
01/20/2024 11:35,January,3.99,3.99
01/20/2024 11:40,January,3.99,3.99
01/20/2024 11:45,January,3.99,3.99
01/20/2024 11:50,January,3.9,3.9
01/20/2024 11:55,January,3.52,3.52
01/20/2024 12:00,January,3.35,3.35
01/20/2024 12:05,January,2.53,2.53
01/20/2024 12:10,January,3.47,3.47
01/20/2024 12:15,January,3.51,3.51
01/20/2024 12:20,January,3.47,3.48
01/20/2024 12:25,January,3.52,3.52
01/20/2024 12:30,January,4.24,4.25
01/20/2024 12:35,January,3.99,3.99
01/20/2024 12:40,January,3.91,3.91
01/20/2024 12:45,January,3.92,3.92
01/20/2024 12:50,January,3.52,3.52
01/20/2024 12:55,January,3.7,3.7
01/20/2024 13:00,January,4.49,4.49
01/20/2024 13:05,January,3.48,3.48
01/20/2024 13:10,January,4.57,4.57
01/20/2024 13:15,January,4.57,4.58
01/20/2024 13:20,January,3.97,3.98
01/20/2024 13:25,January,4.46,4.47
01/20/2024 13:30,January,4,4
01/20/2024 13:35,January,3.56,3.57
01/20/2024 13:40,January,4.25,4.25
01/20/2024 13:45,January,4.13,4.13
01/20/2024 13:50,January,4.48,4.48
01/20/2024 13:55,January,3.83,3.83
01/20/2024 14:00,January,3.6,3.59
01/20/2024 14:05,January,4.26,4.25
01/20/2024 14:10,January,4.58,4.58
01/20/2024 14:15,January,4.48,4.48
01/20/2024 14:20,January,4.42,4.42
01/20/2024 14:25,January,4.38,4.38
01/20/2024 14:30,January,4.17,4.17
01/20/2024 14:35,January,4.06,4.06
01/20/2024 14:40,January,4.07,4.06
01/20/2024 14:45,January,3.57,3.57
01/20/2024 14:50,January,3.95,3.95
01/20/2024 14:55,January,3.98,3.97
01/20/2024 15:00,January,4.03,4.02
01/20/2024 15:05,January,3.98,3.98
01/20/2024 15:10,January,4.16,4.15
01/20/2024 15:15,January,4.17,4.16
01/20/2024 15:20,January,4.06,4.05
01/20/2024 15:25,January,4.4,4.39
01/20/2024 15:30,January,4.36,4.35
01/20/2024 15:35,January,4.07,4.06
01/20/2024 15:40,January,4.18,4.17
01/20/2024 15:45,January,4.38,4.37
01/20/2024 15:50,January,4.19,4.18
01/20/2024 15:55,January,3.58,3.57
01/20/2024 16:00,January,3.99,3.98
01/20/2024 16:05,January,3.92,3.91
01/20/2024 16:10,January,4.41,4.4
01/20/2024 16:15,January,4.4,4.39
01/20/2024 16:20,January,4.4,4.39
01/20/2024 16:25,January,4.41,4.4
01/20/2024 16:30,January,3.59,3.58
01/20/2024 16:35,January,4.44,4.43
01/20/2024 16:40,January,4.44,4.43
01/20/2024 16:45,January,4.44,4.43
01/20/2024 16:50,January,4.42,4.4
01/20/2024 16:55,January,4.37,4.36
01/20/2024 17:00,January,4.07,4.05
01/20/2024 17:05,January,3.06,3.05
01/20/2024 17:10,January,3.51,3.5
01/20/2024 17:15,January,4.22,4.21
01/20/2024 17:20,January,4.4,4.39
01/20/2024 17:25,January,4.63,4.61
01/20/2024 17:30,January,5.11,5.09
01/20/2024 17:35,January,5.75,5.73
01/20/2024 17:40,January,5.76,5.75
01/20/2024 17:45,January,5.2,5.19
01/20/2024 17:50,January,13.72,13.68
01/20/2024 17:55,January,5.78,5.76
01/20/2024 18:00,January,4.67,4.65
01/20/2024 18:05,January,13.71,13.66
01/20/2024 18:10,January,11.74,11.7
01/20/2024 18:15,January,5.79,5.77
01/20/2024 18:20,January,5.8,5.78
01/20/2024 18:25,January,5.79,5.77
01/20/2024 18:30,January,5.79,5.76
01/20/2024 18:35,January,5.79,5.76
01/20/2024 18:40,January,5.15,5.13
01/20/2024 18:45,January,4.69,4.67
01/20/2024 18:50,January,5.8,5.78
01/20/2024 18:55,January,4.7,4.67
01/20/2024 19:00,January,4.34,4.32
01/20/2024 19:05,January,4.59,4.56
01/20/2024 19:10,January,4.68,4.66
01/20/2024 19:15,January,4.69,4.66
01/20/2024 19:20,January,4.93,4.9
01/20/2024 19:25,January,4.69,4.67
01/20/2024 19:30,January,4.59,4.56
01/20/2024 19:35,January,4.93,4.9
01/20/2024 19:40,January,4.59,4.56
01/20/2024 19:45,January,4.69,4.66
01/20/2024 19:50,January,4.58,4.55
01/20/2024 19:55,January,4.58,4.56
01/20/2024 20:00,January,4.67,4.65
01/20/2024 20:05,January,11.72,11.67
01/20/2024 20:10,January,5.1,5.07
01/20/2024 20:15,January,5.09,5.06
01/20/2024 20:20,January,4.69,4.67
01/20/2024 20:25,January,4.69,4.67
01/20/2024 20:30,January,4.93,4.9
01/20/2024 20:35,January,4.69,4.67
01/20/2024 20:40,January,5.08,5.06
01/20/2024 20:45,January,4.7,4.68
01/20/2024 20:50,January,4.59,4.57
01/20/2024 20:55,January,4.59,4.57
01/20/2024 21:00,January,4.7,4.67
01/20/2024 21:05,January,32.57,32.38
01/20/2024 21:10,January,5.84,5.8
01/20/2024 21:15,January,5.82,5.8
01/20/2024 21:20,January,5.15,5.12
01/20/2024 21:25,January,4.7,4.68
01/20/2024 21:30,January,5.1,5.07
01/20/2024 21:35,January,5.1,5.07
01/20/2024 21:40,January,5.15,5.12
01/20/2024 21:45,January,4.7,4.68
01/20/2024 21:50,January,4.44,4.41
01/20/2024 21:55,January,4.59,4.57
01/20/2024 22:00,January,4.46,4.43
01/20/2024 22:05,January,5.83,5.8
01/20/2024 22:10,January,4.68,4.66
01/20/2024 22:15,January,4.68,4.66
01/20/2024 22:20,January,4.58,4.55
01/20/2024 22:25,January,4.46,4.44
01/20/2024 22:30,January,4.4,4.37
01/20/2024 22:35,January,3.56,3.54
01/20/2024 22:40,January,4.08,4.06
01/20/2024 22:45,January,3.56,3.54
01/20/2024 22:50,January,3.77,3.75
01/20/2024 22:55,January,3.52,3.5
01/20/2024 23:00,January,3.52,3.5
01/20/2024 23:05,January,4.64,4.62
01/20/2024 23:10,January,4.54,4.52
01/20/2024 23:15,January,4.4,4.38
01/20/2024 23:20,January,3.92,3.89
01/20/2024 23:25,January,4.07,4.04
01/20/2024 23:30,January,4.04,4.01
01/20/2024 23:35,January,3.78,3.76
01/20/2024 23:40,January,3.78,3.75
01/20/2024 23:45,January,3.57,3.54
01/20/2024 23:50,January,3.36,3.34
01/20/2024 23:55,January,3.38,3.36
01/21/2024 0:00,January,3.38,3.36
01/21/2024 0:05,January,3.95,3.93
01/21/2024 0:10,January,4.27,4.25
01/21/2024 0:15,January,3.76,3.74
01/21/2024 0:20,January,3.67,3.65
01/21/2024 0:25,January,3.7,3.67
01/21/2024 0:30,January,3.64,3.62
01/21/2024 0:35,January,3.98,3.95
01/21/2024 0:40,January,3.69,3.66
01/21/2024 0:45,January,3.69,3.66
01/21/2024 0:50,January,3.68,3.65
01/21/2024 0:55,January,3.1,3.08
01/21/2024 1:00,January,3.58,3.55
01/21/2024 1:05,January,3.58,3.55
01/21/2024 1:10,January,3.58,3.55
01/21/2024 1:15,January,3.65,3.62
01/21/2024 1:20,January,3.58,3.56
01/21/2024 1:25,January,3.58,3.56
01/21/2024 1:30,January,3.58,3.56
01/21/2024 1:35,January,3.69,3.67
01/21/2024 1:40,January,3.66,3.63
01/21/2024 1:45,January,3.65,3.62
01/21/2024 1:50,January,3.64,3.62
01/21/2024 1:55,January,3.62,3.59
01/21/2024 2:00,January,3.59,3.56
01/21/2024 2:05,January,3.59,3.56
01/21/2024 2:10,January,3.59,3.56
01/21/2024 2:15,January,3.52,3.5
01/21/2024 2:20,January,3.37,3.35
01/21/2024 2:25,January,3.52,3.5
01/21/2024 2:30,January,3.58,3.56
01/21/2024 2:35,January,3.58,3.56
01/21/2024 2:40,January,3.58,3.56
01/21/2024 2:45,January,3.58,3.56
01/21/2024 2:50,January,3.14,3.12
01/21/2024 2:55,January,3.52,3.5
01/21/2024 3:00,January,2.46,2.45
01/21/2024 3:05,January,3.57,3.55
01/21/2024 3:10,January,3.57,3.55
01/21/2024 3:15,January,3.57,3.55
01/21/2024 3:20,January,3.57,3.55
01/21/2024 3:25,January,3.57,3.55
01/21/2024 3:30,January,3.57,3.55
01/21/2024 3:35,January,3.57,3.55
01/21/2024 3:40,January,3.57,3.55
01/21/2024 3:45,January,3.57,3.55
01/21/2024 3:50,January,3.57,3.55
01/21/2024 3:55,January,3.57,3.55
01/21/2024 4:00,January,3.52,3.5
01/21/2024 4:05,January,3.56,3.54
01/21/2024 4:10,January,3.56,3.54
01/21/2024 4:15,January,3.67,3.65
01/21/2024 4:20,January,3.37,3.35
01/21/2024 4:25,January,3.52,3.49
01/21/2024 4:30,January,3.68,3.66
01/21/2024 4:35,January,3.69,3.67
01/21/2024 4:40,January,3.68,3.66
01/21/2024 4:45,January,3.56,3.54
01/21/2024 4:50,January,3.56,3.54
01/21/2024 4:55,January,3.56,3.54
01/21/2024 5:00,January,3.56,3.54
01/21/2024 5:05,January,3.71,3.68
01/21/2024 5:10,January,3.67,3.65
01/21/2024 5:15,January,3.57,3.54
01/21/2024 5:20,January,3.57,3.55
01/21/2024 5:25,January,3.57,3.55
01/21/2024 5:30,January,3.42,3.4
01/21/2024 5:35,January,3.65,3.63
01/21/2024 5:40,January,3.57,3.55
01/21/2024 5:45,January,3.18,3.16
01/21/2024 5:50,January,3.56,3.54
01/21/2024 5:55,January,3.52,3.49
01/21/2024 6:00,January,3.56,3.54
01/21/2024 6:05,January,3.19,3.17
01/21/2024 6:10,January,3.12,3.11
01/21/2024 6:15,January,3.54,3.52
01/21/2024 6:20,January,3.56,3.54
01/21/2024 6:25,January,3.55,3.53
01/21/2024 6:30,January,3.46,3.44
01/21/2024 6:35,January,3.56,3.54
01/21/2024 6:40,January,3.55,3.53
01/21/2024 6:45,January,2.55,2.53
01/21/2024 6:50,January,3.51,3.49
01/21/2024 6:55,January,3.51,3.49
01/21/2024 7:00,January,3.55,3.53
01/21/2024 7:05,January,3.66,3.64
01/21/2024 7:10,January,3.55,3.53
01/21/2024 7:15,January,3.55,3.53
01/21/2024 7:20,January,3.45,3.43
01/21/2024 7:25,January,3.11,3.09
01/21/2024 7:30,January,3.24,3.22
01/21/2024 7:35,January,3.21,3.2
01/21/2024 7:40,January,3.24,3.23
01/21/2024 7:45,January,3.44,3.42
01/21/2024 7:50,January,3.44,3.42
01/21/2024 7:55,January,3.38,3.37
01/21/2024 8:00,January,3.43,3.42
01/21/2024 8:05,January,2.96,2.95
01/21/2024 8:10,January,3,3
01/21/2024 8:15,January,3.21,3.21
01/21/2024 8:20,January,3.25,3.24
01/21/2024 8:25,January,3.33,3.33
01/21/2024 8:30,January,3.23,3.22
01/21/2024 8:35,January,2.99,2.99
01/21/2024 8:40,January,3.31,3.31
01/21/2024 8:45,January,2.99,2.98
01/21/2024 8:50,January,3.04,3.04
01/21/2024 8:55,January,2.81,2.81
01/21/2024 9:00,January,2.98,2.98
01/21/2024 9:05,January,2.53,2.53
01/21/2024 9:10,January,0,0
01/21/2024 9:15,January,3.02,3.02
01/21/2024 9:20,January,3.12,3.11
01/21/2024 9:25,January,3.04,3.03
01/21/2024 9:30,January,3.23,3.22
01/21/2024 9:35,January,3.23,3.23
01/21/2024 9:40,January,3.49,3.48
01/21/2024 9:45,January,3.32,3.32
01/21/2024 9:50,January,3.37,3.37
01/21/2024 9:55,January,3.61,3.61
01/21/2024 10:00,January,3.33,3.33
01/21/2024 10:05,January,3.32,3.32
01/21/2024 10:10,January,3.48,3.48
01/21/2024 10:15,January,3.19,3.18
01/21/2024 10:20,January,3.65,3.65
01/21/2024 10:25,January,3.49,3.49
01/21/2024 10:30,January,3.33,3.33
01/21/2024 10:35,January,3.63,3.63
01/21/2024 10:40,January,3.68,3.67
01/21/2024 10:45,January,3.96,3.96
01/21/2024 10:50,January,3.67,3.67
01/21/2024 10:55,January,3.88,3.88
01/21/2024 11:00,January,3.67,3.67
01/21/2024 11:05,January,3.65,3.65
01/21/2024 11:10,January,4.25,4.25
01/21/2024 11:15,January,3.87,3.88
01/21/2024 11:20,January,3.67,3.67
01/21/2024 11:25,January,3.66,3.66
01/21/2024 11:30,January,3.65,3.65
01/21/2024 11:35,January,3.67,3.67
01/21/2024 11:40,January,3.61,3.61
01/21/2024 11:45,January,3.66,3.66
01/21/2024 11:50,January,3.62,3.62
01/21/2024 11:55,January,3.65,3.65
01/21/2024 12:00,January,3.62,3.62
01/21/2024 12:05,January,3.06,3.07
01/21/2024 12:10,January,2.09,2.09
01/21/2024 12:15,January,3.11,3.11
01/21/2024 12:20,January,3.31,3.32
01/21/2024 12:25,January,3.09,3.1
01/21/2024 12:30,January,3.47,3.48
01/21/2024 12:35,January,3.02,3.03
01/21/2024 12:40,January,3.09,3.1
01/21/2024 12:45,January,3.11,3.12
01/21/2024 12:50,January,3.26,3.27
01/21/2024 12:55,January,3.58,3.59
01/21/2024 13:00,January,3.58,3.59
01/21/2024 13:05,January,0.74,0.74
01/21/2024 13:10,January,3.04,3.05
01/21/2024 13:15,January,3.5,3.51
01/21/2024 13:20,January,3.6,3.6
01/21/2024 13:25,January,3.5,3.51
01/21/2024 13:30,January,3.5,3.51
01/21/2024 13:35,January,3.58,3.59
01/21/2024 13:40,January,3.5,3.51
01/21/2024 13:45,January,3.58,3.59
01/21/2024 13:50,January,3.51,3.51
01/21/2024 13:55,January,3.54,3.55
01/21/2024 14:00,January,3.32,3.33
01/21/2024 14:05,January,3.61,3.62
01/21/2024 14:10,January,3.65,3.66
01/21/2024 14:15,January,3.67,3.68
01/21/2024 14:20,January,3.69,3.7
01/21/2024 14:25,January,3.63,3.64
01/21/2024 14:30,January,3.61,3.61
01/21/2024 14:35,January,3.63,3.64
01/21/2024 14:40,January,3.61,3.62
01/21/2024 14:45,January,3.6,3.6
01/21/2024 14:50,January,3.61,3.61
01/21/2024 14:55,January,3.32,3.32
01/21/2024 15:00,January,3.51,3.51
01/21/2024 15:05,January,3.51,3.51
01/21/2024 15:10,January,3.51,3.51
01/21/2024 15:15,January,3.51,3.51
01/21/2024 15:20,January,3.61,3.61
01/21/2024 15:25,January,3.04,3.04
01/21/2024 15:30,January,3.08,3.07
01/21/2024 15:35,January,3.07,3.07
01/21/2024 15:40,January,2.53,2.53
01/21/2024 15:45,January,2.94,2.94
01/21/2024 15:50,January,3.01,3.01
01/21/2024 15:55,January,3.01,3.01
01/21/2024 16:00,January,2.97,2.97
01/21/2024 16:05,January,3.02,3.02
01/21/2024 16:10,January,3.63,3.63
01/21/2024 16:15,January,3.51,3.51
01/21/2024 16:20,January,3.64,3.63
01/21/2024 16:25,January,3.65,3.65
01/21/2024 16:30,January,3.67,3.67
01/21/2024 16:35,January,3.74,3.73
01/21/2024 16:40,January,3.7,3.69
01/21/2024 16:45,January,3.74,3.73
01/21/2024 16:50,January,3.95,3.95
01/21/2024 16:55,January,3.96,3.95
01/21/2024 17:00,January,3.75,3.74
01/21/2024 17:05,January,3.75,3.74
01/21/2024 17:10,January,3.75,3.74
01/21/2024 17:15,January,3.71,3.7
01/21/2024 17:20,January,3.55,3.54
01/21/2024 17:25,January,3.97,3.96
01/21/2024 17:30,January,4.18,4.17
01/21/2024 17:35,January,4.49,4.48
01/21/2024 17:40,January,4.93,4.92
01/21/2024 17:45,January,4.98,4.97
01/21/2024 17:50,January,4.78,4.77
01/21/2024 17:55,January,12.05,12.03
01/21/2024 18:00,January,4.79,4.78
01/21/2024 18:05,January,4.59,4.58
01/21/2024 18:10,January,4.58,4.58
01/21/2024 18:15,January,4.58,4.58
01/21/2024 18:20,January,4.59,4.58
01/21/2024 18:25,January,4.49,4.49
01/21/2024 18:30,January,4.23,4.22
01/21/2024 18:35,January,4.5,4.49
01/21/2024 18:40,January,4.51,4.5
01/21/2024 18:45,January,4.51,4.5
01/21/2024 18:50,January,5.74,5.73
01/21/2024 18:55,January,4.51,4.51
01/21/2024 19:00,January,4.03,4.02
01/21/2024 19:05,January,4.25,4.24
01/21/2024 19:10,January,4.5,4.49
01/21/2024 19:15,January,4.25,4.25
01/21/2024 19:20,January,4.25,4.25
01/21/2024 19:25,January,4.31,4.31
01/21/2024 19:30,January,4.26,4.25
01/21/2024 19:35,January,4.12,4.12
01/21/2024 19:40,January,4.25,4.24
01/21/2024 19:45,January,4.04,4.03
01/21/2024 19:50,January,4.04,4.03
01/21/2024 19:55,January,4.13,4.12
01/21/2024 20:00,January,4.04,4.03
01/21/2024 20:05,January,5.75,5.74
01/21/2024 20:10,January,4.6,4.59
01/21/2024 20:15,January,4.52,4.51
01/21/2024 20:20,January,4.31,4.3
01/21/2024 20:25,January,4.5,4.49
01/21/2024 20:30,January,4.14,4.13
01/21/2024 20:35,January,4.14,4.13
01/21/2024 20:40,January,4.24,4.23
01/21/2024 20:45,January,4.59,4.59
01/21/2024 20:50,January,4.49,4.49
01/21/2024 20:55,January,4.13,4.12
01/21/2024 21:00,January,4.13,4.12
01/21/2024 21:05,January,19.94,19.9
01/21/2024 21:10,January,5.78,5.77
01/21/2024 21:15,January,4.62,4.61
01/21/2024 21:20,January,4.62,4.61
01/21/2024 21:25,January,4.26,4.26
01/21/2024 21:30,January,4.54,4.53
01/21/2024 21:35,January,4.26,4.25
01/21/2024 21:40,January,4.14,4.13
01/21/2024 21:45,January,4.05,4.04
01/21/2024 21:50,January,4.05,4.04
01/21/2024 21:55,January,3.98,3.98
01/21/2024 22:00,January,4.04,4.03
01/21/2024 22:05,January,4.14,4.13
01/21/2024 22:10,January,4.05,4.04
01/21/2024 22:15,January,3.99,3.98
01/21/2024 22:20,January,4.05,4.04
01/21/2024 22:25,January,4.05,4.04
01/21/2024 22:30,January,4.05,4.04
01/21/2024 22:35,January,4.05,4.04
01/21/2024 22:40,January,3.99,3.98
01/21/2024 22:45,January,4.05,4.04
01/21/2024 22:50,January,3.49,3.48
01/21/2024 22:55,January,3.53,3.53
01/21/2024 23:00,January,3.74,3.73
01/21/2024 23:05,January,3.78,3.77
01/21/2024 23:10,January,3.77,3.76
01/21/2024 23:15,January,3.73,3.72
01/21/2024 23:20,January,3.76,3.75
01/21/2024 23:25,January,3.99,3.97
01/21/2024 23:30,January,3.93,3.92
01/21/2024 23:35,January,3.74,3.73
01/21/2024 23:40,January,3.5,3.49
01/21/2024 23:45,January,3.52,3.5
01/21/2024 23:50,January,3.53,3.52
01/21/2024 23:55,January,3.53,3.52
01/22/2024 0:00,January,3.52,3.5
01/22/2024 0:05,January,4.13,4.12
01/22/2024 0:10,January,3.71,3.69
01/22/2024 0:15,January,3.55,3.53
01/22/2024 0:20,January,3.55,3.53
01/22/2024 0:25,January,3.55,3.53
01/22/2024 0:30,January,3.55,3.53
01/22/2024 0:35,January,3.33,3.31
01/22/2024 0:40,January,3.47,3.46
01/22/2024 0:45,January,3.47,3.46
01/22/2024 0:50,January,3.52,3.5
01/22/2024 0:55,January,3.52,3.5
01/22/2024 1:00,January,3.52,3.5
01/22/2024 1:05,January,3.53,3.52
01/22/2024 1:10,January,3.54,3.53
01/22/2024 1:15,January,3.46,3.44
01/22/2024 1:20,January,3.52,3.5
01/22/2024 1:25,January,3.52,3.5
01/22/2024 1:30,January,3.53,3.51
01/22/2024 1:35,January,3.52,3.5
01/22/2024 1:40,January,3.52,3.5
01/22/2024 1:45,January,3.37,3.36
01/22/2024 1:50,January,3.45,3.44
01/22/2024 1:55,January,3.47,3.46
01/22/2024 2:00,January,3.45,3.44
01/22/2024 2:05,January,3.32,3.31
01/22/2024 2:10,January,3.33,3.32
01/22/2024 2:15,January,3.32,3.31
01/22/2024 2:20,January,3.3,3.29
01/22/2024 2:25,January,3.33,3.32
01/22/2024 2:30,January,3.33,3.32
01/22/2024 2:35,January,3.33,3.32
01/22/2024 2:40,January,3.33,3.32
01/22/2024 2:45,January,3.32,3.31
01/22/2024 2:50,January,3.32,3.32
01/22/2024 2:55,January,3.29,3.28
01/22/2024 3:00,January,3.32,3.31
01/22/2024 3:05,January,3.32,3.31
01/22/2024 3:10,January,3.32,3.31
01/22/2024 3:15,January,3.3,3.29
01/22/2024 3:20,January,3.31,3.3
01/22/2024 3:25,January,3.29,3.28
01/22/2024 3:30,January,3.32,3.32
01/22/2024 3:35,January,3.34,3.33
01/22/2024 3:40,January,3.32,3.31
01/22/2024 3:45,January,3.3,3.29
01/22/2024 3:50,January,3.32,3.31
01/22/2024 3:55,January,3.33,3.32
01/22/2024 4:00,January,3.32,3.31
01/22/2024 4:05,January,3.28,3.27
01/22/2024 4:10,January,3.33,3.32
01/22/2024 4:15,January,3.33,3.32
01/22/2024 4:20,January,3.33,3.33
01/22/2024 4:25,January,3.33,3.32
01/22/2024 4:30,January,3.35,3.34
01/22/2024 4:35,January,3.33,3.32
01/22/2024 4:40,January,3.33,3.33
01/22/2024 4:45,January,3.34,3.34
01/22/2024 4:50,January,3.51,3.5
01/22/2024 4:55,January,3.73,3.72
01/22/2024 5:00,January,3.58,3.57
01/22/2024 5:05,January,3.32,3.31
01/22/2024 5:10,January,3.57,3.56
01/22/2024 5:15,January,3.52,3.51
01/22/2024 5:20,January,4.06,4.05
01/22/2024 5:25,January,3.57,3.56
01/22/2024 5:30,January,4.12,4.11
01/22/2024 5:35,January,4.12,4.11
01/22/2024 5:40,January,3.73,3.72
01/22/2024 5:45,January,3.73,3.72
01/22/2024 5:50,January,3.61,3.6
01/22/2024 5:55,January,3.62,3.61
01/22/2024 6:00,January,3.53,3.52
01/22/2024 6:05,January,3,2.98
01/22/2024 6:10,January,3.39,3.37
01/22/2024 6:15,January,3.53,3.51
01/22/2024 6:20,January,3.39,3.37
01/22/2024 6:25,January,3.45,3.44
01/22/2024 6:30,January,3.45,3.44
01/22/2024 6:35,January,3.72,3.71
01/22/2024 6:40,January,3.47,3.45
01/22/2024 6:45,January,3.4,3.39
01/22/2024 6:50,January,3.34,3.33
01/22/2024 6:55,January,3.39,3.38
01/22/2024 7:00,January,3.45,3.44
01/22/2024 7:05,January,0,0
01/22/2024 7:10,January,2.54,2.54
01/22/2024 7:15,January,3.2,3.2
01/22/2024 7:20,January,3.23,3.23
01/22/2024 7:25,January,3.27,3.27
01/22/2024 7:30,January,3.27,3.27
01/22/2024 7:35,January,3.5,3.49
01/22/2024 7:40,January,3.44,3.44
01/22/2024 7:45,January,3.31,3.31
01/22/2024 7:50,January,3.5,3.5
01/22/2024 7:55,January,3.76,3.77
01/22/2024 8:00,January,4.47,4.47
01/22/2024 8:05,January,2.99,2.99
01/22/2024 8:10,January,3.31,3.3
01/22/2024 8:15,January,4.03,4.03
01/22/2024 8:20,January,4.42,4.42
01/22/2024 8:25,January,4.44,4.43
01/22/2024 8:30,January,4.21,4.21
01/22/2024 8:35,January,3.27,3.27
01/22/2024 8:40,January,3.3,3.3
01/22/2024 8:45,January,3.48,3.48
01/22/2024 8:50,January,4.2,4.2
01/22/2024 8:55,January,3.63,3.63
01/22/2024 9:00,January,3.53,3.54
01/22/2024 9:05,January,0,0
01/22/2024 9:10,January,0,0
01/22/2024 9:15,January,2.39,2.4
01/22/2024 9:20,January,3.26,3.27
01/22/2024 9:25,January,3.22,3.23
01/22/2024 9:30,January,3.26,3.27
01/22/2024 9:35,January,3.47,3.49
01/22/2024 9:40,January,3.47,3.49
01/22/2024 9:45,January,3.47,3.49
01/22/2024 9:50,January,3.54,3.55
01/22/2024 9:55,January,3.7,3.72
01/22/2024 10:00,January,3.75,3.76
01/22/2024 10:05,January,3.22,3.23
01/22/2024 10:10,January,3.2,3.21
01/22/2024 10:15,January,3.2,3.21
01/22/2024 10:20,January,3.21,3.22
01/22/2024 10:25,January,3.8,3.81
01/22/2024 10:30,January,3.91,3.93
01/22/2024 10:35,January,3.91,3.93
01/22/2024 10:40,January,3.76,3.77
01/22/2024 10:45,January,3.9,3.92
01/22/2024 10:50,January,4.25,4.27
01/22/2024 10:55,January,3.78,3.79
01/22/2024 11:00,January,3.91,3.92
01/22/2024 11:05,January,3.24,3.25
01/22/2024 11:10,January,3.77,3.79
01/22/2024 11:15,January,3.77,3.78
01/22/2024 11:20,January,4.19,4.21
01/22/2024 11:25,January,4.21,4.23
01/22/2024 11:30,January,3.66,3.68
01/22/2024 11:35,January,3.78,3.79
01/22/2024 11:40,January,3.51,3.53
01/22/2024 11:45,January,3.49,3.51
01/22/2024 11:50,January,3.49,3.51
01/22/2024 11:55,January,3.53,3.55
01/22/2024 12:00,January,3.17,3.18
01/22/2024 12:05,January,0.74,0.74
01/22/2024 12:10,January,0,0
01/22/2024 12:15,January,2.51,2.53
01/22/2024 12:20,January,3.22,3.24
01/22/2024 12:25,January,3.21,3.24
01/22/2024 12:30,January,3.22,3.24
01/22/2024 12:35,January,3.47,3.49
01/22/2024 12:40,January,3.4,3.42
01/22/2024 12:45,January,3.2,3.22
01/22/2024 12:50,January,3.42,3.43
01/22/2024 12:55,January,3.47,3.49
01/22/2024 13:00,January,4.45,4.47
01/22/2024 13:05,January,3.49,3.51
01/22/2024 13:10,January,3.76,3.78
01/22/2024 13:15,January,4.45,4.47
01/22/2024 13:20,January,3.85,3.87
01/22/2024 13:25,January,5.08,5.1
01/22/2024 13:30,January,4.19,4.21
01/22/2024 13:35,January,3.68,3.68
01/22/2024 13:40,January,3.89,3.9
01/22/2024 13:45,January,3.78,3.79
01/22/2024 13:50,January,3.67,3.68
01/22/2024 13:55,January,3.78,3.79
01/22/2024 14:00,January,3.68,3.69
01/22/2024 14:05,January,3.93,3.93
01/22/2024 14:10,January,3.93,3.93
01/22/2024 14:15,January,3.93,3.93
01/22/2024 14:20,January,4.22,4.22
01/22/2024 14:25,January,4.47,4.47
01/22/2024 14:30,January,4.48,4.47
01/22/2024 14:35,January,4.28,4.28
01/22/2024 14:40,January,15.03,15.06
01/22/2024 14:45,January,5.7,5.72
01/22/2024 14:50,January,4.59,4.6
01/22/2024 14:55,January,4.51,4.52
01/22/2024 15:00,January,4.49,4.5
01/22/2024 15:05,January,3.83,3.84
01/22/2024 15:10,January,4.23,4.23
01/22/2024 15:15,January,4.51,4.51
01/22/2024 15:20,January,5.13,5.14
01/22/2024 15:25,January,5.12,5.13
01/22/2024 15:30,January,4.59,4.6
01/22/2024 15:35,January,4.51,4.52
01/22/2024 15:40,January,4.85,4.86
01/22/2024 15:45,January,4.85,4.85
01/22/2024 15:50,January,4.62,4.62
01/22/2024 15:55,January,4.85,4.85
01/22/2024 16:00,January,4.3,4.31
01/22/2024 16:05,January,4.52,4.52
01/22/2024 16:10,January,4.61,4.62
01/22/2024 16:15,January,5.07,5.08
01/22/2024 16:20,January,4.63,4.63
01/22/2024 16:25,January,5.15,5.16
01/22/2024 16:30,January,5.13,5.14
01/22/2024 16:35,January,4.63,4.64
01/22/2024 16:40,January,4.87,4.88
01/22/2024 16:45,January,4.64,4.64
01/22/2024 16:50,January,4.64,4.64
01/22/2024 16:55,January,4.64,4.65
01/22/2024 17:00,January,3.96,3.96
01/22/2024 17:05,January,0.74,0.74
01/22/2024 17:10,January,0,0
01/22/2024 17:15,January,0.74,0.74
01/22/2024 17:20,January,2.96,2.96
01/22/2024 17:25,January,3.7,3.69
01/22/2024 17:30,January,3.7,3.69
01/22/2024 17:35,January,3.94,3.93
01/22/2024 17:40,January,3.82,3.81
01/22/2024 17:45,January,3.9,3.89
01/22/2024 17:50,January,11.96,11.93
01/22/2024 17:55,January,4.58,4.57
01/22/2024 18:00,January,3.95,3.94
01/22/2024 18:05,January,5.14,5.12
01/22/2024 18:10,January,5.14,5.12
01/22/2024 18:15,January,4.49,4.48
01/22/2024 18:20,January,3.95,3.94
01/22/2024 18:25,January,3.94,3.93
01/22/2024 18:30,January,3.94,3.93
01/22/2024 18:35,January,5.67,5.65
01/22/2024 18:40,January,5.14,5.12
01/22/2024 18:45,January,5.14,5.12
01/22/2024 18:50,January,4.59,4.58
01/22/2024 18:55,January,4.59,4.58
01/22/2024 19:00,January,4.92,4.9
01/22/2024 19:05,January,5.15,5.13
01/22/2024 19:10,January,5.16,5.15
01/22/2024 19:15,January,4.94,4.93
01/22/2024 19:20,January,4.93,4.92
01/22/2024 19:25,January,4.54,4.54
01/22/2024 19:30,January,4.54,4.54
01/22/2024 19:35,January,4.63,4.64
01/22/2024 19:40,January,4.53,4.53
01/22/2024 19:45,January,4.53,4.53
01/22/2024 19:50,January,4.52,4.52
01/22/2024 19:55,January,4.52,4.52
01/22/2024 20:00,January,4.52,4.52
01/22/2024 20:05,January,15.65,15.66
01/22/2024 20:10,January,5.17,5.18
01/22/2024 20:15,January,5.16,5.16
01/22/2024 20:20,January,5.16,5.16
01/22/2024 20:25,January,4.54,4.53
01/22/2024 20:30,January,4.63,4.63
01/22/2024 20:35,January,4.34,4.34
01/22/2024 20:40,January,4.52,4.52
01/22/2024 20:45,January,3.98,3.98
01/22/2024 20:50,January,4.96,4.96
01/22/2024 20:55,January,4.63,4.63
01/22/2024 21:00,January,4.33,4.33
01/22/2024 21:05,January,29.88,29.86
01/22/2024 21:10,January,12.08,12.08
01/22/2024 21:15,January,5.19,5.19
01/22/2024 21:20,January,5.17,5.17
01/22/2024 21:25,January,4.65,4.65
01/22/2024 21:30,January,4.29,4.29
01/22/2024 21:35,January,4.55,4.55
01/22/2024 21:40,January,4.29,4.29
01/22/2024 21:45,January,4.3,4.29
01/22/2024 21:50,January,4.54,4.53
01/22/2024 21:55,January,4.53,4.53
01/22/2024 22:00,January,3.95,3.95
01/22/2024 22:05,January,5.15,5.15
01/22/2024 22:10,January,3.98,3.97
01/22/2024 22:15,January,3.98,3.98
01/22/2024 22:20,January,3.99,3.98
01/22/2024 22:25,January,3.99,3.99
01/22/2024 22:30,January,4.24,4.23
01/22/2024 22:35,January,3.99,3.98
01/22/2024 22:40,January,3.98,3.97
01/22/2024 22:45,January,3.91,3.9
01/22/2024 22:50,January,3.92,3.91
01/22/2024 22:55,January,3.61,3.6
01/22/2024 23:00,January,3.61,3.6
01/22/2024 23:05,January,4.21,4.2
01/22/2024 23:10,January,3.99,3.98
01/22/2024 23:15,January,3.76,3.75
01/22/2024 23:20,January,3.76,3.75
01/22/2024 23:25,January,3.37,3.36
01/22/2024 23:30,January,3.33,3.31
01/22/2024 23:35,January,3.3,3.29
01/22/2024 23:40,January,3.31,3.3
01/22/2024 23:45,January,3.33,3.31
01/22/2024 23:50,January,3.53,3.52
01/22/2024 23:55,January,3.4,3.39
01/23/2024 0:00,January,3.39,3.38
01/23/2024 0:05,January,3.59,3.57
01/23/2024 0:10,January,3.58,3.56
01/23/2024 0:15,January,3.54,3.53
01/23/2024 0:20,January,3.59,3.57
01/23/2024 0:25,January,3.56,3.55
01/23/2024 0:30,January,3.56,3.54
01/23/2024 0:35,January,3.55,3.54
01/23/2024 0:40,January,3.55,3.54
01/23/2024 0:45,January,3.56,3.54
01/23/2024 0:50,January,3.59,3.57
01/23/2024 0:55,January,3.54,3.52
01/23/2024 1:00,January,3.52,3.51
01/23/2024 1:05,January,3.55,3.53
01/23/2024 1:10,January,3.45,3.44
01/23/2024 1:15,January,3.54,3.52
01/23/2024 1:20,January,3.58,3.57
01/23/2024 1:25,January,3.59,3.58
01/23/2024 1:30,January,3.58,3.56
01/23/2024 1:35,January,3.6,3.58
01/23/2024 1:40,January,3.73,3.71
01/23/2024 1:45,January,3.72,3.71
01/23/2024 1:50,January,3.59,3.58
01/23/2024 1:55,January,3.59,3.58
01/23/2024 2:00,January,3.57,3.55
01/23/2024 2:05,January,3.34,3.33
01/23/2024 2:10,January,3.46,3.44
01/23/2024 2:15,January,3.51,3.49
01/23/2024 2:20,January,3.46,3.44
01/23/2024 2:25,January,3.52,3.5
01/23/2024 2:30,January,3.51,3.5
01/23/2024 2:35,January,3.47,3.46
01/23/2024 2:40,January,3.34,3.32
01/23/2024 2:45,January,3.34,3.32
01/23/2024 2:50,January,3.45,3.44
01/23/2024 2:55,January,3.35,3.34
01/23/2024 3:00,January,3.45,3.44
01/23/2024 3:05,January,3.45,3.44
01/23/2024 3:10,January,3.47,3.45
01/23/2024 3:15,January,3.45,3.44
01/23/2024 3:20,January,3.51,3.5
01/23/2024 3:25,January,3.51,3.5
01/23/2024 3:30,January,3.51,3.5
01/23/2024 3:35,January,3.51,3.5
01/23/2024 3:40,January,3.45,3.44
01/23/2024 3:45,January,3.51,3.5
01/23/2024 3:50,January,3.51,3.5
01/23/2024 3:55,January,3.51,3.5
01/23/2024 4:00,January,3.52,3.5
01/23/2024 4:05,January,3.47,3.45
01/23/2024 4:10,January,3.53,3.51
01/23/2024 4:15,January,3.53,3.51
01/23/2024 4:20,January,3.56,3.55
01/23/2024 4:25,January,3.53,3.51
01/23/2024 4:30,January,3.59,3.57
01/23/2024 4:35,January,3.58,3.57
01/23/2024 4:40,January,3.56,3.55
01/23/2024 4:45,January,3.58,3.57
01/23/2024 4:50,January,3.58,3.57
01/23/2024 4:55,January,3.58,3.57
01/23/2024 5:00,January,3.59,3.57
01/23/2024 5:05,January,3.72,3.71
01/23/2024 5:10,January,4.18,4.16
01/23/2024 5:15,January,4.18,4.16
01/23/2024 5:20,January,4.15,4.13
01/23/2024 5:25,January,3.66,3.64
01/23/2024 5:30,January,4.13,4.12
01/23/2024 5:35,January,4.14,4.12
01/23/2024 5:40,January,3.96,3.95
01/23/2024 5:45,January,4.14,4.12
01/23/2024 5:50,January,4.14,4.12
01/23/2024 5:55,January,4.17,4.16
01/23/2024 6:00,January,4.17,4.15
01/23/2024 6:05,January,3.34,3.33
01/23/2024 6:10,January,3.54,3.52
01/23/2024 6:15,January,3.54,3.53
01/23/2024 6:20,January,3.85,3.84
01/23/2024 6:25,January,4.13,4.11
01/23/2024 6:30,January,3.77,3.75
01/23/2024 6:35,January,3.5,3.49
01/23/2024 6:40,January,3.52,3.51
01/23/2024 6:45,January,3.69,3.68
01/23/2024 6:50,January,3.73,3.71
01/23/2024 6:55,January,3.55,3.54
01/23/2024 7:00,January,3.54,3.52
01/23/2024 7:05,January,2.42,2.41
01/23/2024 7:10,January,0.74,0.74
01/23/2024 7:15,January,3.34,3.33
01/23/2024 7:20,January,3.48,3.47
01/23/2024 7:25,January,3.55,3.54
01/23/2024 7:30,January,3.54,3.54
01/23/2024 7:35,January,3.55,3.55
01/23/2024 7:40,January,3.55,3.54
01/23/2024 7:45,January,3.55,3.55
01/23/2024 7:50,January,3.55,3.55
01/23/2024 7:55,January,4.18,4.17
01/23/2024 8:00,January,5.83,5.83
01/23/2024 8:05,January,3.53,3.52
01/23/2024 8:10,January,3.53,3.52
01/23/2024 8:15,January,4.43,4.42
01/23/2024 8:20,January,3.83,3.83
01/23/2024 8:25,January,3.88,3.88
01/23/2024 8:30,January,3.52,3.51
01/23/2024 8:35,January,3.51,3.51
01/23/2024 8:40,January,3.57,3.57
01/23/2024 8:45,January,3.47,3.47
01/23/2024 8:50,January,3.64,3.64
01/23/2024 8:55,January,3.5,3.5
01/23/2024 9:00,January,3.5,3.5
01/23/2024 9:05,January,0,0
01/23/2024 9:10,January,0,0
01/23/2024 9:15,January,0,0
01/23/2024 9:20,January,2.52,2.53
01/23/2024 9:25,January,3.57,3.58
01/23/2024 9:30,January,3.54,3.55
01/23/2024 9:35,January,4.45,4.46
01/23/2024 9:40,January,3.62,3.63
01/23/2024 9:45,January,4.27,4.27
01/23/2024 9:50,January,3.55,3.55
01/23/2024 9:55,January,4.16,4.15
01/23/2024 10:00,January,3.49,3.5
01/23/2024 10:05,January,3.7,3.71
01/23/2024 10:10,January,3.72,3.72
01/23/2024 10:15,January,3.72,3.72
01/23/2024 10:20,January,3.94,3.94
01/23/2024 10:25,January,4.16,4.16
01/23/2024 10:30,January,4.54,4.54
01/23/2024 10:35,January,4.48,4.48
01/23/2024 10:40,January,4.48,4.48
01/23/2024 10:45,January,5.67,5.67
01/23/2024 10:50,January,4.58,4.58
01/23/2024 10:55,January,4.58,4.59
01/23/2024 11:00,January,4.44,4.46
01/23/2024 11:05,January,3.45,3.46
01/23/2024 11:10,January,3.67,3.68
01/23/2024 11:15,January,4.17,4.18
01/23/2024 11:20,January,4.44,4.46
01/23/2024 11:25,January,4.44,4.46
01/23/2024 11:30,January,4.43,4.46
01/23/2024 11:35,January,4.46,4.48
01/23/2024 11:40,January,4.43,4.46
01/23/2024 11:45,January,4.43,4.46
01/23/2024 11:50,January,3.43,3.45
01/23/2024 11:55,January,3.61,3.63
01/23/2024 12:00,January,3.46,3.48
01/23/2024 12:05,January,0,0
01/23/2024 12:10,January,2.59,2.6
01/23/2024 12:15,January,3.5,3.52
01/23/2024 12:20,January,3.5,3.51
01/23/2024 12:25,January,3.55,3.57
01/23/2024 12:30,January,4.18,4.2
01/23/2024 12:35,January,3.5,3.51
01/23/2024 12:40,January,4.17,4.19
01/23/2024 12:45,January,4.45,4.47
01/23/2024 12:50,January,4.74,4.77
01/23/2024 12:55,January,4.53,4.56
01/23/2024 13:00,January,4.46,4.49
01/23/2024 13:05,January,3.78,3.8
01/23/2024 13:10,January,4.42,4.45
01/23/2024 13:15,January,4.22,4.24
01/23/2024 13:20,January,4.52,4.55
01/23/2024 13:25,January,3.91,3.94
01/23/2024 13:30,January,5.62,5.66
01/23/2024 13:35,January,4.36,4.37
01/23/2024 13:40,January,4.45,4.46
01/23/2024 13:45,January,5.09,5.1
01/23/2024 13:50,January,4.55,4.57
01/23/2024 13:55,January,4.56,4.57
01/23/2024 14:00,January,4.56,4.57
01/23/2024 14:05,January,5.69,5.7
01/23/2024 14:10,January,5.22,5.22
01/23/2024 14:15,January,4.57,4.58
01/23/2024 14:20,January,4.87,4.88
01/23/2024 14:25,January,4.58,4.59
01/23/2024 14:30,January,4.59,4.59
01/23/2024 14:35,January,4.58,4.59
01/23/2024 14:40,January,5.67,5.68
01/23/2024 14:45,January,4.91,4.92
01/23/2024 14:50,January,4.91,4.92
01/23/2024 14:55,January,4.92,4.93
01/23/2024 15:00,January,4.61,4.62
01/23/2024 15:05,January,4.62,4.63
01/23/2024 15:10,January,4.61,4.62
01/23/2024 15:15,January,5.12,5.13
01/23/2024 15:20,January,4.62,4.64
01/23/2024 15:25,January,4.63,4.64
01/23/2024 15:30,January,4.63,4.64
01/23/2024 15:35,January,4.75,4.76
01/23/2024 15:40,January,5.34,5.35
01/23/2024 15:45,January,5.34,5.35
01/23/2024 15:50,January,5.34,5.35
01/23/2024 15:55,January,5.14,5.15
01/23/2024 16:00,January,4.64,4.65
01/23/2024 16:05,January,4.31,4.31
01/23/2024 16:10,January,4.64,4.65
01/23/2024 16:15,January,4.77,4.77
01/23/2024 16:20,January,4.92,4.92
01/23/2024 16:25,January,4.64,4.65
01/23/2024 16:30,January,5.35,5.35
01/23/2024 16:35,January,4.8,4.81
01/23/2024 16:40,January,4.91,4.92
01/23/2024 16:45,January,5.72,5.73
01/23/2024 16:50,January,4.58,4.59
01/23/2024 16:55,January,4.02,4.03
01/23/2024 17:00,January,3.8,3.8
01/23/2024 17:05,January,4.65,4.66
01/23/2024 17:10,January,3.54,3.54
01/23/2024 17:15,January,3.98,3.98
01/23/2024 17:20,January,4.54,4.54
01/23/2024 17:25,January,4.64,4.65
01/23/2024 17:30,January,4.36,4.37
01/23/2024 17:35,January,4.63,4.64
01/23/2024 17:40,January,5.47,5.48
01/23/2024 17:45,January,12.53,12.59
01/23/2024 17:50,January,5.77,5.78
01/23/2024 17:55,January,5.75,5.76
01/23/2024 18:00,January,5.77,5.78
01/23/2024 18:05,January,5.76,5.77
01/23/2024 18:10,January,5.17,5.18
01/23/2024 18:15,January,5.48,5.49
01/23/2024 18:20,January,5.48,5.49
01/23/2024 18:25,January,5.49,5.5
01/23/2024 18:30,January,5.17,5.18
01/23/2024 18:35,January,5.76,5.77
01/23/2024 18:40,January,5.5,5.51
01/23/2024 18:45,January,5.22,5.23
01/23/2024 18:50,January,4.66,4.66
01/23/2024 18:55,January,4.07,4.08
01/23/2024 19:00,January,3.73,3.73
01/23/2024 19:05,January,4.31,4.31
01/23/2024 19:10,January,4.53,4.53
01/23/2024 19:15,January,4.23,4.23
01/23/2024 19:20,January,4.53,4.53
01/23/2024 19:25,January,4.52,4.53
01/23/2024 19:30,January,4.62,4.63
01/23/2024 19:35,January,4.27,4.28
01/23/2024 19:40,January,4.51,4.52
01/23/2024 19:45,January,4.51,4.52
01/23/2024 19:50,January,3.87,3.87
01/23/2024 19:55,January,3.97,3.98
01/23/2024 20:00,January,3.86,3.87
01/23/2024 20:05,January,5.16,5.17
01/23/2024 20:10,January,4.31,4.32
01/23/2024 20:15,January,4.12,4.12
01/23/2024 20:20,January,4.24,4.25
01/23/2024 20:25,January,4.25,4.26
01/23/2024 20:30,January,3.55,3.56
01/23/2024 20:35,January,3.96,3.96
01/23/2024 20:40,January,3.98,3.98
01/23/2024 20:45,January,3.98,3.98
01/23/2024 20:50,January,3.98,3.98
01/23/2024 20:55,January,3.98,3.99
01/23/2024 21:00,January,3.97,3.97
01/23/2024 21:05,January,4.6,4.61
01/23/2024 21:10,January,4.11,4.12
01/23/2024 21:15,January,4.29,4.3
01/23/2024 21:20,January,4.28,4.29
01/23/2024 21:25,January,4.28,4.28
01/23/2024 21:30,January,4.24,4.24
01/23/2024 21:35,January,3.98,3.98
01/23/2024 21:40,January,4.13,4.13
01/23/2024 21:45,January,3.97,3.98
01/23/2024 21:50,January,4.13,4.13
01/23/2024 21:55,January,3.98,3.98
01/23/2024 22:00,January,3.97,3.97
01/23/2024 22:05,January,5.15,5.15
01/23/2024 22:10,January,3.7,3.7
01/23/2024 22:15,January,3.76,3.76
01/23/2024 22:20,January,3.7,3.7
01/23/2024 22:25,January,3.76,3.75
01/23/2024 22:30,January,3.61,3.61
01/23/2024 22:35,January,3.76,3.75
01/23/2024 22:40,January,3.72,3.72
01/23/2024 22:45,January,4.15,4.14
01/23/2024 22:50,January,3.56,3.55
01/23/2024 22:55,January,3.56,3.55
01/23/2024 23:00,January,3.32,3.31
01/23/2024 23:05,January,24.69,24.65
01/23/2024 23:10,January,4.57,4.56
01/23/2024 23:15,January,4.5,4.49
01/23/2024 23:20,January,4.16,4.15
01/23/2024 23:25,January,3.79,3.77
01/23/2024 23:30,January,3.78,3.77
01/23/2024 23:35,January,3.75,3.74
01/23/2024 23:40,January,3.55,3.54
01/23/2024 23:45,January,3.74,3.73
01/23/2024 23:50,January,3.75,3.74
01/23/2024 23:55,January,3.63,3.62
01/24/2024 0:00,January,3.73,3.72
01/24/2024 0:05,January,5.19,5.17
01/24/2024 0:10,January,4.13,4.12
01/24/2024 0:15,January,3.74,3.72
01/24/2024 0:20,January,3.2,3.19
01/24/2024 0:25,January,3.38,3.37
01/24/2024 0:30,January,3.38,3.37
01/24/2024 0:35,January,3.45,3.44
01/24/2024 0:40,January,3.52,3.51
01/24/2024 0:45,January,3.52,3.5
01/24/2024 0:50,January,3.45,3.44
01/24/2024 0:55,January,3.57,3.56
01/24/2024 1:00,January,3.45,3.43
01/24/2024 1:05,January,3.33,3.32
01/24/2024 1:10,January,3.45,3.44
01/24/2024 1:15,January,3.45,3.44
01/24/2024 1:20,January,3.45,3.44
01/24/2024 1:25,January,3.3,3.29
01/24/2024 1:30,January,3.34,3.33
01/24/2024 1:35,January,3.34,3.33
01/24/2024 1:40,January,3.35,3.34
01/24/2024 1:45,January,3.34,3.33
01/24/2024 1:50,January,3.34,3.33
01/24/2024 1:55,January,3.34,3.33
01/24/2024 2:00,January,3.17,3.16
01/24/2024 2:05,January,3.02,3.02
01/24/2024 2:10,January,3.23,3.22
01/24/2024 2:15,January,2.99,2.99
01/24/2024 2:20,January,3.02,3.02
01/24/2024 2:25,January,3,3
01/24/2024 2:30,January,3.02,3.02
01/24/2024 2:35,January,3.02,3.02
01/24/2024 2:40,January,2.69,2.69
01/24/2024 2:45,January,2.98,2.98
01/24/2024 2:50,January,2.98,2.97
01/24/2024 2:55,January,2.91,2.91
01/24/2024 3:00,January,2.54,2.54
01/24/2024 3:05,January,2.73,2.73
01/24/2024 3:10,January,2.88,2.87
01/24/2024 3:15,January,3.22,3.22
01/24/2024 3:20,January,3.02,3.01
01/24/2024 3:25,January,2.5,2.5
01/24/2024 3:30,January,2.54,2.54
01/24/2024 3:35,January,2.71,2.71
01/24/2024 3:40,January,2.7,2.69
01/24/2024 3:45,January,3.23,3.22
01/24/2024 3:50,January,3.01,3.01
01/24/2024 3:55,January,2.95,2.94
01/24/2024 4:00,January,3.01,3.01
01/24/2024 4:05,January,2.96,2.96
01/24/2024 4:10,January,3.74,3.73
01/24/2024 4:15,January,3.51,3.5
01/24/2024 4:20,January,3.31,3.31
01/24/2024 4:25,January,3.68,3.67
01/24/2024 4:30,January,3.31,3.31
01/24/2024 4:35,January,3.33,3.33
01/24/2024 4:40,January,3.01,3.01
01/24/2024 4:45,January,3.31,3.3
01/24/2024 4:50,January,3.23,3.22
01/24/2024 4:55,January,3.3,3.3
01/24/2024 5:00,January,3.31,3.3
01/24/2024 5:05,January,3.33,3.33
01/24/2024 5:10,January,3.32,3.31
01/24/2024 5:15,January,3.58,3.57
01/24/2024 5:20,January,3.57,3.56
01/24/2024 5:25,January,3.51,3.5
01/24/2024 5:30,January,3.53,3.52
01/24/2024 5:35,January,3.51,3.5
01/24/2024 5:40,January,3.49,3.48
01/24/2024 5:45,January,3.34,3.33
01/24/2024 5:50,January,3.44,3.43
01/24/2024 5:55,January,4.16,4.15
01/24/2024 6:00,January,3.59,3.58
01/24/2024 6:05,January,3.12,3.11
01/24/2024 6:10,January,3.44,3.43
01/24/2024 6:15,January,3.27,3.26
01/24/2024 6:20,January,3.27,3.26
01/24/2024 6:25,January,3.35,3.34
01/24/2024 6:30,January,3.32,3.31
01/24/2024 6:35,January,3.35,3.34
01/24/2024 6:40,January,3.25,3.24
01/24/2024 6:45,January,3.32,3.31
01/24/2024 6:50,January,3.32,3.31
01/24/2024 6:55,January,3.32,3.31
01/24/2024 7:00,January,3.32,3.31
01/24/2024 7:05,January,0,0
01/24/2024 7:10,January,2.66,2.66
01/24/2024 7:15,January,3.1,3.09
01/24/2024 7:20,January,3.31,3.3
01/24/2024 7:25,January,4.22,4.21
01/24/2024 7:30,January,3.86,3.86
01/24/2024 7:35,January,3.51,3.51
01/24/2024 7:40,January,3.65,3.65
01/24/2024 7:45,January,3.63,3.63
01/24/2024 7:50,January,4.28,4.28
01/24/2024 7:55,January,5.16,5.17
01/24/2024 8:00,January,4.54,4.54
01/24/2024 8:05,January,4.41,4.4
01/24/2024 8:10,January,4.45,4.44
01/24/2024 8:15,January,4.45,4.44
01/24/2024 8:20,January,4.45,4.44
01/24/2024 8:25,January,4.54,4.54
01/24/2024 8:30,January,4.56,4.56
01/24/2024 8:35,January,4.54,4.54
01/24/2024 8:40,January,4.44,4.45
01/24/2024 8:45,January,4.44,4.44
01/24/2024 8:50,January,4.57,4.57
01/24/2024 8:55,January,4.43,4.43
01/24/2024 9:00,January,4.51,4.52
01/24/2024 9:05,January,3.56,3.57
01/24/2024 9:10,January,3.98,4
01/24/2024 9:15,January,3.5,3.51
01/24/2024 9:20,January,4.13,4.14
01/24/2024 9:25,January,3.98,3.99
01/24/2024 9:30,January,3.9,3.91
01/24/2024 9:35,January,4.11,4.12
01/24/2024 9:40,January,11.98,12
01/24/2024 9:45,January,5.87,5.88
01/24/2024 9:50,January,4.73,4.75
01/24/2024 9:55,January,4.89,4.92
01/24/2024 10:00,January,5.68,5.71
01/24/2024 10:05,January,4.56,4.57
01/24/2024 10:10,January,4.11,4.13
01/24/2024 10:15,January,4.54,4.56
01/24/2024 10:20,January,4.44,4.46
01/24/2024 10:25,January,4.44,4.46
01/24/2024 10:30,January,4.54,4.56
01/24/2024 10:35,January,4.53,4.55
01/24/2024 10:40,January,4.53,4.56
01/24/2024 10:45,January,4.54,4.56
01/24/2024 10:50,January,4.53,4.55
01/24/2024 10:55,January,4.37,4.4
01/24/2024 11:00,January,4.43,4.46
01/24/2024 11:05,January,3.45,3.47
01/24/2024 11:10,January,4.37,4.39
01/24/2024 11:15,January,2.51,2.53
01/24/2024 11:20,January,3.55,3.55
01/24/2024 11:25,January,3.28,3.28
01/24/2024 11:30,January,3.28,3.28
01/24/2024 11:35,January,3.75,3.75
01/24/2024 11:40,January,4.43,4.46
01/24/2024 11:45,January,3.65,3.68
01/24/2024 11:50,January,3.64,3.66
01/24/2024 11:55,January,3.89,3.92
01/24/2024 12:00,January,0.76,0.76
01/24/2024 12:05,January,0,0
01/24/2024 12:10,January,0,0
01/24/2024 12:15,January,2.34,2.34
01/24/2024 12:20,January,3.03,3.03
01/24/2024 12:25,January,2.6,2.6
01/24/2024 12:30,January,2.54,2.54
01/24/2024 12:35,January,4.31,4.31
01/24/2024 12:40,January,2.54,2.54
01/24/2024 12:45,January,2.54,2.54
01/24/2024 12:50,January,3.03,3.03
01/24/2024 12:55,January,3.03,3.03
01/24/2024 13:00,January,4.2,4.2
01/24/2024 13:05,January,3.59,3.62
01/24/2024 13:10,January,2.92,2.95
01/24/2024 13:15,January,4.38,4.41
01/24/2024 13:20,January,3.68,3.71
01/24/2024 13:25,January,4.19,4.22
01/24/2024 13:30,January,3.77,3.8
01/24/2024 13:35,January,4.39,4.42
01/24/2024 13:40,January,4.39,4.42
01/24/2024 13:45,January,4.38,4.42
01/24/2024 13:50,January,3.68,3.71
01/24/2024 13:55,January,4.26,4.29
01/24/2024 14:00,January,4.26,4.29
01/24/2024 14:05,January,4.38,4.41
01/24/2024 14:10,January,4.38,4.41
01/24/2024 14:15,January,4.24,4.4
01/24/2024 14:20,January,4.31,4.41
01/24/2024 14:25,January,4.37,4.51
01/24/2024 14:30,January,4.43,4.56
01/24/2024 14:35,January,4.43,4.56
01/24/2024 14:40,January,5.01,5.06
01/24/2024 14:45,January,4.99,5.04
01/24/2024 14:50,January,4.83,4.9
01/24/2024 14:55,January,4.45,4.58
01/24/2024 15:00,January,4.75,4.75
01/24/2024 15:05,January,4.45,4.48
01/24/2024 15:10,January,4.45,4.49
01/24/2024 15:15,January,4.45,4.49
01/24/2024 15:20,January,4.44,4.57
01/24/2024 15:25,January,4.41,4.54
01/24/2024 15:30,January,4.59,4.59
01/24/2024 15:35,January,4.86,4.9
01/24/2024 15:40,January,4.55,4.58
01/24/2024 15:45,January,4.55,4.58
01/24/2024 15:50,January,4.55,4.58
01/24/2024 15:55,January,5.01,5.06
01/24/2024 16:00,January,4.99,5.02
01/24/2024 16:05,January,5,5.03
01/24/2024 16:10,January,4.69,4.76
01/24/2024 16:15,January,4.58,4.6
01/24/2024 16:20,January,4.59,4.61
01/24/2024 16:25,January,4.95,4.97
01/24/2024 16:30,January,4.95,4.97
01/24/2024 16:35,January,4.96,4.97
01/24/2024 16:40,January,4.62,4.62
01/24/2024 16:45,January,4.6,4.6
01/24/2024 16:50,January,4.61,4.62
01/24/2024 16:55,January,4.61,4.62
01/24/2024 17:00,January,4.51,4.51
01/24/2024 17:05,January,4.5,4.5
01/24/2024 17:10,January,3.73,3.73
01/24/2024 17:15,January,4.42,4.42
01/24/2024 17:20,January,4.49,4.49
01/24/2024 17:25,January,4.49,4.49
01/24/2024 17:30,January,4.49,4.49
01/24/2024 17:35,January,5.12,5.12
01/24/2024 17:40,January,4.6,4.59
01/24/2024 17:45,January,5.46,5.46
01/24/2024 17:50,January,5.47,5.46
01/24/2024 17:55,January,5.69,5.69
01/24/2024 18:00,January,5.47,5.47
01/24/2024 18:05,January,4.49,4.49
01/24/2024 18:10,January,5.68,5.67
01/24/2024 18:15,January,4.63,4.62
01/24/2024 18:20,January,5.13,5.12
01/24/2024 18:25,January,4.88,4.87
01/24/2024 18:30,January,4.62,4.61
01/24/2024 18:35,January,5.13,5.12
01/24/2024 18:40,January,4.63,4.62
01/24/2024 18:45,January,4.5,4.49
01/24/2024 18:50,January,4.62,4.61
01/24/2024 18:55,January,4.63,4.61
01/24/2024 19:00,January,3.72,3.71
01/24/2024 19:05,January,4.51,4.5
01/24/2024 19:10,January,4.51,4.5
01/24/2024 19:15,January,4.62,4.61
01/24/2024 19:20,January,4.51,4.5
01/24/2024 19:25,January,4.51,4.5
01/24/2024 19:30,January,4.46,4.45
01/24/2024 19:35,January,4.44,4.43
01/24/2024 19:40,January,3.75,3.74
01/24/2024 19:45,January,4.28,4.26
01/24/2024 19:50,January,4.27,4.26
01/24/2024 19:55,January,3.75,3.74
01/24/2024 20:00,January,3.74,3.73
01/24/2024 20:05,January,4.52,4.51
01/24/2024 20:10,January,4.52,4.51
01/24/2024 20:15,January,4.51,4.5
01/24/2024 20:20,January,4.51,4.5
01/24/2024 20:25,January,4.45,4.44
01/24/2024 20:30,January,4.27,4.26
01/24/2024 20:35,January,3.13,3.12
01/24/2024 20:40,January,3.13,3.12
01/24/2024 20:45,January,3.51,3.5
01/24/2024 20:50,January,3.52,3.51
01/24/2024 20:55,January,3.11,3.1
01/24/2024 21:00,January,3.11,3.1
01/24/2024 21:05,January,4.52,4.51
01/24/2024 21:10,January,3.51,3.5
01/24/2024 21:15,January,3.52,3.51
01/24/2024 21:20,January,3.52,3.51
01/24/2024 21:25,January,3,3
01/24/2024 21:30,January,3.52,3.52
01/24/2024 21:35,January,3.52,3.52
01/24/2024 21:40,January,3.52,3.52
01/24/2024 21:45,January,3.1,3.09
01/24/2024 21:50,January,3,3
01/24/2024 21:55,January,3,3
01/24/2024 22:00,January,3,2.99
01/24/2024 22:05,January,3.8,3.79
01/24/2024 22:10,January,3.29,3.28
01/24/2024 22:15,January,3.29,3.28
01/24/2024 22:20,January,3.13,3.13
01/24/2024 22:25,January,3.27,3.27
01/24/2024 22:30,January,3.51,3.51
01/24/2024 22:35,January,3.6,3.6
01/24/2024 22:40,January,3.48,3.47
01/24/2024 22:45,January,3,2.99
01/24/2024 22:50,January,3.29,3.29
01/24/2024 22:55,January,3.51,3.51
01/24/2024 23:00,January,3.29,3.28
01/24/2024 23:05,January,5.06,5.05
01/24/2024 23:10,January,4.51,4.5
01/24/2024 23:15,January,4.22,4.21
01/24/2024 23:20,January,3.56,3.55
01/24/2024 23:25,January,3.53,3.53
01/24/2024 23:30,January,3.29,3.29
01/24/2024 23:35,January,3.29,3.28
01/24/2024 23:40,January,3.29,3.29
01/24/2024 23:45,January,3.51,3.51
01/24/2024 23:50,January,3.54,3.54
01/24/2024 23:55,January,3.62,3.61
01/25/2024 0:00,January,3.29,3.28
01/25/2024 0:05,January,4.53,4.52
01/25/2024 0:10,January,4.18,4.17
01/25/2024 0:15,January,4.49,4.48
01/25/2024 0:20,January,3.84,3.83
01/25/2024 0:25,January,3.75,3.74
01/25/2024 0:30,January,3.74,3.73
01/25/2024 0:35,January,2.55,2.54
01/25/2024 0:40,January,3.04,3.03
01/25/2024 0:45,January,3.03,3.02
01/25/2024 0:50,January,3.53,3.52
01/25/2024 0:55,January,3.53,3.51
01/25/2024 1:00,January,3.31,3.3
01/25/2024 1:05,January,3.45,3.44
01/25/2024 1:10,January,3.51,3.5
01/25/2024 1:15,January,3.73,3.72
01/25/2024 1:20,January,3.51,3.5
01/25/2024 1:25,January,3.46,3.45
01/25/2024 1:30,January,3.32,3.31
01/25/2024 1:35,January,3.32,3.31
01/25/2024 1:40,January,3.28,3.27
01/25/2024 1:45,January,3.28,3.28
01/25/2024 1:50,January,3.15,3.15
01/25/2024 1:55,January,3.18,3.18
01/25/2024 2:00,January,3.02,3.01
01/25/2024 2:05,January,2.5,2.49
01/25/2024 2:10,January,2.5,2.5
01/25/2024 2:15,January,2.54,2.53
01/25/2024 2:20,January,2.93,2.93
01/25/2024 2:25,January,2.94,2.93
01/25/2024 2:30,January,3.01,3
01/25/2024 2:35,January,2.94,2.94
01/25/2024 2:40,January,2.74,2.74
01/25/2024 2:45,January,2.76,2.75
01/25/2024 2:50,January,2.51,2.51
01/25/2024 2:55,January,2.59,2.59
01/25/2024 3:00,January,2.92,2.92
01/25/2024 3:05,January,2.84,2.84
01/25/2024 3:10,January,2.54,2.53
01/25/2024 3:15,January,2.71,2.71
01/25/2024 3:20,January,2.72,2.72
01/25/2024 3:25,January,2.79,2.79
01/25/2024 3:30,January,2.74,2.74
01/25/2024 3:35,January,2.73,2.73
01/25/2024 3:40,January,2.69,2.69
01/25/2024 3:45,January,2.23,2.23
01/25/2024 3:50,January,2.52,2.52
01/25/2024 3:55,January,2.53,2.53
01/25/2024 4:00,January,2.53,2.53
01/25/2024 4:05,January,2.7,2.7
01/25/2024 4:10,January,3,3
01/25/2024 4:15,January,2.92,2.92
01/25/2024 4:20,January,3,3
01/25/2024 4:25,January,2.92,2.92
01/25/2024 4:30,January,2.93,2.93
01/25/2024 4:35,January,2.93,2.93
01/25/2024 4:40,January,3,3
01/25/2024 4:45,January,3,3
01/25/2024 4:50,January,3,2.99
01/25/2024 4:55,January,2.93,2.93
01/25/2024 5:00,January,2.93,2.92
01/25/2024 5:05,January,3,2.99
01/25/2024 5:10,January,3,3
01/25/2024 5:15,January,3.31,3.31
01/25/2024 5:20,January,3.31,3.31
01/25/2024 5:25,January,3.24,3.23
01/25/2024 5:30,January,3.52,3.51
01/25/2024 5:35,January,3.51,3.51
01/25/2024 5:40,January,3.31,3.3
01/25/2024 5:45,January,3.52,3.51
01/25/2024 5:50,January,2.95,2.95
01/25/2024 5:55,January,3.25,3.25
01/25/2024 6:00,January,3.73,3.72
01/25/2024 6:05,January,3,3
01/25/2024 6:10,January,3.26,3.25
01/25/2024 6:15,January,3,2.99
01/25/2024 6:20,January,3,3
01/25/2024 6:25,January,3.07,3.06
01/25/2024 6:30,January,3,2.99
01/25/2024 6:35,January,2.96,2.95
01/25/2024 6:40,January,2.75,2.75
01/25/2024 6:45,January,2.94,2.94
01/25/2024 6:50,January,2.95,2.94
01/25/2024 6:55,January,2.94,2.93
01/25/2024 7:00,January,3,2.99
01/25/2024 7:05,January,3.31,3.3
01/25/2024 7:10,January,3,2.99
01/25/2024 7:15,January,3,2.99
01/25/2024 7:20,January,2.99,2.99
01/25/2024 7:25,January,3.29,3.29
01/25/2024 7:30,January,3.29,3.29
01/25/2024 7:35,January,3.29,3.29
01/25/2024 7:40,January,3.28,3.28
01/25/2024 7:45,January,3.28,3.28
01/25/2024 7:50,January,3.12,3.13
01/25/2024 7:55,January,3.51,3.51
01/25/2024 8:00,January,4.5,4.51
01/25/2024 8:05,January,3.11,3.11
01/25/2024 8:10,January,5.06,5.05
01/25/2024 8:15,January,5.03,5.03
01/25/2024 8:20,January,4.23,4.23
01/25/2024 8:25,January,3.74,3.73
01/25/2024 8:30,January,3.73,3.73
01/25/2024 8:35,January,3.49,3.49
01/25/2024 8:40,January,3.52,3.51
01/25/2024 8:45,January,3.48,3.47
01/25/2024 8:50,January,3.9,3.9
01/25/2024 8:55,January,3.69,3.69
01/25/2024 9:00,January,3.72,3.72
01/25/2024 9:05,January,0,0
01/25/2024 9:10,January,1.72,1.73
01/25/2024 9:15,January,2.94,2.95
01/25/2024 9:20,January,3.25,3.26
01/25/2024 9:25,January,3.95,3.96
01/25/2024 9:30,January,2.95,2.96
01/25/2024 9:35,January,3.25,3.26
01/25/2024 9:40,January,3.25,3.26
01/25/2024 9:45,January,3.32,3.34
01/25/2024 9:50,January,3.72,3.73
01/25/2024 9:55,January,3.25,3.26
01/25/2024 10:00,January,3.46,3.48
01/25/2024 10:05,January,2.98,2.99
01/25/2024 10:10,January,2.93,2.94
01/25/2024 10:15,January,3.49,3.51
01/25/2024 10:20,January,3.83,3.85
01/25/2024 10:25,January,3.88,3.91
01/25/2024 10:30,January,3.83,3.85
01/25/2024 10:35,January,3.9,3.92
01/25/2024 10:40,January,4.4,4.43
01/25/2024 10:45,January,4.25,4.41
01/25/2024 10:50,January,3.95,4.11
01/25/2024 10:55,January,3.86,3.91
01/25/2024 11:00,January,3.86,3.9
01/25/2024 11:05,January,4.4,4.43
01/25/2024 11:10,January,4.44,4.47
01/25/2024 11:15,January,4.07,4.1
01/25/2024 11:20,January,4.4,4.43
01/25/2024 11:25,January,4.43,4.46
01/25/2024 11:30,January,4.07,4.1
01/25/2024 11:35,January,4.28,4.31
01/25/2024 11:40,January,4.08,4.1
01/25/2024 11:45,January,4.26,4.43
01/25/2024 11:50,January,3.82,3.85
01/25/2024 11:55,January,3.71,3.71
01/25/2024 12:00,January,0.76,0.76
01/25/2024 12:05,January,0,0
01/25/2024 12:10,January,0,0
01/25/2024 12:15,January,2.54,2.54
01/25/2024 12:20,January,3.03,3.03
01/25/2024 12:25,January,2.96,2.96
01/25/2024 12:30,January,3.67,3.67
01/25/2024 12:35,January,4.76,4.76
01/25/2024 12:40,January,4.76,4.76
01/25/2024 12:45,January,4.57,4.57
01/25/2024 12:50,January,4.66,4.66
01/25/2024 12:55,January,5.23,5.23
01/25/2024 13:00,January,4.57,4.57
01/25/2024 13:05,January,3.58,3.58
01/25/2024 13:10,January,4.1,4.1
01/25/2024 13:15,January,3.7,4.02
01/25/2024 13:20,January,3.54,3.9
01/25/2024 13:25,January,3.55,3.9
01/25/2024 13:30,January,4.39,4.43
01/25/2024 13:35,January,3.76,3.79
01/25/2024 13:40,January,4.26,4.3
01/25/2024 13:45,January,4.4,4.43
01/25/2024 13:50,January,2.13,2.14
01/25/2024 13:55,January,2.83,2.85
01/25/2024 14:00,January,2.6,2.61
01/25/2024 14:05,January,2.62,2.64
01/25/2024 14:10,January,2.57,2.58
01/25/2024 14:15,January,3.37,3.39
01/25/2024 14:20,January,4.4,4.42
01/25/2024 14:25,January,3.64,3.66
01/25/2024 14:30,January,3.12,3.14
01/25/2024 14:35,January,3.12,3.13
01/25/2024 14:40,January,4.26,4.28
01/25/2024 14:45,January,3.5,3.52
01/25/2024 14:50,January,2.81,2.82
01/25/2024 14:55,January,2.13,2.14
01/25/2024 15:00,January,0.97,0.98
01/25/2024 15:05,January,2.08,2.09
01/25/2024 15:10,January,2.92,2.93
01/25/2024 15:15,January,3.45,3.46
01/25/2024 15:20,January,3.66,3.67
01/25/2024 15:25,January,2.93,2.94
01/25/2024 15:30,January,3.59,3.61
01/25/2024 15:35,January,2.93,2.94
01/25/2024 15:40,January,3.51,3.52
01/25/2024 15:45,January,3.56,3.57
01/25/2024 15:50,January,3.63,3.64
01/25/2024 15:55,January,3.52,3.53
01/25/2024 16:00,January,3.14,3.15
01/25/2024 16:05,January,3.93,3.94
01/25/2024 16:10,January,4.45,4.46
01/25/2024 16:15,January,4.19,4.2
01/25/2024 16:20,January,4.45,4.46
01/25/2024 16:25,January,3.94,3.95
01/25/2024 16:30,January,4.12,4.12
01/25/2024 16:35,January,4.29,4.3
01/25/2024 16:40,January,3.95,3.95
01/25/2024 16:45,January,3.94,3.95
01/25/2024 16:50,January,2.96,2.97
01/25/2024 16:55,January,3.94,3.94
01/25/2024 17:00,January,2.97,2.97
01/25/2024 17:05,January,3.61,3.61
01/25/2024 17:10,January,2.98,2.97
01/25/2024 17:15,January,2.54,2.54
01/25/2024 17:20,January,3.17,3.17
01/25/2024 17:25,January,2.97,2.97
01/25/2024 17:30,January,3.17,3.17
01/25/2024 17:35,January,3.17,3.16
01/25/2024 17:40,January,3.59,3.59
01/25/2024 17:45,January,4.49,4.49
01/25/2024 17:50,January,4.48,4.49
01/25/2024 17:55,January,4.59,4.59
01/25/2024 18:00,January,4.49,4.49
01/25/2024 18:05,January,17.09,17.14
01/25/2024 18:10,January,5.72,5.73
01/25/2024 18:15,January,4.6,4.61
01/25/2024 18:20,January,4.18,4.19
01/25/2024 18:25,January,4.5,4.51
01/25/2024 18:30,January,4.4,4.41
01/25/2024 18:35,January,4.5,4.51
01/25/2024 18:40,January,4.49,4.5
01/25/2024 18:45,January,3.48,3.49
01/25/2024 18:50,January,3.72,3.73
01/25/2024 18:55,January,3.56,3.56
01/25/2024 19:00,January,3.47,3.48
01/25/2024 19:05,January,3.48,3.49
01/25/2024 19:10,January,3.49,3.49
01/25/2024 19:15,January,3.62,3.62
01/25/2024 19:20,January,3.65,3.65
01/25/2024 19:25,January,3.73,3.72
01/25/2024 19:30,January,3.49,3.49
01/25/2024 19:35,January,3.63,3.62
01/25/2024 19:40,January,4.11,4.11
01/25/2024 19:45,January,3.72,3.71
01/25/2024 19:50,January,3.74,3.73
01/25/2024 19:55,January,2.57,2.57
01/25/2024 20:00,January,2.12,2.12
01/25/2024 20:05,January,3.47,3.47
01/25/2024 20:10,January,3.48,3.47
01/25/2024 20:15,January,3.49,3.48
01/25/2024 20:20,January,3.55,3.55
01/25/2024 20:25,January,3.55,3.55
01/25/2024 20:30,January,3.49,3.48
01/25/2024 20:35,January,2.99,2.99
01/25/2024 20:40,January,2.99,2.99
01/25/2024 20:45,January,3.48,3.48
01/25/2024 20:50,January,3.18,3.17
01/25/2024 20:55,January,2.99,2.99
01/25/2024 21:00,January,2.99,2.98
01/25/2024 21:05,January,3.67,3.66
01/25/2024 21:10,January,2.99,2.99
01/25/2024 21:15,January,3.49,3.49
01/25/2024 21:20,January,3.48,3.47
01/25/2024 21:25,January,3.17,3.16
01/25/2024 21:30,January,3.17,3.16
01/25/2024 21:35,January,3.48,3.47
01/25/2024 21:40,January,3,2.99
01/25/2024 21:45,January,3.02,3.02
01/25/2024 21:50,January,3.28,3.27
01/25/2024 21:55,January,2.18,2.18
01/25/2024 22:00,January,2.18,2.18
01/25/2024 22:05,January,3.46,3.46
01/25/2024 22:10,January,3.27,3.26
01/25/2024 22:15,January,2.55,2.54
01/25/2024 22:20,January,2.68,2.67
01/25/2024 22:25,January,2.68,2.68
01/25/2024 22:30,January,3.29,3.28
01/25/2024 22:35,January,2.82,2.81
01/25/2024 22:40,January,2.43,2.43
01/25/2024 22:45,January,2.54,2.54
01/25/2024 22:50,January,2.54,2.54
01/25/2024 22:55,January,2.79,2.78
01/25/2024 23:00,January,2.54,2.54
01/25/2024 23:05,January,4.5,4.49
01/25/2024 23:10,January,3.5,3.49
01/25/2024 23:15,January,3.3,3.29
01/25/2024 23:20,January,2.97,2.96
01/25/2024 23:25,January,3.23,3.23
01/25/2024 23:30,January,0,0
01/25/2024 23:35,January,0.99,0.99
01/25/2024 23:40,January,2.19,2.19
01/25/2024 23:45,January,2.54,2.54
01/25/2024 23:50,January,2.41,2.4
01/25/2024 23:55,January,2.52,2.51
01/26/2024 0:00,January,2.41,2.41
