Date and Time,Billing Month,BOTOLAN,OLONGAPO
2/26/2024 0:05,March,2.4,2.39
2/26/2024 0:10,March,3.18,3.17
2/26/2024 0:15,March,4.51,4.5
2/26/2024 0:20,March,3.69,3.67
2/26/2024 0:25,March,3.68,3.67
2/26/2024 0:30,March,4.5,4.49
2/26/2024 0:35,March,2.85,2.84
2/26/2024 0:40,March,3.18,3.17
2/26/2024 0:45,March,3.68,3.66
2/26/2024 0:50,March,3.67,3.66
2/26/2024 0:55,March,3.68,3.67
2/26/2024 1:00,March,3.03,3.02
2/26/2024 1:05,March,3.49,3.48
2/26/2024 1:10,March,3.67,3.66
2/26/2024 1:15,March,3.67,3.66
2/26/2024 1:20,March,3.49,3.48
2/26/2024 1:25,March,3.49,3.48
2/26/2024 1:30,March,3.67,3.65
2/26/2024 1:35,March,3.51,3.49
2/26/2024 1:40,March,3.51,3.49
2/26/2024 1:45,March,3.67,3.66
2/26/2024 1:50,March,3.49,3.48
2/26/2024 1:55,March,2.87,2.86
2/26/2024 2:00,March,3.36,3.35
2/26/2024 2:05,March,3.5,3.49
2/26/2024 2:10,March,3.59,3.58
2/26/2024 2:15,March,3.36,3.35
2/26/2024 2:20,March,3.51,3.49
2/26/2024 2:25,March,3.51,3.49
2/26/2024 2:30,March,3.04,3.02
2/26/2024 2:35,March,3.35,3.34
2/26/2024 2:40,March,3.04,3.03
2/26/2024 2:45,March,2.44,2.43
2/26/2024 2:50,March,2.45,2.44
2/26/2024 2:55,March,2.44,2.43
2/26/2024 3:00,March,2.46,2.45
2/26/2024 3:05,March,3.36,3.35
2/26/2024 3:10,March,3.37,3.36
2/26/2024 3:15,March,2.85,2.84
2/26/2024 3:20,March,3.36,3.35
2/26/2024 3:25,March,2.85,2.84
2/26/2024 3:30,March,2.85,2.84
2/26/2024 3:35,March,2.85,2.84
2/26/2024 3:40,March,2.85,2.85
2/26/2024 3:45,March,2.85,2.85
2/26/2024 3:50,March,2.47,2.46
2/26/2024 3:55,March,2.85,2.84
2/26/2024 4:00,March,2.85,2.84
2/26/2024 4:05,March,3.36,3.35
2/26/2024 4:10,March,3.59,3.58
2/26/2024 4:15,March,3.36,3.35
2/26/2024 4:20,March,4.48,4.47
2/26/2024 4:25,March,3.74,3.73
2/26/2024 4:30,March,3.37,3.36
2/26/2024 4:35,March,3.74,3.73
2/26/2024 4:40,March,3.67,3.66
2/26/2024 4:45,March,3.67,3.66
2/26/2024 4:50,March,3.67,3.66
2/26/2024 4:55,March,3.67,3.66
2/26/2024 5:00,March,3.67,3.65
2/26/2024 5:05,March,3.15,3.13
2/26/2024 5:10,March,3.86,3.85
2/26/2024 5:15,March,3.67,3.66
2/26/2024 5:20,March,3.78,3.77
2/26/2024 5:25,March,3.67,3.65
2/26/2024 5:30,March,3.48,3.47
2/26/2024 5:35,March,3.64,3.63
2/26/2024 5:40,March,3.66,3.65
2/26/2024 5:45,March,3.66,3.65
2/26/2024 5:50,March,3.64,3.63
2/26/2024 5:55,March,3.67,3.65
2/26/2024 6:00,March,3.68,3.66
2/26/2024 6:05,March,4.6,4.59
2/26/2024 6:10,March,4.84,4.82
2/26/2024 6:15,March,3.79,3.78
2/26/2024 6:20,March,3.77,3.76
2/26/2024 6:25,March,3.77,3.76
2/26/2024 6:30,March,4.49,4.47
2/26/2024 6:35,March,4.07,4.06
2/26/2024 6:40,March,3.58,3.57
2/26/2024 6:45,March,3.05,3.04
2/26/2024 6:50,March,3.18,3.17
2/26/2024 6:55,March,2.84,2.83
2/26/2024 7:00,March,3.35,3.34
2/26/2024 7:05,March,0,0
2/26/2024 7:10,March,0,0
2/26/2024 7:15,March,0,0
2/26/2024 7:20,March,2.86,2.86
2/26/2024 7:25,March,2.83,2.82
2/26/2024 7:30,March,2.86,2.85
2/26/2024 7:35,March,3.35,3.35
2/26/2024 7:40,March,3.62,3.62
2/26/2024 7:45,March,4.8,4.8
2/26/2024 7:50,March,4.79,4.79
2/26/2024 7:55,March,4.89,4.9
2/26/2024 8:00,March,4.56,4.57
2/26/2024 8:05,March,2.83,2.82
2/26/2024 8:10,March,3.63,3.63
2/26/2024 8:15,March,3.63,3.63
2/26/2024 8:20,March,4.94,4.94
2/26/2024 8:25,March,4.69,4.69
2/26/2024 8:30,March,4.68,4.69
2/26/2024 8:35,March,3.63,3.63
2/26/2024 8:40,March,3.53,3.54
2/26/2024 8:45,March,3.52,3.53
2/26/2024 8:50,March,3.62,3.63
2/26/2024 8:55,March,4.02,4.03
2/26/2024 9:00,March,3.64,3.65
2/26/2024 9:05,March,0,0
2/26/2024 9:10,March,2.28,2.29
2/26/2024 9:15,March,2.84,2.85
2/26/2024 9:20,March,3.29,3.3
2/26/2024 9:25,March,3.58,3.6
2/26/2024 9:30,March,3.26,3.28
2/26/2024 9:35,March,3.52,3.54
2/26/2024 9:40,March,3.74,3.76
2/26/2024 9:45,March,3.71,3.74
2/26/2024 9:50,March,3.62,3.65
2/26/2024 9:55,March,3.66,3.68
2/26/2024 10:00,March,3.66,3.68
2/26/2024 10:05,March,2.84,2.86
2/26/2024 10:10,March,3.35,3.37
2/26/2024 10:15,March,3.61,3.64
2/26/2024 10:20,March,4.83,4.87
2/26/2024 10:25,March,3.68,3.68
2/26/2024 10:30,March,3.68,3.68
2/26/2024 10:35,March,4.58,4.58
2/26/2024 10:40,March,3.67,3.67
2/26/2024 10:45,March,3.68,3.68
2/26/2024 10:50,March,3.55,3.55
2/26/2024 10:55,March,3.6,3.6
2/26/2024 11:00,March,3.57,3.57
2/26/2024 11:05,March,3.03,3.03
2/26/2024 11:10,March,3.59,3.62
2/26/2024 11:15,March,3.34,3.37
2/26/2024 11:20,March,3.34,3.37
2/26/2024 11:25,March,3.34,3.37
2/26/2024 11:30,March,3.55,3.58
2/26/2024 11:35,March,3.36,3.39
2/26/2024 11:40,March,3.33,3.35
2/26/2024 11:45,March,2.77,2.79
2/26/2024 11:50,March,2.77,2.79
2/26/2024 11:55,March,2.77,2.79
2/26/2024 12:00,March,0,0
2/26/2024 12:05,March,0,0
2/26/2024 12:10,March,3.12,3.14
2/26/2024 12:15,March,2.77,2.78
2/26/2024 12:20,March,3.34,3.36
2/26/2024 12:25,March,3.15,3.17
2/26/2024 12:30,March,3.14,3.16
2/26/2024 12:35,March,3.33,3.36
2/26/2024 12:40,March,3.43,3.45
2/26/2024 12:45,March,3.48,3.5
2/26/2024 12:50,March,3.46,3.48
2/26/2024 12:55,March,3.61,3.63
2/26/2024 13:00,March,3.64,3.67
2/26/2024 13:05,March,3.61,3.63
2/26/2024 13:10,March,4.84,4.87
2/26/2024 13:15,March,4.6,4.63
2/26/2024 13:20,March,4.84,4.87
2/26/2024 13:25,March,4.59,4.62
2/26/2024 13:30,March,4.59,4.62
2/26/2024 13:35,March,4.85,4.85
2/26/2024 13:40,March,4.27,4.27
2/26/2024 13:45,March,4.01,4.26
2/26/2024 13:50,March,4.86,4.86
2/26/2024 13:55,March,4.22,4.22
2/26/2024 14:00,March,4.08,4.08
2/26/2024 14:05,March,4.08,4.08
2/26/2024 14:10,March,4.86,4.86
2/26/2024 14:15,March,4.87,4.87
2/26/2024 14:20,March,4.87,4.87
2/26/2024 14:25,March,6.12,6.12
2/26/2024 14:30,March,4.86,4.86
2/26/2024 14:35,March,4.3,4.3
2/26/2024 14:40,March,4.87,4.87
2/26/2024 14:45,March,4.87,4.87
2/26/2024 14:50,March,4.28,4.28
2/26/2024 14:55,March,4.66,4.66
2/26/2024 15:00,March,4.08,4.08
2/26/2024 15:05,March,4.28,4.28
2/26/2024 15:10,March,4.28,4.28
2/26/2024 15:15,March,4.87,4.87
2/26/2024 15:20,March,4.87,4.87
2/26/2024 15:25,March,4.87,4.87
2/26/2024 15:30,March,4.87,4.87
2/26/2024 15:35,March,4.87,4.87
2/26/2024 15:40,March,4.87,4.87
2/26/2024 15:45,March,4.59,4.59
2/26/2024 15:50,March,4.87,4.87
2/26/2024 15:55,March,4.59,4.59
2/26/2024 16:00,March,4.08,4.08
2/26/2024 16:05,March,4.86,4.86
2/26/2024 16:10,March,4.08,4.08
2/26/2024 16:15,March,3.83,3.83
2/26/2024 16:20,March,4.86,4.86
2/26/2024 16:25,March,4.28,4.28
2/26/2024 16:30,March,4.87,4.87
2/26/2024 16:35,March,4.98,4.98
2/26/2024 16:40,March,4.96,4.97
2/26/2024 16:45,March,4.96,4.97
2/26/2024 16:50,March,3.94,3.95
2/26/2024 16:55,March,3.95,3.95
2/26/2024 17:00,March,3.95,3.95
2/26/2024 17:05,March,3.71,3.71
2/26/2024 17:10,March,3.96,3.96
2/26/2024 17:15,March,4.85,4.85
2/26/2024 17:20,March,4.84,4.84
2/26/2024 17:25,March,4.93,4.93
2/26/2024 17:30,March,4.86,4.86
2/26/2024 17:35,March,4.74,4.74
2/26/2024 17:40,March,4.84,4.84
2/26/2024 17:45,March,4.84,4.84
2/26/2024 17:50,March,4.95,4.95
2/26/2024 17:55,March,4.95,4.95
2/26/2024 18:00,March,4.95,4.95
2/26/2024 18:05,March,3.96,3.96
2/26/2024 18:10,March,4.48,4.48
2/26/2024 18:15,March,4.94,4.94
2/26/2024 18:20,March,8.14,8.14
2/26/2024 18:25,March,7.99,7.98
2/26/2024 18:30,March,4.97,4.96
2/26/2024 18:35,March,4.98,4.98
2/26/2024 18:40,March,4.9,4.9
2/26/2024 18:45,March,4.96,4.95
2/26/2024 18:50,March,4.79,4.78
2/26/2024 18:55,March,4.78,4.78
2/26/2024 19:00,March,4.63,4.62
2/26/2024 19:05,March,4.95,4.95
2/26/2024 19:10,March,4.78,4.78
2/26/2024 19:15,March,4.78,4.78
2/26/2024 19:20,March,4.77,4.76
2/26/2024 19:25,March,4.78,4.78
2/26/2024 19:30,March,4.76,4.75
2/26/2024 19:35,March,4.76,4.75
2/26/2024 19:40,March,4.63,4.62
2/26/2024 19:45,March,4.75,4.74
2/26/2024 19:50,March,4.98,4.97
2/26/2024 19:55,March,4.77,4.76
2/26/2024 20:00,March,4.77,4.76
2/26/2024 20:05,March,12.56,12.54
2/26/2024 20:10,March,4.96,4.95
2/26/2024 20:15,March,4.78,4.77
2/26/2024 20:20,March,4.9,4.89
2/26/2024 20:25,March,4.89,4.89
2/26/2024 20:30,March,4.76,4.75
2/26/2024 20:35,March,4.76,4.75
2/26/2024 20:40,March,4.76,4.75
2/26/2024 20:45,March,4.76,4.75
2/26/2024 20:50,March,4.76,4.75
2/26/2024 20:55,March,4.65,4.64
2/26/2024 21:00,March,4.65,4.64
2/26/2024 21:05,March,13.28,13.25
2/26/2024 21:10,March,4.98,4.97
2/26/2024 21:15,March,4.77,4.76
2/26/2024 21:20,March,4.76,4.75
2/26/2024 21:25,March,4.76,4.75
2/26/2024 21:30,March,4.66,4.65
2/26/2024 21:35,March,4.76,4.75
2/26/2024 21:40,March,4.66,4.65
2/26/2024 21:45,March,4.66,4.65
2/26/2024 21:50,March,4.66,4.65
2/26/2024 21:55,March,3.78,3.77
2/26/2024 22:00,March,3.97,3.97
2/26/2024 22:05,March,18.32,18.31
2/26/2024 22:10,March,4.99,4.98
2/26/2024 22:15,March,4.88,4.87
2/26/2024 22:20,March,4.74,4.74
2/26/2024 22:25,March,4.88,4.87
2/26/2024 22:30,March,4.76,4.74
2/26/2024 22:35,March,4.75,4.74
2/26/2024 22:40,March,4.76,4.74
2/26/2024 22:45,March,4.76,4.75
2/26/2024 22:50,March,4.76,4.75
2/26/2024 22:55,March,4.76,4.75
2/26/2024 23:00,March,3.64,3.63
2/26/2024 23:05,March,4.75,4.74
2/26/2024 23:10,March,4.99,4.98
2/26/2024 23:15,March,4.75,4.74
2/26/2024 23:20,March,4.75,4.74
2/26/2024 23:25,March,4.66,4.65
2/26/2024 23:30,March,4.66,4.65
2/26/2024 23:35,March,4.63,4.62
2/26/2024 23:40,March,4.64,4.63
2/26/2024 23:45,March,4.62,4.62
2/26/2024 23:50,March,4.72,4.71
2/26/2024 23:55,March,4.72,4.71
2/27/2024 0:00,March,2.43,2.42
2/27/2024 0:05,March,3.64,3.63
2/27/2024 0:10,March,4.45,4.44
2/27/2024 0:15,March,4.46,4.45
2/27/2024 0:20,March,4.47,4.46
2/27/2024 0:25,March,3.06,3.05
2/27/2024 0:30,March,3.49,3.48
2/27/2024 0:35,March,3.68,3.67
2/27/2024 0:40,March,3.49,3.48
2/27/2024 0:45,March,3.49,3.48
2/27/2024 0:50,March,4.01,4
2/27/2024 0:55,March,3.69,3.68
2/27/2024 1:00,March,3.69,3.68
2/27/2024 1:05,March,3.07,3.06
2/27/2024 1:10,March,3.68,3.67
2/27/2024 1:15,March,3.67,3.66
2/27/2024 1:20,March,3.07,3.06
2/27/2024 1:25,March,3.37,3.35
2/27/2024 1:30,March,3.07,3.06
2/27/2024 1:35,March,3.1,3.09
2/27/2024 1:40,March,3.08,3.06
2/27/2024 1:45,March,3.36,3.35
2/27/2024 1:50,March,3.44,3.42
2/27/2024 1:55,March,3.44,3.42
2/27/2024 2:00,March,3.44,3.42
2/27/2024 2:05,March,3.43,3.42
2/27/2024 2:10,March,3.36,3.35
2/27/2024 2:15,March,3.75,3.73
2/27/2024 2:20,March,3.44,3.42
2/27/2024 2:25,March,3.48,3.47
2/27/2024 2:30,March,3.44,3.42
2/27/2024 2:35,March,3.44,3.42
2/27/2024 2:40,March,3.36,3.34
2/27/2024 2:45,March,3.36,3.35
2/27/2024 2:50,March,3.36,3.35
2/27/2024 2:55,March,3.36,3.35
2/27/2024 3:00,March,3.37,3.36
2/27/2024 3:05,March,4.07,4.06
2/27/2024 3:10,March,3.44,3.42
2/27/2024 3:15,March,3.37,3.36
2/27/2024 3:20,March,3.43,3.42
2/27/2024 3:25,March,3.36,3.35
2/27/2024 3:30,March,3.37,3.36
2/27/2024 3:35,March,3.37,3.36
2/27/2024 3:40,March,3.36,3.35
2/27/2024 3:45,March,3.36,3.35
2/27/2024 3:50,March,3.36,3.35
2/27/2024 3:55,March,3.36,3.35
2/27/2024 4:00,March,3.36,3.35
2/27/2024 4:05,March,4.48,4.47
2/27/2024 4:10,March,4.08,4.07
2/27/2024 4:15,March,4.09,4.08
2/27/2024 4:20,March,4.08,4.07
2/27/2024 4:25,March,4.09,4.08
2/27/2024 4:30,March,4.09,4.08
2/27/2024 4:35,March,4.19,4.18
2/27/2024 4:40,March,4.08,4.07
2/27/2024 4:45,March,4.08,4.07
2/27/2024 4:50,March,4.08,4.07
2/27/2024 4:55,March,3.93,3.92
2/27/2024 5:00,March,3.93,3.92
2/27/2024 5:05,March,3.05,3.03
2/27/2024 5:10,March,4.08,4.06
2/27/2024 5:15,March,3.93,3.91
2/27/2024 5:20,March,3.93,3.92
2/27/2024 5:25,March,4.07,4.06
2/27/2024 5:30,March,4.07,4.06
2/27/2024 5:35,March,4.08,4.06
2/27/2024 5:40,March,4.08,4.07
2/27/2024 5:45,March,4.09,4.07
2/27/2024 5:50,March,4.08,4.07
2/27/2024 5:55,March,4.09,4.08
2/27/2024 6:00,March,4.09,4.08
2/27/2024 6:05,March,4.09,4.08
2/27/2024 6:10,March,4.62,4.61
2/27/2024 6:15,March,4.49,4.48
2/27/2024 6:20,March,4.11,4.1
2/27/2024 6:25,March,4.09,4.08
2/27/2024 6:30,March,4,3.98
2/27/2024 6:35,March,3.78,3.77
2/27/2024 6:40,March,3.63,3.62
2/27/2024 6:45,March,2.85,2.84
2/27/2024 6:50,March,3.48,3.47
2/27/2024 6:55,March,3.5,3.49
2/27/2024 7:00,March,3.35,3.34
2/27/2024 7:05,March,0,0
2/27/2024 7:10,March,0,0
2/27/2024 7:15,March,0.71,0.71
2/27/2024 7:20,March,2.84,2.83
2/27/2024 7:25,March,3.03,3.02
2/27/2024 7:30,March,3.34,3.33
2/27/2024 7:35,March,4.96,4.95
2/27/2024 7:40,March,4.37,4.36
2/27/2024 7:45,March,3.78,3.78
2/27/2024 7:50,March,3.57,3.57
2/27/2024 7:55,March,4.06,4.06
2/27/2024 8:00,March,4.69,4.69
2/27/2024 8:05,March,2.83,2.83
2/27/2024 8:10,March,3.62,3.62
2/27/2024 8:15,March,3.62,3.62
2/27/2024 8:20,March,3.97,3.97
2/27/2024 8:25,March,3.97,3.97
2/27/2024 8:30,March,4.93,4.93
2/27/2024 8:35,March,4.91,4.92
2/27/2024 8:40,March,4.56,4.57
2/27/2024 8:45,March,4.56,4.57
2/27/2024 8:50,March,4.55,4.56
2/27/2024 8:55,March,3.94,3.96
2/27/2024 9:00,March,4.56,4.57
2/27/2024 9:05,March,1.12,1.12
2/27/2024 9:10,March,3.19,3.2
2/27/2024 9:15,March,3.61,3.63
2/27/2024 9:20,March,3.34,3.36
2/27/2024 9:25,March,3.65,3.67
2/27/2024 9:30,March,4.63,4.65
2/27/2024 9:35,March,4.15,4.17
2/27/2024 9:40,March,4.53,4.55
2/27/2024 9:45,March,4.15,4.18
2/27/2024 9:50,March,3.92,3.94
2/27/2024 9:55,March,4.15,4.17
2/27/2024 10:00,March,3.65,3.67
2/27/2024 10:05,March,2.28,2.29
2/27/2024 10:10,March,3.33,3.35
2/27/2024 10:15,March,3.55,3.56
2/27/2024 10:20,March,3.63,3.65
2/27/2024 10:25,March,4.62,4.64
2/27/2024 10:30,March,4.52,4.55
2/27/2024 10:35,March,3.65,3.67
2/27/2024 10:40,March,3.64,3.67
2/27/2024 10:45,March,3.64,3.66
2/27/2024 10:50,March,3.61,3.63
2/27/2024 10:55,March,3.61,3.63
2/27/2024 11:00,March,3.63,3.65
2/27/2024 11:05,March,3.52,3.54
2/27/2024 11:10,March,3.57,3.59
2/27/2024 11:15,March,3.6,3.63
2/27/2024 11:20,March,3.61,3.63
2/27/2024 11:25,March,3.61,3.63
2/27/2024 11:30,March,2.93,2.95
2/27/2024 11:35,March,3.27,3.28
2/27/2024 11:40,March,3.15,3.17
2/27/2024 11:45,March,3.27,3.29
2/27/2024 11:50,March,3.52,3.54
2/27/2024 11:55,March,2.97,2.98
2/27/2024 12:00,March,2.97,2.98
2/27/2024 12:05,March,1.13,1.14
2/27/2024 12:10,March,2.97,2.98
2/27/2024 12:15,March,3.11,3.12
2/27/2024 12:20,March,3.17,3.18
2/27/2024 12:25,March,2.88,2.9
2/27/2024 12:30,March,3.1,3.11
2/27/2024 12:35,March,3.24,3.26
2/27/2024 12:40,March,3.2,3.21
2/27/2024 12:45,March,3.32,3.34
2/27/2024 12:50,March,3.32,3.34
2/27/2024 12:55,March,3.6,3.61
2/27/2024 13:00,March,3.49,3.51
2/27/2024 13:05,March,4.21,4.24
2/27/2024 13:10,March,3.6,3.62
2/27/2024 13:15,March,4.21,4.24
2/27/2024 13:20,March,4.25,4.27
2/27/2024 13:25,March,4.52,4.55
2/27/2024 13:30,March,3.89,3.92
2/27/2024 13:35,March,3.89,3.91
2/27/2024 13:40,March,4.22,4.25
2/27/2024 13:45,March,3.99,4.01
2/27/2024 13:50,March,3.66,3.68
2/27/2024 13:55,March,3.66,3.68
2/27/2024 14:00,March,3.64,3.67
2/27/2024 14:05,March,3.33,3.35
2/27/2024 14:10,March,3.62,3.64
2/27/2024 14:15,March,3.44,3.53
2/27/2024 14:20,March,3.9,3.92
2/27/2024 14:25,March,4.43,4.46
2/27/2024 14:30,March,4.23,4.25
2/27/2024 14:35,March,3.67,3.69
2/27/2024 14:40,March,3.9,3.92
2/27/2024 14:45,March,3.91,3.93
2/27/2024 14:50,March,4.19,4.21
2/27/2024 14:55,March,3.63,3.64
2/27/2024 15:00,March,3.63,3.64
2/27/2024 15:05,March,3.91,3.93
2/27/2024 15:10,March,3.92,3.93
2/27/2024 15:15,March,4.36,4.37
2/27/2024 15:20,March,4.49,4.5
2/27/2024 15:25,March,4.65,4.67
2/27/2024 15:30,March,4.65,4.67
2/27/2024 15:35,March,4.66,4.67
2/27/2024 15:40,March,4.79,4.81
2/27/2024 15:45,March,4.67,4.68
2/27/2024 15:50,March,4.67,4.68
2/27/2024 15:55,March,4.89,4.91
2/27/2024 16:00,March,4.68,4.69
2/27/2024 16:05,March,4.68,4.69
2/27/2024 16:10,March,3.94,3.95
2/27/2024 16:15,March,4.28,4.29
2/27/2024 16:20,March,4.28,4.29
2/27/2024 16:25,March,4.28,4.29
2/27/2024 16:30,March,4.91,4.92
2/27/2024 16:35,March,4.68,4.69
2/27/2024 16:40,March,4.69,4.69
2/27/2024 16:45,March,4.69,4.69
2/27/2024 16:50,March,4.69,4.69
2/27/2024 16:55,March,4.46,4.46
2/27/2024 17:00,March,3.69,3.69
2/27/2024 17:05,March,3.46,3.46
2/27/2024 17:10,March,3.51,3.51
2/27/2024 17:15,March,3.69,3.69
2/27/2024 17:20,March,3.69,3.69
2/27/2024 17:25,March,3.69,3.69
2/27/2024 17:30,March,3.97,3.97
2/27/2024 17:35,March,3.97,3.97
2/27/2024 17:40,March,4.3,4.3
2/27/2024 17:45,March,4.71,4.71
2/27/2024 17:50,March,4.93,4.93
2/27/2024 17:55,March,4.94,4.94
2/27/2024 18:00,March,4.91,4.9
2/27/2024 18:05,March,4.72,4.72
2/27/2024 18:10,March,4.82,4.81
2/27/2024 18:15,March,4.95,4.94
2/27/2024 18:20,March,5.08,5.07
2/27/2024 18:25,March,5.08,5.08
2/27/2024 18:30,March,4.97,4.97
2/27/2024 18:35,March,4.98,4.97
2/27/2024 18:40,March,4.91,4.9
2/27/2024 18:45,March,4.81,4.8
2/27/2024 18:50,March,4.81,4.8
2/27/2024 18:55,March,4.8,4.79
2/27/2024 19:00,March,4.76,4.75
2/27/2024 19:05,March,4.98,4.97
2/27/2024 19:10,March,4.95,4.94
2/27/2024 19:15,March,4.82,4.82
2/27/2024 19:20,March,4.98,4.97
2/27/2024 19:25,March,4.96,4.96
2/27/2024 19:30,March,4.96,4.95
2/27/2024 19:35,March,4.95,4.95
2/27/2024 19:40,March,4.95,4.94
2/27/2024 19:45,March,4.95,4.94
2/27/2024 19:50,March,4.76,4.75
2/27/2024 19:55,March,4.91,4.9
2/27/2024 20:00,March,4.76,4.75
2/27/2024 20:05,March,11.42,11.4
2/27/2024 20:10,March,8.75,8.73
2/27/2024 20:15,March,4.96,4.96
2/27/2024 20:20,March,4.97,4.97
2/27/2024 20:25,March,4.97,4.96
2/27/2024 20:30,March,4.97,4.96
2/27/2024 20:35,March,4.96,4.95
2/27/2024 20:40,March,4.96,4.95
2/27/2024 20:45,March,4.98,4.97
2/27/2024 20:50,March,4.95,4.94
2/27/2024 20:55,March,4.76,4.75
2/27/2024 21:00,March,4.34,4.33
2/27/2024 21:05,March,11.89,11.88
2/27/2024 21:10,March,11.38,11.36
2/27/2024 21:15,March,5.02,5.01
2/27/2024 21:20,March,4.98,4.97
2/27/2024 21:25,March,4.98,4.97
2/27/2024 21:30,March,4.9,4.89
2/27/2024 21:35,March,4.77,4.76
2/27/2024 21:40,March,4.66,4.65
2/27/2024 21:45,March,4.66,4.65
2/27/2024 21:50,March,4.66,4.65
2/27/2024 21:55,March,4.76,4.75
2/27/2024 22:00,March,4.55,4.54
2/27/2024 22:05,March,11.37,11.35
2/27/2024 22:10,March,4.99,4.98
2/27/2024 22:15,March,4.96,4.95
2/27/2024 22:20,March,4.96,4.95
2/27/2024 22:25,March,4.74,4.73
2/27/2024 22:30,March,4.66,4.65
2/27/2024 22:35,March,4.47,4.47
2/27/2024 22:40,March,4.55,4.54
2/27/2024 22:45,March,4.55,4.54
2/27/2024 22:50,March,4.47,4.47
2/27/2024 22:55,March,4.47,4.47
2/27/2024 23:00,March,3.99,3.98
2/27/2024 23:05,March,3.41,3.4
2/27/2024 23:10,March,3.69,3.68
2/27/2024 23:15,March,3.93,3.92
2/27/2024 23:20,March,4,3.99
2/27/2024 23:25,March,3.92,3.92
2/27/2024 23:30,March,3.49,3.48
2/27/2024 23:35,March,3.06,3.05
2/27/2024 23:40,March,3.06,3.05
2/27/2024 23:45,March,3.06,3.05
2/27/2024 23:50,March,3.06,3.05
2/27/2024 23:55,March,3.37,3.36
2/28/2024 0:00,March,3.38,3.36
2/28/2024 0:05,March,4.73,4.72
2/28/2024 0:10,March,4.51,4.49
2/28/2024 0:15,March,4.65,4.63
2/28/2024 0:20,March,4.62,4.6
2/28/2024 0:25,March,4.64,4.63
2/28/2024 0:30,March,4.61,4.59
2/28/2024 0:35,March,4.64,4.63
2/28/2024 0:40,March,2.41,2.41
2/28/2024 0:45,March,2.47,2.46
2/28/2024 0:50,March,3.6,3.59
2/28/2024 0:55,March,3.6,3.59
2/28/2024 1:00,March,3.6,3.59
2/28/2024 1:05,March,4.09,4.08
2/28/2024 1:10,March,4.09,4.08
2/28/2024 1:15,March,4.1,4.09
2/28/2024 1:20,March,4.08,4.07
2/28/2024 1:25,March,4.08,4.07
2/28/2024 1:30,March,4.08,4.07
2/28/2024 1:35,March,4.08,4.06
2/28/2024 1:40,March,3.78,3.76
2/28/2024 1:45,March,4.08,4.06
2/28/2024 1:50,March,3.88,3.87
2/28/2024 1:55,March,3.78,3.76
2/28/2024 2:00,March,3.37,3.36
2/28/2024 2:05,March,3.48,3.47
2/28/2024 2:10,March,3.48,3.47
2/28/2024 2:15,March,3.49,3.48
2/28/2024 2:20,March,3.49,3.47
2/28/2024 2:25,March,3.6,3.59
2/28/2024 2:30,March,3.86,3.84
2/28/2024 2:35,March,3.6,3.59
2/28/2024 2:40,March,3.6,3.59
2/28/2024 2:45,March,3.51,3.49
2/28/2024 2:50,March,3.6,3.59
2/28/2024 2:55,March,3.49,3.48
2/28/2024 3:00,March,3.6,3.59
2/28/2024 3:05,March,3.9,3.89
2/28/2024 3:10,March,3.51,3.49
2/28/2024 3:15,March,3.51,3.49
2/28/2024 3:20,March,3.51,3.49
2/28/2024 3:25,March,3.49,3.48
2/28/2024 3:30,March,3.49,3.47
2/28/2024 3:35,March,3.43,3.41
2/28/2024 3:40,March,3.49,3.47
2/28/2024 3:45,March,3.48,3.47
2/28/2024 3:50,March,3.49,3.47
2/28/2024 3:55,March,3.49,3.47
2/28/2024 4:00,March,3.49,3.47
2/28/2024 4:05,March,3.6,3.59
2/28/2024 4:10,March,3.6,3.59
2/28/2024 4:15,March,3.74,3.73
2/28/2024 4:20,March,3.6,3.59
2/28/2024 4:25,March,4.07,4.05
2/28/2024 4:30,March,3.74,3.73
2/28/2024 4:35,March,4.07,4.06
2/28/2024 4:40,March,4.07,4.05
2/28/2024 4:45,March,3.75,3.73
2/28/2024 4:50,March,4.62,4.61
2/28/2024 4:55,March,4.08,4.06
2/28/2024 5:00,March,4.08,4.06
2/28/2024 5:05,March,4.72,4.71
2/28/2024 5:10,March,4.62,4.61
2/28/2024 5:15,March,4.64,4.62
2/28/2024 5:20,March,4.62,4.61
2/28/2024 5:25,March,4.71,4.69
2/28/2024 5:30,March,4.62,4.61
2/28/2024 5:35,March,4.72,4.7
2/28/2024 5:40,March,4.62,4.61
2/28/2024 5:45,March,4.63,4.61
2/28/2024 5:50,March,4.71,4.69
2/28/2024 5:55,March,4.71,4.69
2/28/2024 6:00,March,4.79,4.78
2/28/2024 6:05,March,3.26,3.25
2/28/2024 6:10,March,4.42,4.4
2/28/2024 6:15,March,4.63,4.61
2/28/2024 6:20,March,4.49,4.48
2/28/2024 6:25,March,4.73,4.72
2/28/2024 6:30,March,4.49,4.48
2/28/2024 6:35,March,3.63,3.62
2/28/2024 6:40,March,3.91,3.9
2/28/2024 6:45,March,0,0
2/28/2024 6:50,March,0.17,0.17
2/28/2024 6:55,March,3.04,3.03
2/28/2024 7:00,March,3.04,3.03
2/28/2024 7:05,March,0,0
2/28/2024 7:10,March,0.71,0.71
2/28/2024 7:15,March,2.77,2.76
2/28/2024 7:20,March,3.03,3.02
2/28/2024 7:25,March,3.22,3.21
2/28/2024 7:30,March,3.23,3.23
2/28/2024 7:35,March,3.89,3.88
2/28/2024 7:40,March,3.57,3.57
2/28/2024 7:45,March,3.57,3.57
2/28/2024 7:50,March,4.08,4.08
2/28/2024 7:55,March,3.95,3.95
2/28/2024 8:00,March,3.97,3.98
2/28/2024 8:05,March,0.18,0.18
2/28/2024 8:10,March,3.49,3.49
2/28/2024 8:15,March,3.62,3.62
2/28/2024 8:20,March,4.07,4.07
2/28/2024 8:25,March,3.96,3.97
2/28/2024 8:30,March,4.45,4.45
2/28/2024 8:35,March,3.96,3.97
2/28/2024 8:40,March,4.06,4.07
2/28/2024 8:45,March,3.95,3.96
2/28/2024 8:50,March,4.05,4.06
2/28/2024 8:55,March,4.44,4.45
2/28/2024 9:00,March,4.05,4.06
2/28/2024 9:05,March,0,0
2/28/2024 9:10,March,3.34,3.35
2/28/2024 9:15,March,3.93,3.95
2/28/2024 9:20,March,3.35,3.37
2/28/2024 9:25,March,4.63,4.65
2/28/2024 9:30,March,3.92,3.94
2/28/2024 9:35,March,3.92,3.94
2/28/2024 9:40,March,4.02,4.05
2/28/2024 9:45,March,4,4.02
2/28/2024 9:50,March,3.99,4.02
2/28/2024 9:55,March,4.47,4.5
2/28/2024 10:00,March,4.29,4.32
2/28/2024 10:05,March,0,0
2/28/2024 10:10,March,3.57,3.6
2/28/2024 10:15,March,3.66,3.68
2/28/2024 10:20,March,3.84,3.86
2/28/2024 10:25,March,3.92,3.94
2/28/2024 10:30,March,3.99,4.01
2/28/2024 10:35,March,3.86,3.88
2/28/2024 10:40,March,3.92,3.94
2/28/2024 10:45,March,4.02,4.04
2/28/2024 10:50,March,3.91,3.94
2/28/2024 10:55,March,3.71,3.74
2/28/2024 11:00,March,4.02,4.05
2/28/2024 11:05,March,3.61,3.63
2/28/2024 11:10,March,3.85,3.87
2/28/2024 11:15,March,3.85,3.88
2/28/2024 11:20,March,3.86,3.88
2/28/2024 11:25,March,3.85,3.87
2/28/2024 11:30,March,3.66,3.69
2/28/2024 11:35,March,3.58,3.6
2/28/2024 11:40,March,3.04,3.06
2/28/2024 11:45,March,3.44,3.46
2/28/2024 11:50,March,3.44,3.46
2/28/2024 11:55,March,2.9,2.91
2/28/2024 12:00,March,3.03,3.05
2/28/2024 12:05,March,2.27,2.29
2/28/2024 12:10,March,2.85,2.87
2/28/2024 12:15,March,3.09,3.11
2/28/2024 12:20,March,3.15,3.17
2/28/2024 12:25,March,2.32,2.33
2/28/2024 12:30,March,3.04,3.06
2/28/2024 12:35,March,3.05,3.07
2/28/2024 12:40,March,3.39,3.41
2/28/2024 12:45,March,3.15,3.17
2/28/2024 12:50,March,3.5,3.52
2/28/2024 12:55,March,3.43,3.45
2/28/2024 13:00,March,3.6,3.63
2/28/2024 13:05,March,3.85,3.87
2/28/2024 13:10,March,3.84,3.86
2/28/2024 13:15,March,4.67,4.7
2/28/2024 13:20,March,4,4.03
2/28/2024 13:25,March,4.42,4.45
2/28/2024 13:30,March,4.67,4.7
2/28/2024 13:35,March,4.43,4.46
2/28/2024 13:40,March,4.69,4.72
2/28/2024 13:45,March,4.7,4.73
2/28/2024 13:50,March,3.9,3.93
2/28/2024 13:55,March,3.62,3.64
2/28/2024 14:00,March,3.67,3.69
2/28/2024 14:05,March,3.9,3.93
2/28/2024 14:10,March,3.91,3.93
2/28/2024 14:15,March,4.48,4.51
2/28/2024 14:20,March,4.43,4.46
2/28/2024 14:25,March,4.73,4.75
2/28/2024 14:30,March,4.49,4.52
2/28/2024 14:35,March,4.71,4.74
2/28/2024 14:40,March,4.71,4.74
2/28/2024 14:45,March,4.5,4.53
2/28/2024 14:50,March,4.43,4.46
2/28/2024 14:55,March,4.44,4.46
2/28/2024 15:00,March,4.44,4.46
2/28/2024 15:05,March,4.48,4.51
2/28/2024 15:10,March,4.44,4.46
2/28/2024 15:15,March,4.72,4.74
2/28/2024 15:20,March,4.72,4.74
2/28/2024 15:25,March,4.72,4.75
2/28/2024 15:30,March,4.72,4.75
2/28/2024 15:35,March,4.73,4.75
2/28/2024 15:40,March,4.73,4.75
2/28/2024 15:45,March,4.73,4.75
2/28/2024 15:50,March,4.73,4.76
2/28/2024 15:55,March,4.76,4.78
2/28/2024 16:00,March,4.75,4.77
2/28/2024 16:05,March,4.35,4.37
2/28/2024 16:10,March,4.69,4.71
2/28/2024 16:15,March,4.74,4.76
2/28/2024 16:20,March,4.77,4.78
2/28/2024 16:25,March,4.74,4.75
2/28/2024 16:30,March,4.75,4.76
2/28/2024 16:35,March,4.75,4.77
2/28/2024 16:40,March,4.96,4.97
2/28/2024 16:45,March,4.78,4.79
2/28/2024 16:50,March,4.75,4.76
2/28/2024 16:55,March,4.75,4.75
2/28/2024 17:00,March,4.38,4.38
2/28/2024 17:05,March,4.39,4.39
2/28/2024 17:10,March,4.72,4.72
2/28/2024 17:15,March,4.72,4.72
2/28/2024 17:20,March,4.79,4.79
2/28/2024 17:25,March,4.79,4.79
2/28/2024 17:30,March,4.79,4.79
2/28/2024 17:35,March,4.74,4.74
2/28/2024 17:40,March,4.76,4.76
2/28/2024 17:45,March,4.81,4.81
2/28/2024 17:50,March,4.81,4.81
2/28/2024 17:55,March,4.82,4.82
2/28/2024 18:00,March,4.82,4.82
2/28/2024 18:05,March,4.8,4.8
2/28/2024 18:10,March,4.81,4.81
2/28/2024 18:15,March,4.96,4.95
2/28/2024 18:20,March,4.85,4.84
2/28/2024 18:25,March,4.84,4.83
2/28/2024 18:30,March,4.82,4.81
2/28/2024 18:35,March,4.83,4.83
2/28/2024 18:40,March,4.82,4.81
2/28/2024 18:45,March,4.84,4.84
2/28/2024 18:50,March,4.83,4.82
2/28/2024 18:55,March,4.85,4.84
2/28/2024 19:00,March,4.48,4.47
2/28/2024 19:05,March,11.1,11.08
2/28/2024 19:10,March,7.98,7.96
2/28/2024 19:15,March,4.87,4.86
2/28/2024 19:20,March,4.86,4.85
2/28/2024 19:25,March,4.85,4.84
2/28/2024 19:30,March,4.83,4.82
2/28/2024 19:35,March,4.84,4.83
2/28/2024 19:40,March,4.77,4.76
2/28/2024 19:45,March,4.83,4.82
2/28/2024 19:50,March,4.83,4.82
2/28/2024 19:55,March,4.75,4.74
2/28/2024 20:00,March,4.76,4.76
2/28/2024 20:05,March,11.31,11.3
2/28/2024 20:10,March,4.97,4.96
2/28/2024 20:15,March,4.84,4.83
2/28/2024 20:20,March,4.83,4.82
2/28/2024 20:25,March,4.84,4.83
2/28/2024 20:30,March,4.82,4.82
2/28/2024 20:35,March,4.83,4.82
2/28/2024 20:40,March,4.83,4.82
2/28/2024 20:45,March,4.49,4.48
2/28/2024 20:50,March,4.75,4.74
2/28/2024 20:55,March,4.49,4.48
2/28/2024 21:00,March,4.76,4.75
2/28/2024 21:05,March,16.73,16.7
2/28/2024 21:10,March,11.6,11.58
2/28/2024 21:15,March,11.35,11.33
2/28/2024 21:20,March,4.89,4.88
2/28/2024 21:25,March,4.87,4.86
2/28/2024 21:30,March,4.49,4.48
2/28/2024 21:35,March,4.88,4.87
2/28/2024 21:40,March,4.86,4.85
2/28/2024 21:45,March,4.85,4.84
2/28/2024 21:50,March,4.86,4.85
2/28/2024 21:55,March,4.84,4.83
2/28/2024 22:00,March,4.49,4.48
2/28/2024 22:05,March,12.47,12.46
2/28/2024 22:10,March,5.08,5.07
2/28/2024 22:15,March,4.87,4.86
2/28/2024 22:20,March,4.87,4.86
2/28/2024 22:25,March,4.08,4.07
2/28/2024 22:30,March,4.49,4.48
2/28/2024 22:35,March,4.74,4.73
2/28/2024 22:40,March,4.54,4.53
2/28/2024 22:45,March,4.75,4.74
2/28/2024 22:50,March,3.9,3.89
2/28/2024 22:55,March,4.54,4.53
2/28/2024 23:00,March,4.49,4.48
2/28/2024 23:05,March,4.82,4.82
2/28/2024 23:10,March,4.83,4.82
2/28/2024 23:15,March,4.74,4.73
2/28/2024 23:20,March,4.54,4.54
2/28/2024 23:25,March,4.82,4.82
2/28/2024 23:30,March,4.83,4.82
2/28/2024 23:35,March,4.74,4.73
2/28/2024 23:40,March,2.84,2.84
2/28/2024 23:45,March,3.59,3.58
2/28/2024 23:50,March,4.53,4.53
2/28/2024 23:55,March,4.37,4.36
2/29/2024 0:00,March,4.05,4.04
2/29/2024 0:05,March,11.65,11.64
2/29/2024 0:10,March,4.83,4.83
2/29/2024 0:15,March,4.81,4.8
2/29/2024 0:20,March,4.81,4.8
2/29/2024 0:25,March,4.82,4.82
2/29/2024 0:30,March,4.81,4.81
2/29/2024 0:35,March,4.81,4.8
2/29/2024 0:40,March,4.63,4.62
2/29/2024 0:45,March,4.7,4.69
2/29/2024 0:50,March,4.62,4.61
2/29/2024 0:55,March,4.73,4.73
2/29/2024 1:00,March,4.63,4.62
2/29/2024 1:05,March,3.94,3.93
2/29/2024 1:10,March,3.16,3.16
2/29/2024 1:15,March,2.86,2.85
2/29/2024 1:20,March,4.8,4.8
2/29/2024 1:25,March,4.61,4.6
2/29/2024 1:30,March,4.72,4.72
2/29/2024 1:35,March,4.57,4.57
2/29/2024 1:40,March,4.51,4.51
2/29/2024 1:45,March,4.51,4.5
2/29/2024 1:50,March,4.81,4.8
2/29/2024 1:55,March,4.51,4.5
2/29/2024 2:00,March,4.67,4.66
2/29/2024 2:05,March,4.67,4.66
2/29/2024 2:10,March,4.45,4.45
2/29/2024 2:15,March,4.45,4.44
2/29/2024 2:20,March,4.56,4.55
2/29/2024 2:25,March,4.56,4.55
2/29/2024 2:30,March,4.44,4.43
2/29/2024 2:35,March,4.49,4.48
2/29/2024 2:40,March,3.91,3.9
2/29/2024 2:45,March,4.22,4.21
2/29/2024 2:50,March,4.22,4.21
2/29/2024 2:55,March,3.9,3.88
2/29/2024 3:00,March,3.88,3.87
2/29/2024 3:05,March,4.43,4.42
2/29/2024 3:10,March,4.22,4.21
2/29/2024 3:15,March,4.21,4.2
2/29/2024 3:20,March,4.22,4.21
2/29/2024 3:25,March,4.22,4.21
2/29/2024 3:30,March,4.21,4.2
2/29/2024 3:35,March,4.22,4.21
2/29/2024 3:40,March,4.22,4.21
2/29/2024 3:45,March,4.21,4.2
2/29/2024 3:50,March,4.2,4.19
2/29/2024 3:55,March,4.21,4.2
2/29/2024 4:00,March,4.21,4.2
2/29/2024 4:05,March,4.21,4.2
2/29/2024 4:10,March,4.49,4.48
2/29/2024 4:15,March,4.32,4.31
2/29/2024 4:20,March,4.22,4.21
2/29/2024 4:25,March,4.8,4.79
2/29/2024 4:30,March,4.49,4.48
2/29/2024 4:35,March,4.49,4.48
2/29/2024 4:40,March,4.81,4.8
2/29/2024 4:45,March,4.49,4.48
2/29/2024 4:50,March,4.8,4.79
2/29/2024 4:55,March,4.73,4.72
2/29/2024 5:00,March,4.73,4.72
2/29/2024 5:05,March,0,0
2/29/2024 5:10,March,3.53,3.52
2/29/2024 5:15,March,4.43,4.42
2/29/2024 5:20,March,4.54,4.53
2/29/2024 5:25,March,4.73,4.72
2/29/2024 5:30,March,4.73,4.72
2/29/2024 5:35,March,4.73,4.72
2/29/2024 5:40,March,4.73,4.72
2/29/2024 5:45,March,4.81,4.8
2/29/2024 5:50,March,4.82,4.8
2/29/2024 5:55,March,4.82,4.8
2/29/2024 6:00,March,4.82,4.81
2/29/2024 6:05,March,3.54,3.53
2/29/2024 6:10,March,4.67,4.66
2/29/2024 6:15,March,4.74,4.72
2/29/2024 6:20,March,4.67,4.66
2/29/2024 6:25,March,4.84,4.83
2/29/2024 6:30,March,4.67,4.66
2/29/2024 6:35,March,2.84,2.83
2/29/2024 6:40,March,2.84,2.83
2/29/2024 6:45,March,0.74,0.74
2/29/2024 6:50,March,0.74,0.74
2/29/2024 6:55,March,2.75,2.75
2/29/2024 7:00,March,2.75,2.74
2/29/2024 7:05,March,0,0
2/29/2024 7:10,March,0.97,0.97
2/29/2024 7:15,March,2.75,2.74
2/29/2024 7:20,March,3.86,3.85
2/29/2024 7:25,March,3.25,3.25
2/29/2024 7:30,March,3.55,3.54
2/29/2024 7:35,March,3.86,3.86
2/29/2024 7:40,March,3.29,3.28
2/29/2024 7:45,March,3.86,3.86
2/29/2024 7:50,March,4.18,4.18
2/29/2024 7:55,March,4.18,4.19
2/29/2024 8:00,March,4.79,4.79
2/29/2024 8:05,March,2.81,2.81
2/29/2024 8:10,March,3.66,3.66
2/29/2024 8:15,March,4.77,4.78
2/29/2024 8:20,March,4.78,4.79
2/29/2024 8:25,March,4.76,4.77
2/29/2024 8:30,March,4.75,4.77
2/29/2024 8:35,March,4.74,4.76
2/29/2024 8:40,March,4.74,4.75
2/29/2024 8:45,March,4.3,4.32
2/29/2024 8:50,March,4.72,4.74
2/29/2024 8:55,March,4.01,4.04
2/29/2024 9:00,March,3.86,3.88
2/29/2024 9:05,March,0.73,0.74
2/29/2024 9:10,March,3.53,3.54
2/29/2024 9:15,March,3.66,3.67
2/29/2024 9:20,March,4.46,4.47
2/29/2024 9:25,March,4.74,4.76
2/29/2024 9:30,March,4.74,4.76
2/29/2024 9:35,March,4.72,4.74
2/29/2024 9:40,March,4.71,4.74
2/29/2024 9:45,March,4.7,4.73
2/29/2024 9:50,March,4.7,4.73
2/29/2024 9:55,March,11.38,11.47
2/29/2024 10:00,March,4.87,4.91
2/29/2024 10:05,March,3.66,3.68
2/29/2024 10:10,March,4.74,4.77
2/29/2024 10:15,March,4.72,4.75
2/29/2024 10:20,March,7.73,7.8
2/29/2024 10:25,March,7.73,7.79
2/29/2024 10:30,March,4.73,4.78
2/29/2024 10:35,March,4.74,4.78
2/29/2024 10:40,March,4.74,4.79
2/29/2024 10:45,March,4.75,4.8
2/29/2024 10:50,March,4.75,4.8
2/29/2024 10:55,March,4.74,4.78
2/29/2024 11:00,March,4.72,4.77
2/29/2024 11:05,March,4.42,4.45
2/29/2024 11:10,March,4.69,4.72
2/29/2024 11:15,March,4.58,4.62
2/29/2024 11:20,March,4.7,4.74
2/29/2024 11:25,March,4.69,4.73
2/29/2024 11:30,March,4.68,4.72
2/29/2024 11:35,March,4.63,4.67
2/29/2024 11:40,March,4.66,4.7
2/29/2024 11:45,March,4.67,4.71
2/29/2024 11:50,March,4.68,4.72
2/29/2024 11:55,March,4.66,4.7
2/29/2024 12:00,March,3.99,4.02
2/29/2024 12:05,March,2.34,2.35
2/29/2024 12:10,March,2.76,2.78
2/29/2024 12:15,March,3.52,3.55
2/29/2024 12:20,March,3.51,3.54
2/29/2024 12:25,March,3.58,3.6
2/29/2024 12:30,March,4.54,4.57
2/29/2024 12:35,March,4.42,4.45
2/29/2024 12:40,March,4.54,4.58
2/29/2024 12:45,March,4.63,4.66
2/29/2024 12:50,March,4.55,4.58
2/29/2024 12:55,March,7.7,7.76
2/29/2024 13:00,March,4.7,4.74
2/29/2024 13:05,March,4.7,4.74
2/29/2024 13:10,March,4.7,4.74
2/29/2024 13:15,March,7.76,7.82
2/29/2024 13:20,March,4.77,4.81
2/29/2024 13:25,March,4.77,4.81
2/29/2024 13:30,March,7.63,7.7
2/29/2024 13:35,March,4.78,4.82
2/29/2024 13:40,March,4.76,4.8
2/29/2024 13:45,March,4.75,4.79
2/29/2024 13:50,March,4.75,4.79
2/29/2024 13:55,March,4.78,4.81
2/29/2024 14:00,March,4.79,4.82
2/29/2024 14:05,March,4.79,4.83
2/29/2024 14:10,March,4.8,4.84
2/29/2024 14:15,March,4.8,4.84
2/29/2024 14:20,March,7.83,7.89
2/29/2024 14:25,March,8.94,9
2/29/2024 14:30,March,11.5,11.59
2/29/2024 14:35,March,11.46,11.55
2/29/2024 14:40,March,11.7,11.8
2/29/2024 14:45,March,11.43,11.52
2/29/2024 14:50,March,11.38,11.45
2/29/2024 14:55,March,7.84,7.9
2/29/2024 15:00,March,7.84,7.89
2/29/2024 15:05,March,11.34,11.4
2/29/2024 15:10,March,10.56,10.61
2/29/2024 15:15,March,10.55,10.6
2/29/2024 15:20,March,12.43,12.49
2/29/2024 15:25,March,10.54,10.59
2/29/2024 15:30,March,8.96,8.99
2/29/2024 15:35,March,7.85,7.87
2/29/2024 15:40,March,4.92,4.93
2/29/2024 15:45,March,7.67,7.69
2/29/2024 15:50,March,7.86,7.88
2/29/2024 15:55,March,8.77,8.79
2/29/2024 16:00,March,8.78,8.79
2/29/2024 16:05,March,4.93,4.95
2/29/2024 16:10,March,7.7,7.72
2/29/2024 16:15,March,7.68,7.7
2/29/2024 16:20,March,7.88,7.9
2/29/2024 16:25,March,7.71,7.73
2/29/2024 16:30,March,9.03,9.04
2/29/2024 16:35,March,9,9.01
2/29/2024 16:40,March,11.02,11.03
2/29/2024 16:45,March,7.92,7.93
2/29/2024 16:50,March,5.22,5.23
2/29/2024 16:55,March,4.94,4.95
2/29/2024 17:00,March,4.9,4.9
2/29/2024 17:05,March,4.86,4.86
2/29/2024 17:10,March,4.87,4.87
2/29/2024 17:15,March,4.88,4.88
2/29/2024 17:20,March,4.9,4.9
2/29/2024 17:25,March,7.96,7.95
2/29/2024 17:30,March,6.05,6.05
2/29/2024 17:35,March,4.96,4.96
2/29/2024 17:40,March,7.96,7.95
2/29/2024 17:45,March,7.97,7.96
2/29/2024 17:50,March,9.02,9
2/29/2024 17:55,March,8.81,8.79
2/29/2024 18:00,March,8.82,8.79
2/29/2024 18:05,March,7.92,7.89
2/29/2024 18:10,March,7.94,7.91
2/29/2024 18:15,March,8.98,8.95
2/29/2024 18:20,March,11.77,11.72
2/29/2024 18:25,March,10.55,10.51
2/29/2024 18:30,March,8.83,8.8
2/29/2024 18:35,March,10.55,10.51
2/29/2024 18:40,March,11.78,11.74
2/29/2024 18:45,March,10.52,10.49
2/29/2024 18:50,March,8.82,8.8
2/29/2024 18:55,March,7.94,7.92
2/29/2024 19:00,March,7.94,7.93
2/29/2024 19:05,March,10.54,10.52
2/29/2024 19:10,March,10.53,10.5
2/29/2024 19:15,March,8.82,8.8
2/29/2024 19:20,March,11.76,11.73
2/29/2024 19:25,March,8.85,8.82
2/29/2024 19:30,March,8.11,8.1
2/29/2024 19:35,March,8.81,8.79
2/29/2024 19:40,March,8.13,8.12
2/29/2024 19:45,March,5.1,5.09
2/29/2024 19:50,March,5.08,5.07
2/29/2024 19:55,March,5.22,5.22
2/29/2024 20:00,March,4.97,4.96
2/29/2024 20:05,March,18.31,18.3
2/29/2024 20:10,March,17.71,17.69
2/29/2024 20:15,March,17.58,17.57
2/29/2024 20:20,March,15.62,15.61
2/29/2024 20:25,March,11.25,11.25
2/29/2024 20:30,March,12.25,12.25
2/29/2024 20:35,March,10.71,10.7
2/29/2024 20:40,March,11.61,11.6
2/29/2024 20:45,March,8.79,8.78
2/29/2024 20:50,March,7.97,7.96
2/29/2024 20:55,March,5.07,5.07
2/29/2024 21:00,March,5.07,5.06
2/29/2024 21:05,March,27.59,27.51
2/29/2024 21:10,March,20.38,20.31
2/29/2024 21:15,March,12.57,12.52
2/29/2024 21:20,March,12.66,12.61
2/29/2024 21:25,March,11.29,11.25
2/29/2024 21:30,March,11.09,11.05
2/29/2024 21:35,March,8.83,8.8
2/29/2024 21:40,March,7.95,7.93
2/29/2024 21:45,March,7.98,7.97
2/29/2024 21:50,March,7.99,7.98
2/29/2024 21:55,March,5.07,5.06
2/29/2024 22:00,March,4.95,4.94
2/29/2024 22:05,March,26.29,26.26
2/29/2024 22:10,March,17.61,17.59
2/29/2024 22:15,March,12.25,12.23
2/29/2024 22:20,March,11.37,11.35
2/29/2024 22:25,March,5.21,5.2
2/29/2024 22:30,March,5.06,5.05
2/29/2024 22:35,March,4.93,4.92
2/29/2024 22:40,March,4.93,4.92
2/29/2024 22:45,March,4.92,4.91
2/29/2024 22:50,March,4.93,4.92
2/29/2024 22:55,March,4.91,4.9
2/29/2024 23:00,March,4.91,4.9
2/29/2024 23:05,March,4.95,4.95
2/29/2024 23:10,March,4.91,4.9
2/29/2024 23:15,March,4.9,4.89
2/29/2024 23:20,March,4.92,4.92
2/29/2024 23:25,March,4.89,4.89
2/29/2024 23:30,March,4.87,4.87
2/29/2024 23:35,March,4.88,4.88
2/29/2024 23:40,March,4.88,4.87
2/29/2024 23:45,March,4.79,4.79
2/29/2024 23:50,March,4.85,4.85
2/29/2024 23:55,March,4.84,4.84
3/1/2024 0:00,March,4.81,4.8
3/1/2024 0:05,March,4.77,4.77
3/1/2024 0:10,March,4.77,4.76
3/1/2024 0:15,March,4.7,4.7
3/1/2024 0:20,March,4.73,4.73
3/1/2024 0:25,March,4.72,4.72
3/1/2024 0:30,March,4.74,4.74
3/1/2024 0:35,March,4.75,4.74
3/1/2024 0:40,March,4.72,4.72
3/1/2024 0:45,March,4.72,4.72
3/1/2024 0:50,March,4.7,4.69
3/1/2024 0:55,March,4.72,4.71
3/1/2024 1:00,March,4.72,4.71
3/1/2024 1:05,March,4.72,4.71
3/1/2024 1:10,March,4.62,4.62
3/1/2024 1:15,March,4.73,4.73
3/1/2024 1:20,March,4.61,4.61
3/1/2024 1:25,March,4.69,4.68
3/1/2024 1:30,March,4.61,4.6
3/1/2024 1:35,March,4.61,4.6
3/1/2024 1:40,March,4.6,4.6
3/1/2024 1:45,March,3.15,3.14
3/1/2024 1:50,March,4.6,4.59
3/1/2024 1:55,March,4.5,4.49
3/1/2024 2:00,March,4.54,4.53
3/1/2024 2:05,March,4.54,4.53
3/1/2024 2:10,March,4.43,4.42
3/1/2024 2:15,March,4.38,4.37
3/1/2024 2:20,March,4.42,4.41
3/1/2024 2:25,March,4.69,4.68
3/1/2024 2:30,March,4.43,4.42
3/1/2024 2:35,March,4.43,4.42
3/1/2024 2:40,March,4.43,4.42
3/1/2024 2:45,March,4.23,4.22
3/1/2024 2:50,March,4.07,4.06
3/1/2024 2:55,March,2.77,2.77
3/1/2024 3:00,March,3.87,3.86
3/1/2024 3:05,March,4.3,4.29
3/1/2024 3:10,March,4.3,4.29
3/1/2024 3:15,March,3.87,3.85
3/1/2024 3:20,March,4.3,4.28
3/1/2024 3:25,March,4.3,4.29
3/1/2024 3:30,March,4.3,4.28
3/1/2024 3:35,March,4.3,4.28
3/1/2024 3:40,March,4.07,4.06
3/1/2024 3:45,March,4.68,4.67
3/1/2024 3:50,March,4.29,4.28
3/1/2024 3:55,March,4.3,4.28
3/1/2024 4:00,March,4.29,4.28
3/1/2024 4:05,March,4.85,4.84
3/1/2024 4:10,March,4.77,4.75
3/1/2024 4:15,March,4.77,4.76
3/1/2024 4:20,March,4.69,4.68
3/1/2024 4:25,March,4.85,4.83
3/1/2024 4:30,March,4.84,4.83
3/1/2024 4:35,March,4.85,4.84
3/1/2024 4:40,March,4.77,4.76
3/1/2024 4:45,March,4.77,4.76
3/1/2024 4:50,March,4.85,4.83
3/1/2024 4:55,March,4.77,4.76
3/1/2024 5:00,March,4.76,4.75
3/1/2024 5:05,March,2.77,2.77
3/1/2024 5:10,March,4.78,4.77
3/1/2024 5:15,March,4.78,4.76
3/1/2024 5:20,March,4.86,4.85
3/1/2024 5:25,March,4.86,4.85
3/1/2024 5:30,March,4.86,4.85
3/1/2024 5:35,March,4.86,4.85
3/1/2024 5:40,March,4.78,4.77
3/1/2024 5:45,March,4.79,4.78
3/1/2024 5:50,March,4.78,4.77
3/1/2024 5:55,March,4.68,4.67
3/1/2024 6:00,March,4.78,4.77
3/1/2024 6:05,March,4.79,4.78
3/1/2024 6:10,March,4.67,4.66
3/1/2024 6:15,March,4.79,4.78
3/1/2024 6:20,March,4.48,4.47
3/1/2024 6:25,March,4.78,4.77
3/1/2024 6:30,March,4.66,4.65
3/1/2024 6:35,March,2.83,2.83
3/1/2024 6:40,March,3.22,3.21
3/1/2024 6:45,March,2.83,2.83
3/1/2024 6:50,March,3.3,3.29
3/1/2024 6:55,March,4.47,4.46
3/1/2024 7:00,March,4.53,4.52
3/1/2024 7:05,March,0,0
3/1/2024 7:10,March,0.72,0.71
3/1/2024 7:15,March,2.83,2.82
3/1/2024 7:20,March,2.83,2.82
3/1/2024 7:25,March,4.4,4.39
3/1/2024 7:30,March,3.11,3.11
3/1/2024 7:35,March,4.4,4.39
3/1/2024 7:40,March,4.74,4.74
3/1/2024 7:45,March,3.69,3.69
3/1/2024 7:50,March,4.73,4.73
3/1/2024 7:55,March,4.81,4.81
3/1/2024 8:00,March,4.73,4.73
3/1/2024 8:05,March,2.82,2.82
3/1/2024 8:10,March,3.75,3.75
3/1/2024 8:15,March,4.72,4.72
3/1/2024 8:20,March,4.81,4.81
3/1/2024 8:25,March,4.81,4.82
3/1/2024 8:30,March,4.8,4.81
3/1/2024 8:35,March,4.71,4.72
3/1/2024 8:40,March,4.64,4.65
3/1/2024 8:45,March,4.68,4.7
3/1/2024 8:50,March,4.76,4.77
3/1/2024 8:55,March,4.68,4.7
3/1/2024 9:00,March,4.68,4.7
3/1/2024 9:05,March,1.14,1.15
3/1/2024 9:10,March,4.65,4.67
3/1/2024 9:15,March,3.64,3.66
3/1/2024 9:20,March,4.76,4.78
3/1/2024 9:25,March,4.74,4.77
3/1/2024 9:30,March,4.66,4.69
3/1/2024 9:35,March,4.74,4.77
3/1/2024 9:40,March,4.66,4.69
3/1/2024 9:45,March,7.73,7.78
3/1/2024 9:50,March,4.75,4.78
3/1/2024 9:55,March,4.67,4.71
3/1/2024 10:00,March,4.73,4.77
3/1/2024 10:05,March,3.56,3.58
3/1/2024 10:10,March,4.67,4.7
3/1/2024 10:15,March,4.67,4.7
3/1/2024 10:20,March,4.76,4.79
3/1/2024 10:25,March,4.75,4.78
3/1/2024 10:30,March,4.67,4.7
3/1/2024 10:35,March,4.67,4.7
3/1/2024 10:40,March,4.66,4.69
3/1/2024 10:45,March,4.67,4.7
3/1/2024 10:50,March,4.66,4.69
3/1/2024 10:55,March,4.66,4.69
3/1/2024 11:00,March,4.66,4.69
3/1/2024 11:05,March,4.27,4.3
3/1/2024 11:10,March,4.66,4.69
3/1/2024 11:15,March,4.66,4.69
3/1/2024 11:20,March,4.66,4.7
3/1/2024 11:25,March,4.66,4.69
3/1/2024 11:30,March,4.05,4.08
3/1/2024 11:35,March,4.41,4.44
3/1/2024 11:40,March,4.42,4.45
3/1/2024 11:45,March,4.59,4.62
3/1/2024 11:50,March,4.65,4.68
3/1/2024 11:55,March,3.98,4.01
3/1/2024 12:00,March,4.41,4.45
3/1/2024 12:05,March,4.75,4.79
3/1/2024 12:10,March,4.66,4.7
3/1/2024 12:15,March,4.66,4.7
3/1/2024 12:20,March,4.65,4.69
3/1/2024 12:25,March,4.65,4.69
3/1/2024 12:30,March,4.66,4.69
3/1/2024 12:35,March,4.66,4.69
3/1/2024 12:40,March,4.73,4.77
3/1/2024 12:45,March,4.73,4.77
3/1/2024 12:50,March,4.67,4.71
3/1/2024 12:55,March,4.74,4.78
3/1/2024 13:00,March,4.74,4.78
3/1/2024 13:05,March,4.73,4.77
3/1/2024 13:10,March,4.73,4.76
3/1/2024 13:15,March,7.79,7.84
3/1/2024 13:20,March,4.76,4.79
3/1/2024 13:25,March,4.76,4.79
3/1/2024 13:30,March,4.76,4.79
3/1/2024 13:35,March,4.75,4.79
3/1/2024 13:40,March,4.77,4.81
3/1/2024 13:45,March,4.76,4.8
3/1/2024 13:50,March,4.77,4.8
3/1/2024 13:55,March,4.77,4.8
3/1/2024 14:00,March,4.77,4.8
3/1/2024 14:05,March,4.77,4.8
3/1/2024 14:10,March,4.77,4.8
3/1/2024 14:15,March,4.78,4.81
3/1/2024 14:20,March,4.79,4.81
3/1/2024 14:25,March,4.79,4.82
3/1/2024 14:30,March,11.23,11.3
3/1/2024 14:35,March,7.85,7.89
3/1/2024 14:40,March,11.02,11.09
3/1/2024 14:45,March,4.89,4.92
3/1/2024 14:50,March,10.52,10.58
3/1/2024 14:55,March,4.81,4.83
3/1/2024 15:00,March,4.83,4.85
3/1/2024 15:05,March,11.21,11.26
3/1/2024 15:10,March,10.52,10.58
3/1/2024 15:15,March,10.54,10.59
3/1/2024 15:20,March,11.3,11.35
3/1/2024 15:25,March,43.12,43.33
3/1/2024 15:30,March,31.37,31.5
3/1/2024 15:35,March,32.73,32.82
3/1/2024 15:40,March,29.23,29.34
3/1/2024 15:45,March,29.98,30.08
3/1/2024 15:50,March,29.16,29.22
3/1/2024 15:55,March,29.3,29.35
3/1/2024 16:00,March,29.96,29.99
3/1/2024 16:05,March,30.07,30.11
3/1/2024 16:10,March,29.56,29.6
3/1/2024 16:15,March,29.58,29.62
3/1/2024 16:20,March,29.56,29.6
3/1/2024 16:25,March,30.17,30.2
3/1/2024 16:30,March,29.45,29.47
3/1/2024 16:35,March,29.42,29.45
3/1/2024 16:40,March,29.32,29.35
3/1/2024 16:45,March,29.24,29.27
3/1/2024 16:50,March,29.33,29.37
3/1/2024 16:55,March,29.02,29.05
3/1/2024 17:00,March,23.76,23.79
3/1/2024 17:05,March,21.49,21.52
3/1/2024 17:10,March,17.51,17.54
3/1/2024 17:15,March,14.64,14.67
3/1/2024 17:20,March,14.67,14.69
3/1/2024 17:25,March,14.68,14.7
3/1/2024 17:30,March,22.66,22.69
3/1/2024 17:35,March,22.68,22.7
3/1/2024 17:40,March,22.71,22.72
3/1/2024 17:45,March,22.78,22.78
3/1/2024 17:50,March,23.78,23.78
3/1/2024 17:55,March,58.26,58.25
3/1/2024 18:00,March,36.66,36.65
3/1/2024 18:05,March,55.3,55.3
3/1/2024 18:10,March,32.94,32.96
3/1/2024 18:15,March,34.12,34.14
3/1/2024 18:20,March,43.67,43.67
3/1/2024 18:25,March,28.54,28.54
3/1/2024 18:30,March,32.62,32.62
3/1/2024 18:35,March,32.62,32.62
3/1/2024 18:40,March,28.56,28.56
3/1/2024 18:45,March,33.24,33.21
3/1/2024 18:50,March,28.56,28.56
3/1/2024 18:55,March,33.31,33.24
3/1/2024 19:00,March,59.86,59.57
3/1/2024 19:05,March,33.81,33.68
3/1/2024 19:10,March,32.45,32.34
3/1/2024 19:15,March,62.31,62.09
3/1/2024 19:20,March,62.46,62.3
3/1/2024 19:25,March,33.62,33.55
3/1/2024 19:30,March,44.47,44.34
3/1/2024 19:35,March,31.37,31.28
3/1/2024 19:40,March,45.5,45.37
3/1/2024 19:45,March,31.34,31.25
3/1/2024 19:50,March,31.35,31.27
3/1/2024 19:55,March,31.36,31.27
3/1/2024 20:00,March,31.33,31.24
3/1/2024 20:05,March,62.31,62.14
3/1/2024 20:10,March,52.49,52.16
3/1/2024 20:15,March,32.22,32.02
3/1/2024 20:20,March,32.26,32.08
3/1/2024 20:25,March,32.24,32.06
3/1/2024 20:30,March,32.26,32.08
3/1/2024 20:35,March,32.24,32.05
3/1/2024 20:40,March,52.22,51.91
3/1/2024 20:45,March,32.31,32.12
3/1/2024 20:50,March,32.31,32.11
3/1/2024 20:55,March,32.3,32.1
3/1/2024 21:00,March,32.28,32.09
3/1/2024 21:05,March,62.13,61.86
3/1/2024 21:10,March,62.07,61.82
3/1/2024 21:15,March,61.78,61.51
3/1/2024 21:20,March,61.54,61.27
3/1/2024 21:25,March,47.04,46.84
3/1/2024 21:30,March,31.66,31.66
3/1/2024 21:35,March,31.68,31.68
3/1/2024 21:40,March,31.53,31.53
3/1/2024 21:45,March,31.52,31.52
3/1/2024 21:50,March,32.02,31.87
3/1/2024 21:55,March,50.09,49.85
3/1/2024 22:00,March,47.47,47.24
3/1/2024 22:05,March,58.33,58.12
3/1/2024 22:10,March,31.53,31.53
3/1/2024 22:15,March,24.66,24.66
3/1/2024 22:20,March,31.92,31.76
3/1/2024 22:25,March,31.88,31.72
3/1/2024 22:30,March,31.87,31.69
3/1/2024 22:35,March,31.87,31.68
3/1/2024 22:40,March,31.51,31.33
3/1/2024 22:45,March,31.92,31.73
3/1/2024 22:50,March,23.08,22.96
3/1/2024 22:55,March,18.73,18.66
3/1/2024 23:00,March,21.19,21.13
3/1/2024 23:05,March,28.92,28.83
3/1/2024 23:10,March,22.92,22.85
3/1/2024 23:15,March,21.82,21.76
3/1/2024 23:20,March,21.81,21.75
3/1/2024 23:25,March,19.17,19.12
3/1/2024 23:30,March,20.66,20.61
3/1/2024 23:35,March,19.1,19.06
3/1/2024 23:40,March,14.11,14.08
3/1/2024 23:45,March,14.07,14.04
3/1/2024 23:50,March,4.91,4.89
3/1/2024 23:55,March,4.8,4.79
3/2/2024 0:00,March,4.79,4.78
3/2/2024 0:05,March,21.56,21.51
3/2/2024 0:10,March,8.95,8.93
3/2/2024 0:15,March,4.93,4.91
3/2/2024 0:20,March,4.87,4.86
3/2/2024 0:25,March,4.87,4.86
3/2/2024 0:30,March,4.85,4.84
3/2/2024 0:35,March,4.9,4.89
3/2/2024 0:40,March,4.9,4.89
3/2/2024 0:45,March,4.9,4.89
3/2/2024 0:50,March,4.89,4.89
3/2/2024 0:55,March,4.87,4.86
3/2/2024 1:00,March,25.66,25.61
3/2/2024 1:05,March,13.44,13.42
3/2/2024 1:10,March,4.87,4.86
3/2/2024 1:15,March,4.89,4.88
3/2/2024 1:20,March,4.88,4.87
3/2/2024 1:25,March,4.88,4.87
3/2/2024 1:30,March,4.88,4.87
3/2/2024 1:35,March,4.89,4.87
3/2/2024 1:40,March,4.86,4.85
3/2/2024 1:45,March,4.86,4.85
3/2/2024 1:50,March,4.86,4.85
3/2/2024 1:55,March,4.85,4.84
3/2/2024 2:00,March,4.85,4.84
3/2/2024 2:05,March,4.84,4.83
3/2/2024 2:10,March,4.18,4.17
3/2/2024 2:15,March,4.39,4.38
3/2/2024 2:20,March,4.6,4.59
3/2/2024 2:25,March,4.6,4.59
3/2/2024 2:30,March,4.83,4.82
3/2/2024 2:35,March,4.6,4.59
3/2/2024 2:40,March,4.18,4.17
3/2/2024 2:45,March,4.17,4.16
3/2/2024 2:50,March,4.59,4.57
3/2/2024 2:55,March,3.72,3.71
3/2/2024 3:00,March,4.58,4.56
3/2/2024 3:05,March,3.25,3.24
3/2/2024 3:10,March,3.25,3.23
3/2/2024 3:15,March,3.73,3.72
3/2/2024 3:20,March,3.06,3.05
3/2/2024 3:25,March,3.12,3.11
3/2/2024 3:30,March,2.79,2.78
3/2/2024 3:35,March,3.06,3.05
3/2/2024 3:40,March,3.04,3.03
3/2/2024 3:45,March,3.06,3.05
3/2/2024 3:50,March,3.04,3.03
3/2/2024 3:55,March,3.06,3.05
3/2/2024 4:00,March,3.1,3.09
3/2/2024 4:05,March,3.87,3.85
3/2/2024 4:10,March,3.87,3.85
3/2/2024 4:15,March,4.06,4.05
3/2/2024 4:20,March,4.07,4.05
3/2/2024 4:25,March,4.08,4.07
3/2/2024 4:30,March,4.84,4.83
3/2/2024 4:35,March,4.17,4.16
3/2/2024 4:40,March,4.86,4.84
3/2/2024 4:45,March,4.85,4.84
3/2/2024 4:50,March,4.84,4.83
3/2/2024 4:55,March,4.85,4.84
3/2/2024 5:00,March,4.84,4.83
3/2/2024 5:05,March,4.86,4.85
3/2/2024 5:10,March,4.92,4.91
3/2/2024 5:15,March,4.86,4.85
3/2/2024 5:20,March,4.88,4.87
3/2/2024 5:25,March,4.86,4.85
3/2/2024 5:30,March,4.87,4.85
3/2/2024 5:35,March,4.86,4.85
3/2/2024 5:40,March,4.86,4.85
3/2/2024 5:45,March,4.89,4.88
3/2/2024 5:50,March,4.87,4.86
3/2/2024 5:55,March,4.6,4.59
3/2/2024 6:00,March,4.86,4.85
3/2/2024 6:05,March,0,0
3/2/2024 6:10,March,3.18,3.15
3/2/2024 6:15,March,4.45,4.41
3/2/2024 6:20,March,4.96,4.92
3/2/2024 6:25,March,4.8,4.76
3/2/2024 6:30,March,4.79,4.75
3/2/2024 6:35,March,4.96,4.93
3/2/2024 6:40,March,4.79,4.76
3/2/2024 6:45,March,4.78,4.75
3/2/2024 6:50,March,4.92,4.88
3/2/2024 6:55,March,4.79,4.76
3/2/2024 7:00,March,4.78,4.75
3/2/2024 7:05,March,0,0
3/2/2024 7:10,March,0,0
3/2/2024 7:15,March,2.81,2.79
3/2/2024 7:20,March,4.56,4.53
3/2/2024 7:25,March,3.53,3.51
3/2/2024 7:30,March,3.78,3.75
3/2/2024 7:35,March,4.56,4.53
3/2/2024 7:40,March,3.78,3.75
3/2/2024 7:45,March,4.35,4.32
3/2/2024 7:50,March,4.55,4.53
3/2/2024 7:55,March,3.95,3.93
3/2/2024 8:00,March,4.73,4.71
3/2/2024 8:05,March,0,0
3/2/2024 8:10,March,0,0
3/2/2024 8:15,March,0.73,0.73
3/2/2024 8:20,March,2.78,2.76
3/2/2024 8:25,March,3.63,3.6
3/2/2024 8:30,March,3.62,3.6
3/2/2024 8:35,March,4.72,4.7
3/2/2024 8:40,March,3.77,3.76
3/2/2024 8:45,March,3.62,3.61
3/2/2024 8:50,March,0.73,0.73
3/2/2024 8:55,March,4.12,4.1
3/2/2024 9:00,March,3.94,3.92
3/2/2024 9:05,March,0,0
3/2/2024 9:10,March,3.12,3.11
3/2/2024 9:15,March,3.13,3.11
3/2/2024 9:20,March,3.13,3.11
3/2/2024 9:25,March,3.75,3.74
3/2/2024 9:30,March,4.69,4.67
3/2/2024 9:35,March,4.68,4.66
3/2/2024 9:40,March,4.71,4.69
3/2/2024 9:45,March,4.68,4.67
3/2/2024 9:50,March,4.67,4.66
3/2/2024 9:55,March,4.67,4.66
3/2/2024 10:00,March,8.14,8.14
3/2/2024 10:05,March,4.85,4.85
3/2/2024 10:10,March,4.85,4.85
3/2/2024 10:15,March,4.85,4.85
3/2/2024 10:20,March,4.86,4.86
3/2/2024 10:25,March,4.86,4.86
3/2/2024 10:30,March,8.15,8.15
3/2/2024 10:35,March,4.86,4.86
3/2/2024 10:40,March,7.74,7.74
3/2/2024 10:45,March,4.86,4.86
3/2/2024 10:50,March,4.86,4.86
3/2/2024 10:55,March,5.6,5.6
3/2/2024 11:00,March,4.86,4.86
3/2/2024 11:05,March,4.86,4.86
3/2/2024 11:10,March,8.15,8.15
3/2/2024 11:15,March,4.86,4.86
3/2/2024 11:20,March,6.89,6.89
3/2/2024 11:25,March,6.89,6.89
3/2/2024 11:30,March,3.71,3.71
3/2/2024 11:35,March,8.15,8.15
3/2/2024 11:40,March,4.86,4.86
3/2/2024 11:45,March,3.71,3.71
3/2/2024 11:50,March,4.85,4.85
3/2/2024 11:55,March,4.85,4.85
3/2/2024 12:00,March,4.85,4.85
3/2/2024 12:05,March,2.86,2.86
3/2/2024 12:10,March,2.86,2.86
3/2/2024 12:15,March,3.7,3.7
3/2/2024 12:20,March,4.85,4.85
3/2/2024 12:25,March,4.86,4.86
3/2/2024 12:30,March,4.85,4.85
3/2/2024 12:35,March,8.09,8.09
3/2/2024 12:40,March,4.86,4.86
3/2/2024 12:45,March,7.74,7.74
3/2/2024 12:50,March,7.95,7.95
3/2/2024 12:55,March,8.15,8.15
3/2/2024 13:00,March,9.12,9.12
3/2/2024 13:05,March,30.57,30.57
3/2/2024 13:10,March,10.76,10.76
3/2/2024 13:15,March,30.57,30.57
3/2/2024 13:20,March,14.84,14.84
3/2/2024 13:25,March,4.86,4.86
3/2/2024 13:30,March,5.74,5.74
3/2/2024 13:35,March,4.86,4.86
3/2/2024 13:40,March,13.04,13.04
3/2/2024 13:45,March,8.15,8.15
3/2/2024 13:50,March,8.15,8.15
3/2/2024 13:55,March,8.15,8.15
3/2/2024 14:00,March,8.15,8.15
3/2/2024 14:05,March,29.52,29.52
3/2/2024 14:10,March,8.15,8.15
3/2/2024 14:15,March,8.14,8.14
3/2/2024 14:20,March,8.14,8.14
3/2/2024 14:25,March,4.86,4.86
3/2/2024 14:30,March,8.14,8.14
3/2/2024 14:35,March,4.86,4.86
3/2/2024 14:40,March,5.74,5.74
3/2/2024 14:45,March,4.86,4.86
3/2/2024 14:50,March,4.86,4.86
3/2/2024 14:55,March,4.86,4.86
3/2/2024 15:00,March,3.7,3.7
3/2/2024 15:05,March,5.74,5.74
3/2/2024 15:10,March,4.86,4.86
3/2/2024 15:15,March,4.86,4.86
3/2/2024 15:20,March,4.86,4.86
3/2/2024 15:25,March,4.86,4.86
3/2/2024 15:30,March,4.86,4.86
3/2/2024 15:35,March,4.84,4.84
3/2/2024 15:40,March,4.86,4.86
3/2/2024 15:45,March,4.86,4.86
3/2/2024 15:50,March,4.86,4.86
3/2/2024 15:55,March,4.86,4.86
3/2/2024 16:00,March,4.86,4.86
3/2/2024 16:05,March,4.86,4.86
3/2/2024 16:10,March,4.84,4.84
3/2/2024 16:15,March,4.86,4.86
3/2/2024 16:20,March,4.84,4.84
3/2/2024 16:25,March,4.86,4.86
3/2/2024 16:30,March,4.85,4.85
3/2/2024 16:35,March,4.84,4.84
3/2/2024 16:40,March,4.84,4.84
3/2/2024 16:45,March,4.84,4.84
3/2/2024 16:50,March,4.85,4.85
3/2/2024 16:55,March,4.07,4.07
3/2/2024 17:00,March,4.84,4.84
3/2/2024 17:05,March,4.78,4.76
3/2/2024 17:10,March,4.76,4.75
3/2/2024 17:15,March,4.78,4.76
3/2/2024 17:20,March,4.8,4.78
3/2/2024 17:25,March,4.79,4.77
3/2/2024 17:30,March,4.76,4.75
3/2/2024 17:35,March,3.99,3.98
3/2/2024 17:40,March,4,3.99
3/2/2024 17:45,March,4.02,4.01
3/2/2024 17:50,March,4.78,4.76
3/2/2024 17:55,March,4.91,4.89
3/2/2024 18:00,March,4.78,4.76
3/2/2024 18:05,March,4.79,4.77
3/2/2024 18:10,March,3.65,3.64
3/2/2024 18:15,March,4.78,4.76
3/2/2024 18:20,March,6.93,6.9
3/2/2024 18:25,March,4.81,4.79
3/2/2024 18:30,March,4.81,4.78
3/2/2024 18:35,March,4.81,4.78
3/2/2024 18:40,March,4.83,4.8
3/2/2024 18:45,March,4.82,4.8
3/2/2024 18:50,March,3.93,3.91
3/2/2024 18:55,March,4.79,4.77
3/2/2024 19:00,March,4.79,4.77
3/2/2024 19:05,March,7.89,7.85
3/2/2024 19:10,March,4.9,4.88
3/2/2024 19:15,March,7.89,7.85
3/2/2024 19:20,March,4.8,4.77
3/2/2024 19:25,March,7.9,7.86
3/2/2024 19:30,March,4.8,4.77
3/2/2024 19:35,March,4.79,4.77
3/2/2024 19:40,March,4.81,4.78
3/2/2024 19:45,March,4.78,4.76
3/2/2024 19:50,March,4.8,4.77
3/2/2024 19:55,March,4.01,3.99
3/2/2024 20:00,March,4.34,4.31
3/2/2024 20:05,March,27.17,27.02
3/2/2024 20:10,March,18.36,18.26
3/2/2024 20:15,March,7.9,7.86
3/2/2024 20:20,March,4.8,4.77
3/2/2024 20:25,March,4.8,4.78
3/2/2024 20:30,March,4.77,4.75
3/2/2024 20:35,March,4.8,4.78
3/2/2024 20:40,March,4.8,4.77
3/2/2024 20:45,March,4.79,4.76
3/2/2024 20:50,March,4.78,4.76
3/2/2024 20:55,March,4.78,4.76
3/2/2024 21:00,March,4.78,4.76
3/2/2024 21:05,March,29.41,29.27
3/2/2024 21:10,March,29.18,29.03
3/2/2024 21:15,March,28.29,28.16
3/2/2024 21:20,March,22.25,22.15
3/2/2024 21:25,March,27.25,27.13
3/2/2024 21:30,March,13.26,13.2
3/2/2024 21:35,March,4.83,4.8
3/2/2024 21:40,March,4.77,4.75
3/2/2024 21:45,March,4.82,4.8
3/2/2024 21:50,March,4.05,4.03
3/2/2024 21:55,March,4.77,4.75
3/2/2024 22:00,March,4.78,4.76
3/2/2024 22:05,March,29.99,29.84
3/2/2024 22:10,March,28.56,28.42
3/2/2024 22:15,March,5.17,5.14
3/2/2024 22:20,March,4.81,4.79
3/2/2024 22:25,March,4.81,4.78
3/2/2024 22:30,March,4.8,4.78
3/2/2024 22:35,March,4.8,4.78
3/2/2024 22:40,March,4.79,4.77
3/2/2024 22:45,March,2.94,2.93
3/2/2024 22:50,March,3.42,3.4
3/2/2024 22:55,March,4.53,4.5
3/2/2024 23:00,March,4.53,4.5
3/2/2024 23:05,March,7.91,7.87
3/2/2024 23:10,March,4.79,4.77
3/2/2024 23:15,March,4.75,4.73
3/2/2024 23:20,March,4.77,4.75
3/2/2024 23:25,March,4.77,4.75
3/2/2024 23:30,March,7.9,7.86
3/2/2024 23:35,March,4.8,4.77
3/2/2024 23:40,March,4.8,4.78
3/2/2024 23:45,March,4.79,4.76
3/2/2024 23:50,March,3.94,3.92
3/2/2024 23:55,March,3.94,3.92
3/3/2024 0:00,March,4.78,4.75
3/3/2024 0:05,March,4.7,4.68
3/3/2024 0:10,March,4.71,4.68
3/3/2024 0:15,March,4.7,4.68
3/3/2024 0:20,March,4.8,4.77
3/3/2024 0:25,March,4.79,4.76
3/3/2024 0:30,March,3.89,3.87
3/3/2024 0:35,March,4.71,4.69
3/3/2024 0:40,March,3.67,3.66
3/3/2024 0:45,March,3.89,3.87
3/3/2024 0:50,March,4.7,4.67
3/3/2024 0:55,March,4.24,4.22
3/3/2024 1:00,March,4.21,4.19
3/3/2024 1:05,March,4.69,4.66
3/3/2024 1:10,March,4.69,4.67
3/3/2024 1:15,March,4.69,4.67
3/3/2024 1:20,March,4.77,4.75
3/3/2024 1:25,March,4.7,4.68
3/3/2024 1:30,March,4.67,4.65
3/3/2024 1:35,March,4.79,4.77
3/3/2024 1:40,March,4.71,4.69
3/3/2024 1:45,March,3.25,3.24
3/3/2024 1:50,March,3.88,3.86
3/3/2024 1:55,March,3.88,3.86
3/3/2024 2:00,March,3.88,3.86
3/3/2024 2:05,March,4.65,4.62
3/3/2024 2:10,March,4.79,4.77
3/3/2024 2:15,March,4.8,4.78
3/3/2024 2:20,March,4.81,4.78
3/3/2024 2:25,March,4.73,4.71
3/3/2024 2:30,March,4.64,4.62
3/3/2024 2:35,March,4.72,4.7
3/3/2024 2:40,March,4.11,4.09
3/3/2024 2:45,March,4.11,4.09
3/3/2024 2:50,March,2.85,2.84
3/3/2024 2:55,March,4.08,4.06
3/3/2024 3:00,March,4.08,4.06
3/3/2024 3:05,March,3.7,3.68
3/3/2024 3:10,March,3.69,3.67
3/3/2024 3:15,March,3.18,3.16
3/3/2024 3:20,March,4.05,4.02
3/3/2024 3:25,March,3.69,3.67
3/3/2024 3:30,March,3.69,3.66
3/3/2024 3:35,March,3.86,3.84
3/3/2024 3:40,March,3.86,3.83
3/3/2024 3:45,March,4.06,4.03
3/3/2024 3:50,March,3.95,3.93
3/3/2024 3:55,March,4.72,4.69
3/3/2024 4:00,March,3.96,3.93
3/3/2024 4:05,March,3.85,3.83
3/3/2024 4:10,March,3.96,3.93
3/3/2024 4:15,March,4.05,4.02
3/3/2024 4:20,March,3.68,3.65
3/3/2024 4:25,March,3.68,3.65
3/3/2024 4:30,March,3.84,3.81
3/3/2024 4:35,March,4.37,4.33
3/3/2024 4:40,March,8.04,7.97
3/3/2024 4:45,March,9.06,8.99
3/3/2024 4:50,March,7.8,7.74
3/3/2024 4:55,March,4.8,4.77
3/3/2024 5:00,March,4.79,4.75
3/3/2024 5:05,March,6.94,6.89
3/3/2024 5:10,March,4.72,4.68
3/3/2024 5:15,March,4.79,4.76
3/3/2024 5:20,March,4.79,4.75
3/3/2024 5:25,March,4.71,4.68
3/3/2024 5:30,March,4.7,4.67
3/3/2024 5:35,March,3.08,3.06
3/3/2024 5:40,March,3.66,3.63
3/3/2024 5:45,March,2.84,2.85
3/3/2024 5:50,March,3.21,3.21
3/3/2024 5:55,March,3.91,3.91
3/3/2024 6:00,March,4.73,4.73
3/3/2024 6:05,March,3.9,3.9
3/3/2024 6:10,March,3.05,3.05
3/3/2024 6:15,March,3.82,3.82
3/3/2024 6:20,March,3.83,3.83
3/3/2024 6:25,March,3.82,3.82
3/3/2024 6:30,March,3.12,3.12
3/3/2024 6:35,March,3.05,3.05
3/3/2024 6:40,March,3.05,3.05
3/3/2024 6:45,March,2.93,2.93
3/3/2024 6:50,March,0.98,0.98
3/3/2024 6:55,March,2.93,2.93
3/3/2024 7:00,March,2.93,2.93
3/3/2024 7:05,March,3.3,3.3
3/3/2024 7:10,March,3.04,3.05
3/3/2024 7:15,March,2.92,2.92
3/3/2024 7:20,March,0,0
3/3/2024 7:25,March,0.1,0.1
3/3/2024 7:30,March,0,0
3/3/2024 7:35,March,2.24,2.25
3/3/2024 7:40,March,2.9,2.91
3/3/2024 7:45,March,2.9,2.91
3/3/2024 7:50,March,3.54,3.55
3/3/2024 7:55,March,2.89,2.91
3/3/2024 8:00,March,3,3.01
3/3/2024 8:05,March,0,0
3/3/2024 8:10,March,0,0
3/3/2024 8:15,March,2.86,2.88
3/3/2024 8:20,March,2.86,2.87
3/3/2024 8:25,March,2.85,2.87
3/3/2024 8:30,March,2.85,2.87
3/3/2024 8:35,March,2.85,2.87
3/3/2024 8:40,March,2.95,2.97
3/3/2024 8:45,March,3.21,3.23
3/3/2024 8:50,March,3.03,3.04
3/3/2024 8:55,March,3.02,3.04
3/3/2024 9:00,March,2.98,3
3/3/2024 9:05,March,0.74,0.74
3/3/2024 9:10,March,2.92,2.93
3/3/2024 9:15,March,3.03,3.05
3/3/2024 9:20,March,3.03,3.04
3/3/2024 9:25,March,3.54,3.56
3/3/2024 9:30,March,3.54,3.56
3/3/2024 9:35,March,3.2,3.22
3/3/2024 9:40,March,3.12,3.14
3/3/2024 9:45,March,3.53,3.56
3/3/2024 9:50,March,3.02,3.04
3/3/2024 9:55,March,3.86,3.89
3/3/2024 10:00,March,3.53,3.56
3/3/2024 10:05,March,3.53,3.56
3/3/2024 10:10,March,3.87,3.9
3/3/2024 10:15,March,3.87,3.89
3/3/2024 10:20,March,3.88,3.9
3/3/2024 10:25,March,3.88,3.91
3/3/2024 10:30,March,3.89,3.91
3/3/2024 10:35,March,3.89,3.91
3/3/2024 10:40,March,3.49,3.49
3/3/2024 10:45,March,3.6,3.6
3/3/2024 10:50,March,3.49,3.49
3/3/2024 10:55,March,3.52,3.52
3/3/2024 11:00,March,3.51,3.51
3/3/2024 11:05,March,0,0
3/3/2024 11:10,March,3.06,3.06
3/3/2024 11:15,March,3.06,3.06
3/3/2024 11:20,March,3.23,3.23
3/3/2024 11:25,March,3.03,3.04
3/3/2024 11:30,March,3.06,3.06
3/3/2024 11:35,March,2.86,2.86
3/3/2024 11:40,March,2.77,2.77
3/3/2024 11:45,March,2.77,2.77
3/3/2024 11:50,March,2.57,2.57
3/3/2024 11:55,March,2.78,2.78
3/3/2024 12:00,March,3.28,3.28
3/3/2024 12:05,March,3.28,3.28
3/3/2024 12:10,March,2.86,2.86
3/3/2024 12:15,March,2.57,2.57
3/3/2024 12:20,March,0,0
3/3/2024 12:25,March,2.78,2.78
3/3/2024 12:30,March,2.78,2.78
3/3/2024 12:35,March,3.49,3.49
3/3/2024 12:40,March,3.6,3.6
3/3/2024 12:45,March,3.6,3.6
3/3/2024 12:50,March,3.6,3.6
3/3/2024 12:55,March,3.49,3.49
3/3/2024 13:00,March,3.6,3.6
3/3/2024 13:05,March,4.08,4.08
3/3/2024 13:10,March,3.6,3.6
3/3/2024 13:15,March,4.8,4.8
3/3/2024 13:20,March,3.88,3.88
3/3/2024 13:25,March,4.8,4.8
3/3/2024 13:30,March,4.79,4.79
3/3/2024 13:35,March,3.71,3.71
3/3/2024 13:40,March,3.88,3.88
3/3/2024 13:45,March,4.8,4.8
3/3/2024 13:50,March,4.8,4.8
3/3/2024 13:55,March,4.69,4.69
3/3/2024 14:00,March,3.88,3.88
3/3/2024 14:05,March,4.08,4.08
3/3/2024 14:10,March,3.88,3.88
3/3/2024 14:15,March,4.08,4.08
3/3/2024 14:20,March,3.71,3.71
3/3/2024 14:25,March,3.74,3.74
3/3/2024 14:30,March,3.71,3.71
3/3/2024 14:35,March,4.08,4.08
3/3/2024 14:40,March,3.88,3.88
3/3/2024 14:45,March,4.08,4.08
3/3/2024 14:50,March,3.71,3.71
3/3/2024 14:55,March,3.6,3.6
3/3/2024 15:00,March,3.6,3.6
3/3/2024 15:05,March,4.87,4.87
3/3/2024 15:10,March,4.79,4.79
3/3/2024 15:15,March,4.17,4.17
3/3/2024 15:20,March,4.87,4.87
3/3/2024 15:25,March,4.79,4.79
3/3/2024 15:30,March,4.87,4.87
3/3/2024 15:35,March,4.79,4.79
3/3/2024 15:40,March,4.17,4.17
3/3/2024 15:45,March,4.08,4.08
3/3/2024 15:50,March,4.08,4.08
3/3/2024 15:55,March,4.17,4.17
3/3/2024 16:00,March,3.71,3.71
3/3/2024 16:05,March,5.45,5.45
3/3/2024 16:10,March,4.87,4.87
3/3/2024 16:15,March,5.76,5.8
3/3/2024 16:20,March,4.87,4.87
3/3/2024 16:25,March,4.8,4.83
3/3/2024 16:30,March,4.8,4.83
3/3/2024 16:35,March,4.81,4.84
3/3/2024 16:40,March,4.82,4.85
3/3/2024 16:45,March,4.83,4.85
3/3/2024 16:50,March,7.9,7.94
3/3/2024 16:55,March,5.22,5.24
3/3/2024 17:00,March,7.93,7.96
3/3/2024 17:05,March,4.87,4.89
3/3/2024 17:10,March,7.91,7.95
3/3/2024 17:15,March,4.88,4.9
3/3/2024 17:20,March,4.88,4.9
3/3/2024 17:25,March,7.94,7.97
3/3/2024 17:30,March,4.17,4.17
3/3/2024 17:35,March,4.87,4.87
3/3/2024 17:40,March,8.94,8.94
3/3/2024 17:45,March,8.17,8.17
3/3/2024 17:50,March,8.94,8.94
3/3/2024 17:55,March,13.79,13.79
3/3/2024 18:00,March,14.89,14.89
3/3/2024 18:05,March,15.42,15.42
3/3/2024 18:10,March,4.88,4.88
3/3/2024 18:15,March,10.6,10.6
3/3/2024 18:20,March,17.36,17.36
3/3/2024 18:25,March,18.64,18.93
3/3/2024 18:30,March,24.1,24.1
3/3/2024 18:35,March,20.43,20.43
3/3/2024 18:40,March,24.08,24.08
3/3/2024 18:45,March,24.11,24.11
3/3/2024 18:50,March,29.5,29.52
3/3/2024 18:55,March,29.49,29.5
3/3/2024 19:00,March,31.4,31.42
3/3/2024 19:05,March,29.55,29.57
3/3/2024 19:10,March,29.53,29.53
3/3/2024 19:15,March,29.45,29.45
3/3/2024 19:20,March,29.44,29.45
3/3/2024 19:25,March,29.6,29.61
3/3/2024 19:30,March,29.45,29.45
3/3/2024 19:35,March,29.44,29.45
3/3/2024 19:40,March,29.52,29.53
3/3/2024 19:45,March,29.4,29.41
3/3/2024 19:50,March,29.49,29.49
3/3/2024 19:55,March,29.49,29.49
3/3/2024 20:00,March,29.51,29.51
3/3/2024 20:05,March,29.72,29.73
3/3/2024 20:10,March,29.7,29.7
3/3/2024 20:15,March,29.65,29.65
3/3/2024 20:20,March,29.57,29.58
3/3/2024 20:25,March,29.75,29.75
3/3/2024 20:30,March,29.73,29.72
3/3/2024 20:35,March,29.61,29.61
3/3/2024 20:40,March,29.68,29.68
3/3/2024 20:45,March,31.09,31.1
3/3/2024 20:50,March,31.29,31.32
3/3/2024 20:55,March,30.64,30.68
3/3/2024 21:00,March,29.83,29.89
3/3/2024 21:05,March,63.12,63.19
3/3/2024 21:10,March,42.67,42.71
3/3/2024 21:15,March,43.85,43.9
3/3/2024 21:20,March,60.99,61.06
3/3/2024 21:25,March,61.28,61.56
3/3/2024 21:30,March,32.44,32.47
3/3/2024 21:35,March,32.05,32.07
3/3/2024 21:40,March,32,32.05
3/3/2024 21:45,March,32.02,32.05
3/3/2024 21:50,March,42.3,42.35
3/3/2024 21:55,March,32.19,32.23
3/3/2024 22:00,March,32.04,32.07
3/3/2024 22:05,March,34.94,34.97
3/3/2024 22:10,March,31.98,32.02
3/3/2024 22:15,March,32.01,32.05
3/3/2024 22:20,March,34.87,34.89
3/3/2024 22:25,March,31.96,31.98
3/3/2024 22:30,March,30.66,30.7
3/3/2024 22:35,March,30.52,30.55
3/3/2024 22:40,March,29.49,29.52
3/3/2024 22:45,March,15.06,15.08
3/3/2024 22:50,March,15.07,15.09
3/3/2024 22:55,March,15.1,15.12
3/3/2024 23:00,March,26.99,27.02
3/3/2024 23:05,March,19,19.03
3/3/2024 23:10,March,15.09,15.11
3/3/2024 23:15,March,9.08,9.1
3/3/2024 23:20,March,7.99,8
3/3/2024 23:25,March,5,5
3/3/2024 23:30,March,5,5.01
3/3/2024 23:35,March,4.9,4.91
3/3/2024 23:40,March,4.89,4.9
3/3/2024 23:45,March,3.31,3.32
3/3/2024 23:50,March,3.82,3.83
3/3/2024 23:55,March,3.82,3.83
3/4/2024 0:00,March,3.97,3.98
3/4/2024 0:05,March,29.74,29.78
3/4/2024 0:10,March,27.31,27.34
3/4/2024 0:15,March,5.73,5.74
3/4/2024 0:20,March,25.94,26
3/4/2024 0:25,March,4.99,5
3/4/2024 0:30,March,4.99,5
3/4/2024 0:35,March,4.78,4.79
3/4/2024 0:40,March,4.85,4.86
3/4/2024 0:45,March,4.84,4.85
3/4/2024 0:50,March,4.85,4.85
3/4/2024 0:55,March,4.85,4.86
3/4/2024 1:00,March,3.27,3.27
3/4/2024 1:05,March,3.35,3.36
3/4/2024 1:10,March,4.75,4.76
3/4/2024 1:15,March,4.6,4.61
3/4/2024 1:20,March,4.74,4.75
3/4/2024 1:25,March,4.74,4.75
3/4/2024 1:30,March,4.75,4.75
3/4/2024 1:35,March,4.12,4.13
3/4/2024 1:40,March,4.58,4.59
3/4/2024 1:45,March,4.74,4.74
3/4/2024 1:50,March,4.73,4.74
3/4/2024 1:55,March,4.74,4.74
3/4/2024 2:00,March,4.11,4.12
3/4/2024 2:05,March,4.74,4.75
3/4/2024 2:10,March,4.64,4.64
3/4/2024 2:15,March,4.63,4.64
3/4/2024 2:20,March,4.74,4.74
3/4/2024 2:25,March,4.64,4.64
3/4/2024 2:30,March,4.63,4.63
3/4/2024 2:35,March,4.74,4.75
3/4/2024 2:40,March,4.74,4.74
3/4/2024 2:45,March,4.1,4.1
3/4/2024 2:50,March,4.56,4.56
3/4/2024 2:55,March,4.1,4.1
3/4/2024 3:00,March,4.56,4.56
3/4/2024 3:05,March,4.55,4.56
3/4/2024 3:10,March,4.63,4.63
3/4/2024 3:15,March,4.31,4.31
3/4/2024 3:20,March,4.3,4.3
3/4/2024 3:25,March,4.3,4.3
3/4/2024 3:30,March,4.3,4.29
3/4/2024 3:35,March,4.3,4.29
3/4/2024 3:40,March,4.3,4.29
3/4/2024 3:45,March,4.1,4.09
3/4/2024 3:50,March,4.1,4.09
3/4/2024 3:55,March,4.09,4.08
3/4/2024 4:00,March,4.29,4.28
3/4/2024 4:05,March,3.26,3.26
3/4/2024 4:10,March,4.75,4.75
3/4/2024 4:15,March,3.28,3.27
3/4/2024 4:20,March,4.75,4.74
3/4/2024 4:25,March,4.83,4.83
3/4/2024 4:30,March,4.75,4.75
3/4/2024 4:35,March,4.63,4.62
3/4/2024 4:40,March,4.74,4.74
3/4/2024 4:45,March,4.73,4.74
3/4/2024 4:50,March,4.31,4.31
3/4/2024 4:55,March,4.3,4.3
3/4/2024 5:00,March,4.73,4.73
3/4/2024 5:05,March,3.57,3.56
3/4/2024 5:10,March,4.83,4.83
3/4/2024 5:15,March,4.75,4.75
3/4/2024 5:20,March,5.86,5.86
3/4/2024 5:25,March,4.84,4.84
3/4/2024 5:30,March,4.84,4.84
3/4/2024 5:35,March,4.85,4.84
3/4/2024 5:40,March,4.85,4.84
3/4/2024 5:45,March,4.84,4.84
3/4/2024 5:50,March,4.84,4.84
3/4/2024 5:55,March,4.78,4.78
3/4/2024 6:00,March,4.84,4.83
3/4/2024 6:05,March,3.43,3.42
3/4/2024 6:10,March,4.79,4.78
3/4/2024 6:15,March,4.79,4.78
3/4/2024 6:20,March,4.79,4.79
3/4/2024 6:25,March,4.79,4.79
3/4/2024 6:30,March,4.3,4.29
3/4/2024 6:35,March,4.79,4.78
3/4/2024 6:40,March,4.78,4.78
3/4/2024 6:45,March,3.22,3.22
3/4/2024 6:50,March,3.22,3.21
3/4/2024 6:55,March,3.56,3.56
3/4/2024 7:00,March,4.28,4.28
3/4/2024 7:05,March,3.56,3.56
3/4/2024 7:10,March,4.6,4.6
3/4/2024 7:15,March,4.3,4.3
3/4/2024 7:20,March,4.6,4.61
3/4/2024 7:25,March,4.29,4.3
3/4/2024 7:30,March,3.89,3.89
3/4/2024 7:35,March,4.81,4.82
3/4/2024 7:40,March,4.79,4.8
3/4/2024 7:45,March,4.79,4.8
3/4/2024 7:50,March,4.79,4.8
3/4/2024 7:55,March,29.31,29.39
3/4/2024 8:00,March,4.81,4.82
3/4/2024 8:05,March,4.59,4.59
3/4/2024 8:10,March,4.82,4.83
3/4/2024 8:15,March,4.8,4.81
3/4/2024 8:20,March,4.82,4.83
3/4/2024 8:25,March,4.81,4.82
3/4/2024 8:30,March,4.82,4.84
3/4/2024 8:35,March,4.81,4.83
3/4/2024 8:40,March,4.81,4.83
3/4/2024 8:45,March,4.8,4.82
3/4/2024 8:50,March,4.8,4.82
3/4/2024 8:55,March,4.8,4.82
3/4/2024 9:00,March,4.81,4.83
3/4/2024 9:05,March,2.35,2.36
3/4/2024 9:10,March,3.53,3.55
3/4/2024 9:15,March,4.68,4.71
3/4/2024 9:20,March,13.34,13.42
3/4/2024 9:25,March,14.3,14.38
3/4/2024 9:30,March,4.79,4.82
3/4/2024 9:35,March,24.24,24.39
3/4/2024 9:40,March,13.31,13.4
3/4/2024 9:45,March,10.49,10.55
3/4/2024 9:50,March,25.73,25.9
3/4/2024 9:55,March,24.26,24.42
3/4/2024 10:00,March,24.23,24.38
3/4/2024 10:05,March,24.22,24.37
3/4/2024 10:10,March,29.06,29.25
3/4/2024 10:15,March,29.86,30.06
3/4/2024 10:20,March,30.34,30.52
3/4/2024 10:25,March,31.05,31.24
3/4/2024 10:30,March,31.21,31.41
3/4/2024 10:35,March,31.16,31.36
3/4/2024 10:40,March,31.17,31.36
3/4/2024 10:45,March,31.02,31.22
3/4/2024 10:50,March,30.67,30.85
3/4/2024 10:55,March,29.05,29.2
3/4/2024 11:00,March,28.92,29.02
3/4/2024 11:05,March,4.78,4.8
3/4/2024 11:10,March,24.19,24.26
3/4/2024 11:15,March,24.18,24.26
3/4/2024 11:20,March,27.81,27.9
3/4/2024 11:25,March,28.86,28.95
3/4/2024 11:30,March,27.8,27.89
3/4/2024 11:35,March,21.88,21.96
3/4/2024 11:40,March,21.88,21.96
3/4/2024 11:45,March,25.69,25.78
3/4/2024 11:50,March,6.09,6.09
3/4/2024 11:55,March,6.09,6.09
3/4/2024 12:00,March,6.09,6.09
3/4/2024 12:05,March,6.09,6.09
3/4/2024 12:10,March,6.09,6.09
3/4/2024 12:15,March,6.09,6.09
3/4/2024 12:20,March,6.09,6.09
3/4/2024 12:25,March,6.09,6.09
3/4/2024 12:30,March,6.09,6.09
3/4/2024 12:35,March,6.09,6.09
3/4/2024 12:40,March,6.09,6.09
3/4/2024 12:45,March,6.09,6.09
3/4/2024 12:50,March,6.09,6.09
3/4/2024 12:55,March,6.09,6.09
3/4/2024 13:00,March,6.09,6.09
3/4/2024 13:05,March,6.1,6.1
3/4/2024 13:10,March,6.1,6.1
3/4/2024 13:15,March,6.1,6.1
3/4/2024 13:20,March,6.1,6.1
3/4/2024 13:25,March,6.1,6.1
3/4/2024 13:30,March,6.1,6.1
3/4/2024 13:35,March,6.11,6.11
3/4/2024 13:40,March,6.11,6.11
3/4/2024 13:45,March,6.1,6.1
3/4/2024 13:50,March,6.1,6.1
3/4/2024 13:55,March,6.1,6.1
3/4/2024 14:00,March,6.1,6.1
3/4/2024 14:05,March,6.1,6.1
3/4/2024 14:10,March,6.1,6.1
3/4/2024 14:15,March,6.1,6.1
3/4/2024 14:20,March,6.1,6.1
3/4/2024 14:25,March,6.1,6.1
3/4/2024 14:30,March,6.1,6.1
3/4/2024 14:35,March,6.1,6.1
3/4/2024 14:40,March,6.1,6.1
3/4/2024 14:45,March,6.1,6.1
3/4/2024 14:50,March,6.1,6.1
3/4/2024 14:55,March,6.1,6.1
3/4/2024 15:00,March,6.1,6.1
3/4/2024 15:05,March,6.1,6.1
3/4/2024 15:10,March,6.1,6.1
3/4/2024 15:15,March,6.1,6.1
3/4/2024 15:20,March,6.1,6.1
3/4/2024 15:25,March,6.1,6.1
3/4/2024 15:30,March,6.1,6.1
3/4/2024 15:35,March,6.1,6.1
3/4/2024 15:40,March,36.16,36.13
3/4/2024 15:45,March,36.17,36.14
3/4/2024 15:50,March,56.56,56.49
3/4/2024 15:55,March,53.34,53.27
3/4/2024 16:00,March,6.1,6.1
3/4/2024 16:05,March,6.1,6.1
3/4/2024 16:10,March,6.1,6.1
3/4/2024 16:15,March,32.54,32.54
3/4/2024 16:20,March,32.54,32.54
3/4/2024 16:25,March,32.54,32.54
3/4/2024 16:30,March,33.69,33.69
3/4/2024 16:35,March,6.09,6.09
3/4/2024 16:40,March,6.1,6.1
3/4/2024 16:45,March,32.55,32.55
3/4/2024 16:50,March,32.55,32.55
3/4/2024 16:55,March,32.56,32.56
3/4/2024 17:00,March,32.56,32.56
3/4/2024 17:05,March,32.58,32.58
3/4/2024 17:10,March,6.09,6.09
3/4/2024 17:15,March,6.09,6.09
3/4/2024 17:20,March,6.09,6.09
3/4/2024 17:25,March,6.09,6.09
3/4/2024 17:30,March,32.48,32.48
3/4/2024 17:35,March,32.58,32.58
3/4/2024 17:40,March,6.1,6.1
3/4/2024 17:45,March,6.1,6.1
3/4/2024 17:50,March,6.11,6.11
3/4/2024 17:55,March,41.18,41.41
3/4/2024 18:00,March,41.2,41.42
3/4/2024 18:05,March,41.24,41.43
3/4/2024 18:10,March,41.2,41.38
3/4/2024 18:15,March,42.23,42.41
3/4/2024 18:20,March,44.04,43.86
3/4/2024 18:25,March,44.13,43.92
3/4/2024 18:30,March,37.17,37.02
3/4/2024 18:35,March,37.17,37.01
3/4/2024 18:40,March,37.18,36.99
3/4/2024 18:45,March,37.08,36.89
3/4/2024 18:50,March,6.11,6.11
3/4/2024 18:55,March,6.11,6.11
3/4/2024 19:00,March,37.13,36.91
3/4/2024 19:05,March,37.19,36.94
3/4/2024 19:10,March,32.79,32.57
3/4/2024 19:15,March,32.79,32.57
3/4/2024 19:20,March,32.8,32.57
3/4/2024 19:25,March,32.79,32.57
3/4/2024 19:30,March,32.81,32.61
3/4/2024 19:35,March,37.99,37.76
3/4/2024 19:40,March,38.02,37.81
3/4/2024 19:45,March,58.65,58.27
3/4/2024 19:50,March,32.81,32.58
3/4/2024 19:55,March,32.83,32.61
3/4/2024 20:00,March,32.82,32.58
3/4/2024 20:05,March,38.81,38.58
3/4/2024 20:10,March,32.73,32.52
3/4/2024 20:15,March,32.74,32.53
3/4/2024 20:20,March,32.73,32.54
3/4/2024 20:25,March,32.74,32.54
3/4/2024 20:30,March,32.75,32.54
3/4/2024 20:35,March,45.79,45.51
3/4/2024 20:40,March,6.08,6.08
3/4/2024 20:45,March,6.09,6.09
3/4/2024 20:50,March,56.73,56.73
3/4/2024 20:55,March,32.6,32.6
3/4/2024 21:00,March,33.25,33.25
3/4/2024 21:05,March,6.09,6.09
3/4/2024 21:10,March,6.09,6.09
3/4/2024 21:15,March,32.82,32.66
3/4/2024 21:20,March,32.84,32.67
3/4/2024 21:25,March,58.27,57.97
3/4/2024 21:30,March,32.83,32.67
3/4/2024 21:35,March,32.83,32.67
3/4/2024 21:40,March,32.67,32.51
3/4/2024 21:45,March,32.66,32.53
3/4/2024 21:50,March,32.68,32.57
3/4/2024 21:55,March,32.7,32.58
3/4/2024 22:00,March,32.71,32.59
3/4/2024 22:05,March,32.76,32.62
3/4/2024 22:10,March,32.82,32.66
3/4/2024 22:15,March,32.81,32.66
3/4/2024 22:20,March,32.82,32.65
3/4/2024 22:25,March,32.7,32.56
3/4/2024 22:30,March,32.73,32.61
3/4/2024 22:35,March,32.73,32.61
3/4/2024 22:40,March,32.73,32.61
3/4/2024 22:45,March,32.75,32.61
3/4/2024 22:50,March,32.76,32.63
3/4/2024 22:55,March,42.23,42.05
3/4/2024 23:00,March,32.77,32.63
3/4/2024 23:05,March,33.8,33.7
3/4/2024 23:10,March,32.76,32.66
3/4/2024 23:15,March,32.77,32.66
3/4/2024 23:20,March,32.77,32.66
3/4/2024 23:25,March,37.38,37.28
3/4/2024 23:30,March,32.8,32.7
3/4/2024 23:35,March,32.81,32.7
3/4/2024 23:40,March,32.8,32.7
3/4/2024 23:45,March,32.81,32.69
3/4/2024 23:50,March,32.81,32.69
3/4/2024 23:55,March,32.83,32.7
3/5/2024 0:00,March,32.81,32.68
3/5/2024 0:05,March,6.07,6.07
3/5/2024 0:10,March,6.07,6.07
3/5/2024 0:15,March,6.07,6.07
3/5/2024 0:20,March,6.07,6.07
3/5/2024 0:25,March,6.07,6.07
3/5/2024 0:30,March,6.07,6.07
3/5/2024 0:35,March,6.06,6.06
3/5/2024 0:40,March,6.06,6.06
3/5/2024 0:45,March,6.06,6.06
3/5/2024 0:50,March,6.06,6.06
3/5/2024 0:55,March,6.06,6.06
3/5/2024 1:00,March,6.06,6.06
3/5/2024 1:05,March,6.06,6.06
3/5/2024 1:10,March,6.06,6.06
3/5/2024 1:15,March,6.06,6.06
3/5/2024 1:20,March,6.06,6.06
3/5/2024 1:25,March,4.57,4.57
3/5/2024 1:30,March,4.64,4.64
3/5/2024 1:35,March,4.64,4.64
3/5/2024 1:40,March,4.64,4.64
3/5/2024 1:45,March,4.64,4.64
3/5/2024 1:50,March,4.28,4.28
3/5/2024 1:55,March,4.63,4.63
3/5/2024 2:00,March,4.63,4.63
3/5/2024 2:05,March,4.63,4.63
3/5/2024 2:10,March,4.62,4.62
3/5/2024 2:15,March,4.61,4.61
3/5/2024 2:20,March,4.62,4.62
3/5/2024 2:25,March,4.61,4.61
3/5/2024 2:30,March,4.11,4.11
3/5/2024 2:35,March,4.54,4.54
3/5/2024 2:40,March,4.12,4.12
3/5/2024 2:45,March,4.6,4.6
3/5/2024 2:50,March,4.28,4.28
3/5/2024 2:55,March,4.52,4.52
3/5/2024 3:00,March,4.52,4.52
3/5/2024 3:05,March,4.52,4.52
3/5/2024 3:10,March,4.52,4.52
3/5/2024 3:15,March,4.12,4.12
3/5/2024 3:20,March,4.52,4.52
3/5/2024 3:25,March,4.51,4.51
3/5/2024 3:30,March,4.51,4.51
3/5/2024 3:35,March,4.51,4.51
3/5/2024 3:40,March,4.51,4.51
3/5/2024 3:45,March,4.51,4.51
3/5/2024 3:50,March,4.51,4.51
3/5/2024 3:55,March,4.51,4.51
3/5/2024 4:00,March,4.51,4.51
3/5/2024 4:05,March,4.59,4.59
3/5/2024 4:10,March,4.59,4.59
3/5/2024 4:15,March,4.59,4.59
3/5/2024 4:20,March,4.51,4.51
3/5/2024 4:25,March,4.6,4.6
3/5/2024 4:30,March,4.52,4.52
3/5/2024 4:35,March,4.6,4.6
3/5/2024 4:40,March,4.6,4.6
3/5/2024 4:45,March,4.6,4.6
3/5/2024 4:50,March,4.79,4.79
3/5/2024 4:55,March,4.6,4.6
3/5/2024 5:00,March,4.62,4.62
3/5/2024 5:05,March,3.29,3.29
3/5/2024 5:10,March,4.54,4.54
3/5/2024 5:15,March,4.6,4.6
3/5/2024 5:20,March,4.6,4.6
3/5/2024 5:25,March,6.04,6.04
3/5/2024 5:30,March,6.04,6.04
3/5/2024 5:35,March,6.04,6.04
3/5/2024 5:40,March,4.63,4.63
3/5/2024 5:45,March,4.63,4.63
3/5/2024 5:50,March,4.64,4.64
3/5/2024 5:55,March,4.63,4.63
3/5/2024 6:00,March,4.63,4.63
3/5/2024 6:05,March,2.9,2.9
3/5/2024 6:10,March,3.54,3.54
3/5/2024 6:15,March,4.55,4.55
3/5/2024 6:20,March,4.28,4.28
3/5/2024 6:25,March,4.62,4.62
3/5/2024 6:30,March,4.28,4.28
3/5/2024 6:35,March,4.53,4.53
3/5/2024 6:40,March,2.84,2.84
3/5/2024 6:45,March,3.53,3.53
3/5/2024 6:50,March,3.63,3.63
3/5/2024 6:55,March,3.82,3.82
3/5/2024 7:00,March,4.14,4.14
3/5/2024 7:05,March,3.46,3.46
3/5/2024 7:10,March,4.51,4.51
3/5/2024 7:15,March,4.19,4.19
3/5/2024 7:20,March,4.29,4.29
3/5/2024 7:25,March,4.3,4.3
3/5/2024 7:30,March,4.58,4.58
3/5/2024 7:35,March,5.75,5.75
3/5/2024 7:40,March,4.58,4.58
3/5/2024 7:45,March,4.58,4.58
3/5/2024 7:50,March,4.59,4.59
3/5/2024 7:55,March,4.6,4.6
3/5/2024 8:00,March,6.06,6.06
3/5/2024 8:05,March,4.52,4.52
3/5/2024 8:10,March,6.08,6.08
3/5/2024 8:15,March,4.64,4.64
3/5/2024 8:20,March,4.65,4.65
3/5/2024 8:25,March,4.66,4.66
3/5/2024 8:30,March,6.13,6.13
3/5/2024 8:35,March,4.68,4.68
3/5/2024 8:40,March,4.67,4.67
3/5/2024 8:45,March,4.67,4.67
3/5/2024 8:50,March,4.66,4.66
3/5/2024 8:55,March,4.66,4.66
3/5/2024 9:00,March,4.73,4.73
3/5/2024 9:05,March,0,0
3/5/2024 9:10,March,3.46,3.46
3/5/2024 9:15,March,3.57,3.57
3/5/2024 9:20,March,4.62,4.62
3/5/2024 9:25,March,5.33,5.33
3/5/2024 9:30,March,5.32,5.32
3/5/2024 9:35,March,6.15,6.15
3/5/2024 9:40,March,6.16,6.16
3/5/2024 9:45,March,5.34,5.34
3/5/2024 9:50,March,6.18,6.18
3/5/2024 9:55,March,4.64,4.64
3/5/2024 10:00,March,4.73,4.73
3/5/2024 10:05,March,4.64,4.64
3/5/2024 10:10,March,4.75,4.75
3/5/2024 10:15,March,6.18,6.18
3/5/2024 10:20,March,6.18,6.18
3/5/2024 10:25,March,6.18,6.18
3/5/2024 10:30,March,6.16,6.16
3/5/2024 10:35,March,6.14,6.14
3/5/2024 10:40,March,6.15,6.15
3/5/2024 10:45,March,6.15,6.15
3/5/2024 10:50,March,6.16,6.16
3/5/2024 10:55,March,6.14,6.14
3/5/2024 11:00,March,6.16,6.16
3/5/2024 11:05,March,4.66,4.66
3/5/2024 11:10,March,4.75,4.75
3/5/2024 11:15,March,4.76,4.76
3/5/2024 11:20,March,4.75,4.75
3/5/2024 11:25,March,4.77,4.77
3/5/2024 11:30,March,4.66,4.66
3/5/2024 11:35,March,4.73,4.73
3/5/2024 11:40,March,4.72,4.72
3/5/2024 11:45,March,4.48,4.48
3/5/2024 11:50,March,4.58,4.58
3/5/2024 11:55,March,4.48,4.48
3/5/2024 12:00,March,3.59,3.59
3/5/2024 12:05,March,3.63,3.63
3/5/2024 12:10,March,4.48,4.48
3/5/2024 12:15,March,4.59,4.59
3/5/2024 12:20,March,4.58,4.58
3/5/2024 12:25,March,4.58,4.58
3/5/2024 12:30,March,4.58,4.58
3/5/2024 12:35,March,4.59,4.59
3/5/2024 12:40,March,4.59,4.59
3/5/2024 12:45,March,4.59,4.59
3/5/2024 12:50,March,4.67,4.67
3/5/2024 12:55,March,4.6,4.6
3/5/2024 13:00,March,6.2,6.2
3/5/2024 13:05,March,6.19,6.19
3/5/2024 13:10,March,6.21,6.21
3/5/2024 13:15,March,6.2,6.2
3/5/2024 13:20,March,6.23,6.23
3/5/2024 13:25,March,6.25,6.25
3/5/2024 13:30,March,6.27,6.27
3/5/2024 13:35,March,6.26,6.26
3/5/2024 13:40,March,6.26,6.26
3/5/2024 13:45,March,6.26,6.26
3/5/2024 13:50,March,6.27,6.27
3/5/2024 13:55,March,6.26,6.26
3/5/2024 14:00,March,6.27,6.27
3/5/2024 14:05,March,6.25,6.25
3/5/2024 14:10,March,6.26,6.26
3/5/2024 14:15,March,6.25,6.25
3/5/2024 14:20,March,6.24,6.24
3/5/2024 14:25,March,6.24,6.24
3/5/2024 14:30,March,6.25,6.25
3/5/2024 14:35,March,6.26,6.26
3/5/2024 14:40,March,6.24,6.24
3/5/2024 14:45,March,6.25,6.25
3/5/2024 14:50,March,6.22,6.22
3/5/2024 14:55,March,6.21,6.21
3/5/2024 15:00,March,6.19,6.19
3/5/2024 15:05,March,6.15,6.15
3/5/2024 15:10,March,6.14,6.14
3/5/2024 15:15,March,6.12,6.12
3/5/2024 15:20,March,6.12,6.12
3/5/2024 15:25,March,6.15,6.15
3/5/2024 15:30,March,6.14,6.14
3/5/2024 15:35,March,6.13,6.13
3/5/2024 15:40,March,6.13,6.13
3/5/2024 15:45,March,6.12,6.12
3/5/2024 15:50,March,6.12,6.12
3/5/2024 15:55,March,6.12,6.12
3/5/2024 16:00,March,6.12,6.12
3/5/2024 16:05,March,6.14,6.14
3/5/2024 16:10,March,6.13,6.13
3/5/2024 16:15,March,6.14,6.14
3/5/2024 16:20,March,6.14,6.14
3/5/2024 16:25,March,6.13,6.13
3/5/2024 16:30,March,6.13,6.13
3/5/2024 16:35,March,6.13,6.13
3/5/2024 16:40,March,6.13,6.13
3/5/2024 16:45,March,6.13,6.13
3/5/2024 16:50,March,6.14,6.14
3/5/2024 16:55,March,6.15,6.15
3/5/2024 17:00,March,6.16,6.16
3/5/2024 17:05,March,6.17,6.17
3/5/2024 17:10,March,6.17,6.17
3/5/2024 17:15,March,6.17,6.17
3/5/2024 17:20,March,6.18,6.18
3/5/2024 17:25,March,6.17,6.17
3/5/2024 17:30,March,6.19,6.19
3/5/2024 17:35,March,6.2,6.2
3/5/2024 17:40,March,6.2,6.2
3/5/2024 17:45,March,6.22,6.22
3/5/2024 17:50,March,6.22,6.22
3/5/2024 17:55,March,6.23,6.23
3/5/2024 18:00,March,6.23,6.23
3/5/2024 18:05,March,6.2,6.2
3/5/2024 18:10,March,6.18,6.18
3/5/2024 18:15,March,6.18,6.18
3/5/2024 18:20,March,6.17,6.17
3/5/2024 18:25,March,6.17,6.17
3/5/2024 18:30,March,6.16,6.16
3/5/2024 18:35,March,6.18,6.18
3/5/2024 18:40,March,6.18,6.18
3/5/2024 18:45,March,6.18,6.18
3/5/2024 18:50,March,6.17,6.17
3/5/2024 18:55,March,6.19,6.19
3/5/2024 19:00,March,6.19,6.19
3/5/2024 19:05,March,6.19,6.19
3/5/2024 19:10,March,6.18,6.18
3/5/2024 19:15,March,6.18,6.18
3/5/2024 19:20,March,6.18,6.18
3/5/2024 19:25,March,6.18,6.18
3/5/2024 19:30,March,6.17,6.17
3/5/2024 19:35,March,6.18,6.18
3/5/2024 19:40,March,6.18,6.18
3/5/2024 19:45,March,6.17,6.17
3/5/2024 19:50,March,6.17,6.17
3/5/2024 19:55,March,6.19,6.19
3/5/2024 20:00,March,6.18,6.18
3/5/2024 20:05,March,6.14,6.14
3/5/2024 20:10,March,6.14,6.14
3/5/2024 20:15,March,6.14,6.14
3/5/2024 20:20,March,6.14,6.14
3/5/2024 20:25,March,6.14,6.14
3/5/2024 20:30,March,6.14,6.14
3/5/2024 20:35,March,6.13,6.13
3/5/2024 20:40,March,6.15,6.15
3/5/2024 20:45,March,6.15,6.15
3/5/2024 20:50,March,6.15,6.15
3/5/2024 20:55,March,6.15,6.15
3/5/2024 21:00,March,6.16,6.16
3/5/2024 21:05,March,6.11,6.11
3/5/2024 21:10,March,6.11,6.11
3/5/2024 21:15,March,6.11,6.11
3/5/2024 21:20,March,6.13,6.13
3/5/2024 21:25,March,6.12,6.12
3/5/2024 21:30,March,6.13,6.13
3/5/2024 21:35,March,6.12,6.12
3/5/2024 21:40,March,6.12,6.12
3/5/2024 21:45,March,6.11,6.11
3/5/2024 21:50,March,6.12,6.12
3/5/2024 21:55,March,6.12,6.12
3/5/2024 22:00,March,6.12,6.12
3/5/2024 22:05,March,6.1,6.1
3/5/2024 22:10,March,6.1,6.1
3/5/2024 22:15,March,6.1,6.1
3/5/2024 22:20,March,6.1,6.1
3/5/2024 22:25,March,6.1,6.1
3/5/2024 22:30,March,6.1,6.1
3/5/2024 22:35,March,6.1,6.1
3/5/2024 22:40,March,6.1,6.1
3/5/2024 22:45,March,4.61,4.61
3/5/2024 22:50,March,4.37,4.37
3/5/2024 22:55,March,4.66,4.66
3/5/2024 23:00,March,4.58,4.58
3/5/2024 23:05,March,6.1,6.1
3/5/2024 23:10,March,6.1,6.1
3/5/2024 23:15,March,6.1,6.1
3/5/2024 23:20,March,6.09,6.09
3/5/2024 23:25,March,6.09,6.09
3/5/2024 23:30,March,6.09,6.09
3/5/2024 23:35,March,6.09,6.09
3/5/2024 23:40,March,6.09,6.09
3/5/2024 23:45,March,6.09,6.09
3/5/2024 23:50,March,6.09,6.09
3/5/2024 23:55,March,4.69,4.69
3/6/2024 0:00,March,4.66,4.66
3/6/2024 0:05,March,4.67,4.67
3/6/2024 0:10,March,4.67,4.67
3/6/2024 0:15,March,3.47,3.47
3/6/2024 0:20,March,4.58,4.58
3/6/2024 0:25,March,4.66,4.66
3/6/2024 0:30,March,4.18,4.18
3/6/2024 0:35,March,4.57,4.57
3/6/2024 0:40,March,4.57,4.57
3/6/2024 0:45,March,4.64,4.64
3/6/2024 0:50,March,4.57,4.57
3/6/2024 0:55,March,4.64,4.64
3/6/2024 1:00,March,4.64,4.64
3/6/2024 1:05,March,4.56,4.56
3/6/2024 1:10,March,4.64,4.64
3/6/2024 1:15,March,4.64,4.64
3/6/2024 1:20,March,4.63,4.63
3/6/2024 1:25,March,4.63,4.63
3/6/2024 1:30,March,4.63,4.63
3/6/2024 1:35,March,4.63,4.63
3/6/2024 1:40,March,4.27,4.27
3/6/2024 1:45,March,4.55,4.55
3/6/2024 1:50,March,4.31,4.31
3/6/2024 1:55,March,4.32,4.32
3/6/2024 2:00,March,3.26,3.26
3/6/2024 2:05,March,3.35,3.35
3/6/2024 2:10,March,3.39,3.39
3/6/2024 2:15,March,3.39,3.39
3/6/2024 2:20,March,2.91,2.91
3/6/2024 2:25,March,3.68,3.68
3/6/2024 2:30,March,4.52,4.52
3/6/2024 2:35,March,3.35,3.35
3/6/2024 2:40,March,3.34,3.34
3/6/2024 2:45,March,3.28,3.28
3/6/2024 2:50,March,3.28,3.28
3/6/2024 2:55,March,2.95,2.95
3/6/2024 3:00,March,2.94,2.94
3/6/2024 3:05,March,3.28,3.28
3/6/2024 3:10,March,3.28,3.28
3/6/2024 3:15,March,3.26,3.26
3/6/2024 3:20,March,3.34,3.34
3/6/2024 3:25,March,2.93,2.93
3/6/2024 3:30,March,2.92,2.92
3/6/2024 3:35,March,3.2,3.2
3/6/2024 3:40,March,3.34,3.34
3/6/2024 3:45,March,3.3,3.3
3/6/2024 3:50,March,3.29,3.29
3/6/2024 3:55,March,2.92,2.92
3/6/2024 4:00,March,3.07,3.07
3/6/2024 4:05,March,3.34,3.34
3/6/2024 4:10,March,3.33,3.33
3/6/2024 4:15,March,3.73,3.73
3/6/2024 4:20,March,3.38,3.38
3/6/2024 4:25,March,4.3,4.3
3/6/2024 4:30,March,3.73,3.73
3/6/2024 4:35,March,4.52,4.52
3/6/2024 4:40,March,3.84,3.84
3/6/2024 4:45,March,4.3,4.3
3/6/2024 4:50,March,3.84,3.84
3/6/2024 4:55,March,4.31,4.31
3/6/2024 5:00,March,4.59,4.59
3/6/2024 5:05,March,4.59,4.59
3/6/2024 5:10,March,4.59,4.59
3/6/2024 5:15,March,4.51,4.51
3/6/2024 5:20,March,4.51,4.51
3/6/2024 5:25,March,4.59,4.59
3/6/2024 5:30,March,4.59,4.59
3/6/2024 5:35,March,4.59,4.59
3/6/2024 5:40,March,4.6,4.6
3/6/2024 5:45,March,3.97,3.97
3/6/2024 5:50,March,4.53,4.53
3/6/2024 5:55,March,4.08,4.08
3/6/2024 6:00,March,4.52,4.52
3/6/2024 6:05,March,3.21,3.21
3/6/2024 6:10,March,3.36,3.36
3/6/2024 6:15,March,3.96,3.96
3/6/2024 6:20,March,3.63,3.63
3/6/2024 6:25,March,3.96,3.96
3/6/2024 6:30,March,3.29,3.29
3/6/2024 6:35,March,2.7,2.7
3/6/2024 6:40,March,2.44,2.44
3/6/2024 6:45,March,2.62,2.62
3/6/2024 6:50,March,2.74,2.74
3/6/2024 6:55,March,2.66,2.66
3/6/2024 7:00,March,2.66,2.66
3/6/2024 7:05,March,0,0
3/6/2024 7:10,March,0.09,0.09
3/6/2024 7:15,March,2.68,2.68
3/6/2024 7:20,March,2.75,2.75
3/6/2024 7:25,March,2.78,2.78
3/6/2024 7:30,March,2.78,2.78
3/6/2024 7:35,March,2.8,2.8
3/6/2024 7:40,March,2.85,2.85
3/6/2024 7:45,March,3,3
3/6/2024 7:50,March,3.39,3.39
3/6/2024 7:55,March,3.44,3.44
3/6/2024 8:00,March,4.46,4.46
3/6/2024 8:05,March,2.48,2.48
3/6/2024 8:10,March,2.97,2.97
3/6/2024 8:15,March,2.97,2.97
3/6/2024 8:20,March,3.21,3.21
3/6/2024 8:25,March,3.34,3.34
3/6/2024 8:30,March,3.93,3.93
3/6/2024 8:35,March,3.92,3.92
3/6/2024 8:40,March,3.47,3.47
3/6/2024 8:45,March,3.47,3.47
3/6/2024 8:50,March,3.8,3.8
3/6/2024 8:55,March,3.78,3.78
3/6/2024 9:00,March,3.77,3.77
3/6/2024 9:05,March,3.24,3.24
3/6/2024 9:10,March,3.78,3.78
3/6/2024 9:15,March,3.78,3.78
3/6/2024 9:20,March,3.99,3.99
3/6/2024 9:25,March,3.99,3.99
3/6/2024 9:30,March,4.49,4.49
3/6/2024 9:35,March,4.51,4.51
3/6/2024 9:40,March,4.57,4.57
3/6/2024 9:45,March,4.59,4.59
3/6/2024 9:50,March,4.57,4.57
3/6/2024 9:55,March,4.58,4.58
3/6/2024 10:00,March,4.58,4.58
3/6/2024 10:05,March,4.59,4.59
3/6/2024 10:10,March,4.89,4.89
3/6/2024 10:15,March,4.61,4.61
3/6/2024 10:20,March,4.64,4.64
3/6/2024 10:25,March,4.42,4.42
3/6/2024 10:30,March,4.56,4.56
3/6/2024 10:35,March,6.31,6.31
3/6/2024 10:40,March,4.78,4.78
3/6/2024 10:45,March,4.7,4.7
3/6/2024 10:50,March,4.69,4.69
3/6/2024 10:55,March,3.6,3.6
3/6/2024 11:00,March,4.38,4.38
3/6/2024 11:05,March,3.83,3.83
3/6/2024 11:10,March,4.66,4.66
3/6/2024 11:15,March,4.67,4.67
3/6/2024 11:20,March,4.67,4.67
3/6/2024 11:25,March,3.85,3.85
3/6/2024 11:30,March,3.19,3.19
3/6/2024 11:35,March,3.51,3.51
3/6/2024 11:40,March,3.5,3.5
3/6/2024 11:45,March,3.53,3.53
3/6/2024 11:50,March,3.51,3.51
3/6/2024 11:55,March,3.46,3.46
3/6/2024 12:00,March,3.19,3.19
3/6/2024 12:05,March,3.2,3.2
3/6/2024 12:10,March,3.28,3.28
3/6/2024 12:15,March,3.5,3.5
3/6/2024 12:20,March,4.66,4.66
3/6/2024 12:25,March,4.31,4.31
3/6/2024 12:30,March,3.53,3.53
3/6/2024 12:35,March,3.53,3.53
3/6/2024 12:40,March,3.53,3.53
3/6/2024 12:45,March,3.56,3.56
3/6/2024 12:50,March,4.49,4.49
3/6/2024 12:55,March,4.66,4.66
3/6/2024 13:00,March,4.76,4.76
3/6/2024 13:05,March,6.27,6.27
3/6/2024 13:10,March,6.29,6.29
3/6/2024 13:15,March,6.29,6.29
3/6/2024 13:20,March,6.33,6.33
3/6/2024 13:25,March,6.34,6.34
3/6/2024 13:30,March,6.37,6.37
3/6/2024 13:35,March,6.36,6.36
3/6/2024 13:40,March,6.37,6.37
3/6/2024 13:45,March,4.84,4.84
3/6/2024 13:50,March,4.76,4.76
3/6/2024 13:55,March,4.83,4.83
3/6/2024 14:00,March,6.34,6.34
3/6/2024 14:05,March,6.07,6.07
3/6/2024 14:10,March,6.32,6.32
3/6/2024 14:15,March,6.3,6.3
3/6/2024 14:20,March,6.29,6.29
3/6/2024 14:25,March,6.3,6.3
3/6/2024 14:30,March,6.28,6.28
3/6/2024 14:35,March,6.29,6.29
3/6/2024 14:40,March,6.26,6.26
3/6/2024 14:45,March,6.27,6.27
3/6/2024 14:50,March,6.27,6.27
3/6/2024 14:55,March,6.28,6.28
3/6/2024 15:00,March,6.29,6.29
3/6/2024 15:05,March,6.27,6.27
3/6/2024 15:10,March,6.3,6.3
3/6/2024 15:15,March,6.25,6.25
3/6/2024 15:20,March,6.25,6.25
3/6/2024 15:25,March,6.27,6.27
3/6/2024 15:30,March,6.29,6.29
3/6/2024 15:35,March,6.31,6.31
3/6/2024 15:40,March,6.32,6.32
3/6/2024 15:45,March,6.31,6.31
3/6/2024 15:50,March,6.31,6.31
3/6/2024 15:55,March,6.31,6.31
3/6/2024 16:00,March,6.31,6.31
3/6/2024 16:05,March,6.3,6.3
3/6/2024 16:10,March,6.31,6.31
3/6/2024 16:15,March,6.3,6.3
3/6/2024 16:20,March,6.29,6.29
3/6/2024 16:25,March,6.3,6.3
3/6/2024 16:30,March,6.28,6.28
3/6/2024 16:35,March,6.29,6.29
3/6/2024 16:40,March,6.27,6.27
3/6/2024 16:45,March,6.28,6.28
3/6/2024 16:50,March,6.27,6.27
3/6/2024 16:55,March,6.3,6.3
3/6/2024 17:00,March,6.31,6.31
3/6/2024 17:05,March,4.82,4.82
3/6/2024 17:10,March,5.39,5.39
3/6/2024 17:15,March,5.37,5.37
3/6/2024 17:20,March,5.38,5.38
3/6/2024 17:25,March,5.48,5.48
3/6/2024 17:30,March,5.68,5.68
3/6/2024 17:35,March,5.68,5.68
3/6/2024 17:40,March,6.33,6.33
3/6/2024 17:45,March,5.38,5.38
3/6/2024 17:50,March,6.36,6.36
3/6/2024 17:55,March,6.43,6.43
3/6/2024 18:00,March,6.43,6.43
3/6/2024 18:05,March,6.37,6.37
3/6/2024 18:10,March,6.35,6.35
3/6/2024 18:15,March,6.3,6.3
3/6/2024 18:20,March,6.31,6.31
3/6/2024 18:25,March,6.3,6.3
3/6/2024 18:30,March,6.28,6.28
3/6/2024 18:35,March,6.29,6.29
3/6/2024 18:40,March,6.3,6.3
3/6/2024 18:45,March,6.31,6.31
3/6/2024 18:50,March,6.31,6.31
3/6/2024 18:55,March,6.33,6.33
3/6/2024 19:00,March,6.34,6.34
3/6/2024 19:05,March,6.34,6.34
3/6/2024 19:10,March,6.33,6.33
3/6/2024 19:15,March,6.35,6.35
3/6/2024 19:20,March,6.35,6.35
3/6/2024 19:25,March,6.35,6.35
3/6/2024 19:30,March,6.36,6.36
3/6/2024 19:35,March,6.39,6.39
3/6/2024 19:40,March,15.33,15.26
3/6/2024 19:45,March,15.49,15.41
3/6/2024 19:50,March,28.57,28.42
3/6/2024 19:55,March,18.66,18.57
3/6/2024 20:00,March,13.46,13.4
3/6/2024 20:05,March,30.42,30.29
3/6/2024 20:10,March,31.04,30.89
3/6/2024 20:15,March,31.49,31.33
3/6/2024 20:20,March,29.6,29.45
3/6/2024 20:25,March,29.61,29.46
3/6/2024 20:30,March,29.57,29.41
3/6/2024 20:35,March,29.44,29.29
3/6/2024 20:40,March,28.48,28.33
3/6/2024 20:45,March,19.95,19.84
3/6/2024 20:50,March,15.56,15.47
3/6/2024 20:55,March,6.36,6.36
3/6/2024 21:00,March,12.94,12.85
3/6/2024 21:05,March,31.65,31.42
3/6/2024 21:10,March,30.9,30.67
3/6/2024 21:15,March,30.83,30.58
3/6/2024 21:20,March,30.66,30.41
3/6/2024 21:25,March,30.23,29.97
3/6/2024 21:30,March,30.24,30
3/6/2024 21:35,March,29.48,29.25
3/6/2024 21:40,March,27.06,26.85
3/6/2024 21:45,March,15.56,15.44
3/6/2024 21:50,March,15.68,15.56
3/6/2024 21:55,March,13.44,13.34
3/6/2024 22:00,March,8.87,8.81
3/6/2024 22:05,March,25.99,25.8
3/6/2024 22:10,March,14.45,14.34
3/6/2024 22:15,March,13.19,13.08
3/6/2024 22:20,March,9.08,9.01
3/6/2024 22:25,March,4.92,4.89
3/6/2024 22:30,March,5.55,5.51
3/6/2024 22:35,March,5.43,5.4
3/6/2024 22:40,March,5.55,5.52
3/6/2024 22:45,March,5.55,5.52
3/6/2024 22:50,March,4.94,4.91
3/6/2024 22:55,March,4.92,4.89
3/6/2024 23:00,March,4.83,4.8
3/6/2024 23:05,March,5.65,5.62
3/6/2024 23:10,March,5.18,5.16
3/6/2024 23:15,March,5.22,5.19
3/6/2024 23:20,March,4.91,4.89
3/6/2024 23:25,March,4.9,4.87
3/6/2024 23:30,March,4.9,4.87
3/6/2024 23:35,March,4.9,4.87
3/6/2024 23:40,March,4.89,4.86
3/6/2024 23:45,March,4.89,4.86
3/6/2024 23:50,March,4.88,4.85
3/6/2024 23:55,March,4.88,4.85
3/7/2024 0:00,March,4.87,4.85
3/7/2024 0:05,March,4.86,4.83
3/7/2024 0:10,March,4.86,4.83
3/7/2024 0:15,March,4.85,4.83
3/7/2024 0:20,March,4.88,4.85
3/7/2024 0:25,March,4.84,4.81
3/7/2024 0:30,March,4.84,4.82
3/7/2024 0:35,March,4.85,4.82
3/7/2024 0:40,March,4.85,4.82
3/7/2024 0:45,March,4.85,4.82
3/7/2024 0:50,March,4.86,4.84
3/7/2024 0:55,March,4.85,4.82
3/7/2024 1:00,March,3.56,3.54
3/7/2024 1:05,March,4.74,4.71
3/7/2024 1:10,March,4.76,4.73
3/7/2024 1:15,March,4.76,4.73
3/7/2024 1:20,March,4.76,4.73
3/7/2024 1:25,March,4.57,4.54
3/7/2024 1:30,March,4.83,4.8
3/7/2024 1:35,March,3.61,3.59
3/7/2024 1:40,March,3.84,3.82
3/7/2024 1:45,March,4.75,4.72
3/7/2024 1:50,March,4.76,4.72
3/7/2024 1:55,March,4.77,4.73
3/7/2024 2:00,March,3.85,3.82
3/7/2024 2:05,March,13.28,13.18
3/7/2024 2:10,March,4.86,4.83
3/7/2024 2:15,March,4.77,4.73
3/7/2024 2:20,March,4.76,4.73
3/7/2024 2:25,March,4.77,4.73
3/7/2024 2:30,March,3.84,3.81
3/7/2024 2:35,March,4.76,4.72
3/7/2024 2:40,March,3.84,3.81
3/7/2024 2:45,March,4.76,4.72
3/7/2024 2:50,March,3.83,3.8
3/7/2024 2:55,March,4.83,4.79
3/7/2024 3:00,March,3.84,3.81
3/7/2024 3:05,March,3.84,3.81
3/7/2024 3:10,March,4.76,4.72
3/7/2024 3:15,March,3.26,3.23
3/7/2024 3:20,March,3.61,3.58
3/7/2024 3:25,March,3.57,3.54
3/7/2024 3:30,March,3.57,3.54
3/7/2024 3:35,March,3.57,3.54
3/7/2024 3:40,March,3.61,3.58
3/7/2024 3:45,March,3.38,3.35
3/7/2024 3:50,March,3.57,3.54
3/7/2024 3:55,March,3.55,3.52
3/7/2024 4:00,March,3.61,3.58
3/7/2024 4:05,March,2.5,2.48
3/7/2024 4:10,March,3.42,3.39
3/7/2024 4:15,March,3.56,3.52
3/7/2024 4:20,March,3.83,3.79
3/7/2024 4:25,March,3.83,3.79
3/7/2024 4:30,March,3.61,3.58
3/7/2024 4:35,March,3.83,3.79
3/7/2024 4:40,March,3.42,3.39
3/7/2024 4:45,March,3.61,3.58
3/7/2024 4:50,March,3.83,3.79
3/7/2024 4:55,March,4.53,4.48
3/7/2024 5:00,March,4.53,4.48
3/7/2024 5:05,March,4.85,4.81
3/7/2024 5:10,March,4.87,4.82
3/7/2024 5:15,March,4.87,4.82
3/7/2024 5:20,March,4.79,4.74
3/7/2024 5:25,March,4.87,4.82
3/7/2024 5:30,March,4.87,4.82
3/7/2024 5:35,March,4.87,4.82
3/7/2024 5:40,March,4.79,4.74
3/7/2024 5:45,March,4.79,4.74
3/7/2024 5:50,March,4.88,4.83
3/7/2024 5:55,March,4.8,4.75
3/7/2024 6:00,March,4.8,4.75
3/7/2024 6:05,March,3.62,3.58
3/7/2024 6:10,March,3.83,3.79
3/7/2024 6:15,March,4.88,4.82
3/7/2024 6:20,March,4.88,4.83
3/7/2024 6:25,March,4.87,4.82
3/7/2024 6:30,March,4.09,4.05
3/7/2024 6:35,March,3.82,3.78
3/7/2024 6:40,March,3.82,3.78
3/7/2024 6:45,March,3.25,3.22
3/7/2024 6:50,March,3.06,3.03
3/7/2024 6:55,March,2.94,2.91
3/7/2024 7:00,March,2.81,2.79
3/7/2024 7:05,March,2.86,2.84
3/7/2024 7:10,March,3.24,3.21
3/7/2024 7:15,March,3.29,3.26
3/7/2024 7:20,March,3.55,3.52
3/7/2024 7:25,March,3.49,3.47
3/7/2024 7:30,March,3.23,3.21
3/7/2024 7:35,March,3.49,3.47
3/7/2024 7:40,March,3.49,3.47
3/7/2024 7:45,March,3.49,3.46
3/7/2024 7:50,March,3.81,3.79
3/7/2024 7:55,March,3.81,3.79
3/7/2024 8:00,March,4.06,4.04
3/7/2024 8:05,March,2.85,2.83
3/7/2024 8:10,March,3.4,3.38
3/7/2024 8:15,March,3.4,3.38
3/7/2024 8:20,March,3.52,3.5
3/7/2024 8:25,March,3.52,3.5
3/7/2024 8:30,March,3.52,3.5
3/7/2024 8:35,March,3.5,3.48
3/7/2024 8:40,March,3.5,3.48
3/7/2024 8:45,March,3.5,3.48
3/7/2024 8:50,March,3.51,3.5
3/7/2024 8:55,March,3.5,3.49
3/7/2024 9:00,March,3.5,3.49
3/7/2024 9:05,March,3.07,3.06
3/7/2024 9:10,March,3.5,3.48
3/7/2024 9:15,March,3.5,3.48
3/7/2024 9:20,March,3.82,3.8
3/7/2024 9:25,March,3.8,3.79
3/7/2024 9:30,March,3.53,3.52
3/7/2024 9:35,March,4.64,4.63
3/7/2024 9:40,March,4.63,4.62
3/7/2024 9:45,March,4.63,4.62
3/7/2024 9:50,March,4.63,4.62
3/7/2024 9:55,March,3.81,3.81
3/7/2024 10:00,March,3.81,3.81
3/7/2024 10:05,March,3.35,3.34
3/7/2024 10:10,March,3.8,3.79
3/7/2024 10:15,March,3.8,3.79
3/7/2024 10:20,March,3.79,3.79
3/7/2024 10:25,March,4.26,4.25
3/7/2024 10:30,March,4.25,4.24
3/7/2024 10:35,March,4.24,4.24
3/7/2024 10:40,March,3.92,3.92
3/7/2024 10:45,March,4.24,4.23
3/7/2024 10:50,March,3.82,3.82
3/7/2024 10:55,March,3.81,3.8
3/7/2024 11:00,March,3.81,3.8
3/7/2024 11:05,March,3.81,3.81
3/7/2024 11:10,March,3.92,3.91
3/7/2024 11:15,March,3.8,3.8
3/7/2024 11:20,March,3.81,3.8
3/7/2024 11:25,March,4,4
3/7/2024 11:30,March,3.91,3.91
3/7/2024 11:35,March,3.51,3.5
3/7/2024 11:40,March,3.81,3.8
3/7/2024 11:45,March,3.47,3.47
3/7/2024 11:50,March,3.42,3.42
3/7/2024 11:55,March,3.31,3.31
3/7/2024 12:00,March,3.33,3.32
3/7/2024 12:05,March,3.32,3.32
3/7/2024 12:10,March,3.27,3.26
3/7/2024 12:15,March,3.34,3.33
3/7/2024 12:20,March,3.32,3.32
3/7/2024 12:25,March,3.29,3.28
3/7/2024 12:30,March,3.31,3.3
3/7/2024 12:35,March,3.37,3.37
3/7/2024 12:40,March,3.46,3.46
3/7/2024 12:45,March,3.47,3.47
3/7/2024 12:50,March,3.47,3.46
3/7/2024 12:55,March,3.5,3.5
3/7/2024 13:00,March,13.26,13.26
3/7/2024 13:05,March,14.54,14.55
3/7/2024 13:10,March,8.92,8.92
3/7/2024 13:15,March,13.54,13.55
3/7/2024 13:20,March,4.85,4.86
3/7/2024 13:25,March,3.87,3.87
3/7/2024 13:30,March,4.7,4.7
3/7/2024 13:35,March,4.7,4.7
3/7/2024 13:40,March,8.77,8.77
3/7/2024 13:45,March,8.15,8.15
3/7/2024 13:50,March,5.1,5.1
3/7/2024 13:55,March,4.87,4.87
3/7/2024 14:00,March,4.76,4.76
3/7/2024 14:05,March,5.1,5.1
3/7/2024 14:10,March,7.7,7.7
3/7/2024 14:15,March,7.77,7.77
3/7/2024 14:20,March,12.23,12.22
3/7/2024 14:25,March,7.78,7.78
3/7/2024 14:30,March,4.78,4.78
3/7/2024 14:35,March,4.76,4.76
3/7/2024 14:40,March,7.95,7.95
3/7/2024 14:45,March,5.07,5.07
3/7/2024 14:50,March,12.23,12.23
3/7/2024 14:55,March,8.72,8.72
3/7/2024 15:00,March,7.7,7.71
3/7/2024 15:05,March,7.8,7.8
3/7/2024 15:10,March,7.71,7.71
3/7/2024 15:15,March,12.23,12.23
3/7/2024 15:20,March,10.68,10.68
3/7/2024 15:25,March,8.94,8.95
3/7/2024 15:30,March,8.94,8.94
3/7/2024 15:35,March,5.61,5.61
3/7/2024 15:40,March,5.01,5
3/7/2024 15:45,March,5.6,5.6
3/7/2024 15:50,March,8.81,8.79
3/7/2024 15:55,March,7.82,7.81
3/7/2024 16:00,March,5.62,5.62
3/7/2024 16:05,March,12.09,12.07
3/7/2024 16:10,March,11.96,11.95
3/7/2024 16:15,March,11.93,11.93
3/7/2024 16:20,March,12.39,12.38
3/7/2024 16:25,March,8.76,8.75
3/7/2024 16:30,March,10.64,10.63
3/7/2024 16:35,March,7.86,7.85
3/7/2024 16:40,March,5.12,5.11
3/7/2024 16:45,March,6.11,6.1
3/7/2024 16:50,March,5.14,5.13
3/7/2024 16:55,March,5.03,5.02
3/7/2024 17:00,March,4.84,4.82
3/7/2024 17:05,March,3.94,3.93
3/7/2024 17:10,March,4.76,4.75
3/7/2024 17:15,March,4.76,4.74
3/7/2024 17:20,March,4.84,4.82
3/7/2024 17:25,March,4.86,4.85
3/7/2024 17:30,March,4.85,4.83
3/7/2024 17:35,March,4.85,4.83
3/7/2024 17:40,March,4.84,4.82
3/7/2024 17:45,March,5.02,5.01
3/7/2024 17:50,March,5.03,5.01
3/7/2024 17:55,March,6.8,6.77
3/7/2024 18:00,March,5.13,5.11
3/7/2024 18:05,March,5.13,5.11
3/7/2024 18:10,March,7.79,7.77
3/7/2024 18:15,March,8.81,8.78
3/7/2024 18:20,March,9.02,8.98
3/7/2024 18:25,March,8.83,8.79
3/7/2024 18:30,March,10.68,10.62
3/7/2024 18:35,March,11.94,11.88
3/7/2024 18:40,March,14.17,14.09
3/7/2024 18:45,March,12.73,12.64
3/7/2024 18:50,March,10.86,10.78
3/7/2024 18:55,March,8.85,8.79
3/7/2024 19:00,March,5.66,5.62
3/7/2024 19:05,March,8.85,8.8
3/7/2024 19:10,March,5.65,5.62
3/7/2024 19:15,March,6.17,6.14
3/7/2024 19:20,March,4.86,4.84
3/7/2024 19:25,March,4.77,4.75
3/7/2024 19:30,March,4.87,4.85
3/7/2024 19:35,March,4.86,4.84
3/7/2024 19:40,March,3.95,3.94
3/7/2024 19:45,March,4.86,4.84
3/7/2024 19:50,March,4.78,4.76
3/7/2024 19:55,March,4.87,4.85
3/7/2024 20:00,March,4.87,4.85
3/7/2024 20:05,March,15.48,15.42
3/7/2024 20:10,March,10.66,10.63
3/7/2024 20:15,March,10.66,10.62
3/7/2024 20:20,March,10.88,10.84
3/7/2024 20:25,March,6.42,6.4
3/7/2024 20:30,March,6.42,6.4
3/7/2024 20:35,March,4.9,4.88
3/7/2024 20:40,March,6.04,6.02
3/7/2024 20:45,March,6.41,6.39
3/7/2024 20:50,March,5.15,5.13
3/7/2024 20:55,March,4.91,4.89
3/7/2024 21:00,March,4.89,4.87
3/7/2024 21:05,March,17.01,16.95
3/7/2024 21:10,March,11.95,11.91
3/7/2024 21:15,March,10.66,10.62
3/7/2024 21:20,March,11.71,11.66
3/7/2024 21:25,March,6.24,6.22
3/7/2024 21:30,March,7.66,7.63
3/7/2024 21:35,March,4.93,4.9
3/7/2024 21:40,March,4.6,4.58
3/7/2024 21:45,March,4.59,4.57
3/7/2024 21:50,March,4.8,4.78
3/7/2024 21:55,March,4.88,4.86
3/7/2024 22:00,March,4.8,4.78
3/7/2024 22:05,March,5.14,5.12
3/7/2024 22:10,March,4.79,4.77
3/7/2024 22:15,March,4.64,4.62
3/7/2024 22:20,March,4.85,4.84
3/7/2024 22:25,March,4.77,4.75
3/7/2024 22:30,March,4.84,4.82
3/7/2024 22:35,March,4.59,4.57
3/7/2024 22:40,March,4.76,4.74
3/7/2024 22:45,March,4.59,4.57
3/7/2024 22:50,March,4.75,4.73
3/7/2024 22:55,March,4.75,4.73
3/7/2024 23:00,March,3.91,3.89
3/7/2024 23:05,March,5.79,5.77
3/7/2024 23:10,March,4.81,4.8
3/7/2024 23:15,March,4.61,4.6
3/7/2024 23:20,March,4.59,4.57
3/7/2024 23:25,March,3.95,3.94
3/7/2024 23:30,March,4.58,4.56
3/7/2024 23:35,March,3.96,3.94
3/7/2024 23:40,March,4.58,4.56
3/7/2024 23:45,March,4.58,4.56
3/7/2024 23:50,March,4.57,4.55
3/7/2024 23:55,March,4.59,4.54
3/8/2024 0:00,March,4.61,4.56
3/8/2024 0:05,March,3.58,3.54
3/8/2024 0:10,March,3.56,3.54
3/8/2024 0:15,March,4.68,4.66
3/8/2024 0:20,March,4.69,4.67
3/8/2024 0:25,March,4.69,4.66
3/8/2024 0:30,March,4.69,4.67
3/8/2024 0:35,March,4.69,4.67
3/8/2024 0:40,March,4.69,4.66
3/8/2024 0:45,March,4.41,4.39
3/8/2024 0:50,March,4.48,4.45
3/8/2024 0:55,March,3.58,3.56
3/8/2024 1:00,March,3.57,3.55
3/8/2024 1:05,March,3.57,3.55
3/8/2024 1:10,March,4.19,4.16
3/8/2024 1:15,March,4.46,4.43
3/8/2024 1:20,March,4.4,4.38
3/8/2024 1:25,March,3.36,3.34
3/8/2024 1:30,March,3.57,3.55
3/8/2024 1:35,March,3.95,3.92
3/8/2024 1:40,March,3.96,3.93
3/8/2024 1:45,March,3.31,3.29
3/8/2024 1:50,March,3.56,3.54
3/8/2024 1:55,March,3.56,3.54
3/8/2024 2:00,March,3.56,3.53
3/8/2024 2:05,March,3.31,3.29
3/8/2024 2:10,March,3.54,3.52
3/8/2024 2:15,March,3.54,3.52
3/8/2024 2:20,March,3.22,3.2
3/8/2024 2:25,March,3.27,3.24
3/8/2024 2:30,March,3.28,3.26
3/8/2024 2:35,March,3.28,3.25
3/8/2024 2:40,March,3.21,3.19
3/8/2024 2:45,March,3.24,3.21
3/8/2024 2:50,March,3.21,3.18
3/8/2024 2:55,March,3.2,3.18
3/8/2024 3:00,March,3.23,3.21
3/8/2024 3:05,March,3.24,3.22
3/8/2024 3:10,March,3.21,3.19
3/8/2024 3:15,March,3.21,3.19
3/8/2024 3:20,March,3.2,3.18
3/8/2024 3:25,March,3.38,3.36
3/8/2024 3:30,March,3.24,3.22
3/8/2024 3:35,March,3.25,3.23
3/8/2024 3:40,March,3.24,3.22
3/8/2024 3:45,March,3.55,3.53
3/8/2024 3:50,March,3.38,3.36
3/8/2024 3:55,March,3.24,3.22
3/8/2024 4:00,March,3.37,3.35
3/8/2024 4:05,March,3.54,3.52
3/8/2024 4:10,March,3.54,3.52
3/8/2024 4:15,March,3.55,3.53
3/8/2024 4:20,March,3.31,3.29
3/8/2024 4:25,March,3.3,3.28
3/8/2024 4:30,March,3.51,3.49
3/8/2024 4:35,March,3.38,3.36
3/8/2024 4:40,March,3.24,3.21
3/8/2024 4:45,March,3.3,3.28
3/8/2024 4:50,March,3.38,3.36
3/8/2024 4:55,March,3.54,3.51
3/8/2024 5:00,March,3.83,3.8
3/8/2024 5:05,March,2.86,2.84
3/8/2024 5:10,March,3.32,3.29
3/8/2024 5:15,March,3.6,3.57
3/8/2024 5:20,March,3.58,3.55
3/8/2024 5:25,March,4.03,3.99
3/8/2024 5:30,March,3.84,3.81
3/8/2024 5:35,March,3.84,3.81
3/8/2024 5:40,March,3.84,3.81
3/8/2024 5:45,March,3.84,3.81
3/8/2024 5:50,March,3.84,3.81
3/8/2024 5:55,March,3.63,3.6
3/8/2024 6:00,March,3.39,3.36
3/8/2024 6:05,March,2.81,2.79
3/8/2024 6:10,March,3.36,3.33
3/8/2024 6:15,March,3.36,3.33
3/8/2024 6:20,March,3.3,3.27
3/8/2024 6:25,March,3.24,3.21
3/8/2024 6:30,March,2.87,2.84
3/8/2024 6:35,March,2.87,2.84
3/8/2024 6:40,March,2.87,2.84
3/8/2024 6:45,March,2.87,2.84
3/8/2024 6:50,March,2.8,2.78
3/8/2024 6:55,March,2.5,2.48
3/8/2024 7:00,March,3.03,3.01
3/8/2024 7:05,March,2.49,2.48
3/8/2024 7:10,March,2.8,2.78
3/8/2024 7:15,March,2.99,2.97
3/8/2024 7:20,March,3.21,3.19
3/8/2024 7:25,March,3.18,3.16
3/8/2024 7:30,March,3.2,3.18
3/8/2024 7:35,March,3.11,3.09
3/8/2024 7:40,March,3.18,3.16
3/8/2024 7:45,March,3.07,3.06
3/8/2024 7:50,March,3.5,3.49
3/8/2024 7:55,March,3.52,3.5
3/8/2024 8:00,March,4.7,4.68
3/8/2024 8:05,March,2.49,2.47
3/8/2024 8:10,March,3.22,3.2
3/8/2024 8:15,March,3.35,3.33
3/8/2024 8:20,March,3.5,3.49
3/8/2024 8:25,March,3.52,3.5
3/8/2024 8:30,March,3.54,3.53
3/8/2024 8:35,March,3.5,3.49
3/8/2024 8:40,March,4.74,4.72
3/8/2024 8:45,March,3.82,3.81
3/8/2024 8:50,March,3.26,3.24
3/8/2024 8:55,March,3.5,3.48
3/8/2024 9:00,March,3.51,3.5
3/8/2024 9:05,March,3.28,3.27
3/8/2024 9:10,March,3.56,3.55
3/8/2024 9:15,March,3.58,3.56
3/8/2024 9:20,March,3.81,3.8
3/8/2024 9:25,March,3.82,3.81
3/8/2024 9:30,March,3.81,3.8
3/8/2024 9:35,March,3.81,3.8
3/8/2024 9:40,March,4.63,4.62
3/8/2024 9:45,March,4.63,4.62
3/8/2024 9:50,March,4.46,4.46
3/8/2024 9:55,March,4.62,4.61
3/8/2024 10:00,March,4.62,4.61
3/8/2024 10:05,March,3.51,3.51
3/8/2024 10:10,March,4.69,4.68
3/8/2024 10:15,March,4.6,4.6
3/8/2024 10:20,March,4.67,4.67
3/8/2024 10:25,March,4.67,4.67
3/8/2024 10:30,March,4.53,4.59
3/8/2024 10:35,March,4.51,4.6
3/8/2024 10:40,March,4.87,4.87
3/8/2024 10:45,March,4.79,4.79
3/8/2024 10:50,March,3.72,3.72
3/8/2024 10:55,March,4.79,4.79
3/8/2024 11:00,March,4.08,4.08
3/8/2024 11:05,March,3.77,3.77
3/8/2024 11:10,March,4.87,4.87
3/8/2024 11:15,March,3.51,3.52
3/8/2024 11:20,March,3.67,3.67
3/8/2024 11:25,March,3.67,3.68
3/8/2024 11:30,March,3.77,3.78
3/8/2024 11:35,March,3.7,3.7
3/8/2024 11:40,March,3.51,3.51
3/8/2024 11:45,March,3.46,3.46
3/8/2024 11:50,March,3.49,3.49
3/8/2024 11:55,March,3.5,3.49
3/8/2024 12:00,March,3.37,3.36
3/8/2024 12:05,March,2.79,2.79
3/8/2024 12:10,March,3.27,3.27
3/8/2024 12:15,March,3.17,3.17
3/8/2024 12:20,March,3.29,3.29
3/8/2024 12:25,March,3.28,3.29
3/8/2024 12:30,March,2.78,2.78
3/8/2024 12:35,March,3.3,3.3
3/8/2024 12:40,March,3.29,3.29
3/8/2024 12:45,March,3.33,3.33
3/8/2024 12:50,March,3.3,3.3
3/8/2024 12:55,March,3.45,3.45
3/8/2024 13:00,March,3.45,3.46
3/8/2024 13:05,March,4.67,4.67
3/8/2024 13:10,March,4.58,4.59
3/8/2024 13:15,March,12.15,12.3
3/8/2024 13:20,March,15.05,15.05
3/8/2024 13:25,March,8.15,8.15
3/8/2024 13:30,March,4.87,4.87
3/8/2024 13:35,March,4.87,4.87
3/8/2024 13:40,March,8.15,8.15
3/8/2024 13:45,March,4.66,4.77
3/8/2024 13:50,March,4.87,4.87
3/8/2024 13:55,March,4.66,4.77
3/8/2024 14:00,March,4.65,4.75
3/8/2024 14:05,March,4.87,4.87
3/8/2024 14:10,March,6.11,6.11
3/8/2024 14:15,March,4.87,4.87
3/8/2024 14:20,March,4.79,4.79
3/8/2024 14:25,March,4.87,4.87
3/8/2024 14:30,March,6.93,6.93
3/8/2024 14:35,March,4.59,4.59
3/8/2024 14:40,March,4.87,4.87
3/8/2024 14:45,March,4.67,4.76
3/8/2024 14:50,March,4.68,4.77
3/8/2024 14:55,March,4.69,4.78
3/8/2024 15:00,March,4.68,4.77
3/8/2024 15:05,March,6.93,6.93
3/8/2024 15:10,March,4.41,4.79
3/8/2024 15:15,March,4.7,4.7
3/8/2024 15:20,March,4.69,4.69
3/8/2024 15:25,March,4.69,4.69
3/8/2024 15:30,March,4.79,4.79
3/8/2024 15:35,March,4.69,4.77
3/8/2024 15:40,March,4.69,4.77
3/8/2024 15:45,March,4.78,4.78
3/8/2024 15:50,March,4.7,4.7
3/8/2024 15:55,March,4.79,4.79
3/8/2024 16:00,March,4.68,4.68
3/8/2024 16:05,March,4.74,4.78
3/8/2024 16:10,March,4.69,4.7
3/8/2024 16:15,March,4.7,4.7
3/8/2024 16:20,March,4.78,4.78
3/8/2024 16:25,March,4.78,4.78
3/8/2024 16:30,March,4.71,4.7
3/8/2024 16:35,March,4.71,4.7
3/8/2024 16:40,March,4.71,4.71
3/8/2024 16:45,March,4.49,4.48
3/8/2024 16:50,March,4.7,4.69
3/8/2024 16:55,March,3.93,3.92
3/8/2024 17:00,March,3.57,3.57
3/8/2024 17:05,March,4.7,4.69
3/8/2024 17:10,March,3.94,3.93
3/8/2024 17:15,March,4.7,4.68
3/8/2024 17:20,March,3.94,3.93
3/8/2024 17:25,March,4.69,4.68
3/8/2024 17:30,March,4.72,4.7
3/8/2024 17:35,March,4.77,4.76
3/8/2024 17:40,March,4.78,4.76
3/8/2024 17:45,March,7.91,7.88
3/8/2024 17:50,March,4.79,4.78
3/8/2024 17:55,March,4.8,4.78
3/8/2024 18:00,March,4.79,4.78
3/8/2024 18:05,March,4.72,4.7
3/8/2024 18:10,March,4.72,4.71
3/8/2024 18:15,March,7.91,7.88
3/8/2024 18:20,March,9.2,9.17
3/8/2024 18:25,March,8.13,8.1
3/8/2024 18:30,March,17.26,17.2
3/8/2024 18:35,March,9.24,9.2
3/8/2024 18:40,March,5.05,5.03
3/8/2024 18:45,March,4.82,4.81
3/8/2024 18:50,March,3.95,3.93
3/8/2024 18:55,March,4.75,4.73
3/8/2024 19:00,March,4.72,4.7
3/8/2024 19:05,March,4.81,4.79
3/8/2024 19:10,March,4.82,4.81
3/8/2024 19:15,March,4.74,4.72
3/8/2024 19:20,March,4.81,4.79
3/8/2024 19:25,March,4.8,4.79
3/8/2024 19:30,March,4.9,4.88
3/8/2024 19:35,March,4.81,4.79
3/8/2024 19:40,March,4.74,4.72
3/8/2024 19:45,March,4.74,4.72
3/8/2024 19:50,March,4.74,4.72
3/8/2024 19:55,March,4.74,4.72
3/8/2024 20:00,March,4.74,4.72
3/8/2024 20:05,March,12.12,12.07
3/8/2024 20:10,March,4.82,4.8
3/8/2024 20:15,March,4.8,4.79
3/8/2024 20:20,March,4.81,4.79
3/8/2024 20:25,March,4.74,4.72
3/8/2024 20:30,March,4.81,4.79
3/8/2024 20:35,March,4.81,4.79
3/8/2024 20:40,March,4.81,4.79
3/8/2024 20:45,March,4.81,4.79
3/8/2024 20:50,March,4.81,4.79
3/8/2024 20:55,March,4.74,4.72
3/8/2024 21:00,March,4.07,4.06
3/8/2024 21:05,March,29.34,29.23
3/8/2024 21:10,March,10.8,10.77
3/8/2024 21:15,March,7.94,7.91
3/8/2024 21:20,March,5.65,5.62
3/8/2024 21:25,March,4.84,4.81
3/8/2024 21:30,March,7.92,7.89
3/8/2024 21:35,March,4.85,4.83
3/8/2024 21:40,March,4.85,4.83
3/8/2024 21:45,March,4.86,4.83
3/8/2024 21:50,March,4.84,4.82
3/8/2024 21:55,March,4.76,4.74
3/8/2024 22:00,March,4.76,4.73
3/8/2024 22:05,March,7.92,7.89
3/8/2024 22:10,March,4.83,4.81
3/8/2024 22:15,March,4.83,4.81
3/8/2024 22:20,March,4.84,4.81
3/8/2024 22:25,March,4.83,4.81
3/8/2024 22:30,March,4.75,4.73
3/8/2024 22:35,March,4.84,4.82
3/8/2024 22:40,March,4.83,4.8
3/8/2024 22:45,March,4.83,4.81
3/8/2024 22:50,March,4.83,4.81
3/8/2024 22:55,March,4.75,4.72
3/8/2024 23:00,March,4.75,4.72
3/8/2024 23:05,March,4.84,4.82
3/8/2024 23:10,March,4.83,4.8
3/8/2024 23:15,March,3.97,3.95
3/8/2024 23:20,March,4.75,4.73
3/8/2024 23:25,March,3.89,3.86
3/8/2024 23:30,March,3.97,3.94
3/8/2024 23:35,March,3.96,3.94
3/8/2024 23:40,March,4.75,4.72
3/8/2024 23:45,March,4.75,4.72
3/8/2024 23:50,March,3.96,3.94
3/8/2024 23:55,March,3.97,3.94
3/9/2024 0:00,March,3.96,3.94
3/9/2024 0:05,March,3.92,3.9
3/9/2024 0:10,March,3.97,3.94
3/9/2024 0:15,March,3.97,3.95
3/9/2024 0:20,March,3.97,3.95
3/9/2024 0:25,March,4.35,4.32
3/9/2024 0:30,March,3.56,3.53
3/9/2024 0:35,March,4.35,4.32
3/9/2024 0:40,March,3.97,3.95
3/9/2024 0:45,March,4.19,4.17
3/9/2024 0:50,March,4.35,4.32
3/9/2024 0:55,March,3.97,3.94
3/9/2024 1:00,March,4.19,4.16
3/9/2024 1:05,March,4.71,4.68
3/9/2024 1:10,March,4.73,4.71
3/9/2024 1:15,March,4.94,4.91
3/9/2024 1:20,March,4.93,4.91
3/9/2024 1:25,March,4.72,4.7
3/9/2024 1:30,March,4.73,4.7
3/9/2024 1:35,March,4.36,4.34
3/9/2024 1:40,March,4.65,4.63
3/9/2024 1:45,March,4.36,4.34
3/9/2024 1:50,March,4.41,4.39
3/9/2024 1:55,March,4.2,4.17
3/9/2024 2:00,March,4.35,4.33
3/9/2024 2:05,March,4.35,4.33
3/9/2024 2:10,March,4.35,4.33
3/9/2024 2:15,March,4.07,4.05
3/9/2024 2:20,March,4.19,4.17
3/9/2024 2:25,March,4.35,4.33
3/9/2024 2:30,March,4.36,4.34
3/9/2024 2:35,March,4.36,4.34
3/9/2024 2:40,March,4.08,4.06
3/9/2024 2:45,March,4.07,4.06
3/9/2024 2:50,March,4.18,4.16
3/9/2024 2:55,March,3.56,3.54
3/9/2024 3:00,March,4.07,4.05
3/9/2024 3:05,March,3.19,3.17
3/9/2024 3:10,March,3.19,3.17
3/9/2024 3:15,March,3.22,3.2
3/9/2024 3:20,March,3.22,3.2
3/9/2024 3:25,March,3.19,3.17
3/9/2024 3:30,March,3.21,3.19
3/9/2024 3:35,March,3.22,3.2
3/9/2024 3:40,March,3.22,3.2
3/9/2024 3:45,March,3.19,3.17
3/9/2024 3:50,March,3.19,3.17
3/9/2024 3:55,March,3.21,3.19
3/9/2024 4:00,March,3.22,3.2
3/9/2024 4:05,March,3.24,3.22
3/9/2024 4:10,March,3.22,3.2
3/9/2024 4:15,March,3.22,3.19
3/9/2024 4:20,March,3.22,3.2
3/9/2024 4:25,March,3.5,3.47
3/9/2024 4:30,March,3.36,3.33
3/9/2024 4:35,March,3.81,3.78
3/9/2024 4:40,March,4.32,4.29
3/9/2024 4:45,March,3.81,3.79
3/9/2024 4:50,March,3.84,3.81
3/9/2024 4:55,March,3.84,3.81
3/9/2024 5:00,March,3.82,3.79
3/9/2024 5:05,March,3.84,3.81
3/9/2024 5:10,March,4.51,4.48
3/9/2024 5:15,March,3.84,3.81
3/9/2024 5:20,March,3.84,3.81
3/9/2024 5:25,March,3.84,3.81
3/9/2024 5:30,March,3.22,3.2
3/9/2024 5:35,March,3.84,3.81
3/9/2024 5:40,March,3.84,3.81
3/9/2024 5:45,March,3.9,3.88
3/9/2024 5:50,March,3.84,3.81
3/9/2024 5:55,March,3.93,3.9
3/9/2024 6:00,March,3.93,3.9
3/9/2024 6:05,March,2.84,2.82
3/9/2024 6:10,March,3.22,3.19
3/9/2024 6:15,March,3.23,3.21
3/9/2024 6:20,March,3.37,3.34
3/9/2024 6:25,March,3.71,3.68
3/9/2024 6:30,March,3.24,3.21
3/9/2024 6:35,March,3.25,3.22
3/9/2024 6:40,March,3.21,3.19
3/9/2024 6:45,March,3.18,3.16
3/9/2024 6:50,March,3.21,3.18
3/9/2024 6:55,March,3.2,3.18
3/9/2024 7:00,March,3.21,3.19
3/9/2024 7:05,March,0,0
3/9/2024 7:10,March,2.48,2.46
3/9/2024 7:15,March,2.83,2.82
3/9/2024 7:20,March,2.83,2.82
3/9/2024 7:25,March,2.47,2.46
3/9/2024 7:30,March,2.82,2.8
3/9/2024 7:35,March,3.17,3.16
3/9/2024 7:40,March,3.18,3.16
3/9/2024 7:45,March,3.35,3.33
3/9/2024 7:50,March,3.21,3.19
3/9/2024 7:55,March,3.28,3.26
3/9/2024 8:00,March,3.21,3.19
3/9/2024 8:05,March,0,0
3/9/2024 8:10,March,2.82,2.8
3/9/2024 8:15,March,3.07,3.05
3/9/2024 8:20,March,3.07,3.06
3/9/2024 8:25,March,3.07,3.06
3/9/2024 8:30,March,3.07,3.06
3/9/2024 8:35,March,3.46,3.45
3/9/2024 8:40,March,3.19,3.18
3/9/2024 8:45,March,3.19,3.18
3/9/2024 8:50,March,3.27,3.25
3/9/2024 8:55,March,3.41,3.4
3/9/2024 9:00,March,3.36,3.35
3/9/2024 9:05,March,0,0
3/9/2024 9:10,March,2.79,2.78
3/9/2024 9:15,March,3.15,3.14
3/9/2024 9:20,March,3.18,3.17
3/9/2024 9:25,March,3.27,3.26
3/9/2024 9:30,March,3.45,3.44
3/9/2024 9:35,March,3.45,3.44
3/9/2024 9:40,March,3.48,3.47
3/9/2024 9:45,March,3.45,3.44
3/9/2024 9:50,March,3.4,3.39
3/9/2024 9:55,March,3.45,3.44
3/9/2024 10:00,March,3.46,3.45
3/9/2024 10:05,March,3.35,3.34
3/9/2024 10:10,March,3.45,3.45
3/9/2024 10:15,March,3.4,3.4
3/9/2024 10:20,March,3.45,3.45
3/9/2024 10:25,March,3.6,3.59
3/9/2024 10:30,March,3.66,3.65
3/9/2024 10:35,March,3.69,3.68
3/9/2024 10:40,March,3.7,3.7
3/9/2024 10:45,March,4.21,4.21
3/9/2024 10:50,March,3.61,3.6
3/9/2024 10:55,March,3.69,3.69
3/9/2024 11:00,March,3.4,3.4
3/9/2024 11:05,March,3.45,3.44
3/9/2024 11:10,March,10.68,10.68
3/9/2024 11:15,March,4.64,4.64
3/9/2024 11:20,March,4.64,4.64
3/9/2024 11:25,March,4.04,4.04
3/9/2024 11:30,March,3.39,3.38
3/9/2024 11:35,March,3.45,3.44
3/9/2024 11:40,March,4.74,4.73
3/9/2024 11:45,March,4.04,4.04
3/9/2024 11:50,March,3.41,3.41
3/9/2024 11:55,March,3.44,3.44
3/9/2024 12:00,March,3.37,3.36
3/9/2024 12:05,March,3.3,3.3
3/9/2024 12:10,March,3.36,3.36
3/9/2024 12:15,March,3.13,3.13
3/9/2024 12:20,March,3.37,3.36
3/9/2024 12:25,March,3.35,3.35
3/9/2024 12:30,March,3.35,3.35
3/9/2024 12:35,March,3.43,3.42
3/9/2024 12:40,March,3.28,3.27
3/9/2024 12:45,March,3.61,3.6
3/9/2024 12:50,March,8.75,8.73
3/9/2024 12:55,March,4.78,4.77
3/9/2024 13:00,March,4.77,4.76
3/9/2024 13:05,March,4.77,4.76
3/9/2024 13:10,March,4.78,4.76
3/9/2024 13:15,March,4.78,4.76
3/9/2024 13:20,March,4,3.99
3/9/2024 13:25,March,4.78,4.76
3/9/2024 13:30,March,4.78,4.76
3/9/2024 13:35,March,4.79,4.77
3/9/2024 13:40,March,4.71,4.7
3/9/2024 13:45,March,4.71,4.69
3/9/2024 13:50,March,4.7,4.68
3/9/2024 13:55,March,4.7,4.68
3/9/2024 14:00,March,4,3.98
3/9/2024 14:05,March,4,3.98
3/9/2024 14:10,March,4.7,4.68
3/9/2024 14:15,March,4.7,4.68
3/9/2024 14:20,March,4.7,4.68
3/9/2024 14:25,March,4.7,4.68
3/9/2024 14:30,March,4.77,4.76
3/9/2024 14:35,March,4.69,4.68
3/9/2024 14:40,March,4.78,4.76
3/9/2024 14:45,March,4.71,4.69
3/9/2024 14:50,March,2.82,2.81
3/9/2024 14:55,March,3.4,3.39
3/9/2024 15:00,March,2.82,2.81
3/9/2024 15:05,March,5.79,5.77
3/9/2024 15:10,March,4.09,4.07
3/9/2024 15:15,March,3.89,3.87
3/9/2024 15:20,March,4.09,4.08
3/9/2024 15:25,March,4.42,4.4
3/9/2024 15:30,March,4.41,4.4
3/9/2024 15:35,March,4.69,4.67
3/9/2024 15:40,March,3.36,3.35
3/9/2024 15:45,March,3.49,3.48
3/9/2024 15:50,March,3.58,3.56
3/9/2024 15:55,March,3.5,3.48
3/9/2024 16:00,March,2.95,2.93
3/9/2024 16:05,March,3.5,3.48
3/9/2024 16:10,March,3.43,3.41
3/9/2024 16:15,March,3.5,3.48
3/9/2024 16:20,March,3.94,3.92
3/9/2024 16:25,March,3.51,3.49
3/9/2024 16:30,March,2.95,2.93
3/9/2024 16:35,March,3.42,3.4
3/9/2024 16:40,March,3.5,3.48
3/9/2024 16:45,March,3.38,3.35
3/9/2024 16:50,March,3.39,3.37
3/9/2024 16:55,March,3.39,3.37
3/9/2024 17:00,March,3.37,3.35
3/9/2024 17:05,March,3.34,3.32
3/9/2024 17:10,March,3.34,3.32
3/9/2024 17:15,March,3.37,3.35
3/9/2024 17:20,March,3.38,3.36
3/9/2024 17:25,March,3.37,3.35
3/9/2024 17:30,March,3.38,3.36
3/9/2024 17:35,March,3.51,3.49
3/9/2024 17:40,March,3.51,3.49
3/9/2024 17:45,March,3.57,3.55
3/9/2024 17:50,March,3.95,3.92
3/9/2024 17:55,March,4.79,4.75
3/9/2024 18:00,March,4.81,4.77
3/9/2024 18:05,March,3.4,3.38
3/9/2024 18:10,March,5.77,5.73
3/9/2024 18:15,March,11.28,11.2
3/9/2024 18:20,March,10.73,10.65
3/9/2024 18:25,March,7.93,7.87
3/9/2024 18:30,March,6.15,6.1
3/9/2024 18:35,March,4.82,4.78
3/9/2024 18:40,March,4.83,4.79
3/9/2024 18:45,March,4.75,4.71
3/9/2024 18:50,March,4.75,4.71
3/9/2024 18:55,March,4.75,4.71
3/9/2024 19:00,March,4.74,4.7
3/9/2024 19:05,March,3.38,3.36
3/9/2024 19:10,March,3.96,3.93
3/9/2024 19:15,March,4.24,4.2
3/9/2024 19:20,March,3.87,3.84
3/9/2024 19:25,March,4.72,4.68
3/9/2024 19:30,March,3.96,3.93
3/9/2024 19:35,March,3.96,3.92
3/9/2024 19:40,March,4.71,4.67
3/9/2024 19:45,March,4.24,4.21
3/9/2024 19:50,March,4.69,4.66
3/9/2024 19:55,March,3.95,3.92
3/9/2024 20:00,March,3.41,3.39
3/9/2024 20:05,March,7.92,7.86
3/9/2024 20:10,March,4.78,4.75
3/9/2024 20:15,March,4.77,4.74
3/9/2024 20:20,March,4.77,4.74
3/9/2024 20:25,March,4.26,4.23
3/9/2024 20:30,March,4.26,4.23
3/9/2024 20:35,March,4.26,4.23
3/9/2024 20:40,March,3.86,3.84
3/9/2024 20:45,March,3.52,3.49
3/9/2024 20:50,March,3.4,3.38
3/9/2024 20:55,March,3.4,3.38
3/9/2024 21:00,March,3.41,3.39
3/9/2024 21:05,March,11.44,11.37
3/9/2024 21:10,March,4.77,4.74
3/9/2024 21:15,March,4.69,4.66
3/9/2024 21:20,March,4.76,4.74
3/9/2024 21:25,March,4.7,4.67
3/9/2024 21:30,March,3.52,3.5
3/9/2024 21:35,March,4.27,4.24
3/9/2024 21:40,March,3.91,3.89
3/9/2024 21:45,March,3.9,3.88
3/9/2024 21:50,March,3.52,3.5
3/9/2024 21:55,March,3.52,3.5
3/9/2024 22:00,March,3.52,3.5
3/9/2024 22:05,March,4.75,4.72
3/9/2024 22:10,March,4.68,4.65
3/9/2024 22:15,March,4.36,4.33
3/9/2024 22:20,March,4.47,4.44
3/9/2024 22:25,March,3.4,3.38
3/9/2024 22:30,March,2.48,2.46
3/9/2024 22:35,March,3.15,3.13
3/9/2024 22:40,March,3.36,3.34
3/9/2024 22:45,March,3.38,3.36
3/9/2024 22:50,March,3.38,3.36
3/9/2024 22:55,March,3.37,3.35
3/9/2024 23:00,March,3.35,3.33
3/9/2024 23:05,March,3.36,3.33
3/9/2024 23:10,March,3.52,3.49
3/9/2024 23:15,March,3.52,3.49
3/9/2024 23:20,March,3.52,3.5
3/9/2024 23:25,March,3.36,3.34
3/9/2024 23:30,March,3.3,3.28
3/9/2024 23:35,March,3.22,3.2
3/9/2024 23:40,March,2.97,2.94
3/9/2024 23:45,March,3.28,3.26
3/9/2024 23:50,March,3.18,3.16
3/9/2024 23:55,March,3.18,3.15
3/10/2024 0:00,March,3.24,3.21
3/10/2024 0:05,March,3.24,3.21
3/10/2024 0:10,March,3.21,3.18
3/10/2024 0:15,March,3.21,3.18
3/10/2024 0:20,March,3.52,3.49
3/10/2024 0:25,March,3.24,3.21
3/10/2024 0:30,March,3.4,3.37
3/10/2024 0:35,March,3.37,3.34
3/10/2024 0:40,March,3.25,3.23
3/10/2024 0:45,March,3.28,3.25
3/10/2024 0:50,March,3.35,3.33
3/10/2024 0:55,March,3.37,3.34
3/10/2024 1:00,March,3.22,3.19
3/10/2024 1:05,March,3.32,3.29
3/10/2024 1:10,March,3.32,3.29
3/10/2024 1:15,March,3.31,3.29
3/10/2024 1:20,March,3.51,3.48
3/10/2024 1:25,March,3.86,3.83
3/10/2024 1:30,March,3.82,3.79
3/10/2024 1:35,March,3.54,3.52
3/10/2024 1:40,March,0,0
3/10/2024 1:45,March,0,0
3/10/2024 1:50,March,2.48,2.47
3/10/2024 1:55,March,3.2,3.17
3/10/2024 2:00,March,3.22,3.2
3/10/2024 2:05,March,3.41,3.39
3/10/2024 2:10,March,3.44,3.42
3/10/2024 2:15,March,3.44,3.42
3/10/2024 2:20,March,3.72,3.69
3/10/2024 2:25,March,3.54,3.52
3/10/2024 2:30,March,2.86,2.84
3/10/2024 2:35,March,3.23,3.21
3/10/2024 2:40,March,3.26,3.24
3/10/2024 2:45,March,3.26,3.25
3/10/2024 2:50,March,3.23,3.21
3/10/2024 2:55,March,3.23,3.21
3/10/2024 3:00,March,3.23,3.21
3/10/2024 3:05,March,3.44,3.42
3/10/2024 3:10,March,3.26,3.24
3/10/2024 3:15,March,3.24,3.23
3/10/2024 3:20,March,3.24,3.22
3/10/2024 3:25,March,3.23,3.21
3/10/2024 3:30,March,3.23,3.21
3/10/2024 3:35,March,3.19,3.17
3/10/2024 3:40,March,3.16,3.15
3/10/2024 3:45,March,3.15,3.13
3/10/2024 3:50,March,3.22,3.21
3/10/2024 3:55,March,3.23,3.21
3/10/2024 4:00,March,3.23,3.21
3/10/2024 4:05,March,0,0
3/10/2024 4:10,March,2.48,2.47
3/10/2024 4:15,March,3.14,3.13
3/10/2024 4:20,March,3.13,3.11
3/10/2024 4:25,March,2.48,2.47
3/10/2024 4:30,March,2.82,2.81
3/10/2024 4:35,March,3.34,3.32
3/10/2024 4:40,March,3.22,3.21
3/10/2024 4:45,March,3.39,3.38
3/10/2024 4:50,March,3.37,3.35
3/10/2024 4:55,March,3.4,3.38
3/10/2024 5:00,March,3.24,3.23
3/10/2024 5:05,March,3.24,3.23
3/10/2024 5:10,March,3.59,3.57
3/10/2024 5:15,March,3.59,3.57
3/10/2024 5:20,March,3.82,3.8
3/10/2024 5:25,March,3.63,3.61
3/10/2024 5:30,March,3.63,3.61
3/10/2024 5:35,March,3.26,3.24
3/10/2024 5:40,March,3.63,3.61
3/10/2024 5:45,March,3.23,3.21
3/10/2024 5:50,March,3.63,3.62
3/10/2024 5:55,March,3.64,3.62
3/10/2024 6:00,March,3.28,3.26
3/10/2024 6:05,March,4.16,4.14
3/10/2024 6:10,March,3.79,3.77
3/10/2024 6:15,March,4.16,4.14
3/10/2024 6:20,March,4.15,4.13
3/10/2024 6:25,March,4.1,4.09
3/10/2024 6:30,March,4.07,4.06
3/10/2024 6:35,March,3.83,3.81
3/10/2024 6:40,March,4.13,4.12
3/10/2024 6:45,March,4.06,4.04
3/10/2024 6:50,March,3.8,3.78
3/10/2024 6:55,March,3.82,3.8
3/10/2024 7:00,March,3.8,3.79
3/10/2024 7:05,March,4.09,4.07
3/10/2024 7:10,March,3.8,3.79
3/10/2024 7:15,March,2.83,2.82
3/10/2024 7:20,March,0,0
3/10/2024 7:25,March,2.28,2.28
3/10/2024 7:30,March,2.81,2.81
3/10/2024 7:35,March,2.81,2.81
3/10/2024 7:40,March,3.1,3.1
3/10/2024 7:45,March,3.08,3.08
3/10/2024 7:50,March,0.1,0.1
3/10/2024 7:55,March,2.24,2.25
3/10/2024 8:00,March,0,0
3/10/2024 8:05,March,0,0
3/10/2024 8:10,March,2.8,2.8
3/10/2024 8:15,March,3.01,3.01
3/10/2024 8:20,March,2.21,2.21
3/10/2024 8:25,March,2.8,2.8
3/10/2024 8:30,March,0,0
3/10/2024 8:35,March,2.8,2.8
3/10/2024 8:40,March,2.96,2.97
3/10/2024 8:45,March,3.51,3.52
3/10/2024 8:50,March,3.16,3.17
3/10/2024 8:55,March,3.16,3.16
3/10/2024 9:00,March,3.12,3.13
3/10/2024 9:05,March,2.23,2.24
3/10/2024 9:10,March,3.09,3.11
3/10/2024 9:15,March,3.09,3.11
3/10/2024 9:20,March,3.12,3.14
3/10/2024 9:25,March,3.39,3.41
3/10/2024 9:30,March,3.39,3.41
3/10/2024 9:35,March,3.81,3.83
3/10/2024 9:40,March,3.81,3.84
3/10/2024 9:45,March,3.81,3.84
3/10/2024 9:50,March,3.81,3.83
3/10/2024 9:55,March,3.8,3.83
3/10/2024 10:00,March,3.8,3.83
3/10/2024 10:05,March,3.04,3.06
3/10/2024 10:10,March,3.11,3.13
3/10/2024 10:15,March,3.67,3.69
3/10/2024 10:20,March,3.67,3.7
3/10/2024 10:25,March,3.45,3.47
3/10/2024 10:30,March,3.8,3.83
3/10/2024 10:35,March,3.8,3.83
3/10/2024 10:40,March,3.67,3.69
3/10/2024 10:45,March,3.55,3.57
3/10/2024 10:50,March,3.13,3.15
3/10/2024 10:55,March,3.45,3.47
3/10/2024 11:00,March,3.45,3.47
3/10/2024 11:05,March,3.45,3.47
3/10/2024 11:10,March,3.45,3.47
3/10/2024 11:15,March,3.45,3.47
3/10/2024 11:20,March,3.66,3.68
3/10/2024 11:25,March,2.22,2.23
3/10/2024 11:30,March,2.98,3
3/10/2024 11:35,March,3.01,3.03
3/10/2024 11:40,March,3.09,3.11
3/10/2024 11:45,March,3.09,3.11
3/10/2024 11:50,March,3.04,3.06
3/10/2024 11:55,March,3.05,3.06
3/10/2024 12:00,March,3.06,3.07
3/10/2024 12:05,March,3.05,3.06
3/10/2024 12:10,March,3.05,3.06
3/10/2024 12:15,March,2.78,2.79
3/10/2024 12:20,March,2.8,2.81
3/10/2024 12:25,March,3.13,3.15
3/10/2024 12:30,March,3.05,3.06
3/10/2024 12:35,March,3.13,3.14
3/10/2024 12:40,March,3.05,3.06
3/10/2024 12:45,March,3.36,3.37
3/10/2024 12:50,March,3.13,3.14
3/10/2024 12:55,March,3.16,3.17
3/10/2024 13:00,March,3.26,3.27
3/10/2024 13:05,March,3.61,3.62
3/10/2024 13:10,March,3.24,3.25
3/10/2024 13:15,March,3.36,3.37
3/10/2024 13:20,March,3.2,3.21
3/10/2024 13:25,March,3.36,3.37
3/10/2024 13:30,March,3.2,3.21
3/10/2024 13:35,March,3.2,3.21
3/10/2024 13:40,March,3.37,3.38
3/10/2024 13:45,March,3.28,3.29
3/10/2024 13:50,March,3.62,3.63
3/10/2024 13:55,March,3.62,3.63
3/10/2024 14:00,March,3.62,3.63
3/10/2024 14:05,March,3.21,3.21
3/10/2024 14:10,March,3.21,3.21
3/10/2024 14:15,March,3.28,3.28
3/10/2024 14:20,March,3.22,3.23
3/10/2024 14:25,March,3.33,3.34
3/10/2024 14:30,March,3.24,3.24
3/10/2024 14:35,March,3.16,3.17
3/10/2024 14:40,March,3.35,3.36
3/10/2024 14:45,March,3.26,3.26
3/10/2024 14:50,March,3.28,3.28
3/10/2024 14:55,March,3.18,3.18
3/10/2024 15:00,March,3.25,3.25
3/10/2024 15:05,March,3.9,3.9
3/10/2024 15:10,March,3.27,3.26
3/10/2024 15:15,March,3.19,3.18
3/10/2024 15:20,March,3.25,3.24
3/10/2024 15:25,March,3.36,3.35
3/10/2024 15:30,March,3.25,3.24
3/10/2024 15:35,March,4.08,4.08
3/10/2024 15:40,March,3.91,3.91
3/10/2024 15:45,March,3.85,3.85
3/10/2024 15:50,March,3.85,3.84
3/10/2024 15:55,March,3.83,3.82
3/10/2024 16:00,March,3.85,3.84
3/10/2024 16:05,March,4.04,4.04
3/10/2024 16:10,March,4.09,4.08
3/10/2024 16:15,March,4.09,4.09
3/10/2024 16:20,March,4.09,4.09
3/10/2024 16:25,March,4.1,4.09
3/10/2024 16:30,March,4.1,4.09
3/10/2024 16:35,March,4.1,4.1
3/10/2024 16:40,March,3.44,3.44
3/10/2024 16:45,March,3.86,3.85
3/10/2024 16:50,March,3.87,3.86
3/10/2024 16:55,March,3.87,3.85
3/10/2024 17:00,March,3.87,3.86
3/10/2024 17:05,March,3.87,3.86
3/10/2024 17:10,March,3.88,3.86
3/10/2024 17:15,March,3.45,3.44
3/10/2024 17:20,March,3.45,3.43
3/10/2024 17:25,March,3.4,3.38
3/10/2024 17:30,March,3.45,3.44
3/10/2024 17:35,March,3.46,3.44
3/10/2024 17:40,March,4.24,4.22
3/10/2024 17:45,March,4.08,4.06
3/10/2024 17:50,March,4.24,4.22
3/10/2024 17:55,March,4.55,4.53
3/10/2024 18:00,March,4.77,4.76
3/10/2024 18:05,March,4.77,4.75
3/10/2024 18:10,March,5.07,5.04
3/10/2024 18:15,March,5.8,5.77
3/10/2024 18:20,March,11.73,11.68
3/10/2024 18:25,March,12.16,12.11
3/10/2024 18:30,March,14.9,14.83
3/10/2024 18:35,March,7.9,7.85
3/10/2024 18:40,March,6.03,6
3/10/2024 18:45,March,4.56,4.53
3/10/2024 18:50,March,4.79,4.77
3/10/2024 18:55,March,4.08,4.06
3/10/2024 19:00,March,4.09,4.06
3/10/2024 19:05,March,3.89,3.86
3/10/2024 19:10,March,4.5,4.48
3/10/2024 19:15,March,4.24,4.21
3/10/2024 19:20,March,3.61,3.58
3/10/2024 19:25,March,4,3.97
3/10/2024 19:30,March,4.09,4.06
3/10/2024 19:35,March,3.99,3.97
3/10/2024 19:40,March,4.08,4.06
3/10/2024 19:45,March,4.08,4.06
3/10/2024 19:50,March,4.08,4.06
3/10/2024 19:55,March,4.08,4.06
3/10/2024 20:00,March,4.08,4.06
3/10/2024 20:05,March,3.97,3.94
3/10/2024 20:10,March,4.11,4.09
3/10/2024 20:15,March,4.08,4.06
3/10/2024 20:20,March,3.97,3.94
3/10/2024 20:25,March,4.08,4.06
3/10/2024 20:30,March,3.88,3.85
3/10/2024 20:35,March,3.4,3.38
3/10/2024 20:40,March,3.45,3.43
3/10/2024 20:45,March,3.45,3.43
3/10/2024 20:50,March,4.08,4.05
3/10/2024 20:55,March,4.08,4.05
3/10/2024 21:00,March,3.46,3.44
3/10/2024 21:05,March,4.73,4.69
3/10/2024 21:10,March,4.58,4.55
3/10/2024 21:15,March,4.58,4.55
3/10/2024 21:20,March,4.59,4.55
3/10/2024 21:25,March,4.25,4.21
3/10/2024 21:30,March,4.1,4.07
3/10/2024 21:35,March,3.46,3.43
3/10/2024 21:40,March,3.46,3.43
3/10/2024 21:45,March,3.55,3.52
3/10/2024 21:50,March,4.09,4.06
3/10/2024 21:55,March,4.09,4.06
3/10/2024 22:00,March,4.09,4.06
3/10/2024 22:05,March,4.09,4.05
3/10/2024 22:10,March,3.41,3.38
3/10/2024 22:15,March,3.42,3.39
3/10/2024 22:20,March,3.46,3.43
3/10/2024 22:25,March,3.42,3.39
3/10/2024 22:30,March,3.47,3.44
3/10/2024 22:35,March,3.39,3.35
3/10/2024 22:40,March,3.38,3.35
3/10/2024 22:45,March,3.38,3.35
3/10/2024 22:50,March,3.21,3.18
3/10/2024 22:55,March,3.35,3.32
3/10/2024 23:00,March,3.32,3.3
3/10/2024 23:05,March,3.35,3.32
3/10/2024 23:10,March,3.21,3.19
3/10/2024 23:15,March,3.21,3.19
3/10/2024 23:20,March,3.36,3.33
3/10/2024 23:25,March,2.97,2.95
3/10/2024 23:30,March,3.22,3.19
3/10/2024 23:35,March,3.22,3.19
3/10/2024 23:40,March,3.21,3.19
3/10/2024 23:45,March,3.18,3.16
3/10/2024 23:50,March,3.22,3.19
3/10/2024 23:55,March,3.22,3.19
3/11/2024 0:00,March,3.22,3.19
3/11/2024 0:05,March,3.21,3.18
3/11/2024 0:10,March,3.23,3.2
3/11/2024 0:15,March,3.25,3.22
3/11/2024 0:20,March,3.25,3.22
3/11/2024 0:25,March,3.23,3.2
3/11/2024 0:30,March,2.87,2.84
3/11/2024 0:35,March,2.84,2.81
3/11/2024 0:40,March,2.86,2.84
3/11/2024 0:45,March,2.84,2.81
3/11/2024 0:50,March,2.84,2.81
3/11/2024 0:55,March,2.86,2.84
3/11/2024 1:00,March,0.74,0.74
3/11/2024 1:05,March,2.83,2.81
3/11/2024 1:10,March,2.86,2.84
3/11/2024 1:15,March,2.83,2.81
3/11/2024 1:20,March,0.74,0.74
3/11/2024 1:25,March,2.48,2.47
3/11/2024 1:30,March,2.48,2.47
3/11/2024 1:35,March,2.79,2.77
3/11/2024 1:40,March,2.77,2.76
3/11/2024 1:45,March,2.77,2.76
3/11/2024 1:50,March,2.78,2.76
3/11/2024 1:55,March,2.48,2.47
3/11/2024 2:00,March,2.48,2.47
3/11/2024 2:05,March,2.82,2.8
3/11/2024 2:10,March,2.82,2.8
3/11/2024 2:15,March,2.48,2.47
3/11/2024 2:20,March,2.48,2.47
3/11/2024 2:25,March,2.48,2.46
3/11/2024 2:30,March,2.48,2.46
3/11/2024 2:35,March,2.78,2.76
3/11/2024 2:40,March,2.78,2.76
3/11/2024 2:45,March,2.78,2.76
3/11/2024 2:50,March,2.78,2.76
3/11/2024 2:55,March,0.74,0.74
3/11/2024 3:00,March,0.74,0.74
3/11/2024 3:05,March,2.48,2.47
3/11/2024 3:10,March,2.77,2.76
3/11/2024 3:15,March,0.74,0.74
3/11/2024 3:20,March,2.48,2.47
3/11/2024 3:25,March,2.37,2.35
3/11/2024 3:30,March,2.48,2.47
3/11/2024 3:35,March,2.77,2.76
3/11/2024 3:40,March,2.48,2.46
3/11/2024 3:45,March,2.48,2.46
3/11/2024 3:50,March,2.48,2.46
3/11/2024 3:55,March,2.48,2.46
3/11/2024 4:00,March,2.48,2.46
3/11/2024 4:05,March,2.77,2.76
3/11/2024 4:10,March,3.12,3.1
3/11/2024 4:15,March,2.81,2.79
3/11/2024 4:20,March,2.81,2.79
3/11/2024 4:25,March,2.81,2.8
3/11/2024 4:30,March,2.86,2.84
3/11/2024 4:35,March,3.09,3.07
3/11/2024 4:40,March,3.22,3.2
3/11/2024 4:45,March,3.22,3.2
3/11/2024 4:50,March,3.12,3.09
3/11/2024 4:55,March,3.21,3.19
3/11/2024 5:00,March,3.18,3.16
3/11/2024 5:05,March,3.22,3.2
3/11/2024 5:10,March,3.22,3.2
3/11/2024 5:15,March,3.22,3.2
3/11/2024 5:20,March,3.22,3.2
3/11/2024 5:25,March,3.22,3.2
3/11/2024 5:30,March,3.23,3.2
3/11/2024 5:35,March,3.4,3.37
3/11/2024 5:40,March,3.37,3.35
3/11/2024 5:45,March,3.42,3.39
3/11/2024 5:50,March,3.28,3.25
3/11/2024 5:55,March,3.61,3.58
3/11/2024 6:00,March,3.42,3.39
3/11/2024 6:05,March,2.82,2.79
3/11/2024 6:10,March,3.23,3.2
3/11/2024 6:15,March,3.27,3.24
3/11/2024 6:20,March,3.26,3.23
3/11/2024 6:25,March,3.24,3.21
3/11/2024 6:30,March,2.84,2.81
3/11/2024 6:35,March,2.94,2.91
3/11/2024 6:40,March,2.86,2.83
3/11/2024 6:45,March,2.85,2.83
3/11/2024 6:50,March,2.82,2.8
3/11/2024 6:55,March,2.83,2.81
3/11/2024 7:00,March,2.83,2.81
3/11/2024 7:05,March,0,0
3/11/2024 7:10,March,0,0
3/11/2024 7:15,March,2.32,2.31
3/11/2024 7:20,March,2.76,2.75
3/11/2024 7:25,March,2.76,2.75
3/11/2024 7:30,March,2.82,2.8
3/11/2024 7:35,March,2.81,2.8
3/11/2024 7:40,March,3.21,3.19
3/11/2024 7:45,March,3.17,3.16
3/11/2024 7:50,March,3.18,3.16
3/11/2024 7:55,March,3.46,3.45
3/11/2024 8:00,March,3.57,3.54
3/11/2024 8:05,March,0,0
3/11/2024 8:10,March,0,0
3/11/2024 8:15,March,2.25,2.23
3/11/2024 8:20,March,3.15,3.13
3/11/2024 8:25,March,3.04,3.02
3/11/2024 8:30,March,3.2,3.17
3/11/2024 8:35,March,3.21,3.18
3/11/2024 8:40,March,2.83,2.82
3/11/2024 8:45,March,3.35,3.33
3/11/2024 8:50,March,3.2,3.18
3/11/2024 8:55,March,3.51,3.49
3/11/2024 9:00,March,3.38,3.36
3/11/2024 9:05,March,0.73,0.73
3/11/2024 9:10,March,3.2,3.19
3/11/2024 9:15,March,3.2,3.19
3/11/2024 9:20,March,3.48,3.47
3/11/2024 9:25,March,3.49,3.47
3/11/2024 9:30,March,3.49,3.47
3/11/2024 9:35,March,3.56,3.55
3/11/2024 9:40,March,3.49,3.48
3/11/2024 9:45,March,3.49,3.47
3/11/2024 9:50,March,3.33,3.32
3/11/2024 9:55,March,3.48,3.47
3/11/2024 10:00,March,3.35,3.34
3/11/2024 10:05,March,3.16,3.16
3/11/2024 10:10,March,3.35,3.34
3/11/2024 10:15,March,3.48,3.47
3/11/2024 10:20,March,3.48,3.47
3/11/2024 10:25,March,3.77,3.75
3/11/2024 10:30,March,3.89,3.88
3/11/2024 10:35,March,4.41,4.4
3/11/2024 10:40,March,3.78,3.77
3/11/2024 10:45,March,3.52,3.52
3/11/2024 10:50,March,3.52,3.51
3/11/2024 10:55,March,3.51,3.51
3/11/2024 11:00,March,3.47,3.46
3/11/2024 11:05,March,3.36,3.35
3/11/2024 11:10,March,3.51,3.51
3/11/2024 11:15,March,3.41,3.41
3/11/2024 11:20,March,3.47,3.46
3/11/2024 11:25,March,3.47,3.46
3/11/2024 11:30,March,3.47,3.47
3/11/2024 11:35,March,3.35,3.35
3/11/2024 11:40,March,3.16,3.15
3/11/2024 11:45,March,3.29,3.29
3/11/2024 11:50,March,3.29,3.29
3/11/2024 11:55,March,3.27,3.27
3/11/2024 12:00,March,3.15,3.15
3/11/2024 12:05,March,2.97,2.97
3/11/2024 12:10,March,3.2,3.2
3/11/2024 12:15,March,3.32,3.32
3/11/2024 12:20,March,3.31,3.32
3/11/2024 12:25,March,3.3,3.31
3/11/2024 12:30,March,3.34,3.34
3/11/2024 12:35,March,3.41,3.41
3/11/2024 12:40,March,3.46,3.46
3/11/2024 12:45,March,3.42,3.42
3/11/2024 12:50,March,3.41,3.41
3/11/2024 12:55,March,3.41,3.41
3/11/2024 13:00,March,3.47,3.47
3/11/2024 13:05,March,4.85,4.85
3/11/2024 13:10,March,4.4,4.4
3/11/2024 13:15,March,4.4,4.4
3/11/2024 13:20,March,7.7,7.7
3/11/2024 13:25,March,4.86,4.86
3/11/2024 13:30,March,7.77,7.77
3/11/2024 13:35,March,4.87,4.87
3/11/2024 13:40,March,4.87,4.87
3/11/2024 13:45,March,4.9,4.89
3/11/2024 13:50,March,4.43,4.43
3/11/2024 13:55,March,4.87,4.87
3/11/2024 14:00,March,4.87,4.86
3/11/2024 14:05,March,4.89,4.89
3/11/2024 14:10,March,4.88,4.87
3/11/2024 14:15,March,4.89,4.88
3/11/2024 14:20,March,3.89,3.89
3/11/2024 14:25,March,4.88,4.87
3/11/2024 14:30,March,4.9,4.9
3/11/2024 14:35,March,4.89,4.89
3/11/2024 14:40,March,4.77,4.77
3/11/2024 14:45,March,7.8,7.8
3/11/2024 14:50,March,4.9,4.9
3/11/2024 14:55,March,4.81,4.81
3/11/2024 15:00,March,4.9,4.9
3/11/2024 15:05,March,4.88,4.87
3/11/2024 15:10,March,4.89,4.89
3/11/2024 15:15,March,4.9,4.89
3/11/2024 15:20,March,5.2,5.19
3/11/2024 15:25,March,4.91,4.9
3/11/2024 15:30,March,4.92,4.91
3/11/2024 15:35,March,4.93,4.92
3/11/2024 15:40,March,4.93,4.92
3/11/2024 15:45,March,4.93,4.91
3/11/2024 15:50,March,4.98,4.97
3/11/2024 15:55,March,4.94,4.92
3/11/2024 16:00,March,4.94,4.92
3/11/2024 16:05,March,4.94,4.92
3/11/2024 16:10,March,4.95,4.93
3/11/2024 16:15,March,4.96,4.94
3/11/2024 16:20,March,4.99,4.98
3/11/2024 16:25,March,4.97,4.95
3/11/2024 16:30,March,4.97,4.95
3/11/2024 16:35,March,4.97,4.95
3/11/2024 16:40,March,5,4.98
3/11/2024 16:45,March,3.94,3.92
3/11/2024 16:50,March,4.9,4.87
3/11/2024 16:55,March,3.95,3.93
3/11/2024 17:00,March,3.94,3.92
3/11/2024 17:05,March,3.54,3.52
3/11/2024 17:10,March,3.59,3.57
3/11/2024 17:15,March,3.54,3.52
3/11/2024 17:20,March,3.6,3.57
3/11/2024 17:25,March,4.51,4.48
3/11/2024 17:30,March,4.79,4.77
3/11/2024 17:35,March,4.52,4.49
3/11/2024 17:40,March,4.8,4.77
3/11/2024 17:45,March,4.8,4.78
3/11/2024 17:50,March,4.8,4.78
3/11/2024 17:55,March,4.81,4.78
3/11/2024 18:00,March,4.9,4.87
3/11/2024 18:05,March,4.98,4.95
3/11/2024 18:10,March,7.91,7.86
3/11/2024 18:15,March,11.89,11.81
3/11/2024 18:20,March,12.01,11.93
3/11/2024 18:25,March,16.16,16.06
3/11/2024 18:30,March,15.05,14.96
3/11/2024 18:35,March,12.69,12.59
3/11/2024 18:40,March,11.35,11.25
3/11/2024 18:45,March,5.07,5.02
3/11/2024 18:50,March,4.92,4.88
3/11/2024 18:55,March,5.06,5.02
3/11/2024 19:00,March,5.02,4.98
3/11/2024 19:05,March,5.05,5.01
3/11/2024 19:10,March,5.04,5
3/11/2024 19:15,March,5.04,5
3/11/2024 19:20,March,4.93,4.9
3/11/2024 19:25,March,3.96,3.92
3/11/2024 19:30,March,4.55,4.51
3/11/2024 19:35,March,4.92,4.88
3/11/2024 19:40,March,5,4.96
3/11/2024 19:45,March,5,4.96
3/11/2024 19:50,March,5,4.96
3/11/2024 19:55,March,4.99,4.95
3/11/2024 20:00,March,4.55,4.51
3/11/2024 20:05,March,18.89,18.76
3/11/2024 20:10,March,18.32,18.2
3/11/2024 20:15,March,15.2,15.1
3/11/2024 20:20,March,12.53,12.45
3/11/2024 20:25,March,12.45,12.37
3/11/2024 20:30,March,5.06,5.02
3/11/2024 20:35,March,5.05,5.02
3/11/2024 20:40,March,5.15,5.11
3/11/2024 20:45,March,5.09,5.06
3/11/2024 20:50,March,4.94,4.91
3/11/2024 20:55,March,5.06,5.03
3/11/2024 21:00,March,5.05,5.02
3/11/2024 21:05,March,18.77,18.66
3/11/2024 21:10,March,12.56,12.48
3/11/2024 21:15,March,5.14,5.11
3/11/2024 21:20,March,5.1,5.06
3/11/2024 21:25,March,4.94,4.91
3/11/2024 21:30,March,5.08,5.04
3/11/2024 21:35,March,5.07,5.04
3/11/2024 21:40,March,5.81,5.77
3/11/2024 21:45,March,5.08,5.05
3/11/2024 21:50,March,4.95,4.91
3/11/2024 21:55,March,4.87,4.84
3/11/2024 22:00,March,4.83,4.8
3/11/2024 22:05,March,12.41,12.33
3/11/2024 22:10,March,5.05,5.02
3/11/2024 22:15,March,5.03,5
3/11/2024 22:20,March,5.03,5
3/11/2024 22:25,March,5.03,5
3/11/2024 22:30,March,3.97,3.95
3/11/2024 22:35,March,4.85,4.82
3/11/2024 22:40,March,5.02,4.98
3/11/2024 22:45,March,4.88,4.85
3/11/2024 22:50,March,4.91,4.88
3/11/2024 22:55,March,4.85,4.82
3/11/2024 23:00,March,3.58,3.56
3/11/2024 23:05,March,5.01,4.98
3/11/2024 23:10,March,4.93,4.9
3/11/2024 23:15,March,4.55,4.52
3/11/2024 23:20,March,4.55,4.52
3/11/2024 23:25,March,4.55,4.52
3/11/2024 23:30,March,4.56,4.53
3/11/2024 23:35,March,3.97,3.94
3/11/2024 23:40,March,4.55,4.52
3/11/2024 23:45,March,4.76,4.73
3/11/2024 23:50,March,3.97,3.94
3/11/2024 23:55,March,3.97,3.94
3/12/2024 0:00,March,3.58,3.56
3/12/2024 0:05,March,3.3,3.27
3/12/2024 0:10,March,4.54,4.51
3/12/2024 0:15,March,4.54,4.51
3/12/2024 0:20,March,4.56,4.52
3/12/2024 0:25,March,4.62,4.59
3/12/2024 0:30,March,4.62,4.59
3/12/2024 0:35,March,4.56,4.52
3/12/2024 0:40,March,4.55,4.52
3/12/2024 0:45,March,4.07,4.04
3/12/2024 0:50,March,4.55,4.52
3/12/2024 0:55,March,4.21,4.18
3/12/2024 1:00,March,4.08,4.05
3/12/2024 1:05,March,4.54,4.51
3/12/2024 1:10,March,4.53,4.51
3/12/2024 1:15,March,5.02,4.99
3/12/2024 1:20,March,4.79,4.76
3/12/2024 1:25,March,4.55,4.52
3/12/2024 1:30,March,4.21,4.18
3/12/2024 1:35,March,4.45,4.42
3/12/2024 1:40,March,4.45,4.42
3/12/2024 1:45,March,4.21,4.18
3/12/2024 1:50,March,4.44,4.42
3/12/2024 1:55,March,4.44,4.41
3/12/2024 2:00,March,4.08,4.05
3/12/2024 2:05,March,4.42,4.39
3/12/2024 2:10,March,4.41,4.38
3/12/2024 2:15,March,4.41,4.38
3/12/2024 2:20,March,4.07,4.04
3/12/2024 2:25,March,4.07,4.04
3/12/2024 2:30,March,4.07,4.04
3/12/2024 2:35,March,4.06,4.03
3/12/2024 2:40,March,4.07,4.04
3/12/2024 2:45,March,3.66,3.64
3/12/2024 2:50,March,4.06,4.02
3/12/2024 2:55,March,3.86,3.82
3/12/2024 3:00,March,3.85,3.82
3/12/2024 3:05,March,3.86,3.83
3/12/2024 3:10,March,4.05,4.02
3/12/2024 3:15,March,3.95,3.92
3/12/2024 3:20,March,3.86,3.83
3/12/2024 3:25,March,3.86,3.82
3/12/2024 3:30,March,3.85,3.82
3/12/2024 3:35,March,3.85,3.82
3/12/2024 3:40,March,4.54,4.5
3/12/2024 3:45,March,3.85,3.82
3/12/2024 3:50,March,3.85,3.82
3/12/2024 3:55,March,3.67,3.64
3/12/2024 4:00,March,3.85,3.81
3/12/2024 4:05,March,3.85,3.82
3/12/2024 4:10,March,4.76,4.72
3/12/2024 4:15,March,4.53,4.5
3/12/2024 4:20,March,4.54,4.5
3/12/2024 4:25,March,4.76,4.72
3/12/2024 4:30,March,4.6,4.57
3/12/2024 4:35,March,4.6,4.57
3/12/2024 4:40,March,4.6,4.56
3/12/2024 4:45,March,4.55,4.52
3/12/2024 4:50,March,4.59,4.56
3/12/2024 4:55,March,4.55,4.52
3/12/2024 5:00,March,4.55,4.52
3/12/2024 5:05,March,3.3,3.27
3/12/2024 5:10,March,3.94,3.91
3/12/2024 5:15,March,4.56,4.52
3/12/2024 5:20,March,4.56,4.52
3/12/2024 5:25,March,4.56,4.52
3/12/2024 5:30,March,4.56,4.52
3/12/2024 5:35,March,4.56,4.52
3/12/2024 5:40,March,4.57,4.53
3/12/2024 5:45,March,4.57,4.53
3/12/2024 5:50,March,4.57,4.53
3/12/2024 5:55,March,4.57,4.53
3/12/2024 6:00,March,4.27,4.23
3/12/2024 6:05,March,3.31,3.29
3/12/2024 6:10,March,3.56,3.53
3/12/2024 6:15,March,3.95,3.92
3/12/2024 6:20,March,3.66,3.63
3/12/2024 6:25,March,3.95,3.91
3/12/2024 6:30,March,4.55,4.51
3/12/2024 6:35,March,4.15,4.12
3/12/2024 6:40,March,3.54,3.52
3/12/2024 6:45,March,3.31,3.29
3/12/2024 6:50,March,3.54,3.51
3/12/2024 6:55,March,3.54,3.51
3/12/2024 7:00,March,3.31,3.29
3/12/2024 7:05,March,2.9,2.88
3/12/2024 7:10,March,3.53,3.51
3/12/2024 7:15,March,3.53,3.51
3/12/2024 7:20,March,3.54,3.52
3/12/2024 7:25,March,3.3,3.28
3/12/2024 7:30,March,3.37,3.35
3/12/2024 7:35,March,3.25,3.23
3/12/2024 7:40,March,3.54,3.53
3/12/2024 7:45,March,3.54,3.53
3/12/2024 7:50,March,4.37,4.35
3/12/2024 7:55,March,4.47,4.46
3/12/2024 8:00,March,11.68,11.64
3/12/2024 8:05,March,3.24,3.22
3/12/2024 8:10,March,4.5,4.47
3/12/2024 8:15,March,4.49,4.46
3/12/2024 8:20,March,4.48,4.45
3/12/2024 8:25,March,4.49,4.46
3/12/2024 8:30,March,4.48,4.46
3/12/2024 8:35,March,4.48,4.46
3/12/2024 8:40,March,4.48,4.46
3/12/2024 8:45,March,4.46,4.45
3/12/2024 8:50,March,4.47,4.46
3/12/2024 8:55,March,4.46,4.45
3/12/2024 9:00,March,4.75,4.74
3/12/2024 9:05,March,0,0
3/12/2024 9:10,March,3.49,3.5
3/12/2024 9:15,March,3.36,3.36
3/12/2024 9:20,March,3.56,3.56
3/12/2024 9:25,March,3.89,3.89
3/12/2024 9:30,March,4.42,4.43
3/12/2024 9:35,March,4.41,4.42
3/12/2024 9:40,March,4.42,4.42
3/12/2024 9:45,March,4.86,4.87
3/12/2024 9:50,March,7.78,7.8
3/12/2024 9:55,March,6.12,6.14
3/12/2024 10:00,March,4.86,4.87
3/12/2024 10:05,March,4.42,4.43
3/12/2024 10:10,March,4.85,4.86
3/12/2024 10:15,March,4.55,4.56
3/12/2024 10:20,March,4.43,4.44
3/12/2024 10:25,March,4.84,4.86
3/12/2024 10:30,March,4.84,4.86
3/12/2024 10:35,March,4.83,4.85
3/12/2024 10:40,March,4.56,4.58
3/12/2024 10:45,March,4.56,4.58
3/12/2024 10:50,March,11.25,11.3
3/12/2024 10:55,March,5.06,5.09
3/12/2024 11:00,March,5.06,5.09
3/12/2024 11:05,March,4.84,4.87
3/12/2024 11:10,March,7.72,7.76
3/12/2024 11:15,March,4.9,4.93
3/12/2024 11:20,March,4.89,4.92
3/12/2024 11:25,March,4.89,4.92
3/12/2024 11:30,March,4.89,4.92
3/12/2024 11:35,March,4.89,4.91
3/12/2024 11:40,March,4.88,4.91
3/12/2024 11:45,March,4.88,4.91
3/12/2024 11:50,March,4.87,4.9
3/12/2024 11:55,March,4.43,4.45
3/12/2024 12:00,March,4.43,4.45
3/12/2024 12:05,March,3.55,3.57
3/12/2024 12:10,March,4.42,4.44
3/12/2024 12:15,March,3.85,3.87
3/12/2024 12:20,March,3.55,3.57
3/12/2024 12:25,March,3.83,3.86
3/12/2024 12:30,March,4.4,4.42
3/12/2024 12:35,March,4.4,4.43
3/12/2024 12:40,March,4.84,4.87
3/12/2024 12:45,March,3.67,3.7
3/12/2024 12:50,March,3.85,3.88
3/12/2024 12:55,March,6.12,6.15
3/12/2024 13:00,March,7.21,7.25
3/12/2024 13:05,March,7.66,7.7
3/12/2024 13:10,March,11.71,11.76
3/12/2024 13:15,March,12.61,12.68
3/12/2024 13:20,March,8.67,8.72
3/12/2024 13:25,March,7.66,7.7
3/12/2024 13:30,March,4.99,5.01
3/12/2024 13:35,March,8.68,8.72
3/12/2024 13:40,March,8.68,8.72
3/12/2024 13:45,March,7.78,7.81
3/12/2024 13:50,March,7.77,7.81
3/12/2024 13:55,March,10.5,10.54
3/12/2024 14:00,March,11.26,11.3
3/12/2024 14:05,March,10.53,10.57
3/12/2024 14:10,March,8.68,8.72
3/12/2024 14:15,March,8.69,8.72
3/12/2024 14:20,March,8.69,8.73
3/12/2024 14:25,March,12.67,12.72
3/12/2024 14:30,March,11.62,11.67
3/12/2024 14:35,March,8.69,8.72
3/12/2024 14:40,March,11.94,11.98
3/12/2024 14:45,March,12.03,12.07
3/12/2024 14:50,March,12.74,12.78
3/12/2024 14:55,March,11.82,11.86
3/12/2024 15:00,March,10.63,10.67
3/12/2024 15:05,March,4.98,4.99
3/12/2024 15:10,March,5.02,5.04
3/12/2024 15:15,March,7.69,7.71
3/12/2024 15:20,March,8.71,8.73
3/12/2024 15:25,March,11.78,11.82
3/12/2024 15:30,March,11.77,11.8
3/12/2024 15:35,March,10.56,10.59
3/12/2024 15:40,March,11.82,11.85
3/12/2024 15:45,March,11.4,11.43
3/12/2024 15:50,March,12.93,12.95
3/12/2024 15:55,March,12.79,12.81
3/12/2024 16:00,March,13.56,13.58
3/12/2024 16:05,March,12.79,12.81
3/12/2024 16:10,March,11.92,11.94
3/12/2024 16:15,March,12.15,12.17
3/12/2024 16:20,March,11.78,11.79
3/12/2024 16:25,March,11.81,11.82
3/12/2024 16:30,March,11.91,11.92
3/12/2024 16:35,March,11.96,11.97
3/12/2024 16:40,March,10.67,10.67
3/12/2024 16:45,March,11.77,11.77
3/12/2024 16:50,March,7.88,7.88
3/12/2024 16:55,March,5.91,5.91
3/12/2024 17:00,March,3.44,3.44
3/12/2024 17:05,March,3.3,3.3
3/12/2024 17:10,March,3.44,3.44
3/12/2024 17:15,March,3.54,3.53
3/12/2024 17:20,March,3.93,3.93
3/12/2024 17:25,March,4.93,4.92
3/12/2024 17:30,March,4.96,4.96
3/12/2024 17:35,March,4.95,4.95
3/12/2024 17:40,March,7.75,7.74
3/12/2024 17:45,March,5.19,5.19
3/12/2024 17:50,March,5.89,5.88
3/12/2024 17:55,March,5.19,5.19
3/12/2024 18:00,March,7.75,7.74
3/12/2024 18:05,March,8.9,8.88
3/12/2024 18:10,March,8.77,8.74
3/12/2024 18:15,March,11.83,11.79
3/12/2024 18:20,March,16.96,16.89
3/12/2024 18:25,March,15.42,15.36
3/12/2024 18:30,March,17.41,17.34
3/12/2024 18:35,March,16.97,16.9
3/12/2024 18:40,March,12.9,12.85
3/12/2024 18:45,March,11.9,11.85
3/12/2024 18:50,March,10.64,10.6
3/12/2024 18:55,March,8.91,8.87
3/12/2024 19:00,March,8.75,8.71
3/12/2024 19:05,March,8.74,8.71
3/12/2024 19:10,March,7.9,7.87
3/12/2024 19:15,March,5.09,5.08
3/12/2024 19:20,March,5.08,5.07
3/12/2024 19:25,March,4.97,4.96
3/12/2024 19:30,March,5.04,5.03
3/12/2024 19:35,March,4.98,4.97
3/12/2024 19:40,March,5.03,5.02
3/12/2024 19:45,March,5.03,5.02
3/12/2024 19:50,March,5.02,5.01
3/12/2024 19:55,March,5.01,5
3/12/2024 20:00,March,5.02,5.01
3/12/2024 20:05,March,16.46,16.43
3/12/2024 20:10,March,7.9,7.88
3/12/2024 20:15,March,5.06,5.04
3/12/2024 20:20,March,5.28,5.27
3/12/2024 20:25,March,5.05,5.04
3/12/2024 20:30,March,5.04,5.03
3/12/2024 20:35,March,5.06,5.05
3/12/2024 20:40,March,5.07,5.06
3/12/2024 20:45,March,4.99,4.98
3/12/2024 20:50,March,5.05,5.04
3/12/2024 20:55,March,4.09,4.09
3/12/2024 21:00,March,4.09,4.09
3/12/2024 21:05,March,18.77,18.77
3/12/2024 21:10,March,4.94,4.94
3/12/2024 21:15,March,4.94,4.94
3/12/2024 21:20,March,4.91,4.91
3/12/2024 21:25,March,4.91,4.91
3/12/2024 21:30,March,4.91,4.91
3/12/2024 21:35,March,4.91,4.91
3/12/2024 21:40,March,4.68,4.68
3/12/2024 21:45,March,4.91,4.91
3/12/2024 21:50,March,4.68,4.68
3/12/2024 21:55,March,4.91,4.91
3/12/2024 22:00,March,4.68,4.68
3/12/2024 22:05,March,13.64,13.64
3/12/2024 22:10,March,4.94,4.94
3/12/2024 22:15,March,4.09,4.09
3/12/2024 22:20,March,3.84,3.84
3/12/2024 22:25,March,3.58,3.58
3/12/2024 22:30,March,3.55,3.55
3/12/2024 22:35,March,3.68,3.68
3/12/2024 22:40,March,4.09,4.09
3/12/2024 22:45,March,3.55,3.55
3/12/2024 22:50,March,3.32,3.32
3/12/2024 22:55,March,3.55,3.55
3/12/2024 23:00,March,3.55,3.55
3/12/2024 23:05,March,4.94,4.94
3/12/2024 23:10,March,4.01,4.01
3/12/2024 23:15,March,4.91,4.95
3/12/2024 23:20,March,4.68,4.68
3/12/2024 23:25,March,4.48,4.48
3/12/2024 23:30,March,4.49,4.48
3/12/2024 23:35,March,4.49,4.48
3/12/2024 23:40,March,4.49,4.48
3/12/2024 23:45,March,3.55,3.55
3/12/2024 23:50,March,3.55,3.55
3/12/2024 23:55,March,4.48,4.47
3/13/2024 0:00,March,4.48,4.47
3/13/2024 0:05,March,3.28,3.26
3/13/2024 0:10,March,4.49,4.47
3/13/2024 0:15,March,3.65,3.64
3/13/2024 0:20,March,4.48,4.47
3/13/2024 0:25,March,3.23,3.22
3/13/2024 0:30,March,4.24,4.23
3/13/2024 0:35,March,4.24,4.22
3/13/2024 0:40,March,3.64,3.63
3/13/2024 0:45,March,4.49,4.47
3/13/2024 0:50,March,3.17,3.15
3/13/2024 0:55,March,3.27,3.26
3/13/2024 1:00,March,3.38,3.37
3/13/2024 1:05,March,4.49,4.47
3/13/2024 1:10,March,3.25,3.24
3/13/2024 1:15,March,3.88,3.86
3/13/2024 1:20,March,3.88,3.86
3/13/2024 1:25,March,2.99,2.98
3/13/2024 1:30,March,3.15,3.13
3/13/2024 1:35,March,3.24,3.22
3/13/2024 1:40,March,3.24,3.22
3/13/2024 1:45,March,3.24,3.22
3/13/2024 1:50,March,2.99,2.98
3/13/2024 1:55,March,2.99,2.98
3/13/2024 2:00,March,2.84,2.83
3/13/2024 2:05,March,2.99,2.98
3/13/2024 2:10,March,2.99,2.98
3/13/2024 2:15,March,2.99,2.98
3/13/2024 2:20,March,2.84,2.83
3/13/2024 2:25,March,2.89,2.88
3/13/2024 2:30,March,2.99,2.98
3/13/2024 2:35,March,2.89,2.88
3/13/2024 2:40,March,3.23,3.21
3/13/2024 2:45,March,3.22,3.2
3/13/2024 2:50,March,2.84,2.83
3/13/2024 2:55,March,2.89,2.87
3/13/2024 3:00,March,2.89,2.87
3/13/2024 3:05,March,3.38,3.36
3/13/2024 3:10,March,3.23,3.21
3/13/2024 3:15,March,3.2,3.18
3/13/2024 3:20,March,3.23,3.21
3/13/2024 3:25,March,3.22,3.2
3/13/2024 3:30,March,3.23,3.21
3/13/2024 3:35,March,3.23,3.21
3/13/2024 3:40,March,3.23,3.21
3/13/2024 3:45,March,2.5,2.49
3/13/2024 3:50,March,2.84,2.82
3/13/2024 3:55,March,2.84,2.82
3/13/2024 4:00,March,2.89,2.87
3/13/2024 4:05,March,3.3,3.28
3/13/2024 4:10,March,3.23,3.21
3/13/2024 4:15,March,3.3,3.28
3/13/2024 4:20,March,3.3,3.28
3/13/2024 4:25,March,3.38,3.36
3/13/2024 4:30,March,3.3,3.28
3/13/2024 4:35,March,3.38,3.36
3/13/2024 4:40,March,3.38,3.36
3/13/2024 4:45,March,3.38,3.36
3/13/2024 4:50,March,3.27,3.25
3/13/2024 4:55,March,3.7,3.67
3/13/2024 5:00,March,3.54,3.52
3/13/2024 5:05,March,4.56,4.53
3/13/2024 5:10,March,4.5,4.47
3/13/2024 5:15,March,4.51,4.47
3/13/2024 5:20,March,4.57,4.54
3/13/2024 5:25,March,4.57,4.54
3/13/2024 5:30,March,4.51,4.48
3/13/2024 5:35,March,4.51,4.48
3/13/2024 5:40,March,4.51,4.48
3/13/2024 5:45,March,4.51,4.47
3/13/2024 5:50,March,4.5,4.48
3/13/2024 5:55,March,4.16,4.13
3/13/2024 6:00,March,4.5,4.47
3/13/2024 6:05,March,3.27,3.25
3/13/2024 6:10,March,3.39,3.36
3/13/2024 6:15,March,3.94,3.91
3/13/2024 6:20,March,3.31,3.28
3/13/2024 6:25,March,3.85,3.82
3/13/2024 6:30,March,3.29,3.26
3/13/2024 6:35,March,2.48,2.46
3/13/2024 6:40,March,2.52,2.51
3/13/2024 6:45,March,2.84,2.82
3/13/2024 6:50,March,2.61,2.59
3/13/2024 6:55,March,2.83,2.81
3/13/2024 7:00,March,2.83,2.81
3/13/2024 7:05,March,0,0
3/13/2024 7:10,March,1.11,1.11
3/13/2024 7:15,March,2.79,2.78
3/13/2024 7:20,March,3.22,3.2
3/13/2024 7:25,March,2.83,2.81
3/13/2024 7:30,March,2.79,2.78
3/13/2024 7:35,March,2.89,2.88
3/13/2024 7:40,March,2.83,2.82
3/13/2024 7:45,March,3.18,3.16
3/13/2024 7:50,March,3.21,3.2
3/13/2024 7:55,March,3.53,3.52
3/13/2024 8:00,March,3.52,3.51
3/13/2024 8:05,March,0.74,0.73
3/13/2024 8:10,March,2.86,2.85
3/13/2024 8:15,March,2.89,2.87
3/13/2024 8:20,March,3.07,3.05
3/13/2024 8:25,March,3.2,3.18
3/13/2024 8:30,March,3.36,3.34
3/13/2024 8:35,March,3.36,3.34
3/13/2024 8:40,March,3.21,3.2
3/13/2024 8:45,March,3.3,3.29
3/13/2024 8:50,March,3.36,3.34
3/13/2024 8:55,March,3.36,3.34
3/13/2024 9:00,March,3.45,3.44
3/13/2024 9:05,March,2.46,2.45
3/13/2024 9:10,March,3.27,3.27
3/13/2024 9:15,March,3.17,3.17
3/13/2024 9:20,March,3.49,3.49
3/13/2024 9:25,March,3.49,3.49
3/13/2024 9:30,March,3.47,3.47
3/13/2024 9:35,March,2.84,2.84
3/13/2024 9:40,March,3.46,3.46
3/13/2024 9:45,March,3.49,3.49
3/13/2024 9:50,March,3.47,3.48
3/13/2024 9:55,March,3.45,3.45
3/13/2024 10:00,March,3.27,3.27
3/13/2024 10:05,March,2.8,2.8
3/13/2024 10:10,March,2.89,2.89
3/13/2024 10:15,March,2.89,2.89
3/13/2024 10:20,March,3.23,3.23
3/13/2024 10:25,March,3.21,3.21
3/13/2024 10:30,March,3.27,3.27
3/13/2024 10:35,March,2.89,2.89
3/13/2024 10:40,March,3.04,3.04
3/13/2024 10:45,March,3.04,3.04
3/13/2024 10:50,March,3.04,3.04
3/13/2024 10:55,March,3.04,3.04
3/13/2024 11:00,March,3.06,3.06
3/13/2024 11:05,March,3.26,3.26
3/13/2024 11:10,March,3.06,3.06
3/13/2024 11:15,March,3.04,3.04
3/13/2024 11:20,March,3.04,3.04
3/13/2024 11:25,March,2.83,2.83
3/13/2024 11:30,March,2.97,2.97
3/13/2024 11:35,March,2.83,2.83
3/13/2024 11:40,March,2.99,2.99
3/13/2024 11:45,March,2.99,2.99
3/13/2024 11:50,March,3.06,3.06
3/13/2024 11:55,March,2.82,2.83
3/13/2024 12:00,March,1.02,1.02
3/13/2024 12:05,March,0,0
3/13/2024 12:10,March,0,0
3/13/2024 12:15,March,0,0
3/13/2024 12:20,March,0.77,0.77
3/13/2024 12:25,March,2.58,2.58
3/13/2024 12:30,March,3.06,3.11
3/13/2024 12:35,March,3.15,3.16
3/13/2024 12:40,March,3.08,3.15
3/13/2024 12:45,March,3.13,3.15
3/13/2024 12:50,March,3.06,3.11
3/13/2024 12:55,March,3.21,3.21
3/13/2024 13:00,March,3.15,3.15
3/13/2024 13:05,March,4.93,4.93
3/13/2024 13:10,March,4.41,4.42
3/13/2024 13:15,March,4.66,4.66
3/13/2024 13:20,March,4.07,4.07
3/13/2024 13:25,March,4.16,4.16
3/13/2024 13:30,March,4.16,4.16
3/13/2024 13:35,March,4.16,4.16
3/13/2024 13:40,March,4.67,4.67
3/13/2024 13:45,March,4.16,4.16
3/13/2024 13:50,March,4.08,4.09
3/13/2024 13:55,March,4.49,4.49
3/13/2024 14:00,March,3.88,3.89
3/13/2024 14:05,March,4,4
3/13/2024 14:10,March,4.51,4.5
3/13/2024 14:15,March,4.51,4.5
3/13/2024 14:20,March,4.51,4.51
3/13/2024 14:25,March,4.57,4.57
3/13/2024 14:30,March,4.16,4.16
3/13/2024 14:35,March,4.57,4.57
3/13/2024 14:40,March,3.97,4.1
3/13/2024 14:45,March,4.43,4.42
3/13/2024 14:50,March,4.43,4.42
3/13/2024 14:55,March,4.41,4.42
3/13/2024 15:00,March,3.88,3.88
3/13/2024 15:05,March,4.11,4.11
3/13/2024 15:10,March,3.88,3.87
3/13/2024 15:15,March,2.54,2.54
3/13/2024 15:20,March,3.39,3.38
3/13/2024 15:25,March,3.4,3.39
3/13/2024 15:30,March,3.75,3.74
3/13/2024 15:35,March,3.01,3
3/13/2024 15:40,March,3.19,3.18
3/13/2024 15:45,March,3.74,3.73
3/13/2024 15:50,March,3.4,3.39
3/13/2024 15:55,March,3.39,3.38
3/13/2024 16:00,March,3.35,3.34
3/13/2024 16:05,March,3.08,3.07
3/13/2024 16:10,March,3.38,3.37
3/13/2024 16:15,March,3.4,3.39
3/13/2024 16:20,March,3.41,3.4
3/13/2024 16:25,March,3.59,3.58
3/13/2024 16:30,March,3.7,3.69
3/13/2024 16:35,March,3.38,3.38
3/13/2024 16:40,March,3.37,3.36
3/13/2024 16:45,March,3.08,3.07
3/13/2024 16:50,March,3.08,3.07
3/13/2024 16:55,March,3.02,3.01
3/13/2024 17:00,March,2.83,2.82
3/13/2024 17:05,March,2.04,2.03
3/13/2024 17:10,March,2.83,2.82
3/13/2024 17:15,March,2.87,2.85
3/13/2024 17:20,March,2.86,2.85
3/13/2024 17:25,March,2.89,2.88
3/13/2024 17:30,March,2.95,2.94
3/13/2024 17:35,March,2.96,2.94
3/13/2024 17:40,March,2.96,2.94
3/13/2024 17:45,March,3.21,3.2
3/13/2024 17:50,March,3.38,3.37
3/13/2024 17:55,March,3.71,3.69
3/13/2024 18:00,March,3.94,3.92
3/13/2024 18:05,March,3.94,3.92
3/13/2024 18:10,March,4.47,4.45
3/13/2024 18:15,March,3.59,3.57
3/13/2024 18:20,March,17.6,17.51
3/13/2024 18:25,March,11.96,11.91
3/13/2024 18:30,March,6.36,6.33
3/13/2024 18:35,March,4.95,4.93
3/13/2024 18:40,March,4.95,4.93
3/13/2024 18:45,March,4.86,4.83
3/13/2024 18:50,March,4.49,4.47
3/13/2024 18:55,March,3.94,3.92
3/13/2024 19:00,March,3.91,3.89
3/13/2024 19:05,March,3.92,3.9
3/13/2024 19:10,March,3.91,3.89
3/13/2024 19:15,March,4.14,4.12
3/13/2024 19:20,March,4.14,4.12
3/13/2024 19:25,March,3.92,3.9
3/13/2024 19:30,March,3.42,3.4
3/13/2024 19:35,March,3.6,3.58
3/13/2024 19:40,March,3.94,3.92
3/13/2024 19:45,March,3.92,3.89
3/13/2024 19:50,March,3.39,3.37
3/13/2024 19:55,March,3.91,3.89
3/13/2024 20:00,March,3.34,3.32
3/13/2024 20:05,March,4.93,4.91
3/13/2024 20:10,March,4.84,4.81
3/13/2024 20:15,March,4.15,4.12
3/13/2024 20:20,March,4.47,4.44
3/13/2024 20:25,March,4.15,4.13
3/13/2024 20:30,March,3.42,3.4
3/13/2024 20:35,March,3.42,3.4
3/13/2024 20:40,March,3.73,3.71
3/13/2024 20:45,March,3.9,3.88
3/13/2024 20:50,March,3.73,3.71
3/13/2024 20:55,March,3.39,3.37
3/13/2024 21:00,March,3.26,3.23
3/13/2024 21:05,March,4.63,4.6
3/13/2024 21:10,March,4.58,4.55
3/13/2024 21:15,March,4.59,4.56
3/13/2024 21:20,March,4.6,4.57
3/13/2024 21:25,March,4.6,4.56
3/13/2024 21:30,March,4.51,4.48
3/13/2024 21:35,March,4.5,4.47
3/13/2024 21:40,March,4.51,4.48
3/13/2024 21:45,March,4.17,4.14
3/13/2024 21:50,March,3.42,3.39
3/13/2024 21:55,March,2.95,2.93
3/13/2024 22:00,March,3.31,3.29
3/13/2024 22:05,March,4.72,4.69
3/13/2024 22:10,March,4.48,4.46
3/13/2024 22:15,March,4.48,4.45
3/13/2024 22:20,March,4.67,4.64
3/13/2024 22:25,March,4.49,4.46
3/13/2024 22:30,March,3.96,3.93
3/13/2024 22:35,March,3.42,3.39
3/13/2024 22:40,March,3.96,3.93
3/13/2024 22:45,March,3.96,3.93
3/13/2024 22:50,March,3.93,3.9
3/13/2024 22:55,March,4.02,3.99
3/13/2024 23:00,March,3.6,3.57
3/13/2024 23:05,March,4.18,4.15
3/13/2024 23:10,March,4.08,4.05
3/13/2024 23:15,March,3.95,3.93
3/13/2024 23:20,March,4.03,4.01
3/13/2024 23:25,March,3.95,3.93
3/13/2024 23:30,March,3.96,3.93
3/13/2024 23:35,March,3.87,3.85
3/13/2024 23:40,March,3.59,3.57
3/13/2024 23:45,March,3.69,3.66
3/13/2024 23:50,March,3.87,3.84
3/13/2024 23:55,March,3.87,3.85
3/14/2024 0:00,March,3.96,3.93
3/14/2024 0:05,March,4.43,4.4
3/14/2024 0:10,March,4.43,4.4
3/14/2024 0:15,March,3.87,3.85
3/14/2024 0:20,March,3.87,3.84
3/14/2024 0:25,March,4.21,4.18
3/14/2024 0:30,March,4.42,4.4
3/14/2024 0:35,March,4.43,4.4
3/14/2024 0:40,March,3.87,3.85
3/14/2024 0:45,March,3.64,3.62
3/14/2024 0:50,March,4.43,4.4
3/14/2024 0:55,March,3.87,3.85
3/14/2024 1:00,March,3.86,3.84
3/14/2024 1:05,March,3.64,3.61
3/14/2024 1:10,March,3.22,3.2
3/14/2024 1:15,March,3.31,3.28
3/14/2024 1:20,March,3.64,3.61
3/14/2024 1:25,March,3.86,3.83
3/14/2024 1:30,March,3.64,3.62
3/14/2024 1:35,March,3.31,3.28
3/14/2024 1:40,March,3.07,3.04
3/14/2024 1:45,March,3.64,3.61
3/14/2024 1:50,March,3.64,3.62
3/14/2024 1:55,March,3.24,3.21
3/14/2024 2:00,March,3.14,3.12
3/14/2024 2:05,March,2.65,2.63
3/14/2024 2:10,March,3.03,3.01
3/14/2024 2:15,March,2.85,2.83
3/14/2024 2:20,March,2.48,2.47
3/14/2024 2:25,March,2.84,2.82
3/14/2024 2:30,March,2.89,2.87
3/14/2024 2:35,March,3,2.98
3/14/2024 2:40,March,2.48,2.47
3/14/2024 2:45,March,2.89,2.87
3/14/2024 2:50,March,3.22,3.2
3/14/2024 2:55,March,2.31,2.3
3/14/2024 3:00,March,2.48,2.47
3/14/2024 3:05,March,2.48,2.47
3/14/2024 3:10,March,2.48,2.47
3/14/2024 3:15,March,2.73,2.71
3/14/2024 3:20,March,2.73,2.71
3/14/2024 3:25,March,2.84,2.82
3/14/2024 3:30,March,2.73,2.71
3/14/2024 3:35,March,2.73,2.71
3/14/2024 3:40,March,3.23,3.2
3/14/2024 3:45,March,2.8,2.78
3/14/2024 3:50,March,2.8,2.78
3/14/2024 3:55,March,2.8,2.78
3/14/2024 4:00,March,2.73,2.71
3/14/2024 4:05,March,2.73,2.71
3/14/2024 4:10,March,3.94,3.91
3/14/2024 4:15,March,3.85,3.82
3/14/2024 4:20,March,2.8,2.78
3/14/2024 4:25,March,2.89,2.87
3/14/2024 4:30,March,2.85,2.82
3/14/2024 4:35,March,2.8,2.78
3/14/2024 4:40,March,3.23,3.2
3/14/2024 4:45,March,2.89,2.86
3/14/2024 4:50,March,2.89,2.86
3/14/2024 4:55,March,3.23,3.2
3/14/2024 5:00,March,2.89,2.86
3/14/2024 5:05,March,2.91,2.89
3/14/2024 5:10,March,3.65,3.62
3/14/2024 5:15,March,4.51,4.48
3/14/2024 5:20,March,4.44,4.4
3/14/2024 5:25,March,3.95,3.92
3/14/2024 5:30,March,3.95,3.92
3/14/2024 5:35,March,3.95,3.92
3/14/2024 5:40,March,3.95,3.92
3/14/2024 5:45,March,3.95,3.92
3/14/2024 5:50,March,3.95,3.92
3/14/2024 5:55,March,4.01,3.98
3/14/2024 6:00,March,4.01,3.98
3/14/2024 6:05,March,2.48,2.46
3/14/2024 6:10,March,3.23,3.21
3/14/2024 6:15,March,3.62,3.59
3/14/2024 6:20,March,3.39,3.36
3/14/2024 6:25,March,3.23,3.2
3/14/2024 6:30,March,3.39,3.36
3/14/2024 6:35,March,3.05,3.02
3/14/2024 6:40,March,2.86,2.83
3/14/2024 6:45,March,2.85,2.83
3/14/2024 6:50,March,2.51,2.51
3/14/2024 6:55,March,2.51,0
3/14/2024 7:00,March,2.51,0
3/14/2024 7:05,March,0,0
3/14/2024 7:10,March,0,0
3/14/2024 7:15,March,2.47,0
3/14/2024 7:20,March,2.48,0
3/14/2024 7:25,March,2.48,0
3/14/2024 7:30,March,2.77,0
3/14/2024 7:35,March,2.32,0
3/14/2024 7:40,March,0.74,0
3/14/2024 7:45,March,2.3,0
3/14/2024 7:50,March,2.82,0
3/14/2024 7:55,March,2.87,0
3/14/2024 8:00,March,2.91,0
3/14/2024 8:05,March,0,0
3/14/2024 8:10,March,1.1,0
3/14/2024 8:15,March,3.16,0
3/14/2024 8:20,March,3.13,0
3/14/2024 8:25,March,3.2,0
3/14/2024 8:30,March,3.19,0
3/14/2024 8:35,March,2.85,0
3/14/2024 8:40,March,3.21,0
3/14/2024 8:45,March,3.19,0
3/14/2024 8:50,March,3.55,0
3/14/2024 8:55,March,3.51,0
3/14/2024 9:00,March,3.28,0
3/14/2024 9:05,March,0,0
3/14/2024 9:10,March,2.46,0
3/14/2024 9:15,March,2.47,0
3/14/2024 9:20,March,2.83,0
3/14/2024 9:25,March,2.83,0
3/14/2024 9:30,March,2.84,0
3/14/2024 9:35,March,2.83,0
3/14/2024 9:40,March,3.16,0
3/14/2024 9:45,March,3.17,0
3/14/2024 9:50,March,2.83,0
3/14/2024 9:55,March,3.16,0
3/14/2024 10:00,March,3.16,0
3/14/2024 10:05,March,2.82,0
3/14/2024 10:10,March,3.26,0
3/14/2024 10:15,March,3.3,0
3/14/2024 10:20,March,3.48,0
3/14/2024 10:25,March,3.48,0
3/14/2024 10:30,March,3.48,0
3/14/2024 10:35,March,3.55,0
3/14/2024 10:40,March,3.66,0
3/14/2024 10:45,March,3.63,0
3/14/2024 10:50,March,3.62,0
3/14/2024 10:55,March,3.38,0
3/14/2024 11:00,March,3.5,0
3/14/2024 11:05,March,3.22,0
3/14/2024 11:10,March,3.25,0
3/14/2024 11:15,March,3.23,0
3/14/2024 11:20,March,3.23,0
3/14/2024 11:25,March,3.29,0
3/14/2024 11:30,March,3.24,0
3/14/2024 11:35,March,3.23,0
3/14/2024 11:40,March,3.23,0
3/14/2024 11:45,March,3.2,0
3/14/2024 11:50,March,3.19,0
3/14/2024 11:55,March,2.98,0
3/14/2024 12:00,March,2.83,0
3/14/2024 12:05,March,2.58,0
3/14/2024 12:10,March,2.58,0
3/14/2024 12:15,March,2.76,0
3/14/2024 12:20,March,2.8,0
3/14/2024 12:25,March,2.77,0
3/14/2024 12:30,March,2.82,0
3/14/2024 12:35,March,3.16,0
3/14/2024 12:40,March,3.15,0
3/14/2024 12:45,March,3.15,0
3/14/2024 12:50,March,3.47,0
3/14/2024 12:55,March,3.36,0
3/14/2024 13:00,March,3.47,0
3/14/2024 13:05,March,3.47,0
3/14/2024 13:10,March,5.43,0
3/14/2024 13:15,March,4.66,0
3/14/2024 13:20,March,4.34,0
3/14/2024 13:25,March,3.97,0
3/14/2024 13:30,March,3.79,0
3/14/2024 13:35,March,3.87,0
3/14/2024 13:40,March,3.8,0
3/14/2024 13:45,March,3.81,0
3/14/2024 13:50,March,3.66,0
3/14/2024 13:55,March,3.8,0
3/14/2024 14:00,March,3.82,0
3/14/2024 14:05,March,3.64,0
3/14/2024 14:10,March,3.67,0
3/14/2024 14:15,March,3.68,0
3/14/2024 14:20,March,3.71,0
3/14/2024 14:25,March,3.67,0
3/14/2024 14:30,March,3.68,0
3/14/2024 14:35,March,3.68,0
3/14/2024 14:40,March,3.89,0
3/14/2024 14:45,March,3.68,0
3/14/2024 14:50,March,3.69,0
3/14/2024 14:55,March,4.7,0
3/14/2024 15:00,March,4.4,0
3/14/2024 15:05,March,4.4,0
3/14/2024 15:10,March,17.85,0
3/14/2024 15:15,March,4.73,0
3/14/2024 15:20,March,4.43,0
3/14/2024 15:25,March,4.43,0
3/14/2024 15:30,March,4.44,0
3/14/2024 15:35,March,3.89,0
3/14/2024 15:40,March,4.43,0
3/14/2024 15:45,March,4.51,0
3/14/2024 15:50,March,4.51,0
3/14/2024 15:55,March,4.5,0
3/14/2024 16:00,March,4.5,0
3/14/2024 16:05,March,3.82,0
3/14/2024 16:10,March,4.44,0
3/14/2024 16:15,March,4.5,0
3/14/2024 16:20,March,4.52,0
3/14/2024 16:25,March,3.84,0
3/14/2024 16:30,March,4.44,0
3/14/2024 16:35,March,4.45,0
3/14/2024 16:40,March,3.94,0
3/14/2024 16:45,March,3.93,0
3/14/2024 16:50,March,3.82,0
3/14/2024 16:55,March,3.65,0
3/14/2024 17:00,March,3.56,0
3/14/2024 17:05,March,3.23,0
3/14/2024 17:10,March,3.56,0
3/14/2024 17:15,March,3.81,0
3/14/2024 17:20,March,3.77,0
3/14/2024 17:25,March,3.95,0
3/14/2024 17:30,March,3.9,0
3/14/2024 17:35,March,3.91,0
3/14/2024 17:40,March,3.92,0
3/14/2024 17:45,March,3.96,0
3/14/2024 17:50,March,4.53,0
3/14/2024 17:55,March,4.66,0
3/14/2024 18:00,March,4.66,0
3/14/2024 18:05,March,4.55,0
3/14/2024 18:10,March,6.57,0
3/14/2024 18:15,March,7.84,0
3/14/2024 18:20,March,6.58,0
3/14/2024 18:25,March,6.58,0
3/14/2024 18:30,March,4.7,0
3/14/2024 18:35,March,4.7,0
3/14/2024 18:40,March,4.7,0
3/14/2024 18:45,March,4.72,0
3/14/2024 18:50,March,4.58,0
3/14/2024 18:55,March,4.58,0
3/14/2024 19:00,March,4.56,0
3/14/2024 19:05,March,4.57,0
3/14/2024 19:10,March,4.56,0
3/14/2024 19:15,March,4.57,0
3/14/2024 19:20,March,4.71,4.71
3/14/2024 19:25,March,4.59,4.59
3/14/2024 19:30,March,4.59,4.59
3/14/2024 19:35,March,4.64,4.63
3/14/2024 19:40,March,4.51,4.5
3/14/2024 19:45,March,4.54,4.51
3/14/2024 19:50,March,4.66,4.64
3/14/2024 19:55,March,4.67,4.64
3/14/2024 20:00,March,4.68,4.65
3/14/2024 20:05,March,5.06,5.03
3/14/2024 20:10,March,4.55,4.52
3/14/2024 20:15,March,4.54,4.52
3/14/2024 20:20,March,5.06,5.03
3/14/2024 20:25,March,4.67,4.64
3/14/2024 20:30,March,4.67,4.64
3/14/2024 20:35,March,4.67,4.64
3/14/2024 20:40,March,4.68,4.65
3/14/2024 20:45,March,4.56,4.53
3/14/2024 20:50,March,4.54,4.51
3/14/2024 20:55,March,4.46,4.43
3/14/2024 21:00,March,4.52,4.49
3/14/2024 21:05,March,18.52,18.4
3/14/2024 21:10,March,5.04,5.01
3/14/2024 21:15,March,4.56,4.53
3/14/2024 21:20,March,4.67,4.64
3/14/2024 21:25,March,4.53,4.5
3/14/2024 21:30,March,4.53,4.5
3/14/2024 21:35,March,4.53,4.5
3/14/2024 21:40,March,4.52,4.49
3/14/2024 21:45,March,4.51,4.48
3/14/2024 21:50,March,4.51,4.48
3/14/2024 21:55,March,4.26,4.23
3/14/2024 22:00,March,4.41,4.38
3/14/2024 22:05,March,4.83,4.8
3/14/2024 22:10,March,4.66,4.63
3/14/2024 22:15,March,4.46,4.43
3/14/2024 22:20,March,4.66,4.63
3/14/2024 22:25,March,4.45,4.42
3/14/2024 22:30,March,4.25,4.22
3/14/2024 22:35,March,4.25,4.22
3/14/2024 22:40,March,4.25,4.22
3/14/2024 22:45,March,3.95,3.92
3/14/2024 22:50,March,3.95,3.92
3/14/2024 22:55,March,3.92,3.89
3/14/2024 23:00,March,3.91,3.88
3/14/2024 23:05,March,4.66,4.62
3/14/2024 23:10,March,4.64,4.61
3/14/2024 23:15,March,4.53,4.5
3/14/2024 23:20,March,4.64,4.61
3/14/2024 23:25,March,4.53,4.5
3/14/2024 23:30,March,4.24,4.21
3/14/2024 23:35,March,4.08,4.05
3/14/2024 23:40,March,4.08,4.05
3/14/2024 23:45,March,3.57,3.55
3/14/2024 23:50,March,3.57,3.55
3/14/2024 23:55,March,3.58,3.55
3/15/2024 0:00,March,3.26,3.23
3/15/2024 0:05,March,4.54,4.5
3/15/2024 0:10,March,3.87,3.84
3/15/2024 0:15,March,3.86,3.83
3/15/2024 0:20,March,3.66,3.63
3/15/2024 0:25,March,3.66,3.63
3/15/2024 0:30,March,3.87,3.83
3/15/2024 0:35,March,4.2,4.17
3/15/2024 0:40,March,3.87,3.84
3/15/2024 0:45,March,3.56,3.53
3/15/2024 0:50,March,3.86,3.83
3/15/2024 0:55,March,3.56,3.53
3/15/2024 1:00,March,3.24,3.21
3/15/2024 1:05,March,3.4,3.37
3/15/2024 1:10,March,3.65,3.61
3/15/2024 1:15,March,3.95,3.91
3/15/2024 1:20,March,4.57,4.53
3/15/2024 1:25,March,3.96,3.93
3/15/2024 1:30,March,3.86,3.83
3/15/2024 1:35,March,3.24,3.21
3/15/2024 1:40,March,3.86,3.82
3/15/2024 1:45,March,3.85,3.82
3/15/2024 1:50,March,3.85,3.82
3/15/2024 1:55,March,3.85,3.82
3/15/2024 2:00,March,3.85,3.82
3/15/2024 2:05,March,3.88,3.85
3/15/2024 2:10,March,2.9,2.88
3/15/2024 2:15,March,3.39,3.36
3/15/2024 2:20,March,3.4,3.36
3/15/2024 2:25,March,3.84,3.8
3/15/2024 2:30,March,3.11,3.08
3/15/2024 2:35,March,3.25,3.22
3/15/2024 2:40,March,3.23,3.2
3/15/2024 2:45,March,3.23,3.2
3/15/2024 2:50,March,2.9,2.88
3/15/2024 2:55,March,3.22,3.2
3/15/2024 3:00,March,3.22,3.19
3/15/2024 3:05,March,3.2,3.17
3/15/2024 3:10,March,3.22,3.19
3/15/2024 3:15,March,2.85,2.83
3/15/2024 3:20,March,2.88,2.85
3/15/2024 3:25,March,2.88,2.85
3/15/2024 3:30,March,2.9,2.87
3/15/2024 3:35,March,3.2,3.17
3/15/2024 3:40,March,2.88,2.85
3/15/2024 3:45,March,2.88,2.85
3/15/2024 3:50,March,2.9,2.87
3/15/2024 3:55,March,2.88,2.85
3/15/2024 4:00,March,2.9,2.87
3/15/2024 4:05,March,3.18,3.15
3/15/2024 4:10,March,3.15,3.12
3/15/2024 4:15,March,2.9,2.87
3/15/2024 4:20,March,2.88,2.85
3/15/2024 4:25,March,2.88,2.85
3/15/2024 4:30,March,2.99,2.96
3/15/2024 4:35,March,3.22,3.2
3/15/2024 4:40,March,3.02,3
3/15/2024 4:45,March,3.23,3.2
3/15/2024 4:50,March,3.23,3.2
3/15/2024 4:55,March,3.24,3.21
3/15/2024 5:00,March,3.23,3.2
3/15/2024 5:05,March,0.74,0.73
3/15/2024 5:10,March,3.22,3.19
3/15/2024 5:15,March,3.22,3.19
3/15/2024 5:20,March,3.27,3.24
3/15/2024 5:25,March,3.24,3.21
3/15/2024 5:30,March,3.22,3.19
3/15/2024 5:35,March,3.22,3.19
3/15/2024 5:40,March,3.57,3.54
3/15/2024 5:45,March,3.34,3.3
3/15/2024 5:50,March,3.34,3.31
3/15/2024 5:55,March,3.39,3.35
3/15/2024 6:00,March,3.39,3.36
3/15/2024 6:05,March,0,0
3/15/2024 6:10,March,2.88,2.85
3/15/2024 6:15,March,2.9,2.87
3/15/2024 6:20,March,3.22,3.19
3/15/2024 6:25,March,2.9,2.87
3/15/2024 6:30,March,3.18,3.16
3/15/2024 6:35,March,0,0
3/15/2024 6:40,March,-0.1,-0.1
3/15/2024 6:45,March,0,0
3/15/2024 6:50,March,0,0
3/15/2024 6:55,March,0.74,0.73
3/15/2024 7:00,March,2.48,2.46
3/15/2024 7:05,March,0.71,0.7
3/15/2024 7:10,March,2.78,2.77
3/15/2024 7:15,March,2.31,2.29
3/15/2024 7:20,March,0.1,0.1
3/15/2024 7:25,March,0,0
3/15/2024 7:30,March,2.82,2.81
3/15/2024 7:35,March,2.77,2.76
3/15/2024 7:40,March,3.18,3.17
3/15/2024 7:45,March,3.38,3.36
3/15/2024 7:50,March,3.37,3.36
3/15/2024 7:55,March,3.55,3.54
3/15/2024 8:00,March,3.58,3.57
3/15/2024 8:05,March,0,0
3/15/2024 8:10,March,2.84,2.82
3/15/2024 8:15,March,3.15,3.14
3/15/2024 8:20,March,3.2,3.18
3/15/2024 8:25,March,3.37,3.35
3/15/2024 8:30,March,3.21,3.2
3/15/2024 8:35,March,3.19,3.18
3/15/2024 8:40,March,3.37,3.35
3/15/2024 8:45,March,2.28,2.27
3/15/2024 8:50,March,3.18,3.17
3/15/2024 8:55,March,3.47,3.46
3/15/2024 9:00,March,3.38,3.37
3/15/2024 9:05,March,0,0
3/15/2024 9:10,March,2.8,2.8
3/15/2024 9:15,March,3.12,3.11
3/15/2024 9:20,March,3.17,3.17
3/15/2024 9:25,March,3.46,3.45
3/15/2024 9:30,March,3.36,3.36
3/15/2024 9:35,March,3.36,3.36
3/15/2024 9:40,March,3.53,3.52
3/15/2024 9:45,March,3.55,3.55
3/15/2024 9:50,March,3.53,3.52
3/15/2024 9:55,March,3.53,3.53
3/15/2024 10:00,March,4.54,4.54
3/15/2024 10:05,March,3.5,3.5
3/15/2024 10:10,March,4.51,4.51
3/15/2024 10:15,March,3.65,3.64
3/15/2024 10:20,March,3.58,3.56
3/15/2024 10:25,March,3.63,3.62
3/15/2024 10:30,March,3.99,3.97
3/15/2024 10:35,March,3.7,3.7
3/15/2024 10:40,March,3.55,3.55
3/15/2024 10:45,March,3.55,3.55
3/15/2024 10:50,March,3.71,3.71
3/15/2024 10:55,March,3.54,3.55
3/15/2024 11:00,March,3.55,3.55
3/15/2024 11:05,March,3.37,3.37
3/15/2024 11:10,March,3.3,3.3
3/15/2024 11:15,March,2.5,2.5
3/15/2024 11:20,March,3.14,3.14
3/15/2024 11:25,March,3.54,3.54
3/15/2024 11:30,March,2.49,2.49
3/15/2024 11:35,March,2.81,2.81
3/15/2024 11:40,March,1.09,1.09
3/15/2024 11:45,March,2.27,2.28
3/15/2024 11:50,March,2.95,2.95
3/15/2024 11:55,March,2.99,3
3/15/2024 12:00,March,2.49,2.49
3/15/2024 12:05,March,0,0
3/15/2024 12:10,March,2.26,2.25
3/15/2024 12:15,March,2.95,2.95
3/15/2024 12:20,March,2.8,2.79
3/15/2024 12:25,March,2.8,2.79
3/15/2024 12:30,March,2.95,2.95
3/15/2024 12:35,March,3.19,3.18
3/15/2024 12:40,March,3.15,3.15
3/15/2024 12:45,March,3.2,3.2
3/15/2024 12:50,March,3.37,3.36
3/15/2024 12:55,March,3.46,3.46
3/15/2024 13:00,March,3.54,3.53
3/15/2024 13:05,March,3.37,3.36
3/15/2024 13:10,March,3.77,3.77
3/15/2024 13:15,March,3.87,3.87
3/15/2024 13:20,March,3.8,3.8
3/15/2024 13:25,March,3.66,3.65
3/15/2024 13:30,March,3.65,3.64
3/15/2024 13:35,March,3.66,3.64
3/15/2024 13:40,March,3.65,3.64
3/15/2024 13:45,March,3.84,3.84
3/15/2024 13:50,March,3.68,3.67
3/15/2024 13:55,March,3.71,3.7
3/15/2024 14:00,March,3.92,3.9
3/15/2024 14:05,March,3.55,3.55
3/15/2024 14:10,March,3.56,3.55
3/15/2024 14:15,March,3.85,3.85
3/15/2024 14:20,March,4.41,4.41
3/15/2024 14:25,March,3.9,3.91
3/15/2024 14:30,March,3.86,3.86
3/15/2024 14:35,March,3.91,3.92
3/15/2024 14:40,March,3.91,3.92
3/15/2024 14:45,March,3.33,3.34
3/15/2024 14:50,March,3.56,3.55
3/15/2024 14:55,March,3.58,3.57
3/15/2024 15:00,March,3.68,3.67
3/15/2024 15:05,March,4.47,4.47
3/15/2024 15:10,March,4.47,4.47
3/15/2024 15:15,March,3.83,3.82
3/15/2024 15:20,March,3.79,3.77
3/15/2024 15:25,March,3.92,3.91
3/15/2024 15:30,March,3.92,3.91
3/15/2024 15:35,March,4.43,4.42
3/15/2024 15:40,March,4.49,4.47
3/15/2024 15:45,March,4.44,4.43
3/15/2024 15:50,March,4.49,4.47
3/15/2024 15:55,March,3.45,3.43
3/15/2024 16:00,March,3.7,3.68
3/15/2024 16:05,March,4.47,4.44
3/15/2024 16:10,March,4.47,4.44
3/15/2024 16:15,March,4.51,4.48
3/15/2024 16:20,March,4.51,4.49
3/15/2024 16:25,March,4.48,4.46
3/15/2024 16:30,March,4.48,4.46
3/15/2024 16:35,March,4.48,4.46
3/15/2024 16:40,March,4,3.97
3/15/2024 16:45,March,4.03,4.01
3/15/2024 16:50,March,3.71,3.69
3/15/2024 16:55,March,3.46,3.44
3/15/2024 17:00,March,2.95,2.93
3/15/2024 17:05,March,2.34,2.32
3/15/2024 17:10,March,0.98,0.98
3/15/2024 17:15,March,2.3,2.28
3/15/2024 17:20,March,3.19,3.17
3/15/2024 17:25,March,3.23,3.21
3/15/2024 17:30,March,3.62,3.59
3/15/2024 17:35,March,3.62,3.59
3/15/2024 17:40,March,3.71,3.67
3/15/2024 17:45,March,4.52,4.48
3/15/2024 17:50,March,4.63,4.59
3/15/2024 17:55,March,4.64,4.6
3/15/2024 18:00,March,4.55,4.51
3/15/2024 18:05,March,4.55,4.51
3/15/2024 18:10,March,10.53,10.43
3/15/2024 18:15,March,4.87,4.82
3/15/2024 18:20,March,14.49,14.36
3/15/2024 18:25,March,12.81,12.68
3/15/2024 18:30,March,4.85,4.8
3/15/2024 18:35,March,4.7,4.65
3/15/2024 18:40,March,4.7,4.65
3/15/2024 18:45,March,4.71,4.65
3/15/2024 18:50,March,3.97,3.92
3/15/2024 18:55,March,4.57,4.52
3/15/2024 19:00,March,4.06,4.01
3/15/2024 19:05,March,4.06,4.01
3/15/2024 19:10,March,4.55,4.5
3/15/2024 19:15,March,4.55,4.5
3/15/2024 19:20,March,4.54,4.49
3/15/2024 19:25,March,4.55,4.5
3/15/2024 19:30,March,4.55,4.5
3/15/2024 19:35,March,4.54,4.49
3/15/2024 19:40,March,4.06,4.02
3/15/2024 19:45,March,3.64,3.6
3/15/2024 19:50,March,3.73,3.68
3/15/2024 19:55,March,4.54,4.49
3/15/2024 20:00,March,3.97,3.92
3/15/2024 20:05,March,6.56,6.48
3/15/2024 20:10,March,4.58,4.52
3/15/2024 20:15,March,4.54,4.49
3/15/2024 20:20,March,4.54,4.48
3/15/2024 20:25,March,4.53,4.48
3/15/2024 20:30,March,4.58,4.53
3/15/2024 20:35,March,4.54,4.49
3/15/2024 20:40,March,4.58,4.52
3/15/2024 20:45,March,4.17,4.12
3/15/2024 20:50,March,3.98,3.93
3/15/2024 20:55,March,3.91,3.86
3/15/2024 21:00,March,3.92,3.87
3/15/2024 21:05,March,4.84,4.78
3/15/2024 21:10,March,4.67,4.62
3/15/2024 21:15,March,4.56,4.5
3/15/2024 21:20,March,4.55,4.5
3/15/2024 21:25,March,4.55,4.5
3/15/2024 21:30,March,3.98,3.94
3/15/2024 21:35,March,4.49,4.44
3/15/2024 21:40,March,4.17,4.12
3/15/2024 21:45,March,3.98,3.93
3/15/2024 21:50,March,3.88,3.83
3/15/2024 21:55,March,3.85,3.81
3/15/2024 22:00,March,3.47,3.42
3/15/2024 22:05,March,4.68,4.62
3/15/2024 22:10,March,4.56,4.5
3/15/2024 22:15,March,4.61,4.55
3/15/2024 22:20,March,4.56,4.5
3/15/2024 22:25,March,3.99,3.94
3/15/2024 22:30,March,4.46,4.4
3/15/2024 22:35,March,3.99,3.94
3/15/2024 22:40,March,4.62,4.56
3/15/2024 22:45,March,4.23,4.19
3/15/2024 22:50,March,3.97,3.94
3/15/2024 22:55,March,3.68,3.65
3/15/2024 23:00,March,3.67,3.63
3/15/2024 23:05,March,4.6,4.56
3/15/2024 23:10,March,4.53,4.49
3/15/2024 23:15,March,3.81,3.77
3/15/2024 23:20,March,3.79,3.76
3/15/2024 23:25,March,3.67,3.64
3/15/2024 23:30,March,3.67,3.64
3/15/2024 23:35,March,3.45,3.41
3/15/2024 23:40,March,3.66,3.62
3/15/2024 23:45,March,3.77,3.73
3/15/2024 23:50,March,3.66,3.62
3/15/2024 23:55,March,3.66,3.62
3/16/2024 0:00,March,3.43,3.4
3/16/2024 0:05,March,3.43,3.4
3/16/2024 0:10,March,3.31,3.28
3/16/2024 0:15,March,3.41,3.38
3/16/2024 0:20,March,3.65,3.62
3/16/2024 0:25,March,3.65,3.62
3/16/2024 0:30,March,2.9,2.87
3/16/2024 0:35,March,3.4,3.37
3/16/2024 0:40,March,3.42,3.39
3/16/2024 0:45,March,3.35,3.32
3/16/2024 0:50,March,3.77,3.73
3/16/2024 0:55,March,3.65,3.62
3/16/2024 1:00,March,4.54,4.5
3/16/2024 1:05,March,3.76,3.73
3/16/2024 1:10,March,3.66,3.63
3/16/2024 1:15,March,3.76,3.73
3/16/2024 1:20,March,3.67,3.64
3/16/2024 1:25,March,3.76,3.73
3/16/2024 1:30,March,3.76,3.73
3/16/2024 1:35,March,3.76,3.73
3/16/2024 1:40,March,3.76,3.73
3/16/2024 1:45,March,3.4,3.37
3/16/2024 1:50,March,3.66,3.63
3/16/2024 1:55,March,3.4,3.37
3/16/2024 2:00,March,3.66,3.63
3/16/2024 2:05,March,3.86,3.84
3/16/2024 2:10,March,3.87,3.84
3/16/2024 2:15,March,3.87,3.84
3/16/2024 2:20,March,3.87,3.84
3/16/2024 2:25,March,4.08,4.05
3/16/2024 2:30,March,4.68,4.65
3/16/2024 2:35,March,4.56,4.53
3/16/2024 2:40,March,4.56,4.53
3/16/2024 2:45,March,3.87,3.84
3/16/2024 2:50,March,3.97,3.94
3/16/2024 2:55,March,3.78,3.75
3/16/2024 3:00,March,3.78,3.75
3/16/2024 3:05,March,3.85,3.82
3/16/2024 3:10,March,3.85,3.82
3/16/2024 3:15,March,3.85,3.82
3/16/2024 3:20,March,3.85,3.82
3/16/2024 3:25,March,3.79,3.76
3/16/2024 3:30,March,3.79,3.76
3/16/2024 3:35,March,3.79,3.76
3/16/2024 3:40,March,3.79,3.76
3/16/2024 3:45,March,3.73,3.7
3/16/2024 3:50,March,3.73,3.7
3/16/2024 3:55,March,3.78,3.76
3/16/2024 4:00,March,3.79,3.76
3/16/2024 4:05,March,3.79,3.76
3/16/2024 4:10,March,3.78,3.75
3/16/2024 4:15,March,3.64,3.62
3/16/2024 4:20,March,3.73,3.7
3/16/2024 4:25,March,3.78,3.75
3/16/2024 4:30,March,3.3,3.27
3/16/2024 4:35,March,3.73,3.7
3/16/2024 4:40,March,3.77,3.75
3/16/2024 4:45,March,3.77,3.74
3/16/2024 4:50,March,3.77,3.75
3/16/2024 4:55,March,3.85,3.82
3/16/2024 5:00,March,3.84,3.81
3/16/2024 5:05,March,4.57,4.54
3/16/2024 5:10,March,4.56,4.53
3/16/2024 5:15,March,4.56,4.53
3/16/2024 5:20,March,4.56,4.53
3/16/2024 5:25,March,3.87,3.84
3/16/2024 5:30,March,3.86,3.84
3/16/2024 5:35,March,4.56,4.54
3/16/2024 5:40,March,4.56,4.54
3/16/2024 5:45,March,3.96,3.94
3/16/2024 5:50,March,3.96,3.94
3/16/2024 5:55,March,3.96,3.94
3/16/2024 6:00,March,4.56,4.53
3/16/2024 6:05,March,0,0
3/16/2024 6:10,March,3.11,3.09
3/16/2024 6:15,March,3.23,3.21
3/16/2024 6:20,March,3.43,3.41
3/16/2024 6:25,March,3.63,3.61
3/16/2024 6:30,March,3.28,3.26
3/16/2024 6:35,March,0.74,0.73
3/16/2024 6:40,March,2.32,2.3
3/16/2024 6:45,March,0.74,0.73
3/16/2024 6:50,March,2.87,2.85
3/16/2024 6:55,March,3.03,3.01
3/16/2024 7:00,March,3.2,3.18
3/16/2024 7:05,March,0,0
3/16/2024 7:10,March,0,0
3/16/2024 7:15,March,1.11,1.1
3/16/2024 7:20,March,2.77,2.75
3/16/2024 7:25,March,2.29,2.28
3/16/2024 7:30,March,0,0
3/16/2024 7:35,March,2.28,2.27
3/16/2024 7:40,March,3.13,3.13
3/16/2024 7:45,March,3.12,3.11
3/16/2024 7:50,March,3.12,3.12
3/16/2024 7:55,March,3.71,3.71
3/16/2024 8:00,March,3.55,3.55
3/16/2024 8:05,March,0,0
3/16/2024 8:10,March,2.82,2.82
3/16/2024 8:15,March,3.15,3.15
3/16/2024 8:20,March,3.37,3.37
3/16/2024 8:25,March,2.8,2.8
3/16/2024 8:30,March,2.81,2.81
3/16/2024 8:35,March,3.45,3.45
3/16/2024 8:40,March,3.37,3.37
3/16/2024 8:45,March,3.37,3.37
3/16/2024 8:50,March,3.45,3.45
3/16/2024 8:55,March,3.57,3.58
3/16/2024 9:00,March,3.45,3.46
3/16/2024 9:05,March,0,0
3/16/2024 9:10,March,2.89,2.9
3/16/2024 9:15,March,3.37,3.38
3/16/2024 9:20,March,3.43,3.44
3/16/2024 9:25,March,3.42,3.44
3/16/2024 9:30,March,3.42,3.43
3/16/2024 9:35,March,3.42,3.43
3/16/2024 9:40,March,3.62,3.63
3/16/2024 9:45,March,3.42,3.43
3/16/2024 9:50,March,3.42,3.43
3/16/2024 9:55,March,3.62,3.63
3/16/2024 10:00,March,2.79,2.8
3/16/2024 10:05,March,2.78,2.8
3/16/2024 10:10,March,3.11,3.13
3/16/2024 10:15,March,3.35,3.37
3/16/2024 10:20,March,3.38,3.4
3/16/2024 10:25,March,3.42,3.43
3/16/2024 10:30,March,3.38,3.39
3/16/2024 10:35,March,3.38,3.39
3/16/2024 10:40,March,3.41,3.43
3/16/2024 10:45,March,3.41,3.42
3/16/2024 10:50,March,3.1,3.12
3/16/2024 10:55,March,3.42,3.44
3/16/2024 11:00,March,0,0
3/16/2024 11:05,March,2.26,2.27
3/16/2024 11:10,March,3.36,3.38
3/16/2024 11:15,March,2.77,2.79
3/16/2024 11:20,March,3.41,3.42
3/16/2024 11:25,March,3.6,3.62
3/16/2024 11:30,March,3.41,3.43
3/16/2024 11:35,March,3.41,3.43
3/16/2024 11:40,March,3.39,3.41
3/16/2024 11:45,March,1.1,1.11
3/16/2024 11:50,March,2.77,2.79
3/16/2024 11:55,March,3.35,3.36
3/16/2024 12:00,March,1.1,1.11
3/16/2024 12:05,March,1.1,1.11
3/16/2024 12:10,March,2.9,2.91
3/16/2024 12:15,March,3.36,3.38
3/16/2024 12:20,March,3.36,3.38
3/16/2024 12:25,March,3.36,3.37
3/16/2024 12:30,March,3.37,3.39
3/16/2024 12:35,March,3.36,3.38
3/16/2024 12:40,March,3.36,3.38
3/16/2024 12:45,March,3.37,3.39
3/16/2024 12:50,March,3.42,3.44
3/16/2024 12:55,March,3.61,3.63
3/16/2024 13:00,March,3.59,3.62
3/16/2024 13:05,March,4.5,4.53
3/16/2024 13:10,March,4.38,4.41
3/16/2024 13:15,March,4.34,4.37
3/16/2024 13:20,March,4.34,4.37
3/16/2024 13:25,March,4.17,4.2
3/16/2024 13:30,March,3.62,3.65
3/16/2024 13:35,March,3.62,3.65
3/16/2024 13:40,March,3.81,3.84
3/16/2024 13:45,March,3.8,3.82
3/16/2024 13:50,March,3.63,3.66
3/16/2024 13:55,March,3.63,3.66
3/16/2024 14:00,March,3.68,3.7
3/16/2024 14:05,March,3.66,3.68
3/16/2024 14:10,March,3.86,3.88
3/16/2024 14:15,March,3.86,3.88
3/16/2024 14:20,March,3.79,3.82
3/16/2024 14:25,March,3.54,3.56
3/16/2024 14:30,March,3.53,3.55
3/16/2024 14:35,March,3.65,3.66
3/16/2024 14:40,March,3.81,3.83
3/16/2024 14:45,March,3.73,3.75
3/16/2024 14:50,March,3.81,3.83
3/16/2024 14:55,March,3.66,3.68
3/16/2024 15:00,March,3.44,3.45
3/16/2024 15:05,March,3.51,3.52
3/16/2024 15:10,March,3.65,3.66
3/16/2024 15:15,March,3.69,3.7
3/16/2024 15:20,March,4.46,4.47
3/16/2024 15:25,March,4.43,4.44
3/16/2024 15:30,March,4.37,4.38
3/16/2024 15:35,March,4.38,4.39
3/16/2024 15:40,March,1.12,1.12
3/16/2024 15:45,March,3.45,3.45
3/16/2024 15:50,March,3.59,3.58
3/16/2024 15:55,March,4.41,4.39
3/16/2024 16:00,March,4.59,4.58
3/16/2024 16:05,March,4.48,4.47
3/16/2024 16:10,March,4.43,4.41
3/16/2024 16:15,March,4.03,4.02
3/16/2024 16:20,March,3.93,3.92
3/16/2024 16:25,March,4.43,4.41
3/16/2024 16:30,March,3.97,3.96
3/16/2024 16:35,March,3.94,3.92
3/16/2024 16:40,March,3.94,3.92
3/16/2024 16:45,March,3.88,3.86
3/16/2024 16:50,March,3.93,3.91
3/16/2024 16:55,March,3.68,3.66
3/16/2024 17:00,March,3.74,3.72
3/16/2024 17:05,March,3.84,3.83
3/16/2024 17:10,March,3.59,3.57
3/16/2024 17:15,March,3.74,3.73
3/16/2024 17:20,March,3.83,3.8
3/16/2024 17:25,March,3.75,3.73
3/16/2024 17:30,March,3.76,3.73
3/16/2024 17:35,March,3.96,3.92
3/16/2024 17:40,March,3.61,3.57
3/16/2024 17:45,March,3.96,3.92
3/16/2024 17:50,March,3.9,3.87
3/16/2024 17:55,March,4.22,4.19
3/16/2024 18:00,March,4.45,4.42
3/16/2024 18:05,March,4.11,4.09
3/16/2024 18:10,March,4.45,4.42
3/16/2024 18:15,March,8.1,8.06
3/16/2024 18:20,March,5.05,5.02
3/16/2024 18:25,March,4.65,4.62
3/16/2024 18:30,March,4.98,4.95
3/16/2024 18:35,March,4.68,4.64
3/16/2024 18:40,March,4.57,4.53
3/16/2024 18:45,March,4.57,4.53
3/16/2024 18:50,March,4.56,4.53
3/16/2024 18:55,March,4.46,4.42
3/16/2024 19:00,March,4.45,4.42
3/16/2024 19:05,March,4.11,4.07
3/16/2024 19:10,March,4.11,4.07
3/16/2024 19:15,March,4.46,4.43
3/16/2024 19:20,March,4.56,4.53
3/16/2024 19:25,March,4.11,4.08
3/16/2024 19:30,March,4.53,4.5
3/16/2024 19:35,March,4.46,4.42
3/16/2024 19:40,March,4.53,4.5
3/16/2024 19:45,March,4.11,4.07
3/16/2024 19:50,March,4.46,4.42
3/16/2024 19:55,March,3.96,3.93
3/16/2024 20:00,March,3.96,3.92
3/16/2024 20:05,March,4.1,4.07
3/16/2024 20:10,March,4.01,3.97
3/16/2024 20:15,March,4.46,4.43
3/16/2024 20:20,March,4.01,3.98
3/16/2024 20:25,March,3.96,3.92
3/16/2024 20:30,March,3.95,3.92
3/16/2024 20:35,March,3.96,3.92
3/16/2024 20:40,March,3.96,3.93
3/16/2024 20:45,March,3.96,3.92
3/16/2024 20:50,March,3.47,3.44
3/16/2024 20:55,March,3.77,3.73
3/16/2024 21:00,March,3.55,3.52
3/16/2024 21:05,March,10.49,10.39
3/16/2024 21:10,March,4.67,4.63
3/16/2024 21:15,March,4.59,4.54
3/16/2024 21:20,March,4.67,4.63
3/16/2024 21:25,March,4.69,4.64
3/16/2024 21:30,March,4.6,4.55
3/16/2024 21:35,March,4.69,4.64
3/16/2024 21:40,March,4.57,4.52
3/16/2024 21:45,March,4.47,4.43
3/16/2024 21:50,March,4.47,4.43
3/16/2024 21:55,March,3.97,3.93
3/16/2024 22:00,March,3.96,3.92
3/16/2024 22:05,March,4.59,4.54
3/16/2024 22:10,March,4.55,4.51
3/16/2024 22:15,March,4.47,4.42
3/16/2024 22:20,March,4.47,4.43
3/16/2024 22:25,March,4.47,4.43
3/16/2024 22:30,March,4.48,4.43
3/16/2024 22:35,March,4.47,4.43
3/16/2024 22:40,March,3.97,3.93
3/16/2024 22:45,March,3.96,3.92
3/16/2024 22:50,March,3.78,3.74
3/16/2024 22:55,March,3.82,3.79
3/16/2024 23:00,March,4.33,4.3
3/16/2024 23:05,March,10.49,10.4
3/16/2024 23:10,March,4.59,4.54
3/16/2024 23:15,March,4.47,4.43
3/16/2024 23:20,March,4.53,4.49
3/16/2024 23:25,March,4.47,4.43
3/16/2024 23:30,March,4.47,4.43
3/16/2024 23:35,March,4.46,4.42
3/16/2024 23:40,March,3.4,3.37
3/16/2024 23:45,March,3.68,3.65
3/16/2024 23:50,March,3.77,3.74
3/16/2024 23:55,March,3.77,3.74
3/17/2024 0:00,March,3.77,3.74
3/17/2024 0:05,March,3.46,3.43
3/17/2024 0:10,March,3.77,3.73
3/17/2024 0:15,March,3.47,3.44
3/17/2024 0:20,March,3.52,3.49
3/17/2024 0:25,March,3.66,3.62
3/17/2024 0:30,March,3.66,3.62
3/17/2024 0:35,March,3.47,3.44
3/17/2024 0:40,March,3.48,3.44
3/17/2024 0:45,March,3.6,3.56
3/17/2024 0:50,March,3.65,3.61
3/17/2024 0:55,March,3.77,3.73
3/17/2024 1:00,March,3.74,3.7
3/17/2024 1:05,March,3.95,3.91
3/17/2024 1:10,March,3.85,3.81
3/17/2024 1:15,March,3.77,3.73
3/17/2024 1:20,March,3.85,3.81
3/17/2024 1:25,March,3.84,3.8
3/17/2024 1:30,March,3.65,3.61
3/17/2024 1:35,March,3.73,3.7
3/17/2024 1:40,March,3.65,3.61
3/17/2024 1:45,March,3.65,3.62
3/17/2024 1:50,March,3.65,3.61
3/17/2024 1:55,March,3.73,3.7
3/17/2024 2:00,March,2.89,2.87
3/17/2024 2:05,March,3.65,3.61
3/17/2024 2:10,March,3.73,3.69
3/17/2024 2:15,March,4.57,4.53
3/17/2024 2:20,March,3.78,3.74
3/17/2024 2:25,March,3.78,3.74
3/17/2024 2:30,March,3.73,3.69
3/17/2024 2:35,March,3.72,3.69
3/17/2024 2:40,March,3.77,3.74
3/17/2024 2:45,March,3.77,3.74
3/17/2024 2:50,March,3.44,3.4
3/17/2024 2:55,March,3.32,3.29
3/17/2024 3:00,March,3.73,3.69
3/17/2024 3:05,March,3.76,3.73
3/17/2024 3:10,March,3.72,3.68
3/17/2024 3:15,March,3.73,3.69
3/17/2024 3:20,March,3.76,3.73
3/17/2024 3:25,March,3.65,3.61
3/17/2024 3:30,March,3.72,3.68
3/17/2024 3:35,March,3.65,3.61
3/17/2024 3:40,March,3.71,3.68
3/17/2024 3:45,March,3.71,3.68
3/17/2024 3:50,March,3.71,3.68
3/17/2024 3:55,March,3.72,3.69
3/17/2024 4:00,March,3.33,3.3
3/17/2024 4:05,March,3.64,3.61
3/17/2024 4:10,March,3.71,3.68
3/17/2024 4:15,March,3.4,3.37
3/17/2024 4:20,March,3.64,3.61
3/17/2024 4:25,March,3.29,3.26
3/17/2024 4:30,March,3.24,3.21
3/17/2024 4:35,March,3.28,3.25
3/17/2024 4:40,March,3.24,3.21
3/17/2024 4:45,March,2.83,2.8
3/17/2024 4:50,March,3.06,3.02
3/17/2024 4:55,March,3.05,3.02
3/17/2024 5:00,March,2.89,2.86
3/17/2024 5:05,March,2.71,2.68
3/17/2024 5:10,March,3.05,3.02
3/17/2024 5:15,March,3.23,3.2
3/17/2024 5:20,March,2.89,2.86
3/17/2024 5:25,March,2.89,2.86
3/17/2024 5:30,March,3.05,3.02
3/17/2024 5:35,March,2.83,2.81
3/17/2024 5:40,March,2.56,2.54
3/17/2024 5:45,March,0,0
3/17/2024 5:50,March,2.47,2.44
3/17/2024 5:55,March,2.54,2.51
3/17/2024 6:00,March,2.83,2.8
3/17/2024 6:05,March,2.83,2.8
3/17/2024 6:10,March,3.22,3.19
3/17/2024 6:15,March,2.83,2.8
3/17/2024 6:20,March,2.83,2.8
3/17/2024 6:25,March,2.55,2.53
3/17/2024 6:30,March,2.46,2.44
3/17/2024 6:35,March,2.46,2.44
3/17/2024 6:40,March,2.55,2.53
3/17/2024 6:45,March,2.54,2.52
3/17/2024 6:50,March,2.46,2.44
3/17/2024 6:55,March,0.74,0.73
3/17/2024 7:00,March,0.1,0.1
3/17/2024 7:05,March,0.74,0.73
3/17/2024 7:10,March,2.24,2.23
3/17/2024 7:15,March,3.2,3.19
3/17/2024 7:20,March,0,0
3/17/2024 7:25,March,1.12,1.11
3/17/2024 7:30,March,0.1,0.1
3/17/2024 7:35,March,0.74,0.73
3/17/2024 7:40,March,0.74,0.73
3/17/2024 7:45,March,0,0
3/17/2024 7:50,March,0.1,0.1
3/17/2024 7:55,March,0.1,0.1
3/17/2024 8:00,March,0.1,0.1
3/17/2024 8:05,March,0,0
3/17/2024 8:10,March,0,0
3/17/2024 8:15,March,2.81,2.79
3/17/2024 8:20,March,2.97,2.95
3/17/2024 8:25,March,2.81,2.79
3/17/2024 8:30,March,0.74,0.73
3/17/2024 8:35,March,0,0
3/17/2024 8:40,March,0.74,0.73
3/17/2024 8:45,March,0,0
3/17/2024 8:50,March,2.97,2.95
3/17/2024 8:55,March,2.8,2.79
3/17/2024 9:00,March,2.97,2.95
3/17/2024 9:05,March,0,0
3/17/2024 9:10,March,0.73,0.73
3/17/2024 9:15,March,2.95,2.95
3/17/2024 9:20,March,3.14,3.13
3/17/2024 9:25,March,3.13,3.13
3/17/2024 9:30,March,3.13,3.13
3/17/2024 9:35,March,3.35,3.35
3/17/2024 9:40,March,3.35,3.35
3/17/2024 9:45,March,3.32,3.31
3/17/2024 9:50,March,3.38,3.38
3/17/2024 9:55,March,3.35,3.35
3/17/2024 10:00,March,3.53,3.53
3/17/2024 10:05,March,3.35,3.35
3/17/2024 10:10,March,3.39,3.38
3/17/2024 10:15,March,3.4,3.39
3/17/2024 10:20,March,3.35,3.35
3/17/2024 10:25,March,3.47,3.47
3/17/2024 10:30,March,3.47,3.47
3/17/2024 10:35,March,3.35,3.36
3/17/2024 10:40,March,3.47,3.47
3/17/2024 10:45,March,3.35,3.36
3/17/2024 10:50,March,3.36,3.37
3/17/2024 10:55,March,3.39,3.4
3/17/2024 11:00,March,3.36,3.37
3/17/2024 11:05,March,3.13,3.13
3/17/2024 11:10,March,3.38,3.39
3/17/2024 11:15,March,3.47,3.47
3/17/2024 11:20,March,3.46,3.47
3/17/2024 11:25,March,3.35,3.36
3/17/2024 11:30,March,2.82,2.8
3/17/2024 11:35,March,2.82,2.79
3/17/2024 11:40,March,2.82,2.8
3/17/2024 11:45,March,2.95,2.92
3/17/2024 11:50,March,2.82,2.8
3/17/2024 11:55,March,3.15,3.13
3/17/2024 12:00,March,3.48,3.46
3/17/2024 12:05,March,3.5,3.48
3/17/2024 12:10,March,3.5,3.48
3/17/2024 12:15,March,3.5,3.48
3/17/2024 12:20,March,3.5,3.48
3/17/2024 12:25,March,3.5,3.48
3/17/2024 12:30,March,3.48,3.46
3/17/2024 12:35,March,3.45,3.43
3/17/2024 12:40,March,3.15,3.14
3/17/2024 12:45,March,3.37,3.35
3/17/2024 12:50,March,3.15,3.14
3/17/2024 12:55,March,3.16,3.13
3/17/2024 13:00,March,3.16,3.13
3/17/2024 13:05,March,3.16,3.13
3/17/2024 13:10,March,3.9,3.88
3/17/2024 13:15,March,3.68,3.65
3/17/2024 13:20,March,3.9,3.87
3/17/2024 13:25,March,3.9,3.88
3/17/2024 13:30,March,3.68,3.66
3/17/2024 13:35,March,3.9,3.88
3/17/2024 13:40,March,3.91,3.89
3/17/2024 13:45,March,4.11,4.09
3/17/2024 13:50,March,3.91,3.89
3/17/2024 13:55,March,3.7,3.67
3/17/2024 14:00,March,3.69,3.66
3/17/2024 14:05,March,3.92,3.88
3/17/2024 14:10,March,3.92,3.89
3/17/2024 14:15,March,3.81,3.77
3/17/2024 14:20,March,3.81,3.77
3/17/2024 14:25,March,3.81,3.77
3/17/2024 14:30,March,3.93,3.89
3/17/2024 14:35,March,3.92,3.89
3/17/2024 14:40,March,3.93,3.89
3/17/2024 14:45,March,3.93,3.89
3/17/2024 14:50,March,3.4,3.36
3/17/2024 14:55,March,4.25,4.2
3/17/2024 15:00,March,3.95,3.89
3/17/2024 15:05,March,3.73,3.69
3/17/2024 15:10,March,4.26,4.21
3/17/2024 15:15,March,3.95,3.9
3/17/2024 15:20,March,3.95,3.89
3/17/2024 15:25,March,3.76,3.69
3/17/2024 15:30,March,3.95,3.89
3/17/2024 15:35,March,3.99,3.9
3/17/2024 15:40,March,3.96,3.89
3/17/2024 15:45,March,3.96,3.89
3/17/2024 15:50,March,3.96,3.89
3/17/2024 15:55,March,3.98,3.89
3/17/2024 16:00,March,3.97,3.89
3/17/2024 16:05,March,3.99,3.9
3/17/2024 16:10,March,4.01,3.9
3/17/2024 16:15,March,4.01,3.9
3/17/2024 16:20,March,4.02,3.91
3/17/2024 16:25,March,3.99,3.91
3/17/2024 16:30,March,3.96,3.91
3/17/2024 16:35,March,3.96,3.91
3/17/2024 16:40,March,3.97,3.91
3/17/2024 16:45,March,3.98,3.91
3/17/2024 16:50,March,3.98,3.92
3/17/2024 16:55,March,3.98,3.91
3/17/2024 17:00,March,4.19,4.11
3/17/2024 17:05,March,4.56,4.47
3/17/2024 17:10,March,4.54,4.46
3/17/2024 17:15,March,3.99,3.92
3/17/2024 17:20,March,3.49,3.42
3/17/2024 17:25,March,3.78,3.7
3/17/2024 17:30,March,3.49,3.42
3/17/2024 17:35,March,3.43,3.35
3/17/2024 17:40,March,3.79,3.7
3/17/2024 17:45,March,4.26,4.17
3/17/2024 17:50,March,4.64,4.53
3/17/2024 17:55,March,4.58,4.48
3/17/2024 18:00,March,4.58,4.46
3/17/2024 18:05,March,4.6,4.55
3/17/2024 18:10,March,4.52,4.47
3/17/2024 18:15,March,4.58,4.52
3/17/2024 18:20,March,4.65,4.6
3/17/2024 18:25,March,12.26,12.26
3/17/2024 18:30,March,4.65,4.61
3/17/2024 18:35,March,4.59,4.55
3/17/2024 18:40,March,4.63,4.58
3/17/2024 18:45,March,4.59,4.55
3/17/2024 18:50,March,4.59,4.55
3/17/2024 18:55,March,4.46,4.41
3/17/2024 19:00,March,4.54,4.49
3/17/2024 19:05,March,3.98,3.93
3/17/2024 19:10,March,4.21,4.17
3/17/2024 19:15,March,4.45,4.4
3/17/2024 19:20,March,4.52,4.48
3/17/2024 19:25,March,4.52,4.47
3/17/2024 19:30,March,4.53,4.49
3/17/2024 19:35,March,4.46,4.41
3/17/2024 19:40,March,4.6,4.55
3/17/2024 19:45,March,4.53,4.49
3/17/2024 19:50,March,4.6,4.55
3/17/2024 19:55,March,4.54,4.5
3/17/2024 20:00,March,4.53,4.49
3/17/2024 20:05,March,4.47,4.42
3/17/2024 20:10,March,4.54,4.49
3/17/2024 20:15,March,4.47,4.42
3/17/2024 20:20,March,4.53,4.48
3/17/2024 20:25,March,4.63,4.59
3/17/2024 20:30,March,4.53,4.48
3/17/2024 20:35,March,4.53,4.49
3/17/2024 20:40,March,4.53,4.49
3/17/2024 20:45,March,4.53,4.49
3/17/2024 20:50,March,4.53,4.49
3/17/2024 20:55,March,4.53,4.49
3/17/2024 21:00,March,4.46,4.41
3/17/2024 21:05,March,4.64,4.59
3/17/2024 21:10,March,4.6,4.56
3/17/2024 21:15,March,4.55,4.5
3/17/2024 21:20,March,4.55,4.5
3/17/2024 21:25,March,4.55,4.5
3/17/2024 21:30,March,4.54,4.5
3/17/2024 21:35,March,4.47,4.43
3/17/2024 21:40,March,4.23,4.19
3/17/2024 21:45,March,4.23,4.19
3/17/2024 21:50,March,4.47,4.42
3/17/2024 21:55,March,4.23,4.19
3/17/2024 22:00,March,3.81,3.77
3/17/2024 22:05,March,4.23,4.19
3/17/2024 22:10,March,3.97,3.93
3/17/2024 22:15,March,3.8,3.76
3/17/2024 22:20,March,3.98,3.94
3/17/2024 22:25,March,3.98,3.94
3/17/2024 22:30,March,3.98,3.94
3/17/2024 22:35,March,3.53,3.5
3/17/2024 22:40,March,3.8,3.76
3/17/2024 22:45,March,3.67,3.63
3/17/2024 22:50,March,3.49,3.45
3/17/2024 22:55,March,3.47,3.44
3/17/2024 23:00,March,3.48,3.44
3/17/2024 23:05,March,3.62,3.58
3/17/2024 23:10,March,3.47,3.44
3/17/2024 23:15,March,3.47,3.44
3/17/2024 23:20,March,3.8,3.76
3/17/2024 23:25,March,3.66,3.62
3/17/2024 23:30,March,3.76,3.73
3/17/2024 23:35,March,3.79,3.76
3/17/2024 23:40,March,3.76,3.73
3/17/2024 23:45,March,3.4,3.37
3/17/2024 23:50,March,3.4,3.36
3/17/2024 23:55,March,3.3,3.27
3/18/2024 0:00,March,3.37,3.34
3/18/2024 0:05,March,3.95,3.91
3/18/2024 0:10,March,3.95,3.91
3/18/2024 0:15,March,3.74,3.7
3/18/2024 0:20,March,3.74,3.7
3/18/2024 0:25,March,3.95,3.91
3/18/2024 0:30,March,3.95,3.91
3/18/2024 0:35,March,3.65,3.62
3/18/2024 0:40,March,3.59,3.56
3/18/2024 0:45,March,3.59,3.56
3/18/2024 0:50,March,3.59,3.56
3/18/2024 0:55,March,3.65,3.61
3/18/2024 1:00,March,3.72,3.68
3/18/2024 1:05,March,3.59,3.55
3/18/2024 1:10,March,3.72,3.68
3/18/2024 1:15,March,3.4,3.36
3/18/2024 1:20,March,3.4,3.36
3/18/2024 1:25,March,3.4,3.36
3/18/2024 1:30,March,3.39,3.36
3/18/2024 1:35,March,3.39,3.36
3/18/2024 1:40,March,3.39,3.36
3/18/2024 1:45,March,3.23,3.2
3/18/2024 1:50,March,3.23,3.2
3/18/2024 1:55,March,3.23,3.2
3/18/2024 2:00,March,2.89,2.86
3/18/2024 2:05,March,2.89,2.86
3/18/2024 2:10,March,2.89,2.86
3/18/2024 2:15,March,2.89,2.86
3/18/2024 2:20,March,2.89,2.86
3/18/2024 2:25,March,2.89,2.86
3/18/2024 2:30,March,2.89,2.86
3/18/2024 2:35,March,3.23,3.2
3/18/2024 2:40,March,2.89,2.86
3/18/2024 2:45,March,2.83,2.81
3/18/2024 2:50,March,2.83,2.81
3/18/2024 2:55,March,2.83,2.8
3/18/2024 3:00,March,2.89,2.87
3/18/2024 3:05,March,2.83,2.8
3/18/2024 3:10,March,2.83,2.8
3/18/2024 3:15,March,2.81,2.79
3/18/2024 3:20,March,2.83,2.8
3/18/2024 3:25,March,2.81,2.78
3/18/2024 3:30,March,2.81,2.79
3/18/2024 3:35,March,2.81,2.78
3/18/2024 3:40,March,2.8,2.78
3/18/2024 3:45,March,2.8,2.78
3/18/2024 3:50,March,2.81,2.78
3/18/2024 3:55,March,2.82,2.8
3/18/2024 4:00,March,2.82,2.8
3/18/2024 4:05,March,2.89,2.87
3/18/2024 4:10,March,3.42,3.39
3/18/2024 4:15,March,3.4,3.37
3/18/2024 4:20,March,3.4,3.37
3/18/2024 4:25,March,3.4,3.37
3/18/2024 4:30,March,3.42,3.39
3/18/2024 4:35,March,3.65,3.62
3/18/2024 4:40,March,3.65,3.62
3/18/2024 4:45,March,3.71,3.68
3/18/2024 4:50,March,3.71,3.68
3/18/2024 4:55,March,3.76,3.73
3/18/2024 5:00,March,3.72,3.68
3/18/2024 5:05,March,3.95,3.91
3/18/2024 5:10,March,3.72,3.68
3/18/2024 5:15,March,3.71,3.68
3/18/2024 5:20,March,3.72,3.68
3/18/2024 5:25,March,3.71,3.68
3/18/2024 5:30,March,3.72,3.68
3/18/2024 5:35,March,3.72,3.69
3/18/2024 5:40,March,3.72,3.68
3/18/2024 5:45,March,3.72,3.69
3/18/2024 5:50,March,3.26,3.23
3/18/2024 5:55,March,3.56,3.53
3/18/2024 6:00,March,3.71,3.68
3/18/2024 6:05,March,2.83,2.8
3/18/2024 6:10,March,3.41,3.38
3/18/2024 6:15,March,3.4,3.37
3/18/2024 6:20,March,3.25,3.22
3/18/2024 6:25,March,2.83,2.8
3/18/2024 6:30,March,2.47,2.44
3/18/2024 6:35,March,2.3,2.28
3/18/2024 6:40,March,0.74,0.73
3/18/2024 6:45,March,2.34,2.32
3/18/2024 6:50,March,2.46,2.44
3/18/2024 6:55,March,2.46,2.44
3/18/2024 7:00,March,2.45,2.44
3/18/2024 7:05,March,-0.1,-0.1
3/18/2024 7:10,March,0,0
3/18/2024 7:15,March,2.31,2.3
3/18/2024 7:20,March,2.31,2.3
3/18/2024 7:25,March,2.38,2.37
3/18/2024 7:30,March,2.44,2.43
3/18/2024 7:35,March,2.44,2.43
3/18/2024 7:40,March,2.8,2.79
3/18/2024 7:45,March,2.8,2.79
3/18/2024 7:50,March,3.39,3.37
3/18/2024 7:55,March,3.57,3.55
3/18/2024 8:00,March,3.39,3.38
3/18/2024 8:05,March,0,0
3/18/2024 8:10,March,0,0
3/18/2024 8:15,March,2.77,2.76
3/18/2024 8:20,March,2.77,2.76
3/18/2024 8:25,March,2.53,2.52
3/18/2024 8:30,March,3.18,3.17
3/18/2024 8:35,March,3.53,3.51
3/18/2024 8:40,March,3.37,3.36
3/18/2024 8:45,March,3.18,3.16
3/18/2024 8:50,March,3.37,3.36
3/18/2024 8:55,March,3.52,3.51
3/18/2024 9:00,March,3.52,3.51
3/18/2024 9:05,March,2.22,2.22
3/18/2024 9:10,March,3.18,3.17
3/18/2024 9:15,March,2.83,2.82
3/18/2024 9:20,March,3.16,3.16
3/18/2024 9:25,March,3.51,3.5
3/18/2024 9:30,March,3.47,3.46
3/18/2024 9:35,March,3.46,3.45
3/18/2024 9:40,March,3.39,3.38
3/18/2024 9:45,March,3.37,3.36
3/18/2024 9:50,March,3.5,3.49
3/18/2024 9:55,March,3.5,3.49
3/18/2024 10:00,March,3.91,3.9
3/18/2024 10:05,March,3.48,3.47
3/18/2024 10:10,March,3.55,3.54
3/18/2024 10:15,March,3.42,3.41
3/18/2024 10:20,March,3.51,3.5
3/18/2024 10:25,March,3.43,3.42
3/18/2024 10:30,March,3.61,3.59
3/18/2024 10:35,March,3.61,3.6
3/18/2024 10:40,March,3.92,3.91
3/18/2024 10:45,March,3.65,3.64
3/18/2024 10:50,March,3.51,3.5
3/18/2024 10:55,March,3.51,3.5
3/18/2024 11:00,March,3.44,3.43
3/18/2024 11:05,March,3.37,3.36
3/18/2024 11:10,March,3.51,3.49
3/18/2024 11:15,March,3.49,3.47
3/18/2024 11:20,March,3.37,3.36
3/18/2024 11:25,March,3.37,3.36
3/18/2024 11:30,March,3.37,3.36
3/18/2024 11:35,March,3.41,3.4
3/18/2024 11:40,March,3.16,3.15
3/18/2024 11:45,March,3.4,3.39
3/18/2024 11:50,March,3.42,3.41
3/18/2024 11:55,March,3.08,3.07
3/18/2024 12:00,March,2.82,2.82
3/18/2024 12:05,March,2.82,2.82
3/18/2024 12:10,March,2.43,2.43
3/18/2024 12:15,March,3.07,3.07
3/18/2024 12:20,March,3.14,3.14
3/18/2024 12:25,March,3.36,3.35
3/18/2024 12:30,March,3.14,3.13
3/18/2024 12:35,March,3.08,3.07
3/18/2024 12:40,March,3.61,3.61
3/18/2024 12:45,March,3.49,3.48
3/18/2024 12:50,March,3.07,3.07
3/18/2024 12:55,March,3.36,3.35
3/18/2024 13:00,March,3.36,3.35
3/18/2024 13:05,March,3.49,3.48
3/18/2024 13:10,March,3.6,3.6
3/18/2024 13:15,March,4.18,4.18
3/18/2024 13:20,March,3.93,3.92
3/18/2024 13:25,March,4.09,4.08
3/18/2024 13:30,March,4.42,4.4
3/18/2024 13:35,March,4.3,4.3
3/18/2024 13:40,March,3.72,3.85
3/18/2024 13:45,March,3.18,3.16
3/18/2024 13:50,March,2.56,2.55
3/18/2024 13:55,March,3.42,3.39
3/18/2024 14:00,March,3.53,3.5
3/18/2024 14:05,March,3.9,3.87
3/18/2024 14:10,March,3.85,3.81
3/18/2024 14:15,March,3.9,3.87
3/18/2024 14:20,March,3.4,3.37
3/18/2024 14:25,March,3.8,3.77
3/18/2024 14:30,March,3.85,3.82
3/18/2024 14:35,March,3.88,3.84
3/18/2024 14:40,March,4.11,4.07
3/18/2024 14:45,March,4.03,4
3/18/2024 14:50,March,3.91,3.87
3/18/2024 14:55,March,3.91,3.88
3/18/2024 15:00,March,3.86,3.83
3/18/2024 15:05,March,3.91,3.87
3/18/2024 15:10,March,3.92,3.88
3/18/2024 15:15,March,3.88,3.86
3/18/2024 15:20,March,4.05,4.02
3/18/2024 15:25,March,3.97,3.95
3/18/2024 15:30,March,4.18,4.16
3/18/2024 15:35,March,4.38,4.36
3/18/2024 15:40,March,4.03,4.01
3/18/2024 15:45,March,4.27,4.24
3/18/2024 15:50,March,4.48,4.44
3/18/2024 15:55,March,4.48,4.45
3/18/2024 16:00,March,4.49,4.46
3/18/2024 16:05,March,4.38,4.36
3/18/2024 16:10,March,4.59,4.56
3/18/2024 16:15,March,4.5,4.48
3/18/2024 16:20,March,4.49,4.47
3/18/2024 16:25,March,4.28,4.26
3/18/2024 16:30,March,4.28,4.26
3/18/2024 16:35,March,4.48,4.46
3/18/2024 16:40,March,4.49,4.47
3/18/2024 16:45,March,4.3,4.28
3/18/2024 16:50,March,4.48,4.46
3/18/2024 16:55,March,4.3,4.28
3/18/2024 17:00,March,4.27,4.25
3/18/2024 17:05,March,3.93,3.91
3/18/2024 17:10,March,3.93,3.91
3/18/2024 17:15,March,4.29,4.26
3/18/2024 17:20,March,4.51,4.49
3/18/2024 17:25,March,4.51,4.49
3/18/2024 17:30,March,4.63,4.6
3/18/2024 17:35,March,4.51,4.49
3/18/2024 17:40,March,4.64,4.61
3/18/2024 17:45,March,4.64,4.62
3/18/2024 17:50,March,4.53,4.5
3/18/2024 17:55,March,4.67,4.64
3/18/2024 18:00,March,4.54,4.51
3/18/2024 18:05,March,4.45,4.42
3/18/2024 18:10,March,10.59,10.52
3/18/2024 18:15,March,4.65,4.62
3/18/2024 18:20,March,6.08,6.04
3/18/2024 18:25,March,8.83,8.78
3/18/2024 18:30,March,4.89,4.85
3/18/2024 18:35,March,4.56,4.53
3/18/2024 18:40,March,4.61,4.58
3/18/2024 18:45,March,4.62,4.59
3/18/2024 18:50,March,4.53,4.5
3/18/2024 18:55,March,4.68,4.65
3/18/2024 19:00,March,4.29,4.26
3/18/2024 19:05,March,4.29,4.26
3/18/2024 19:10,March,4.3,4.26
3/18/2024 19:15,March,3.95,3.92
3/18/2024 19:20,March,4.46,4.42
3/18/2024 19:25,March,4.55,4.51
3/18/2024 19:30,March,4.52,4.49
3/18/2024 19:35,March,4.52,4.49
3/18/2024 19:40,March,4.66,4.62
3/18/2024 19:45,March,4.54,4.5
3/18/2024 19:50,March,4.53,4.49
3/18/2024 19:55,March,4.46,4.42
3/18/2024 20:00,March,4.53,4.5
3/18/2024 20:05,March,12.26,12.17
3/18/2024 20:10,March,4.66,4.63
3/18/2024 20:15,March,4.67,4.64
3/18/2024 20:20,March,4.64,4.61
3/18/2024 20:25,March,4.65,4.61
3/18/2024 20:30,March,4.63,4.59
3/18/2024 20:35,March,4.64,4.61
3/18/2024 20:40,March,4.56,4.53
3/18/2024 20:45,March,3.4,3.37
3/18/2024 20:50,March,4.31,4.28
3/18/2024 20:55,March,4.03,4
3/18/2024 21:00,March,4.47,4.43
3/18/2024 21:05,March,4.67,4.64
3/18/2024 21:10,March,4.55,4.51
3/18/2024 21:15,March,4.54,4.5
3/18/2024 21:20,March,4.54,4.51
3/18/2024 21:25,March,4.52,4.49
3/18/2024 21:30,March,4.52,4.49
3/18/2024 21:35,March,4.53,4.5
3/18/2024 21:40,March,4.52,4.48
3/18/2024 21:45,March,3.88,3.85
3/18/2024 21:50,March,4.03,4
3/18/2024 21:55,March,3.96,3.93
3/18/2024 22:00,March,3.91,3.87
3/18/2024 22:05,March,4.54,4.5
3/18/2024 22:10,March,4.93,4.89
3/18/2024 22:15,March,4.46,4.43
3/18/2024 22:20,March,4.46,4.43
3/18/2024 22:25,March,3.96,3.92
3/18/2024 22:30,March,4.33,4.29
3/18/2024 22:35,March,3.96,3.93
3/18/2024 22:40,March,3.95,3.91
3/18/2024 22:45,March,3.93,3.9
3/18/2024 22:50,March,3.69,3.66
3/18/2024 22:55,March,3.91,3.88
3/18/2024 23:00,March,3.9,3.87
3/18/2024 23:05,March,4.54,4.5
3/18/2024 23:10,March,4.48,4.45
3/18/2024 23:15,March,4.49,4.45
3/18/2024 23:20,March,4.49,4.45
3/18/2024 23:25,March,4.49,4.45
3/18/2024 23:30,March,4.32,4.28
3/18/2024 23:35,March,4.33,4.29
3/18/2024 23:40,March,4.32,4.28
3/18/2024 23:45,March,3.91,3.88
3/18/2024 23:50,March,3.91,3.88
3/18/2024 23:55,March,4.1,4.06
3/19/2024 0:00,March,3.44,3.41
3/19/2024 0:05,March,3.43,3.4
3/19/2024 0:10,March,3.73,3.69
3/19/2024 0:15,March,4.07,4.04
3/19/2024 0:20,March,3.97,3.93
3/19/2024 0:25,March,4.62,4.58
3/19/2024 0:30,March,4.47,4.44
3/19/2024 0:35,March,4.47,4.44
3/19/2024 0:40,March,4.07,4.04
3/19/2024 0:45,March,4.07,4.04
3/19/2024 0:50,March,3.96,3.93
3/19/2024 0:55,March,3.44,3.41
3/19/2024 1:00,March,3.95,3.91
3/19/2024 1:05,March,3.95,3.91
3/19/2024 1:10,March,3.74,3.7
3/19/2024 1:15,March,3.95,3.91
3/19/2024 1:20,March,3.95,3.91
3/19/2024 1:25,March,3.95,3.91
3/19/2024 1:30,March,4.54,4.5
3/19/2024 1:35,March,3.96,3.92
3/19/2024 1:40,March,3.96,3.92
3/19/2024 1:45,March,10.47,10.38
3/19/2024 1:50,March,4.6,4.56
3/19/2024 1:55,March,4.07,4.03
3/19/2024 2:00,March,3.04,3.02
3/19/2024 2:05,March,3.58,3.55
3/19/2024 2:10,March,3.64,3.61
3/19/2024 2:15,March,3.73,3.7
3/19/2024 2:20,March,3.73,3.7
3/19/2024 2:25,March,3.73,3.7
3/19/2024 2:30,March,3.59,3.56
3/19/2024 2:35,March,3.73,3.7
3/19/2024 2:40,March,3.63,3.59
3/19/2024 2:45,March,3.72,3.68
3/19/2024 2:50,March,3.72,3.68
3/19/2024 2:55,March,3.54,3.5
3/19/2024 3:00,March,3.53,3.5
3/19/2024 3:05,March,3.53,3.5
3/19/2024 3:10,March,3.59,3.56
3/19/2024 3:15,March,3.39,3.35
3/19/2024 3:20,March,3.59,3.55
3/19/2024 3:25,March,3.23,3.2
3/19/2024 3:30,March,3.29,3.26
3/19/2024 3:35,March,3.42,3.39
3/19/2024 3:40,March,3.39,3.35
3/19/2024 3:45,March,3.33,3.29
3/19/2024 3:50,March,3.39,3.35
3/19/2024 3:55,March,3.23,3.2
3/19/2024 4:00,March,3.24,3.2
3/19/2024 4:05,March,3.63,3.59
3/19/2024 4:10,March,3.63,3.59
3/19/2024 4:15,March,3.59,3.55
3/19/2024 4:20,March,3.63,3.59
3/19/2024 4:25,March,3.59,3.55
3/19/2024 4:30,March,3.58,3.55
3/19/2024 4:35,March,3.58,3.54
3/19/2024 4:40,March,3.58,3.54
3/19/2024 4:45,March,3.53,3.49
3/19/2024 4:50,March,3.4,3.36
3/19/2024 4:55,March,3.55,3.51
3/19/2024 5:00,March,3.7,3.67
3/19/2024 5:05,March,2.89,2.86
3/19/2024 5:10,March,3.52,3.49
3/19/2024 5:15,March,3.52,3.48
3/19/2024 5:20,March,3.7,3.66
3/19/2024 5:25,March,3.63,3.59
3/19/2024 5:30,March,3.93,3.89
3/19/2024 5:35,March,3.94,3.89
3/19/2024 5:40,March,3.76,3.72
3/19/2024 5:45,March,3.71,3.67
3/19/2024 5:50,March,3.94,3.9
3/19/2024 5:55,March,3.93,3.89
3/19/2024 6:00,March,3.63,3.59
3/19/2024 6:05,March,2.85,2.82
3/19/2024 6:10,March,3.38,3.34
3/19/2024 6:15,March,3.59,3.55
3/19/2024 6:20,March,3.24,3.2
3/19/2024 6:25,March,3.38,3.34
3/19/2024 6:30,March,3.11,3.08
3/19/2024 6:35,March,0,0
3/19/2024 6:40,March,0,0
3/19/2024 6:45,March,0,0
3/19/2024 6:50,March,2.22,2.2
3/19/2024 6:55,March,2.8,2.77
3/19/2024 7:00,March,2.46,2.44
3/19/2024 7:05,March,0,0
3/19/2024 7:10,March,0.1,0.1
3/19/2024 7:15,March,2.22,2.2
3/19/2024 7:20,March,2.45,2.44
3/19/2024 7:25,March,2.45,2.44
3/19/2024 7:30,March,2.45,2.44
3/19/2024 7:35,March,2.78,2.77
3/19/2024 7:40,March,3.08,3.06
3/19/2024 7:45,March,2.87,2.85
3/19/2024 7:50,March,3.2,3.18
3/19/2024 7:55,March,3.55,3.53
3/19/2024 8:00,March,3.68,3.66
3/19/2024 8:05,March,3.37,3.34
3/19/2024 8:10,March,3.61,3.59
3/19/2024 8:15,March,3.61,3.59
3/19/2024 8:20,March,3.62,3.6
3/19/2024 8:25,March,3.83,3.81
3/19/2024 8:30,March,3.61,3.59
3/19/2024 8:35,March,3.53,3.51
3/19/2024 8:40,March,3.6,3.59
3/19/2024 8:45,March,3.61,3.6
3/19/2024 8:50,March,4.48,4.46
3/19/2024 8:55,March,4.45,4.44
3/19/2024 9:00,March,4.45,4.43
3/19/2024 9:05,March,3.51,3.5
3/19/2024 9:10,March,4.45,4.43
3/19/2024 9:15,March,3.91,3.9
3/19/2024 9:20,March,3.61,3.6
3/19/2024 9:25,March,3.61,3.6
3/19/2024 9:30,March,3.91,3.89
3/19/2024 9:35,March,3.55,3.54
3/19/2024 9:40,March,3.56,3.55
3/19/2024 9:45,March,3.56,3.55
3/19/2024 9:50,March,11.48,11.45
3/19/2024 9:55,March,4.49,4.49
3/19/2024 10:00,March,4.49,4.49
3/19/2024 10:05,March,3.66,3.66
3/19/2024 10:10,March,3.91,3.9
3/19/2024 10:15,March,4.49,4.49
3/19/2024 10:20,March,4.49,4.48
3/19/2024 10:25,March,3.92,3.92
3/19/2024 10:30,March,3.97,3.96
3/19/2024 10:35,March,4.07,4.07
3/19/2024 10:40,March,4.48,4.48
3/19/2024 10:45,March,4.48,4.48
3/19/2024 10:50,March,4.03,4.03
3/19/2024 10:55,March,4.02,4.02
3/19/2024 11:00,March,3.96,3.96
3/19/2024 11:05,March,3.14,3.14
3/19/2024 11:10,March,3.49,3.49
3/19/2024 11:15,March,3.57,3.57
3/19/2024 11:20,March,3.91,3.91
3/19/2024 11:25,March,3.49,3.49
3/19/2024 11:30,March,3.39,3.39
3/19/2024 11:35,March,3.5,3.49
3/19/2024 11:40,March,3.4,3.4
3/19/2024 11:45,March,3.4,3.39
3/19/2024 11:50,March,3.43,3.43
3/19/2024 11:55,March,3.24,3.24
3/19/2024 12:00,March,1.54,1.54
3/19/2024 12:05,March,1.1,1.1
3/19/2024 12:10,March,2.81,2.81
3/19/2024 12:15,March,3.14,3.14
3/19/2024 12:20,March,3.36,3.36
3/19/2024 12:25,March,3.36,3.36
3/19/2024 12:30,March,3.36,3.36
3/19/2024 12:35,March,3.37,3.37
3/19/2024 12:40,March,3.41,3.4
3/19/2024 12:45,March,3.41,3.41
3/19/2024 12:50,March,3.41,3.41
3/19/2024 12:55,March,3.54,3.54
3/19/2024 13:00,March,3.74,3.73
3/19/2024 13:05,March,4.41,4.4
3/19/2024 13:10,March,4.52,4.52
3/19/2024 13:15,March,7.73,7.73
3/19/2024 13:20,March,4.54,4.54
3/19/2024 13:25,March,4.54,4.54
3/19/2024 13:30,March,4.42,4.42
3/19/2024 13:35,March,4.54,4.54
3/19/2024 13:40,March,4.54,4.54
3/19/2024 13:45,March,4.43,4.42
3/19/2024 13:50,March,4.44,4.44
3/19/2024 13:55,March,4.5,4.5
3/19/2024 14:00,March,4.54,4.53
3/19/2024 14:05,March,4.56,4.56
3/19/2024 14:10,March,4.56,4.55
3/19/2024 14:15,March,4.56,4.55
3/19/2024 14:20,March,4.56,4.56
3/19/2024 14:25,March,4.58,4.57
3/19/2024 14:30,March,4.57,4.56
3/19/2024 14:35,March,4.55,4.55
3/19/2024 14:40,March,4.58,4.58
3/19/2024 14:45,March,4.76,4.75
3/19/2024 14:50,March,4.6,4.58
3/19/2024 14:55,March,4.61,4.59
3/19/2024 15:00,March,4.61,4.59
3/19/2024 15:05,March,4.62,4.6
3/19/2024 15:10,March,4.63,4.6
3/19/2024 15:15,March,4.63,4.6
3/19/2024 15:20,March,4.5,4.48
3/19/2024 15:25,March,4.62,4.6
3/19/2024 15:30,March,4.63,4.6
3/19/2024 15:35,March,4.63,4.6
3/19/2024 15:40,March,4.63,4.61
3/19/2024 15:45,March,6.1,6.07
3/19/2024 15:50,March,4.67,4.65
3/19/2024 15:55,March,4.65,4.63
3/19/2024 16:00,March,4.67,4.64
3/19/2024 16:05,March,4.66,4.63
3/19/2024 16:10,March,4.6,4.57
3/19/2024 16:15,March,4.64,4.62
3/19/2024 16:20,March,4.6,4.59
3/19/2024 16:25,March,4.64,4.62
3/19/2024 16:30,March,4.64,4.62
3/19/2024 16:35,March,4.64,4.62
3/19/2024 16:40,March,4.65,4.62
3/19/2024 16:45,March,4.65,4.63
3/19/2024 16:50,March,4.64,4.62
3/19/2024 16:55,March,4.56,4.54
3/19/2024 17:00,March,3.93,3.92
3/19/2024 17:05,March,3.67,3.65
3/19/2024 17:10,March,3.93,3.91
3/19/2024 17:15,March,3.93,3.91
3/19/2024 17:20,March,4.41,4.39
3/19/2024 17:25,March,4.51,4.49
3/19/2024 17:30,March,4.63,4.61
3/19/2024 17:35,March,4.6,4.58
3/19/2024 17:40,March,4.61,4.59
3/19/2024 17:45,March,4.64,4.62
3/19/2024 17:50,March,4.65,4.62
3/19/2024 17:55,March,4.67,4.64
3/19/2024 18:00,March,7.89,7.86
3/19/2024 18:05,March,4.82,4.8
3/19/2024 18:10,March,13.65,13.58
3/19/2024 18:15,March,14.56,14.49
3/19/2024 18:20,March,11.91,11.85
3/19/2024 18:25,March,14.24,14.17
3/19/2024 18:30,March,5.06,5.03
3/19/2024 18:35,March,4.84,4.82
3/19/2024 18:40,March,5.04,5.01
3/19/2024 18:45,March,4.72,4.69
3/19/2024 18:50,March,4.71,4.68
3/19/2024 18:55,March,4.71,4.68
3/19/2024 19:00,March,3.94,3.92
3/19/2024 19:05,March,4.57,4.54
3/19/2024 19:10,March,4.69,4.66
3/19/2024 19:15,March,4.7,4.67
3/19/2024 19:20,March,4.7,4.66
3/19/2024 19:25,March,4.69,4.66
3/19/2024 19:30,March,4.69,4.66
3/19/2024 19:35,March,4.68,4.65
3/19/2024 19:40,March,4.68,4.65
3/19/2024 19:45,March,4.68,4.65
3/19/2024 19:50,March,4.56,4.53
3/19/2024 19:55,March,4.68,4.65
3/19/2024 20:00,March,4.68,4.65
3/19/2024 20:05,March,11,10.93
3/19/2024 20:10,March,4.71,4.67
3/19/2024 20:15,March,4.4,4.38
3/19/2024 20:20,March,4.56,4.53
3/19/2024 20:25,March,4.67,4.64
3/19/2024 20:30,March,4.58,4.55
3/19/2024 20:35,March,4.67,4.64
3/19/2024 20:40,March,4.67,4.64
3/19/2024 20:45,March,4.4,4.38
3/19/2024 20:50,March,4.67,4.64
3/19/2024 20:55,March,4.41,4.38
3/19/2024 21:00,March,4.4,4.38
3/19/2024 21:05,March,4.68,4.65
3/19/2024 21:10,March,4.56,4.53
3/19/2024 21:15,March,4.59,4.56
3/19/2024 21:20,March,4.69,4.66
3/19/2024 21:25,March,4.7,4.66
3/19/2024 21:30,March,4.7,4.66
3/19/2024 21:35,March,4.58,4.54
3/19/2024 21:40,March,3.95,3.92
3/19/2024 21:45,March,4.15,4.12
3/19/2024 21:50,March,3.96,3.93
3/19/2024 21:55,March,4.15,4.11
3/19/2024 22:00,March,3.96,3.92
3/19/2024 22:05,March,4.68,4.64
3/19/2024 22:10,March,4.43,4.4
3/19/2024 22:15,March,4.25,4.21
3/19/2024 22:20,March,3.6,3.57
3/19/2024 22:25,March,3.74,3.71
3/19/2024 22:30,March,4.12,4.09
3/19/2024 22:35,March,4.09,4.06
3/19/2024 22:40,March,4.43,4.39
3/19/2024 22:45,March,4.1,4.06
3/19/2024 22:50,March,3.57,3.54
3/19/2024 22:55,March,3.61,3.58
3/19/2024 23:00,March,3.61,3.57
3/19/2024 23:05,March,3.46,3.43
3/19/2024 23:10,March,3.53,3.5
3/19/2024 23:15,March,3.58,3.54
3/19/2024 23:20,March,3.55,3.51
3/19/2024 23:25,March,3.53,3.5
3/19/2024 23:30,March,3.48,3.44
3/19/2024 23:35,March,3.53,3.5
3/19/2024 23:40,March,3.47,3.44
3/19/2024 23:45,March,3.45,3.42
3/19/2024 23:50,March,3.45,3.42
3/19/2024 23:55,March,3.43,3.4
3/20/2024 0:00,March,3.27,3.24
3/20/2024 0:05,March,3.43,3.4
3/20/2024 0:10,March,3.43,3.4
3/20/2024 0:15,March,3.43,3.4
3/20/2024 0:20,March,3.56,3.53
3/20/2024 0:25,March,3.73,3.69
3/20/2024 0:30,March,3.72,3.69
3/20/2024 0:35,March,3.73,3.7
3/20/2024 0:40,March,3.73,3.69
3/20/2024 0:45,March,3.44,3.41
3/20/2024 0:50,March,3.6,3.57
3/20/2024 0:55,March,3.28,3.24
3/20/2024 1:00,March,3.6,3.57
3/20/2024 1:05,March,3.59,3.56
3/20/2024 1:10,March,3.44,3.41
3/20/2024 1:15,March,3.59,3.56
3/20/2024 1:20,March,3.41,3.38
3/20/2024 1:25,March,3.39,3.36
3/20/2024 1:30,March,3.23,3.2
3/20/2024 1:35,March,3.26,3.23
3/20/2024 1:40,March,3.22,3.2
3/20/2024 1:45,March,3.23,3.2
3/20/2024 1:50,March,3.1,3.07
3/20/2024 1:55,March,2.85,2.82
3/20/2024 2:00,March,2.85,2.82
3/20/2024 2:05,March,3.22,3.19
3/20/2024 2:10,March,3.06,3.03
3/20/2024 2:15,March,3.22,3.19
3/20/2024 2:20,March,3.04,3.01
3/20/2024 2:25,March,3.05,3.02
3/20/2024 2:30,March,2.87,2.84
3/20/2024 2:35,March,2.88,2.85
3/20/2024 2:40,March,2.88,2.85
3/20/2024 2:45,March,2.85,2.82
3/20/2024 2:50,March,2.85,2.82
3/20/2024 2:55,March,1.56,1.55
3/20/2024 3:00,March,2.46,2.44
3/20/2024 3:05,March,2.5,2.48
3/20/2024 3:10,March,2.79,2.77
3/20/2024 3:15,March,2.27,2.25
3/20/2024 3:20,March,2.79,2.77
3/20/2024 3:25,March,2.79,2.77
3/20/2024 3:30,March,2.79,2.77
3/20/2024 3:35,March,2.8,2.77
3/20/2024 3:40,March,2.8,2.78
3/20/2024 3:45,March,2.83,2.81
3/20/2024 3:50,March,2.8,2.78
3/20/2024 3:55,March,2.8,2.78
3/20/2024 4:00,March,2.46,2.44
3/20/2024 4:05,March,3.39,3.37
3/20/2024 4:10,March,3.23,3.2
3/20/2024 4:15,March,3.22,3.2
3/20/2024 4:20,March,3.04,3.02
3/20/2024 4:25,March,3.04,3.02
3/20/2024 4:30,March,3.04,3.01
3/20/2024 4:35,March,3.22,3.2
3/20/2024 4:40,March,3.22,3.2
3/20/2024 4:45,March,3.52,3.49
3/20/2024 4:50,March,3.4,3.37
3/20/2024 4:55,March,3.38,3.35
3/20/2024 5:00,March,3.39,3.36
3/20/2024 5:05,March,3.39,3.36
3/20/2024 5:10,March,3.38,3.35
3/20/2024 5:15,March,3.39,3.36
3/20/2024 5:20,March,3.42,3.39
3/20/2024 5:25,March,3.39,3.36
3/20/2024 5:30,March,3.51,3.48
3/20/2024 5:35,March,3.57,3.54
3/20/2024 5:40,March,3.43,3.39
3/20/2024 5:45,March,3.42,3.39
3/20/2024 5:50,March,3.42,3.38
3/20/2024 5:55,March,3.39,3.36
3/20/2024 6:00,March,3.39,3.36
3/20/2024 6:05,March,2.47,2.44
3/20/2024 6:10,March,3.22,3.19
3/20/2024 6:15,March,3.01,2.98
3/20/2024 6:20,March,2.46,2.44
3/20/2024 6:25,March,2.79,2.77
3/20/2024 6:30,March,2.46,2.44
3/20/2024 6:35,March,2.46,2.44
3/20/2024 6:40,March,2.22,2.2
3/20/2024 6:45,March,2.46,2.44
3/20/2024 6:50,March,2.46,2.44
3/20/2024 6:55,March,2.46,2.44
3/20/2024 7:00,March,2.46,2.44
3/20/2024 7:05,March,0,0
3/20/2024 7:10,March,1.56,1.55
3/20/2024 7:15,March,1.1,1.1
3/20/2024 7:20,March,2.44,2.43
3/20/2024 7:25,March,2.45,2.44
3/20/2024 7:30,March,2.78,2.77
3/20/2024 7:35,March,2.77,2.76
3/20/2024 7:40,March,2.77,2.76
3/20/2024 7:45,March,2.82,2.81
3/20/2024 7:50,March,3.19,3.18
3/20/2024 7:55,March,3.68,3.67
3/20/2024 8:00,March,3.53,3.52
3/20/2024 8:05,March,3.1,3.07
3/20/2024 8:10,March,3.37,3.35
3/20/2024 8:15,March,3.4,3.37
3/20/2024 8:20,March,3.53,3.5
3/20/2024 8:25,March,3.52,3.5
3/20/2024 8:30,March,3.5,3.48
3/20/2024 8:35,March,3.5,3.47
3/20/2024 8:40,March,3.39,3.37
3/20/2024 8:45,March,3.38,3.35
3/20/2024 8:50,March,3.52,3.49
3/20/2024 8:55,March,3.52,3.49
3/20/2024 9:00,March,3.51,3.49
3/20/2024 9:05,March,3.37,3.36
3/20/2024 9:10,March,3.49,3.48
3/20/2024 9:15,March,3.39,3.38
3/20/2024 9:20,March,2.83,2.82
3/20/2024 9:25,March,3.15,3.15
3/20/2024 9:30,March,3.37,3.36
3/20/2024 9:35,March,3.37,3.36
3/20/2024 9:40,March,3.43,3.42
3/20/2024 9:45,March,3.5,3.49
3/20/2024 9:50,March,3.61,3.6
3/20/2024 9:55,March,3.6,3.6
3/20/2024 10:00,March,3.5,3.5
3/20/2024 10:05,March,3.56,3.56
3/20/2024 10:10,March,3.57,3.57
3/20/2024 10:15,March,3.55,3.54
3/20/2024 10:20,March,3.52,3.51
3/20/2024 10:25,March,3.49,3.48
3/20/2024 10:30,March,4.53,4.53
3/20/2024 10:35,March,4.41,4.41
3/20/2024 10:40,March,3.52,3.51
3/20/2024 10:45,March,4.42,4.41
3/20/2024 10:50,March,4.28,4.28
3/20/2024 10:55,March,3.49,3.49
3/20/2024 11:00,March,3.51,3.51
3/20/2024 11:05,March,3.49,3.48
3/20/2024 11:10,March,3.51,3.51
3/20/2024 11:15,March,3.49,3.49
3/20/2024 11:20,March,3.46,3.46
3/20/2024 11:25,March,3.5,3.5
3/20/2024 11:30,March,3.48,3.48
3/20/2024 11:35,March,3.13,3.13
3/20/2024 11:40,March,3.39,3.39
3/20/2024 11:45,March,3.13,3.13
3/20/2024 11:50,March,3.27,3.26
3/20/2024 11:55,March,3.01,3.01
3/20/2024 12:00,March,2.83,2.82
3/20/2024 12:05,March,0,0
3/20/2024 12:10,March,1.89,1.89
3/20/2024 12:15,March,2.81,2.82
3/20/2024 12:20,March,2.43,2.43
3/20/2024 12:25,March,2.81,2.81
3/20/2024 12:30,March,3.07,3.07
3/20/2024 12:35,March,3.07,3.07
3/20/2024 12:40,March,3.13,3.13
3/20/2024 12:45,March,3.07,3.08
3/20/2024 12:50,March,3.12,3.13
3/20/2024 12:55,March,3.37,3.38
3/20/2024 13:00,March,3.43,3.43
3/20/2024 13:05,March,3.39,3.4
3/20/2024 13:10,March,3.39,3.4
3/20/2024 13:15,March,3.39,3.4
3/20/2024 13:20,March,3.35,3.36
3/20/2024 13:25,March,3.33,3.34
3/20/2024 13:30,March,3.35,3.35
3/20/2024 13:35,March,3.86,3.86
3/20/2024 13:40,March,3.46,3.47
3/20/2024 13:45,March,3.27,3.27
3/20/2024 13:50,March,3.45,3.45
3/20/2024 13:55,March,3.45,3.45
3/20/2024 14:00,March,4.61,4.61
3/20/2024 14:05,March,4.09,4.09
3/20/2024 14:10,March,3.47,3.47
3/20/2024 14:15,March,4.09,4.09
3/20/2024 14:20,March,3.48,3.48
3/20/2024 14:25,March,4.09,4.09
3/20/2024 14:30,March,5.13,5.13
3/20/2024 14:35,March,4.62,4.62
3/20/2024 14:40,March,12.74,12.74
3/20/2024 14:45,March,4.62,4.62
3/20/2024 14:50,March,4.41,4.41
3/20/2024 14:55,March,4.09,4.09
3/20/2024 15:00,March,4.09,4.09
3/20/2024 15:05,March,3.24,3.24
3/20/2024 15:10,March,3.24,3.24
3/20/2024 15:15,March,3.07,3.07
3/20/2024 15:20,March,3.24,3.24
3/20/2024 15:25,March,3.52,3.52
3/20/2024 15:30,March,3.61,3.61
3/20/2024 15:35,March,3.65,3.65
3/20/2024 15:40,March,3.78,3.87
3/20/2024 15:45,March,3.65,3.65
3/20/2024 15:50,March,3.66,3.65
3/20/2024 15:55,March,3.66,3.65
3/20/2024 16:00,March,3.52,3.52
3/20/2024 16:05,March,4.09,4.09
3/20/2024 16:10,March,3.48,3.48
3/20/2024 16:15,March,3.53,3.52
3/20/2024 16:20,March,3.56,3.55
3/20/2024 16:25,March,3.57,3.56
3/20/2024 16:30,March,3.59,3.59
3/20/2024 16:35,March,3.76,3.88
3/20/2024 16:40,March,3.57,3.56
3/20/2024 16:45,March,3.57,3.56
3/20/2024 16:50,March,3.61,3.6
3/20/2024 16:55,March,3.46,3.45
3/20/2024 17:00,March,3.44,3.42
3/20/2024 17:05,March,1.99,1.98
3/20/2024 17:10,March,2.45,2.44
3/20/2024 17:15,March,2.85,2.83
3/20/2024 17:20,March,2.85,2.84
3/20/2024 17:25,March,2.94,2.93
3/20/2024 17:30,March,3.19,3.18
3/20/2024 17:35,March,3.2,3.18
3/20/2024 17:40,March,3.55,3.53
3/20/2024 17:45,March,3.65,3.63
3/20/2024 17:50,March,3.78,3.89
3/20/2024 17:55,March,4.08,4.08
3/20/2024 18:00,March,4.03,4.32
3/20/2024 18:05,March,4.44,4.41
3/20/2024 18:10,March,5.66,5.62
3/20/2024 18:15,March,6.52,6.52
3/20/2024 18:20,March,6.52,6.52
3/20/2024 18:25,March,4.67,4.64
3/20/2024 18:30,March,6.49,6.45
3/20/2024 18:35,March,4.65,4.62
3/20/2024 18:40,March,4.52,4.49
3/20/2024 18:45,March,4.64,4.61
3/20/2024 18:50,March,4.63,4.6
3/20/2024 18:55,March,4.52,4.49
3/20/2024 19:00,March,4.62,4.6
3/20/2024 19:05,March,4.43,4.4
3/20/2024 19:10,March,4.43,4.41
3/20/2024 19:15,March,4.51,4.48
3/20/2024 19:20,March,4.44,4.41
3/20/2024 19:25,March,4.5,4.47
3/20/2024 19:30,March,4.44,4.41
3/20/2024 19:35,March,4.43,4.4
3/20/2024 19:40,March,4.37,4.34
3/20/2024 19:45,March,4.37,4.34
3/20/2024 19:50,March,4.37,4.34
3/20/2024 19:55,March,4.37,4.34
3/20/2024 20:00,March,4.37,4.34
3/20/2024 20:05,March,25.68,25.51
3/20/2024 20:10,March,12.32,12.27
3/20/2024 20:15,March,4.64,4.61
3/20/2024 20:20,March,4.64,4.61
3/20/2024 20:25,March,4.65,4.62
3/20/2024 20:30,March,4.64,4.61
3/20/2024 20:35,March,4.52,4.49
3/20/2024 20:40,March,3.95,3.92
3/20/2024 20:45,March,4.38,4.35
3/20/2024 20:50,March,4.38,4.35
3/20/2024 20:55,March,4.38,4.35
3/20/2024 21:00,March,4.38,4.35
3/20/2024 21:05,March,4.52,4.48
3/20/2024 21:10,March,4.39,4.36
3/20/2024 21:15,March,4.39,4.36
3/20/2024 21:20,March,4.39,4.36
3/20/2024 21:25,March,4.39,4.36
3/20/2024 21:30,March,3.98,3.95
3/20/2024 21:35,March,3.93,3.9
3/20/2024 21:40,March,3.96,3.93
3/20/2024 21:45,March,3.96,3.92
3/20/2024 21:50,March,3.96,3.92
3/20/2024 21:55,March,3.65,3.61
3/20/2024 22:00,March,3.66,3.63
3/20/2024 22:05,March,4.6,4.57
3/20/2024 22:10,March,4.27,4.23
3/20/2024 22:15,March,4.5,4.46
3/20/2024 22:20,March,4.34,4.3
3/20/2024 22:25,March,4.25,4.22
3/20/2024 22:30,March,4.13,4.1
3/20/2024 22:35,March,4.09,4.06
3/20/2024 22:40,March,4.09,4.06
3/20/2024 22:45,March,3.76,3.73
3/20/2024 22:50,March,3.99,3.95
3/20/2024 22:55,March,3.99,3.96
3/20/2024 23:00,March,3.64,3.61
3/20/2024 23:05,March,3.59,3.56
3/20/2024 23:10,March,3.77,3.74
3/20/2024 23:15,March,3.93,3.9
3/20/2024 23:20,March,3.64,3.61
3/20/2024 23:25,March,3.59,3.56
3/20/2024 23:30,March,3.67,3.63
3/20/2024 23:35,March,3.62,3.59
3/20/2024 23:40,March,3.64,3.61
3/20/2024 23:45,March,3.58,3.55
3/20/2024 23:50,March,3.58,3.55
3/20/2024 23:55,March,3.59,3.56
3/21/2024 0:00,March,3.47,3.44
3/21/2024 0:05,March,3.74,3.7
3/21/2024 0:10,March,3.6,3.56
3/21/2024 0:15,March,3.59,3.56
3/21/2024 0:20,March,3.59,3.56
3/21/2024 0:25,March,3.59,3.56
3/21/2024 0:30,March,3.59,3.55
3/21/2024 0:35,March,3.59,3.56
3/21/2024 0:40,March,3.48,3.45
3/21/2024 0:45,March,2.89,2.87
3/21/2024 0:50,March,3.47,3.45
3/21/2024 0:55,March,3.27,3.25
3/21/2024 1:00,March,3.47,3.44
3/21/2024 1:05,March,3.23,3.21
3/21/2024 1:10,March,3.46,3.43
3/21/2024 1:15,March,3.59,3.56
3/21/2024 1:20,March,3.46,3.43
3/21/2024 1:25,March,3.46,3.43
3/21/2024 1:30,March,3.26,3.23
3/21/2024 1:35,March,3.44,3.42
3/21/2024 1:40,March,3.23,3.2
3/21/2024 1:45,March,3.23,3.2
3/21/2024 1:50,March,3.23,3.2
3/21/2024 1:55,March,3.22,3.2
3/21/2024 2:00,March,3.05,3.03
3/21/2024 2:05,March,2.88,2.86
3/21/2024 2:10,March,3.22,3.2
3/21/2024 2:15,March,3.22,3.2
3/21/2024 2:20,March,3.22,3.2
3/21/2024 2:25,March,3.22,3.2
3/21/2024 2:30,March,3.22,3.2
3/21/2024 2:35,March,3.22,3.2
3/21/2024 2:40,March,2.88,2.86
3/21/2024 2:45,March,2.88,2.86
3/21/2024 2:50,March,2.84,2.82
3/21/2024 2:55,March,2.78,2.76
3/21/2024 3:00,March,2.78,2.76
3/21/2024 3:05,March,2.87,2.85
3/21/2024 3:10,March,2.87,2.85
3/21/2024 3:15,March,2.78,2.76
3/21/2024 3:20,March,2.83,2.81
3/21/2024 3:25,March,2.79,2.77
3/21/2024 3:30,March,2.79,2.77
3/21/2024 3:35,March,2.83,2.81
3/21/2024 3:40,March,2.79,2.77
3/21/2024 3:45,March,2.82,2.8
3/21/2024 3:50,March,2.82,2.8
3/21/2024 3:55,March,2.82,2.8
3/21/2024 4:00,March,2.82,2.8
3/21/2024 4:05,March,3.22,3.2
3/21/2024 4:10,March,3.4,3.37
3/21/2024 4:15,March,3.22,3.19
3/21/2024 4:20,March,3.22,3.19
3/21/2024 4:25,March,3.21,3.19
3/21/2024 4:30,March,3.38,3.35
3/21/2024 4:35,March,3.44,3.41
3/21/2024 4:40,March,3.44,3.41
3/21/2024 4:45,March,3.51,3.48
3/21/2024 4:50,March,3.44,3.41
3/21/2024 4:55,March,3.39,3.37
3/21/2024 5:00,March,3.41,3.39
3/21/2024 5:05,March,1.95,1.93
3/21/2024 5:10,March,2.93,2.9
3/21/2024 5:15,March,3.22,3.2
3/21/2024 5:20,March,3.4,3.38
3/21/2024 5:25,March,3.4,3.37
3/21/2024 5:30,March,3.44,3.41
3/21/2024 5:35,March,3.55,3.52
3/21/2024 5:40,March,3.51,3.48
3/21/2024 5:45,March,3.51,3.48
3/21/2024 5:50,March,3.51,3.48
3/21/2024 5:55,March,3.44,3.42
3/21/2024 6:00,March,3.4,3.37
3/21/2024 6:05,March,3.23,3.21
3/21/2024 6:10,March,3.51,3.49
3/21/2024 6:15,March,3.42,3.39
3/21/2024 6:20,March,3.11,3.08
3/21/2024 6:25,March,2.84,2.81
3/21/2024 6:30,March,3.24,3.21
3/21/2024 6:35,March,3.1,3.07
3/21/2024 6:40,March,2.46,2.44
3/21/2024 6:45,March,2.83,2.81
3/21/2024 6:50,March,2.83,2.81
3/21/2024 6:55,March,2.78,2.77
3/21/2024 7:00,March,2.82,2.8
3/21/2024 7:05,March,0,0
3/21/2024 7:10,March,1.1,1.1
3/21/2024 7:15,March,2.45,2.44
3/21/2024 7:20,March,2.81,2.8
3/21/2024 7:25,March,2.77,2.76
3/21/2024 7:30,March,2.81,2.8
3/21/2024 7:35,March,2.8,2.79
3/21/2024 7:40,March,3.07,3.06
3/21/2024 7:45,March,3.19,3.18
3/21/2024 7:50,March,3.39,3.38
3/21/2024 7:55,March,3.55,3.53
3/21/2024 8:00,March,3.39,3.38
3/21/2024 8:05,March,3.38,3.37
3/21/2024 8:10,March,3.53,3.51
3/21/2024 8:15,March,3.57,3.55
3/21/2024 8:20,March,3.62,3.6
3/21/2024 8:25,March,3.41,3.4
3/21/2024 8:30,March,3.41,3.4
3/21/2024 8:35,March,3.09,3.08
3/21/2024 8:40,March,3.41,3.39
3/21/2024 8:45,March,3.38,3.37
3/21/2024 8:50,March,3.51,3.49
3/21/2024 8:55,March,3.5,3.48
3/21/2024 9:00,March,3.42,3.4
3/21/2024 9:05,March,2.83,2.82
3/21/2024 9:10,March,3.35,3.34
3/21/2024 9:15,March,3.4,3.39
3/21/2024 9:20,March,3.14,3.13
3/21/2024 9:25,March,3.4,3.4
3/21/2024 9:30,March,3.35,3.34
3/21/2024 9:35,March,3.47,3.46
3/21/2024 9:40,March,3.47,3.47
3/21/2024 9:45,March,3.48,3.47
3/21/2024 9:50,March,3.59,3.58
3/21/2024 9:55,March,3.61,3.6
3/21/2024 10:00,March,3.51,3.5
3/21/2024 10:05,March,3.38,3.37
3/21/2024 10:10,March,3.4,3.4
3/21/2024 10:15,March,3.39,3.38
3/21/2024 10:20,March,3.4,3.4
3/21/2024 10:25,March,3.55,3.54
3/21/2024 10:30,March,3.47,3.46
3/21/2024 10:35,March,3.41,3.4
3/21/2024 10:40,March,3.47,3.46
3/21/2024 10:45,March,2.44,2.43
3/21/2024 10:50,March,2.82,2.81
3/21/2024 10:55,March,3.12,3.11
3/21/2024 11:00,March,3.12,3.11
3/21/2024 11:05,March,3.12,3.11
3/21/2024 11:10,March,3.12,3.11
3/21/2024 11:15,March,2.84,2.83
3/21/2024 11:20,March,2.99,2.98
3/21/2024 11:25,March,3.45,3.45
3/21/2024 11:30,March,3.45,3.45
3/21/2024 11:35,March,2.45,2.45
3/21/2024 11:40,March,2.45,2.45
3/21/2024 11:45,March,2.45,2.45
3/21/2024 11:50,March,2.45,2.45
3/21/2024 11:55,March,2.43,2.43
3/21/2024 12:00,March,2.7,2.7
3/21/2024 12:05,March,-10.19,-10.19
3/21/2024 12:10,March,0,0
3/21/2024 12:15,March,0,0
3/21/2024 12:20,March,2.91,2.91
3/21/2024 12:25,March,2.91,2.91
3/21/2024 12:30,March,3.21,3.21
3/21/2024 12:35,March,3.23,3.23
3/21/2024 12:40,March,3.06,3.06
3/21/2024 12:45,March,3.06,3.06
3/21/2024 12:50,March,2.92,2.92
3/21/2024 12:55,March,2.76,2.76
3/21/2024 13:00,March,2.8,2.8
3/21/2024 13:05,March,3.85,3.85
3/21/2024 13:10,March,3.85,3.85
3/21/2024 13:15,March,4.09,4.09
3/21/2024 13:20,March,4.09,4.09
3/21/2024 13:25,March,3.48,3.48
3/21/2024 13:30,March,3.24,3.24
3/21/2024 13:35,March,4.09,4.09
3/21/2024 13:40,March,6.13,6.13
3/21/2024 13:45,March,3.68,3.68
3/21/2024 13:50,March,3.52,3.52
3/21/2024 13:55,March,2.81,2.81
3/21/2024 14:00,March,3.24,3.24
3/21/2024 14:05,March,3.24,3.24
3/21/2024 14:10,March,3.68,3.68
3/21/2024 14:15,March,4.6,4.6
3/21/2024 14:20,March,3.46,3.46
3/21/2024 14:25,March,4.74,4.74
3/21/2024 14:30,March,3.24,3.24
3/21/2024 14:35,March,3.24,3.24
3/21/2024 14:40,March,3.52,3.52
3/21/2024 14:45,March,4.09,4.09
3/21/2024 14:50,March,3.59,3.59
3/21/2024 14:55,March,3.52,3.52
3/21/2024 15:00,March,2.8,2.8
3/21/2024 15:05,March,2.4,2.39
3/21/2024 15:10,March,3.45,3.43
3/21/2024 15:15,March,3.47,3.45
3/21/2024 15:20,March,3.57,3.57
3/21/2024 15:25,March,3.51,3.5
3/21/2024 15:30,March,3.5,3.49
3/21/2024 15:35,March,3.65,3.64
3/21/2024 15:40,March,3.65,3.64
3/21/2024 15:45,March,3.49,3.49
3/21/2024 15:50,March,3.76,3.76
3/21/2024 15:55,March,3.64,3.63
3/21/2024 16:00,March,3.5,3.49
3/21/2024 16:05,March,3.86,3.86
3/21/2024 16:10,March,3.43,3.42
3/21/2024 16:15,March,3.57,3.57
3/21/2024 16:20,March,3.9,3.89
3/21/2024 16:25,March,3.66,3.64
3/21/2024 16:30,March,3.87,3.85
3/21/2024 16:35,March,3.86,3.85
3/21/2024 16:40,March,3.61,3.6
3/21/2024 16:45,March,3.62,3.61
3/21/2024 16:50,March,3.62,3.61
3/21/2024 16:55,March,3.44,3.43
3/21/2024 17:00,March,3.18,3.16
3/21/2024 17:05,March,2.85,2.83
3/21/2024 17:10,March,2.85,2.83
3/21/2024 17:15,March,2.84,2.83
3/21/2024 17:20,March,2.93,2.92
3/21/2024 17:25,March,3.42,3.4
3/21/2024 17:30,March,3.44,3.42
3/21/2024 17:35,March,3.44,3.42
3/21/2024 17:40,March,3.53,3.51
3/21/2024 17:45,March,3.57,3.54
3/21/2024 17:50,March,3.81,3.79
3/21/2024 17:55,March,4.43,4.41
3/21/2024 18:00,March,4.43,4.4
3/21/2024 18:05,March,4.51,4.48
3/21/2024 18:10,March,11.29,11.22
3/21/2024 18:15,March,13.62,13.54
3/21/2024 18:20,March,11.29,11.23
3/21/2024 18:25,March,4.67,4.65
3/21/2024 18:30,March,6.5,6.46
3/21/2024 18:35,March,5.04,5
3/21/2024 18:40,March,4.68,4.65
3/21/2024 18:45,March,4.68,4.64
3/21/2024 18:50,March,4.58,4.55
3/21/2024 18:55,March,4.55,4.52
3/21/2024 19:00,March,4.58,4.54
3/21/2024 19:05,March,4.55,4.51
3/21/2024 19:10,March,4.55,4.51
3/21/2024 19:15,March,4.57,4.54
3/21/2024 19:20,March,4.53,4.5
3/21/2024 19:25,March,4.53,4.5
3/21/2024 19:30,March,4.57,4.53
3/21/2024 19:35,March,4.53,4.5
3/21/2024 19:40,March,4.54,4.5
3/21/2024 19:45,March,4.54,4.5
3/21/2024 19:50,March,4.53,4.5
3/21/2024 19:55,March,4.04,4
3/21/2024 20:00,March,4.57,4.53
3/21/2024 20:05,March,4.67,4.63
3/21/2024 20:10,March,4.55,4.52
3/21/2024 20:15,March,4.55,4.51
3/21/2024 20:20,March,4.54,4.5
3/21/2024 20:25,March,4.55,4.51
3/21/2024 20:30,March,3.96,3.92
3/21/2024 20:35,March,3.89,3.86
3/21/2024 20:40,March,4.04,4.01
3/21/2024 20:45,March,3.9,3.87
3/21/2024 20:50,March,3.89,3.86
3/21/2024 20:55,March,3.9,3.87
3/21/2024 21:00,March,3.9,3.86
3/21/2024 21:05,March,12.11,12.01
3/21/2024 21:10,March,4.65,4.61
3/21/2024 21:15,March,4.05,4.02
3/21/2024 21:20,March,4.54,4.49
3/21/2024 21:25,March,4.54,4.5
3/21/2024 21:30,March,4.54,4.5
3/21/2024 21:35,March,4.54,4.5
3/21/2024 21:40,March,4.07,4.04
3/21/2024 21:45,March,3.49,3.46
3/21/2024 21:50,March,3.59,3.55
3/21/2024 21:55,March,3.58,3.54
3/21/2024 22:00,March,4.41,4.37
3/21/2024 22:05,March,4.65,4.61
3/21/2024 22:10,March,4.53,4.49
3/21/2024 22:15,March,4.24,4.2
3/21/2024 22:20,March,4.07,4.03
3/21/2024 22:25,March,3.49,3.46
3/21/2024 22:30,March,3.47,3.44
3/21/2024 22:35,March,3.48,3.44
3/21/2024 22:40,March,3.47,3.44
3/21/2024 22:45,March,3.46,3.43
3/21/2024 22:50,March,3.58,3.55
3/21/2024 22:55,March,3.47,3.43
3/21/2024 23:00,March,3.45,3.41
3/21/2024 23:05,March,3.58,3.54
3/21/2024 23:10,March,3.22,3.19
3/21/2024 23:15,March,3.44,3.41
3/21/2024 23:20,March,3.44,3.41
3/21/2024 23:25,March,3.44,3.41
3/21/2024 23:30,March,3.44,3.4
3/21/2024 23:35,March,3.27,3.24
3/21/2024 23:40,March,3.28,3.24
3/21/2024 23:45,March,3.22,3.18
3/21/2024 23:50,March,3.41,3.38
3/21/2024 23:55,March,3.21,3.18
3/22/2024 0:00,March,3.21,3.18
3/22/2024 0:05,March,3.57,3.53
3/22/2024 0:10,March,3.55,3.51
3/22/2024 0:15,March,3.54,3.5
3/22/2024 0:20,March,3.58,3.54
3/22/2024 0:25,March,3.44,3.41
3/22/2024 0:30,March,3.71,3.67
3/22/2024 0:35,March,3.59,3.55
3/22/2024 0:40,March,3.59,3.55
3/22/2024 0:45,March,3.54,3.51
3/22/2024 0:50,March,3.54,3.51
3/22/2024 0:55,March,3.45,3.41
3/22/2024 1:00,March,3.58,3.55
3/22/2024 1:05,March,3.54,3.51
3/22/2024 1:10,March,3.44,3.4
3/22/2024 1:15,March,3.45,3.42
3/22/2024 1:20,March,3.44,3.41
3/22/2024 1:25,March,3.52,3.49
3/22/2024 1:30,March,3.45,3.41
3/22/2024 1:35,March,3.58,3.55
3/22/2024 1:40,March,3.44,3.41
3/22/2024 1:45,March,3.51,3.48
3/22/2024 1:50,March,3.52,3.48
3/22/2024 1:55,March,3.44,3.41
3/22/2024 2:00,March,3.51,3.48
3/22/2024 2:05,March,3.44,3.42
3/22/2024 2:10,March,3.51,3.48
3/22/2024 2:15,March,3.51,3.48
3/22/2024 2:20,March,3.44,3.42
3/22/2024 2:25,March,3.51,3.48
3/22/2024 2:30,March,3.44,3.41
3/22/2024 2:35,March,3.44,3.42
3/22/2024 2:40,March,3.43,3.4
3/22/2024 2:45,March,3.42,3.39
3/22/2024 2:50,March,3.23,3.2
3/22/2024 2:55,March,3.22,3.2
3/22/2024 3:00,March,3.24,3.22
3/22/2024 3:05,March,3.27,3.25
3/22/2024 3:10,March,3.22,3.2
3/22/2024 3:15,March,3.23,3.21
3/22/2024 3:20,March,3.22,3.19
3/22/2024 3:25,March,3.14,3.11
3/22/2024 3:30,March,3.23,3.2
3/22/2024 3:35,March,3.22,3.2
3/22/2024 3:40,March,2.88,2.85
3/22/2024 3:45,March,2.88,2.85
3/22/2024 3:50,March,3.21,3.19
3/22/2024 3:55,March,2.93,2.9
3/22/2024 4:00,March,2.84,2.81
3/22/2024 4:05,March,3.57,3.54
3/22/2024 4:10,March,3.43,3.4
3/22/2024 4:15,March,3.39,3.36
3/22/2024 4:20,March,3.42,3.39
3/22/2024 4:25,March,3.42,3.39
3/22/2024 4:30,March,3.43,3.4
3/22/2024 4:35,March,3.58,3.55
3/22/2024 4:40,March,3.58,3.55
3/22/2024 4:45,March,3.58,3.54
3/22/2024 4:50,March,3.7,3.67
3/22/2024 4:55,March,3.62,3.59
3/22/2024 5:00,March,3.62,3.59
3/22/2024 5:05,March,3.71,3.67
3/22/2024 5:10,March,3.71,3.67
3/22/2024 5:15,March,3.71,3.67
3/22/2024 5:20,March,3.63,3.59
3/22/2024 5:25,March,3.64,3.6
3/22/2024 5:30,March,3.74,3.7
3/22/2024 5:35,March,3.74,3.7
3/22/2024 5:40,March,3.71,3.67
3/22/2024 5:45,March,3.71,3.67
3/22/2024 5:50,March,3.71,3.67
3/22/2024 5:55,March,3.71,3.67
3/22/2024 6:00,March,3.71,3.67
3/22/2024 6:05,March,2.47,2.44
3/22/2024 6:10,March,3.22,3.19
3/22/2024 6:15,March,3.42,3.39
3/22/2024 6:20,March,3.12,3.09
3/22/2024 6:25,March,3.19,3.16
3/22/2024 6:30,March,2.85,2.82
3/22/2024 6:35,March,2.84,2.82
3/22/2024 6:40,March,2.54,2.52
3/22/2024 6:45,March,1.56,1.55
3/22/2024 6:50,March,2.46,2.44
3/22/2024 6:55,March,2.79,2.77
3/22/2024 7:00,March,2.82,2.8
3/22/2024 7:05,March,0,0
3/22/2024 7:10,March,2.77,2.75
3/22/2024 7:15,March,2.78,2.77
3/22/2024 7:20,March,2.78,2.76
3/22/2024 7:25,March,2.82,2.8
3/22/2024 7:30,March,2.97,2.95
3/22/2024 7:35,March,2.82,2.8
3/22/2024 7:40,March,3.19,3.17
3/22/2024 7:45,March,3.27,3.25
3/22/2024 7:50,March,3.54,3.52
3/22/2024 7:55,March,3.54,3.52
3/22/2024 8:00,March,3.54,3.52
3/22/2024 8:05,March,2.22,2.21
3/22/2024 8:10,March,3.4,3.39
3/22/2024 8:15,March,3.38,3.37
3/22/2024 8:20,March,3.39,3.38
3/22/2024 8:25,March,3.35,3.35
3/22/2024 8:30,March,3.4,3.39
3/22/2024 8:35,March,3.35,3.34
3/22/2024 8:40,March,3.35,3.34
3/22/2024 8:45,March,3.49,3.48
3/22/2024 8:50,March,3.49,3.48
3/22/2024 8:55,March,3.49,3.48
3/22/2024 9:00,March,3.38,3.38
3/22/2024 9:05,March,1.55,1.54
3/22/2024 9:10,March,2.99,2.97
3/22/2024 9:15,March,3.37,3.36
3/22/2024 9:20,March,3.37,3.36
3/22/2024 9:25,March,3.49,3.48
3/22/2024 9:30,March,3.4,3.39
3/22/2024 9:35,March,3.4,3.39
3/22/2024 9:40,March,3.6,3.59
3/22/2024 9:45,March,3.6,3.59
3/22/2024 9:50,March,3.5,3.49
3/22/2024 9:55,March,3.59,3.58
3/22/2024 10:00,March,3.5,3.49
3/22/2024 10:05,March,3.41,3.4
3/22/2024 10:10,March,3.49,3.48
3/22/2024 10:15,March,3.42,3.41
3/22/2024 10:20,March,3.49,3.48
3/22/2024 10:25,March,3.49,3.47
3/22/2024 10:30,March,3.49,3.48
3/22/2024 10:35,March,3.49,3.48
3/22/2024 10:40,March,3.67,3.66
3/22/2024 10:45,March,3.49,3.48
3/22/2024 10:50,March,3.48,3.47
3/22/2024 10:55,March,3.49,3.48
3/22/2024 11:00,March,3.49,3.48
3/22/2024 11:05,March,3.47,3.46
3/22/2024 11:10,March,4.45,4.44
3/22/2024 11:15,March,3.74,3.73
3/22/2024 11:20,March,3.61,3.6
3/22/2024 11:25,March,3.46,3.46
3/22/2024 11:30,March,3.5,3.49
3/22/2024 11:35,March,3.47,3.46
3/22/2024 11:40,March,3.75,3.74
3/22/2024 11:45,March,3.47,3.46
3/22/2024 11:50,March,3.47,3.46
3/22/2024 11:55,March,3.09,3.08
3/22/2024 12:00,March,3.09,3.09
3/22/2024 12:05,March,0,0
3/22/2024 12:10,March,2.25,2.24
3/22/2024 12:15,March,2.88,2.88
3/22/2024 12:20,March,3.13,3.12
3/22/2024 12:25,March,3.13,3.12
3/22/2024 12:30,March,3.39,3.38
3/22/2024 12:35,March,3.5,3.49
3/22/2024 12:40,March,3.47,3.46
3/22/2024 12:45,March,3.39,3.38
3/22/2024 12:50,March,3.47,3.46
3/22/2024 12:55,March,3.51,3.5
3/22/2024 13:00,March,4.03,4.01
3/22/2024 13:05,March,4.67,4.65
3/22/2024 13:10,March,4.66,4.64
3/22/2024 13:15,March,4.42,4.4
3/22/2024 13:20,March,4.62,4.61
3/22/2024 13:25,March,3.92,3.9
3/22/2024 13:30,March,3.43,3.42
3/22/2024 13:35,March,3.44,3.42
3/22/2024 13:40,March,3.38,3.36
3/22/2024 13:45,March,3.43,3.41
3/22/2024 13:50,March,3.17,3.15
3/22/2024 13:55,March,3.43,3.41
3/22/2024 14:00,March,3.56,3.55
3/22/2024 14:05,March,3.45,3.43
3/22/2024 14:10,March,3.53,3.52
3/22/2024 14:15,March,3.43,3.42
3/22/2024 14:20,March,3.44,3.43
3/22/2024 14:25,March,3.85,3.85
3/22/2024 14:30,March,3.74,3.73
3/22/2024 14:35,March,3.24,3.24
3/22/2024 14:40,March,3.33,3.33
3/22/2024 14:45,March,3.12,3.11
3/22/2024 14:50,March,3.33,3.32
3/22/2024 14:55,March,3.38,3.38
3/22/2024 15:00,March,3.45,3.44
3/22/2024 15:05,March,4.66,4.63
3/22/2024 15:10,March,4.34,4.32
3/22/2024 15:15,March,3.74,3.72
3/22/2024 15:20,March,3.94,3.92
3/22/2024 15:25,March,3.75,3.73
3/22/2024 15:30,March,3.75,3.73
3/22/2024 15:35,March,3.75,3.73
3/22/2024 15:40,March,3.95,3.93
3/22/2024 15:45,March,3.47,3.45
3/22/2024 15:50,March,4.45,4.42
3/22/2024 15:55,March,3.95,3.93
3/22/2024 16:00,March,3.76,3.73
3/22/2024 16:05,March,3.95,3.93
3/22/2024 16:10,March,3.73,3.7
3/22/2024 16:15,March,3.95,3.93
3/22/2024 16:20,March,4.46,4.43
3/22/2024 16:25,March,4.65,4.62
3/22/2024 16:30,March,3.95,3.93
3/22/2024 16:35,March,4.46,4.44
3/22/2024 16:40,March,3.96,3.93
3/22/2024 16:45,March,3.96,3.93
3/22/2024 16:50,March,3.58,3.56
3/22/2024 16:55,March,3.44,3.41
3/22/2024 17:00,March,3.04,3.02
3/22/2024 17:05,March,2.89,2.87
3/22/2024 17:10,March,2.3,2.28
3/22/2024 17:15,March,3.09,3.07
3/22/2024 17:20,March,3.24,3.22
3/22/2024 17:25,March,3.38,3.35
3/22/2024 17:30,March,3.56,3.54
3/22/2024 17:35,March,3.57,3.55
3/22/2024 17:40,March,3.25,3.22
3/22/2024 17:45,March,3.57,3.54
3/22/2024 17:50,March,3.58,3.56
3/22/2024 17:55,March,3.72,3.69
3/22/2024 18:00,March,3.96,3.93
3/22/2024 18:05,March,3.44,3.42
3/22/2024 18:10,March,3.89,3.86
3/22/2024 18:15,March,3.9,3.87
3/22/2024 18:20,March,4.61,4.58
3/22/2024 18:25,March,4.6,4.57
3/22/2024 18:30,March,4.6,4.57
3/22/2024 18:35,March,4.6,4.57
3/22/2024 18:40,March,4.46,4.43
3/22/2024 18:45,March,3.89,3.87
3/22/2024 18:50,March,3.6,3.57
3/22/2024 18:55,March,3.72,3.69
3/22/2024 19:00,March,3.96,3.93
3/22/2024 19:05,March,3.89,3.86
3/22/2024 19:10,March,3.9,3.87
3/22/2024 19:15,March,3.96,3.93
3/22/2024 19:20,March,3.96,3.93
3/22/2024 19:25,March,3.47,3.45
3/22/2024 19:30,March,3.6,3.57
3/22/2024 19:35,March,3.5,3.47
3/22/2024 19:40,March,3.88,3.85
3/22/2024 19:45,March,3.9,3.87
3/22/2024 19:50,March,3.48,3.45
3/22/2024 19:55,March,3.71,3.69
3/22/2024 20:00,March,3.89,3.86
3/22/2024 20:05,March,14.6,14.47
3/22/2024 20:10,March,4.82,4.78
3/22/2024 20:15,March,4.8,4.76
3/22/2024 20:20,March,4.8,4.76
3/22/2024 20:25,March,4.8,4.76
3/22/2024 20:30,March,4.8,4.76
3/22/2024 20:35,March,4.66,4.62
3/22/2024 20:40,March,4.66,4.62
3/22/2024 20:45,March,4.66,4.62
3/22/2024 20:50,March,4.66,4.62
3/22/2024 20:55,March,3.98,3.95
3/22/2024 21:00,March,4.65,4.61
3/22/2024 21:05,March,8.26,8.19
3/22/2024 21:10,March,4.66,4.62
3/22/2024 21:15,March,4.63,4.6
3/22/2024 21:20,March,4.65,4.62
3/22/2024 21:25,March,4.64,4.6
3/22/2024 21:30,March,4.63,4.59
3/22/2024 21:35,March,4.48,4.44
3/22/2024 21:40,March,4.61,4.57
3/22/2024 21:45,March,4.48,4.44
3/22/2024 21:50,March,4.46,4.43
3/22/2024 21:55,March,4.46,4.42
3/22/2024 22:00,March,4.45,4.42
3/22/2024 22:05,March,4.78,4.74
3/22/2024 22:10,March,4.6,4.57
3/22/2024 22:15,March,4.51,4.48
3/22/2024 22:20,March,4.51,4.47
3/22/2024 22:25,March,4.46,4.42
3/22/2024 22:30,March,3.98,3.94
3/22/2024 22:35,March,4.5,4.46
3/22/2024 22:40,March,4.45,4.42
3/22/2024 22:45,March,3.98,3.95
3/22/2024 22:50,March,4.39,4.36
3/22/2024 22:55,March,3.62,3.59
3/22/2024 23:00,March,3.8,3.76
3/22/2024 23:05,March,4.79,4.76
3/22/2024 23:10,March,4.6,4.57
3/22/2024 23:15,March,4.44,4.4
3/22/2024 23:20,March,4.33,4.3
3/22/2024 23:25,March,3.98,3.95
3/22/2024 23:30,March,4.32,4.28
3/22/2024 23:35,March,3.98,3.95
3/22/2024 23:40,March,3.98,3.95
3/22/2024 23:45,March,4.06,4.03
3/22/2024 23:50,March,4.07,4.04
3/22/2024 23:55,March,4.07,4.03
3/23/2024 0:00,March,3.97,3.93
3/23/2024 0:05,March,4.65,4.61
3/23/2024 0:10,March,4.59,4.56
3/23/2024 0:15,March,4.2,4.17
3/23/2024 0:20,March,4.48,4.44
3/23/2024 0:25,March,4.08,4.05
3/23/2024 0:30,March,4.2,4.16
3/23/2024 0:35,March,4.19,4.16
3/23/2024 0:40,March,4.47,4.44
3/23/2024 0:45,March,4.19,4.16
3/23/2024 0:50,March,4.47,4.44
3/23/2024 0:55,March,4.19,4.16
3/23/2024 1:00,March,4.19,4.15
3/23/2024 1:05,March,4.48,4.44
3/23/2024 1:10,March,4.19,4.16
3/23/2024 1:15,March,4.58,4.54
3/23/2024 1:20,March,4.59,4.56
3/23/2024 1:25,March,4.58,4.55
3/23/2024 1:30,March,4.58,4.55
3/23/2024 1:35,March,4.38,4.35
3/23/2024 1:40,March,4.31,4.29
3/23/2024 1:45,March,4.27,4.24
3/23/2024 1:50,March,4.2,4.17
3/23/2024 1:55,March,4.16,4.13
3/23/2024 2:00,March,4.17,4.14
3/23/2024 2:05,March,4.39,4.36
3/23/2024 2:10,March,4.2,4.17
3/23/2024 2:15,March,4.2,4.17
3/23/2024 2:20,March,4.2,4.17
3/23/2024 2:25,March,4.27,4.25
3/23/2024 2:30,March,4.28,4.25
3/23/2024 2:35,March,4.28,4.25
3/23/2024 2:40,March,4.28,4.25
3/23/2024 2:45,March,4.28,4.26
3/23/2024 2:50,March,4.31,4.29
3/23/2024 2:55,March,4.32,4.29
3/23/2024 3:00,March,4.29,4.27
3/23/2024 3:05,March,4.28,4.26
3/23/2024 3:10,March,3.91,3.89
3/23/2024 3:15,March,4.2,4.17
3/23/2024 3:20,March,4.17,4.15
3/23/2024 3:25,March,4.19,4.17
3/23/2024 3:30,March,4.19,4.16
3/23/2024 3:35,March,4.27,4.25
3/23/2024 3:40,March,4.08,4.06
3/23/2024 3:45,March,4.08,4.05
3/23/2024 3:50,March,4.07,4.05
3/23/2024 3:55,March,4.17,4.15
3/23/2024 4:00,March,3.76,3.74
3/23/2024 4:05,March,4.07,4.04
3/23/2024 4:10,March,4.07,4.04
3/23/2024 4:15,March,3.96,3.93
3/23/2024 4:20,March,4.06,4.04
3/23/2024 4:25,March,4.5,4.47
3/23/2024 4:30,March,4.06,4.04
3/23/2024 4:35,March,4.16,4.14
3/23/2024 4:40,March,4.16,4.14
3/23/2024 4:45,March,3.81,3.79
3/23/2024 4:50,March,4.07,4.04
3/23/2024 4:55,March,4.07,4.04
3/23/2024 5:00,March,4.07,4.04
3/23/2024 5:05,March,2.35,2.33
3/23/2024 5:10,March,3.82,3.79
3/23/2024 5:15,March,3.91,3.88
3/23/2024 5:20,March,3.93,3.9
3/23/2024 5:25,March,3.61,3.58
3/23/2024 5:30,March,3.73,3.7
3/23/2024 5:35,March,3.91,3.88
3/23/2024 5:40,March,4.06,4.04
3/23/2024 5:45,March,3.92,3.9
3/23/2024 5:50,March,4.06,4.03
3/23/2024 5:55,March,3.95,3.92
3/23/2024 6:00,March,3.95,3.92
3/23/2024 6:05,March,2.09,2.07
3/23/2024 6:10,March,3.31,3.29
3/23/2024 6:15,March,3.61,3.58
3/23/2024 6:20,March,3.81,3.79
3/23/2024 6:25,March,3.82,3.79
3/23/2024 6:30,March,2.91,2.89
3/23/2024 6:35,March,3.81,3.79
3/23/2024 6:40,March,3.73,3.7
3/23/2024 6:45,March,3.81,3.79
3/23/2024 6:50,March,3.81,3.79
3/23/2024 6:55,March,3.81,3.79
3/23/2024 7:00,March,3.83,3.81
3/23/2024 7:05,March,0,0
3/23/2024 7:10,March,2.75,2.74
3/23/2024 7:15,March,2.9,2.89
3/23/2024 7:20,March,2.89,2.88
3/23/2024 7:25,March,3.01,2.99
3/23/2024 7:30,March,2.99,2.98
3/23/2024 7:35,March,3.23,3.22
3/23/2024 7:40,March,3.41,3.4
3/23/2024 7:45,March,3.43,3.42
3/23/2024 7:50,March,3.43,3.42
3/23/2024 7:55,March,3.58,3.57
3/23/2024 8:00,March,3.63,3.62
3/23/2024 8:05,March,1.12,1.12
3/23/2024 8:10,March,3.4,3.4
3/23/2024 8:15,March,3.41,3.41
3/23/2024 8:20,March,3.52,3.52
3/23/2024 8:25,March,3.41,3.41
3/23/2024 8:30,March,3.41,3.41
3/23/2024 8:35,March,3.5,3.5
3/23/2024 8:40,March,3.41,3.41
3/23/2024 8:45,March,3.4,3.4
3/23/2024 8:50,March,3.41,3.4
3/23/2024 8:55,March,3.61,3.6
3/23/2024 9:00,March,3.66,3.65
3/23/2024 9:05,March,2.31,2.3
3/23/2024 9:10,March,3.7,3.68
3/23/2024 9:15,March,3.67,3.65
3/23/2024 9:20,March,3.67,3.66
3/23/2024 9:25,March,3.72,3.71
3/23/2024 9:30,March,3.44,3.43
3/23/2024 9:35,March,3.66,3.65
3/23/2024 9:40,March,3.71,3.7
3/23/2024 9:45,March,4.72,4.71
3/23/2024 9:50,March,4.54,4.53
3/23/2024 9:55,March,3.82,3.81
3/23/2024 10:00,March,4.53,4.53
3/23/2024 10:05,March,3,2.99
3/23/2024 10:10,March,3.53,3.52
3/23/2024 10:15,March,3.71,3.7
3/23/2024 10:20,March,4.53,4.52
3/23/2024 10:25,March,4.53,4.52
3/23/2024 10:30,March,4.53,4.52
3/23/2024 10:35,March,3.87,3.87
3/23/2024 10:40,March,3.86,3.86
3/23/2024 10:45,March,3.87,3.86
3/23/2024 10:50,March,3.71,3.7
3/23/2024 10:55,March,3.86,3.85
3/23/2024 11:00,March,3.81,3.8
3/23/2024 11:05,March,3.43,3.42
3/23/2024 11:10,March,3.71,3.71
3/23/2024 11:15,March,3.66,3.65
3/23/2024 11:20,March,3.66,3.66
3/23/2024 11:25,March,3.67,3.66
3/23/2024 11:30,March,3.71,3.7
3/23/2024 11:35,March,3.71,3.69
3/23/2024 11:40,March,3.71,3.7
3/23/2024 11:45,March,3.49,3.48
3/23/2024 11:50,March,3.53,3.51
3/23/2024 11:55,March,3.53,3.52
3/23/2024 12:00,March,3.53,3.51
3/23/2024 12:05,March,3.41,3.4
3/23/2024 12:10,March,3.41,3.4
3/23/2024 12:15,March,3.41,3.4
3/23/2024 12:20,March,3.44,3.43
3/23/2024 12:25,March,3.42,3.41
3/23/2024 12:30,March,3.43,3.42
3/23/2024 12:35,March,3.43,3.42
3/23/2024 12:40,March,3.42,3.42
3/23/2024 12:45,March,3.43,3.42
3/23/2024 12:50,March,3.44,3.42
3/23/2024 12:55,March,3.52,3.5
3/23/2024 13:00,March,3.52,3.51
3/23/2024 13:05,March,4.53,4.52
3/23/2024 13:10,March,4.52,4.51
3/23/2024 13:15,March,4.54,4.52
3/23/2024 13:20,March,3.62,3.61
3/23/2024 13:25,March,3.53,3.52
3/23/2024 13:30,March,3.67,3.66
3/23/2024 13:35,March,3.7,3.7
3/23/2024 13:40,March,3.88,3.87
3/23/2024 13:45,March,3.7,3.69
3/23/2024 13:50,March,3.52,3.51
3/23/2024 13:55,March,3.7,3.69
3/23/2024 14:00,March,3.89,3.87
3/23/2024 14:05,March,3.89,3.87
3/23/2024 14:10,March,3.78,3.77
3/23/2024 14:15,March,3.79,3.78
3/23/2024 14:20,March,3.72,3.71
3/23/2024 14:25,March,3.9,3.88
3/23/2024 14:30,March,3.82,3.79
3/23/2024 14:35,March,3.73,3.71
3/23/2024 14:40,March,3.73,3.71
3/23/2024 14:45,March,3.9,3.88
3/23/2024 14:50,March,3.9,3.88
3/23/2024 14:55,March,3.9,3.88
3/23/2024 15:00,March,3.58,3.56
3/23/2024 15:05,March,4.58,4.55
3/23/2024 15:10,March,4.34,4.31
3/23/2024 15:15,March,3.95,3.92
3/23/2024 15:20,March,3.93,3.9
3/23/2024 15:25,March,3.95,3.92
3/23/2024 15:30,March,3.93,3.9
3/23/2024 15:35,March,3.92,3.89
3/23/2024 15:40,March,3.93,3.9
3/23/2024 15:45,March,4.6,4.57
3/23/2024 15:50,March,4.58,4.55
3/23/2024 15:55,March,4.59,4.57
3/23/2024 16:00,March,3.99,3.96
3/23/2024 16:05,March,3.96,3.93
3/23/2024 16:10,March,3.77,3.75
3/23/2024 16:15,March,3.68,3.66
3/23/2024 16:20,March,3.88,3.86
3/23/2024 16:25,March,3.77,3.75
3/23/2024 16:30,March,3.76,3.74
3/23/2024 16:35,March,3.76,3.74
3/23/2024 16:40,March,3.73,3.71
3/23/2024 16:45,March,3.78,3.76
3/23/2024 16:50,March,4.49,4.47
3/23/2024 16:55,March,3.78,3.76
3/23/2024 17:00,March,3.96,3.94
3/23/2024 17:05,March,4.56,4.54
3/23/2024 17:10,March,3.95,3.92
3/23/2024 17:15,March,3.9,3.87
3/23/2024 17:20,March,4.56,4.54
3/23/2024 17:25,March,4.56,4.54
3/23/2024 17:30,March,4.57,4.54
3/23/2024 17:35,March,4.57,4.55
3/23/2024 17:40,March,4.76,4.73
3/23/2024 17:45,March,4.93,4.9
3/23/2024 17:50,March,4.78,4.74
3/23/2024 17:55,March,4.79,4.75
3/23/2024 18:00,March,4.8,4.76
3/23/2024 18:05,March,4.79,4.75
3/23/2024 18:10,March,6.58,6.53
3/23/2024 18:15,March,8.15,8.09
3/23/2024 18:20,March,13.02,12.92
3/23/2024 18:25,March,13.02,12.91
3/23/2024 18:30,March,13.08,12.98
3/23/2024 18:35,March,13.08,12.98
3/23/2024 18:40,March,13.07,12.97
3/23/2024 18:45,March,10.98,10.9
3/23/2024 18:50,March,11.91,11.82
3/23/2024 18:55,March,10.66,10.57
3/23/2024 19:00,March,7.95,7.88
3/23/2024 19:05,March,4.66,4.62
3/23/2024 19:10,March,11.26,11.17
3/23/2024 19:15,March,10.74,10.66
3/23/2024 19:20,March,7.95,7.89
3/23/2024 19:25,March,7.94,7.88
3/23/2024 19:30,March,6.6,6.55
3/23/2024 19:35,March,4.94,4.91
3/23/2024 19:40,March,4.94,4.9
3/23/2024 19:45,March,4.81,4.78
3/23/2024 19:50,March,4.94,4.9
3/23/2024 19:55,March,4.94,4.9
3/23/2024 20:00,March,4.82,4.78
3/23/2024 20:05,March,13.09,12.98
3/23/2024 20:10,March,15.05,14.92
3/23/2024 20:15,March,12.34,12.22
3/23/2024 20:20,March,9.03,8.94
3/23/2024 20:25,March,12.34,12.2
3/23/2024 20:30,March,9.02,8.92
3/23/2024 20:35,March,10.93,10.8
3/23/2024 20:40,March,9.03,8.93
3/23/2024 20:45,March,9.04,8.93
3/23/2024 20:50,March,13.03,12.87
3/23/2024 20:55,March,12.34,12.19
3/23/2024 21:00,March,9.05,8.94
3/23/2024 21:05,March,8.85,8.74
3/23/2024 21:10,March,11.3,11.16
3/23/2024 21:15,March,9.08,8.96
3/23/2024 21:20,March,9.05,8.94
3/23/2024 21:25,March,8.81,8.71
3/23/2024 21:30,March,8.8,8.7
3/23/2024 21:35,March,8.79,8.7
3/23/2024 21:40,March,8.78,8.69
3/23/2024 21:45,March,8.24,8.16
3/23/2024 21:50,March,6.68,6.61
3/23/2024 21:55,March,4.87,4.83
3/23/2024 22:00,March,4.87,4.83
3/23/2024 22:05,March,4.64,4.6
3/23/2024 22:10,March,4.85,4.81
3/23/2024 22:15,March,4.68,4.63
3/23/2024 22:20,March,4.84,4.8
3/23/2024 22:25,March,4.84,4.8
3/23/2024 22:30,March,11.53,11.43
3/23/2024 22:35,March,4.87,4.83
3/23/2024 22:40,March,4.68,4.64
3/23/2024 22:45,March,4.67,4.63
3/23/2024 22:50,March,4.84,4.79
3/23/2024 22:55,March,4.84,4.8
3/23/2024 23:00,March,4.83,4.79
3/23/2024 23:05,March,17.4,17.26
3/23/2024 23:10,March,10.45,10.36
3/23/2024 23:15,March,4.83,4.79
3/23/2024 23:20,March,4.83,4.79
3/23/2024 23:25,March,4.83,4.79
3/23/2024 23:30,March,6.64,6.59
3/23/2024 23:35,March,4.83,4.79
3/23/2024 23:40,March,4.63,4.59
3/23/2024 23:45,March,4.81,4.77
3/23/2024 23:50,March,4.62,4.59
3/23/2024 23:55,March,4.64,4.6
3/24/2024 0:00,March,3.79,3.76
3/24/2024 0:05,March,4.78,4.75
3/24/2024 0:10,March,4.79,4.75
3/24/2024 0:15,March,4.79,4.75
3/24/2024 0:20,March,4.62,4.58
3/24/2024 0:25,March,4.08,4.05
3/24/2024 0:30,March,4.07,4.04
3/24/2024 0:35,March,4.59,4.56
3/24/2024 0:40,March,4.59,4.56
3/24/2024 0:45,March,4.07,4.04
3/24/2024 0:50,March,4.07,4.04
3/24/2024 0:55,March,4.58,4.55
3/24/2024 1:00,March,4.58,4.55
3/24/2024 1:05,March,17.55,17.43
3/24/2024 1:10,March,4.77,4.73
3/24/2024 1:15,March,4.59,4.56
3/24/2024 1:20,March,4.59,4.56
3/24/2024 1:25,March,4.58,4.55
3/24/2024 1:30,March,4.58,4.55
3/24/2024 1:35,March,4.46,4.43
3/24/2024 1:40,March,4.58,4.55
3/24/2024 1:45,March,4.59,4.56
3/24/2024 1:50,March,4.58,4.55
3/24/2024 1:55,March,4.57,4.54
3/24/2024 2:00,March,3.89,3.86
3/24/2024 2:05,March,3.89,3.86
3/24/2024 2:10,March,4.57,4.54
3/24/2024 2:15,March,4.6,4.57
3/24/2024 2:20,March,4.58,4.55
3/24/2024 2:25,March,4.58,4.56
3/24/2024 2:30,March,3.89,3.86
3/24/2024 2:35,March,4.58,4.55
3/24/2024 2:40,March,4.58,4.55
3/24/2024 2:45,March,4.58,4.55
3/24/2024 2:50,March,3.87,3.85
3/24/2024 2:55,March,3.37,3.34
3/24/2024 3:00,March,3.78,3.76
3/24/2024 3:05,March,3.23,3.21
3/24/2024 3:10,March,3.23,3.21
3/24/2024 3:15,March,3.24,3.22
3/24/2024 3:20,March,3.32,3.3
3/24/2024 3:25,March,3.25,3.22
3/24/2024 3:30,March,3.27,3.25
3/24/2024 3:35,March,3.24,3.21
3/24/2024 3:40,March,3.23,3.21
3/24/2024 3:45,March,3.42,3.4
3/24/2024 3:50,March,3.44,3.42
3/24/2024 3:55,March,3.45,3.42
3/24/2024 4:00,March,3.75,3.73
3/24/2024 4:05,March,4.57,4.54
3/24/2024 4:10,March,4.51,4.48
3/24/2024 4:15,March,3.75,3.72
3/24/2024 4:20,March,4.56,4.53
3/24/2024 4:25,March,3.75,3.73
3/24/2024 4:30,March,3.75,3.73
3/24/2024 4:35,March,4.5,4.47
3/24/2024 4:40,March,3.75,3.72
3/24/2024 4:45,March,3.27,3.25
3/24/2024 4:50,March,3.72,3.7
3/24/2024 4:55,March,3.74,3.72
3/24/2024 5:00,March,3.44,3.42
3/24/2024 5:05,March,3.73,3.7
3/24/2024 5:10,March,3.74,3.71
3/24/2024 5:15,March,3.74,3.71
3/24/2024 5:20,March,3.34,3.32
3/24/2024 5:25,March,3.73,3.71
3/24/2024 5:30,March,4.73,4.7
3/24/2024 5:35,March,4.51,4.48
3/24/2024 5:40,March,4.51,4.48
3/24/2024 5:45,March,3.2,3.18
3/24/2024 5:50,March,3.74,3.71
3/24/2024 5:55,March,3.74,3.71
3/24/2024 6:00,March,3.44,3.42
3/24/2024 6:05,March,4.02,3.99
3/24/2024 6:10,March,3.72,3.7
3/24/2024 6:15,March,3.66,3.63
3/24/2024 6:20,March,3.42,3.39
3/24/2024 6:25,March,3.71,3.69
3/24/2024 6:30,March,3.71,3.69
3/24/2024 6:35,March,3.65,3.63
3/24/2024 6:40,March,3.51,3.49
3/24/2024 6:45,March,3.51,3.49
3/24/2024 6:50,March,3.51,3.49
3/24/2024 6:55,March,3.16,3.14
3/24/2024 7:00,March,3.17,3.15
3/24/2024 7:05,March,3.17,3.15
3/24/2024 7:10,March,3.42,3.4
3/24/2024 7:15,March,3.42,3.41
3/24/2024 7:20,March,3.42,3.4
3/24/2024 7:25,March,3.42,3.4
3/24/2024 7:30,March,3.14,3.13
3/24/2024 7:35,March,3.23,3.22
3/24/2024 7:40,March,3.23,3.22
3/24/2024 7:45,March,3.23,3.22
3/24/2024 7:50,March,3.77,3.76
3/24/2024 7:55,March,3.47,3.46
3/24/2024 8:00,March,3.47,3.46
3/24/2024 8:05,March,1.55,1.55
3/24/2024 8:10,March,2.46,2.45
3/24/2024 8:15,March,3.41,3.4
3/24/2024 8:20,March,3.1,3.09
3/24/2024 8:25,March,3.1,3.09
3/24/2024 8:30,March,2.92,2.92
3/24/2024 8:35,March,2.45,2.45
3/24/2024 8:40,March,2.76,2.76
3/24/2024 8:45,March,3.09,3.09
3/24/2024 8:50,March,3.09,3.09
3/24/2024 8:55,March,2.91,2.92
3/24/2024 9:00,March,3.09,3.09
3/24/2024 9:05,March,2.33,2.33
3/24/2024 9:10,March,2.45,2.45
3/24/2024 9:15,March,2.53,2.53
3/24/2024 9:20,March,2.76,2.76
3/24/2024 9:25,March,3.4,3.4
3/24/2024 9:30,March,3.06,3.07
3/24/2024 9:35,March,3.4,3.4
3/24/2024 9:40,March,3.67,3.68
3/24/2024 9:45,March,3.6,3.6
3/24/2024 9:50,March,3.59,3.6
3/24/2024 9:55,March,4.4,4.4
3/24/2024 10:00,March,3.88,3.89
3/24/2024 10:05,March,3.37,3.37
3/24/2024 10:10,March,3.75,3.76
3/24/2024 10:15,March,3.69,3.7
3/24/2024 10:20,March,3.77,3.78
3/24/2024 10:25,March,3.77,3.78
3/24/2024 10:30,March,3.78,3.79
3/24/2024 10:35,March,3.6,3.61
3/24/2024 10:40,March,3.72,3.74
3/24/2024 10:45,March,3.66,3.67
3/24/2024 10:50,March,3.6,3.61
3/24/2024 10:55,March,3.66,3.67
3/24/2024 11:00,March,3.41,3.42
3/24/2024 11:05,March,3.41,3.42
3/24/2024 11:10,March,4.38,4.39
3/24/2024 11:15,March,4.38,4.4
3/24/2024 11:20,March,3.6,3.61
3/24/2024 11:25,March,3.59,3.61
3/24/2024 11:30,March,3.59,3.61
3/24/2024 11:35,March,3.52,3.53
3/24/2024 11:40,March,3.51,3.53
3/24/2024 11:45,March,3.41,3.42
3/24/2024 11:50,March,3.52,3.53
3/24/2024 11:55,March,3.52,3.53
3/24/2024 12:00,March,3.54,3.56
3/24/2024 12:05,March,3.58,3.6
3/24/2024 12:10,March,3.65,3.67
3/24/2024 12:15,March,3.65,3.67
3/24/2024 12:20,March,3.52,3.53
3/24/2024 12:25,March,3.51,3.52
3/24/2024 12:30,March,3.54,3.56
3/24/2024 12:35,March,3.58,3.59
3/24/2024 12:40,March,3.5,3.52
3/24/2024 12:45,March,4.36,4.38
3/24/2024 12:50,March,4.36,4.38
3/24/2024 12:55,March,3.82,3.83
3/24/2024 13:00,March,3.84,3.86
3/24/2024 13:05,March,3.4,3.42
3/24/2024 13:10,March,4.37,4.39
3/24/2024 13:15,March,3.89,3.9
3/24/2024 13:20,March,3.89,3.9
3/24/2024 13:25,March,4.4,4.42
3/24/2024 13:30,March,4.41,4.42
3/24/2024 13:35,March,4.41,4.43
3/24/2024 13:40,March,4.39,4.4
3/24/2024 13:45,March,4.42,4.43
3/24/2024 13:50,March,4.4,4.41
3/24/2024 13:55,March,4.56,4.57
3/24/2024 14:00,March,4.41,4.41
3/24/2024 14:05,March,4.44,4.45
3/24/2024 14:10,March,4.42,4.43
3/24/2024 14:15,March,4.42,4.42
3/24/2024 14:20,March,3.98,3.98
3/24/2024 14:25,March,4.42,4.42
3/24/2024 14:30,March,4.46,4.46
3/24/2024 14:35,March,4.43,4.44
3/24/2024 14:40,March,4.46,4.47
3/24/2024 14:45,March,4.44,4.44
3/24/2024 14:50,March,4.44,4.44
3/24/2024 14:55,March,4.44,4.45
3/24/2024 15:00,March,4.6,4.6
3/24/2024 15:05,March,11.67,11.67
3/24/2024 15:10,March,4.63,4.63
3/24/2024 15:15,March,4.63,4.63
3/24/2024 15:20,March,4.64,4.63
3/24/2024 15:25,March,4.64,4.64
3/24/2024 15:30,March,4.64,4.64
3/24/2024 15:35,March,4.65,4.64
3/24/2024 15:40,March,6.45,6.44
3/24/2024 15:45,March,4.88,4.87
3/24/2024 15:50,March,4.69,4.68
3/24/2024 15:55,March,4.51,4.5
3/24/2024 16:00,March,4.66,4.65
3/24/2024 16:05,March,15.2,15.18
3/24/2024 16:10,March,11.74,11.73
3/24/2024 16:15,March,11.74,11.72
3/24/2024 16:20,March,8.72,8.7
3/24/2024 16:25,March,7.83,7.81
3/24/2024 16:30,March,6.5,6.48
3/24/2024 16:35,March,8.73,8.7
3/24/2024 16:40,March,7.84,7.81
3/24/2024 16:45,March,4.76,4.74
3/24/2024 16:50,March,4.89,4.87
3/24/2024 16:55,March,6.54,6.52
3/24/2024 17:00,March,7.86,7.84
3/24/2024 17:05,March,3.09,3.08
3/24/2024 17:10,March,4.57,4.55
3/24/2024 17:15,March,4.75,4.73
3/24/2024 17:20,March,4.76,4.74
3/24/2024 17:25,March,6.56,6.53
3/24/2024 17:30,March,4.76,4.74
3/24/2024 17:35,March,4.75,4.73
3/24/2024 17:40,March,7.76,7.73
3/24/2024 17:45,March,7.89,7.85
3/24/2024 17:50,March,4.91,4.88
3/24/2024 17:55,March,7.77,7.74
3/24/2024 18:00,March,8.79,8.76
3/24/2024 18:05,March,11.74,11.68
3/24/2024 18:10,March,10.68,10.62
3/24/2024 18:15,March,11.4,11.33
3/24/2024 18:20,March,15.29,15.21
3/24/2024 18:25,March,29.52,29.34
3/24/2024 18:30,March,30.83,30.62
3/24/2024 18:35,March,31.14,30.92
3/24/2024 18:40,March,30.71,30.49
3/24/2024 18:45,March,30.73,30.51
3/24/2024 18:50,March,30.74,30.52
3/24/2024 18:55,March,30.72,30.51
3/24/2024 19:00,March,17.22,17.09
3/24/2024 19:05,March,15.32,15.21
3/24/2024 19:10,March,13.38,13.28
3/24/2024 19:15,March,18.24,18.11
3/24/2024 19:20,March,18.24,18.11
3/24/2024 19:25,March,18.19,18.06
3/24/2024 19:30,March,18.13,18
3/24/2024 19:35,March,6.62,6.58
3/24/2024 19:40,March,8.77,8.71
3/24/2024 19:45,March,7.94,7.88
3/24/2024 19:50,March,8.98,8.91
3/24/2024 19:55,March,8.78,8.71
3/24/2024 20:00,March,8.77,8.71
3/24/2024 20:05,March,10.46,10.37
3/24/2024 20:10,March,8.78,8.71
3/24/2024 20:15,March,8.77,8.71
3/24/2024 20:20,March,7.92,7.87
3/24/2024 20:25,March,8.77,8.71
3/24/2024 20:30,March,8.75,8.7
3/24/2024 20:35,March,8.73,8.69
3/24/2024 20:40,March,7.96,7.92
3/24/2024 20:45,March,7.94,7.9
3/24/2024 20:50,March,6.69,6.66
3/24/2024 20:55,March,6.69,6.65
3/24/2024 21:00,March,4.85,4.83
3/24/2024 21:05,March,4.82,4.8
3/24/2024 21:10,March,4.65,4.63
3/24/2024 21:15,March,4.81,4.79
3/24/2024 21:20,March,6.67,6.64
3/24/2024 21:25,March,6.67,6.64
3/24/2024 21:30,March,4.84,4.82
3/24/2024 21:35,March,4.84,4.82
3/24/2024 21:40,March,6.69,6.65
3/24/2024 21:45,March,6.68,6.65
3/24/2024 21:50,March,6.69,6.65
3/24/2024 21:55,March,4.85,4.83
3/24/2024 22:00,March,4.85,4.82
3/24/2024 22:05,March,15.17,15.09
3/24/2024 22:10,March,9.87,9.81
3/24/2024 22:15,March,6.67,6.64
3/24/2024 22:20,March,4.82,4.79
3/24/2024 22:25,March,4.85,4.82
3/24/2024 22:30,March,4.84,4.82
3/24/2024 22:35,March,4.84,4.82
3/24/2024 22:40,March,4.65,4.63
3/24/2024 22:45,March,4.81,4.79
3/24/2024 22:50,March,4.8,4.78
3/24/2024 22:55,March,4.8,4.78
3/24/2024 23:00,March,4.81,4.79
3/24/2024 23:05,March,11.98,11.93
3/24/2024 23:10,March,6.65,6.62
3/24/2024 23:15,March,4.8,4.78
3/24/2024 23:20,March,4.8,4.78
3/24/2024 23:25,March,4.79,4.77
3/24/2024 23:30,March,4.81,4.79
3/24/2024 23:35,March,4.79,4.77
3/24/2024 23:40,March,4.62,4.6
3/24/2024 23:45,March,4.78,4.76
3/24/2024 23:50,March,4.78,4.77
3/24/2024 23:55,March,4.79,4.77
3/25/2024 0:00,March,4.62,4.6
3/25/2024 0:05,March,4.77,4.76
3/25/2024 0:10,March,4.78,4.76
3/25/2024 0:15,March,4.61,4.59
3/25/2024 0:20,March,4.6,4.58
3/25/2024 0:25,March,4.76,4.75
3/25/2024 0:30,March,4.6,4.58
3/25/2024 0:35,March,4.6,4.58
3/25/2024 0:40,March,4.75,4.73
3/25/2024 0:45,March,4.59,4.58
3/25/2024 0:50,March,4.59,4.58
3/25/2024 0:55,March,4.6,4.59
3/25/2024 1:00,March,4.58,4.57
3/25/2024 1:05,March,4.59,4.58
3/25/2024 1:10,March,4.58,4.57
3/25/2024 1:15,March,4.72,4.71
3/25/2024 1:20,March,4.59,4.57
3/25/2024 1:25,March,4.58,4.56
3/25/2024 1:30,March,4.32,4.31
3/25/2024 1:35,March,4.57,4.56
3/25/2024 1:40,March,4.57,4.56
3/25/2024 1:45,March,4.57,4.56
3/25/2024 1:50,March,4.57,4.56
3/25/2024 1:55,March,4.32,4.31
3/25/2024 2:00,March,4.32,4.31
3/25/2024 2:05,March,4.57,4.56
3/25/2024 2:10,March,4.32,4.31
3/25/2024 2:15,March,4.56,4.55
3/25/2024 2:20,March,4.32,4.31
3/25/2024 2:25,March,4.56,4.54
3/25/2024 2:30,March,4.31,4.3
3/25/2024 2:35,March,4.31,4.29
3/25/2024 2:40,March,4.31,4.29
3/25/2024 2:45,March,4.3,4.29
3/25/2024 2:50,March,4.3,4.29
3/25/2024 2:55,March,4.55,4.54
3/25/2024 3:00,March,4.56,4.54
3/25/2024 3:05,March,4.7,4.68
3/25/2024 3:10,March,3.42,3.4
3/25/2024 3:15,March,4.3,4.28
3/25/2024 3:20,March,4.7,4.68
3/25/2024 3:25,March,4.72,4.71
3/25/2024 3:30,March,2.86,2.85
3/25/2024 3:35,March,3.29,3.28
3/25/2024 3:40,March,2.86,2.85
3/25/2024 3:45,March,3.2,3.18
3/25/2024 3:50,March,3.2,3.19
3/25/2024 3:55,March,3.27,3.26
3/25/2024 4:00,March,3.21,3.2
3/25/2024 4:05,March,3.55,3.54
3/25/2024 4:10,March,4.72,4.7
3/25/2024 4:15,March,4.55,4.53
3/25/2024 4:20,March,4.72,4.7
3/25/2024 4:25,March,4.72,4.7
3/25/2024 4:30,March,4.55,4.53
3/25/2024 4:35,March,4.55,4.54
3/25/2024 4:40,March,4.55,4.54
3/25/2024 4:45,March,4.55,4.53
3/25/2024 4:50,March,4.55,4.54
3/25/2024 4:55,March,4.71,4.7
3/25/2024 5:00,March,4.55,4.53
3/25/2024 5:05,March,0,0
3/25/2024 5:10,March,4.56,4.54
3/25/2024 5:15,March,4.56,4.54
3/25/2024 5:20,March,4.73,4.71
3/25/2024 5:25,March,4.73,4.72
3/25/2024 5:30,March,4.76,4.74
3/25/2024 5:35,March,4.74,4.72
3/25/2024 5:40,March,4.74,4.72
3/25/2024 5:45,March,4.58,4.56
3/25/2024 5:50,March,4.55,4.53
3/25/2024 5:55,March,4.57,4.56
3/25/2024 6:00,March,4.58,4.56
3/25/2024 6:05,March,3.44,3.42
3/25/2024 6:10,March,3.72,3.7
3/25/2024 6:15,March,3.87,3.85
3/25/2024 6:20,March,4.19,4.17
3/25/2024 6:25,March,4.58,4.56
3/25/2024 6:30,March,4.29,4.27
3/25/2024 6:35,March,4.29,4.27
3/25/2024 6:40,March,2.47,2.47
3/25/2024 6:45,March,2.86,2.85
3/25/2024 6:50,March,2.86,2.85
3/25/2024 6:55,March,3.2,3.19
3/25/2024 7:00,March,3.2,3.19
3/25/2024 7:05,March,0,0
3/25/2024 7:10,March,2.47,2.46
3/25/2024 7:15,March,2.85,2.85
3/25/2024 7:20,March,4.06,4.05
3/25/2024 7:25,March,3.86,3.85
3/25/2024 7:30,March,2.85,2.85
3/25/2024 7:35,March,4.53,4.52
3/25/2024 7:40,March,3.53,3.53
3/25/2024 7:45,March,3.53,3.53
3/25/2024 7:50,March,4.51,4.51
3/25/2024 7:55,March,4.67,4.67
3/25/2024 8:00,March,4.67,4.68
3/25/2024 8:05,March,2.25,2.25
3/25/2024 8:10,March,4.48,4.49
3/25/2024 8:15,March,4.48,4.49
3/25/2024 8:20,March,4.64,4.65
3/25/2024 8:25,March,4.63,4.65
3/25/2024 8:30,March,4.51,4.53
3/25/2024 8:35,March,4.5,4.52
3/25/2024 8:40,March,3.43,3.44
3/25/2024 8:45,March,3.49,3.51
3/25/2024 8:50,March,3.49,3.51
3/25/2024 8:55,March,4.44,4.46
3/25/2024 9:00,March,4.43,4.46
3/25/2024 9:05,March,2.66,2.66
3/25/2024 9:10,March,3.42,3.43
3/25/2024 9:15,March,3.42,3.43
3/25/2024 9:20,March,3.48,3.49
3/25/2024 9:25,March,3.56,3.57
3/25/2024 9:30,March,3.66,3.67
3/25/2024 9:35,March,3.66,3.67
3/25/2024 9:40,March,3.67,3.68
3/25/2024 9:45,March,3.66,3.67
3/25/2024 9:50,March,4.45,4.46
3/25/2024 9:55,March,4.45,4.47
3/25/2024 10:00,March,3.95,3.97
3/25/2024 10:05,March,2.8,2.81
3/25/2024 10:10,March,3.53,3.54
3/25/2024 10:15,March,4.35,4.37
3/25/2024 10:20,March,4.61,4.63
3/25/2024 10:25,March,4.6,4.62
3/25/2024 10:30,March,4.6,4.62
3/25/2024 10:35,March,4.46,4.48
3/25/2024 10:40,March,4.44,4.46
3/25/2024 10:45,March,4.43,4.45
3/25/2024 10:50,March,4.33,4.35
3/25/2024 10:55,March,4.43,4.45
3/25/2024 11:00,March,3.87,3.89
3/25/2024 11:05,March,3.46,3.48
3/25/2024 11:10,March,3.88,3.9
3/25/2024 11:15,March,3.88,3.9
3/25/2024 11:20,March,3.46,3.48
3/25/2024 11:25,March,3.58,3.59
3/25/2024 11:30,March,3.55,3.56
3/25/2024 11:35,March,3.75,3.77
3/25/2024 11:40,March,3.46,3.48
3/25/2024 11:45,March,3.46,3.48
3/25/2024 11:50,March,3.45,3.47
3/25/2024 11:55,March,2.58,2.6
3/25/2024 12:00,March,2.57,2.58
3/25/2024 12:05,March,2.78,2.8
3/25/2024 12:10,March,3.4,3.42
3/25/2024 12:15,March,3.41,3.43
3/25/2024 12:20,March,3.41,3.42
3/25/2024 12:25,March,3.44,3.46
3/25/2024 12:30,March,3.46,3.47
3/25/2024 12:35,March,3.55,3.56
3/25/2024 12:40,March,3.72,3.74
3/25/2024 12:45,March,4.49,4.51
3/25/2024 12:50,March,4.6,4.63
3/25/2024 12:55,March,7.65,7.69
3/25/2024 13:00,March,6.38,6.41
3/25/2024 13:05,March,7.66,7.69
3/25/2024 13:10,March,8.85,8.89
3/25/2024 13:15,March,8.67,8.7
3/25/2024 13:20,March,8.67,8.7
3/25/2024 13:25,March,7.66,7.69
3/25/2024 13:30,March,4.84,4.85
3/25/2024 13:35,March,4.7,4.71
3/25/2024 13:40,March,6.41,6.43
3/25/2024 13:45,March,11.47,11.5
3/25/2024 13:50,March,11.66,11.68
3/25/2024 13:55,March,12.13,12.16
3/25/2024 14:00,March,11.56,11.59
3/25/2024 14:05,March,8.78,8.8
3/25/2024 14:10,March,8.71,8.72
3/25/2024 14:15,March,8.72,8.72
3/25/2024 14:20,March,8.79,8.79
3/25/2024 14:25,March,9.88,9.88
3/25/2024 14:30,March,9.9,9.89
3/25/2024 14:35,March,12.48,12.48
3/25/2024 14:40,March,13.33,13.32
3/25/2024 14:45,March,13.53,13.51
3/25/2024 14:50,March,10.26,10.25
3/25/2024 14:55,March,11.9,11.89
3/25/2024 15:00,March,14.59,14.58
3/25/2024 15:05,March,25.35,25.32
3/25/2024 15:10,March,18.17,18.14
3/25/2024 15:15,March,19.83,19.79
3/25/2024 15:20,March,19.93,19.89
3/25/2024 15:25,March,30.49,30.45
3/25/2024 15:30,March,30.51,30.47
3/25/2024 15:35,March,30.5,30.46
3/25/2024 15:40,March,30.53,30.49
3/25/2024 15:45,March,30.53,30.51
3/25/2024 15:50,March,29.39,29.37
3/25/2024 15:55,March,30.53,30.52
3/25/2024 16:00,March,20,19.99
3/25/2024 16:05,March,17.04,17.03
3/25/2024 16:10,March,18.18,18.17
3/25/2024 16:15,March,17.06,17.05
3/25/2024 16:20,March,17.17,17.16
3/25/2024 16:25,March,18.22,18.2
3/25/2024 16:30,March,18.22,18.2
3/25/2024 16:35,March,13.26,13.25
3/25/2024 16:40,March,11.76,11.75
3/25/2024 16:45,March,10.13,10.11
3/25/2024 16:50,March,9.69,9.68
3/25/2024 16:55,March,6.61,6.59
3/25/2024 17:00,March,4.78,4.77
3/25/2024 17:05,March,4.93,4.92
3/25/2024 17:10,March,4.93,4.92
3/25/2024 17:15,March,4.8,4.79
3/25/2024 17:20,March,4.82,4.8
3/25/2024 17:25,March,5.05,5.03
3/25/2024 17:30,March,4.92,4.91
3/25/2024 17:35,March,5.29,5.27
3/25/2024 17:40,March,9.78,9.74
3/25/2024 17:45,March,4.8,4.78
3/25/2024 17:50,March,5.21,5.19
3/25/2024 17:55,March,9.76,9.72
3/25/2024 18:00,March,11.68,11.63
3/25/2024 18:05,March,10.46,10.42
3/25/2024 18:10,March,9.92,9.87
3/25/2024 18:15,March,11.81,11.76
3/25/2024 18:20,March,16.3,16.23
3/25/2024 18:25,March,11.8,11.75
3/25/2024 18:30,March,14.89,14.83
3/25/2024 18:35,March,14.88,14.83
3/25/2024 18:40,March,14.63,14.57
3/25/2024 18:45,March,10.15,10.11
3/25/2024 18:50,March,9.13,9.09
3/25/2024 18:55,March,9.15,9.11
3/25/2024 19:00,March,7.69,7.65
3/25/2024 19:05,March,15.89,15.82
3/25/2024 19:10,March,14.63,14.57
3/25/2024 19:15,March,18.17,18.1
3/25/2024 19:20,March,14.92,14.86
3/25/2024 19:25,March,10.58,10.53
3/25/2024 19:30,March,12.85,12.79
3/25/2024 19:35,March,7.95,7.91
3/25/2024 19:40,March,7.95,7.91
3/25/2024 19:45,March,10.51,10.46
3/25/2024 19:50,March,7.96,7.92
3/25/2024 19:55,March,7.81,7.78
3/25/2024 20:00,March,7.94,7.9
3/25/2024 20:05,March,30.97,30.8
3/25/2024 20:10,March,17.92,17.82
3/25/2024 20:15,March,16.36,16.26
3/25/2024 20:20,March,15.38,15.3
3/25/2024 20:25,March,13.32,13.24
3/25/2024 20:30,March,13.03,12.96
3/25/2024 20:35,March,11.59,11.53
3/25/2024 20:40,March,13.41,13.35
3/25/2024 20:45,March,13.38,13.32
3/25/2024 20:50,March,15.02,14.95
3/25/2024 20:55,March,10.53,10.48
3/25/2024 21:00,March,10.29,10.24
3/25/2024 21:05,March,30.74,30.57
3/25/2024 21:10,March,12.57,12.51
3/25/2024 21:15,March,11.47,11.41
3/25/2024 21:20,March,11.44,11.38
3/25/2024 21:25,March,11.45,11.39
3/25/2024 21:30,March,11.45,11.39
3/25/2024 21:35,March,6.96,6.92
3/25/2024 21:40,March,4.87,4.84
3/25/2024 21:45,March,4.67,4.65
3/25/2024 21:50,March,6.96,6.93
3/25/2024 21:55,March,4.84,4.82
3/25/2024 22:00,March,4.84,4.81
3/25/2024 22:05,March,20.01,19.89
3/25/2024 22:10,March,8.76,8.71
3/25/2024 22:15,March,6.69,6.65
3/25/2024 22:20,March,4.86,4.83
3/25/2024 22:25,March,6.97,6.93
3/25/2024 22:30,March,6.96,6.92
3/25/2024 22:35,March,4.87,4.84
3/25/2024 22:40,March,4.84,4.82
3/25/2024 22:45,March,4.84,4.82
3/25/2024 22:50,March,4.67,4.65
3/25/2024 22:55,March,4.83,4.81
3/25/2024 23:00,March,4.83,4.81
3/25/2024 23:05,March,11.75,11.7
3/25/2024 23:10,March,6.68,6.65
3/25/2024 23:15,March,5.14,5.12
3/25/2024 23:20,March,4.83,4.81
3/25/2024 23:25,March,4.82,4.8
3/25/2024 23:30,March,4.81,4.79
3/25/2024 23:35,March,4.82,4.8
3/25/2024 23:40,March,4.81,4.79
3/25/2024 23:45,March,4.81,4.79
3/25/2024 23:50,March,4.81,4.79
3/25/2024 23:55,March,4.81,4.79
3/26/2024 0:00,March,6.64,6.62
