Date and Time,Billing Month,BOTOLAN,OLONGAPO
7/26/2025 0:05,August,2.935827583,2.90740406
7/26/2025 0:10,August,2.953056486,2.924760905
7/26/2025 0:15,August,2.999160137,2.970419932
7/26/2025 0:20,August,2.346106333,2.324094755
7/26/2025 0:25,August,2.99825467,2.969526009
7/26/2025 0:30,August,2.976110941,2.94789432
7/26/2025 0:35,August,1.225318942,1.213573499
7/26/2025 0:40,August,2.977624681,2.949099387
7/26/2025 0:45,August,2.966853729,2.939023747
7/26/2025 0:50,August,1.226174223,1.214912565
7/26/2025 0:55,August,2.666839984,2.642891111
7/26/2025 1:00,August,2.665202172,2.641536304
7/26/2025 1:05,August,2.665184524,2.642057549
7/26/2025 1:10,August,2.663283924,2.640439079
7/26/2025 1:15,August,2.999445839,2.974016665
7/26/2025 1:20,August,2.340691794,2.321322161
7/26/2025 1:25,August,2.653529943,2.631833916
7/26/2025 1:30,August,2.339485873,2.320592717
7/26/2025 1:35,August,2.339478063,2.320353629
7/26/2025 1:40,August,2.613231033,2.591601778
7/26/2025 1:45,August,2.339509314,2.320610315
7/26/2025 1:50,August,2.575900158,2.55509155
7/26/2025 1:55,August,2.644844978,2.623479421
7/26/2025 2:00,August,2.337551377,2.319141791
7/26/2025 2:05,August,2.651914478,2.631293471
7/26/2025 2:10,August,2.650835022,2.630224463
7/26/2025 2:15,August,2.336589224,2.318886026
7/26/2025 2:20,August,2.648691899,2.628624051
7/26/2025 2:25,August,2.64773925,2.627944549
7/26/2025 2:30,August,2.335620463,2.318392003
7/26/2025 2:35,August,2.335372899,2.318147982
7/26/2025 2:40,August,2.64616384,2.626644689
7/26/2025 2:45,August,2.334900037,2.317909636
7/26/2025 2:50,August,2.430285288,2.412600796
7/26/2025 2:55,August,1.048572992,1.040838303
7/26/2025 3:00,August,0.836505598,0.830165906
7/26/2025 3:05,August,2.333199343,2.316458899
7/26/2025 3:10,August,2.550583126,2.532282978
7/26/2025 3:15,August,2.612078321,2.593595407
7/26/2025 3:20,August,2.845388224,2.824687273
7/26/2025 3:25,August,2.333925721,2.317178397
7/26/2025 3:30,August,2.412009626,2.394702002
7/26/2025 3:35,August,1.00094314,0.993659563
7/26/2025 3:40,August,1.051759745,1.044316813
7/26/2025 3:45,August,0.998891226,0.99172215
7/26/2025 3:50,August,1.053207623,1.04575593
7/26/2025 3:55,August,1.053001051,1.045655753
7/26/2025 4:00,August,2.327713584,2.312401205
7/26/2025 4:05,August,2.646791818,2.628596278
7/26/2025 4:10,August,2.646791818,2.628859982
7/26/2025 4:15,August,2.411571688,2.39547372
7/26/2025 4:20,August,2.64598903,2.628326256
7/26/2025 4:25,August,2.645713817,2.628056398
7/26/2025 4:30,August,2.327906094,2.312603126
7/26/2025 4:35,August,2.410222553,2.394378461
7/26/2025 4:40,August,2.623176292,2.605671032
7/26/2025 4:45,August,2.567933457,2.550803674
7/26/2025 4:50,August,2.643810293,2.625918264
7/26/2025 4:55,August,2.32856181,2.31303652
7/26/2025 5:00,August,2.177764043,2.163894315
7/26/2025 5:05,August,2.32446079,2.310363345
7/26/2025 5:10,August,2.633953773,2.61771743
7/26/2025 5:15,August,2.641380691,2.625359589
7/26/2025 5:20,August,2.597316526,2.581562692
7/26/2025 5:25,August,2.589919216,2.57421025
7/26/2025 5:30,August,2.579041252,2.563396709
7/26/2025 5:35,August,2.642999445,2.626433038
7/26/2025 5:40,August,2.642200071,2.625638673
7/26/2025 5:45,August,2.631070574,2.614315497
7/26/2025 5:50,August,1.054980045,1.048887966
7/26/2025 5:55,August,2.999129388,2.980298897
7/26/2025 6:00,August,2.643865336,2.62726377
7/26/2025 6:05,August,1.06E+00,1.05E+00
7/26/2025 6:10,August,2.320751446,2.30804323
7/26/2025 6:15,August,2.183019668,2.171929519
7/26/2025 6:20,August,2.320058271,2.30804323
7/26/2025 6:25,August,1.58603535,1.578454221
7/26/2025 6:30,August,2.067068064,2.05780424
7/26/2025 6:35,August,2.482531451,2.470911197
7/26/2025 6:40,August,2.316522275,2.306599927
7/26/2025 6:45,August,2.316753028,2.306599927
7/26/2025 6:50,August,1.067023223,1.06298308
7/26/2025 6:55,August,2.562892492,2.554716581
7/26/2025 7:00,August,2.312564604,2.305877559
7/26/2025 7:05,August,8.74E-02,8.71E-02
7/26/2025 7:10,August,1.02E-01,1.01E-01
7/26/2025 7:15,August,0.378419134,0.377512107
7/26/2025 7:20,August,0.821311254,0.819918229
7/26/2025 7:25,August,0.378496476,0.377853546
7/26/2025 7:30,August,0.434473082,0.434038957
7/26/2025 7:35,August,2.30041687,2.299957659
7/26/2025 7:40,August,3.009952759,3.000966931
7/26/2025 7:45,August,2.633973412,2.626372135
7/26/2025 7:50,August,2.632947983,2.627438626
7/26/2025 7:55,August,2.63215597,2.627172317
7/26/2025 8:00,August,2.63085153,2.626915879
7/26/2025 8:05,August,0.543608015,0.544477353
7/26/2025 8:10,August,1.003322787,1.005727155
7/26/2025 8:15,August,2.294833661,2.301018579
7/26/2025 8:20,August,2.899856958,2.907964396
7/26/2025 8:25,August,2.615074025,2.622386725
7/26/2025 8:30,August,2.615597015,2.62369403
7/26/2025 8:35,August,2.613241668,2.622115154
7/26/2025 8:40,August,2.611935855,2.6202857
7/26/2025 8:45,August,3.150055942,3.15602791
7/26/2025 8:50,August,2.61663813,2.621859918
7/26/2025 8:55,August,3.044512604,3.049981789
7/26/2025 9:00,August,3.004286146,3.009683067
7/26/2025 9:05,August,2.63E+00,2.62E+00
7/26/2025 9:10,August,2.911594195,2.907816301
7/26/2025 9:15,August,2.628244461,2.626143756
7/26/2025 9:20,August,3.001287856,2.997989737
7/26/2025 9:25,August,3.935103492,3.940622571
7/26/2025 9:30,August,2.912777302,2.929488757
7/26/2025 9:35,August,2.909260343,2.929504289
7/26/2025 9:40,August,2.909848783,2.930107038
7/26/2025 9:45,August,2.908674392,2.928932647
7/26/2025 9:50,August,4.042807202,4.064781192
7/26/2025 9:55,August,3.14720906,3.160493762
7/26/2025 10:00,August,2.175958539,2.185581835
7/26/2025 10:05,August,1.047131393,1.055165109
7/26/2025 10:10,August,2.598060137,2.617988737
7/26/2025 10:15,August,2.891994114,2.920080248
7/26/2025 10:20,August,0.824663559,0.83226684
7/26/2025 10:25,August,0.824914766,0.832096652
7/26/2025 10:30,August,1.216464311,1.226043737
7/26/2025 10:35,August,2.588375364,2.615359439
7/26/2025 10:40,August,2.589419656,2.617195257
7/26/2025 10:45,August,2.587851402,2.615097458
7/26/2025 10:50,August,2.886938668,2.917333649
7/26/2025 10:55,August,2.60304766,2.616666583
7/26/2025 11:00,August,2.60671453,2.616925645
7/26/2025 11:05,August,2.589166834,2.617714193
7/26/2025 11:10,August,2.595709656,2.618242313
7/26/2025 11:15,August,1.211862278,1.220915156
7/26/2025 11:20,August,0.995529192,1.003379099
7/26/2025 11:25,August,2.982399597,2.999196779
7/26/2025 11:30,August,1.2095511,1.219575679
7/26/2025 11:35,August,0.996136161,1.004292957
7/26/2025 11:40,August,1.212537481,1.22493913
7/26/2025 11:45,August,4.701365558,4.749916666
7/26/2025 11:50,August,4.016736357,4.061014701
7/26/2025 11:55,August,2.587873093,2.616397531
7/26/2025 12:00,August,2.587096208,2.615870787
7/26/2025 12:05,August,0.945492733,0.956102286
7/26/2025 12:10,August,0.831613751,0.838232478
7/26/2025 12:15,August,0.827674838,0.836884249
7/26/2025 12:20,August,0.53968875,0.545370834
7/26/2025 12:25,August,0.529124243,0.534644328
7/26/2025 12:30,August,0.550275806,0.55618077
7/26/2025 12:35,August,0.844668079,0.852173207
7/26/2025 12:40,August,0.844325251,0.851826576
7/26/2025 12:45,August,2.586871871,2.610111156
7/26/2025 12:50,August,2.586869805,2.610111417
7/26/2025 12:55,August,2.58868272,2.611942969
7/26/2025 13:00,August,2.588423281,2.611681199
7/26/2025 13:05,August,5.4603442,5.507767912
7/26/2025 13:10,August,2.589210922,2.612464178
7/26/2025 13:15,August,2.590243909,2.612990575
7/26/2025 13:20,August,8.149231171,8.22080225
7/26/2025 13:25,August,5.452501318,5.500388217
7/26/2025 13:30,August,5.079625332,5.123225064
7/26/2025 13:35,August,2.594675801,2.616398424
7/26/2025 13:40,August,3.930079525,3.954207429
7/26/2025 13:45,August,2.894357107,2.9197667
7/26/2025 13:50,August,1.218310583,1.227026831
7/26/2025 13:55,August,2.599649237,2.615350763
7/26/2025 14:00,August,2.592851124,2.614562851
7/26/2025 14:05,August,0.51926631,0.523101442
7/26/2025 14:10,August,0.542807716,0.546477926
7/26/2025 14:15,August,0.848615926,0.854605351
7/26/2025 14:20,August,2.587153361,2.605413165
7/26/2025 14:25,August,2.582197129,2.605934874
7/26/2025 14:30,August,0.831375492,0.838934214
7/26/2025 14:35,August,0.541876468,0.546532706
7/26/2025 14:40,August,0.497877877,0.500798573
7/26/2025 14:45,August,0.18111238,0.182084328
7/26/2025 14:50,August,0.179588902,0.180736726
7/26/2025 14:55,August,0.175974371,0.177064604
7/26/2025 15:00,August,0.179129581,0.180238236
7/26/2025 15:05,August,0.508739393,0.51141102
7/26/2025 15:10,August,0.508482252,0.511359678
7/26/2025 15:15,August,0.519844789,0.522732816
7/26/2025 15:20,August,0.542642546,0.545982391
7/26/2025 15:25,August,1.958047252,1.970679815
7/26/2025 15:30,August,1.96056253,1.97321132
7/26/2025 15:35,August,1.963724727,1.973606595
7/26/2025 15:40,August,0.951499441,0.952740237
7/26/2025 15:45,August,2.305283267,2.309212465
7/26/2025 15:50,August,2.610644408,2.615885087
7/26/2025 15:55,August,2.61064504,2.615362599
7/26/2025 16:00,August,2.607762113,2.614314938
7/26/2025 16:05,August,4.94342894,4.952375424
7/26/2025 16:10,August,2.962287497,2.966454702
7/26/2025 16:15,August,2.974779067,2.968228002
7/26/2025 16:20,August,2.624857035,2.620386283
7/26/2025 16:25,August,2.422788025,2.418905352
7/26/2025 16:30,August,2.422305676,2.418179504
7/26/2025 16:35,August,2.423775098,2.419402684
7/26/2025 16:40,August,2.318772643,2.315518226
7/26/2025 16:45,August,2.314736961,2.311487882
7/26/2025 16:50,August,1.975488159,1.975686561
7/26/2025 16:55,August,2.314799852,2.313405674
7/26/2025 17:00,August,1.981037744,1.976870063
7/26/2025 17:05,August,2.320237231,2.310270178
7/26/2025 17:10,August,1.227274441,1.221269204
7/26/2025 17:15,August,1.229359349,1.223712202
7/26/2025 17:20,August,1.987973058,1.980226161
7/26/2025 17:25,August,2.983396336,2.971472289
7/26/2025 17:30,August,2.998301822,2.988401485
7/26/2025 17:35,August,5.149755543,5.130691916
7/26/2025 17:40,August,4.989608677,4.969145143
7/26/2025 17:45,August,4.618724977,4.598398522
7/26/2025 17:50,August,5.550740509,5.524654637
7/26/2025 17:55,August,5.574000248,5.537827123
7/26/2025 18:00,August,5.575709002,5.537301902
7/26/2025 18:05,August,5.17808474,5.137800419
7/26/2025 18:10,August,5.015598033,4.976077562
7/26/2025 18:15,August,5.175506116,5.1336974
7/26/2025 18:20,August,5.570911832,5.525908954
7/26/2025 18:25,August,5.608448609,5.559801049
7/26/2025 18:30,August,5.024107244,4.976573115
7/26/2025 18:35,August,5.189968395,5.141391573
7/26/2025 18:40,August,12.3682266,12.25
7/26/2025 18:45,August,8.987471413,8.900666203
7/26/2025 18:50,August,5.632115776,5.57715189
7/26/2025 18:55,August,5.618682795,5.563284966
7/26/2025 19:00,August,5.607077683,5.552341792
7/26/2025 19:05,August,5.604843565,5.548990615
7/26/2025 19:10,August,5.597877421,5.542651725
7/26/2025 19:15,August,5.621750208,5.566288995
7/26/2025 19:20,August,5.611780162,5.55642834
7/26/2025 19:25,August,5.621701154,5.566251477
7/26/2025 19:30,August,5.611221053,5.555869231
7/26/2025 19:35,August,5.600153144,5.545473956
7/26/2025 19:40,August,5.598435256,5.54320956
7/26/2025 19:45,August,12.38259796,12.25917927
7/26/2025 19:50,August,5.624189418,5.566999973
7/26/2025 19:55,August,5.622433437,5.564701343
7/26/2025 20:00,August,5.614860929,5.557200842
7/26/2025 20:05,August,19.61230764,19.40297927
7/26/2025 20:10,August,13.47177419,13.3266129
7/26/2025 20:15,August,12.95861932,12.81766637
7/26/2025 20:20,August,12.3154547,12.18151092
7/26/2025 20:25,August,11.06798953,10.94870574
7/26/2025 20:30,August,5.706502844,5.645001766
7/26/2025 20:35,August,5.686693151,5.624831918
7/26/2025 20:40,August,5.685558082,5.623129315
7/26/2025 20:45,August,5.678975497,5.616619009
7/26/2025 20:50,August,5.223937869,5.167099255
7/26/2025 20:55,August,5.223946371,5.167096316
7/26/2025 21:00,August,5.224472237,5.167616459
7/26/2025 21:05,August,10.18367295,10.06658412
7/26/2025 21:10,August,7.317689913,7.232821683
7/26/2025 21:15,August,5.705402542,5.638078792
7/26/2025 21:20,August,5.680729881,5.614265341
7/26/2025 21:25,August,5.681329114,5.615425696
7/26/2025 21:30,August,5.230322551,5.170197891
7/26/2025 21:35,August,5.654375443,5.589376126
7/26/2025 21:40,August,5.647855723,5.582931352
7/26/2025 21:45,August,5.224519651,5.164989892
7/26/2025 21:50,August,5.014121121,4.956994416
7/26/2025 21:55,August,5.016131997,4.959483695
7/26/2025 22:00,August,3.620363684,3.580205758
7/26/2025 22:05,August,-1.0205726,-1.0205726
7/26/2025 22:10,August,0,0
7/26/2025 22:15,August,0.5723538,0.5723538
7/26/2025 22:20,August,0.1887442,0.1887442
7/26/2025 22:25,August,0.188791,0.188791
7/26/2025 22:30,August,-0.0000204,-0.0000204
7/26/2025 22:35,August,0,0
7/26/2025 22:40,August,0.5511133,0.5511133
7/26/2025 22:45,August,1.3648207,1.3648207
7/26/2025 22:50,August,3.0288723,3.0288723
7/26/2025 22:55,August,3.1773178,3.1773178
7/26/2025 23:00,August,3.1778586,3.1778586
7/26/2025 23:05,August,3.0289507,3.0289507
7/26/2025 23:10,August,2.4468033,2.4468033
7/26/2025 23:15,August,1.3834024,1.3834024
7/26/2025 23:20,August,2.284513,2.284513
7/26/2025 23:25,August,1.2816827,1.2816827
7/26/2025 23:30,August,1.2820436,1.2820436
7/26/2025 23:35,August,1.1653443,1.1653443
7/26/2025 23:40,August,1.3340312,1.3340312
7/26/2025 23:45,August,1.5690167,1.5690167
7/26/2025 23:50,August,4.1180757,4.1180757
7/26/2025 23:55,August,3.3908677,3.3908677
7/27/2025 0:00,August,3.1779088,3.1779088
7/27/2025 0:05,August,3.1578308,3.1578308
7/27/2025 0:10,August,3.6413648,3.6413648
7/27/2025 0:15,August,3.2197538,3.2197538
7/27/2025 0:20,August,3.1987021,3.1987021
7/27/2025 0:25,August,3.4365134,3.4365134
7/27/2025 0:30,August,5.2639104,5.2639104
7/27/2025 0:35,August,3.2506945,3.2506945
7/27/2025 0:40,August,5.2628436,5.2628436
7/27/2025 0:45,August,3.4364373,3.4364373
7/27/2025 0:50,August,3.435842,3.435842
7/27/2025 0:55,August,3.0755525,3.0755525
7/27/2025 1:00,August,3.0258019,3.0258019
7/27/2025 1:05,August,5.4688258,5.4688258
7/27/2025 1:10,August,5.2621352,5.2621352
7/27/2025 1:15,August,4.0616603,4.0616603
7/27/2025 1:20,August,3.2185819,3.2185819
7/27/2025 1:25,August,3.0760349,3.0760349
7/27/2025 1:30,August,3.2493071,3.2493071
7/27/2025 1:35,August,3.0260311,3.0260311
7/27/2025 1:40,August,3.1478265,3.1478265
7/27/2025 1:45,August,3.0263307,3.0263307
7/27/2025 1:50,August,3.1995493,3.1995493
7/27/2025 1:55,August,2.647527,2.647527
7/27/2025 2:00,August,2.333431849,2.318086442
7/27/2025 2:05,August,5.2618637,5.2618637
7/27/2025 2:10,August,3.5549558,3.5549558
7/27/2025 2:15,August,3.0265989,3.0265989
7/27/2025 2:20,August,3.0260518,3.0260518
7/27/2025 2:25,August,3.0262128,3.0262128
7/27/2025 2:30,August,3.0264192,3.0264192
7/27/2025 2:35,August,2.647675,2.647675
7/27/2025 2:40,August,3.0755656,3.0755656
7/27/2025 2:45,August,3.025729,3.025729
7/27/2025 2:50,August,3.0750989,3.0750989
7/27/2025 2:55,August,2.653272587,2.636621908
7/27/2025 3:00,August,2.700035,2.700035
7/27/2025 3:05,August,2.297358,2.297358
7/27/2025 3:10,August,3.0246917,3.0246917
7/27/2025 3:15,August,2.6468174,2.6468174
7/27/2025 3:20,August,3.0250903,3.0250903
7/27/2025 3:25,August,2.6467688,2.6467688
7/27/2025 3:30,August,3.1467213,3.1467213
7/27/2025 3:35,August,2.7003897,2.7003897
7/27/2025 3:40,August,2.6467212,2.6467212
7/27/2025 3:45,August,3.0253103,3.0253103
7/27/2025 3:50,August,2.7918215,2.7918215
7/27/2025 3:55,August,2.630292374,2.614573495
7/27/2025 4:00,August,2.6472294,2.6472294
7/27/2025 4:05,August,2.6471498,2.6471498
7/27/2025 4:10,August,2.647244,2.647244
7/27/2025 4:15,August,2.802875,2.802875
7/27/2025 4:20,August,3.1470352,3.1470352
7/27/2025 4:25,August,3.147337,3.147337
7/27/2025 4:30,August,2.7921508,2.7921508
7/27/2025 4:35,August,2.8025615,2.8025615
7/27/2025 4:40,August,2.6468636,2.6468636
7/27/2025 4:45,August,2.6393397,2.6393397
7/27/2025 4:50,August,2.6469625,2.6469625
7/27/2025 4:55,August,2.7486635,2.7486635
7/27/2025 5:00,August,2.6467679,2.6467679
7/27/2025 5:05,August,2.6469129,2.6469129
7/27/2025 5:10,August,3.0254591,3.0254591
7/27/2025 5:15,August,3.2181659,3.2181659
7/27/2025 5:20,August,3.4108985,3.4108985
7/27/2025 5:25,August,3.0736096,3.0736096
7/27/2025 5:30,August,3.0237916,3.0237916
7/27/2025 5:35,August,2.634773459,2.62008775
7/27/2025 5:40,August,3.0234914,3.0234914
7/27/2025 5:45,August,2.6453668,2.6453668
7/27/2025 5:50,August,3.0233185,3.0233185
7/27/2025 5:55,August,2.6452484,2.6452484
7/27/2025 6:00,August,2.296064,2.296064
7/27/2025 6:05,August,2.2959901,2.2959901
7/27/2025 6:10,August,2.2957064,2.2957064
7/27/2025 6:15,August,2.7456057,2.7456057
7/27/2025 6:20,August,2.5349903,2.5349903
7/27/2025 6:25,August,2.2952606,2.2952606
7/27/2025 6:30,August,0.6590307,0.6590307
7/27/2025 6:35,August,2.1682294,2.1682294
7/27/2025 6:40,August,2.7456024,2.7456024
7/27/2025 6:45,August,2.295767,2.295767
7/27/2025 6:50,August,1.6177306,1.6177306
7/27/2025 6:55,August,0.6593156,0.6593156
7/27/2025 7:00,August,2.30E+00,2.30E+00
7/27/2025 7:05,August,7.10E-01,0.710099
7/27/2025 7:10,August,0.7608816,0.7608816
7/27/2025 7:15,August,0.8623666,0.8623666
7/27/2025 7:20,August,2.2807295,2.2807295
7/27/2025 7:25,August,2.2973272,2.2973272
7/27/2025 7:30,August,2.2977416,2.2977416
7/27/2025 7:35,August,2.6468876,2.6468876
7/27/2025 7:40,August,3.0228021,3.0228021
7/27/2025 7:45,August,2.7477886,2.7477886
7/27/2025 7:50,August,1.5784036,1.5784036
7/27/2025 7:55,August,1.5277705,1.5277705
7/27/2025 8:00,August,2.2981195,2.2981195
7/27/2025 8:05,August,2.28E+00,2.28E+00
7/27/2025 8:10,August,2.7503964,2.7503964
7/27/2025 8:15,August,1.6946077,1.6946077
7/27/2025 8:20,August,1.27E+00,1.27E+00
7/27/2025 8:25,August,1.2659557,1.2659557
7/27/2025 8:30,August,1.2661584,1.2661584
7/27/2025 8:35,August,0.2135563,0.2135563
7/27/2025 8:40,August,0.2134556,0.2134556
7/27/2025 8:45,August,0.101334807,0.10153772
7/27/2025 8:50,August,2.46550744,2.474127235
7/27/2025 8:55,August,2.996465742,3.006943942
7/27/2025 9:00,August,3.134535775,3.145498975
7/27/2025 9:05,August,2.89526937,2.902808379
7/27/2025 9:10,August,2.600984508,2.608021239
7/27/2025 9:15,August,2.600976684,2.608804663
7/27/2025 9:20,August,0.558038,0.558038
7/27/2025 9:25,August,1.6922263,1.6922263
7/27/2025 9:30,August,2.6458503,2.6458503
7/27/2025 9:35,August,2.6457233,2.6457233
7/27/2025 9:40,August,2.6466003,2.6466003
7/27/2025 9:45,August,2.647557,2.647557
7/27/2025 9:50,August,5.2606682,5.2606682
7/27/2025 9:55,August,3.5525236,3.5525236
7/27/2025 10:00,August,3.0750587,3.0750587
7/27/2025 10:05,August,0.101101835,0.101804497
7/27/2025 10:10,August,2.2997616,2.2997616
7/27/2025 10:15,August,4.4044426,4.4044426
7/27/2025 10:20,August,3.0254955,3.0254955
7/27/2025 10:25,August,2.8803997,2.8803997
7/27/2025 10:30,August,2.7501446,2.7501446
7/27/2025 10:35,August,2.2995658,2.2995658
7/27/2025 10:40,August,2.2993183,2.2993183
7/27/2025 10:45,August,2.8833726,2.8833726
7/27/2025 10:50,August,2.3016858,2.3016858
7/27/2025 10:55,August,2.8836445,2.8836445
7/27/2025 11:00,August,2.8830019,2.8830019
7/27/2025 11:05,August,0.5895103,0.5895103
7/27/2025 11:10,August,3.0287871,3.0287871
7/27/2025 11:15,August,2.75202,2.75202
7/27/2025 11:20,August,0.589459,0.589459
7/27/2025 11:25,August,0.1026456,0.1026456
7/27/2025 11:30,August,0.1026834,0.1026834
7/27/2025 11:35,August,0.1026855,0.1026855
7/27/2025 11:40,August,0.1026564,0.1026564
7/27/2025 11:45,August,0.5895872,0.5895872
7/27/2025 11:50,August,0.5896722,0.5896722
7/27/2025 11:55,August,2.1733777,2.1733777
7/27/2025 12:00,August,5.90E-01,5.90E-01
7/27/2025 12:05,August,2.17E+00,2.17E+00
7/27/2025 12:10,August,0.102642,0.102642
7/27/2025 12:15,August,2.3004863,2.3004863
7/27/2025 12:20,August,5.59E-01,0.559021
7/27/2025 12:25,August,0.5590897,0.5590897
7/27/2025 12:30,August,0.1026769,0.1026769
7/27/2025 12:35,August,0.102677,0.102677
7/27/2025 12:40,August,0.1026647,0.1026647
7/27/2025 12:45,August,0.1026593,0.1026593
7/27/2025 12:50,August,0.1880498,0.1880498
7/27/2025 12:55,August,0.5895154,0.5895154
7/27/2025 13:00,August,0.5893964,0.5893964
7/27/2025 13:05,August,0.5891904,0.5891904
7/27/2025 13:10,August,0.1026399,0.1026399
7/27/2025 13:15,August,0.5594082,0.5594082
7/27/2025 13:20,August,0.1027283,0.1027283
7/27/2025 13:25,August,0.1881224,0.1881224
7/27/2025 13:30,August,0.1027075,0.1027075
7/27/2025 13:35,August,0.1880923,0.1880923
7/27/2025 13:40,August,2.3014345,2.3014345
7/27/2025 13:45,August,2.6805147,2.6805147
7/27/2025 13:50,August,3.0276498,3.0276498
7/27/2025 13:55,August,3.0268533,3.0268533
7/27/2025 14:00,August,3.219742,3.219742
7/27/2025 14:05,August,0.5587248,0.5587248
7/27/2025 14:10,August,0.5892901,0.5892901
7/27/2025 14:15,August,0.1880791,0.1880791
7/27/2025 14:20,August,0.5894438,0.5894438
7/27/2025 14:25,August,2.1735196,2.1735196
7/27/2025 14:30,August,2.1731497,2.1731497
7/27/2025 14:35,August,2.3010696,2.3010696
7/27/2025 14:40,August,2.3012448,2.3012448
7/27/2025 14:45,August,3.0296237,3.0296237
7/27/2025 14:50,August,2.3016938,2.3016938
7/27/2025 14:55,August,2.5073393,2.5073393
7/27/2025 15:00,August,2.883683,2.883683
7/27/2025 15:05,August,2.3013254,2.3013254
7/27/2025 15:10,August,2.7524934,2.7524934
7/27/2025 15:15,August,2.5062744,2.5062744
7/27/2025 15:20,August,2.3005472,2.3005472
7/27/2025 15:25,August,3.0761869,3.0761869
7/27/2025 15:30,August,3.4644655,3.4644655
7/27/2025 15:35,August,3.1480835,3.1480835
7/27/2025 15:40,August,2.8801585,2.8801585
7/27/2025 15:45,August,3.0755133,3.0755133
7/27/2025 15:50,August,3.0463799,3.0463799
7/27/2025 15:55,August,4.4548906,4.4548906
7/27/2025 16:00,August,4.062411,4.062411
7/27/2025 16:05,August,6.0935267,6.0935267
7/27/2025 16:10,August,5.4691031,5.4691031
7/27/2025 16:15,August,6.0944176,6.0944176
7/27/2025 16:20,August,12.1901702,12.1901702
7/27/2025 16:25,August,10.154045,10.154045
7/27/2025 16:30,August,10.1509487,10.1509487
7/27/2025 16:35,August,12.1829452,12.1829452
7/27/2025 16:40,August,12.1845382,12.1845382
7/27/2025 16:45,August,12.1845172,12.1845172
7/27/2025 16:50,August,13.1995855,13.1995855
7/27/2025 16:55,August,13.200098,13.200098
7/27/2025 17:00,August,13.2028679,13.2028679
7/27/2025 17:05,August,12.1874214,12.1874214
7/27/2025 17:10,August,13.2045665,13.2045665
7/27/2025 17:15,August,13.203885,13.203885
7/27/2025 17:20,August,12.1874954,12.1874954
7/27/2025 17:25,August,13.2040485,13.2040485
7/27/2025 17:30,August,13.4553249,13.4553249
7/27/2025 17:35,August,13.2065729,13.2065729
7/27/2025 17:40,August,13.4572837,13.4572837
7/27/2025 17:45,August,13.2082663,13.2082663
7/27/2025 17:50,August,13.3753656,13.3753656
7/27/2025 17:55,August,14.7356325,14.7356325
7/27/2025 18:00,August,14.5938733,14.5938733
7/27/2025 18:05,August,16.4555299,16.4555299
7/27/2025 18:10,August,20.3175217,20.3175217
7/27/2025 18:15,August,24.0028614,24.0028614
7/27/2025 18:20,August,25.4100726,25.4100726
7/27/2025 18:25,August,24.0368153,24.0368153
7/27/2025 18:30,August,24.0066346,24.0066346
7/27/2025 18:35,August,21.3441673,21.3441673
7/27/2025 18:40,August,16.5084622,16.5084622
7/27/2025 18:45,August,19.0443426,19.0443426
7/27/2025 18:50,August,21.1394642,21.1394642
7/27/2025 18:55,August,21.1362285,21.1362285
7/27/2025 19:00,August,20.3296818,20.3296818
7/27/2025 19:05,August,25.4139582,25.4139582
7/27/2025 19:10,August,28.1496282,28.1496282
7/27/2025 19:15,August,25.4181108,25.4181108
7/27/2025 19:20,August,25.4190754,25.4190754
7/27/2025 19:25,August,25.4134973,25.4134973
7/27/2025 19:30,August,25.4125612,25.4125612
7/27/2025 19:35,August,25.4111467,25.4111467
7/27/2025 19:40,August,25.4109643,25.4109643
7/27/2025 19:45,August,25.4083389,25.4083389
7/27/2025 19:50,August,25.4074954,25.4074954
7/27/2025 19:55,August,25.4089192,25.4089192
7/27/2025 20:00,August,25.4126702,25.4126702
7/27/2025 20:05,August,22.8756364,22.8756364
7/27/2025 20:10,August,14.2334062,14.2334062
7/27/2025 20:15,August,18.95205,18.95205
7/27/2025 20:20,August,16.2707441,16.2707441
7/27/2025 20:25,August,14.9671338,14.9671338
7/27/2025 20:30,August,17.0828135,17.0828135
7/27/2025 20:35,August,17.7912126,17.7912126
7/27/2025 20:40,August,16.2667937,16.2667937
7/27/2025 20:45,August,16.2699832,16.2699832
7/27/2025 20:50,August,14.2331719,14.2331719
7/27/2025 20:55,August,13.2170802,13.2170802
7/27/2025 21:00,August,14.2358687,14.2358687
7/27/2025 21:05,August,19.4946734,19.4946734
7/27/2025 21:10,August,14.2423259,14.2423259
7/27/2025 21:15,August,13.2279295,13.2279295
7/27/2025 21:20,August,12.211873,12.211873
7/27/2025 21:25,August,12.2072293,12.2072293
7/27/2025 21:30,August,12.2021311,12.2021311
7/27/2025 21:35,August,13.2199531,13.2199531
7/27/2025 21:40,August,12.2024909,12.2024909
7/27/2025 21:45,August,12.2057161,12.2057161
7/27/2025 21:50,August,9.6072003,9.6072003
7/27/2025 21:55,August,12.2084724,12.2084724
7/27/2025 22:00,August,11.6987869,11.6987869
7/27/2025 22:05,August,5.055422,5.055422
7/27/2025 22:10,August,5.4790423,5.4790423
7/27/2025 22:15,August,2.2859233,2.2859233
7/27/2025 22:20,August,1.067833,1.067833
7/27/2025 22:25,August,2.6507941,2.6507941
7/27/2025 22:30,August,2.7524982,2.7524982
7/27/2025 22:35,August,3.079482,3.079482
7/27/2025 22:40,August,3.029648,3.029648
7/27/2025 22:45,August,3.0292602,3.0292602
7/27/2025 22:50,August,3.0293114,3.0293114
7/27/2025 22:55,August,3.0288897,3.0288897
7/27/2025 23:00,August,2.6501889,2.6501889
7/27/2025 23:05,August,3.3910952,3.3910952
7/27/2025 23:10,August,3.0286383,3.0286383
7/27/2025 23:15,August,3.2019824,3.2019824
7/27/2025 23:20,August,3.0291272,3.0291272
7/27/2025 23:25,August,3.0290445,3.0290445
7/27/2025 23:30,August,3.0494499,3.0494499
7/27/2025 23:35,August,3.0291045,3.0291045
7/27/2025 23:40,August,2.7527024,2.7527024
7/27/2025 23:45,August,2.7527659,2.7527659
7/27/2025 23:50,August,3.0793277,3.0793277
7/27/2025 23:55,August,2.6508715,2.6508715
7/28/2025 0:00,August,2.6506281,2.6506281
7/28/2025 0:05,August,3.3917415,3.3917415
7/28/2025 0:10,August,3.0292567,3.0292567
7/28/2025 0:15,August,2.3017371,2.3017371
7/28/2025 0:20,August,2.5418177,2.5418177
7/28/2025 0:25,August,3.0195025,3.0195025
7/28/2025 0:30,August,3.0297422,3.0297422
7/28/2025 0:35,August,3.0295624,3.0295624
7/28/2025 0:40,August,3.1508122,3.1508122
7/28/2025 0:45,August,3.2219118,3.2219118
7/28/2025 0:50,August,3.0187972,3.0187972
7/28/2025 0:55,August,3.028707,3.028707
7/28/2025 1:00,August,3.0284388,3.0284388
7/28/2025 1:05,August,2.7387669,2.7387669
7/28/2025 1:10,August,2.7027909,2.7027909
7/28/2025 1:15,August,2.7025921,2.7025921
7/28/2025 1:20,August,0.325610417,0.323205709
7/28/2025 1:25,August,0.8736441,0.8736441
7/28/2025 1:30,August,2.4446664,2.4446664
7/28/2025 1:35,August,2.7380546,2.7380546
7/28/2025 1:40,August,0.738367869,0.733511638
7/28/2025 1:45,August,2.1726274,2.1726274
7/28/2025 1:50,August,0.586327302,0.582352598
7/28/2025 1:55,August,0.6704304,0.6704304
7/28/2025 2:00,August,0.4073171,0.4073171
7/28/2025 2:05,August,0.6196054,0.6196054
7/28/2025 2:10,August,0.6703392,0.6703392
7/28/2025 2:15,August,0.4580352,0.4580352
7/28/2025 2:20,August,0.9444523,0.9444523
7/28/2025 2:25,August,2.0383308,2.0383308
7/28/2025 2:30,August,2.298125,2.298125
7/28/2025 2:35,August,2.2981776,2.2981776
7/28/2025 2:40,August,2.1706629,2.1706629
7/28/2025 2:45,August,2.368755859,2.35531845
7/28/2025 2:50,August,0.794186033,0.789758074
7/28/2025 2:55,August,2.0378104,2.0378104
7/28/2025 3:00,August,0.453711592,0.451135226
7/28/2025 3:05,August,0.691883353,0.688094665
7/28/2025 3:10,August,0.746260307,0.742398291
7/28/2025 3:15,August,0.944022,0.944022
7/28/2025 3:20,August,2.1704548,2.1704548
7/28/2025 3:25,August,2.360723747,2.34921833
7/28/2025 3:30,August,2.436469,2.436469
7/28/2025 3:35,August,3.0893163,3.0893163
7/28/2025 3:40,August,2.4369019,2.4369019
7/28/2025 3:45,August,2.2979131,2.2979131
7/28/2025 3:50,August,2.365429067,2.353192466
7/28/2025 3:55,August,2.2981991,2.2981991
7/28/2025 4:00,August,2.2979889,2.2979889
7/28/2025 4:05,August,2.026651687,2.015967062
7/28/2025 4:10,August,0.871244452,0.866737418
7/28/2025 4:15,August,2.028485024,2.018194291
7/28/2025 4:20,August,0.872276932,0.867852213
7/28/2025 4:25,August,0.799189571,0.795215085
7/28/2025 4:30,August,2.312185787,2.30092141
7/28/2025 4:35,August,3.003593907,2.988661054
7/28/2025 4:40,August,2.314541321,2.303034204
7/28/2025 4:45,August,3.002397034,2.985972542
7/28/2025 4:50,August,3.164209564,3.146268657
7/28/2025 4:55,August,2.821297451,2.804447178
7/28/2025 5:00,August,2.826202821,2.809041924
7/28/2025 5:05,August,2.439268268,2.425912394
7/28/2025 5:10,August,2.63954582,2.624048437
7/28/2025 5:15,August,2.64007733,2.624051385
7/28/2025 5:20,August,2.64007733,2.623788665
7/28/2025 5:25,August,3.000002004,2.981492687
7/28/2025 5:30,August,3.000300541,2.981791224
7/28/2025 5:35,August,3.415360141,3.393606255
7/28/2025 5:40,August,3.151727062,3.131652367
7/28/2025 5:45,August,3.154288349,3.133249293
7/28/2025 5:50,August,2.852218181,2.835169656
7/28/2025 5:55,August,2.876645338,2.860307277
7/28/2025 6:00,August,12.32568503,12.25200354
7/28/2025 6:05,August,4.03E+00,4.01E+00
7/28/2025 6:10,August,3.17E+00,3.16E+00
7/28/2025 6:15,August,3.08E+00,3.07E+00
7/28/2025 6:20,August,3.005459845,2.987787717
7/28/2025 6:25,August,0.595337847,0.591894873
7/28/2025 6:30,August,2.324128485,2.311621964
7/28/2025 6:35,August,3.002145009,2.986284395
7/28/2025 6:40,August,2.324866805,2.313278395
7/28/2025 6:45,August,2.745783848,2.731819451
7/28/2025 6:50,August,2.322001988,2.31135591
7/28/2025 6:55,August,2.63110678,2.619827985
7/28/2025 7:00,August,2.934719398,2.922719448
7/28/2025 7:05,August,0.101354208,0.100848196
7/28/2025 7:10,August,0.436517143,0.434731886
7/28/2025 7:15,August,2.32E+00,2.31E+00
7/28/2025 7:20,August,2.319421992,2.311557977
7/28/2025 7:25,August,2.627946868,2.618771992
7/28/2025 7:30,August,3.404996758,3.393444029
7/28/2025 7:35,August,2.599949725,2.591646492
7/28/2025 7:40,August,2.624003165,2.616144515
7/28/2025 7:45,August,4.971002658,4.959580774
7/28/2025 7:50,August,4.995780055,4.984799222
7/28/2025 7:55,August,5.396633313,5.385311705
7/28/2025 8:00,August,12.13949257,12.11765895
7/28/2025 8:05,August,0.436379347,0.435594021
7/28/2025 8:10,August,2.922398272,2.917724304
7/28/2025 8:15,August,2.913625486,2.909255922
7/28/2025 8:20,August,2.9132596,2.908306068
7/28/2025 8:25,August,3.024443662,3.01930005
7/28/2025 8:30,August,3.025057625,3.019911424
7/28/2025 8:35,August,3.566772087,3.560344828
7/28/2025 8:40,August,3.569278645,3.564993368
7/28/2025 8:45,August,4.903616,4.89772695
7/28/2025 8:50,August,4.79230112,4.787504982
7/28/2025 8:55,August,4.792818575,4.788020958
7/28/2025 9:00,August,3.568956717,3.56538383
7/28/2025 9:05,August,0.405082841,0.406017616
7/28/2025 9:10,August,3.13163288,3.132886536
7/28/2025 9:15,August,3.171466552,3.169880184
7/28/2025 9:20,August,5.389686232,5.386449831
7/28/2025 9:25,August,5.378381141,5.384855268
7/28/2025 9:30,August,13.21878825,13.23470012
7/28/2025 9:35,August,12.35437141,12.39540757
7/28/2025 9:40,August,6.075481915,6.104266961
7/28/2025 9:45,August,6.619333333,6.642666667
7/28/2025 9:50,August,5.409917333,5.430613685
7/28/2025 9:55,August,5.415288347,5.429441694
7/28/2025 10:00,August,4.97444445,4.988955957
7/28/2025 10:05,August,2.784036412,2.793567903
7/28/2025 10:10,August,3.554675618,3.566123848
7/28/2025 10:15,August,3.555381546,3.565036107
7/28/2025 10:20,August,4.673297649,4.682218844
7/28/2025 10:25,August,12.02421369,12.05202512
7/28/2025 10:30,August,11.92365262,11.96688036
7/28/2025 10:35,August,12.92409484,12.9905795
7/28/2025 10:40,August,11.976015,12.0364328
7/28/2025 10:45,August,13.02485776,13.09190133
7/28/2025 10:50,August,5.372987423,5.399019864
7/28/2025 10:55,August,7.476979499,7.512458352
7/28/2025 11:00,August,12.01406944,12.073485
7/28/2025 11:05,August,11.82411676,11.88379835
7/28/2025 11:10,August,7.451909179,7.503920279
7/28/2025 11:15,August,11.85185627,11.93222004
7/28/2025 11:20,August,6.972440347,7.028265095
7/28/2025 11:25,August,4.832293316,4.870979085
7/28/2025 11:30,August,4.907705059,4.947002515
7/28/2025 11:35,August,5.328837449,5.371524344
7/28/2025 11:40,August,3.102479299,3.122562102
7/28/2025 11:45,August,2.971583619,2.990821061
7/28/2025 11:50,August,2.978797902,2.990518354
7/28/2025 11:55,August,0.459813248,0.461623354
7/28/2025 12:00,August,2.696012524,2.706625675
7/28/2025 12:05,August,0.452523834,0.45633041
7/28/2025 12:10,August,2.292728352,2.312016458
7/28/2025 12:15,August,2.654515372,2.67195634
7/28/2025 12:20,August,2.875234431,2.894702921
7/28/2025 12:25,August,2.88240081,2.901917824
7/28/2025 12:30,August,2.301365352,2.316486018
7/28/2025 12:35,August,2.966208195,2.98539725
7/28/2025 12:40,August,2.906964279,2.926058123
7/28/2025 12:45,August,0.456857801,0.459812718
7/28/2025 12:50,August,2.300644683,2.315291067
7/28/2025 12:55,August,0.459163635,0.462087062
7/28/2025 13:00,August,3.741192953,3.765036671
7/28/2025 13:05,August,2.895491589,2.914236426
7/28/2025 13:10,August,2.965008552,2.984197605
7/28/2025 13:15,August,4.937180833,4.969626163
7/28/2025 13:20,August,12.14443084,12.19339045
7/28/2025 13:25,August,7.87906953,7.932414079
7/28/2025 13:30,August,6.650806721,6.695830875
7/28/2025 13:35,August,5.198354762,5.233542655
7/28/2025 13:40,August,7.873508817,7.929236382
7/28/2025 13:45,August,4.964707372,5.000338042
7/28/2025 13:50,August,3.542157012,3.568644443
7/28/2025 13:55,August,3.92941142,3.95919172
7/28/2025 14:00,August,4.96573456,4.994832621
7/28/2025 14:05,August,3.550372658,3.565387828
7/28/2025 14:10,August,4.609063632,4.625299262
7/28/2025 14:15,August,3.942554731,3.957236144
7/28/2025 14:20,August,3.550372658,3.567890356
7/28/2025 14:25,August,4.968469856,4.992979574
7/28/2025 14:30,August,4.714173588,4.743170723
7/28/2025 14:35,August,3.552890162,3.571139472
7/28/2025 14:40,August,4.246475599,4.269142857
7/28/2025 14:45,August,3.552530703,3.57006258
7/28/2025 14:50,August,4.722774757,4.746081834
7/28/2025 14:55,August,3.552169725,3.570055776
7/28/2025 15:00,August,3.933936798,3.953347019
7/28/2025 15:05,August,4.655306259,4.677804719
7/28/2025 15:10,August,4.723235429,4.74273328
7/28/2025 15:15,August,3.944538706,3.957236144
7/28/2025 15:20,August,7.911801077,7.931685969
7/28/2025 15:25,August,12.21999181,12.25440393
7/28/2025 15:30,August,4.995285366,5.007337929
7/28/2025 15:35,August,7.937172418,7.946729519
7/28/2025 15:40,August,5.010806301,5.016840993
7/28/2025 15:45,August,4.621280298,4.631036696
7/28/2025 15:50,August,3.950411783,3.959950001
7/28/2025 15:55,August,3.961501365,3.964286111
7/28/2025 16:00,August,0.409696751,0.409820091
7/28/2025 16:05,August,3.967917694,3.962357049
7/28/2025 16:10,August,3.590311615,3.584205032
7/28/2025 16:15,August,3.963497748,3.96827065
7/28/2025 16:20,August,6.308363042,6.317229328
7/28/2025 16:25,August,7.947442085,7.95940752
7/28/2025 16:30,August,12.25832906,12.27186058
7/28/2025 16:35,August,7.96339234,7.959403463
7/28/2025 16:40,August,5.023374364,5.021362399
7/28/2025 16:45,August,5.03946808,5.024875511
7/28/2025 16:50,August,5.042488235,5.022873529
7/28/2025 16:55,August,12.32622076,12.28929011
7/28/2025 17:00,August,3.977043887,3.966712871
7/28/2025 17:05,August,3.980210813,3.970668803
7/28/2025 17:10,August,4.539882847,4.5276423
7/28/2025 17:15,August,5.024914584,5.013866401
7/28/2025 17:20,August,5.027417032,5.014856026
7/28/2025 17:25,August,12.34074074,12.30493827
7/28/2025 17:30,August,8.533151639,8.504989422
7/28/2025 17:35,August,6.139959586,6.118471877
7/28/2025 17:40,August,5.052071293,5.031881179
7/28/2025 17:45,August,5.654104846,5.625323595
7/28/2025 17:50,August,5.063692131,5.034903935
7/28/2025 17:55,August,5.063695974,5.035912327
7/28/2025 18:00,August,5.060152037,5.032887199
7/28/2025 18:05,August,3.997298034,3.975760008
7/28/2025 18:10,August,7.998493972,7.956997246
7/28/2025 18:15,August,5.063678689,5.032891846
7/28/2025 18:20,August,8.020072241,7.970516283
7/28/2025 18:25,August,5.073816734,5.040961774
7/28/2025 18:30,August,5.077341797,5.039447416
7/28/2025 18:35,August,8.028048377,7.967338758
7/28/2025 18:40,August,5.079892904,5.041466323
7/28/2025 18:45,August,5.081424546,5.043994184
7/28/2025 18:50,August,5.082938139,5.042982705
7/28/2025 18:55,August,5.079889357,5.040455502
7/28/2025 19:00,August,4.009668186,3.978539081
7/28/2025 19:05,August,13.93928234,13.82683519
7/28/2025 19:10,August,13.51386589,13.4075952
7/28/2025 19:15,August,12.47572715,12.37511645
7/28/2025 19:20,August,12.46406783,12.36480199
7/28/2025 19:25,August,12.4808449,12.37771795
7/28/2025 19:30,August,12.46392392,12.36220798
7/28/2025 19:35,August,9.083949902,9.009817349
7/28/2025 19:40,August,9.007068325,8.934459593
7/28/2025 19:45,August,5.090082831,5.051084187
7/28/2025 19:50,August,3.635538297,3.607686695
7/28/2025 19:55,August,4.008465899,3.97775427
7/28/2025 20:00,August,3.634061503,3.606580043
7/28/2025 20:05,August,13.27715191,13.1727219
7/28/2025 20:10,August,12.46669425,12.36863881
7/28/2025 20:15,August,9.112809504,9.041133682
7/28/2025 20:20,August,8.83393865,8.764456257
7/28/2025 20:25,August,8.560348637,8.491306693
7/28/2025 20:30,August,5.085009938,5.046525497
7/28/2025 20:35,August,3.633769575,3.606268431
7/28/2025 20:40,August,5.081435657,5.042476128
7/28/2025 20:45,August,5.079397784,5.04045388
7/28/2025 20:50,August,3.630387879,3.603284644
7/28/2025 20:55,August,3.630036068,3.602930063
7/28/2025 21:00,August,3.189100848,3.165604884
7/28/2025 21:05,August,14.5603484,14.44276234
7/28/2025 21:10,August,5.070275924,5.030348512
7/28/2025 21:15,August,4.917733823,4.878517445
7/28/2025 21:20,August,5.537187198,5.492479048
7/28/2025 21:25,August,4.918981805,4.879265146
7/28/2025 21:30,August,3.636476605,3.607115102
7/28/2025 21:35,August,3.636849386,3.607847397
7/28/2025 21:40,August,3.192466974,3.167008705
7/28/2025 21:45,August,3.009687266,2.986598103
7/28/2025 21:50,August,3.085778144,3.062724716
7/28/2025 21:55,August,3.184592649,3.161433129
7/28/2025 22:00,August,3.080531834,3.05843817
7/28/2025 22:05,August,8.020068249,7.961731762
7/28/2025 22:10,August,3.46766735,3.442441668
7/28/2025 22:15,August,3.464314514,3.438765453
7/28/2025 22:20,August,3.169144175,3.146097002
7/28/2025 22:25,August,3.187847215,3.165299182
7/28/2025 22:30,August,3.239391456,3.216156132
7/28/2025 22:35,August,3.198181782,3.17556741
7/28/2025 22:40,August,3.484318258,3.458637027
7/28/2025 22:45,August,3.29147541,3.267540984
7/28/2025 22:50,August,3.192388735,3.169179456
7/28/2025 22:55,August,3.192388735,3.169179456
7/28/2025 23:00,August,3.191735628,3.168848967
7/28/2025 23:05,August,12.45294726,12.36483971
7/28/2025 23:10,August,3.28981766,3.266215939
7/28/2025 23:15,August,3.19112555,3.169185767
7/28/2025 23:20,August,3.19110844,3.169173146
7/28/2025 23:25,August,2.952323286,2.932321494
7/28/2025 23:30,August,3.009383844,2.988995471
7/28/2025 23:35,August,3.009080483,2.988993964
7/28/2025 23:40,August,3.009080974,2.988394854
7/28/2025 23:45,August,2.980937413,2.960446809
7/28/2025 23:50,August,2.669735312,2.652181763
7/28/2025 23:55,August,2.668646513,2.651100122
7/29/2025 0:00,August,2.667280671,2.650276391
7/29/2025 0:05,August,5.011584825,4.982659367
7/29/2025 0:10,August,3.239050741,3.220353991
7/29/2025 0:15,August,3.211366423,3.192831319
7/29/2025 0:20,August,3.106328003,3.089019111
7/29/2025 0:25,August,3.060092211,3.043039254
7/29/2025 0:30,August,3.173568955,3.155887146
7/29/2025 0:35,August,3.11697026,3.100224027
7/29/2025 0:40,August,3.432369533,3.413928786
7/29/2025 0:45,August,3.459853007,3.441264601
7/29/2025 0:50,August,3.688565468,3.667265508
7/29/2025 0:55,August,12.36315142,12.2942142
7/29/2025 1:00,August,4.0407165,4.018185371
7/29/2025 1:05,August,3.619317894,3.599136493
7/29/2025 1:10,August,3.617843179,3.597670002
7/29/2025 1:15,August,3.214666039,3.197064582
7/29/2025 1:20,August,3.231131681,3.21344183
7/29/2025 1:25,August,3.459472299,3.440876688
7/29/2025 1:30,August,3.2759731,3.2583656
7/29/2025 1:35,August,3.135981097,3.120063995
7/29/2025 1:40,August,3.210713241,3.194737954
7/29/2025 1:45,August,3.209400793,3.194072312
7/29/2025 1:50,August,3.210053375,3.194402369
7/29/2025 1:55,August,3.138385162,3.122769752
7/29/2025 2:00,August,3.136296515,3.121005119
7/29/2025 2:05,August,5.011591331,4.989153603
7/29/2025 2:10,August,5.008624457,4.986202242
7/29/2025 2:15,August,3.461535679,3.445693411
7/29/2025 2:20,August,3.459461681,3.443286323
7/29/2025 2:25,August,3.217858957,3.203134844
7/29/2025 2:30,August,3.45591089,3.44044128
7/29/2025 2:35,August,5.516609133,5.488592098
7/29/2025 2:40,August,5.020004856,4.99450991
7/29/2025 2:45,August,5.01751872,4.992036401
7/29/2025 2:50,August,2.23615522,2.226368983
7/29/2025 2:55,August,5.010607499,4.988178639
7/29/2025 3:00,August,4.13648829,4.11756076
7/29/2025 3:05,August,5.520899083,5.49563935
7/29/2025 3:10,August,5.012096353,4.989164542
7/29/2025 3:15,August,5.008136961,4.984725141
7/29/2025 3:20,August,4.290625148,4.270565525
7/29/2025 3:25,August,3.600539882,3.583706561
7/29/2025 3:30,August,3.597625055,3.581521093
7/29/2025 3:35,August,3.599439889,3.582971395
7/29/2025 3:40,August,3.599439889,3.583329406
7/29/2025 3:45,August,3.598711257,3.582961974
7/29/2025 3:50,August,3.597982921,3.58259469
7/29/2025 3:55,August,5.49629365,5.471690724
7/29/2025 4:00,August,5.006650064,4.983740893
7/29/2025 4:05,August,3.596860401,3.581484619
7/29/2025 4:10,August,4.086614333,4.068738696
7/29/2025 4:15,August,4.999268992,4.97690201
7/29/2025 4:20,August,4.996315214,4.973464697
7/29/2025 4:25,August,4.088708666,4.070413758
7/29/2025 4:30,August,4.990903738,4.968571963
7/29/2025 4:35,August,4.140246465,4.12171911
7/29/2025 4:40,August,4.288530083,4.268912702
7/29/2025 4:45,August,12.26715462,12.20860018
7/29/2025 4:50,August,5.496816786,5.470576388
7/29/2025 4:55,August,5.495106513,5.46778127
7/29/2025 5:00,August,5.003196508,4.977817254
7/29/2025 5:05,August,12.27097955,12.20506561
7/29/2025 5:10,August,12.27605863,12.20887622
7/29/2025 5:15,August,5.540035502,5.509168724
7/29/2025 5:20,August,12.28623853,12.2116208
7/29/2025 5:25,August,5.541393948,5.507187813
7/29/2025 5:30,August,5.025498117,4.995495143
7/29/2025 5:35,August,5.517578472,5.484634427
7/29/2025 5:40,August,5.027988544,4.99696702
7/29/2025 5:45,August,5.025490579,4.99397496
7/29/2025 5:50,August,5.489254572,5.458081162
7/29/2025 5:55,August,3.292579237,3.273554572
7/29/2025 6:00,August,3.174306406,3.15628315
7/29/2025 6:05,August,7.60E-01,7.55E-01
7/29/2025 6:10,August,3.015737176,2.999520306
7/29/2025 6:15,August,3.182486789,3.166005431
7/29/2025 6:20,August,3.170425835,3.155266911
7/29/2025 6:25,August,3.105078245,3.091780927
7/29/2025 6:30,August,3.114157369,3.102058133
7/29/2025 6:35,August,3.128262687,3.117977476
7/29/2025 6:40,August,3.160464046,3.150701752
7/29/2025 6:45,August,3.157873377,3.149381088
7/29/2025 6:50,August,3.578170043,3.571391855
7/29/2025 6:55,August,3.152287901,3.149771858
7/29/2025 7:00,August,3.573520432,3.570667322
7/29/2025 7:05,August,1.01E-01,1.01E-01
7/29/2025 7:10,August,0.100899233,0.100838578
7/29/2025 7:15,August,0.50859678,0.508494949
7/29/2025 7:20,August,3.107550072,3.111596362
7/29/2025 7:25,August,3.100148859,3.103253354
7/29/2025 7:30,August,3.14670722,3.150487805
7/29/2025 7:35,August,3.169640334,3.175672906
7/29/2025 7:40,August,3.151221849,3.157851348
7/29/2025 7:45,August,4.254839363,4.266780378
7/29/2025 7:50,August,4.252305848,4.265948698
7/29/2025 7:55,August,12.20822701,12.24864755
7/29/2025 8:00,August,12.21802593,12.25232214
7/29/2025 8:05,August,0.616476354,0.616044086
7/29/2025 8:10,August,5.43E+00,5.43E+00
7/29/2025 8:15,August,4.98109427,4.98E+00
7/29/2025 8:20,August,4.97E+00,4.990601504
7/29/2025 8:25,August,3.26998944,3.282133333
7/29/2025 8:30,August,3.565766763,3.565766763
7/29/2025 8:35,August,5.441952373,5.443590529
7/29/2025 8:40,August,12.50949933,12.51577668
7/29/2025 8:45,August,5.51692316,5.521352645
7/29/2025 8:50,August,5.428583199,5.43348953
7/29/2025 8:55,August,5.453954957,5.460526647
7/29/2025 9:00,August,5.463587758,5.4712675
7/29/2025 9:05,August,2.299335796,2.312996134
7/29/2025 9:10,August,3.139576959,3.158541483
7/29/2025 9:15,August,3.166533534,3.178300305
7/29/2025 9:20,August,4.886612588,4.906239509
7/29/2025 9:25,August,4.872436507,4.905792561
7/29/2025 9:30,August,4.925963425,4.959689313
7/29/2025 9:35,August,13.13214068,13.22992478
7/29/2025 9:40,August,12.59081896,12.68461004
7/29/2025 9:45,August,8.485382912,8.54776915
7/29/2025 9:50,August,5.426263168,5.466708723
7/29/2025 9:55,August,13.14318762,13.24115256
7/29/2025 10:00,August,12.1555102,12.24367347
7/29/2025 10:05,August,6.021291322,6.066181061
7/29/2025 10:10,August,6.01321422,6.058663285
7/29/2025 10:15,August,6.047676991,6.095800125
7/29/2025 10:20,August,8.796139452,8.863502068
7/29/2025 10:25,August,13.17790033,13.28543709
7/29/2025 10:30,August,12.21441699,12.27200327
7/29/2025 10:35,August,7.347814561,7.375795015
7/29/2025 10:40,August,8.4956046,8.547667277
7/29/2025 10:45,August,7.309118917,7.357645408
7/29/2025 10:50,August,6.084207872,6.138197011
7/29/2025 10:55,August,5.581952906,5.632058182
7/29/2025 11:00,August,6.678008234,6.738601111
7/29/2025 11:05,August,0.100310649,0.101111513
7/29/2025 11:10,August,2.607169417,2.631884415
7/29/2025 11:15,August,4.848508967,4.895467892
7/29/2025 11:20,August,5.45879276,5.51055575
7/29/2025 11:25,August,4.887673027,4.93500649
7/29/2025 11:30,August,5.459912402,5.510584442
7/29/2025 11:35,August,4.880934729,4.926233427
7/29/2025 11:40,August,5.540119909,5.591525964
7/29/2025 11:45,August,5.964934296,6.021473958
7/29/2025 11:50,August,5.546612427,5.598669643
7/29/2025 11:55,August,5.547172182,5.599229398
7/29/2025 12:00,August,5.461256724,5.509781623
7/29/2025 12:05,August,1.572370381,1.58666177
7/29/2025 12:10,August,1.691294307,1.706827995
7/29/2025 12:15,August,2.971299708,2.998300614
7/29/2025 12:20,August,2.970998792,2.998302457
7/29/2025 12:25,August,3.140433313,3.165450378
7/29/2025 12:30,August,3.139798436,3.168638818
7/29/2025 12:35,August,3.1382138,3.166737254
7/29/2025 12:40,August,5.951638651,6.00394093
7/29/2025 12:45,August,3.140431267,3.167709026
7/29/2025 12:50,August,0.574483555,0.579187201
7/29/2025 12:55,August,2.96859847,2.993201772
7/29/2025 13:00,August,12.53570292,12.64956035
7/29/2025 13:05,August,5.958746213,6.006800618
7/29/2025 13:10,August,5.94901229,5.994016922
7/29/2025 13:15,August,12.83080027,12.92400221
7/29/2025 13:20,August,12.5183106,12.60797065
7/29/2025 13:25,August,9.850033994,9.917608884
7/29/2025 13:30,August,5.997837185,6.037173217
7/29/2025 13:35,August,5.560780012,5.606286496
7/29/2025 13:40,August,9.812755575,9.89205057
7/29/2025 13:45,August,5.572945216,5.616857705
7/29/2025 13:50,August,5.977498105,6.023980367
7/29/2025 13:55,August,4.579027976,4.613717582
7/29/2025 14:00,August,5.973213025,6.017262379
7/29/2025 14:05,August,5.959614827,6.008370387
7/29/2025 14:10,August,5.576474985,5.609634834
7/29/2025 14:15,August,5.580894907,5.619147186
7/29/2025 14:20,August,5.595747431,5.632980955
7/29/2025 14:25,August,5.579954977,5.630118209
7/29/2025 14:30,August,7.454191915,7.515156126
7/29/2025 14:35,August,5.955453362,6.008444252
7/29/2025 14:40,August,5.969948915,6.014523249
7/29/2025 14:45,August,6.674740068,6.723234648
7/29/2025 14:50,August,7.455704068,7.510630539
7/29/2025 14:55,August,5.992255575,6.036396307
7/29/2025 15:00,August,5.580281077,5.616304679
7/29/2025 15:05,August,5.584832642,5.619709719
7/29/2025 15:10,August,3.549280253,3.572524909
7/29/2025 15:15,August,5.584237481,5.620253928
7/29/2025 15:20,August,5.968600578,6.006509827
7/29/2025 15:25,August,9.437788655,9.497732267
7/29/2025 15:30,August,13.70414851,13.79530693
7/29/2025 15:35,August,13.7180293,13.79535287
7/29/2025 15:40,August,13.81269915,13.89051718
7/29/2025 15:45,August,13.73484582,13.78172243
7/29/2025 15:50,August,13.56676716,13.5735519
7/29/2025 15:55,August,10.51481892,10.51902611
7/29/2025 16:00,August,8.86993514,8.86993514
7/29/2025 16:05,August,6.107811454,6.110868723
7/29/2025 16:10,August,6.100644584,6.109822166
7/29/2025 16:15,August,9.305181375,9.319175532
7/29/2025 16:20,August,6.187536204,6.175172259
7/29/2025 16:25,August,9.970206277,9.945303174
7/29/2025 16:30,August,9.377740938,9.344984357
7/29/2025 16:35,August,9.971228275,9.937390391
7/29/2025 16:40,August,9.956365071,9.921583878
7/29/2025 16:45,August,9.961275956,9.934404696
7/29/2025 16:50,August,9.961264364,9.93239402
7/29/2025 16:55,August,9.015235739,8.991803156
7/29/2025 17:00,August,6.189077563,6.172990788
7/29/2025 17:05,August,5.686200865,5.67028746
7/29/2025 17:10,August,3.604447886,3.594723656
7/29/2025 17:15,August,5.522020085,5.506570788
7/29/2025 17:20,August,6.127721936,6.121600336
7/29/2025 17:25,August,5.680570251,5.651096129
7/29/2025 17:30,August,5.638504615,5.608135649
7/29/2025 17:35,August,6.105460107,6.076229897
7/29/2025 17:40,August,6.139352977,6.109969295
7/29/2025 17:45,August,6.146637375,6.117831716
7/29/2025 17:50,August,6.405314279,6.373386683
7/29/2025 17:55,August,6.141091329,6.108657065
7/29/2025 18:00,August,6.137837348,6.104811918
7/29/2025 18:05,August,8.995606097,8.946283165
7/29/2025 18:10,August,8.96325804,8.915025262
7/29/2025 18:15,August,8.988455039,8.936545212
7/29/2025 18:20,August,6.203830678,6.165543051
7/29/2025 18:25,August,9.010851367,8.953457409
7/29/2025 18:30,August,9.033323865,8.966856135
7/29/2025 18:35,August,11.27691201,11.19281453
7/29/2025 18:40,August,9.044155189,8.97850705
7/29/2025 18:45,August,11.30932287,11.2272164
7/29/2025 18:50,August,11.33517146,11.25175001
7/29/2025 18:55,August,9.440434482,9.37189627
7/29/2025 19:00,August,9.426376081,9.356995553
7/29/2025 19:05,August,22.361002,22.18966185
7/29/2025 19:10,August,22.1756716,22.01021444
7/29/2025 19:15,August,17.68498688,17.55128957
7/29/2025 19:20,August,14.59795479,14.4919937
7/29/2025 19:25,August,14.00477378,13.90455077
7/29/2025 19:30,August,13.93950894,13.84252398
7/29/2025 19:35,August,13.91069402,13.79992906
7/29/2025 19:40,August,14.45103784,14.31999205
7/29/2025 19:45,August,13.88714973,13.7542186
7/29/2025 19:50,August,13.68043845,13.54949906
7/29/2025 19:55,August,13.94948118,13.81456248
7/29/2025 20:00,August,13.89818222,13.76375968
7/29/2025 20:05,August,25.0225519,24.77297528
7/29/2025 20:10,August,23.33467063,23.09715577
7/29/2025 20:15,August,17.32490558,17.15207133
7/29/2025 20:20,August,14.54236586,14.4002486
7/29/2025 20:25,August,14.53784819,14.39577509
7/29/2025 20:30,August,14.40518181,14.26439116
7/29/2025 20:35,August,13.65467466,13.51985738
7/29/2025 20:40,August,13.65467466,13.52121917
7/29/2025 20:45,August,13.49109915,13.36058787
7/29/2025 20:50,August,13.47988833,13.35084273
7/29/2025 20:55,August,13.28842818,13.16252804
7/29/2025 21:00,August,11.52180821,11.41147469
7/29/2025 21:05,August,15.49573375,15.34737527
7/29/2025 21:10,August,13.50259121,13.36919569
7/29/2025 21:15,August,13.35201395,13.21874701
7/29/2025 21:20,August,12.42790698,12.30263566
7/29/2025 21:25,August,12.42795121,12.30266694
7/29/2025 21:30,August,12.42401074,12.30127079
7/29/2025 21:35,August,12.40606623,12.28474157
7/29/2025 21:40,August,12.35483353,12.2315318
7/29/2025 21:45,August,12.04094751,11.91957668
7/29/2025 21:50,August,9.964829797,9.865380398
7/29/2025 21:55,August,9.324011933,9.236584788
7/29/2025 22:00,August,8.987542573,8.905984299
7/29/2025 22:05,August,9.207326875,9.133052054
7/29/2025 22:10,August,9.309793659,9.229040713
7/29/2025 22:15,August,9.307884723,9.22809225
7/29/2025 22:20,August,7.436183912,7.378430019
7/29/2025 22:25,August,6.963892352,6.911198623
7/29/2025 22:30,August,6.233631683,6.187084254
7/29/2025 22:35,August,6.224396428,6.179152881
7/29/2025 22:40,August,6.181993409,6.137673632
7/29/2025 22:45,August,6.216133886,6.170294932
7/29/2025 22:50,August,6.201018382,6.154668335
7/29/2025 22:55,August,6.174237227,6.128702689
7/29/2025 23:00,August,5.690787469,5.649385487
7/29/2025 23:05,August,12.43498916,12.34452133
7/29/2025 23:10,August,5.673182047,5.634185278
7/29/2025 23:15,August,5.670354616,5.630808455
7/29/2025 23:20,August,5.666964607,5.627442089
7/29/2025 23:25,August,6.118550162,6.075878197
7/29/2025 23:30,August,5.666964664,5.626873543
7/29/2025 23:35,August,5.66414202,5.624062881
7/29/2025 23:40,August,5.661320558,5.621249402
7/29/2025 23:45,August,5.577246543,5.537774403
7/29/2025 23:50,August,3.623790871,3.59778021
7/29/2025 23:55,August,3.489349003,3.465346902
7/30/2025 0:00,August,3.210512704,3.189068745
7/30/2025 0:05,August,6.074617435,6.036503612
7/30/2025 0:10,August,3.619294629,3.59622113
7/30/2025 0:15,August,3.620400658,3.597320108
7/30/2025 0:20,August,5.632731551,5.595696257
7/30/2025 0:25,August,3.621893036,3.598076663
7/30/2025 0:30,August,4.27790391,4.249773826
7/30/2025 0:35,August,3.620777679,3.598053133
7/30/2025 0:40,August,3.621507363,3.599141245
7/30/2025 0:45,August,3.620761292,3.598762642
7/30/2025 0:50,August,3.538852286,3.517351291
7/30/2025 0:55,August,3.540635083,3.519475909
7/30/2025 1:00,August,5.623787057,5.586781081
7/30/2025 1:05,August,14.48569954,14.37872999
7/30/2025 1:10,August,11.39309731,11.30780261
7/30/2025 1:15,August,5.619282835,5.577774857
7/30/2025 1:20,August,3.625701692,3.600382546
7/30/2025 1:25,August,3.314273919,3.294127361
7/30/2025 1:30,August,3.314262126,3.294117647
7/30/2025 1:35,August,3.280817463,3.261205124
7/30/2025 1:40,August,3.212753117,3.193549572
7/30/2025 1:45,August,3.211771525,3.193213769
7/30/2025 1:50,August,3.211437359,3.193203279
7/30/2025 1:55,August,3.210442673,3.192857338
7/30/2025 2:00,August,3.210102055,3.192522088
7/30/2025 2:05,August,1.698353297,1.689733072
7/30/2025 2:10,August,3.020883688,3.006454151
7/30/2025 2:15,August,3.057711395,3.043414496
7/30/2025 2:20,August,3.023001009,3.00886781
7/30/2025 2:25,August,3.064367892,3.050042719
7/30/2025 2:30,August,3.208844728,3.193523476
7/30/2025 2:35,August,3.141255667,3.126571063
7/30/2025 2:40,August,2.2295671,2.220256917
7/30/2025 2:45,August,3.123538202,3.109873887
7/30/2025 2:50,August,3.163944039,3.150101587
7/30/2025 2:55,August,3.139717353,3.125668702
7/30/2025 3:00,August,3.106570836,3.092670499
7/30/2025 3:05,August,3.026943351,3.014003837
7/30/2025 3:10,August,2.324685668,2.314980221
7/30/2025 3:15,August,3.102594236,3.08933265
7/30/2025 3:20,August,3.101107029,3.0878518
7/30/2025 3:25,August,3.167385281,3.153845409
7/30/2025 3:30,August,3.142192983,3.128758131
7/30/2025 3:35,August,3.110824111,3.097833992
7/30/2025 3:40,August,3.093407997,3.081108164
7/30/2025 3:45,August,3.108678053,3.096626518
7/30/2025 3:50,August,3.103034536,3.090697652
7/30/2025 3:55,August,3.037826351,3.025747519
7/30/2025 4:00,August,3.027244269,3.015207513
7/30/2025 4:05,August,3.095243478,3.083245218
7/30/2025 4:10,August,3.460172816,3.446414673
7/30/2025 4:15,August,3.368310502,3.354581431
7/30/2025 4:20,August,3.172306912,3.159375456
7/30/2025 4:25,August,3.368659292,3.35459251
7/30/2025 4:30,August,3.214424167,3.200680483
7/30/2025 4:35,August,3.45636371,3.441585581
7/30/2025 4:40,August,3.456416931,3.440602809
7/30/2025 4:45,August,3.274577651,3.260248321
7/30/2025 4:50,August,3.453996174,3.43853821
7/30/2025 4:55,August,3.452628821,3.436832031
7/30/2025 5:00,August,3.452698056,3.436557534
7/30/2025 5:05,August,3.543786941,3.527573076
7/30/2025 5:10,August,6.075546636,6.046540645
7/30/2025 5:15,August,6.072449658,6.044056788
7/30/2025 5:20,August,5.611689931,5.585451429
7/30/2025 5:25,August,6.064255878,6.036507368
7/30/2025 5:30,August,4.275900971,4.255910187
7/30/2025 5:35,August,5.60285784,5.577218021
7/30/2025 5:40,August,3.85025745,3.831871819
7/30/2025 5:45,August,5.598445532,5.570595341
7/30/2025 5:50,August,3.479888275,3.465333872
7/30/2025 5:55,August,3.321066777,3.306843085
7/30/2025 6:00,August,3.068155354,3.054403662
7/30/2025 6:05,August,1.14E+00,1.13E+00
7/30/2025 6:10,August,2.32E+00,2.31E+00
7/30/2025 6:15,August,3.01E+00,2.998894928
7/30/2025 6:20,August,3.006617196,2.994341623
7/30/2025 6:25,August,2.213408957,2.205694426
7/30/2025 6:30,August,2.320531994,2.312674401
7/30/2025 6:35,August,2.636636046,2.628756082
7/30/2025 6:40,August,2.313937892,2.30748275
7/30/2025 6:45,August,2.640301613,2.634512632
7/30/2025 6:50,August,2.941628651,2.936643337
7/30/2025 6:55,August,2.914433317,2.910074308
7/30/2025 7:00,August,3.003063625,3.000367876
7/30/2025 7:05,August,1.24E+00,1.24E+00
7/30/2025 7:10,August,2.314466213,2.311926902
7/30/2025 7:15,August,1.50E+00,1.501558493
7/30/2025 7:20,August,2.5904969,2.591532271
7/30/2025 7:25,August,2.565039526,2.567091352
7/30/2025 7:30,August,2.994377324,2.997073073
7/30/2025 7:35,August,3.079085164,3.083707953
7/30/2025 7:40,August,3.403612203,3.40633591
7/30/2025 7:45,August,3.336961863,3.335295215
7/30/2025 7:50,August,3.522270303,3.523679211
7/30/2025 7:55,August,3.41193515,3.413641288
7/30/2025 8:00,August,6.005708135,6.0111176
7/30/2025 8:05,August,2.926253808,2.928014137
7/30/2025 8:10,August,5.589584564,5.592948743
7/30/2025 8:15,August,5.461761872,5.465598149
7/30/2025 8:20,August,5.436899047,5.442355043
7/30/2025 8:25,August,4.969670589,4.975656942
7/30/2025 8:30,August,5.426915163,5.434545656
7/30/2025 8:35,August,4.966186295,4.974666123
7/30/2025 8:40,August,5.427329516,5.433319946
7/30/2025 8:45,August,4.970675616,4.97716019
7/30/2025 8:50,August,5.42797243,5.436146267
7/30/2025 8:55,August,5.420872774,5.435039293
7/30/2025 9:00,August,5.419783042,5.435584159
7/30/2025 9:05,August,0.82005988,0.825775449
7/30/2025 9:10,August,1.276885422,1.286932538
7/30/2025 9:15,August,2.555604549,2.571311539
7/30/2025 9:20,August,2.99561692,3.001923482
7/30/2025 9:25,August,3.554587156,3.562793068
7/30/2025 9:30,August,3.593442531,3.608618458
7/30/2025 9:35,August,4.941652418,4.96351374
7/30/2025 9:40,August,5.394006836,5.431552127
7/30/2025 9:45,August,4.928665911,4.964460136
7/30/2025 9:50,August,6.703229828,6.751911747
7/30/2025 9:55,August,5.405127796,5.446009662
7/30/2025 10:00,August,5.411904756,5.452854399
7/30/2025 10:05,August,3.233710062,3.25689195
7/30/2025 10:10,August,3.235276105,3.258466878
7/30/2025 10:15,August,3.505023616,3.525857425
7/30/2025 10:20,August,4.864287516,4.909062973
7/30/2025 10:25,August,4.874779407,4.919180798
7/30/2025 10:30,August,7.468480422,7.529592344
7/30/2025 10:35,August,4.950472041,4.988983492
7/30/2025 10:40,August,5.391805018,5.429342556
7/30/2025 10:45,August,4.967908902,4.99644284
7/30/2025 10:50,August,3.501137746,3.52299782
7/30/2025 10:55,August,4.287511063,4.319497737
7/30/2025 11:00,August,4.837979167,4.87311124
7/30/2025 11:05,August,2.605863474,2.625584943
7/30/2025 11:10,August,3.234601653,3.258757523
7/30/2025 11:15,August,1.075541744,1.082146137
7/30/2025 11:20,August,3.006057431,3.028803023
7/30/2025 11:25,August,2.633022427,2.652943408
7/30/2025 11:30,August,0.917674186,0.923887218
7/30/2025 11:35,August,2.300493452,2.313227665
7/30/2025 11:40,August,2.544517565,2.558605392
7/30/2025 11:45,August,2.542212491,2.558099718
7/30/2025 11:50,August,1.071431485,1.079542655
7/30/2025 11:55,August,1.070244718,1.078999497
7/30/2025 12:00,August,1.060288558,1.068961894
7/30/2025 12:05,August,0.910232545,0.914816252
7/30/2025 12:10,August,0.946234273,0.949938291
7/30/2025 12:15,August,1.078028266,1.082029374
7/30/2025 12:20,August,1.075216741,1.082356008
7/30/2025 12:25,August,0.928144918,0.937909923
7/30/2025 12:30,August,0.979255982,0.9895556
7/30/2025 12:35,August,1.114664247,1.12161968
7/30/2025 12:40,August,2.5417,2.557307379
7/30/2025 12:45,August,2.27704456,2.302160717
7/30/2025 12:50,August,2.894991192,2.92188056
7/30/2025 12:55,August,2.879518406,2.904815599
7/30/2025 13:00,August,3.56202635,3.591134918
7/30/2025 13:05,August,3.226045376,3.251765185
7/30/2025 13:10,August,4.298179359,4.324165934
7/30/2025 13:15,August,4.877848052,4.916295116
7/30/2025 13:20,August,4.894061856,4.919705872
7/30/2025 13:25,August,4.752870657,4.775863782
7/30/2025 13:30,August,4.740401604,4.776320994
7/30/2025 13:35,August,5.396504381,5.42529298
7/30/2025 13:40,August,4.975424687,5.001953612
7/30/2025 13:45,August,4.912801714,4.929075801
7/30/2025 13:50,August,5.386171903,5.425820037
7/30/2025 13:55,August,5.391198122,5.429260035
7/30/2025 14:00,August,6.501122284,6.544353929
7/30/2025 14:05,August,4.973584348,4.999054054
7/30/2025 14:10,August,4.975110045,4.997574419
7/30/2025 14:15,August,4.308259176,4.329007289
7/30/2025 14:20,August,4.702153911,4.729538681
7/30/2025 14:25,August,4.895880496,4.923407534
7/30/2025 14:30,August,5.394293034,5.431217931
7/30/2025 14:35,August,4.965984435,5.006992565
7/30/2025 14:40,August,4.985924524,5.011958069
7/30/2025 14:45,August,4.9829573,5.007474311
7/30/2025 14:50,August,4.986011595,5.007007432
7/30/2025 14:55,August,3.262916506,3.274698351
7/30/2025 15:00,August,4.905061209,4.92574105
7/30/2025 15:05,August,5.409166136,5.429751845
7/30/2025 15:10,August,5.429062331,5.446983613
7/30/2025 15:15,August,5.441470931,5.457806779
7/30/2025 15:20,August,5.427133898,5.451065937
7/30/2025 15:25,August,6.548896725,6.577113415
7/30/2025 15:30,August,5.427645139,5.449397049
7/30/2025 15:35,August,12.82158373,12.8575237
7/30/2025 15:40,August,6.589675458,6.608150567
7/30/2025 15:45,August,5.496879833,5.510616538
7/30/2025 15:50,August,5.476999023,5.487406362
7/30/2025 15:55,August,5.489872398,5.492614592
7/30/2025 16:00,August,5.487497047,5.489140994
7/30/2025 16:05,August,1.102380785,1.102270624
7/30/2025 16:10,August,3.608870217,3.611393147
7/30/2025 16:15,August,3.611795573,3.613599306
7/30/2025 16:20,August,4.948155145,4.945682057
7/30/2025 16:25,August,6.631522853,6.626219225
7/30/2025 16:30,August,4.400026985,4.397387233
7/30/2025 16:35,August,13.98043131,13.93989617
7/30/2025 16:40,August,10.99350312,10.95178621
7/30/2025 16:45,August,9.057048255,9.01364387
7/30/2025 16:50,August,10.97817092,10.92446918
7/30/2025 16:55,August,6.707746018,6.674274231
7/30/2025 17:00,August,6.694728002,6.661337838
7/30/2025 17:05,August,2.331578774,2.320417331
7/30/2025 17:10,August,3.591304348,3.573043478
7/30/2025 17:15,August,3.593180422,3.574544338
7/30/2025 17:20,August,3.645631873,3.627811047
7/30/2025 17:25,August,3.645970976,3.627064864
7/30/2025 17:30,August,2.334711111,2.323066667
7/30/2025 17:35,August,2.980178556,2.965022083
7/30/2025 17:40,August,2.983725332,2.967955742
7/30/2025 17:45,August,2.985801022,2.969725922
7/30/2025 17:50,August,3.650836534,3.63117118
7/30/2025 17:55,August,3.65230208,3.631177875
7/30/2025 18:00,August,3.65230208,3.631177875
7/30/2025 18:05,August,2.605307406,2.589210838
7/30/2025 18:10,August,2.989069018,2.970601427
7/30/2025 18:15,August,4.45443402,4.424705254
7/30/2025 18:20,August,4.461231915,4.43145778
7/30/2025 18:25,August,4.996608736,4.95831483
7/30/2025 18:30,August,6.739396464,6.683100789
7/30/2025 18:35,August,11.04842273,10.95505268
7/30/2025 18:40,August,11.75236208,11.65071625
7/30/2025 18:45,August,11.26790047,11.16361997
7/30/2025 18:50,August,2.347511351,2.329063784
7/30/2025 18:55,August,3.66328825,3.634862416
7/30/2025 19:00,August,9.306761637,9.23172205
7/30/2025 19:05,August,9.29262243,9.224212754
7/30/2025 19:10,August,9.302066943,9.231694946
7/30/2025 19:15,August,13.53229021,13.43541957
7/30/2025 19:20,August,13.28301605,13.18792983
7/30/2025 19:25,August,6.716721556,6.66998957
7/30/2025 19:30,August,4.454683805,4.425021331
7/30/2025 19:35,August,4.994628134,4.960367339
7/30/2025 19:40,August,4.992644958,4.958397767
7/30/2025 19:45,August,4.984727979,4.951526192
7/30/2025 19:50,August,4.991159496,4.957422036
7/30/2025 19:55,August,4.990662421,4.955433049
7/30/2025 20:00,August,4.992147045,4.956900184
7/30/2025 20:05,August,13.4758761,13.38340117
7/30/2025 20:10,August,13.36011343,13.26442775
7/30/2025 20:15,August,6.698453321,6.651145037
7/30/2025 20:20,August,13.47854376,13.38064965
7/30/2025 20:25,August,13.30649128,13.20715946
7/30/2025 20:30,August,17.25281914,17.11713246
7/30/2025 20:35,August,13.82697382,13.72104636
7/30/2025 20:40,August,13.74316397,13.63788903
7/30/2025 20:45,August,9.422627922,9.349504355
7/30/2025 20:50,August,13.49597215,13.38990552
7/30/2025 20:55,August,9.1410473,9.068289984
7/30/2025 21:00,August,11.67670845,11.58137889
7/30/2025 21:05,August,25.1101014,24.90508016
7/30/2025 21:10,August,17.21830555,17.06207205
7/30/2025 21:15,August,15.37097781,15.21438175
7/30/2025 21:20,August,14.34926997,14.19144378
7/30/2025 21:25,August,13.23613788,13.09058403
7/30/2025 21:30,August,9.388807115,9.284612195
7/30/2025 21:35,August,9.667858035,9.559578025
7/30/2025 21:40,August,11.01772012,10.89210554
7/30/2025 21:45,August,9.688773928,9.579279833
7/30/2025 21:50,August,9.338548816,9.236799334
7/30/2025 21:55,August,9.009471564,8.91678523
7/30/2025 22:00,August,6.71387172,6.650899863
7/30/2025 22:05,August,11.01108459,10.90113867
7/30/2025 22:10,August,9.33849984,9.241447379
7/30/2025 22:15,August,9.119769112,9.035132996
7/30/2025 22:20,August,6.983766935,6.926003841
7/30/2025 22:25,August,5.161272086,5.120138218
7/30/2025 22:30,August,6.138916922,6.089986629
7/30/2025 22:35,August,4.441357433,4.406403534
7/30/2025 22:40,August,4.441807373,4.406849933
7/30/2025 22:45,August,4.438210404,4.404165554
7/30/2025 22:50,August,4.428796018,4.395264588
7/30/2025 22:55,August,3.658915045,3.631582512
7/30/2025 23:00,August,3.03997707,3.017570864
7/30/2025 23:05,August,4.981236714,4.946010837
7/30/2025 23:10,August,3.650697504,3.625610548
7/30/2025 23:15,August,3.856539648,3.829654102
7/30/2025 23:20,August,3.455840479,3.430366607
7/30/2025 23:25,August,3.369941791,3.345436786
7/30/2025 23:30,August,3.189911846,3.167353704
7/30/2025 23:35,August,3.189586291,3.16734814
7/30/2025 23:40,August,3.189252049,3.167018443
7/30/2025 23:45,August,3.187936508,3.165714286
7/30/2025 23:50,August,2.988189603,2.968553949
7/30/2025 23:55,August,3.041490396,3.021506487
7/31/2025 0:00,August,3.04026038,3.020591133
7/31/2025 0:05,August,3.657391652,3.634084565
7/31/2025 0:10,August,3.395001131,3.37302592
7/31/2025 0:15,August,3.354020832,3.332976781
7/31/2025 0:20,August,3.344279543,3.322961427
7/31/2025 0:25,August,3.291822095,3.271162123
7/31/2025 0:30,August,3.291822593,3.270506746
7/31/2025 0:35,August,3.213073177,3.193229513
7/31/2025 0:40,August,3.287515669,3.267212255
7/31/2025 0:45,August,3.212091486,3.192573847
7/31/2025 0:50,August,3.20915001,3.189969913
7/31/2025 0:55,August,3.184690466,3.166610052
7/31/2025 1:00,August,3.180860748,3.163437449
7/31/2025 1:05,August,3.204891447,3.187976564
7/31/2025 1:10,August,3.160805462,3.14475757
7/31/2025 1:15,August,3.160182016,3.144768029
7/31/2025 1:20,August,3.204202355,3.188895656
7/31/2025 1:25,August,3.173907285,3.159694345
7/31/2025 1:30,August,3.222137886,3.208031013
7/31/2025 1:35,August,3.207437958,3.193715957
7/31/2025 1:40,August,3.207757075,3.193715957
7/31/2025 1:45,August,3.208082934,3.19404039
7/31/2025 1:50,August,3.18,3.166080382
7/31/2025 1:55,August,3.050048382,3.037609112
7/31/2025 2:00,August,3.170325534,3.157395727
7/31/2025 2:05,August,3.420810394,3.406517314
7/31/2025 2:10,August,3.42314939,3.40918847
7/31/2025 2:15,August,3.424824738,3.410516309
7/31/2025 2:20,August,3.374511798,3.361086249
7/31/2025 2:25,August,3.320328549,3.307781564
7/31/2025 2:30,August,3.32661388,3.314705945
7/31/2025 2:35,August,3.325621289,3.313718091
7/31/2025 2:40,August,3.316715207,3.305172498
7/31/2025 2:45,August,3.201217567,3.191032742
7/31/2025 2:50,August,3.190466786,3.180317175
7/31/2025 2:55,August,3.254757335,3.244727765
7/31/2025 3:00,August,3.188874714,3.179366092
7/31/2025 3:05,August,3.317376295,3.307484506
7/31/2025 3:10,August,3.263571863,3.254490168
7/31/2025 3:15,August,3.256392087,3.247654005
7/31/2025 3:20,August,3.258033695,3.249292076
7/31/2025 3:25,August,3.056162849,3.04796287
7/31/2025 3:30,August,3.179684022,3.171152623
7/31/2025 3:35,August,3.188872061,3.18
7/31/2025 3:40,August,3.201829752,3.193239787
7/31/2025 3:45,August,3.201181411,3.192911269
7/31/2025 3:50,August,3.154296927,3.146148718
7/31/2025 3:55,August,3.159727109,3.152192737
7/31/2025 4:00,August,3.057695801,3.050100929
7/31/2025 4:05,August,2.812849255,2.805864628
7/31/2025 4:10,August,3.161161137,3.153311611
7/31/2025 4:15,August,3.160668905,3.152820602
7/31/2025 4:20,August,3.168356259,3.160488867
7/31/2025 4:25,August,3.196633707,3.18869531
7/31/2025 4:30,August,3.197280014,3.189022412
7/31/2025 4:35,August,3.312453964,3.303568097
7/31/2025 4:40,August,3.311467981,3.301924846
7/31/2025 4:45,August,3.311134803,3.30093049
7/31/2025 4:50,August,3.264341241,3.253631035
7/31/2025 4:55,August,3.220821559,3.210578437
7/31/2025 5:00,August,3.264321695,3.253939199
7/31/2025 5:05,August,3.265314897,3.254280138
7/31/2025 5:10,August,3.422101158,3.40985507
7/31/2025 5:15,August,3.420401775,3.407481768
7/31/2025 5:20,August,5.489072177,5.465574904
7/31/2025 5:25,August,3.421168914,3.406532533
7/31/2025 5:30,August,3.313755972,3.300574763
7/31/2025 5:35,August,3.310147288,3.296651262
7/31/2025 5:40,August,3.282325809,3.26796543
7/31/2025 5:45,August,3.081779469,3.06829381
7/31/2025 5:50,August,3.064904888,3.053004123
7/31/2025 5:55,August,3.050213396,3.038062362
7/31/2025 6:00,August,3.03E+00,3.02E+00
7/31/2025 6:05,August,1.99E-01,0.197720902
7/31/2025 6:10,August,1.14E+00,1.14E+00
7/31/2025 6:15,August,1.144906907,1.140342342
7/31/2025 6:20,August,1.143877939,1.139657829
7/31/2025 6:25,August,1.109336193,1.105461653
7/31/2025 6:30,August,1.111997603,1.108558664
7/31/2025 6:35,August,1.146286975,1.143200642
7/31/2025 6:40,August,1.147552345,1.14469176
7/31/2025 6:45,August,1.168974179,1.16629358
7/31/2025 6:50,August,1.478412431,1.476202987
7/31/2025 6:55,August,2.49492674,2.491694969
7/31/2025 7:00,August,2.793574985,2.791347031
7/31/2025 7:05,August,1.01E+00,1.008687126
7/31/2025 7:10,August,1.011416266,1.010809295
7/31/2025 7:15,August,1.010707378,1.010100711
7/31/2025 7:20,August,1.015991956,1.015991956
7/31/2025 7:25,August,1.149193025,1.15E+00
7/31/2025 7:30,August,1.22E+00,1.22E+00
7/31/2025 7:35,August,3.02E+00,3.03E+00
7/31/2025 7:40,August,3.248985396,3.252229515
7/31/2025 7:45,August,3.250294871,3.252890694
7/31/2025 7:50,August,3.058010907,3.058316311
7/31/2025 7:55,August,3.19155176,3.194741716
7/31/2025 8:00,August,3.242796353,3.247983789
7/31/2025 8:05,August,2.54E+00,2.56E+00
7/31/2025 8:10,August,5.39E+00,5.42E+00
7/31/2025 8:15,August,4.93E+00,4.96E+00
7/31/2025 8:20,August,4.091110088,4.11983115
7/31/2025 8:25,August,3.02E+00,3.048262712
7/31/2025 8:30,August,4.887856925,4.93E+00
7/31/2025 8:35,August,11.76389946,11.86790018
7/31/2025 8:40,August,5.35770795,5.405631167
7/31/2025 8:45,August,2.914893181,2.941847666
7/31/2025 8:50,August,2.916287792,2.942975462
7/31/2025 8:55,August,4.222858178,4.260672282
7/31/2025 9:00,August,3.018200807,3.045233098
7/31/2025 9:05,August,1.21E+00,1.21E+00
7/31/2025 9:10,August,1.26368424,1.270162718
7/31/2025 9:15,August,3.016064269,3.031831369
7/31/2025 9:20,August,2.67410395,2.691331919
7/31/2025 9:25,August,3.008179986,3.029110148
7/31/2025 9:30,August,3.098828075,3.125431487
7/31/2025 9:35,August,3.567421182,3.597320804
7/31/2025 9:40,August,3.89312731,3.926159906
7/31/2025 9:45,August,3.900442228,3.933920729
7/31/2025 9:50,August,3.56562,3.596944744
7/31/2025 9:55,August,3.563822631,3.592940004
7/31/2025 10:00,August,3.563822813,3.593656125
7/31/2025 10:05,August,2.886864072,2.911045091
7/31/2025 10:10,August,2.998179438,3.022729836
7/31/2025 10:15,August,3.897171059,3.917204898
7/31/2025 10:20,August,3.5620249,3.584314519
7/31/2025 10:25,August,2.919564529,2.941686911
7/31/2025 10:30,August,2.533498488,2.554771161
7/31/2025 10:35,August,2.533753182,2.556055542
7/31/2025 10:40,August,2.543750378,2.556565242
7/31/2025 10:45,August,1.161284619,1.164436794
7/31/2025 10:50,August,1.159767117,1.163033081
7/31/2025 10:55,August,14.66245118,14.76427376
7/31/2025 11:00,August,9.148912266,9.1994689
7/31/2025 11:05,August,3.015768768,3.032150572
7/31/2025 11:10,August,7.211110877,7.262727862
7/31/2025 11:15,August,11.43072941,11.56025608
7/31/2025 11:20,August,8.05795327,8.155086216
7/31/2025 11:25,August,7.46748664,7.559733842
7/31/2025 11:30,August,1.253148726,1.269642534
7/31/2025 11:35,August,1.202813967,1.218892088
7/31/2025 11:40,August,2.530684771,2.56475513
7/31/2025 11:45,August,8.045621181,8.152342159
7/31/2025 11:50,August,2.995747048,3.035783356
7/31/2025 11:55,August,5.0081664,5.066948886
7/31/2025 12:00,August,4.043093519,4.09134241
7/31/2025 12:05,August,1.103646074,1.116020288
7/31/2025 12:10,August,2.395355053,2.424386727
7/31/2025 12:15,August,1.13E+00,1.14E+00
7/31/2025 12:20,August,1.057090129,1.0698107
7/31/2025 12:25,August,1.1026324,1.117814946
7/31/2025 12:30,August,1.101858736,1.117137547
7/31/2025 12:35,August,1.056124506,1.070240386
7/31/2025 12:40,August,1.175481604,1.192010885
7/31/2025 12:45,August,2.267348849,2.29945128
7/31/2025 12:50,August,2.267577758,2.299676937
7/31/2025 12:55,August,1.277546408,1.295625504
7/31/2025 13:00,August,8.030856679,8.143727162
7/31/2025 13:05,August,8.051339513,8.156463278
7/31/2025 13:10,August,8.053007136,8.155759429
7/31/2025 13:15,August,8.048919784,8.150835807
7/31/2025 13:20,August,2.390988226,2.4212539
7/31/2025 13:25,August,2.389784126,2.42027965
7/31/2025 13:30,August,4.854910222,4.918887751
7/31/2025 13:35,August,4.862567809,4.925660427
7/31/2025 13:40,August,3.553373199,3.599478802
7/31/2025 13:45,August,3.886712781,3.937889998
7/31/2025 13:50,August,8.03908397,8.144936387
7/31/2025 13:55,August,7.816380124,7.91852915
7/31/2025 14:00,August,8.054654838,8.158254308
7/31/2025 14:05,August,3.550179752,3.597936798
7/31/2025 14:10,August,8.058584336,8.146460659
7/31/2025 14:15,August,8.067644662,8.153219234
7/31/2025 14:20,August,8.069267194,8.154018132
7/31/2025 14:25,August,8.074172343,8.158940557
7/31/2025 14:30,August,8.08071738,8.166326837
7/31/2025 14:35,August,7.849159815,7.916327699
7/31/2025 14:40,August,7.831908084,7.912445903
7/31/2025 14:45,August,7.828078991,7.907772165
7/31/2025 14:50,August,2.287437799,2.30958099
7/31/2025 14:55,August,3.9248322,3.946503294
7/31/2025 15:00,August,8.095915464,8.140621825
7/31/2025 15:05,August,2.549117661,2.563441421
7/31/2025 15:10,August,3.904849762,3.939876131
7/31/2025 15:15,August,8.070753387,8.142319922
7/31/2025 15:20,August,13.16551961,13.27701308
7/31/2025 15:25,August,8.102920046,8.169899829
7/31/2025 15:30,August,7.84896576,7.912263871
7/31/2025 15:35,August,3.918326533,3.94834597
7/31/2025 15:40,August,4.231820702,4.262096727
7/31/2025 15:45,August,7.858390405,7.913803654
7/31/2025 15:50,August,7.901656664,7.938966074
7/31/2025 15:55,August,8.127307967,8.167295726
7/31/2025 16:00,August,7.913495183,7.949245337
7/31/2025 16:05,August,8.124221186,8.174890306
7/31/2025 16:10,August,8.12506386,8.1732911
7/31/2025 16:15,August,8.143849612,8.177360033
7/31/2025 16:20,August,8.152162798,8.182431742
7/31/2025 16:25,August,8.152981,8.181613785
7/31/2025 16:30,August,8.164467628,8.176741332
7/31/2025 16:35,August,3.606076837,3.610411498
7/31/2025 16:40,August,3.607168921,3.611143166
7/31/2025 16:45,August,4.250355041,4.254609651
7/31/2025 16:50,August,7.936546791,7.942901112
7/31/2025 16:55,August,1.283979142,1.284107501
7/31/2025 17:00,August,2.573853881,2.573853881
7/31/2025 17:05,August,0.96990299,0.969417942
7/31/2025 17:10,August,0.951381058,0.950428915
7/31/2025 17:15,August,0.960192,0.959424
7/31/2025 17:20,August,1.116689567,1.116243649
7/31/2025 17:25,August,2.315731916,2.316888626
7/31/2025 17:30,August,2.318028672,2.316641046
7/31/2025 17:35,August,2.320595912,2.31758816
7/31/2025 17:40,August,3.971189904,3.965251528
7/31/2025 17:45,August,2.577932909,2.574078344
7/31/2025 17:50,August,3.960618025,3.954697228
7/31/2025 17:55,August,3.370877443,3.36550285
7/31/2025 18:00,August,2.581840231,2.576694047
7/31/2025 18:05,August,2.583346141,2.576662193
7/31/2025 18:10,August,2.583611695,2.577183521
7/31/2025 18:15,August,3.273630625,3.264834046
7/31/2025 18:20,August,3.973601956,3.962136982
7/31/2025 18:25,August,3.979099429,3.965633779
7/31/2025 18:30,August,4.384479889,4.366165801
7/31/2025 18:35,August,5.0717403,5.05004895
7/31/2025 18:40,August,4.382732731,4.365730187
7/31/2025 18:45,August,5.026080416,5.006080096
7/31/2025 18:50,August,4.382295332,4.363550808
7/31/2025 18:55,August,5.119238643,5.09632352
7/31/2025 19:00,August,5.066678058,5.043995953
7/31/2025 19:05,August,7.97391481,7.935841806
7/31/2025 19:10,August,6.143710315,6.114373059
7/31/2025 19:15,August,5.511759501,5.485439917
7/31/2025 19:20,August,5.504362332,5.478072841
7/31/2025 19:25,August,5.076830062,5.052077358
7/31/2025 19:30,August,5.504934511,5.476999023
7/31/2025 19:35,August,5.079882265,5.054103758
7/31/2025 19:40,August,5.082428571,5.056131429
7/31/2025 19:45,August,5.083451715,5.056640794
7/31/2025 19:50,August,5.081922857,5.05512
7/31/2025 19:55,August,5.114065133,5.086586574
7/31/2025 20:00,August,4.400748137,4.37754252
7/31/2025 20:05,August,5.11716597,5.09069436
7/31/2025 20:10,August,5.118184109,5.091712499
7/31/2025 20:15,August,5.079868089,5.053089393
7/31/2025 20:20,August,5.078348923,5.051572909
7/31/2025 20:25,August,5.082930433,5.055624599
7/31/2025 20:30,August,4.404725617,4.380620154
7/31/2025 20:35,August,5.499194206,5.469649237
7/31/2025 20:40,August,5.071238524,5.045004501
7/31/2025 20:45,August,5.073273792,5.045509607
7/31/2025 20:50,August,4.394143694,4.370533369
7/31/2025 20:55,August,5.067690786,5.04046682
7/31/2025 21:00,August,4.389745183,4.366599889
7/31/2025 21:05,August,15.53745545,15.45237381
7/31/2025 21:10,August,9.315724309,9.260008254
7/31/2025 21:15,August,8.278024131,8.230174281
7/31/2025 21:20,August,8.01447003,7.968933268
7/31/2025 21:25,August,6.813046674,6.77434004
7/31/2025 21:30,August,5.079429303,5.051587105
7/31/2025 21:35,August,5.550493689,5.518953649
7/31/2025 21:40,August,5.083011502,5.052607685
7/31/2025 21:45,August,5.089146083,5.059212914
7/31/2025 21:50,August,5.559835006,5.526579089
7/31/2025 21:55,August,5.090682042,5.060739839
7/31/2025 22:00,August,5.088122624,5.058195475
7/31/2025 22:05,August,7.978622853,7.93568856
7/31/2025 22:10,August,6.637339056,6.602945271
7/31/2025 22:15,August,5.528903074,5.499151129
7/31/2025 22:20,August,5.519642877,5.489393738
7/31/2025 22:25,August,5.520271414,5.4900128
7/31/2025 22:30,August,5.515089142,5.484858934
7/31/2025 22:35,August,5.110604331,5.083100581
7/31/2025 22:40,August,5.493315283,5.464846836
7/31/2025 22:45,August,5.492174052,5.46371152
7/31/2025 22:50,August,4.179648714,4.157569437
7/31/2025 22:55,August,3.977492861,3.956481487
7/31/2025 23:00,August,3.97552283,3.954521862
7/31/2025 23:05,August,5.484198693,5.456324054
7/31/2025 23:10,August,5.081045392,5.055723727
7/31/2025 23:15,August,5.134250591,5.10917801
7/31/2025 23:20,August,5.19977894,5.172829024
7/31/2025 23:25,August,5.195567522,5.166565151
7/31/2025 23:30,August,3.977884901,3.956076321
7/31/2025 23:35,August,3.969624428,3.947863306
7/31/2025 23:40,August,5.034072325,5.005974244
7/31/2025 23:45,August,4.173288287,4.149578785
7/31/2025 23:50,August,5.033035227,5.005946231
7/31/2025 23:55,August,3.977100977,3.956093766
8/1/2025 0:00,August,3.878161188,3.85767454
8/1/2025 0:05,August,5.482514798,5.453553044
8/1/2025 0:10,August,5.017494647,4.991489491
8/1/2025 0:15,August,4.260300675,4.238222179
8/1/2025 0:20,August,5.041708131,5.014572455
8/1/2025 0:25,August,3.636656951,3.616723112
8/1/2025 0:30,August,3.312744379,3.294916175
8/1/2025 0:35,August,3.306178638,3.288056272
8/1/2025 0:40,August,3.315377983,3.297205191
8/1/2025 0:45,August,3.311097749,3.293934961
8/1/2025 0:50,August,3.311427802,3.294265015
8/1/2025 0:55,August,3.311427802,3.293604908
8/1/2025 1:00,August,3.30847532,3.290671865
8/1/2025 1:05,August,3.393763387,3.375502802
8/1/2025 1:10,August,3.387064117,3.369516311
8/1/2025 1:15,August,3.319008401,3.301153604
8/1/2025 1:20,August,3.320659485,3.303126614
8/1/2025 1:25,August,3.383932584,3.366067416
8/1/2025 1:30,August,3.400932093,3.382978965
8/1/2025 1:35,August,3.58909235,3.570145946
8/1/2025 1:40,August,3.331597972,3.314339245
8/1/2025 1:45,August,3.401619107,3.384336523
8/1/2025 1:50,August,3.323304803,3.306421792
8/1/2025 1:55,August,3.328607608,3.310701171
8/1/2025 2:00,August,3.329935499,3.312023703
8/1/2025 2:05,August,3.330266669,3.31235666
8/1/2025 2:10,August,3.327942919,3.310376842
8/1/2025 2:15,August,3.330600024,3.312352888
8/1/2025 2:20,August,3.280715879,3.262742039
8/1/2025 2:25,August,3.211430259,3.194477489
8/1/2025 2:30,August,3.212404246,3.195448024
8/1/2025 2:35,August,3.213713295,3.197070222
8/1/2025 2:40,August,3.213378631,3.196738949
8/1/2025 2:45,August,3.211075079,3.195090038
8/1/2025 2:50,August,3.210095097,3.194114934
8/1/2025 2:55,August,3.209108857,3.193774141
8/1/2025 3:00,August,3.208456334,3.192805327
8/1/2025 3:05,August,3.159869436,3.145086053
8/1/2025 3:10,August,3.203570856,3.188262603
8/1/2025 3:15,August,3.2013021,3.186321893
8/1/2025 3:20,August,3.201957895,3.186335478
8/1/2025 3:25,August,3.171997555,3.156524397
8/1/2025 3:30,August,1.292871193,1.286950628
8/1/2025 3:35,August,3.04148979,3.026956041
8/1/2025 3:40,August,3.151447459,3.136073014
8/1/2025 3:45,August,3.142761268,3.127427672
8/1/2025 3:50,August,3.149269303,3.133903954
8/1/2025 3:55,August,3.150263408,3.135208385
8/1/2025 4:00,August,3.154245926,3.138856296
8/1/2025 4:05,August,2.681754079,2.668402719
8/1/2025 4:10,August,3.17332042,3.157518605
8/1/2025 4:15,August,3.189994741,3.173790585
8/1/2025 4:20,August,3.278710354,3.261727294
8/1/2025 4:25,August,3.279046249,3.262061449
8/1/2025 4:30,August,3.190322304,3.173797077
8/1/2025 4:35,August,3.280727199,3.263078337
8/1/2025 4:40,August,3.319008993,3.30082536
8/1/2025 4:45,August,3.279044606,3.262059814
8/1/2025 4:50,August,3.317030055,3.299848506
8/1/2025 4:55,August,3.188064925,3.172186526
8/1/2025 5:00,August,3.316371786,3.299525675
8/1/2025 5:05,August,3.322974159,3.306425483
8/1/2025 5:10,August,3.616413334,3.597681041
8/1/2025 5:15,August,3.616794251,3.597694002
8/1/2025 5:20,August,4.057489679,4.035657829
8/1/2025 5:25,August,4.056265441,4.034438003
8/1/2025 5:30,August,4.056675371,4.034441476
8/1/2025 5:35,August,3.591339755,3.57201416
8/1/2025 5:40,August,3.400919752,3.382283647
8/1/2025 5:45,August,3.386016559,3.367463968
8/1/2025 5:50,August,3.382255593,3.365399939
8/1/2025 5:55,August,3.371235004,3.354437619
8/1/2025 6:00,August,3.322973368,3.305755889
8/1/2025 6:05,August,1.14E+00,1.14E+00
8/1/2025 6:10,August,2.326038415,2.314447631
8/1/2025 6:15,August,2.327243058,2.316107924
8/1/2025 6:20,August,2.565813785,2.553278902
8/1/2025 6:25,August,2.32656,2.316118672
8/1/2025 6:30,August,1.154031852,1.148963741
8/1/2025 6:35,August,1.288355494,1.283213898
8/1/2025 6:40,August,1.703141686,1.697364293
8/1/2025 6:45,August,1.98E+00,1.98E+00
8/1/2025 6:50,August,1.98E+00,1.98E+00
8/1/2025 6:55,August,2.29E+00,2.29E+00
8/1/2025 7:00,August,2.314486937,2.309868125
8/1/2025 7:05,August,1.01E+00,1.011822486
8/1/2025 7:10,August,1.978167418,1.976784913
8/1/2025 7:15,August,2.31E+00,2.31E+00
8/1/2025 7:20,August,2.970394959,2.969207157
8/1/2025 7:25,August,2.967754411,2.967161098
8/1/2025 7:30,August,3.36E+00,3.36E+00
8/1/2025 7:35,August,3.044494108,3.047236896
8/1/2025 7:40,August,3.079449079,3.08315034
8/1/2025 7:45,August,3.570628566,3.57563646
8/1/2025 7:50,August,3.34E+00,3.34E+00
8/1/2025 7:55,August,3.36E+00,3.37E+00
8/1/2025 8:00,August,4.03E+00,4.04E+00
8/1/2025 8:05,August,2.311497687,2.312890435
8/1/2025 8:10,August,2.94970261,2.952073753
8/1/2025 8:15,August,3.109770681,3.112271502
8/1/2025 8:20,August,2.952089455,2.955057871
8/1/2025 8:25,August,2.311808776,2.314831356
8/1/2025 8:30,August,2.547852375,2.551441261
8/1/2025 8:35,August,2.546825429,2.551182043
8/1/2025 8:40,August,1.270127831,1.272556618
8/1/2025 8:45,August,1.219018207,1.221718137
8/1/2025 8:50,August,1.157900475,1.160699308
8/1/2025 8:55,August,1.269105364,1.272683909
8/1/2025 9:00,August,2.305475302,2.312441186
8/1/2025 9:05,August,1.11E+00,1.12E+00
8/1/2025 9:10,August,1.1304,1.1392
8/1/2025 9:15,August,2.288903995,2.307879845
8/1/2025 9:20,August,2.28542169,2.306700791
8/1/2025 9:25,August,2.285192594,2.307167823
8/1/2025 9:30,August,2.284738565,2.308111257
8/1/2025 9:35,August,2.519478324,2.54655301
8/1/2025 9:40,August,2.283359974,2.309522992
8/1/2025 9:45,August,2.281728353,2.309032272
8/1/2025 9:50,August,2.283370217,2.310704871
8/1/2025 9:55,August,2.284296815,2.310241572
8/1/2025 10:00,August,2.51441924,2.543484723
8/1/2025 10:05,August,1.107184087,1.119326236
8/1/2025 10:10,August,1.11121648,1.12214057
8/1/2025 10:15,August,1.314677956,1.327850015
8/1/2025 10:20,August,2.291226571,2.309976758
8/1/2025 10:25,August,2.291466579,2.310454075
8/1/2025 10:30,August,2.52182306,2.541954833
8/1/2025 10:35,August,4.013060688,4.050785811
8/1/2025 10:40,August,1.153469647,1.164080821
8/1/2025 10:45,August,2.287026439,2.310372879
8/1/2025 10:50,August,2.287240556,2.309184391
8/1/2025 10:55,August,2.287252778,2.308745605
8/1/2025 11:00,August,2.296024656,2.308731574
8/1/2025 11:05,August,1.115952604,1.122699597
8/1/2025 11:10,August,1.134159132,1.144008439
8/1/2025 11:15,August,1.111778751,1.125069187
8/1/2025 11:20,August,1.149976495,1.162796746
8/1/2025 11:25,August,1.130493319,1.143779765
8/1/2025 11:30,August,1.261437053,1.276390259
8/1/2025 11:35,August,2.522816281,2.549611315
8/1/2025 11:40,August,2.281215387,2.304980451
8/1/2025 11:45,August,2.283971723,2.305877559
8/1/2025 11:50,August,2.283273972,2.305634151
8/1/2025 11:55,August,1.13324631,1.144120896
8/1/2025 12:00,August,1.112803285,1.123712019
8/1/2025 12:05,August,0.924705735,0.933128316
8/1/2025 12:10,August,0.918563287,0.926745651
8/1/2025 12:15,August,0.917278083,0.925264104
8/1/2025 12:20,August,0.918197262,0.926561407
8/1/2025 12:25,August,1.056390586,1.068821232
8/1/2025 12:30,August,0.917357057,0.926932227
8/1/2025 12:35,August,1.099644257,1.111559389
8/1/2025 12:40,August,0.916256615,0.925821268
8/1/2025 12:45,August,1.071012128,1.082166249
8/1/2025 12:50,August,1.113366923,1.124273466
8/1/2025 12:55,August,1.11594935,1.125515273
8/1/2025 13:00,August,1.151141972,1.165593891
8/1/2025 13:05,August,1.129020867,1.142516051
8/1/2025 13:10,August,1.110209796,1.123039387
8/1/2025 13:15,August,2.520506796,2.549616083
8/1/2025 13:20,August,3.879446751,3.926210747
8/1/2025 13:25,August,1.198220198,1.212306906
8/1/2025 13:30,August,2.521009012,2.551151789
8/1/2025 13:35,August,2.279608403,2.307309974
8/1/2025 13:40,August,2.276819487,2.304712082
8/1/2025 13:45,August,1.939225378,1.962785877
8/1/2025 13:50,August,8.028449502,8.123552124
8/1/2025 13:55,August,4.009827377,4.057345842
8/1/2025 14:00,August,2.520757536,2.549617273
8/1/2025 14:05,August,1.937329773,1.960276481
8/1/2025 14:10,August,2.280764377,2.307314423
8/1/2025 14:15,August,3.878791883,3.924720296
8/1/2025 14:20,August,2.521288838,2.550374744
8/1/2025 14:25,August,2.28869048,2.314627274
8/1/2025 14:30,August,1.935159656,1.958699358
8/1/2025 14:35,August,1.130713998,1.144127112
8/1/2025 14:40,August,2.281244031,2.309207816
8/1/2025 14:45,August,1.262707767,1.278315705
8/1/2025 14:50,August,1.3141428,1.330782574
8/1/2025 14:55,August,2.280776583,2.308731807
8/1/2025 15:00,August,2.2410432,2.261869056
8/1/2025 15:05,August,2.51475798,2.53712494
8/1/2025 15:10,August,2.51552049,2.53737911
8/1/2025 15:15,August,2.240590464,2.260058112
8/1/2025 15:20,August,2.529681901,2.551672465
8/1/2025 15:25,August,2.538118339,2.55397998
8/1/2025 15:30,August,8.099591837,8.149387755
8/1/2025 15:35,August,4.218031774,4.244833186
8/1/2025 15:40,August,4.029375673,4.05907823
8/1/2025 15:45,August,7.792531189,7.869083298
8/1/2025 15:50,August,7.791885765,7.866807744
8/1/2025 15:55,August,1.950476585,1.965045604
8/1/2025 16:00,August,2.555568021,2.565070183
8/1/2025 16:05,August,2.308307432,2.320161594
8/1/2025 16:10,August,2.551462923,2.564822713
8/1/2025 16:15,August,4.033353135,4.053641631
8/1/2025 16:20,August,4.236224993,4.253684304
8/1/2025 16:25,August,3.930626178,3.942071921
8/1/2025 16:30,August,4.051675588,4.059800878
8/1/2025 16:35,August,4.242318204,4.248696991
8/1/2025 16:40,August,2.56876404,2.574176848
8/1/2025 16:45,August,7.885396204,7.900425047
8/1/2025 16:50,August,4.241439302,4.250797607
8/1/2025 16:55,August,8.16542123,8.182618487
8/1/2025 17:00,August,2.567730389,2.574431282
8/1/2025 17:05,August,7.894690102,7.912917152
8/1/2025 17:10,August,2.56930474,2.576012434
8/1/2025 17:15,August,3.04898459,3.056332279
8/1/2025 17:20,August,4.054118663,4.057775415
8/1/2025 17:25,August,3.952597094,3.952992868
8/1/2025 17:30,August,3.954171104,3.953775252
8/1/2025 17:35,August,4.246633425,4.246208464
8/1/2025 17:40,August,7.927938544,7.921595559
8/1/2025 17:45,August,7.938990324,7.930261799
8/1/2025 17:50,August,7.957967531,7.94207226
8/1/2025 17:55,August,7.971461447,7.948399558
8/1/2025 18:00,August,2.331585749,2.324376577
8/1/2025 18:05,August,7.964314978,7.945234966
8/1/2025 18:10,August,7.955627412,7.934984067
8/1/2025 18:15,August,7.975415561,7.95472087
8/1/2025 18:20,August,8.257772287,8.229771464
8/1/2025 18:25,August,8.001685551,7.973763417
8/1/2025 18:30,August,8.265129683,8.229724166
8/1/2025 18:35,August,8.278734151,8.241624575
8/1/2025 18:40,August,8.285566904,8.247601362
8/1/2025 18:45,August,8.294949912,8.255292781
8/1/2025 18:50,August,8.301871188,8.261346015
8/1/2025 18:55,August,7.46779626,7.430602335
8/1/2025 19:00,August,2.346386442,2.335639278
8/1/2025 19:05,August,7.461359183,7.424234299
8/1/2025 19:10,August,6.056524445,6.025177846
8/1/2025 19:15,August,3.987785695,3.967146215
8/1/2025 19:20,August,6.037430112,6.004974042
8/1/2025 19:25,August,6.04746121,6.013743784
8/1/2025 19:30,August,7.782024793,7.736311984
8/1/2025 19:35,August,7.470743802,7.426859504
8/1/2025 19:40,August,7.461494016,7.417664053
8/1/2025 19:45,August,7.473832162,7.427697396
8/1/2025 19:50,August,7.475405769,7.428512354
8/1/2025 19:55,August,7.471543707,7.42616243
8/1/2025 20:00,August,7.465345308,7.421492722
8/1/2025 20:05,August,7.980228803,7.931767484
8/1/2025 20:10,August,7.476923077,7.431513648
8/1/2025 20:15,August,7.471515652,7.425395186
8/1/2025 20:20,August,7.4723158,7.426185801
8/1/2025 20:25,August,7.4785271,7.430864708
8/1/2025 20:30,August,8.319900549,8.263545012
8/1/2025 20:35,August,7.795061601,7.742261104
8/1/2025 20:40,August,7.488656376,7.439428157
8/1/2025 20:45,August,7.489402258,7.440174039
8/1/2025 20:50,August,7.025598086,6.979413876
8/1/2025 20:55,August,3.988566944,3.961150016
8/1/2025 21:00,August,3.985795456,3.959588791
8/1/2025 21:05,August,14.33138981,14.23424722
8/1/2025 21:10,August,7.796983518,7.743339898
8/1/2025 21:15,August,7.798569355,7.744920174
8/1/2025 21:20,August,7.486626581,7.435869791
8/1/2025 21:25,August,4.082694329,4.054613597
8/1/2025 21:30,August,4.081863753,4.053381849
8/1/2025 21:35,August,7.495081967,7.443536003
8/1/2025 21:40,August,7.488119428,7.438109061
8/1/2025 21:45,August,4.084373654,4.056275769
8/1/2025 21:50,August,3.669909994,3.644660837
8/1/2025 21:55,August,2.987354582,2.966497329
8/1/2025 22:00,August,1.988784454,1.975495478
8/1/2025 22:05,August,7.486656299,7.438133748
8/1/2025 22:10,August,7.483523316,7.435025907
8/1/2025 22:15,August,4.250706066,4.224433135
8/1/2025 22:20,August,7.464158743,7.419512195
8/1/2025 22:25,August,8.314131786,8.262743473
8/1/2025 22:30,August,7.478069994,7.433340236
8/1/2025 22:35,August,7.471880819,7.427188082
8/1/2025 22:40,August,3.662738055,3.641561937
8/1/2025 22:45,August,3.660863764,3.640063402
8/1/2025 22:50,August,3.192271374,3.1738171
8/1/2025 22:55,August,3.019667693,3.002207747
8/1/2025 23:00,August,1.578269496,1.569300268
8/1/2025 23:05,August,7.457992565,7.417100372
8/1/2025 23:10,August,3.189670736,3.171863781
8/1/2025 23:15,August,3.015956505,2.999421656
8/1/2025 23:20,August,3.01658073,3.00004081
8/1/2025 23:25,August,3.01473158,2.997901257
8/1/2025 23:30,August,2.603464815,2.588931918
8/1/2025 23:35,August,7.458099174,7.414958678
8/1/2025 23:40,August,3.013837325,2.996404138
8/1/2025 23:45,August,3.013844697,2.996109125
8/1/2025 23:50,August,2.604846212,2.588994694
8/1/2025 23:55,August,2.602983327,2.587143145
8/2/2025 0:00,August,1.455642259,1.447072823
8/2/2025 0:05,August,5.620768053,5.590506689
8/2/2025 0:10,August,3.577851628,3.557873595
8/2/2025 0:15,August,3.217082836,3.198798489
8/2/2025 0:20,August,3.574944209,3.554267427
8/2/2025 0:25,August,3.42321001,3.403408855
8/2/2025 0:30,August,3.573495791,3.553181713
8/2/2025 0:35,August,4.075277114,4.052514744
8/2/2025 0:40,August,3.647467021,3.627459971
8/2/2025 0:45,August,3.644856,3.625592202
8/2/2025 0:50,August,4.078991483,4.058653472
8/2/2025 0:55,August,4.078991483,4.058653472
8/2/2025 1:00,August,3.577130273,3.558581133
8/2/2025 1:05,August,4.870483716,4.844739662
8/2/2025 1:10,August,3.698555705,3.679008093
8/2/2025 1:15,August,3.64224143,3.623721558
8/2/2025 1:20,August,3.576377965,3.558194805
8/2/2025 1:25,August,3.433744782,3.416632529
8/2/2025 1:30,August,3.439332659,3.42322578
8/2/2025 1:35,August,3.43828395,3.422524578
8/2/2025 1:40,August,3.435821269,3.419730834
8/2/2025 1:45,August,3.399671821,3.384089427
8/2/2025 1:50,August,3.39790779,3.382336584
8/2/2025 1:55,August,3.398256364,3.382683562
8/2/2025 2:00,August,3.321175055,3.306617205
8/2/2025 2:05,August,3.38321995,3.368054605
8/2/2025 2:10,August,3.386699035,3.370843387
8/2/2025 2:15,August,3.386343788,3.370491381
8/2/2025 2:20,August,3.411636686,3.395667468
8/2/2025 2:25,August,3.409288178,3.393331542
8/2/2025 2:30,August,3.385487819,3.370318353
8/2/2025 2:35,August,3.324826964,3.310261812
8/2/2025 2:40,August,3.338836404,3.32420988
8/2/2025 2:45,August,3.33849494,3.323869912
8/2/2025 2:50,August,3.324160064,3.309597834
8/2/2025 2:55,August,3.30869789,3.294204838
8/2/2025 3:00,August,3.115819729,3.102174256
8/2/2025 3:05,August,3.172944892,3.159682184
8/2/2025 3:10,August,1.649356955,1.642462062
8/2/2025 3:15,August,3.04269107,3.030885961
8/2/2025 3:20,August,3.11544945,3.103054584
8/2/2025 3:25,August,3.116084349,3.103686957
8/2/2025 3:30,August,3.080331492,3.068382722
8/2/2025 3:35,August,3.113222058,3.101146906
8/2/2025 3:40,August,3.080019082,3.068072713
8/2/2025 3:45,August,2.965836065,2.954627535
8/2/2025 3:50,August,3.044517654,3.033011769
8/2/2025 3:55,August,2.966432984,2.955223313
8/2/2025 4:00,August,3.042980499,3.03148271
8/2/2025 4:05,August,3.044201106,3.033002514
8/2/2025 4:10,August,3.112581174,3.101128758
8/2/2025 4:15,August,3.06243021,3.050857781
8/2/2025 4:20,August,3.043599155,3.031794047
8/2/2025 4:25,August,2.962813544,2.951322918
8/2/2025 4:30,August,2.795821419,2.784977357
8/2/2025 4:35,August,2.958320108,2.947726302
8/2/2025 4:40,August,3.0381026,3.026921996
8/2/2025 4:45,August,3.107534986,3.095480693
8/2/2025 4:50,August,3.036918207,3.027844654
8/2/2025 4:55,August,3.036613082,3.027842862
8/2/2025 5:00,August,2.876930036,2.868621834
8/2/2025 5:05,August,3.382161769,3.368368013
8/2/2025 5:10,August,3.270930351,3.25726487
8/2/2025 5:15,August,3.162685634,3.149786986
8/2/2025 5:20,August,3.106594544,3.093615636
8/2/2025 5:25,August,2.521818842,2.511534918
8/2/2025 5:30,August,2.95531887,2.942971969
8/2/2025 5:35,August,2.534508518,2.524170789
8/2/2025 5:40,August,2.952628525,2.940291637
8/2/2025 5:45,August,2.388148879,2.377932961
8/2/2025 5:50,August,2.845853184,2.835089531
8/2/2025 5:55,August,2.844989059,2.834228674
8/2/2025 6:00,August,2.843847045,2.832805728
8/2/2025 6:05,August,9.07E-01,9.03E-01
8/2/2025 6:10,August,1.13E+00,1.13E+00
8/2/2025 6:15,August,1.178807588,1.174345077
8/2/2025 6:20,August,1.189360781,1.185095291
8/2/2025 6:25,August,2.062541259,2.056175391
8/2/2025 6:30,August,2.452405441,2.445078266
8/2/2025 6:35,August,2.448685523,2.441368005
8/2/2025 6:40,August,2.378507023,2.371871754
8/2/2025 6:45,August,2.618316667,2.612314346
8/2/2025 6:50,August,2.375647612,2.371620287
8/2/2025 6:55,August,2.081547775,2.078433551
8/2/2025 7:00,August,2.368936923,2.367990957
8/2/2025 7:05,August,0.890892857,0.889553571
8/2/2025 7:10,August,0.180086897,0.179834017
8/2/2025 7:15,August,0.889559542,0.888489288
8/2/2025 7:20,August,0.896852833,0.896852833
8/2/2025 7:25,August,0.901738412,0.904094003
8/2/2025 7:30,August,0.924721637,0.928061992
8/2/2025 7:35,August,1.67631904,1.683539487
8/2/2025 7:40,August,2.353007098,2.363617912
8/2/2025 7:45,August,2.591719309,2.606280991
8/2/2025 7:50,August,2.58912416,2.604456723
8/2/2025 7:55,August,3.006681367,3.022972838
8/2/2025 8:00,August,3.037671075,3.053519264
8/2/2025 8:05,August,0.89650659,0.898855831
8/2/2025 8:10,August,0.946185,0.946185
8/2/2025 8:15,August,0.9463105,0.9463105
8/2/2025 8:20,August,0.9413914,0.9413914
8/2/2025 8:25,August,0.9261033,0.9261033
8/2/2025 8:30,August,0.9261721,0.9261721
8/2/2025 8:35,August,0.9213449,0.9213449
8/2/2025 8:40,August,0.1028659,0.1028659
8/2/2025 8:45,August,0.1028742,0.1028742
8/2/2025 8:50,August,0.0891473,0.0891473
8/2/2025 8:55,August,0.0891535,0.0891535
8/2/2025 9:00,August,0.1029004,0.1029004
8/2/2025 9:05,August,0,0
8/2/2025 9:10,August,0,0
8/2/2025 9:15,August,0,0
8/2/2025 9:20,August,0,0
8/2/2025 9:25,August,0,0
8/2/2025 9:30,August,0,0
8/2/2025 9:35,August,0,0
8/2/2025 9:40,August,0.0892582,0.0892582
8/2/2025 9:45,August,0.00102,0.00102
8/2/2025 9:50,August,0.0892691,0.0892691
8/2/2025 9:55,August,0.1030562,0.1030562
8/2/2025 10:00,August,0.1030648,0.1030648
8/2/2025 10:05,August,0.085511758,0.086440762
8/2/2025 10:10,August,0.085724764,0.086690701
8/2/2025 10:15,August,0.08586188,0.086837781
8/2/2025 10:20,August,0.099298859,0.100466726
8/2/2025 10:25,August,0.099259315,0.100436541
8/2/2025 10:30,August,0.178141463,0.180289268
8/2/2025 10:35,August,0.177304403,0.17962387
8/2/2025 10:40,August,0.179522967,0.181943051
8/2/2025 10:45,August,0.9234657,0.9234657
8/2/2025 10:50,August,0.9539533,0.9539533
8/2/2025 10:55,August,2.3716478,2.3716478
8/2/2025 11:00,August,0.9541256,0.9541256
8/2/2025 11:05,August,0.9236133,0.9236133
8/2/2025 11:10,August,2.1822578,2.1822578
8/2/2025 11:15,August,3.06122,3.06122
8/2/2025 11:20,August,2.6506157,2.6506157
8/2/2025 11:25,August,0.9692813,0.9692813
8/2/2025 11:30,August,2.9571996,2.9571996
8/2/2025 11:35,August,0.9692013,0.9692013
8/2/2025 11:40,August,0.9285146,0.9285146
8/2/2025 11:45,August,0.9284868,0.9284868
8/2/2025 11:50,August,0.923368,0.923368
8/2/2025 11:55,August,0.188798,0.188798
8/2/2025 12:00,August,0.1888033,0.1888033
8/2/2025 12:05,August,0.0892889,0.0892889
8/2/2025 12:10,August,0.0892852,0.0892852
8/2/2025 12:15,August,0.1887938,0.1887938
8/2/2025 12:20,August,0.1030591,0.1030591
8/2/2025 12:25,August,0.1887475,0.1887475
8/2/2025 12:30,August,0.1887352,0.1887352
8/2/2025 12:35,August,0.1887054,0.1887054
8/2/2025 12:40,August,0.9332829,0.9332829
8/2/2025 12:45,August,0.933663,0.933663
8/2/2025 12:50,August,0.9335257,0.9335257
8/2/2025 12:55,August,0.9488573,0.9488573
8/2/2025 13:00,August,0.9487859,0.9487859
8/2/2025 13:05,August,2.0406444,2.0406444
8/2/2025 13:10,August,2.6502687,2.6502687
8/2/2025 13:15,August,7.6524964,7.6524964
8/2/2025 13:20,August,3.0714768,3.0714768
8/2/2025 13:25,August,3.1640405,3.1640405
8/2/2025 13:30,August,2.9575355,2.9575355
8/2/2025 13:35,August,3.0711512,3.0711512
8/2/2025 13:40,August,4.6231063,4.6231063
8/2/2025 13:45,August,5.1032064,5.1032064
8/2/2025 13:50,August,5.1020744,5.1020744
8/2/2025 13:55,August,6.1230847,6.1230847
8/2/2025 14:00,August,3.1641672,3.1641672
8/2/2025 14:05,August,3.0715159,3.0715159
8/2/2025 14:10,August,3.0615887,3.0615887
8/2/2025 14:15,August,3.0615655,3.0615655
8/2/2025 14:20,August,4.62227,4.62227
8/2/2025 14:25,August,5.5094536,5.5094536
8/2/2025 14:30,August,3.5706374,3.5706374
8/2/2025 14:35,August,7.3463465,7.3463465
8/2/2025 14:40,August,5.1020863,5.1020863
8/2/2025 14:45,August,4.6225641,4.6225641
8/2/2025 14:50,August,5.1021986,5.1021986
8/2/2025 14:55,August,4.6222405,4.6222405
8/2/2025 15:00,August,3.162934,3.162934
8/2/2025 15:05,August,3.4805534,3.4805534
8/2/2025 15:10,August,3.1621248,3.1621248
8/2/2025 15:15,August,2.6946722,2.6946722
8/2/2025 15:20,August,5.0994983,5.0994983
8/2/2025 15:25,August,5.0990244,5.0990244
8/2/2025 15:30,August,5.0994568,5.0994568
8/2/2025 15:35,August,5.0987491,5.0987491
8/2/2025 15:40,August,4.6196635,4.6196635
8/2/2025 15:45,August,7.3426587,7.3426587
8/2/2025 15:50,August,5.0990994,5.0990994
8/2/2025 15:55,August,3.2425915,3.2425915
8/2/2025 16:00,August,4.5885303,4.5885303
8/2/2025 16:05,August,4.5888455,4.5888455
8/2/2025 16:10,August,4.5884366,4.5884366
8/2/2025 16:15,August,3.2629001,3.2629001
8/2/2025 16:20,August,5.0991598,5.0991598
8/2/2025 16:25,August,3.5691637,3.5691637
8/2/2025 16:30,August,2.638770991,2.6648658
8/2/2025 16:35,August,4.6198192,4.6198192
8/2/2025 16:40,August,5.100091,5.100091
8/2/2025 16:45,August,4.6205929,4.6205929
8/2/2025 16:50,August,3.534593344,3.560567303
8/2/2025 16:55,August,2.357199535,2.373560743
8/2/2025 17:00,August,3.031072299,3.049350122
8/2/2025 17:05,August,3.034122068,3.047831827
8/2/2025 17:10,August,1.973970898,1.980698546
8/2/2025 17:15,August,3.149287619,3.157488889
8/2/2025 17:20,August,3.151500885,3.157494731
8/2/2025 17:25,August,3.154035591,3.158137478
8/2/2025 17:30,August,3.05094671,3.053082159
8/2/2025 17:35,August,3.156554081,3.156869579
8/2/2025 17:40,August,3.158774511,3.157512264
8/2/2025 17:45,August,3.062990521,3.059932729
8/2/2025 17:50,August,3.162548537,3.157500574
8/2/2025 17:55,August,3.169542164,3.16353625
8/2/2025 18:00,August,3.27309065,3.265585806
8/2/2025 18:05,August,3.168921544,3.160711085
8/2/2025 18:10,August,3.584350443,3.573995177
8/2/2025 18:15,August,4.988164912,4.972761674
8/2/2025 18:20,August,4.983710908,4.967828153
8/2/2025 18:25,August,5.001086034,4.983655441
8/2/2025 18:30,August,4.99859699,4.980680872
8/2/2025 18:35,August,5.007069188,4.98862419
8/2/2025 18:40,August,7.42779661,7.399691834
8/2/2025 18:45,August,7.430157262,7.401295097
8/2/2025 18:50,August,3.598280074,3.584661085
8/2/2025 18:55,August,4.247466355,4.229698069
8/2/2025 19:00,August,4.99512072,4.968783533
8/2/2025 19:05,August,7.759365994,7.717682174
8/2/2025 19:10,August,7.452059308,7.411285008
8/2/2025 19:15,August,7.455924171,7.414382856
8/2/2025 19:20,August,4.829526287,4.802137669
8/2/2025 19:25,August,5.010560871,4.980644098
8/2/2025 19:30,August,5.015563973,4.986113508
8/2/2025 19:35,August,4.257494042,4.232494823
8/2/2025 19:40,August,4.302385251,4.277986091
8/2/2025 19:45,August,5.002578598,4.974208587
8/2/2025 19:50,August,4.995616314,4.967282968
8/2/2025 19:55,August,4.260429744,4.235844636
8/2/2025 20:00,August,4.094194736,4.070156773
8/2/2025 20:05,August,7.4659513,7.421378457
8/2/2025 20:10,August,7.471403491,7.427532789
8/2/2025 20:15,August,7.476035962,7.433626124
8/2/2025 20:20,August,7.794011171,7.749017377
8/2/2025 20:25,August,7.795623836,7.749844817
8/2/2025 20:30,August,7.793174767,7.747414685
8/2/2025 20:35,August,7.798044086,7.751474697
8/2/2025 20:40,August,7.792489914,7.748267301
8/2/2025 20:45,August,4.831614583,4.803716758
8/2/2025 20:50,August,7.464547425,7.422933223
8/2/2025 20:55,August,7.788431717,7.744236535
8/2/2025 21:00,August,7.471487603,7.429090909
8/2/2025 21:05,August,7.807440847,7.758405978
8/2/2025 21:10,August,7.81068314,7.760070598
8/2/2025 21:15,August,7.492840838,7.444283046
8/2/2025 21:20,August,8.338356022,8.282656136
8/2/2025 21:25,August,7.809125831,7.756177326
8/2/2025 21:30,August,7.495235129,7.446652133
8/2/2025 21:35,August,4.989145618,4.957804889
8/2/2025 21:40,August,7.473483751,7.425791762
8/2/2025 21:45,August,7.47505953,7.426607309
8/2/2025 21:50,August,4.297357641,4.269931346
8/2/2025 21:55,August,4.295614255,4.268624757
8/2/2025 22:00,August,3.590312241,3.567754181
8/2/2025 22:05,August,4.986662267,4.955330889
8/2/2025 22:10,August,4.084824005,4.05915635
8/2/2025 22:15,August,5.250338948,5.219433032
8/2/2025 22:20,August,4.98368159,4.954345342
8/2/2025 22:25,August,7.465921788,7.418994413
8/2/2025 22:30,August,7.466666667,7.418249535
8/2/2025 22:35,August,3.707705157,3.68403502
8/2/2025 22:40,August,4.078592706,4.052557405
8/2/2025 22:45,August,3.66242251,3.639774376
8/2/2025 22:50,August,4.989637891,4.957783843
8/2/2025 22:55,August,3.578256188,3.555410179
8/2/2025 23:00,August,3.22806533,3.207118515
8/2/2025 23:05,August,5.11070575,5.079608189
8/2/2025 23:10,August,4.247333724,4.22064225
8/2/2025 23:15,August,3.662807716,3.639789573
8/2/2025 23:20,August,3.662432428,3.639051314
8/2/2025 23:25,August,3.410298114,3.388526634
8/2/2025 23:30,August,3.570601608,3.547450575
8/2/2025 23:35,August,3.572055584,3.549607753
8/2/2025 23:40,August,3.318506258,3.297651805
8/2/2025 23:45,August,3.226358514,3.205757203
8/2/2025 23:50,August,3.227672522,3.207064877
8/2/2025 23:55,August,3.228674162,3.207735938
8/3/2025 0:00,August,2.407077066,2.392430512
8/3/2025 0:05,August,3.382141425,3.362920881
8/3/2025 0:10,August,3.661258047,3.640816327
8/3/2025 0:15,August,3.662382857,3.642665143
8/3/2025 0:20,August,5.02546037,4.998905095
8/3/2025 0:25,August,3.658617146,3.640382412
8/3/2025 0:30,August,3.321523179,3.305629139
8/3/2025 0:35,August,3.657139646,3.639637881
8/3/2025 0:40,August,5.529617284,5.502603202
8/3/2025 0:45,August,4.891920993,4.868022276
8/3/2025 0:50,August,4.249426143,4.228660024
8/3/2025 0:55,August,3.421876251,3.405495474
8/3/2025 1:00,August,3.406797734,3.390147716
8/3/2025 1:05,August,3.2154413,3.200372426
8/3/2025 1:10,August,3.400102973,3.383828049
8/3/2025 1:15,August,3.21183581,3.197424343
8/3/2025 1:20,August,4.989684728,4.963273733
8/3/2025 1:25,August,3.21752749,3.200819738
8/3/2025 1:30,August,3.387048884,3.371144069
8/3/2025 1:35,August,3.215898211,3.200159196
8/3/2025 1:40,August,3.215890626,3.20015322
8/3/2025 1:45,August,1.482513738,1.475711859
8/3/2025 1:50,August,2.556705303,2.545491683
8/3/2025 1:55,August,3.036942573,3.0242281
8/3/2025 2:00,August,3.160563219,3.147017498
8/3/2025 2:05,August,3.308536083,3.293360825
8/3/2025 2:10,August,3.280802419,3.265427236
8/3/2025 2:15,August,3.280466115,3.264438311
8/3/2025 2:20,August,3.209204959,3.19416831
8/3/2025 2:25,August,2.688186588,2.675592413
8/3/2025 2:30,August,3.180292747,3.165074518
8/3/2025 2:35,August,2.469516627,2.457699581
8/3/2025 2:40,August,3.108424437,3.093551593
8/3/2025 2:45,August,3.106910791,3.091735489
8/3/2025 2:50,August,3.112974239,3.097769321
8/3/2025 2:55,August,2.643700905,2.630788091
8/3/2025 3:00,August,2.732171603,2.718281974
8/3/2025 3:05,August,3.199466694,3.183518799
8/3/2025 3:10,August,3.109636417,3.09413783
8/3/2025 3:15,August,2.39268417,2.381237061
8/3/2025 3:20,August,2.703667904,2.690734273
8/3/2025 3:25,August,2.705054901,2.692113345
8/3/2025 3:30,August,2.390714932,2.379754907
8/3/2025 3:35,August,2.63787663,2.62552062
8/3/2025 3:40,August,2.642197395,2.630085678
8/3/2025 3:45,August,2.642465231,2.630615611
8/3/2025 3:50,August,2.618603006,2.606860392
8/3/2025 3:55,August,2.466192995,2.455382825
8/3/2025 4:00,August,2.62158643,2.610096261
8/3/2025 4:05,August,3.063167531,3.049740616
8/3/2025 4:10,August,2.641376512,2.629799605
8/3/2025 4:15,August,2.64138121,2.629803129
8/3/2025 4:20,August,2.639776534,2.628468465
8/3/2025 4:25,August,2.640043799,2.628734585
8/3/2025 4:30,August,2.113812265,2.105179303
8/3/2025 4:35,August,2.462666599,2.452363581
8/3/2025 4:40,August,2.461166616,2.451114032
8/3/2025 4:45,August,2.460659536,2.450364914
8/3/2025 4:50,August,2.388240467,2.378485749
8/3/2025 4:55,August,2.385304167,2.375562413
8/3/2025 5:00,August,2.459662695,2.449371219
8/3/2025 5:05,August,3.031139761,3.017851911
8/3/2025 5:10,August,2.63551748,2.623963951
8/3/2025 5:15,August,2.633381972,2.621837804
8/3/2025 5:20,August,2.635248883,2.623432801
8/3/2025 5:25,August,2.612948787,2.601232695
8/3/2025 5:30,August,1.54624784,1.539468079
8/3/2025 5:35,August,1.436154539,1.429713742
8/3/2025 5:40,August,1.330704176,1.324602462
8/3/2025 5:45,August,1.279209164,1.273342402
8/3/2025 5:50,August,1.435868282,1.429856871
8/3/2025 5:55,August,1.486816862,1.480740963
8/3/2025 6:00,August,1.330040442,1.324735135
8/3/2025 6:05,August,1.381473907,1.376240008
8/3/2025 6:10,August,1.598377812,1.59328135
8/3/2025 6:15,August,2.370058775,2.363209576
8/3/2025 6:20,August,2.368859742,2.362485493
8/3/2025 6:25,August,2.088555802,2.083351587
8/3/2025 6:30,August,1.382171917,1.378861986
8/3/2025 6:35,August,1.44E+00,1.43E+00
8/3/2025 6:40,August,1.437315679,1.435020564
8/3/2025 6:45,August,1.222564164,1.220854455
8/3/2025 6:50,August,1.119663835,1.118320776
8/3/2025 6:55,August,1.065746022,1.064893425
8/3/2025 7:00,August,1.043538423,1.043120715
8/3/2025 7:05,August,7.81E-01,7.80E-01
8/3/2025 7:10,August,1.004360588,1.004662742
8/3/2025 7:15,August,1.004960876,1.005565667
8/3/2025 7:20,August,1.04363945,1.045314465
8/3/2025 7:25,August,1.125452071,1.128387935
8/3/2025 7:30,August,1.176653169,1.18054898
8/3/2025 7:35,August,1.228324522,1.2328798
8/3/2025 7:40,August,1.228450064,1.233747763
8/3/2025 7:45,August,1.385423216,1.393071342
8/3/2025 7:50,August,1.28257649,1.290434783
8/3/2025 7:55,August,1.438905345,1.449609979
8/3/2025 8:00,August,1.38333972,1.394054654
8/3/2025 8:05,August,1.059361626,1.066062407
8/3/2025 8:10,August,1.053176044,1.059845735
8/3/2025 8:15,August,1.015102523,1.021638394
8/3/2025 8:20,August,1.01E+00,1.02E+00
8/3/2025 8:25,August,0.788967113,0.794528814
8/3/2025 8:30,August,1.052755071,1.06091432
8/3/2025 8:35,August,1.021439952,1.029565393
8/3/2025 8:40,August,1.052756462,1.061449919
8/3/2025 8:45,August,1.05265098,1.061558271
8/3/2025 8:50,August,1.052970597,1.06230676
8/3/2025 8:55,August,1.056066673,1.067364923
8/3/2025 9:00,August,1.056493776,1.067904378
8/3/2025 9:05,August,1.04E+00,1.06E+00
8/3/2025 9:10,August,1.050430476,1.064247734
8/3/2025 9:15,August,1.178450349,1.194304475
8/3/2025 9:20,August,1.179165151,1.195265818
8/3/2025 9:25,August,2.312313625,2.343649591
8/3/2025 9:30,August,2.14917432,2.17851681
8/3/2025 9:35,August,2.311383397,2.343174269
8/3/2025 9:40,August,2.55505968,2.589947215
8/3/2025 9:45,August,2.387165395,2.41952228
8/3/2025 9:50,August,2.314407338,2.345543912
8/3/2025 9:55,August,2.312777866,2.344357214
8/3/2025 10:00,August,2.380153677,2.412422049
8/3/2025 10:05,August,2.313708311,2.34506952
8/3/2025 10:10,August,2.313939178,2.345543973
8/3/2025 10:15,August,2.315104205,2.34649386
8/3/2025 10:20,August,2.315107955,2.347187432
8/3/2025 10:25,August,2.394300136,2.42699592
8/3/2025 10:30,August,2.315572707,2.347196614
8/3/2025 10:35,August,2.551298804,2.585629312
8/3/2025 10:40,August,2.363569524,2.394902008
8/3/2025 10:45,August,2.551540261,2.584854906
8/3/2025 10:50,August,2.320482134,2.351249661
8/3/2025 10:55,August,2.321186117,2.351724949
8/3/2025 11:00,August,2.320482894,2.351009384
8/3/2025 11:05,August,2.319545514,2.350529121
8/3/2025 11:10,August,2.376893221,2.408405519
8/3/2025 11:15,August,2.320951439,2.351956964
8/3/2025 11:20,August,2.319076587,2.349587664
8/3/2025 11:25,August,2.31930971,2.350064804
8/3/2025 11:30,August,2.318374346,2.349110814
8/3/2025 11:35,August,1.236125625,1.252640664
8/3/2025 11:40,August,1.23687707,1.253649133
8/3/2025 11:45,August,2.314639573,2.346484892
8/3/2025 11:50,August,2.548949598,2.583513375
8/3/2025 11:55,August,2.316738671,2.348384904
8/3/2025 12:00,August,2.315106046,2.346723579
8/3/2025 12:05,August,1.01E+00,1.02E+00
8/3/2025 12:10,August,1.059464234,1.073726252
8/3/2025 12:15,August,1.046714776,1.060703472
8/3/2025 12:20,August,1.131717325,1.147173252
8/3/2025 12:25,August,2.554814053,2.590466226
8/3/2025 12:30,August,2.554305986,2.589692771
8/3/2025 12:35,August,2.555818292,2.590978244
8/3/2025 12:40,August,2.31347559,2.345535691
8/3/2025 12:45,August,2.314639573,2.346484892
8/3/2025 12:50,August,2.554030319,2.588914384
8/3/2025 12:55,August,2.315572707,2.347899367
8/3/2025 13:00,August,2.322809169,2.355011644
8/3/2025 13:05,August,1.187040633,1.203609016
8/3/2025 13:10,August,2.315347419,2.349045622
8/3/2025 13:15,August,1.182510384,1.199246277
8/3/2025 13:20,August,1.238629375,1.25652792
8/3/2025 13:25,August,1.132289071,1.14865593
8/3/2025 13:30,August,2.353639681,2.38882896
8/3/2025 13:35,August,1.186799599,1.203959594
8/3/2025 13:40,August,2.560153499,2.596923176
8/3/2025 13:45,August,2.560146012,2.596664028
8/3/2025 13:50,August,2.562175454,2.598218607
8/3/2025 13:55,August,2.315338456,2.348836372
8/3/2025 14:00,August,2.31603967,2.349310043
8/3/2025 14:05,August,1.057890041,1.073085305
8/3/2025 14:10,August,1.086256733,1.102502287
8/3/2025 14:15,August,3.035245443,3.081247951
8/3/2025 14:20,August,2.560697201,2.598993804
8/3/2025 14:25,August,2.55941865,2.598475973
8/3/2025 14:30,August,2.561181984,2.600030937
8/3/2025 14:35,August,2.560146012,2.598735972
8/3/2025 14:40,August,2.560146012,2.598217986
8/3/2025 14:45,August,2.560645526,2.598736489
8/3/2025 14:50,August,2.560645526,2.598995611
8/3/2025 14:55,August,2.321655684,2.356426483
8/3/2025 15:00,August,2.561422893,2.599772978
8/3/2025 15:05,August,2.324004825,2.357399753
8/3/2025 15:10,August,2.326358724,2.35931665
8/3/2025 15:15,August,2.562946426,2.598996775
8/3/2025 15:20,August,2.90911573,2.94886177
8/3/2025 15:25,August,2.565507835,2.600036528
8/3/2025 15:30,August,2.568830887,2.60264156
8/3/2025 15:35,August,2.911730782,2.946485407
8/3/2025 15:40,August,2.915181793,2.949086111
8/3/2025 15:45,August,2.918942685,2.951696692
8/3/2025 15:50,August,4.874570907,4.930193093
8/3/2025 15:55,August,4.211675262,4.258462202
8/3/2025 16:00,August,2.963088978,2.995380967
8/3/2025 16:05,August,3.012472115,3.043196106
8/3/2025 16:10,August,3.903208821,3.94298524
8/3/2025 16:15,August,3.897856303,3.935997336
8/3/2025 16:20,August,2.916766406,2.943533827
8/3/2025 16:25,August,3.019788918,3.046580069
8/3/2025 16:30,August,3.035607504,3.061304473
8/3/2025 16:35,August,2.970658683,2.993712575
8/3/2025 16:40,August,3.124633842,3.147613721
8/3/2025 16:45,August,3.028054483,3.049400285
8/3/2025 16:50,August,3.918069227,3.940940404
8/3/2025 16:55,August,3.916968177,3.937453176
8/3/2025 17:00,August,3.589436509,3.606035893
8/3/2025 17:05,August,3.927863412,3.94167724
8/3/2025 17:10,August,3.597046293,3.60860539
8/3/2025 17:15,August,3.599936067,3.609327833
8/3/2025 17:20,August,4.935579596,4.946471636
8/3/2025 17:25,August,5.46095484,5.468069734
8/3/2025 17:30,August,5.473903819,5.478289959
8/3/2025 17:35,August,5.487997165,5.489644882
8/3/2025 17:40,August,4.971391304,4.971391304
8/3/2025 17:45,August,5.473373246,5.467904795
8/3/2025 17:50,August,5.484667588,5.475903514
8/3/2025 17:55,August,5.515921637,5.501614578
8/3/2025 18:00,August,5.511266889,5.495325662
8/3/2025 18:05,August,5.543013028,5.525877667
8/3/2025 18:10,August,5.56923941,5.549805374
8/3/2025 18:15,August,3.975503346,3.96281346
8/3/2025 18:20,August,5.56532142,5.547555031
8/3/2025 18:25,August,5.556388666,5.538105604
8/3/2025 18:30,August,5.569573255,5.548488997
8/3/2025 18:35,August,7.434814815,7.404444444
8/3/2025 18:40,August,5.578907097,5.553902035
8/3/2025 18:45,August,5.580672782,5.553992275
8/3/2025 18:50,August,5.578972387,5.552294695
8/3/2025 18:55,August,5.584206882,5.555840891
8/3/2025 19:00,August,22.70954274,22.56895445
8/3/2025 19:05,August,17.20081137,17.08404435
8/3/2025 19:10,August,13.10258923,13.00968162
8/3/2025 19:15,August,8.335518785,8.273077323
8/3/2025 19:20,August,7.497161867,7.44401705
8/3/2025 19:25,August,7.811980033,7.755823627
8/3/2025 19:30,August,7.817670934,7.759912582
8/3/2025 19:35,August,7.825815189,7.768777998
8/3/2025 19:40,August,8.344964066,8.283303823
8/3/2025 19:45,August,7.826664583,7.768834011
8/3/2025 19:50,August,7.820960017,7.76395252
8/3/2025 19:55,August,7.816890415,7.7606931
8/3/2025 20:00,August,8.342464327,8.280804083
8/3/2025 20:05,August,7.822689864,7.765652672
8/3/2025 20:10,August,8.337570327,8.270056262
8/3/2025 20:15,August,7.819797748,7.754118015
8/3/2025 20:20,August,8.337675873,8.267639396
8/3/2025 20:25,August,8.34550386,8.276236178
8/3/2025 20:30,August,11.261287,11.16555649
8/3/2025 20:35,August,11.28926953,11.19104306
8/3/2025 20:40,August,8.343798894,8.272035048
8/3/2025 20:45,August,8.345612021,8.27381822
8/3/2025 20:50,August,8.339484934,8.267751017
8/3/2025 20:55,August,5.647924499,5.599902734
8/3/2025 21:00,August,5.649095132,5.601068218
8/3/2025 21:05,August,5.631235135,5.585091307
8/3/2025 21:10,August,5.63003265,5.583898676
8/3/2025 21:15,August,4.883257764,4.843719192
8/3/2025 21:20,August,5.041476928,5.000665452
8/3/2025 21:25,August,5.613251629,5.567255163
8/3/2025 21:30,August,5.594609412,5.554308073
8/3/2025 21:35,August,5.582748887,5.542532987
8/3/2025 21:40,August,5.572386323,5.529500391
8/3/2025 21:45,August,5.574153838,5.531254303
8/3/2025 21:50,August,5.567678424,5.524272236
8/3/2025 21:55,August,5.034937444,4.996183927
8/3/2025 22:00,August,5.033931913,4.99467902
8/3/2025 22:05,August,5.540236459,5.497035574
8/3/2025 22:10,August,5.537936198,5.494748934
8/3/2025 22:15,August,14.90174864,14.79304197
8/3/2025 22:20,August,8.281515214,8.220244256
8/3/2025 22:25,August,5.627229967,5.585034182
8/3/2025 22:30,August,5.555883026,5.517574249
8/3/2025 22:35,August,6.71449599,6.668869356
8/3/2025 22:40,August,5.554682452,5.516940805
8/3/2025 22:45,August,5.530217618,5.493194778
8/3/2025 22:50,August,5.494994867,5.45875327
8/3/2025 22:55,August,5.526767194,5.489211466
8/3/2025 23:00,August,5.029923426,4.996246513
8/3/2025 23:05,August,4.868849347,4.83871672
8/3/2025 23:10,August,5.017955272,4.987403793
8/3/2025 23:15,August,5.017952636,4.987398123
8/3/2025 23:20,August,5.016458309,4.985912895
8/3/2025 23:25,August,4.897610359,4.867785638
8/3/2025 23:30,August,4.900511329,4.870668942
8/3/2025 23:35,August,5.00552318,4.974541605
8/3/2025 23:40,August,4.871271649,4.840628602
8/3/2025 23:45,August,3.648329559,3.625010564
8/3/2025 23:50,August,3.647575716,3.62389962
8/3/2025 23:55,August,3.458319984,3.436219887
8/4/2025 0:00,August,2.654425286,2.637195643
8/4/2025 0:05,August,3.209301336,3.189117051
8/4/2025 0:10,August,3.309342418,3.288531021
8/4/2025 0:15,August,3.390021536,3.368700646
8/4/2025 0:20,August,3.400781055,3.378371755
8/4/2025 0:25,August,3.350087607,3.329350244
8/4/2025 0:30,August,3.401580245,3.379161202
8/4/2025 0:35,August,3.394248327,3.371199707
8/4/2025 0:40,August,3.392843208,3.369801828
8/4/2025 0:45,August,3.394867155,3.371472984
8/4/2025 0:50,August,3.29918649,3.276449387
8/4/2025 0:55,August,3.39281665,3.369095399
8/4/2025 1:00,August,3.389046267,3.365687542
8/4/2025 1:05,August,3.297488679,3.274433923
8/4/2025 1:10,August,3.385697117,3.362359145
8/4/2025 1:15,August,3.227674504,3.205428021
8/4/2025 1:20,August,3.220507874,3.198313003
8/4/2025 1:25,August,3.219518977,3.197330921
8/4/2025 1:30,August,3.217864372,3.195689935
8/4/2025 1:35,August,3.216548272,3.194382904
8/4/2025 1:40,August,3.215883042,3.193724471
8/4/2025 1:45,August,3.214240274,3.192413997
8/4/2025 1:50,August,3.010552136,2.989806296
8/4/2025 1:55,August,3.010552136,2.989806296
8/4/2025 2:00,August,3.010237462,2.989495861
8/4/2025 2:05,August,3.009308018,2.989175853
8/4/2025 2:10,August,3.009608499,2.989776813
8/4/2025 2:15,August,3.00929421,2.989166156
8/4/2025 2:20,August,3.008672854,2.989151618
8/4/2025 2:25,August,3.007751643,2.988236385
8/4/2025 2:30,August,3.007137816,2.988226888
8/4/2025 2:35,August,2.987446731,2.968059347
8/4/2025 2:40,August,2.820629939,2.802317819
8/4/2025 2:45,August,2.784696487,2.766897568
8/4/2025 2:50,August,2.800426744,2.782808721
8/4/2025 2:55,August,2.800426744,2.782808721
8/4/2025 3:00,August,2.751907959,2.734595177
8/4/2025 3:05,August,2.882729529,2.864595534
8/4/2025 3:10,August,2.994636224,2.976401765
8/4/2025 3:15,August,3.006217546,2.987912568
8/4/2025 3:20,August,3.004378693,2.98638481
8/4/2025 3:25,August,2.999239816,2.980977325
8/4/2025 3:30,August,2.996073328,2.977830118
8/4/2025 3:35,August,2.879144328,2.861606101
8/4/2025 3:40,August,2.990321134,2.971812608
8/4/2025 3:45,August,2.93303945,2.914881842
8/4/2025 3:50,August,2.390599117,2.376277005
8/4/2025 3:55,August,2.830886305,2.813926427
8/4/2025 4:00,August,2.797288212,2.780527947
8/4/2025 4:05,August,3.060914705,3.043196835
8/4/2025 4:10,August,3.13987282,3.121699721
8/4/2025 4:15,August,3.168918087,3.150576878
8/4/2025 4:20,August,3.167691251,3.149357143
8/4/2025 4:25,August,3.27482896,3.256203411
8/4/2025 4:30,August,3.067666871,3.04960196
8/4/2025 4:35,August,3.067360686,3.049295775
8/4/2025 4:40,August,3.140190203,3.121701906
8/4/2025 4:45,August,3.139559491,3.121073063
8/4/2025 4:50,August,3.108629977,3.089701405
8/4/2025 4:55,August,3.107714038,3.088787265
8/4/2025 5:00,August,3.102869667,3.083664524
8/4/2025 5:05,August,3.28E+00,3.26E+00
8/4/2025 5:10,August,3.383362804,3.361735235
8/4/2025 5:15,August,3.31848948,3.297274484
8/4/2025 5:20,August,3.392803497,3.371111246
8/4/2025 5:25,August,3.364162108,3.342314717
8/4/2025 5:30,August,3.313692014,3.291508025
8/4/2025 5:35,August,3.313059026,3.291210315
8/4/2025 5:40,August,3.284351797,3.262033827
8/4/2025 5:45,August,3.28266738,3.260360857
8/4/2025 5:50,August,3.245362203,3.223951377
8/4/2025 5:55,August,3.24440528,3.222347735
8/4/2025 6:00,August,3.211708239,3.189870807
8/4/2025 6:05,August,1.07E+00,1.06E+00
8/4/2025 6:10,August,2.074091968,2.061026495
8/4/2025 6:15,August,2.567795511,2.552130392
8/4/2025 6:20,August,2.390974894,2.377580076
8/4/2025 6:25,August,2.518561696,2.505205305
8/4/2025 6:30,August,2.386082835,2.374621615
8/4/2025 6:35,August,2.566580519,2.555276261
8/4/2025 6:40,August,1.387355235,1.381796921
8/4/2025 6:45,August,2.379267103,2.371644301
8/4/2025 6:50,August,2.37830317,2.372110913
8/4/2025 6:55,August,1.552223707,1.549579904
8/4/2025 7:00,August,1.605977015,1.604528884
8/4/2025 7:05,August,1.30E+00,1.30E+00
8/4/2025 7:10,August,1.001549801,1.001650398
8/4/2025 7:15,August,1.030168176,1.031306598
8/4/2025 7:20,August,2.519587809,2.524902861
8/4/2025 7:25,August,2.391939372,2.398671811
8/4/2025 7:30,August,2.359132083,2.367439722
8/4/2025 7:35,August,2.355539702,2.365972936
8/4/2025 7:40,August,2.355078049,2.365989974
8/4/2025 7:45,August,3.128796132,3.146152036
8/4/2025 7:50,August,2.591941294,2.609217412
8/4/2025 7:55,August,2.587755148,2.607906559
8/4/2025 8:00,August,3.101963784,3.128336755
8/4/2025 8:05,August,1.00917649,1.017651816
8/4/2025 8:10,August,2.345352203,2.366938837
8/4/2025 8:15,August,1.151956998,1.163030146
8/4/2025 8:20,August,2.340588017,2.364991354
8/4/2025 8:25,August,1.1513716,1.163614032
8/4/2025 8:30,August,1.201844488,1.21511176
8/4/2025 8:35,August,1.151833054,1.164782863
8/4/2025 8:40,August,2.585130484,2.614459355
8/4/2025 8:45,August,1.150903393,1.164081231
8/4/2025 8:50,August,1.101073186,1.113904906
8/4/2025 8:55,August,1.019868289,1.031861874
8/4/2025 9:00,August,1.106091151,1.115694769
8/4/2025 9:05,August,1.00E+00,1.01E+00
8/4/2025 9:10,August,1.093894943,1.108000401
8/4/2025 9:15,August,3.095366087,3.135283989
8/4/2025 9:20,August,2.992401986,3.030999899
8/4/2025 9:25,August,2.577276595,2.610268249
8/4/2025 9:30,August,2.577532335,2.610272051
8/4/2025 9:35,August,2.575204562,2.60842457
8/4/2025 9:40,August,2.575457177,2.608690571
8/4/2025 9:45,August,2.574679094,2.607640846
8/4/2025 9:50,August,7.207326007,7.3003663
8/4/2025 9:55,August,2.573891892,2.607118592
8/4/2025 10:00,August,2.572593869,2.605807188
8/4/2025 10:05,August,0.998462543,1.01085697
8/4/2025 10:10,August,1.010578456,1.023321158
8/4/2025 10:15,August,2.332536624,2.362641518
8/4/2025 10:20,August,2.332298756,2.362400579
8/4/2025 10:25,August,2.332297934,2.362396688
8/4/2025 10:30,August,2.569228477,2.602662926
8/4/2025 10:35,August,2.332777153,2.363131476
8/4/2025 10:40,August,3.09504587,3.135004275
8/4/2025 10:45,August,3.099764791,3.139796327
8/4/2025 10:50,August,2.335877607,2.366040948
8/4/2025 10:55,August,2.570262267,2.603448858
8/4/2025 11:00,August,2.569231339,2.602401247
8/4/2025 11:05,August,2.339224355,2.369430913
8/4/2025 11:10,August,1.140859607,1.155591602
8/4/2025 11:15,August,2.337545811,2.367008677
8/4/2025 11:20,August,2.339939503,2.368484053
8/4/2025 11:25,August,2.569484009,2.60083511
8/4/2025 11:30,August,1.090374195,1.103790432
8/4/2025 11:35,August,2.336352839,2.365803662
8/4/2025 11:40,August,1.091140922,1.104896664
8/4/2025 11:45,August,1.032266034,1.045278232
8/4/2025 11:50,August,1.142469582,1.157213372
8/4/2025 11:55,August,1.093225187,1.107333468
8/4/2025 12:00,August,1.043460298,1.057031007
8/4/2025 12:05,August,0.962098223,0.974326213
8/4/2025 12:10,August,0.998879436,1.011775409
8/4/2025 12:15,August,0.992047134,1.004654484
8/4/2025 12:20,August,1.011602422,1.024758804
8/4/2025 12:25,August,1.012311321,1.02557843
8/4/2025 12:30,August,1.011804359,1.024757758
8/4/2025 12:35,August,1.012110988,1.025065679
8/4/2025 12:40,August,1.093125919,1.107446346
8/4/2025 12:45,August,2.571328737,2.605271947
8/4/2025 12:50,August,2.571843143,2.605013051
8/4/2025 12:55,August,7.206589384,7.29957291
8/4/2025 13:00,August,7.202195568,7.292945721
8/4/2025 13:05,August,8.016299919,8.114914425
8/4/2025 13:10,August,7.516819572,7.609327217
8/4/2025 13:15,August,7.222049816,7.312454063
8/4/2025 13:20,August,2.340428499,2.36899644
8/4/2025 13:25,August,7.206598106,7.294572854
8/4/2025 13:30,August,3.858757936,3.904690857
8/4/2025 13:35,August,7.20806846,7.292420538
8/4/2025 13:40,August,7.205133428,7.289468324
8/4/2025 13:45,August,3.864787054,3.910412466
8/4/2025 13:50,August,7.211010297,7.294688551
8/4/2025 13:55,August,7.213217746,7.297664457
8/4/2025 14:00,August,7.216163265,7.300653061
8/4/2025 14:05,August,3.860465327,3.909490844
8/4/2025 14:10,August,3.861993523,3.910641146
8/4/2025 14:15,August,3.858545941,3.906380775
8/4/2025 14:20,August,3.868352864,3.915542286
8/4/2025 14:25,August,7.510692464,7.601578411
8/4/2025 14:30,August,7.20806271,7.295286572
8/4/2025 14:35,August,7.209529627,7.297495418
8/4/2025 14:40,August,7.218352365,7.306443719
8/4/2025 14:45,August,7.218350494,7.306432868
8/4/2025 14:50,August,7.522952158,7.613995716
8/4/2025 14:55,August,7.222770863,7.310181596
8/4/2025 15:00,August,7.525260257,7.616350276
8/4/2025 15:05,August,6.505871062,6.583975934
8/4/2025 15:10,August,6.557292205,6.637307973
8/4/2025 15:15,August,7.216140208,7.304911351
8/4/2025 15:20,August,7.225711662,7.314600551
8/4/2025 15:25,August,7.757280804,7.85188179
8/4/2025 15:30,August,7.546002862,7.636475159
8/4/2025 15:35,August,7.765002058,7.856512801
8/4/2025 15:40,August,12.64389178,12.79028663
8/4/2025 15:45,August,7.802820995,7.89076019
8/4/2025 15:50,August,8.084538833,8.173181492
8/4/2025 15:55,August,11.02220023,11.1397077
8/4/2025 16:00,August,11.02888035,11.14197985
8/4/2025 16:05,August,12.83414502,12.9462564
8/4/2025 16:10,August,11.07025722,11.15903504
8/4/2025 16:15,August,12.59087333,12.68164831
8/4/2025 16:20,August,12.86355799,12.94972411
8/4/2025 16:25,August,11.01473085,11.07952338
8/4/2025 16:30,August,13.39423267,13.47027454
8/4/2025 16:35,August,13.67857496,13.7478476
8/4/2025 16:40,August,13.777103,13.8384399
8/4/2025 16:45,August,13.69664589,13.75205303
8/4/2025 16:50,August,13.69682587,13.743894
8/4/2025 16:55,August,13.71052632,13.75069252
8/4/2025 17:00,August,9.210499832,9.230934584
8/4/2025 17:05,August,6.495126894,6.502328425
8/4/2025 17:10,August,7.899145,7.910272795
8/4/2025 17:15,August,7.918147949,7.930081257
8/4/2025 17:20,August,7.927665787,7.934032751
8/4/2025 17:25,August,7.941148676,7.94194518
8/4/2025 17:30,August,7.963381358,7.95779526
8/4/2025 17:35,August,13.92605879,13.90792227
8/4/2025 17:40,August,9.9735601,9.953589014
8/4/2025 17:45,August,9.970302931,9.94436977
8/4/2025 17:50,August,6.697565474,6.676807173
8/4/2025 17:55,August,8.959697482,8.930142303
8/4/2025 18:00,August,9.983269511,9.943372341
8/4/2025 18:05,August,8.547683885,8.51352048
8/4/2025 18:10,August,8.559799668,8.519620842
8/4/2025 18:15,August,9.387815336,9.339076678
8/4/2025 18:20,August,13.50269569,13.42182508
8/4/2025 18:25,August,13.76648516,13.68268558
8/4/2025 18:30,August,23.79992959,23.62874129
8/4/2025 18:35,August,24.57610943,24.35269025
8/4/2025 18:40,August,24.94273319,24.7058246
8/4/2025 18:45,August,25.01509606,24.76499512
8/4/2025 18:50,August,31.37870171,31.05550108
8/4/2025 18:55,August,32.58324,32.24111598
8/4/2025 19:00,August,33.08195102,32.72804492
8/4/2025 19:05,August,37.59076312,37.18862239
8/4/2025 19:10,August,36.61567392,36.21660298
8/4/2025 19:15,August,33.36085053,32.99728997
8/4/2025 19:20,August,33.30557868,32.9325562
8/4/2025 19:25,August,33.35042201,32.98364072
8/4/2025 19:30,August,33.31862643,32.95567118
8/4/2025 19:35,August,33.38434275,33.02741582
8/4/2025 19:40,August,33.3911593,33.02752294
8/4/2025 19:45,August,33.42839222,33.04035124
8/4/2025 19:50,August,33.44282875,33.05785124
8/4/2025 19:55,August,33.13693816,32.76569308
8/4/2025 20:00,August,33.09512014,32.74110856
8/4/2025 20:05,August,33.39130435,33.0509853
8/4/2025 20:10,August,33.34554538,33.00915903
8/4/2025 20:15,August,46.0890316,45.60558021
8/4/2025 20:20,August,35.28436928,34.89631883
8/4/2025 20:25,August,33.39754013,33.04398582
8/4/2025 20:30,August,35.58338895,35.19204994
8/4/2025 20:35,August,33.45271967,33.06443515
8/4/2025 20:40,August,47.05941038,46.52753267
8/4/2025 20:45,August,46.49211667,45.9665981
8/4/2025 20:50,August,46.55537183,46.01045601
8/4/2025 20:55,August,36.02562117,35.59644418
8/4/2025 21:00,August,33.21708407,32.81804011
8/4/2025 21:05,August,33.38533933,32.96371432
8/4/2025 21:10,August,33.26798749,32.83420229
8/4/2025 21:15,August,33.27505998,32.83446334
8/4/2025 21:20,August,33.28240451,32.83823836
8/4/2025 21:25,August,33.25692853,32.82683892
8/4/2025 21:30,August,33.2677231,32.8440367
8/4/2025 21:35,August,36.95647906,36.51965
8/4/2025 21:40,August,48.8045798,48.26241523
8/4/2025 21:45,August,47.13553033,46.62139315
8/4/2025 21:50,August,49.65493367,49.10337782
8/4/2025 21:55,August,32.98370126,32.62059006
8/4/2025 22:00,August,32.02564616,31.66980565
8/4/2025 22:05,August,31.7008156,31.30296399
8/4/2025 22:10,August,32.31499959,31.88958858
8/4/2025 22:15,August,31.31981893,30.89785475
8/4/2025 22:20,August,31.18818582,30.7742666
8/4/2025 22:25,August,30.69740852,30.29304849
8/4/2025 22:30,August,14.04660547,13.86442046
8/4/2025 22:35,August,13.27670025,13.10581864
8/4/2025 22:40,August,11.18581221,11.04184198
8/4/2025 22:45,August,13.78743949,13.60856192
8/4/2025 22:50,August,13.80270856,13.6348734
8/4/2025 22:55,August,14.07628658,13.91947528
8/4/2025 23:00,August,24.16478144,23.91276206
8/4/2025 23:05,August,31.44849627,31.1654881
8/4/2025 23:10,August,30.32181287,30.03953773
8/4/2025 23:15,August,29.97963696,29.70049136
8/4/2025 23:20,August,28.88548021,28.6252246
8/4/2025 23:25,August,21.68644999,21.49543732
8/4/2025 23:30,August,11.67778682,11.56900936
8/4/2025 23:35,August,10.85990238,10.75762497
8/4/2025 23:40,August,11.67668905,11.56552707
8/4/2025 23:45,August,10.26941025,10.17165534
8/4/2025 23:50,August,6.163585863,6.104896813
8/4/2025 23:55,August,6.047213377,5.989008796
8/5/2025 0:00,August,4.750816844,4.704104689
8/5/2025 0:05,August,3.470785242,3.443027287
8/5/2025 0:10,August,4.663178616,4.626813096
8/5/2025 0:15,August,5.312493983,5.270529477
8/5/2025 0:20,August,5.774872698,5.729242078
8/5/2025 0:25,August,5.778570542,5.732328105
8/5/2025 0:30,August,5.272442974,5.231309692
8/5/2025 0:35,August,4.66369572,4.627785263
8/5/2025 0:40,August,5.72999885,5.685877859
8/5/2025 0:45,August,5.309284039,5.268929445
8/5/2025 0:50,August,5.309289729,5.268931055
8/5/2025 0:55,August,5.703114007,5.660336374
8/5/2025 1:00,August,5.691802937,5.649114415
8/5/2025 1:05,August,13.4474172,13.35066352
8/5/2025 1:10,August,7.767746275,7.713420944
8/5/2025 1:15,August,7.34918276,7.299263228
8/5/2025 1:20,August,6.82828753,6.7825974
8/5/2025 1:25,August,6.826893352,6.784630008
8/5/2025 1:30,August,7.3630361,7.317449098
8/5/2025 1:35,August,6.747273697,6.706172869
8/5/2025 1:40,August,5.707499562,5.673302441
8/5/2025 1:45,August,5.708094899,5.674464222
8/5/2025 1:50,August,5.25208185,5.2216654
8/5/2025 1:55,August,5.299571026,5.268876486
8/5/2025 2:00,August,5.29690283,5.266752694
8/5/2025 2:05,August,7.761988425,7.718582059
8/5/2025 2:10,August,5.697349349,5.666063985
8/5/2025 2:15,August,5.525493355,5.496255022
8/5/2025 2:20,August,5.687830088,5.657738753
8/5/2025 2:25,August,5.291023123,5.26303388
8/5/2025 2:30,August,5.523798961,5.495129678
8/5/2025 2:35,August,5.690715858,5.660618269
8/5/2025 2:40,August,4.102005903,4.080720172
8/5/2025 2:45,August,5.282526046,5.255636254
8/5/2025 2:50,August,4.907079255,4.881613375
8/5/2025 2:55,August,4.267723122,4.245149337
8/5/2025 3:00,August,3.653876115,3.634911991
8/5/2025 3:05,August,4.205102541,4.182837762
8/5/2025 3:10,August,4.906067354,4.879113633
8/5/2025 3:15,August,4.908477586,4.881507929
8/5/2025 3:20,August,5.2561518,5.2272603
8/5/2025 3:25,August,5.258253525,5.229884489
8/5/2025 3:30,August,4.195261642,4.172629861
8/5/2025 3:35,August,3.650976018,3.631643245
8/5/2025 3:40,August,3.536868033,3.517434692
8/5/2025 3:45,August,3.653592402,3.633515713
8/5/2025 3:50,August,3.420463273,3.402356546
8/5/2025 3:55,August,3.453181338,3.434901413
8/5/2025 4:00,August,3.452819138,3.434194402
8/5/2025 4:05,August,3.650203215,3.630880325
8/5/2025 4:10,August,4.895886771,4.870458674
8/5/2025 4:15,August,5.24618745,5.218937251
8/5/2025 4:20,August,5.508790058,5.480178684
8/5/2025 4:25,August,5.669697036,5.640249948
8/5/2025 4:30,August,5.500569477,5.471454309
8/5/2025 4:35,August,5.666739965,5.637311174
8/5/2025 4:40,August,5.678501567,5.648444583
8/5/2025 4:45,August,5.673769394,5.643740456
8/5/2025 4:50,August,5.268784255,5.240898738
8/5/2025 4:55,August,5.491717841,5.463200832
8/5/2025 5:00,August,5.275124549,5.247205475
8/5/2025 5:05,August,3.398488555,3.380164204
8/5/2025 5:10,August,5.283071407,5.254582706
8/5/2025 5:15,August,5.689697006,5.659015596
8/5/2025 5:20,August,5.718261166,5.686851562
8/5/2025 5:25,August,5.29530746,5.266221081
8/5/2025 5:30,August,5.686172826,5.654939478
8/5/2025 5:35,August,5.29530746,5.265692238
8/5/2025 5:40,August,5.295303201,5.26569096
8/5/2025 5:45,August,5.297969786,5.266755464
8/5/2025 5:50,August,5.295857877,5.266756849
8/5/2025 5:55,August,5.29372503,5.264635723
8/5/2025 6:00,August,5.294258081,5.264636895
8/5/2025 6:05,August,3.07E+00,3.06E+00
8/5/2025 6:10,August,3.309225352,3.291026433
8/5/2025 6:15,August,3.402061856,3.383350516
8/5/2025 6:20,August,3.19144178,3.174839642
8/5/2025 6:25,August,3.14268827,3.127595821
8/5/2025 6:30,August,3.190210605,3.176487211
8/5/2025 6:35,August,3.129866982,3.11796039
8/5/2025 6:40,August,3.146817085,3.13578668
8/5/2025 6:45,August,3.124181995,3.114165582
8/5/2025 6:50,August,3.018164557,3.011209564
8/5/2025 6:55,August,3.104202323,3.097666505
8/5/2025 7:00,August,3.123292611,3.118906404
8/5/2025 7:05,August,2.38E+00,2.37E+00
8/5/2025 7:10,August,3.012722066,3.011209807
8/5/2025 7:15,August,3.114158474,3.115722749
8/5/2025 7:20,August,3.268986757,3.272928857
8/5/2025 7:25,August,3.382375625,3.388836381
8/5/2025 7:30,August,3.277519682,3.284770831
8/5/2025 7:35,August,3.142902036,3.153337268
8/5/2025 7:40,August,3.364105795,3.378333209
8/5/2025 7:45,August,3.367857172,3.383807322
8/5/2025 7:50,August,3.56993891,3.588654186
8/5/2025 7:55,August,5.158722063,5.191537035
8/5/2025 8:00,August,5.539735332,5.579492858
8/5/2025 8:05,August,2.908057944,2.93E+00
8/5/2025 8:10,August,4.218699655,4.256756038
8/5/2025 8:15,August,4.216549685,4.256320386
8/5/2025 8:20,August,4.213996057,4.255473238
8/5/2025 8:25,August,5.137750025,5.189899335
8/5/2025 8:30,August,5.136787798,5.185774107
8/5/2025 8:35,August,5.132678433,5.182682201
8/5/2025 8:40,August,5.13264263,5.183182305
8/5/2025 8:45,August,5.121831153,5.177005351
8/5/2025 8:50,August,6.606209476,6.680066885
8/5/2025 8:55,August,5.514022421,5.57679641
8/5/2025 9:00,August,5.122781854,5.181640456
8/5/2025 9:05,August,2.581684263,2.611090206
8/5/2025 9:10,August,2.730065413,2.761716736
8/5/2025 9:15,August,2.583244972,2.613206303
8/5/2025 9:20,August,0.889089042,0.89913678
8/5/2025 9:25,August,2.340433475,2.367105082
8/5/2025 9:30,August,0.987975705,0.999138704
8/5/2025 9:35,August,0.988076272,0.999239271
8/5/2025 9:40,August,0.988181185,0.999643604
8/5/2025 9:45,August,2.587956979,2.618502666
8/5/2025 9:50,August,2.339233561,2.367078747
8/5/2025 9:55,August,2.589269331,2.620093966
8/5/2025 10:00,August,2.588486784,2.620602658
8/5/2025 10:05,August,0.866703953,0.87702816
8/5/2025 10:10,August,0.989673209,1.002251669
8/5/2025 10:15,August,2.33658656,2.36674066
8/5/2025 10:20,August,2.841181739,2.878413803
8/5/2025 10:25,August,2.92623615,2.964003629
8/5/2025 10:30,August,4.408212371,4.464676208
8/5/2025 10:35,August,3.088466862,3.12895591
8/5/2025 10:40,August,2.929198594,2.967298118
8/5/2025 10:45,August,2.930091551,2.968191076
8/5/2025 10:50,August,2.93098234,2.969685002
8/5/2025 10:55,August,2.9336585,2.972376835
8/5/2025 11:00,August,4.415776964,4.474522448
8/5/2025 11:05,August,3.555869976,3.603536761
8/5/2025 11:10,August,3.555509888,3.603532922
8/5/2025 11:15,August,3.554432326,3.602791949
8/5/2025 11:20,August,3.211493717,3.255518052
8/5/2025 11:25,August,3.117811027,3.160555465
8/5/2025 11:30,August,3.211496043,3.255529353
8/5/2025 11:35,August,2.846492494,2.88464613
8/5/2025 11:40,August,2.904720293,2.943347677
8/5/2025 11:45,August,2.896776239,2.935301892
8/5/2025 11:50,August,2.932174155,2.971170583
8/5/2025 11:55,August,2.932470904,2.971471278
8/5/2025 12:00,August,3.089414947,3.130820447
8/5/2025 12:05,August,2.670300312,2.704778569
8/5/2025 12:10,August,2.339707964,2.369929985
8/5/2025 12:15,August,2.721929875,2.757628224
8/5/2025 12:20,August,2.892508281,2.931576384
8/5/2025 12:25,August,2.931873489,2.970881759
8/5/2025 12:30,August,2.929495429,2.967598815
8/5/2025 12:35,August,8.729476693,8.843894747
8/5/2025 12:40,August,7.244162748,7.33837661
8/5/2025 12:45,August,4.416948917,4.470435934
8/5/2025 12:50,August,4.413424318,4.466863217
8/5/2025 12:55,August,7.233844267,7.32507664
8/5/2025 13:00,August,7.237549852,7.331056345
8/5/2025 13:05,August,7.239038363,7.331109974
8/5/2025 13:10,August,8.053251408,8.154019457
8/5/2025 13:15,August,7.785349074,7.880437307
8/5/2025 13:20,August,7.776084314,7.871860597
8/5/2025 13:25,August,7.7729631,7.867929051
8/5/2025 13:30,August,7.786976095,7.88283774
8/5/2025 13:35,August,7.793942983,7.889880633
8/5/2025 13:40,August,13.09240257,13.2522447
8/5/2025 13:45,August,13.34403081,13.50017281
8/5/2025 13:50,August,13.39425023,13.55231056
8/5/2025 13:55,August,13.61368806,13.77292058
8/5/2025 14:00,August,14.11396477,14.27756334
8/5/2025 14:05,August,13.62401264,13.76777251
8/5/2025 14:10,August,13.62266759,13.76364893
8/5/2025 14:15,August,14.610227,14.75994625
8/5/2025 14:20,August,14.61319174,14.75994625
8/5/2025 14:25,August,14.6683086,14.8170895
8/5/2025 14:30,August,14.63474127,14.77434607
8/5/2025 14:35,August,24.34720408,24.57472493
8/5/2025 14:40,August,16.69744847,16.85027775
8/5/2025 14:45,August,28.11987747,28.40078959
8/5/2025 14:50,August,30.21469796,30.50711812
8/5/2025 14:55,August,31.77364592,32.02263541
8/5/2025 15:00,August,28.34897559,28.53917914
8/5/2025 15:05,August,32.36266227,32.54399341
8/5/2025 15:10,August,32.27971649,32.4703318
8/5/2025 15:15,August,32.41866694,32.58019986
8/5/2025 15:20,August,32.41241365,32.58397773
8/5/2025 15:25,August,33.27444225,33.49136843
8/5/2025 15:30,August,33.24912852,33.43869798
8/5/2025 15:35,August,32.38264096,32.57726008
8/5/2025 15:40,August,31.02734606,31.10289199
8/5/2025 15:45,August,30.51770701,30.57957768
8/5/2025 15:50,August,30.48966501,30.57314751
8/5/2025 15:55,August,28.8416019,28.91471486
8/5/2025 16:00,August,28.59410135,28.69566351
8/5/2025 16:05,August,32.8704558,32.96383778
8/5/2025 16:10,August,32.84982539,32.93647401
8/5/2025 16:15,August,32.82836297,32.89822471
8/5/2025 16:20,August,32.8284491,32.8983181
8/5/2025 16:25,August,31.7815261,31.80080321
8/5/2025 16:30,August,9.295071211,9.29038194
8/5/2025 16:35,August,9.920007531,9.910008531
8/5/2025 16:40,August,10.87683481,10.86696473
8/5/2025 16:45,August,9.341627809,9.327513746
8/5/2025 16:50,August,9.328627389,9.31265532
8/5/2025 16:55,August,9.943965916,9.916949707
8/5/2025 17:00,August,6.3529934,6.3529934
8/5/2025 17:05,August,4.0061196,4.0061196
8/5/2025 17:10,August,5.0363112,5.0363112
8/5/2025 17:15,August,5.0371713,5.0371713
8/5/2025 17:20,August,5.0345336,5.0345336
8/5/2025 17:25,August,4.3057229,4.3057229
8/5/2025 17:30,August,4.3078035,4.3078035
8/5/2025 17:35,August,4.3041938,4.3041938
8/5/2025 17:40,August,4.3969495,4.3969495
8/5/2025 17:45,August,4.3994248,4.3994248
8/5/2025 17:50,August,4.6113621,4.6113621
8/5/2025 17:55,August,4.4036452,4.4036452
8/5/2025 18:00,August,3.134650396,3.116498467
8/5/2025 18:05,August,3.682044506,3.659989732
8/5/2025 18:10,August,3.9287776,3.9287776
8/5/2025 18:15,August,4.0385417,4.0385417
8/5/2025 18:20,August,5.33751,5.33751
8/5/2025 18:25,August,5.001088819,4.96563073
8/5/2025 18:30,August,6.950271198,6.897559831
8/5/2025 18:35,August,11.45170853,11.34427733
8/5/2025 18:40,August,11.47977167,11.35824407
8/5/2025 18:45,August,6.3610537,6.3610537
8/5/2025 18:50,August,6.3609901,6.3609901
8/5/2025 18:55,August,13.06404585,12.92549769
8/5/2025 19:00,August,9.347242796,9.246252177
8/5/2025 19:05,August,6.3565748,6.3565748
8/5/2025 19:10,August,5.3281545,5.3281545
8/5/2025 19:15,August,6.3568209,6.3568209
8/5/2025 19:20,August,6.3580181,6.3580181
8/5/2025 19:25,August,6.3586462,6.3586462
8/5/2025 19:30,August,6.922949191,6.860878517
8/5/2025 19:35,August,8.718936303,8.641623826
8/5/2025 19:40,August,6.3610344,6.3610344
8/5/2025 19:45,August,5.3161207,5.3161207
8/5/2025 19:50,August,6.3624926,6.3624926
8/5/2025 19:55,August,6.3614269,6.3614269
8/5/2025 20:00,August,5.5040498,5.5040498
8/5/2025 20:05,August,6.36318,6.36318
8/5/2025 20:10,August,14.01817274,13.88397404
8/5/2025 20:15,August,13.49865377,13.37076187
8/5/2025 20:20,August,5.0342671,5.0342671
8/5/2025 20:25,August,5.3159185,5.3159185
8/5/2025 20:30,August,5.0337783,5.0337783
8/5/2025 20:35,August,5.0304386,5.0304386
8/5/2025 20:40,August,4.997596438,4.948223916
8/5/2025 20:45,August,4.890342263,4.841536452
8/5/2025 20:50,August,4.590042499,4.544229119
8/5/2025 20:55,August,4.579767678,4.534056852
8/5/2025 21:00,August,4.3324328,4.3324328
8/5/2025 21:05,August,5.0202709,5.0202709
8/5/2025 21:10,August,4.990129661,4.941324002
8/5/2025 21:15,August,7.045404814,6.976477024
8/5/2025 21:20,August,7.041002812,6.971415183
8/5/2025 21:25,August,7.31426185,7.239716016
8/5/2025 21:30,August,6.3682255,6.3682255
8/5/2025 21:35,August,6.3673272,6.3673272
8/5/2025 21:40,August,5.313698,5.313698
8/5/2025 21:45,August,5.0165308,5.0165308
8/5/2025 21:50,August,4.986643543,4.937339867
8/5/2025 21:55,August,4.584021398,4.539156313
8/5/2025 22:00,August,3.715869094,3.67911874
8/5/2025 22:05,August,4.979691623,4.931432048
8/5/2025 22:10,August,4.3649885,4.3649885
8/5/2025 22:15,August,4.3635248,4.3635248
8/5/2025 22:20,August,4.2226004,4.2226004
8/5/2025 22:25,August,3.479257459,3.444475319
8/5/2025 22:30,August,3.400930233,3.367261023
8/5/2025 22:35,August,3.451961069,3.417790072
8/5/2025 22:40,August,2.419097062,2.39465685
8/5/2025 22:45,August,3.9745161,3.9745161
8/5/2025 22:50,August,3.9710781,3.9710781
8/5/2025 22:55,August,3.9711595,3.9711595
8/5/2025 23:00,August,3.9686198,3.9686198
8/5/2025 23:05,August,4.2146759,4.2146759
8/5/2025 23:10,August,4.084123,4.084123
8/5/2025 23:15,August,3.9634473,3.9634473
8/5/2025 23:20,August,3.4722119,3.4722119
8/5/2025 23:25,August,3.32964194,3.297001657
8/5/2025 23:30,August,3.134887696,3.104156577
8/5/2025 23:35,August,3.134832464,3.105042619
8/5/2025 23:40,August,3.132894591,3.103436544
8/5/2025 23:45,August,3.132239839,3.103104182
8/5/2025 23:50,August,3.131594748,3.102778313
8/5/2025 23:55,August,2.414293134,2.391840208
8/6/2025 0:00,August,1.568695138,1.554420012
8/6/2025 0:05,August,3.646309541,3.616824558
8/6/2025 0:10,August,3.349388,3.322972741
8/6/2025 0:15,August,3.348344451,3.32227429
8/6/2025 0:20,August,3.432595702,3.406209571
8/6/2025 0:25,August,3.22806533,3.203573669
8/6/2025 0:30,August,3.398725198,3.373280559
8/6/2025 0:35,August,3.431774418,3.406414791
8/6/2025 0:40,August,3.431086757,3.40607484
8/6/2025 0:45,August,3.398745501,3.373974293
8/6/2025 0:50,August,3.420463068,3.39587262
8/6/2025 0:55,August,3.358393644,3.33391409
8/6/2025 1:00,August,3.238358209,3.214751244
8/6/2025 1:05,August,5.719429954,5.67830763
8/6/2025 1:10,August,3.657932069,3.633100345
8/6/2025 1:15,August,3.42148767,3.398946426
8/6/2025 1:20,August,3.419097477,3.396232967
8/6/2025 1:25,August,3.418074204,3.395557696
8/6/2025 1:30,August,3.421487329,3.39860912
8/6/2025 1:35,August,3.423880456,3.40132795
8/6/2025 1:40,August,3.419438773,3.397600226
8/6/2025 1:45,August,3.41978,3.398623907
8/6/2025 1:50,August,3.419097818,3.398291257
8/6/2025 1:55,August,3.41978,3.399312489
8/6/2025 2:00,August,3.417734473,3.397279205
8/6/2025 2:05,August,3.22338613,3.203768595
8/6/2025 2:10,August,3.310642175,3.290825881
8/6/2025 2:15,August,3.222058605,3.203093974
8/6/2025 2:20,August,3.388221659,3.368279014
8/6/2025 2:25,August,3.285202253,3.266195597
8/6/2025 2:30,August,3.284864235,3.266514869
8/6/2025 2:35,August,3.220395072,3.202728831
8/6/2025 2:40,August,3.219720756,3.202061737
8/6/2025 2:45,August,3.307306234,3.287165905
8/6/2025 2:50,August,3.225409982,3.206092294
8/6/2025 2:55,August,3.225070932,3.206400994
8/6/2025 3:00,August,3.224401721,3.205737519
8/6/2025 3:05,August,3.403115305,3.382723123
8/6/2025 3:10,August,3.308044607,3.288220128
8/6/2025 3:15,August,3.308045475,3.2885514
8/6/2025 3:20,August,3.308384138,3.288557625
8/6/2025 3:25,August,3.38692221,3.366967306
8/6/2025 3:30,August,3.3252334,3.3252334
8/6/2025 3:35,August,3.2752023,3.2752023
8/6/2025 3:40,August,3.3000823,3.3000823
8/6/2025 3:45,August,3.3327735,3.3327735
8/6/2025 3:50,August,3.2695851,3.2695851
8/6/2025 3:55,August,3.3905056,3.3905056
8/6/2025 4:00,August,3.2706017,3.2706017
8/6/2025 4:05,August,3.2770416,3.2770416
8/6/2025 4:10,August,3.2761664,3.2761664
8/6/2025 4:15,August,3.3911793,3.3911793
8/6/2025 4:20,August,3.3290144,3.3290144
8/6/2025 4:25,August,3.3908424,3.3908424
8/6/2025 4:30,August,3.3086459,3.3086459
8/6/2025 4:35,August,3.3308701,3.3308701
8/6/2025 4:40,August,3.3885836,3.3885836
8/6/2025 4:45,August,3.388593,3.388593
8/6/2025 4:50,August,3.3067718,3.3067718
8/6/2025 4:55,August,3.384392,3.384392
8/6/2025 5:00,August,3.3842191,3.3842191
8/6/2025 5:05,August,2.95E+00,2.95E+00
8/6/2025 5:10,August,3.3522037,3.3522037
8/6/2025 5:15,August,3.4249353,3.4249353
8/6/2025 5:20,August,3.4274591,3.4274591
8/6/2025 5:25,August,3.4227942,3.4227942
8/6/2025 5:30,August,4.2010289,4.2010289
8/6/2025 5:35,August,4.1913518,4.1913518
8/6/2025 5:40,August,3.4117824,3.4117824
8/6/2025 5:45,August,3.0327468,3.0327468
8/6/2025 5:50,August,3.3024763,3.3024763
8/6/2025 5:55,August,3.1306925,3.1306925
8/6/2025 6:00,August,3.2055323,3.2055323
8/6/2025 6:05,August,0.9970639,0.9970639
8/6/2025 6:10,August,1.2276209,1.2276209
8/6/2025 6:15,August,2.4573532,2.4573532
8/6/2025 6:20,August,2.4595863,2.4595863
8/6/2025 6:25,August,2.6538121,2.6538121
8/6/2025 6:30,August,2.3942645,2.3942645
8/6/2025 6:35,August,2.3947503,2.3947503
8/6/2025 6:40,August,2.3943179,2.3943179
8/6/2025 6:45,August,2.3946865,2.3946865
8/6/2025 6:50,August,2.3937898,2.3937898
8/6/2025 6:55,August,2.3913439,2.3913439
8/6/2025 7:00,August,2.4336078,2.4336078
8/6/2025 7:05,August,1.01E+00,1.01E+00
8/6/2025 7:10,August,2.39E+00,2.39E+00
8/6/2025 7:15,August,2.4305522,2.4305522
8/6/2025 7:20,August,2.4555972,2.4555972
8/6/2025 7:25,August,1.8102937,1.8102937
8/6/2025 7:30,August,2.5013896,2.5013896
8/6/2025 7:35,August,2.5693006,2.5693006
8/6/2025 7:40,August,3.4573173,3.4573173
8/6/2025 7:45,August,4.090947,4.090947
8/6/2025 7:50,August,3.2540434,3.2540434
8/6/2025 7:55,August,5.4842848,5.4842848
8/6/2025 8:00,August,4.3718106,4.3718106
8/6/2025 8:05,August,2.4555922,2.4555922
8/6/2025 8:10,August,3.4579839,3.4579839
8/6/2025 8:15,August,3.4814417,3.4814417
8/6/2025 8:20,August,3.4652937,3.4652937
8/6/2025 8:25,August,4.0296832,4.0296832
8/6/2025 8:30,August,3.4863722,3.4863722
8/6/2025 8:35,August,2.5367114,2.5367114
8/6/2025 8:40,August,2.5399918,2.5399918
8/6/2025 8:45,August,2.4872607,2.4872607
8/6/2025 8:50,August,2.4767487,2.4767487
8/6/2025 8:55,August,3.4988491,3.4988491
8/6/2025 9:00,August,4.0393531,4.0393531
8/6/2025 9:05,August,3.4736834,3.4736834
8/6/2025 9:10,August,3.4999286,3.4999286
8/6/2025 9:15,August,3.6471083,3.6471083
8/6/2025 9:20,August,2.3134344,2.3134344
8/6/2025 9:25,August,2.4819426,2.4819426
8/6/2025 9:30,August,3.4812406,3.4812406
8/6/2025 9:35,August,3.4825989,3.4825989
8/6/2025 9:40,August,3.4838212,3.4838212
8/6/2025 9:45,August,3.4824895,3.4824895
8/6/2025 9:50,August,3.4820889,3.4820889
8/6/2025 9:55,August,3.4806561,3.4806561
8/6/2025 10:00,August,3.4822212,3.4822212
8/6/2025 10:05,August,2.3101781,2.3101781
8/6/2025 10:10,August,2.3164305,2.3164305
8/6/2025 10:15,August,2.3204216,2.3204216
8/6/2025 10:20,August,2.3235051,2.3235051
8/6/2025 10:25,August,2.3271566,2.3271566
8/6/2025 10:30,August,2.3302002,2.3302002
8/6/2025 10:35,August,2.4918806,2.4918806
8/6/2025 10:40,August,1.9949186,1.9949186
8/6/2025 10:45,August,1.9934958,1.9934958
8/6/2025 10:50,August,1.9945582,1.9945582
8/6/2025 10:55,August,1.9977792,1.9977792
8/6/2025 11:00,August,3.4847859,3.4847859
8/6/2025 11:05,August,2.005088,2.005088
8/6/2025 11:10,August,3.5131084,3.5131084
8/6/2025 11:15,August,3.5139653,3.5139653
8/6/2025 11:20,August,4.0605838,4.0605838
8/6/2025 11:25,August,3.9639628,3.9639628
8/6/2025 11:30,August,3.9883426,3.9883426
8/6/2025 11:35,August,3.5235122,3.5235122
8/6/2025 11:40,August,3.5269456,3.5269456
8/6/2025 11:45,August,3.5236083,3.5236083
8/6/2025 11:50,August,3.9854971,3.9854971
8/6/2025 11:55,August,4.866208,4.866208
8/6/2025 12:00,August,3.9553357,3.9553357
8/6/2025 12:05,August,3.48782,3.48782
8/6/2025 12:10,August,2.3133167,2.3133167
8/6/2025 12:15,August,2.3202008,2.3202008
8/6/2025 12:20,August,3.48907,3.48907
8/6/2025 12:25,August,3.4827534,3.4827534
8/6/2025 12:30,August,3.4805004,3.4805004
8/6/2025 12:35,August,4.0502394,4.0502394
8/6/2025 12:40,August,3.9436637,3.9436637
8/6/2025 12:45,August,3.9421157,3.9421157
8/6/2025 12:50,August,3.5045786,3.5045786
8/6/2025 12:55,August,3.5043017,3.5043017
8/6/2025 13:00,August,5.2540524,5.2540524
8/6/2025 13:05,August,6.3596063,6.3596063
8/6/2025 13:10,August,6.3585705,6.3585705
8/6/2025 13:15,August,5.2048344,5.2048344
8/6/2025 13:20,August,3.9839036,3.9839036
8/6/2025 13:25,August,4.0668131,4.0668131
8/6/2025 13:30,August,3.9013595,3.9013595
8/6/2025 13:35,August,4.1341894,4.1341894
8/6/2025 13:40,August,4.0685414,4.0685414
8/6/2025 13:45,August,4.0671993,4.0671993
8/6/2025 13:50,August,4.1269517,4.1269517
8/6/2025 13:55,August,4.3843177,4.3843177
8/6/2025 14:00,August,4.3150054,4.3150054
8/6/2025 14:05,August,4.3829503,4.3829503
8/6/2025 14:10,August,4.1423287,4.1423287
8/6/2025 14:15,August,4.3113442,4.3113442
8/6/2025 14:20,August,4.3117431,4.3117431
8/6/2025 14:25,August,3.9059223,3.9059223
8/6/2025 14:30,August,4.0707545,4.0707545
8/6/2025 14:35,August,3.9074022,3.9074022
8/6/2025 14:40,August,4.0675819,4.0675819
8/6/2025 14:45,August,3.6768824,3.6768824
8/6/2025 14:50,August,3.678632,3.678632
8/6/2025 14:55,August,3.9128203,3.9128203
8/6/2025 15:00,August,3.6807437,3.6807437
8/6/2025 15:05,August,3.6799691,3.6799691
8/6/2025 15:10,August,2.9152925,2.9152925
8/6/2025 15:15,August,3.9071817,3.9071817
8/6/2025 15:20,August,3.909839,3.909839
8/6/2025 15:25,August,5.0945636,5.0945636
8/6/2025 15:30,August,3.9148468,3.9148468
8/6/2025 15:35,August,3.9147063,3.9147063
8/6/2025 15:40,August,3.680106,3.680106
8/6/2025 15:45,August,3.6775888,3.6775888
8/6/2025 15:50,August,4.0211004,4.0211004
8/6/2025 15:55,August,3.6755813,3.6755813
8/6/2025 16:00,August,3.5025679,3.5025679
8/6/2025 16:05,August,4.0579738,4.0579738
8/6/2025 16:10,August,3.9111607,3.9111607
8/6/2025 16:15,August,4.0165508,4.0165508
8/6/2025 16:20,August,4.0559027,4.0559027
8/6/2025 16:25,August,3.9086907,3.9086907
8/6/2025 16:30,August,3.6769028,3.6769028
8/6/2025 16:35,August,3.9074333,3.9074333
8/6/2025 16:40,August,3.9096483,3.9096483
8/6/2025 16:45,August,3.9834065,3.9834065
8/6/2025 16:50,August,3.6811559,3.6811559
8/6/2025 16:55,August,3.9117028,3.9117028
8/6/2025 17:00,August,3.6749726,3.6749726
8/6/2025 17:05,August,2.1528953,2.1528953
8/6/2025 17:10,August,1.8405629,1.8405629
8/6/2025 17:15,August,1.848604,1.848604
8/6/2025 17:20,August,1.8513314,1.8513314
8/6/2025 17:25,August,2.1501744,2.1501744
8/6/2025 17:30,August,2.1566741,2.1566741
8/6/2025 17:35,August,2.1695292,2.1695292
8/6/2025 17:40,August,2.1881015,2.1881015
8/6/2025 17:45,August,3.210481,3.210481
8/6/2025 17:50,August,3.5014746,3.5014746
8/6/2025 17:55,August,3.5047027,3.5047027
8/6/2025 18:00,August,3.2285273,3.2285273
8/6/2025 18:05,August,3.702968,3.702968
8/6/2025 18:10,August,3.5255878,3.5255878
8/6/2025 18:15,August,3.5351212,3.5351212
8/6/2025 18:20,August,3.9505404,3.9505404
8/6/2025 18:25,August,5.1140529,5.1140529
8/6/2025 18:30,August,5.0783375,5.0783375
8/6/2025 18:35,August,5.0612532,5.0612532
8/6/2025 18:40,August,4.839557,4.839557
8/6/2025 18:45,August,4.5464078,4.5464078
8/6/2025 18:50,August,4.8350205,4.8350205
8/6/2025 18:55,August,4.4149508,4.4149508
8/6/2025 19:00,August,3.5271911,3.5271911
8/6/2025 19:05,August,3.5216981,3.5216981
8/6/2025 19:10,August,3.5175531,3.5175531
8/6/2025 19:15,August,3.6963743,3.6963743
8/6/2025 19:20,August,3.9236865,3.9236865
8/6/2025 19:25,August,3.6917558,3.6917558
8/6/2025 19:30,August,3.9190681,3.9190681
8/6/2025 19:35,August,3.6903073,3.6903073
8/6/2025 19:40,August,2.409138253,2.390378866
8/6/2025 19:45,August,2.409886356,2.391121143
8/6/2025 19:50,August,2.408639777,2.390124726
8/6/2025 19:55,August,1.592089387,1.579851104
8/6/2025 20:00,August,1.592248676,1.580166917
8/6/2025 20:05,August,3.20531805,3.180669145
8/6/2025 20:10,August,2.999191321,2.975825668
8/6/2025 20:15,August,2.997395577,2.973445153
8/6/2025 20:20,August,2.996198833,2.971953867
8/6/2025 20:25,August,3.229480421,3.203339928
8/6/2025 20:30,August,2.995898676,2.971648871
8/6/2025 20:35,August,2.669184095,2.647312096
8/6/2025 20:40,August,2.997094703,2.972533263
8/6/2025 20:45,August,2.668088258,2.646225239
8/6/2025 20:50,August,2.40821099,2.388722021
8/6/2025 20:55,August,2.40969,2.390433662
8/6/2025 21:00,August,1.5905,1.578267829
8/6/2025 21:05,August,3.6891177,3.6891177
8/6/2025 21:10,August,3.5027878,3.5027878
8/6/2025 21:15,August,2.40800507,2.388508028
8/6/2025 21:20,August,2.40974313,2.390474819
8/6/2025 21:25,August,2.415509761,2.396434864
8/6/2025 21:30,August,1.586060363,1.573692802
8/6/2025 21:35,August,3.4873892,3.4873892
8/6/2025 21:40,August,2.9042304,2.9042304
8/6/2025 21:45,August,2.406218262,2.388187853
8/6/2025 21:50,August,2.404957792,2.387420891
8/6/2025 21:55,August,1.583695553,1.572143817
8/6/2025 22:00,August,1.024610256,1.016823218
8/6/2025 22:05,August,2.404957792,2.387420891
8/6/2025 22:10,August,2.403740201,2.386206924
8/6/2025 22:15,August,2.403996991,2.386219857
8/6/2025 22:20,August,2.404494044,2.386713235
8/6/2025 22:25,August,2.404999658,2.386972976
8/6/2025 22:30,August,2.403524724,2.385745753
8/6/2025 22:35,August,1.587326616,1.575743765
8/6/2025 22:40,August,1.583534538,1.571978203
8/6/2025 22:45,August,1.586060805,1.574328648
8/6/2025 22:50,August,1.576472203,1.564966257
8/6/2025 22:55,August,1.576317398,1.564971317
8/6/2025 23:00,August,1.579133648,1.568240893
8/6/2025 23:05,August,1.356946792,1.347309578
8/6/2025 23:10,August,1.175353908,1.166648454
8/6/2025 23:15,August,1.074981325,1.066801651
8/6/2025 23:20,August,0.591469642,0.586908484
8/6/2025 23:25,August,2.402059067,2.385246335
8/6/2025 23:30,August,1.342543839,1.333009871
8/6/2025 23:35,August,1.292802685,1.283751256
8/6/2025 23:40,August,1.176517585,1.168277017
8/6/2025 23:45,August,0.641840534,0.63721512
8/6/2025 23:50,August,0.492649566,0.489048543
8/6/2025 23:55,August,0.334173956,0.331595919
8/7/2025 0:00,August,0.308443645,0.306062199
8/7/2025 0:05,August,2.651851931,2.633535837
8/7/2025 0:10,August,2.650773858,2.632728747
8/7/2025 0:15,August,2.764288345,2.745470485
8/7/2025 0:20,August,2.988076691,2.967436258
8/7/2025 0:25,August,2.646413494,2.628940175
8/7/2025 0:30,August,2.74142826,2.723331214
8/7/2025 0:35,August,2.645325382,2.628127327
8/7/2025 0:40,August,3.286797493,3.26509812
8/7/2025 0:45,August,3.187368854,3.166323802
8/7/2025 0:50,August,2.773627365,2.755312267
8/7/2025 0:55,August,2.642911878,2.625461679
8/7/2025 1:00,August,2.408022455,2.392365612
8/7/2025 1:05,August,5.706217929,5.669105245
8/7/2025 1:10,August,3.198984741,3.178503046
8/7/2025 1:15,August,3.076638966,3.057248384
8/7/2025 1:20,August,2.994074967,2.975507989
8/7/2025 1:25,August,2.780250459,2.763011182
8/7/2025 1:30,August,2.993471971,2.975509343
8/7/2025 1:35,August,2.992869338,2.974612835
8/7/2025 1:40,August,2.642893479,2.627300407
8/7/2025 1:45,August,2.643700387,2.627573814
8/7/2025 1:50,August,2.503015694,2.4879976
8/7/2025 1:55,August,2.473820035,2.459225956
8/7/2025 2:00,August,2.474074543,2.459478963
8/7/2025 2:05,August,2.779151967,2.763036108
8/7/2025 2:10,August,2.781354171,2.765783259
8/7/2025 2:15,August,2.43691472,2.423518387
8/7/2025 2:20,August,3.069646144,3.052157906
8/7/2025 2:25,August,2.469214631,2.45613564
8/7/2025 2:30,August,2.779583644,2.765139919
8/7/2025 2:35,August,2.996768489,2.981197749
8/7/2025 2:40,August,2.997069641,2.981796804
8/7/2025 2:45,August,2.523375553,2.510770021
8/7/2025 2:50,August,3.058442583,3.042858551
8/7/2025 2:55,August,2.524668929,2.511804695
8/7/2025 3:00,August,2.439615276,2.427430603
8/7/2025 3:05,August,3.198275532,3.182293743
8/7/2025 3:10,August,3.191204609,3.17494085
8/7/2025 3:15,August,3.063681487,3.048373795
8/7/2025 3:20,August,2.849998797,2.836044966
8/7/2025 3:25,August,2.551210038,2.538719101
8/7/2025 3:30,August,2.82881818,2.814685395
8/7/2025 3:35,August,2.440373197,2.428424927
8/7/2025 3:40,August,2.522606515,2.510255624
8/7/2025 3:45,August,2.826119279,2.811999978
8/7/2025 3:50,August,2.835701536,2.822101049
8/7/2025 3:55,August,2.795807071,2.782118567
8/7/2025 4:00,August,2.842578056,2.828088153
8/7/2025 4:05,August,2.37887211,2.367945688
8/7/2025 4:10,August,2.462841931,2.451529826
8/7/2025 4:15,August,2.793301764,2.780192909
8/7/2025 4:20,August,2.464360233,2.452793933
8/7/2025 4:25,August,2.791853923,2.778192964
8/7/2025 4:30,August,2.436376504,2.424700578
8/7/2025 4:35,August,3.05364942,3.038707456
8/7/2025 4:40,August,2.998262005,2.983891903
8/7/2025 4:45,August,2.811843883,2.797805721
8/7/2025 4:50,August,3.066761944,3.051143324
8/7/2025 4:55,August,2.999770808,2.984792923
8/7/2025 5:00,August,2.999169766,2.984193386
8/7/2025 5:05,August,3.000376068,2.985094017
8/7/2025 5:10,August,5.712291586,5.682055747
8/7/2025 5:15,August,3.427035517,3.409236291
8/7/2025 5:20,August,3.277242508,3.260550271
8/7/2025 5:25,August,3.279345032,3.262312876
8/7/2025 5:30,August,3.199867793,3.182289613
8/7/2025 5:35,August,3.196940787,3.179697998
8/7/2025 5:40,August,3.194987125,3.177756594
8/7/2025 5:45,August,3.194997836,3.177444657
8/7/2025 5:50,August,3.170968833,3.154494622
8/7/2025 5:55,August,3.193396841,3.176164561
8/7/2025 6:00,August,3.062657978,3.046129542
8/7/2025 6:05,August,2.386483653,2.373844137
8/7/2025 6:10,August,2.466183783,2.452873046
8/7/2025 6:15,August,2.802865435,2.787455839
8/7/2025 6:20,August,2.434445428,2.421548026
8/7/2025 6:25,August,2.464945117,2.452621624
8/7/2025 6:30,August,2.433969777,2.422042132
8/7/2025 6:35,August,2.388994708,2.378242081
8/7/2025 6:40,August,2.430282071,2.42031293
8/7/2025 6:45,August,2.428813706,2.419333749
8/7/2025 6:50,August,2.386359901,2.377997607
8/7/2025 6:55,August,2.426371321,2.418353071
8/7/2025 7:00,August,2.991390062,2.982397908
8/7/2025 7:05,August,0.931835206,0.928277154
8/7/2025 7:10,August,9.61E-01,9.58E-01
8/7/2025 7:15,August,1.169160291,1.166224178
8/7/2025 7:20,August,1.38E+00,1.37E+00
8/7/2025 7:25,August,2.424235618,2.421801158
8/7/2025 7:30,August,2.424744477,2.423282614
8/7/2025 7:35,August,2.45E+00,2.448131573
8/7/2025 7:40,August,3.172654281,3.173930747
8/7/2025 7:45,August,3.252116482,3.254407396
8/7/2025 7:50,August,3.170429319,3.173302241
8/7/2025 7:55,August,4.064366269,4.070098802
8/7/2025 8:00,August,3.387551687,3.392673993
8/7/2025 8:05,August,2.364856859,2.371068849
8/7/2025 8:10,August,3.160070089,3.167738611
8/7/2025 8:15,August,2.993416683,3.000683727
8/7/2025 8:20,August,2.615699144,2.622316477
8/7/2025 8:25,August,2.444400914,2.451082309
8/7/2025 8:30,August,2.444165683,2.451096677
8/7/2025 8:35,August,2.444693806,2.451630513
8/7/2025 8:40,August,2.370869013,2.378079686
8/7/2025 8:45,August,1.15756023,1.161317017
8/7/2025 8:50,August,1.138137846,1.146148814
8/7/2025 8:55,August,1.146406092,1.154939553
8/7/2025 9:00,August,2.353521008,2.371761636
8/7/2025 9:05,August,1.14E+00,1.15E+00
8/7/2025 9:10,August,1.049875984,1.060604331
8/7/2025 9:15,August,1.151264622,1.158751
8/7/2025 9:20,August,1.161541863,1.16921465
8/7/2025 9:25,August,2.348833869,2.365070598
8/7/2025 9:30,August,2.60485255,2.623131287
8/7/2025 9:35,August,2.348854098,2.365343154
8/7/2025 9:40,August,2.601406462,2.620203516
8/7/2025 9:45,August,2.350795907,2.368739088
8/7/2025 9:50,August,2.599817546,2.619669544
8/7/2025 9:55,August,3.241878844,3.258664207
8/7/2025 10:00,August,3.026739064,3.042413687
8/7/2025 10:05,August,1.104736479,1.111587036
8/7/2025 10:10,August,2.350025097,2.365543906
8/7/2025 10:15,August,2.350526901,2.367493901
8/7/2025 10:20,August,2.350526901,2.367732873
8/7/2025 10:25,August,1.147098393,1.155503755
8/7/2025 10:30,August,2.59295197,2.613526767
8/7/2025 10:35,August,3.015027602,3.039562462
8/7/2025 10:40,August,2.594269822,2.615642468
8/7/2025 10:45,August,2.593744112,2.615897086
8/7/2025 10:50,August,2.594534325,2.616166437
8/7/2025 10:55,August,2.349131459,2.372108191
8/7/2025 11:00,August,2.351279959,2.372337626
8/7/2025 11:05,August,0.962590125,0.970911101
8/7/2025 11:10,August,0.959107586,0.964063461
8/7/2025 11:15,August,0.747128291,0.75061176
8/7/2025 11:20,August,0.746141966,0.750534601
8/7/2025 11:25,August,0.746962552,0.751585595
8/7/2025 11:30,August,0.73887636,0.744589515
8/7/2025 11:35,August,0.745374901,0.751360935
8/7/2025 11:40,August,0.740591903,0.745782441
8/7/2025 11:45,August,1.090871208,1.099606138
8/7/2025 11:50,August,1.180442931,1.18952418
8/7/2025 11:55,August,1.090981776,1.100269551
8/7/2025 12:00,August,1.041323517,1.050397772
8/7/2025 12:05,August,0.998630121,1.007644125
8/7/2025 12:10,August,0.997538334,1.006138675
8/7/2025 12:15,August,0.964069014,0.972083375
8/7/2025 12:20,August,0.751208665,0.757380478
8/7/2025 12:25,August,0.963777423,0.971888712
8/7/2025 12:30,August,0.750089499,0.755566826
8/7/2025 12:35,August,0.962810445,0.970819215
8/7/2025 12:40,August,1.095016104,1.104561146
8/7/2025 12:45,August,1.014583165,1.022394767
8/7/2025 12:50,August,1.097112006,1.105666702
8/7/2025 12:55,August,2.596649575,2.614506793
8/7/2025 13:00,August,2.597437367,2.615296391
8/7/2025 13:05,August,1.03010912,1.036460106
8/7/2025 13:10,August,1.942016521,1.958552698
8/7/2025 13:15,August,2.38922157,2.409327561
8/7/2025 13:20,August,6.811476668,6.868118093
8/7/2025 13:25,August,3.93638796,3.959878087
8/7/2025 13:30,August,3.032225064,3.048797954
8/7/2025 13:35,August,3.922684269,3.94531056
8/7/2025 13:40,August,3.157893108,3.17420553
8/7/2025 13:45,August,4.220145093,4.239360567
8/7/2025 13:50,August,2.416451056,2.418642738
8/7/2025 13:55,August,3.94604547,3.94922456
8/7/2025 14:00,August,3.942514752,3.9472796
8/7/2025 14:05,August,1.481678467,1.483765968
8/7/2025 14:10,August,2.37456991,2.378624926
8/7/2025 14:15,August,3.118862672,3.122306162
8/7/2025 14:20,August,3.123254656,3.123567827
8/7/2025 14:25,August,2.378386396,2.380056108
8/7/2025 14:30,August,2.424465476,2.424952121
8/7/2025 14:35,August,3.060503686,3.060810811
8/7/2025 14:40,August,2.379613144,2.380329176
8/7/2025 14:45,August,2.422969639,2.423698571
8/7/2025 14:50,August,3.965592792,3.956076321
8/7/2025 14:55,August,2.430042201,2.42615141
8/7/2025 15:00,August,2.382465314,2.381272173
8/7/2025 15:05,August,2.425393799,2.424422087
8/7/2025 15:10,August,4.710030586,4.713336202
8/7/2025 15:15,August,3.187913788,3.190790966
8/7/2025 15:20,August,3.950931312,3.954895723
8/7/2025 15:25,August,3.057692308,3.060761048
8/7/2025 15:30,August,2.954719458,2.959167551
8/7/2025 15:35,August,3.075342344,3.079354734
8/7/2025 15:40,August,3.054304949,3.05982755
8/7/2025 15:45,August,3.074446313,3.079389153
8/7/2025 15:50,August,3.079427471,3.080973678
8/7/2025 15:55,August,3.080668399,3.081596218
8/7/2025 16:00,August,1.972992262,1.971607706
8/7/2025 16:05,August,2.937483332,2.934536418
8/7/2025 16:10,August,2.937773948,2.934238011
8/7/2025 16:15,August,2.936281025,2.932452373
8/7/2025 16:20,August,3.064229107,3.05992671
8/7/2025 16:25,August,3.087847726,3.083202018
8/7/2025 16:30,August,2.93926839,2.93484622
8/7/2025 16:35,August,2.968863845,2.959942087
8/7/2025 16:40,August,2.392790339,2.385599744
8/7/2025 16:45,August,2.973295508,2.964661727
8/7/2025 16:50,August,2.392987488,2.38580134
8/7/2025 16:55,August,2.393248363,2.386539217
8/7/2025 17:00,August,2.392268874,2.386280416
8/7/2025 17:05,August,1.496263572,1.493119532
8/7/2025 17:10,August,1.476401631,1.473298395
8/7/2025 17:15,August,1.498952414,1.496853251
8/7/2025 17:20,August,2.384104981,2.382196934
8/7/2025 17:25,August,2.385812433,2.38390321
8/7/2025 17:30,August,2.633775509,2.629562311
8/7/2025 17:35,August,2.388444206,2.384386691
8/7/2025 17:40,August,2.388424433,2.38389096
8/7/2025 17:45,August,2.38987627,2.384864046
8/7/2025 17:50,August,2.978378235,2.970347857
8/7/2025 17:55,August,2.978973078,2.969753014
8/7/2025 18:00,August,2.747063221,2.737464817
8/7/2025 18:05,August,2.645776205,2.636002471
8/7/2025 18:10,August,2.987264004,2.975929403
8/7/2025 18:15,August,2.754068209,2.742794567
8/7/2025 18:20,August,2.988157654,2.975628692
8/7/2025 18:25,August,3.076814012,3.062680455
8/7/2025 18:30,August,3.294790003,3.277360732
8/7/2025 18:35,August,3.118527886,3.101420462
8/7/2025 18:40,August,3.120131229,3.102702067
8/7/2025 18:45,August,4.005683973,3.982109374
8/7/2025 18:50,August,4.002485981,3.977727512
8/7/2025 18:55,August,3.66687679,3.64456017
8/7/2025 19:00,August,3.310302411,3.291161992
8/7/2025 19:05,August,4.007690931,3.982487844
8/7/2025 19:10,August,4.002884474,3.978931839
8/7/2025 19:15,August,3.999690829,3.974143902
8/7/2025 19:20,August,3.66426695,3.641230445
8/7/2025 19:25,August,3.667283007,3.643127251
8/7/2025 19:30,August,2.991138961,2.971745042
8/7/2025 19:35,August,3.121728348,3.101799109
8/7/2025 19:40,August,3.303903792,3.282809435
8/7/2025 19:45,August,2.407565889,2.392197425
8/7/2025 19:50,August,2.41129379,2.396624505
8/7/2025 19:55,August,3.122031875,3.103038762
8/7/2025 20:00,August,3.294630247,3.274587119
8/7/2025 20:05,August,31.24878239,31.04617183
8/7/2025 20:10,August,7.006896194,6.962096858
8/7/2025 20:15,August,7.001709136,6.954164077
8/7/2025 20:20,August,6.997334645,6.949125349
8/7/2025 20:25,August,6.996635959,6.948426664
8/7/2025 20:30,August,6.99518783,6.946289972
8/7/2025 20:35,August,3.665096902,3.639840566
8/7/2025 20:40,August,3.664355036,3.638369299
8/7/2025 20:45,August,3.314533982,3.29169339
8/7/2025 20:50,August,3.118310853,3.097133869
8/7/2025 20:55,August,3.118630156,3.097451004
8/7/2025 21:00,August,3.120219607,3.099031776
8/7/2025 21:05,August,3.198103288,3.176054015
8/7/2025 21:10,August,3.194800247,3.172137562
8/7/2025 21:15,August,3.195465413,3.172795745
8/7/2025 21:20,August,3.311249032,3.287096237
8/7/2025 21:25,August,3.302031203,3.278605522
8/7/2025 21:30,August,2.992615189,2.971984712
8/7/2025 21:35,August,2.995002566,2.973755045
8/7/2025 21:40,August,2.990827696,2.969614034
8/7/2025 21:45,August,2.993211118,2.971677225
8/7/2025 21:50,August,2.987552311,2.965760612
8/7/2025 21:55,August,2.408460313,2.391375621
8/7/2025 22:00,August,1.27533946,1.266160688
8/7/2025 22:05,August,2.964606437,2.94417925
8/7/2025 22:10,August,2.406922113,2.389616502
8/7/2025 22:15,August,2.96400757,2.941806375
8/7/2025 22:20,August,2.407695224,2.389897856
8/7/2025 22:25,August,2.757771359,2.73682905
8/7/2025 22:30,August,1.987186194,1.973091267
8/7/2025 22:35,August,1.98580931,1.972321991
8/7/2025 22:40,August,1.986401624,1.973308394
8/7/2025 22:45,August,1.582124789,1.571853304
8/7/2025 22:50,August,1.582597287,1.572797923
8/7/2025 22:55,August,2.40044459,2.385587092
8/7/2025 23:00,August,2.403178264,2.38830236
8/7/2025 23:05,August,3.294819211,3.274752919
8/7/2025 23:10,August,3.084702259,3.065297741
8/7/2025 23:15,August,3.029588075,3.010225819
8/7/2025 23:20,August,2.445321868,2.429203697
8/7/2025 23:25,August,1.584800418,1.574509506
8/7/2025 23:30,August,1.587645948,1.577498206
8/7/2025 23:35,August,1.587013452,1.577029245
8/7/2025 23:40,August,2.399702338,2.385088996
8/7/2025 23:45,August,2.399694561,2.385082725
8/7/2025 23:50,August,2.399941901,2.385807685
8/7/2025 23:55,August,2.398211589,2.384087564
8/8/2025 0:00,August,1.585275903,1.575935852
8/8/2025 0:05,August,2.758989544,2.742455447
8/8/2025 0:10,August,2.648246119,2.632103117
8/8/2025 0:15,August,2.648526292,2.632113635
8/8/2025 0:20,August,2.644753078,2.628628147
8/8/2025 0:25,August,2.438363745,2.424727998
8/8/2025 0:30,August,3.041394848,3.024693898
8/8/2025 0:35,August,2.783017996,2.767735849
8/8/2025 0:40,August,3.076489863,3.059594512
8/8/2025 0:45,August,3.077758426,3.060854421
8/8/2025 0:50,August,3.06298964,3.046166749
8/8/2025 0:55,August,2.823639768,2.808413431
8/8/2025 1:00,August,2.51715685,2.503583206
8/8/2025 1:05,August,3.292130791,3.274378139
8/8/2025 1:10,August,3.073335379,3.057379564
8/8/2025 1:15,August,2.433899949,2.422238221
8/8/2025 1:20,August,2.43266747,2.421011647
8/8/2025 1:25,August,2.514560526,2.503015484
8/8/2025 1:30,August,2.798903272,2.786332093
8/8/2025 1:35,August,2.431675506,2.421240172
8/8/2025 1:40,August,2.469621992,2.459271316
8/8/2025 1:45,August,2.431422584,2.421233026
8/8/2025 1:50,August,2.431173202,2.421228265
8/8/2025 1:55,August,2.511215194,2.500691242
8/8/2025 2:00,August,2.430927281,2.420740815
8/8/2025 2:05,August,3.065162959,3.052007753
8/8/2025 2:10,August,2.467857019,2.457266415
8/8/2025 2:15,August,2.467099749,2.456758613
8/8/2025 2:20,August,2.512755793,2.501973586
8/8/2025 2:25,August,2.466328313,2.456238564
8/8/2025 2:30,August,2.444705501,2.434706207
8/8/2025 2:35,August,2.465061036,2.454977478
8/8/2025 2:40,August,2.44948463,2.439954512
8/8/2025 2:45,August,2.454029485,2.444483589
8/8/2025 2:50,August,2.38611819,2.377074454
8/8/2025 2:55,August,2.431159662,2.421946132
8/8/2025 3:00,August,2.431159662,2.422431055
8/8/2025 3:05,August,2.430654745,2.422658373
8/8/2025 3:10,August,2.458473901,2.450141753
8/8/2025 3:15,August,2.457466688,2.449138784
8/8/2025 3:20,August,2.446140903,2.438338998
8/8/2025 3:25,August,2.457711627,2.449873599
8/8/2025 3:30,August,2.433102933,2.4251009
8/8/2025 3:35,August,2.432853337,2.425095359
8/8/2025 3:40,August,2.44814684,2.440340094
8/8/2025 3:45,August,2.44919507,2.441629047
8/8/2025 3:50,August,2.431624002,2.424112259
8/8/2025 3:55,August,2.455955176,2.44812353
8/8/2025 4:00,August,2.456205171,2.448617492
8/8/2025 4:05,August,2.43235795,2.424844688
8/8/2025 4:10,August,2.506559842,2.498566826
8/8/2025 4:15,August,2.458218225,2.450132787
8/8/2025 4:20,August,2.458719326,2.450632239
8/8/2025 4:25,August,2.694452465,2.684781449
8/8/2025 4:30,August,2.42918495,2.420708232
8/8/2025 4:35,August,2.503790321,2.494553084
8/8/2025 4:40,August,2.442641465,2.433629825
8/8/2025 4:45,August,2.461759187,2.452430622
8/8/2025 4:50,August,2.463022589,2.453197028
8/8/2025 4:55,August,2.683639272,2.672931484
8/8/2025 5:00,August,2.463537246,2.453707671
8/8/2025 5:05,August,3.081295975,3.067763983
8/8/2025 5:10,August,3.080988429,3.066841347
8/8/2025 5:15,August,3.007225182,2.993113802
8/8/2025 5:20,August,2.999467337,2.985091457
8/8/2025 5:25,August,2.775599881,2.761742668
8/8/2025 5:30,August,2.997962628,2.982694394
8/8/2025 5:35,August,2.997663251,2.981796263
8/8/2025 5:40,August,2.995011579,2.978560401
8/8/2025 5:45,August,2.489663536,2.475988165
8/8/2025 5:50,August,2.470440503,2.456869366
8/8/2025 5:55,August,3.28107393,3.262710934
8/8/2025 6:00,August,2.772284684,2.756493715
8/8/2025 6:05,August,2.43E+00,2.42E+00
8/8/2025 6:10,August,2.47053652,2.456204542
8/8/2025 6:15,August,2.470049044,2.455962722
8/8/2025 6:20,August,2.429792517,2.41666376
8/8/2025 6:25,August,1.72E+00,1.71E+00
8/8/2025 6:30,August,2.39E+00,2.38E+00
8/8/2025 6:35,August,1.984140131,1.976794405
8/8/2025 6:40,August,1.675462588,1.669759171
8/8/2025 6:45,August,1.583498304,1.57889926
8/8/2025 6:50,August,1.478356739,1.474653069
8/8/2025 6:55,August,2.376371151,2.372086399
8/8/2025 7:00,August,2.375413743,2.372081499
8/8/2025 7:05,August,1.01E+00,1.01E+00
8/8/2025 7:10,August,1.090148274,1.089382028
8/8/2025 7:15,August,1.171646623,1.1719996
8/8/2025 7:20,August,1.445406088,1.447147891
8/8/2025 7:25,August,1.561673799,1.564966815
8/8/2025 7:30,August,2.361731569,2.368375645
8/8/2025 7:35,August,2.360074368,2.368380311
8/8/2025 7:40,August,2.434690348,2.444733844
8/8/2025 7:45,August,2.39504821,2.405173225
8/8/2025 7:50,August,2.39336158,2.404448653
8/8/2025 7:55,August,2.463578334,2.475243474
8/8/2025 8:00,August,3.025308812,3.040555808
8/8/2025 8:05,August,1.106393939,1.112082053
8/8/2025 8:10,August,2.354853331,2.368380151
8/8/2025 8:15,August,1.10069429,1.111296131
8/8/2025 8:20,August,1.101241066,1.112184244
8/8/2025 8:25,August,2.341808311,2.36602409
8/8/2025 8:30,August,2.339912235,2.365082795
8/8/2025 8:35,August,1.087379251,1.099407294
8/8/2025 8:40,August,1.085855967,1.097983509
8/8/2025 8:45,August,1.060747175,1.072388339
8/8/2025 8:50,August,1.086717157,1.0987452
8/8/2025 8:55,August,1.085738487,1.097869644
8/8/2025 9:00,August,1.119537688,1.132156361
8/8/2025 9:05,August,1.010879977,1.021272778
8/8/2025 9:10,August,1.039406157,1.050299404
8/8/2025 9:15,August,1.039506853,1.050508045
8/8/2025 9:20,August,1.038885139,1.049775142
8/8/2025 9:25,August,1.013892035,1.024521132
8/8/2025 9:30,August,1.015302457,1.026049679
8/8/2025 9:35,August,1.067945779,1.079679059
8/8/2025 9:40,August,1.080663204,1.09285857
8/8/2025 9:45,August,1.101082957,1.11361943
8/8/2025 9:50,August,1.150587313,1.163567818
8/8/2025 9:55,August,1.079904163,1.091764001
8/8/2025 10:00,August,1.067402572,1.078809927
8/8/2025 10:05,August,0.664295393,0.670663957
8/8/2025 10:10,August,0.66364955,0.669877188
8/8/2025 10:15,August,0.65987304,0.665999808
8/8/2025 10:20,August,0.65922722,0.665349865
8/8/2025 10:25,August,0.663692665,0.669789046
8/8/2025 10:30,August,0.667327888,0.673794244
8/8/2025 10:35,August,0.817572208,0.825492804
8/8/2025 10:40,August,1.027844524,1.036100723
8/8/2025 10:45,August,1.027946838,1.036308378
8/8/2025 10:50,August,1.080890575,1.090225639
8/8/2025 10:55,August,1.083409908,1.090880943
8/8/2025 11:00,August,2.432877911,2.452331085
8/8/2025 11:05,August,1.085172242,1.093739391
8/8/2025 11:10,August,1.266294802,1.276670068
8/8/2025 11:15,August,2.337049651,2.363617816
8/8/2025 11:20,August,1.261561019,1.276030811
8/8/2025 11:25,August,1.068278199,1.079356317
8/8/2025 11:30,August,1.013391901,1.023395872
8/8/2025 11:35,August,1.013391901,1.023499005
8/8/2025 11:40,August,1.026920025,1.037572506
8/8/2025 11:45,August,0.818752108,0.827251265
8/8/2025 11:50,August,1.014106134,1.024835232
8/8/2025 11:55,August,0.670964279,0.677932852
8/8/2025 12:00,August,1.015821553,1.026981021
8/8/2025 12:05,August,1.015739918,1.027302361
8/8/2025 12:10,August,0.820973574,0.830319889
8/8/2025 12:15,August,1.017670372,1.029765804
8/8/2025 12:20,August,1.018282015,1.030485679
8/8/2025 12:25,August,1.083728136,1.097251374
8/8/2025 12:30,August,2.380554598,2.409049773
8/8/2025 12:35,August,1.082414069,1.094504397
8/8/2025 12:40,August,2.416581573,2.444059455
8/8/2025 12:45,August,2.417812321,2.445544029
8/8/2025 12:50,August,2.381984511,2.409063507
8/8/2025 12:55,August,2.332527327,2.358573211
8/8/2025 13:00,August,2.419792729,2.447309917
8/8/2025 13:05,August,1.07871534,1.090125673
8/8/2025 13:10,August,1.936135922,1.95699479
8/8/2025 13:15,August,2.913603054,2.944999
8/8/2025 13:20,August,2.425771628,2.451669546
8/8/2025 13:25,August,2.427524067,2.452957388
8/8/2025 13:30,August,2.344753613,2.36860665
8/8/2025 13:35,August,2.384599538,2.408375177
8/8/2025 13:40,August,2.383634399,2.406915394
8/8/2025 13:45,August,2.350301327,2.373493517
8/8/2025 13:50,August,2.385324461,2.408862251
8/8/2025 13:55,August,2.384111173,2.407163647
8/8/2025 14:00,August,2.353236086,2.375522334
8/8/2025 14:05,August,1.057185738,1.067731769
8/8/2025 14:10,August,1.170051028,1.182301003
8/8/2025 14:15,August,1.938436645,1.959316056
8/8/2025 14:20,August,2.382446531,2.407868979
8/8/2025 14:25,August,2.429998546,2.455931044
8/8/2025 14:30,August,2.385577328,2.411278232
8/8/2025 14:35,August,2.431530266,2.456521062
8/8/2025 14:40,August,2.387978938,2.41252462
8/8/2025 14:45,August,2.354916709,2.379122549
8/8/2025 14:50,August,2.586908056,2.61349309
8/8/2025 14:55,August,2.356361304,2.380332426
8/8/2025 15:00,August,2.434025826,2.458044189
8/8/2025 15:05,August,2.359023239,2.38253191
8/8/2025 15:10,August,1.105727157,1.116632651
8/8/2025 15:15,August,1.941130431,1.96084935
8/8/2025 15:20,August,1.944033002,1.964363533
8/8/2025 15:25,August,2.347113095,2.371415758
8/8/2025 15:30,August,2.346629686,2.37068669
8/8/2025 15:35,August,2.349011568,2.37068669
8/8/2025 15:40,August,2.399156093,2.413717024
8/8/2025 15:45,August,2.354505404,2.370710501
8/8/2025 15:50,August,2.355471454,2.371444792
8/8/2025 15:55,August,2.372467682,2.376526447
8/8/2025 16:00,August,2.376075568,2.37750881
8/8/2025 16:05,August,2.420565355,2.422268094
8/8/2025 16:10,August,2.36148514,2.376048945
8/8/2025 16:15,August,2.940046586,2.957584019
8/8/2025 16:20,August,2.446116021,2.460215385
8/8/2025 16:25,August,2.408655072,2.423018388
8/8/2025 16:30,August,2.411577833,2.424238312
8/8/2025 16:35,August,2.414264421,2.425226171
8/8/2025 16:40,August,2.450568452,2.461204814
8/8/2025 16:45,August,2.452794667,2.462688958
8/8/2025 16:50,August,2.419147205,2.426946188
8/8/2025 16:55,August,2.37061007,2.38040993
8/8/2025 17:00,August,2.418155698,2.425704824
8/8/2025 17:05,August,1.967801729,1.97255583
8/8/2025 17:10,August,2.42132866,2.425956954
8/8/2025 17:15,August,2.376351933,2.380654753
8/8/2025 17:20,August,2.378964549,2.381593239
8/8/2025 17:25,August,2.426937273,2.428155492
8/8/2025 17:30,August,2.429854465,2.428636493
8/8/2025 17:35,August,2.434276325,2.430862534
8/8/2025 17:40,August,2.639726282,2.634439957
8/8/2025 17:45,August,2.642925687,2.635784789
8/8/2025 17:50,August,2.644002455,2.636064891
8/8/2025 17:55,August,2.47456862,2.464920696
8/8/2025 18:00,August,2.649330975,2.638475232
8/8/2025 18:05,August,2.478934266,2.466786273
8/8/2025 18:10,August,2.479950495,2.467550743
8/8/2025 18:15,August,2.480454313,2.468053281
8/8/2025 18:20,August,6.979819932,6.942098727
8/8/2025 18:25,August,5.995889937,5.959889397
8/8/2025 18:30,August,6.990671642,6.950093284
8/8/2025 18:35,August,7.274666944,7.225853456
8/8/2025 18:40,August,7.019943762,6.969329306
8/8/2025 18:45,August,7.022869348,6.972233799
8/8/2025 18:50,August,7.034973418,6.975164182
8/8/2025 18:55,August,6.024167408,5.971197111
8/8/2025 19:00,August,6.023560763,5.971202907
8/8/2025 19:05,August,7.006470649,6.950564241
8/8/2025 19:10,August,4.95183689,4.910826865
8/8/2025 19:15,August,6.024119195,5.975460075
8/8/2025 19:20,August,6.012681375,5.965313821
8/8/2025 19:25,August,6.022906313,5.97427154
8/8/2025 19:30,August,6.024107172,5.976072828
8/8/2025 19:35,August,6.024104769,5.9766756
8/8/2025 19:40,August,6.022292553,5.975487171
8/8/2025 19:45,August,6.019884359,5.973097693
8/8/2025 19:50,August,6.027112023,5.979673361
8/8/2025 19:55,August,6.015072246,5.967728348
8/8/2025 20:00,August,6.018070492,5.974917312
8/8/2025 20:05,August,8.345945946,8.282744283
8/8/2025 20:10,August,7.044088593,6.991447437
8/8/2025 20:15,August,7.044913139,6.991547904
8/8/2025 20:20,August,7.049281849,6.995186303
8/8/2025 20:25,August,7.044241573,6.988764045
8/8/2025 20:30,August,7.042043682,6.988689548
8/8/2025 20:35,August,7.049375325,6.995965643
8/8/2025 20:40,August,7.053046875,6.99890625
8/8/2025 20:45,August,7.053015311,6.998880325
8/8/2025 20:50,August,7.054516566,7.001067931
8/8/2025 20:55,August,7.054453125,7.001015625
8/8/2025 21:00,August,7.052186361,7.001587715
8/8/2025 21:05,August,15.53280997,15.42606058
8/8/2025 21:10,August,13.96354791,13.86050617
8/8/2025 21:15,August,13.98297049,13.88400808
8/8/2025 21:20,August,8.418048269,8.356768101
8/8/2025 21:25,August,7.371167577,7.316778664
8/8/2025 21:30,August,7.571338126,7.515477805
8/8/2025 21:35,August,7.360310305,7.306006919
8/8/2025 21:40,August,7.086263736,7.035400314
8/8/2025 21:45,August,7.083298462,7.032456324
8/8/2025 21:50,August,7.081110763,7.030985253
8/8/2025 21:55,August,7.072973255,7.023610531
8/8/2025 22:00,August,6.010877217,5.968926928
8/8/2025 22:05,August,6.016304836,5.972464723
8/8/2025 22:10,August,3.109903757,3.0863086
8/8/2025 22:15,August,1.577273389,1.565463915
8/8/2025 22:20,August,2.485952743,2.467837895
8/8/2025 22:25,August,4.570807276,4.537953316
8/8/2025 22:30,August,3.705978947,3.679362439
8/8/2025 22:35,August,3.703691057,3.677088328
8/8/2025 22:40,August,3.705694335,3.678691371
8/8/2025 22:45,August,3.370902069,3.34566069
8/8/2025 22:50,August,3.159615342,3.135643019
8/8/2025 22:55,August,3.369880008,3.343968209
8/8/2025 23:00,August,3.05190778,3.029050472
8/8/2025 23:05,August,3.162643917,3.138634234
8/8/2025 23:10,August,3.162264849,3.138583385
8/8/2025 23:15,August,3.35527793,3.330486061
8/8/2025 23:20,August,3.470386471,3.445449562
8/8/2025 23:25,August,4.157336734,4.128708367
8/8/2025 23:30,August,3.468525672,3.444984426
8/8/2025 23:35,August,3.366334283,3.34281463
8/8/2025 23:40,August,3.156959279,3.135219739
8/8/2025 23:45,August,2.482853762,2.466253502
8/8/2025 23:50,August,2.795810747,2.777116204
8/8/2025 23:55,August,3.151734147,3.130345133
8/9/2025 0:00,August,3.091162449,3.070186594
8/9/2025 0:05,August,3.019146906,3.000474876
8/9/2025 0:10,August,3.066653508,3.04799171
8/9/2025 0:15,August,2.981648043,2.962611184
8/9/2025 0:20,August,2.918816784,2.900177363
8/9/2025 0:25,August,2.915216496,2.89659635
8/9/2025 0:30,August,3.019448262,3.001681488
8/9/2025 0:35,August,3.244600464,3.224538109
8/9/2025 0:40,August,3.141283749,3.121229668
8/9/2025 0:45,August,3.138686111,3.119276722
8/9/2025 0:50,August,4.053856472,4.02959641
8/9/2025 0:55,August,3.138363002,3.119268633
8/9/2025 1:00,August,2.97781431,2.960290766
8/9/2025 1:05,August,3.085330529,3.067480238
8/9/2025 1:10,August,3.020367974,3.002895269
8/9/2025 1:15,August,3.056603367,3.039225909
8/9/2025 1:20,August,3.129021677,3.111232505
8/9/2025 1:25,August,3.083740217,3.066208481
8/9/2025 1:30,August,3.019757429,3.002589448
8/9/2025 1:35,August,3.031221608,3.014594781
8/9/2025 1:40,August,2.721428544,2.706228066
8/9/2025 1:45,August,2.709346317,2.694213324
8/9/2025 1:50,August,2.722237789,2.707302819
8/9/2025 1:55,August,2.703276478,2.688171361
8/9/2025 2:00,August,2.704350759,2.689241147
8/9/2025 2:05,August,2.795257396,2.781045639
8/9/2025 2:10,August,1.948639896,1.93873057
8/9/2025 2:15,August,1.411688492,1.404081349
8/9/2025 2:20,August,1.42858715,1.421033766
8/9/2025 2:25,August,1.098201627,1.092171167
8/9/2025 2:30,August,1.262192365,1.255644026
8/9/2025 2:35,August,1.65115126,1.643747732
8/9/2025 2:40,August,2.458940805,2.448162423
8/9/2025 2:45,August,2.488023683,2.477117821
8/9/2025 2:50,August,2.487255507,2.476601858
8/9/2025 2:55,August,2.486741708,2.476091321
8/9/2025 3:00,August,2.486240301,2.475838658
8/9/2025 3:05,August,3.054353588,3.041268283
8/9/2025 3:10,August,2.602739861,2.591588226
8/9/2025 3:15,August,1.584053377,1.577108544
8/9/2025 3:20,August,1.531032413,1.524012129
8/9/2025 3:25,August,1.041741422,1.0363341
8/9/2025 3:30,August,1.4153438,1.408994436
8/9/2025 3:35,August,1.531642205,1.524925815
8/9/2025 3:40,August,1.465908955,1.459480171
8/9/2025 3:45,August,2.026298539,2.018427459
8/9/2025 3:50,August,2.483193926,2.473300724
8/9/2025 3:55,August,2.454409797,2.445121124
8/9/2025 4:00,August,2.45514897,2.446103813
8/9/2025 4:05,August,2.480913066,2.472265326
8/9/2025 4:10,August,2.653498004,2.643984417
8/9/2025 4:15,August,2.600725288,2.591140942
8/9/2025 4:20,August,2.589541329,2.580256121
8/9/2025 4:25,August,2.482429362,2.473776337
8/9/2025 4:30,August,2.481670983,2.473020601
8/9/2025 4:35,August,2.481934904,2.473281878
8/9/2025 4:40,August,2.481171164,2.472768791
8/9/2025 4:45,August,2.481176675,2.472526293
8/9/2025 4:50,August,2.480671447,2.472022826
8/9/2025 4:55,August,2.480924035,2.472027406
8/9/2025 5:00,August,2.480671447,2.472022826
8/9/2025 5:05,August,6.947979694,6.92375141
8/9/2025 5:10,August,3.490945437,3.478073989
8/9/2025 5:15,August,3.108216052,3.096447199
8/9/2025 5:20,August,3.271475428,3.258435167
8/9/2025 5:25,August,3.100432633,3.08776267
8/9/2025 5:30,August,3.015769619,3.003145047
8/9/2025 5:35,August,3.063360583,3.050536787
8/9/2025 5:40,August,3.057287963,3.044184865
8/9/2025 5:45,August,2.448699318,2.438938683
8/9/2025 5:50,August,2.985957139,2.973454876
8/9/2025 5:55,August,3.011845952,2.999828612
8/9/2025 6:00,August,3.011542775,2.999226241
8/9/2025 6:05,August,1.200830987,1.195675663
8/9/2025 6:10,August,1.58E+00,1.58E+00
8/9/2025 6:15,August,2.478962864,2.47031072
8/9/2025 6:20,August,2.476949654,2.469785842
8/9/2025 6:25,August,2.475699659,2.469525845
8/9/2025 6:30,August,2.53524196,2.529423703
8/9/2025 6:35,August,2.513720896,2.512969185
8/9/2025 6:40,August,2.435334785,2.435820395
8/9/2025 6:45,August,2.474435967,2.475669977
8/9/2025 6:50,August,2.432913866,2.435342409
8/9/2025 6:55,August,2.431196923,2.434837892
8/9/2025 7:00,August,1.982434749,1.986592457
8/9/2025 7:05,August,1.48E+00,1.48E+00
8/9/2025 7:10,August,2.037488484,2.043192311
8/9/2025 7:15,August,2.463278305,2.47141119
8/9/2025 7:20,August,2.426113947,2.435342409
8/9/2025 7:25,August,2.460813795,2.470918288
8/9/2025 7:30,August,2.424173795,2.435589101
8/9/2025 7:35,August,2.496380537,2.509141428
8/9/2025 7:40,August,2.455855523,2.469888984
8/9/2025 7:45,August,2.769208657,2.786434596
8/9/2025 7:50,August,3.023946651,3.040921491
8/9/2025 7:55,August,2.993812979,3.012130189
8/9/2025 8:00,August,3.405690225,3.427223593
8/9/2025 8:05,August,1.015970536,1.023132463
8/9/2025 8:10,August,2.45E+00,2.47E+00
8/9/2025 8:15,August,2.764569703,2.785165511
8/9/2025 8:20,August,2.878992068,2.901318827
8/9/2025 8:25,August,2.879500566,2.90242052
8/9/2025 8:30,August,2.814054926,2.837030276
8/9/2025 8:35,August,2.759168616,2.782256729
8/9/2025 8:40,August,2.758334106,2.782256729
8/9/2025 8:45,August,2.976396251,3.003124055
8/9/2025 8:50,August,2.871831139,2.898494623
8/9/2025 8:55,August,2.887134113,2.916005455
8/9/2025 9:00,August,2.972790323,3.004633065
8/9/2025 9:05,August,1.07E+00,1.08E+00
8/9/2025 9:10,August,2.970691254,3.006124547
8/9/2025 9:15,August,2.97158871,3.007336694
8/9/2025 9:20,August,2.913186612,2.948828228
8/9/2025 9:25,August,2.855794233,2.891311189
8/9/2025 9:30,August,2.500734258,2.531835402
8/9/2025 9:35,August,2.819014112,2.854647317
8/9/2025 9:40,August,2.841246205,2.877160431
8/9/2025 9:45,August,2.971285671,3.008847434
8/9/2025 9:50,August,2.973385128,3.011270306
8/9/2025 9:55,August,3.052160494,3.091049383
8/9/2025 10:00,August,3.151260864,3.192372581
8/9/2025 10:05,August,0.742083748,0.751620748
8/9/2025 10:10,August,1.192110051,1.208012884
8/9/2025 10:15,August,1.98623458,2.013118967
8/9/2025 10:20,August,2.862418971,2.901174568
8/9/2025 10:25,August,2.500227013,2.534088992
8/9/2025 10:30,August,2.499215748,2.532814828
8/9/2025 10:35,August,2.44434548,2.477701049
8/9/2025 10:40,August,2.445091699,2.478457451
8/9/2025 10:45,August,2.50174959,2.534650697
8/9/2025 10:50,August,1.017903563,1.03118997
8/9/2025 10:55,August,1.13247296,1.14747943
8/9/2025 11:00,August,2.446350048,2.479010937
8/9/2025 11:05,August,0.719833333,0.72909375
8/9/2025 11:10,August,0.729637652,0.739312977
8/9/2025 11:15,August,0.749897321,0.759915179
8/9/2025 11:20,August,0.740169643,0.750131448
8/9/2025 11:25,August,0.721490313,0.731129657
8/9/2025 11:30,August,0.710328836,0.71960619
8/9/2025 11:35,August,7.10E-01,7.19E-01
8/9/2025 11:40,August,7.00E-01,7.09E-01
8/9/2025 11:45,August,0.699073359,0.707850708
8/9/2025 11:50,August,0.688474928,0.696911779
8/9/2025 11:55,August,0.000978005,0.000989894
8/9/2025 12:00,August,0,0
8/9/2025 12:05,August,0,0
8/9/2025 12:10,August,0,0
8/9/2025 12:15,August,0,0
8/9/2025 12:20,August,0,0
8/9/2025 12:25,August,0,0
8/9/2025 12:30,August,0,0
8/9/2025 12:35,August,9.78E-04,9.89E-04
8/9/2025 12:40,August,0.6954718,0.703085683
8/9/2025 12:45,August,0.685882063,0.693459718
8/9/2025 12:50,August,0.99928101,1.011106223
8/9/2025 12:55,August,0.999182003,1.010803924
8/9/2025 13:00,August,1.017111643,1.029140559
8/9/2025 13:05,August,1.01453933,1.028317405
8/9/2025 13:10,August,1.079327439,1.094093268
8/9/2025 13:15,August,2.443636327,2.477304095
8/9/2025 13:20,August,1.179443885,1.195577731
8/9/2025 13:25,August,1.948188306,1.97443517
8/9/2025 13:30,August,1.229940801,1.246760291
8/9/2025 13:35,August,2.497447017,2.530840758
8/9/2025 13:40,August,2.446375225,2.479079451
8/9/2025 13:45,August,2.498459179,2.53135695
8/9/2025 13:50,August,1.177554496,1.193051771
8/9/2025 13:55,August,1.176524064,1.191650462
8/9/2025 14:00,August,1.231021595,1.246594684
8/9/2025 14:05,August,1.133814582,1.148040324
8/9/2025 14:10,August,1.309639725,1.326326407
8/9/2025 14:15,August,6.13349711,6.212863025
8/9/2025 14:20,August,2.502506188,2.534125846
8/9/2025 14:25,August,2.505797913,2.535658967
8/9/2025 14:30,August,2.506559785,2.536176781
8/9/2025 14:35,August,2.505544058,2.535149053
8/9/2025 14:40,August,3.109170225,3.143023474
8/9/2025 14:45,August,2.513913896,2.540261477
8/9/2025 14:50,August,2.515948037,2.541545977
8/9/2025 14:55,August,5.110420506,5.161884962
8/9/2025 15:00,August,3.113554521,3.143010452
8/9/2025 15:05,August,1.957526508,1.975261297
8/9/2025 15:10,August,2.461983451,2.483538504
8/9/2025 15:15,August,2.461966238,2.483015034
8/9/2025 15:20,August,2.513116341,2.53282904
8/9/2025 15:25,August,2.514386729,2.533601751
8/9/2025 15:30,August,2.516162141,2.534118469
8/9/2025 15:35,August,2.517177709,2.534378803
8/9/2025 15:40,August,2.517175737,2.533616294
8/9/2025 15:45,August,2.519212261,2.534903557
8/9/2025 15:50,August,2.5209933,2.535931394
8/9/2025 15:55,August,3.054793204,3.071970473
8/9/2025 16:00,August,2.524567891,2.538255308
8/9/2025 16:05,August,2.473455561,2.48660828
8/9/2025 16:10,August,2.524284744,2.537197334
8/9/2025 16:15,August,2.526324757,2.537977312
8/9/2025 16:20,August,3.95292754,3.97036576
8/9/2025 16:25,August,2.529377405,2.540021013
8/9/2025 16:30,August,3.014168543,3.025941459
8/9/2025 16:35,August,2.984825238,2.997085089
8/9/2025 16:40,August,2.999522274,3.010935295
8/9/2025 16:45,August,3.017209035,3.027476786
8/9/2025 16:50,August,3.924297848,3.935294679
8/9/2025 16:55,August,3.202567034,3.21121656
8/9/2025 17:00,August,3.265047958,3.272230345
8/9/2025 17:05,August,2.479557663,2.484759012
8/9/2025 17:10,August,2.934922567,2.941369082
8/9/2025 17:15,August,2.986088984,2.990855288
8/9/2025 17:20,August,3.008498087,3.012097846
8/9/2025 17:25,August,3.011514267,3.013615184
8/9/2025 17:30,August,3.036458329,3.037668796
8/9/2025 17:35,August,4.955743682,4.956237627
8/9/2025 17:40,August,4.948916745,4.947434885
8/9/2025 17:45,August,6.944139184,6.939288957
8/9/2025 17:50,August,6.024719925,6.018111896
8/9/2025 17:55,August,6.193388868,6.184126571
8/9/2025 18:00,August,6.995454546,6.982902893
8/9/2025 18:05,August,7.009078212,6.995111732
8/9/2025 18:10,August,7.008460106,6.993092207
8/9/2025 18:15,August,7.019916088,7.003133741
8/9/2025 18:20,August,7.285862355,7.265547264
8/9/2025 18:25,August,8.047370909,8.023329769
8/9/2025 18:30,August,8.057050127,8.031377957
8/9/2025 18:35,August,8.352452203,8.324189526
8/9/2025 18:40,August,8.357588358,8.327650728
8/9/2025 18:45,August,11.28490354,11.24000637
8/9/2025 18:50,August,11.2906674,11.24461055
8/9/2025 18:55,August,8.376157287,8.334546968
8/9/2025 19:00,August,8.371048253,8.331114809
8/9/2025 19:05,August,13.93889331,13.86947651
8/9/2025 19:10,August,8.055390161,8.016920484
8/9/2025 19:15,August,8.061857465,8.024957421
8/9/2025 19:20,August,8.067567413,8.030615497
8/9/2025 19:25,August,8.336999378,8.297987134
8/9/2025 19:30,August,8.358643645,8.320366133
8/9/2025 19:35,August,8.36458225,8.32462803
8/9/2025 19:40,August,8.356073211,8.316971714
8/9/2025 19:45,August,8.9973137,8.955228336
8/9/2025 19:50,August,7.053914942,7.020926484
8/9/2025 19:55,August,7.312129716,7.277933687
8/9/2025 20:00,August,7.456089785,7.421210098
8/9/2025 20:05,August,18.22171305,18.13451044
8/9/2025 20:10,August,15.45619618,15.38224309
8/9/2025 20:15,August,15.46553173,15.3900375
8/9/2025 20:20,August,15.39202934,15.31532997
8/9/2025 20:25,August,8.581764894,8.539005727
8/9/2025 20:30,August,8.581754827,8.538144873
8/9/2025 20:35,August,7.449344122,7.399488358
8/9/2025 20:40,August,7.447210979,7.397364512
8/9/2025 20:45,August,6.948687905,6.901507598
8/9/2025 20:50,August,6.934425734,6.888011495
8/9/2025 20:55,August,4.310081774,4.280805422
8/9/2025 21:00,August,4.289357508,4.260221926
8/9/2025 21:05,August,18.64755407,18.51160366
8/9/2025 21:10,August,15.24259862,15.12400284
8/9/2025 21:15,August,8.372598162,8.307435255
8/9/2025 21:20,August,8.3673938,8.302264899
8/9/2025 21:25,August,8.04745156,7.984035234
8/9/2025 21:30,August,8.042605268,7.978431279
8/9/2025 21:35,August,7.322200188,7.2652124
8/9/2025 21:40,August,7.32070549,7.264454185
8/9/2025 21:45,August,7.057042254,7.002112676
8/9/2025 21:50,August,7.050516109,6.997028464
8/9/2025 21:55,August,7.038101187,6.984697064
8/9/2025 22:00,August,7.02937812,6.977433444
8/9/2025 22:05,August,4.159423263,4.127884186
8/9/2025 22:10,August,3.366622085,3.341097018
8/9/2025 22:15,August,3.366190241,3.340350678
8/9/2025 22:20,August,3.209720359,3.185089258
8/9/2025 22:25,August,3.365806866,3.339642531
8/9/2025 22:30,August,3.14205764,3.118249426
8/9/2025 22:35,August,3.203206071,3.17862741
8/9/2025 22:40,August,3.203531337,3.179279083
8/9/2025 22:45,August,3.080257825,3.058150712
8/9/2025 22:50,August,3.096273391,3.074659995
8/9/2025 22:55,August,3.069934597,3.048515737
8/9/2025 23:00,August,2.903220054,2.882968394
8/9/2025 23:05,August,3.139204408,3.116703391
8/9/2025 23:10,August,3.138698971,3.114918578
8/9/2025 23:15,August,3.138708951,3.114926111
8/9/2025 23:20,August,3.139001862,3.116162518
8/9/2025 23:25,August,2.47363744,2.456132381
8/9/2025 23:30,August,2.472127526,2.455122561
8/9/2025 23:35,August,2.498030939,2.481344192
8/9/2025 23:40,August,2.497290621,2.481349408
8/9/2025 23:45,August,2.469611298,2.454342461
8/9/2025 23:50,August,2.494467821,2.479292541
8/9/2025 23:55,August,2.466831305,2.452316191
8/10/2025 0:00,August,1.590183073,1.580833715
8/10/2025 0:05,August,3.443520249,3.421157494
8/10/2025 0:10,August,3.215767635,3.195186722
8/10/2025 0:15,August,3.057703428,3.038732387
8/10/2025 0:20,August,2.998208059,2.979591244
8/10/2025 0:25,August,3.06099761,3.041983298
8/10/2025 0:30,August,3.042474436,3.023561922
8/10/2025 0:35,August,2.996243061,2.977894418
8/10/2025 0:40,August,3.003410379,2.984705061
8/10/2025 0:45,August,2.991729915,2.973383125
8/10/2025 0:50,August,2.99143261,2.972478546
8/10/2025 0:55,August,2.985073031,2.96645199
8/10/2025 1:00,August,2.982684256,2.964678315
8/10/2025 1:05,August,8.322546864,8.268928684
8/10/2025 1:10,August,5.237184063,5.20502499
8/10/2025 1:15,August,3.213532972,3.194125626
8/10/2025 1:20,August,3.282396107,3.262891488
8/10/2025 1:25,August,3.290195101,3.27031677
8/10/2025 1:30,August,3.214263339,3.195812885
8/10/2025 1:35,August,3.137686483,3.119363304
8/10/2025 1:40,August,3.173809524,3.154957741
8/10/2025 1:45,August,3.1731554,3.154307502
8/10/2025 1:50,August,3.141532535,3.123495936
8/10/2025 1:55,August,3.133818084,3.116141431
8/10/2025 2:00,August,2.98813138,2.971868621
8/10/2025 2:05,August,7.265590609,7.227439472
8/10/2025 2:10,August,5.215583969,5.189234651
8/10/2025 2:15,August,3.676953845,3.659118984
8/10/2025 2:20,August,3.675107112,3.657641992
8/10/2025 2:25,August,3.673577092,3.656490687
8/10/2025 2:30,August,3.355753271,3.34048288
8/10/2025 2:35,August,3.264356436,3.249504951
8/10/2025 2:40,August,3.128552276,3.114015569
8/10/2025 2:45,August,3.129147538,3.113985103
8/10/2025 2:50,August,3.131377567,3.116211981
8/10/2025 2:55,August,3.142907548,3.128314458
8/10/2025 3:00,August,3.261240868,3.246424529
8/10/2025 3:05,August,3.217318377,3.203669148
8/10/2025 3:10,August,3.259960877,3.246782662
8/10/2025 3:15,August,3.218755248,3.206066331
8/10/2025 3:20,August,3.126313475,3.1136768
8/10/2025 3:25,August,3.124988507,3.112361015
8/10/2025 3:30,August,3.147132799,3.13473375
8/10/2025 3:35,August,3.147142452,3.135058849
8/10/2025 3:40,August,3.125637518,3.11363891
8/10/2025 3:45,August,3.145491948,3.132789306
8/10/2025 3:50,August,3.12686474,3.114239869
8/10/2025 3:55,August,3.127495983,3.114871113
8/10/2025 4:00,August,3.127468963,3.114216976
8/10/2025 4:05,August,3.14453925,3.132154173
8/10/2025 4:10,August,3.220069277,3.208355201
8/10/2025 4:15,August,3.660993314,3.648038631
8/10/2025 4:20,August,3.269905944,3.257992513
8/10/2025 4:25,August,3.116633393,3.104970054
8/10/2025 4:30,August,3.146544601,3.134451075
8/10/2025 4:35,August,3.116670216,3.104061051
8/10/2025 4:40,August,3.116654467,3.104047917
8/10/2025 4:45,August,3.056545473,3.043258832
8/10/2025 4:50,August,3.113757415,3.099901698
8/10/2025 4:55,August,3.114087518,3.100543899
8/10/2025 5:00,August,3.052783208,3.039510238
8/10/2025 5:05,August,3.053378587,3.03980253
8/10/2025 5:10,August,3.052399226,3.038833007
8/10/2025 5:15,August,2.534566445,2.523561057
8/10/2025 5:20,August,2.979398527,2.967669795
8/10/2025 5:25,August,3.046957961,3.034658201
8/10/2025 5:30,August,3.036468827,3.02451905
8/10/2025 5:35,August,3.042422174,3.029535755
8/10/2025 5:40,August,3.020465939,3.007972083
8/10/2025 5:45,August,2.47983371,2.469577159
8/10/2025 5:50,August,2.769706678,2.759640102
8/10/2025 5:55,August,2.975495314,2.964684067
8/10/2025 6:00,August,2.884346475,2.874441639
8/10/2025 6:05,August,2.48E+00,2.47E+00
8/10/2025 6:10,August,1.612833622,1.607784865
8/10/2025 6:15,August,2.086625458,2.080932936
8/10/2025 6:20,August,2.439124681,2.433453445
8/10/2025 6:25,August,2.469498405,2.464254779
8/10/2025 6:30,August,2.467242867,2.46349819
8/10/2025 6:35,August,2.432681342,2.430217867
8/10/2025 6:40,August,2.431702939,2.430470949
8/10/2025 6:45,August,2.4312067,2.430960327
8/10/2025 6:50,August,2.428496599,2.429974836
8/10/2025 6:55,August,2.42602414,2.428979702
8/10/2025 7:00,August,2.453227735,2.457466035
8/10/2025 7:05,August,2.449674621,2.456387421
8/10/2025 7:10,August,2.955269276,2.964877954
8/10/2025 7:15,August,2.947005536,2.958103674
8/10/2025 7:20,August,2.87899792,2.891326418
8/10/2025 7:25,August,2.445290981,2.457285051
8/10/2025 7:30,August,2.443305358,2.457059892
8/10/2025 7:35,August,2.514469489,2.52967122
8/10/2025 7:40,August,2.48774509,2.505383233
8/10/2025 7:45,August,2.439338226,2.457645175
8/10/2025 7:50,August,2.491140282,2.510364021
8/10/2025 7:55,August,2.47104354,2.491930621
8/10/2025 8:00,August,2.528078861,2.55288699
8/10/2025 8:05,August,1.01E+00,1.02E+00
8/10/2025 8:10,August,0.700632132,0.708429769
8/10/2025 8:15,August,0.687582103,6.95E-01
8/10/2025 8:20,August,0.686808735,0.695019578
8/10/2025 8:25,August,0.987375151,0.999809066
8/10/2025 8:30,August,1.951403368,1.978062988
8/10/2025 8:35,August,2.41827904,2.452109886
8/10/2025 8:40,August,2.417271596,2.451621374
8/10/2025 8:45,August,2.392742194,2.42676458
8/10/2025 8:50,August,2.820991725,2.860831276
8/10/2025 8:55,August,2.417257433,2.451656963
8/10/2025 9:00,August,2.444077376,2.478647789
8/10/2025 9:05,August,1.069975505,1.084103899
8/10/2025 9:10,August,1.929561535,1.955481918
8/10/2025 9:15,August,2.419491451,2.451489308
8/10/2025 9:20,August,1.236205646,1.252940701
8/10/2025 9:25,August,0.698652576,0.707589168
8/10/2025 9:30,August,0,0
8/10/2025 9:35,August,1.9052E-06,1.9263E-06
8/10/2025 9:40,August,0.688478239,0.696345744
8/10/2025 9:45,August,1.005981752,1.017371801
8/10/2025 9:50,August,2.473263182,2.502844593
8/10/2025 9:55,August,2.426545048,2.455327291
8/10/2025 10:00,August,2.426545258,2.455567901
8/10/2025 10:05,August,2.442800889,2.472805105
8/10/2025 10:10,August,2.984435411,3.02241008
8/10/2025 10:15,August,2.77166699,2.809611224
8/10/2025 10:20,August,2.802171623,2.840280453
8/10/2025 10:25,August,2.463456716,2.496412659
8/10/2025 10:30,August,2.686351962,2.72173195
8/10/2025 10:35,August,2.465258994,2.497957468
8/10/2025 10:40,August,2.842631428,2.880925022
8/10/2025 10:45,August,2.422748514,2.455389199
8/10/2025 10:50,August,2.46525565,2.49821499
8/10/2025 10:55,August,1.127470082,1.142412031
8/10/2025 11:00,August,2.422495961,2.455133243
8/10/2025 11:05,August,1.023873879,1.04E+00
8/10/2025 11:10,August,2.39E+00,2.422463376
8/10/2025 11:15,August,1.13E+00,1.14E+00
8/10/2025 11:20,August,2.419225692,2.451532514
8/10/2025 11:25,August,2.42E+00,2.452050307
8/10/2025 11:30,August,2.463989027,2.496927993
8/10/2025 11:35,August,2.420471943,2.452097217
8/10/2025 11:40,August,1.228058127,1.244230297
8/10/2025 11:45,August,1.772757412,1.796483149
8/10/2025 11:50,August,2.32897565,2.359902031
8/10/2025 11:55,August,1.774670815,1.798058382
8/10/2025 12:00,August,1.238306747,1.254870992
8/10/2025 12:05,August,1.188604147,1.20437933
8/10/2025 12:10,August,2.310448214,2.33989605
8/10/2025 12:15,August,1.022684874,1.035724962
8/10/2025 12:20,August,1.07788222,1.090946094
8/10/2025 12:25,August,3.152335952,3.188872372
8/10/2025 12:30,August,2.859794013,2.892617191
8/10/2025 12:35,August,2.852333397,2.884780104
8/10/2025 12:40,August,2.607818528,2.638050158
8/10/2025 12:45,August,2.595002717,2.625605442
8/10/2025 12:50,August,2.474958396,2.504160683
8/10/2025 12:55,August,1.176909251,1.190816053
8/10/2025 13:00,August,2.251765164,2.279832625
8/10/2025 13:05,August,1.825883203,1.849377673
8/10/2025 13:10,August,2.423250214,2.454915098
8/10/2025 13:15,August,2.631926991,2.665507319
8/10/2025 13:20,August,2.465684825,2.496150879
8/10/2025 13:25,August,2.426288851,2.455973657
8/10/2025 13:30,August,2.470565132,2.500542701
8/10/2025 13:35,August,2.428064865,2.457749671
8/10/2025 13:40,August,2.472389836,2.502090539
8/10/2025 13:45,August,2.412751762,2.440666651
8/10/2025 13:50,August,2.430851025,2.458984115
8/10/2025 13:55,August,2.673033801,2.704215947
8/10/2025 14:00,August,2.481427497,2.50958151
8/10/2025 14:05,August,2.99253267,3.028935905
8/10/2025 14:10,August,2.794883182,2.829161969
8/10/2025 14:15,August,2.694848659,2.727903975
8/10/2025 14:20,August,2.698103301,2.731177911
8/10/2025 14:25,August,2.708350031,2.741842045
8/10/2025 14:30,August,2.854005935,2.889317507
8/10/2025 14:35,August,2.891062714,2.925916515
8/10/2025 14:40,August,2.807726969,2.839798617
8/10/2025 14:45,August,3.08662646,3.121221277
8/10/2025 14:50,August,2.87037037,2.901899827
8/10/2025 14:55,August,2.619397089,2.648157819
8/10/2025 15:00,August,2.505489895,2.533014191
8/10/2025 15:05,August,2.766120589,2.79647975
8/10/2025 15:10,August,2.619388597,2.647586135
8/10/2025 15:15,August,2.830051253,2.86019866
8/10/2025 15:20,August,2.830988835,2.860539256
8/10/2025 15:25,August,3.089231634,3.127519984
8/10/2025 15:30,August,3.005972239,3.042256027
8/10/2025 15:35,August,3.129987888,3.166796081
8/10/2025 15:40,August,2.922176857,2.954702375
8/10/2025 15:45,August,2.929077856,2.960113246
8/10/2025 15:50,August,3.094350899,3.12649752
8/10/2025 15:55,August,3.095623575,3.126500232
8/10/2025 16:00,August,3.170639504,3.201890161
8/10/2025 16:05,August,3.0774764,3.104278192
8/10/2025 16:10,August,3.917874394,3.95156274
8/10/2025 16:15,August,3.178686805,3.204698972
8/10/2025 16:20,August,2.594972621,2.615140114
8/10/2025 16:25,August,3.077648538,3.100911663
8/10/2025 16:30,August,3.935436402,3.961538786
8/10/2025 16:35,August,3.125477707,3.144585987
8/10/2025 16:40,August,3.131661387,3.150163614
8/10/2025 16:45,August,3.18458965,3.201766858
8/10/2025 16:50,August,3.184799113,3.199687402
8/10/2025 16:55,August,3.942042257,3.959656744
8/10/2025 17:00,August,3.194508248,3.203247024
8/10/2025 17:05,August,3.185109069,3.192850094
8/10/2025 17:10,August,3.188315626,3.193475234
8/10/2025 17:15,August,3.187955567,3.192146004
8/10/2025 17:20,August,3.247251846,3.250205086
8/10/2025 17:25,August,3.665273341,3.667866258
8/10/2025 17:30,August,3.979197606,3.977188721
8/10/2025 17:35,August,4.253404276,4.249968917
8/10/2025 17:40,August,3.688671825,3.682716952
8/10/2025 17:45,August,3.986417228,3.978776562
8/10/2025 17:50,August,4.928024844,4.915106045
8/10/2025 17:55,August,5.543050369,5.527958874
8/10/2025 18:00,August,6.0025111,5.983747578
8/10/2025 18:05,August,3.685730962,3.675678968
8/10/2025 18:10,August,5.536180884,5.521077632
8/10/2025 18:15,August,5.987982059,5.972847134
8/10/2025 18:20,August,6.994078189,6.976391364
8/10/2025 18:25,August,8.311699223,8.288174753
8/10/2025 18:30,August,7.241759395,7.218979635
8/10/2025 18:35,August,8.434131882,8.395701755
8/10/2025 18:40,August,8.291504778,8.254541636
8/10/2025 18:45,August,8.31693183,8.279001159
8/10/2025 18:50,August,8.296950578,8.259095689
8/10/2025 18:55,August,8.303776165,8.261701904
8/10/2025 19:00,August,8.326547833,8.285201983
8/10/2025 19:05,August,7.433103982,7.393950679
8/10/2025 19:10,August,6.006170967,5.973941843
8/10/2025 19:15,August,6.005560652,5.973952439
8/10/2025 19:20,August,6.000697543,5.969712874
8/10/2025 19:25,August,6.001913181,5.971526825
8/10/2025 19:30,August,6.083,6.051584
8/10/2025 19:35,August,18.35894509,18.25677551
8/10/2025 19:40,August,22.41876391,22.29175827
8/10/2025 19:45,August,22.5028918,22.37546113
8/10/2025 19:50,August,22.42238926,22.2954273
8/10/2025 19:55,August,21.6303871,21.50572258
8/10/2025 20:00,August,22.16248895,22.03477064
8/10/2025 20:05,August,3.706221928,3.683447723
8/10/2025 20:10,August,4.239529745,4.213467938
8/10/2025 20:15,August,4.250602024,4.224892738
8/10/2025 20:20,August,5.258837847,5.228075104
8/10/2025 20:25,August,7.480753212,7.437006118
8/10/2025 20:30,August,7.337179257,7.293531992
8/10/2025 20:35,August,8.000896705,7.952494426
8/10/2025 20:40,August,8.007356204,7.958914847
8/10/2025 20:45,August,8.001703247,7.954112471
8/10/2025 20:50,August,3.720352817,3.69603434
8/10/2025 20:55,August,3.995669567,3.969950684
8/10/2025 21:00,August,3.713017605,3.689484395
8/10/2025 21:05,August,3.981693265,3.954898021
8/10/2025 21:10,August,3.722110987,3.69706263
8/10/2025 21:15,August,3.723460625,3.697688854
8/10/2025 21:20,August,3.231185242,3.208829704
8/10/2025 21:25,August,3.229145046,3.206805863
8/10/2025 21:30,August,3.150295275,3.128185724
8/10/2025 21:35,August,3.224090556,3.20178634
8/10/2025 21:40,August,3.22503373,3.202410986
8/10/2025 21:45,August,3.225316969,3.202378223
8/10/2025 21:50,August,2.997428108,2.976696097
8/10/2025 21:55,August,2.998026784,2.976996433
8/10/2025 22:00,August,2.699718076,2.681062037
8/10/2025 22:05,August,3.155802002,3.133377869
8/10/2025 22:10,August,3.156002764,3.133886417
8/10/2025 22:15,August,3.445013286,3.421880805
8/10/2025 22:20,August,3.213634297,3.192057636
8/10/2025 22:25,August,3.045535419,3.024786355
8/10/2025 22:30,August,3.040068678,3.019655308
8/10/2025 22:35,August,2.704202535,2.686048069
8/10/2025 22:40,August,2.991138628,2.970745864
8/10/2025 22:45,August,2.974814263,2.95453686
8/10/2025 22:50,August,2.980934251,2.960613095
8/10/2025 22:55,August,2.700032614,2.681357569
8/10/2025 23:00,August,2.699723774,2.681327019
8/10/2025 23:05,August,2.697839338,2.68025238
8/10/2025 23:10,August,2.953114253,2.933568972
8/10/2025 23:15,August,2.912576708,2.894170415
8/10/2025 23:20,August,2.826577782,2.80843507
8/10/2025 23:25,August,2.579999099,2.563953362
8/10/2025 23:30,August,1.991303662,1.979122603
8/10/2025 23:35,August,2.499001591,2.484460851
8/10/2025 23:40,August,1.991500779,1.980314817
8/10/2025 23:45,August,2.57176136,2.557310363
8/10/2025 23:50,August,2.497976802,2.484192441
8/10/2025 23:55,August,2.496451554,2.483172556
8/11/2025 0:00,August,1.612558763,1.603985625
8/11/2025 0:05,August,3.402147861,3.384679871
8/11/2025 0:10,August,2.981500504,2.965595166
8/11/2025 0:15,August,2.98,2.964694864
8/11/2025 0:20,August,3.130614868,3.114209348
8/11/2025 0:25,August,3.136665612,3.120215122
8/11/2025 0:30,August,2.987574137,2.972503646
8/11/2025 0:35,August,3.029991897,3.015309926
8/11/2025 0:40,August,2.979699142,2.965257951
8/11/2025 0:45,August,3.24257834,3.227828918
8/11/2025 0:50,August,3.138051412,3.123452872
8/11/2025 0:55,August,3.137824779,3.12322434
8/11/2025 1:00,August,3.029202337,3.015420707
8/11/2025 1:05,August,2.95486161,2.941133337
8/11/2025 1:10,August,2.981806426,2.967957163
8/11/2025 1:15,August,2.692825231,2.68059253
8/11/2025 1:20,August,2.693912582,2.681951719
8/11/2025 1:25,August,2.681854656,2.670219125
8/11/2025 1:30,August,2.679613113,2.66825882
8/11/2025 1:35,August,2.678219513,2.667411525
8/11/2025 1:40,August,2.677932623,2.667126882
8/11/2025 1:45,August,2.677679114,2.667141325
8/11/2025 1:50,August,2.544049337,2.534292184
8/11/2025 1:55,August,2.604316566,2.59432827
8/11/2025 2:00,August,2.591101247,2.58116965
8/11/2025 2:05,August,2.673761821,2.663512356
8/11/2025 2:10,August,2.672690717,2.662440187
8/11/2025 2:15,August,2.639163333,2.629040369
8/11/2025 2:20,August,2.562541103,2.552967797
8/11/2025 2:25,August,2.484244369,2.475213489
8/11/2025 2:30,August,2.483474483,2.474697183
8/11/2025 2:35,August,2.215495957,2.207665768
8/11/2025 2:40,August,2.482198833,2.473675831
8/11/2025 2:45,August,2.481914157,2.473145913
8/11/2025 2:50,August,2.480884288,2.472621351
8/11/2025 2:55,August,2.479610637,2.471601397
8/11/2025 3:00,August,2.478838408,2.470832471
8/11/2025 3:05,August,1.464681009,1.459805633
8/11/2025 3:10,August,1.675615366,1.670376428
8/11/2025 3:15,August,1.67664133,1.671573397
8/11/2025 3:20,August,2.215353258,2.208658325
8/11/2025 3:25,August,2.476444172,2.468710741
8/11/2025 3:30,August,2.21465447,2.207962997
8/11/2025 3:35,August,2.213533485,2.207288756
8/11/2025 3:40,August,2.523398413,2.516024516
8/11/2025 3:45,August,2.475186949,2.46820335
8/11/2025 3:50,August,2.475186949,2.46820335
8/11/2025 3:55,August,1.367381152,1.363660199
8/11/2025 4:00,August,2.535125547,2.527969951
8/11/2025 4:05,August,2.475481156,2.468491092
8/11/2025 4:10,August,2.52868085,2.521286301
8/11/2025 4:15,August,2.511674184,2.503828366
8/11/2025 4:20,August,2.53408812,2.525916937
8/11/2025 4:25,August,2.548780417,2.540304174
8/11/2025 4:30,August,2.529693628,2.521280012
8/11/2025 4:35,August,2.534214262,2.52552319
8/11/2025 4:40,August,2.538735413,2.529769143
8/11/2025 4:45,August,2.528737337,2.519805476
8/11/2025 4:50,August,2.529254849,2.520322062
8/11/2025 4:55,August,2.593533254,2.58437345
8/11/2025 5:00,August,2.594612569,2.585186184
8/11/2025 5:05,August,2.800620045,2.789884288
8/11/2025 5:10,August,2.808555803,2.797226413
8/11/2025 5:15,August,2.7895789,2.778327195
8/11/2025 5:20,August,2.833861873,2.821864876
8/11/2025 5:25,August,2.869368679,2.856933398
8/11/2025 5:30,August,2.785417475,2.77389936
8/11/2025 5:35,August,2.817378243,2.805443812
8/11/2025 5:40,August,2.793335298,2.781771612
8/11/2025 5:45,August,2.797832108,2.786249807
8/11/2025 5:50,August,2.70E+00,2.68E+00
8/11/2025 5:55,August,2.672682103,2.662432641
8/11/2025 6:00,August,2.670442888,2.659935698
8/11/2025 6:05,August,9.66E-01,9.61E-01
8/11/2025 6:10,August,1.356343304,1.351290475
8/11/2025 6:15,August,2.521513728,2.513379813
8/11/2025 6:20,August,2.542662207,2.534964169
8/11/2025 6:25,August,2.48E+00,2.47E+00
8/11/2025 6:30,August,1.41E+00,1.41E+00
8/11/2025 6:35,August,2.47E+00,2.47E+00
8/11/2025 6:40,August,1.41072788,1.408588252
8/11/2025 6:45,August,2.018369142,2.01714217
8/11/2025 6:50,August,2.194482012,2.19403711
8/11/2025 6:55,August,2.192713137,2.193825737
8/11/2025 7:00,August,2.462304358,2.464304605
8/11/2025 7:05,August,0.729149127,0.729739651
8/11/2025 7:10,August,0.728497409,0.729455959
8/11/2025 7:15,August,0.739135864,0.741008991
8/11/2025 7:20,August,0.98986187,0.992672551
8/11/2025 7:25,August,1.018097465,1.023065813
8/11/2025 7:30,August,1.01860584,1.024096139
8/11/2025 7:35,August,1.209772354,1.217904863
8/11/2025 7:40,August,2.171724074,2.187440353
8/11/2025 7:45,August,2.437002025,2.457154874
8/11/2025 7:50,August,2.4357607,2.457164136
8/11/2025 7:55,August,2.439442,2.463906318
8/11/2025 8:00,August,2.604371233,2.631322206
8/11/2025 8:05,August,1.103540623,1.115603024
8/11/2025 8:10,August,2.157337427,2.183177771
8/11/2025 8:15,August,2.156012078,2.182738588
8/11/2025 8:20,August,3.080696203,3.121835443
8/11/2025 8:25,August,2.604791183,2.639868038
8/11/2025 8:30,August,2.592897146,2.628650204
8/11/2025 8:35,August,2.592628974,2.628926847
8/11/2025 8:40,August,2.59476206,2.631624029
8/11/2025 8:45,August,2.528645965,2.564572367
8/11/2025 8:50,August,2.4606,2.495570422
8/11/2025 8:55,August,2.522658761,2.557991572
8/11/2025 9:00,August,2.594759914,2.631110073
8/11/2025 9:05,August,1.05E+00,1.07E+00
8/11/2025 9:10,August,2.151572104,2.181273418
8/11/2025 9:15,August,2.829809082,2.868633573
8/11/2025 9:20,August,2.557750445,2.593388417
8/11/2025 9:25,August,2.489730805,2.524692435
8/11/2025 9:30,August,2.149123908,2.179524524
8/11/2025 9:35,August,2.426298436,2.460619849
8/11/2025 9:40,August,2.522907632,2.558357104
8/11/2025 9:45,August,2.524201571,2.559955874
8/11/2025 9:50,August,2.447144043,2.481553843
8/11/2025 9:55,August,2.487672174,2.522898126
8/11/2025 10:00,August,2.900489327,2.941894885
8/11/2025 10:05,August,2.392488128,2.427362606
8/11/2025 10:10,August,2.489202033,2.525512553
8/11/2025 10:15,August,2.489454214,2.526044888
8/11/2025 10:20,August,2.898380828,2.940990837
8/11/2025 10:25,August,2.898064256,2.940382717
8/11/2025 10:30,August,2.952218614,2.99534572
8/11/2025 10:35,August,3.094492607,3.140679064
8/11/2025 10:40,August,2.604490919,2.643089966
8/11/2025 10:45,August,2.956425401,3.002036023
8/11/2025 10:50,August,2.607190041,2.647686936
8/11/2025 10:55,August,2.49E+00,2.53E+00
8/11/2025 11:00,August,2.49E+00,2.531491046
8/11/2025 11:05,August,2.379965663,2.416799635
8/11/2025 11:10,August,2.43E+00,2.47E+00
8/11/2025 11:15,August,2.428553283,2.466135352
8/11/2025 11:20,August,2.428052189,2.465884804
8/11/2025 11:25,August,2.489729985,2.527780381
8/11/2025 11:30,August,2.488699743,2.526500824
8/11/2025 11:35,August,2.525773634,2.564880369
8/11/2025 11:40,August,2.494099526,2.53267603
8/11/2025 11:45,August,0.953570296,0.967525463
8/11/2025 11:50,August,2.152008021,2.18352139
8/11/2025 11:55,August,3.104559884,3.153518621
8/11/2025 12:00,August,2.94169163,2.989806944
8/11/2025 12:05,August,2.50104433,2.540661778
8/11/2025 12:10,August,2.431268272,2.468082903
8/11/2025 12:15,August,2.703214093,2.743348419
8/11/2025 12:20,August,2.530204602,2.568295948
8/11/2025 12:25,August,2.370558391,2.404779692
8/11/2025 12:30,August,2.424797169,2.459841208
8/11/2025 12:35,August,2.425299784,2.46030411
8/11/2025 12:40,August,2.49178798,2.528031234
8/11/2025 12:45,August,2.570319267,2.608476584
8/11/2025 12:50,August,2.881768458,2.925400136
8/11/2025 12:55,August,2.641933488,2.682218482
8/11/2025 13:00,August,4.652878857,4.723900522
8/11/2025 13:05,August,3.103146365,3.1502414
8/11/2025 13:10,August,3.185315673,3.232420135
8/11/2025 13:15,August,8.044019934,8.166112957
8/11/2025 13:20,August,3.876739207,3.936412156
8/11/2025 13:25,August,5.371091639,5.454841622
8/11/2025 13:30,August,3.878219148,3.93755101
8/11/2025 13:35,August,5.845762356,5.940408607
8/11/2025 13:40,August,7.067791315,7.182234718
8/11/2025 13:45,August,6.811836352,6.920752655
8/11/2025 13:50,August,7.067833698,7.178701678
8/11/2025 13:55,August,6.823239437,6.928873239
8/11/2025 14:00,August,6.594407251,6.691693978
8/11/2025 14:05,August,6.813984375,6.91875
8/11/2025 14:10,August,6.828120113,6.930872693
8/11/2025 14:15,August,5.875125856,5.951794679
8/11/2025 14:20,August,6.860989697,6.924914143
8/11/2025 14:25,August,6.853316327,6.925005206
8/11/2025 14:30,August,8.156731972,8.221759066
8/11/2025 14:35,August,7.867542936,7.93025174
8/11/2025 14:40,August,6.877942095,6.932071444
8/11/2025 14:45,August,6.891342848,6.941973122
8/11/2025 14:50,August,7.311643745,7.363144706
8/11/2025 14:55,August,3.233262396,3.255692701
8/11/2025 15:00,August,3.620204003,3.646075803
8/11/2025 15:05,August,7.117200499,7.171797005
8/11/2025 15:10,August,6.854580431,6.905115941
8/11/2025 15:15,August,6.865846682,6.911483254
8/11/2025 15:20,August,8.15165087,8.204145402
8/11/2025 15:25,August,8.143169285,8.193112059
8/11/2025 15:30,August,7.137898687,7.18240567
8/11/2025 15:35,August,12.7190415,12.79440974
8/11/2025 15:40,August,13.62318812,13.70106669
8/11/2025 15:45,August,12.9344295,13.01101146
8/11/2025 15:50,August,8.786589618,8.837700508
8/11/2025 15:55,August,7.150412016,7.192030875
8/11/2025 16:00,August,7.154792949,7.193491186
8/11/2025 16:05,August,12.70744948,12.78002645
8/11/2025 16:10,August,4.893533432,4.918447053
8/11/2025 16:15,August,3.245564709,3.256111888
8/11/2025 16:20,August,6.04215973,6.06361844
8/11/2025 16:25,August,5.915454877,5.937664094
8/11/2025 16:30,August,28.43722957,28.55260528
8/11/2025 16:35,August,26.28859876,26.36851951
8/11/2025 16:40,August,2.399111727,2.404451176
8/11/2025 16:45,August,2.961517129,2.969007056
8/11/2025 16:50,August,2.967685271,2.977897953
8/11/2025 16:55,August,2.961595418,2.972382289
8/11/2025 17:00,August,2.545341458,2.555127271
8/11/2025 17:05,August,2.469271167,2.479516068
8/11/2025 17:10,August,2.525743212,2.535962687
8/11/2025 17:15,August,5.908075077,5.926597561
8/11/2025 17:20,August,2.661238996,2.668766493
8/11/2025 17:25,August,2.967703301,2.976700886
8/11/2025 17:30,August,2.953247378,2.961300876
8/11/2025 17:35,August,2.970104649,2.97670155
8/11/2025 17:40,August,3.100066681,3.1060097
8/11/2025 17:45,August,3.24933446,3.253591802
8/11/2025 17:50,August,3.659941216,3.664367671
8/11/2025 17:55,August,3.181248589,3.181248589
8/11/2025 18:00,August,3.666242233,3.666242233
8/11/2025 18:05,August,3.957099681,3.955507447
8/11/2025 18:10,August,3.961041408,3.959447587
8/11/2025 18:15,August,3.965434769,3.961053073
8/11/2025 18:20,August,14.39445608,14.37710639
8/11/2025 18:25,August,13.39504635,13.37351739
8/11/2025 18:30,August,13.15491378,13.12453902
8/11/2025 18:35,August,14.91921005,14.87881508
8/11/2025 18:40,August,26.11227121,26.04420915
8/11/2025 18:45,August,13.93718217,13.89390767
8/11/2025 18:50,August,9.404587766,9.375357545
8/11/2025 18:55,August,3.57435971,3.562178871
8/11/2025 19:00,August,3.575829051,3.564361169
8/11/2025 19:05,August,3.695084905,3.681385693
8/11/2025 19:10,August,3.582620593,3.570060068
8/11/2025 19:15,August,3.209363518,3.196207758
8/11/2025 19:20,August,3.361584243,3.347142428
8/11/2025 19:25,August,3.977454725,3.95998188
8/11/2025 19:30,August,3.977851835,3.95998188
8/11/2025 19:35,August,3.386165298,3.372626052
8/11/2025 19:40,August,3.347107301,3.333389648
8/11/2025 19:45,August,3.277861176,3.263776232
8/11/2025 19:50,August,3.209626421,3.19583606
8/11/2025 19:55,August,3.209889052,3.194823665
8/11/2025 20:00,August,3.208561005,3.193822259
8/11/2025 20:05,August,26.19407693,26.0606739
8/11/2025 20:10,August,13.68304015,13.60924766
8/11/2025 20:15,August,8.035417575,7.991258106
8/11/2025 20:20,August,3.705053363,3.684323721
8/11/2025 20:25,August,3.704697283,3.684335701
8/11/2025 20:30,August,3.578010491,3.55799165
8/11/2025 20:35,August,3.044280753,3.026940491
8/11/2025 20:40,August,2.868998249,2.852661296
8/11/2025 20:45,August,2.999932348,2.981956123
8/11/2025 20:50,August,2.703872903,2.687940764
8/11/2025 20:55,August,2.704622473,2.687888954
8/11/2025 21:00,August,2.704322586,2.687594261
8/11/2025 21:05,August,22.9591875,22.81913646
8/11/2025 21:10,August,8.386934673,8.32998325
8/11/2025 21:15,August,8.036213224,7.982429757
8/11/2025 21:20,August,7.061180222,7.015314656
8/11/2025 21:25,August,7.056882316,7.013142768
8/11/2025 21:30,August,7.057555649,7.012409865
8/11/2025 21:35,August,7.047245122,6.999347803
8/11/2025 21:40,August,3.702901862,3.679198549
8/11/2025 21:45,August,3.702860134,3.679164199
8/11/2025 21:50,August,3.212346372,3.191793521
8/11/2025 21:55,August,3.214570108,3.193058302
8/11/2025 22:00,August,2.703583017,2.685494335
8/11/2025 22:05,August,3.461018297,3.437127715
8/11/2025 22:10,August,3.214418404,3.192553799
8/11/2025 22:15,August,3.191889667,3.169236311
8/11/2025 22:20,August,3.047922193,3.026299244
8/11/2025 22:25,August,3.216644479,3.193819998
8/11/2025 22:30,August,3.085410987,3.063231515
8/11/2025 22:35,August,3.004023725,2.982433616
8/11/2025 22:40,August,3.019163568,2.996870802
8/11/2025 22:45,August,3.016140315,2.994757793
8/11/2025 22:50,August,3.014913645,2.993544087
8/11/2025 22:55,August,3.074692658,3.053208481
8/11/2025 23:00,August,2.917068449,2.896980851
8/11/2025 23:05,August,3.253496094,3.232650789
8/11/2025 23:10,August,3.215456357,3.194865081
8/11/2025 23:15,August,3.213811484,3.193869899
8/11/2025 23:20,August,3.137148237,3.117690135
8/11/2025 23:25,August,3.011639231,2.993560356
8/11/2025 23:30,August,2.588290155,2.573019244
8/11/2025 23:35,August,2.704753333,2.688809637
8/11/2025 23:40,August,3.012492681,2.99474205
8/11/2025 23:45,August,2.588215117,2.573474084
8/11/2025 23:50,August,2.589868877,2.575381547
8/11/2025 23:55,August,2.586027309,2.571822624
8/12/2025 0:00,August,2.585999917,2.571799638
8/12/2025 0:05,August,3.281298635,3.264528796
8/12/2025 0:10,August,3.148305202,3.132842944
8/12/2025 0:15,August,3.149352831,3.134191971
8/12/2025 0:20,August,3.152346256,3.136848617
8/12/2025 0:25,August,3.13802521,3.12289916
8/12/2025 0:30,August,2.991418776,2.976995059
8/12/2025 0:35,August,2.992925156,2.97819649
8/12/2025 0:40,August,2.990517294,2.976093577
8/12/2025 0:45,August,3.149726558,3.135147426
8/12/2025 0:50,August,3.063534492,3.049655598
8/12/2025 0:55,August,3.137254902,3.123655914
8/12/2025 1:00,August,3.062371346,3.049403047
8/12/2025 1:05,August,3.147641755,3.134313703
8/12/2025 1:10,August,3.062024275,3.049063979
8/12/2025 1:15,August,2.986317383,2.973983444
8/12/2025 1:20,August,2.987521454,2.975787986
8/12/2025 1:25,August,2.988423178,2.976991722
8/12/2025 1:30,August,2.985236937,2.973518342
8/12/2025 1:35,August,2.937137572,2.926193555
8/12/2025 1:40,August,2.93318029,2.922550685
8/12/2025 1:45,August,2.936595368,2.925952316
8/12/2025 1:50,August,2.819106626,2.808323933
8/12/2025 1:55,August,2.485073874,2.475819875
8/12/2025 2:00,August,2.685029007,2.675025375
8/12/2025 2:05,August,2.998304548,2.987734377
8/12/2025 2:10,August,3.145617304,3.1348403
8/12/2025 2:15,August,3.054461539,3.044307692
8/12/2025 2:20,August,3.05698152,3.046817249
8/12/2025 2:25,August,3.012734742,3.003023096
8/12/2025 2:30,August,3.010215264,3.000812133
8/12/2025 2:35,August,2.987226432,2.978193392
8/12/2025 2:40,August,2.955754978,2.947113291
8/12/2025 2:45,August,2.894351494,2.885599297
8/12/2025 2:50,August,2.68645475,2.678066344
8/12/2025 2:55,August,2.839313407,2.830731964
8/12/2025 3:00,August,2.956664901,2.94832284
8/12/2025 3:05,August,2.980300403,2.972189516
8/12/2025 3:10,August,2.962991344,2.954922684
8/12/2025 3:15,August,2.901968074,2.893774557
8/12/2025 3:20,August,2.901098707,2.892905993
8/12/2025 3:25,August,2.848099326,2.840057093
8/12/2025 3:30,August,2.692140785,2.684270615
8/12/2025 3:35,August,2.691580564,2.683712032
8/12/2025 3:40,August,2.691580564,2.683712032
8/12/2025 3:45,August,2.691860645,2.683991295
8/12/2025 3:50,August,2.689392943,2.68179732
8/12/2025 3:55,August,2.689113206,2.681518373
8/12/2025 4:00,August,2.689102894,2.681779333
8/12/2025 4:05,August,2.689391125,2.681523442
8/12/2025 4:10,August,2.844142439,2.835818679
8/12/2025 4:15,August,2.84579253,2.837462261
8/12/2025 4:20,August,2.841918703,2.833309437
8/12/2025 4:25,August,2.690581444,2.681889882
8/12/2025 4:30,August,2.726527786,2.717444865
8/12/2025 4:35,August,2.776696631,2.767444714
8/12/2025 4:40,August,2.846214475,2.837294878
8/12/2025 4:45,August,2.845926746,2.83671942
8/12/2025 4:50,August,2.896939931,2.887570407
8/12/2025 4:55,August,2.901463578,2.892076576
8/12/2025 5:00,August,2.852071139,2.842841135
8/12/2025 5:05,August,1.24635898,1.241839092
8/12/2025 5:10,August,2.675102398,2.665123692
8/12/2025 5:15,August,2.787288525,2.777442431
8/12/2025 5:20,August,3.055853928,3.045670834
8/12/2025 5:25,August,2.970700624,2.960501309
8/12/2025 5:30,August,2.967001643,2.956217992
8/12/2025 5:35,August,2.938595992,2.927323364
8/12/2025 5:40,August,2.926333325,2.915105471
8/12/2025 5:45,August,2.971598872,2.960197342
8/12/2025 5:50,August,2.902281371,2.89231394
8/12/2025 5:55,August,2.76702641,2.757247944
8/12/2025 6:00,August,2.763392278,2.752520463
8/12/2025 6:05,August,1.037183686,1.032598988
8/12/2025 6:10,August,2.483335332,2.473829264
8/12/2025 6:15,August,2.53164737,2.522207589
8/12/2025 6:20,August,2.559102538,2.55058596
8/12/2025 6:25,August,2.526551653,2.518649807
8/12/2025 6:30,August,1.091520276,1.088547006
8/12/2025 6:35,August,1.039618892,1.036892435
8/12/2025 6:40,August,1.040543777,1.038442305
8/12/2025 6:45,August,1.041789871,1.040105659
8/12/2025 6:50,August,1.143745196,1.143166084
8/12/2025 6:55,August,2.194259561,2.194259561
8/12/2025 7:00,August,2.464319963,2.466571169
8/12/2025 7:05,August,1.040004405,1.040635731
8/12/2025 7:10,August,1.092801375,1.095016213
8/12/2025 7:15,August,1.041244243,1.043565152
8/12/2025 7:20,August,1.35E+00,1.350137012
8/12/2025 7:25,August,2.181709416,2.190572749
8/12/2025 7:30,August,1.912564042,1.922487816
8/12/2025 7:35,August,1.912916514,1.923820761
8/12/2025 7:40,August,1.994859496,2.008264171
8/12/2025 7:45,August,2.422379449,2.439398508
8/12/2025 7:50,August,2.170617294,2.189211201
8/12/2025 7:55,August,2.611300524,2.635834801
8/12/2025 8:00,August,2.933203141,2.962601168
8/12/2025 8:05,August,2.17E+00,2.19E+00
8/12/2025 8:10,August,2.894592684,2.92350321
8/12/2025 8:15,August,2.756965306,2.785938617
8/12/2025 8:20,August,2.73E+00,2.76E+00
8/12/2025 8:25,August,2.847664509,2.880285806
8/12/2025 8:30,August,2.986206616,3.021374436
8/12/2025 8:35,August,2.927461213,2.962286923
8/12/2025 8:40,August,2.926555164,2.961384383
8/12/2025 8:45,August,2.924153149,2.959883123
8/12/2025 8:50,August,2.846128448,2.881229723
8/12/2025 8:55,August,2.602516502,2.634626514
8/12/2025 9:00,August,2.896472172,2.932827069
8/12/2025 9:05,August,1.230744288,1.247213331
8/12/2025 9:10,August,2.599842433,2.64E+00
8/12/2025 9:15,August,2.842220323,2.880264871
8/12/2025 9:20,August,3.01542259,3.055487428
8/12/2025 9:25,August,2.917772622,2.956251387
8/12/2025 9:30,August,2.894294537,2.932432246
8/12/2025 9:35,August,2.59823594,2.634411873
8/12/2025 9:40,August,2.913023584,2.952969159
8/12/2025 9:45,August,2.889376264,2.92870372
8/12/2025 9:50,August,2.535429005,2.569928194
8/12/2025 9:55,August,2.882179831,2.921405291
8/12/2025 10:00,August,2.535429761,2.569936073
8/12/2025 10:05,August,0.911864201,0.924173992
8/12/2025 10:10,August,0.933310072,0.94620854
8/12/2025 10:15,August,0.933401976,0.946304376
8/12/2025 10:20,August,2.398665991,2.431578668
8/12/2025 10:25,August,2.526031982,2.560981728
8/12/2025 10:30,August,2.493582425,2.527554236
8/12/2025 10:35,August,2.530203795,2.563616164
8/12/2025 10:40,August,2.532031223,2.566251391
8/12/2025 10:45,August,2.496412128,2.530154388
8/12/2025 10:50,August,2.434837058,2.468246046
8/12/2025 10:55,August,2.493070343,2.527021162
8/12/2025 11:00,August,2.5281952,2.5626208
8/12/2025 11:05,August,2.314496257,2.346704998
8/12/2025 11:10,August,2.434838068,2.470012697
8/12/2025 11:15,August,2.490247248,2.526226052
8/12/2025 11:20,August,2.912915567,2.955031459
8/12/2025 11:25,August,2.491781889,2.527547862
8/12/2025 11:30,August,2.527853277,2.563887132
8/12/2025 11:35,August,2.879038757,2.919483883
8/12/2025 11:40,August,2.492031607,2.527330235
8/12/2025 11:45,August,2.43661225,2.472344868
8/12/2025 11:50,August,2.891790438,2.936229049
8/12/2025 11:55,August,2.719403591,2.761193105
8/12/2025 12:00,August,2.49718501,2.536066732
8/12/2025 12:05,August,1.026660275,1.04158851
8/12/2025 12:10,August,1.146981316,1.164379547
8/12/2025 12:15,August,2.15178226,2.184425396
8/12/2025 12:20,August,2.319833404,2.354600933
8/12/2025 12:25,August,2.315888576,2.350361179
8/12/2025 12:30,August,2.30140469,2.335427317
8/12/2025 12:35,August,2.525767453,2.56543646
8/12/2025 12:40,August,2.49229428,2.529876904
8/12/2025 12:45,August,2.493579233,2.531181233
8/12/2025 12:50,August,2.494351531,2.530669537
8/12/2025 12:55,August,2.441176889,2.477503175
8/12/2025 13:00,August,2.443211815,2.478818312
8/12/2025 13:05,August,2.30622006,2.338247574
8/12/2025 13:10,August,2.442247558,2.477961819
8/12/2025 13:15,August,2.526797021,2.558467048
8/12/2025 13:20,August,2.498733816,2.525354584
8/12/2025 13:25,August,3.886054108,3.923798382
8/12/2025 13:30,August,3.242622674,3.274445933
8/12/2025 13:35,August,3.880540625,3.91825083
8/12/2025 13:40,August,3.11764987,3.145644043
8/12/2025 13:45,August,3.119571415,3.146589046
8/12/2025 13:50,August,3.24723837,3.271319239
8/12/2025 13:55,August,3.126036549,3.148576986
8/12/2025 14:00,August,3.217254934,3.233393907
8/12/2025 14:05,August,2.400680385,2.412740395
8/12/2025 14:10,August,2.457245344,2.468073542
8/12/2025 14:15,August,2.470607241,2.481749791
8/12/2025 14:20,August,3.938063795,3.933661935
8/12/2025 14:25,August,3.947177696,3.942367487
8/12/2025 14:30,August,3.246379196,3.241763647
8/12/2025 14:35,August,3.246018076,3.241073897
8/12/2025 14:40,August,4.270861707,4.265663904
8/12/2025 14:45,August,3.65749428,3.653784477
8/12/2025 14:50,August,5.949451242,5.941011449
8/12/2025 14:55,August,3.652265864,3.647074299
8/12/2025 15:00,August,3.652283206,3.647461465
8/12/2025 15:05,August,2.411374887,2.406974121
8/12/2025 15:10,August,2.487663111,2.486400338
8/12/2025 15:15,August,3.241806411,3.239174273
8/12/2025 15:20,August,7.376608031,7.369125926
8/12/2025 15:25,August,7.857977549,7.850007189
8/12/2025 15:30,August,7.383748932,7.377009885
8/12/2025 15:35,August,7.217950058,7.211367673
8/12/2025 15:40,August,3.353545648,3.348450106
8/12/2025 15:45,August,5.953615105,5.945768694
8/12/2025 15:50,August,5.964385985,5.958334457
8/12/2025 15:55,August,3.653740345,3.65151562
8/12/2025 16:00,August,4.243161483,4.242730399
8/12/2025 16:05,August,3.360699435,3.358993496
8/12/2025 16:10,August,3.167751722,3.166145031
8/12/2025 16:15,August,2.379010436,2.379493092
8/12/2025 16:20,August,2.547892024,2.548668189
8/12/2025 16:25,August,2.661769628,2.662039776
8/12/2025 16:30,August,2.462763528,2.465012855
8/12/2025 16:35,August,2.488193671,2.492741547
8/12/2025 16:40,August,2.486936606,2.4924957
8/12/2025 16:45,August,2.536593751,2.541487666
8/12/2025 16:50,August,2.535302,2.539937864
8/12/2025 16:55,August,2.402086416,2.406721294
8/12/2025 17:00,August,2.152430262,2.153083041
8/12/2025 17:05,August,1.146442518,1.146906008
8/12/2025 17:10,August,1.137011099,1.137355926
8/12/2025 17:15,August,1.146256976,1.14648866
8/12/2025 17:20,August,2.169870949,2.169213877
8/12/2025 17:25,August,2.203269208,2.20260209
8/12/2025 17:30,August,1.018286113,1.017977853
8/12/2025 17:35,August,1.048778192,1.04867233
8/12/2025 17:40,August,1.970893056,1.96870825
8/12/2025 17:45,August,1.976004521,1.973615879
8/12/2025 17:50,August,2.20418145,2.199967378
8/12/2025 17:55,August,2.217513146,2.21260813
8/12/2025 18:00,August,2.232188838,2.227471997
8/12/2025 18:05,August,2.352142345,2.346230658
8/12/2025 18:10,August,2.456146118,2.449726112
8/12/2025 18:15,August,2.414651115,2.407614146
8/12/2025 18:20,August,2.46485031,2.456182596
8/12/2025 18:25,August,2.559730678,2.550979462
8/12/2025 18:30,August,2.563645875,2.553084231
8/12/2025 18:35,August,2.565498029,2.55441318
8/12/2025 18:40,August,2.606333858,2.591421086
8/12/2025 18:45,August,2.607142107,2.591701293
8/12/2025 18:50,August,2.610045176,2.593028834
8/12/2025 18:55,August,3.096274246,3.076709022
8/12/2025 19:00,August,2.609545723,2.593571585
8/12/2025 19:05,August,2.998860538,2.981651734
8/12/2025 19:10,August,3.097128056,3.077806065
8/12/2025 19:15,August,3.006794221,2.987729403
8/12/2025 19:20,August,2.686948755,2.669645
8/12/2025 19:25,August,2.63009389,2.613419248
8/12/2025 19:30,August,2.639750841,2.622485415
8/12/2025 19:35,August,2.638180806,2.620925649
8/12/2025 19:40,August,2.686924122,2.669085173
8/12/2025 19:45,August,2.585625876,2.568208127
8/12/2025 19:50,August,2.607807003,2.59050203
8/12/2025 19:55,August,2.570850067,2.553790334
8/12/2025 20:00,August,2.568457837,2.551413979
8/12/2025 20:05,August,3.094103928,3.072922103
8/12/2025 20:10,August,2.898858428,2.879023212
8/12/2025 20:15,August,2.572517092,2.55491307
8/12/2025 20:20,August,2.572744861,2.554630584
8/12/2025 20:25,August,2.611527314,2.592112705
8/12/2025 20:30,August,2.575357581,2.556461099
8/12/2025 20:35,August,2.574007115,2.555124337
8/12/2025 20:40,August,2.573716957,2.555100559
8/12/2025 20:45,August,2.968171659,2.946094596
8/12/2025 20:50,August,2.573999213,2.554859749
8/12/2025 20:55,August,2.518279171,2.499570943
8/12/2025 21:00,August,2.517057793,2.498609477
8/12/2025 21:05,August,3.535802076,3.508423078
8/12/2025 21:10,August,3.111788692,3.087712353
8/12/2025 21:15,August,3.034191646,3.010732187
8/12/2025 21:20,August,2.992625004,2.970081123
8/12/2025 21:25,August,3.006133775,2.983195405
8/12/2025 21:30,August,2.696820672,2.676782041
8/12/2025 21:35,August,2.697577069,2.677009668
8/12/2025 21:40,August,2.581897957,2.562467659
8/12/2025 21:45,August,2.580300695,2.561139405
8/12/2025 21:50,August,2.578421193,2.559534504
8/12/2025 21:55,August,2.57812082,2.558985319
8/12/2025 22:00,August,2.513766369,2.495364349
8/12/2025 22:05,August,2.578070895,2.558430419
8/12/2025 22:10,August,2.577328569,2.557421426
8/12/2025 22:15,August,2.579723299,2.560058407
8/12/2025 22:20,August,2.432254353,2.413975888
8/12/2025 22:25,August,1.49561437,1.484675602
8/12/2025 22:30,August,2.724481791,2.705034901
8/12/2025 22:35,August,2.696651451,2.677674312
8/12/2025 22:40,August,2.699091369,2.68011423
8/12/2025 22:45,August,2.697689098,2.679534702
8/12/2025 22:50,August,2.850488974,2.831867689
8/12/2025 22:55,August,2.697156468,2.679271174
8/12/2025 23:00,August,2.017042624,2.004083009
8/12/2025 23:05,August,2.921137813,2.903187837
8/12/2025 23:10,August,2.834662299,2.816958152
8/12/2025 23:15,August,2.714933258,2.697435198
8/12/2025 23:20,August,2.68194973,2.664667734
8/12/2025 23:25,August,2.613575459,2.596479514
8/12/2025 23:30,August,2.57628392,2.559692839
8/12/2025 23:35,August,2.505732419,2.49009681
8/12/2025 23:40,August,2.506195675,2.490316128
8/12/2025 23:45,August,2.077023049,2.064283139
8/12/2025 23:50,August,2.421201316,2.4063518
8/12/2025 23:55,August,1.599869771,1.590383106
8/13/2025 0:00,August,1.988503382,1.977316302
8/13/2025 0:05,August,2.855467596,2.84077542
8/13/2025 0:10,August,2.600391294,2.586992632
8/13/2025 0:15,August,2.586233275,2.572885988
8/13/2025 0:20,August,2.873953173,2.859107471
8/13/2025 0:25,August,2.589769499,2.576647441
8/13/2025 0:30,August,2.657265439,2.643789095
8/13/2025 0:35,August,2.656181264,2.642706318
8/13/2025 0:40,August,2.668960855,2.655414206
8/13/2025 0:45,August,2.66847579,2.655187649
8/13/2025 0:50,August,2.668261257,2.654960667
8/13/2025 0:55,August,2.668014917,2.654980341
8/13/2025 1:00,August,2.655264513,2.642562484
8/13/2025 1:05,August,2.665251461,2.652499062
8/13/2025 1:10,August,2.654418341,2.641724236
8/13/2025 1:15,August,2.584893251,2.572795877
8/13/2025 1:20,August,2.58354605,2.571456211
8/13/2025 1:25,August,2.581948279,2.570388885
8/13/2025 1:30,August,2.580866857,2.569314655
8/13/2025 1:35,August,2.55116758,2.539749477
8/13/2025 1:40,August,2.505834239,2.494620172
8/13/2025 1:45,August,2.56064712,2.54970641
8/13/2025 1:50,August,2.544140527,2.53327145
8/13/2025 1:55,August,2.513340655,2.502608619
8/13/2025 2:00,August,2.503661111,2.492973666
8/13/2025 2:05,August,2.490891899,2.480762205
8/13/2025 2:10,August,2.480224517,2.470392361
8/13/2025 2:15,August,2.412126053,2.402571623
8/13/2025 2:20,August,2.410595412,2.401294708
8/13/2025 2:25,August,2.406803513,2.397765481
8/13/2025 2:30,August,2.407549148,2.398997878
8/13/2025 2:35,August,2.40678452,2.398481895
8/13/2025 2:40,August,2.404781995,2.396974261
8/13/2025 2:45,August,2.404257645,2.396210941
8/13/2025 2:50,August,2.40376396,2.395961906
8/13/2025 2:55,August,2.403733948,2.396179634
8/13/2025 3:00,August,2.413654492,2.40630997
8/13/2025 3:05,August,2.403258473,2.396190066
8/13/2025 3:10,August,2.404062101,2.395520616
8/13/2025 3:15,August,2.401076515,2.39255083
8/13/2025 3:20,August,2.402568413,2.394519199
8/13/2025 3:25,August,2.401059107,2.393016582
8/13/2025 3:30,August,2.401569632,2.393523764
8/13/2025 3:35,August,2.40183086,2.394026373
8/13/2025 3:40,August,2.402080582,2.394031368
8/13/2025 3:45,August,2.403329974,2.395520616
8/13/2025 3:50,August,2.356059084,2.348401773
8/13/2025 3:55,August,2.400350561,2.393036136
8/13/2025 4:00,August,2.3996024,2.392777731
8/13/2025 4:05,August,2.40060573,2.393533649
8/13/2025 4:10,August,2.479220234,2.47165933
8/13/2025 4:15,August,2.510373548,2.501950332
8/13/2025 4:20,August,2.509868161,2.501444071
8/13/2025 4:25,August,2.505335196,2.496411246
8/13/2025 4:30,August,2.487140356,2.478275803
8/13/2025 4:35,August,2.516217236,2.506995632
8/13/2025 4:40,August,2.507344503,2.498148863
8/13/2025 4:45,August,2.572909297,2.562952015
8/13/2025 4:50,August,2.507349356,2.49764184
8/13/2025 4:55,August,2.493541291,2.483884282
8/13/2025 5:00,August,2.505031756,2.495072914
8/13/2025 5:05,August,2.405196649,2.395907344
8/13/2025 5:10,August,2.488756804,2.478640935
8/13/2025 5:15,August,2.510782608,2.500315696
8/13/2025 5:20,August,2.639568086,2.627759138
8/13/2025 5:25,August,2.639581067,2.627768458
8/13/2025 5:30,August,2.641469392,2.629654342
8/13/2025 5:35,August,2.641469392,2.629654342
8/13/2025 5:40,August,2.639849535,2.628036926
8/13/2025 5:45,August,2.640091717,2.627749824
8/13/2025 5:50,August,2.572558611,2.560792666
8/13/2025 5:55,August,2.569128695,2.55867871
8/13/2025 6:00,August,2.471396335,2.460849836
8/13/2025 6:05,August,1.075327824,1.070763522
8/13/2025 6:10,August,2.343950834,2.335654083
8/13/2025 6:15,August,2.398150635,2.391113666
8/13/2025 6:20,August,2.396668496,2.390605279
8/13/2025 6:25,August,2.395935745,2.390358162
8/13/2025 6:30,August,2.188353799,2.183701027
8/13/2025 6:35,August,2.186575447,2.18325272
8/13/2025 6:40,August,2.012029696,2.009990339
8/13/2025 6:45,August,2.184128053,2.183242356
8/13/2025 6:50,August,2.182590699,2.183255313
8/13/2025 6:55,August,2.181044666,2.183038916
8/13/2025 7:00,August,2.360292341,2.364374645
8/13/2025 7:05,August,0.908039605,0.909143605
8/13/2025 7:10,August,0.907667906,0.909232375
8/13/2025 7:15,August,0.893688115,0.895500503
8/13/2025 7:20,August,0.852366617,0.854527571
8/13/2025 7:25,August,0.000000607,6.089E-07
8/13/2025 7:30,August,0.816412458,0.819560791
8/13/2025 7:35,August,0.826565374,0.830427829
8/13/2025 7:40,August,0.815251073,0.819725467
8/13/2025 7:45,August,0.813873057,0.818504384
8/13/2025 7:50,August,0.000982139,0.000988026
8/13/2025 7:55,August,0.824467766,0.830512744
8/13/2025 8:00,August,0.874711703,0.882123757
8/13/2025 8:05,August,0,0.00E+00
8/13/2025 8:10,August,0.000001892,1.9079E-06
8/13/2025 8:15,August,0.0009768,0.000985562
8/13/2025 8:20,August,0.809031231,0.816626218
8/13/2025 8:25,August,0.821366907,0.829508393
8/13/2025 8:30,August,1.030778515,1.042395896
8/13/2025 8:35,August,1.029420042,1.040923711
8/13/2025 8:40,August,1.030236538,1.041862104
8/13/2025 8:45,August,0.8318387,0.840961982
8/13/2025 8:50,August,0.831911263,0.841211604
8/13/2025 8:55,August,0.832405547,0.841629823
8/13/2025 9:00,August,1.030824729,1.042902224
8/13/2025 9:05,August,0.842307382,8.53E-01
8/13/2025 9:10,August,0.830740181,0.841183283
8/13/2025 9:15,August,0.830818054,0.841607899
8/13/2025 9:20,August,0.819126761,0.829690141
8/13/2025 9:25,August,0.819844742,0.830684545
8/13/2025 9:30,August,0.81951426,0.830434345
8/13/2025 9:35,August,0.830677915,0.842013538
8/13/2025 9:40,August,2.075849732,2.105259392
8/13/2025 9:45,August,2.201363736,2.23301019
8/13/2025 9:50,August,2.428809825,2.464760535
8/13/2025 9:55,August,2.352312587,2.387141817
8/13/2025 10:00,August,2.432587188,2.465055242
8/13/2025 10:05,August,0.828159189,0.838055807
8/13/2025 10:10,August,0.828643216,0.838467337
8/13/2025 10:15,August,0.839975809,0.850031247
8/13/2025 10:20,August,0.860973934,0.87182057
8/13/2025 10:25,August,0.860970089,0.871907842
8/13/2025 10:30,August,2.029906908,2.055909848
8/13/2025 10:35,August,2.170465512,2.198720358
8/13/2025 10:40,August,2.438135872,2.469125921
8/13/2025 10:45,August,2.291492878,2.320837618
8/13/2025 10:50,August,2.235432302,2.264287014
8/13/2025 10:55,August,2.241130978,2.270543362
8/13/2025 11:00,August,2.175163905,2.203707594
8/13/2025 11:05,August,0.847568738,0.858258636
8/13/2025 11:10,August,0.848418877,0.859209438
8/13/2025 11:15,August,0.861477434,0.872875936
8/13/2025 11:20,August,0.848669156,0.860256281
8/13/2025 11:25,August,0.83967478,0.851140289
8/13/2025 11:30,August,0.839830166,0.851306106
8/13/2025 11:35,August,0.84993932,0.861817354
8/13/2025 11:40,August,2.139850667,2.170173333
8/13/2025 11:45,August,2.245902599,2.278212728
8/13/2025 11:50,August,2.188374689,2.219413858
8/13/2025 11:55,August,2.139175082,2.16973789
8/13/2025 12:00,August,2.111547226,2.141718433
8/13/2025 12:05,August,1.028506675,1.043403316
8/13/2025 12:10,August,1.026001605,1.04E+00
8/13/2025 12:15,August,0.847800303,0.859821483
8/13/2025 12:20,August,0.827385871,0.838607276
8/13/2025 12:25,August,0.827119669,0.838345599
8/13/2025 12:30,August,0.816890053,0.827979442
8/13/2025 12:35,August,0.817070911,0.828070105
8/13/2025 12:40,August,0.839815883,0.851647951
8/13/2025 12:45,August,0.839571414,0.851220055
8/13/2025 12:50,August,0.849583249,0.861463686
8/13/2025 12:55,August,1.026723744,1.041391226
8/13/2025 13:00,August,1.987712757,2.017180196
8/13/2025 13:05,August,1.052019554,1.065750076
8/13/2025 13:10,August,2.574188985,2.609455508
8/13/2025 13:15,August,2.137811041,2.166874268
8/13/2025 13:20,August,2.440468908,2.473130023
8/13/2025 13:25,August,2.963854314,3.001678975
8/13/2025 13:30,August,2.444800862,2.475484495
8/13/2025 13:35,August,2.578971089,2.610810238
8/13/2025 13:40,August,2.581106408,2.612420122
8/13/2025 13:45,August,2.580826601,2.612162914
8/13/2025 13:50,August,3.001874414,3.045298344
8/13/2025 13:55,August,2.354805003,2.389369599
8/13/2025 14:00,August,2.357988046,2.390091188
8/13/2025 14:05,August,2.142884509,2.173446155
8/13/2025 14:10,August,3.872808917,3.925171388
8/13/2025 14:15,August,2.511906831,2.545621947
8/13/2025 14:20,August,2.509297896,2.544573874
8/13/2025 14:25,August,2.509304851,2.544831133
8/13/2025 14:30,August,2.361469074,2.394905804
8/13/2025 14:35,August,2.446914628,2.480786364
8/13/2025 14:40,August,2.449697038,2.481504676
8/13/2025 14:45,August,2.45073972,2.482835469
8/13/2025 14:50,August,2.451493643,2.483066681
8/13/2025 14:55,August,2.369100373,2.399353628
8/13/2025 15:00,August,2.124074442,2.150961461
8/13/2025 15:05,August,2.582168962,2.614837697
8/13/2025 15:10,August,2.367565763,2.397982066
8/13/2025 15:15,August,2.518983283,2.550819599
8/13/2025 15:20,August,2.451170698,2.482146752
8/13/2025 15:25,August,2.587788182,2.618863071
8/13/2025 15:30,August,2.588856994,2.61940556
8/13/2025 15:35,August,6.790700697,6.865786464
8/13/2025 15:40,August,4.56313475,4.611192545
8/13/2025 15:45,August,2.5977,2.6261136
8/13/2025 15:50,August,2.611768818,2.639771288
8/13/2025 15:55,August,2.615815985,2.643308332
8/13/2025 16:00,August,2.459481611,2.485578923
8/13/2025 16:05,August,2.458688466,2.484758562
8/13/2025 16:10,August,2.504397628,2.529900134
8/13/2025 16:15,August,2.383668391,2.405449345
8/13/2025 16:20,August,2.46749662,2.485950391
8/13/2025 16:25,August,2.515728356,2.534014261
8/13/2025 16:30,August,2.519853692,2.53608256
8/13/2025 16:35,August,2.393148886,2.407812789
8/13/2025 16:40,August,2.47454451,2.487681449
8/13/2025 16:45,August,2.186873308,2.197805443
8/13/2025 16:50,August,2.397770627,2.408031082
8/13/2025 16:55,August,2.194002608,2.201591224
8/13/2025 17:00,August,2.483967433,2.487493292
8/13/2025 17:05,August,2.186228016,2.188442366
8/13/2025 17:10,August,2.166646886,2.167304043
8/13/2025 17:15,August,2.191977237,2.19242024
8/13/2025 17:20,August,2.205855719,2.205187345
8/13/2025 17:25,August,2.204011622,2.202909506
8/13/2025 17:30,August,2.206648112,2.204662922
8/13/2025 17:35,August,2.412023206,2.408889769
8/13/2025 17:40,August,2.4137174,2.408896233
8/13/2025 17:45,August,2.415688714,2.410140951
8/13/2025 17:50,August,2.496337318,2.489607974
8/13/2025 17:55,August,2.499395,2.491162638
8/13/2025 18:00,August,2.501194605,2.49270667
8/13/2025 18:05,August,2.560525583,2.55056543
8/13/2025 18:10,August,3.136349422,3.124778484
8/13/2025 18:15,August,3.294315888,3.279540226
8/13/2025 18:20,August,2.565860865,2.555394215
8/13/2025 18:25,August,2.565295027,2.553051399
8/13/2025 18:30,August,3.252514505,3.234742967
8/13/2025 18:35,August,3.985447803,3.961703699
8/13/2025 18:40,August,3.262255091,3.241851828
8/13/2025 18:45,August,3.305753855,3.285078536
8/13/2025 18:50,August,3.204264952,3.183270066
8/13/2025 18:55,August,3.205922154,3.184596023
8/13/2025 19:00,August,3.207262904,3.187197604
8/13/2025 19:05,August,3.206218153,3.18712405
8/13/2025 19:10,August,3.208832535,3.189726655
8/13/2025 19:15,August,3.208138909,3.189042844
8/13/2025 19:20,August,3.207479815,3.187751269
8/13/2025 19:25,August,3.068337643,3.049464931
8/13/2025 19:30,August,3.152690864,3.132665832
8/13/2025 19:35,August,2.93129822,2.912681262
8/13/2025 19:40,August,3.055423111,3.035094079
8/13/2025 19:45,August,3.066297578,3.045896194
8/13/2025 19:50,August,3.065992451,3.045591071
8/13/2025 19:55,August,3.060549285,3.040186147
8/13/2025 20:00,August,3.010990568,2.990058068
8/13/2025 20:05,August,3.157050577,3.135414056
8/13/2025 20:10,August,3.049711869,3.028813059
8/13/2025 20:15,August,2.937509407,2.917379489
8/13/2025 20:20,August,3.015217786,2.993956443
8/13/2025 20:25,August,3.013698478,2.992747153
8/13/2025 20:30,August,2.855551808,2.835416325
8/13/2025 20:35,August,2.513400571,2.49618037
8/13/2025 20:40,August,2.583119955,2.564907292
8/13/2025 20:45,August,2.580999384,2.562801673
8/13/2025 20:50,August,2.513418333,2.495944971
8/13/2025 20:55,August,2.512375977,2.495161087
8/13/2025 21:00,August,2.511833417,2.494627371
8/13/2025 21:05,August,3.875942967,3.848601492
8/13/2025 21:10,August,2.695298372,2.676019464
8/13/2025 21:15,August,2.581563631,2.562841781
8/13/2025 21:20,August,2.580785708,2.56206578
8/13/2025 21:25,August,2.432751772,2.415832485
8/13/2025 21:30,August,2.432760713,2.415839683
8/13/2025 21:35,August,2.431740776,2.414830201
8/13/2025 21:40,August,2.511636198,2.494170022
8/13/2025 21:45,August,2.574800574,2.55533332
8/13/2025 21:50,August,2.512266644,2.493773883
8/13/2025 21:55,August,2.431587352,2.41369203
8/13/2025 22:00,August,2.311187494,2.294176566
8/13/2025 22:05,August,2.509881065,2.492167193
8/13/2025 22:10,August,2.442968467,2.425478785
8/13/2025 22:15,August,2.415774325,2.401389008
8/13/2025 22:20,August,2.423666235,2.408994841
8/13/2025 22:25,August,2.422680325,2.408253884
8/13/2025 22:30,August,2.428629049,2.415135327
8/13/2025 22:35,August,2.352674841,2.33959664
8/13/2025 22:40,August,2.425390545,2.41263673
8/13/2025 22:45,August,2.547832676,2.534435004
8/13/2025 22:50,August,2.427133002,2.414610836
8/13/2025 22:55,August,2.425125552,2.413097352
8/13/2025 23:00,August,2.244588817,2.233003843
8/13/2025 23:05,August,3.010083407,2.993930719
8/13/2025 23:10,August,2.567158583,2.551581474
8/13/2025 23:15,August,2.519320411,2.503778335
8/13/2025 23:20,August,2.502755233,2.48706632
8/13/2025 23:25,August,2.434975755,2.41970717
8/13/2025 23:30,August,2.42266808,2.407234001
8/13/2025 23:35,August,2.314312283,2.300027827
8/13/2025 23:40,August,2.221255919,2.207985446
8/13/2025 23:45,August,2.05377593,2.041711735
8/13/2025 23:50,August,1.997505391,1.986570505
8/13/2025 23:55,August,2.051345217,2.040319773
8/14/2025 0:00,August,1.995521771,1.985392219
8/14/2025 0:05,August,2.588350789,2.575723431
8/14/2025 0:10,August,2.49667135,2.483990319
8/14/2025 0:15,August,2.523863191,2.511045324
8/14/2025 0:20,August,2.498206976,2.485518145
8/14/2025 0:25,August,2.458432264,2.446187856
8/14/2025 0:30,August,2.527943702,2.515108945
8/14/2025 0:35,August,2.454357812,2.442635506
8/14/2025 0:40,August,2.590522525,2.578411259
8/14/2025 0:45,August,2.568699836,2.55643264
8/14/2025 0:50,August,2.550262456,2.538082098
8/14/2025 0:55,August,2.570046107,2.55751304
8/14/2025 1:00,August,2.448129171,2.43643545
8/14/2025 1:05,August,3.001083828,2.985541914
8/14/2025 1:10,August,2.797872748,2.783663277
8/14/2025 1:15,August,2.587811049,2.574917122
8/14/2025 1:20,August,2.554905093,2.541664604
8/14/2025 1:25,August,2.500574312,2.488112564
8/14/2025 1:30,August,2.500044882,2.487588255
8/14/2025 1:35,August,2.499547012,2.487090384
8/14/2025 1:40,August,2.511321809,2.499056806
8/14/2025 1:45,August,2.497752121,2.485802345
8/14/2025 1:50,August,2.455190001,2.443936639
8/14/2025 1:55,August,2.584662973,2.572024665
8/14/2025 2:00,August,2.453176292,2.442667567
8/14/2025 2:05,August,2.450391342,2.440633686
8/14/2025 2:10,August,2.491050296,2.481375833
8/14/2025 2:15,August,2.453397973,2.443626398
8/14/2025 2:20,August,2.452898146,2.443617042
8/14/2025 2:25,August,2.412266904,2.403140446
8/14/2025 2:30,August,2.453091604,2.444063017
8/14/2025 2:35,August,2.450825175,2.442783291
8/14/2025 2:40,August,2.451290775,2.443495753
8/14/2025 2:45,August,2.451301667,2.443505061
8/14/2025 2:50,August,2.449300081,2.441998183
8/14/2025 2:55,August,2.408201238,2.401261177
8/14/2025 3:00,August,2.447069419,2.439773446
8/14/2025 3:05,August,2.49717574,2.488226181
8/14/2025 3:10,August,2.452886903,2.444096069
8/14/2025 3:15,August,2.451139477,2.442598921
8/14/2025 3:20,August,2.589283595,2.580521214
8/14/2025 3:25,August,2.584241917,2.575239382
8/14/2025 3:30,August,2.484442274,2.475289196
8/14/2025 3:35,August,2.485461564,2.476303819
8/14/2025 3:40,August,2.484689655,2.475536576
8/14/2025 3:45,August,2.484689655,2.475536576
8/14/2025 3:50,August,2.484942936,2.475788925
8/14/2025 3:55,August,2.484436425,2.475531635
8/14/2025 4:00,August,2.48469553,2.475788925
8/14/2025 4:05,August,2.483395321,2.474992949
8/14/2025 4:10,August,2.649891233,2.641192694
8/14/2025 4:15,August,2.596395484,2.587094962
8/14/2025 4:20,August,2.587430918,2.577904105
8/14/2025 4:25,August,2.526941173,2.517381813
8/14/2025 4:30,August,2.580576443,2.570815154
8/14/2025 4:35,August,2.489002471,2.479585695
8/14/2025 4:40,August,2.515202077,2.505433815
8/14/2025 4:45,August,2.520836997,2.510793821
8/14/2025 4:50,August,2.536448739,2.5260897
8/14/2025 4:55,August,2.494648102,2.483961724
8/14/2025 5:00,August,2.495676192,2.484735697
8/14/2025 5:05,August,1.005290606,1.000881436
8/14/2025 5:10,August,2.417033809,2.406676813
8/14/2025 5:15,August,2.494944728,2.483504591
8/14/2025 5:20,August,2.577842338,2.565768736
8/14/2025 5:25,August,2.439022891,2.427598327
8/14/2025 5:30,August,2.495186445,2.483498806
8/14/2025 5:35,August,2.442246411,2.430562186
8/14/2025 5:40,August,2.441254729,2.429818571
8/14/2025 5:45,August,2.495960706,2.483273176
8/14/2025 5:50,August,2.44323828,2.431062269
8/14/2025 5:55,August,2.440555205,2.429597908
8/14/2025 6:00,August,2.441542544,2.430338338
8/14/2025 6:05,August,1.00E+00,9.97E-01
8/14/2025 6:10,August,2.41294647,2.402106638
8/14/2025 6:15,August,2.412203447,2.402089386
8/14/2025 6:20,August,2.41121967,2.401590198
8/14/2025 6:25,August,2.409001302,2.400341887
8/14/2025 6:30,August,2.406792801,2.39934143
8/14/2025 6:35,August,2.016621712,2.011183902
8/14/2025 6:40,August,1.024474469,1.022121001
8/14/2025 6:45,August,1.002883486,1.001179436
8/14/2025 6:50,August,2.022940152,2.020312432
8/14/2025 6:55,August,2.39482964,2.393871804
8/14/2025 7:00,August,2.393143798,2.393383209
8/14/2025 7:05,August,0.769128502,0.769051381
8/14/2025 7:10,August,9.54E-01,9.55E-01
8/14/2025 7:15,August,1.004968513,1.00688063
8/14/2025 7:20,August,2.172144399,2.17823737
8/14/2025 7:25,August,2.168436675,2.176916474
8/14/2025 7:30,August,1.005059304,1.009597045
8/14/2025 7:35,August,2.37459242,2.387468009
8/14/2025 7:40,August,2.166698106,2.176483474
8/14/2025 7:45,August,2.165174491,2.176044933
8/14/2025 7:50,August,1.003444576,1.009697824
8/14/2025 7:55,August,2.228666206,2.244806214
8/14/2025 8:00,August,2.364300534,2.383572783
8/14/2025 8:05,August,0.963824596,9.72E-01
8/14/2025 8:10,August,2.105634537,2.123951811
8/14/2025 8:15,August,2.160192673,2.179858599
8/14/2025 8:20,August,2.15385922,2.174127247
8/14/2025 8:25,August,2.15233367,2.173037568
8/14/2025 8:30,August,2.202387161,2.22379771
8/14/2025 8:35,August,2.204975414,2.226411124
8/14/2025 8:40,August,2.209295775,2.23099941
8/14/2025 8:45,August,2.360082172,2.383506119
8/14/2025 8:50,August,2.217935097,2.241771771
8/14/2025 8:55,August,2.358178713,2.383532902
8/14/2025 9:00,August,2.977420016,3.007375767
8/14/2025 9:05,August,2.355059055,2.38E+00
8/14/2025 9:10,August,2.356502235,2.382568679
8/14/2025 9:15,August,2.144144183,2.16895714
8/14/2025 9:20,August,2.197363595,2.226358445
8/14/2025 9:25,August,2.354343139,2.385884121
8/14/2025 9:30,August,2.351709472,2.383699023
8/14/2025 9:35,August,2.40970047,2.442002741
8/14/2025 9:40,August,2.575980538,2.610522333
8/14/2025 9:45,August,2.510342425,2.544014329
8/14/2025 9:50,August,2.51085682,2.547837443
8/14/2025 9:55,August,2.51084839,2.548864487
8/14/2025 10:00,August,2.438946089,2.475873532
8/14/2025 10:05,August,1.941055203,1.970067416
8/14/2025 10:10,August,2.358196151,2.395084135
8/14/2025 10:15,August,2.436452375,2.475299032
8/14/2025 10:20,August,2.510346742,2.550132792
8/14/2025 10:25,August,2.437946959,2.477076949
8/14/2025 10:30,August,2.361571892,2.399712057
8/14/2025 10:35,August,2.362536471,2.40068834
8/14/2025 10:40,August,2.361562332,2.400398298
8/14/2025 10:45,August,2.195866727,2.232401387
8/14/2025 10:50,August,2.505834423,2.547280492
8/14/2025 10:55,August,2.135280811,2.169748795
8/14/2025 11:00,August,2.362291517,2.400671558
8/14/2025 11:05,August,2.36035341,2.399401172
8/14/2025 11:10,August,2.361806912,2.400894589
8/14/2025 11:15,August,2.363020167,2.401419844
8/14/2025 11:20,August,2.363508635,2.401447715
8/14/2025 11:25,August,2.136079252,2.170154078
8/14/2025 11:30,August,2.123121245,2.15719816
8/14/2025 11:35,August,2.175766294,2.210894934
8/14/2025 11:40,August,2.357950689,2.396495725
8/14/2025 11:45,August,2.136524126,2.171015682
8/14/2025 11:50,August,2.127136364,2.161465909
8/14/2025 11:55,August,2.135886679,2.170574242
8/14/2025 12:00,August,0.804777844,0.817610479
8/14/2025 12:05,August,0.807207579,0.820392161
8/14/2025 12:10,August,2.08003121,2.114621062
8/14/2025 12:15,August,2.151658817,2.188079557
8/14/2025 12:20,August,2.206920035,2.24017897
8/14/2025 12:25,August,2.150307525,2.181392642
8/14/2025 12:30,August,2.358371159,2.392685138
8/14/2025 12:35,August,2.516521436,2.551338991
8/14/2025 12:40,August,2.608822955,2.643080226
8/14/2025 12:45,August,2.585689326,2.619893638
8/14/2025 12:50,August,2.590905211,2.621481761
8/14/2025 12:55,August,2.590384007,2.620954406
8/14/2025 13:00,August,2.458009945,2.481292184
8/14/2025 13:05,August,2.513932431,2.536968163
8/14/2025 13:10,August,2.38266966,2.406170226
8/14/2025 13:15,August,2.412170031,2.437160326
8/14/2025 13:20,August,2.586511989,2.614872296
8/14/2025 13:25,August,2.461735877,2.488493875
8/14/2025 13:30,August,2.619846214,2.640870158
8/14/2025 13:35,August,2.386539654,2.408379468
8/14/2025 13:40,August,2.461991194,2.485780942
8/14/2025 13:45,August,2.158798659,2.179226188
8/14/2025 13:50,August,2.16196304,2.184615081
8/14/2025 13:55,August,2.378566635,2.404683666
8/14/2025 14:00,August,2.380744139,2.405918171
8/14/2025 14:05,August,2.284493767,2.314401541
8/14/2025 14:10,August,2.287256234,2.317857288
8/14/2025 14:15,August,2.375373454,2.40715662
8/14/2025 14:20,August,2.376574543,2.408125166
8/14/2025 14:25,August,2.452735682,2.486077674
8/14/2025 14:30,August,2.228932852,2.25898084
8/14/2025 14:35,August,2.528971621,2.562043375
8/14/2025 14:40,August,2.455446658,2.487053373
8/14/2025 14:45,August,2.283088206,2.311790411
8/14/2025 14:50,August,2.530497754,2.56230391
8/14/2025 14:55,August,3.237165272,3.265052301
8/14/2025 15:00,August,2.641821743,2.662713026
8/14/2025 15:05,August,3.044520721,3.069830739
8/14/2025 15:10,August,6.843873718,6.898690488
8/14/2025 15:15,August,2.830982448,2.843392852
8/14/2025 15:20,August,2.960240293,2.972921139
8/14/2025 15:25,August,2.858234545,2.864201039
8/14/2025 15:30,August,5.960362158,5.972221216
8/14/2025 15:35,August,3.071711932,3.072627403
8/14/2025 15:40,August,2.768106834,2.769206599
8/14/2025 15:45,August,2.719706958,2.714860436
8/14/2025 15:50,August,2.721343043,2.716495045
8/14/2025 15:55,August,2.674700136,2.66914218
8/14/2025 16:00,August,2.676445795,2.671417369
8/14/2025 16:05,August,1.986933645,1.982406704
8/14/2025 16:10,August,0.822996714,0.82103914
8/14/2025 16:15,August,0.809723542,0.807874491
8/14/2025 16:20,August,1.999579939,1.996209638
8/14/2025 16:25,August,2.011385328,2.013587064
8/14/2025 16:30,August,2.012776243,2.015179558
8/14/2025 16:35,August,2.402138226,2.405483822
8/14/2025 16:40,August,2.483142481,2.486354826
8/14/2025 16:45,August,2.402206956,2.406992229
8/14/2025 16:50,August,2.16770403,2.172022596
8/14/2025 16:55,August,2.224664473,2.22865371
8/14/2025 17:00,August,2.203791406,2.206646912
8/14/2025 17:05,August,2.13292388,2.134409351
8/14/2025 17:10,August,1.991571038,1.99295765
8/14/2025 17:15,August,1.989339992,1.989537799
8/14/2025 17:20,August,2.197748608,2.198403805
8/14/2025 17:25,August,2.20449852,2.204717633
8/14/2025 17:30,August,2.213007115,2.213446814
8/14/2025 17:35,August,2.20263017,2.20263017
8/14/2025 17:40,August,2.202560296,2.201903991
8/14/2025 17:45,August,2.203863003,2.203206375
8/14/2025 17:50,August,2.204846419,2.203970785
8/14/2025 17:55,August,2.582570978,2.581289432
8/14/2025 18:00,August,2.488016272,2.486782137
8/14/2025 18:05,August,2.270225176,2.269324472
8/14/2025 18:10,August,2.552641804,2.551629052
8/14/2025 18:15,August,2.581059264,2.58003544
8/14/2025 18:20,August,2.682970336,2.681639894
8/14/2025 18:25,August,2.683510638,2.680585106
8/14/2025 18:30,August,2.88541564,2.883127897
8/14/2025 18:35,August,3.064460703,3.061423877
8/14/2025 18:40,August,3.18901327,3.186485567
8/14/2025 18:45,August,3.188688027,3.186476512
8/14/2025 18:50,August,3.068160024,3.067248238
8/14/2025 18:55,August,3.073066775,3.07215344
8/14/2025 19:00,August,2.98697968,2.985796015
8/14/2025 19:05,August,3.280374571,3.279724413
8/14/2025 19:10,August,3.190668947,3.190036505
8/14/2025 19:15,August,3.176193378,3.175248832
8/14/2025 19:20,August,2.880866568,2.879724274
8/14/2025 19:25,August,2.783172414,2.781241379
8/14/2025 19:30,August,2.786885253,2.784675413
8/14/2025 19:35,August,2.885698787,2.883124569
8/14/2025 19:40,August,3.071537291,3.069101979
8/14/2025 19:45,August,3.067803555,3.065675247
8/14/2025 19:50,August,3.068429061,3.065995973
8/14/2025 19:55,August,3.060285574,3.058162482
8/14/2025 20:00,August,3.056675846,3.054555468
8/14/2025 20:05,August,3.072692764,3.071779359
8/14/2025 20:10,August,3.055776642,3.054565474
8/14/2025 20:15,August,2.844197485,2.843070289
8/14/2025 20:20,August,3.072784489,3.070957263
8/14/2025 20:25,August,3.072995847,3.070864149
8/14/2025 20:30,August,3.059381768,3.057562512
8/14/2025 20:35,August,3.052770138,3.050954813
8/14/2025 20:40,August,2.977281668,2.975216365
8/14/2025 20:45,August,2.977281668,2.975216365
8/14/2025 20:50,August,3.022722564,3.020925285
8/14/2025 20:55,August,2.788568634,2.787739689
8/14/2025 21:00,August,2.675348518,2.674553309
8/14/2025 21:05,August,5.999494694,5.995922857
8/14/2025 21:10,August,3.284146861,3.281865977
8/14/2025 21:15,August,3.202566742,3.19970674
8/14/2025 21:20,August,3.096592637,3.093827274
8/14/2025 21:25,August,3.084810849,3.082055733
8/14/2025 21:30,August,3.018522899,3.015527739
8/14/2025 21:35,August,3.092274223,3.089205577
8/14/2025 21:40,August,3.018526475,3.015531014
8/14/2025 21:45,August,2.573016519,2.570463416
8/14/2025 21:50,August,2.57223535,2.569427512
8/14/2025 21:55,August,2.93986138,2.935773779
8/14/2025 22:00,August,2.938313899,2.933935761
8/14/2025 22:05,August,3.047973734,3.043432202
8/14/2025 22:10,August,3.006381459,3.0019019
8/14/2025 22:15,August,2.840067675,2.835271694
8/14/2025 22:20,August,3.006954977,3.001877175
8/14/2025 22:25,August,3.009153668,3.003773775
8/14/2025 22:30,August,3.008552023,3.003172671
8/14/2025 22:35,August,2.574410688,2.569552344
8/14/2025 22:40,August,2.574674271,2.570838343
8/14/2025 22:45,August,2.572040871,2.567953401
8/14/2025 22:50,August,2.572040871,2.568719802
8/14/2025 22:55,August,2.569945411,2.566116149
8/14/2025 23:00,August,2.209269428,2.205977579
8/14/2025 23:05,August,3.287232986,3.28167802
8/14/2025 23:10,August,3.068014226,3.062829194
8/14/2025 23:15,August,2.948444422,2.943461466
8/14/2025 23:20,August,2.747371048,2.743001037
8/14/2025 23:25,August,2.117841709,2.114683579
8/14/2025 23:30,August,2.531557071,2.528537621
8/14/2025 23:35,August,2.561854561,2.558799582
8/14/2025 23:40,August,2.561064982,2.558265726
8/14/2025 23:45,August,2.559494044,2.556951079
8/14/2025 23:50,August,2.267185949,2.265158457
8/14/2025 23:55,August,2.269803172,2.267999236
8/15/2025 0:00,August,1.58404671,1.582944928
8/15/2025 0:05,August,6.966847993,6.963383968
8/15/2025 0:10,August,3.50634376,3.504600177
8/15/2025 0:15,August,3.268332773,3.26703272
8/15/2025 0:20,August,3.03502548,3.033214426
8/15/2025 0:25,August,3.010721847,3.00862587
8/15/2025 0:30,August,3.037704757,3.035589995
8/15/2025 0:35,August,3.159386585,3.157187111
8/15/2025 0:40,August,3.056583728,3.053846762
8/15/2025 0:45,August,3.28871675,3.285442767
8/15/2025 0:50,August,3.046933911,3.043596966
8/15/2025 0:55,August,3.244035837,3.240483384
8/15/2025 1:00,August,3.005010149,3.003216649
8/15/2025 1:05,August,3.009204958,3.007409311
8/15/2025 1:10,August,2.680874162,2.674201337
8/15/2025 1:15,August,2.667821963,2.661447239
8/15/2025 1:20,August,2.957399824,2.951222027
8/15/2025 1:25,August,2.893336539,2.887003498
8/15/2025 1:30,August,2.679769647,2.673633788
8/15/2025 1:35,August,2.667269396,2.661162159
8/15/2025 1:40,August,2.665664871,2.659561308
8/15/2025 1:45,August,2.669561397,2.663183787
8/15/2025 1:50,August,2.634242732,2.62847336
8/15/2025 1:55,August,2.528824125,2.523789134
8/15/2025 2:00,August,2.633988609,2.628482012
8/15/2025 2:05,August,2.692153876,2.686794222
8/15/2025 2:10,August,2.669103982,2.663524529
8/15/2025 2:15,August,2.657484134,2.652193503
8/15/2025 2:20,August,2.657484134,2.652193503
8/15/2025 2:25,August,2.656402097,2.65111362
8/15/2025 2:30,August,2.628980401,2.623745474
8/15/2025 2:35,August,2.654246414,2.648697467
8/15/2025 2:40,August,2.654240663,2.64869228
8/15/2025 2:45,August,2.615899434,2.610431199
8/15/2025 2:50,August,2.583727487,2.578583181
8/15/2025 2:55,August,2.582940245,2.578054644
8/15/2025 3:00,August,2.5813672,2.576741554
8/15/2025 3:05,August,2.599125499,2.594208794
8/15/2025 3:10,August,2.580843277,2.575704714
8/15/2025 3:15,August,2.57962517,2.574488521
8/15/2025 3:20,August,2.477115151,2.472182624
8/15/2025 3:25,August,2.476862642,2.472177219
8/15/2025 3:30,August,2.477114575,2.472428676
8/15/2025 3:35,August,2.476355231,2.471671234
8/15/2025 3:40,August,2.198262827,2.194324072
8/15/2025 3:45,August,2.474842093,2.470407775
8/15/2025 3:50,August,2.475093321,2.470658552
8/15/2025 3:55,August,2.474590917,2.470403375
8/15/2025 4:00,August,2.474842093,2.470654126
8/15/2025 4:05,August,2.516972569,2.512212219
8/15/2025 4:10,August,2.581879361,2.577252797
8/15/2025 4:15,August,2.598550958,2.593635829
8/15/2025 4:20,August,2.644813003,2.639810869
8/15/2025 4:25,August,2.605126337,2.600198771
8/15/2025 4:30,August,2.581896424,2.576498194
8/15/2025 4:35,August,2.590539169,2.585381815
8/15/2025 4:40,August,2.596967929,2.591797776
8/15/2025 4:45,August,2.642761369,2.637500049
8/15/2025 4:50,August,2.650752163,2.645209417
8/15/2025 4:55,August,2.662880772,2.657312665
8/15/2025 5:00,August,2.652908389,2.64709698
8/15/2025 5:05,August,1.147827351,1.144968076
8/15/2025 5:10,August,2.477376507,2.471702372
8/15/2025 5:15,August,2.584011239,2.578092281
8/15/2025 5:20,August,2.653189717,2.646583827
8/15/2025 5:25,August,2.665897944,2.658726553
8/15/2025 5:30,August,2.827714733,2.819826319
8/15/2025 5:35,August,2.893359727,2.885001581
8/15/2025 5:40,August,2.997297402,2.988041877
8/15/2025 5:45,August,2.670519419,2.66227297
8/15/2025 5:50,August,2.658887794,2.650676445
8/15/2025 5:55,August,2.669461657,2.661214367
8/15/2025 6:00,August,2.656473889,2.648796219
8/15/2025 6:05,August,1.072937377,1.07E+00
8/15/2025 6:10,August,1.194164532,1.190592041
8/15/2025 6:15,August,1.245777845,1.24242464
8/15/2025 6:20,August,2.051891835,2.047188476
8/15/2025 6:25,August,1.347850504,1.345566239
8/15/2025 6:30,August,2.4701483,2.466946712
8/15/2025 6:35,August,2.469919424,2.466962912
8/15/2025 6:40,August,1.247014136,1.246018715
8/15/2025 6:45,August,2.188803604,2.188803604
8/15/2025 6:50,August,1.196416127,1.196655052
8/15/2025 6:55,August,2.027938192,2.029355622
8/15/2025 7:00,August,2.59752977,2.599346043
8/15/2025 7:05,August,0.935322803,0.936259625
8/15/2025 7:10,August,0.936767757,0.937987751
8/15/2025 7:15,August,1.043106933,1.045926988
8/15/2025 7:20,August,1.043104875,1.04644816
8/15/2025 7:25,August,1.07622719,1.080970654
8/15/2025 7:30,August,1.047061386,1.052940214
8/15/2025 7:35,August,2.500499039,2.516551997
8/15/2025 7:40,August,2.444470193,2.460908967
8/15/2025 7:45,August,2.478526055,2.496701083
8/15/2025 7:50,August,2.443256526,2.461918586
8/15/2025 7:55,August,2.581964129,2.603261892
8/15/2025 8:00,August,2.597742648,2.622595171
8/15/2025 8:05,August,1.04E+00,1.05E+00
8/15/2025 8:10,August,2.592796989,2.619467551
8/15/2025 8:15,August,2.602298456,2.630395927
8/15/2025 8:20,August,2.588101282,2.617380812
8/15/2025 8:25,August,2.601740475,2.632225515
8/15/2025 8:30,August,2.602504722,2.633533878
8/15/2025 8:35,August,2.531576184,2.561278099
8/15/2025 8:40,August,2.582817208,2.614149402
8/15/2025 8:45,August,2.601954301,2.633791339
8/15/2025 8:50,August,2.582806729,2.614422269
8/15/2025 8:55,August,2.528024777,2.558738858
8/15/2025 9:00,August,2.580981094,2.612851509
8/15/2025 9:05,August,2.517767068,2.549398589
8/15/2025 9:10,August,2.586511906,2.620041734
8/15/2025 9:15,August,2.588071768,2.622146037
8/15/2025 9:20,August,2.937185468,2.968018948
8/15/2025 9:25,August,2.92835013,2.959389577
8/15/2025 9:30,August,2.907898507,2.940776019
8/15/2025 9:35,August,2.96192691,2.995415282
8/15/2025 9:40,August,3.088967935,3.123584335
8/15/2025 9:45,August,3.00060709,3.035783484
8/15/2025 9:50,August,2.955139172,2.989490835
8/15/2025 9:55,August,2.962214941,2.997846557
8/15/2025 10:00,August,2.961916331,2.997544355
8/15/2025 10:05,August,2.439869456,2.465510768
8/15/2025 10:10,August,2.572468625,2.599749627
8/15/2025 10:15,August,2.509420059,2.536814921
8/15/2025 10:20,August,2.59411161,2.623465065
8/15/2025 10:25,August,2.585160821,2.614418906
8/15/2025 10:30,August,2.584902162,2.614937905
8/15/2025 10:35,August,2.586981906,2.61730627
8/15/2025 10:40,August,2.588283305,2.618887564
8/15/2025 10:45,August,2.445478244,2.473422327
8/15/2025 10:50,August,2.519801262,2.54959578
8/15/2025 10:55,August,2.446448055,2.475142491
8/15/2025 11:00,August,2.534320905,2.564549336
8/15/2025 11:05,August,0.886963037,0.898201798
8/15/2025 11:10,August,0.897989201,0.909545046
8/15/2025 11:15,August,2.432956429,2.46618009
8/15/2025 11:20,August,2.422944008,2.45652112
8/15/2025 11:25,August,2.432710328,2.466672293
8/15/2025 11:30,August,2.430248667,2.465680054
8/15/2025 11:35,August,2.430249965,2.465449574
8/15/2025 11:40,August,2.430496116,2.465695725
8/15/2025 11:45,August,2.408881392,2.443767967
8/15/2025 11:50,August,2.428279509,2.463935258
8/15/2025 11:55,August,2.411922926,2.446864166
8/15/2025 12:00,August,0.89807423,0.910728291
8/15/2025 12:05,August,0.885981029,0.898382426
8/15/2025 12:10,August,0.885891163,0.898292561
8/15/2025 12:15,August,0.898162898,0.910910546
8/15/2025 12:20,August,0.873324696,0.88494419
8/15/2025 12:25,August,0.9100371,0.923044219
8/15/2025 12:30,August,2.519967043,2.556492006
8/15/2025 12:35,August,2.520980577,2.557253679
8/15/2025 12:40,August,2.578370709,2.615462051
8/15/2025 12:45,August,2.432220747,2.464722583
8/15/2025 12:50,August,2.409419525,2.440628359
8/15/2025 12:55,August,2.433945028,2.465465158
8/15/2025 13:00,August,2.519537996,2.552156673
8/15/2025 13:05,August,2.644853638,2.680139738
8/15/2025 13:10,August,2.52865869,2.562881522
8/15/2025 13:15,August,2.704628736,2.743363711
8/15/2025 13:20,August,3.089599053,3.133531432
8/15/2025 13:25,August,2.996977005,3.04052541
8/15/2025 13:30,August,3.09364215,3.136405643
8/15/2025 13:35,August,3.092707233,3.134833706
8/15/2025 13:40,August,4.576292177,4.639025342
8/15/2025 13:45,August,3.210647445,3.256264262
8/15/2025 13:50,August,3.101137375,3.14394832
8/15/2025 13:55,August,3.108644831,3.146482677
8/15/2025 14:00,August,3.109271419,3.146487602
8/15/2025 14:05,August,2.602955999,2.629056029
8/15/2025 14:10,August,2.634814748,2.660935984
8/15/2025 14:15,August,3.115477779,3.146043083
8/15/2025 14:20,August,3.016599922,3.045277695
8/15/2025 14:25,August,3.247141665,3.263634467
8/15/2025 14:30,August,3.136753202,3.151124781
8/15/2025 14:35,August,3.495751909,3.514572508
8/15/2025 14:40,August,3.306408831,3.32023629
8/15/2025 14:45,August,2.647287164,2.658096722
8/15/2025 14:50,August,2.750476404,2.760886574
8/15/2025 14:55,August,2.644764556,2.653718254
8/15/2025 15:00,August,2.641849145,2.652377586
8/15/2025 15:05,August,2.608679713,2.618559105
8/15/2025 15:10,August,2.651629774,2.661148038
8/15/2025 15:15,August,2.601404565,2.610229044
8/15/2025 15:20,August,2.610473931,2.621161911
8/15/2025 15:25,August,2.653275244,2.664926353
8/15/2025 15:30,August,2.769369509,2.780146342
8/15/2025 15:35,August,2.657262302,2.665473539
8/15/2025 15:40,August,2.774629605,2.783753038
8/15/2025 15:45,August,2.543596822,2.553232619
8/15/2025 15:50,August,2.54461588,2.553999056
8/15/2025 15:55,August,2.543841027,2.552967824
8/15/2025 16:00,August,2.542283692,2.5516564
8/15/2025 16:05,August,2.54283152,2.551959243
8/15/2025 16:10,August,2.541274845,2.550395162
8/15/2025 16:15,August,2.545386361,2.552995887
8/15/2025 16:20,August,2.549450031,2.553508856
8/15/2025 16:25,August,2.587631117,2.59174991
8/15/2025 16:30,August,2.554079197,2.55636484
8/15/2025 16:35,August,2.476037452,2.478252375
8/15/2025 16:40,August,2.551986797,2.553001503
8/15/2025 16:45,August,2.432836646,2.433562288
8/15/2025 16:50,August,2.429538504,2.430021754
8/15/2025 16:55,August,1.987627764,1.987232137
8/15/2025 17:00,August,1.988416708,1.988416708
8/15/2025 17:05,August,0.900268924,0.899551793
8/15/2025 17:10,August,0.901614672,0.900358816
8/15/2025 17:15,August,0.924965021,0.923953628
8/15/2025 17:20,August,2.444918341,2.442732776
8/15/2025 17:25,August,2.438306086,2.435884008
8/15/2025 17:30,August,2.545638432,2.543362832
8/15/2025 17:35,August,2.556884796,2.553836652
8/15/2025 17:40,August,2.557695644,2.553882361
8/15/2025 17:45,August,2.556648769,2.552837426
8/15/2025 17:50,August,2.59600586,2.591620279
8/15/2025 17:55,August,2.596535009,2.592148535
8/15/2025 18:00,August,3.065861878,3.060989146
8/15/2025 18:05,August,2.554590692,2.550531759
8/15/2025 18:10,August,2.555115576,2.550297474
8/15/2025 18:15,August,2.559117101,2.554292411
8/15/2025 18:20,August,2.57067765,2.566088065
8/15/2025 18:25,August,2.600112574,2.595470437
8/15/2025 18:30,August,3.058679571,3.053826931
8/15/2025 18:35,August,3.079841316,3.074344871
8/15/2025 18:40,August,3.08203896,3.075927441
8/15/2025 18:45,August,3.068615582,3.0613137
8/15/2025 18:50,August,2.571634164,2.565515474
8/15/2025 18:55,August,2.567978846,2.562122276
8/15/2025 19:00,August,2.543817597,2.537760889
8/15/2025 19:05,August,3.103964737,3.095033794
8/15/2025 19:10,August,2.680388736,2.67213811
8/15/2025 19:15,August,3.076433456,3.066965628
8/15/2025 19:20,August,3.037727788,3.028076548
8/15/2025 19:25,August,3.02589786,3.016282296
8/15/2025 19:30,August,2.686730078,2.677390035
8/15/2025 19:35,August,2.685353714,2.676551025
8/15/2025 19:40,August,2.685089351,2.67655425
8/15/2025 19:45,August,2.685089351,2.67655425
8/15/2025 19:50,August,2.685921502,2.677116077
8/15/2025 19:55,August,2.572582441,2.563893011
8/15/2025 20:00,August,2.570478295,2.561795972
8/15/2025 20:05,August,3.014725034,3.004542176
8/15/2025 20:10,August,2.571011505,2.562326519
8/15/2025 20:15,August,2.516485808,2.507984167
8/15/2025 20:20,August,2.568384808,2.559708694
8/15/2025 20:25,August,2.605023339,2.595963739
8/15/2025 20:30,August,2.569704846,2.56102341
8/15/2025 20:35,August,2.569172254,2.560238222
8/15/2025 20:40,August,2.605030829,2.595970303
8/15/2025 20:45,August,2.568661737,2.559982964
8/15/2025 20:50,August,2.535171271,2.526857582
8/15/2025 20:55,August,2.52624152,2.518208955
8/15/2025 21:00,August,2.52525,2.516717054
8/15/2025 21:05,August,3.412998957,3.400439936
8/15/2025 21:10,August,2.605905991,2.596055754
8/15/2025 21:15,August,2.569522933,2.559810223
8/15/2025 21:20,August,2.53785668,2.52801024
8/15/2025 21:25,August,2.493276096,2.483354584
8/15/2025 21:30,August,2.53785668,2.527252822
8/15/2025 21:35,August,2.565605581,2.554628363
8/15/2025 21:40,August,2.563757827,2.552790697
8/15/2025 21:45,August,2.563496059,2.552785073
8/15/2025 21:50,August,2.564536626,2.553822357
8/15/2025 21:55,August,2.564805435,2.553833824
8/15/2025 22:00,August,2.489447123,2.480038033
8/15/2025 22:05,August,2.963994987,2.95398149
8/15/2025 22:10,August,2.903165062,2.893068602
8/15/2025 22:15,August,2.949351852,2.939686647
8/15/2025 22:20,August,2.765145813,2.755528393
8/15/2025 22:25,August,2.665983748,2.656976152
8/15/2025 22:30,August,2.716719442,2.707270452
8/15/2025 22:35,August,2.486861212,2.47821083
8/15/2025 22:40,August,2.641053527,2.63160244
8/15/2025 22:45,August,2.677446863,2.667867447
8/15/2025 22:50,August,2.72563876,2.715617034
8/15/2025 22:55,August,2.678000565,2.668152038
8/15/2025 23:00,August,2.563972273,2.554286325
8/15/2025 23:05,August,3.1651348,3.152863177
8/15/2025 23:10,August,3.005559916,2.994204648
8/15/2025 23:15,August,3.005271739,2.993016304
8/15/2025 23:20,August,2.933559006,2.921006211
8/15/2025 23:25,August,2.890053075,2.881432055
8/15/2025 23:30,August,2.746578822,2.738112684
8/15/2025 23:35,August,2.630939134,2.622827835
8/15/2025 23:40,August,2.570552779,2.562372818
8/15/2025 23:45,August,2.538353647,2.531032687
8/15/2025 23:50,August,1.992560436,1.987012336
8/15/2025 23:55,August,2.04682659,2.041535529
8/16/2025 0:00,August,2.48056792,2.474402261
8/16/2025 0:05,August,4.273380635,4.262327323
8/16/2025 0:10,August,3.320137647,3.311545672
8/16/2025 0:15,August,3.179351676,3.170806733
8/16/2025 0:20,August,3.011625191,3.003229581
8/16/2025 0:25,August,2.982272975,2.974552265
8/16/2025 0:30,August,2.933890596,2.926586547
8/16/2025 0:35,August,2.937583194,2.930269952
8/16/2025 0:40,August,2.950620132,2.943275165
8/16/2025 0:45,August,2.870354587,2.863206578
8/16/2025 0:50,August,2.981977818,2.974554792
8/16/2025 0:55,August,2.935278078,2.927678274
8/16/2025 1:00,August,2.677628286,2.670692807
8/16/2025 1:05,August,2.925658954,2.918667436
8/16/2025 1:10,August,2.93759791,2.930871033
8/16/2025 1:15,August,2.680904116,2.674495581
8/16/2025 1:20,August,2.873735088,2.867726083
8/16/2025 1:25,August,2.875149075,2.869137712
8/16/2025 1:30,August,2.934549733,2.928416007
8/16/2025 1:35,August,2.880380498,2.874358796
8/16/2025 1:40,August,2.65829131,2.652468688
8/16/2025 1:45,August,2.667821963,2.662775307
8/16/2025 1:50,August,2.667269704,2.661959062
8/16/2025 1:55,August,2.666731276,2.661421177
8/16/2025 2:00,August,2.664817862,2.659512102
8/16/2025 2:05,August,2.664273688,2.659499479
8/16/2025 2:10,August,2.663722997,2.659215403
8/16/2025 2:15,August,2.661814574,2.657575594
8/16/2025 2:20,August,2.674001154,2.670008916
8/16/2025 2:25,August,2.674813295,2.671086446
8/16/2025 2:30,August,2.916052617,2.91199005
8/16/2025 2:35,August,2.975272024,2.971126954
8/16/2025 2:40,August,2.677265914,2.67380244
8/16/2025 2:45,August,2.666151292,2.662436881
8/16/2025 2:50,August,2.59504488,2.591945702
8/16/2025 2:55,August,2.662072945,2.658629125
8/16/2025 3:00,August,2.60675448,2.603641627
8/16/2025 3:05,August,2.67153418,2.668343971
8/16/2025 3:10,August,2.669622746,2.666966405
8/16/2025 3:15,August,2.659902924,2.657255991
8/16/2025 3:20,August,2.660722691,2.657280275
8/16/2025 3:25,August,2.597477066,2.594374983
8/16/2025 3:30,August,2.660993944,2.657816006
8/16/2025 3:35,August,2.660180351,2.657268131
8/16/2025 3:40,August,2.65827811,2.655103731
8/16/2025 3:45,August,2.657459792,2.654286706
8/16/2025 3:50,August,2.656378205,2.653470727
8/16/2025 3:55,August,2.590949456,2.588629202
8/16/2025 4:00,August,2.655303357,2.652925237
8/16/2025 4:05,August,2.470814851,2.468356084
8/16/2025 4:10,August,2.614652079,2.611789701
8/16/2025 4:15,August,2.611084733,2.607966399
8/16/2025 4:20,August,2.620265445,2.616875035
8/16/2025 4:25,August,2.637267114,2.633329719
8/16/2025 4:30,August,2.62223266,2.618317322
8/16/2025 4:35,August,2.582935048,2.579335497
8/16/2025 4:40,August,2.47158077,2.468382428
8/16/2025 4:45,August,2.472081218,2.468636151
8/16/2025 4:50,August,2.472081953,2.468882962
8/16/2025 4:55,August,2.085865538,2.08316633
8/16/2025 5:00,August,2.470574994,2.46713237
8/16/2025 5:05,August,1.082154985,1.080647056
8/16/2025 5:10,August,2.197133016,2.194072333
8/16/2025 5:15,August,2.470820507,2.466886079
8/16/2025 5:20,August,2.560074003,2.55548697
8/16/2025 5:25,August,2.472081953,2.46765258
8/16/2025 5:30,August,2.014707083,2.011097575
8/16/2025 5:35,August,2.19803183,2.194094273
8/16/2025 5:40,August,2.196918338,2.193201418
8/16/2025 5:45,August,2.470065369,2.465886733
8/16/2025 5:50,August,2.469332245,2.465890667
8/16/2025 5:55,August,2.46958238,2.465648749
8/16/2025 6:00,August,2.575368146,2.571264791
8/16/2025 6:05,August,2.062224638,2.058109242
8/16/2025 6:10,August,2.470200843,2.47E+00
8/16/2025 6:15,August,2.46971636,2.465277086
8/16/2025 6:20,August,2.196610145,2.193538884
8/16/2025 6:25,August,2.466966965,2.46E+00
8/16/2025 6:30,August,2.530361233,2.528844684
8/16/2025 6:35,August,2.464468765,2.463730236
8/16/2025 6:40,August,2.190166498,2.190604137
8/16/2025 6:45,August,2.189944439,2.190819629
8/16/2025 6:50,August,1.999763905,2.001162342
8/16/2025 6:55,August,2.187292139,2.190133914
8/16/2025 7:00,August,2.187301044,2.190143682
8/16/2025 7:05,August,0.885435169,0.885968028
8/16/2025 7:10,August,9.91E-02,9.92E-02
8/16/2025 7:15,August,0.000989953,0.000991445
8/16/2025 7:20,August,0.099068415,0.099267547
8/16/2025 7:25,August,0.885586551,0.887810972
8/16/2025 7:30,August,0.898267776,0.901065555
8/16/2025 7:35,August,0.940310511,0.943805036
8/16/2025 7:40,August,1.041731032,1.046860134
8/16/2025 7:45,August,1.98600053,1.997982433
8/16/2025 7:50,August,0.993789831,0.999795813
8/16/2025 7:55,August,1.044225796,1.0495808
8/16/2025 8:00,August,2.445740425,2.459020463
8/16/2025 8:05,August,1.04E+00,1.049057309
8/16/2025 8:10,August,2.446224506,2.459990818
8/16/2025 8:15,August,2.165400847,2.177590478
8/16/2025 8:20,August,2.163656619,2.176275229
8/16/2025 8:25,August,2.425609464,2.439761495
8/16/2025 8:30,August,2.433504022,2.447952723
8/16/2025 8:35,August,2.161263105,2.174533065
8/16/2025 8:40,August,1.041714908,1.04821776
8/16/2025 8:45,August,1.949374245,1.960944978
8/16/2025 8:50,August,1.993800547,2.005836772
8/16/2025 8:55,August,2.157565751,2.171027468
8/16/2025 9:00,August,2.445019031,2.460280401
8/16/2025 9:05,August,1.94407016,1.955794375
8/16/2025 9:10,August,2.162565125,2.175173567
8/16/2025 9:15,August,1.944834038,1.95675834
8/16/2025 9:20,August,2.429095871,2.444482262
8/16/2025 9:25,August,2.506519193,2.521893519
8/16/2025 9:30,August,2.495025569,2.51083275
8/16/2025 9:35,August,2.529059866,2.544833099
8/16/2025 9:40,August,2.605563081,2.62181345
8/16/2025 9:45,August,2.611778627,2.6280694
8/16/2025 9:50,August,2.60609491,2.621573026
8/16/2025 9:55,August,2.59356813,2.610290713
8/16/2025 10:00,August,2.598139637,2.614629945
8/16/2025 10:05,August,9.00E-01,9.07E-01
8/16/2025 10:10,August,0.878051909,0.883627685
8/16/2025 10:15,August,0.878130971,0.88468551
8/16/2025 10:20,August,0.902184941,0.909636509
8/16/2025 10:25,August,2.395319284,2.412420106
8/16/2025 10:30,August,2.508475154,2.527381358
8/16/2025 10:35,August,2.498949712,2.51551068
8/16/2025 10:40,August,2.542747726,2.559852555
8/16/2025 10:45,August,2.588272089,2.606726328
8/16/2025 10:50,August,2.542754372,2.560380457
8/16/2025 10:55,August,2.483695003,2.500672412
8/16/2025 11:00,August,2.517226962,2.53443704
8/16/2025 11:05,August,2.525056433,2.541803867
8/16/2025 11:10,August,2.586225012,2.604664657
8/16/2025 11:15,August,2.612388126,2.631010572
8/16/2025 11:20,August,2.581894612,2.600040458
8/16/2025 11:25,August,2.45910044,2.472167647
8/16/2025 11:30,August,2.407258548,2.420047712
8/16/2025 11:35,August,2.458342929,2.471648584
8/16/2025 11:40,August,2.458330226,2.471384179
8/16/2025 11:45,August,2.49889825,2.512665595
8/16/2025 11:50,August,2.458058751,2.472086519
8/16/2025 11:55,August,2.457302042,2.471813184
8/16/2025 12:00,August,2.606659917,2.623088446
8/16/2025 12:05,August,2.553732096,2.570586728
8/16/2025 12:10,August,2.556310582,2.573437863
8/16/2025 12:15,August,2.623669131,2.640981884
8/16/2025 12:20,August,2.622619873,2.640981884
8/16/2025 12:25,August,2.705435048,2.724100683
8/16/2025 12:30,August,2.635401718,2.65332245
8/16/2025 12:35,August,2.724409901,2.744306052
8/16/2025 12:40,August,2.727174112,2.747369337
8/16/2025 12:45,August,2.726892344,2.747081442
8/16/2025 12:50,August,2.793470348,2.81189988
8/16/2025 12:55,August,2.940235375,2.964082282
8/16/2025 13:00,August,2.906572878,2.929853397
8/16/2025 13:05,August,2.80941126,2.834148922
8/16/2025 13:10,August,2.724677,2.749201546
8/16/2025 13:15,August,3.231771359,3.25142424
8/16/2025 13:20,August,3.070194986,3.089805014
8/16/2025 13:25,August,3.018086629,3.038281556
8/16/2025 13:30,August,2.940852862,2.96081473
8/16/2025 13:35,August,2.918799949,2.938608172
8/16/2025 13:40,August,2.938153475,2.958380212
8/16/2025 13:45,August,3.062896695,3.08306945
8/16/2025 13:50,August,2.682930602,2.699521635
8/16/2025 13:55,August,2.857530353,2.872050035
8/16/2025 14:00,August,2.948799605,2.962602372
8/16/2025 14:05,August,2.422513259,2.432652328
8/16/2025 14:10,August,2.396400777,2.405712288
8/16/2025 14:15,August,2.442335209,2.452546047
8/16/2025 14:20,August,2.551930067,2.562346108
8/16/2025 14:25,August,2.422058685,2.431466143
8/16/2025 14:30,August,2.394583123,2.401496993
8/16/2025 14:35,August,2.415687011,2.423139867
8/16/2025 14:40,August,2.459351936,2.466937997
8/16/2025 14:45,August,2.556484573,2.564369462
8/16/2025 14:50,August,2.389451148,2.395401569
8/16/2025 14:55,August,2.37770107,2.38385969
8/16/2025 15:00,August,2.363126521,2.36924739
8/16/2025 15:05,August,0.92119278,0.923670091
8/16/2025 15:10,August,0.89642467,0.898480485
8/16/2025 15:15,August,0.907286013,0.909728601
8/16/2025 15:20,August,0.897048007,0.899284365
8/16/2025 15:25,August,0.907195268,0.909457149
8/16/2025 15:30,August,0.88268469,0.884447415
8/16/2025 15:35,August,0.882072447,0.883569873
8/16/2025 15:40,August,0.882247847,0.883921607
8/16/2025 15:45,August,0.904764408,0.906660054
8/16/2025 15:50,August,0.904404998,0.906209837
8/16/2025 15:55,August,0.905214328,0.907020242
8/16/2025 16:00,August,1.979370836,1.983514669
8/16/2025 16:05,August,2.193645926,2.197800973
8/16/2025 16:10,August,2.354752267,2.358976038
8/16/2025 16:15,August,2.366081312,2.370323713
8/16/2025 16:20,August,2.386488498,2.390764933
8/16/2025 16:25,August,2.421103236,2.425196598
8/16/2025 16:30,August,2.439718393,2.443841178
8/16/2025 16:35,August,2.513048843,2.516295676
8/16/2025 16:40,August,2.465267402,2.468207202
8/16/2025 16:45,August,2.539589089,2.542112528
8/16/2025 16:50,August,2.541116311,2.542883254
8/16/2025 16:55,August,2.468489831,2.470206274
8/16/2025 17:00,August,2.541625591,2.542635375
8/16/2025 17:05,August,2.540850808,2.541860184
8/16/2025 17:10,August,2.542125993,2.543135675
8/16/2025 17:15,August,2.515801766,2.51630133
8/16/2025 17:20,August,2.715125103,2.715933416
8/16/2025 17:25,August,2.611702625,2.611702625
8/16/2025 17:30,August,2.614285362,2.613766397
8/16/2025 17:35,August,2.662960601,2.662432078
8/16/2025 17:40,August,2.663230487,2.66270191
8/16/2025 17:45,August,3.054540445,3.053328085
8/16/2025 17:50,August,2.672881392,2.671555164
8/16/2025 17:55,August,2.670525368,2.668405693
8/16/2025 18:00,August,3.043170766,3.040151748
8/16/2025 18:05,August,2.674312695,2.671660397
8/16/2025 18:10,August,3.268139226,3.264574219
8/16/2025 18:15,August,3.256274968,3.252723255
8/16/2025 18:20,August,3.257277355,3.253079
8/16/2025 18:25,August,3.261856357,3.258621993
8/16/2025 18:30,August,3.257956236,3.253757006
8/16/2025 18:35,August,3.396711826,3.392333752
8/16/2025 18:40,August,3.274757192,3.270211623
8/16/2025 18:45,August,3.266141154,3.261283716
8/16/2025 18:50,August,3.266478421,3.26162
8/16/2025 18:55,August,3.261013767,3.255193993
8/16/2025 19:00,August,3.258651891,3.252512636
8/16/2025 19:05,August,3.062625945,3.057160765
8/16/2025 19:10,August,3.061696374,3.055929324
8/16/2025 19:15,August,3.192663213,3.186332332
8/16/2025 19:20,August,3.191358754,3.18503046
8/16/2025 19:25,August,3.073520252,3.067120894
8/16/2025 19:30,August,3.157868558,3.151607915
8/16/2025 19:35,August,3.156961131,3.151327612
8/16/2025 19:40,August,3.157916681,3.151968389
8/16/2025 19:45,August,3.113668349,3.107494723
8/16/2025 19:50,August,3.054694003,3.048637308
8/16/2025 19:55,August,3.112729625,3.106865867
8/16/2025 20:00,August,3.111155631,3.104677913
8/16/2025 20:05,August,3.195632198,3.188659679
8/16/2025 20:10,August,3.158259264,3.151368289
8/16/2025 20:15,August,3.154754833,3.14881014
8/16/2025 20:20,August,3.157615347,3.151352722
8/16/2025 20:25,August,3.154748209,3.148804118
8/16/2025 20:30,August,3.154424377,3.148481485
8/16/2025 20:35,August,3.154102288,3.148160592
8/16/2025 20:40,August,3.162227463,3.15626987
8/16/2025 20:45,August,3.157285671,3.151024942
8/16/2025 20:50,August,3.154095219,3.148154126
8/16/2025 20:55,August,3.15569237,3.149747679
8/16/2025 21:00,August,3.013679922,3.008302619
8/16/2025 21:05,August,5.995924511,5.983428042
8/16/2025 21:10,August,3.403772301,3.397353913
8/16/2025 21:15,August,3.25674874,3.251254572
8/16/2025 21:20,August,3.161899593,3.155623492
8/16/2025 21:25,August,3.257217901,3.250752601
8/16/2025 21:30,August,3.253708333,3.24725
8/16/2025 21:35,August,3.250323141,3.243548946
8/16/2025 21:40,August,3.256583084,3.249469817
8/16/2025 21:45,August,3.099971726,3.092892056
8/16/2025 21:50,August,3.046123932,3.038864775
8/16/2025 21:55,August,3.092904078,3.085840549
8/16/2025 22:00,August,3.091953779,3.085199437
8/16/2025 22:05,August,3.988992951,3.98027384
8/16/2025 22:10,August,3.246205102,3.238136387
8/16/2025 22:15,August,3.155222672,3.147064777
8/16/2025 22:20,August,3.098455258,3.090752256
8/16/2025 22:25,August,3.086139969,3.078466821
8/16/2025 22:30,August,3.052979793,3.045086249
8/16/2025 22:35,August,3.044281081,3.036713514
8/16/2025 22:40,August,3.008503731,3.001322817
8/16/2025 22:45,August,3.005874488,2.998998793
8/16/2025 22:50,August,2.911487592,2.905115455
8/16/2025 22:55,August,2.8849577,2.878642998
8/16/2025 23:00,August,2.883765423,2.877453958
8/16/2025 23:05,August,3.04789936,3.041836302
8/16/2025 23:10,August,3.013573582,3.007277815
8/16/2025 23:15,August,2.945495708,2.939047215
8/16/2025 23:20,August,2.883791907,2.877765473
8/16/2025 23:25,August,2.881722766,2.875700656
8/16/2025 23:30,August,2.880836899,2.874816641
8/16/2025 23:35,August,2.698520574,2.693150383
8/16/2025 23:40,August,2.68248329,2.677411424
8/16/2025 23:45,August,2.566924453,2.561815637
8/16/2025 23:50,August,2.475574997,2.470894805
8/16/2025 23:55,August,2.561939682,2.557096214
8/17/2025 0:00,August,2.474566804,2.470381386
8/17/2025 0:05,August,3.753098551,3.748995581
8/17/2025 0:10,August,3.246713127,3.243166216
8/17/2025 0:15,August,3.002214523,2.998635131
8/17/2025 0:20,August,2.631267539,2.627606099
8/17/2025 0:25,August,2.629125903,2.625467443
8/17/2025 0:30,August,2.626377284,2.623770199
8/17/2025 0:35,August,2.525510919,2.523505948
8/17/2025 0:40,August,2.666791933,2.663878564
8/17/2025 0:45,August,2.628050336,2.624654922
8/17/2025 0:50,August,2.870876782,2.86687954
8/17/2025 0:55,August,2.627290692,2.623632604
8/17/2025 1:00,August,2.587614083,2.584011239
8/17/2025 1:05,August,2.790313232,2.786427774
8/17/2025 1:10,August,2.764013798,2.758514914
8/17/2025 1:15,August,2.626506816,2.621280977
8/17/2025 1:20,August,2.624115584,2.61915457
8/17/2025 1:25,August,1.19356323,1.191187743
8/17/2025 1:30,August,2.086151783,2.08220703
8/17/2025 1:35,August,2.177475526,2.172922859
8/17/2025 1:40,August,2.177028793,2.172694241
8/17/2025 1:45,August,2.070030891,2.066115451
8/17/2025 1:50,August,2.057766558,2.054079172
8/17/2025 1:55,August,2.471084254,2.46690223
8/17/2025 2:00,August,2.046010439,2.042548492
8/17/2025 2:05,August,2.470570196,2.46639029
8/17/2025 2:10,August,2.519532022,2.515268855
8/17/2025 2:15,August,2.515826689,2.511319385
8/17/2025 2:20,August,2.471826797,2.467398322
8/17/2025 2:25,August,2.174150015,2.17047125
8/17/2025 2:30,August,2.470069726,2.466136494
8/17/2025 2:35,August,1.191422878,1.189762854
8/17/2025 2:40,August,2.063319559,2.060445283
8/17/2025 2:45,August,2.468065721,2.464627277
8/17/2025 2:50,August,2.174137774,2.171325456
8/17/2025 2:55,August,2.069440747,2.06655823
8/17/2025 3:00,August,2.17303231,2.170005502
8/17/2025 3:05,August,2.17192819,2.169335358
8/17/2025 3:10,August,2.17258815,2.169994531
8/17/2025 3:15,August,1.192491277,1.191186322
8/17/2025 3:20,August,2.466310742,2.463366186
8/17/2025 3:25,August,2.17082541,2.168666029
8/17/2025 3:30,August,2.17126863,2.169108594
8/17/2025 3:35,August,2.171488439,2.168896133
8/17/2025 3:40,August,1.191778597,1.190355719
8/17/2025 3:45,August,2.076793365,2.0741075
8/17/2025 3:50,August,2.065094933,2.062424197
8/17/2025 3:55,August,2.466560116,2.46287905
8/17/2025 4:00,August,2.170397227,2.166941868
8/17/2025 4:05,August,2.014898594,2.011289461
8/17/2025 4:10,August,2.013100793,2.009494522
8/17/2025 4:15,August,1.189881545,1.187393988
8/17/2025 4:20,August,1.170933629,1.168368349
8/17/2025 4:25,August,1.170816944,1.16825192
8/17/2025 4:30,August,1.170117334,1.167437053
8/17/2025 4:35,August,1.138979403,1.136370187
8/17/2025 4:40,August,1.532372151,1.529474552
8/17/2025 4:45,August,1.191541604,1.18928849
8/17/2025 4:50,August,1.19118585,1.18928849
8/17/2025 4:55,August,1.190236957,1.187985862
8/17/2025 5:00,August,2.166679464,2.162582031
8/17/2025 5:05,August,2.504485853,2.499249473
8/17/2025 5:10,August,2.467611456,2.463678223
8/17/2025 5:15,August,2.397850706,2.394029049
8/17/2025 5:20,August,2.167802277,2.164347268
8/17/2025 5:25,August,2.005729023,2.002532005
8/17/2025 5:30,August,1.208916234,1.206268006
8/17/2025 5:35,August,1.2099996,1.20734979
8/17/2025 5:40,August,1.1900004,1.187275389
8/17/2025 5:45,August,1.166745232,1.163955088
8/17/2025 5:50,August,1.132767645,1.130281523
8/17/2025 5:55,August,1.131083168,1.128487129
8/17/2025 6:00,August,1.030637649,1.028168563
8/17/2025 6:05,August,1.665803596,1.662478639
8/17/2025 6:10,August,2.504239141,2.499490584
8/17/2025 6:15,August,1.802041455,1.798803285
8/17/2025 6:20,August,1.693484981,1.690609507
8/17/2025 6:25,August,1.694139273,1.691431628
8/17/2025 6:30,August,1.671610788,1.669441599
8/17/2025 6:35,August,1.16708629,1.165570745
8/17/2025 6:40,August,1.135914369,1.134552225
8/17/2025 6:45,August,1.167550903,1.166617609
8/17/2025 6:50,August,1.133425873,1.132405687
8/17/2025 6:55,August,1.031329496,1.030400557
8/17/2025 7:00,August,1.029994645,1.029169494
8/17/2025 7:05,August,1.030500944,1.030087959
8/17/2025 7:10,August,1.007219417,1.007118433
8/17/2025 7:15,August,1.004566372,1.004465623
8/17/2025 7:20,August,0.84624,0.846324938
8/17/2025 7:25,August,0.797896091,0.798537358
8/17/2025 7:30,August,0.797656838,0.798298041
8/17/2025 7:35,August,0.797492824,0.798214392
8/17/2025 7:40,August,0.797095785,0.797977439
8/17/2025 7:45,August,0.796772565,0.798055226
8/17/2025 7:50,August,0.798680872,0.79972448
8/17/2025 7:55,August,0.837235156,0.838243974
8/17/2025 8:00,August,0.844269288,0.84554065
8/17/2025 8:05,August,9.70E-01,9.75E-01
8/17/2025 8:10,August,1.273706035,1.281133639
8/17/2025 8:15,August,1.374253066,1.382683219
8/17/2025 8:20,August,1.95E+00,1.96E+00
8/17/2025 8:25,August,1.999805288,2.010252332
8/17/2025 8:30,August,2.449695903,2.462988063
8/17/2025 8:35,August,2.448700319,2.462723822
8/17/2025 8:40,August,2.130900843,2.142683245
8/17/2025 8:45,August,1.353882588,1.361643178
8/17/2025 8:50,August,1.986800087,1.998589407
8/17/2025 8:55,August,2.124911554,2.138822245
8/17/2025 9:00,August,2.758218509,2.776280588
8/17/2025 9:05,August,1.11E+00,1.12E+00
8/17/2025 9:10,August,2.45E+00,2.46E+00
8/17/2025 9:15,August,2.449709692,2.463748848
8/17/2025 9:20,August,2.448473838,2.464233903
8/17/2025 9:25,August,2.443053069,2.463241555
8/17/2025 9:30,August,1.35020337,1.361642309
8/17/2025 9:35,August,2.455900621,2.477972231
8/17/2025 9:40,August,2.914287923,2.942559107
8/17/2025 9:45,August,2.558413251,2.58375944
8/17/2025 9:50,August,2.970954843,3.000394031
8/17/2025 9:55,August,2.781668403,2.809518845
8/17/2025 10:00,August,2.767444951,2.796555325
8/17/2025 10:05,August,1.15664959,1.168360125
8/17/2025 10:10,August,2.121016724,2.142918293
8/17/2025 10:15,August,1.20583202,1.218167585
8/17/2025 10:20,August,2.115857967,2.141202728
8/17/2025 10:25,August,2.427296376,2.456861496
8/17/2025 10:30,August,2.114167484,2.140549
8/17/2025 10:35,August,2.112453769,2.138189246
8/17/2025 10:40,August,0.962549087,0.973512729
8/17/2025 10:45,August,9.60E-01,9.71E-01
8/17/2025 10:50,August,0.896454779,0.906581635
8/17/2025 10:55,August,1.034743784,1.046529739
8/17/2025 11:00,August,1.084073639,1.096422729
8/17/2025 11:05,August,2.542938933,2.57E+00
8/17/2025 11:10,August,2.111604883,2.137330018
8/17/2025 11:15,August,2.112245835,2.138616749
8/17/2025 11:20,August,2.717457295,2.751115142
8/17/2025 11:25,August,2.645757951,2.678531072
8/17/2025 11:30,August,2.66861537,2.701671627
8/17/2025 11:35,August,2.543202211,2.575211658
8/17/2025 11:40,August,2.430996824,2.462324738
8/17/2025 11:45,August,2.44522125,2.476970927
8/17/2025 11:50,August,2.431736853,2.463804797
8/17/2025 11:55,August,2.546282036,2.579608982
8/17/2025 12:00,August,1.202649975,1.217434151
8/17/2025 12:05,August,1.936177262,1.960738066
8/17/2025 12:10,August,2.486296134,2.518330181
8/17/2025 12:15,August,2.11142663,2.140534995
8/17/2025 12:20,August,2.435746432,2.46907562
8/17/2025 12:25,August,2.481397611,2.513568065
8/17/2025 12:30,August,2.546059801,2.578817333
8/17/2025 12:35,August,2.544244525,2.575208961
8/17/2025 12:40,August,2.744280845,2.777964957
8/17/2025 12:45,August,2.771319886,2.806712781
8/17/2025 12:50,August,2.755716946,2.791186294
8/17/2025 12:55,August,2.967474846,3.003880043
8/17/2025 13:00,August,2.851444523,2.886711781
8/17/2025 13:05,August,2.781582588,2.817066987
8/17/2025 13:10,August,2.773268623,2.808895279
8/17/2025 13:15,August,2.582107628,2.613481961
8/17/2025 13:20,August,2.542493133,2.573134887
8/17/2025 13:25,August,2.582097348,2.612438038
8/17/2025 13:30,August,2.987604555,3.024186234
8/17/2025 13:35,August,2.983655619,3.019293979
8/17/2025 13:40,August,2.885209761,2.919376718
8/17/2025 13:45,August,3.646330741,3.697225213
8/17/2025 13:50,August,3.094676495,3.135704996
8/17/2025 13:55,August,2.959221774,2.99844254
8/17/2025 14:00,August,2.919723488,2.957833812
8/17/2025 14:05,August,2.511710846,2.545227408
8/17/2025 14:10,August,2.510445556,2.542686084
8/17/2025 14:15,August,2.547636733,2.580605846
8/17/2025 14:20,August,2.595626668,2.62843287
8/17/2025 14:25,August,2.576118076,2.60681712
8/17/2025 14:30,August,2.55354137,2.58345863
8/17/2025 14:35,August,2.892811147,2.925258807
8/17/2025 14:40,August,2.954448696,2.990934448
8/17/2025 14:45,August,2.933661459,2.969582632
8/17/2025 14:50,August,2.903324762,2.939726407
8/17/2025 14:55,August,2.843221095,2.878003195
8/17/2025 15:00,August,2.834645996,2.869036606
8/17/2025 15:05,August,2.55587268,2.58756983
8/17/2025 15:10,August,2.43416601,2.464102325
8/17/2025 15:15,August,2.4356435,2.464861401
8/17/2025 15:20,August,2.437872315,2.465418895
8/17/2025 15:25,August,2.520837472,2.549058648
8/17/2025 15:30,August,2.540140427,2.568813651
8/17/2025 15:35,August,2.599872236,2.62737441
8/17/2025 15:40,August,2.903375562,2.934069726
8/17/2025 15:45,August,2.607467468,2.63450826
8/17/2025 15:50,August,2.902282231,2.93207919
8/17/2025 15:55,August,1.954061178,1.973534911
8/17/2025 16:00,August,2.442039374,2.466120664
8/17/2025 16:05,August,1.212438627,1.222804477
8/17/2025 16:10,August,2.471039964,2.491174179
8/17/2025 16:15,August,2.447981336,2.467435166
8/17/2025 16:20,August,2.44797709,2.467180772
8/17/2025 16:25,August,2.452142145,2.467394233
8/17/2025 16:30,August,2.547103219,2.562180884
8/17/2025 16:35,August,2.548136998,2.56296959
8/17/2025 16:40,August,2.551717279,2.563736793
8/17/2025 16:45,August,2.554274622,2.564503996
8/17/2025 16:50,August,2.955710416,2.9666553
8/17/2025 16:55,August,2.600943664,2.6063942
8/17/2025 17:00,August,2.601985245,2.607176756
8/17/2025 17:05,August,1.978598497,1.982541892
8/17/2025 17:10,August,2.493126599,2.497844198
8/17/2025 17:15,August,3.249570775,3.254746281
8/17/2025 17:20,August,3.037473557,3.041402236
8/17/2025 17:25,August,3.038372444,3.041393897
8/17/2025 17:30,August,3.14345064,3.144701019
8/17/2025 17:35,August,3.127886311,3.127264465
8/17/2025 17:40,August,3.06416922,3.062342592
8/17/2025 17:45,August,4.720801296,4.716112845
8/17/2025 17:50,August,3.865724376,3.861117753
8/17/2025 17:55,August,3.275112326,3.266342314
8/17/2025 18:00,August,3.977593194,3.968120855
8/17/2025 18:05,August,3.971047893,3.962768306
8/17/2025 18:10,August,3.972087004,3.963410019
8/17/2025 18:15,August,3.978367552,3.968098759
8/17/2025 18:20,August,3.972237986,3.960408808
8/17/2025 18:25,August,3.360765034,3.349095711
8/17/2025 18:30,August,3.977773979,3.961604166
8/17/2025 18:35,August,5.004123521,4.984279669
8/17/2025 18:40,August,5.179057478,5.158517889
8/17/2025 18:45,August,5.000257305,4.980918746
8/17/2025 18:50,August,3.530900846,3.51654332
8/17/2025 18:55,August,3.367332004,3.353304238
8/17/2025 19:00,August,5.927874279,5.9037581
8/17/2025 19:05,August,3.529568405,3.51590149
8/17/2025 19:10,August,3.258769734,3.245827836
8/17/2025 19:15,August,5.181985698,5.161401842
8/17/2025 19:20,August,5.181471101,5.160887245
8/17/2025 19:25,August,3.531340461,3.518021262
8/17/2025 19:30,August,3.402415917,3.389581709
8/17/2025 19:35,August,3.532071534,3.519800092
8/17/2025 19:40,August,3.973275517,3.958685283
8/17/2025 19:45,August,3.975624618,3.9598405
8/17/2025 19:50,August,3.118017803,3.105329095
8/17/2025 19:55,August,3.368562315,3.353512145
8/17/2025 20:00,August,3.331365764,3.315820273
8/17/2025 20:05,August,3.981514343,3.963333912
8/17/2025 20:10,August,3.541484048,3.526014447
8/17/2025 20:15,August,3.371010694,3.356620397
8/17/2025 20:20,August,3.270793482,3.256180127
8/17/2025 20:25,August,3.364727994,3.349357837
8/17/2025 20:30,August,3.362955233,3.346592925
8/17/2025 20:35,August,3.364359537,3.347656332
8/17/2025 20:40,August,3.333078725,3.316529178
8/17/2025 20:45,August,3.36123545,3.34454444
8/17/2025 20:50,August,3.274170857,3.258238943
8/17/2025 20:55,August,3.2738241,3.259195753
8/17/2025 21:00,August,3.277112354,3.262470768
8/17/2025 21:05,August,3.343822719,3.327201669
8/17/2025 21:10,August,3.275288738,3.259986693
8/17/2025 21:15,August,3.276961195,3.261652858
8/17/2025 21:20,August,3.27461578,3.259642388
8/17/2025 21:25,August,3.274593981,3.259623665
8/17/2025 21:30,August,3.273932269,3.25896349
8/17/2025 21:35,August,3.254611853,3.239732888
8/17/2025 21:40,August,3.287081357,3.270400646
8/17/2025 21:45,August,3.274399064,3.258106901
8/17/2025 21:50,August,3.173576449,3.157471733
8/17/2025 21:55,August,3.247003648,3.230526316
8/17/2025 22:00,August,3.174866998,3.158755733
8/17/2025 22:05,August,3.246418517,3.229611094
8/17/2025 22:10,August,3.075101879,3.059182984
8/17/2025 22:15,August,3.147669409,3.13168821
8/17/2025 22:20,August,1.580586911,1.572876731
8/17/2025 22:25,August,2.490769054,2.478868107
8/17/2025 22:30,August,2.489491715,2.47784584
8/17/2025 22:35,August,2.541549111,2.529912676
8/17/2025 22:40,August,3.041446876,3.023536369
8/17/2025 22:45,August,2.991198737,2.974179539
8/17/2025 22:50,August,2.853369149,2.837420584
8/17/2025 22:55,August,2.825978205,2.810182739
8/17/2025 23:00,August,1.989961454,1.979038512
8/17/2025 23:05,August,2.491246524,2.477063438
8/17/2025 23:10,August,2.490997661,2.476814576
8/17/2025 23:15,August,1.990547776,1.97941518
8/17/2025 23:20,August,2.015135636,2.004472478
8/17/2025 23:25,August,2.487397196,2.474483393
8/17/2025 23:30,August,2.533707166,2.520805901
8/17/2025 23:35,August,2.191206458,2.180051384
8/17/2025 23:40,August,2.189853949,2.179144013
8/17/2025 23:45,August,1.574156556,1.566456279
8/17/2025 23:50,August,1.293328138,1.286736778
8/17/2025 23:55,August,1.192951424,1.18687102
8/18/2025 0:00,August,1.243844956,1.237631323
8/18/2025 0:05,August,3.233589732,3.217740388
8/18/2025 0:10,August,3.057504078,3.042210441
8/18/2025 0:15,August,3.111922748,3.096668224
8/18/2025 0:20,August,3.135184443,3.119815891
8/18/2025 0:25,August,2.628452703,2.615568131
8/18/2025 0:30,August,2.627609389,2.615262095
8/18/2025 0:35,August,2.481860755,2.471196219
8/18/2025 0:40,August,2.483135549,2.472216304
8/18/2025 0:45,August,2.482125652,2.471705934
8/18/2025 0:50,August,2.482120023,2.471949433
8/18/2025 0:55,August,2.514245545,2.503186183
8/18/2025 1:00,August,2.484161941,2.473235999
8/18/2025 1:05,August,2.801000402,2.788111934
8/18/2025 1:10,August,2.51401737,2.502700897
8/18/2025 1:15,August,2.172354521,2.162577948
8/18/2025 1:20,August,2.172575715,2.162798147
8/18/2025 1:25,August,2.049196363,2.039770059
8/18/2025 1:30,August,2.172346692,2.162789322
8/18/2025 1:35,August,2.481133298,2.470217403
8/18/2025 1:40,August,2.473294756,2.462413347
8/18/2025 1:45,August,2.47960716,2.468946982
8/18/2025 1:50,August,2.042305409,2.033730299
8/18/2025 1:55,August,2.172113919,2.162994689
8/18/2025 2:00,August,2.172552101,2.163649089
8/18/2025 2:05,August,2.47679376,2.466894504
8/18/2025 2:10,August,2.511661736,2.501875064
8/18/2025 2:15,August,2.476021354,2.466622812
8/18/2025 2:20,August,2.475511879,2.466610717
8/18/2025 2:25,August,2.169443327,2.161641134
8/18/2025 2:30,August,2.47375746,2.465355087
8/18/2025 2:35,August,2.474261177,2.465362736
8/18/2025 2:40,August,2.038278191,2.031356352
8/18/2025 2:45,August,2.169436109,2.16228555
8/18/2025 2:50,August,1.99385517,1.987483117
8/18/2025 2:55,August,2.168108218,2.161396479
8/18/2025 3:00,August,2.167225281,2.160516946
8/18/2025 3:05,August,2.510662261,2.501627491
8/18/2025 3:10,August,2.474299674,2.464899215
8/18/2025 3:15,August,2.472292961,2.463639936
8/18/2025 3:20,August,2.472530925,2.463385304
8/18/2025 3:25,August,2.171671984,2.16364001
8/18/2025 3:30,August,2.472778104,2.463385304
8/18/2025 3:35,August,2.472018248,2.46312343
8/18/2025 3:40,August,2.489231874,2.480522175
8/18/2025 3:45,August,2.492555759,2.483335147
8/18/2025 3:50,August,2.473543316,2.464393036
8/18/2025 3:55,August,2.47278742,2.464134394
8/18/2025 4:00,August,2.473543316,2.464393036
8/18/2025 4:05,August,2.503649863,2.494639426
8/18/2025 4:10,August,2.508634133,2.499353115
8/18/2025 4:15,August,2.631307262,2.623430668
8/18/2025 4:20,August,2.577563625,2.569331063
8/18/2025 4:25,August,2.578878684,2.5706411
8/18/2025 4:30,August,2.513418319,2.505137288
8/18/2025 4:35,August,2.514696501,2.505909123
8/18/2025 4:40,August,2.547828593,2.538670148
8/18/2025 4:45,August,2.545806934,2.536654842
8/18/2025 4:50,August,2.543032791,2.533636724
8/18/2025 4:55,August,2.541008802,2.531619276
8/18/2025 5:00,August,2.54554848,2.535887955
8/18/2025 5:05,August,1.053578707,1.04905194
8/18/2025 5:10,August,2.5147059,2.504912258
8/18/2025 5:15,August,2.677323649,2.667434363
8/18/2025 5:20,August,2.800369007,2.790029355
8/18/2025 5:25,August,2.79291325,2.782322421
8/18/2025 5:30,August,2.799810629,2.789193644
8/18/2025 5:35,August,2.776209904,2.765681364
8/18/2025 5:40,August,2.517528061,2.507722449
8/18/2025 5:45,August,2.593588908,2.583488052
8/18/2025 5:50,August,2.514226921,2.505684529
8/18/2025 5:55,August,2.512692453,2.504406368
8/18/2025 6:00,August,2.511415159,2.503133286
8/18/2025 6:05,August,0.994865227,0.990782605
8/18/2025 6:10,August,3.154878421,3.144155051
8/18/2025 6:15,August,2.840591825,2.831501022
8/18/2025 6:20,August,2.767630406,2.759046459
8/18/2025 6:25,August,2.586142994,2.578895271
8/18/2025 6:30,August,2.512741955,2.506708961
8/18/2025 6:35,August,2.510198484,2.50517457
8/18/2025 6:40,August,2.05803,2.054734186
8/18/2025 6:45,August,2.1648889,2.162505139
8/18/2025 6:50,August,2.468328883,2.467092988
8/18/2025 6:55,August,2.466586551,2.466833654
8/18/2025 7:00,August,2.558703723,2.560499305
8/18/2025 7:05,August,0.806457674,0.806944225
8/18/2025 7:10,August,0.816614765,0.817928575
8/18/2025 7:15,August,0.951385202,0.953776338
8/18/2025 7:20,August,2.021609948,2.028718281
8/18/2025 7:25,August,2.453181773,2.462796293
8/18/2025 7:30,August,2.036723245,2.045527819
8/18/2025 7:35,August,2.448724488,2.461039537
8/18/2025 7:40,August,2.448489065,2.461303219
8/18/2025 7:45,August,2.574467825,2.591333418
8/18/2025 7:50,August,2.57161239,2.590027365
8/18/2025 7:55,August,2.631034228,2.652008164
8/18/2025 8:00,August,2.622696079,2.645746343
8/18/2025 8:05,August,1.013885795,1.024765719
8/18/2025 8:10,August,2.560611964,2.590172447
8/18/2025 8:15,August,2.524605096,2.555055938
8/18/2025 8:20,August,2.557467827,2.589890087
8/18/2025 8:25,August,2.558379622,2.591595221
8/18/2025 8:30,August,2.568912885,2.602796679
8/18/2025 8:35,August,2.557340507,2.591338032
8/18/2025 8:40,August,2.657446403,2.694651192
8/18/2025 8:45,August,2.670179933,2.707841527
8/18/2025 8:50,August,2.656368004,2.694111992
8/18/2025 8:55,August,2.654486467,2.6924847
8/18/2025 9:00,August,2.60785018,2.6449462
8/18/2025 9:05,August,1.0101927,1.023945196
8/18/2025 9:10,August,1.010913016,1.024356281
8/18/2025 9:15,August,2.548324471,2.582209013
8/18/2025 9:20,August,2.546153967,2.58132684
8/18/2025 9:25,August,2.511107696,2.54605505
8/18/2025 9:30,August,2.537239294,2.57E+00
8/18/2025 9:35,August,2.510595382,2.545546258
8/18/2025 9:40,August,2.542163467,2.577295489
8/18/2025 9:45,August,2.550706036,2.583838812
8/18/2025 9:50,August,2.571414502,2.605595659
8/18/2025 9:55,August,2.617494092,2.651742671
8/18/2025 10:00,August,2.948188129,2.987927565
8/18/2025 10:05,August,2.483749682,2.512168446
8/18/2025 10:10,August,2.607501479,2.637855024
8/18/2025 10:15,August,2.66311018,2.694101646
8/18/2025 10:20,August,2.663647692,2.695187696
8/18/2025 10:25,August,2.94969435,2.984930625
8/18/2025 10:30,August,2.664991302,2.696029787
8/18/2025 10:35,August,2.66283554,2.694934145
8/18/2025 10:40,August,3.227693298,3.269509567
8/18/2025 10:45,August,2.962461848,3.000542076
8/18/2025 10:50,August,2.76402068,2.799295328
8/18/2025 10:55,August,2.764859079,2.800148002
8/18/2025 11:00,August,2.647572653,2.682433834
8/18/2025 11:05,August,2.638935434,2.673700494
8/18/2025 11:10,August,2.649176095,2.683811113
8/18/2025 11:15,August,2.762619703,2.798181501
8/18/2025 11:20,August,2.958539435,2.996327167
8/18/2025 11:25,August,2.76289915,2.798464546
8/18/2025 11:30,August,2.762061628,2.798172498
8/18/2025 11:35,August,2.606306637,2.640123894
8/18/2025 11:40,August,2.631638498,2.665784441
8/18/2025 11:45,August,2.583359822,2.616620842
8/18/2025 11:50,August,2.596420313,2.630379374
8/18/2025 11:55,August,2.436936172,2.467833526
8/18/2025 12:00,August,2.250287463,2.279280717
8/18/2025 12:05,August,0.81420544,0.824211418
8/18/2025 12:10,August,2.257770747,2.287981161
8/18/2025 12:15,August,2.433957644,2.466522251
8/18/2025 12:20,August,0.827329937,0.838657477
8/18/2025 12:25,August,2.592492408,2.629010086
8/18/2025 12:30,August,2.551939049,2.58661354
8/18/2025 12:35,August,2.434213812,2.466080422
8/18/2025 12:40,August,2.513665894,2.546814257
8/18/2025 12:45,August,2.511888991,2.54E+00
8/18/2025 12:50,August,2.510361838,2.541454645
8/18/2025 12:55,August,2.54909068,2.580663174
8/18/2025 13:00,August,2.590637891,2.623244376
8/18/2025 13:05,August,2.652100796,2.687318759
8/18/2025 13:10,August,2.610460924,2.646933902
8/18/2025 13:15,August,2.649198011,2.687265823
8/18/2025 13:20,August,3.877293985,3.934964957
8/18/2025 13:25,August,2.649722859,2.686740651
8/18/2025 13:30,August,2.671654582,2.708708305
8/18/2025 13:35,August,2.753996474,2.792486601
8/18/2025 13:40,August,4.588125298,4.652727143
8/18/2025 13:45,August,2.757612484,2.795020873
8/18/2025 13:50,August,2.752866643,2.795020873
8/18/2025 13:55,August,2.66885629,2.707825597
8/18/2025 14:00,August,2.754530376,2.794204107
8/18/2025 14:05,August,2.57063685,2.608647077
8/18/2025 14:10,August,2.589643444,2.627672439
8/18/2025 14:15,August,2.526022085,2.563109287
8/18/2025 14:20,August,2.616086038,2.655507238
8/18/2025 14:25,August,3.093434191,3.139707514
8/18/2025 14:30,August,3.202490061,3.254059427
8/18/2025 14:35,August,2.991219217,3.039362132
8/18/2025 14:40,August,4.631721917,4.705806961
8/18/2025 14:45,August,3.196443726,3.244615074
8/18/2025 14:50,August,3.206974799,3.253006379
8/18/2025 14:55,August,3.212419223,3.256905368
8/18/2025 15:00,August,2.720584642,2.758240744
8/18/2025 15:05,August,2.87517971,2.914677129
8/18/2025 15:10,August,2.877216196,2.917310696
8/18/2025 15:15,August,2.875765704,2.913837994
8/18/2025 15:20,August,3.199676604,3.241718039
8/18/2025 15:25,August,3.094302746,3.134642822
8/18/2025 15:30,August,3.080330662,3.119558645
8/18/2025 15:35,August,3.898139271,3.942619705
8/18/2025 15:40,August,4.537538149,4.591098678
8/18/2025 15:45,August,3.904446797,3.948922855
8/18/2025 15:50,August,6.825711227,6.894539615
8/18/2025 15:55,August,5.884384151,5.940160304
8/18/2025 16:00,August,4.754160304,4.797776453
8/18/2025 16:05,August,8.056887223,8.127490485
8/18/2025 16:10,August,7.113861893,7.173299233
8/18/2025 16:15,August,7.136903543,7.187077616
8/18/2025 16:20,August,14.15316634,14.23294261
8/18/2025 16:25,August,13.76745106,13.83389361
8/18/2025 16:30,August,13.02116306,13.07876145
8/18/2025 16:35,August,12.79179436,12.8393475
8/18/2025 16:40,August,10.81291716,10.84985469
8/18/2025 16:45,August,8.23492917,8.263054493
8/18/2025 16:50,August,8.217642209,8.239901072
8/18/2025 16:55,August,7.204163661,7.210656498
8/18/2025 17:00,August,3.272816537,3.275437674
8/18/2025 17:05,August,3.124069334,3.125945089
8/18/2025 17:10,August,3.364356392,3.365366305
8/18/2025 17:15,August,4.68808018,4.685737312
8/18/2025 17:20,August,4.954755362,4.949308943
8/18/2025 17:25,August,5.95901388,5.951870207
8/18/2025 17:30,August,5.958435106,5.949509057
8/18/2025 17:35,August,5.956662817,5.949524102
8/18/2025 17:40,August,5.956684335,5.947765362
8/18/2025 17:45,August,4.588451534,4.579751746
8/18/2025 17:50,August,4.591712661,4.583007559
8/18/2025 17:55,August,4.83307304,4.822465737
8/18/2025 18:00,August,3.974717774,3.965996071
8/18/2025 18:05,August,2.49566973,2.490448663
8/18/2025 18:10,August,3.153910561,3.146060325
8/18/2025 18:15,August,5.97096912,5.95492292
8/18/2025 18:20,August,6.951988112,6.931927649
8/18/2025 18:25,August,2.633438134,2.627423927
8/18/2025 18:30,August,3.159376736,3.150289063
8/18/2025 18:35,August,4.773415596,4.760157423
8/18/2025 18:40,August,5.97401811,5.958611993
8/18/2025 18:45,August,5.978152912,5.963330555
8/18/2025 18:50,August,5.984656448,5.9680357
8/18/2025 18:55,August,6.965491661,6.945461987
8/18/2025 19:00,August,5.989989839,5.972166024
8/18/2025 19:05,August,13.10544034,13.05725378
8/18/2025 19:10,August,8.272998253,8.24915202
8/18/2025 19:15,August,7.2528298,7.231940729
8/18/2025 19:20,August,7.249742957,7.231030228
8/18/2025 19:25,August,7.246559869,7.229307866
8/18/2025 19:30,August,7.251104944,7.232397985
8/18/2025 19:35,August,7.242221994,7.222096725
8/18/2025 19:40,August,7.24145365,7.221332512
8/18/2025 19:45,August,7.242172262,7.221332512
8/18/2025 19:50,August,7.246661188,7.22652558
8/18/2025 19:55,August,5.663615637,5.647318271
8/18/2025 20:00,August,6.966403769,6.947736352
8/18/2025 20:05,August,8.259836066,8.237704918
8/18/2025 20:10,August,6.978555305,6.961240509
8/18/2025 20:15,August,6.972094096,6.95548893
8/18/2025 20:20,August,6.972831659,6.956223088
8/18/2025 20:25,August,6.969259145,6.953350753
8/18/2025 20:30,August,7.232543833,7.216753819
8/18/2025 20:35,August,7.236302073,7.219064232
8/18/2025 20:40,August,6.984312417,6.967674849
8/18/2025 20:45,August,6.984312417,6.966981617
8/18/2025 20:50,August,6.975,6.957692308
8/18/2025 20:55,August,6.189885971,6.1745295
8/18/2025 21:00,August,3.981913161,3.972034444
8/18/2025 21:05,August,8.28830313,8.264415157
8/18/2025 21:10,August,7.238848921,7.220143885
8/18/2025 21:15,August,6.988194444,6.969444444
8/18/2025 21:20,August,7.248533498,7.228362663
8/18/2025 21:25,August,7.025663554,7.00541266
8/18/2025 21:30,August,6.993950783,6.973795305
8/18/2025 21:35,August,7.25,7.229827089
8/18/2025 21:40,August,6.986805556,6.96875
8/18/2025 21:45,August,6.859544693,6.840454419
8/18/2025 21:50,August,6.185757237,6.168542129
8/18/2025 21:55,August,3.166357209,3.157546914
8/18/2025 22:00,August,3.163447439,3.15495876
8/18/2025 22:05,August,7.242745421,7.222576662
8/18/2025 22:10,August,6.223666158,6.206955837
8/18/2025 22:15,August,3.390873643,3.381768363
8/18/2025 22:20,August,3.253396502,3.24433682
8/18/2025 22:25,August,3.163515585,3.154706193
8/18/2025 22:30,August,3.164193886,3.15475041
8/18/2025 22:35,August,3.162571722,3.153447708
8/18/2025 22:40,August,3.162581368,3.153456419
8/18/2025 22:45,August,3.069922665,3.060761452
8/18/2025 22:50,August,3.085317234,3.07611008
8/18/2025 22:55,August,3.161599221,3.151848965
8/18/2025 23:00,August,3.076327504,3.067146264
8/18/2025 23:05,August,6.426081048,6.407539972
8/18/2025 23:10,August,3.159350989,3.149605727
8/18/2025 23:15,August,3.130987325,3.121641094
8/18/2025 23:20,August,3.062018603,3.052265981
8/18/2025 23:25,August,3.009606221,3.000018625
8/18/2025 23:30,August,2.951977201,2.942277385
8/18/2025 23:35,August,2.952041938,2.942341909
8/18/2025 23:40,August,2.998359634,2.98820987
8/18/2025 23:45,August,1.365714286,1.360952381
8/18/2025 23:50,August,2.950776173,2.940785495
8/18/2025 23:55,August,2.680637094,2.671825357
8/19/2025 0:00,August,2.849687059,2.840319625
8/19/2025 0:05,August,5.055532615,5.039913569
8/19/2025 0:10,August,3.468542855,3.457126347
8/19/2025 0:15,August,3.461861447,3.44976791
8/19/2025 0:20,August,3.460947046,3.44850754
8/19/2025 0:25,August,3.272541611,3.260124579
8/19/2025 0:30,August,2.998120467,2.986752619
8/19/2025 0:35,August,3.262878081,3.251813065
8/19/2025 0:40,August,3.146315614,3.135018251
8/19/2025 0:45,August,3.607646235,3.594331231
8/19/2025 0:50,August,3.478739724,3.465553479
8/19/2025 0:55,August,3.270806199,3.258406894
8/19/2025 1:00,August,3.271132864,3.25840726
8/19/2025 1:05,August,3.476995889,3.464509919
8/19/2025 1:10,August,3.363002097,3.350592495
8/19/2025 1:15,August,3.268778649,3.257043903
8/19/2025 1:20,August,3.291006336,3.27984927
8/19/2025 1:25,August,3.266874319,3.256124807
8/19/2025 1:30,August,3.265185965,3.254768622
8/19/2025 1:35,August,3.26652842,3.256106794
8/19/2025 1:40,August,3.263499692,3.25373945
8/19/2025 1:45,August,3.263499692,3.25373945
8/19/2025 1:50,August,3.25237398,3.242647982
8/19/2025 1:55,August,3.236997126,3.226994443
8/19/2025 2:00,August,3.235137495,3.224818077
8/19/2025 2:05,August,3.151885177,3.142462501
8/19/2025 2:10,August,3.219995784,3.211333844
8/19/2025 2:15,August,3.248189586,3.239777102
8/19/2025 2:20,August,3.25544073,3.247983789
8/19/2025 2:25,August,3.215707233,3.207699196
8/19/2025 2:30,August,3.250886982,3.242792144
8/19/2025 2:35,August,3.152765958,3.145227964
8/19/2025 2:40,August,3.14513775,3.137303891
8/19/2025 2:45,August,3.128315545,3.12083452
8/19/2025 2:50,August,3.119467259,3.112008879
8/19/2025 2:55,August,3.028305033,3.020759924
8/19/2025 3:00,August,3.104434625,3.096702149
8/19/2025 3:05,August,3.162789513,3.153954905
8/19/2025 3:10,August,3.140711417,3.13130809
8/19/2025 3:15,August,3.050868108,3.041730125
8/19/2025 3:20,August,3.022298519,3.01294436
8/19/2025 3:25,August,3.050248706,3.04080804
8/19/2025 3:30,August,3.022313301,3.012658312
8/19/2025 3:35,August,3.072332968,3.062519168
8/19/2025 3:40,August,3.04993403,3.040495281
8/19/2025 3:45,August,3.022011583,3.012054875
8/19/2025 3:50,August,3.000260264,2.990373247
8/19/2025 3:55,August,3.018843783,3.009197951
8/19/2025 4:00,August,3.018843783,3.009197951
8/19/2025 4:05,August,2.964363229,2.95519113
8/19/2025 4:10,August,3.039665964,3.03026087
8/19/2025 4:15,August,3.050847458,3.041408708
8/19/2025 4:20,August,3.086471524,3.077226901
8/19/2025 4:25,August,3.102300885,3.092389381
8/19/2025 4:30,August,2.969040191,2.959553493
8/19/2025 4:35,August,2.998744833,2.988863797
8/19/2025 4:40,August,3.043419145,3.033391905
8/19/2025 4:45,August,3.106133614,3.095278429
8/19/2025 4:50,August,3.130027089,3.11908731
8/19/2025 4:55,August,3.104873306,3.093090106
8/19/2025 5:00,August,3.102931551,3.091155719
8/19/2025 5:05,August,2.71670818,2.705303708
8/19/2025 5:10,August,2.994224147,2.982560669
8/19/2025 5:15,August,2.995430644,2.983762466
8/19/2025 5:20,August,3.097470879,3.085095845
8/19/2025 5:25,August,2.99452815,2.982264075
8/19/2025 5:30,August,3.07846246,3.065547125
8/19/2025 5:35,August,3.08,3.067076923
8/19/2025 5:40,August,3.037808219,3.025062171
8/19/2025 5:45,August,2.992422992,2.979567143
8/19/2025 5:50,August,2.96125824,2.949715105
8/19/2025 5:55,August,2.952607253,2.940802726
8/19/2025 6:00,August,2.951696236,2.940190373
8/19/2025 6:05,August,2.619366158,2.607035408
8/19/2025 6:10,August,2.759098187,2.74721148
8/19/2025 6:15,August,2.761705538,2.750084294
8/19/2025 6:20,August,2.656041416,2.645393825
8/19/2025 6:25,August,2.636446938,2.626664694
8/19/2025 6:30,August,2.481006547,2.473547116
8/19/2025 6:35,August,1.095172926,1.092096906
8/19/2025 6:40,August,1.168099597,1.165757307
8/19/2025 6:45,August,1.240232463,1.238367638
8/19/2025 6:50,August,2.472674969,2.470195352
8/19/2025 6:55,August,2.4696733,2.46942549
8/19/2025 7:00,August,2.612047237,2.612834236
8/19/2025 7:05,August,0.821158879,0.821241515
8/19/2025 7:10,August,1.014107538,1.015229676
8/19/2025 7:15,August,1.117634228,1.12010687
8/19/2025 7:20,August,1.116847479,1.12010687
8/19/2025 7:25,August,1.945453709,1.953877283
8/19/2025 7:30,August,2.452007448,2.464609723
8/19/2025 7:35,August,2.147994452,2.162956255
8/19/2025 7:40,August,2.14538773,2.1622942
8/19/2025 7:45,August,2.440378659,2.462346263
8/19/2025 7:50,August,2.141048381,2.161410436
8/19/2025 7:55,August,2.437161681,2.461331064
8/19/2025 8:00,August,2.577637782,2.603745731
8/19/2025 8:05,August,2.57E+00,2.60E+00
8/19/2025 8:10,August,2.565122788,2.602012339
8/19/2025 8:15,August,2.563822914,2.60201912
8/19/2025 8:20,August,2.713877482,2.756535529
8/19/2025 8:25,August,2.42483666,2.464430849
8/19/2025 8:30,August,2.424836212,2.464684403
8/19/2025 8:35,August,2.423852306,2.46419245
8/19/2025 8:40,August,2.449106064,2.490131698
8/19/2025 8:45,August,2.44860678,2.490133877
8/19/2025 8:50,August,2.318615782,2.358169748
8/19/2025 8:55,August,2.447624736,2.489623779
8/19/2025 9:00,August,2.448857424,2.490628979
8/19/2025 9:05,August,9.50E-01,0.962981746
8/19/2025 9:10,August,1.006735558,1.020757799
8/19/2025 9:15,August,1.128401105,1.143055665
8/19/2025 9:20,August,2.153389037,2.18307891
8/19/2025 9:25,August,2.43271895,2.466979126
8/19/2025 9:30,August,2.434692311,2.467726816
8/19/2025 9:35,August,2.524356699,2.558611261
8/19/2025 9:40,August,2.525375996,2.559136339
8/19/2025 9:45,August,2.861829744,2.900111212
8/19/2025 9:50,August,2.937699594,2.976995941
8/19/2025 9:55,August,2.860085424,2.900997674
8/19/2025 10:00,August,2.522045219,2.558641106
8/19/2025 10:05,August,2.457031361,2.49268387
8/19/2025 10:10,August,2.859797907,2.902728233
8/19/2025 10:15,August,2.375760285,2.410244017
8/19/2025 10:20,August,3.101741955,3.146776892
8/19/2025 10:25,August,2.94,2.982985075
8/19/2025 10:30,August,2.862107476,2.904240022
8/19/2025 10:35,August,4.552288248,4.592192437
8/19/2025 10:40,August,3.021309585,3.046575952
8/19/2025 10:45,August,3.189068415,3.215743077
8/19/2025 10:50,August,2.966413044,2.991222826
8/19/2025 10:55,August,3.217404549,3.222552396
8/19/2025 11:00,August,3.19583961,3.218676226
8/19/2025 11:05,August,2.669885647,2.691412643
8/19/2025 11:10,August,2.980766287,2.993326956
8/19/2025 11:15,August,3.020918104,3.033044217
8/19/2025 11:20,August,3.275958849,3.29E+00
8/19/2025 11:25,August,3.146351085,3.15581854
8/19/2025 11:30,August,3.028655624,3.047251296
8/19/2025 11:35,August,2.893276191,2.910765268
8/19/2025 11:40,August,2.95893242,2.986451808
8/19/2025 11:45,August,2.883950254,2.910769563
8/19/2025 11:50,August,2.658577396,2.689813594
8/19/2025 11:55,August,2.0091489,2.030761421
8/19/2025 12:00,August,2.078893223,2.102735194
8/19/2025 12:05,August,2.437931414,2.468349913
8/19/2025 12:10,August,2.45777173,2.489208055
8/19/2025 12:15,August,2.458269686,2.489958708
8/19/2025 12:20,August,2.457273876,2.488707024
8/19/2025 12:25,August,2.439427229,2.470866975
8/19/2025 12:30,August,2.452570982,2.483433454
8/19/2025 12:35,August,2.944896357,2.981655263
8/19/2025 12:40,August,2.455044968,2.485941708
8/19/2025 12:45,August,2.518478527,2.549917973
8/19/2025 12:50,August,2.857762188,2.892588172
8/19/2025 12:55,August,3.00274446,3.039032324
8/19/2025 13:00,August,6.765811182,6.846929423
8/19/2025 13:05,August,3.319060564,3.349640143
8/19/2025 13:10,August,2.871403928,2.900443207
8/19/2025 13:15,August,2.87024271,2.898126063
8/19/2025 13:20,August,3.306491815,3.337249879
8/19/2025 13:25,August,3.179755491,3.209340594
8/19/2025 13:30,August,3.015842389,3.042043262
8/19/2025 13:35,August,2.922725474,2.948710506
8/19/2025 13:40,August,2.445365491,2.471353687
8/19/2025 13:45,August,2.652924285,2.684094063
8/19/2025 13:50,August,2.8685,2.903088256
8/19/2025 13:55,August,2.867047154,2.902787176
8/19/2025 14:00,August,2.913858454,2.948410135
8/19/2025 14:05,August,2.606421361,2.639123602
8/19/2025 14:10,August,2.868790246,2.904200243
8/19/2025 14:15,August,2.91545166,2.952020142
8/19/2025 14:20,August,2.915484927,2.95085987
8/19/2025 14:25,August,3.200699476,3.237935737
8/19/2025 14:30,August,3.18233765,3.217736289
8/19/2025 14:35,August,2.407337394,2.437813105
8/19/2025 14:40,August,6.776761208,6.867337603
8/19/2025 14:45,August,3.195439366,3.237497391
8/19/2025 14:50,August,3.21473089,3.257706835
8/19/2025 14:55,August,3.202919412,3.244764318
8/19/2025 15:00,August,4.527522936,4.585321101
8/19/2025 15:05,August,3.303766929,3.344938493
8/19/2025 15:10,August,3.205196366,3.245135496
8/19/2025 15:15,August,4.530293758,4.585832313
8/19/2025 15:20,August,5.8508576,5.915406535
8/19/2025 15:25,August,5.859518496,5.924169526
8/19/2025 15:30,August,6.130681146,6.200249159
8/19/2025 15:35,August,6.137347659,6.203193697
8/19/2025 15:40,August,6.787084139,6.862625903
8/19/2025 15:45,August,5.869550067,5.931853217
8/19/2025 15:50,August,4.554222404,4.59695701
8/19/2025 15:55,August,4.556519963,4.597416522
8/19/2025 16:00,August,4.715587094,4.755034154
8/19/2025 16:05,August,4.667632814,4.70473716
8/19/2025 16:10,August,3.344950079,3.368828166
8/19/2025 16:15,August,4.624749593,4.66049959
8/19/2025 16:20,August,4.223518522,4.254470922
8/19/2025 16:25,August,3.228275442,3.259475929
8/19/2025 16:30,August,3.228281187,3.258837871
8/19/2025 16:35,August,3.277743902,3.306148374
8/19/2025 16:40,August,3.342138829,3.364652734
8/19/2025 16:45,August,3.031999187,3.052112962
8/19/2025 16:50,August,3.214041132,3.23406631
8/19/2025 16:55,August,3.133689197,3.153211778
8/19/2025 17:00,August,3.035968299,3.052428368
8/19/2025 17:05,August,2.464879936,2.480704223
8/19/2025 17:10,August,2.645129805,2.660510008
8/19/2025 17:15,August,2.915218241,2.931569625
8/19/2025 17:20,August,2.965070649,2.979315809
8/19/2025 17:25,August,3.143077391,3.156912466
8/19/2025 17:30,August,3.146550325,3.156300731
8/19/2025 17:35,August,2.997088835,3.004871149
8/19/2025 17:40,August,3.137085579,3.143035926
8/19/2025 17:45,August,3.13868011,3.144632888
8/19/2025 17:50,August,3.140851077,3.145549199
8/19/2025 17:55,August,3.142118938,3.146191475
8/19/2025 18:00,August,3.143975454,3.145854511
8/19/2025 18:05,August,2.719786163,2.72113956
8/19/2025 18:10,August,2.98230642,2.981120848
8/19/2025 18:15,August,3.05894329,3.05712032
8/19/2025 18:20,August,3.154570736,3.150188954
8/19/2025 18:25,August,3.175384311,3.170658099
8/19/2025 18:30,August,3.168156028,3.162816616
8/19/2025 18:35,August,3.383957593,3.378253916
8/19/2025 18:40,August,3.341691953,3.335403111
8/19/2025 18:45,August,3.380141479,3.373779648
8/19/2025 18:50,August,3.389035467,3.381986166
8/19/2025 18:55,August,3.330907513,3.32430839
8/19/2025 19:00,August,3.280315311,3.27153572
8/19/2025 19:05,August,6.963419626,6.94408063
8/19/2025 19:10,August,6.968455551,6.948407415
8/19/2025 19:15,August,6.972048576,6.951296372
8/19/2025 19:20,August,6.96562404,6.945582062
8/19/2025 19:25,August,3.394021671,3.384593833
8/19/2025 19:30,August,4.816713669,4.802854685
8/19/2025 19:35,August,3.394714399,3.385284637
8/19/2025 19:40,August,5.985233879,5.96681229
8/19/2025 19:45,August,4.815862363,4.801036967
8/19/2025 19:50,August,4.764315442,4.749174108
8/19/2025 19:55,August,3.363727141,3.354378817
8/19/2025 20:00,August,3.364071256,3.354721976
8/19/2025 20:05,August,4.84624319,4.832292322
8/19/2025 20:10,August,4.711233932,4.697671714
8/19/2025 20:15,August,5.992356392,5.972724926
8/19/2025 20:20,August,5.991167491,5.970348303
8/19/2025 20:25,August,6.291292844,6.26755683
8/19/2025 20:30,August,6.974330701,6.947327931
8/19/2025 20:35,August,6.973638322,6.945943174
8/19/2025 20:40,August,6.963616346,6.938729005
8/19/2025 20:45,August,7.235632184,7.207614943
8/19/2025 20:50,August,6.970063564,6.941690589
8/19/2025 20:55,August,6.309247579,6.282938167
8/19/2025 21:00,August,6.000685661,5.976859234
8/19/2025 21:05,August,8.314114487,8.274436867
8/19/2025 21:10,August,7.006990301,6.976346471
8/19/2025 21:15,August,7.016429014,6.984345939
8/19/2025 21:20,August,7.273985335,7.242899928
8/19/2025 21:25,August,7.265758795,7.234705458
8/19/2025 21:30,August,7.015594341,6.989104616
8/19/2025 21:35,August,4.984908659,4.969061542
8/19/2025 21:40,August,5.036067787,5.02056142
8/19/2025 21:45,August,3.655533258,3.644277643
8/19/2025 21:50,August,3.401782066,3.391307767
8/19/2025 21:55,August,3.175408685,3.165632374
8/19/2025 22:00,August,2.987332497,2.9787286
8/19/2025 22:05,August,3.653644019,3.644209642
8/19/2025 22:10,August,3.402322548,3.394216151
8/19/2025 22:15,August,3.372132454,3.364098786
8/19/2025 22:20,August,3.382152302,3.374093963
8/19/2025 22:25,August,3.174386413,3.166823098
8/19/2025 22:30,August,3.282814104,3.274341485
8/19/2025 22:35,August,3.002995177,2.99584093
8/19/2025 22:40,August,3.069942608,3.061713833
8/19/2025 22:45,August,3.06025641,3.052662722
8/19/2025 22:50,August,2.971425397,2.964347064
8/19/2025 22:55,August,3.014878825,3.007997589
8/19/2025 23:00,August,3.012459604,3.005283521
8/19/2025 23:05,August,3.28458456,3.276427749
8/19/2025 23:10,August,3.265804468,3.256719269
8/19/2025 23:15,August,3.136442411,3.128341934
8/19/2025 23:20,August,3.137047137,3.128944293
8/19/2025 23:25,August,3.107125967,3.099101205
8/19/2025 23:30,August,3.05603703,3.048453811
8/19/2025 23:35,August,2.964724815,2.957073913
8/19/2025 23:40,August,3.015790215,3.008009075
8/19/2025 23:45,August,3.015181342,3.007401773
8/19/2025 23:50,August,2.922430749,2.91489049
8/19/2025 23:55,August,2.922125512,2.915165309
8/20/2025 0:00,August,2.439100923,2.432563726
8/20/2025 0:05,August,3.270782999,3.2626653
8/20/2025 0:10,August,3.256843733,3.248759026
8/20/2025 0:15,August,3.201645768,3.19306312
8/20/2025 0:20,August,3.267789527,3.259353172
8/20/2025 0:25,August,3.017337839,3.009548068
8/20/2025 0:30,August,3.017323518,3.009536103
8/20/2025 0:35,August,3.040160706,3.032917198
8/20/2025 0:40,August,3.098173375,3.090174913
8/20/2025 0:45,August,2.957461668,2.949827994
8/20/2025 0:50,August,2.955335345,2.947707916
8/20/2025 0:55,August,2.9547398,2.946819818
8/20/2025 1:00,August,2.953833623,2.945622828
8/20/2025 1:05,August,2.95535311,2.94655043
8/20/2025 1:10,August,2.953238475,2.944442093
8/20/2025 1:15,August,2.952945262,2.944148881
8/20/2025 1:20,August,2.952040006,2.943246321
8/20/2025 1:25,August,2.722902311,2.714521655
8/20/2025 1:30,August,2.704810766,2.69675354
8/20/2025 1:35,August,2.642342713,2.634996313
8/20/2025 1:40,August,2.67902461,2.671310977
8/20/2025 1:45,August,2.67875138,2.671304494
8/20/2025 1:50,August,2.677921754,2.670477174
8/20/2025 1:55,August,2.634956046,2.627630182
8/20/2025 2:00,August,2.661401905,2.654268196
8/20/2025 2:05,August,2.947895721,2.9393995
8/20/2025 2:10,August,2.926162109,2.916849609
8/20/2025 2:15,August,2.725937823,2.716712991
8/20/2025 2:20,August,2.88788656,2.878111732
8/20/2025 2:25,August,2.684713365,2.675358963
8/20/2025 2:30,August,2.68250625,2.673427491
8/20/2025 2:35,August,2.638628796,2.629961192
8/20/2025 2:40,August,2.637287386,2.628885874
8/20/2025 2:45,August,2.635940182,2.627542961
8/20/2025 2:50,August,2.59585236,2.587842065
8/20/2025 2:55,August,2.633780851,2.625391344
8/20/2025 3:00,August,2.63324329,2.624855496
8/20/2025 3:05,August,2.63243736,2.624314171
8/20/2025 3:10,August,2.674007919,2.665756451
8/20/2025 3:15,August,2.631900347,2.623778815
8/20/2025 3:20,August,2.629754484,2.621901345
8/20/2025 3:25,August,2.628950688,2.62136164
8/20/2025 3:30,August,2.67100893,2.663298472
8/20/2025 3:35,August,2.630022742,2.6224306
8/20/2025 3:40,August,2.628682865,2.621094591
8/20/2025 3:45,August,2.628415096,2.620827595
8/20/2025 3:50,August,2.627077072,2.619754938
8/20/2025 3:55,August,2.58763583,2.580423626
8/20/2025 4:00,August,2.588191861,2.580720473
8/20/2025 4:05,August,2.634694548,2.627088919
8/20/2025 4:10,August,2.634437128,2.626832242
8/20/2025 4:15,August,2.827916264,2.819752046
8/20/2025 4:20,August,2.671560209,2.663581433
8/20/2025 4:25,August,2.80110781,2.792741299
8/20/2025 4:30,August,2.777679829,2.769383295
8/20/2025 4:35,August,2.792396114,2.784056454
8/20/2025 4:40,August,2.79948823,2.791127389
8/20/2025 4:45,August,2.792326746,2.783986463
8/20/2025 4:50,August,2.943223414,2.934139391
8/20/2025 4:55,August,2.94593982,2.936553175
8/20/2025 5:00,August,2.821626856,2.812917264
8/20/2025 5:05,August,2.33419289,2.325584783
8/20/2025 5:10,August,2.633538595,2.624622014
8/20/2025 5:15,August,2.676228223,2.667166201
8/20/2025 5:20,August,2.755553037,2.746223341
8/20/2025 5:25,August,2.757266941,2.747654954
8/20/2025 5:30,August,2.80736992,2.797583272
8/20/2025 5:35,August,2.945368876,2.93480674
8/20/2025 5:40,August,2.677073511,2.667473486
8/20/2025 5:45,August,2.635442713,2.625466936
8/20/2025 5:50,August,2.63329619,2.623852211
8/20/2025 5:55,August,2.674062084,2.664205509
8/20/2025 6:00,August,2.631165527,2.622250766
8/20/2025 6:05,August,2.417663488,2.408499278
8/20/2025 6:10,August,2.482277157,2.473609123
8/20/2025 6:15,August,2.588863997,2.580338649
8/20/2025 6:20,August,2.480780856,2.473105019
8/20/2025 6:25,August,2.433310827,2.426994955
8/20/2025 6:30,August,2.335977563,2.33014287
8/20/2025 6:35,August,1.980594168,1.976636146
8/20/2025 6:40,August,2.175421485,2.171725856
8/20/2025 6:45,August,1.191665807,1.191189522
8/20/2025 6:50,August,1.192256553,1.192256553
8/20/2025 6:55,August,2.29661017,2.298217797
8/20/2025 7:00,August,2.375835028,2.378448446
8/20/2025 7:05,August,1.19E+00,1.19E+00
8/20/2025 7:10,August,2.3669487,2.372871995
8/20/2025 7:15,August,2.353370011,2.360914375
8/20/2025 7:20,August,2.345140814,2.353603632
8/20/2025 7:25,August,2.157508922,2.168555298
8/20/2025 7:30,August,2.349288219,2.362266409
8/20/2025 7:35,August,2.356553856,2.372422108
8/20/2025 7:40,August,2.363663183,2.38053461
8/20/2025 7:45,August,2.390497157,2.410462066
8/20/2025 7:50,August,2.390237867,2.411411707
8/20/2025 7:55,August,2.392312647,2.414963472
8/20/2025 8:00,August,2.57184349,2.597494559
8/20/2025 8:05,August,2.32E+00,2.34E+00
8/20/2025 8:10,August,2.427747089,2.457141665
8/20/2025 8:15,August,2.526669224,2.558294033
8/20/2025 8:20,August,2.525649069,2.558038995
8/20/2025 8:25,August,2.52335711,2.556753734
8/20/2025 8:30,August,2.558414267,2.593067811
8/20/2025 8:35,August,2.921271465,2.962041637
8/20/2025 8:40,August,2.917748523,2.959662564
8/20/2025 8:45,August,2.457306681,2.493125302
8/20/2025 8:50,August,2.519521969,2.556776396
8/20/2025 8:55,August,2.516724227,2.554721179
8/20/2025 9:00,August,2.944034079,2.989698841
8/20/2025 9:05,August,2.284843154,2.32E+00
8/20/2025 9:10,August,2.35312802,2.39E+00
8/20/2025 9:15,August,2.919351834,2.965770534
8/20/2025 9:20,August,2.522318331,2.561402259
8/20/2025 9:25,August,2.858657534,2.903527601
8/20/2025 9:30,August,2.430988019,2.469137572
8/20/2025 9:35,August,2.430741144,2.469129038
8/20/2025 9:40,August,2.456806843,2.495369381
8/20/2025 9:45,August,2.453587596,2.491614227
8/20/2025 9:50,August,2.453337529,2.491367989
8/20/2025 9:55,August,3.202351632,3.25200301
8/20/2025 10:00,August,3.092497551,3.140137121
8/20/2025 10:05,August,2.38045818,2.42E+00
8/20/2025 10:10,August,2.37474616,2.40967244
8/20/2025 10:15,August,2.455793753,2.4921685
8/20/2025 10:20,August,2.455795035,2.491916995
8/20/2025 10:25,August,3.1982441,3.246554965
8/20/2025 10:30,August,3.092747942,3.139474716
8/20/2025 10:35,August,2.857779343,2.901241465
8/20/2025 10:40,August,2.857776094,2.900671719
8/20/2025 10:45,August,2.369846589,2.405407503
8/20/2025 10:50,August,2.432473525,2.468716542
8/20/2025 10:55,August,2.856052175,2.899185337
8/20/2025 11:00,August,3.912366837,3.974197374
8/20/2025 11:05,August,3.159214784,3.206921585
8/20/2025 11:10,August,3.198212045,3.246507737
8/20/2025 11:15,August,3.161769421,3.208562968
8/20/2025 11:20,August,3.194493927,3.24145749
8/20/2025 11:25,August,2.9374726,2.980644456
8/20/2025 11:30,August,2.861828395,2.904178582
8/20/2025 11:35,August,2.860961235,2.903584252
8/20/2025 11:40,August,2.861540437,2.904167762
8/20/2025 11:45,August,2.864435324,2.906533755
8/20/2025 11:50,August,2.647282586,2.686982437
8/20/2025 11:55,August,2.860961997,2.903580706
8/20/2025 12:00,August,2.860672865,2.902997372
8/20/2025 12:05,August,0.915217437,0.928127446
8/20/2025 12:10,August,2.206333074,2.238555383
8/20/2025 12:15,August,2.431484318,2.468683318
8/20/2025 12:20,August,2.348791317,2.384490851
8/20/2025 12:25,August,2.431485218,2.46819897
8/20/2025 12:30,August,2.432473575,2.469205973
8/20/2025 12:35,August,2.451599275,2.487637586
8/20/2025 12:40,August,4.215520315,4.267158092
8/20/2025 12:45,August,2.368767559,2.39778658
8/20/2025 12:50,August,2.45656046,2.48591183
8/20/2025 12:55,August,2.439899982,2.468563988
8/20/2025 13:00,August,6.090695828,6.163490531
8/20/2025 13:05,August,6.746584354,6.83060925
8/20/2025 13:10,August,3.300476012,3.345949089
8/20/2025 13:15,August,3.097351383,3.139415342
8/20/2025 13:20,August,3,3.039821664
8/20/2025 13:25,August,3.157619609,3.199862012
8/20/2025 13:30,August,2.997868696,3.040434783
8/20/2025 13:35,August,3.094977724,3.14017821
8/20/2025 13:40,August,2.994840006,3.040395833
8/20/2025 13:45,August,2.99392774,3.040987754
8/20/2025 13:50,August,2.850584517,2.896818022
8/20/2025 13:55,August,3.205618628,3.253715906
8/20/2025 14:00,August,2.995145187,3.040687182
8/20/2025 14:05,August,2.399315197,2.438123368
8/20/2025 14:10,August,2.430489583,2.469560238
8/20/2025 14:15,August,2.521831497,2.562859677
8/20/2025 14:20,August,2.912405926,2.959484623
8/20/2025 14:25,August,2.25222197,2.287060708
8/20/2025 14:30,August,2.429015601,2.465614178
8/20/2025 14:35,August,2.521566393,2.558809559
8/20/2025 14:40,August,2.43049123,2.466132535
8/20/2025 14:45,August,2.42361086,2.464389231
8/20/2025 14:50,August,2.595106862,2.638235918
8/20/2025 14:55,August,5.844726835,5.92742966
8/20/2025 15:00,August,2.355259231,2.387617576
8/20/2025 15:05,August,3.851343215,3.904548219
8/20/2025 15:10,August,3.219549154,3.259785407
8/20/2025 15:15,August,2.929895208,2.963222988
8/20/2025 15:20,August,3.11597131,3.146974442
8/20/2025 15:25,August,3.116286927,3.14604042
8/20/2025 15:30,August,3.26300812,3.286882992
8/20/2025 15:35,August,3.239227387,3.260646985
8/20/2025 15:40,August,3.23605052,3.257438396
8/20/2025 15:45,August,3.029420686,3.049135578
8/20/2025 15:50,August,3.23704141,3.256170561
8/20/2025 15:55,August,3.208668611,3.227628195
8/20/2025 16:00,August,3.13198786,3.150177036
8/20/2025 16:05,August,3.245718593,3.260971945
8/20/2025 16:10,August,2.956374994,2.970257462
8/20/2025 16:15,August,3.217018761,3.230514045
8/20/2025 16:20,August,3.248074714,3.260073393
8/20/2025 16:25,August,4.241901044,4.255448034
8/20/2025 16:30,August,3.261125861,3.265673701
8/20/2025 16:35,August,5.941486122,5.949181581
8/20/2025 16:40,August,5.942692689,5.951568562
8/20/2025 16:45,August,4.646207776,4.655458563
8/20/2025 16:50,August,4.625305401,4.634513654
8/20/2025 16:55,August,3.303259313,3.310162333
8/20/2025 17:00,August,2.97258252,2.978793886
8/20/2025 17:05,August,3.135756749,3.141993958
8/20/2025 17:10,August,2.93028218,2.935527837
8/20/2025 17:15,August,2.976711907,2.982630411
8/20/2025 17:20,August,3.241968728,3.247768891
8/20/2025 17:25,August,3.254012533,3.259510815
8/20/2025 17:30,August,3.254653866,3.2595048
8/20/2025 17:35,August,3.256276531,3.260804528
8/20/2025 17:40,August,3.255601576,3.260127286
8/20/2025 17:45,August,3.269427707,3.272998014
8/20/2025 17:50,August,3.314509373,3.318128552
8/20/2025 17:55,August,3.268822219,3.271740521
8/20/2025 18:00,August,3.245756934,3.248975973
8/20/2025 18:05,August,3.158874634,3.161379937
8/20/2025 18:10,August,3.248686655,3.251262933
8/20/2025 18:15,August,3.264799992,3.266417992
8/20/2025 18:20,August,4.603123099,4.607686068
8/20/2025 18:25,August,4.637583477,4.641261545
8/20/2025 18:30,August,4.644974619,4.644974619
8/20/2025 18:35,August,5.979357139,5.981134241
8/20/2025 18:40,August,5.975225296,5.977001346
8/20/2025 18:45,August,4.651174712,4.651174712
8/20/2025 18:50,August,4.672184489,4.672647311
8/20/2025 18:55,August,4.675475298,4.674549278
8/20/2025 19:00,August,4.653976982,4.653055219
8/20/2025 19:05,August,5.987050192,5.98764291
8/20/2025 19:10,August,5.97996143,5.980553447
8/20/2025 19:15,August,5.971706801,5.972298118
8/20/2025 19:20,August,3.414010789,3.413672701
8/20/2025 19:25,August,3.398002227,3.395983212
8/20/2025 19:30,August,3.300695909,3.298407845
8/20/2025 19:35,August,3.386632876,3.383278113
8/20/2025 19:40,August,3.403265882,3.399557886
8/20/2025 19:45,August,3.40187499,3.397830756
8/20/2025 19:50,August,3.404851648,3.400801869
8/20/2025 19:55,August,3.404514245,3.400126984
8/20/2025 20:00,August,3.332249212,3.327294441
8/20/2025 20:05,August,6.9625115,6.952851886
8/20/2025 20:10,August,6.957554398,6.947211155
8/20/2025 20:15,August,6.226561057,6.21792505
8/20/2025 20:20,August,6.39461816,6.38449108
8/20/2025 20:25,August,6.866397171,6.85416245
8/20/2025 20:30,August,4.73248226,4.724526936
8/20/2025 20:35,August,5.992977377,5.981715725
8/20/2025 20:40,August,6.007226592,5.991763976
8/20/2025 20:45,August,6.006631876,5.989979828
8/20/2025 20:50,August,5.607445558,5.589115127
8/20/2025 20:55,August,4.818640463,4.797610888
8/20/2025 21:00,August,5.992362521,5.965019135
8/20/2025 21:05,August,13.20319716,13.13104854
8/20/2025 21:10,August,8.295105616,8.246470891
8/20/2025 21:15,August,7.019944198,6.979487445
8/20/2025 21:20,August,7.274651523,7.23200826
8/20/2025 21:25,August,7.005439266,6.964374098
8/20/2025 21:30,August,6.869307726,6.829040547
8/20/2025 21:35,August,6.996086509,6.955072091
8/20/2025 21:40,August,5.036118974,5.00709812
8/20/2025 21:45,August,4.258881108,4.235610846
8/20/2025 21:50,August,3.276232255,3.258331125
8/20/2025 21:55,August,3.277915827,3.259354214
8/20/2025 22:00,August,3.275895748,3.257671015
8/20/2025 22:05,August,4.260898828,4.237175391
8/20/2025 22:10,August,3.883504868,3.861489973
8/20/2025 22:15,August,3.379120905,3.3606374
8/20/2025 22:20,August,3.379812129,3.36166278
8/20/2025 22:25,August,3.379458097,3.361310649
8/20/2025 22:30,August,3.484025555,3.465659397
8/20/2025 22:35,August,3.3647283,3.3647283
8/20/2025 22:40,August,3.2306399,3.2306399
8/20/2025 22:45,August,3.8741783,3.8741783
8/20/2025 22:50,August,2.7363275,2.7363275
8/20/2025 22:55,August,3.2622089,3.2622089
8/20/2025 23:00,August,3.4509289,3.4509289
8/20/2025 23:05,August,11.2150714,11.2150714
8/20/2025 23:10,August,6.8827143,6.8827143
8/20/2025 23:15,August,3.4284046,3.4284046
8/20/2025 23:20,August,3.4280244,3.4280244
8/20/2025 23:25,August,3.3138361,3.3138361
8/20/2025 23:30,August,3.4290797,3.4290797
8/20/2025 23:35,August,3.0602243,3.0602243
8/20/2025 23:40,August,2.9263183,2.9263183
8/20/2025 23:45,August,2.7074369,2.7074369
8/20/2025 23:50,August,2.655942,2.655942
8/20/2025 23:55,August,2.8765892,2.8765892
8/21/2025 0:00,August,2.6552667,2.6552667
8/21/2025 0:05,August,3.327187532,3.274440234
8/21/2025 0:10,August,3.303727877,3.276640017
8/21/2025 0:15,August,3.246746593,3.219798596
8/21/2025 0:20,August,3.247079461,3.220453409
8/21/2025 0:25,August,3.246746593,3.220123271
8/21/2025 0:30,August,3.348759606,3.319945867
8/21/2025 0:35,August,3.306865178,3.278081059
8/21/2025 0:40,August,3.252780955,3.225446661
8/21/2025 0:45,August,3.30071275,3.273966278
8/21/2025 0:50,August,3.473701513,3.444504902
8/21/2025 0:55,August,3.347419432,3.317935606
8/21/2025 1:00,August,3.326593262,3.281562461
8/21/2025 1:05,August,3.326707629,3.280735744
8/21/2025 1:10,August,3.256142828,3.228123188
8/21/2025 1:15,August,3.241382008,3.214467772
8/21/2025 1:20,August,3.242030187,3.216088757
8/21/2025 1:25,August,3.240319883,3.214394731
8/21/2025 1:30,August,3.246413934,3.22206583
8/21/2025 1:35,August,3.194888179,3.170926518
8/21/2025 1:40,August,3.244004184,3.220003353
8/21/2025 1:45,August,3.244071758,3.220394769
8/21/2025 1:50,August,3.242736393,3.21874734
8/21/2025 1:55,August,3.126571951,3.10281713
8/21/2025 2:00,August,3.029990912,3.007270524
8/21/2025 2:05,August,3.244520609,3.218855532
8/21/2025 2:10,August,3.245249051,3.219232423
8/21/2025 2:15,August,3.234164011,3.167766521
8/21/2025 2:20,August,3.2291037,3.2291037
8/21/2025 2:25,August,3.2616931,3.2616931
8/21/2025 2:30,August,3.346580495,3.266610577
8/21/2025 2:35,August,3.259142893,3.165900461
8/21/2025 2:40,August,3.19324031,3.165684755
8/21/2025 2:45,August,3.228640117,3.200125431
8/21/2025 2:50,August,3.226294668,3.197474009
8/21/2025 2:55,August,3.248380891,3.218710846
8/21/2025 3:00,August,3.248046661,3.218053658
8/21/2025 3:05,August,3.129704366,3.10176338
8/21/2025 3:10,August,3.194871795,3.166025641
8/21/2025 3:15,August,2.701620246,2.677496216
8/21/2025 3:20,August,3.019079346,2.991823138
8/21/2025 3:25,August,3.082783133,3.054951807
8/21/2025 3:30,August,3.132329043,3.103718991
8/21/2025 3:35,August,3.451748022,3.420214133
8/21/2025 3:40,August,3.214911076,3.184892328
8/21/2025 3:45,August,3.19560178,3.166087137
8/21/2025 3:50,August,3.132014646,3.103404595
8/21/2025 3:55,August,2.631101244,2.60732862
8/21/2025 4:00,August,2.877694721,2.851413085
8/21/2025 4:05,August,3.147277032,3.119810576
8/21/2025 4:10,August,3.126096518,3.099128487
8/21/2025 4:15,August,3.216487978,3.188092016
8/21/2025 4:20,August,3.196534244,3.167990896
8/21/2025 4:25,August,3.145719921,3.117948718
8/21/2025 4:30,August,3.127719566,3.100421051
8/21/2025 4:35,August,3.134399183,3.106727922
8/21/2025 4:40,August,3.144164038,3.116403786
8/21/2025 4:45,August,3.134725402,3.107362995
8/21/2025 4:50,August,3.134078466,3.106724451
8/21/2025 4:55,August,3.127056427,3.100077409
8/21/2025 5:00,August,3.114371513,3.087186771
8/21/2025 5:05,August,3.086458011,3.06E+00
8/21/2025 5:10,August,3.244421483,3.215095588
8/21/2025 5:15,August,3.215976651,3.186902026
8/21/2025 5:20,August,3.240770318,3.211145998
8/21/2025 5:25,August,3.214994269,3.184630614
8/21/2025 5:30,August,3.071916232,3.04321827
8/21/2025 5:35,August,3.107781978,3.079064025
8/21/2025 5:40,August,3.116939253,3.088452613
8/21/2025 5:45,August,3.121757863,3.093857034
8/21/2025 5:50,August,3.014833502,2.988496468
8/21/2025 5:55,August,3.081700021,3.05570456
8/21/2025 6:00,August,3.080738297,3.0550629
8/21/2025 6:05,August,3.000905251,2.974954738
8/21/2025 6:10,August,2.690353619,2.499059877
8/21/2025 6:15,August,3.066371996,3.04045117
8/21/2025 6:20,August,2.991269443,2.966884094
8/21/2025 6:25,August,2.985870328,2.962120453
8/21/2025 6:30,August,2.436732919,2.419068323
8/21/2025 6:35,August,2.570851708,2.553769637
8/21/2025 6:40,August,2.605488918,2.588961955
8/21/2025 6:45,August,2.697677241,2.681373793
8/21/2025 6:50,August,2.643149535,2.628236047
8/21/2025 6:55,August,2.639934055,2.626626594
8/21/2025 7:00,August,2.722600898,2.710240422
8/21/2025 7:05,August,1.09E+00,1.08E+00
8/21/2025 7:10,August,2.28318472,2.27511693
8/21/2025 7:15,August,2.481885856,2.475125271
8/21/2025 7:20,August,2.483804248,2.479037351
8/21/2025 7:25,August,2.481038094,2.476775142
8/21/2025 7:30,August,2.478281701,2.475773572
8/21/2025 7:35,August,2.454371347,2.455117583
8/21/2025 7:40,August,2.472162454,2.474418076
8/21/2025 7:45,August,2.470913187,2.474171645
8/21/2025 7:50,August,2.468249467,2.472508525
8/21/2025 7:55,August,2.479594713,2.484126873
8/21/2025 8:00,August,2.533307998,2.538196567
8/21/2025 8:05,August,0.00E+00,0.00E+00
8/21/2025 8:10,August,0,0
8/21/2025 8:15,August,0,0
8/21/2025 8:20,August,0,0
8/21/2025 8:25,August,0.866998012,0.867528827
8/21/2025 8:30,August,1.106017676,1.107933736
8/21/2025 8:35,August,2.409237358,2.41658857
8/21/2025 8:40,August,2.45855714,2.467309123
8/21/2025 8:45,August,2.459564066,2.46881807
8/21/2025 8:50,August,2.6623071,2.672600921
8/21/2025 8:55,August,2.526882413,2.536657587
8/21/2025 9:00,August,2.46323186,2.472764685
8/21/2025 9:05,August,8.58E-01,0.861959513
8/21/2025 9:10,August,1.162777004,1.16916849
8/21/2025 9:15,August,2.379373419,2.394131098
8/21/2025 9:20,August,2.456529352,2.472518152
8/21/2025 9:25,August,2.460132466,2.473666202
8/21/2025 9:30,August,2.464230542,2.47729006
8/21/2025 9:35,August,2.914009937,2.9312245
8/21/2025 9:40,August,2.906207825,2.922491589
8/21/2025 9:45,August,2.903923905,2.91990392
8/21/2025 9:50,August,2.912550607,2.928582996
8/21/2025 9:55,August,2.611990997,2.626105548
8/21/2025 10:00,August,2.959255533,2.974346077
8/21/2025 10:05,August,2.656969522,2.671861331
8/21/2025 10:10,August,2.656425518,2.671574176
8/21/2025 10:15,August,2.975168062,2.991535124
8/21/2025 10:20,August,2.978210898,2.994598037
8/21/2025 10:25,August,2.980037588,2.996736729
8/21/2025 10:30,August,3.160216059,3.178248676
8/21/2025 10:35,August,3.161207524,3.178925491
8/21/2025 10:40,August,3.264193401,3.283151932
8/21/2025 10:45,August,3.184073213,3.202890846
8/21/2025 10:50,August,3.183418219,3.20125522
8/21/2025 10:55,August,3.252459369,3.269029878
8/21/2025 11:00,August,2.469813963,2.482895072
8/21/2025 11:05,August,2.665394055,2.679511033
8/21/2025 11:10,August,2.980638622,2.996722296
8/21/2025 11:15,August,3.141910206,3.158865836
8/21/2025 11:20,August,2.976390104,2.996418831
8/21/2025 11:25,August,2.978215864,2.998254833
8/21/2025 11:30,August,2.978215864,2.997951212
8/21/2025 11:35,August,2.975478994,2.99459537
8/21/2025 11:40,August,2.961347245,2.980070836
8/21/2025 11:45,August,2.97456621,2.993371462
8/21/2025 11:50,August,2.284399961,2.298609036
8/21/2025 11:55,August,2.380376781,2.395658931
8/21/2025 12:00,August,0.960220352,0.965998912
8/21/2025 12:05,August,0.940149804,0.945332866
8/21/2025 12:10,August,0.851988928,0.856512456
8/21/2025 12:15,August,0.801492302,0.805424398
8/21/2025 12:20,August,0.801577026,0.805426823
8/21/2025 12:25,August,0.797271651,0.805360032
8/21/2025 12:30,August,0.807879775,0.816236304
8/21/2025 12:35,August,0.81916189,0.827712987
8/21/2025 12:40,August,0.80732643,0.81542998
8/21/2025 12:45,August,0.807487918,0.815592268
8/21/2025 12:50,August,0.808052294,0.816077948
8/21/2025 12:55,August,0.817384615,0.825420118
8/21/2025 13:00,August,0.817792246,0.825830127
8/21/2025 13:05,August,0.000978662,0.000987495
8/21/2025 13:10,August,0.097606954,0.098487365
8/21/2025 13:15,August,0.795711474,0.803700059
8/21/2025 13:20,August,0.807897229,0.816165302
8/21/2025 13:25,August,0.820158134,0.828709231
8/21/2025 13:30,August,0.820731659,0.829203085
8/21/2025 13:35,August,0.820328063,0.828628459
8/21/2025 13:40,August,0.821717452,0.830027701
8/21/2025 13:45,August,0.86291939,0.872069717
8/21/2025 13:50,August,0.851167342,0.859852723
8/21/2025 13:55,August,0.852944555,0.861644555
8/21/2025 14:00,August,0.864123711,0.872934179
8/21/2025 14:05,August,0.970121339,0.980105435
8/21/2025 14:10,August,2.133403422,2.155561388
8/21/2025 14:15,August,2.125096428,2.150433538
8/21/2025 14:20,August,2.136176207,2.161640273
8/21/2025 14:25,August,2.139528659,2.164811444
8/21/2025 14:30,August,2.186376538,2.212630707
8/21/2025 14:35,August,2.46006662,2.490327572
8/21/2025 14:40,August,2.459572333,2.489579214
8/21/2025 14:45,August,2.459575023,2.489077031
8/21/2025 14:50,August,2.524649,2.553895966
8/21/2025 14:55,August,2.996682615,3.027756642
8/21/2025 15:00,August,2.46800357,2.492080442
8/21/2025 15:05,August,2.537879852,2.559264335
8/21/2025 15:10,August,2.474701638,2.495291076
8/21/2025 15:15,August,2.476938468,2.497041876
8/21/2025 15:20,August,2.970467723,2.993981446
8/21/2025 15:25,August,2.986648533,3.0099864
8/21/2025 15:30,August,2.996084461,3.013766663
8/21/2025 15:35,August,2.996974101,3.014058562
8/21/2025 15:40,August,2.999910401,3.01400857
8/21/2025 15:45,August,2.689210235,2.70157442
8/21/2025 15:50,August,2.691932926,2.703501297
8/21/2025 15:55,August,2.607057826,2.617999809
8/21/2025 16:00,August,2.696009692,2.706784034
8/21/2025 16:05,August,2.605509335,2.616977017
8/21/2025 16:10,August,2.567974825,2.579016012
8/21/2025 16:15,August,2.602878625,2.615379943
8/21/2025 16:20,August,2.604198945,2.6156643
8/21/2025 16:25,August,2.612007404,2.616436302
8/21/2025 16:30,August,2.614110096,2.618019533
8/21/2025 16:35,August,2.703561849,2.706794808
8/21/2025 16:40,August,2.704644672,2.7081474
8/21/2025 16:45,August,2.608901614,2.619327836
8/21/2025 16:50,August,2.609427078,2.619332995
8/21/2025 16:55,August,2.61619997,2.620109803
8/21/2025 17:00,August,2.614119355,2.620375723
8/21/2025 17:05,August,2.611543114,2.621716941
8/21/2025 17:10,August,2.611008427,2.621179155
8/21/2025 17:15,August,2.656232347,2.664713632
8/21/2025 17:20,August,3.028298861,3.036151236
8/21/2025 17:25,August,3.233334419,3.243011198
8/21/2025 17:30,August,3.030142305,3.038300845
8/21/2025 17:35,August,3.138678138,3.146499805
8/21/2025 17:40,August,3.146090826,3.15267523
8/21/2025 17:45,August,3.150505157,3.153955875
8/21/2025 17:50,August,3.242418755,3.24500107
8/21/2025 17:55,August,3.246284303,3.244670521
8/21/2025 18:00,August,3.244395924,3.239561239
8/21/2025 18:05,August,3.05917459,3.055229618
8/21/2025 18:10,August,3.065100976,3.06145494
8/21/2025 18:15,August,3.162696431,3.158934675
8/21/2025 18:20,August,3.248735584,3.247124428
8/21/2025 18:25,August,3.986654945,3.983098607
8/21/2025 18:30,August,3.985871671,3.979552413
8/21/2025 18:35,August,4.993452505,4.985039354
8/21/2025 18:40,August,4.654577307,4.643503769
8/21/2025 18:45,August,5.992367112,5.977515404
8/21/2025 18:50,August,4.679456058,4.66832002
8/21/2025 18:55,August,4.629423763,4.618408975
8/21/2025 19:00,August,4.655576827,4.645881556
8/21/2025 19:05,August,5.989996835,5.978716238
8/21/2025 19:10,August,5.531250668,5.520277053
8/21/2025 19:15,August,4.022568446,4.015785698
8/21/2025 19:20,August,4.214516326,4.207409216
8/21/2025 19:25,August,3.983493756,3.975985931
8/21/2025 19:30,August,4.02299258,4.015809377
8/21/2025 19:35,August,3.27500761,3.26948757
8/21/2025 19:40,August,3.397775304,3.392048338
8/21/2025 19:45,August,3.399163284,3.393096961
8/21/2025 19:50,August,4.023765402,4.016583669
8/21/2025 19:55,August,4.213627491,4.206941846
8/21/2025 20:00,August,3.976822199,3.970512286
8/21/2025 20:05,August,5.503997783,5.494718009
8/21/2025 20:10,August,4.831779768,4.824112558
8/21/2025 20:15,August,4.778902961,4.771320409
8/21/2025 20:20,August,4.134550251,4.128400697
8/21/2025 20:25,August,3.976425496,3.969326145
8/21/2025 20:30,August,4.0943805,4.086663683
8/21/2025 20:35,August,3.251066775,3.244938772
8/21/2025 20:40,August,3.275053305,3.268880089
8/21/2025 20:45,August,3.275060926,3.268887084
8/21/2025 20:50,August,3.252059872,3.245929997
8/21/2025 20:55,August,3.251728772,3.245599522
8/21/2025 21:00,August,3.208165596,3.202119059
8/21/2025 21:05,August,5.986408819,5.972132805
8/21/2025 21:10,August,3.397489187,3.389724655
8/21/2025 21:15,August,3.259842977,3.252069107
8/21/2025 21:20,August,3.261176519,3.252751381
8/21/2025 21:25,August,3.072671756,3.064427481
8/21/2025 21:30,August,3.081224652,3.072652088
8/21/2025 21:35,August,3.063259215,3.054736634
8/21/2025 21:40,August,3.054693027,3.04649862
8/21/2025 21:45,August,3.055308896,3.046810123
8/21/2025 21:50,August,3.050605657,3.04272687
8/21/2025 21:55,August,2.685903203,2.678966332
8/21/2025 22:00,August,2.824406918,2.817392894
8/21/2025 22:05,August,4.96119799,4.946880671
8/21/2025 22:10,August,3.365577332,3.354848255
8/21/2025 22:15,August,3.089670092,3.079203939
8/21/2025 22:20,August,3.072858579,3.062450411
8/21/2025 22:25,August,3.072222789,3.061817811
8/21/2025 22:30,August,3.043618466,3.033310365
8/21/2025 22:35,August,3.051914089,3.041274946
8/21/2025 22:40,August,3.045124065,3.034812919
8/21/2025 22:45,August,3.049628242,3.039301844
8/21/2025 22:50,August,2.838622082,2.828727472
8/21/2025 22:55,August,3.028128855,3.017573681
8/21/2025 23:00,August,2.83114353,2.821274005
8/21/2025 23:05,August,4.091871739,4.077185061
8/21/2025 23:10,August,3.278322158,3.266555498
8/21/2025 23:15,August,3.172092042,3.160076542
8/21/2025 23:20,August,3.07540207,3.064367038
8/21/2025 23:25,August,3.12215343,3.110639458
8/21/2025 23:30,August,2.751093905,2.740678286
8/21/2025 23:35,August,2.901376369,2.890685111
8/21/2025 23:40,August,2.811507269,2.800866106
8/21/2025 23:45,August,2.833237105,2.822514765
8/21/2025 23:50,August,2.756618702,2.745908588
8/21/2025 23:55,August,2.657744716,2.64688705
8/22/2025 0:00,August,2.617866878,2.607430892
8/22/2025 0:05,August,3.276902927,3.264495363
8/22/2025 0:10,August,3.17368546,3.161662726
8/22/2025 0:15,August,3.275978761,3.263564801
8/22/2025 0:20,August,3.146039216,3.134431373
8/22/2025 0:25,August,3.245322614,3.233347254
8/22/2025 0:30,August,3.096044881,3.085245442
8/22/2025 0:35,August,3.163367433,3.152333164
8/22/2025 0:40,August,3.098831312,3.089261301
8/22/2025 0:45,August,3.160130808,3.150371488
8/22/2025 0:50,August,3.103494931,3.094220616
8/22/2025 0:55,August,3.160765793,3.151320333
8/22/2025 1:00,August,3.040278619,3.031496063
8/22/2025 1:05,August,3.160500917,3.150417564
8/22/2025 1:10,August,3.06985642,3.059757201
8/22/2025 1:15,August,3.037855845,3.028467595
8/22/2025 1:20,August,3.014050353,3.004435199
8/22/2025 1:25,August,3.035400908,3.02602118
8/22/2025 1:30,August,2.94563596,2.936239992
8/22/2025 1:35,August,2.878614323,2.869142364
8/22/2025 1:40,August,2.825642577,2.816624868
8/22/2025 1:45,August,2.824831388,2.815816268
8/22/2025 1:50,August,2.765978644,2.757149585
8/22/2025 1:55,August,2.641780275,2.633345136
8/22/2025 2:00,August,2.641780275,2.633081537
8/22/2025 2:05,August,2.802645815,2.794544068
8/22/2025 2:10,August,2.682076112,2.674320583
8/22/2025 2:15,August,2.745213894,2.737004522
8/22/2025 2:20,August,2.749985736,2.742037009
8/22/2025 2:25,August,2.813268501,2.805419605
8/22/2025 2:30,August,2.814912104,2.807059405
8/22/2025 2:35,August,2.809730483,2.801611493
8/22/2025 2:40,August,2.865767433,2.857487344
8/22/2025 2:45,August,2.873298201,2.86499718
8/22/2025 2:50,August,2.683099464,2.675348704
8/22/2025 2:55,August,2.682274741,2.674793548
8/22/2025 3:00,August,2.682274741,2.674526363
8/22/2025 3:05,August,2.799684438,2.792716582
8/22/2025 3:10,August,2.912406419,2.905160185
8/22/2025 3:15,August,2.993611035,2.98646069
8/22/2025 3:20,August,3.072356562,3.06501886
8/22/2025 3:25,August,3.050624728,3.043642504
8/22/2025 3:30,August,3.034423754,3.027176648
8/22/2025 3:35,August,2.91369564,2.906735483
8/22/2025 3:40,August,2.968226041,2.961134918
8/22/2025 3:45,August,2.991253396,2.984108683
8/22/2025 3:50,August,2.894594732,2.887099516
8/22/2025 3:55,August,2.918908467,2.911350294
8/22/2025 4:00,August,2.905505264,2.898271161
8/22/2025 4:05,August,3.031699708,3.024152159
8/22/2025 4:10,August,3.057471583,3.049556193
8/22/2025 4:15,August,3.067173029,3.059232524
8/22/2025 4:20,August,3.072046087,3.064398093
8/22/2025 4:25,August,3.152111392,3.143949367
8/22/2025 4:30,August,3.075101392,3.06683499
8/22/2025 4:35,August,3.152739241,3.143949367
8/22/2025 4:40,August,3.076630532,3.068053705
8/22/2025 4:45,August,3.076324217,3.067747389
8/22/2025 4:50,August,3.15466235,3.14586624
8/22/2025 4:55,August,3.155940795,3.146826845
8/22/2025 5:00,August,3.154027764,3.144918432
8/22/2025 5:05,August,2.683288285,2.674196018
8/22/2025 5:10,August,3.062600728,3.053451353
8/22/2025 5:15,August,3.072961049,3.063473768
8/22/2025 5:20,August,3.157553008,3.147174597
8/22/2025 5:25,August,3.238697752,3.227731143
8/22/2025 5:30,August,3.334716445,3.324095272
8/22/2025 5:35,August,3.281461166,3.271335216
8/22/2025 5:40,August,3.24434375,3.2336875
8/22/2025 5:45,August,3.25772778,3.247025438
8/22/2025 5:50,August,3.166577988,3.155542418
8/22/2025 5:55,August,3.0800016,3.068655517
8/22/2025 6:00,August,3.03414929,3.023572076
8/22/2025 6:05,August,1.205688092,1.201117902
8/22/2025 6:10,August,2.62797664,2.619068244
8/22/2025 6:15,August,2.63E+00,2.62E+00
8/22/2025 6:20,August,2.623438379,2.615066816
8/22/2025 6:25,August,1.224721143,1.22068763
8/22/2025 6:30,August,2.557724759,2.550322901
8/22/2025 6:35,August,2.620800957,2.613740328
8/22/2025 6:40,August,1.326362612,1.323052663
8/22/2025 6:45,August,2.476495859,2.471056815
8/22/2025 6:50,August,2.524287866,2.519247355
8/22/2025 6:55,August,2.573472861,2.568590098
8/22/2025 7:00,August,2.61499578,2.611338808
8/22/2025 7:05,August,0.864588352,0.862683591
8/22/2025 7:10,August,1.190243259,1.18881511
8/22/2025 7:15,August,2.412803517,2.410873853
8/22/2025 7:20,August,2.173637835,2.170814928
8/22/2025 7:25,August,2.466830132,2.464859624
8/22/2025 7:30,August,2.539546738,2.542085015
8/22/2025 7:35,August,2.606547991,2.609935826
8/22/2025 7:40,August,2.76141859,2.765838627
8/22/2025 7:45,August,3.045171078,3.051264466
8/22/2025 7:50,August,2.993986572,3.000280237
8/22/2025 7:55,August,2.64508927,2.650918375
8/22/2025 8:00,August,3.136452103,3.143993918
8/22/2025 8:05,August,2.460128184,2.471236529
8/22/2025 8:10,August,2.920058176,2.93411804
8/22/2025 8:15,August,3.04E+00,3.06E+00
8/22/2025 8:20,August,3.063022493,3.079009361
8/22/2025 8:25,August,3.207929744,3.22E+00
8/22/2025 8:30,August,3.83E+00,3.85E+00
8/22/2025 8:35,August,3.319796068,3.338819731
8/22/2025 8:40,August,3.210144065,3.228867753
8/22/2025 8:45,August,3.209179743,3.22855105
8/22/2025 8:50,August,3.228919578,3.250040617
8/22/2025 8:55,August,3.315835904,3.338201857
8/22/2025 9:00,August,3.317900322,3.339609957
8/22/2025 9:05,August,1.152288753,1.159704932
8/22/2025 9:10,August,2.271962956,2.288836225
8/22/2025 9:15,August,2.269100944,2.283900419
8/22/2025 9:20,August,3.123493068,3.145105685
8/22/2025 9:25,August,3.025583039,3.037071064
8/22/2025 9:30,August,3.027531263,3.039330375
8/22/2025 9:35,August,3.01E+00,3.02E+00
8/22/2025 9:40,August,2.92E+00,2.93E+00
8/22/2025 9:45,August,2.954807878,2.967825956
8/22/2025 9:50,August,2.565485754,2.58E+00
8/22/2025 9:55,August,2.94E+00,2.96E+00
8/22/2025 10:00,August,2.948566108,2.967501311
8/22/2025 10:05,August,2.451939029,2.471899538
8/22/2025 10:10,August,2.555654623,2.576714182
8/22/2025 10:15,August,2.196504386,2.213723215
8/22/2025 10:20,August,2.554618056,2.574642195
8/22/2025 10:25,August,2.911424964,2.932481981
8/22/2025 10:30,August,2.941423638,2.962697621
8/22/2025 10:35,August,2.911265669,2.918829665
8/22/2025 10:40,August,2.913024754,2.920591052
8/22/2025 10:45,August,2.913320313,2.920596337
8/22/2025 10:50,August,2.468470601,2.474880933
8/22/2025 10:55,August,2.50147996,2.507976012
8/22/2025 11:00,August,2.499731022,2.507726164
8/22/2025 11:05,August,2.465022742,2.474885792
8/22/2025 11:10,August,2.491155854,2.500874278
8/22/2025 11:15,August,2.495994431,2.507492102
8/22/2025 11:20,August,2.498005977,2.508508104
8/22/2025 11:25,August,2.496005571,2.507757952
8/22/2025 11:30,August,2.494742027,2.506238534
8/22/2025 11:35,August,2.49E+00,2.50E+00
8/22/2025 11:40,August,2.464801796,2.475412115
8/22/2025 11:45,August,2.470585701,2.478242219
8/22/2025 11:50,August,1.180899395,1.183854007
8/22/2025 11:55,August,2.108609203,2.1151544
8/22/2025 12:00,August,2.159630479,2.1665496
8/22/2025 12:05,August,2.177963976,2.186253502
8/22/2025 12:10,August,1.173645048,1.177998418
8/22/2025 12:15,August,1.159197388,1.163612936
8/22/2025 12:20,August,1.173872392,1.179051933
8/22/2025 12:25,August,0.886124134,0.889771101
8/22/2025 12:30,August,0.82640079,0.829137216
8/22/2025 12:35,August,0.828207613,0.831280277
8/22/2025 12:40,August,0.805459561,0.807559846
8/22/2025 12:45,August,0.804426294,0.806282228
8/22/2025 12:50,August,0.800827193,0.80380784
8/22/2025 12:55,August,0.097963592,0.098308638
8/22/2025 13:00,August,0,0
8/22/2025 13:05,August,0.823615407,0.826925426
8/22/2025 13:10,August,1.153442886,1.160512824
8/22/2025 13:15,August,2.164078681,2.177983012
8/22/2025 13:20,August,2.147471139,2.159965203
8/22/2025 13:25,August,2.181426783,2.19388958
8/22/2025 13:30,August,2.174992602,2.184347877
8/22/2025 13:35,August,2.255138651,2.266189936
8/22/2025 13:40,August,2.459246815,2.471289899
8/22/2025 13:45,August,3.038021117,3.053501093
8/22/2025 13:50,August,4.960327902,4.978135222
8/22/2025 13:55,August,3.236888148,3.247865028
8/22/2025 14:00,August,3.132247042,3.14790045
8/22/2025 14:05,August,2.459944174,2.473936472
8/22/2025 14:10,August,2.545983446,2.558927834
8/22/2025 14:15,August,2.547520526,2.559714481
8/22/2025 14:20,August,2.545228757,2.558687515
8/22/2025 14:25,August,2.548013938,2.558420211
8/22/2025 14:30,August,2.54801231,2.558163753
8/22/2025 14:35,August,2.5497852,2.558665933
8/22/2025 14:40,August,2.313099812,2.31908276
8/22/2025 14:45,August,2.374459958,2.381543669
8/22/2025 14:50,August,2.486040382,2.491969526
8/22/2025 14:55,August,2.467014557,2.472408546
8/22/2025 15:00,August,2.36539673,2.370569566
8/22/2025 15:05,August,2.46774599,2.472894278
8/22/2025 15:10,August,2.327733276,2.332358677
8/22/2025 15:15,August,3.058106864,3.064182975
8/22/2025 15:20,August,3.137717446,3.143328306
8/22/2025 15:25,August,3.066285375,3.072380764
8/22/2025 15:30,August,2.492768961,2.497969452
8/22/2025 15:35,August,2.492524021,2.498468037
8/22/2025 15:40,August,2.548050151,2.553872819
8/22/2025 15:45,August,2.490513677,2.496202605
8/22/2025 15:50,August,2.490765484,2.496455552
8/22/2025 15:55,August,2.490761022,2.496697295
8/22/2025 16:00,August,2.469979287,2.475866615
8/22/2025 16:05,August,2.489272791,2.495455169
8/22/2025 16:10,August,2.490016832,2.49595251
8/22/2025 16:15,August,2.49224985,2.496702947
8/22/2025 16:20,August,3.958434676,3.965115247
8/22/2025 16:25,August,2.562542895,2.566103395
8/22/2025 16:30,August,3.056479321,3.057995432
8/22/2025 16:35,August,2.910080834,2.911524612
8/22/2025 16:40,August,2.644465983,2.645515583
8/22/2025 16:45,August,2.692451095,2.692985312
8/22/2025 16:50,August,2.644994533,2.645519385
8/22/2025 16:55,August,2.567687051,2.567941782
8/22/2025 17:00,August,2.474672909,2.475409346
8/22/2025 17:05,August,2.501231492,2.502719287
8/22/2025 17:10,August,2.475393453,2.476865879
8/22/2025 17:15,August,2.49748289,2.499216909
8/22/2025 17:20,August,2.49748289,2.499216909
8/22/2025 17:25,August,2.474166969,2.4758848
8/22/2025 17:30,August,2.473666804,2.475629642
8/22/2025 17:35,August,2.497483082,2.499217101
8/22/2025 17:40,August,2.498736647,2.500223695
8/22/2025 17:45,August,3.249215514,3.250182351
8/22/2025 17:50,August,3.11134752,3.111656094
8/22/2025 17:55,August,2.570520281,2.570520281
8/22/2025 18:00,August,2.64869736,2.64869736
8/22/2025 18:05,August,2.650281598,2.650018933
8/22/2025 18:10,August,2.649197526,2.649459979
8/22/2025 18:15,August,2.651065225,2.651590501
8/22/2025 18:20,August,2.917926995,2.918794135
8/22/2025 18:25,August,3.898111721,3.896953866
8/22/2025 18:30,August,3.228922409,3.227323933
8/22/2025 18:35,August,4.660411815,4.656254033
8/22/2025 18:40,August,4.041340082,4.038134578
8/22/2025 18:45,August,4.713608697,4.709400952
8/22/2025 18:50,August,3.89986836,3.896387371
8/22/2025 18:55,August,3.258038459,3.254806598
8/22/2025 19:00,August,3.236898753,3.233045303
8/22/2025 19:05,August,3.265075689,3.261838132
8/22/2025 19:10,August,3.236229055,3.233982119
8/22/2025 19:15,August,4.978576815,4.969168325
8/22/2025 19:20,August,3.975969252,3.968851654
8/22/2025 19:25,August,3.963974906,3.957273676
8/22/2025 19:30,August,3.038372444,3.032631685
8/22/2025 19:35,August,3.243986561,3.237534718
8/22/2025 19:40,August,3.244647251,3.238516752
8/22/2025 19:45,August,3.245308209,3.238853738
8/22/2025 19:50,August,3.144649663,3.139020815
8/22/2025 19:55,August,3.162741494,3.156766343
8/22/2025 20:00,August,3.081295773,3.07577923
8/22/2025 20:05,August,3.145571848,3.140254155
8/22/2025 20:10,August,2.935032859,2.930363886
8/22/2025 20:15,August,3.041730881,3.037195046
8/22/2025 20:20,August,3.071148203,3.066569411
8/22/2025 20:25,August,3.145598437,3.1412213
8/22/2025 20:30,August,3.072974313,3.068392344
8/22/2025 20:35,August,2.936213879,2.932127696
8/22/2025 20:40,August,2.93413072,2.930338723
8/22/2025 20:45,August,2.966284689,2.962451518
8/22/2025 20:50,August,2.932037188,2.929414093
8/22/2025 20:55,August,2.662785607,2.660138703
8/22/2025 21:00,August,2.882813869,2.879948534
8/22/2025 21:05,August,3.711735032,3.7098906
8/22/2025 21:10,August,3.0464,3.045189189
8/22/2025 21:15,August,3.035592198,3.034084054
8/22/2025 21:20,August,3.038035822,3.036828336
8/22/2025 21:25,August,3.008308763,3.006515613
8/22/2025 21:30,August,2.934382216,2.932924644
8/22/2025 21:35,August,2.93199203,2.93053579
8/22/2025 21:40,August,2.930801736,2.929637217
8/22/2025 21:45,August,2.810966993,2.809291472
8/22/2025 21:50,August,2.517264816,2.516014436
8/22/2025 21:55,August,2.475522106,2.476014208
8/22/2025 22:00,August,1.987056238,1.987451201
8/22/2025 22:05,August,3.034680338,3.033775633
8/22/2025 22:10,August,2.476766721,2.475782216
8/22/2025 22:15,August,2.58180498,2.580522032
8/22/2025 22:20,August,2.518065257,2.515812291
8/22/2025 22:25,August,2.519087096,2.516582784
8/22/2025 22:30,August,2.519087096,2.516332353
8/22/2025 22:35,August,2.518831558,2.515826689
8/22/2025 22:40,August,2.176080487,2.173701075
8/22/2025 22:45,August,2.30473646,2.302445697
8/22/2025 22:50,August,2.304261515,2.301971452
8/22/2025 22:55,August,2.476265249,2.474050563
8/22/2025 23:00,August,1.991384494,1.989999527
8/22/2025 23:05,August,3.07053839,3.067486165
8/22/2025 23:10,August,2.581558483,2.578735424
8/22/2025 23:15,August,2.515009421,2.512258864
8/22/2025 23:20,August,2.51475937,2.511758762
8/22/2025 23:25,August,2.478777622,2.475329059
8/22/2025 23:30,August,2.303781315,2.300576532
8/22/2025 23:35,August,1.99099059,1.98861683
8/22/2025 23:40,August,2.01280955,2.010409777
8/22/2025 23:45,August,2.083267161,2.080783138
8/22/2025 23:50,August,2.171000051,2.168627373
8/22/2025 23:55,August,1.996161579,1.993980198
8/23/2025 0:00,August,1.983792497,1.981821712
8/23/2025 0:05,August,6.910255757,6.902690035
8/23/2025 0:10,August,3.242788662,3.237942893
8/23/2025 0:15,August,2.516218551,2.512458136
8/23/2025 0:20,August,2.496475104,2.492495468
8/23/2025 0:25,August,2.579844837,2.575217312
8/23/2025 0:30,August,1.988007856,1.984838769
8/23/2025 0:35,August,2.475842877,2.471896524
8/23/2025 0:40,August,2.544695898,2.540385433
8/23/2025 0:45,August,1.065434555,1.063629454
8/23/2025 0:50,August,2.171329251,2.167651232
8/23/2025 0:55,August,2.474362994,2.470909936
8/23/2025 1:00,August,2.170900294,2.168087406
8/23/2025 1:05,August,3.027459264,3.022329511
8/23/2025 1:10,August,2.614626674,2.610457031
8/23/2025 1:15,August,2.614100842,2.609671046
8/23/2025 1:20,August,2.614370726,2.60994003
8/23/2025 1:25,August,2.612779992,2.608351993
8/23/2025 1:30,August,2.47763463,2.473683059
8/23/2025 1:35,August,2.476878869,2.473175402
8/23/2025 1:40,August,2.112908484,2.109749231
8/23/2025 1:45,August,1.064481652,1.062889705
8/23/2025 1:50,August,2.013950775,2.011140237
8/23/2025 1:55,August,2.166938525,2.163915392
8/23/2025 2:00,August,2.093277893,2.09077497
8/23/2025 2:05,August,2.608031389,2.60439034
8/23/2025 2:10,August,2.472864981,2.469906419
8/23/2025 2:15,August,2.473618444,2.470412358
8/23/2025 2:20,August,2.472864981,2.469906419
8/23/2025 2:25,August,2.472869513,2.470157222
8/23/2025 2:30,August,2.445600293,2.442918179
8/23/2025 2:35,August,2.166951903,2.164143572
8/23/2025 2:40,August,2.457663099,2.454478011
8/23/2025 2:45,August,2.470845022,2.467397217
8/23/2025 2:50,August,2.168917403,2.165891208
8/23/2025 2:55,August,2.572282423,2.568436307
8/23/2025 3:00,August,2.470093473,2.466646716
8/23/2025 3:05,August,2.561202787,2.557117934
8/23/2025 3:10,August,2.47134631,2.467405161
8/23/2025 3:15,August,2.47159703,2.467655481
8/23/2025 3:20,August,2.472107525,2.468410823
8/23/2025 3:25,August,2.165192021,2.162170722
8/23/2025 3:30,August,2.165630053,2.162608143
8/23/2025 3:35,August,2.470093473,2.466646716
8/23/2025 3:40,August,2.165626843,2.162821068
8/23/2025 3:45,August,2.165404642,2.162815219
8/23/2025 3:50,August,2.286794823,2.284059967
8/23/2025 3:55,August,2.286561785,2.283599327
8/23/2025 4:00,August,2.165845903,2.163255695
8/23/2025 4:05,August,2.468087537,2.464889895
8/23/2025 4:10,August,2.468841905,2.465150823
8/23/2025 4:15,August,2.469096258,2.465650549
8/23/2025 4:20,August,2.469596886,2.465904307
8/23/2025 4:25,August,2.027061161,2.024434649
8/23/2025 4:30,August,2.165407828,2.162602336
8/23/2025 4:35,August,2.469087977,2.465396895
8/23/2025 4:40,August,2.468337571,2.464893608
8/23/2025 4:45,August,2.468591744,2.465147083
8/23/2025 4:50,August,2.286794823,2.283832063
8/23/2025 4:55,August,2.286794823,2.283376254
8/23/2025 5:00,August,2.468841905,2.465396895
8/23/2025 5:05,August,2.468854252,2.465162048
8/23/2025 5:10,August,2.570732138,2.566374531
8/23/2025 5:15,August,2.712866788,2.707726734
8/23/2025 5:20,August,2.712596259,2.707456204
8/23/2025 5:25,August,2.649483277,2.644198052
8/23/2025 5:30,August,2.471878794,2.467194404
8/23/2025 5:35,August,2.56971066,2.564070832
8/23/2025 5:40,August,2.482323972,2.476875934
8/23/2025 5:45,August,2.548475187,2.542627144
8/23/2025 5:50,August,2.474153657,2.468723009
8/23/2025 5:55,August,2.473170834,2.468480252
8/23/2025 6:00,August,2.473426895,2.468735359
8/23/2025 6:05,August,2.472425723,2.467982466
8/23/2025 6:10,August,2.161304722,2.157636374
8/23/2025 6:15,August,2.45323186,2.449312959
8/23/2025 6:20,August,2.281534536,2.278800795
8/23/2025 6:25,August,2.50627921,2.503525882
8/23/2025 6:30,August,2.469179248,2.467206273
8/23/2025 6:35,August,2.46893676,2.467456878
8/23/2025 6:40,August,2.101129018,2.101339047
8/23/2025 6:45,August,2.155885636,2.156747818
8/23/2025 6:50,August,2.153279516,2.155863451
8/23/2025 6:55,August,2.429897632,2.433542843
8/23/2025 7:00,August,2.438155693,2.443277869
8/23/2025 7:05,August,0.810172346,0.81147187
8/23/2025 7:10,August,0.833735255,0.835740229
8/23/2025 7:15,August,2.027053787,2.033142255
8/23/2025 7:20,August,2.266369872,2.272948265
8/23/2025 7:25,August,2.147227471,2.153891206
8/23/2025 7:30,August,2.019176903,2.02605104
8/23/2025 7:35,August,2.263177676,2.271792397
8/23/2025 7:40,August,2.413122245,2.424985693
8/23/2025 7:45,August,2.450942548,2.463736065
8/23/2025 7:50,August,2.446418023,2.459928716
8/23/2025 7:55,August,2.46453466,2.478647427
8/23/2025 8:00,August,2.439766844,2.458896499
8/23/2025 8:05,August,0.841299811,0.847297029
8/23/2025 8:10,August,1.918575681,1.933213946
8/23/2025 8:15,August,1.016852727,1.024918935
8/23/2025 8:20,August,2.089834104,2.107455673
8/23/2025 8:25,August,2.143499304,2.162860498
8/23/2025 8:30,August,2.223515221,2.24449178
8/23/2025 8:35,August,2.31804992,2.340620773
8/23/2025 8:40,August,2.433125795,2.457554769
8/23/2025 8:45,August,2.951617251,2.981859838
8/23/2025 8:50,August,2.451503044,2.476875312
8/23/2025 8:55,August,2.450517713,2.476382646
8/23/2025 9:00,August,2.451751048,2.47638186
8/23/2025 9:05,August,2.09E+00,2.12E+00
8/23/2025 9:10,August,2.305718024,2.332707256
8/23/2025 9:15,August,2.447750075,2.47615771
8/23/2025 9:20,August,2.447256029,2.476651756
8/23/2025 9:25,August,2.893194174,2.928245492
8/23/2025 9:30,August,2.890573096,2.925297323
8/23/2025 9:35,August,2.517963967,2.548984022
8/23/2025 9:40,August,2.641323196,2.673869548
8/23/2025 9:45,August,2.449936128,2.480628397
8/23/2025 9:50,August,2.448704491,2.479634974
8/23/2025 9:55,August,2.448704491,2.480129862
8/23/2025 10:00,August,2.565843227,2.599819317
8/23/2025 10:05,August,2.426769379,2.460348554
8/23/2025 10:10,August,2.113837328,2.143931336
8/23/2025 10:15,August,2.114475683,2.145213064
8/23/2025 10:20,August,2.113839334,2.145210801
8/23/2025 10:25,August,2.424812357,2.460312942
8/23/2025 10:30,August,2.447002553,2.482584535
8/23/2025 10:35,August,2.424812012,2.460561033
8/23/2025 10:40,August,2.424568636,2.460792759
8/23/2025 10:45,August,2.424813394,2.461037516
8/23/2025 10:50,August,2.424080798,2.46053498
8/23/2025 10:55,August,2.424081217,2.460531727
8/23/2025 11:00,August,2.423591948,2.460042458
8/23/2025 11:05,August,1.04054228,1.055886101
8/23/2025 11:10,August,1.081483522,1.097861364
8/23/2025 11:15,August,1.040126843,1.055673073
8/23/2025 11:20,August,1.093270207,1.110150855
8/23/2025 11:25,August,0.982790029,0.997385921
8/23/2025 11:30,August,1.030537343,1.045615841
8/23/2025 11:35,August,0.983680974,0.996778199
8/23/2025 11:40,August,0.975259484,0.986552892
8/23/2025 11:45,August,0.986067451,0.997286301
8/23/2025 11:50,August,1.039187954,1.053885026
8/23/2025 11:55,August,1.051298428,1.06647312
8/23/2025 12:00,August,1.029291609,1.043951216
8/23/2025 12:05,August,0.91584464,0.928351116
8/23/2025 12:10,August,0.916587002,0.927795393
8/23/2025 12:15,August,1.028777374,1.041455237
8/23/2025 12:20,August,1.038659657,1.052521054
8/23/2025 12:25,August,1.037620695,1.051259794
8/23/2025 12:30,August,1.028985208,1.040831735
8/23/2025 12:35,August,0.619707856,0.626288492
8/23/2025 12:40,August,2.225190877,2.248332503
8/23/2025 12:45,August,1.094583313,1.105859699
8/23/2025 12:50,August,2.22383661,2.248338601
8/23/2025 12:55,August,1.093480406,1.105415311
8/23/2025 13:00,August,2.11827409,2.141177821
8/23/2025 13:05,August,2.430696738,2.456492489
8/23/2025 13:10,August,2.431682568,2.456764136
8/23/2025 13:15,August,2.452878152,2.478914566
8/23/2025 13:20,August,2.452139185,2.477919863
8/23/2025 13:25,August,2.452137541,2.477672893
8/23/2025 13:30,August,2.437853375,2.462996049
8/23/2025 13:35,August,2.516754476,2.542459017
8/23/2025 13:40,August,2.453870015,2.477178805
8/23/2025 13:45,August,2.452390311,2.475439558
8/23/2025 13:50,August,2.446759219,2.467006899
8/23/2025 13:55,August,2.44824686,2.468500718
8/23/2025 14:00,August,2.448989965,2.469492907
8/23/2025 14:05,August,1.084639703,1.093281815
8/23/2025 14:10,August,2.448234657,2.469463552
8/23/2025 14:15,August,1.953036008,1.969770691
8/23/2025 14:20,August,2.121503546,2.138815835
8/23/2025 14:25,August,2.454897405,2.474435678
8/23/2025 14:30,August,2.450213905,2.469718833
8/23/2025 14:35,August,2.450456286,2.4697104
8/23/2025 14:40,August,2.123421886,2.139887494
8/23/2025 14:45,August,2.231706481,2.248332503
8/23/2025 14:50,August,2.451685757,2.469455172
8/23/2025 14:55,August,2.127478393,2.14289025
8/23/2025 15:00,August,2.452418777,2.469442609
8/23/2025 15:05,August,1.960478404,1.974667632
8/23/2025 15:10,August,2.234628374,2.250569157
8/23/2025 15:15,August,2.464536528,2.481133568
8/23/2025 15:20,August,2.530752612,2.547285167
8/23/2025 15:25,August,2.4685,2.483880062
8/23/2025 15:30,August,2.469740951,2.484632365
8/23/2025 15:35,August,2.470486121,2.484885497
8/23/2025 15:40,August,3.934813089,3.956967677
8/23/2025 15:45,August,2.926722281,2.942316558
8/23/2025 15:50,August,3.005732676,3.018706628
8/23/2025 15:55,August,2.625380057,2.637234572
8/23/2025 16:00,August,2.486694719,2.4959167
8/23/2025 16:05,August,2.467245889,2.475145815
8/23/2025 16:10,August,2.490389158,2.495363966
8/23/2025 16:15,August,2.490382543,2.495107182
8/23/2025 16:20,August,2.495366673,2.497108032
8/23/2025 16:25,August,2.496619002,2.498112046
8/23/2025 16:30,August,2.498876942,2.49862795
8/23/2025 16:35,August,2.501366855,2.49862795
8/23/2025 16:40,August,2.573475762,2.566311582
8/23/2025 16:45,August,2.508149611,2.501666027
8/23/2025 16:50,August,2.50839898,2.501416658
8/23/2025 16:55,August,2.509159408,2.50217497
8/23/2025 17:00,August,2.508145606,2.50116399
8/23/2025 17:05,August,2.507389719,2.500658806
8/23/2025 17:10,August,2.507646919,2.50041596
8/23/2025 17:15,August,2.507152137,2.500419184
8/23/2025 17:20,August,2.506396374,2.499664781
8/23/2025 17:25,August,2.508161631,2.501426637
8/23/2025 17:30,August,2.509179962,2.502441563
8/23/2025 17:35,August,2.510698715,2.502958123
8/23/2025 17:40,August,3.161697807,3.149735987
8/23/2025 17:45,August,3.99253741,3.976239717
8/23/2025 17:50,August,3.171018742,3.156811668
8/23/2025 17:55,August,3.168433367,3.152980671
8/23/2025 18:00,August,3.168105304,3.152655746
8/23/2025 18:05,August,3.201592357,3.186305733
8/23/2025 18:10,August,3.242681087,3.22687729
8/23/2025 18:15,August,3.307588529,3.29080876
8/23/2025 18:20,August,3.311559029,3.292143151
8/23/2025 18:25,August,3.992945565,3.969924606
8/23/2025 18:30,August,3.317649452,3.299185094
8/23/2025 18:35,August,4.634493347,4.606397134
8/23/2025 18:40,August,4.633544619,4.606375157
8/23/2025 18:45,August,5.008223989,4.978356835
8/23/2025 18:50,August,4.666851201,4.639481001
8/23/2025 18:55,August,4.666949378,4.64141648
8/23/2025 19:00,August,3.995717883,3.974254761
8/23/2025 19:05,August,3.316135684,3.297329622
8/23/2025 19:10,August,3.875657441,3.852907089
8/23/2025 19:15,August,3.994922439,3.971867165
8/23/2025 19:20,August,3.874485543,3.851354286
8/23/2025 19:25,August,3.258324429,3.238219323
8/23/2025 19:30,August,3.256648921,3.236880229
8/23/2025 19:35,August,3.258667161,3.239206623
8/23/2025 19:40,August,3.258657933,3.238875077
8/23/2025 19:45,August,3.259658851,3.239869919
8/23/2025 19:50,August,3.259010034,3.238896693
8/23/2025 19:55,August,3.258342819,3.238233596
8/23/2025 20:00,August,3.258685625,3.238247876
8/23/2025 20:05,August,3.258352017,3.23791636
8/23/2025 20:10,August,3.257036387,3.236604913
8/23/2025 20:15,August,3.156625086,3.136823495
8/23/2025 20:20,August,3.178805513,3.158550281
8/23/2025 20:25,August,3.177160053,3.15755381
8/23/2025 20:30,August,3.038574514,3.019827214
8/23/2025 20:35,August,3.01020424,2.991931531
8/23/2025 20:40,August,3.021954887,3.003609023
8/23/2025 20:45,August,3.017829352,2.999508532
8/23/2025 20:50,August,3.007265306,2.989006803
8/23/2025 20:55,August,2.996490752,2.978297666
8/23/2025 21:00,August,3.00114053,2.982919213
8/23/2025 21:05,August,3.027724761,3.009944751
8/23/2025 21:10,August,3.084793723,3.066060779
8/23/2025 21:15,August,3.034064567,3.015941732
8/23/2025 21:20,August,3.024000542,3.005634947
8/23/2025 21:25,August,3.040345946,3.022183784
8/23/2025 21:30,August,2.983019825,2.965201887
8/23/2025 21:35,August,2.946526485,2.928926526
8/23/2025 21:40,August,2.92985669,2.912356301
8/23/2025 21:45,August,2.944117963,2.92653239
8/23/2025 21:50,August,2.49785859,2.483437347
8/23/2025 21:55,August,2.528916072,2.514567255
8/23/2025 22:00,August,2.52737565,2.513034145
8/23/2025 22:05,August,3.866355985,3.843621781
8/23/2025 22:10,August,2.531296945,2.516669544
8/23/2025 22:15,August,2.529739969,2.515375038
8/23/2025 22:20,August,2.595368021,2.580890423
8/23/2025 22:25,August,2.528953061,2.515099235
8/23/2025 22:30,August,2.527399664,2.514059141
8/23/2025 22:35,August,2.526310305,2.513240149
8/23/2025 22:40,August,2.524767834,2.512208049
8/23/2025 22:45,August,2.524767834,2.512208049
8/23/2025 22:50,August,2.490933403,2.479038775
8/23/2025 22:55,August,2.521939425,2.509896738
8/23/2025 23:00,August,2.179205272,2.169233777
8/23/2025 23:05,August,2.521955724,2.509909364
8/23/2025 23:10,August,2.52272516,2.510424082
8/23/2025 23:15,August,2.491722167,2.479819036
8/23/2025 23:20,August,2.297002331,2.286030482
8/23/2025 23:25,August,2.180326861,2.169913359
8/23/2025 23:30,August,2.180770287,2.170354668
8/23/2025 23:35,August,2.488661228,2.476527457
8/23/2025 23:40,August,2.487900092,2.476017584
8/23/2025 23:45,August,1.998102037,1.988361016
8/23/2025 23:50,August,2.180982491,2.170350961
8/23/2025 23:55,August,2.180987279,2.170354668
8/24/2025,August,1.366465218,1.359939466
8/24/2025 0:05,August,5.489928241,5.463150769
8/24/2025 0:10,August,3.004515352,2.973509934
8/24/2025 0:15,August,2.970621907,2.939665526
8/24/2025 0:20,August,2.496124255,2.470867939
8/24/2025 0:25,August,2.527580345,2.501752535
8/24/2025 0:30,August,2.514880476,2.488917492
8/24/2025 0:35,August,2.510783551,2.484611205
8/24/2025 0:40,August,2.511044124,2.485120746
8/24/2025 0:45,August,2.17132539,2.149566442
8/24/2025 0:50,August,2.288945975,2.266242273
8/24/2025 0:55,August,1.97888203,1.959656112
8/24/2025 1:00,August,2.171077473,2.150205909
8/24/2025 1:05,August,6.915750539,6.845705332
8/24/2025 1:10,August,3.191883505,3.159868625
8/24/2025 1:15,August,3.0271691,2.996806321
8/24/2025 1:20,August,2.656218645,2.629576533
8/24/2025 1:25,August,2.509274066,2.48461166
8/24/2025 1:30,August,2.509520033,2.485109338
8/24/2025 1:35,August,2.284758271,2.263227717
8/24/2025 1:40,August,2.505857271,2.482747922
8/24/2025 1:45,August,2.505079859,2.48222879
8/24/2025 1:50,August,1.674595658,1.659828204
8/24/2025 1:55,August,2.164917249,2.146263519
8/24/2025 2:00,August,1.624907407,1.611233572
8/24/2025 2:05,August,3.002408188,2.976219145
8/24/2025 2:10,August,3.001806141,2.975316075
8/24/2025 2:15,August,2.504609228,2.482251132
8/24/2025 2:20,August,2.503557618,2.48146445
8/24/2025 2:25,August,2.502789026,2.480951433
8/24/2025 2:30,August,2.281724685,2.262279468
8/24/2025 2:35,August,2.162724772,2.144953108
8/24/2025 2:40,August,2.569676925,2.546726474
8/24/2025 2:45,August,2.501282985,2.479194385
8/24/2025 2:50,August,1.462970762,1.450795231
8/24/2025 2:55,August,1.52612982,1.513895088
8/24/2025 3:00,August,2.162932653,2.145816388
8/24/2025 3:05,August,3.009677609,2.984325331
8/24/2025 3:10,August,2.503401994,2.481556861
8/24/2025 3:15,August,2.282439369,2.262524394
8/24/2025 3:20,August,2.50E+00,2.48E+00
8/24/2025 3:25,August,2.501245375,2.47866643
8/24/2025 3:30,August,1.972937588,1.955325607
8/24/2025 3:35,August,2.165175481,2.145628305
8/24/2025 3:40,August,2.164068033,2.14475181
8/24/2025 3:45,August,2.16428816,2.144969973
8/24/2025 3:50,August,2.165609863,2.145845496
8/24/2025 3:55,August,2.165830303,2.146063925
8/24/2025 4:00,August,2.16561309,2.145629499
8/24/2025 4:05,August,2.28293067,2.26139791
8/24/2025 4:10,August,1.625052364,1.60972322
8/24/2025 4:15,August,2.164967776,2.144328345
8/24/2025 4:20,August,1.98538231,1.966454932
8/24/2025 4:25,August,2.163205849,2.142583215
8/24/2025 4:30,August,1.576145251,1.561440044
8/24/2025 4:35,August,2.160993702,2.140835988
8/24/2025 4:40,August,2.160990951,2.141052011
8/24/2025 4:45,August,1.627330073,1.612479788
8/24/2025 4:50,August,1.576777733,1.562388767
8/24/2025 4:55,August,1.627818926,1.613130365
8/24/2025 5:00,August,1.969713318,1.952137171
8/24/2025 5:05,August,2.275435581,2.255361563
8/24/2025 5:10,August,2.453059541,2.430926673
8/24/2025 5:15,August,2.162516763,2.143222127
8/24/2025 5:20,August,2.498112005,2.475572649
8/24/2025 5:25,August,2.44780318,2.425965321
8/24/2025 5:30,August,2.16251095,2.143653733
8/24/2025 5:35,August,1.981551036,1.964472123
8/24/2025 5:40,August,2.070097476,2.052255386
8/24/2025 5:45,August,1.578040615,1.564596348
8/24/2025 5:50,August,1.577726457,1.564128093
8/24/2025 5:55,August,1.995265192,1.979259856
8/24/2025 6:00,August,1.965929021,1.949758274
8/24/2025 6:05,August,1.676588459,1.663298223
8/24/2025 6:10,August,2.429759629,2.410247406
8/24/2025 6:15,August,2.157508922,2.140397869
8/24/2025 6:20,August,2.157954321,2.14126799
8/24/2025 6:25,August,1.463530158,1.452207761
8/24/2025 6:30,August,1.094659532,1.086409159
8/24/2025 6:35,August,1.083671703,1.075501681
8/24/2025 6:40,August,1.0947675,1.087175645
8/24/2025 6:45,August,1.081726744,1.074001679
8/24/2025 6:50,August,0.982385827,0.975558206
8/24/2025 6:55,August,0.285987057,0.284027057
8/24/2025 7:00,August,1.028618415,1.022293878
8/24/2025 7:05,August,0.92809002,0.92256846
8/24/2025 7:10,August,1.050491541,1.044984377
8/24/2025 7:15,August,1.050591716,1.045506157
8/24/2025 7:20,August,1.048173301,1.043834134
8/24/2025 7:25,August,1.049005662,1.044980395
8/24/2025 7:30,August,1.047845572,1.044245092
8/24/2025 7:35,August,1.035412922,1.031746817
8/24/2025 7:40,August,0.978880858,0.975808538
8/24/2025 7:45,August,1.046571149,1.043923211
8/24/2025 7:50,August,1.088371039,1.086168527
8/24/2025 7:55,August,1.077869248,1.076123357
8/24/2025 8:00,August,1.036101109,1.034841157
8/24/2025 8:05,August,0.182592834,0.182574317
8/24/2025 8:10,August,0.791195414,0.791275673
8/24/2025 8:15,August,0.180832176,0.180832176
8/24/2025 8:20,August,0.179917984,0.179954546
8/24/2025 8:25,August,0.180272853,0.18032782
8/24/2025 8:30,August,0.182131926,0.182335467
8/24/2025 8:35,August,0.180217413,0.180418978
8/24/2025 8:40,August,0.180520492,0.18068572
8/24/2025 8:45,August,0.181438404,0.181678304
8/24/2025 8:50,August,0.790056886,0.791502994
8/24/2025 8:55,August,0.9383544,0.9404532
8/24/2025 9:00,August,1.170460946,1.174750095
8/24/2025 9:05,August,0.179290801,0.179821464
8/24/2025 9:10,August,0.17798802,0.178551159
8/24/2025 9:15,August,0.176771362,0.177384901
8/24/2025 9:20,August,0.17466271,0.175198321
8/24/2025 9:25,August,0.174623999,0.175159765
8/24/2025 9:30,August,0.175605399,0.176180212
8/24/2025 9:35,August,0.179872343,0.180607491
8/24/2025 9:40,August,0.785277861,0.788965741
8/24/2025 9:45,August,1.208621816,1.214541596
8/24/2025 9:50,August,1.699584058,1.708081111
8/24/2025 9:55,August,1.709887082,1.718610106
8/24/2025 10:00,August,1.932204787,1.942044901
8/24/2025 10:05,August,1.710923331,1.719125431
8/24/2025 10:10,August,0.930537091,0.93481171
8/24/2025 10:15,August,0.180227114,0.181093236
8/24/2025 10:20,August,0.180140299,0.181097512
8/24/2025 10:25,August,0.179426717,0.180416708
8/24/2025 10:30,August,0.784646626,0.789133984
8/24/2025 10:35,August,0.784568528,0.788975316
8/24/2025 10:40,August,0.784556319,0.788725227
8/24/2025 10:45,August,0.179242815,0.180141229
8/24/2025 10:50,August,0.176817203,0.177613759
8/24/2025 10:55,August,0.982978791,0.988203127
8/24/2025 11:00,August,0.78306365,0.787146693
8/24/2025 11:05,August,0.782923291,0.787082671
8/24/2025 11:10,August,0.928670048,0.933698091
8/24/2025 11:15,August,0.7820571,0.786214002
8/24/2025 11:20,August,0.176407104,0.177255562
8/24/2025 11:25,August,0.178167596,0.179115005
8/24/2025 11:30,August,0.928570121,0.933883827
8/24/2025 11:35,August,0.928667529,0.934265341
8/24/2025 11:40,August,0.17813048,0.179096204
8/24/2025 11:45,August,0.800095465,0.809508353
8/24/2025 11:50,August,0.788292453,0.797725422
8/24/2025 11:55,August,0.788922397,0.79836099
8/24/2025 12:00,August,0.788765647,0.798202364
8/24/2025 12:05,August,0.177453023,0.179452342
8/24/2025 12:10,August,0.097888791,0.098982187
8/24/2025 12:15,August,0,0
8/24/2025 12:20,August,7.281E-07,7.362E-07
8/24/2025 12:25,August,0.175604703,0.177547943
8/24/2025 12:30,August,0.17876323,0.180830067
8/24/2025 12:35,August,0.178604948,0.180633932
8/24/2025 12:40,August,0.179414214,0.181470172
8/24/2025 12:45,August,0.177800644,0.179749342
8/24/2025 12:50,August,0,0
8/24/2025 12:55,August,0.000971105,0.000981262
8/24/2025 13:00,August,1.2024E-06,1.2148E-06
8/24/2025 13:05,August,0,0
8/24/2025 13:10,August,0.174609929,0.176400709
8/24/2025 13:15,August,0.17931232,0.181292969
8/24/2025 13:20,August,0.179932506,0.181919401
8/24/2025 13:25,August,1.645010805,1.663172071
8/24/2025 13:30,August,1.644860951,1.662685553
8/24/2025 13:35,August,1.749281653,1.769099532
8/24/2025 13:40,August,1.747189884,1.766455812
8/24/2025 13:45,August,2.110635837,2.134113433
8/24/2025 13:50,August,2.544069934,2.572357379
8/24/2025 13:55,August,2.541996744,2.572359698
8/24/2025 14:00,August,2.434645666,2.463717533
8/24/2025 14:05,August,1.726439327,1.747048315
8/24/2025 14:10,August,1.940894863,1.965200151
8/24/2025 14:15,August,1.939985494,1.964849573
8/24/2025 14:20,August,1.945704516,1.970443039
8/24/2025 14:25,August,2.534441127,2.569012164
8/24/2025 14:30,August,2.210961227,2.241560448
8/24/2025 14:35,August,2.536954768,2.571321118
8/24/2025 14:40,August,2.538252196,2.571576048
8/24/2025 14:45,August,2.217643251,2.241342232
8/24/2025 14:50,August,1.793038176,1.810411174
8/24/2025 14:55,August,1.946892985,1.965148787
8/24/2025 15:00,August,1.792858843,1.810047418
8/24/2025 15:05,August,1.809176234,1.827231521
8/24/2025 15:10,August,1.737426135,1.75264983
8/24/2025 15:15,August,1.801544635,1.817315855
8/24/2025 15:20,August,1.805715937,1.82294432
8/24/2025 15:25,August,1.74863362,1.764257392
8/24/2025 15:30,August,1.807710802,1.823125671
8/24/2025 15:35,August,1.748280461,1.75845304
8/24/2025 15:40,August,1.822323316,1.833281364
8/24/2025 15:45,August,1.961899305,1.974498297
8/24/2025 15:50,August,2.13497059,2.148674142
8/24/2025 15:55,August,2.252172857,2.259146922
8/24/2025 16:00,August,2.145685951,2.152114652
8/24/2025 16:05,August,2.253299427,2.25914923
8/24/2025 16:10,August,2.464904751,2.47056441
8/24/2025 16:15,August,2.508787595,2.515050796
8/24/2025 16:20,August,2.468874848,2.47183011
8/24/2025 16:25,August,2.150648259,2.153654357
8/24/2025 16:30,August,2.449872511,2.454031056
8/24/2025 16:35,August,2.467655481,2.471350683
8/24/2025 16:40,August,2.592572408,2.594384309
8/24/2025 16:45,August,2.590764994,2.593871737
8/24/2025 16:50,August,2.591012543,2.593341427
8/24/2025 16:55,August,2.593612842,2.594130632
8/24/2025 17:00,August,2.555488607,2.555488607
8/24/2025 17:05,August,1.738601399,1.736173427
8/24/2025 17:10,August,1.753866054,1.751768546
8/24/2025 17:15,August,1.829015374,1.825739851
8/24/2025 17:20,August,2.160756373,2.156674205
8/24/2025 17:25,August,2.478746209,2.473079659
8/24/2025 17:30,August,2.566200236,2.559824266
8/24/2025 17:35,August,3.074959747,3.066402062
8/24/2025 17:40,August,2.93234525,2.923603289
8/24/2025 17:45,August,2.607126009,2.6003859
8/24/2025 17:50,August,2.941029443,2.932549641
8/24/2025 17:55,August,2.654414354,2.644919231
8/24/2025 18:00,August,2.654946637,2.645186773
8/24/2025 18:05,August,2.657041913,2.64623021
8/24/2025 18:10,August,2.659187939,2.64810469
8/24/2025 18:15,August,3.086426454,3.072035379
8/24/2025 18:20,August,3.240781507,3.223112694
8/24/2025 18:25,August,4.989112228,4.960919564
8/24/2025 18:30,August,4.98764268,4.959458321
8/24/2025 18:35,August,5.994148729,5.9585011
8/24/2025 18:40,August,5.441121468,5.408762732
8/24/2025 18:45,August,4.953941528,4.923992031
8/24/2025 18:50,August,4.98569947,4.955557977
8/24/2025 18:55,August,4.957269952,4.92730924
8/24/2025 19:00,August,3.869869562,3.846095096
8/24/2025 19:05,August,3.047101449,3.027475845
8/24/2025 19:10,August,3.04924603,3.02900433
8/24/2025 19:15,August,2.993833943,2.973370887
8/24/2025 19:20,August,2.988225226,2.967800507
8/24/2025 19:25,August,3.025759876,3.00538237
8/24/2025 19:30,August,3.047073024,3.027459264
8/24/2025 19:35,August,3.096045768,3.076116775
8/24/2025 19:40,August,3.085648137,3.065784105
8/24/2025 19:45,August,2.756039488,2.738846648
8/24/2025 19:50,August,3.00575306,2.987592309
8/24/2025 19:55,August,3.138084031,3.118500149
8/24/2025 20:00,August,3.048291751,3.028662371
8/24/2025 20:05,August,3.009485067,2.989803535
8/24/2025 20:10,August,3.04648355,3.026260187
8/24/2025 20:15,August,3.13382114,3.113018007
8/24/2025 20:20,August,3.049537644,3.029300022
8/24/2025 20:25,August,2.642311984,2.625298584
8/24/2025 20:30,August,2.989024255,2.969184288
8/24/2025 20:35,August,2.984544982,2.965028488
8/24/2025 20:40,August,3.00178061,2.98215141
8/24/2025 20:45,August,3.005713284,2.986062261
8/24/2025 20:50,August,3.001765501,2.98183504
8/24/2025 20:55,August,3.005113334,2.985460393
8/24/2025 21:00,August,2.939068119,2.919845198
8/24/2025 21:05,August,3.175332175,3.152637722
8/24/2025 21:10,August,3.162641028,3.140037281
8/24/2025 21:15,August,3.032735803,3.011361548
8/24/2025 21:20,August,3.013303554,2.992068363
8/24/2025 21:25,August,3.000091442,2.979249203
8/24/2025 21:30,August,2.942507519,2.922065328
8/24/2025 21:35,August,2.890914975,2.870550359
8/24/2025 21:40,August,2.646755086,2.628373019
8/24/2025 21:45,August,2.645132472,2.626761674
8/24/2025 21:50,August,2.604379448,2.586291685
8/24/2025 21:55,August,2.582550809,2.56512711
8/24/2025 22:00,August,2.304802107,2.289480969
8/24/2025 22:05,August,2.496606239,2.480505494
8/24/2025 22:10,August,2.190844571,2.176717101
8/24/2025 22:15,August,2.304545477,2.289916345
8/24/2025 22:20,August,2.000685265,1.988383124
8/24/2025 22:25,August,2.566591809,2.550806799
8/24/2025 22:30,August,2.186824538,2.174027211
8/24/2025 22:35,August,2.492264652,2.477679886
8/24/2025 22:40,August,2.493026037,2.47818954
8/24/2025 22:45,August,2.493794564,2.478952021
8/24/2025 22:50,August,2.183938666,2.171158228
8/24/2025 22:55,August,2.182609293,2.170269605
8/24/2025 23:00,August,2.000486843,1.989375232
8/24/2025 23:05,August,2.489211361,2.475634742
8/24/2025 23:10,August,2.5017925,2.488145908
8/24/2025 23:15,August,2.14375753,2.132275393
8/24/2025 23:20,August,2.177964743,2.16651655
8/24/2025 23:25,August,2.178410267,2.167174666
8/24/2025 23:30,August,1.978658202,1.967858738
8/24/2025 23:35,August,2.294837221,2.281147597
8/24/2025 23:40,August,2.494096473,2.477445969
8/24/2025 23:45,August,1.9809996,1.966972376
8/24/2025 23:50,August,1.920042773,1.906252939
8/24/2025 23:55,August,1.868390656,1.854782702
8/25/2025,August,2.001490483,1.9858851
8/25/2025 0:05,August,2.500019265,2.480511311
8/25/2025 0:10,August,2.50079965,2.481033449
8/25/2025 0:15,August,2.500806942,2.481038706
8/25/2025 0:20,August,2.176360255,2.159376153
8/25/2025 0:25,August,2.17747121,2.160478438
8/25/2025 0:30,August,2.023324384,2.007738552
8/25/2025 0:35,August,2.037533083,2.022242411
8/25/2025 0:40,August,2.01688213,2.002152999
8/25/2025 0:45,August,1.633528941,1.622087374
8/25/2025 0:50,August,1.684662899,1.67303291
8/25/2025 0:55,August,1.994703224,1.981336039
8/25/2025 1:00,August,1.686180563,1.674880893
8/25/2025 1:05,August,2.613199115,2.595685426
8/25/2025 1:10,August,2.459430927,2.442951092
8/25/2025 1:15,August,2.172354521,2.158232804
8/25/2025 1:20,August,2.173678313,2.159332036
8/25/2025 1:25,August,2.029430137,2.016238841
8/25/2025 1:30,August,2.173674262,2.159546792
8/25/2025 1:35,August,2.026155739,2.013188342
8/25/2025 1:40,August,2.041196124,2.028132468
8/25/2025 1:45,August,1.687869091,1.677236579
8/25/2025 1:50,August,1.686349079,1.67572508
8/25/2025 1:55,August,1.635817991,1.625838503
8/25/2025 2:00,August,1.57374023,1.563980113
8/25/2025 2:05,August,1.692272408,1.682970491
8/25/2025 2:10,August,2.023336619,2.012622577
8/25/2025 2:15,August,2.283424383,2.271561253
8/25/2025 2:20,August,2.169663687,2.158392707
8/25/2025 2:25,August,2.126286963,2.11566721
8/25/2025 2:30,August,2.169432501,2.158599421
8/25/2025 2:35,August,2.613923214,2.600609513
8/25/2025 2:40,August,2.170299147,2.159899391
8/25/2025 2:45,August,1.891494436,1.8826195
8/25/2025 2:50,August,2.063611492,2.053928978
8/25/2025 2:55,August,2.062175781,2.052500003
8/25/2025 3:00,August,1.701306452,1.693323085
8/25/2025 3:05,August,2.482030127,2.47013185
8/25/2025 3:10,August,2.483303256,2.470405557
8/25/2025 3:15,August,2.173854981,2.162346209
8/25/2025 3:20,August,2.144380229,2.133026368
8/25/2025 3:25,August,2.056246636,2.045360503
8/25/2025 3:30,August,1.695329113,1.686354638
8/25/2025 3:35,August,1.886242948,1.876446241
8/25/2025 3:40,August,1.68938978,1.680441383
8/25/2025 3:45,August,2.48384476,2.470191805
8/25/2025 3:50,August,2.066615572,2.055667984
8/25/2025 3:55,August,2.046136947,2.035297841
8/25/2025 4:00,August,2.174338655,2.162380988
8/25/2025 4:05,August,2.065823032,2.054679845
8/25/2025 4:10,August,1.092927968,1.08736405
8/25/2025 4:15,August,1.092275562,1.086716075
8/25/2025 4:20,August,1.226344947,1.220596646
8/25/2025 4:25,August,1.540835334,1.53392507
8/25/2025 4:30,August,1.478832299,1.47205137
8/25/2025 4:35,August,1.542068776,1.535307338
8/25/2025 4:40,August,2.059543022,2.050719634
8/25/2025 4:45,August,2.042350416,2.033600683
8/25/2025 4:50,August,2.061797247,2.052965961
8/25/2025 4:55,August,2.06240815,2.053574247
8/25/2025 5:00,August,2.059957806,2.051339595
8/25/2025 5:05,August,1.081225172,1.076047718
8/25/2025 5:10,August,1.092712055,1.087480639
8/25/2025 5:15,August,1.092712055,1.087371651
8/25/2025 5:20,August,1.093256126,1.088022105
8/25/2025 5:25,August,1.123990732,1.118610105
8/25/2025 5:30,August,1.093583394,1.088349894
8/25/2025 5:35,August,1.08187111,1.076583689
8/25/2025 5:40,August,1.093366308,1.088135933
8/25/2025 5:45,August,1.124215394,1.118837981
8/25/2025 5:50,August,1.081872354,1.076694899
8/25/2025 5:55,August,1.0800436,1.075194557
8/25/2025 6:00,August,1.079613644,1.074765564
8/25/2025 6:05,August,1.049029293,1.04431526
8/25/2025 6:10,August,1.048610268,1.043791479
8/25/2025 6:15,August,1.037740175,1.033176856
8/25/2025 6:20,August,0.398190632,0.396478413
8/25/2025 6:25,August,0.280631027,0.279395262
8/25/2025 6:30,August,0.17896479,0.178266338
8/25/2025 6:35,August,0,0
8/25/2025 6:40,August,0.000997203,0.000993706
8/25/2025 6:45,August,0,0
8/25/2025 6:50,August,0.176607931,0.176165305
8/25/2025 6:55,August,0,0
8/25/2025 7:00,August,1.9013E-06,1.8975E-06
8/25/2025 7:05,August,-1.00866E-05,-1.00694E-05
8/25/2025 7:10,August,-0.000011477,-0.00001147
8/25/2025 7:15,August,-1.26E-05,-1.26E-05
8/25/2025 7:20,August,-1.00429E-05,-1.00519E-05
8/25/2025 7:25,August,-0.000010002,-1.00161E-05
8/25/2025 7:30,August,0,0
8/25/2025 7:35,August,0,0
8/25/2025 7:40,August,0,0
8/25/2025 7:45,August,0,0
8/25/2025 7:50,August,0,0
8/25/2025 7:55,August,0,0
8/25/2025 8:00,August,0,0
8/25/2025 8:05,August,-9.75E-06,-9.8309E-06
8/25/2025 8:10,August,0,0
8/25/2025 8:15,August,0,0
8/25/2025 8:20,August,0,0
8/25/2025 8:25,August,-4.86169E-05,-4.90911E-05
8/25/2025 8:30,August,-0.000975765,-0.000985776
8/25/2025 8:35,August,0,0
8/25/2025 8:40,August,0,0
8/25/2025 8:45,August,-1.10382E-05,-1.11572E-05
8/25/2025 8:50,August,0,0
8/25/2025 8:55,August,0,0
8/25/2025 9:00,August,0,0
8/25/2025 9:05,August,-5.00E-03,-5.05E-03
8/25/2025 9:10,August,-0.00484495,-0.004899094
8/25/2025 9:15,August,-0.004997971,-0.005055809
8/25/2025 9:20,August,-0.0974103,-0.098576653
8/25/2025 9:25,August,-0.000968652,-0.000980149
8/25/2025 9:30,August,-0.000967078,-0.000978364
8/25/2025 9:35,August,0,0
8/25/2025 9:40,August,0,0
8/25/2025 9:45,August,0,0
8/25/2025 9:50,August,0,0
8/25/2025 9:55,August,0.17679824,0.178790383
8/25/2025 10:00,August,0.189313864,0.191484806
8/25/2025 10:05,August,0,0
8/25/2025 10:10,August,0,0
8/25/2025 10:15,August,0,0
8/25/2025 10:20,August,0,0
8/25/2025 10:25,August,0.174982719,0.176900922
8/25/2025 10:30,August,0.175710775,0.177707691
8/25/2025 10:35,August,0,0
8/25/2025 10:40,August,0,0
8/25/2025 10:45,August,0.177667024,0.179684944
8/25/2025 10:50,August,0.176787341,0.178795677
8/25/2025 10:55,August,0.178625685,0.180690094
8/25/2025 11:00,August,0.180516815,0.182602869
8/25/2025 11:05,August,0.180124371,0.182187839
8/25/2025 11:10,August,0.181327179,0.183530872
8/25/2025 11:15,August,0.793037798,0.802832353
8/25/2025 11:20,August,0.825475082,0.835832151
8/25/2025 11:25,August,0.798438966,0.808221379
8/25/2025 11:30,August,0.793431138,0.803232535
8/25/2025 11:35,August,0.180145028,0.182371744
8/25/2025 11:40,August,0.182180777,0.184557769
8/25/2025 11:45,August,0.796068966,0.806609195
8/25/2025 11:50,August,0.796707671,0.807415242
8/25/2025 11:55,August,0.795591849,0.806206173
8/25/2025 12:00,August,0.829547813,0.841110039
8/25/2025 12:05,August,0.178080744,0.180405182
8/25/2025 12:10,August,0.177801434,0.18012293
8/25/2025 12:15,August,0.177699261,0.180036936
8/25/2025 12:20,August,0.177370949,0.17968659
8/25/2025 12:25,August,0.180492701,0.182956204
8/25/2025 12:30,August,0.826560904,0.837920269
8/25/2025 12:35,August,0.838629823,0.850404524
8/25/2025 12:40,August,0.849906557,0.861921797
8/25/2025 12:45,August,0.828217404,0.839848261
8/25/2025 12:50,August,1.733971917,1.758652922
8/25/2025 12:55,August,1.678138765,1.701521554
8/25/2025 13:00,August,1.794841276,1.820383526
8/25/2025 13:05,August,1.733257612,1.756215827
8/25/2025 13:10,August,2.352353759,2.385595863
8/25/2025 13:15,August,2.43020162,2.465265572
8/25/2025 13:20,August,2.106705735,2.137724194
8/25/2025 13:25,August,2.433626839,2.465458159
8/25/2025 13:30,August,2.21743656,2.24558172
8/25/2025 13:35,August,1.131239857,1.145712251
8/25/2025 13:40,August,1.014284234,1.026556275
8/25/2025 13:45,August,1.124440672,1.1399964
8/25/2025 13:50,August,1.127599956,1.142742403
8/25/2025 13:55,August,2.108149337,2.136240969
8/25/2025 14:00,August,1.079407207,1.093142342
8/25/2025 14:05,August,0.181598527,0.183584215
8/25/2025 14:10,August,0.178443676,0.179758544
8/25/2025 14:15,August,0.177836217,0.17909301
8/25/2025 14:20,August,0.178261946,0.179304099
8/25/2025 14:25,August,0.176121137,0.177133327
8/25/2025 14:30,August,0.17822601,0.179268162
8/25/2025 14:35,August,0.181436272,0.18258761
8/25/2025 14:40,August,0.183611605,0.185073982
8/25/2025 14:45,August,0.797843372,0.804115473
8/25/2025 14:50,August,0.805541433,0.811053843
8/25/2025 14:55,August,0.806672678,0.812272317
8/25/2025 15:00,August,0.810893233,0.814709774
8/25/2025 15:05,August,0.816144433,0.819904714
8/25/2025 15:10,August,0.185446123,0.186301314
8/25/2025 15:15,August,0.184759076,0.185555771
8/25/2025 15:20,August,0.80355042,0.806691177
8/25/2025 15:25,August,0.809918862,0.813326655
8/25/2025 15:30,August,0.848545528,0.850153102
8/25/2025 15:35,August,1.975871545,1.980006403
8/25/2025 15:40,August,1.977836143,1.981184069
8/25/2025 15:45,August,2.466058463,2.469742079
8/25/2025 15:50,August,2.574910992,2.577731829
8/25/2025 15:55,August,2.385603648,2.388691039
8/25/2025 16:00,August,2.385845057,2.389170276
8/25/2025 16:05,August,3.140913569,3.141538191
8/25/2025 16:10,August,2.861673741,2.863381863
8/25/2025 16:15,August,2.82651654,2.828204012
8/25/2025 16:20,August,2.580061719,2.582374062
8/25/2025 16:25,August,2.92227682,2.924895869
8/25/2025 16:30,August,2.579561142,2.584191387
8/25/2025 16:35,August,2.479633858,2.483097725
8/25/2025 16:40,August,2.481119637,2.483346632
8/25/2025 16:45,August,2.480373735,2.482352691
8/25/2025 16:50,August,2.825627139,2.831837309
8/25/2025 16:55,August,3.013010826,3.013912026
8/25/2025 17:00,August,2.855696236,2.857119671
8/25/2025 17:05,August,2.487093703,2.488085367
8/25/2025 17:10,August,2.487095571,2.487839393
8/25/2025 17:15,August,2.843326638,2.843610064
8/25/2025 17:20,August,2.908853575,2.908273717
8/25/2025 17:25,August,2.916464361,2.917336944
8/25/2025 17:30,August,3.144173825,3.142607378
8/25/2025 17:35,August,3.202326267,3.199773341
8/25/2025 17:40,August,3.206189819,3.20203755
8/25/2025 17:45,August,3.206836358,3.202044313
8/25/2025 17:50,August,4.604064792,4.594896088
8/25/2025 17:55,August,4.605013757,4.595383675
8/25/2025 18:00,August,4.60872668,4.596798858
8/25/2025 18:05,August,4.610595554,4.598205181
8/25/2025 18:10,August,3.989380785,3.975895108
8/25/2025 18:15,August,4.999811845,4.982413414
8/25/2025 18:20,August,5.429582278,5.400489457
8/25/2025 18:25,August,6.876843807,6.835244494
8/25/2025 18:30,August,5.467785174,5.434167297
8/25/2025 18:35,August,5.460267641,5.422386696
8/25/2025 18:40,August,4.641171061,4.609901901
8/25/2025 18:45,August,4.634287174,4.60853347
8/25/2025 18:50,August,4.633813611,4.608062538
8/25/2025 18:55,August,4.069088644,4.044471525
8/25/2025 19:00,August,3.16911118,3.150253036
8/25/2025 19:05,August,3.234610706,3.213750532
8/25/2025 19:10,August,3.236940371,3.215090863
8/25/2025 19:15,August,3.036683161,3.015283211
8/25/2025 19:20,August,3.060934222,3.038755741
8/25/2025 19:25,August,3.201055869,3.176586366
8/25/2025 19:30,August,3.183430501,3.159727802
8/25/2025 19:35,August,3.039408467,3.016476367
8/25/2025 19:40,August,3.04404973,3.020780413
8/25/2025 19:45,August,3.004648831,2.982586515
8/25/2025 19:50,August,3.01567251,2.993230017
8/25/2025 19:55,August,3.044410876,3.021450151
8/25/2025 20:00,August,3.042874396,3.020229469
8/25/2025 20:05,August,3.031550562,3.008379091
8/25/2025 20:10,August,3.029401779,3.006848162
8/25/2025 20:15,August,3.024163743,3.001348928
8/25/2025 20:20,August,3.029271837,3.006418486
8/25/2025 20:25,August,3.038969537,3.016945832
8/25/2025 20:30,August,2.838959636,2.818949099
8/25/2025 20:35,August,2.922017141,2.900841001
8/25/2025 20:40,August,2.898663445,2.877656552
8/25/2025 20:45,August,2.491552269,2.474244671
8/25/2025 20:50,August,2.490772849,2.473474099
8/25/2025 20:55,August,2.43798871,2.421543593
8/25/2025 21:00,August,2.500935854,2.484064461
8/25/2025 21:05,August,4.920070621,4.883897226
8/25/2025 21:10,August,3.036809816,3.014482551
8/25/2025 21:15,August,3.006766522,2.984961043
8/25/2025 21:20,August,3.007107663,2.985299709
8/25/2025 21:25,August,2.841615275,2.821289793
8/25/2025 21:30,August,2.839870542,2.819559558
8/25/2025 21:35,August,2.531362891,2.513006927
8/25/2025 21:40,August,2.113926841,2.0994407
8/25/2025 21:45,August,2.500257754,2.483122495
8/25/2025 21:50,August,2.527243924,2.509921997
8/25/2025 21:55,August,2.002675637,1.989150765
8/25/2025 22:00,August,1.185824553,1.178050199
8/25/2025 22:05,August,2.941038811,2.922054946
8/25/2025 22:10,August,2.618452486,2.601809228
8/25/2025 22:15,August,2.497951426,2.482074091
8/25/2025 22:20,August,2.496938037,2.481561581
8/25/2025 22:25,August,2.143261542,2.130490096
8/25/2025 22:30,August,2.495918358,2.480796088
8/25/2025 22:35,August,2.291035592,2.277383578
8/25/2025 22:40,August,2.493620455,2.479008914
8/25/2025 22:45,August,2.118516622,2.106313428
8/25/2025 22:50,August,1.999692842,1.988373826
8/25/2025 22:55,August,2.027763022,2.016486484
8/25/2025 23:00,August,2.001083488,1.989956423
8/25/2025 23:05,August,2.4916263,2.477265341
8/25/2025 23:10,August,2.532344984,2.516980647
8/25/2025 23:15,August,2.492963309,2.477588423
8/25/2025 23:20,August,4.00407336,3.979376529
8/25/2025 23:25,August,2.569948895,2.553840371
8/25/2025 23:30,August,2.494760323,2.479371293
8/25/2025 23:35,August,2.495015359,2.47937652
8/25/2025 23:40,August,2.038432591,2.026265266
8/25/2025 23:45,August,2.173688975,2.160930553
8/25/2025 23:50,August,1.176170152,1.169146843
8/25/2025 23:55,August,1.237956019,1.230812307
8/26/2025 0:00,August,1.2898752,1.282947284
