Date and Time,Billing Month,BOTOLAN,OLONGAPO
3/26/2025 0:05,April,3.49,3.45
3/26/2025 0:10,April,3.45,3.41
3/26/2025 0:15,April,3.42,3.38
3/26/2025 0:20,April,3.41,3.37
3/26/2025 0:25,April,3.37,3.33
3/26/2025 0:30,April,3.29,3.25
3/26/2025 0:35,April,3.36,3.32
3/26/2025 0:40,April,3.31,3.28
3/26/2025 0:45,April,3.35,3.32
3/26/2025 0:50,April,3.3,3.27
3/26/2025 0:55,April,3.35,3.31
3/26/2025 1:00,April,3.1,3.06
3/26/2025 1:05,April,3.22,3.18
3/26/2025 1:10,April,3.22,3.18
3/26/2025 1:15,April,3.14,3.1
3/26/2025 1:20,April,3.25,3.21
3/26/2025 1:25,April,3.35,3.32
3/26/2025 1:30,April,3.34,3.3
3/26/2025 1:35,April,3.29,3.25
3/26/2025 1:40,April,3.28,3.25
3/26/2025 1:45,April,3.35,3.32
3/26/2025 1:50,April,3.01,2.98
3/26/2025 1:55,April,3.29,3.25
3/26/2025 2:00,April,3.29,3.26
3/26/2025 2:05,April,3.36,3.32
3/26/2025 2:10,April,3.32,3.29
3/26/2025 2:15,April,3.29,3.26
3/26/2025 2:20,April,3.31,3.28
3/26/2025 2:25,April,3.28,3.25
3/26/2025 2:30,April,3.27,3.24
3/26/2025 2:35,April,3.28,3.25
3/26/2025 2:40,April,2.26,2.24
3/26/2025 2:45,April,3.06,3.03
3/26/2025 2:50,April,3.13,3.11
3/26/2025 2:55,April,3.13,3.11
3/26/2025 3:00,April,3.13,3.1
3/26/2025 3:05,April,3.14,3.11
3/26/2025 3:10,April,3.13,3.11
3/26/2025 3:15,April,3.12,3.1
3/26/2025 3:20,April,3.02,3
3/26/2025 3:25,April,3,2.98
3/26/2025 3:30,April,3,2.98
3/26/2025 3:35,April,3.03,3
3/26/2025 3:40,April,2.99,2.96
3/26/2025 3:45,April,3,2.97
3/26/2025 3:50,April,3.11,3.08
3/26/2025 3:55,April,3.02,3
3/26/2025 4:00,April,3.09,3.07
3/26/2025 4:05,April,3.11,3.08
3/26/2025 4:10,April,3.13,3.1
3/26/2025 4:15,April,3.24,3.22
3/26/2025 4:20,April,3.12,3.1
3/26/2025 4:25,April,3.05,3.02
3/26/2025 4:30,April,3.13,3.1
3/26/2025 4:35,April,2.94,2.91
3/26/2025 4:40,April,3.1,3.07
3/26/2025 4:45,April,3.1,3.08
3/26/2025 4:50,April,3.1,3.07
3/26/2025 4:55,April,3.12,3.09
3/26/2025 5:00,April,3.12,3.09
3/26/2025 5:05,April,3.35,3.31
3/26/2025 5:10,April,3.35,3.31
3/26/2025 5:15,April,3.35,3.31
3/26/2025 5:20,April,3.32,3.29
3/26/2025 5:25,April,3.29,3.25
3/26/2025 5:30,April,3.29,3.26
3/26/2025 5:35,April,3.3,3.27
3/26/2025 5:40,April,3.34,3.31
3/26/2025 5:45,April,3.34,3.31
3/26/2025 5:50,April,3.34,3.31
3/26/2025 5:55,April,3.34,3.31
3/26/2025 6:00,April,3.34,3.3
3/26/2025 6:05,April,0,0
3/26/2025 6:10,April,2.26,2.24
3/26/2025 6:15,April,2.98,2.96
3/26/2025 6:20,April,2.25,2.24
3/26/2025 6:25,April,2.25,2.24
3/26/2025 6:30,April,2.49,2.47
3/26/2025 6:35,April,2.11,2.1
3/26/2025 6:40,April,2.25,2.24
3/26/2025 6:45,April,2.25,2.24
3/26/2025 6:50,April,0,0
3/26/2025 6:55,April,1.77,1.77
3/26/2025 7:00,April,2.02,2.01
3/26/2025 7:05,April,0,0
3/26/2025 7:10,April,0,0
3/26/2025 7:15,April,0,0
3/26/2025 7:20,April,0,0
3/26/2025 7:25,April,0,0
3/26/2025 7:30,April,3.04,3.03
3/26/2025 7:35,April,2.23,2.23
3/26/2025 7:40,April,2.59,2.59
3/26/2025 7:45,April,3.23,3.24
3/26/2025 7:50,April,3.14,3.15
3/26/2025 7:55,April,3.25,3.26
3/26/2025 8:00,April,3.25,3.26
3/26/2025 8:05,April,0,0
3/26/2025 8:10,April,2.8,2.8
3/26/2025 8:15,April,3.13,3.13
3/26/2025 8:20,April,2.9,2.91
3/26/2025 8:25,April,3.06,3.07
3/26/2025 8:30,April,3.06,3.07
3/26/2025 8:35,April,2.78,2.79
3/26/2025 8:40,April,3.05,3.06
3/26/2025 8:45,April,2.93,2.94
3/26/2025 8:50,April,2.82,2.84
3/26/2025 8:55,April,2.94,2.95
3/26/2025 9:00,April,2.91,2.92
3/26/2025 9:05,April,0,0
3/26/2025 9:10,April,2.21,2.23
3/26/2025 9:15,April,0,0
3/26/2025 9:20,April,2.21,2.22
3/26/2025 9:25,April,2.43,2.44
3/26/2025 9:30,April,2.43,2.44
3/26/2025 9:35,April,2.89,2.92
3/26/2025 9:40,April,3.11,3.13
3/26/2025 9:45,April,2.21,2.23
3/26/2025 9:50,April,2.21,2.23
3/26/2025 9:55,April,2.42,2.44
3/26/2025 10:00,April,2.89,2.91
3/26/2025 10:05,April,2.21,2.23
3/26/2025 10:10,April,2.8,2.82
3/26/2025 10:15,April,2.21,2.23
3/26/2025 10:20,April,2.43,2.44
3/26/2025 10:25,April,3.03,3.05
3/26/2025 10:30,April,3.09,3.11
3/26/2025 10:35,April,2.9,2.92
3/26/2025 10:40,April,3.11,3.13
3/26/2025 10:45,April,3.18,3.19
3/26/2025 10:50,April,3.12,3.13
3/26/2025 10:55,April,3.24,3.25
3/26/2025 11:00,April,3.22,3.23
3/26/2025 11:05,April,3.14,3.16
3/26/2025 11:10,April,3.16,3.18
3/26/2025 11:15,April,3.15,3.16
3/26/2025 11:20,April,3.12,3.13
3/26/2025 11:25,April,3.13,3.14
3/26/2025 11:30,April,2.76,2.77
3/26/2025 11:35,April,2.9,2.91
3/26/2025 11:40,April,3.02,3.04
3/26/2025 11:45,April,3.12,3.14
3/26/2025 11:50,April,2.85,2.86
3/26/2025 11:55,April,2.79,2.81
3/26/2025 12:00,April,2.21,2.23
3/26/2025 12:05,April,2.21,2.23
3/26/2025 12:10,April,2.42,2.44
3/26/2025 12:15,April,2.42,2.44
3/26/2025 12:20,April,2.42,2.44
3/26/2025 12:25,April,2.8,2.82
3/26/2025 12:30,April,2.92,2.94
3/26/2025 12:35,April,3.02,3.04
3/26/2025 12:40,April,2.92,2.95
3/26/2025 12:45,April,3.02,3.04
3/26/2025 12:50,April,3.02,3.04
3/26/2025 12:55,April,3.45,3.48
3/26/2025 13:00,April,3.45,3.47
3/26/2025 13:05,April,4.57,4.6
3/26/2025 13:10,April,3.45,3.47
3/26/2025 13:15,April,4.69,4.72
3/26/2025 13:20,April,3.36,3.38
3/26/2025 13:25,April,4.65,4.67
3/26/2025 13:30,April,3.6,3.62
3/26/2025 13:35,April,4.63,4.65
3/26/2025 13:40,April,4.2,4.23
3/26/2025 13:45,April,3.6,3.62
3/26/2025 13:50,April,3.6,3.62
3/26/2025 13:55,April,3.45,3.47
3/26/2025 14:00,April,3.45,3.47
3/26/2025 14:05,April,4.86,4.88
3/26/2025 14:10,April,4.56,4.57
3/26/2025 14:15,April,4.77,4.78
3/26/2025 14:20,April,4.96,4.98
3/26/2025 14:25,April,3.37,3.39
3/26/2025 14:30,April,3.25,3.26
3/26/2025 14:35,April,4.36,4.38
3/26/2025 14:40,April,4.47,4.49
3/26/2025 14:45,April,4.47,4.49
3/26/2025 14:50,April,4.48,4.5
3/26/2025 14:55,April,4.48,4.5
3/26/2025 15:00,April,4.48,4.5
3/26/2025 15:05,April,4.49,4.5
3/26/2025 15:10,April,4.49,4.5
3/26/2025 15:15,April,4.89,4.91
3/26/2025 15:20,April,4.91,4.92
3/26/2025 15:25,April,6.63,6.65
3/26/2025 15:30,April,6.94,6.95
3/26/2025 15:35,April,7.04,7.05
3/26/2025 15:40,April,7.26,7.27
3/26/2025 15:45,April,7.27,7.27
3/26/2025 15:50,April,7.56,7.56
3/26/2025 15:55,April,7.39,7.38
3/26/2025 16:00,April,7.23,7.22
3/26/2025 16:05,April,7.2,7.18
3/26/2025 16:10,April,12.11,12.08
3/26/2025 16:15,April,12.12,12.09
3/26/2025 16:20,April,14.34,14.3
3/26/2025 16:25,April,12.25,12.21
3/26/2025 16:30,April,7.32,7.29
3/26/2025 16:35,April,10.86,10.81
3/26/2025 16:40,April,7.22,7.19
3/26/2025 16:45,April,7.07,7.03
3/26/2025 16:50,April,7.07,7.04
3/26/2025 16:55,April,5.22,5.19
3/26/2025 17:00,April,4.55,4.53
3/26/2025 17:05,April,4.62,4.6
3/26/2025 17:10,April,4.56,4.54
3/26/2025 17:15,April,4.57,4.54
3/26/2025 17:20,April,4.58,4.55
3/26/2025 17:25,April,4.58,4.55
3/26/2025 17:30,April,4.63,4.6
3/26/2025 17:35,April,4.98,4.94
3/26/2025 17:40,April,4.99,4.95
3/26/2025 17:45,April,4.99,4.95
3/26/2025 17:50,April,6.87,6.81
3/26/2025 17:55,April,7.32,7.26
3/26/2025 18:00,April,7.15,7.08
3/26/2025 18:05,April,5.23,5.18
3/26/2025 18:10,April,5.28,5.22
3/26/2025 18:15,April,13.75,13.6
3/26/2025 18:20,April,14.76,14.61
3/26/2025 18:25,April,14.76,14.61
3/26/2025 18:30,April,13.85,13.7
3/26/2025 18:35,April,12.74,12.59
3/26/2025 18:40,April,12.68,12.52
3/26/2025 18:45,April,12.68,12.52
3/26/2025 18:50,April,9.18,9.06
3/26/2025 18:55,April,9.13,9.01
3/26/2025 19:00,April,5.27,5.21
3/26/2025 19:05,April,9.11,8.99
3/26/2025 19:10,April,7.07,6.98
3/26/2025 19:15,April,6.84,6.75
3/26/2025 19:20,April,7.37,7.28
3/26/2025 19:25,April,7.43,7.35
3/26/2025 19:30,April,7.38,7.29
3/26/2025 19:35,April,7.32,7.24
3/26/2025 19:40,April,7.38,7.29
3/26/2025 19:45,April,7.38,7.29
3/26/2025 19:50,April,6.91,6.83
3/26/2025 19:55,April,6.87,6.79
3/26/2025 20:00,April,6.87,6.79
3/26/2025 20:05,April,15.47,15.3
3/26/2025 20:10,April,12.69,12.54
3/26/2025 20:15,April,7.84,7.75
3/26/2025 20:20,April,13.75,13.6
3/26/2025 20:25,April,12.66,12.52
3/26/2025 20:30,April,7.61,7.52
3/26/2025 20:35,April,7.84,7.75
3/26/2025 20:40,April,7.5,7.41
3/26/2025 20:45,April,7.39,7.3
3/26/2025 20:50,April,6.91,6.83
3/26/2025 20:55,April,6.87,6.79
3/26/2025 21:00,April,4.62,4.56
3/26/2025 21:05,April,15.65,15.48
3/26/2025 21:10,April,7.64,7.55
3/26/2025 21:15,April,7.53,7.44
3/26/2025 21:20,April,6.9,6.83
3/26/2025 21:25,April,6.25,6.18
3/26/2025 21:30,April,5.82,5.75
3/26/2025 21:35,April,5.44,5.39
3/26/2025 21:40,April,5.01,4.96
3/26/2025 21:45,April,4.99,4.93
3/26/2025 21:50,April,4.6,4.55
3/26/2025 21:55,April,4.6,4.55
3/26/2025 22:00,April,4.26,4.22
3/26/2025 22:05,April,4.57,4.52
3/26/2025 22:10,April,3.49,3.46
3/26/2025 22:15,April,3.77,3.73
3/26/2025 22:20,April,3.77,3.74
3/26/2025 22:25,April,3.77,3.74
3/26/2025 22:30,April,3.5,3.47
3/26/2025 22:35,April,3.6,3.56
3/26/2025 22:40,April,3.6,3.56
3/26/2025 22:45,April,3.5,3.47
3/26/2025 22:50,April,3.51,3.47
3/26/2025 22:55,April,3.5,3.46
3/26/2025 23:00,April,3.48,3.44
3/26/2025 23:05,April,5.01,4.96
3/26/2025 23:10,April,4.56,4.51
3/26/2025 23:15,April,4.56,4.51
3/26/2025 23:20,April,3.73,3.69
3/26/2025 23:25,April,3.73,3.69
3/26/2025 23:30,April,3.5,3.46
3/26/2025 23:35,April,3.5,3.46
3/26/2025 23:40,April,3.5,3.46
3/26/2025 23:45,April,3.49,3.45
3/26/2025 23:50,April,3.31,3.27
3/26/2025 23:55,April,3.36,3.32
3/27/2025 0:00,April,3.35,3.32
3/27/2025 0:05,April,3.41,3.37
3/27/2025 0:10,April,3.41,3.37
3/27/2025 0:15,April,3.36,3.32
3/27/2025 0:20,April,3.48,3.44
3/27/2025 0:25,April,3.48,3.44
3/27/2025 0:30,April,3.28,3.25
3/27/2025 0:35,April,3.33,3.3
3/27/2025 0:40,April,3.35,3.31
3/27/2025 0:45,April,3.34,3.31
3/27/2025 0:50,April,3.3,3.27
3/27/2025 0:55,April,3.3,3.27
3/27/2025 1:00,April,3.2,3.17
3/27/2025 1:05,April,3.3,3.27
3/27/2025 1:10,April,3.31,3.27
3/27/2025 1:15,April,3.3,3.26
3/27/2025 1:20,April,3.26,3.23
3/27/2025 1:25,April,3.26,3.23
3/27/2025 1:30,April,3.25,3.22
3/27/2025 1:35,April,3.25,3.21
3/27/2025 1:40,April,3.09,3.06
3/27/2025 1:45,April,3.16,3.13
3/27/2025 1:50,April,3.11,3.08
3/27/2025 1:55,April,3.2,3.17
3/27/2025 2:00,April,3.11,3.08
3/27/2025 2:05,April,3.16,3.13
3/27/2025 2:10,April,3.22,3.2
3/27/2025 2:15,April,3.08,3.06
3/27/2025 2:20,April,3.19,3.17
3/27/2025 2:25,April,3.19,3.16
3/27/2025 2:30,April,3.2,3.17
3/27/2025 2:35,April,3.28,3.25
3/27/2025 2:40,April,3.19,3.16
3/27/2025 2:45,April,3.14,3.11
3/27/2025 2:50,April,2.99,2.97
3/27/2025 2:55,April,3.28,3.25
3/27/2025 3:00,April,3.23,3.2
3/27/2025 3:05,April,3.27,3.25
3/27/2025 3:10,April,3.27,3.25
3/27/2025 3:15,April,3.27,3.25
3/27/2025 3:20,April,3.19,3.16
3/27/2025 3:25,April,3.1,3.08
3/27/2025 3:30,April,2.99,2.97
3/27/2025 3:35,April,3.09,3.07
3/27/2025 3:40,April,3.09,3.07
3/27/2025 3:45,April,3.09,3.07
3/27/2025 3:50,April,3.01,2.98
3/27/2025 3:55,April,3.21,3.19
3/27/2025 4:00,April,3.09,3.07
3/27/2025 4:05,April,3.12,3.1
3/27/2025 4:10,April,3.25,3.22
3/27/2025 4:15,April,3.27,3.24
3/27/2025 4:20,April,3.12,3.1
3/27/2025 4:25,April,3.23,3.21
3/27/2025 4:30,April,3.28,3.25
3/27/2025 4:35,April,3.34,3.32
3/27/2025 4:40,April,3.35,3.32
3/27/2025 4:45,April,3.3,3.27
3/27/2025 4:50,April,3.34,3.32
3/27/2025 4:55,April,3.28,3.25
3/27/2025 5:00,April,3.29,3.26
3/27/2025 5:05,April,0,0
3/27/2025 5:10,April,3.24,3.21
3/27/2025 5:15,April,3.28,3.25
3/27/2025 5:20,April,3.28,3.25
3/27/2025 5:25,April,3.28,3.25
3/27/2025 5:30,April,3.28,3.25
3/27/2025 5:35,April,3.35,3.32
3/27/2025 5:40,April,3.35,3.32
3/27/2025 5:45,April,3.35,3.32
3/27/2025 5:50,April,3.35,3.32
3/27/2025 5:55,April,3.35,3.32
3/27/2025 6:00,April,3.35,3.32
3/27/2025 6:05,April,0,0
3/27/2025 6:10,April,3.06,3.04
3/27/2025 6:15,April,3.06,3.04
3/27/2025 6:20,April,0,0
3/27/2025 6:25,April,2.1,2.09
3/27/2025 6:30,April,2.11,2.1
3/27/2025 6:35,April,0,0
3/27/2025 6:40,April,0,0
3/27/2025 6:45,April,0,0
3/27/2025 6:50,April,0,0
3/27/2025 6:55,April,0,0
3/27/2025 7:00,April,0,0
3/27/2025 7:05,April,0,0
3/27/2025 7:10,April,1.52,1.51
3/27/2025 7:15,April,2.23,2.23
3/27/2025 7:20,April,3.03,3.03
3/27/2025 7:25,April,2.58,2.58
3/27/2025 7:30,April,3.03,3.03
3/27/2025 7:35,April,3.21,3.21
3/27/2025 7:40,April,3.16,3.16
3/27/2025 7:45,April,3.2,3.2
3/27/2025 7:50,April,3.23,3.23
3/27/2025 7:55,April,3.46,3.46
3/27/2025 8:00,April,3.46,3.46
3/27/2025 8:05,April,0,0
3/27/2025 8:10,April,3.01,3.02
3/27/2025 8:15,April,3.03,3.04
3/27/2025 8:20,April,3.14,3.14
3/27/2025 8:25,April,3.22,3.23
3/27/2025 8:30,April,3.22,3.23
3/27/2025 8:35,April,3.37,3.38
3/27/2025 8:40,April,3.26,3.27
3/27/2025 8:45,April,3.26,3.27
3/27/2025 8:50,April,3.43,3.45
3/27/2025 8:55,April,3.43,3.45
3/27/2025 9:00,April,3.43,3.44
3/27/2025 9:05,April,3.23,3.25
3/27/2025 9:10,April,3.24,3.26
3/27/2025 9:15,April,3.22,3.24
3/27/2025 9:20,April,3.31,3.33
3/27/2025 9:25,April,3.24,3.26
3/27/2025 9:30,April,3.33,3.35
3/27/2025 9:35,April,3.32,3.34
3/27/2025 9:40,April,3.32,3.34
3/27/2025 9:45,April,3.46,3.48
3/27/2025 9:50,April,4.58,4.61
3/27/2025 9:55,April,3.6,3.63
3/27/2025 10:00,April,3.55,3.57
3/27/2025 10:05,April,3.37,3.39
3/27/2025 10:10,April,3.46,3.48
3/27/2025 10:15,April,3.46,3.48
3/27/2025 10:20,April,4.57,4.6
3/27/2025 10:25,April,4.45,4.48
3/27/2025 10:30,April,4.45,4.48
3/27/2025 10:35,April,4.44,4.47
3/27/2025 10:40,April,3.8,3.83
3/27/2025 10:45,April,4.16,4.19
3/27/2025 10:50,April,4.15,4.18
3/27/2025 10:55,April,3.97,4
3/27/2025 11:00,April,3.59,3.61
3/27/2025 11:05,April,3.59,3.62
3/27/2025 11:10,April,3.6,3.62
3/27/2025 11:15,April,3.6,3.62
3/27/2025 11:20,April,3.59,3.62
3/27/2025 11:25,April,3.69,3.71
3/27/2025 11:30,April,3.35,3.38
3/27/2025 11:35,April,3.35,3.37
3/27/2025 11:40,April,3.59,3.61
3/27/2025 11:45,April,3.35,3.37
3/27/2025 11:50,April,3.76,3.79
3/27/2025 11:55,April,3.46,3.48
3/27/2025 12:00,April,3.31,3.33
3/27/2025 12:05,April,3.37,3.38
3/27/2025 12:10,April,3.37,3.38
3/27/2025 12:15,April,3.36,3.37
3/27/2025 12:20,April,3.24,3.25
3/27/2025 12:25,April,3.48,3.49
3/27/2025 12:30,April,4.46,4.47
3/27/2025 12:35,April,4.46,4.48
3/27/2025 12:40,April,4.32,4.34
3/27/2025 12:45,April,3.81,3.83
3/27/2025 12:50,April,4.47,4.49
3/27/2025 12:55,April,4.46,4.47
3/27/2025 13:00,April,4.51,4.53
3/27/2025 13:05,April,4.55,4.57
3/27/2025 13:10,April,7,7.02
3/27/2025 13:15,April,7.25,7.27
3/27/2025 13:20,April,4.86,4.87
3/27/2025 13:25,April,6.69,6.71
3/27/2025 13:30,April,6.69,6.71
3/27/2025 13:35,April,6.74,6.76
3/27/2025 13:40,April,4.88,4.9
3/27/2025 13:45,April,4.88,4.89
3/27/2025 13:50,April,4.52,4.53
3/27/2025 13:55,April,4.86,4.88
3/27/2025 14:00,April,4.55,4.57
3/27/2025 14:05,April,4.83,4.85
3/27/2025 14:10,April,4.58,4.59
3/27/2025 14:15,April,4.47,4.49
3/27/2025 14:20,April,4.53,4.54
3/27/2025 14:25,April,6.7,6.73
3/27/2025 14:30,April,4.88,4.9
3/27/2025 14:35,April,4.55,4.57
3/27/2025 14:40,April,4.87,4.89
3/27/2025 14:45,April,23.33,23.37
3/27/2025 14:50,April,17.47,17.48
3/27/2025 14:55,April,15.48,15.49
3/27/2025 15:00,April,15.11,15.1
3/27/2025 15:05,April,15.24,15.22
3/27/2025 15:10,April,13.6,13.56
3/27/2025 15:15,April,14.93,14.89
3/27/2025 15:20,April,17.08,17.03
3/27/2025 15:25,April,15.13,15.08
3/27/2025 15:30,April,20.17,20.1
3/27/2025 15:35,April,24.01,23.91
3/27/2025 15:40,April,20.34,20.25
3/27/2025 15:45,April,20.28,20.19
3/27/2025 15:50,April,26.4,26.28
3/27/2025 15:55,April,28.09,27.94
3/27/2025 16:00,April,26.68,26.56
3/27/2025 16:05,April,27.42,27.31
3/27/2025 16:10,April,26.89,26.76
3/27/2025 16:15,April,25.21,25.07
3/27/2025 16:20,April,19.29,19.18
3/27/2025 16:25,April,20.44,20.32
3/27/2025 16:30,April,19.31,19.19
3/27/2025 16:35,April,20.45,20.31
3/27/2025 16:40,April,20.45,20.31
3/27/2025 16:45,April,17.25,17.13
3/27/2025 16:50,April,17.4,17.27
3/27/2025 16:55,April,14.26,14.15
3/27/2025 17:00,April,12.93,12.82
3/27/2025 17:05,April,5.23,5.19
3/27/2025 17:10,April,9.06,8.99
3/27/2025 17:15,April,9.14,9.05
3/27/2025 17:20,April,12.26,12.14
3/27/2025 17:25,April,13.41,13.27
3/27/2025 17:30,April,12.64,12.52
3/27/2025 17:35,April,13.48,13.34
3/27/2025 17:40,April,13.54,13.4
3/27/2025 17:45,April,13.48,13.34
3/27/2025 17:50,April,15.21,15.05
3/27/2025 17:55,April,15.6,15.44
3/27/2025 18:00,April,17.42,17.24
3/27/2025 18:05,April,25.57,25.25
3/27/2025 18:10,April,27.21,26.85
3/27/2025 18:15,April,31.65,31.21
3/27/2025 18:20,April,33.64,33.14
3/27/2025 18:25,April,55.6,54.8
3/27/2025 18:30,April,46.79,46.13
3/27/2025 18:35,April,33.74,33.26
3/27/2025 18:40,April,46.1,45.44
3/27/2025 18:45,April,46.07,45.42
3/27/2025 18:50,April,33.58,33.1
3/27/2025 18:55,April,33.52,33.04
3/27/2025 19:00,April,33.19,32.69
3/27/2025 19:05,April,33.59,33.08
3/27/2025 19:10,April,33.53,33.01
3/27/2025 19:15,April,33.51,32.98
3/27/2025 19:20,April,33.45,32.92
3/27/2025 19:25,April,33.41,32.88
3/27/2025 19:30,April,33.41,32.88
3/27/2025 19:35,April,33.41,32.88
3/27/2025 19:40,April,33.4,32.87
3/27/2025 19:45,April,33.39,32.85
3/27/2025 19:50,April,33.41,32.86
3/27/2025 19:55,April,33.4,32.86
3/27/2025 20:00,April,33.4,32.86
3/27/2025 20:05,April,36.53,35.93
3/27/2025 20:10,April,33.41,32.87
3/27/2025 20:15,April,33.41,32.86
3/27/2025 20:20,April,33.42,32.88
3/27/2025 20:25,April,33.42,32.87
3/27/2025 20:30,April,33.29,32.75
3/27/2025 20:35,April,45.92,45.17
3/27/2025 20:40,April,45.69,44.95
3/27/2025 20:45,April,33.41,32.85
3/27/2025 20:50,April,45.75,44.99
3/27/2025 20:55,April,45.61,44.86
3/27/2025 21:00,April,45.48,44.73
3/27/2025 21:05,April,52.73,51.91
3/27/2025 21:10,April,33.42,32.89
3/27/2025 21:15,April,33.42,32.88
3/27/2025 21:20,April,33.41,32.87
3/27/2025 21:25,April,33.41,32.95
3/27/2025 21:30,April,31.89,31.51
3/27/2025 21:35,April,31.73,31.36
3/27/2025 21:40,April,23.62,23.35
3/27/2025 21:45,April,23.63,23.36
3/27/2025 21:50,April,21.45,21.2
3/27/2025 21:55,April,19.74,19.53
3/27/2025 22:00,April,18.62,18.43
3/27/2025 22:05,April,18.64,18.44
3/27/2025 22:10,April,7.77,7.69
3/27/2025 22:15,April,7.78,7.7
3/27/2025 22:20,April,10.04,9.94
3/27/2025 22:25,April,9.55,9.46
3/27/2025 22:30,April,9.21,9.12
3/27/2025 22:35,April,7.78,7.7
3/27/2025 22:40,April,6.94,6.87
3/27/2025 22:45,April,5,4.96
3/27/2025 22:50,April,5,4.95
3/27/2025 22:55,April,4.86,4.81
3/27/2025 23:00,April,4.03,4
3/27/2025 23:05,April,7.51,7.44
3/27/2025 23:10,April,7.55,7.48
3/27/2025 23:15,April,5.14,5.09
3/27/2025 23:20,April,5,4.95
3/27/2025 23:25,April,4.91,4.86
3/27/2025 23:30,April,4.96,4.92
3/27/2025 23:35,April,4.86,4.81
3/27/2025 23:40,April,4.03,4
3/27/2025 23:45,April,3.98,3.94
3/27/2025 23:50,April,3.67,3.64
3/27/2025 23:55,April,3.67,3.64
3/28/2025 0:00,April,3.53,3.5
3/28/2025 0:05,April,7.76,7.69
3/28/2025 0:10,April,5.06,5.01
3/28/2025 0:15,April,4.56,4.52
3/28/2025 0:20,April,4.62,4.58
3/28/2025 0:25,April,3.52,3.49
3/28/2025 0:30,April,3.52,3.49
3/28/2025 0:35,April,4.56,4.52
3/28/2025 0:40,April,4.56,4.52
3/28/2025 0:45,April,3.53,3.49
3/28/2025 0:50,April,3.74,3.71
3/28/2025 0:55,April,3.56,3.52
3/28/2025 1:00,April,3.53,3.49
3/28/2025 1:05,April,7.75,7.68
3/28/2025 1:10,April,4.64,4.6
3/28/2025 1:15,April,3.73,3.7
3/28/2025 1:20,April,3.73,3.7
3/28/2025 1:25,April,3.5,3.47
3/28/2025 1:30,April,3.51,3.48
3/28/2025 1:35,April,3.51,3.48
3/28/2025 1:40,April,3.51,3.48
3/28/2025 1:45,April,3.5,3.47
3/28/2025 1:50,April,3.5,3.47
3/28/2025 1:55,April,3.48,3.45
3/28/2025 2:00,April,3.42,3.39
3/28/2025 2:05,April,3.51,3.48
3/28/2025 2:10,April,3.5,3.47
3/28/2025 2:15,April,3.48,3.45
3/28/2025 2:20,April,3.51,3.48
3/28/2025 2:25,April,3.41,3.38
3/28/2025 2:30,April,3.48,3.45
3/28/2025 2:35,April,3.5,3.47
3/28/2025 2:40,April,3.48,3.45
3/28/2025 2:45,April,3.39,3.36
3/28/2025 2:50,April,3.39,3.36
3/28/2025 2:55,April,3.35,3.32
3/28/2025 3:00,April,3.35,3.32
3/28/2025 3:05,April,3.39,3.36
3/28/2025 3:10,April,3.39,3.36
3/28/2025 3:15,April,3.35,3.32
3/28/2025 3:20,April,3.35,3.32
3/28/2025 3:25,April,3.35,3.32
3/28/2025 3:30,April,3.34,3.32
3/28/2025 3:35,April,3.35,3.32
3/28/2025 3:40,April,3.11,3.09
3/28/2025 3:45,April,3.28,3.25
3/28/2025 3:50,April,3.28,3.25
3/28/2025 3:55,April,3.28,3.25
3/28/2025 4:00,April,3.28,3.25
3/28/2025 4:05,April,3.38,3.35
3/28/2025 4:10,April,3.35,3.32
3/28/2025 4:15,April,3.35,3.32
3/28/2025 4:20,April,3.28,3.25
3/28/2025 4:25,April,3.35,3.32
3/28/2025 4:30,April,3.34,3.32
3/28/2025 4:35,April,3.35,3.32
3/28/2025 4:40,April,3.35,3.32
3/28/2025 4:45,April,3.34,3.32
3/28/2025 4:50,April,3.29,3.26
3/28/2025 4:55,April,3.28,3.26
3/28/2025 5:00,April,3.29,3.26
3/28/2025 5:05,April,0,0
3/28/2025 5:10,April,3.19,3.16
3/28/2025 5:15,April,3.11,3.08
3/28/2025 5:20,April,3.35,3.32
3/28/2025 5:25,April,3.34,3.31
3/28/2025 5:30,April,3.35,3.32
3/28/2025 5:35,April,3.2,3.17
3/28/2025 5:40,April,3.33,3.3
3/28/2025 5:45,April,3.29,3.26
3/28/2025 5:50,April,3.29,3.26
3/28/2025 5:55,April,3.35,3.31
3/28/2025 6:00,April,3,2.97
3/28/2025 6:05,April,0,0
3/28/2025 6:10,April,1.5,1.49
3/28/2025 6:15,April,2.53,2.51
3/28/2025 6:20,April,2.49,2.48
3/28/2025 6:25,April,2.25,2.24
3/28/2025 6:30,April,2.08,2.06
3/28/2025 6:35,April,0,0
3/28/2025 6:40,April,1.51,1.5
3/28/2025 6:45,April,2.08,2.07
3/28/2025 6:50,April,2.08,2.07
3/28/2025 6:55,April,2.08,2.07
3/28/2025 7:00,April,0,0
3/28/2025 7:05,April,0,0
3/28/2025 7:10,April,0,0
3/28/2025 7:15,April,1.54,1.53
3/28/2025 7:20,April,2.23,2.23
3/28/2025 7:25,April,3.19,3.19
3/28/2025 7:30,April,3.17,3.16
3/28/2025 7:35,April,3.15,3.15
3/28/2025 7:40,April,3.14,3.14
3/28/2025 7:45,April,3.14,3.14
3/28/2025 7:50,April,2.96,2.96
3/28/2025 7:55,April,3.14,3.14
3/28/2025 8:00,April,3.14,3.14
3/28/2025 8:05,April,0,0
3/28/2025 8:10,April,3.18,3.19
3/28/2025 8:15,April,3.22,3.23
3/28/2025 8:20,April,3.07,3.08
3/28/2025 8:25,April,3.13,3.14
3/28/2025 8:30,April,3.25,3.26
3/28/2025 8:35,April,3.08,3.09
3/28/2025 8:40,April,3.25,3.26
3/28/2025 8:45,April,3.25,3.26
3/28/2025 8:50,April,3.19,3.21
3/28/2025 8:55,April,3.16,3.18
3/28/2025 9:00,April,3.42,3.43
3/28/2025 9:05,April,0,0
3/28/2025 9:10,April,2.6,2.61
3/28/2025 9:15,April,2.6,2.61
3/28/2025 9:20,April,2.93,2.95
3/28/2025 9:25,April,2.94,2.95
3/28/2025 9:30,April,3.07,3.08
3/28/2025 9:35,April,3.13,3.14
3/28/2025 9:40,April,3.24,3.25
3/28/2025 9:45,April,3.22,3.23
3/28/2025 9:50,April,3.22,3.24
3/28/2025 9:55,April,3.23,3.25
3/28/2025 10:00,April,3.23,3.24
3/28/2025 10:05,April,3.08,3.09
3/28/2025 10:10,April,3.25,3.25
3/28/2025 10:15,April,3.25,3.25
3/28/2025 10:20,April,3.23,3.24
3/28/2025 10:25,April,3.24,3.24
3/28/2025 10:30,April,3.47,3.48
3/28/2025 10:35,April,3.24,3.24
3/28/2025 10:40,April,3.33,3.34
3/28/2025 10:45,April,3.24,3.25
3/28/2025 10:50,April,3.24,3.25
3/28/2025 10:55,April,3.24,3.25
3/28/2025 11:00,April,3.24,3.25
3/28/2025 11:05,April,3.23,3.24
3/28/2025 11:10,April,3.23,3.24
3/28/2025 11:15,April,3.23,3.24
3/28/2025 11:20,April,3.23,3.24
3/28/2025 11:25,April,3.23,3.24
3/28/2025 11:30,April,3.23,3.24
3/28/2025 11:35,April,3.23,3.24
3/28/2025 11:40,April,3.23,3.24
3/28/2025 11:45,April,3.23,3.24
3/28/2025 11:50,April,3.17,3.18
3/28/2025 11:55,April,3.23,3.24
3/28/2025 12:00,April,3.17,3.18
3/28/2025 12:05,April,3.17,3.18
3/28/2025 12:10,April,3.22,3.23
3/28/2025 12:15,April,3.14,3.16
3/28/2025 12:20,April,3.19,3.2
3/28/2025 12:25,April,3.19,3.2
3/28/2025 12:30,April,4.47,4.49
3/28/2025 12:35,April,3.48,3.49
3/28/2025 12:40,April,3.24,3.25
3/28/2025 12:45,April,3.87,3.89
3/28/2025 12:50,April,3.88,3.89
3/28/2025 12:55,April,3.78,3.79
3/28/2025 13:00,April,3.78,3.8
3/28/2025 13:05,April,4.56,4.57
3/28/2025 13:10,April,4.48,4.48
3/28/2025 13:15,April,4.48,4.49
3/28/2025 13:20,April,3.41,3.42
3/28/2025 13:25,April,4.47,4.48
3/28/2025 13:30,April,4.47,4.48
3/28/2025 13:35,April,4.88,4.88
3/28/2025 13:40,April,4.88,4.88
3/28/2025 13:45,April,4.87,4.87
3/28/2025 13:50,April,4.88,4.89
3/28/2025 13:55,April,4.88,4.89
3/28/2025 14:00,April,4.88,4.89
3/28/2025 14:05,April,4.89,4.91
3/28/2025 14:10,April,4.91,4.92
3/28/2025 14:15,April,5.34,5.36
3/28/2025 14:20,April,6.71,6.73
3/28/2025 14:25,April,7.52,7.54
3/28/2025 14:30,April,7.37,7.4
3/28/2025 14:35,April,7.48,7.5
3/28/2025 14:40,April,7.73,7.76
3/28/2025 14:45,April,7.53,7.56
3/28/2025 14:50,April,7.79,7.82
3/28/2025 14:55,April,7.53,7.56
3/28/2025 15:00,April,5.89,5.92
3/28/2025 15:05,April,5.88,5.9
3/28/2025 15:10,April,5.1,5.12
3/28/2025 15:15,April,4.51,4.53
3/28/2025 15:20,April,5.09,5.11
3/28/2025 15:25,April,5.12,5.13
3/28/2025 15:30,April,5.13,5.14
3/28/2025 15:35,April,5.92,5.92
3/28/2025 15:40,April,7.58,7.58
3/28/2025 15:45,April,7.58,7.59
3/28/2025 15:50,April,7.58,7.58
3/28/2025 15:55,April,5.93,5.94
3/28/2025 16:00,April,5.14,5.14
3/28/2025 16:05,April,5.93,5.93
3/28/2025 16:10,April,5.45,5.44
3/28/2025 16:15,April,5.41,5.39
3/28/2025 16:20,April,5.52,5.5
3/28/2025 16:25,April,5.47,5.45
3/28/2025 16:30,April,5.14,5.12
3/28/2025 16:35,April,5.96,5.93
3/28/2025 16:40,April,4.03,4.01
3/28/2025 16:45,April,4.56,4.54
3/28/2025 16:50,April,4.56,4.54
3/28/2025 16:55,April,4.03,4.01
3/28/2025 17:00,April,3.25,3.23
3/28/2025 17:05,April,2.98,2.97
3/28/2025 17:10,April,3.09,3.07
3/28/2025 17:15,April,3.31,3.29
3/28/2025 17:20,April,3.97,3.95
3/28/2025 17:25,April,4.43,4.4
3/28/2025 17:30,April,3.98,3.95
3/28/2025 17:35,April,3.98,3.95
3/28/2025 17:40,April,4.59,4.56
3/28/2025 17:45,April,4.55,4.52
3/28/2025 17:50,April,4.59,4.55
3/28/2025 17:55,April,4.56,4.52
3/28/2025 18:00,April,4.56,4.52
3/28/2025 18:05,April,5.32,5.28
3/28/2025 18:10,April,4.62,4.57
3/28/2025 18:15,April,6.02,5.96
3/28/2025 18:20,April,9.51,9.42
3/28/2025 18:25,April,9.51,9.42
3/28/2025 18:30,April,9.75,9.65
3/28/2025 18:35,April,9.17,9.08
3/28/2025 18:40,April,9.58,9.48
3/28/2025 18:45,April,6.02,5.96
3/28/2025 18:50,April,4.61,4.57
3/28/2025 18:55,April,4.63,4.59
3/28/2025 19:00,April,4.61,4.57
3/28/2025 19:05,April,4.61,4.57
3/28/2025 19:10,April,4.61,4.57
3/28/2025 19:15,April,4.61,4.57
3/28/2025 19:20,April,4.06,4.03
3/28/2025 19:25,April,4.05,4.02
3/28/2025 19:30,April,4.05,4.01
3/28/2025 19:35,April,4.05,4.01
3/28/2025 19:40,April,3.96,3.93
3/28/2025 19:45,April,4.61,4.57
3/28/2025 19:50,April,4.56,4.52
3/28/2025 19:55,April,4.56,4.52
3/28/2025 20:00,April,4.08,4.04
3/28/2025 20:05,April,6,5.95
3/28/2025 20:10,April,5.37,5.33
3/28/2025 20:15,April,4.62,4.58
3/28/2025 20:20,April,5.42,5.38
3/28/2025 20:25,April,4.62,4.58
3/28/2025 20:30,April,4.61,4.57
3/28/2025 20:35,April,4.59,4.56
3/28/2025 20:40,April,4.59,4.55
3/28/2025 20:45,April,4.52,4.48
3/28/2025 20:50,April,3.5,3.47
3/28/2025 20:55,April,3.5,3.47
3/28/2025 21:00,April,4,3.96
3/28/2025 21:05,April,6,5.95
3/28/2025 21:10,April,4.78,4.74
3/28/2025 21:15,April,4.8,4.77
3/28/2025 21:20,April,4.68,4.65
3/28/2025 21:25,April,4.6,4.56
3/28/2025 21:30,April,4.6,4.56
3/28/2025 21:35,April,4.1,4.07
3/28/2025 21:40,April,4.05,4.02
3/28/2025 21:45,April,4,3.97
3/28/2025 21:50,April,3.51,3.48
3/28/2025 21:55,April,3.51,3.48
3/28/2025 22:00,April,3.96,3.93
3/28/2025 22:05,April,5.43,5.39
3/28/2025 22:10,April,4.28,4.25
3/28/2025 22:15,April,4,3.97
3/28/2025 22:20,April,4,3.97
3/28/2025 22:25,April,4.07,4.04
3/28/2025 22:30,April,4.01,3.97
3/28/2025 22:35,April,4,3.96
3/28/2025 22:40,April,3.63,3.6
3/28/2025 22:45,April,4.01,3.97
3/28/2025 22:50,April,3.85,3.82
3/28/2025 22:55,April,3.51,3.48
3/28/2025 23:00,April,3.51,3.48
3/28/2025 23:05,April,7.72,7.65
3/28/2025 23:10,April,5.49,5.44
3/28/2025 23:15,April,4.98,4.93
3/28/2025 23:20,April,4.05,4.02
3/28/2025 23:25,April,4.01,3.98
3/28/2025 23:30,April,4.01,3.97
3/28/2025 23:35,April,3.63,3.6
3/28/2025 23:40,April,4.01,3.97
3/28/2025 23:45,April,3.51,3.48
3/28/2025 23:50,April,3.51,3.47
3/28/2025 23:55,April,3.5,3.47
3/29/2025 0:00,April,3.41,3.37
3/29/2025 0:05,April,3.35,3.31
3/29/2025 0:10,April,3.34,3.31
3/29/2025 0:15,April,3.34,3.31
3/29/2025 0:20,April,3.05,3.02
3/29/2025 0:25,April,3.27,3.24
3/29/2025 0:30,April,3.27,3.24
3/29/2025 0:35,April,3.33,3.31
3/29/2025 0:40,April,3.29,3.26
3/29/2025 0:45,April,3.33,3.31
3/29/2025 0:50,April,3.31,3.28
3/29/2025 0:55,April,3.31,3.29
3/29/2025 1:00,April,3.31,3.29
3/29/2025 1:05,April,3.32,3.3
3/29/2025 1:10,April,3.32,3.3
3/29/2025 1:15,April,3.32,3.3
3/29/2025 1:20,April,3.28,3.26
3/29/2025 1:25,April,3.28,3.26
3/29/2025 1:30,April,3.28,3.26
3/29/2025 1:35,April,3.28,3.26
3/29/2025 1:40,April,3.26,3.24
3/29/2025 1:45,April,3.27,3.25
3/29/2025 1:50,April,3.28,3.25
3/29/2025 1:55,April,3.09,3.07
3/29/2025 2:00,April,3.25,3.23
3/29/2025 2:05,April,3.27,3.25
3/29/2025 2:10,April,3.26,3.24
3/29/2025 2:15,April,3.26,3.24
3/29/2025 2:20,April,3.09,3.07
3/29/2025 2:25,April,3.17,3.15
3/29/2025 2:30,April,2.35,2.33
3/29/2025 2:35,April,2.49,2.48
3/29/2025 2:40,April,2.12,2.11
3/29/2025 2:45,April,2.89,2.87
3/29/2025 2:50,April,2.9,2.88
3/29/2025 2:55,April,2.12,2.1
3/29/2025 3:00,April,2.8,2.78
3/29/2025 3:05,April,2.81,2.79
3/29/2025 3:10,April,2.49,2.47
3/29/2025 3:15,April,2.83,2.81
3/29/2025 3:20,April,2.87,2.85
3/29/2025 3:25,April,2.83,2.81
3/29/2025 3:30,April,3,2.98
3/29/2025 3:35,April,2.83,2.81
3/29/2025 3:40,April,2.66,2.64
3/29/2025 3:45,April,2.77,2.75
3/29/2025 3:50,April,2.79,2.78
3/29/2025 3:55,April,2.26,2.25
3/29/2025 4:00,April,2.48,2.47
3/29/2025 4:05,April,2.56,2.54
3/29/2025 4:10,April,2.77,2.75
3/29/2025 4:15,April,2.48,2.47
3/29/2025 4:20,April,2.75,2.73
3/29/2025 4:25,April,2.76,2.75
3/29/2025 4:30,April,2.48,2.47
3/29/2025 4:35,April,2.81,2.79
3/29/2025 4:40,April,2.26,2.25
3/29/2025 4:45,April,2.8,2.78
3/29/2025 4:50,April,0,0
3/29/2025 4:55,April,2.11,2.1
3/29/2025 5:00,April,2.26,2.25
3/29/2025 5:05,April,2.48,2.46
3/29/2025 5:10,April,2.72,2.71
3/29/2025 5:15,April,2.48,2.46
3/29/2025 5:20,April,2.53,2.51
3/29/2025 5:25,April,2.55,2.53
3/29/2025 5:30,April,2.48,2.46
3/29/2025 5:35,April,2.48,2.46
3/29/2025 5:40,April,2.99,2.97
3/29/2025 5:45,April,2.83,2.81
3/29/2025 5:50,April,2.99,2.97
3/29/2025 5:55,April,2.99,2.97
3/29/2025 6:00,April,2.99,2.97
3/29/2025 6:05,April,0,0
3/29/2025 6:10,April,2.11,2.1
3/29/2025 6:15,April,0,0
3/29/2025 6:20,April,2.46,2.45
3/29/2025 6:25,April,2.82,2.8
3/29/2025 6:30,April,2.11,2.1
3/29/2025 6:35,April,2.11,2.1
3/29/2025 6:40,April,2.46,2.45
3/29/2025 6:45,April,2.45,2.45
3/29/2025 6:50,April,2.45,2.44
3/29/2025 6:55,April,2.45,2.44
3/29/2025 7:00,April,2.1,2.1
3/29/2025 7:05,April,0,0
3/29/2025 7:10,April,0,0
3/29/2025 7:15,April,0,0
3/29/2025 7:20,April,2,2
3/29/2025 7:25,April,2.44,2.44
3/29/2025 7:30,April,3.14,3.14
3/29/2025 7:35,April,3,3
3/29/2025 7:40,April,3.47,3.47
3/29/2025 7:45,April,3.25,3.26
3/29/2025 7:50,April,3.24,3.25
3/29/2025 7:55,April,3.24,3.25
3/29/2025 8:00,April,3.24,3.24
3/29/2025 8:05,April,0,0
3/29/2025 8:10,April,2.43,2.43
3/29/2025 8:15,April,2.75,2.75
3/29/2025 8:20,April,2.53,2.54
3/29/2025 8:25,April,3.17,3.18
3/29/2025 8:30,April,2.92,2.93
3/29/2025 8:35,April,2.76,2.77
3/29/2025 8:40,April,2.91,2.92
3/29/2025 8:45,April,3.52,3.54
3/29/2025 8:50,April,2.96,2.97
3/29/2025 8:55,April,3,3.01
3/29/2025 9:00,April,2.91,2.92
3/29/2025 9:05,April,0,0
3/29/2025 9:10,April,2.08,2.1
3/29/2025 9:15,April,2.9,2.92
3/29/2025 9:20,April,2.9,2.92
3/29/2025 9:25,April,2.9,2.92
3/29/2025 9:30,April,2.98,3
3/29/2025 9:35,April,2.9,2.92
3/29/2025 9:40,April,2.9,2.92
3/29/2025 9:45,April,3.06,3.09
3/29/2025 9:50,April,3.19,3.22
3/29/2025 9:55,April,3.19,3.22
3/29/2025 10:00,April,3.08,3.11
3/29/2025 10:05,April,2.7,2.72
3/29/2025 10:10,April,2.9,2.92
3/29/2025 10:15,April,2.95,2.97
3/29/2025 10:20,April,3.2,3.22
3/29/2025 10:25,April,3.2,3.23
3/29/2025 10:30,April,3.12,3.14
3/29/2025 10:35,April,3.13,3.16
3/29/2025 10:40,April,3.09,3.11
3/29/2025 10:45,April,3.07,3.09
3/29/2025 10:50,April,3.07,3.09
3/29/2025 10:55,April,3.07,3.09
3/29/2025 11:00,April,3.08,3.1
3/29/2025 11:05,April,2.9,2.92
3/29/2025 11:10,April,2.9,2.92
3/29/2025 11:15,April,3.07,3.09
3/29/2025 11:20,April,2.9,2.92
3/29/2025 11:25,April,2.9,2.92
3/29/2025 11:30,April,2.95,2.98
3/29/2025 11:35,April,2.94,2.96
3/29/2025 11:40,April,2.73,2.75
3/29/2025 11:45,April,2.72,2.75
3/29/2025 11:50,April,2.89,2.92
3/29/2025 11:55,April,2.78,2.81
3/29/2025 12:00,April,2.07,2.09
3/29/2025 12:05,April,0,0
3/29/2025 12:10,April,1.94,1.96
3/29/2025 12:15,April,1.94,1.96
3/29/2025 12:20,April,2.38,2.41
3/29/2025 12:25,April,2.38,2.4
3/29/2025 12:30,April,2.38,2.4
3/29/2025 12:35,April,2.07,2.09
3/29/2025 12:40,April,2.38,2.4
3/29/2025 12:45,April,2.4,2.42
3/29/2025 12:50,April,2.44,2.47
3/29/2025 12:55,April,2.38,2.4
3/29/2025 13:00,April,3.07,3.1
3/29/2025 13:05,April,2.88,2.9
3/29/2025 13:10,April,4.81,4.86
3/29/2025 13:15,April,2.91,2.94
3/29/2025 13:20,April,2.88,2.9
3/29/2025 13:25,April,2.88,2.9
3/29/2025 13:30,April,2.6,2.62
3/29/2025 13:35,April,2.88,2.91
3/29/2025 13:40,April,3.05,3.08
3/29/2025 13:45,April,2.92,2.94
3/29/2025 13:50,April,2.88,2.91
3/29/2025 13:55,April,4.15,4.19
3/29/2025 14:00,April,3.19,3.22
3/29/2025 14:05,April,3.19,3.22
3/29/2025 14:10,April,3.19,3.22
3/29/2025 14:15,April,3.12,3.14
3/29/2025 14:20,April,2.93,2.95
3/29/2025 14:25,April,2.93,2.95
3/29/2025 14:30,April,2.77,2.79
3/29/2025 14:35,April,3.04,3.07
3/29/2025 14:40,April,3.05,3.07
3/29/2025 14:45,April,3.21,3.23
3/29/2025 14:50,April,3.53,3.56
3/29/2025 14:55,April,3.11,3.13
3/29/2025 15:00,April,3.05,3.07
3/29/2025 15:05,April,3.09,3.11
3/29/2025 15:10,April,3.06,3.08
3/29/2025 15:15,April,3.04,3.06
3/29/2025 15:20,April,2.92,2.93
3/29/2025 15:25,April,2.92,2.94
3/29/2025 15:30,April,3.03,3.05
3/29/2025 15:35,April,3.22,3.24
3/29/2025 15:40,April,3.1,3.11
3/29/2025 15:45,April,3.05,3.07
3/29/2025 15:50,April,3.09,3.1
3/29/2025 15:55,April,2.97,2.98
3/29/2025 16:00,April,2.97,2.99
3/29/2025 16:05,April,3.23,3.24
3/29/2025 16:10,April,2.94,2.95
3/29/2025 16:15,April,2.95,2.95
3/29/2025 16:20,April,3.1,3.11
3/29/2025 16:25,April,3.24,3.25
3/29/2025 16:30,April,3.08,3.09
3/29/2025 16:35,April,3.05,3.05
3/29/2025 16:40,April,3.26,3.26
3/29/2025 16:45,April,3.13,3.13
3/29/2025 16:50,April,2.96,2.96
3/29/2025 16:55,April,3,3
3/29/2025 17:00,April,2.74,2.75
3/29/2025 17:05,April,2.83,2.82
3/29/2025 17:10,April,2.95,2.95
3/29/2025 17:15,April,2.74,2.73
3/29/2025 17:20,April,2.9,2.89
3/29/2025 17:25,April,2.97,2.96
3/29/2025 17:30,April,3.01,3.01
3/29/2025 17:35,April,2.97,2.97
3/29/2025 17:40,April,3.23,3.22
3/29/2025 17:45,April,3.14,3.13
3/29/2025 17:50,April,4.66,4.65
3/29/2025 17:55,April,4.27,4.26
3/29/2025 18:00,April,4.53,4.51
3/29/2025 18:05,April,4.41,4.38
3/29/2025 18:10,April,4.41,4.38
3/29/2025 18:15,April,4.99,4.96
3/29/2025 18:20,April,4.99,4.95
3/29/2025 18:25,April,6.02,5.98
3/29/2025 18:30,April,6.02,5.98
3/29/2025 18:35,April,5.42,5.38
3/29/2025 18:40,April,6.03,5.99
3/29/2025 18:45,April,5.51,5.48
3/29/2025 18:50,April,5.41,5.37
3/29/2025 18:55,April,4.99,4.95
3/29/2025 19:00,April,3.91,3.89
3/29/2025 19:05,April,3.84,3.81
3/29/2025 19:10,April,3.48,3.46
3/29/2025 19:15,April,3.52,3.5
3/29/2025 19:20,April,3.04,3.02
3/29/2025 19:25,April,3.48,3.46
3/29/2025 19:30,April,3.48,3.46
3/29/2025 19:35,April,3.48,3.46
3/29/2025 19:40,April,3.58,3.55
3/29/2025 19:45,April,3.58,3.55
3/29/2025 19:50,April,3.52,3.49
3/29/2025 19:55,April,3.51,3.49
3/29/2025 20:00,April,3.48,3.46
3/29/2025 20:05,April,4.98,4.95
3/29/2025 20:10,April,4.61,4.58
3/29/2025 20:15,April,4.42,4.39
3/29/2025 20:20,April,4.41,4.38
3/29/2025 20:25,April,3.77,3.75
3/29/2025 20:30,April,3.49,3.46
3/29/2025 20:35,April,3.59,3.56
3/29/2025 20:40,April,3.77,3.74
3/29/2025 20:45,April,3.77,3.74
3/29/2025 20:50,April,3.59,3.56
3/29/2025 20:55,April,3.58,3.56
3/29/2025 21:00,April,3.59,3.56
3/29/2025 21:05,April,4.86,4.83
3/29/2025 21:10,April,4.4,4.38
3/29/2025 21:15,April,3.9,3.88
3/29/2025 21:20,April,3.77,3.75
3/29/2025 21:25,April,3.69,3.66
3/29/2025 21:30,April,3.59,3.57
3/29/2025 21:35,April,3.49,3.46
3/29/2025 21:40,April,3.36,3.34
3/29/2025 21:45,April,3.31,3.29
3/29/2025 21:50,April,3.18,3.15
3/29/2025 21:55,April,3.32,3.3
3/29/2025 22:00,April,3.2,3.18
3/29/2025 22:05,April,3.54,3.52
3/29/2025 22:10,April,3.36,3.34
3/29/2025 22:15,April,3.35,3.33
3/29/2025 22:20,April,3.36,3.34
3/29/2025 22:25,April,3.35,3.33
3/29/2025 22:30,April,3.31,3.29
3/29/2025 22:35,April,3.2,3.19
3/29/2025 22:40,April,3.2,3.18
3/29/2025 22:45,April,2.98,2.96
3/29/2025 22:50,April,3.17,3.16
3/29/2025 22:55,April,2.97,2.96
3/29/2025 23:00,April,2.98,2.96
3/29/2025 23:05,April,3.41,3.39
3/29/2025 23:10,April,3.42,3.4
3/29/2025 23:15,April,3.41,3.39
3/29/2025 23:20,April,3.41,3.39
3/29/2025 23:25,April,3.41,3.39
3/29/2025 23:30,April,3.41,3.39
3/29/2025 23:35,April,3.41,3.39
3/29/2025 23:40,April,3.41,3.39
3/29/2025 23:45,April,3.41,3.39
3/29/2025 23:50,April,3.35,3.33
3/29/2025 23:55,April,3.34,3.33
3/30/2025 0:00,April,3.2,3.18
3/30/2025 0:05,April,4.09,4.07
3/30/2025 0:10,April,3.35,3.33
3/30/2025 0:15,April,3.35,3.33
3/30/2025 0:20,April,3.36,3.34
3/30/2025 0:25,April,3.36,3.34
3/30/2025 0:30,April,3.57,3.55
3/30/2025 0:35,April,3.37,3.34
3/30/2025 0:40,April,3.36,3.34
3/30/2025 0:45,April,3.49,3.47
3/30/2025 0:50,April,3.37,3.34
3/30/2025 0:55,April,3.37,3.34
3/30/2025 1:00,April,3.36,3.34
3/30/2025 1:05,April,3.37,3.34
3/30/2025 1:10,April,3.37,3.35
3/30/2025 1:15,April,3.21,3.18
3/30/2025 1:20,April,3.31,3.29
3/30/2025 1:25,April,3.21,3.18
3/30/2025 1:30,April,3.31,3.29
3/30/2025 1:35,April,3.18,3.15
3/30/2025 1:40,April,3.31,3.28
3/30/2025 1:45,April,3.17,3.15
3/30/2025 1:50,April,3.08,3.06
3/30/2025 1:55,April,3.17,3.15
3/30/2025 2:00,April,3,2.97
3/30/2025 2:05,April,3.17,3.15
3/30/2025 2:10,April,3.17,3.15
3/30/2025 2:15,April,3.17,3.15
3/30/2025 2:20,April,3.19,3.16
3/30/2025 2:25,April,3.19,3.16
3/30/2025 2:30,April,3.29,3.27
3/30/2025 2:35,April,3.17,3.15
3/30/2025 2:40,April,3.17,3.15
3/30/2025 2:45,April,3,2.97
3/30/2025 2:50,April,1.96,1.95
3/30/2025 2:55,April,2.48,2.47
3/30/2025 3:00,April,2.48,2.46
3/30/2025 3:05,April,2.87,2.85
3/30/2025 3:10,April,2.55,2.54
3/30/2025 3:15,April,3.15,3.13
3/30/2025 3:20,April,2.12,2.11
3/30/2025 3:25,April,2.48,2.46
3/30/2025 3:30,April,2.48,2.46
3/30/2025 3:35,April,2.12,2.11
3/30/2025 3:40,April,2.12,2.11
3/30/2025 3:45,April,2.12,2.11
3/30/2025 3:50,April,2.12,2.11
3/30/2025 3:55,April,2.12,2.11
3/30/2025 4:00,April,2.47,2.46
3/30/2025 4:05,April,3.29,3.27
3/30/2025 4:10,April,3.19,3.17
3/30/2025 4:15,April,3.18,3.16
3/30/2025 4:20,April,3.04,3.02
3/30/2025 4:25,April,3.18,3.16
3/30/2025 4:30,April,2.99,2.97
3/30/2025 4:35,April,3.13,3.11
3/30/2025 4:40,April,2.47,2.46
3/30/2025 4:45,April,2.47,2.46
3/30/2025 4:50,April,2.15,2.14
3/30/2025 4:55,April,2.47,2.45
3/30/2025 5:00,April,2.47,2.45
3/30/2025 5:05,April,2.47,2.45
3/30/2025 5:10,April,2.77,2.76
3/30/2025 5:15,April,3.17,3.15
3/30/2025 5:20,April,3.05,3.03
3/30/2025 5:25,April,3.05,3.03
3/30/2025 5:30,April,2.53,2.52
3/30/2025 5:35,April,2.99,2.98
3/30/2025 5:40,April,2.99,2.98
3/30/2025 5:45,April,2.99,2.98
3/30/2025 5:50,April,2.8,2.79
3/30/2025 5:55,April,2.99,2.98
3/30/2025 6:00,April,3.16,3.14
3/30/2025 6:05,April,2.99,2.98
3/30/2025 6:10,April,3.04,3.03
3/30/2025 6:15,April,2.46,2.45
3/30/2025 6:20,April,0,0
3/30/2025 6:25,April,0,0
3/30/2025 6:30,April,2.1,2.1
3/30/2025 6:35,April,2.1,2.1
3/30/2025 6:40,April,2.1,2.1
3/30/2025 6:45,April,2.1,2.1
3/30/2025 6:50,April,0,0
3/30/2025 6:55,April,1.49,1.48
3/30/2025 7:00,April,0,0
3/30/2025 7:05,April,0,0
3/30/2025 7:10,April,0,0
3/30/2025 7:15,April,0,0
3/30/2025 7:20,April,0,0
3/30/2025 7:25,April,0,0
3/30/2025 7:30,April,2,2
3/30/2025 7:35,April,2,2
3/30/2025 7:40,April,2,2
3/30/2025 7:45,April,1.99,2
3/30/2025 7:50,April,2.42,2.43
3/30/2025 7:55,April,2.92,2.93
3/30/2025 8:00,April,2.68,2.7
3/30/2025 8:05,April,2.45,2.46
3/30/2025 8:10,April,2.72,2.73
3/30/2025 8:15,April,2.91,2.93
3/30/2025 8:20,April,2.75,2.77
3/30/2025 8:25,April,2.73,2.75
3/30/2025 8:30,April,2.73,2.75
3/30/2025 8:35,April,2.71,2.73
3/30/2025 8:40,April,2.68,2.7
3/30/2025 8:45,April,2.68,2.7
3/30/2025 8:50,April,2.04,2.06
3/30/2025 8:55,April,2.46,2.49
3/30/2025 9:00,April,2.65,2.68
3/30/2025 9:05,April,0,0
3/30/2025 9:10,April,0,0
3/30/2025 9:15,April,2.04,2.06
3/30/2025 9:20,April,2.46,2.48
3/30/2025 9:25,April,2.39,2.41
3/30/2025 9:30,April,2.65,2.68
3/30/2025 9:35,April,2.52,2.55
3/30/2025 9:40,April,2.65,2.68
3/30/2025 9:45,April,2.7,2.73
3/30/2025 9:50,April,2.71,2.73
3/30/2025 9:55,April,2.89,2.92
3/30/2025 10:00,April,2.73,2.76
3/30/2025 10:05,April,2.39,2.41
3/30/2025 10:10,April,2.89,2.92
3/30/2025 10:15,April,2.73,2.75
3/30/2025 10:20,April,2.73,2.75
3/30/2025 10:25,April,2.75,2.78
3/30/2025 10:30,April,2.75,2.77
3/30/2025 10:35,April,2.74,2.76
3/30/2025 10:40,April,2.75,2.77
3/30/2025 10:45,April,2.73,2.76
3/30/2025 10:50,April,2.39,2.41
3/30/2025 10:55,April,2.39,2.41
3/30/2025 11:00,April,0,0
3/30/2025 11:05,April,0,0
3/30/2025 11:10,April,2.39,2.41
3/30/2025 11:15,April,2.44,2.47
3/30/2025 11:20,April,2.56,2.58
3/30/2025 11:25,April,2.68,2.7
3/30/2025 11:30,April,2.67,2.7
3/30/2025 11:35,April,2.39,2.41
3/30/2025 11:40,April,2.47,2.49
3/30/2025 11:45,April,2.62,2.64
3/30/2025 11:50,April,2.56,2.59
3/30/2025 11:55,April,2.44,2.46
3/30/2025 12:00,April,2.67,2.7
3/30/2025 12:05,April,2.71,2.73
3/30/2025 12:10,April,3.04,3.06
3/30/2025 12:15,April,2.68,2.71
3/30/2025 12:20,April,2.89,2.92
3/30/2025 12:25,April,2.69,2.71
3/30/2025 12:30,April,2.65,2.67
3/30/2025 12:35,April,2.69,2.71
3/30/2025 12:40,April,3.1,3.13
3/30/2025 12:45,April,3.1,3.13
3/30/2025 12:50,April,2.89,2.92
3/30/2025 12:55,April,2.92,2.94
3/30/2025 13:00,April,3.01,3.04
3/30/2025 13:05,April,2.7,2.73
3/30/2025 13:10,April,2.89,2.92
3/30/2025 13:15,April,2.89,2.92
3/30/2025 13:20,April,0,0
3/30/2025 13:25,April,0,0
3/30/2025 13:30,April,2.39,2.41
3/30/2025 13:35,April,2.6,2.63
3/30/2025 13:40,April,2.45,2.47
3/30/2025 13:45,April,2.88,2.91
3/30/2025 13:50,April,2.89,2.91
3/30/2025 13:55,April,2.89,2.92
3/30/2025 14:00,April,2.63,2.66
3/30/2025 14:05,April,2.74,2.77
3/30/2025 14:10,April,2.73,2.76
3/30/2025 14:15,April,2.71,2.73
3/30/2025 14:20,April,2.9,2.92
3/30/2025 14:25,April,2.74,2.76
3/30/2025 14:30,April,2.74,2.76
3/30/2025 14:35,April,2.74,2.76
3/30/2025 14:40,April,2.91,2.92
3/30/2025 14:45,April,2.71,2.73
3/30/2025 14:50,April,2.91,2.92
3/30/2025 14:55,April,2.78,2.79
3/30/2025 15:00,April,2.03,2.04
3/30/2025 15:05,April,2.74,2.75
3/30/2025 15:10,April,2.91,2.93
3/30/2025 15:15,April,2.92,2.93
3/30/2025 15:20,April,2.92,2.93
3/30/2025 15:25,April,2.93,2.94
3/30/2025 15:30,April,2.92,2.93
3/30/2025 15:35,April,2.93,2.94
3/30/2025 15:40,April,2.93,2.94
3/30/2025 15:45,April,2.93,2.94
3/30/2025 15:50,April,2.93,2.94
3/30/2025 15:55,April,3.03,3.04
3/30/2025 16:00,April,3.06,3.07
3/30/2025 16:05,April,3.05,3.06
3/30/2025 16:10,April,2.94,2.95
3/30/2025 16:15,April,3.03,3.04
3/30/2025 16:20,April,3.12,3.12
3/30/2025 16:25,April,3.15,3.15
3/30/2025 16:30,April,3.15,3.15
3/30/2025 16:35,April,3.16,3.16
3/30/2025 16:40,April,3.26,3.26
3/30/2025 16:45,April,3.26,3.26
3/30/2025 16:50,April,3.27,3.26
3/30/2025 16:55,April,3.27,3.26
3/30/2025 17:00,April,4.59,4.58
3/30/2025 17:05,April,3.28,3.27
3/30/2025 17:10,April,3.15,3.14
3/30/2025 17:15,April,3.28,3.27
3/30/2025 17:20,April,3.18,3.17
3/30/2025 17:25,April,3.44,3.42
3/30/2025 17:30,April,4.01,3.99
3/30/2025 17:35,April,3.75,3.73
3/30/2025 17:40,April,3.55,3.53
3/30/2025 17:45,April,3.75,3.73
3/30/2025 17:50,April,4.98,4.95
3/30/2025 17:55,April,4.98,4.95
3/30/2025 18:00,April,4.99,4.96
3/30/2025 18:05,April,5,4.96
3/30/2025 18:10,April,5.48,5.44
3/30/2025 18:15,April,10.99,10.9
3/30/2025 18:20,April,13.88,13.75
3/30/2025 18:25,April,14.65,14.5
3/30/2025 18:30,April,14.76,14.61
3/30/2025 18:35,April,15.75,15.6
3/30/2025 18:40,April,26.45,26.19
3/30/2025 18:45,April,12.95,12.82
3/30/2025 18:50,April,11.07,10.97
3/30/2025 18:55,April,12.86,12.73
3/30/2025 19:00,April,9.08,8.99
3/30/2025 19:05,April,9.06,8.98
3/30/2025 19:10,April,9.13,9.04
3/30/2025 19:15,April,9.11,9.02
3/30/2025 19:20,April,12.85,12.73
3/30/2025 19:25,April,9.08,9
3/30/2025 19:30,April,9.07,8.99
3/30/2025 19:35,April,9.05,8.98
3/30/2025 19:40,April,9.04,8.97
3/30/2025 19:45,April,9.05,8.98
3/30/2025 19:50,April,14.64,14.53
3/30/2025 19:55,April,12.84,12.74
3/30/2025 20:00,April,4.99,4.95
3/30/2025 20:05,April,4.64,4.61
3/30/2025 20:10,April,4.64,4.61
3/30/2025 20:15,April,4.29,4.26
3/30/2025 20:20,April,4.86,4.83
3/30/2025 20:25,April,4.19,4.16
3/30/2025 20:30,April,3.89,3.87
3/30/2025 20:35,April,3.79,3.76
3/30/2025 20:40,April,3.79,3.76
3/30/2025 20:45,April,4.14,4.11
3/30/2025 20:50,April,3.79,3.76
3/30/2025 20:55,April,3.9,3.87
3/30/2025 21:00,April,3.79,3.76
3/30/2025 21:05,April,3.79,3.76
3/30/2025 21:10,April,3.78,3.76
3/30/2025 21:15,April,3.5,3.48
3/30/2025 21:20,April,3.59,3.57
3/30/2025 21:25,April,3.78,3.76
3/30/2025 21:30,April,3.59,3.56
3/30/2025 21:35,April,3.78,3.76
3/30/2025 21:40,April,3.59,3.57
3/30/2025 21:45,April,3.36,3.34
3/30/2025 21:50,April,3.25,3.23
3/30/2025 21:55,April,3.18,3.16
3/30/2025 22:00,April,3.18,3.16
3/30/2025 22:05,April,3.19,3.17
3/30/2025 22:10,April,3.18,3.16
3/30/2025 22:15,April,3.18,3.16
3/30/2025 22:20,April,2.93,2.91
3/30/2025 22:25,April,2.98,2.96
3/30/2025 22:30,April,3.18,3.17
3/30/2025 22:35,April,3.19,3.17
3/30/2025 22:40,April,3.2,3.18
3/30/2025 22:45,April,3.19,3.17
3/30/2025 22:50,April,3.18,3.17
3/30/2025 22:55,April,2.99,2.98
3/30/2025 23:00,April,2.97,2.95
3/30/2025 23:05,April,3.19,3.17
3/30/2025 23:10,April,3.17,3.15
3/30/2025 23:15,April,3.17,3.15
3/30/2025 23:20,April,2.93,2.91
3/30/2025 23:25,April,2.78,2.76
3/30/2025 23:30,April,2.8,2.78
3/30/2025 23:35,April,2.96,2.95
3/30/2025 23:40,April,2.81,2.79
3/30/2025 23:45,April,2.5,2.48
3/30/2025 23:50,April,2.49,2.48
3/30/2025 23:55,April,2.03,2.02
3/31/2025 0:00,April,1.25,1.24
3/31/2025 0:05,April,3.28,3.26
3/31/2025 0:10,April,3.28,3.26
3/31/2025 0:15,April,3.2,3.18
3/31/2025 0:20,April,3.21,3.19
3/31/2025 0:25,April,3.19,3.17
3/31/2025 0:30,April,3.2,3.18
3/31/2025 0:35,April,3.2,3.18
3/31/2025 0:40,April,3.24,3.22
3/31/2025 0:45,April,3.97,3.94
3/31/2025 0:50,April,3.39,3.37
3/31/2025 0:55,April,3.19,3.17
3/31/2025 1:00,April,3.17,3.15
3/31/2025 1:05,April,3.56,3.53
3/31/2025 1:10,April,3.19,3.17
3/31/2025 1:15,April,3.17,3.15
3/31/2025 1:20,April,3.06,3.04
3/31/2025 1:25,April,3,2.98
3/31/2025 1:30,April,3,2.98
3/31/2025 1:35,April,3.06,3.04
3/31/2025 1:40,April,3.02,3.01
3/31/2025 1:45,April,2.99,2.97
3/31/2025 1:50,April,2.99,2.98
3/31/2025 1:55,April,2.99,2.97
3/31/2025 2:00,April,2.99,2.97
3/31/2025 2:05,April,2.99,2.98
3/31/2025 2:10,April,2.99,2.97
3/31/2025 2:15,April,2.99,2.98
3/31/2025 2:20,April,2.92,2.91
3/31/2025 2:25,April,2.99,2.97
3/31/2025 2:30,April,2.99,2.97
3/31/2025 2:35,April,2.96,2.95
3/31/2025 2:40,April,2.99,2.97
3/31/2025 2:45,April,2.99,2.97
3/31/2025 2:50,April,2.9,2.89
3/31/2025 2:55,April,2.47,2.46
3/31/2025 3:00,April,2.54,2.53
3/31/2025 3:05,April,2.29,2.28
3/31/2025 3:10,April,2.47,2.46
3/31/2025 3:15,April,2.47,2.46
3/31/2025 3:20,April,2.53,2.51
3/31/2025 3:25,April,2.52,2.51
3/31/2025 3:30,April,2.24,2.23
3/31/2025 3:35,April,2.29,2.28
3/31/2025 3:40,April,2.47,2.46
3/31/2025 3:45,April,2.47,2.46
3/31/2025 3:50,April,2.29,2.28
3/31/2025 3:55,April,2.47,2.46
3/31/2025 4:00,April,2.29,2.28
3/31/2025 4:05,April,2.47,2.46
3/31/2025 4:10,April,2.98,2.97
3/31/2025 4:15,April,2.92,2.9
3/31/2025 4:20,April,2.99,2.97
3/31/2025 4:25,April,2.99,2.98
3/31/2025 4:30,April,2.99,2.97
3/31/2025 4:35,April,3.16,3.15
3/31/2025 4:40,April,3.16,3.15
3/31/2025 4:45,April,3.27,3.25
3/31/2025 4:50,April,2.99,2.98
3/31/2025 4:55,April,3.15,3.14
3/31/2025 5:00,April,2.99,2.97
3/31/2025 5:05,April,3.18,3.16
3/31/2025 5:10,April,3.17,3.15
3/31/2025 5:15,April,3.17,3.15
3/31/2025 5:20,April,3.17,3.15
3/31/2025 5:25,April,3.28,3.26
3/31/2025 5:30,April,3.27,3.25
3/31/2025 5:35,April,3.27,3.25
3/31/2025 5:40,April,3.33,3.31
3/31/2025 5:45,April,3.28,3.26
3/31/2025 5:50,April,3.28,3.26
3/31/2025 5:55,April,3.28,3.26
3/31/2025 6:00,April,3.31,3.29
3/31/2025 6:05,April,3.27,3.25
3/31/2025 6:10,April,3.3,3.28
3/31/2025 6:15,April,3.16,3.15
3/31/2025 6:20,April,2.97,2.96
3/31/2025 6:25,April,2.77,2.76
3/31/2025 6:30,April,1.98,1.97
3/31/2025 6:35,April,2.98,2.97
3/31/2025 6:40,April,2.97,2.97
3/31/2025 6:45,April,2.22,2.21
3/31/2025 6:50,April,0,0
3/31/2025 6:55,April,2.1,2.1
3/31/2025 7:00,April,2.45,2.45
3/31/2025 7:05,April,0,0
3/31/2025 7:10,April,0,0
3/31/2025 7:15,April,2.1,2.1
3/31/2025 7:20,April,2.95,2.95
3/31/2025 7:25,April,2.94,2.94
3/31/2025 7:30,April,3.11,3.11
3/31/2025 7:35,April,2.94,2.95
3/31/2025 7:40,April,3,3.01
3/31/2025 7:45,April,3.23,3.24
3/31/2025 7:50,April,3.14,3.15
3/31/2025 7:55,April,4.68,4.7
3/31/2025 8:00,April,3.27,3.28
3/31/2025 8:05,April,0,0
3/31/2025 8:10,April,2.94,2.95
3/31/2025 8:15,April,3.22,3.24
3/31/2025 8:20,April,3,3.01
3/31/2025 8:25,April,3.07,3.08
3/31/2025 8:30,April,3.52,3.53
3/31/2025 8:35,April,3.22,3.23
3/31/2025 8:40,April,3.22,3.23
3/31/2025 8:45,April,3.13,3.14
3/31/2025 8:50,April,3.1,3.11
3/31/2025 8:55,April,3.13,3.14
3/31/2025 9:00,April,3.23,3.24
3/31/2025 9:05,April,0,0
3/31/2025 9:10,April,0,0
3/31/2025 9:15,April,0,0
3/31/2025 9:20,April,2.74,2.76
3/31/2025 9:25,April,2.92,2.94
3/31/2025 9:30,April,2.98,3
3/31/2025 9:35,April,2.92,2.94
3/31/2025 9:40,April,3.5,3.52
3/31/2025 9:45,April,3.22,3.24
3/31/2025 9:50,April,3.5,3.53
3/31/2025 9:55,April,3.22,3.24
3/31/2025 10:00,April,3.22,3.24
3/31/2025 10:05,April,0,0
3/31/2025 10:10,April,2.81,2.83
3/31/2025 10:15,April,2.91,2.93
3/31/2025 10:20,April,2.92,2.94
3/31/2025 10:25,April,2.91,2.93
3/31/2025 10:30,April,2.81,2.83
3/31/2025 10:35,April,2.91,2.93
3/31/2025 10:40,April,3.5,3.52
3/31/2025 10:45,April,3.03,3.05
3/31/2025 10:50,April,3.21,3.23
3/31/2025 10:55,April,4.74,4.77
3/31/2025 11:00,April,3.22,3.24
3/31/2025 11:05,April,3.05,3.08
3/31/2025 11:10,April,3.22,3.24
3/31/2025 11:15,April,3.21,3.23
3/31/2025 11:20,April,3.49,3.51
3/31/2025 11:25,April,3.32,3.33
3/31/2025 11:30,April,3.33,3.35
3/31/2025 11:35,April,3.35,3.36
3/31/2025 11:40,April,3.33,3.35
3/31/2025 11:45,April,3.33,3.35
3/31/2025 11:50,April,3.33,3.35
3/31/2025 11:55,April,3.23,3.25
3/31/2025 12:00,April,3.23,3.25
3/31/2025 12:05,April,2.08,2.09
3/31/2025 12:10,April,3.23,3.25
3/31/2025 12:15,April,3.23,3.24
3/31/2025 12:20,April,3.23,3.25
3/31/2025 12:25,April,2.93,2.95
3/31/2025 12:30,April,3.03,3.04
3/31/2025 12:35,April,3.02,3.04
3/31/2025 12:40,April,3.03,3.04
3/31/2025 12:45,April,3.03,3.04
3/31/2025 12:50,April,3.05,3.06
3/31/2025 12:55,April,3.23,3.24
3/31/2025 13:00,April,3.49,3.5
3/31/2025 13:05,April,14.76,14.84
3/31/2025 13:10,April,6.14,6.17
3/31/2025 13:15,April,6.13,6.16
3/31/2025 13:20,April,3.56,3.57
3/31/2025 13:25,April,3.33,3.35
3/31/2025 13:30,April,4.33,4.34
3/31/2025 13:35,April,3.4,3.41
3/31/2025 13:40,April,4.77,4.79
3/31/2025 13:45,April,3.33,3.35
3/31/2025 13:50,April,3.4,3.41
3/31/2025 13:55,April,4.85,4.87
3/31/2025 14:00,April,3.34,3.36
3/31/2025 14:05,April,5.6,5.63
3/31/2025 14:10,April,4.87,4.89
3/31/2025 14:15,April,4.86,4.88
3/31/2025 14:20,April,4.81,4.83
3/31/2025 14:25,April,4.85,4.87
3/31/2025 14:30,April,4.85,4.87
3/31/2025 14:35,April,4.85,4.88
3/31/2025 14:40,April,4.86,4.88
3/31/2025 14:45,April,4.87,4.89
3/31/2025 14:50,April,5.6,5.62
3/31/2025 14:55,April,4.89,4.9
3/31/2025 15:00,April,3.51,3.52
3/31/2025 15:05,April,4.82,4.84
3/31/2025 15:10,April,4.82,4.85
3/31/2025 15:15,April,4.79,4.81
3/31/2025 15:20,April,4.9,4.91
3/31/2025 15:25,April,15,15.07
3/31/2025 15:30,April,6.2,6.23
3/31/2025 15:35,April,12.47,12.51
3/31/2025 15:40,April,6.83,6.84
3/31/2025 15:45,April,6.01,6.02
3/31/2025 15:50,April,6.25,6.26
3/31/2025 15:55,April,6.23,6.24
3/31/2025 16:00,April,14.84,14.86
3/31/2025 16:05,April,14.99,15.01
3/31/2025 16:10,April,14.88,14.89
3/31/2025 16:15,April,11.72,11.71
3/31/2025 16:20,April,10.92,10.9
3/31/2025 16:25,April,10.94,10.91
3/31/2025 16:30,April,13.38,13.34
3/31/2025 16:35,April,14.64,14.6
3/31/2025 16:40,April,14.83,14.83
3/31/2025 16:45,April,14.96,14.95
3/31/2025 16:50,April,13.61,13.59
3/31/2025 16:55,April,12.72,12.7
3/31/2025 17:00,April,3.85,3.84
3/31/2025 17:05,April,2.96,2.95
3/31/2025 17:10,April,3.2,3.19
3/31/2025 17:15,April,3.31,3.3
3/31/2025 17:20,April,3.89,3.87
3/31/2025 17:25,April,3.85,3.83
3/31/2025 17:30,April,4.53,4.51
3/31/2025 17:35,April,5.77,5.74
3/31/2025 17:40,April,3.74,3.72
3/31/2025 17:45,April,4.48,4.45
3/31/2025 17:50,April,4.49,4.46
3/31/2025 17:55,April,4.49,4.46
3/31/2025 18:00,April,4.6,4.57
3/31/2025 18:05,April,5,4.96
3/31/2025 18:10,April,5.1,5.06
3/31/2025 18:15,April,5.56,5.51
3/31/2025 18:20,April,6.38,6.32
3/31/2025 18:25,April,6.36,6.3
3/31/2025 18:30,April,6.36,6.31
3/31/2025 18:35,April,6.4,6.34
3/31/2025 18:40,April,6.37,6.32
3/31/2025 18:45,April,6.39,6.33
3/31/2025 18:50,April,5.9,5.85
3/31/2025 18:55,April,5.9,5.84
3/31/2025 19:00,April,5.17,5.12
3/31/2025 19:05,April,5.01,4.96
3/31/2025 19:10,April,5.01,4.97
3/31/2025 19:15,April,5,4.96
3/31/2025 19:20,April,5,4.95
3/31/2025 19:25,April,5.83,5.78
3/31/2025 19:30,April,5.01,4.96
3/31/2025 19:35,April,5.1,5.05
3/31/2025 19:40,April,5.01,4.96
3/31/2025 19:45,April,5.09,5.04
3/31/2025 19:50,April,5.01,4.96
3/31/2025 19:55,April,5.01,4.96
3/31/2025 20:00,April,5,4.95
3/31/2025 20:05,April,6.36,6.3
3/31/2025 20:10,April,5.14,5.09
3/31/2025 20:15,April,5.13,5.08
3/31/2025 20:20,April,5.14,5.09
3/31/2025 20:25,April,5.14,5.09
3/31/2025 20:30,April,5.14,5.09
3/31/2025 20:35,April,5.15,5.1
3/31/2025 20:40,April,5.15,5.1
3/31/2025 20:45,April,5.15,5.1
3/31/2025 20:50,April,5.14,5.1
3/31/2025 20:55,April,5.13,5.09
3/31/2025 21:00,April,5.13,5.08
3/31/2025 21:05,April,12.5,12.39
3/31/2025 21:10,April,5.88,5.82
3/31/2025 21:15,April,5.15,5.11
3/31/2025 21:20,April,5.87,5.82
3/31/2025 21:25,April,6.34,6.29
3/31/2025 21:30,April,6.34,6.29
3/31/2025 21:35,April,5.88,5.83
3/31/2025 21:40,April,5.16,5.11
3/31/2025 21:45,April,5.14,5.09
3/31/2025 21:50,April,4.84,4.8
3/31/2025 21:55,April,5,4.96
3/31/2025 22:00,April,4.17,4.14
3/31/2025 22:05,April,5.8,5.76
3/31/2025 22:10,April,3.93,3.9
3/31/2025 22:15,April,3.94,3.91
3/31/2025 22:20,April,3.94,3.91
3/31/2025 22:25,April,3.95,3.92
3/31/2025 22:30,April,3.88,3.85
3/31/2025 22:35,April,3.94,3.9
3/31/2025 22:40,April,3.93,3.9
3/31/2025 22:45,April,3.92,3.89
3/31/2025 22:50,April,3.92,3.89
3/31/2025 22:55,April,3.87,3.84
3/31/2025 23:00,April,3.67,3.64
3/31/2025 23:05,April,4.96,4.93
3/31/2025 23:10,April,3.88,3.85
3/31/2025 23:15,April,3.87,3.85
3/31/2025 23:20,April,3.58,3.55
3/31/2025 23:25,April,3.52,3.49
3/31/2025 23:30,April,3.51,3.49
3/31/2025 23:35,April,3.8,3.77
3/31/2025 23:40,April,3.7,3.67
3/31/2025 23:45,April,3.52,3.5
3/31/2025 23:50,April,3.5,3.47
3/31/2025 23:55,April,3.49,3.47
4/1/2025 0:00,April,3.49,3.47
4/1/2025 0:05,April,14.63,14.53
4/1/2025 0:10,April,6.31,6.26
4/1/2025 0:15,April,4.56,4.52
4/1/2025 0:20,April,4.65,4.61
4/1/2025 0:25,April,3.43,3.4
4/1/2025 0:30,April,3.8,3.77
4/1/2025 0:35,April,3.51,3.49
4/1/2025 0:40,April,3.7,3.67
4/1/2025 0:45,April,3.56,3.53
4/1/2025 0:50,April,3.42,3.39
4/1/2025 0:55,April,3.52,3.49
4/1/2025 1:00,April,3.41,3.39
4/1/2025 1:05,April,3.43,3.4
4/1/2025 1:10,April,3.42,3.39
4/1/2025 1:15,April,3.42,3.39
4/1/2025 1:20,April,3.42,3.39
4/1/2025 1:25,April,3.52,3.49
4/1/2025 1:30,April,3.42,3.39
4/1/2025 1:35,April,3.42,3.39
4/1/2025 1:40,April,3.43,3.4
4/1/2025 1:45,April,3.42,3.4
4/1/2025 1:50,April,3.43,3.4
4/1/2025 1:55,April,3.42,3.39
4/1/2025 2:00,April,3.4,3.37
4/1/2025 2:05,April,3.52,3.49
4/1/2025 2:10,April,3.57,3.55
4/1/2025 2:15,April,3.8,3.77
4/1/2025 2:20,April,3.8,3.77
4/1/2025 2:25,April,3.62,3.6
4/1/2025 2:30,April,3.51,3.49
4/1/2025 2:35,April,3.55,3.52
4/1/2025 2:40,April,3.51,3.49
4/1/2025 2:45,April,3.59,3.57
4/1/2025 2:50,April,3.51,3.49
4/1/2025 2:55,April,3.51,3.49
4/1/2025 3:00,April,3.51,3.49
4/1/2025 3:05,April,3.48,3.46
4/1/2025 3:10,April,3.51,3.49
4/1/2025 3:15,April,3.48,3.46
4/1/2025 3:20,April,3.48,3.46
4/1/2025 3:25,April,3.48,3.46
4/1/2025 3:30,April,3.46,3.44
4/1/2025 3:35,April,3.48,3.46
4/1/2025 3:40,April,3.46,3.44
4/1/2025 3:45,April,3.48,3.46
4/1/2025 3:50,April,3.46,3.44
4/1/2025 3:55,April,3.46,3.44
4/1/2025 4:00,April,3.4,3.37
4/1/2025 4:05,April,3.39,3.37
4/1/2025 4:10,April,3.4,3.37
4/1/2025 4:15,April,3.4,3.38
4/1/2025 4:20,April,3.4,3.38
4/1/2025 4:25,April,3.37,3.35
4/1/2025 4:30,April,3.39,3.37
4/1/2025 4:35,April,3.39,3.37
4/1/2025 4:40,April,3.39,3.37
4/1/2025 4:45,April,3.39,3.37
4/1/2025 4:50,April,3.48,3.45
4/1/2025 4:55,April,3.39,3.37
4/1/2025 5:00,April,3.37,3.35
4/1/2025 5:05,April,0,0
4/1/2025 5:10,April,3.02,3
4/1/2025 5:15,April,2.93,2.91
4/1/2025 5:20,April,2.81,2.79
4/1/2025 5:25,April,2.98,2.96
4/1/2025 5:30,April,2.95,2.93
4/1/2025 5:35,April,2.98,2.96
4/1/2025 5:40,April,2.97,2.96
4/1/2025 5:45,April,2.97,2.95
4/1/2025 5:50,April,2.95,2.93
4/1/2025 5:55,April,2.95,2.93
4/1/2025 6:00,April,2.97,2.95
4/1/2025 6:05,April,0,0
4/1/2025 6:10,April,0,0
4/1/2025 6:15,April,0,0
4/1/2025 6:20,April,0,0
4/1/2025 6:25,April,0,0
4/1/2025 6:30,April,0,0
4/1/2025 6:35,April,2.35,2.34
4/1/2025 6:40,April,2.35,2.34
4/1/2025 6:45,April,2.35,2.34
4/1/2025 6:50,April,2.35,2.34
4/1/2025 6:55,April,2.63,2.62
4/1/2025 7:00,April,2.95,2.94
4/1/2025 7:05,April,0,0
4/1/2025 7:10,April,2.55,2.54
4/1/2025 7:15,April,2.34,2.34
4/1/2025 7:20,April,2.76,2.76
4/1/2025 7:25,April,3.07,3.06
4/1/2025 7:30,April,2.94,2.94
4/1/2025 7:35,April,2.94,2.94
4/1/2025 7:40,April,3.23,3.22
4/1/2025 7:45,April,3.19,3.19
4/1/2025 7:50,April,3.15,3.16
4/1/2025 7:55,April,3.33,3.33
4/1/2025 8:00,April,3.35,3.35
4/1/2025 8:05,April,0,0
4/1/2025 8:10,April,0,0
4/1/2025 8:15,April,0,0
4/1/2025 8:20,April,0,0
4/1/2025 8:25,April,0,0
4/1/2025 8:30,April,2.73,2.74
4/1/2025 8:35,April,2.55,2.57
4/1/2025 8:40,April,2.72,2.74
4/1/2025 8:45,April,2.91,2.93
4/1/2025 8:50,April,2.77,2.79
4/1/2025 8:55,April,2.77,2.79
4/1/2025 9:00,April,2.91,2.93
4/1/2025 9:05,April,0,0
4/1/2025 9:10,April,0,0
4/1/2025 9:15,April,0,0
4/1/2025 9:20,April,2.31,2.32
4/1/2025 9:25,April,2.52,2.53
4/1/2025 9:30,April,0,0
4/1/2025 9:35,April,2.3,2.32
4/1/2025 9:40,April,2.48,2.49
4/1/2025 9:45,April,2.73,2.75
4/1/2025 9:50,April,1.3,1.3
4/1/2025 9:55,April,2.89,2.91
4/1/2025 10:00,April,2.78,2.79
4/1/2025 10:05,April,2.73,2.74
4/1/2025 10:10,April,3.2,3.21
4/1/2025 10:15,April,3.48,3.49
4/1/2025 10:20,April,3.2,3.22
4/1/2025 10:25,April,3.21,3.22
4/1/2025 10:30,April,3.21,3.22
4/1/2025 10:35,April,3.13,3.14
4/1/2025 10:40,April,3.13,3.15
4/1/2025 10:45,April,2.99,3
4/1/2025 10:50,April,2.92,2.93
4/1/2025 10:55,April,3.09,3.1
4/1/2025 11:00,April,3.09,3.1
4/1/2025 11:05,April,2.82,2.83
4/1/2025 11:10,April,2.91,2.92
4/1/2025 11:15,April,2.98,2.99
4/1/2025 11:20,April,2.82,2.83
4/1/2025 11:25,April,2.75,2.76
4/1/2025 11:30,April,2.76,2.77
4/1/2025 11:35,April,1.29,1.3
4/1/2025 11:40,April,2.73,2.74
4/1/2025 11:45,April,2.7,2.71
4/1/2025 11:50,April,2.73,2.74
4/1/2025 11:55,April,2.31,2.31
4/1/2025 12:00,April,1.29,1.3
4/1/2025 12:05,April,0,0
4/1/2025 12:10,April,1.38,1.39
4/1/2025 12:15,April,2.21,2.22
4/1/2025 12:20,April,2.31,2.32
4/1/2025 12:25,April,2.73,2.74
4/1/2025 12:30,April,2.74,2.75
4/1/2025 12:35,April,2.31,2.32
4/1/2025 12:40,April,2.73,2.74
4/1/2025 12:45,April,3.13,3.14
4/1/2025 12:50,April,2.92,2.93
4/1/2025 12:55,April,2.92,2.93
4/1/2025 13:00,April,3.13,3.15
4/1/2025 13:05,April,2.99,3
4/1/2025 13:10,April,3.32,3.33
4/1/2025 13:15,April,3.33,3.34
4/1/2025 13:20,April,3.33,3.34
4/1/2025 13:25,April,3.33,3.34
4/1/2025 13:30,April,3.33,3.34
4/1/2025 13:35,April,3.73,3.74
4/1/2025 13:40,April,3.33,3.34
4/1/2025 13:45,April,3.3,3.31
4/1/2025 13:50,April,3.33,3.34
4/1/2025 13:55,April,3,3
4/1/2025 14:00,April,3.3,3.31
4/1/2025 14:05,April,3.85,3.86
4/1/2025 14:10,April,3.33,3.34
4/1/2025 14:15,April,3.22,3.23
4/1/2025 14:20,April,3.22,3.23
4/1/2025 14:25,April,2.82,2.83
4/1/2025 14:30,April,2.94,2.95
4/1/2025 14:35,April,3.18,3.18
4/1/2025 14:40,April,3.15,3.16
4/1/2025 14:45,April,3.14,3.15
4/1/2025 14:50,April,3.21,3.22
4/1/2025 14:55,April,3.47,3.49
4/1/2025 15:00,April,3.34,3.35
4/1/2025 15:05,April,4.91,4.92
4/1/2025 15:10,April,3.49,3.49
4/1/2025 15:15,April,3.35,3.36
4/1/2025 15:20,April,3.22,3.23
4/1/2025 15:25,April,3.35,3.36
4/1/2025 15:30,April,3.35,3.35
4/1/2025 15:35,April,3.84,3.84
4/1/2025 15:40,April,3.5,3.49
4/1/2025 15:45,April,3.36,3.35
4/1/2025 15:50,April,3.36,3.36
4/1/2025 15:55,April,3.17,3.17
4/1/2025 16:00,April,3.36,3.36
4/1/2025 16:05,April,3.5,3.5
4/1/2025 16:10,April,3.37,3.06
4/1/2025 16:15,April,3.5,3.5
4/1/2025 16:20,April,3.36,3.36
4/1/2025 16:25,April,3.47,3.47
4/1/2025 16:30,April,3.36,3.36
4/1/2025 16:35,April,3.5,3.5
4/1/2025 16:40,April,3.47,3.47
4/1/2025 16:45,April,3.47,3.47
4/1/2025 16:50,April,3.47,3.47
4/1/2025 16:55,April,3.47,3.47
4/1/2025 17:00,April,3.75,3.75
4/1/2025 17:05,April,4.07,4.07
4/1/2025 17:10,April,3.51,3.45
4/1/2025 17:15,April,3.46,3.46
4/1/2025 17:20,April,3.46,3.46
4/1/2025 17:25,April,3.75,3.75
4/1/2025 17:30,April,3.75,3.75
4/1/2025 17:35,April,5.09,5.09
4/1/2025 17:40,April,6.13,6.13
4/1/2025 17:45,April,6.13,6.13
4/1/2025 17:50,April,5.09,5.09
4/1/2025 17:55,April,6.14,6.14
4/1/2025 18:00,April,6.14,6.14
4/1/2025 18:05,April,7.64,7.64
4/1/2025 18:10,April,13.76,13.76
4/1/2025 18:15,April,16.23,16.23
4/1/2025 18:20,April,16.82,16.82
4/1/2025 18:25,April,19.57,19.57
4/1/2025 18:30,April,19.23,19.23
4/1/2025 18:35,April,19.24,19.24
4/1/2025 18:40,April,22.93,22.93
4/1/2025 18:45,April,18.04,17.9
4/1/2025 18:50,April,20.45,20.29
4/1/2025 18:55,April,17.67,17.52
4/1/2025 19:00,April,14.77,14.64
4/1/2025 19:05,April,12.69,12.55
4/1/2025 19:10,April,11.04,10.92
4/1/2025 19:15,April,6.77,6.7
4/1/2025 19:20,April,6.78,6.72
4/1/2025 19:25,April,6.16,6.11
4/1/2025 19:30,April,6.48,6.42
4/1/2025 19:35,April,6.47,6.42
4/1/2025 19:40,April,3.86,3.83
4/1/2025 19:45,April,5.02,4.97
4/1/2025 19:50,April,5.86,5.81
4/1/2025 19:55,April,5.02,4.98
4/1/2025 20:00,April,5.01,4.97
4/1/2025 20:05,April,12.21,12.11
4/1/2025 20:10,April,6.14,6.09
4/1/2025 20:15,April,6.41,6.35
4/1/2025 20:20,April,6.14,6.09
4/1/2025 20:25,April,5.85,5.8
4/1/2025 20:30,April,5.02,4.98
4/1/2025 20:35,April,5.02,4.98
4/1/2025 20:40,April,5.02,4.98
4/1/2025 20:45,April,7.85,7.79
4/1/2025 20:50,April,6.4,6.35
4/1/2025 20:55,April,5.84,5.79
4/1/2025 21:00,April,5.25,5.21
4/1/2025 21:05,April,25,24.79
4/1/2025 21:10,April,12.5,12.39
4/1/2025 21:15,April,6.43,6.38
4/1/2025 21:20,April,6.42,6.36
4/1/2025 21:25,April,5.95,5.9
4/1/2025 21:30,April,5.94,5.89
4/1/2025 21:35,April,5.21,5.16
4/1/2025 21:40,April,5.83,5.78
4/1/2025 21:45,April,5.21,5.16
4/1/2025 21:50,April,5.15,5.11
4/1/2025 21:55,April,5.42,5.37
4/1/2025 22:00,April,4.86,4.82
4/1/2025 22:05,April,5.78,5.74
4/1/2025 22:10,April,4.98,4.95
4/1/2025 22:15,April,4.91,4.88
4/1/2025 22:20,April,4.97,4.94
4/1/2025 22:25,April,4.25,4.22
4/1/2025 22:30,April,4.29,4.26
4/1/2025 22:35,April,4.09,4.06
4/1/2025 22:40,April,4.82,4.79
4/1/2025 22:45,April,4.29,4.26
4/1/2025 22:50,April,4.08,4.05
4/1/2025 22:55,April,4.08,4.05
4/1/2025 23:00,April,3.99,3.96
4/1/2025 23:05,April,5.74,5.7
4/1/2025 23:10,April,4.77,4.74
4/1/2025 23:15,April,4.09,4.06
4/1/2025 23:20,April,4.09,4.06
4/1/2025 23:25,April,3.63,3.61
4/1/2025 23:30,April,3.6,3.57
4/1/2025 23:35,April,3.49,3.46
4/1/2025 23:40,April,3.55,3.52
4/1/2025 23:45,April,3.61,3.59
4/1/2025 23:50,April,3.59,3.56
4/1/2025 23:55,April,3.55,3.52
4/2/2025 0:00,April,3.55,3.52
4/2/2025 0:05,April,14.86,14.75
4/2/2025 0:10,April,5.74,5.7
4/2/2025 0:15,April,3.97,3.94
4/2/2025 0:20,April,3.84,3.81
4/2/2025 0:25,April,3.55,3.53
4/2/2025 0:30,April,3.55,3.52
4/2/2025 0:35,April,3.52,3.49
4/2/2025 0:40,April,3.96,3.93
4/2/2025 0:45,April,3.75,3.73
4/2/2025 0:50,April,3.75,3.73
4/2/2025 0:55,April,3.75,3.73
4/2/2025 1:00,April,3.54,3.51
4/2/2025 1:05,April,3.83,3.8
4/2/2025 1:10,April,3.83,3.8
4/2/2025 1:15,April,3.5,3.47
4/2/2025 1:20,April,3.42,3.4
4/2/2025 1:25,April,3.42,3.4
4/2/2025 1:30,April,3.42,3.4
4/2/2025 1:35,April,3.38,3.36
4/2/2025 1:40,April,3.38,3.36
4/2/2025 1:45,April,3.42,3.39
4/2/2025 1:50,April,3.38,3.36
4/2/2025 1:55,April,3.34,3.32
4/2/2025 2:00,April,3.39,3.36
4/2/2025 2:05,April,3.39,3.37
4/2/2025 2:10,April,3.39,3.37
4/2/2025 2:15,April,3.34,3.32
4/2/2025 2:20,April,3.38,3.35
4/2/2025 2:25,April,3.41,3.39
4/2/2025 2:30,April,3.37,3.35
4/2/2025 2:35,April,3.22,3.2
4/2/2025 2:40,April,3.22,3.2
4/2/2025 2:45,April,3.22,3.2
4/2/2025 2:50,April,3,2.98
4/2/2025 2:55,April,3.22,3.2
4/2/2025 3:00,April,3,2.98
4/2/2025 3:05,April,2.59,2.57
4/2/2025 3:10,April,3,2.98
4/2/2025 3:15,April,3.01,3
4/2/2025 3:20,April,3.26,3.24
4/2/2025 3:25,April,3.22,3.2
4/2/2025 3:30,April,3.02,3
4/2/2025 3:35,April,3.22,3.2
4/2/2025 3:40,April,3.01,2.99
4/2/2025 3:45,April,3.02,3
4/2/2025 3:50,April,3.22,3.2
4/2/2025 3:55,April,3,2.98
4/2/2025 4:00,April,3.02,3
4/2/2025 4:05,April,3.02,3
4/2/2025 4:10,April,3.03,3.01
4/2/2025 4:15,April,3.22,3.2
4/2/2025 4:20,April,3.22,3.2
4/2/2025 4:25,April,3.26,3.24
4/2/2025 4:30,April,3.55,3.53
4/2/2025 4:35,April,3.42,3.4
4/2/2025 4:40,April,3.42,3.4
4/2/2025 4:45,April,3.42,3.4
4/2/2025 4:50,April,3.42,3.4
4/2/2025 4:55,April,3.29,3.27
4/2/2025 5:00,April,3.41,3.4
4/2/2025 5:05,April,0,0
4/2/2025 5:10,April,3.25,3.23
4/2/2025 5:15,April,3.48,3.45
4/2/2025 5:20,April,3.48,3.45
4/2/2025 5:25,April,3.48,3.45
4/2/2025 5:30,April,3.42,3.4
4/2/2025 5:35,April,3.42,3.4
4/2/2025 5:40,April,3.47,3.45
4/2/2025 5:45,April,3.47,3.45
4/2/2025 5:50,April,3.47,3.45
4/2/2025 5:55,April,3.47,3.45
4/2/2025 6:00,April,3.43,3.4
4/2/2025 6:05,April,0,0
4/2/2025 6:10,April,2.27,2.27
4/2/2025 6:15,April,2.6,2.6
4/2/2025 6:20,April,3.02,3.01
4/2/2025 6:25,April,2.37,2.36
4/2/2025 6:30,April,2.28,2.27
4/2/2025 6:35,April,1.4,1.39
4/2/2025 6:40,April,2.36,2.36
4/2/2025 6:45,April,2.52,2.51
4/2/2025 6:50,April,2.36,2.35
4/2/2025 6:55,April,2.27,2.27
4/2/2025 7:00,April,2.35,2.35
4/2/2025 7:05,April,0,0
4/2/2025 7:10,April,0,0
4/2/2025 7:15,April,0,0
4/2/2025 7:20,April,2.95,2.95
4/2/2025 7:25,April,2.34,2.35
4/2/2025 7:30,April,2.95,2.95
4/2/2025 7:35,April,2.95,2.95
4/2/2025 7:40,April,2.95,2.95
4/2/2025 7:45,April,2.95,2.95
4/2/2025 7:50,April,2.98,2.99
4/2/2025 7:55,April,3.17,3.17
4/2/2025 8:00,April,4.59,4.6
4/2/2025 8:05,April,2.31,2.32
4/2/2025 8:10,April,3.13,3.14
4/2/2025 8:15,April,3.23,3.23
4/2/2025 8:20,April,3.18,3.18
4/2/2025 8:25,April,3.17,3.18
4/2/2025 8:30,April,2.78,2.78
4/2/2025 8:35,April,3.16,3.16
4/2/2025 8:40,April,3.17,3.17
4/2/2025 8:45,April,3.37,3.37
4/2/2025 8:50,April,3.44,3.44
4/2/2025 8:55,April,4.25,4.26
4/2/2025 9:00,April,3.77,3.78
4/2/2025 9:05,April,0,0
4/2/2025 9:10,April,3.12,3.14
4/2/2025 9:15,April,2.28,2.3
4/2/2025 9:20,April,3.3,3.32
4/2/2025 9:25,April,3.34,3.36
4/2/2025 9:30,April,3.49,3.51
4/2/2025 9:35,April,3.33,3.35
4/2/2025 9:40,April,3.33,3.35
4/2/2025 9:45,April,3.33,3.35
4/2/2025 9:50,April,3.41,3.44
4/2/2025 9:55,April,3.41,3.44
4/2/2025 10:00,April,3.41,3.44
4/2/2025 10:05,April,3.14,3.16
4/2/2025 10:10,April,3.2,3.22
4/2/2025 10:15,April,3.32,3.34
4/2/2025 10:20,April,4.22,4.25
4/2/2025 10:25,April,3.94,3.97
4/2/2025 10:30,April,3.72,3.74
4/2/2025 10:35,April,3.48,3.51
4/2/2025 10:40,April,3.72,3.75
4/2/2025 10:45,April,3.71,3.74
4/2/2025 10:50,April,3.6,3.63
4/2/2025 10:55,April,3.48,3.5
4/2/2025 11:00,April,3.48,3.5
4/2/2025 11:05,April,3.42,3.45
4/2/2025 11:10,April,3.42,3.45
4/2/2025 11:15,April,3.46,3.49
4/2/2025 11:20,April,3.42,3.45
4/2/2025 11:25,April,3.69,3.73
4/2/2025 11:30,April,3.46,3.49
4/2/2025 11:35,April,3.42,3.45
4/2/2025 11:40,April,3.69,3.73
4/2/2025 11:45,April,3.44,3.47
4/2/2025 11:50,April,3.46,3.49
4/2/2025 11:55,April,3.4,3.43
4/2/2025 12:00,April,3.3,3.33
4/2/2025 12:05,April,3.27,3.31
4/2/2025 12:10,April,3.3,3.34
4/2/2025 12:15,April,3.4,3.44
4/2/2025 12:20,April,3.4,3.44
4/2/2025 12:25,April,3.42,3.45
4/2/2025 12:30,April,6.18,6.25
4/2/2025 12:35,April,3.7,3.74
4/2/2025 12:40,April,3.67,3.71
4/2/2025 12:45,April,3.27,3.31
4/2/2025 12:50,April,3.41,3.44
4/2/2025 12:55,April,3.41,3.45
4/2/2025 13:00,April,3.55,3.59
4/2/2025 13:05,April,3.42,3.45
4/2/2025 13:10,April,4.21,4.24
4/2/2025 13:15,April,5.63,5.67
4/2/2025 13:20,April,4.86,4.89
4/2/2025 13:25,April,4.85,4.89
4/2/2025 13:30,April,4.65,4.69
4/2/2025 13:35,April,4.66,4.69
4/2/2025 13:40,April,4.45,4.48
4/2/2025 13:45,April,4.78,4.82
4/2/2025 13:50,April,4.6,4.64
4/2/2025 13:55,April,4.4,4.43
4/2/2025 14:00,April,4.07,4.1
4/2/2025 14:05,April,4.29,4.32
4/2/2025 14:10,April,4.5,4.54
4/2/2025 14:15,April,5.34,5.38
4/2/2025 14:20,April,3.81,3.84
4/2/2025 14:25,April,3.97,4
4/2/2025 14:30,April,4.22,4.24
4/2/2025 14:35,April,4.51,4.54
4/2/2025 14:40,April,5.84,5.88
4/2/2025 14:45,April,5.85,5.89
4/2/2025 14:50,April,5.86,5.9
4/2/2025 14:55,April,8.71,8.78
4/2/2025 15:00,April,5.75,5.78
4/2/2025 15:05,April,5.88,5.9
4/2/2025 15:10,April,4.46,4.48
4/2/2025 15:15,April,4.22,4.24
4/2/2025 15:20,April,6.47,6.5
4/2/2025 15:25,April,6.58,6.6
4/2/2025 15:30,April,4.41,4.43
4/2/2025 15:35,April,2.9,2.91
4/2/2025 15:40,April,4.2,4.21
4/2/2025 15:45,April,4.71,4.72
4/2/2025 15:50,April,13.15,13.18
4/2/2025 15:55,April,7.89,7.9
4/2/2025 16:00,April,7.78,7.79
4/2/2025 16:05,April,10.32,10.33
4/2/2025 16:10,April,7.73,7.74
4/2/2025 16:15,April,6.57,6.57
4/2/2025 16:20,April,5.93,5.93
4/2/2025 16:25,April,5.93,5.93
4/2/2025 16:30,April,5.43,5.43
4/2/2025 16:35,April,6.58,6.57
4/2/2025 16:40,April,6.64,6.63
4/2/2025 16:45,April,5.95,5.94
4/2/2025 16:50,April,5.95,5.94
4/2/2025 16:55,April,5.95,5.93
4/2/2025 17:00,April,4.33,4.32
4/2/2025 17:05,April,3.49,3.48
4/2/2025 17:10,April,2.95,2.94
4/2/2025 17:15,April,3.38,3.37
4/2/2025 17:20,April,3.97,3.95
4/2/2025 17:25,April,4.05,4.03
4/2/2025 17:30,April,4.05,4.03
4/2/2025 17:35,April,4.27,4.25
4/2/2025 17:40,April,4.54,4.51
4/2/2025 17:45,April,4.66,4.63
4/2/2025 17:50,April,5.99,5.96
4/2/2025 17:55,April,5.99,5.95
4/2/2025 18:00,April,6,5.96
4/2/2025 18:05,April,10.34,10.27
4/2/2025 18:10,April,4.57,4.54
4/2/2025 18:15,April,14.99,14.87
4/2/2025 18:20,April,13.79,13.67
4/2/2025 18:25,April,14.37,14.24
4/2/2025 18:30,April,12.59,12.48
4/2/2025 18:35,April,12.57,12.45
4/2/2025 18:40,April,12.88,12.76
4/2/2025 18:45,April,12.58,12.47
4/2/2025 18:50,April,9.07,8.99
4/2/2025 18:55,April,9.08,8.99
4/2/2025 19:00,April,9.07,8.99
4/2/2025 19:05,April,6.73,6.67
4/2/2025 19:10,April,6.74,6.69
4/2/2025 19:15,April,6.02,5.97
4/2/2025 19:20,April,5.53,5.49
4/2/2025 19:25,April,7.88,7.82
4/2/2025 19:30,April,6.02,5.97
4/2/2025 19:35,April,6.02,5.97
4/2/2025 19:40,April,6.01,5.97
4/2/2025 19:45,April,6,5.96
4/2/2025 19:50,April,6,5.95
4/2/2025 19:55,April,6.01,5.96
4/2/2025 20:00,April,6,5.95
4/2/2025 20:05,April,12.94,12.82
4/2/2025 20:10,April,12.9,12.78
4/2/2025 20:15,April,11.02,10.92
4/2/2025 20:20,April,9.12,9.02
4/2/2025 20:25,April,9.09,9
4/2/2025 20:30,April,9.09,9
4/2/2025 20:35,April,9.08,8.99
4/2/2025 20:40,April,9.08,8.99
4/2/2025 20:45,April,6.86,6.8
4/2/2025 20:50,April,6.81,6.76
4/2/2025 20:55,April,6.16,6.11
4/2/2025 21:00,April,5,4.96
4/2/2025 21:05,April,15.86,15.75
4/2/2025 21:10,April,15.27,15.16
4/2/2025 21:15,April,13.89,13.79
4/2/2025 21:20,April,12.04,11.95
4/2/2025 21:25,April,9.23,9.16
4/2/2025 21:30,April,6.8,6.74
4/2/2025 21:35,April,14.88,14.76
4/2/2025 21:40,April,6.01,5.96
4/2/2025 21:45,April,6,5.96
4/2/2025 21:50,April,4.58,4.54
4/2/2025 21:55,April,4.56,4.52
4/2/2025 22:00,April,3.99,3.96
4/2/2025 22:05,April,6.47,6.43
4/2/2025 22:10,April,5.53,5.5
4/2/2025 22:15,April,5.53,5.5
4/2/2025 22:20,April,5.79,5.75
4/2/2025 22:25,April,5.02,4.99
4/2/2025 22:30,April,5.53,5.5
4/2/2025 22:35,April,5.53,5.49
4/2/2025 22:40,April,5.53,5.49
4/2/2025 22:45,April,5.53,5.49
4/2/2025 22:50,April,5.75,5.72
4/2/2025 22:55,April,5.75,5.72
4/2/2025 23:00,April,4.59,4.56
4/2/2025 23:05,April,12.97,12.9
4/2/2025 23:10,April,5.91,5.88
4/2/2025 23:15,April,5.74,5.71
4/2/2025 23:20,April,5.74,5.71
4/2/2025 23:25,April,5.74,5.71
4/2/2025 23:30,April,4.38,4.36
4/2/2025 23:35,April,6.31,6.28
4/2/2025 23:40,April,5.14,5.11
4/2/2025 23:45,April,5.13,5.11
4/2/2025 23:50,April,4.28,4.26
4/2/2025 23:55,April,4.29,4.27
4/3/2025 0:00,April,3.61,3.59
4/3/2025 0:05,April,6.31,6.28
4/3/2025 0:10,April,5.71,5.69
4/3/2025 0:15,April,4.24,4.22
4/3/2025 0:20,April,4.29,4.27
4/3/2025 0:25,April,2.9,2.88
4/3/2025 0:30,April,3.41,3.39
4/3/2025 0:35,April,3.48,3.46
4/3/2025 0:40,April,3.53,3.51
4/3/2025 0:45,April,3.53,3.51
4/3/2025 0:50,April,3.59,3.57
4/3/2025 0:55,April,3.26,3.24
4/3/2025 1:00,April,3.48,3.46
4/3/2025 1:05,April,3.54,3.51
4/3/2025 1:10,April,3.54,3.52
4/3/2025 1:15,April,3.54,3.52
4/3/2025 1:20,April,3.54,3.52
4/3/2025 1:25,April,3.54,3.51
4/3/2025 1:30,April,3.54,3.51
4/3/2025 1:35,April,3.54,3.51
4/3/2025 1:40,April,3.47,3.44
4/3/2025 1:45,April,3.48,3.46
4/3/2025 1:50,April,3.47,3.45
4/3/2025 1:55,April,3.48,3.46
4/3/2025 2:00,April,3.43,3.41
4/3/2025 2:05,April,3.48,3.46
4/3/2025 2:10,April,3.42,3.4
4/3/2025 2:15,April,3.42,3.4
4/3/2025 2:20,April,3.23,3.21
4/3/2025 2:25,April,3.42,3.4
4/3/2025 2:30,April,3.42,3.4
4/3/2025 2:35,April,3.42,3.4
4/3/2025 2:40,April,3.42,3.4
4/3/2025 2:45,April,3.37,3.35
4/3/2025 2:50,April,3.47,3.45
4/3/2025 2:55,April,3.42,3.4
4/3/2025 3:00,April,3.37,3.35
4/3/2025 3:05,April,3.41,3.39
4/3/2025 3:10,April,3.41,3.39
4/3/2025 3:15,April,3.41,3.39
4/3/2025 3:20,April,3.41,3.39
4/3/2025 3:25,April,3.41,3.39
4/3/2025 3:30,April,3.41,3.39
4/3/2025 3:35,April,3.41,3.39
4/3/2025 3:40,April,3.41,3.39
4/3/2025 3:45,April,3.41,3.39
4/3/2025 3:50,April,3.41,3.39
4/3/2025 3:55,April,3.41,3.39
4/3/2025 4:00,April,3.41,3.39
4/3/2025 4:05,April,3.48,3.45
4/3/2025 4:10,April,3.48,3.45
4/3/2025 4:15,April,3.48,3.45
4/3/2025 4:20,April,3.47,3.45
4/3/2025 4:25,April,3.47,3.45
4/3/2025 4:30,April,3.42,3.4
4/3/2025 4:35,April,3.45,3.43
4/3/2025 4:40,April,3.45,3.43
4/3/2025 4:45,April,3.43,3.41
4/3/2025 4:50,April,3.45,3.43
4/3/2025 4:55,April,3.47,3.44
4/3/2025 5:00,April,3.47,3.44
4/3/2025 5:05,April,3.48,3.46
4/3/2025 5:10,April,3.48,3.45
4/3/2025 5:15,April,3.48,3.45
4/3/2025 5:20,April,3.55,3.52
4/3/2025 5:25,April,3.54,3.52
4/3/2025 5:30,April,3.54,3.52
4/3/2025 5:35,April,3.53,3.51
4/3/2025 5:40,April,3.49,3.46
4/3/2025 5:45,April,3.53,3.51
4/3/2025 5:50,April,3.53,3.51
4/3/2025 5:55,April,3.54,3.52
4/3/2025 6:00,April,3.53,3.51
4/3/2025 6:05,April,0,0
4/3/2025 6:10,April,3.21,3.2
4/3/2025 6:15,April,3.41,3.39
4/3/2025 6:20,April,2.88,2.87
4/3/2025 6:25,April,2.99,2.98
4/3/2025 6:30,April,3.2,3.19
4/3/2025 6:35,April,2.37,2.36
4/3/2025 6:40,April,2.93,2.92
4/3/2025 6:45,April,2.92,2.91
4/3/2025 6:50,April,2.98,2.97
4/3/2025 6:55,April,2.97,2.97
4/3/2025 7:00,April,2.97,2.97
4/3/2025 7:05,April,0,0
4/3/2025 7:10,April,1.87,1.87
4/3/2025 7:15,April,2.96,2.96
4/3/2025 7:20,April,2.96,2.96
4/3/2025 7:25,April,2.96,2.96
4/3/2025 7:30,April,3.17,3.18
4/3/2025 7:35,April,3.03,3.03
4/3/2025 7:40,April,3.17,3.17
4/3/2025 7:45,April,3.36,3.37
4/3/2025 7:50,April,3.25,3.25
4/3/2025 7:55,April,3.4,3.41
4/3/2025 8:00,April,3.54,3.55
4/3/2025 8:05,April,2.69,2.69
4/3/2025 8:10,April,3.24,3.25
4/3/2025 8:15,April,3.13,3.13
4/3/2025 8:20,April,3.16,3.17
4/3/2025 8:25,April,3.36,3.37
4/3/2025 8:30,April,3.35,3.37
4/3/2025 8:35,April,3.42,3.44
4/3/2025 8:40,April,3.35,3.37
4/3/2025 8:45,April,3.35,3.37
4/3/2025 8:50,April,3.35,3.36
4/3/2025 8:55,April,3.31,3.33
4/3/2025 9:00,April,3.49,3.51
4/3/2025 9:05,April,0,0
4/3/2025 9:10,April,0,0
4/3/2025 9:15,April,0,0
4/3/2025 9:20,April,2.89,2.91
4/3/2025 9:25,April,3.08,3.11
4/3/2025 9:30,April,3.19,3.22
4/3/2025 9:35,April,3.32,3.35
4/3/2025 9:40,April,4.76,4.8
4/3/2025 9:45,April,4.75,4.8
4/3/2025 9:50,April,3.87,3.9
4/3/2025 9:55,April,3.78,3.81
4/3/2025 10:00,April,13.08,13.19
4/3/2025 10:05,April,2.97,2.99
4/3/2025 10:10,April,3.77,3.8
4/3/2025 10:15,April,3.71,3.74
4/3/2025 10:20,April,3.77,3.79
4/3/2025 10:25,April,3.86,3.89
4/3/2025 10:30,April,7.52,7.58
4/3/2025 10:35,April,5.63,5.68
4/3/2025 10:40,April,4.84,4.88
4/3/2025 10:45,April,4.02,4.06
4/3/2025 10:50,April,3.96,4
4/3/2025 10:55,April,3.98,4.01
4/3/2025 11:00,April,3.91,3.94
4/3/2025 11:05,April,3.71,3.74
4/3/2025 11:10,April,3.3,3.33
4/3/2025 11:15,April,2.87,2.89
4/3/2025 11:20,April,3.39,3.42
4/3/2025 11:25,April,3.42,3.45
4/3/2025 11:30,April,3.42,3.45
4/3/2025 11:35,April,3.47,3.5
4/3/2025 11:40,April,3.42,3.45
4/3/2025 11:45,April,3.41,3.43
4/3/2025 11:50,April,3.4,3.43
4/3/2025 11:55,April,3.39,3.41
4/3/2025 12:00,April,3.31,3.34
4/3/2025 12:05,April,3.03,3.05
4/3/2025 12:10,April,3.4,3.42
4/3/2025 12:15,April,3.4,3.42
4/3/2025 12:20,April,3.42,3.43
4/3/2025 12:25,April,3.41,3.43
4/3/2025 12:30,April,3.4,3.42
4/3/2025 12:35,April,3.42,3.43
4/3/2025 12:40,April,3.44,3.46
4/3/2025 12:45,April,3.56,3.58
4/3/2025 12:50,April,5.64,5.67
4/3/2025 12:55,April,4.03,4.06
4/3/2025 13:00,April,4.03,4.06
4/3/2025 13:05,April,5.64,5.67
4/3/2025 13:10,April,7.68,7.72
4/3/2025 13:15,April,5.63,5.66
4/3/2025 13:20,April,5.63,5.65
4/3/2025 13:25,April,5.63,5.65
4/3/2025 13:30,April,6.2,6.24
4/3/2025 13:35,April,6.21,6.24
4/3/2025 13:40,April,5.9,5.93
4/3/2025 13:45,April,5.63,5.67
4/3/2025 13:50,April,7.73,7.77
4/3/2025 13:55,April,6.19,6.23
4/3/2025 14:00,April,6.23,6.27
4/3/2025 14:05,April,15.37,15.47
4/3/2025 14:10,April,6.25,6.29
4/3/2025 14:15,April,4.86,4.89
4/3/2025 14:20,April,6.51,6.55
4/3/2025 14:25,April,7.83,7.87
4/3/2025 14:30,April,7.84,7.88
4/3/2025 14:35,April,8.74,8.77
4/3/2025 14:40,April,12.59,12.64
4/3/2025 14:45,April,12.6,12.65
4/3/2025 14:50,April,8.75,8.78
4/3/2025 14:55,April,12.57,12.61
4/3/2025 15:00,April,6.32,6.34
4/3/2025 15:05,April,9.03,9.05
4/3/2025 15:10,April,14.85,14.89
4/3/2025 15:15,April,12.51,12.54
4/3/2025 15:20,April,10.75,10.78
4/3/2025 15:25,April,15.08,15.1
4/3/2025 15:30,April,14.96,14.97
4/3/2025 15:35,April,14.18,14.18
4/3/2025 15:40,April,12.65,12.64
4/3/2025 15:45,April,13.68,13.67
4/3/2025 15:50,April,13.7,13.71
4/3/2025 15:55,April,13.7,13.71
4/3/2025 16:00,April,12.66,12.67
4/3/2025 16:05,April,13.17,13.18
4/3/2025 16:10,April,12.68,12.68
4/3/2025 16:15,April,13.19,13.18
4/3/2025 16:20,April,15.05,15.07
4/3/2025 16:25,April,12.67,12.67
4/3/2025 16:30,April,11.27,11.27
4/3/2025 16:35,April,12.46,12.44
4/3/2025 16:40,April,5.2,5.19
4/3/2025 16:45,April,5.21,5.19
4/3/2025 16:50,April,6.77,6.74
4/3/2025 16:55,April,6.79,6.77
4/3/2025 17:00,April,5.22,5.21
4/3/2025 17:05,April,3.08,3.07
4/3/2025 17:10,April,3.64,3.63
4/3/2025 17:15,April,3.8,3.78
4/3/2025 17:20,April,3.85,3.84
4/3/2025 17:25,April,4.52,4.5
4/3/2025 17:30,April,3.86,3.84
4/3/2025 17:35,April,4.52,4.5
4/3/2025 17:40,April,4.54,4.52
4/3/2025 17:45,April,4.55,4.52
4/3/2025 17:50,April,4.92,4.89
4/3/2025 17:55,April,5.97,5.94
4/3/2025 18:00,April,4.55,4.52
4/3/2025 18:05,April,5.18,5.14
4/3/2025 18:10,April,5.19,5.15
4/3/2025 18:15,April,5.21,5.17
4/3/2025 18:20,April,5.99,5.94
4/3/2025 18:25,April,5.22,5.18
4/3/2025 18:30,April,5.23,5.19
4/3/2025 18:35,April,6,5.95
4/3/2025 18:40,April,6,5.95
4/3/2025 18:45,April,5.99,5.95
4/3/2025 18:50,April,5.98,5.94
4/3/2025 18:55,April,5.23,5.19
4/3/2025 19:00,April,5.22,5.18
4/3/2025 19:05,April,5.22,5.17
4/3/2025 19:10,April,6.51,6.46
4/3/2025 19:15,April,6.51,6.45
4/3/2025 19:20,April,6.5,6.45
4/3/2025 19:25,April,6.49,6.44
4/3/2025 19:30,April,6.49,6.44
4/3/2025 19:35,April,6.48,6.42
4/3/2025 19:40,April,6.47,6.42
4/3/2025 19:45,April,5.22,5.18
4/3/2025 19:50,April,5.23,5.18
4/3/2025 19:55,April,5.59,5.55
4/3/2025 20:00,April,5.22,5.18
4/3/2025 20:05,April,14.51,14.39
4/3/2025 20:10,April,13.03,12.92
4/3/2025 20:15,April,8.03,7.97
4/3/2025 20:20,April,8.02,7.96
4/3/2025 20:25,April,6.51,6.45
4/3/2025 20:30,April,6.51,6.45
4/3/2025 20:35,April,6.2,6.15
4/3/2025 20:40,April,6.2,6.15
4/3/2025 20:45,April,5.83,5.78
4/3/2025 20:50,April,6.46,6.41
4/3/2025 20:55,April,6.45,6.4
4/3/2025 21:00,April,5.22,5.18
4/3/2025 21:05,April,15.37,15.26
4/3/2025 21:10,April,13.97,13.86
4/3/2025 21:15,April,8.05,7.98
4/3/2025 21:20,April,6.49,6.44
4/3/2025 21:25,April,6.49,6.44
4/3/2025 21:30,April,5.27,5.23
4/3/2025 21:35,April,6.47,6.42
4/3/2025 21:40,April,5.23,5.19
4/3/2025 21:45,April,5.22,5.18
4/3/2025 21:50,April,5.22,5.18
4/3/2025 21:55,April,5.22,5.18
4/3/2025 22:00,April,5.27,5.22
4/3/2025 22:05,April,15.75,15.63
4/3/2025 22:10,April,6.4,6.35
4/3/2025 22:15,April,6.05,6.01
4/3/2025 22:20,April,6.05,6.01
4/3/2025 22:25,April,5.64,5.59
4/3/2025 22:30,April,5.59,5.55
4/3/2025 22:35,April,4.97,4.93
4/3/2025 22:40,April,5.42,5.38
4/3/2025 22:45,April,4.93,4.89
4/3/2025 22:50,April,4.56,4.53
4/3/2025 22:55,April,4.53,4.5
4/3/2025 23:00,April,4.29,4.27
4/3/2025 23:05,April,6.93,6.88
4/3/2025 23:10,April,5.84,5.8
4/3/2025 23:15,April,5.79,5.75
4/3/2025 23:20,April,5.68,5.64
4/3/2025 23:25,April,4.64,4.61
4/3/2025 23:30,April,4.27,4.25
4/3/2025 23:35,April,4.06,4.03
4/3/2025 23:40,April,3.84,3.82
4/3/2025 23:45,April,4.05,4.03
4/3/2025 23:50,April,3.84,3.82
4/3/2025 23:55,April,3.85,3.82
4/4/2025 0:00,April,3.56,3.53
4/4/2025 0:05,April,3.85,3.82
4/4/2025 0:10,April,4.54,4.51
4/4/2025 0:15,April,3.85,3.82
4/4/2025 0:20,April,3.49,3.46
4/4/2025 0:25,April,3.55,3.53
4/4/2025 0:30,April,3.56,3.53
4/4/2025 0:35,April,3.56,3.53
4/4/2025 0:40,April,3.62,3.59
4/4/2025 0:45,April,3.56,3.53
4/4/2025 0:50,April,3.56,3.53
4/4/2025 0:55,April,3.56,3.53
4/4/2025 1:00,April,3.49,3.46
4/4/2025 1:05,April,3.48,3.46
4/4/2025 1:10,April,3.48,3.46
4/4/2025 1:15,April,3.45,3.43
4/4/2025 1:20,April,3.45,3.43
4/4/2025 1:25,April,3.45,3.43
4/4/2025 1:30,April,3.45,3.42
4/4/2025 1:35,April,3.45,3.43
4/4/2025 1:40,April,3.44,3.42
4/4/2025 1:45,April,3.43,3.41
4/4/2025 1:50,April,3.37,3.35
4/4/2025 1:55,April,3.37,3.35
4/4/2025 2:00,April,3.23,3.21
4/4/2025 2:05,April,3.22,3.2
4/4/2025 2:10,April,3.24,3.22
4/4/2025 2:15,April,3.23,3.21
4/4/2025 2:20,April,3.25,3.23
4/4/2025 2:25,April,3.37,3.35
4/4/2025 2:30,April,3.36,3.35
4/4/2025 2:35,April,3.21,3.2
4/4/2025 2:40,April,3.21,3.2
4/4/2025 2:45,April,3.21,3.2
4/4/2025 2:50,April,3.21,3.2
4/4/2025 2:55,April,2.99,2.98
4/4/2025 3:00,April,3.21,3.19
4/4/2025 3:05,April,2.99,2.98
4/4/2025 3:10,April,2.99,2.98
4/4/2025 3:15,April,2.99,2.98
4/4/2025 3:20,April,3.12,3.1
4/4/2025 3:25,April,2.99,2.98
4/4/2025 3:30,April,2.99,2.97
4/4/2025 3:35,April,2.99,2.98
4/4/2025 3:40,April,2.99,2.98
4/4/2025 3:45,April,2.99,2.97
4/4/2025 3:50,April,2.99,2.97
4/4/2025 3:55,April,2.99,2.97
4/4/2025 4:00,April,2.99,2.97
4/4/2025 4:05,April,2.99,2.97
4/4/2025 4:10,April,3.44,3.42
4/4/2025 4:15,April,3.21,3.2
4/4/2025 4:20,April,3.41,3.39
4/4/2025 4:25,April,3.41,3.39
4/4/2025 4:30,April,3.41,3.39
4/4/2025 4:35,April,3.41,3.4
4/4/2025 4:40,April,3.42,3.4
4/4/2025 4:45,April,3.41,3.4
4/4/2025 4:50,April,3.42,3.4
4/4/2025 4:55,April,3.42,3.4
4/4/2025 5:00,April,3.42,3.4
4/4/2025 5:05,April,0,0
4/4/2025 5:10,April,3.12,3.1
4/4/2025 5:15,April,3.32,3.3
4/4/2025 5:20,April,3.32,3.3
4/4/2025 5:25,April,3.45,3.43
4/4/2025 5:30,April,3.42,3.4
4/4/2025 5:35,April,3.42,3.4
4/4/2025 5:40,April,3.42,3.4
4/4/2025 5:45,April,3.45,3.43
4/4/2025 5:50,April,3.42,3.4
4/4/2025 5:55,April,3.42,3.4
4/4/2025 6:00,April,3.29,3.27
4/4/2025 6:05,April,0,0
4/4/2025 6:10,April,1.78,1.77
4/4/2025 6:15,April,2.93,2.92
4/4/2025 6:20,April,2.37,2.36
4/4/2025 6:25,April,2.91,2.9
4/4/2025 6:30,April,2.56,2.55
4/4/2025 6:35,April,2.36,2.35
4/4/2025 6:40,April,2.69,2.68
4/4/2025 6:45,April,1.55,1.55
4/4/2025 6:50,April,1.6,1.6
4/4/2025 6:55,April,2.35,2.35
4/4/2025 7:00,April,2.35,2.35
4/4/2025 7:05,April,2.34,2.34
4/4/2025 7:10,April,2.96,2.95
4/4/2025 7:15,April,2.96,2.95
4/4/2025 7:20,April,2.94,2.94
4/4/2025 7:25,April,2.86,2.86
4/4/2025 7:30,April,2.95,2.95
4/4/2025 7:35,April,3.17,3.17
4/4/2025 7:40,April,2.96,2.96
4/4/2025 7:45,April,3.02,3.03
4/4/2025 7:50,April,3.35,3.36
4/4/2025 7:55,April,3.35,3.36
4/4/2025 8:00,April,3.39,3.4
4/4/2025 8:05,April,0,0
4/4/2025 8:10,April,3.02,3.03
4/4/2025 8:15,April,3.06,3.06
4/4/2025 8:20,April,3.41,3.42
4/4/2025 8:25,April,3.21,3.23
4/4/2025 8:30,April,3.35,3.37
4/4/2025 8:35,April,3.17,3.19
4/4/2025 8:40,April,3.35,3.37
4/4/2025 8:45,April,3.4,3.42
4/4/2025 8:50,April,3.39,3.41
4/4/2025 8:55,April,3.34,3.36
4/4/2025 9:00,April,3.34,3.36
4/4/2025 9:05,April,0,0
4/4/2025 9:10,April,2.3,2.32
4/4/2025 9:15,April,3.03,3.05
4/4/2025 9:20,April,3.24,3.27
4/4/2025 9:25,April,3.33,3.35
4/4/2025 9:30,April,3.16,3.18
4/4/2025 9:35,April,3.2,3.22
4/4/2025 9:40,April,3.26,3.28
4/4/2025 9:45,April,3.38,3.4
4/4/2025 9:50,April,3.79,3.81
4/4/2025 9:55,April,3.53,3.55
4/4/2025 10:00,April,3.42,3.44
4/4/2025 10:05,April,3.21,3.22
4/4/2025 10:10,April,3.5,3.52
4/4/2025 10:15,April,3.73,3.75
4/4/2025 10:20,April,3.49,3.51
4/4/2025 10:25,April,3.74,3.75
4/4/2025 10:30,April,3.74,3.75
4/4/2025 10:35,April,3.5,3.51
4/4/2025 10:40,April,4.27,4.29
4/4/2025 10:45,April,3.79,3.81
4/4/2025 10:50,April,3.51,3.53
4/4/2025 10:55,April,3.5,3.51
4/4/2025 11:00,April,3.32,3.33
4/4/2025 11:05,April,3.43,3.45
4/4/2025 11:10,April,3.33,3.35
4/4/2025 11:15,April,3.35,3.36
4/4/2025 11:20,April,3.24,3.26
4/4/2025 11:25,April,3.33,3.35
4/4/2025 11:30,April,3.32,3.34
4/4/2025 11:35,April,3.23,3.24
4/4/2025 11:40,April,3.49,3.51
4/4/2025 11:45,April,3.33,3.35
4/4/2025 11:50,April,3.33,3.35
4/4/2025 11:55,April,3.33,3.35
4/4/2025 12:00,April,3.14,3.15
4/4/2025 12:05,April,2.95,2.96
4/4/2025 12:10,April,3.14,3.15
4/4/2025 12:15,April,3.13,3.15
4/4/2025 12:20,April,3.13,3.15
4/4/2025 12:25,April,3.14,3.15
4/4/2025 12:30,April,3.14,3.15
4/4/2025 12:35,April,3.14,3.15
4/4/2025 12:40,April,3.21,3.23
4/4/2025 12:45,April,3.21,3.23
4/4/2025 12:50,April,3.32,3.34
4/4/2025 12:55,April,3.22,3.23
4/4/2025 13:00,April,4.42,4.44
4/4/2025 13:05,April,3.87,3.89
4/4/2025 13:10,April,4.41,4.43
4/4/2025 13:15,April,5.83,5.85
4/4/2025 13:20,April,5.82,5.85
4/4/2025 13:25,April,4.42,4.44
4/4/2025 13:30,April,4.41,4.43
4/4/2025 13:35,April,4.41,4.43
4/4/2025 13:40,April,4.4,4.42
4/4/2025 13:45,April,4.4,4.43
4/4/2025 13:50,April,4.41,4.43
4/4/2025 13:55,April,4.4,4.43
4/4/2025 14:00,April,4.4,4.43
4/4/2025 14:05,April,4.45,4.48
4/4/2025 14:10,April,4.41,4.44
4/4/2025 14:15,April,4.42,4.45
4/4/2025 14:20,April,4.58,4.61
4/4/2025 14:25,April,4.44,4.46
4/4/2025 14:30,April,4.58,4.61
4/4/2025 14:35,April,4.46,4.48
4/4/2025 14:40,April,4.46,4.48
4/4/2025 14:45,April,4.61,4.63
4/4/2025 14:50,April,5.23,5.25
4/4/2025 14:55,April,4.66,4.68
4/4/2025 15:00,April,4.66,4.68
4/4/2025 15:05,April,4.56,4.58
4/4/2025 15:10,April,5.87,5.9
4/4/2025 15:15,April,4.91,4.93
4/4/2025 15:20,April,5.34,5.36
4/4/2025 15:25,April,6.26,6.29
4/4/2025 15:30,April,6.27,6.3
4/4/2025 15:35,April,6.69,6.72
4/4/2025 15:40,April,6.32,6.35
4/4/2025 15:45,April,6.31,6.33
4/4/2025 15:50,April,6.32,6.34
4/4/2025 15:55,April,14.24,14.29
4/4/2025 16:00,April,7.34,7.36
4/4/2025 16:05,April,9.88,9.9
4/4/2025 16:10,April,9.87,9.9
4/4/2025 16:15,April,9.88,9.91
4/4/2025 16:20,April,13.08,13.1
4/4/2025 16:25,April,10.9,10.91
4/4/2025 16:30,April,6.08,6.08
4/4/2025 16:35,April,9.9,9.9
4/4/2025 16:40,April,6.1,6.09
4/4/2025 16:45,April,6.71,6.7
4/4/2025 16:50,April,9,8.98
4/4/2025 16:55,April,5.17,5.15
4/4/2025 17:00,April,4.68,4.67
4/4/2025 17:05,April,3.85,3.84
4/4/2025 17:10,April,3.85,3.84
4/4/2025 17:15,April,4.45,4.44
4/4/2025 17:20,April,4.52,4.5
4/4/2025 17:25,April,4.53,4.5
4/4/2025 17:30,April,4.53,4.5
4/4/2025 17:35,April,4.55,4.52
4/4/2025 17:40,April,4.56,4.54
4/4/2025 17:45,April,4.98,4.95
4/4/2025 17:50,April,5,4.97
4/4/2025 17:55,April,5.53,5.49
4/4/2025 18:00,April,6.85,6.8
4/4/2025 18:05,April,5.2,5.16
4/4/2025 18:10,April,5.21,5.17
4/4/2025 18:15,April,5.28,5.24
4/4/2025 18:20,April,10.06,9.97
4/4/2025 18:25,April,14.7,14.58
4/4/2025 18:30,April,14.74,14.62
4/4/2025 18:35,April,14.78,14.65
4/4/2025 18:40,April,13.82,13.7
4/4/2025 18:45,April,12.64,12.53
4/4/2025 18:50,April,12.52,12.41
4/4/2025 18:55,April,10.06,9.98
4/4/2025 19:00,April,9.22,9.14
4/4/2025 19:05,April,9.23,9.15
4/4/2025 19:10,April,9.26,9.18
4/4/2025 19:15,April,7.57,7.5
4/4/2025 19:20,April,7.57,7.5
4/4/2025 19:25,April,7.46,7.39
4/4/2025 19:30,April,7.29,7.22
4/4/2025 19:35,April,7.29,7.22
4/4/2025 19:40,April,7.23,7.16
4/4/2025 19:45,April,6.87,6.8
4/4/2025 19:50,April,6.86,6.8
4/4/2025 19:55,April,6.86,6.79
4/4/2025 20:00,April,6.46,6.4
4/4/2025 20:05,April,10.03,9.94
4/4/2025 20:10,April,7.52,7.44
4/4/2025 20:15,April,7.4,7.33
4/4/2025 20:20,April,7.29,7.21
4/4/2025 20:25,April,7.18,7.11
4/4/2025 20:30,April,7.29,7.22
4/4/2025 20:35,April,7.18,7.1
4/4/2025 20:40,April,6.86,6.8
4/4/2025 20:45,April,5.01,4.96
4/4/2025 20:50,April,4.72,4.67
4/4/2025 20:55,April,4.59,4.54
4/4/2025 21:00,April,4.58,4.54
4/4/2025 21:05,April,5.8,5.74
4/4/2025 21:10,April,5,4.96
4/4/2025 21:15,April,4.94,4.89
4/4/2025 21:20,April,4.93,4.88
4/4/2025 21:25,April,4.58,4.53
4/4/2025 21:30,April,4.57,4.53
4/4/2025 21:35,April,4.57,4.52
4/4/2025 21:40,April,4.57,4.52
4/4/2025 21:45,April,4.01,3.97
4/4/2025 21:50,April,3.56,3.53
4/4/2025 21:55,April,3.56,3.53
4/4/2025 22:00,April,3.35,3.31
4/4/2025 22:05,April,3.96,3.93
4/4/2025 22:10,April,3.85,3.81
4/4/2025 22:15,April,4.24,4.2
4/4/2025 22:20,April,4.69,4.65
4/4/2025 22:25,April,4.24,4.2
4/4/2025 22:30,April,4.06,4.02
4/4/2025 22:35,April,3.96,3.93
4/4/2025 22:40,April,3.96,3.92
4/4/2025 22:45,April,3.96,3.92
4/4/2025 22:50,April,3.96,3.92
4/4/2025 22:55,April,3.92,3.89
4/4/2025 23:00,April,3.65,3.62
4/4/2025 23:05,April,6.3,6.24
4/4/2025 23:10,April,4.98,4.94
4/4/2025 23:15,April,4.97,4.93
4/4/2025 23:20,April,4.56,4.52
4/4/2025 23:25,April,4.24,4.21
4/4/2025 23:30,April,3.88,3.85
4/4/2025 23:35,April,3.99,3.96
4/4/2025 23:40,April,4.56,4.53
4/4/2025 23:45,April,4.49,4.46
4/4/2025 23:50,April,3.97,3.94
4/4/2025 23:55,April,3.88,3.85
4/5/2025 0:00,April,3.96,3.93
4/5/2025 0:05,April,5.66,5.61
4/5/2025 0:10,April,4.05,4.02
4/5/2025 0:15,April,3.68,3.65
4/5/2025 0:20,April,3.51,3.48
4/5/2025 0:25,April,3.55,3.52
4/5/2025 0:30,April,3.94,3.9
4/5/2025 0:35,April,3.67,3.64
4/5/2025 0:40,April,3.84,3.8
4/5/2025 0:45,April,3.72,3.68
4/5/2025 0:50,April,3.72,3.68
4/5/2025 0:55,April,3.67,3.63
4/5/2025 1:00,April,3.6,3.57
4/5/2025 1:05,April,3.73,3.69
4/5/2025 1:10,April,3.72,3.68
4/5/2025 1:15,April,3.61,3.58
4/5/2025 1:20,April,3.63,3.6
4/5/2025 1:25,April,3.57,3.53
4/5/2025 1:30,April,3.6,3.56
4/5/2025 1:35,April,3.56,3.53
4/5/2025 1:40,April,3.55,3.52
4/5/2025 1:45,April,3.55,3.51
4/5/2025 1:50,April,3.55,3.51
4/5/2025 1:55,April,3.43,3.4
4/5/2025 2:00,April,3.43,3.4
4/5/2025 2:05,April,3.56,3.52
4/5/2025 2:10,April,3.55,3.52
4/5/2025 2:15,April,3.56,3.53
4/5/2025 2:20,April,3.55,3.52
4/5/2025 2:25,April,3.55,3.52
4/5/2025 2:30,April,3.44,3.41
4/5/2025 2:35,April,3.45,3.42
4/5/2025 2:40,April,3.44,3.41
4/5/2025 2:45,April,3.44,3.4
4/5/2025 2:50,April,3.43,3.4
4/5/2025 2:55,April,3.43,3.4
4/5/2025 3:00,April,3.39,3.36
4/5/2025 3:05,April,3.43,3.4
4/5/2025 3:10,April,3.44,3.41
4/5/2025 3:15,April,3.44,3.41
4/5/2025 3:20,April,3.31,3.28
4/5/2025 3:25,April,3.43,3.4
4/5/2025 3:30,April,3.44,3.41
4/5/2025 3:35,April,3.43,3.4
4/5/2025 3:40,April,3.43,3.4
4/5/2025 3:45,April,3.44,3.41
4/5/2025 3:50,April,3.44,3.41
4/5/2025 3:55,April,3.45,3.42
4/5/2025 4:00,April,3.44,3.42
4/5/2025 4:05,April,3.47,3.45
4/5/2025 4:10,April,5.06,5.02
4/5/2025 4:15,April,4.64,4.61
4/5/2025 4:20,April,3.48,3.45
4/5/2025 4:25,April,3.48,3.45
4/5/2025 4:30,April,3.48,3.45
4/5/2025 4:35,April,3.41,3.39
4/5/2025 4:40,April,3.41,3.39
4/5/2025 4:45,April,2.79,2.77
4/5/2025 4:50,April,3.22,3.2
4/5/2025 4:55,April,3.41,3.38
4/5/2025 5:00,April,3.41,3.38
4/5/2025 5:05,April,0,0
4/5/2025 5:10,April,3.02,3
4/5/2025 5:15,April,2.1,2.09
4/5/2025 5:20,April,3.02,2.99
4/5/2025 5:25,April,3.2,3.17
4/5/2025 5:30,April,3.18,3.15
4/5/2025 5:35,April,3.19,3.16
4/5/2025 5:40,April,2.98,2.95
4/5/2025 5:45,April,2.97,2.95
4/5/2025 5:50,April,2.97,2.95
4/5/2025 5:55,April,2.97,2.95
4/5/2025 6:00,April,2.97,2.95
4/5/2025 6:05,April,0,0
4/5/2025 6:10,April,2.1,2.09
4/5/2025 6:15,April,2.85,2.83
4/5/2025 6:20,April,2.96,2.94
4/5/2025 6:25,April,2.94,2.92
4/5/2025 6:30,April,2.93,2.92
4/5/2025 6:35,April,2.83,2.81
4/5/2025 6:40,April,2.51,2.49
4/5/2025 6:45,April,2.1,2.09
4/5/2025 6:50,April,2.31,2.3
4/5/2025 6:55,April,2.34,2.33
4/5/2025 7:00,April,2.49,2.48
4/5/2025 7:05,April,0,0
4/5/2025 7:10,April,0,0
4/5/2025 7:15,April,2.09,2.08
4/5/2025 7:20,April,2.33,2.32
4/5/2025 7:25,April,2.33,2.32
4/5/2025 7:30,April,2.76,2.76
4/5/2025 7:35,April,2.32,2.32
4/5/2025 7:40,April,2.32,2.32
4/5/2025 7:45,April,2.75,2.75
4/5/2025 7:50,April,2.55,2.55
4/5/2025 7:55,April,2.96,2.96
4/5/2025 8:00,April,2.95,2.95
4/5/2025 8:05,April,0,0
4/5/2025 8:10,April,0,0
4/5/2025 8:15,April,2.07,2.08
4/5/2025 8:20,April,2.31,2.31
4/5/2025 8:25,April,2.45,2.46
4/5/2025 8:30,April,2.69,2.7
4/5/2025 8:35,April,2.68,2.69
4/5/2025 8:40,April,3.11,3.13
4/5/2025 8:45,April,2.88,2.9
4/5/2025 8:50,April,2.88,2.9
4/5/2025 8:55,April,2.88,2.9
4/5/2025 9:00,April,3.09,3.11
4/5/2025 9:05,April,2.44,2.46
4/5/2025 9:10,April,2.61,2.63
4/5/2025 9:15,April,2.79,2.79
4/5/2025 9:20,April,2.94,2.94
4/5/2025 9:25,April,4.36,4.36
4/5/2025 9:30,April,6.12,6.12
4/5/2025 9:35,April,4.51,4.55
4/5/2025 9:40,April,3.78,3.8
4/5/2025 9:45,April,3.12,3.13
4/5/2025 9:50,April,3.11,3.13
4/5/2025 9:55,April,3.12,3.13
4/5/2025 10:00,April,3.12,3.13
4/5/2025 10:05,April,0,0
4/5/2025 10:10,April,2.62,2.63
4/5/2025 10:15,April,2.87,2.88
4/5/2025 10:20,April,3.15,3.17
4/5/2025 10:25,April,3.78,3.8
4/5/2025 10:30,April,3.29,3.3
4/5/2025 10:35,April,2.89,2.9
4/5/2025 10:40,April,3.29,3.3
4/5/2025 10:45,April,3.11,3.12
4/5/2025 10:50,April,2.93,2.94
4/5/2025 10:55,April,3.3,3.31
4/5/2025 11:00,April,3.23,3.24
4/5/2025 11:05,April,2.48,2.49
4/5/2025 11:10,April,3.11,3.12
4/5/2025 11:15,April,3.23,3.24
4/5/2025 11:20,April,3.15,3.16
4/5/2025 11:25,April,2.9,2.91
4/5/2025 11:30,April,2.68,2.69
4/5/2025 11:35,April,2.9,2.91
4/5/2025 11:40,April,2.89,2.91
4/5/2025 11:45,April,2.73,2.74
4/5/2025 11:50,April,2.07,2.08
4/5/2025 11:55,April,2.3,2.31
4/5/2025 12:00,April,2.3,2.31
4/5/2025 12:05,April,2.3,2.31
4/5/2025 12:10,April,2.63,2.64
4/5/2025 12:15,April,2.3,2.31
4/5/2025 12:20,April,2.51,2.52
4/5/2025 12:25,April,2.89,2.91
4/5/2025 12:30,April,2.3,2.31
4/5/2025 12:35,April,2.3,2.31
4/5/2025 12:40,April,2.72,2.73
4/5/2025 12:45,April,2.88,2.89
4/5/2025 12:50,April,2.68,2.69
4/5/2025 12:55,April,2.63,2.64
4/5/2025 13:00,April,2.89,2.91
4/5/2025 13:05,April,3.26,3.28
4/5/2025 13:10,April,3.28,3.29
4/5/2025 13:15,April,3.23,3.24
4/5/2025 13:20,April,3.26,3.27
4/5/2025 13:25,April,2.91,2.92
4/5/2025 13:30,April,3.12,3.13
4/5/2025 13:35,April,3.13,3.14
4/5/2025 13:40,April,3.42,3.43
4/5/2025 13:45,April,2.97,2.98
4/5/2025 13:50,April,3.14,3.15
4/5/2025 13:55,April,3.12,3.13
4/5/2025 14:00,April,2.91,2.92
4/5/2025 14:05,April,2.9,2.91
4/5/2025 14:10,April,2.91,2.91
4/5/2025 14:15,April,2.74,2.75
4/5/2025 14:20,April,2.91,2.92
4/5/2025 14:25,April,3.12,3.13
4/5/2025 14:30,April,2.9,2.91
4/5/2025 14:35,April,2.91,2.92
4/5/2025 14:40,April,2.91,2.92
4/5/2025 14:45,April,2.81,2.82
4/5/2025 14:50,April,2.9,2.9
4/5/2025 14:55,April,2.9,2.91
4/5/2025 15:00,April,2.9,2.91
4/5/2025 15:05,April,4.82,4.82
4/5/2025 15:10,April,3.12,3.13
4/5/2025 15:15,April,3.78,3.78
4/5/2025 15:20,April,3.28,3.28
4/5/2025 15:25,April,3.72,3.72
4/5/2025 15:30,April,3.92,3.92
4/5/2025 15:35,April,3.92,3.93
4/5/2025 15:40,April,3.79,3.79
4/5/2025 15:45,April,3.5,3.5
4/5/2025 15:50,April,3.61,3.61
4/5/2025 15:55,April,3.48,3.48
4/5/2025 16:00,April,3.47,3.47
4/5/2025 16:05,April,3.48,3.47
4/5/2025 16:10,April,3.59,3.58
4/5/2025 16:15,April,3.75,3.74
4/5/2025 16:20,April,3.47,3.46
4/5/2025 16:25,April,3.47,3.46
4/5/2025 16:30,April,3.48,3.47
4/5/2025 16:35,April,3.71,3.7
4/5/2025 16:40,April,3.95,3.93
4/5/2025 16:45,April,3.71,3.7
4/5/2025 16:50,April,3.71,3.7
4/5/2025 16:55,April,3.42,3.4
4/5/2025 17:00,April,3.38,3.36
4/5/2025 17:05,April,2.97,2.95
4/5/2025 17:10,April,3.05,3.03
4/5/2025 17:15,April,3.18,3.16
4/5/2025 17:20,April,3.38,3.35
4/5/2025 17:25,April,3.38,3.35
4/5/2025 17:30,April,3.38,3.36
4/5/2025 17:35,April,3.39,3.36
4/5/2025 17:40,April,3.79,3.76
4/5/2025 17:45,April,3.79,3.76
4/5/2025 17:50,April,3.43,3.4
4/5/2025 17:55,April,4.91,4.87
4/5/2025 18:00,April,4.98,4.94
4/5/2025 18:05,April,4.91,4.86
4/5/2025 18:10,April,6.33,6.26
4/5/2025 18:15,April,6.36,6.29
4/5/2025 18:20,April,6.35,6.27
4/5/2025 18:25,April,6.35,6.27
4/5/2025 18:30,April,6.35,6.27
4/5/2025 18:35,April,3.86,3.81
4/5/2025 18:40,April,4.32,4.27
4/5/2025 18:45,April,5.03,4.98
4/5/2025 18:50,April,4.27,4.22
4/5/2025 18:55,April,4,3.96
4/5/2025 19:00,April,3.87,3.82
4/5/2025 19:05,April,3.99,3.95
4/5/2025 19:10,April,3.91,3.87
4/5/2025 19:15,April,3.81,3.77
4/5/2025 19:20,April,3.88,3.83
4/5/2025 19:25,April,3.87,3.83
4/5/2025 19:30,April,3.98,3.94
4/5/2025 19:35,April,3.88,3.83
4/5/2025 19:40,April,3.87,3.82
4/5/2025 19:45,April,3.87,3.83
4/5/2025 19:50,April,3.88,3.83
4/5/2025 19:55,April,3.87,3.83
4/5/2025 20:00,April,3.82,3.77
4/5/2025 20:05,April,4.91,4.85
4/5/2025 20:10,April,4.85,4.8
4/5/2025 20:15,April,4.13,4.08
4/5/2025 20:20,April,3.99,3.95
4/5/2025 20:25,April,3.99,3.95
4/5/2025 20:30,April,3.88,3.84
4/5/2025 20:35,April,3.95,3.91
4/5/2025 20:40,April,3.82,3.78
4/5/2025 20:45,April,3.83,3.78
4/5/2025 20:50,April,3.83,3.78
4/5/2025 20:55,April,3.83,3.78
4/5/2025 21:00,April,3.83,3.78
4/5/2025 21:05,April,6.33,6.26
4/5/2025 21:10,April,6.33,6.26
4/5/2025 21:15,April,4.35,4.3
4/5/2025 21:20,April,4.29,4.25
4/5/2025 21:25,April,5.71,5.65
4/5/2025 21:30,April,4.3,4.25
4/5/2025 21:35,April,3.99,3.95
4/5/2025 21:40,April,3.96,3.92
4/5/2025 21:45,April,3.98,3.94
4/5/2025 21:50,April,3.84,3.79
4/5/2025 21:55,April,3.55,3.51
4/5/2025 22:00,April,3.55,3.5
4/5/2025 22:05,April,4.08,4.04
4/5/2025 22:10,April,3.88,3.84
4/5/2025 22:15,April,3.98,3.94
4/5/2025 22:20,April,3.98,3.93
4/5/2025 22:25,April,3.98,3.93
4/5/2025 22:30,April,3.55,3.51
4/5/2025 22:35,April,3.69,3.65
4/5/2025 22:40,April,3.27,3.24
4/5/2025 22:45,April,3.42,3.39
4/5/2025 22:50,April,3.42,3.38
4/5/2025 22:55,April,3.42,3.39
4/5/2025 23:00,April,3.43,3.38
4/5/2025 23:05,April,3.99,3.95
4/5/2025 23:10,April,4,3.95
4/5/2025 23:15,April,3.83,3.79
4/5/2025 23:20,April,3.84,3.79
4/5/2025 23:25,April,3.84,3.79
4/5/2025 23:30,April,3.54,3.5
4/5/2025 23:35,April,3.43,3.39
4/5/2025 23:40,April,3.84,3.8
4/5/2025 23:45,April,3.54,3.5
4/5/2025 23:50,April,3.54,3.5
4/5/2025 23:55,April,2.77,2.74
4/6/2025 0:00,April,2.99,2.95
4/6/2025 0:05,April,3.42,3.38
4/6/2025 0:10,April,3.42,3.38
4/6/2025 0:15,April,3.42,3.38
4/6/2025 0:20,April,3.22,3.19
4/6/2025 0:25,April,3.37,3.33
4/6/2025 0:30,April,3.39,3.35
4/6/2025 0:35,April,3.27,3.24
4/6/2025 0:40,April,3.3,3.27
4/6/2025 0:45,April,3.41,3.37
4/6/2025 0:50,April,3.4,3.37
4/6/2025 0:55,April,3.3,3.27
4/6/2025 1:00,April,3.21,3.18
4/6/2025 1:05,April,3.23,3.19
4/6/2025 1:10,April,3.34,3.3
4/6/2025 1:15,April,3.21,3.18
4/6/2025 1:20,April,2.99,2.96
4/6/2025 1:25,April,3.1,3.07
4/6/2025 1:30,April,3.21,3.18
4/6/2025 1:35,April,3,2.97
4/6/2025 1:40,April,3.18,3.15
4/6/2025 1:45,April,3,2.98
4/6/2025 1:50,April,2.38,2.35
4/6/2025 1:55,April,2.97,2.94
4/6/2025 2:00,April,2.98,2.95
4/6/2025 2:05,April,2.99,2.96
4/6/2025 2:10,April,3.39,3.36
4/6/2025 2:15,April,3.21,3.18
4/6/2025 2:20,April,3.1,3.07
4/6/2025 2:25,April,3,2.97
4/6/2025 2:30,April,2.99,2.96
4/6/2025 2:35,April,2.96,2.93
4/6/2025 2:40,April,2.98,2.96
4/6/2025 2:45,April,2.11,2.1
4/6/2025 2:50,April,2.37,2.35
4/6/2025 2:55,April,2.52,2.5
4/6/2025 3:00,April,2.37,2.35
4/6/2025 3:05,April,3.3,3.27
4/6/2025 3:10,April,3.1,3.07
4/6/2025 3:15,April,3.21,3.18
4/6/2025 3:20,April,2.96,2.94
4/6/2025 3:25,April,2.96,2.93
4/6/2025 3:30,April,2.97,2.94
4/6/2025 3:35,April,2.98,2.95
4/6/2025 3:40,April,2.94,2.92
4/6/2025 3:45,April,2.98,2.95
4/6/2025 3:50,April,1.59,1.57
4/6/2025 3:55,April,2.37,2.35
4/6/2025 4:00,April,2.37,2.35
4/6/2025 4:05,April,2.66,2.64
4/6/2025 4:10,April,2.64,2.62
4/6/2025 4:15,April,2.98,2.95
4/6/2025 4:20,April,2.98,2.96
4/6/2025 4:25,April,2.98,2.96
4/6/2025 4:30,April,2.96,2.94
4/6/2025 4:35,April,3.28,3.25
4/6/2025 4:40,April,2.37,2.35
4/6/2025 4:45,April,2.36,2.35
4/6/2025 4:50,April,2.36,2.35
4/6/2025 4:55,April,2.36,2.35
4/6/2025 5:00,April,2.53,2.51
4/6/2025 5:05,April,2.36,2.35
4/6/2025 5:10,April,2.97,2.95
4/6/2025 5:15,April,2.96,2.94
4/6/2025 5:20,April,2.96,2.94
4/6/2025 5:25,April,3.05,3.03
4/6/2025 5:30,April,2.97,2.95
4/6/2025 5:35,April,3.06,3.03
4/6/2025 5:40,April,3.01,2.98
4/6/2025 5:45,April,2.62,2.6
4/6/2025 5:50,April,2.94,2.91
4/6/2025 5:55,April,1.42,1.4
4/6/2025 6:00,April,1.43,1.42
4/6/2025 6:05,April,0,0
4/6/2025 6:10,April,1.25,1.24
4/6/2025 6:15,April,1.24,1.23
4/6/2025 6:20,April,0,0
4/6/2025 6:25,April,0,0
4/6/2025 6:30,April,0,0
4/6/2025 6:35,April,0,0
4/6/2025 6:40,April,0,0
4/6/2025 6:45,April,0,0
4/6/2025 6:50,April,0,0
4/6/2025 6:55,April,-0.01,-0.01
4/6/2025 7:00,April,0,0
4/6/2025 7:05,April,0,0
4/6/2025 7:10,April,0,0
4/6/2025 7:15,April,0,0
4/6/2025 7:20,April,-0.01,-0.01
4/6/2025 7:25,April,-0.01,-0.01
4/6/2025 7:30,April,-1.01,-1.01
4/6/2025 7:35,April,-1.01,-1.01
4/6/2025 7:40,April,-1.01,-1.01
4/6/2025 7:45,April,0,0
4/6/2025 7:50,April,0,0
4/6/2025 7:55,April,-0.01,-0.01
4/6/2025 8:00,April,0,0
4/6/2025 8:05,April,-1.01,-1.01
4/6/2025 8:10,April,-1,-1.01
4/6/2025 8:15,April,-0.01,-0.01
4/6/2025 8:20,April,-1,-1
4/6/2025 8:25,April,0,0
4/6/2025 8:30,April,0,0
4/6/2025 8:35,April,-1,-1
4/6/2025 8:40,April,0,0
4/6/2025 8:45,April,0,0
4/6/2025 8:50,April,0,0
4/6/2025 8:55,April,0,0
4/6/2025 9:00,April,0,0
4/6/2025 9:05,April,0,0
4/6/2025 9:10,April,-0.01,-0.01
4/6/2025 9:15,April,0,0
4/6/2025 9:20,April,0,0
4/6/2025 9:25,April,0,0
4/6/2025 9:30,April,0,0
4/6/2025 9:35,April,0,0
4/6/2025 9:40,April,0,0
4/6/2025 9:45,April,0,0
4/6/2025 9:50,April,0,0
4/6/2025 9:55,April,0,0
4/6/2025 10:00,April,2.48,2.49
4/6/2025 10:05,April,1.25,1.26
4/6/2025 10:10,April,1.27,1.28
4/6/2025 10:15,April,2.33,2.34
4/6/2025 10:20,April,3.49,3.51
4/6/2025 10:25,April,2.94,2.95
4/6/2025 10:30,April,2.94,2.95
4/6/2025 10:35,April,2.94,2.96
4/6/2025 10:40,April,2.93,2.95
4/6/2025 10:45,April,2.56,2.58
4/6/2025 10:50,April,2.53,2.55
4/6/2025 10:55,April,2.93,2.94
4/6/2025 11:00,April,2.93,2.94
4/6/2025 11:05,April,2.94,2.96
4/6/2025 11:10,April,2.75,2.76
4/6/2025 11:15,April,2.95,2.96
4/6/2025 11:20,April,1.32,1.33
4/6/2025 11:25,April,4.53,4.55
4/6/2025 11:30,April,3.14,3.15
4/6/2025 11:35,April,2.95,2.97
4/6/2025 11:40,April,2.33,2.34
4/6/2025 11:45,April,2.7,2.71
4/6/2025 11:50,April,2.95,2.96
4/6/2025 11:55,April,2.77,2.78
4/6/2025 12:00,April,2.06,2.07
4/6/2025 12:05,April,2.34,2.35
4/6/2025 12:10,April,1.32,1.33
4/6/2025 12:15,April,2.72,2.73
4/6/2025 12:20,April,2.95,2.97
4/6/2025 12:25,April,2.95,2.97
4/6/2025 12:30,April,2.95,2.97
4/6/2025 12:35,April,2.96,2.97
4/6/2025 12:40,April,2.79,2.8
4/6/2025 12:45,April,2.77,2.77
4/6/2025 12:50,April,2.77,2.77
4/6/2025 12:55,April,2.92,2.93
4/6/2025 13:00,April,3.17,3.18
4/6/2025 13:05,April,2.96,2.97
4/6/2025 13:10,April,3.1,3.11
4/6/2025 13:15,April,3.18,3.19
4/6/2025 13:20,April,3.1,3.11
4/6/2025 13:25,April,3.09,3.1
4/6/2025 13:30,April,3.22,3.23
4/6/2025 13:35,April,3.39,3.4
4/6/2025 13:40,April,3.33,3.34
4/6/2025 13:45,April,3.22,3.23
4/6/2025 13:50,April,3.39,3.4
4/6/2025 13:55,April,3.4,3.41
4/6/2025 14:00,April,3.4,3.4
4/6/2025 14:05,April,3.49,3.49
4/6/2025 14:10,April,3.41,3.41
4/6/2025 14:15,April,3.41,3.41
4/6/2025 14:20,April,3.5,3.5
4/6/2025 14:25,April,3.48,3.48
4/6/2025 14:30,April,3.77,3.75
4/6/2025 14:35,April,3.46,3.46
4/6/2025 14:40,April,4.22,4.15
4/6/2025 14:45,April,3.36,3.36
4/6/2025 14:50,April,3.36,3.36
4/6/2025 14:55,April,3.36,3.36
4/6/2025 15:00,April,3.6,3.51
4/6/2025 15:05,April,3.89,3.89
4/6/2025 15:10,April,3.87,3.87
4/6/2025 15:15,April,3.86,3.82
4/6/2025 15:20,April,2.91,2.87
4/6/2025 15:25,April,3.06,3.06
4/6/2025 15:30,April,3.55,3.46
4/6/2025 15:35,April,3.5,3.47
4/6/2025 15:40,April,3.5,3.42
4/6/2025 15:45,April,3.4,3.4
4/6/2025 15:50,April,3.4,3.4
4/6/2025 15:55,April,3.36,3.36
4/6/2025 16:00,April,3.86,3.82
4/6/2025 16:05,April,3.23,3.22
4/6/2025 16:10,April,3.38,3.36
4/6/2025 16:15,April,3.41,3.38
4/6/2025 16:20,April,3.28,3.26
4/6/2025 16:25,April,3.24,3.22
4/6/2025 16:30,April,3.15,3.13
4/6/2025 16:35,April,3.31,3.28
4/6/2025 16:40,April,3.39,3.37
4/6/2025 16:45,April,3.45,3.42
4/6/2025 16:50,April,3.45,3.42
4/6/2025 16:55,April,3.45,3.42
4/6/2025 17:00,April,3.3,3.27
4/6/2025 17:05,April,1.47,1.46
4/6/2025 17:10,April,1.57,1.55
4/6/2025 17:15,April,2.77,2.74
4/6/2025 17:20,April,2.77,2.74
4/6/2025 17:25,April,2.97,2.94
4/6/2025 17:30,April,3.26,3.23
4/6/2025 17:35,April,3.13,3.1
4/6/2025 17:40,April,3.38,3.35
4/6/2025 17:45,April,3.78,3.75
4/6/2025 17:50,April,3.82,3.78
4/6/2025 17:55,April,3.99,3.95
4/6/2025 18:00,April,4,3.96
4/6/2025 18:05,April,3.8,3.76
4/6/2025 18:10,April,3.93,3.88
4/6/2025 18:15,April,3.93,3.89
4/6/2025 18:20,April,4,3.95
4/6/2025 18:25,April,4.03,3.99
4/6/2025 18:30,April,4.48,4.43
4/6/2025 18:35,April,4.48,4.43
4/6/2025 18:40,April,4.05,4
4/6/2025 18:45,April,3.5,3.46
4/6/2025 18:50,April,4.04,3.99
4/6/2025 18:55,April,4.86,4.8
4/6/2025 19:00,April,4.05,4
4/6/2025 19:05,April,4.07,4.02
4/6/2025 19:10,April,4.06,4.01
4/6/2025 19:15,April,4.06,4.01
4/6/2025 19:20,April,4.06,4.01
4/6/2025 19:25,April,3.96,3.91
4/6/2025 19:30,April,4.05,4.01
4/6/2025 19:35,April,4.85,4.8
4/6/2025 19:40,April,4.18,4.13
4/6/2025 19:45,April,4.07,4.03
4/6/2025 19:50,April,4.07,4.03
4/6/2025 19:55,April,4.07,4.03
4/6/2025 20:00,April,4.06,4.02
4/6/2025 20:05,April,4.49,4.43
4/6/2025 20:10,April,4.27,4.22
4/6/2025 20:15,April,4.25,4.2
4/6/2025 20:20,April,5.01,4.95
4/6/2025 20:25,April,4.9,4.85
4/6/2025 20:30,April,5,4.95
4/6/2025 20:35,April,4.48,4.43
4/6/2025 20:40,April,4.38,4.34
4/6/2025 20:45,April,4.29,4.24
4/6/2025 20:50,April,4.12,4.08
4/6/2025 20:55,April,4.27,4.23
4/6/2025 21:00,April,4.29,4.24
4/6/2025 21:05,April,4.3,4.26
4/6/2025 21:10,April,3.97,3.93
4/6/2025 21:15,April,3.9,3.86
4/6/2025 21:20,April,3.82,3.78
4/6/2025 21:25,April,4.09,4.04
4/6/2025 21:30,April,3.91,3.86
4/6/2025 21:35,April,4.08,4.04
4/6/2025 21:40,April,4.08,4.04
4/6/2025 21:45,April,3.54,3.5
4/6/2025 21:50,April,4.07,4.03
4/6/2025 21:55,April,3.97,3.93
4/6/2025 22:00,April,3.5,3.46
4/6/2025 22:05,April,3.5,3.46
4/6/2025 22:10,April,3.52,3.48
4/6/2025 22:15,April,3.54,3.5
4/6/2025 22:20,April,3.84,3.79
4/6/2025 22:25,April,3.55,3.5
4/6/2025 22:30,April,3.58,3.53
4/6/2025 22:35,April,3.54,3.5
4/6/2025 22:40,April,3.54,3.5
4/6/2025 22:45,April,3.54,3.5
4/6/2025 22:50,April,3.55,3.5
4/6/2025 22:55,April,3.43,3.39
4/6/2025 23:00,April,3.44,3.4
4/6/2025 23:05,April,3.43,3.39
4/6/2025 23:10,April,3.42,3.38
4/6/2025 23:15,April,3.41,3.37
4/6/2025 23:20,April,3.41,3.37
4/6/2025 23:25,April,3.25,3.22
4/6/2025 23:30,April,3.26,3.22
4/6/2025 23:35,April,3.42,3.38
4/6/2025 23:40,April,3.22,3.19
4/6/2025 23:45,April,3.26,3.22
4/6/2025 23:50,April,3.26,3.22
4/6/2025 23:55,April,3.4,3.37
4/7/2025 0:00,April,3.21,3.18
4/7/2025 0:05,April,3.44,3.4
4/7/2025 0:10,April,3.41,3.38
4/7/2025 0:15,April,3.4,3.37
4/7/2025 0:20,April,3.41,3.37
4/7/2025 0:25,April,3.22,3.18
4/7/2025 0:30,April,3.03,2.99
4/7/2025 0:35,April,3.22,3.18
4/7/2025 0:40,April,3,2.96
4/7/2025 0:45,April,3,2.97
4/7/2025 0:50,April,2.98,2.95
4/7/2025 0:55,April,3.09,3.06
4/7/2025 1:00,April,2.99,2.96
4/7/2025 1:05,April,3.29,3.26
4/7/2025 1:10,April,3.29,3.26
4/7/2025 1:15,April,3.25,3.22
4/7/2025 1:20,April,3.25,3.22
4/7/2025 1:25,April,3.22,3.19
4/7/2025 1:30,April,3.25,3.22
4/7/2025 1:35,April,3.22,3.19
4/7/2025 1:40,April,3,2.97
4/7/2025 1:45,April,2.99,2.97
4/7/2025 1:50,April,2.99,2.96
4/7/2025 1:55,April,2.8,2.77
4/7/2025 2:00,April,2.96,2.93
4/7/2025 2:05,April,2.99,2.96
4/7/2025 2:10,April,2.94,2.91
4/7/2025 2:15,April,2.95,2.93
4/7/2025 2:20,April,2.97,2.95
4/7/2025 2:25,April,2.91,2.89
4/7/2025 2:30,April,2.56,2.54
4/7/2025 2:35,April,2.34,2.32
4/7/2025 2:40,April,2.96,2.93
4/7/2025 2:45,April,2.98,2.95
4/7/2025 2:50,April,2.96,2.93
4/7/2025 2:55,April,2.12,2.1
4/7/2025 3:00,April,2.54,2.52
4/7/2025 3:05,April,2.65,2.63
4/7/2025 3:10,April,2.85,2.83
4/7/2025 3:15,April,2.36,2.34
4/7/2025 3:20,April,2.36,2.34
4/7/2025 3:25,April,2.36,2.34
4/7/2025 3:30,April,2.11,2.09
4/7/2025 3:35,April,2.5,2.49
4/7/2025 3:40,April,2.1,2.09
4/7/2025 3:45,April,2.32,2.31
4/7/2025 3:50,April,2.11,2.09
4/7/2025 3:55,April,2.11,2.09
4/7/2025 4:00,April,2.11,2.09
4/7/2025 4:05,April,2.36,2.34
4/7/2025 4:10,April,2.36,2.34
4/7/2025 4:15,April,2.36,2.34
4/7/2025 4:20,April,2.56,2.54
4/7/2025 4:25,April,2.56,2.54
4/7/2025 4:30,April,2.56,2.54
4/7/2025 4:35,April,2.36,2.34
4/7/2025 4:40,April,2.5,2.48
4/7/2025 4:45,April,2.36,2.34
4/7/2025 4:50,April,2.5,2.48
4/7/2025 4:55,April,2.79,2.77
4/7/2025 5:00,April,2.53,2.51
4/7/2025 5:05,April,2.96,2.94
4/7/2025 5:10,April,3.02,2.99
4/7/2025 5:15,April,2.97,2.94
4/7/2025 5:20,April,3.21,3.18
4/7/2025 5:25,April,3.21,3.18
4/7/2025 5:30,April,3.21,3.18
4/7/2025 5:35,April,3.19,3.17
4/7/2025 5:40,April,3.2,3.17
4/7/2025 5:45,April,3.24,3.22
4/7/2025 5:50,April,3.2,3.18
4/7/2025 5:55,April,3.2,3.18
4/7/2025 6:00,April,2.97,2.95
4/7/2025 6:05,April,2.58,2.57
4/7/2025 6:10,April,2.78,2.76
4/7/2025 6:15,April,2.96,2.94
4/7/2025 6:20,April,2.1,2.09
4/7/2025 6:25,April,2.1,2.09
4/7/2025 6:30,April,1.24,1.23
4/7/2025 6:35,April,1.24,1.23
4/7/2025 6:40,April,1.29,1.29
4/7/2025 6:45,April,1.34,1.34
4/7/2025 6:50,April,1.99,1.99
4/7/2025 6:55,April,2.09,2.08
4/7/2025 7:00,April,2.94,2.93
4/7/2025 7:05,April,1.28,1.27
4/7/2025 7:10,April,1.44,1.43
4/7/2025 7:15,April,2.08,2.08
4/7/2025 7:20,April,2.08,2.08
4/7/2025 7:25,April,2.47,2.47
4/7/2025 7:30,April,3.23,3.23
4/7/2025 7:35,April,2.92,2.92
4/7/2025 7:40,April,3.12,3.12
4/7/2025 7:45,April,3.11,3.11
4/7/2025 7:50,April,2.92,2.92
4/7/2025 7:55,April,3.23,3.24
4/7/2025 8:00,April,3.46,3.46
4/7/2025 8:05,April,0.17,0.17
4/7/2025 8:10,April,2.47,2.47
4/7/2025 8:15,April,2.63,2.64
4/7/2025 8:20,April,2.47,2.47
4/7/2025 8:25,April,2.63,2.64
4/7/2025 8:30,April,2.46,2.47
4/7/2025 8:35,April,2.63,2.63
4/7/2025 8:40,April,2.89,2.9
4/7/2025 8:45,April,2.89,2.9
4/7/2025 8:50,April,3.22,3.23
4/7/2025 8:55,April,3.04,3.05
4/7/2025 9:00,April,2.89,2.9
4/7/2025 9:05,April,0,0
4/7/2025 9:10,April,2.07,2.08
4/7/2025 9:15,April,2.07,2.08
4/7/2025 9:20,April,2.88,2.9
4/7/2025 9:25,April,2.87,2.88
4/7/2025 9:30,April,2.29,2.3
4/7/2025 9:35,April,2.87,2.88
4/7/2025 9:40,April,2.88,2.89
4/7/2025 9:45,April,2.88,2.89
4/7/2025 9:50,April,2.88,2.89
4/7/2025 9:55,April,2.88,2.9
4/7/2025 10:00,April,3.01,3.02
4/7/2025 10:05,April,1.48,1.49
4/7/2025 10:10,April,2.44,2.44
4/7/2025 10:15,April,2.67,2.68
4/7/2025 10:20,April,3.28,3.3
4/7/2025 10:25,April,3.28,3.3
4/7/2025 10:30,April,3.1,3.11
4/7/2025 10:35,April,3.29,3.3
4/7/2025 10:40,April,3.06,3.06
4/7/2025 10:45,April,3.06,3.06
4/7/2025 10:50,April,3.07,3.08
4/7/2025 10:55,April,2.94,2.95
4/7/2025 11:00,April,3.33,3.34
4/7/2025 11:05,April,3.16,3.16
4/7/2025 11:10,April,3.1,3.11
4/7/2025 11:15,April,2.44,2.45
4/7/2025 11:20,April,2.83,2.84
4/7/2025 11:25,April,3,3.01
4/7/2025 11:30,April,3.29,3.3
4/7/2025 11:35,April,3.14,3.14
4/7/2025 11:40,April,3.29,3.3
4/7/2025 11:45,April,3.1,3.11
4/7/2025 11:50,April,3.04,3.05
4/7/2025 11:55,April,3.29,3.3
4/7/2025 12:00,April,3.1,3.11
4/7/2025 12:05,April,3.05,3.05
4/7/2025 12:10,April,3.16,3.17
4/7/2025 12:15,April,3.11,3.11
4/7/2025 12:20,April,2.86,2.87
4/7/2025 12:25,April,3.29,3.3
4/7/2025 12:30,April,3.11,3.11
4/7/2025 12:35,April,3.3,3.3
4/7/2025 12:40,April,3.33,3.34
4/7/2025 12:45,April,3.3,3.31
4/7/2025 12:50,April,3.3,3.31
4/7/2025 12:55,April,3.34,3.35
4/7/2025 13:00,April,3.69,3.7
4/7/2025 13:05,April,13.87,13.9
4/7/2025 13:10,April,5.88,5.89
4/7/2025 13:15,April,4.85,4.86
4/7/2025 13:20,April,4.87,4.88
4/7/2025 13:25,April,4.68,4.69
4/7/2025 13:30,April,4.86,4.87
4/7/2025 13:35,April,4.88,4.89
4/7/2025 13:40,April,3.71,3.71
4/7/2025 13:45,April,4,4.01
4/7/2025 13:50,April,5.52,5.54
4/7/2025 13:55,April,5.56,5.59
4/7/2025 14:00,April,4.89,4.92
4/7/2025 14:05,April,2.61,2.62
4/7/2025 14:10,April,4.2,4.23
4/7/2025 14:15,April,9.71,9.76
4/7/2025 14:20,April,6.09,6.12
4/7/2025 14:25,April,4.29,4.31
4/7/2025 14:30,April,6.08,6.11
4/7/2025 14:35,April,5.56,5.59
4/7/2025 14:40,April,5.55,5.58
4/7/2025 14:45,April,6.08,6.11
4/7/2025 14:50,April,6.08,6.11
4/7/2025 14:55,April,5.59,5.6
4/7/2025 15:00,April,3.9,3.91
4/7/2025 15:05,April,4.54,4.57
4/7/2025 15:10,April,5.58,5.61
4/7/2025 15:15,April,9.74,9.78
4/7/2025 15:20,April,6.12,6.14
4/7/2025 15:25,April,6.48,6.51
4/7/2025 15:30,April,6.15,6.16
4/7/2025 15:35,April,6.15,6.17
4/7/2025 15:40,April,5.92,5.93
4/7/2025 15:45,April,6.18,6.19
4/7/2025 15:50,April,6.52,6.53
4/7/2025 15:55,April,6.19,6.2
4/7/2025 16:00,April,6.17,6.19
4/7/2025 16:05,April,6.22,6.23
4/7/2025 16:10,April,6.19,6.2
4/7/2025 16:15,April,5.96,5.97
4/7/2025 16:20,April,6.19,6.2
4/7/2025 16:25,April,13.11,13.11
4/7/2025 16:30,April,9.86,9.86
4/7/2025 16:35,April,7.2,7.2
4/7/2025 16:40,April,9.87,9.85
4/7/2025 16:45,April,6.3,6.29
4/7/2025 16:50,April,6.27,6.26
4/7/2025 16:55,April,3.94,3.93
4/7/2025 17:00,April,4.22,4.21
4/7/2025 17:05,April,3.77,3.76
4/7/2025 17:10,April,3.82,3.8
4/7/2025 17:15,April,4.27,4.24
4/7/2025 17:20,April,4.94,4.91
4/7/2025 17:25,April,4.93,4.9
4/7/2025 17:30,April,4.27,4.25
4/7/2025 17:35,April,4.88,4.85
4/7/2025 17:40,April,4.82,4.8
4/7/2025 17:45,April,4.88,4.85
4/7/2025 17:50,April,4.94,4.92
4/7/2025 17:55,April,5.1,5.07
4/7/2025 18:00,April,5.15,5.12
4/7/2025 18:05,April,4.87,4.83
4/7/2025 18:10,April,5.48,5.43
4/7/2025 18:15,April,12.92,12.8
4/7/2025 18:20,April,12.9,12.78
4/7/2025 18:25,April,12.96,12.84
4/7/2025 18:30,April,12.53,12.41
4/7/2025 18:35,April,12.55,12.43
4/7/2025 18:40,April,11.93,11.82
4/7/2025 18:45,April,6.38,6.32
4/7/2025 18:50,April,6.76,6.69
4/7/2025 18:55,April,5.78,5.72
4/7/2025 19:00,April,5.77,5.71
4/7/2025 19:05,April,5.29,5.24
4/7/2025 19:10,April,5.77,5.71
4/7/2025 19:15,April,5.77,5.71
4/7/2025 19:20,April,6.14,6.08
4/7/2025 19:25,April,6.15,6.08
4/7/2025 19:30,April,6.15,6.09
4/7/2025 19:35,April,5.78,5.72
4/7/2025 19:40,April,6.16,6.09
4/7/2025 19:45,April,5.78,5.72
4/7/2025 19:50,April,6.16,6.09
4/7/2025 19:55,April,5.53,5.48
4/7/2025 20:00,April,5.77,5.71
4/7/2025 20:05,April,13.46,13.33
4/7/2025 20:10,April,12.46,12.33
4/7/2025 20:15,April,12.47,12.34
4/7/2025 20:20,April,12.47,12.34
4/7/2025 20:25,April,13.35,13.21
4/7/2025 20:30,April,10.01,9.9
4/7/2025 20:35,April,7.41,7.33
4/7/2025 20:40,April,6.43,6.36
4/7/2025 20:45,April,6.41,6.34
4/7/2025 20:50,April,6.4,6.33
4/7/2025 20:55,April,4.45,4.4
4/7/2025 21:00,April,5.29,5.24
4/7/2025 21:05,April,6.36,6.3
4/7/2025 21:10,April,5.77,5.72
4/7/2025 21:15,April,6.34,6.28
4/7/2025 21:20,April,6.33,6.27
4/7/2025 21:25,April,6.32,6.26
4/7/2025 21:30,April,6.31,6.25
4/7/2025 21:35,April,9.99,9.89
4/7/2025 21:40,April,6.34,6.27
4/7/2025 21:45,April,5.98,5.92
4/7/2025 21:50,April,5.78,5.72
4/7/2025 21:55,April,5.77,5.72
4/7/2025 22:00,April,5.77,5.71
4/7/2025 22:05,April,14.96,14.82
4/7/2025 22:10,April,6.3,6.24
4/7/2025 22:15,April,5.76,5.71
4/7/2025 22:20,April,5.96,5.9
4/7/2025 22:25,April,5.76,5.7
4/7/2025 22:30,April,5.75,5.7
4/7/2025 22:35,April,4.6,4.56
4/7/2025 22:40,April,3.6,3.57
4/7/2025 22:45,April,5,4.95
4/7/2025 22:50,April,3.53,3.5
4/7/2025 22:55,April,3.82,3.79
4/7/2025 23:00,April,4.29,4.25
4/7/2025 23:05,April,5.94,5.9
4/7/2025 23:10,April,4.62,4.58
4/7/2025 23:15,April,4.31,4.28
4/7/2025 23:20,April,4.88,4.85
4/7/2025 23:25,April,4.62,4.58
4/7/2025 23:30,April,2.97,2.95
4/7/2025 23:35,April,3.4,3.37
4/7/2025 23:40,April,3.53,3.5
4/7/2025 23:45,April,3.4,3.37
4/7/2025 23:50,April,3.53,3.5
4/7/2025 23:55,April,4.24,4.21
4/8/2025 0:00,April,3.61,3.58
4/8/2025 0:05,April,15.07,14.95
4/8/2025 0:10,April,5.69,5.64
4/8/2025 0:15,April,3.81,3.78
4/8/2025 0:20,April,3.82,3.78
4/8/2025 0:25,April,3.36,3.33
4/8/2025 0:30,April,3.52,3.49
4/8/2025 0:35,April,1.22,1.21
4/8/2025 0:40,April,3.23,3.2
4/8/2025 0:45,April,3.47,3.44
4/8/2025 0:50,April,3.5,3.47
4/8/2025 0:55,April,3.41,3.38
4/8/2025 1:00,April,3.53,3.5
4/8/2025 1:05,April,3.57,3.54
4/8/2025 1:10,April,3.53,3.5
4/8/2025 1:15,April,1.34,1.33
4/8/2025 1:20,April,1.24,1.23
4/8/2025 1:25,April,3.23,3.2
4/8/2025 1:30,April,3.42,3.39
4/8/2025 1:35,April,3.5,3.47
4/8/2025 1:40,April,3.42,3.39
4/8/2025 1:45,April,3.42,3.39
4/8/2025 1:50,April,3.5,3.47
4/8/2025 1:55,April,3.5,3.47
4/8/2025 2:00,April,3.54,3.51
4/8/2025 2:05,April,15.16,15.02
4/8/2025 2:10,April,5.73,5.67
4/8/2025 2:15,April,3.94,3.9
4/8/2025 2:20,April,3.83,3.79
4/8/2025 2:25,April,3.83,3.79
4/8/2025 2:30,April,3.54,3.51
4/8/2025 2:35,April,3.83,3.79
4/8/2025 2:40,April,3.72,3.68
4/8/2025 2:45,April,3.54,3.51
4/8/2025 2:50,April,3.54,3.5
4/8/2025 2:55,April,3.5,3.47
4/8/2025 3:00,April,2.97,2.95
4/8/2025 3:05,April,3.29,3.26
4/8/2025 3:10,April,3.42,3.39
4/8/2025 3:15,April,3.42,3.39
4/8/2025 3:20,April,3.42,3.39
4/8/2025 3:25,April,3.42,3.39
4/8/2025 3:30,April,3.42,3.39
4/8/2025 3:35,April,3.42,3.39
4/8/2025 3:40,April,3.42,3.39
4/8/2025 3:45,April,3.42,3.39
4/8/2025 3:50,April,3.42,3.39
4/8/2025 3:55,April,3.22,3.2
4/8/2025 4:00,April,3.42,3.39
4/8/2025 4:05,April,3.49,3.46
4/8/2025 4:10,April,3.42,3.39
4/8/2025 4:15,April,3.42,3.39
4/8/2025 4:20,April,3.4,3.37
4/8/2025 4:25,April,3.42,3.39
4/8/2025 4:30,April,3.24,3.22
4/8/2025 4:35,April,3.39,3.36
4/8/2025 4:40,April,3.24,3.21
4/8/2025 4:45,April,3.22,3.19
4/8/2025 4:50,April,3.22,3.19
4/8/2025 4:55,April,3.22,3.19
4/8/2025 5:00,April,3.22,3.19
4/8/2025 5:05,April,1.29,1.27
4/8/2025 5:10,April,3.14,3.11
4/8/2025 5:15,April,3.22,3.19
4/8/2025 5:20,April,3.32,3.29
4/8/2025 5:25,April,3.32,3.29
4/8/2025 5:30,April,3.33,3.3
4/8/2025 5:35,April,3.41,3.38
4/8/2025 5:40,April,3.33,3.3
4/8/2025 5:45,April,3.33,3.3
4/8/2025 5:50,April,3.21,3.18
4/8/2025 5:55,April,3.21,3.18
4/8/2025 6:00,April,3.2,3.17
4/8/2025 6:05,April,1.16,1.15
4/8/2025 6:10,April,1.19,1.18
4/8/2025 6:15,April,2.94,2.92
4/8/2025 6:20,April,2.78,2.76
4/8/2025 6:25,April,2.36,2.34
4/8/2025 6:30,April,2.87,2.85
4/8/2025 6:35,April,2.1,2.09
4/8/2025 6:40,April,2.35,2.33
4/8/2025 6:45,April,2.1,2.09
4/8/2025 6:50,April,1.22,1.22
4/8/2025 6:55,April,2.1,2.08
4/8/2025 7:00,April,2.1,2.08
4/8/2025 7:05,April,1.24,1.24
4/8/2025 7:10,April,2.09,2.08
4/8/2025 7:15,April,2.34,2.32
4/8/2025 7:20,April,2.09,2.08
4/8/2025 7:25,April,2.33,2.32
4/8/2025 7:30,April,2.09,2.08
4/8/2025 7:35,April,2.5,2.5
4/8/2025 7:40,April,3.02,3.02
4/8/2025 7:45,April,3.45,3.44
4/8/2025 7:50,April,3.2,3.19
4/8/2025 7:55,April,3.33,3.32
4/8/2025 8:00,April,3.45,3.44
4/8/2025 8:05,April,1.16,1.16
4/8/2025 8:10,April,2.07,2.08
4/8/2025 8:15,April,2.88,2.89
4/8/2025 8:20,April,2.61,2.62
4/8/2025 8:25,April,2.64,2.65
4/8/2025 8:30,April,2.87,2.89
4/8/2025 8:35,April,2.76,2.77
4/8/2025 8:40,April,2.99,3.01
4/8/2025 8:45,April,2.93,2.95
4/8/2025 8:50,April,2.86,2.88
4/8/2025 8:55,April,2.93,2.95
4/8/2025 9:00,April,2.86,2.88
4/8/2025 9:05,April,2.08,2.08
4/8/2025 9:10,April,2.72,2.72
4/8/2025 9:15,April,2.65,2.65
4/8/2025 9:20,April,3.11,3.11
4/8/2025 9:25,April,3,3.01
4/8/2025 9:30,April,3.23,3.23
4/8/2025 9:35,April,3.41,3.41
4/8/2025 9:40,April,3.34,3.34
4/8/2025 9:45,April,3.43,3.43
4/8/2025 9:50,April,3.41,3.41
4/8/2025 9:55,April,3.34,3.34
4/8/2025 10:00,April,3.34,3.34
4/8/2025 10:05,April,1.2,1.2
4/8/2025 10:10,April,2.31,2.31
4/8/2025 10:15,April,2.72,2.72
4/8/2025 10:20,April,2.69,2.69
4/8/2025 10:25,April,2.87,2.87
4/8/2025 10:30,April,3,3
4/8/2025 10:35,April,3.12,3.12
4/8/2025 10:40,April,3.02,3.02
4/8/2025 10:45,April,3.32,3.32
4/8/2025 10:50,April,1.21,1.21
4/8/2025 10:55,April,2.68,2.68
4/8/2025 11:00,April,2.96,2.96
4/8/2025 11:05,April,2.96,2.96
4/8/2025 11:10,April,2.86,2.86
4/8/2025 11:15,April,2.88,2.88
4/8/2025 11:20,April,2.87,2.87
4/8/2025 11:25,April,2.96,2.96
4/8/2025 11:30,April,3,3
4/8/2025 11:35,April,2.96,2.96
4/8/2025 11:40,April,3,3
4/8/2025 11:45,April,3.07,3.07
4/8/2025 11:50,April,3.25,3.25
4/8/2025 11:55,April,3,3
4/8/2025 12:00,April,2.99,2.99
4/8/2025 12:05,April,2.08,2.08
4/8/2025 12:10,April,2.72,2.72
4/8/2025 12:15,April,2.72,2.72
4/8/2025 12:20,April,2.85,2.85
4/8/2025 12:25,April,3,3
4/8/2025 12:30,April,3.01,3.01
4/8/2025 12:35,April,3.14,3.15
4/8/2025 12:40,April,3.12,3.12
4/8/2025 12:45,April,3.14,3.14
4/8/2025 12:50,April,4.75,4.75
4/8/2025 12:55,April,3.79,3.79
4/8/2025 13:00,April,4.75,4.75
4/8/2025 13:05,April,4.75,4.75
4/8/2025 13:10,April,8.58,8.58
4/8/2025 13:15,April,3.49,3.49
4/8/2025 13:20,April,3.42,3.42
4/8/2025 13:25,April,3.42,3.42
4/8/2025 13:30,April,2.93,2.93
4/8/2025 13:35,April,3.12,3.12
4/8/2025 13:40,April,3.89,3.89
4/8/2025 13:45,April,3.89,3.89
4/8/2025 13:50,April,3.7,3.7
4/8/2025 13:55,April,3.9,3.9
4/8/2025 14:00,April,3.7,3.7
4/8/2025 14:05,April,3.52,3.52
4/8/2025 14:10,April,3.88,3.88
4/8/2025 14:15,April,3.89,3.9
4/8/2025 14:20,April,4.76,4.77
4/8/2025 14:25,April,4,4.01
4/8/2025 14:30,April,5.54,5.55
4/8/2025 14:35,April,4.87,4.88
4/8/2025 14:40,April,4.87,4.88
4/8/2025 14:45,April,4.33,4.34
4/8/2025 14:50,April,5.53,5.53
4/8/2025 14:55,April,9.77,9.78
4/8/2025 15:00,April,4.02,4.02
4/8/2025 15:05,April,7.62,7.61
4/8/2025 15:10,April,7.19,7.19
4/8/2025 15:15,April,9.79,9.77
4/8/2025 15:20,April,13.36,13.35
4/8/2025 15:25,April,9.48,9.47
4/8/2025 15:30,April,12.17,12.16
4/8/2025 15:35,April,12.16,12.14
4/8/2025 15:40,April,11.74,11.71
4/8/2025 15:45,April,14.55,14.51
4/8/2025 15:50,April,4.22,4.21
4/8/2025 15:55,April,12.17,12.13
4/8/2025 16:00,April,9.07,9.04
4/8/2025 16:05,April,7.23,7.2
4/8/2025 16:10,April,4.02,4.01
4/8/2025 16:15,April,5.89,5.87
4/8/2025 16:20,April,4.52,4.49
4/8/2025 16:25,April,4.86,4.83
4/8/2025 16:30,April,3.75,3.73
4/8/2025 16:35,April,3.95,3.93
4/8/2025 16:40,April,4.71,4.68
4/8/2025 16:45,April,3.95,3.92
4/8/2025 16:50,April,3.95,3.93
4/8/2025 16:55,April,3.77,3.75
4/8/2025 17:00,April,2.94,2.92
4/8/2025 17:05,April,3.37,3.35
4/8/2025 17:10,April,3.14,3.12
4/8/2025 17:15,April,3.37,3.35
4/8/2025 17:20,April,3.53,3.51
4/8/2025 17:25,April,3.53,3.51
4/8/2025 17:30,April,3.73,3.7
4/8/2025 17:35,April,3.73,3.7
4/8/2025 17:40,April,3.97,3.94
4/8/2025 17:45,April,3.74,3.71
4/8/2025 17:50,April,3.97,3.94
4/8/2025 17:55,April,3.98,3.94
4/8/2025 18:00,April,3.97,3.94
4/8/2025 18:05,April,3.8,3.77
4/8/2025 18:10,April,3.8,3.77
4/8/2025 18:15,April,3.98,3.94
4/8/2025 18:20,April,4.54,4.49
4/8/2025 18:25,April,4.55,4.5
4/8/2025 18:30,April,4.58,4.53
4/8/2025 18:35,April,5.31,5.26
4/8/2025 18:40,April,4.67,4.62
4/8/2025 18:45,April,4.67,4.62
4/8/2025 18:50,April,4.58,4.53
4/8/2025 18:55,April,4.26,4.21
4/8/2025 19:00,April,4.53,4.48
4/8/2025 19:05,April,4.68,4.62
4/8/2025 19:10,April,4.56,4.51
4/8/2025 19:15,April,4.55,4.5
4/8/2025 19:20,April,3.99,3.95
4/8/2025 19:25,April,3.87,3.83
4/8/2025 19:30,April,3.55,3.51
4/8/2025 19:35,April,3.99,3.95
4/8/2025 19:40,April,4.44,4.39
4/8/2025 19:45,April,3.99,3.95
4/8/2025 19:50,April,4.05,4.01
4/8/2025 19:55,April,4.05,4.01
4/8/2025 20:00,April,4.54,4.49
4/8/2025 20:05,April,10.02,9.91
4/8/2025 20:10,April,7.68,7.59
4/8/2025 20:15,April,7.94,7.85
4/8/2025 20:20,April,10,9.88
4/8/2025 20:25,April,12.66,12.51
4/8/2025 20:30,April,7.42,7.34
4/8/2025 20:35,April,7.42,7.34
4/8/2025 20:40,April,7.37,7.28
4/8/2025 20:45,April,7.31,7.23
4/8/2025 20:50,April,6.42,6.34
4/8/2025 20:55,April,6.38,6.31
4/8/2025 21:00,April,5.5,5.44
4/8/2025 21:05,April,5.6,5.54
4/8/2025 21:10,April,5.6,5.54
4/8/2025 21:15,April,5.65,5.59
4/8/2025 21:20,April,5.96,5.89
4/8/2025 21:25,April,6.17,6.1
4/8/2025 21:30,April,6.29,6.21
4/8/2025 21:35,April,6.12,6.05
4/8/2025 21:40,April,6.17,6.1
4/8/2025 21:45,April,6.12,6.05
4/8/2025 21:50,April,4.83,4.77
4/8/2025 21:55,April,4.53,4.48
4/8/2025 22:00,April,4.26,4.22
4/8/2025 22:05,April,5.38,5.33
4/8/2025 22:10,April,4.28,4.24
4/8/2025 22:15,April,3.98,3.94
4/8/2025 22:20,April,3.98,3.94
4/8/2025 22:25,April,4.57,4.52
4/8/2025 22:30,April,3.98,3.94
4/8/2025 22:35,April,4.27,4.23
4/8/2025 22:40,April,3.99,3.94
4/8/2025 22:45,April,3.98,3.94
4/8/2025 22:50,April,3.9,3.86
4/8/2025 22:55,April,3.82,3.78
4/8/2025 23:00,April,3.9,3.86
4/8/2025 23:05,April,4.26,4.22
4/8/2025 23:10,April,4.07,4.03
4/8/2025 23:15,April,3.62,3.59
4/8/2025 23:20,April,4.26,4.22
4/8/2025 23:25,April,3.89,3.85
4/8/2025 23:30,April,5.31,5.25
4/8/2025 23:35,April,4.26,4.22
4/8/2025 23:40,April,3.63,3.59
4/8/2025 23:45,April,4.06,4.02
4/8/2025 23:50,April,3.89,3.85
4/8/2025 23:55,April,4.05,4.01
4/9/2025 0:00,April,3.85,3.81
4/9/2025 0:05,April,12.01,11.89
4/9/2025 0:10,April,5.58,5.53
4/9/2025 0:15,April,4.56,4.52
4/9/2025 0:20,April,4.24,4.2
4/9/2025 0:25,April,4.56,4.52
4/9/2025 0:30,April,4.24,4.2
4/9/2025 0:35,April,3.95,3.92
4/9/2025 0:40,April,3.9,3.87
4/9/2025 0:45,April,3.9,3.87
4/9/2025 0:50,April,3.81,3.77
4/9/2025 0:55,April,3.91,3.87
4/9/2025 1:00,April,3.68,3.64
4/9/2025 1:05,April,6.68,6.61
4/9/2025 1:10,April,5.74,5.69
4/9/2025 1:15,April,5.58,5.53
4/9/2025 1:20,April,4.93,4.88
4/9/2025 1:25,April,4.01,3.97
4/9/2025 1:30,April,3.61,3.58
4/9/2025 1:35,April,3.52,3.49
4/9/2025 1:40,April,3.63,3.59
4/9/2025 1:45,April,3.56,3.53
4/9/2025 1:50,April,3.64,3.6
4/9/2025 1:55,April,3.65,3.61
4/9/2025 2:00,April,3.62,3.58
4/9/2025 2:05,April,3.83,3.79
4/9/2025 2:10,April,3.81,3.77
4/9/2025 2:15,April,4.78,4.73
4/9/2025 2:20,April,3.94,3.9
4/9/2025 2:25,April,3.81,3.77
4/9/2025 2:30,April,3.76,3.72
4/9/2025 2:35,April,3.81,3.77
4/9/2025 2:40,April,3.73,3.69
4/9/2025 2:45,April,3.4,3.37
4/9/2025 2:50,April,3.44,3.4
4/9/2025 2:55,April,3.51,3.47
4/9/2025 3:00,April,3.51,3.47
4/9/2025 3:05,April,3.51,3.47
4/9/2025 3:10,April,3.72,3.68
4/9/2025 3:15,April,3.72,3.68
4/9/2025 3:20,April,3.83,3.79
4/9/2025 3:25,April,3.73,3.69
4/9/2025 3:30,April,3.72,3.68
4/9/2025 3:35,April,3.72,3.68
4/9/2025 3:40,April,3.72,3.68
4/9/2025 3:45,April,3.73,3.69
4/9/2025 3:50,April,3.72,3.68
4/9/2025 3:55,April,3.72,3.68
4/9/2025 4:00,April,3.62,3.58
4/9/2025 4:05,April,3.64,3.6
4/9/2025 4:10,April,3.7,3.67
4/9/2025 4:15,April,3.62,3.58
4/9/2025 4:20,April,3.62,3.58
4/9/2025 4:25,April,3.53,3.49
4/9/2025 4:30,April,3.61,3.57
4/9/2025 4:35,April,3.61,3.57
4/9/2025 4:40,April,3.6,3.56
4/9/2025 4:45,April,3.6,3.56
4/9/2025 4:50,April,3.53,3.5
4/9/2025 4:55,April,3.53,3.5
4/9/2025 5:00,April,3.53,3.5
4/9/2025 5:05,April,3.04,3.01
4/9/2025 5:10,April,3.41,3.38
4/9/2025 5:15,April,3.41,3.38
4/9/2025 5:20,April,3.41,3.38
4/9/2025 5:25,April,3.41,3.38
4/9/2025 5:30,April,3.41,3.38
4/9/2025 5:35,April,3.41,3.37
4/9/2025 5:40,April,3.41,3.37
4/9/2025 5:45,April,3.21,3.18
4/9/2025 5:50,April,2.11,2.09
4/9/2025 5:55,April,3.2,3.17
4/9/2025 6:00,April,3.2,3.17
4/9/2025 6:05,April,0,0
4/9/2025 6:10,April,1.19,1.18
4/9/2025 6:15,April,2.35,2.34
4/9/2025 6:20,April,2.43,2.42
4/9/2025 6:25,April,2.43,2.42
4/9/2025 6:30,April,2.43,2.42
4/9/2025 6:35,April,2.43,2.42
4/9/2025 6:40,April,2.34,2.33
4/9/2025 6:45,April,2.54,2.53
4/9/2025 6:50,April,2.74,2.73
4/9/2025 6:55,April,2.74,2.73
4/9/2025 7:00,April,2.42,2.42
4/9/2025 7:05,April,2.09,2.08
4/9/2025 7:10,April,2.72,2.72
4/9/2025 7:15,April,2.92,2.91
4/9/2025 7:20,April,2.32,2.31
4/9/2025 7:25,April,2.71,2.71
4/9/2025 7:30,April,3,3
4/9/2025 7:35,April,2.69,2.69
4/9/2025 7:40,April,2.7,2.7
4/9/2025 7:45,April,2.7,2.7
4/9/2025 7:50,April,2.83,2.83
4/9/2025 7:55,April,2.9,2.9
4/9/2025 8:00,April,2.85,2.85
4/9/2025 8:05,April,0,0
4/9/2025 8:10,April,0.18,0.18
4/9/2025 8:15,April,1.23,1.23
4/9/2025 8:20,April,2.66,2.67
4/9/2025 8:25,April,2.3,2.3
4/9/2025 8:30,April,2.62,2.62
4/9/2025 8:35,April,1.2,1.2
4/9/2025 8:40,April,2.07,2.08
4/9/2025 8:45,April,2.29,2.3
4/9/2025 8:50,April,2.4,2.4
4/9/2025 8:55,April,2.4,2.4
4/9/2025 9:00,April,2.69,2.7
4/9/2025 9:05,April,1.2,1.21
4/9/2025 9:10,April,2.06,2.08
4/9/2025 9:15,April,2.39,2.4
4/9/2025 9:20,April,2.66,2.68
4/9/2025 9:25,April,2.62,2.64
4/9/2025 9:30,April,2.72,2.74
4/9/2025 9:35,April,2.39,2.4
4/9/2025 9:40,April,2.86,2.88
4/9/2025 9:45,April,2.86,2.88
4/9/2025 9:50,April,3.41,3.43
4/9/2025 9:55,April,3.01,3.02
4/9/2025 10:00,April,2.86,2.88
4/9/2025 10:05,April,0,0
4/9/2025 10:10,April,1.27,1.28
4/9/2025 10:15,April,1.31,1.31
4/9/2025 10:20,April,2.82,2.84
4/9/2025 10:25,April,2.71,2.72
4/9/2025 10:30,April,2.67,2.69
4/9/2025 10:35,April,1.27,1.27
4/9/2025 10:40,April,1.31,1.31
4/9/2025 10:45,April,2.39,2.4
4/9/2025 10:50,April,2.7,2.72
4/9/2025 10:55,April,2.81,2.83
4/9/2025 11:00,April,2.69,2.71
4/9/2025 11:05,April,2.06,2.08
4/9/2025 11:10,April,2.64,2.65
4/9/2025 11:15,April,2.06,2.08
4/9/2025 11:20,April,1.27,1.28
4/9/2025 11:25,April,1.2,1.2
4/9/2025 11:30,April,2.46,2.48
4/9/2025 11:35,April,2.45,2.47
4/9/2025 11:40,April,2.06,2.08
4/9/2025 11:45,April,2.39,2.4
4/9/2025 11:50,April,2.28,2.29
4/9/2025 11:55,April,2.39,2.4
4/9/2025 12:00,April,1.18,1.19
4/9/2025 12:05,April,0,0
4/9/2025 12:10,April,0,0
4/9/2025 12:15,April,0,0
4/9/2025 12:20,April,0,0
4/9/2025 12:25,April,1.19,1.2
4/9/2025 12:30,April,2.38,2.4
4/9/2025 12:35,April,1.2,1.21
4/9/2025 12:40,April,3.52,3.54
4/9/2025 12:45,April,2.96,2.98
4/9/2025 12:50,April,2.69,2.71
4/9/2025 12:55,April,2.87,2.89
4/9/2025 13:00,April,3.5,3.53
4/9/2025 13:05,April,2.89,2.9
4/9/2025 13:10,April,4.61,4.62
4/9/2025 13:15,April,3.75,3.77
4/9/2025 13:20,April,3.57,3.58
4/9/2025 13:25,April,3,3.01
4/9/2025 13:30,April,3.4,3.42
4/9/2025 13:35,April,3.52,3.54
4/9/2025 13:40,April,3.18,3.2
4/9/2025 13:45,April,3.33,3.35
4/9/2025 13:50,April,3.52,3.54
4/9/2025 13:55,April,3.42,3.44
4/9/2025 14:00,April,3.34,3.35
4/9/2025 14:05,April,3.42,3.43
4/9/2025 14:10,April,3.43,3.44
4/9/2025 14:15,April,3.43,3.44
4/9/2025 14:20,April,3.53,3.54
4/9/2025 14:25,April,4.83,4.85
4/9/2025 14:30,April,3.73,3.74
4/9/2025 14:35,April,3.54,3.55
4/9/2025 14:40,April,5.81,5.83
4/9/2025 14:45,April,5.37,5.38
4/9/2025 14:50,April,5.37,5.38
4/9/2025 14:55,April,5.38,5.39
4/9/2025 15:00,April,3.84,3.85
4/9/2025 15:05,April,5.39,5.39
4/9/2025 15:10,April,4.04,4.04
4/9/2025 15:15,April,4.05,4.04
4/9/2025 15:20,April,4.79,4.78
4/9/2025 15:25,April,4.88,4.87
4/9/2025 15:30,April,4.06,4.05
4/9/2025 15:35,April,3.97,3.96
4/9/2025 15:40,April,4.79,4.78
4/9/2025 15:45,April,4.79,4.78
4/9/2025 15:50,April,4.18,4.17
4/9/2025 15:55,April,4.16,4.16
4/9/2025 16:00,April,4.07,4.06
4/9/2025 16:05,April,4.91,4.89
4/9/2025 16:10,April,4.35,4.33
4/9/2025 16:15,April,3.5,3.49
4/9/2025 16:20,April,4.19,4.17
4/9/2025 16:25,April,4.19,4.17
4/9/2025 16:30,April,3.99,3.98
4/9/2025 16:35,April,4.91,4.89
4/9/2025 16:40,April,4.2,4.18
4/9/2025 16:45,April,4.19,4.17
4/9/2025 16:50,April,4.2,4.18
4/9/2025 16:55,April,3.93,3.9
4/9/2025 17:00,April,2.99,2.97
4/9/2025 17:05,April,3.14,3.11
4/9/2025 17:10,April,3.37,3.34
4/9/2025 17:15,April,3.49,3.46
4/9/2025 17:20,April,3.91,3.87
4/9/2025 17:25,April,3.82,3.78
4/9/2025 17:30,April,3.9,3.86
4/9/2025 17:35,April,4.1,4.05
4/9/2025 17:40,April,3.83,3.78
4/9/2025 17:45,April,4.48,4.43
4/9/2025 17:50,April,4.48,4.43
4/9/2025 17:55,April,4.57,4.52
4/9/2025 18:00,April,4.97,4.91
4/9/2025 18:05,April,5.09,5.03
4/9/2025 18:10,April,5.09,5.03
4/9/2025 18:15,April,5.09,5.03
4/9/2025 18:20,April,5.51,5.44
4/9/2025 18:25,April,5.51,5.44
4/9/2025 18:30,April,5.52,5.45
4/9/2025 18:35,April,5.83,5.75
4/9/2025 18:40,April,14.66,14.49
4/9/2025 18:45,April,6.79,6.72
4/9/2025 18:50,April,6.27,6.2
4/9/2025 18:55,April,5.84,5.78
4/9/2025 19:00,April,5.84,5.78
4/9/2025 19:05,April,5.1,5.04
4/9/2025 19:10,April,5.07,5.01
4/9/2025 19:15,April,4.98,4.92
4/9/2025 19:20,April,4.74,4.68
4/9/2025 19:25,April,4.73,4.68
4/9/2025 19:30,April,4.97,4.92
4/9/2025 19:35,April,4.98,4.93
4/9/2025 19:40,April,5.54,5.48
4/9/2025 19:45,April,5.34,5.29
4/9/2025 19:50,April,5.53,5.47
4/9/2025 19:55,April,5.34,5.29
4/9/2025 20:00,April,5.34,5.29
4/9/2025 20:05,April,9.99,9.88
4/9/2025 20:10,April,6.27,6.2
4/9/2025 20:15,April,5.88,5.81
4/9/2025 20:20,April,9.99,9.87
4/9/2025 20:25,April,6.29,6.22
4/9/2025 20:30,April,6.29,6.22
4/9/2025 20:35,April,6.3,6.23
4/9/2025 20:40,April,6.29,6.22
4/9/2025 20:45,April,5.19,5.13
4/9/2025 20:50,April,6.28,6.21
4/9/2025 20:55,April,5.87,5.8
4/9/2025 21:00,April,5.86,5.8
4/9/2025 21:05,April,5.86,5.79
4/9/2025 21:10,April,5.85,5.79
4/9/2025 21:15,April,5.85,5.79
4/9/2025 21:20,April,5.15,5.1
4/9/2025 21:25,April,5.24,5.18
4/9/2025 21:30,April,5.14,5.09
4/9/2025 21:35,April,5.14,5.09
4/9/2025 21:40,April,5.14,5.09
4/9/2025 21:45,April,5.14,5.08
4/9/2025 21:50,April,5.12,5.07
4/9/2025 21:55,April,6.26,6.2
4/9/2025 22:00,April,5.82,5.76
4/9/2025 22:05,April,8.81,8.73
4/9/2025 22:10,April,6.11,6.05
4/9/2025 22:15,April,5.07,5.02
4/9/2025 22:20,April,4.97,4.92
4/9/2025 22:25,April,4.58,4.54
4/9/2025 22:30,April,4.95,4.91
4/9/2025 22:35,April,3.93,3.9
4/9/2025 22:40,April,4.1,4.06
4/9/2025 22:45,April,3.95,3.91
4/9/2025 22:50,April,4.1,4.06
4/9/2025 22:55,April,4,3.96
4/9/2025 23:00,April,3.94,3.9
4/9/2025 23:05,April,4.58,4.54
4/9/2025 23:10,April,4.07,4.04
4/9/2025 23:15,April,3.94,3.91
4/9/2025 23:20,April,3.94,3.91
4/9/2025 23:25,April,4.36,4.32
4/9/2025 23:30,April,4.06,4.02
4/9/2025 23:35,April,4.06,4.02
4/9/2025 23:40,April,3.63,3.59
4/9/2025 23:45,April,3.93,3.89
4/9/2025 23:50,April,3.52,3.49
4/9/2025 23:55,April,3.52,3.48
4/10/2025 0:00,April,3.52,3.48
4/10/2025 0:05,April,6.72,6.65
4/10/2025 0:10,April,4.74,4.69
4/10/2025 0:15,April,4.69,4.64
4/10/2025 0:20,April,3.82,3.78
4/10/2025 0:25,April,3.83,3.79
4/10/2025 0:30,April,3.85,3.81
4/10/2025 0:35,April,4.79,4.74
4/10/2025 0:40,April,4.24,4.2
4/10/2025 0:45,April,3.41,3.37
4/10/2025 0:50,April,3.43,3.39
4/10/2025 0:55,April,3.42,3.38
4/10/2025 1:00,April,3.48,3.44
4/10/2025 1:05,April,3.94,3.91
4/10/2025 1:10,April,3.71,3.67
4/10/2025 1:15,April,3.71,3.68
4/10/2025 1:20,April,3.71,3.68
4/10/2025 1:25,April,3.71,3.68
4/10/2025 1:30,April,3.71,3.68
4/10/2025 1:35,April,3.71,3.68
4/10/2025 1:40,April,3.65,3.62
4/10/2025 1:45,April,3.7,3.67
4/10/2025 1:50,April,3.7,3.67
4/10/2025 1:55,April,4.78,4.74
4/10/2025 2:00,April,3.7,3.67
4/10/2025 2:05,April,3.7,3.67
4/10/2025 2:10,April,3.66,3.63
4/10/2025 2:15,April,3.66,3.63
4/10/2025 2:20,April,3.58,3.55
4/10/2025 2:25,April,3.53,3.5
4/10/2025 2:30,April,3.53,3.51
4/10/2025 2:35,April,3.58,3.55
4/10/2025 2:40,April,3.58,3.56
4/10/2025 2:45,April,3.51,3.49
4/10/2025 2:50,April,3.52,3.49
4/10/2025 2:55,April,3.49,3.46
4/10/2025 3:00,April,3.47,3.45
4/10/2025 3:05,April,3.43,3.41
4/10/2025 3:10,April,3.43,3.4
4/10/2025 3:15,April,3.43,3.4
4/10/2025 3:20,April,3.42,3.4
4/10/2025 3:25,April,3.36,3.34
4/10/2025 3:30,April,3.35,3.32
4/10/2025 3:35,April,3.37,3.34
4/10/2025 3:40,April,3.42,3.39
4/10/2025 3:45,April,3.33,3.31
4/10/2025 3:50,April,3.34,3.31
4/10/2025 3:55,April,3.34,3.31
4/10/2025 4:00,April,3.34,3.31
4/10/2025 4:05,April,3.34,3.31
4/10/2025 4:10,April,3.42,3.39
4/10/2025 4:15,April,3.31,3.28
4/10/2025 4:20,April,3.3,3.27
4/10/2025 4:25,April,3.28,3.25
4/10/2025 4:30,April,3.26,3.23
4/10/2025 4:35,April,3.26,3.24
4/10/2025 4:40,April,3.27,3.24
4/10/2025 4:45,April,3.24,3.21
4/10/2025 4:50,April,3.26,3.23
4/10/2025 4:55,April,3.24,3.21
4/10/2025 5:00,April,3.21,3.18
4/10/2025 5:05,April,0,0
4/10/2025 5:10,April,2.39,2.37
4/10/2025 5:15,April,2.81,2.78
4/10/2025 5:20,April,3.05,3.02
4/10/2025 5:25,April,3.05,3.02
4/10/2025 5:30,April,3.11,3.08
4/10/2025 5:35,April,3.22,3.19
4/10/2025 5:40,April,3.22,3.19
4/10/2025 5:45,April,3.24,3.21
4/10/2025 5:50,April,3.21,3.18
4/10/2025 5:55,April,3.2,3.17
4/10/2025 6:00,April,3.03,3
4/10/2025 6:05,April,0,0
4/10/2025 6:10,April,2.34,2.33
4/10/2025 6:15,April,2.87,2.85
4/10/2025 6:20,April,2.91,2.89
4/10/2025 6:25,April,2.05,2.04
4/10/2025 6:30,April,2.1,2.09
4/10/2025 6:35,April,0,0
4/10/2025 6:40,April,0,0
4/10/2025 6:45,April,2.09,2.08
4/10/2025 6:50,April,2.09,2.08
4/10/2025 6:55,April,2.31,2.3
4/10/2025 7:00,April,2.12,2.12
4/10/2025 7:05,April,0,0
4/10/2025 7:10,April,0,0
4/10/2025 7:15,April,1.29,1.29
4/10/2025 7:20,April,1.83,1.83
4/10/2025 7:25,April,1.94,1.94
4/10/2025 7:30,April,2.08,2.08
4/10/2025 7:35,April,2.08,2.08
4/10/2025 7:40,April,2.22,2.22
4/10/2025 7:45,April,2.74,2.75
4/10/2025 7:50,April,2.59,2.59
4/10/2025 7:55,April,3.14,3.14
4/10/2025 8:00,April,3.18,3.19
4/10/2025 8:05,April,2.08,2.08
4/10/2025 8:10,April,2.65,2.65
4/10/2025 8:15,April,2.54,2.55
4/10/2025 8:20,April,2.18,2.18
4/10/2025 8:25,April,2.5,2.51
4/10/2025 8:30,April,2.51,2.51
4/10/2025 8:35,April,2.51,2.51
4/10/2025 8:40,April,2.45,2.46
4/10/2025 8:45,April,2.45,2.46
4/10/2025 8:50,April,2.49,2.49
4/10/2025 8:55,April,2.62,2.63
4/10/2025 9:00,April,2.7,2.71
4/10/2025 9:05,April,2.03,2.04
4/10/2025 9:10,April,2.08,2.1
4/10/2025 9:15,April,2.07,2.08
4/10/2025 9:20,April,2.66,2.68
4/10/2025 9:25,April,2.71,2.72
4/10/2025 9:30,April,2.68,2.7
4/10/2025 9:35,April,2.89,2.91
4/10/2025 9:40,April,2.89,2.91
4/10/2025 9:45,April,3.09,3.11
4/10/2025 9:50,April,3.37,3.39
4/10/2025 9:55,April,2.97,2.99
4/10/2025 10:00,April,3.52,3.54
4/10/2025 10:05,April,0,0
4/10/2025 10:10,April,2.02,2.03
4/10/2025 10:15,April,2.07,2.08
4/10/2025 10:20,April,2.43,2.45
4/10/2025 10:25,April,2.61,2.63
4/10/2025 10:30,April,2.66,2.68
4/10/2025 10:35,April,3.5,3.52
4/10/2025 10:40,April,3.45,3.47
4/10/2025 10:45,April,3.09,3.11
4/10/2025 10:50,April,3.09,3.11
4/10/2025 10:55,April,3.09,3.11
4/10/2025 11:00,April,3.09,3.11
4/10/2025 11:05,April,2.99,3.01
4/10/2025 11:10,April,2.69,2.7
4/10/2025 11:15,April,2.68,2.69
4/10/2025 11:20,April,2.69,2.7
4/10/2025 11:25,April,2.77,2.78
4/10/2025 11:30,April,2.81,2.82
4/10/2025 11:35,April,3.08,3.09
4/10/2025 11:40,April,3,3.01
4/10/2025 11:45,April,2.99,3
4/10/2025 11:50,April,2.99,3.01
4/10/2025 11:55,April,6.53,6.53
4/10/2025 12:00,April,5.47,5.47
4/10/2025 12:05,April,3.87,3.87
4/10/2025 12:10,April,5.28,5.28
4/10/2025 12:15,April,6.62,6.62
4/10/2025 12:20,April,6.08,6.08
4/10/2025 12:25,April,6.48,6.48
4/10/2025 12:30,April,6.96,6.96
4/10/2025 12:35,April,2.83,2.83
4/10/2025 12:40,April,3.1,3.1
4/10/2025 12:45,April,3.11,3.11
4/10/2025 12:50,April,3.46,3.46
4/10/2025 12:55,April,3.47,3.47
4/10/2025 13:00,April,3.58,3.58
4/10/2025 13:05,April,3.76,3.76
4/10/2025 13:10,April,4.71,4.72
4/10/2025 13:15,April,5.59,5.59
4/10/2025 13:20,April,4.21,4.22
4/10/2025 13:25,April,3.96,3.96
4/10/2025 13:30,April,3.76,3.77
4/10/2025 13:35,April,3.77,3.77
4/10/2025 13:40,April,3.77,3.77
4/10/2025 13:45,April,3.44,3.44
4/10/2025 13:50,April,3.76,3.76
4/10/2025 13:55,April,4.17,4.18
4/10/2025 14:00,April,4.17,4.17
4/10/2025 14:05,April,4.38,4.38
4/10/2025 14:10,April,5.08,5.09
4/10/2025 14:15,April,5.61,5.63
4/10/2025 14:20,April,5.92,5.94
4/10/2025 14:25,April,5.31,5.33
4/10/2025 14:30,April,4.35,4.36
4/10/2025 14:35,April,13.86,13.9
4/10/2025 14:40,April,6.19,6.21
4/10/2025 14:45,April,6.17,6.18
4/10/2025 14:50,April,5.86,5.87
4/10/2025 14:55,April,5.6,5.61
4/10/2025 15:00,April,4.96,4.97
4/10/2025 15:05,April,6.16,6.17
4/10/2025 15:10,April,5.66,5.67
4/10/2025 15:15,April,5.87,5.88
4/10/2025 15:20,April,6.17,6.18
4/10/2025 15:25,April,6.55,6.55
4/10/2025 15:30,April,6.22,6.22
4/10/2025 15:35,April,14.95,14.94
4/10/2025 15:40,April,6.59,6.59
4/10/2025 15:45,April,6.27,6.26
4/10/2025 15:50,April,13.52,13.5
4/10/2025 15:55,April,6.63,6.62
4/10/2025 16:00,April,5.84,5.84
4/10/2025 16:05,April,6.28,6.28
4/10/2025 16:10,April,6.05,6.05
4/10/2025 16:15,April,5.93,5.92
4/10/2025 16:20,April,5.92,5.91
4/10/2025 16:25,April,5.92,5.91
4/10/2025 16:30,April,9.16,9.14
4/10/2025 16:35,April,6.34,6.32
4/10/2025 16:40,April,6.1,6.08
4/10/2025 16:45,April,5.94,5.92
4/10/2025 16:50,April,5.82,5.8
4/10/2025 16:55,April,5.13,5.11
4/10/2025 17:00,April,4.93,4.9
4/10/2025 17:05,April,4.55,4.52
4/10/2025 17:10,April,4.69,4.67
4/10/2025 17:15,April,4.49,4.46
4/10/2025 17:20,April,4.7,4.67
4/10/2025 17:25,April,4.7,4.67
4/10/2025 17:30,April,4.96,4.93
4/10/2025 17:35,April,4.96,4.92
4/10/2025 17:40,April,4.96,4.93
4/10/2025 17:45,April,4.97,4.93
4/10/2025 17:50,April,4.87,4.84
4/10/2025 17:55,April,5.8,5.76
4/10/2025 18:00,April,5.98,5.94
4/10/2025 18:05,April,5.23,5.19
4/10/2025 18:10,April,5.13,5.09
4/10/2025 18:15,April,5.99,5.94
4/10/2025 18:20,April,13.33,13.21
4/10/2025 18:25,April,13.35,13.23
4/10/2025 18:30,April,6.76,6.7
4/10/2025 18:35,April,7.38,7.31
4/10/2025 18:40,April,7.39,7.32
4/10/2025 18:45,April,6.42,6.36
4/10/2025 18:50,April,6.16,6.1
4/10/2025 18:55,April,6,5.94
4/10/2025 19:00,April,5.54,5.48
4/10/2025 19:05,April,5.88,5.82
4/10/2025 19:10,April,5.88,5.82
4/10/2025 19:15,April,5.88,5.82
4/10/2025 19:20,April,5.18,5.13
4/10/2025 19:25,April,5.55,5.49
4/10/2025 19:30,April,5.87,5.81
4/10/2025 19:35,April,5.87,5.81
4/10/2025 19:40,April,5.55,5.5
4/10/2025 19:45,April,6,5.94
4/10/2025 19:50,April,5.87,5.81
4/10/2025 19:55,April,5.88,5.82
4/10/2025 20:00,April,5.17,5.12
4/10/2025 20:05,April,6.4,6.33
4/10/2025 20:10,April,6.39,6.32
4/10/2025 20:15,April,6.43,6.36
4/10/2025 20:20,April,6.83,6.75
4/10/2025 20:25,April,6.41,6.34
4/10/2025 20:30,April,6.41,6.34
4/10/2025 20:35,April,6.41,6.34
4/10/2025 20:40,April,6.4,6.33
4/10/2025 20:45,April,6.39,6.32
4/10/2025 20:50,April,6.39,6.32
4/10/2025 20:55,April,6.38,6.31
4/10/2025 21:00,April,6.21,6.14
4/10/2025 21:05,April,6.01,5.95
4/10/2025 21:10,April,6.35,6.28
4/10/2025 21:15,April,6.34,6.28
4/10/2025 21:20,April,6.37,6.31
4/10/2025 21:25,April,6.36,6.29
4/10/2025 21:30,April,6.35,6.28
4/10/2025 21:35,April,12.48,12.35
4/10/2025 21:40,April,6.35,6.29
4/10/2025 21:45,April,6.35,6.28
4/10/2025 21:50,April,6.34,6.28
4/10/2025 21:55,April,6.34,6.28
4/10/2025 22:00,April,6.34,6.27
4/10/2025 22:05,April,30.37,30.1
4/10/2025 22:10,April,29.76,29.5
4/10/2025 22:15,April,30.37,30.1
4/10/2025 22:20,April,30.36,30.09
4/10/2025 22:25,April,15.67,15.53
4/10/2025 22:30,April,20.01,19.84
4/10/2025 22:35,April,16.62,16.48
4/10/2025 22:40,April,20.03,19.86
4/10/2025 22:45,April,20.05,19.88
4/10/2025 22:50,April,12.64,12.53
4/10/2025 22:55,April,13.86,13.74
4/10/2025 23:00,April,10.35,10.25
4/10/2025 23:05,April,15.71,15.58
4/10/2025 23:10,April,24.94,24.74
4/10/2025 23:15,April,29.97,29.74
4/10/2025 23:20,April,15.66,15.55
4/10/2025 23:25,April,24.88,24.7
4/10/2025 23:30,April,31.23,31.01
4/10/2025 23:35,April,31.17,30.95
4/10/2025 23:40,April,32.65,32.42
4/10/2025 23:45,April,32.62,32.39
4/10/2025 23:50,April,32.14,31.91
4/10/2025 23:55,April,32.57,32.34
4/11/2025 0:00,April,31.84,31.62
4/11/2025 0:05,April,26.51,26.34
4/11/2025 0:10,April,15.53,15.42
4/11/2025 0:15,April,15.21,15.11
4/11/2025 0:20,April,15.21,15.11
4/11/2025 0:25,April,13.93,13.83
4/11/2025 0:30,April,12.6,12.51
4/11/2025 0:35,April,4.35,4.32
4/11/2025 0:40,April,13.76,13.66
4/11/2025 0:45,April,9.92,9.85
4/11/2025 0:50,April,9.92,9.85
4/11/2025 0:55,April,4.57,4.54
4/11/2025 1:00,April,4.25,4.21
4/11/2025 1:05,April,15.4,15.3
4/11/2025 1:10,April,9.9,9.83
4/11/2025 1:15,April,7.4,7.36
4/11/2025 1:20,April,9.86,9.79
4/11/2025 1:25,April,15.41,15.31
4/11/2025 1:30,April,13.72,13.64
4/11/2025 1:35,April,11.9,11.83
4/11/2025 1:40,April,5.89,5.85
4/11/2025 1:45,April,5.84,5.8
4/11/2025 1:50,April,5.48,5.45
4/11/2025 1:55,April,4.4,4.37
4/11/2025 2:00,April,4.39,4.37
4/11/2025 2:05,April,15.38,15.3
4/11/2025 2:10,April,5.52,5.5
4/11/2025 2:15,April,4.41,4.38
4/11/2025 2:20,April,3.89,3.87
4/11/2025 2:25,April,3.88,3.85
4/11/2025 2:30,April,3.88,3.85
4/11/2025 2:35,April,4.4,4.37
4/11/2025 2:40,April,4.4,4.37
4/11/2025 2:45,April,4.29,4.27
4/11/2025 2:50,April,4.49,4.46
4/11/2025 2:55,April,3.88,3.86
4/11/2025 3:00,April,3.9,3.88
4/11/2025 3:05,April,4.24,4.21
4/11/2025 3:10,April,3.75,3.72
4/11/2025 3:15,April,3.74,3.71
4/11/2025 3:20,April,3.76,3.73
4/11/2025 3:25,April,3.76,3.73
4/11/2025 3:30,April,3.75,3.72
4/11/2025 3:35,April,3.76,3.73
4/11/2025 3:40,April,3.78,3.75
4/11/2025 3:45,April,3.75,3.71
4/11/2025 3:50,April,3.77,3.73
4/11/2025 3:55,April,3.75,3.71
4/11/2025 4:00,April,3.75,3.71
4/11/2025 4:05,April,3.69,3.65
4/11/2025 4:10,April,3.77,3.73
4/11/2025 4:15,April,3.74,3.7
4/11/2025 4:20,April,3.72,3.69
4/11/2025 4:25,April,3.75,3.71
4/11/2025 4:30,April,3.74,3.7
4/11/2025 4:35,April,3.74,3.71
4/11/2025 4:40,April,3.76,3.72
4/11/2025 4:45,April,3.73,3.69
4/11/2025 4:50,April,3.71,3.68
4/11/2025 4:55,April,3.7,3.66
4/11/2025 5:00,April,3.63,3.59
4/11/2025 5:05,April,2.13,2.1
4/11/2025 5:10,April,3.22,3.18
4/11/2025 5:15,April,3.39,3.35
4/11/2025 5:20,April,3.4,3.36
4/11/2025 5:25,April,3.41,3.37
4/11/2025 5:30,April,3.41,3.37
4/11/2025 5:35,April,3.42,3.38
4/11/2025 5:40,April,3.42,3.38
4/11/2025 5:45,April,3.42,3.38
4/11/2025 5:50,April,3.42,3.38
4/11/2025 5:55,April,3.4,3.36
4/11/2025 6:00,April,3.26,3.23
4/11/2025 6:05,April,0,0
4/11/2025 6:10,April,2.11,2.09
4/11/2025 6:15,April,3.08,3.06
4/11/2025 6:20,April,2.37,2.35
4/11/2025 6:25,April,2.36,2.35
4/11/2025 6:30,April,2.36,2.35
4/11/2025 6:35,April,2.36,2.34
4/11/2025 6:40,April,2.69,2.67
4/11/2025 6:45,April,2.1,2.09
4/11/2025 6:50,April,0,0
4/11/2025 6:55,April,2.1,2.09
4/11/2025 7:00,April,2.35,2.34
4/11/2025 7:05,April,0,0
4/11/2025 7:10,April,0,0
4/11/2025 7:15,April,2.77,2.76
4/11/2025 7:20,April,2.69,2.68
4/11/2025 7:25,April,2.67,2.66
4/11/2025 7:30,April,3.04,3.03
4/11/2025 7:35,April,3.04,3.03
4/11/2025 7:40,April,2.99,2.98
4/11/2025 7:45,April,3.11,3.11
4/11/2025 7:50,April,3.04,3.03
4/11/2025 7:55,April,3.35,3.34
4/11/2025 8:00,April,3.35,3.35
4/11/2025 8:05,April,0,0
4/11/2025 8:10,April,2.86,2.86
4/11/2025 8:15,April,3.26,3.26
4/11/2025 8:20,April,2.9,2.9
4/11/2025 8:25,April,3.03,3.03
4/11/2025 8:30,April,3.02,3.03
4/11/2025 8:35,April,2.86,2.87
4/11/2025 8:40,April,3.02,3.03
4/11/2025 8:45,April,3.02,3.03
4/11/2025 8:50,April,3.02,3.03
4/11/2025 8:55,April,3.08,3.09
4/11/2025 9:00,April,3.33,3.34
4/11/2025 9:05,April,2.78,2.79
4/11/2025 9:10,April,3.13,3.14
4/11/2025 9:15,April,3.02,3.02
4/11/2025 9:20,April,3.02,3.03
4/11/2025 9:25,April,3.02,3.02
4/11/2025 9:30,April,3.32,3.33
4/11/2025 9:35,April,3.2,3.21
4/11/2025 9:40,April,3.32,3.32
4/11/2025 9:45,April,3.32,3.33
4/11/2025 9:50,April,3.32,3.33
4/11/2025 9:55,April,3.33,3.33
4/11/2025 10:00,April,3.34,3.35
4/11/2025 10:05,April,2.08,2.08
4/11/2025 10:10,April,3.27,3.28
4/11/2025 10:15,April,3.58,3.58
4/11/2025 10:20,April,3.57,3.58
4/11/2025 10:25,April,3.68,3.68
4/11/2025 10:30,April,3.67,3.68
4/11/2025 10:35,April,3.66,3.66
4/11/2025 10:40,April,3.67,3.67
4/11/2025 10:45,April,3.57,3.58
4/11/2025 10:50,April,3.65,3.65
4/11/2025 10:55,April,3.44,3.44
4/11/2025 11:00,April,3.57,3.57
4/11/2025 11:05,April,3.56,3.56
4/11/2025 11:10,April,3.57,3.57
4/11/2025 11:15,April,3.56,3.56
4/11/2025 11:20,April,3.65,3.65
4/11/2025 11:25,April,3.6,3.6
4/11/2025 11:30,April,3.57,3.57
4/11/2025 11:35,April,3.55,3.55
4/11/2025 11:40,April,3.58,3.58
4/11/2025 11:45,April,3.67,3.67
4/11/2025 11:50,April,3.57,3.57
4/11/2025 11:55,April,3.57,3.57
4/11/2025 12:00,April,3.56,3.56
4/11/2025 12:05,April,3.47,3.47
4/11/2025 12:10,April,3.46,3.46
4/11/2025 12:15,April,3.55,3.55
4/11/2025 12:20,April,3.76,3.77
4/11/2025 12:25,April,3.55,3.55
4/11/2025 12:30,April,3.69,3.69
4/11/2025 12:35,April,3.73,3.73
4/11/2025 12:40,April,3.74,3.74
4/11/2025 12:45,April,3.76,3.76
4/11/2025 12:50,April,3.84,3.85
4/11/2025 12:55,April,3.8,3.8
4/11/2025 13:00,April,4.16,4.17
4/11/2025 13:05,April,4.33,4.33
4/11/2025 13:10,April,4.33,4.34
4/11/2025 13:15,April,7.09,7.1
4/11/2025 13:20,April,5.43,5.44
4/11/2025 13:25,April,4.48,4.48
4/11/2025 13:30,April,4.72,4.72
4/11/2025 13:35,April,4.35,4.36
4/11/2025 13:40,April,4.34,4.35
4/11/2025 13:45,April,4.61,4.62
4/11/2025 13:50,April,4.73,4.74
4/11/2025 13:55,April,7.15,7.17
4/11/2025 14:00,April,7.12,7.13
4/11/2025 14:05,April,7.76,7.78
4/11/2025 14:10,April,6.99,7.01
4/11/2025 14:15,April,6.94,6.96
4/11/2025 14:20,April,13.91,13.95
4/11/2025 14:25,April,12.12,12.16
4/11/2025 14:30,April,7.77,7.8
4/11/2025 14:35,April,7.76,7.78
4/11/2025 14:40,April,11.65,11.69
4/11/2025 14:45,April,7.77,7.79
4/11/2025 14:50,April,12.09,12.13
4/11/2025 14:55,April,9.77,9.8
4/11/2025 15:00,April,9.76,9.79
4/11/2025 15:05,April,9.77,9.8
4/11/2025 15:10,April,9.4,9.43
4/11/2025 15:15,April,8.08,8.1
4/11/2025 15:20,April,8.08,8.1
4/11/2025 15:25,April,9.77,9.79
4/11/2025 15:30,April,9.81,9.83
4/11/2025 15:35,April,13.94,13.96
4/11/2025 15:40,April,13.35,13.37
4/11/2025 15:45,April,12.15,12.17
4/11/2025 15:50,April,13.34,13.36
4/11/2025 15:55,April,12.18,12.2
4/11/2025 16:00,April,11.53,11.53
4/11/2025 16:05,April,15.37,15.35
4/11/2025 16:10,April,7.3,7.28
4/11/2025 16:15,April,9.04,9.01
4/11/2025 16:20,April,7.31,7.29
4/11/2025 16:25,April,9.04,9
4/11/2025 16:30,April,9.87,9.84
4/11/2025 16:35,April,10.57,10.53
4/11/2025 16:40,April,10.57,10.54
4/11/2025 16:45,April,10.79,10.75
4/11/2025 16:50,April,10.81,10.76
4/11/2025 16:55,April,10.7,10.65
4/11/2025 17:00,April,4.59,4.57
4/11/2025 17:05,April,4.85,4.82
4/11/2025 17:10,April,4.73,4.7
4/11/2025 17:15,April,4.94,4.91
4/11/2025 17:20,April,4.47,4.44
4/11/2025 17:25,April,4.46,4.43
4/11/2025 17:30,April,4.47,4.44
4/11/2025 17:35,April,4.48,4.45
4/11/2025 17:40,April,4.47,4.44
4/11/2025 17:45,April,5.3,5.26
4/11/2025 17:50,April,5.35,5.3
4/11/2025 17:55,April,5.41,5.36
4/11/2025 18:00,April,5.53,5.49
4/11/2025 18:05,April,5.93,5.88
4/11/2025 18:10,April,6.19,6.14
4/11/2025 18:15,April,7.96,7.88
4/11/2025 18:20,April,12.47,12.34
4/11/2025 18:25,April,9.91,9.81
4/11/2025 18:30,April,9.13,9.03
4/11/2025 18:35,April,10,9.9
4/11/2025 18:40,April,10.79,10.68
4/11/2025 18:45,April,10.01,9.91
4/11/2025 18:50,April,7.46,7.38
4/11/2025 18:55,April,7.98,7.9
4/11/2025 19:00,April,7.96,7.88
4/11/2025 19:05,April,7.96,7.88
4/11/2025 19:10,April,7.96,7.88
4/11/2025 19:15,April,7.95,7.87
4/11/2025 19:20,April,7.96,7.88
4/11/2025 19:25,April,7.43,7.36
4/11/2025 19:30,April,7.13,7.05
4/11/2025 19:35,April,6.8,6.73
4/11/2025 19:40,April,6.74,6.67
4/11/2025 19:45,April,6.17,6.11
4/11/2025 19:50,April,6.17,6.11
4/11/2025 19:55,April,6.18,6.11
4/11/2025 20:00,April,5.56,5.51
4/11/2025 20:05,April,13.33,13.2
4/11/2025 20:10,April,8.26,8.17
4/11/2025 20:15,April,8.92,8.82
4/11/2025 20:20,April,15.29,15.13
4/11/2025 20:25,April,16.38,16.19
4/11/2025 20:30,April,13.69,13.52
4/11/2025 20:35,April,11.16,11.01
4/11/2025 20:40,April,12.37,12.21
4/11/2025 20:45,April,9.14,9.02
4/11/2025 20:50,April,9.12,9.01
4/11/2025 20:55,April,8.61,8.5
4/11/2025 21:00,April,8.25,8.14
4/11/2025 21:05,April,14.97,14.77
4/11/2025 21:10,April,15.09,14.9
4/11/2025 21:15,April,15.09,14.9
4/11/2025 21:20,April,12.41,12.24
4/11/2025 21:25,April,12.38,12.21
4/11/2025 21:30,April,9.19,9.07
4/11/2025 21:35,April,9.19,9.07
4/11/2025 21:40,April,9.13,9.01
4/11/2025 21:45,April,9.13,9.01
4/11/2025 21:50,April,9.11,9
4/11/2025 21:55,April,9.1,8.99
4/11/2025 22:00,April,9.08,8.98
4/11/2025 22:05,April,15.24,15.07
4/11/2025 22:10,April,13.57,13.41
4/11/2025 22:15,April,6.2,6.13
4/11/2025 22:20,April,6.73,6.66
4/11/2025 22:25,April,6.73,6.67
4/11/2025 22:30,April,6.09,6.03
4/11/2025 22:35,April,5.83,5.77
4/11/2025 22:40,April,5.83,5.77
4/11/2025 22:45,April,5.78,5.72
4/11/2025 22:50,April,5.77,5.71
4/11/2025 22:55,April,5.41,5.35
4/11/2025 23:00,April,5.21,5.15
4/11/2025 23:05,April,6.17,6.12
4/11/2025 23:10,April,6,5.95
4/11/2025 23:15,April,5.65,5.6
4/11/2025 23:20,April,5.38,5.33
4/11/2025 23:25,April,5.34,5.29
4/11/2025 23:30,April,4.68,4.63
4/11/2025 23:35,April,4.29,4.25
4/11/2025 23:40,April,3.73,3.69
4/11/2025 23:45,April,3.83,3.79
4/11/2025 23:50,April,3.83,3.79
4/11/2025 23:55,April,3.83,3.79
4/12/2025 0:00,April,3.69,3.66
4/12/2025 0:05,April,6.42,6.36
4/12/2025 0:10,April,4.57,4.52
4/12/2025 0:15,April,4.37,4.33
4/12/2025 0:20,April,3.97,3.93
4/12/2025 0:25,April,4.27,4.22
4/12/2025 0:30,April,4.47,4.42
4/12/2025 0:35,April,5.1,5.05
4/12/2025 0:40,April,4.56,4.52
4/12/2025 0:45,April,4.56,4.52
4/12/2025 0:50,April,4.56,4.52
4/12/2025 0:55,April,4.67,4.63
4/12/2025 1:00,April,4.56,4.52
4/12/2025 1:05,April,6.59,6.54
4/12/2025 1:10,April,6.26,6.21
4/12/2025 1:15,April,4.8,4.76
4/12/2025 1:20,April,5.41,5.37
4/12/2025 1:25,April,4.6,4.56
4/12/2025 1:30,April,3.96,3.93
4/12/2025 1:35,April,3.52,3.49
4/12/2025 1:40,April,3.82,3.79
4/12/2025 1:45,April,4.32,4.28
4/12/2025 1:50,April,3.96,3.93
4/12/2025 1:55,April,3.96,3.93
4/12/2025 2:00,April,4.24,4.2
4/12/2025 2:05,April,4.57,4.53
4/12/2025 2:10,April,4.48,4.44
4/12/2025 2:15,April,4.56,4.52
4/12/2025 2:20,April,4.48,4.44
4/12/2025 2:25,April,3.81,3.78
4/12/2025 2:30,April,3.81,3.78
4/12/2025 2:35,April,3.81,3.78
4/12/2025 2:40,April,3.82,3.78
4/12/2025 2:45,April,3.82,3.78
4/12/2025 2:50,April,3.82,3.78
4/12/2025 2:55,April,3.83,3.79
4/12/2025 3:00,April,4.04,4
4/12/2025 3:05,April,4.03,3.99
4/12/2025 3:10,April,3.83,3.79
4/12/2025 3:15,April,3.82,3.78
4/12/2025 3:20,April,3.83,3.79
4/12/2025 3:25,April,3.54,3.5
4/12/2025 3:30,April,3.82,3.78
4/12/2025 3:35,April,3.82,3.78
4/12/2025 3:40,April,3.53,3.5
4/12/2025 3:45,April,3.82,3.78
4/12/2025 3:50,April,3.53,3.5
4/12/2025 3:55,April,3.42,3.38
4/12/2025 4:00,April,3.42,3.38
4/12/2025 4:05,April,0,0
4/12/2025 4:10,April,2.82,2.79
4/12/2025 4:15,April,3.15,3.12
4/12/2025 4:20,April,3.12,3.09
4/12/2025 4:25,April,3.22,3.19
4/12/2025 4:30,April,3.31,3.28
4/12/2025 4:35,April,3.22,3.19
4/12/2025 4:40,April,6.58,6.52
4/12/2025 4:45,April,4.17,4.13
4/12/2025 4:50,April,3.81,3.77
4/12/2025 4:55,April,3.71,3.67
4/12/2025 5:00,April,3.61,3.57
4/12/2025 5:05,April,0,0
4/12/2025 5:10,April,3.43,3.4
4/12/2025 5:15,April,3.43,3.39
4/12/2025 5:20,April,3.44,3.4
4/12/2025 5:25,April,3.44,3.4
4/12/2025 5:30,April,3.44,3.41
4/12/2025 5:35,April,3.44,3.41
4/12/2025 5:40,April,3.43,3.4
4/12/2025 5:45,April,3.4,3.37
4/12/2025 5:50,April,3.4,3.37
4/12/2025 5:55,April,3.4,3.37
4/12/2025 6:00,April,3.39,3.36
4/12/2025 6:05,April,0,0
4/12/2025 6:10,April,2.92,2.9
4/12/2025 6:15,April,3.19,3.16
4/12/2025 6:20,April,3.08,3.06
4/12/2025 6:25,April,3.37,3.35
4/12/2025 6:30,April,3.18,3.16
4/12/2025 6:35,April,3.17,3.15
4/12/2025 6:40,April,3.17,3.15
4/12/2025 6:45,April,0,0
4/12/2025 6:50,April,0,0
4/12/2025 6:55,April,0,0
4/12/2025 7:00,April,2.09,2.08
4/12/2025 7:05,April,0,0
4/12/2025 7:10,April,2.09,2.08
4/12/2025 7:15,April,2.08,2.08
4/12/2025 7:20,April,2.08,2.08
4/12/2025 7:25,April,2.08,2.08
4/12/2025 7:30,April,2.08,2.08
4/12/2025 7:35,April,2.08,2.08
4/12/2025 7:40,April,2.32,2.32
4/12/2025 7:45,April,2.32,2.32
4/12/2025 7:50,April,2.32,2.32
4/12/2025 7:55,April,2.91,2.91
4/12/2025 8:00,April,2.9,2.91
4/12/2025 8:05,April,0,0
4/12/2025 8:10,April,2.08,2.08
4/12/2025 8:15,April,2.9,2.91
4/12/2025 8:20,April,2.9,2.91
4/12/2025 8:25,April,2.9,2.91
4/12/2025 8:30,April,2.9,2.91
4/12/2025 8:35,April,2.9,2.91
4/12/2025 8:40,April,3.07,3.08
4/12/2025 8:45,April,2.9,2.91
4/12/2025 8:50,April,3.12,3.13
4/12/2025 8:55,April,2.9,2.91
4/12/2025 9:00,April,2.9,2.91
4/12/2025 9:05,April,2.89,2.91
4/12/2025 9:10,April,0,0
4/12/2025 9:15,April,2.3,2.31
4/12/2025 9:20,April,2.89,2.9
4/12/2025 9:25,April,2.89,2.9
4/12/2025 9:30,April,2.89,2.9
4/12/2025 9:35,April,3.1,3.11
4/12/2025 9:40,April,3.29,3.3
4/12/2025 9:45,April,3.29,3.3
4/12/2025 9:50,April,3.29,3.3
4/12/2025 9:55,April,3.33,3.34
4/12/2025 10:00,April,3.29,3.3
4/12/2025 10:05,April,0,0
4/12/2025 10:10,April,3.29,3.3
4/12/2025 10:15,April,3.29,3.3
4/12/2025 10:20,April,3.68,3.69
4/12/2025 10:25,April,3.43,3.44
4/12/2025 10:30,April,3.33,3.34
4/12/2025 10:35,April,3.29,3.3
4/12/2025 10:40,April,3.33,3.34
4/12/2025 10:45,April,3.29,3.3
4/12/2025 10:50,April,3.29,3.3
4/12/2025 10:55,April,3.29,3.3
4/12/2025 11:00,April,3.29,3.3
4/12/2025 11:05,April,3.1,3.11
4/12/2025 11:10,April,3.29,3.3
4/12/2025 11:15,April,3.33,3.34
4/12/2025 11:20,April,3.29,3.3
4/12/2025 11:25,April,3.29,3.3
4/12/2025 11:30,April,2.89,2.9
4/12/2025 11:35,April,2.89,2.9
4/12/2025 11:40,April,2.89,2.9
4/12/2025 11:45,April,3.43,3.44
4/12/2025 11:50,April,3.1,3.11
4/12/2025 11:55,April,2.4,2.41
4/12/2025 12:00,April,2.4,2.41
4/12/2025 12:05,April,2.3,2.31
4/12/2025 12:10,April,2.89,2.9
4/12/2025 12:15,April,2.89,2.9
4/12/2025 12:20,April,3.11,3.12
4/12/2025 12:25,April,3.11,3.12
4/12/2025 12:30,April,3.3,3.31
4/12/2025 12:35,April,3.3,3.31
4/12/2025 12:40,April,3.3,3.31
4/12/2025 12:45,April,3.4,3.41
4/12/2025 12:50,April,3.42,3.43
4/12/2025 12:55,April,3.42,3.42
4/12/2025 13:00,April,3.69,3.7
4/12/2025 13:05,April,5.59,5.59
4/12/2025 13:10,April,5.58,5.59
4/12/2025 13:15,April,5.58,5.59
4/12/2025 13:20,April,5.58,5.59
4/12/2025 13:25,April,7.1,7.12
4/12/2025 13:30,April,6.08,6.09
4/12/2025 13:35,April,5.58,5.59
4/12/2025 13:40,April,5.58,5.59
4/12/2025 13:45,April,4,4.01
4/12/2025 13:50,April,4.21,4.22
4/12/2025 13:55,April,6.08,6.1
4/12/2025 14:00,April,4.92,4.93
4/12/2025 14:05,April,4.91,4.93
4/12/2025 14:10,April,6.1,6.12
4/12/2025 14:15,April,4.26,4.27
4/12/2025 14:20,April,7.19,7.22
4/12/2025 14:25,April,7.04,7.07
4/12/2025 14:30,April,6.09,6.11
4/12/2025 14:35,April,5.57,5.59
4/12/2025 14:40,April,6.08,6.1
4/12/2025 14:45,April,5.58,5.6
4/12/2025 14:50,April,5.58,5.6
4/12/2025 14:55,April,4.42,4.44
4/12/2025 15:00,April,4.92,4.94
4/12/2025 15:05,April,6.08,6.11
4/12/2025 15:10,April,6.12,6.14
4/12/2025 15:15,April,6.13,6.15
4/12/2025 15:20,April,6.14,6.16
4/12/2025 15:25,April,6.15,6.18
4/12/2025 15:30,April,6.14,6.16
4/12/2025 15:35,April,6.51,6.53
4/12/2025 15:40,April,6.51,6.53
4/12/2025 15:45,April,6.2,6.21
4/12/2025 15:50,April,6.21,6.23
4/12/2025 15:55,April,6.54,6.55
4/12/2025 16:00,April,6.54,6.56
4/12/2025 16:05,April,7.11,7.13
4/12/2025 16:10,April,7.33,7.34
4/12/2025 16:15,April,7.31,7.32
4/12/2025 16:20,April,7.7,7.7
4/12/2025 16:25,April,7.83,7.83
4/12/2025 16:30,April,7.44,7.44
4/12/2025 16:35,April,7.46,7.45
4/12/2025 16:40,April,7.38,7.37
4/12/2025 16:45,April,7.43,7.42
4/12/2025 16:50,April,7.73,7.71
4/12/2025 16:55,April,7.49,7.47
4/12/2025 17:00,April,6.95,6.93
4/12/2025 17:05,April,5.94,5.91
4/12/2025 17:10,April,4.55,4.52
4/12/2025 17:15,April,5.01,4.98
4/12/2025 17:20,April,5.79,5.75
4/12/2025 17:25,April,5.94,5.9
4/12/2025 17:30,April,5.82,5.78
4/12/2025 17:35,April,5.84,5.79
4/12/2025 17:40,April,6.26,6.21
4/12/2025 17:45,April,5.15,5.11
4/12/2025 17:50,April,6.25,6.2
4/12/2025 17:55,April,6.26,6.21
4/12/2025 18:00,April,6.44,6.39
4/12/2025 18:05,April,6.74,6.67
4/12/2025 18:10,April,6.34,6.27
4/12/2025 18:15,April,5.19,5.13
4/12/2025 18:20,April,6.6,6.52
4/12/2025 18:25,April,6.6,6.52
4/12/2025 18:30,April,8.19,8.09
4/12/2025 18:35,April,8.2,8.1
4/12/2025 18:40,April,7.29,7.2
4/12/2025 18:45,April,7.12,7.04
4/12/2025 18:50,April,6.72,6.64
4/12/2025 18:55,April,6.58,6.5
4/12/2025 19:00,April,6.37,6.29
4/12/2025 19:05,April,6.34,6.26
4/12/2025 19:10,April,6.35,6.27
4/12/2025 19:15,April,6.35,6.27
4/12/2025 19:20,April,6.34,6.27
4/12/2025 19:25,April,6.34,6.27
4/12/2025 19:30,April,6.35,6.27
4/12/2025 19:35,April,6.34,6.27
4/12/2025 19:40,April,6.34,6.26
4/12/2025 19:45,April,6.44,6.37
4/12/2025 19:50,April,6.37,6.3
4/12/2025 19:55,April,6.38,6.31
4/12/2025 20:00,April,6.37,6.29
4/12/2025 20:05,April,6.85,6.77
4/12/2025 20:10,April,6.77,6.69
4/12/2025 20:15,April,6.79,6.71
4/12/2025 20:20,April,7.12,7.04
4/12/2025 20:25,April,7.05,6.97
4/12/2025 20:30,April,7.11,7.03
4/12/2025 20:35,April,6.95,6.87
4/12/2025 20:40,April,7.24,7.16
4/12/2025 20:45,April,7.11,7.02
4/12/2025 20:50,April,7.17,7.09
4/12/2025 20:55,April,7.1,7.02
4/12/2025 21:00,April,7.04,6.96
4/12/2025 21:05,April,8.22,8.13
4/12/2025 21:10,April,8.22,8.13
4/12/2025 21:15,April,8.23,8.13
4/12/2025 21:20,April,8.23,8.13
4/12/2025 21:25,April,8.22,8.13
4/12/2025 21:30,April,8.22,8.12
4/12/2025 21:35,April,7.23,7.14
4/12/2025 21:40,April,7.17,7.08
4/12/2025 21:45,April,8.23,8.13
4/12/2025 21:50,April,7.26,7.17
4/12/2025 21:55,April,7.16,7.08
4/12/2025 22:00,April,6.91,6.83
4/12/2025 22:05,April,6.56,6.48
4/12/2025 22:10,April,6.44,6.36
4/12/2025 22:15,April,6.42,6.34
4/12/2025 22:20,April,6.42,6.34
4/12/2025 22:25,April,6.41,6.33
4/12/2025 22:30,April,6.4,6.33
4/12/2025 22:35,April,6.39,6.32
4/12/2025 22:40,April,6.37,6.3
4/12/2025 22:45,April,6.37,6.3
4/12/2025 22:50,April,6.35,6.28
4/12/2025 22:55,April,6.36,6.29
4/12/2025 23:00,April,6.35,6.28
4/12/2025 23:05,April,8.19,8.12
4/12/2025 23:10,April,7.39,7.32
4/12/2025 23:15,April,7.05,6.98
4/12/2025 23:20,April,7.15,7.08
4/12/2025 23:25,April,6.43,6.36
4/12/2025 23:30,April,5.98,5.92
4/12/2025 23:35,April,6.38,6.32
4/12/2025 23:40,April,6.37,6.31
4/12/2025 23:45,April,6.36,6.3
4/12/2025 23:50,April,6.35,6.29
4/12/2025 23:55,April,5.97,5.91
4/13/2025 0:00,April,5.86,5.8
4/13/2025 0:05,April,8.2,8.12
4/13/2025 0:10,April,7.86,7.78
4/13/2025 0:15,April,4.6,4.56
4/13/2025 0:20,April,4,3.96
4/13/2025 0:25,April,4.57,4.52
4/13/2025 0:30,April,4,3.96
4/13/2025 0:35,April,6.21,6.14
4/13/2025 0:40,April,4.6,4.55
4/13/2025 0:45,April,4,3.96
4/13/2025 0:50,April,4,3.96
4/13/2025 0:55,April,4.57,4.52
4/13/2025 1:00,April,4.59,4.54
4/13/2025 1:05,April,8.2,8.12
4/13/2025 1:10,April,6.92,6.85
4/13/2025 1:15,April,6.89,6.82
4/13/2025 1:20,April,6.78,6.72
4/13/2025 1:25,April,5.8,5.75
4/13/2025 1:30,April,6.38,6.32
4/13/2025 1:35,April,4.81,4.77
4/13/2025 1:40,April,3.44,3.41
4/13/2025 1:45,April,3.62,3.59
4/13/2025 1:50,April,3.63,3.6
4/13/2025 1:55,April,4.55,4.51
4/13/2025 2:00,April,3.8,3.77
4/13/2025 2:05,April,4.79,4.75
4/13/2025 2:10,April,4.59,4.55
4/13/2025 2:15,April,4.69,4.65
4/13/2025 2:20,April,4.69,4.65
4/13/2025 2:25,April,4.56,4.52
4/13/2025 2:30,April,4.69,4.65
4/13/2025 2:35,April,4.59,4.55
4/13/2025 2:40,April,4.56,4.52
4/13/2025 2:45,April,4.58,4.54
4/13/2025 2:50,April,4.58,4.54
4/13/2025 2:55,April,4.56,4.52
4/13/2025 3:00,April,3.79,3.76
4/13/2025 3:05,April,6.81,6.75
4/13/2025 3:10,April,6.39,6.33
4/13/2025 3:15,April,5.8,5.75
4/13/2025 3:20,April,4.59,4.55
4/13/2025 3:25,April,3.44,3.41
4/13/2025 3:30,April,3.51,3.48
4/13/2025 3:35,April,3.61,3.58
4/13/2025 3:40,April,3.79,3.75
4/13/2025 3:45,April,3.79,3.76
4/13/2025 3:50,April,3.62,3.58
4/13/2025 3:55,April,3.79,3.75
4/13/2025 4:00,April,3.5,3.47
4/13/2025 4:05,April,3.62,3.58
4/13/2025 4:10,April,3.63,3.6
4/13/2025 4:15,April,3.79,3.75
4/13/2025 4:20,April,3.62,3.58
4/13/2025 4:25,April,3.64,3.6
4/13/2025 4:30,April,3.62,3.58
4/13/2025 4:35,April,3.53,3.49
4/13/2025 4:40,April,3.62,3.58
4/13/2025 4:45,April,3.45,3.41
4/13/2025 4:50,April,3.45,3.41
4/13/2025 4:55,April,3.39,3.35
4/13/2025 5:00,April,3.41,3.37
4/13/2025 5:05,April,3.36,3.32
4/13/2025 5:10,April,3.41,3.37
4/13/2025 5:15,April,3.41,3.37
4/13/2025 5:20,April,3.39,3.36
4/13/2025 5:25,April,2.98,2.95
4/13/2025 5:30,April,2.98,2.95
4/13/2025 5:35,April,3.3,3.27
4/13/2025 5:40,April,3.35,3.32
4/13/2025 5:45,April,2.12,2.1
4/13/2025 5:50,April,2.98,2.95
4/13/2025 5:55,April,3.29,3.26
4/13/2025 6:00,April,3.23,3.2
4/13/2025 6:05,April,3.28,3.26
4/13/2025 6:10,April,2.44,2.42
4/13/2025 6:15,April,3.28,3.25
4/13/2025 6:20,April,3.19,3.16
4/13/2025 6:25,April,2.11,2.09
4/13/2025 6:30,April,2.96,2.94
4/13/2025 6:35,April,2.96,2.93
4/13/2025 6:40,April,2.35,2.34
4/13/2025 6:45,April,2.1,2.08
4/13/2025 6:50,April,2.1,2.08
4/13/2025 6:55,April,2.1,2.08
4/13/2025 7:00,April,2.09,2.08
4/13/2025 7:05,April,0,0
4/13/2025 7:10,April,2.09,2.08
4/13/2025 7:15,April,2.09,2.08
4/13/2025 7:20,April,0.17,0.17
4/13/2025 7:25,April,0,0
4/13/2025 7:30,April,2.08,2.08
4/13/2025 7:35,April,2.08,2.08
4/13/2025 7:40,April,0,0
4/13/2025 7:45,April,2.08,2.07
4/13/2025 7:50,April,0,0
4/13/2025 7:55,April,0,0
4/13/2025 8:00,April,0,0
4/13/2025 8:05,April,0,0
4/13/2025 8:10,April,0,0
4/13/2025 8:15,April,0,0
4/13/2025 8:20,April,2.31,2.31
4/13/2025 8:25,April,2.89,2.9
4/13/2025 8:30,April,2.89,2.9
4/13/2025 8:35,April,2.89,2.9
4/13/2025 8:40,April,2.89,2.9
4/13/2025 8:45,April,2.89,2.9
4/13/2025 8:50,April,2.88,2.89
4/13/2025 8:55,April,3.17,3.18
4/13/2025 9:00,April,3.1,3.11
4/13/2025 9:05,April,2.4,2.41
4/13/2025 9:10,April,2.88,2.89
4/13/2025 9:15,April,2.88,2.89
4/13/2025 9:20,April,2.88,2.89
4/13/2025 9:25,April,2.88,2.89
4/13/2025 9:30,April,3.1,3.11
4/13/2025 9:35,April,2.88,2.89
4/13/2025 9:40,April,2.88,2.89
4/13/2025 9:45,April,2.4,2.41
4/13/2025 9:50,April,2.89,2.89
4/13/2025 9:55,April,2.89,2.89
4/13/2025 10:00,April,3.1,3.11
4/13/2025 10:05,April,2.89,2.9
4/13/2025 10:10,April,2.89,2.9
4/13/2025 10:15,April,3.11,3.12
4/13/2025 10:20,April,3.11,3.12
4/13/2025 10:25,April,2.89,2.9
4/13/2025 10:30,April,2.89,2.9
4/13/2025 10:35,April,3.11,3.12
4/13/2025 10:40,April,3.3,3.31
4/13/2025 10:45,April,3.12,3.13
4/13/2025 10:50,April,3.17,3.18
4/13/2025 10:55,April,2.41,2.41
4/13/2025 11:00,April,2.89,2.9
4/13/2025 11:05,April,3.3,3.3
4/13/2025 11:10,April,3.17,3.18
4/13/2025 11:15,April,3.3,3.3
4/13/2025 11:20,April,3.3,3.3
4/13/2025 11:25,April,3.3,3.3
4/13/2025 11:30,April,3.18,3.18
4/13/2025 11:35,April,3.13,3.13
4/13/2025 11:40,April,3.13,3.13
4/13/2025 11:45,April,3.13,3.13
4/13/2025 11:50,April,3.3,3.31
4/13/2025 11:55,April,3.41,3.42
4/13/2025 12:00,April,3.3,3.31
4/13/2025 12:05,April,3.31,3.32
4/13/2025 12:10,April,3.3,3.31
4/13/2025 12:15,April,3.59,3.6
4/13/2025 12:20,April,3.31,3.32
4/13/2025 12:25,April,3.24,3.25
4/13/2025 12:30,April,3.42,3.42
4/13/2025 12:35,April,3.42,3.42
4/13/2025 12:40,April,3.42,3.42
4/13/2025 12:45,April,4.54,4.54
4/13/2025 12:50,April,3.7,3.7
4/13/2025 12:55,April,3.78,3.79
4/13/2025 13:00,April,3.7,3.7
4/13/2025 13:05,April,6.07,6.08
4/13/2025 13:10,April,6.09,6.11
4/13/2025 13:15,April,6.08,6.1
4/13/2025 13:20,April,3.79,3.8
4/13/2025 13:25,April,5.55,5.56
4/13/2025 13:30,April,5.54,5.55
4/13/2025 13:35,April,7.94,7.96
4/13/2025 13:40,April,6.72,6.74
4/13/2025 13:45,April,5.55,5.57
4/13/2025 13:50,April,6.06,6.08
4/13/2025 13:55,April,7.95,7.99
4/13/2025 14:00,April,5.55,5.57
4/13/2025 14:05,April,7.96,7.99
4/13/2025 14:10,April,7.25,7.28
4/13/2025 14:15,April,6.11,6.14
4/13/2025 14:20,April,6.14,6.17
4/13/2025 14:25,April,5.6,5.63
4/13/2025 14:30,April,6.11,6.14
4/13/2025 14:35,April,6.11,6.13
4/13/2025 14:40,April,6.75,6.78
4/13/2025 14:45,April,6.11,6.14
4/13/2025 14:50,April,6.12,6.15
4/13/2025 14:55,April,5.6,5.62
4/13/2025 15:00,April,6.11,6.14
4/13/2025 15:05,April,5.6,5.62
4/13/2025 15:10,April,7.25,7.28
4/13/2025 15:15,April,7.2,7.23
4/13/2025 15:20,April,6.16,6.19
4/13/2025 15:25,April,5.61,5.64
4/13/2025 15:30,April,3.43,3.45
4/13/2025 15:35,April,5.61,5.64
4/13/2025 15:40,April,6.1,6.13
4/13/2025 15:45,April,3.98,3.99
4/13/2025 15:50,April,4.21,4.22
4/13/2025 15:55,April,0,0
4/13/2025 16:00,April,3.31,3.32
4/13/2025 16:05,April,3.4,3.41
4/13/2025 16:10,April,3.31,3.32
4/13/2025 16:15,April,3.72,3.72
4/13/2025 16:20,April,3.27,3.27
4/13/2025 16:25,April,3.32,3.32
4/13/2025 16:30,April,3.27,3.27
4/13/2025 16:35,April,3.41,3.4
4/13/2025 16:40,April,3.33,3.32
4/13/2025 16:45,April,3.74,3.73
4/13/2025 16:50,April,2.95,2.94
4/13/2025 16:55,April,3.34,3.33
4/13/2025 17:00,April,3.28,3.27
4/13/2025 17:05,April,3.17,3.15
4/13/2025 17:10,April,1.56,1.55
4/13/2025 17:15,April,2.35,2.33
4/13/2025 17:20,April,2.95,2.93
4/13/2025 17:25,April,3.3,3.27
4/13/2025 17:30,April,3.18,3.16
4/13/2025 17:35,April,3.38,3.35
4/13/2025 17:40,April,3.38,3.35
4/13/2025 17:45,April,3.38,3.35
4/13/2025 17:50,April,3.39,3.35
4/13/2025 17:55,April,3.83,3.79
4/13/2025 18:00,April,3.44,3.4
4/13/2025 18:05,April,3.82,3.78
4/13/2025 18:10,April,3.83,3.78
4/13/2025 18:15,April,4.25,4.21
4/13/2025 18:20,April,4.99,4.93
4/13/2025 18:25,April,3.83,3.78
4/13/2025 18:30,April,3.82,3.77
4/13/2025 18:35,April,3.54,3.49
4/13/2025 18:40,April,3.54,3.49
4/13/2025 18:45,April,3.54,3.49
4/13/2025 18:50,April,3.53,3.48
4/13/2025 18:55,April,3.42,3.37
4/13/2025 19:00,April,3.54,3.49
4/13/2025 19:05,April,3.54,3.49
4/13/2025 19:10,April,3.54,3.49
4/13/2025 19:15,April,3.54,3.49
4/13/2025 19:20,April,3.55,3.49
4/13/2025 19:25,April,3.54,3.49
4/13/2025 19:30,April,3.54,3.49
4/13/2025 19:35,April,4.99,4.92
4/13/2025 19:40,April,4.6,4.53
4/13/2025 19:45,April,3.85,3.79
4/13/2025 19:50,April,3.83,3.78
4/13/2025 19:55,April,3.85,3.79
4/13/2025 20:00,April,3.85,3.79
4/13/2025 20:05,April,4.98,4.91
4/13/2025 20:10,April,4.6,4.53
4/13/2025 20:15,April,8.19,8.07
4/13/2025 20:20,April,7.49,7.38
4/13/2025 20:25,April,8.26,8.14
4/13/2025 20:30,April,8.06,7.95
4/13/2025 20:35,April,7.59,7.49
4/13/2025 20:40,April,7.48,7.38
4/13/2025 20:45,April,5,4.93
4/13/2025 20:50,April,4.18,4.13
4/13/2025 20:55,April,4.35,4.3
4/13/2025 21:00,April,4.19,4.14
4/13/2025 21:05,April,4.21,4.17
4/13/2025 21:10,April,4.2,4.16
4/13/2025 21:15,April,4.58,4.53
4/13/2025 21:20,April,4.56,4.51
4/13/2025 21:25,April,4.56,4.52
4/13/2025 21:30,April,4.49,4.45
4/13/2025 21:35,April,4.55,4.51
4/13/2025 21:40,April,4.23,4.19
4/13/2025 21:45,April,3.89,3.86
4/13/2025 21:50,April,4.22,4.18
4/13/2025 21:55,April,4.22,4.18
4/13/2025 22:00,April,3.53,3.49
4/13/2025 22:05,April,3.82,3.78
4/13/2025 22:10,April,3.82,3.78
4/13/2025 22:15,April,3.82,3.78
4/13/2025 22:20,April,3.63,3.6
4/13/2025 22:25,April,3.65,3.61
4/13/2025 22:30,April,4.58,4.53
4/13/2025 22:35,April,4.22,4.17
4/13/2025 22:40,April,3.82,3.78
4/13/2025 22:45,April,3.82,3.78
4/13/2025 22:50,April,3.83,3.78
4/13/2025 22:55,April,3.83,3.78
4/13/2025 23:00,April,3.66,3.61
4/13/2025 23:05,April,6.45,6.37
4/13/2025 23:10,April,4.37,4.32
4/13/2025 23:15,April,4.07,4.02
4/13/2025 23:20,April,4.07,4.02
4/13/2025 23:25,April,4.07,4.02
4/13/2025 23:30,April,4.07,4.02
4/13/2025 23:35,April,4.27,4.21
4/13/2025 23:40,April,4.07,4.02
4/13/2025 23:45,April,4.23,4.17
4/13/2025 23:50,April,4.07,4.02
4/13/2025 23:55,April,4.34,4.29
4/14/2025 0:00,April,4.27,4.21
4/14/2025 0:05,April,4,3.95
4/14/2025 0:10,April,4,3.95
4/14/2025 0:15,April,4,3.94
4/14/2025 0:20,April,3.99,3.94
4/14/2025 0:25,April,3.99,3.93
4/14/2025 0:30,April,3.99,3.93
4/14/2025 0:35,April,4,3.94
4/14/2025 0:40,April,3.99,3.94
4/14/2025 0:45,April,3.99,3.93
4/14/2025 0:50,April,3.98,3.93
4/14/2025 0:55,April,3.98,3.92
4/14/2025 1:00,April,3.97,3.91
4/14/2025 1:05,April,3.82,3.76
4/14/2025 1:10,April,3.81,3.76
4/14/2025 1:15,April,3.64,3.59
4/14/2025 1:20,April,3.53,3.48
4/14/2025 1:25,April,3.53,3.49
4/14/2025 1:30,April,3.55,3.5
4/14/2025 1:35,April,3.52,3.48
4/14/2025 1:40,April,3.52,3.48
4/14/2025 1:45,April,3.53,3.48
4/14/2025 1:50,April,3.52,3.48
4/14/2025 1:55,April,3.52,3.47
4/14/2025 2:00,April,3.45,3.4
4/14/2025 2:05,April,3.45,3.4
4/14/2025 2:10,April,3.45,3.4
4/14/2025 2:15,April,3.45,3.4
4/14/2025 2:20,April,3.43,3.39
4/14/2025 2:25,April,3.42,3.37
4/14/2025 2:30,April,3.41,3.37
4/14/2025 2:35,April,3.41,3.37
4/14/2025 2:40,April,3.41,3.37
4/14/2025 2:45,April,3.4,3.35
4/14/2025 2:50,April,3.31,3.27
4/14/2025 2:55,April,3.31,3.26
4/14/2025 3:00,April,3.32,3.28
4/14/2025 3:05,April,3.31,3.27
4/14/2025 3:10,April,3.4,3.36
4/14/2025 3:15,April,3.4,3.36
4/14/2025 3:20,April,3.4,3.35
4/14/2025 3:25,April,3.4,3.36
4/14/2025 3:30,April,3.4,3.36
4/14/2025 3:35,April,3.4,3.36
4/14/2025 3:40,April,3.4,3.36
4/14/2025 3:45,April,3.31,3.27
4/14/2025 3:50,April,3.3,3.27
4/14/2025 3:55,April,3.3,3.27
4/14/2025 4:00,April,3.21,3.17
4/14/2025 4:05,April,3.33,3.29
4/14/2025 4:10,April,3.3,3.26
4/14/2025 4:15,April,3.3,3.26
4/14/2025 4:20,April,3.4,3.36
4/14/2025 4:25,April,3.41,3.37
4/14/2025 4:30,April,3.4,3.37
4/14/2025 4:35,April,3.41,3.37
4/14/2025 4:40,April,3.31,3.27
4/14/2025 4:45,April,3.4,3.37
4/14/2025 4:50,April,3.3,3.27
4/14/2025 4:55,April,3.4,3.36
4/14/2025 5:00,April,3.3,3.27
4/14/2025 5:05,April,3.46,3.42
4/14/2025 5:10,April,3.42,3.38
4/14/2025 5:15,April,3.43,3.39
4/14/2025 5:20,April,3.46,3.41
4/14/2025 5:25,April,3.44,3.39
4/14/2025 5:30,April,3.41,3.37
4/14/2025 5:35,April,3.41,3.37
4/14/2025 5:40,April,3.41,3.37
4/14/2025 5:45,April,3.41,3.37
4/14/2025 5:50,April,3.41,3.36
4/14/2025 5:55,April,3.41,3.36
4/14/2025 6:00,April,3.41,3.36
4/14/2025 6:05,April,-1.01,-1
4/14/2025 6:10,April,0,0
4/14/2025 6:15,April,0,0
4/14/2025 6:20,April,0,0
4/14/2025 6:25,April,0,0
4/14/2025 6:30,April,0,0
4/14/2025 6:35,April,0,0
4/14/2025 6:40,April,2.1,2.09
4/14/2025 6:45,April,3.21,3.18
4/14/2025 6:50,April,2.1,2.09
4/14/2025 6:55,April,3.17,3.15
4/14/2025 7:00,April,2.44,2.42
4/14/2025 7:05,April,0,0
4/14/2025 7:10,April,2.24,2.22
4/14/2025 7:15,April,2.24,2.22
4/14/2025 7:20,April,3.36,3.35
4/14/2025 7:25,April,3.16,3.15
4/14/2025 7:30,April,3.36,3.34
4/14/2025 7:35,April,3.16,3.15
4/14/2025 7:40,April,3.16,3.15
4/14/2025 7:45,April,3.17,3.16
4/14/2025 7:50,April,3.16,3.15
4/14/2025 7:55,April,3.35,3.34
4/14/2025 8:00,April,3.35,3.34
4/14/2025 8:05,April,0,0
4/14/2025 8:10,April,3.15,3.14
4/14/2025 8:15,April,3.15,3.15
4/14/2025 8:20,April,3.15,3.14
4/14/2025 8:25,April,3.33,3.33
4/14/2025 8:30,April,3.33,3.33
4/14/2025 8:35,April,3.33,3.33
4/14/2025 8:40,April,3.33,3.33
4/14/2025 8:45,April,3.33,3.32
4/14/2025 8:50,April,3.25,3.25
4/14/2025 8:55,April,3.25,3.25
4/14/2025 9:00,April,3.32,3.32
4/14/2025 9:05,April,0,0
4/14/2025 9:10,April,2.08,2.08
4/14/2025 9:15,April,2.08,2.08
4/14/2025 9:20,April,3.24,3.24
4/14/2025 9:25,April,3.24,3.25
4/14/2025 9:30,April,3.32,3.32
4/14/2025 9:35,April,3.31,3.32
4/14/2025 9:40,April,3.31,3.31
4/14/2025 9:45,April,3.35,3.35
4/14/2025 9:50,April,3.31,3.31
4/14/2025 9:55,April,3.31,3.31
4/14/2025 10:00,April,3.3,3.3
4/14/2025 10:05,April,3.3,3.31
4/14/2025 10:10,April,3.3,3.31
4/14/2025 10:15,April,3.3,3.31
4/14/2025 10:20,April,3.3,3.31
4/14/2025 10:25,April,3.35,3.35
4/14/2025 10:30,April,3.35,3.36
4/14/2025 10:35,April,3.42,3.42
4/14/2025 10:40,April,3.36,3.36
4/14/2025 10:45,April,3.7,3.7
4/14/2025 10:50,April,3.42,3.42
4/14/2025 10:55,April,3.36,3.36
4/14/2025 11:00,April,3.35,3.35
4/14/2025 11:05,April,3.3,3.3
4/14/2025 11:10,April,3.3,3.31
4/14/2025 11:15,April,3.31,3.32
4/14/2025 11:20,April,3.77,3.78
4/14/2025 11:25,April,3.7,3.7
4/14/2025 11:30,April,3.7,3.7
4/14/2025 11:35,April,3.42,3.42
4/14/2025 11:40,April,3.41,3.42
4/14/2025 11:45,April,3.42,3.42
4/14/2025 11:50,April,3.42,3.42
4/14/2025 11:55,April,3.12,3.12
4/14/2025 12:00,April,3.42,3.42
4/14/2025 12:05,April,3.31,3.31
4/14/2025 12:10,April,3.42,3.42
4/14/2025 12:15,April,3.42,3.43
4/14/2025 12:20,April,3.42,3.43
4/14/2025 12:25,April,4.39,4.4
4/14/2025 12:30,April,4.21,4.22
4/14/2025 12:35,April,4.38,4.39
4/14/2025 12:40,April,4.21,4.22
4/14/2025 12:45,April,3.88,3.88
4/14/2025 12:50,April,4.39,4.39
4/14/2025 12:55,April,4.4,4.4
4/14/2025 13:00,April,5.02,5.03
4/14/2025 13:05,April,4.4,4.41
4/14/2025 13:10,April,4.4,4.41
4/14/2025 13:15,April,4.4,4.41
4/14/2025 13:20,April,4.4,4.41
4/14/2025 13:25,April,4.4,4.41
4/14/2025 13:30,April,3.81,3.82
4/14/2025 13:35,April,4.2,4.21
4/14/2025 13:40,April,4.43,4.44
4/14/2025 13:45,April,4.43,4.44
4/14/2025 13:50,April,4.42,4.43
4/14/2025 13:55,April,4.21,4.22
4/14/2025 14:00,April,4.42,4.44
4/14/2025 14:05,April,2.91,2.92
4/14/2025 14:10,April,3.71,3.72
4/14/2025 14:15,April,3.76,3.77
4/14/2025 14:20,April,3.44,3.44
4/14/2025 14:25,April,7.16,7.17
4/14/2025 14:30,April,4.43,4.45
4/14/2025 14:35,April,4.85,4.86
4/14/2025 14:40,April,4.86,4.87
4/14/2025 14:45,April,4.87,4.88
4/14/2025 14:50,April,7.37,7.38
4/14/2025 14:55,April,7.63,7.64
4/14/2025 15:00,April,7.81,7.82
4/14/2025 15:05,April,5.74,5.75
4/14/2025 15:10,April,5.58,5.59
4/14/2025 15:15,April,5.08,5.09
4/14/2025 15:20,April,5.08,5.08
4/14/2025 15:25,April,5.09,5.1
4/14/2025 15:30,April,7.82,7.83
4/14/2025 15:35,April,7.84,7.84
4/14/2025 15:40,April,7.85,7.85
4/14/2025 15:45,April,7.85,7.85
4/14/2025 15:50,April,7.86,7.86
4/14/2025 15:55,April,7.86,7.85
4/14/2025 16:00,April,7.86,7.86
4/14/2025 16:05,April,8.23,8.23
4/14/2025 16:10,April,9.83,9.83
4/14/2025 16:15,April,9.84,9.83
4/14/2025 16:20,April,10.43,10.41
4/14/2025 16:25,April,10.56,10.54
4/14/2025 16:30,April,10.66,10.64
4/14/2025 16:35,April,5.13,5.12
4/14/2025 16:40,April,9.84,9.82
4/14/2025 16:45,April,9.87,9.85
4/14/2025 16:50,April,4.22,4.21
4/14/2025 16:55,April,4.56,4.54
4/14/2025 17:00,April,3.92,3.91
4/14/2025 17:05,April,4.52,4.5
4/14/2025 17:10,April,3.49,3.47
4/14/2025 17:15,April,3.49,3.47
4/14/2025 17:20,April,3.49,3.48
4/14/2025 17:25,April,4.23,4.21
4/14/2025 17:30,April,3.79,3.76
4/14/2025 17:35,April,3.79,3.77
4/14/2025 17:40,April,4.47,4.43
4/14/2025 17:45,April,4.47,4.43
4/14/2025 17:50,April,2.12,2.1
4/14/2025 17:55,April,3.39,3.36
4/14/2025 18:00,April,3.8,3.77
4/14/2025 18:05,April,3.53,3.49
4/14/2025 18:10,April,3.78,3.73
4/14/2025 18:15,April,4.47,4.42
4/14/2025 18:20,April,4.58,4.52
4/14/2025 18:25,April,4.58,4.52
4/14/2025 18:30,April,4.58,4.52
4/14/2025 18:35,April,4.59,4.53
4/14/2025 18:40,April,4.57,4.51
4/14/2025 18:45,April,4.58,4.52
4/14/2025 18:50,April,4.58,4.52
4/14/2025 18:55,April,4.57,4.51
4/14/2025 19:00,April,4.48,4.42
4/14/2025 19:05,April,4.48,4.42
4/14/2025 19:10,April,4.58,4.52
4/14/2025 19:15,April,4.57,4.51
4/14/2025 19:20,April,4.59,4.53
4/14/2025 19:25,April,4.59,4.53
4/14/2025 19:30,April,4.58,4.51
4/14/2025 19:35,April,4.58,4.51
4/14/2025 19:40,April,4.57,4.51
4/14/2025 19:45,April,4.58,4.51
4/14/2025 19:50,April,4.57,4.51
4/14/2025 19:55,April,4.57,4.51
4/14/2025 20:00,April,3.83,3.78
4/14/2025 20:05,April,8.23,8.12
4/14/2025 20:10,April,8.25,8.14
4/14/2025 20:15,April,8.25,8.14
4/14/2025 20:20,April,8.37,8.26
4/14/2025 20:25,April,8.31,8.2
4/14/2025 20:30,April,8.26,8.15
4/14/2025 20:35,April,8.26,8.15
4/14/2025 20:40,April,8.26,8.15
4/14/2025 20:45,April,8.14,8.04
4/14/2025 20:50,April,8.07,7.97
4/14/2025 20:55,April,7.87,7.76
4/14/2025 21:00,April,7.79,7.68
4/14/2025 21:05,April,8.26,8.16
4/14/2025 21:10,April,7.25,7.16
4/14/2025 21:15,April,8.24,8.14
4/14/2025 21:20,April,8.25,8.15
4/14/2025 21:25,April,14.04,13.87
4/14/2025 21:30,April,8.26,8.16
4/14/2025 21:35,April,8.27,8.16
4/14/2025 21:40,April,8.27,8.17
4/14/2025 21:45,April,6.08,6.01
4/14/2025 21:50,April,8.25,8.15
4/14/2025 21:55,April,8.24,8.14
4/14/2025 22:00,April,6.07,5.99
4/14/2025 22:05,April,5.6,5.53
4/14/2025 22:10,April,6.01,5.94
4/14/2025 22:15,April,7.94,7.84
4/14/2025 22:20,April,5.85,5.78
4/14/2025 22:25,April,5.91,5.84
4/14/2025 22:30,April,5.65,5.59
4/14/2025 22:35,April,4.61,4.56
4/14/2025 22:40,April,4.61,4.56
4/14/2025 22:45,April,4.59,4.54
4/14/2025 22:50,April,4.59,4.54
4/14/2025 22:55,April,4.03,3.98
4/14/2025 23:00,April,4.02,3.97
4/14/2025 23:05,April,8.06,7.97
4/14/2025 23:10,April,7.16,7.08
4/14/2025 23:15,April,5.39,5.33
4/14/2025 23:20,April,5.48,5.42
4/14/2025 23:25,April,6.81,6.73
4/14/2025 23:30,April,6.8,6.73
4/14/2025 23:35,April,5.47,5.41
4/14/2025 23:40,April,4.61,4.56
4/14/2025 23:45,April,4.62,4.58
4/14/2025 23:50,April,4.61,4.56
4/14/2025 23:55,April,3.81,3.77
4/15/2025 0:00,April,3.51,3.48
4/15/2025 0:05,April,6.79,6.72
4/15/2025 0:10,April,5.11,5.05
4/15/2025 0:15,April,5.11,5.05
4/15/2025 0:20,April,4.93,4.88
4/15/2025 0:25,April,4.94,4.89
4/15/2025 0:30,April,5.76,5.7
4/15/2025 0:35,April,5.29,5.24
4/15/2025 0:40,April,5.75,5.69
4/15/2025 0:45,April,5.75,5.69
4/15/2025 0:50,April,5.74,5.69
4/15/2025 0:55,April,5.74,5.69
4/15/2025 1:00,April,4.94,4.89
4/15/2025 1:05,April,8.11,8.03
4/15/2025 1:10,April,7.33,7.26
4/15/2025 1:15,April,7,6.93
4/15/2025 1:20,April,6.8,6.73
4/15/2025 1:25,April,6.8,6.72
4/15/2025 1:30,April,6.32,6.26
4/15/2025 1:35,April,5.79,5.72
4/15/2025 1:40,April,5.79,5.72
4/15/2025 1:45,April,6.29,6.23
4/15/2025 1:50,April,6.29,6.23
4/15/2025 1:55,April,6.3,6.23
4/15/2025 2:00,April,6.3,6.23
4/15/2025 2:05,April,5.78,5.72
4/15/2025 2:10,April,6.27,6.21
4/15/2025 2:15,April,6.27,6.21
4/15/2025 2:20,April,6.27,6.2
4/15/2025 2:25,April,5.31,5.25
4/15/2025 2:30,April,5.15,5.09
4/15/2025 2:35,April,5.78,5.72
4/15/2025 2:40,April,5.3,5.25
4/15/2025 2:45,April,5.3,5.25
4/15/2025 2:50,April,4.68,4.63
4/15/2025 2:55,April,4.68,4.63
4/15/2025 3:00,April,4.68,4.63
4/15/2025 3:05,April,5.75,5.69
4/15/2025 3:10,April,5.3,5.24
4/15/2025 3:15,April,4.67,4.63
4/15/2025 3:20,April,5.25,5.19
4/15/2025 3:25,April,4.68,4.64
4/15/2025 3:30,April,4.67,4.63
4/15/2025 3:35,April,4.67,4.63
4/15/2025 3:40,April,3.96,3.92
4/15/2025 3:45,April,3.79,3.75
4/15/2025 3:50,April,3.97,3.93
4/15/2025 3:55,April,4.46,4.42
4/15/2025 4:00,April,3.56,3.53
4/15/2025 4:05,April,3.56,3.53
4/15/2025 4:10,April,3.64,3.61
4/15/2025 4:15,April,3.79,3.75
4/15/2025 4:20,April,3.79,3.75
4/15/2025 4:25,April,3.79,3.75
4/15/2025 4:30,April,3.65,3.61
4/15/2025 4:35,April,3.8,3.75
4/15/2025 4:40,April,3.55,3.51
4/15/2025 4:45,April,3.66,3.61
4/15/2025 4:50,April,3.64,3.6
4/15/2025 4:55,April,3.55,3.51
4/15/2025 5:00,April,3.64,3.6
4/15/2025 5:05,April,2.13,2.1
4/15/2025 5:10,April,3.42,3.38
4/15/2025 5:15,April,3.43,3.39
4/15/2025 5:20,April,3.43,3.39
4/15/2025 5:25,April,3.44,3.39
4/15/2025 5:30,April,3.44,3.39
4/15/2025 5:35,April,3.44,3.4
4/15/2025 5:40,April,3.44,3.4
4/15/2025 5:45,April,3.44,3.39
4/15/2025 5:50,April,3.43,3.39
4/15/2025 5:55,April,3.43,3.39
4/15/2025 6:00,April,3.39,3.35
4/15/2025 6:05,April,-1.01,-0.99
4/15/2025 6:10,April,2.11,2.09
4/15/2025 6:15,April,3.19,3.15
4/15/2025 6:20,April,3.18,3.15
4/15/2025 6:25,April,3.18,3.15
4/15/2025 6:30,April,2.24,2.21
4/15/2025 6:35,April,2.23,2.21
4/15/2025 6:40,April,2.95,2.92
4/15/2025 6:45,April,2.45,2.43
4/15/2025 6:50,April,2.45,2.43
4/15/2025 6:55,April,2.45,2.43
4/15/2025 7:00,April,2.94,2.92
4/15/2025 7:05,April,0,0
4/15/2025 7:10,April,2.11,2.09
4/15/2025 7:15,April,2.22,2.2
4/15/2025 7:20,April,2.22,2.2
4/15/2025 7:25,April,2.22,2.2
4/15/2025 7:30,April,2.44,2.43
4/15/2025 7:35,April,2.93,2.91
4/15/2025 7:40,April,2.93,2.91
4/15/2025 7:45,April,2.93,2.91
4/15/2025 7:50,April,2.92,2.91
4/15/2025 7:55,April,3.14,3.12
4/15/2025 8:00,April,3.27,3.25
4/15/2025 8:05,April,0,0
4/15/2025 8:10,April,0.17,0.17
4/15/2025 8:15,April,0.18,0.18
4/15/2025 8:20,April,2.08,2.09
4/15/2025 8:25,April,2.42,2.42
4/15/2025 8:30,April,2.42,2.42
4/15/2025 8:35,April,2.41,2.42
4/15/2025 8:40,April,2.89,2.9
4/15/2025 8:45,April,2.89,2.9
4/15/2025 8:50,April,2.89,2.9
4/15/2025 8:55,April,2.89,2.9
4/15/2025 9:00,April,2.89,2.9
4/15/2025 9:05,April,2.43,2.42
4/15/2025 9:10,April,2.19,2.19
4/15/2025 9:15,April,0.18,0.18
4/15/2025 9:20,April,2.42,2.42
4/15/2025 9:25,April,2.42,2.42
4/15/2025 9:30,April,2.43,2.42
4/15/2025 9:35,April,2.9,2.89
4/15/2025 9:40,April,2.89,2.89
4/15/2025 9:45,April,2.9,2.89
4/15/2025 9:50,April,3.25,3.24
4/15/2025 9:55,April,3.12,3.11
4/15/2025 10:00,April,3.25,3.24
4/15/2025 10:05,April,0,0
4/15/2025 10:10,April,0,0
4/15/2025 10:15,April,0.18,0.18
4/15/2025 10:20,April,2.09,2.08
4/15/2025 10:25,April,2.43,2.42
4/15/2025 10:30,April,0.17,0.17
4/15/2025 10:35,April,2.09,2.08
4/15/2025 10:40,April,2.9,2.89
4/15/2025 10:45,April,2.19,2.19
4/15/2025 10:50,April,2.19,2.19
4/15/2025 10:55,April,2.19,2.19
4/15/2025 11:00,April,2.26,2.25
4/15/2025 11:05,April,2.19,2.19
4/15/2025 11:10,April,2.09,2.09
4/15/2025 11:15,April,2.19,2.18
4/15/2025 11:20,April,2.26,2.25
4/15/2025 11:25,April,2.9,2.89
4/15/2025 11:30,April,2.9,2.89
4/15/2025 11:35,April,2.33,2.32
4/15/2025 11:40,April,2.43,2.43
4/15/2025 11:45,April,2.43,2.43
4/15/2025 11:50,April,2.19,2.19
4/15/2025 11:55,April,2.43,2.43
4/15/2025 12:00,April,2.9,2.9
4/15/2025 12:05,April,2.43,2.43
4/15/2025 12:10,April,2.48,2.47
4/15/2025 12:15,April,2.43,2.43
4/15/2025 12:20,April,2.43,2.43
4/15/2025 12:25,April,2.52,2.52
4/15/2025 12:30,April,3.12,3.11
4/15/2025 12:35,April,2.9,2.9
4/15/2025 12:40,April,2.9,2.9
4/15/2025 12:45,April,3.16,3.15
4/15/2025 12:50,April,3.13,3.12
4/15/2025 12:55,April,3.13,3.12
4/15/2025 13:00,April,3.13,3.12
4/15/2025 13:05,April,4.45,4.43
4/15/2025 13:10,April,4.45,4.43
4/15/2025 13:15,April,4.61,4.59
4/15/2025 13:20,April,4.21,4.2
4/15/2025 13:25,April,3.78,3.76
4/15/2025 13:30,April,3.78,3.77
4/15/2025 13:35,April,4.42,4.41
4/15/2025 13:40,April,4.42,4.41
4/15/2025 13:45,April,3.97,3.96
4/15/2025 13:50,April,3.72,3.71
4/15/2025 13:55,April,4.42,4.4
4/15/2025 14:00,April,3.77,3.76
4/15/2025 14:05,April,3.77,3.76
4/15/2025 14:10,April,3.97,3.96
4/15/2025 14:15,April,4.43,4.42
4/15/2025 14:20,April,4.43,4.42
4/15/2025 14:25,April,4.43,4.42
4/15/2025 14:30,April,4.43,4.42
4/15/2025 14:35,April,4.43,4.42
4/15/2025 14:40,April,4.2,4.19
4/15/2025 14:45,April,4.42,4.41
4/15/2025 14:50,April,4.43,4.42
4/15/2025 14:55,April,4.42,4.41
4/15/2025 15:00,April,4.18,4.18
4/15/2025 15:05,April,3.44,3.43
4/15/2025 15:10,April,4.44,4.43
4/15/2025 15:15,April,4.44,4.43
4/15/2025 15:20,April,7.1,7.08
4/15/2025 15:25,April,4.46,4.45
4/15/2025 15:30,April,7.17,7.15
4/15/2025 15:35,April,5.71,5.69
4/15/2025 15:40,April,5.76,5.74
4/15/2025 15:45,April,5.81,5.79
4/15/2025 15:50,April,7.06,7.03
4/15/2025 15:55,April,12.28,12.25
4/15/2025 16:00,April,7.07,7.05
4/15/2025 16:05,April,5.94,5.92
4/15/2025 16:10,April,7.07,7.05
4/15/2025 16:15,April,5.94,5.91
4/15/2025 16:20,April,5.9,5.87
4/15/2025 16:25,April,5.91,5.88
4/15/2025 16:30,April,5.83,5.79
4/15/2025 16:35,April,6.79,6.75
4/15/2025 16:40,April,5.79,5.75
4/15/2025 16:45,April,5.67,5.62
4/15/2025 16:50,April,5.18,5.14
4/15/2025 16:55,April,4.23,4.19
4/15/2025 17:00,April,4.23,4.19
4/15/2025 17:05,April,3.49,3.46
4/15/2025 17:10,April,3.49,3.46
4/15/2025 17:15,April,3.49,3.46
4/15/2025 17:20,April,3.42,3.39
4/15/2025 17:25,April,3.42,3.39
4/15/2025 17:30,April,3.5,3.46
4/15/2025 17:35,April,3.5,3.46
4/15/2025 17:40,April,3.79,3.75
4/15/2025 17:45,April,2.97,2.93
4/15/2025 17:50,April,3.79,3.75
4/15/2025 17:55,April,3.96,3.92
4/15/2025 18:00,April,3.97,3.92
4/15/2025 18:05,April,3.81,3.76
4/15/2025 18:10,April,3.81,3.76
4/15/2025 18:15,April,3.98,3.92
4/15/2025 18:20,April,4.57,4.51
4/15/2025 18:25,April,4.22,4.16
4/15/2025 18:30,April,4.58,4.51
4/15/2025 18:35,April,4.57,4.51
4/15/2025 18:40,April,4.57,4.5
4/15/2025 18:45,April,4.56,4.49
4/15/2025 18:50,April,4.24,4.18
4/15/2025 18:55,April,4.24,4.18
4/15/2025 19:00,April,3.98,3.93
4/15/2025 19:05,April,3.87,3.81
4/15/2025 19:10,April,3.98,3.92
4/15/2025 19:15,April,3.98,3.92
4/15/2025 19:20,April,3.99,3.92
4/15/2025 19:25,April,4.02,3.96
4/15/2025 19:30,April,3.99,3.93
4/15/2025 19:35,April,4.01,3.95
4/15/2025 19:40,April,4,3.93
4/15/2025 19:45,April,4.01,3.95
4/15/2025 19:50,April,3.99,3.93
4/15/2025 19:55,April,4.01,3.94
4/15/2025 20:00,April,4,3.94
4/15/2025 20:05,April,5.46,5.38
4/15/2025 20:10,April,5.43,5.35
4/15/2025 20:15,April,5.55,5.47
4/15/2025 20:20,April,5.4,5.32
4/15/2025 20:25,April,5.4,5.32
4/15/2025 20:30,April,5.42,5.35
4/15/2025 20:35,April,4.64,4.57
4/15/2025 20:40,April,4.65,4.58
4/15/2025 20:45,April,4.65,4.58
4/15/2025 20:50,April,4.72,4.65
4/15/2025 20:55,April,4.65,4.58
4/15/2025 21:00,April,4.6,4.54
4/15/2025 21:05,April,6.42,6.34
4/15/2025 21:10,April,6,5.92
4/15/2025 21:15,April,5.46,5.39
4/15/2025 21:20,April,5.44,5.37
4/15/2025 21:25,April,5.27,5.2
4/15/2025 21:30,April,5.27,5.2
4/15/2025 21:35,April,5.12,5.05
4/15/2025 21:40,April,5.03,4.96
4/15/2025 21:45,April,4.67,4.61
4/15/2025 21:50,April,4.56,4.49
4/15/2025 21:55,April,4.55,4.49
4/15/2025 22:00,April,4.55,4.49
4/15/2025 22:05,April,5.12,5.05
4/15/2025 22:10,April,4.61,4.55
4/15/2025 22:15,April,4.5,4.45
4/15/2025 22:20,April,4.49,4.43
4/15/2025 22:25,April,4.45,4.4
4/15/2025 22:30,April,3.98,3.92
4/15/2025 22:35,April,3.97,3.92
4/15/2025 22:40,April,4.3,4.25
4/15/2025 22:45,April,4.23,4.18
4/15/2025 22:50,April,3.82,3.77
4/15/2025 22:55,April,3.96,3.91
4/15/2025 23:00,April,3.96,3.91
4/15/2025 23:05,April,4.51,4.46
4/15/2025 23:10,April,4.36,4.31
4/15/2025 23:15,April,3.97,3.92
4/15/2025 23:20,April,3.96,3.91
4/15/2025 23:25,April,3.97,3.92
4/15/2025 23:30,April,3.81,3.77
4/15/2025 23:35,April,3.65,3.61
4/15/2025 23:40,April,3.81,3.77
4/15/2025 23:45,April,3.65,3.61
4/15/2025 23:50,April,3.81,3.77
4/15/2025 23:55,April,3.81,3.77
4/16/2025 0:00,April,3.81,3.76
4/16/2025 0:05,April,4.82,4.77
4/16/2025 0:10,April,4.84,4.79
4/16/2025 0:15,April,4.84,4.78
4/16/2025 0:20,April,5.2,5.13
4/16/2025 0:25,April,4.85,4.79
4/16/2025 0:30,April,4.85,4.79
4/16/2025 0:35,April,4.7,4.65
4/16/2025 0:40,April,4.8,4.74
4/16/2025 0:45,April,4.85,4.79
4/16/2025 0:50,April,5.19,5.13
4/16/2025 0:55,April,5.19,5.13
4/16/2025 1:00,April,4.7,4.64
4/16/2025 1:05,April,5.17,5.11
4/16/2025 1:10,April,4.7,4.64
4/16/2025 1:15,April,4.43,4.38
4/16/2025 1:20,April,4.44,4.39
4/16/2025 1:25,April,4.44,4.39
4/16/2025 1:30,April,4.43,4.38
4/16/2025 1:35,April,4.45,4.4
4/16/2025 1:40,April,4.44,4.38
4/16/2025 1:45,April,4.41,4.35
4/16/2025 1:50,April,4.36,4.3
4/16/2025 1:55,April,4.34,4.28
4/16/2025 2:00,April,3.76,3.71
4/16/2025 2:05,April,4.02,3.97
4/16/2025 2:10,April,3.8,3.75
4/16/2025 2:15,April,3.8,3.75
4/16/2025 2:20,April,3.74,3.69
4/16/2025 2:25,April,3.7,3.65
4/16/2025 2:30,April,3.63,3.58
4/16/2025 2:35,April,3.51,3.47
4/16/2025 2:40,April,3.42,3.38
4/16/2025 2:45,April,3.69,3.65
4/16/2025 2:50,April,3.79,3.75
4/16/2025 2:55,April,3.73,3.68
4/16/2025 3:00,April,3.73,3.68
4/16/2025 3:05,April,3.69,3.65
4/16/2025 3:10,April,3.42,3.37
4/16/2025 3:15,April,3.51,3.47
4/16/2025 3:20,April,3.51,3.47
4/16/2025 3:25,April,3.62,3.58
4/16/2025 3:30,April,3.62,3.58
4/16/2025 3:35,April,3.62,3.57
4/16/2025 3:40,April,3.62,3.58
4/16/2025 3:45,April,3.61,3.57
4/16/2025 3:50,April,3.61,3.57
4/16/2025 3:55,April,3.61,3.57
4/16/2025 4:00,April,3.61,3.57
4/16/2025 4:05,April,3.51,3.47
4/16/2025 4:10,April,3.61,3.57
4/16/2025 4:15,April,3.51,3.47
4/16/2025 4:20,April,3.51,3.47
4/16/2025 4:25,April,3.51,3.47
4/16/2025 4:30,April,3.43,3.39
4/16/2025 4:35,April,3.51,3.47
4/16/2025 4:40,April,3.39,3.35
4/16/2025 4:45,April,3.42,3.38
4/16/2025 4:50,April,3.42,3.38
4/16/2025 4:55,April,3.42,3.38
4/16/2025 5:00,April,3.42,3.38
4/16/2025 5:05,April,0,0
4/16/2025 5:10,April,2.46,2.44
4/16/2025 5:15,April,3.2,3.16
4/16/2025 5:20,April,3.39,3.35
4/16/2025 5:25,April,3.2,3.16
4/16/2025 5:30,April,3.2,3.16
4/16/2025 5:35,April,0,0
4/16/2025 5:40,April,2.12,2.1
4/16/2025 5:45,April,2.25,2.23
4/16/2025 5:50,April,2.12,2.1
4/16/2025 5:55,April,2.25,2.22
4/16/2025 6:00,April,2.25,2.22
4/16/2025 6:05,April,0,0
4/16/2025 6:10,April,2.45,2.43
4/16/2025 6:15,April,3.36,3.34
4/16/2025 6:20,April,3.36,3.34
4/16/2025 6:25,April,3.36,3.34
4/16/2025 6:30,April,2.44,2.43
4/16/2025 6:35,April,2.44,2.43
4/16/2025 6:40,April,0,0
4/16/2025 6:45,April,2.22,2.21
4/16/2025 6:50,April,2.32,2.31
4/16/2025 6:55,April,2.93,2.92
4/16/2025 7:00,April,2.93,2.92
4/16/2025 7:05,April,0,0
4/16/2025 7:10,April,2.21,2.2
4/16/2025 7:15,April,2.92,2.91
4/16/2025 7:20,April,2.91,2.91
4/16/2025 7:25,April,2.43,2.42
4/16/2025 7:30,April,2.91,2.9
4/16/2025 7:35,April,3.57,3.57
4/16/2025 7:40,April,3.13,3.12
4/16/2025 7:45,April,2.91,2.9
4/16/2025 7:50,April,3.55,3.55
4/16/2025 7:55,April,2.9,2.9
4/16/2025 8:00,April,3.12,3.12
4/16/2025 8:05,April,0,0
4/16/2025 8:10,April,0,0
4/16/2025 8:15,April,2.08,2.08
4/16/2025 8:20,April,2.31,2.31
4/16/2025 8:25,April,2.9,2.9
4/16/2025 8:30,April,3,3
4/16/2025 8:35,April,2.99,3
4/16/2025 8:40,April,3.1,3.1
4/16/2025 8:45,April,3.1,3.1
4/16/2025 8:50,April,3.1,3.1
4/16/2025 8:55,April,3.09,3.1
4/16/2025 9:00,April,3.54,3.54
4/16/2025 9:05,April,3.54,3.56
4/16/2025 9:10,April,3.74,3.76
4/16/2025 9:15,April,3.54,3.56
4/16/2025 9:20,April,3.55,3.57
4/16/2025 9:25,April,3.55,3.56
4/16/2025 9:30,April,3.53,3.55
4/16/2025 9:35,April,3.11,3.12
4/16/2025 9:40,April,3.3,3.31
4/16/2025 9:45,April,3.69,3.71
4/16/2025 9:50,April,3.7,3.71
4/16/2025 9:55,April,3.53,3.55
4/16/2025 10:00,April,3.53,3.55
4/16/2025 10:05,April,0,0
4/16/2025 10:10,April,2.07,2.08
4/16/2025 10:15,April,3.53,3.55
4/16/2025 10:20,April,3.55,3.57
4/16/2025 10:25,April,3.65,3.67
4/16/2025 10:30,April,3.42,3.44
4/16/2025 10:35,April,3.55,3.57
4/16/2025 10:40,April,3.54,3.56
4/16/2025 10:45,April,3.55,3.57
4/16/2025 10:50,April,3.55,3.57
4/16/2025 10:55,April,3.54,3.56
4/16/2025 11:00,April,3.54,3.56
4/16/2025 11:05,April,0,0
4/16/2025 11:10,April,2.42,2.43
4/16/2025 11:15,April,2.29,2.3
4/16/2025 11:20,April,2.19,2.2
4/16/2025 11:25,April,3.1,3.11
4/16/2025 11:30,April,3.1,3.11
4/16/2025 11:35,April,3.41,3.43
4/16/2025 11:40,April,3.11,3.12
4/16/2025 11:45,April,3.3,3.31
4/16/2025 11:50,April,3.42,3.43
4/16/2025 11:55,April,3.11,3.13
4/16/2025 12:00,April,3.11,3.12
4/16/2025 12:05,April,0,0
4/16/2025 12:10,April,0,0
4/16/2025 12:15,April,2.29,2.3
4/16/2025 12:20,April,2.28,2.29
4/16/2025 12:25,April,2.29,2.3
4/16/2025 12:30,April,2.18,2.19
4/16/2025 12:35,April,3.1,3.12
4/16/2025 12:40,April,3.29,3.3
4/16/2025 12:45,April,3.29,3.3
4/16/2025 12:50,April,3.39,3.41
4/16/2025 12:55,April,3.29,3.31
4/16/2025 13:00,April,4.58,4.6
4/16/2025 13:05,April,3.55,3.55
4/16/2025 13:10,April,3.33,3.34
4/16/2025 13:15,April,3.73,3.74
4/16/2025 13:20,April,3.7,3.71
4/16/2025 13:25,April,3.7,3.71
4/16/2025 13:30,April,3.64,3.65
4/16/2025 13:35,April,3.64,3.65
4/16/2025 13:40,April,3.55,3.55
4/16/2025 13:45,April,4.74,4.75
4/16/2025 13:50,April,4.62,4.63
4/16/2025 13:55,April,4.6,4.6
4/16/2025 14:00,April,4.6,4.6
4/16/2025 14:05,April,4.38,4.38
4/16/2025 14:10,April,3.71,3.7
4/16/2025 14:15,April,3.87,3.86
4/16/2025 14:20,April,3.87,3.86
4/16/2025 14:25,April,3.87,3.87
4/16/2025 14:30,April,3.87,3.87
4/16/2025 14:35,April,4.2,4.2
4/16/2025 14:40,April,3.87,3.87
4/16/2025 14:45,April,4.67,4.67
4/16/2025 14:50,April,4.61,4.61
4/16/2025 14:55,April,4.12,4.12
4/16/2025 15:00,April,3.88,3.88
4/16/2025 15:05,April,4.62,4.61
4/16/2025 15:10,April,2.92,2.91
4/16/2025 15:15,April,3.72,3.71
4/16/2025 15:20,April,4.52,4.51
4/16/2025 15:25,April,4.62,4.61
4/16/2025 15:30,April,4.62,4.61
4/16/2025 15:35,April,4.87,4.86
4/16/2025 15:40,April,4.63,4.62
4/16/2025 15:45,April,4.63,4.62
4/16/2025 15:50,April,4.63,4.62
4/16/2025 15:55,April,4.96,4.94
4/16/2025 16:00,April,4.89,4.87
4/16/2025 16:05,April,4.65,4.62
4/16/2025 16:10,April,4.58,4.56
4/16/2025 16:15,April,2.94,2.92
4/16/2025 16:20,April,3.75,3.72
4/16/2025 16:25,April,4.55,4.52
4/16/2025 16:30,April,4.55,4.52
4/16/2025 16:35,April,4.56,4.52
4/16/2025 16:40,April,4.28,4.25
4/16/2025 16:45,April,4.28,4.25
4/16/2025 16:50,April,3.76,3.73
4/16/2025 16:55,April,4.29,4.25
4/16/2025 17:00,April,3.49,3.45
4/16/2025 17:05,April,3.49,3.46
4/16/2025 17:10,April,4.3,4.25
4/16/2025 17:15,April,4.01,3.96
4/16/2025 17:20,April,4.68,4.63
4/16/2025 17:25,April,4.57,4.52
4/16/2025 17:30,April,4.3,4.26
4/16/2025 17:35,April,4.58,4.52
4/16/2025 17:40,April,4.58,4.53
4/16/2025 17:45,April,4.58,4.53
4/16/2025 17:50,April,4.59,4.53
4/16/2025 17:55,April,4.62,4.57
4/16/2025 18:00,April,4.59,4.54
4/16/2025 18:05,April,1.57,1.55
4/16/2025 18:10,April,3.51,3.47
4/16/2025 18:15,April,4.27,4.21
4/16/2025 18:20,April,4.33,4.26
4/16/2025 18:25,April,4.96,4.89
4/16/2025 18:30,April,4.94,4.87
4/16/2025 18:35,April,4.68,4.61
4/16/2025 18:40,April,4.32,4.25
4/16/2025 18:45,April,4.6,4.53
4/16/2025 18:50,April,4.59,4.53
4/16/2025 18:55,April,4.63,4.57
4/16/2025 19:00,April,3.8,3.75
4/16/2025 19:05,April,4.26,4.2
4/16/2025 19:10,April,4.02,3.96
4/16/2025 19:15,April,4.02,3.96
4/16/2025 19:20,April,4.01,3.95
4/16/2025 19:25,April,4.94,4.86
4/16/2025 19:30,April,4.66,4.59
4/16/2025 19:35,April,4.6,4.53
4/16/2025 19:40,April,4.32,4.25
4/16/2025 19:45,April,4.59,4.53
4/16/2025 19:50,April,4.33,4.27
4/16/2025 19:55,April,4.33,4.27
4/16/2025 20:00,April,4.33,4.27
4/16/2025 20:05,April,5.57,5.49
4/16/2025 20:10,April,5.61,5.53
4/16/2025 20:15,April,5.16,5.09
4/16/2025 20:20,April,5.49,5.42
4/16/2025 20:25,April,4.99,4.91
4/16/2025 20:30,April,4.98,4.91
4/16/2025 20:35,April,4.98,4.91
4/16/2025 20:40,April,4.98,4.91
4/16/2025 20:45,April,4.98,4.91
4/16/2025 20:50,April,4.69,4.62
4/16/2025 20:55,April,4.69,4.62
4/16/2025 21:00,April,4.6,4.53
4/16/2025 21:05,April,8.19,8.09
4/16/2025 21:10,April,6.26,6.18
4/16/2025 21:15,April,6.14,6.07
4/16/2025 21:20,April,6.17,6.09
4/16/2025 21:25,April,6.24,6.17
4/16/2025 21:30,April,8.17,8.07
4/16/2025 21:35,April,6.26,6.18
4/16/2025 21:40,April,6.24,6.17
4/16/2025 21:45,April,6.24,6.16
4/16/2025 21:50,April,6.29,6.21
4/16/2025 21:55,April,6.27,6.2
4/16/2025 22:00,April,6,5.93
4/16/2025 22:05,April,15.22,15.06
4/16/2025 22:10,April,8.17,8.07
4/16/2025 22:15,April,6.29,6.22
4/16/2025 22:20,April,6.11,6.04
4/16/2025 22:25,April,6.17,6.1
4/16/2025 22:30,April,6.11,6.04
4/16/2025 22:35,April,6.17,6.1
4/16/2025 22:40,April,6.05,5.98
4/16/2025 22:45,April,6.15,6.08
4/16/2025 22:50,April,6.19,6.12
4/16/2025 22:55,April,5.98,5.91
4/16/2025 23:00,April,5.82,5.75
4/16/2025 23:05,April,6.18,6.11
4/16/2025 23:10,April,6.16,6.09
4/16/2025 23:15,April,6.09,6.03
4/16/2025 23:20,April,6.15,6.09
4/16/2025 23:25,April,6.14,6.08
4/16/2025 23:30,April,6.26,6.2
4/16/2025 23:35,April,6.18,6.12
4/16/2025 23:40,April,6.16,6.1
4/16/2025 23:45,April,6.09,6.03
4/16/2025 23:50,April,6.01,5.95
4/16/2025 23:55,April,5.87,5.81
4/17/2025 0:00,April,5.71,5.65
4/17/2025 0:05,April,5.94,5.88
4/17/2025 0:10,April,5.4,5.35
4/17/2025 0:15,April,5.27,5.22
4/17/2025 0:20,April,4.96,4.91
4/17/2025 0:25,April,4.96,4.91
4/17/2025 0:30,April,4.96,4.91
4/17/2025 0:35,April,5.34,5.28
4/17/2025 0:40,April,5.26,5.21
4/17/2025 0:45,April,5.26,5.2
4/17/2025 0:50,April,4.96,4.91
4/17/2025 0:55,April,5.34,5.28
4/17/2025 1:00,April,4.86,4.81
4/17/2025 1:05,April,4.95,4.9
4/17/2025 1:10,April,4.83,4.79
4/17/2025 1:15,April,4.67,4.63
4/17/2025 1:20,April,4.67,4.63
4/17/2025 1:25,April,4.37,4.33
4/17/2025 1:30,April,4.01,3.97
4/17/2025 1:35,April,4.37,4.33
4/17/2025 1:40,April,4.01,3.97
4/17/2025 1:45,April,4.01,3.97
4/17/2025 1:50,April,4.36,4.32
4/17/2025 1:55,April,4.35,4.31
4/17/2025 2:00,April,4.26,4.22
4/17/2025 2:05,April,4.35,4.31
4/17/2025 2:10,April,3.96,3.93
4/17/2025 2:15,April,3.96,3.92
4/17/2025 2:20,April,3.96,3.92
4/17/2025 2:25,April,3.96,3.92
4/17/2025 2:30,April,3.79,3.75
4/17/2025 2:35,April,3.79,3.75
4/17/2025 2:40,April,3.94,3.9
4/17/2025 2:45,April,4.02,3.98
4/17/2025 2:50,April,3.8,3.76
4/17/2025 2:55,April,3.8,3.76
4/17/2025 3:00,April,3.91,3.87
4/17/2025 3:05,April,3.51,3.47
4/17/2025 3:10,April,3.83,3.79
4/17/2025 3:15,April,3.8,3.76
4/17/2025 3:20,April,3.83,3.79
4/17/2025 3:25,April,3.8,3.76
4/17/2025 3:30,April,3.8,3.76
4/17/2025 3:35,April,3.8,3.76
4/17/2025 3:40,April,3.51,3.47
4/17/2025 3:45,April,3.51,3.47
4/17/2025 3:50,April,3.51,3.47
4/17/2025 3:55,April,3.72,3.68
4/17/2025 4:00,April,3.6,3.57
4/17/2025 4:05,April,2.45,2.42
4/17/2025 4:10,April,3.39,3.36
4/17/2025 4:15,April,3.51,3.48
4/17/2025 4:20,April,3.6,3.56
4/17/2025 4:25,April,3.6,3.56
4/17/2025 4:30,April,3.6,3.56
4/17/2025 4:35,April,3.6,3.56
4/17/2025 4:40,April,3.51,3.48
4/17/2025 4:45,April,3.51,3.48
4/17/2025 4:50,April,3.51,3.48
4/17/2025 4:55,April,3.59,3.56
4/17/2025 5:00,April,2.74,2.71
4/17/2025 5:05,April,0,0
4/17/2025 5:10,April,2.25,2.23
4/17/2025 5:15,April,3.39,3.35
4/17/2025 5:20,April,2.44,2.42
4/17/2025 5:25,April,3.19,3.16
4/17/2025 5:30,April,3.19,3.16
4/17/2025 5:35,April,3.19,3.16
4/17/2025 5:40,April,3.19,3.15
4/17/2025 5:45,April,2.44,2.42
4/17/2025 5:50,April,2.44,2.42
4/17/2025 5:55,April,2.44,2.42
4/17/2025 6:00,April,2.34,2.32
4/17/2025 6:05,April,0,0
4/17/2025 6:10,April,2.16,2.14
4/17/2025 6:15,April,2.16,2.14
4/17/2025 6:20,April,2.16,2.15
4/17/2025 6:25,April,0,0
4/17/2025 6:30,April,0,0
4/17/2025 6:35,April,0,0
4/17/2025 6:40,April,0,0
4/17/2025 6:45,April,0,0
4/17/2025 6:50,April,0,0
4/17/2025 6:55,April,0,0
4/17/2025 7:00,April,0,0
4/17/2025 7:05,April,0,0
4/17/2025 7:10,April,0,0
4/17/2025 7:15,April,0,0
4/17/2025 7:20,April,-0.01,-0.01
4/17/2025 7:25,April,0,0
4/17/2025 7:30,April,-0.01,-0.01
4/17/2025 7:35,April,0,0
4/17/2025 7:40,April,2.13,2.13
4/17/2025 7:45,April,0,0
4/17/2025 7:50,April,0,0
4/17/2025 7:55,April,0,0
4/17/2025 8:00,April,0,0
4/17/2025 8:05,April,-0.01,-0.01
4/17/2025 8:10,April,0,0
4/17/2025 8:15,April,-0.01,-0.01
4/17/2025 8:20,April,0,0
4/17/2025 8:25,April,0,0
4/17/2025 8:30,April,0,0
4/17/2025 8:35,April,0,0
4/17/2025 8:40,April,0,0
4/17/2025 8:45,April,2.17,2.19
4/17/2025 8:50,April,-0.01,-0.01
4/17/2025 8:55,April,0,0
4/17/2025 9:00,April,2.11,2.12
4/17/2025 9:05,April,-9.67,-9.76
4/17/2025 9:10,April,-0.98,-0.99
4/17/2025 9:15,April,-0.01,-0.01
4/17/2025 9:20,April,-0.01,-0.01
4/17/2025 9:25,April,0,0
4/17/2025 9:30,April,-0.01,-0.01
4/17/2025 9:35,April,-0.98,-0.98
4/17/2025 9:40,April,0,-0.01
4/17/2025 9:45,April,0,-0.01
4/17/2025 9:50,April,0,-0.01
4/17/2025 9:55,April,0,-0.01
4/17/2025 10:00,April,0,-0.01
4/17/2025 10:05,April,0,0
4/17/2025 10:10,April,0,0
4/17/2025 10:15,April,0,0
4/17/2025 10:20,April,2.16,2.17
4/17/2025 10:25,April,0,0
4/17/2025 10:30,April,-0.03,-0.03
4/17/2025 10:35,April,0,0
4/17/2025 10:40,April,0,0
4/17/2025 10:45,April,0,0
4/17/2025 10:50,April,0,0
4/17/2025 10:55,April,0,0
4/17/2025 11:00,April,0,0
4/17/2025 11:05,April,0,0
4/17/2025 11:10,April,0,0
4/17/2025 11:15,April,0,0
4/17/2025 11:20,April,0,0
4/17/2025 11:25,April,2.15,2.17
4/17/2025 11:30,April,2.11,2.12
4/17/2025 11:35,April,2.11,2.12
4/17/2025 11:40,April,0,0
4/17/2025 11:45,April,0,0
4/17/2025 11:50,April,0,0
4/17/2025 11:55,April,0,0
4/17/2025 12:00,April,2.15,2.17
4/17/2025 12:05,April,0,0
4/17/2025 12:10,April,2.12,2.13
4/17/2025 12:15,April,3.4,3.42
4/17/2025 12:20,April,2.86,2.87
4/17/2025 12:25,April,2.38,2.39
4/17/2025 12:30,April,2.66,2.67
4/17/2025 12:35,April,2.38,2.39
4/17/2025 12:40,April,2.86,2.87
4/17/2025 12:45,April,3.76,3.78
4/17/2025 12:50,April,3.52,3.54
4/17/2025 12:55,April,2.87,2.88
4/17/2025 13:00,April,2.87,2.88
4/17/2025 13:05,April,0,0
4/17/2025 13:10,April,0,0
4/17/2025 13:15,April,2.18,2.18
4/17/2025 13:20,April,2.28,2.29
4/17/2025 13:25,April,2.17,2.18
4/17/2025 13:30,April,2.88,2.88
4/17/2025 13:35,April,2.39,2.4
4/17/2025 13:40,April,2.39,2.4
4/17/2025 13:45,April,2.87,2.88
4/17/2025 13:50,April,2.29,2.29
4/17/2025 13:55,April,2.88,2.88
4/17/2025 14:00,April,2.88,2.88
4/17/2025 14:05,April,2.88,2.88
4/17/2025 14:10,April,2.4,2.4
4/17/2025 14:15,April,2.88,2.88
4/17/2025 14:20,April,2.88,2.88
4/17/2025 14:25,April,2.88,2.88
4/17/2025 14:30,April,2.4,2.4
4/17/2025 14:35,April,3.1,3.1
4/17/2025 14:40,April,3.54,3.54
4/17/2025 14:45,April,3.11,3.12
4/17/2025 14:50,April,3.09,3.1
4/17/2025 14:55,April,3.11,3.12
4/17/2025 15:00,April,3,3
4/17/2025 15:05,April,2.41,2.41
4/17/2025 15:10,April,2.19,2.19
4/17/2025 15:15,April,3.75,3.75
4/17/2025 15:20,April,3,3
4/17/2025 15:25,April,2.41,2.41
4/17/2025 15:30,April,3,3
4/17/2025 15:35,April,3.55,3.54
4/17/2025 15:40,April,3.12,3.12
4/17/2025 15:45,April,3.01,3
4/17/2025 15:50,April,0,0
4/17/2025 15:55,April,2.42,2.41
4/17/2025 16:00,April,3.01,3
4/17/2025 16:05,April,3.02,3.01
4/17/2025 16:10,April,2.21,2.2
4/17/2025 16:15,April,3.02,3.01
4/17/2025 16:20,April,3.03,3.01
4/17/2025 16:25,April,2.43,2.42
4/17/2025 16:30,April,0,0
4/17/2025 16:35,April,2.22,2.2
4/17/2025 16:40,April,2.22,2.2
4/17/2025 16:45,April,2.44,2.42
4/17/2025 16:50,April,3.04,3.02
4/17/2025 16:55,April,3.04,3.02
4/17/2025 17:00,April,3.04,3.02
4/17/2025 17:05,April,3.05,3.02
4/17/2025 17:10,April,3.05,3.02
4/17/2025 17:15,April,2.45,2.43
4/17/2025 17:20,April,2.27,2.25
4/17/2025 17:25,April,3.96,3.93
4/17/2025 17:30,April,3.18,3.15
4/17/2025 17:35,April,3.06,3.03
4/17/2025 17:40,April,3.18,3.15
4/17/2025 17:45,April,3.18,3.15
4/17/2025 17:50,April,3.97,3.93
4/17/2025 17:55,April,3.97,3.93
4/17/2025 18:00,April,3.63,3.59
4/17/2025 18:05,April,3.79,3.75
4/17/2025 18:10,April,3.6,3.56
4/17/2025 18:15,April,3.21,3.17
4/17/2025 18:20,April,3.4,3.35
4/17/2025 18:25,April,3.64,3.59
4/17/2025 18:30,April,3.62,3.58
4/17/2025 18:35,April,3.66,3.61
4/17/2025 18:40,April,3.62,3.58
4/17/2025 18:45,April,3.64,3.59
4/17/2025 18:50,April,3.63,3.58
4/17/2025 18:55,April,3.61,3.56
4/17/2025 19:00,April,3.63,3.58
4/17/2025 19:05,April,3.63,3.58
4/17/2025 19:10,April,3.63,3.58
4/17/2025 19:15,April,3.7,3.65
4/17/2025 19:20,April,3.65,3.6
4/17/2025 19:25,April,3.71,3.65
4/17/2025 19:30,April,3.64,3.58
4/17/2025 19:35,April,3.6,3.55
4/17/2025 19:40,April,3.63,3.58
4/17/2025 19:45,April,3.64,3.59
4/17/2025 19:50,April,3.6,3.55
4/17/2025 19:55,April,3.6,3.55
4/17/2025 20:00,April,3.6,3.55
4/17/2025 20:05,April,3.82,3.77
4/17/2025 20:10,April,3.7,3.65
4/17/2025 20:15,April,4,3.94
4/17/2025 20:20,April,3.82,3.77
4/17/2025 20:25,April,3.66,3.6
4/17/2025 20:30,April,3.89,3.83
4/17/2025 20:35,April,3.53,3.48
4/17/2025 20:40,April,3.53,3.48
4/17/2025 20:45,April,3.75,3.69
4/17/2025 20:50,April,3.66,3.6
4/17/2025 20:55,April,3.5,3.45
4/17/2025 21:00,April,3.53,3.48
4/17/2025 21:05,April,5.53,5.44
4/17/2025 21:10,April,4.52,4.45
4/17/2025 21:15,April,4.6,4.53
4/17/2025 21:20,April,4.6,4.53
4/17/2025 21:25,April,4.27,4.2
4/17/2025 21:30,April,4.39,4.33
4/17/2025 21:35,April,4.3,4.23
4/17/2025 21:40,April,4.52,4.46
4/17/2025 21:45,April,4.01,3.95
4/17/2025 21:50,April,4.52,4.45
4/17/2025 21:55,April,4.52,4.46
4/17/2025 22:00,April,4.31,4.24
4/17/2025 22:05,April,4.51,4.45
4/17/2025 22:10,April,4.31,4.25
4/17/2025 22:15,April,4.26,4.2
4/17/2025 22:20,April,3.91,3.86
4/17/2025 22:25,April,4.51,4.44
4/17/2025 22:30,April,4.01,3.95
4/17/2025 22:35,April,4.27,4.21
4/17/2025 22:40,April,4.01,3.95
4/17/2025 22:45,April,3.75,3.69
4/17/2025 22:50,April,3.66,3.6
4/17/2025 22:55,April,3.66,3.6
4/17/2025 23:00,April,3.67,3.62
4/17/2025 23:05,April,3.91,3.85
4/17/2025 23:10,April,3.75,3.69
4/17/2025 23:15,April,3.75,3.69
4/17/2025 23:20,April,3.8,3.74
4/17/2025 23:25,April,3.74,3.69
4/17/2025 23:30,April,3.74,3.69
4/17/2025 23:35,April,3.67,3.62
4/17/2025 23:40,April,3.53,3.48
4/17/2025 23:45,April,3.74,3.68
4/17/2025 23:50,April,3.5,3.45
4/17/2025 23:55,April,3.53,3.48
4/18/2025 0:00,April,3.5,3.45
4/18/2025 0:05,April,3.53,3.48
4/18/2025 0:10,April,3.5,3.45
4/18/2025 0:15,April,3.22,3.17
4/18/2025 0:20,April,2.47,2.43
4/18/2025 0:25,April,2.49,2.46
4/18/2025 0:30,April,3.4,3.36
4/18/2025 0:35,April,3,2.96
4/18/2025 0:40,April,2.99,2.96
4/18/2025 0:45,April,2.33,2.3
4/18/2025 0:50,April,2.46,2.43
4/18/2025 0:55,April,2.49,2.46
4/18/2025 1:00,April,2.25,2.22
4/18/2025 1:05,April,2.46,2.43
4/18/2025 1:10,April,2.46,2.43
4/18/2025 1:15,April,2.46,2.43
4/18/2025 1:20,April,2.25,2.22
4/18/2025 1:25,April,0.17,0.17
4/18/2025 1:30,April,2.19,2.16
4/18/2025 1:35,April,2.24,2.22
4/18/2025 1:40,April,2.19,2.16
4/18/2025 1:45,April,2.18,2.16
4/18/2025 1:50,April,2.24,2.22
4/18/2025 1:55,April,2.19,2.16
4/18/2025 2:00,April,2.18,2.16
4/18/2025 2:05,April,2.44,2.42
4/18/2025 2:10,April,2.24,2.22
4/18/2025 2:15,April,2.24,2.22
4/18/2025 2:20,April,2.24,2.22
4/18/2025 2:25,April,2.24,2.22
4/18/2025 2:30,April,2.24,2.22
4/18/2025 2:35,April,2.24,2.22
4/18/2025 2:40,April,2.44,2.42
4/18/2025 2:45,April,2.24,2.22
4/18/2025 2:50,April,2.18,2.16
4/18/2025 2:55,April,1.57,1.56
4/18/2025 3:00,April,2.17,2.16
4/18/2025 3:05,April,2.17,2.16
4/18/2025 3:10,April,2.24,2.22
4/18/2025 3:15,April,2.24,2.22
4/18/2025 3:20,April,2.43,2.41
4/18/2025 3:25,April,2.17,2.16
4/18/2025 3:30,April,2.24,2.22
4/18/2025 3:35,April,2.34,2.32
4/18/2025 3:40,April,2.17,2.16
4/18/2025 3:45,April,1.57,1.56
4/18/2025 3:50,April,1.58,1.56
4/18/2025 3:55,April,2.43,2.41
4/18/2025 4:00,April,2.24,2.22
4/18/2025 4:05,April,2.43,2.41
4/18/2025 4:10,April,1.58,1.57
4/18/2025 4:15,April,2.34,2.32
4/18/2025 4:20,April,2.43,2.41
4/18/2025 4:25,April,2.17,2.15
4/18/2025 4:30,April,2.17,2.15
4/18/2025 4:35,April,1.58,1.56
4/18/2025 4:40,April,0,0
4/18/2025 4:45,April,0,0
4/18/2025 4:50,April,0,0
4/18/2025 4:55,April,0,0
4/18/2025 5:00,April,0,0
4/18/2025 5:05,April,2.17,2.15
4/18/2025 5:10,April,2.23,2.21
4/18/2025 5:15,April,2.17,2.15
4/18/2025 5:20,April,2.16,2.15
4/18/2025 5:25,April,2.16,2.15
4/18/2025 5:30,April,0.17,0.17
4/18/2025 5:35,April,2.16,2.15
4/18/2025 5:40,April,2.16,2.15
4/18/2025 5:45,April,0,0
4/18/2025 5:50,April,0,0
4/18/2025 5:55,April,0,0
4/18/2025 6:00,April,0,0
4/18/2025 6:05,April,0,0
4/18/2025 6:10,April,0,0
4/18/2025 6:15,April,0,0
4/18/2025 6:20,April,0,0
4/18/2025 6:25,April,0,0
4/18/2025 6:30,April,0,0
4/18/2025 6:35,April,0,0
4/18/2025 6:40,April,0,0
4/18/2025 6:45,April,0,0
4/18/2025 6:50,April,-0.01,-0.01
4/18/2025 6:55,April,-3.5,-3.49
4/18/2025 7:00,April,-3.5,-3.49
4/18/2025 7:05,April,-9.93,-9.91
4/18/2025 7:10,April,-3.49,-3.48
4/18/2025 7:15,April,-9.86,-9.85
4/18/2025 7:20,April,-9.9,-9.9
4/18/2025 7:25,April,-9.89,-9.89
4/18/2025 7:30,April,-9.88,-9.88
4/18/2025 7:35,April,-9.87,-9.87
4/18/2025 7:40,April,-9.85,-9.87
4/18/2025 7:45,April,-9.84,-9.86
4/18/2025 7:50,April,-9.84,-9.86
4/18/2025 7:55,April,-9.84,-9.86
4/18/2025 8:00,April,-9.81,-9.84
4/18/2025 8:05,April,-10.04,-10.08
4/18/2025 8:10,April,-9.99,-10.03
4/18/2025 8:15,April,-9.8,-9.85
4/18/2025 8:20,April,-9.97,-10.02
4/18/2025 8:25,April,-9.97,-10.02
4/18/2025 8:30,April,-9.75,-9.8
4/18/2025 8:35,April,-9.97,-10.03
4/18/2025 8:40,April,-9.94,-10
4/18/2025 8:45,April,-9.93,-9.99
4/18/2025 8:50,April,-9.92,-9.99
4/18/2025 8:55,April,-9.92,-9.99
4/18/2025 9:00,April,-9.92,-9.98
4/18/2025 9:05,April,-9.92,-9.98
4/18/2025 9:10,April,-9.94,-10
4/18/2025 9:15,April,-9.91,-9.97
4/18/2025 9:20,April,-9.91,-9.97
4/18/2025 9:25,April,-9.91,-9.97
4/18/2025 9:30,April,-9.92,-9.97
4/18/2025 9:35,April,-9.91,-9.97
4/18/2025 9:40,April,-9.94,-9.98
4/18/2025 9:45,April,-9.95,-9.99
4/18/2025 9:50,April,-9.93,-9.97
4/18/2025 9:55,April,-9.94,-9.97
4/18/2025 10:00,April,-9.91,-9.97
4/18/2025 10:05,April,-9.92,-9.97
4/18/2025 10:10,April,-9.81,-9.86
4/18/2025 10:15,April,-9.91,-9.96
4/18/2025 10:20,April,-9.81,-9.86
4/18/2025 10:25,April,-9.81,-9.87
4/18/2025 10:30,April,-9.91,-9.96
4/18/2025 10:35,April,-9.91,-9.96
4/18/2025 10:40,April,-9.82,-9.87
4/18/2025 10:45,April,-9.82,-9.87
4/18/2025 10:50,April,-9.82,-9.87
4/18/2025 10:55,April,-9.82,-9.87
4/18/2025 11:00,April,-9.91,-9.96
4/18/2025 11:05,April,-9.91,-9.96
4/18/2025 11:10,April,-9.83,-9.88
4/18/2025 11:15,April,-9.68,-9.73
4/18/2025 11:20,April,-9.68,-9.73
4/18/2025 11:25,April,-9.69,-9.73
4/18/2025 11:30,April,-9.68,-9.73
4/18/2025 11:35,April,-9.67,-9.72
4/18/2025 11:40,April,-9.7,-9.75
4/18/2025 11:45,April,-9.67,-9.72
4/18/2025 11:50,April,-9.71,-9.76
4/18/2025 11:55,April,-9.7,-9.75
4/18/2025 12:00,April,-9.68,-9.73
4/18/2025 12:05,April,-0.01,-0.01
4/18/2025 12:10,April,-9.7,-9.75
4/18/2025 12:15,April,-9.71,-9.75
4/18/2025 12:20,April,-0.01,-0.01
4/18/2025 12:25,April,-0.01,-0.01
4/18/2025 12:30,April,0,0
4/18/2025 12:35,April,2.67,2.68
4/18/2025 12:40,April,2.67,2.68
4/18/2025 12:45,April,2.12,2.12
4/18/2025 12:50,April,2.17,2.18
4/18/2025 12:55,April,2.17,2.18
4/18/2025 13:00,April,2.12,2.13
4/18/2025 13:05,April,-1.46,-1.47
4/18/2025 13:10,April,0,0
4/18/2025 13:15,April,2.12,2.13
4/18/2025 13:20,April,2.12,2.13
4/18/2025 13:25,April,2.13,2.13
4/18/2025 13:30,April,2.12,2.13
4/18/2025 13:35,April,2.88,2.88
4/18/2025 13:40,April,2.39,2.4
4/18/2025 13:45,April,2.4,2.4
4/18/2025 13:50,April,2.18,2.18
4/18/2025 13:55,April,2.88,2.88
4/18/2025 14:00,April,2.4,2.4
4/18/2025 14:05,April,0,0
4/18/2025 14:10,April,0,0
4/18/2025 14:15,April,2.18,2.18
4/18/2025 14:20,April,2.68,2.68
4/18/2025 14:25,April,2.32,2.32
4/18/2025 14:30,April,2.32,2.32
4/18/2025 14:35,April,2.19,2.19
4/18/2025 14:40,April,2.4,2.4
4/18/2025 14:45,April,2.4,2.4
4/18/2025 14:50,April,2.69,2.69
4/18/2025 14:55,April,3.11,3.11
4/18/2025 15:00,April,2.9,2.9
4/18/2025 15:05,April,2.19,2.19
4/18/2025 15:10,April,2.41,2.41
4/18/2025 15:15,April,2.69,2.69
4/18/2025 15:20,April,2.41,2.41
4/18/2025 15:25,April,2.9,2.9
4/18/2025 15:30,April,2.9,2.9
4/18/2025 15:35,April,2.9,2.9
4/18/2025 15:40,April,2.9,2.9
4/18/2025 15:45,April,2.71,2.7
4/18/2025 15:50,April,2.71,2.7
4/18/2025 15:55,April,2.71,2.7
4/18/2025 16:00,April,2.71,2.71
4/18/2025 16:05,April,3.76,3.74
4/18/2025 16:10,April,3.02,3.01
4/18/2025 16:15,April,3.15,3.13
4/18/2025 16:20,April,3.15,3.14
4/18/2025 16:25,April,2.97,2.95
4/18/2025 16:30,April,2.96,2.95
4/18/2025 16:35,April,3.35,3.33
4/18/2025 16:40,April,3.17,3.15
4/18/2025 16:45,April,2.97,2.95
4/18/2025 16:50,April,2.97,2.95
4/18/2025 16:55,April,2.97,2.95
4/18/2025 17:00,April,2.97,2.95
4/18/2025 17:05,April,2.98,2.95
4/18/2025 17:10,April,2.75,2.73
4/18/2025 17:15,April,2.45,2.43
4/18/2025 17:20,April,2.76,2.73
4/18/2025 17:25,April,2.76,2.73
4/18/2025 17:30,April,2.76,2.73
4/18/2025 17:35,April,2.99,2.96
4/18/2025 17:40,April,3,2.96
4/18/2025 17:45,April,3,2.96
4/18/2025 17:50,April,3.38,3.34
4/18/2025 17:55,April,3.39,3.35
4/18/2025 18:00,April,3.39,3.35
4/18/2025 18:05,April,3.39,3.35
4/18/2025 18:10,April,3.5,3.46
4/18/2025 18:15,April,3.51,3.47
4/18/2025 18:20,April,3.5,3.46
4/18/2025 18:25,April,3.5,3.46
4/18/2025 18:30,April,3.51,3.47
4/18/2025 18:35,April,3.62,3.58
4/18/2025 18:40,April,3.51,3.47
4/18/2025 18:45,April,3.5,3.46
4/18/2025 18:50,April,3.5,3.46
4/18/2025 18:55,April,3.5,3.46
4/18/2025 19:00,April,3.5,3.46
4/18/2025 19:05,April,3.51,3.47
4/18/2025 19:10,April,3.51,3.47
4/18/2025 19:15,April,3.52,3.48
4/18/2025 19:20,April,3.52,3.48
4/18/2025 19:25,April,3.51,3.47
4/18/2025 19:30,April,3.51,3.47
4/18/2025 19:35,April,3.5,3.46
4/18/2025 19:40,April,3.5,3.46
4/18/2025 19:45,April,3.51,3.47
4/18/2025 19:50,April,3.5,3.46
4/18/2025 19:55,April,3.46,3.41
4/18/2025 20:00,April,3,2.97
4/18/2025 20:05,April,3.81,3.76
4/18/2025 20:10,April,3.63,3.58
4/18/2025 20:15,April,3.53,3.48
4/18/2025 20:20,April,3.8,3.76
4/18/2025 20:25,April,3.63,3.59
4/18/2025 20:30,April,3.8,3.75
4/18/2025 20:35,April,3.53,3.48
4/18/2025 20:40,April,3.63,3.59
4/18/2025 20:45,April,3.63,3.59
4/18/2025 20:50,April,3.63,3.59
4/18/2025 20:55,April,3.8,3.75
4/18/2025 21:00,April,3.8,3.75
4/18/2025 21:05,April,5.76,5.69
4/18/2025 21:10,April,4.72,4.66
4/18/2025 21:15,April,4.72,4.66
4/18/2025 21:20,April,5.01,4.95
4/18/2025 21:25,April,5.01,4.95
4/18/2025 21:30,April,3.92,3.87
4/18/2025 21:35,April,3.91,3.86
4/18/2025 21:40,April,3.92,3.87
4/18/2025 21:45,April,5,4.94
4/18/2025 21:50,April,3.92,3.87
4/18/2025 21:55,April,4.21,4.16
4/18/2025 22:00,April,4.21,4.16
4/18/2025 22:05,April,4.59,4.54
4/18/2025 22:10,April,4.59,4.54
4/18/2025 22:15,April,4.03,3.98
4/18/2025 22:20,April,4.03,3.98
4/18/2025 22:25,April,4.03,3.98
4/18/2025 22:30,April,4.03,3.98
4/18/2025 22:35,April,3.85,3.81
4/18/2025 22:40,April,4.03,3.98
4/18/2025 22:45,April,3.89,3.84
4/18/2025 22:50,April,3.92,3.88
4/18/2025 22:55,April,3.89,3.84
4/18/2025 23:00,April,3.86,3.81
4/18/2025 23:05,April,3.93,3.88
4/18/2025 23:10,April,3.92,3.87
4/18/2025 23:15,April,3.92,3.87
4/18/2025 23:20,April,3.76,3.71
4/18/2025 23:25,April,3.92,3.87
4/18/2025 23:30,April,4.71,4.66
4/18/2025 23:35,April,3.92,3.87
4/18/2025 23:40,April,3.76,3.71
4/18/2025 23:45,April,3.74,3.69
4/18/2025 23:50,April,3.81,3.76
4/18/2025 23:55,April,3.81,3.76
4/19/2025 0:00,April,3.52,3.47
4/19/2025 0:05,April,4.36,4.3
4/19/2025 0:10,April,4.09,4.04
4/19/2025 0:15,April,3.88,3.83
4/19/2025 0:20,April,3.81,3.76
4/19/2025 0:25,April,3.52,3.47
4/19/2025 0:30,April,3.63,3.59
4/19/2025 0:35,April,3.8,3.75
4/19/2025 0:40,April,3.52,3.48
4/19/2025 0:45,April,3.52,3.48
4/19/2025 0:50,April,3.52,3.47
4/19/2025 0:55,April,3.51,3.47
4/19/2025 1:00,April,3.39,3.35
4/19/2025 1:05,April,3.39,3.35
4/19/2025 1:10,April,3.39,3.35
4/19/2025 1:15,April,2.99,2.96
4/19/2025 1:20,April,3.19,3.16
4/19/2025 1:25,April,3.38,3.34
4/19/2025 1:30,April,3.44,3.4
4/19/2025 1:35,April,3.38,3.35
4/19/2025 1:40,April,3.38,3.35
4/19/2025 1:45,April,3.19,3.16
4/19/2025 1:50,April,3.19,3.16
4/19/2025 1:55,April,3.19,3.15
4/19/2025 2:00,April,3.38,3.34
4/19/2025 2:05,April,3.38,3.34
4/19/2025 2:10,April,3.5,3.47
4/19/2025 2:15,April,3.5,3.47
4/19/2025 2:20,April,3.38,3.35
4/19/2025 2:25,April,3.39,3.35
4/19/2025 2:30,April,3.39,3.35
4/19/2025 2:35,April,3.39,3.35
4/19/2025 2:40,April,3.39,3.35
4/19/2025 2:45,April,3.2,3.16
4/19/2025 2:50,April,3.19,3.16
4/19/2025 2:55,April,3.19,3.16
4/19/2025 3:00,April,3.19,3.15
4/19/2025 3:05,April,3.38,3.34
4/19/2025 3:10,April,3.18,3.15
4/19/2025 3:15,April,3.18,3.15
4/19/2025 3:20,April,2.96,2.93
4/19/2025 3:25,April,2.96,2.93
4/19/2025 3:30,April,2.45,2.42
4/19/2025 3:35,April,2.96,2.93
4/19/2025 3:40,April,2.95,2.92
4/19/2025 3:45,April,2.95,2.92
4/19/2025 3:50,April,2.23,2.21
4/19/2025 3:55,April,2.23,2.21
4/19/2025 4:00,April,2.23,2.21
4/19/2025 4:05,April,2.45,2.42
4/19/2025 4:10,April,2.45,2.42
4/19/2025 4:15,April,2.95,2.92
4/19/2025 4:20,April,0,0
4/19/2025 4:25,April,2.23,2.21
4/19/2025 4:30,April,2.44,2.42
4/19/2025 4:35,April,2.44,2.42
4/19/2025 4:40,April,2.44,2.42
4/19/2025 4:45,April,2.44,2.42
4/19/2025 4:50,April,2.18,2.16
4/19/2025 4:55,April,2.44,2.42
4/19/2025 5:00,April,2.44,2.42
4/19/2025 5:05,April,2.44,2.42
4/19/2025 5:10,April,2.44,2.42
4/19/2025 5:15,April,2.95,2.92
4/19/2025 5:20,April,2.44,2.42
4/19/2025 5:25,April,2.44,2.42
4/19/2025 5:30,April,2.44,2.42
4/19/2025 5:35,April,2.44,2.42
4/19/2025 5:40,April,2.44,2.42
4/19/2025 5:45,April,2.23,2.21
4/19/2025 5:50,April,2.23,2.21
4/19/2025 5:55,April,2.23,2.21
4/19/2025 6:00,April,2.44,2.41
4/19/2025 6:05,April,0,0
4/19/2025 6:10,April,2.22,2.2
4/19/2025 6:15,April,0,0
4/19/2025 6:20,April,2.17,2.15
4/19/2025 6:25,April,2.17,2.15
4/19/2025 6:30,April,2.17,2.15
4/19/2025 6:35,April,2.21,2.2
4/19/2025 6:40,April,0,0
4/19/2025 6:45,April,0,0
4/19/2025 6:50,April,0,0
4/19/2025 6:55,April,0,0
4/19/2025 7:00,April,0,0
4/19/2025 7:05,April,0,0
4/19/2025 7:10,April,0,0
4/19/2025 7:15,April,2.15,2.14
4/19/2025 7:20,April,0,0
4/19/2025 7:25,April,0,0
4/19/2025 7:30,April,0,0
4/19/2025 7:35,April,2.15,2.14
4/19/2025 7:40,April,2.14,2.14
4/19/2025 7:45,April,2.14,2.14
4/19/2025 7:50,April,2.14,2.14
4/19/2025 7:55,April,2.13,2.14
4/19/2025 8:00,April,0,0
4/19/2025 8:05,April,0,0
4/19/2025 8:10,April,0,0
4/19/2025 8:15,April,0,0
4/19/2025 8:20,April,0,0
4/19/2025 8:25,April,2.18,2.19
4/19/2025 8:30,April,0,0
4/19/2025 8:35,April,0,0
4/19/2025 8:40,April,0,0
4/19/2025 8:45,April,0,0
4/19/2025 8:50,April,0,0
4/19/2025 8:55,April,2.12,2.13
4/19/2025 9:00,April,2.12,2.13
4/19/2025 9:05,April,2.12,2.13
4/19/2025 9:10,April,0,0
4/19/2025 9:15,April,0,0
4/19/2025 9:20,April,0,0
4/19/2025 9:25,April,-0.97,-0.97
4/19/2025 9:30,April,0,0
4/19/2025 9:35,April,0,0
4/19/2025 9:40,April,3.89,3.91
4/19/2025 9:45,April,3.52,3.54
4/19/2025 9:50,April,2.87,2.88
4/19/2025 9:55,April,2.38,2.39
4/19/2025 10:00,April,2.12,2.13
4/19/2025 10:05,April,2.17,2.18
4/19/2025 10:10,April,2.17,2.18
4/19/2025 10:15,April,2.12,2.13
4/19/2025 10:20,April,2.12,2.13
4/19/2025 10:25,April,2.17,2.18
4/19/2025 10:30,April,2.12,2.13
4/19/2025 10:35,April,2.12,2.13
4/19/2025 10:40,April,2.39,2.39
4/19/2025 10:45,April,2.12,2.13
4/19/2025 10:50,April,2.18,2.18
4/19/2025 10:55,April,2.18,2.18
4/19/2025 11:00,April,2.18,2.18
4/19/2025 11:05,April,-9.71,-9.75
4/19/2025 11:10,April,0,0
4/19/2025 11:15,April,0,0
4/19/2025 11:20,April,0,0
4/19/2025 11:25,April,2.12,2.13
4/19/2025 11:30,April,2.12,2.13
4/19/2025 11:35,April,0,0
4/19/2025 11:40,April,2.12,2.13
4/19/2025 11:45,April,2.38,2.39
4/19/2025 11:50,April,2.12,2.13
4/19/2025 11:55,April,0,0
4/19/2025 12:00,April,-9.69,-9.72
4/19/2025 12:05,April,0,0
4/19/2025 12:10,April,0,0
4/19/2025 12:15,April,0,0
4/19/2025 12:20,April,0,0
4/19/2025 12:25,April,0,0
4/19/2025 12:30,April,0,0
4/19/2025 12:35,April,0,0
4/19/2025 12:40,April,2.17,2.18
4/19/2025 12:45,April,2.38,2.39
4/19/2025 12:50,April,2.38,2.39
4/19/2025 12:55,April,2.17,2.18
4/19/2025 13:00,April,2.88,2.89
4/19/2025 13:05,April,2.7,2.7
4/19/2025 13:10,April,2.13,2.13
4/19/2025 13:15,April,2.13,2.13
4/19/2025 13:20,April,2.13,2.13
4/19/2025 13:25,April,2.18,2.18
4/19/2025 13:30,April,2.4,2.4
4/19/2025 13:35,April,2.69,2.69
4/19/2025 13:40,April,3.14,3.14
4/19/2025 13:45,April,2.4,2.4
4/19/2025 13:50,April,2.4,2.4
4/19/2025 13:55,April,2.7,2.7
4/19/2025 14:00,April,2.4,2.4
4/19/2025 14:05,April,2.89,2.89
4/19/2025 14:10,April,2.4,2.41
4/19/2025 14:15,April,2.4,2.4
4/19/2025 14:20,April,2.4,2.4
4/19/2025 14:25,April,2.7,2.7
4/19/2025 14:30,April,2.89,2.89
4/19/2025 14:35,April,2.9,2.89
4/19/2025 14:40,April,2.9,2.9
4/19/2025 14:45,April,2.9,2.9
4/19/2025 14:50,April,2.9,2.9
4/19/2025 14:55,April,2.72,2.72
4/19/2025 15:00,April,2.9,2.9
4/19/2025 15:05,April,2.9,2.9
4/19/2025 15:10,April,2.91,2.9
4/19/2025 15:15,April,2.91,2.9
4/19/2025 15:20,April,2.91,2.9
4/19/2025 15:25,April,2.91,2.9
4/19/2025 15:30,April,2.91,2.9
4/19/2025 15:35,April,3.16,3.16
4/19/2025 15:40,April,3.16,3.16
4/19/2025 15:45,April,3.13,3.13
4/19/2025 15:50,April,3.16,3.16
4/19/2025 15:55,April,3.13,3.12
4/19/2025 16:00,April,3.13,3.12
4/19/2025 16:05,April,3.33,3.33
4/19/2025 16:10,April,3.15,3.14
4/19/2025 16:15,April,3.15,3.14
4/19/2025 16:20,April,1.55,1.55
4/19/2025 16:25,April,2.16,2.15
4/19/2025 16:30,April,2.76,2.74
4/19/2025 16:35,April,2.43,2.42
4/19/2025 16:40,April,3.15,3.13
4/19/2025 16:45,April,2.76,2.74
4/19/2025 16:50,April,3.15,3.13
4/19/2025 16:55,April,2.77,2.75
4/19/2025 17:00,April,2.44,2.42
4/19/2025 17:05,April,3.22,3.18
4/19/2025 17:10,April,3.18,3.15
4/19/2025 17:15,April,3.17,3.14
4/19/2025 17:20,April,3.38,3.34
4/19/2025 17:25,April,3.38,3.34
4/19/2025 17:30,April,3.21,3.18
4/19/2025 17:35,April,3.39,3.35
4/19/2025 17:40,April,3.39,3.35
4/19/2025 17:45,April,3.39,3.35
4/19/2025 17:50,April,3.39,3.35
4/19/2025 17:55,April,3.39,3.35
4/19/2025 18:00,April,3.8,3.75
4/19/2025 18:05,April,3.21,3.17
4/19/2025 18:10,April,3.21,3.16
4/19/2025 18:15,April,3.21,3.17
4/19/2025 18:20,April,3.53,3.48
4/19/2025 18:25,April,3.82,3.76
4/19/2025 18:30,April,3.41,3.36
4/19/2025 18:35,April,3.8,3.74
4/19/2025 18:40,April,3.42,3.36
4/19/2025 18:45,April,3.42,3.36
4/19/2025 18:50,April,3.42,3.36
4/19/2025 18:55,April,3.41,3.36
4/19/2025 19:00,April,0,0
4/19/2025 19:05,April,1.57,1.55
4/19/2025 19:10,April,2.47,2.43
4/19/2025 19:15,April,2.47,2.43
4/19/2025 19:20,April,2.47,2.43
4/19/2025 19:25,April,2.47,2.43
4/19/2025 19:30,April,2.47,2.43
4/19/2025 19:35,April,2.47,2.43
4/19/2025 19:40,April,2.47,2.43
4/19/2025 19:45,April,2.47,2.44
4/19/2025 19:50,April,2.47,2.44
4/19/2025 19:55,April,2.47,2.43
4/19/2025 20:00,April,2.47,2.43
4/19/2025 20:05,April,3.82,3.76
4/19/2025 20:10,April,3.91,3.85
4/19/2025 20:15,April,3.4,3.35
4/19/2025 20:20,April,3.41,3.35
4/19/2025 20:25,April,3.41,3.36
4/19/2025 20:30,April,3.45,3.39
4/19/2025 20:35,April,3.41,3.36
4/19/2025 20:40,April,3.41,3.36
4/19/2025 20:45,April,3.41,3.36
4/19/2025 20:50,April,3.41,3.36
4/19/2025 20:55,April,3.22,3.17
4/19/2025 21:00,April,3.41,3.36
4/19/2025 21:05,April,4.68,4.61
4/19/2025 21:10,April,3.83,3.77
4/19/2025 21:15,April,3.82,3.76
4/19/2025 21:20,April,3.65,3.59
4/19/2025 21:25,April,3,2.96
4/19/2025 21:30,April,3.44,3.39
4/19/2025 21:35,April,3,2.96
4/19/2025 21:40,April,3,2.96
4/19/2025 21:45,April,3.54,3.48
4/19/2025 21:50,April,3,2.96
4/19/2025 21:55,April,3.42,3.37
4/19/2025 22:00,April,2.47,2.44
4/19/2025 22:05,April,4.59,4.53
4/19/2025 22:10,April,3.53,3.48
4/19/2025 22:15,April,3.54,3.48
4/19/2025 22:20,April,3.42,3.37
4/19/2025 22:25,April,3.42,3.37
4/19/2025 22:30,April,3.44,3.39
4/19/2025 22:35,April,3.33,3.29
4/19/2025 22:40,April,3.54,3.49
4/19/2025 22:45,April,3.43,3.39
4/19/2025 22:50,April,3.41,3.36
4/19/2025 22:55,April,3.41,3.36
4/19/2025 23:00,April,3.41,3.36
4/19/2025 23:05,April,3.41,3.36
4/19/2025 23:10,April,3.41,3.36
4/19/2025 23:15,April,3.41,3.36
4/19/2025 23:20,April,3.22,3.17
4/19/2025 23:25,April,3.41,3.36
4/19/2025 23:30,April,3.41,3.36
4/19/2025 23:35,April,3.41,3.36
4/19/2025 23:40,April,3.21,3.17
4/19/2025 23:45,April,3.4,3.36
4/19/2025 23:50,April,3.4,3.35
4/19/2025 23:55,April,3.4,3.35
4/20/2025 0:00,April,3,2.96
4/20/2025 0:05,April,3.4,3.35
4/20/2025 0:10,April,3.4,3.35
4/20/2025 0:15,April,3.4,3.35
4/20/2025 0:20,April,3.33,3.29
4/20/2025 0:25,April,3.4,3.35
4/20/2025 0:30,April,3.4,3.35
4/20/2025 0:35,April,3.63,3.59
4/20/2025 0:40,April,3.2,3.16
4/20/2025 0:45,April,3.32,3.27
4/20/2025 0:50,April,2.46,2.43
4/20/2025 0:55,April,2.46,2.43
4/20/2025 1:00,April,2.46,2.43
4/20/2025 1:05,April,2.87,2.84
4/20/2025 1:10,April,2.79,2.76
4/20/2025 1:15,April,2.92,2.88
4/20/2025 1:20,April,2.98,2.94
4/20/2025 1:25,April,2.92,2.88
4/20/2025 1:30,April,2.92,2.88
4/20/2025 1:35,April,2.92,2.88
4/20/2025 1:40,April,2.91,2.88
4/20/2025 1:45,April,2.92,2.88
4/20/2025 1:50,April,2.46,2.43
4/20/2025 1:55,April,2.79,2.75
4/20/2025 2:00,April,2.19,2.17
4/20/2025 2:05,April,2.88,2.85
4/20/2025 2:10,April,2.92,2.89
4/20/2025 2:15,April,2.92,2.89
4/20/2025 2:20,April,2.49,2.46
4/20/2025 2:25,April,2.25,2.22
4/20/2025 2:30,April,2.45,2.43
4/20/2025 2:35,April,2.45,2.43
4/20/2025 2:40,April,2.45,2.42
4/20/2025 2:45,April,2.5,2.47
4/20/2025 2:50,April,2.49,2.46
4/20/2025 2:55,April,2.45,2.42
4/20/2025 3:00,April,2.25,2.22
4/20/2025 3:05,April,2.45,2.42
4/20/2025 3:10,April,2.45,2.42
4/20/2025 3:15,April,2.45,2.42
4/20/2025 3:20,April,2.19,2.16
4/20/2025 3:25,April,2.21,2.18
4/20/2025 3:30,April,2.19,2.16
4/20/2025 3:35,April,2.24,2.22
4/20/2025 3:40,April,2.24,2.22
4/20/2025 3:45,April,2.44,2.42
4/20/2025 3:50,April,2.44,2.42
4/20/2025 3:55,April,2.44,2.42
4/20/2025 4:00,April,2.44,2.42
4/20/2025 4:05,April,2.24,2.22
4/20/2025 4:10,April,2.34,2.32
4/20/2025 4:15,April,0,0
4/20/2025 4:20,April,2.18,2.16
4/20/2025 4:25,April,2.18,2.16
4/20/2025 4:30,April,2.27,2.25
4/20/2025 4:35,April,2.18,2.16
4/20/2025 4:40,April,2.24,2.22
4/20/2025 4:45,April,2.18,2.16
4/20/2025 4:50,April,2.2,2.18
4/20/2025 4:55,April,2.24,2.22
4/20/2025 5:00,April,2.24,2.22
4/20/2025 5:05,April,2.24,2.21
4/20/2025 5:10,April,2.93,2.9
4/20/2025 5:15,April,2.51,2.49
4/20/2025 5:20,April,2.44,2.42
4/20/2025 5:25,April,2.44,2.41
4/20/2025 5:30,April,2.27,2.25
4/20/2025 5:35,April,2.18,2.16
4/20/2025 5:40,April,2.18,2.16
4/20/2025 5:45,April,0,0
4/20/2025 5:50,April,2.17,2.15
4/20/2025 5:55,April,0,0
4/20/2025 6:00,April,0,0
4/20/2025 6:05,April,0,0
4/20/2025 6:10,April,0,0
4/20/2025 6:15,April,0,0
4/20/2025 6:20,April,0,0
4/20/2025 6:25,April,0,0
4/20/2025 6:30,April,0,0
4/20/2025 6:35,April,0,0
4/20/2025 6:40,April,0,0
4/20/2025 6:45,April,0,0
4/20/2025 6:50,April,2.15,2.14
4/20/2025 6:55,April,0,0
4/20/2025 7:00,April,0,0
4/20/2025 7:05,April,0,0
4/20/2025 7:10,April,0,0
4/20/2025 7:15,April,2.14,2.14
4/20/2025 7:20,April,1.5,1.49
4/20/2025 7:25,April,1.5,1.49
4/20/2025 7:30,April,2.14,2.14
4/20/2025 7:35,April,2.14,2.14
4/20/2025 7:40,April,0,0
4/20/2025 7:45,April,0,0
4/20/2025 7:50,April,0,0
4/20/2025 7:55,April,0,0
4/20/2025 8:00,April,2.13,2.13
4/20/2025 8:05,April,0,0
4/20/2025 8:10,April,1.97,1.98
4/20/2025 8:15,April,0,0
4/20/2025 8:20,April,2.12,2.13
4/20/2025 8:25,April,2.12,2.13
4/20/2025 8:30,April,2.14,2.14
4/20/2025 8:35,April,2.54,2.54
4/20/2025 8:40,April,0,0
4/20/2025 8:45,April,0,0
4/20/2025 8:50,April,-0.01,-0.01
4/20/2025 8:55,April,0,0
4/20/2025 9:00,April,-10.15,-10.15
4/20/2025 9:05,April,-10.15,-10.15
4/20/2025 9:10,April,-10.15,-10.15
4/20/2025 9:15,April,-10.15,-10.15
4/20/2025 9:20,April,-10.14,-10.14
4/20/2025 9:25,April,-10.05,-10.05
4/20/2025 9:30,April,-10.15,-10.15
4/20/2025 9:35,April,-10.15,-10.15
4/20/2025 9:40,April,0,0
4/20/2025 9:45,April,-0.01,-0.01
4/20/2025 9:50,April,0,0
4/20/2025 9:55,April,0,0
4/20/2025 10:00,April,-0.01,-0.01
4/20/2025 10:05,April,-10.14,-10.14
4/20/2025 10:10,April,0,0
4/20/2025 10:15,April,0,0
4/20/2025 10:20,April,2.42,2.42
4/20/2025 10:25,April,3.26,3.27
4/20/2025 10:30,April,2.88,2.89
4/20/2025 10:35,April,2.18,2.18
4/20/2025 10:40,April,2.82,2.83
4/20/2025 10:45,April,2.68,2.69
4/20/2025 10:50,April,2.7,2.71
4/20/2025 10:55,April,2.93,2.93
4/20/2025 11:00,April,2.22,2.22
4/20/2025 11:05,April,0,0
4/20/2025 11:10,April,0,0
4/20/2025 11:15,April,0,0
4/20/2025 11:20,April,0,0
4/20/2025 11:25,April,0,0
4/20/2025 11:30,April,0,0
4/20/2025 11:35,April,-0.01,-0.01
4/20/2025 11:40,April,-0.01,-0.01
4/20/2025 11:45,April,-0.01,-0.01
4/20/2025 11:50,April,-10.05,-10.05
4/20/2025 11:55,April,-1.01,-1.01
4/20/2025 12:00,April,-0.01,-0.01
4/20/2025 12:05,April,-10.15,-10.15
4/20/2025 12:10,April,-10.05,-10.05
4/20/2025 12:15,April,-10.14,-10.14
4/20/2025 12:20,April,-10.14,-10.14
4/20/2025 12:25,April,-10.15,-10.15
4/20/2025 12:30,April,-2.03,-2.03
4/20/2025 12:35,April,-0.01,-0.01
4/20/2025 12:40,April,0,0
4/20/2025 12:45,April,0,0
4/20/2025 12:50,April,0,0
4/20/2025 12:55,April,0,0
4/20/2025 13:00,April,0,0
4/20/2025 13:05,April,2.48,2.48
4/20/2025 13:10,April,2.79,2.79
4/20/2025 13:15,April,0,0
4/20/2025 13:20,April,2.75,2.75
4/20/2025 13:25,April,2.84,2.84
4/20/2025 13:30,April,3.32,3.32
4/20/2025 13:35,April,3.4,3.4
4/20/2025 13:40,April,3.4,3.4
4/20/2025 13:45,April,5.16,5.16
4/20/2025 13:50,April,5.4,5.4
4/20/2025 13:55,April,5.16,5.16
4/20/2025 14:00,April,5.92,5.92
4/20/2025 14:05,April,10.14,10.14
4/20/2025 14:10,April,13.28,13.28
4/20/2025 14:15,April,12.94,12.94
4/20/2025 14:20,April,12.94,12.94
4/20/2025 14:25,April,9.38,9.38
4/20/2025 14:30,April,9.38,9.38
4/20/2025 14:35,April,10.14,10.14
4/20/2025 14:40,April,9.38,9.38
4/20/2025 14:45,April,10.07,10.07
4/20/2025 14:50,April,14.93,14.93
4/20/2025 14:55,April,9.38,9.38
4/20/2025 15:00,April,10.14,10.14
4/20/2025 15:05,April,9.38,9.38
4/20/2025 15:10,April,8.11,8.11
4/20/2025 15:15,April,8.11,8.11
4/20/2025 15:20,April,9.39,9.39
4/20/2025 15:25,April,8.12,8.12
4/20/2025 15:30,April,6.09,6.09
4/20/2025 15:35,April,8.12,8.12
4/20/2025 15:40,April,8.12,8.12
4/20/2025 15:45,April,8.12,8.12
4/20/2025 15:50,April,10.15,10.15
4/20/2025 15:55,April,6.09,6.09
4/20/2025 16:00,April,4.27,4.27
4/20/2025 16:05,April,9.4,9.4
4/20/2025 16:10,April,3.36,3.36
4/20/2025 16:15,April,3.86,3.86
4/20/2025 16:20,April,3.33,3.33
4/20/2025 16:25,April,4.88,4.88
4/20/2025 16:30,April,3.4,3.4
4/20/2025 16:35,April,5.88,5.88
4/20/2025 16:40,April,4.37,4.37
4/20/2025 16:45,April,4.88,4.88
4/20/2025 16:50,April,4.37,4.37
4/20/2025 16:55,April,3.56,3.56
4/20/2025 17:00,April,3.5,3.5
4/20/2025 17:05,April,6.1,6.1
4/20/2025 17:10,April,5.88,5.88
4/20/2025 17:15,April,6.1,6.1
4/20/2025 17:20,April,5.88,5.88
4/20/2025 17:25,April,5.88,5.88
4/20/2025 17:30,April,6.1,6.1
4/20/2025 17:35,April,5.88,5.88
4/20/2025 17:40,April,6.1,6.1
4/20/2025 17:45,April,8.14,8.14
4/20/2025 17:50,April,11.7,11.7
4/20/2025 17:55,April,13.33,13.33
4/20/2025 18:00,April,13.33,13.33
4/20/2025 18:05,April,17.1,17.1
4/20/2025 18:10,April,16.89,16.89
4/20/2025 18:15,April,16.94,16.94
4/20/2025 18:20,April,15.39,15.39
4/20/2025 18:25,April,16.99,16.99
4/20/2025 18:30,April,15.27,15.27
4/20/2025 18:35,April,54.22,53.71
4/20/2025 18:40,April,39.08,38.68
4/20/2025 18:45,April,33.22,32.84
4/20/2025 18:50,April,31.05,30.7
4/20/2025 18:55,April,27.18,26.86
4/20/2025 19:00,April,10.39,10.26
4/20/2025 19:05,April,27.08,26.76
4/20/2025 19:10,April,10.4,10.27
4/20/2025 19:15,April,10.39,10.27
4/20/2025 19:20,April,9.2,9.09
4/20/2025 19:25,April,8.21,8.11
4/20/2025 19:30,April,8.22,8.12
4/20/2025 19:35,April,6.33,6.26
4/20/2025 19:40,April,4.75,4.69
4/20/2025 19:45,April,3.81,3.77
4/20/2025 19:50,April,4.99,4.93
4/20/2025 19:55,April,4.98,4.91
4/20/2025 20:00,April,3.82,3.77
4/20/2025 20:05,April,6.25,6.17
4/20/2025 20:10,April,6.25,6.16
4/20/2025 20:15,April,6.24,6.15
4/20/2025 20:20,April,5.5,5.42
4/20/2025 20:25,April,5.25,5.17
4/20/2025 20:30,April,4.99,4.92
4/20/2025 20:35,April,5.1,5.03
4/20/2025 20:40,April,5.2,5.12
4/20/2025 20:45,April,4.99,4.92
4/20/2025 20:50,April,5.1,5.03
4/20/2025 20:55,April,4.99,4.92
4/20/2025 21:00,April,4.4,4.34
4/20/2025 21:05,April,8.23,8.13
4/20/2025 21:10,April,7.99,7.88
4/20/2025 21:15,April,6.24,6.16
4/20/2025 21:20,April,6.27,6.19
4/20/2025 21:25,April,6.24,6.15
4/20/2025 21:30,April,5.65,5.58
4/20/2025 21:35,April,5.66,5.58
4/20/2025 21:40,April,6.26,6.18
4/20/2025 21:45,April,6.25,6.17
4/20/2025 21:50,April,14.4,14.22
4/20/2025 21:55,April,8.25,8.15
4/20/2025 22:00,April,5.5,5.42
4/20/2025 22:05,April,6.82,6.73
4/20/2025 22:10,April,6.26,6.18
4/20/2025 22:15,April,5.66,5.58
4/20/2025 22:20,April,8.23,8.13
4/20/2025 22:25,April,6.26,6.18
4/20/2025 22:30,April,6.29,6.21
4/20/2025 22:35,April,3.54,3.5
4/20/2025 22:40,April,4.08,4.03
4/20/2025 22:45,April,5.48,5.41
4/20/2025 22:50,April,5.12,5.06
4/20/2025 22:55,April,5.63,5.57
4/20/2025 23:00,April,5.12,5.06
4/20/2025 23:05,April,8.24,8.14
4/20/2025 23:10,April,6.25,6.18
4/20/2025 23:15,April,5.75,5.68
4/20/2025 23:20,April,5.75,5.68
4/20/2025 23:25,April,4.55,4.5
4/20/2025 23:30,April,4.07,4.03
4/20/2025 23:35,April,4.28,4.23
4/20/2025 23:40,April,3.83,3.78
4/20/2025 23:45,April,4.23,4.18
4/20/2025 23:50,April,4.27,4.22
4/20/2025 23:55,April,3.54,3.5
4/21/2025 0:00,April,3.54,3.49
4/21/2025 0:05,April,3.54,3.49
4/21/2025 0:10,April,4.26,4.2
4/21/2025 0:15,April,3.65,3.6
4/21/2025 0:20,April,3.83,3.78
4/21/2025 0:25,April,3.77,3.72
4/21/2025 0:30,April,3.82,3.77
4/21/2025 0:35,April,3.83,3.77
4/21/2025 0:40,April,3.54,3.49
4/21/2025 0:45,April,3.54,3.49
4/21/2025 0:50,April,3.54,3.49
4/21/2025 0:55,April,3.54,3.49
4/21/2025 1:00,April,3.54,3.49
4/21/2025 1:05,April,3.54,3.49
4/21/2025 1:10,April,3.54,3.49
4/21/2025 1:15,April,3.23,3.18
4/21/2025 1:20,April,3.42,3.37
4/21/2025 1:25,April,3.42,3.37
4/21/2025 1:30,April,3.41,3.37
4/21/2025 1:35,April,3.41,3.36
4/21/2025 1:40,April,3.22,3.17
4/21/2025 1:45,April,3.41,3.36
4/21/2025 1:50,April,3.41,3.36
4/21/2025 1:55,April,3.22,3.17
4/21/2025 2:00,April,2.93,2.89
4/21/2025 2:05,April,3.21,3.17
4/21/2025 2:10,April,3.32,3.27
4/21/2025 2:15,April,3.21,3.17
4/21/2025 2:20,April,3.21,3.16
4/21/2025 2:25,April,2.98,2.94
4/21/2025 2:30,April,2.93,2.89
4/21/2025 2:35,April,2.98,2.94
4/21/2025 2:40,April,2.98,2.94
4/21/2025 2:45,April,2.54,2.51
4/21/2025 2:50,April,2.98,2.94
4/21/2025 2:55,April,2.98,2.94
4/21/2025 3:00,April,2.98,2.94
4/21/2025 3:05,April,3.54,3.49
4/21/2025 3:10,April,2.98,2.94
4/21/2025 3:15,April,2.98,2.94
4/21/2025 3:20,April,2.98,2.94
4/21/2025 3:25,April,2.98,2.94
4/21/2025 3:30,April,2.93,2.89
4/21/2025 3:35,April,2.46,2.43
4/21/2025 3:40,April,2.54,2.51
4/21/2025 3:45,April,2.46,2.43
4/21/2025 3:50,April,2.53,2.5
4/21/2025 3:55,April,0,0
4/21/2025 4:00,April,2.2,2.17
4/21/2025 4:05,April,2.46,2.43
4/21/2025 4:10,April,2.46,2.43
4/21/2025 4:15,April,2.53,2.5
4/21/2025 4:20,April,2.97,2.94
4/21/2025 4:25,April,2.96,2.92
4/21/2025 4:30,April,2.97,2.93
4/21/2025 4:35,April,2.46,2.43
4/21/2025 4:40,April,2.93,2.89
4/21/2025 4:45,April,2.46,2.43
4/21/2025 4:50,April,2.93,2.89
4/21/2025 4:55,April,2.93,2.89
4/21/2025 5:00,April,2.93,2.89
4/21/2025 5:05,April,2.46,2.43
4/21/2025 5:10,April,2.98,2.94
4/21/2025 5:15,April,2.98,2.94
4/21/2025 5:20,April,2.98,2.94
4/21/2025 5:25,April,2.98,2.94
4/21/2025 5:30,April,2.98,2.94
4/21/2025 5:35,April,2.98,2.94
4/21/2025 5:40,April,2.98,2.94
4/21/2025 5:45,April,2.46,2.43
4/21/2025 5:50,April,2.51,2.48
4/21/2025 5:55,April,2.8,2.76
4/21/2025 6:00,April,2.25,2.22
4/21/2025 6:05,April,0,0
4/21/2025 6:10,April,0,0
4/21/2025 6:15,April,2.18,2.16
4/21/2025 6:20,April,2.18,2.16
4/21/2025 6:25,April,2.24,2.22
4/21/2025 6:30,April,2.18,2.16
4/21/2025 6:35,April,2.18,2.16
4/21/2025 6:40,April,2.17,2.16
4/21/2025 6:45,April,2.17,2.16
4/21/2025 6:50,April,2.28,2.26
4/21/2025 6:55,April,2.43,2.41
4/21/2025 7:00,April,2.95,2.92
4/21/2025 7:05,April,2.17,2.16
4/21/2025 7:10,April,2.43,2.41
4/21/2025 7:15,April,2.43,2.41
4/21/2025 7:20,April,2.22,2.21
4/21/2025 7:25,April,3.07,3.05
4/21/2025 7:30,April,2.94,2.92
4/21/2025 7:35,April,2.94,2.92
4/21/2025 7:40,April,2.94,2.92
4/21/2025 7:45,April,2.93,2.92
4/21/2025 7:50,April,3.17,3.15
4/21/2025 7:55,April,3.03,3.02
4/21/2025 8:00,April,3.27,3.26
4/21/2025 8:05,April,2.71,2.7
4/21/2025 8:10,April,3.16,3.15
4/21/2025 8:15,April,3.14,3.13
4/21/2025 8:20,April,3.21,3.2
4/21/2025 8:25,April,3.33,3.31
4/21/2025 8:30,April,3.23,3.22
4/21/2025 8:35,April,3.11,3.1
4/21/2025 8:40,April,3.27,3.26
4/21/2025 8:45,April,3.16,3.15
4/21/2025 8:50,April,3.32,3.31
4/21/2025 8:55,April,3.27,3.26
4/21/2025 9:00,April,3.27,3.26
4/21/2025 9:05,April,2.42,2.42
4/21/2025 9:10,April,3.07,3.06
4/21/2025 9:15,April,3.12,3.12
4/21/2025 9:20,April,3.19,3.19
4/21/2025 9:25,April,3.14,3.13
4/21/2025 9:30,April,3.24,3.23
4/21/2025 9:35,April,3.15,3.15
4/21/2025 9:40,April,3.31,3.3
4/21/2025 9:45,April,3.31,3.3
4/21/2025 9:50,April,3.27,3.26
4/21/2025 9:55,April,3.31,3.3
4/21/2025 10:00,April,3.31,3.31
4/21/2025 10:05,April,2.73,2.72
4/21/2025 10:10,April,3.12,3.11
4/21/2025 10:15,April,2.86,2.85
4/21/2025 10:20,April,3.22,3.21
4/21/2025 10:25,April,3.19,3.19
4/21/2025 10:30,April,3.31,3.3
4/21/2025 10:35,April,3.31,3.3
4/21/2025 10:40,April,3.31,3.3
4/21/2025 10:45,April,3.31,3.3
4/21/2025 10:50,April,3.29,3.28
4/21/2025 10:55,April,3.21,3.2
4/21/2025 11:00,April,3.31,3.3
4/21/2025 11:05,April,3.3,3.29
4/21/2025 11:10,April,3.3,3.29
4/21/2025 11:15,April,3.3,3.29
4/21/2025 11:20,April,3.3,3.29
4/21/2025 11:25,April,3.31,3.3
4/21/2025 11:30,April,3.17,3.17
4/21/2025 11:35,April,3.22,3.21
4/21/2025 11:40,April,3.18,3.17
4/21/2025 11:45,April,3.16,3.15
4/21/2025 11:50,April,3.13,3.13
4/21/2025 11:55,April,3.14,3.13
4/21/2025 12:00,April,3.16,3.15
4/21/2025 12:05,April,2.16,2.16
4/21/2025 12:10,April,2.91,2.9
4/21/2025 12:15,April,2.91,2.9
4/21/2025 12:20,April,2.9,2.89
4/21/2025 12:25,April,2.9,2.89
4/21/2025 12:30,April,3.2,3.19
4/21/2025 12:35,April,3.27,3.26
4/21/2025 12:40,April,3.16,3.15
4/21/2025 12:45,April,3.21,3.2
4/21/2025 12:50,April,3.31,3.3
4/21/2025 12:55,April,3.31,3.3
4/21/2025 13:00,April,6.76,6.75
4/21/2025 13:05,April,4.22,4.21
4/21/2025 13:10,April,4.65,4.63
4/21/2025 13:15,April,4.74,4.72
4/21/2025 13:20,April,6.83,6.81
4/21/2025 13:25,April,4.85,4.84
4/21/2025 13:30,April,6.49,6.48
4/21/2025 13:35,April,6.77,6.76
4/21/2025 13:40,April,7.78,7.76
4/21/2025 13:45,April,7.78,7.76
4/21/2025 13:50,April,7.78,7.77
4/21/2025 13:55,April,7.97,7.96
4/21/2025 14:00,April,7.97,7.96
4/21/2025 14:05,April,4.73,4.73
4/21/2025 14:10,April,7.8,7.79
4/21/2025 14:15,April,7.81,7.8
4/21/2025 14:20,April,7.98,7.97
4/21/2025 14:25,April,7.82,7.82
4/21/2025 14:30,April,7.8,7.8
4/21/2025 14:35,April,7.79,7.79
4/21/2025 14:40,April,7.81,7.81
4/21/2025 14:45,April,7.98,7.98
4/21/2025 14:50,April,7.99,7.99
4/21/2025 14:55,April,8,8
4/21/2025 15:00,April,8.01,8
4/21/2025 15:05,April,7.13,7.13
4/21/2025 15:10,April,8.01,8.01
4/21/2025 15:15,April,7.8,7.8
4/21/2025 15:20,April,8.01,8.01
4/21/2025 15:25,April,13.92,13.92
4/21/2025 15:30,April,11.54,11.54
4/21/2025 15:35,April,14.04,14.02
4/21/2025 15:40,April,13.85,13.82
4/21/2025 15:45,April,8.68,8.66
4/21/2025 15:50,April,11.43,11.4
4/21/2025 15:55,April,13.89,13.86
4/21/2025 16:00,April,13.31,13.27
4/21/2025 16:05,April,12.19,12.14
4/21/2025 16:10,April,9.07,9.03
4/21/2025 16:15,April,11.54,11.49
4/21/2025 16:20,April,9.05,9
4/21/2025 16:25,April,7.9,7.86
4/21/2025 16:30,April,5.37,5.33
4/21/2025 16:35,April,6.68,6.64
4/21/2025 16:40,April,7.89,7.84
4/21/2025 16:45,April,7.33,7.28
4/21/2025 16:50,April,5.15,5.11
4/21/2025 16:55,April,5.45,5.41
4/21/2025 17:00,April,4.83,4.79
4/21/2025 17:05,April,3.62,3.58
4/21/2025 17:10,April,3.8,3.76
4/21/2025 17:15,April,4.24,4.2
4/21/2025 17:20,April,4.52,4.48
4/21/2025 17:25,April,4.53,4.49
4/21/2025 17:30,April,4.53,4.49
4/21/2025 17:35,April,4.54,4.49
4/21/2025 17:40,April,4.54,4.49
4/21/2025 17:45,April,4.55,4.5
4/21/2025 17:50,April,4.93,4.87
4/21/2025 17:55,April,4.69,4.64
4/21/2025 18:00,April,4.69,4.64
4/21/2025 18:05,April,3.87,3.82
4/21/2025 18:10,April,4.58,4.52
4/21/2025 18:15,April,4.76,4.69
4/21/2025 18:20,April,4.86,4.8
4/21/2025 18:25,April,4.98,4.92
4/21/2025 18:30,April,4.95,4.88
4/21/2025 18:35,April,4.98,4.91
4/21/2025 18:40,April,4.96,4.89
4/21/2025 18:45,April,4.87,4.8
4/21/2025 18:50,April,4.71,4.65
4/21/2025 18:55,April,4.24,4.18
4/21/2025 19:00,April,3.89,3.83
4/21/2025 19:05,April,4.61,4.54
4/21/2025 19:10,April,4.24,4.17
4/21/2025 19:15,April,4.24,4.17
4/21/2025 19:20,April,3.99,3.92
4/21/2025 19:25,April,3.99,3.92
4/21/2025 19:30,April,4.23,4.16
4/21/2025 19:35,April,4.61,4.53
4/21/2025 19:40,April,4.23,4.16
4/21/2025 19:45,April,4.45,4.37
4/21/2025 19:50,April,4.23,4.16
4/21/2025 19:55,April,4.25,4.18
4/21/2025 20:00,April,4.44,4.36
4/21/2025 20:05,April,13.56,13.33
4/21/2025 20:10,April,11.96,11.74
4/21/2025 20:15,April,8.18,8.18
4/21/2025 20:20,April,11.65,11.65
4/21/2025 20:25,April,11.12,11.12
4/21/2025 20:30,April,8.34,8.19
4/21/2025 20:35,April,8.03,7.89
4/21/2025 20:40,April,7.87,7.72
4/21/2025 20:45,April,8.35,8.2
4/21/2025 20:50,April,5.99,5.89
4/21/2025 20:55,April,5.57,5.47
4/21/2025 21:00,April,4.63,4.55
4/21/2025 21:05,April,12.16,11.96
4/21/2025 21:10,April,5.99,5.89
4/21/2025 21:15,April,5.78,5.68
4/21/2025 21:20,April,5.83,5.73
4/21/2025 21:25,April,5.98,5.88
4/21/2025 21:30,April,5.97,5.87
4/21/2025 21:35,April,3.58,3.52
4/21/2025 21:40,April,4.75,4.67
4/21/2025 21:45,April,4.73,4.66
4/21/2025 21:50,April,4.7,4.62
4/21/2025 21:55,April,4.71,4.64
4/21/2025 22:00,April,4.65,4.57
4/21/2025 22:05,April,8.32,8.19
4/21/2025 22:10,April,5.45,5.37
4/21/2025 22:15,April,4.57,4.5
4/21/2025 22:20,April,4.04,3.98
4/21/2025 22:25,April,4.23,4.16
4/21/2025 22:30,April,4.25,4.18
4/21/2025 22:35,April,4.05,3.99
4/21/2025 22:40,April,4.05,3.99
4/21/2025 22:45,April,3.57,3.52
4/21/2025 22:50,April,4.03,3.97
4/21/2025 22:55,April,4.04,3.97
4/21/2025 23:00,April,3.57,3.51
4/21/2025 23:05,April,13.77,13.57
4/21/2025 23:10,April,5.44,5.36
4/21/2025 23:15,April,4.26,4.19
4/21/2025 23:20,April,4.26,4.2
4/21/2025 23:25,April,4.02,3.97
4/21/2025 23:30,April,4.02,3.97
4/21/2025 23:35,April,4.25,4.19
4/21/2025 23:40,April,3.56,3.51
4/21/2025 23:45,April,4.02,3.96
4/21/2025 23:50,April,4.02,3.96
4/21/2025 23:55,April,4.01,3.95
4/22/2025 0:00,April,3.64,3.59
4/22/2025 0:05,April,6.99,6.88
4/22/2025 0:10,April,4.72,4.65
4/22/2025 0:15,April,4.6,4.54
4/22/2025 0:20,April,3.84,3.79
4/22/2025 0:25,April,3.55,3.5
4/22/2025 0:30,April,3.84,3.79
4/22/2025 0:35,April,3.84,3.79
4/22/2025 0:40,April,3.85,3.79
4/22/2025 0:45,April,3.55,3.5
4/22/2025 0:50,April,3.26,3.21
4/22/2025 0:55,April,3.46,3.41
4/22/2025 1:00,April,3.46,3.41
4/22/2025 1:05,April,3.92,3.86
4/22/2025 1:10,April,4.23,4.17
4/22/2025 1:15,April,4.23,4.16
4/22/2025 1:20,April,4.23,4.17
4/22/2025 1:25,April,3.93,3.87
4/22/2025 1:30,April,4.23,4.16
4/22/2025 1:35,April,4.22,4.16
4/22/2025 1:40,April,3.56,3.5
4/22/2025 1:45,April,3.85,3.79
4/22/2025 1:50,April,3.92,3.86
4/22/2025 1:55,April,3.85,3.79
4/22/2025 2:00,April,3.56,3.5
4/22/2025 2:05,April,3.84,3.79
4/22/2025 2:10,April,5.52,5.44
4/22/2025 2:15,April,5.52,5.44
4/22/2025 2:20,April,5.52,5.44
4/22/2025 2:25,April,5.52,5.44
4/22/2025 2:30,April,3.45,3.4
4/22/2025 2:35,April,3.55,3.5
4/22/2025 2:40,April,3.65,3.6
4/22/2025 2:45,April,3.55,3.5
4/22/2025 2:50,April,3.55,3.5
4/22/2025 2:55,April,3.67,3.61
4/22/2025 3:00,April,3.54,3.49
4/22/2025 3:05,April,3.44,3.39
4/22/2025 3:10,April,3.44,3.39
4/22/2025 3:15,April,3.42,3.37
4/22/2025 3:20,April,3.42,3.37
4/22/2025 3:25,April,3.05,3.01
4/22/2025 3:30,April,3.05,3
4/22/2025 3:35,April,2.93,2.89
4/22/2025 3:40,April,3,2.95
4/22/2025 3:45,April,3,2.95
4/22/2025 3:50,April,2.99,2.95
4/22/2025 3:55,April,2.93,2.89
4/22/2025 4:00,April,2.93,2.88
4/22/2025 4:05,April,0,0
4/22/2025 4:10,April,2.93,2.89
4/22/2025 4:15,April,2.99,2.95
4/22/2025 4:20,April,2.99,2.95
4/22/2025 4:25,April,2.99,2.95
4/22/2025 4:30,April,2.98,2.94
4/22/2025 4:35,April,2.98,2.94
4/22/2025 4:40,April,2.47,2.43
4/22/2025 4:45,April,2.93,2.89
4/22/2025 4:50,April,2.93,2.89
4/22/2025 4:55,April,2.98,2.94
4/22/2025 5:00,April,2.98,2.94
4/22/2025 5:05,April,2.93,2.89
4/22/2025 5:10,April,3.03,2.99
4/22/2025 5:15,April,2.99,2.94
4/22/2025 5:20,April,2.99,2.94
4/22/2025 5:25,April,3.01,2.96
4/22/2025 5:30,April,2.47,2.43
4/22/2025 5:35,April,2.93,2.89
4/22/2025 5:40,April,2.47,2.43
4/22/2025 5:45,April,2.25,2.22
4/22/2025 5:50,April,2.25,2.22
4/22/2025 5:55,April,2.25,2.22
4/22/2025 6:00,April,2.25,2.22
4/22/2025 6:05,April,0,0
4/22/2025 6:10,April,0,0
4/22/2025 6:15,April,2.19,2.16
4/22/2025 6:20,April,2.25,2.22
4/22/2025 6:25,April,2.24,2.21
4/22/2025 6:30,April,2.19,2.16
4/22/2025 6:35,April,2.18,2.16
4/22/2025 6:40,April,2.23,2.21
4/22/2025 6:45,April,2.23,2.21
4/22/2025 6:50,April,2.23,2.21
4/22/2025 6:55,April,2.18,2.16
4/22/2025 7:00,April,3.18,3.15
4/22/2025 7:05,April,0,0
4/22/2025 7:10,April,2.22,2.2
4/22/2025 7:15,April,2.44,2.42
4/22/2025 7:20,April,2.44,2.42
4/22/2025 7:25,April,2.73,2.71
4/22/2025 7:30,April,2.73,2.71
4/22/2025 7:35,April,2.73,2.7
4/22/2025 7:40,April,2.75,2.73
4/22/2025 7:45,April,3.14,3.12
4/22/2025 7:50,April,3.1,3.08
4/22/2025 7:55,April,3.16,3.14
4/22/2025 8:00,April,3.32,3.3
4/22/2025 8:05,April,0,0
4/22/2025 8:10,April,2.42,2.42
4/22/2025 8:15,April,2.64,2.64
4/22/2025 8:20,April,2.64,2.63
4/22/2025 8:25,April,3.17,3.16
4/22/2025 8:30,April,3.11,3.11
4/22/2025 8:35,April,3.04,3.04
4/22/2025 8:40,April,3.05,3.05
4/22/2025 8:45,April,2.91,2.91
4/22/2025 8:50,April,3.08,3.09
4/22/2025 8:55,April,3.08,3.09
4/22/2025 9:00,April,3.16,3.16
4/22/2025 9:05,April,0,0
4/22/2025 9:10,April,2.18,2.17
4/22/2025 9:15,April,2.42,2.41
4/22/2025 9:20,April,2.87,2.86
4/22/2025 9:25,April,2.87,2.85
4/22/2025 9:30,April,2.9,2.88
4/22/2025 9:35,April,2.73,2.72
4/22/2025 9:40,April,2.9,2.88
4/22/2025 9:45,April,2.9,2.89
4/22/2025 9:50,April,2.96,2.94
4/22/2025 9:55,April,3.17,3.16
4/22/2025 10:00,April,3.17,3.16
4/22/2025 10:05,April,2.74,2.72
4/22/2025 10:10,April,3.12,3.1
4/22/2025 10:15,April,3.16,3.15
4/22/2025 10:20,April,3.11,3.1
4/22/2025 10:25,April,3.12,3.1
4/22/2025 10:30,April,2.77,2.76
4/22/2025 10:35,April,3.07,3.06
4/22/2025 10:40,April,3.1,3.08
4/22/2025 10:45,April,3.76,3.73
4/22/2025 10:50,April,3.13,3.11
4/22/2025 10:55,April,3.19,3.17
4/22/2025 11:00,April,3.13,3.11
4/22/2025 11:05,April,3.14,3.12
4/22/2025 11:10,April,3.41,3.39
4/22/2025 11:15,April,3.3,3.28
4/22/2025 11:20,April,3.41,3.39
4/22/2025 11:25,April,3.29,3.27
4/22/2025 11:30,April,3.17,3.15
4/22/2025 11:35,April,3.17,3.15
4/22/2025 11:40,April,3.17,3.15
4/22/2025 11:45,April,3.11,3.09
4/22/2025 11:50,April,3.13,3.11
4/22/2025 11:55,April,3.12,3.11
4/22/2025 12:00,April,3.12,3.1
4/22/2025 12:05,April,2.88,2.86
4/22/2025 12:10,April,2.97,2.95
4/22/2025 12:15,April,3.11,3.09
4/22/2025 12:20,April,3.16,3.14
4/22/2025 12:25,April,3.13,3.11
4/22/2025 12:30,April,3.18,3.16
4/22/2025 12:35,April,4.45,4.43
4/22/2025 12:40,April,3.72,3.7
4/22/2025 12:45,April,3.72,3.7
4/22/2025 12:50,April,3.43,3.41
4/22/2025 12:55,April,4.43,4.41
4/22/2025 13:00,April,4.62,4.6
4/22/2025 13:05,April,6.28,6.25
4/22/2025 13:10,April,4.81,4.79
4/22/2025 13:15,April,4.81,4.78
4/22/2025 13:20,April,4.45,4.42
4/22/2025 13:25,April,4.45,4.42
4/22/2025 13:30,April,4.45,4.42
4/22/2025 13:35,April,4.45,4.43
4/22/2025 13:40,April,4.87,4.84
4/22/2025 13:45,April,4.8,4.77
4/22/2025 13:50,April,4.63,4.61
4/22/2025 13:55,April,4.86,4.84
4/22/2025 14:00,April,4.63,4.61
4/22/2025 14:05,April,4.45,4.43
4/22/2025 14:10,April,4.63,4.61
4/22/2025 14:15,April,4.63,4.61
4/22/2025 14:20,April,5.37,5.35
4/22/2025 14:25,April,8.02,7.99
4/22/2025 14:30,April,7.42,7.39
4/22/2025 14:35,April,8.04,8.01
4/22/2025 14:40,April,12,11.94
4/22/2025 14:45,April,8.07,8.03
4/22/2025 14:50,April,11.99,11.94
4/22/2025 14:55,April,13.59,13.53
4/22/2025 15:00,April,11.98,11.92
4/22/2025 15:05,April,11.87,11.8
4/22/2025 15:10,April,8.09,8.04
4/22/2025 15:15,April,8.11,8.06
4/22/2025 15:20,April,13.68,13.59
4/22/2025 15:25,April,12.86,12.78
4/22/2025 15:30,April,13.08,12.98
4/22/2025 15:35,April,13.75,13.65
4/22/2025 15:40,April,14.15,14.05
4/22/2025 15:45,April,14.08,13.96
4/22/2025 15:50,April,14.08,13.95
4/22/2025 15:55,April,13.16,13.02
4/22/2025 16:00,April,13.52,13.38
4/22/2025 16:05,April,16.85,16.66
4/22/2025 16:10,April,16.97,16.77
4/22/2025 16:15,April,16.96,16.76
4/22/2025 16:20,April,17.06,16.87
4/22/2025 16:25,April,17.22,17.02
4/22/2025 16:30,April,17.22,17.01
4/22/2025 16:35,April,17.82,17.6
4/22/2025 16:40,April,17.75,17.53
4/22/2025 16:45,April,12.52,12.35
4/22/2025 16:50,April,10.65,10.5
4/22/2025 16:55,April,9.14,9.01
4/22/2025 17:00,April,5.2,5.13
4/22/2025 17:05,April,5.2,5.14
4/22/2025 17:10,April,6.2,6.13
4/22/2025 17:15,April,5.58,5.51
4/22/2025 17:20,April,5.92,5.85
4/22/2025 17:25,April,6.21,6.13
4/22/2025 17:30,April,6.52,6.43
4/22/2025 17:35,April,6.83,6.74
4/22/2025 17:40,April,6.19,6.11
4/22/2025 17:45,April,6.85,6.76
4/22/2025 17:50,April,6.86,6.76
4/22/2025 17:55,April,6.87,6.77
4/22/2025 18:00,April,7.11,7.01
4/22/2025 18:05,April,5.97,5.88
4/22/2025 18:10,April,6.49,6.39
4/22/2025 18:15,April,9.97,9.8
4/22/2025 18:20,April,11.91,11.71
4/22/2025 18:25,April,10.98,10.79
4/22/2025 18:30,April,11.85,11.65
4/22/2025 18:35,April,12.03,11.82
4/22/2025 18:40,April,12.03,11.82
4/22/2025 18:45,April,12.03,11.81
4/22/2025 18:50,April,10.74,10.55
4/22/2025 18:55,April,10.75,10.56
4/22/2025 19:00,April,10.02,9.85
4/22/2025 19:05,April,7.55,7.4
4/22/2025 19:10,April,7.62,7.47
4/22/2025 19:15,April,7.62,7.48
4/22/2025 19:20,April,7.55,7.4
4/22/2025 19:25,April,8,7.85
4/22/2025 19:30,April,7.99,7.83
4/22/2025 19:35,April,8,7.85
4/22/2025 19:40,April,7.65,7.51
4/22/2025 19:45,April,8.02,7.86
4/22/2025 19:50,April,8,7.85
4/22/2025 19:55,April,8.01,7.86
4/22/2025 20:00,April,7.63,7.49
4/22/2025 20:05,April,12.31,12.08
4/22/2025 20:10,April,12.05,11.82
4/22/2025 20:15,April,12.04,11.82
4/22/2025 20:20,April,10.15,9.96
4/22/2025 20:25,April,10.73,10.53
4/22/2025 20:30,April,10.75,10.54
4/22/2025 20:35,April,12.34,12.11
4/22/2025 20:40,April,10.72,10.52
4/22/2025 20:45,April,10.15,9.96
4/22/2025 20:50,April,8.94,8.77
4/22/2025 20:55,April,8.37,8.21
4/22/2025 21:00,April,8.37,8.21
4/22/2025 21:05,April,14.22,13.96
4/22/2025 21:10,April,12.39,12.16
4/22/2025 21:15,April,12.39,12.16
4/22/2025 21:20,April,12.37,12.14
4/22/2025 21:25,April,12.36,12.14
4/22/2025 21:30,April,10.66,10.47
4/22/2025 21:35,April,10.16,9.98
4/22/2025 21:40,April,9.12,8.96
4/22/2025 21:45,April,8.36,8.21
4/22/2025 21:50,April,7.85,7.71
4/22/2025 21:55,April,5.01,4.93
4/22/2025 22:00,April,4.53,4.45
4/22/2025 22:05,April,16.71,16.45
4/22/2025 22:10,April,14.2,13.97
4/22/2025 22:15,April,8.94,8.79
4/22/2025 22:20,April,8.36,8.22
4/22/2025 22:25,April,8.36,8.22
4/22/2025 22:30,April,8.34,8.2
4/22/2025 22:35,April,8.94,8.79
4/22/2025 22:40,April,8.35,8.21
4/22/2025 22:45,April,8.34,8.2
4/22/2025 22:50,April,8.33,8.19
4/22/2025 22:55,April,7.99,7.86
4/22/2025 23:00,April,4.54,4.47
4/22/2025 23:05,April,14.15,13.94
4/22/2025 23:10,April,8.92,8.78
4/22/2025 23:15,April,8.32,8.19
4/22/2025 23:20,April,8.31,8.18
4/22/2025 23:25,April,8.3,8.17
4/22/2025 23:30,April,8.3,8.18
4/22/2025 23:35,April,8.29,8.17
4/22/2025 23:40,April,7.98,7.86
4/22/2025 23:45,April,4.74,4.67
4/22/2025 23:50,April,4.61,4.54
4/22/2025 23:55,April,4.03,3.97
4/23/2025 0:00,April,3.94,3.88
4/23/2025 0:05,April,7.28,7.18
4/23/2025 0:10,April,4.72,4.65
4/23/2025 0:15,April,4.72,4.65
4/23/2025 0:20,April,4.72,4.65
4/23/2025 0:25,April,3.85,3.8
4/23/2025 0:30,April,3.85,3.8
4/23/2025 0:35,April,4.55,4.48
4/23/2025 0:40,April,3.85,3.8
4/23/2025 0:45,April,4.54,4.47
4/23/2025 0:50,April,3.86,3.8
4/23/2025 0:55,April,3.86,3.8
4/23/2025 1:00,April,3.57,3.51
4/23/2025 1:05,April,4.64,4.57
4/23/2025 1:10,April,4.64,4.57
4/23/2025 1:15,April,4.61,4.54
4/23/2025 1:20,April,4.53,4.46
4/23/2025 1:25,April,4.64,4.58
4/23/2025 1:30,April,5.11,5.04
4/23/2025 1:35,April,4.65,4.58
4/23/2025 1:40,April,4.54,4.48
4/23/2025 1:45,April,5.42,5.34
4/23/2025 1:50,April,5.73,5.65
4/23/2025 1:55,April,5.1,5.04
4/23/2025 2:00,April,4.66,4.6
4/23/2025 2:05,April,5.41,5.34
4/23/2025 2:10,April,5.4,5.34
4/23/2025 2:15,April,5.1,5.03
4/23/2025 2:20,April,3.83,3.78
4/23/2025 2:25,April,4.54,4.49
4/23/2025 2:30,April,4.58,4.52
4/23/2025 2:35,April,4.59,4.54
4/23/2025 2:40,April,4.59,4.53
4/23/2025 2:45,April,4.59,4.53
4/23/2025 2:50,April,4.54,4.49
4/23/2025 2:55,April,4.54,4.48
4/23/2025 3:00,April,3.83,3.78
4/23/2025 3:05,April,3.83,3.78
4/23/2025 3:10,April,3.83,3.78
4/23/2025 3:15,April,3.83,3.78
4/23/2025 3:20,April,3.83,3.78
4/23/2025 3:25,April,3.66,3.62
4/23/2025 3:30,April,3.83,3.78
4/23/2025 3:35,April,3.83,3.78
4/23/2025 3:40,April,3.84,3.79
4/23/2025 3:45,April,3.84,3.79
4/23/2025 3:50,April,3.84,3.79
4/23/2025 3:55,April,3.84,3.79
4/23/2025 4:00,April,3.84,3.79
4/23/2025 4:05,April,3.9,3.85
4/23/2025 4:10,April,3.85,3.79
4/23/2025 4:15,April,3.56,3.51
4/23/2025 4:20,April,3.66,3.6
4/23/2025 4:25,April,3.76,3.7
4/23/2025 4:30,April,3.76,3.71
4/23/2025 4:35,April,3.76,3.7
4/23/2025 4:40,April,3.78,3.72
4/23/2025 4:45,April,3.77,3.71
4/23/2025 4:50,April,3.55,3.5
4/23/2025 4:55,April,3.55,3.5
4/23/2025 5:00,April,3.65,3.6
4/23/2025 5:05,April,0,0
4/23/2025 5:10,April,3.06,3.01
4/23/2025 5:15,April,3.43,3.38
4/23/2025 5:20,April,3.29,3.24
4/23/2025 5:25,April,3.43,3.38
4/23/2025 5:30,April,3.43,3.38
4/23/2025 5:35,April,3.43,3.38
4/23/2025 5:40,April,3.43,3.38
4/23/2025 5:45,April,3.43,3.37
4/23/2025 5:50,April,3.42,3.37
4/23/2025 5:55,April,3.25,3.2
4/23/2025 6:00,April,3.22,3.18
4/23/2025 6:05,April,0,0
4/23/2025 6:10,April,0.17,0.17
4/23/2025 6:15,April,3.01,2.98
4/23/2025 6:20,April,2.92,2.9
4/23/2025 6:25,April,2.92,2.89
4/23/2025 6:30,April,2.92,2.89
4/23/2025 6:35,April,2.24,2.22
4/23/2025 6:40,April,2.25,2.23
4/23/2025 6:45,April,2.91,2.88
4/23/2025 6:50,April,2.45,2.42
4/23/2025 6:55,April,2.9,2.88
4/23/2025 7:00,April,2.9,2.88
4/23/2025 7:05,April,0,0
4/23/2025 7:10,April,0,0
4/23/2025 7:15,April,2.24,2.23
4/23/2025 7:20,April,2.44,2.42
4/23/2025 7:25,April,2.89,2.87
4/23/2025 7:30,April,3.51,3.5
4/23/2025 7:35,April,3.16,3.14
4/23/2025 7:40,April,3.18,3.17
4/23/2025 7:45,April,3.28,3.27
4/23/2025 7:50,April,3.2,3.19
4/23/2025 7:55,April,3.33,3.32
4/23/2025 8:00,April,3.46,3.44
4/23/2025 8:05,April,0,0
4/23/2025 8:10,April,2.17,2.16
4/23/2025 8:15,April,2.88,2.87
4/23/2025 8:20,April,2.89,2.88
4/23/2025 8:25,April,2.99,2.98
4/23/2025 8:30,April,2.92,2.91
4/23/2025 8:35,April,2.86,2.85
4/23/2025 8:40,April,3.85,3.84
4/23/2025 8:45,April,3.04,3.03
4/23/2025 8:50,April,3.32,3.32
4/23/2025 8:55,April,3.32,3.32
4/23/2025 9:00,April,3.72,3.72
4/23/2025 9:05,April,2.73,2.74
4/23/2025 9:10,April,3.15,3.16
4/23/2025 9:15,April,2.9,2.91
4/23/2025 9:20,April,3.15,3.16
4/23/2025 9:25,April,3.12,3.13
4/23/2025 9:30,April,2.96,2.96
4/23/2025 9:35,April,3.31,3.32
4/23/2025 9:40,April,3.38,3.39
4/23/2025 9:45,April,3.38,3.38
4/23/2025 9:50,April,3.57,3.58
4/23/2025 9:55,April,3.38,3.39
4/23/2025 10:00,April,3.33,3.34
4/23/2025 10:05,April,0,0
4/23/2025 10:10,April,3.33,3.34
4/23/2025 10:15,April,3.42,3.43
4/23/2025 10:20,April,3.72,3.72
4/23/2025 10:25,April,4.45,4.45
4/23/2025 10:30,April,3.97,3.98
4/23/2025 10:35,April,4.44,4.45
4/23/2025 10:40,April,3.82,3.83
4/23/2025 10:45,April,3.81,3.82
4/23/2025 10:50,April,3.44,3.45
4/23/2025 10:55,April,3.44,3.45
4/23/2025 11:00,April,3.81,3.82
4/23/2025 11:05,April,0,0
4/23/2025 11:10,April,2.18,2.18
4/23/2025 11:15,April,3.15,3.15
4/23/2025 11:20,April,2.99,2.99
4/23/2025 11:25,April,3.15,3.15
4/23/2025 11:30,April,2.92,2.92
4/23/2025 11:35,April,2.96,2.96
4/23/2025 11:40,April,3,3
4/23/2025 11:45,April,2.95,2.95
4/23/2025 11:50,April,3.15,3.15
4/23/2025 11:55,April,2.99,2.99
4/23/2025 12:00,April,2.09,2.1
4/23/2025 12:05,April,0,0
4/23/2025 12:10,April,2.41,2.42
4/23/2025 12:15,April,2.88,2.89
4/23/2025 12:20,April,2.88,2.89
4/23/2025 12:25,April,2.92,2.93
4/23/2025 12:30,April,2.96,2.97
4/23/2025 12:35,April,3.82,3.82
4/23/2025 12:40,April,3.43,3.44
4/23/2025 12:45,April,3.39,3.4
4/23/2025 12:50,April,3.25,3.25
4/23/2025 12:55,April,3.81,3.82
4/23/2025 13:00,April,8.03,8.04
4/23/2025 13:05,April,4.46,4.46
4/23/2025 13:10,April,5.34,5.34
4/23/2025 13:15,April,8.04,8.03
4/23/2025 13:20,April,7.13,7.12
4/23/2025 13:25,April,7.74,7.74
4/23/2025 13:30,April,8.04,8.04
4/23/2025 13:35,April,8.04,8.04
4/23/2025 13:40,April,7.36,7.36
4/23/2025 13:45,April,7.74,7.74
4/23/2025 13:50,April,7.92,7.92
4/23/2025 13:55,April,7.92,7.93
4/23/2025 14:00,April,7.19,7.19
4/23/2025 14:05,April,7.36,7.35
4/23/2025 14:10,April,7.8,7.77
4/23/2025 14:15,April,7.79,7.77
4/23/2025 14:20,April,7.8,7.78
4/23/2025 14:25,April,7.79,7.77
4/23/2025 14:30,April,8.09,8.07
4/23/2025 14:35,April,10.78,10.75
4/23/2025 14:40,April,9.03,9
4/23/2025 14:45,April,9.03,9
4/23/2025 14:50,April,10.73,10.68
4/23/2025 14:55,April,8.09,8.05
4/23/2025 15:00,April,8.8,8.76
4/23/2025 15:05,April,10.87,10.82
4/23/2025 15:10,April,13.02,12.97
4/23/2025 15:15,April,13.05,12.99
4/23/2025 15:20,April,13.19,13.13
4/23/2025 15:25,April,12.09,12.04
4/23/2025 15:30,April,13.2,13.14
4/23/2025 15:35,April,13.13,13.07
4/23/2025 15:40,April,14.16,14.1
4/23/2025 15:45,April,14.17,14.1
4/23/2025 15:50,April,14.35,14.28
4/23/2025 15:55,April,14.32,14.24
4/23/2025 16:00,April,14.33,14.25
4/23/2025 16:05,April,14.55,14.44
4/23/2025 16:10,April,14.63,14.52
4/23/2025 16:15,April,14.41,14.29
4/23/2025 16:20,April,14.54,14.42
4/23/2025 16:25,April,14.64,14.51
4/23/2025 16:30,April,14.56,14.43
4/23/2025 16:35,April,23.11,22.87
4/23/2025 16:40,April,22.28,22.04
4/23/2025 16:45,April,19.32,19.11
4/23/2025 16:50,April,19.33,19.11
4/23/2025 16:55,April,13.91,13.75
4/23/2025 17:00,April,12.06,11.92
4/23/2025 17:05,April,9.16,9.04
4/23/2025 17:10,April,9.15,9.02
4/23/2025 17:15,April,9.12,8.99
4/23/2025 17:20,April,3.54,3.49
4/23/2025 17:25,April,5.23,5.15
4/23/2025 17:30,April,6.11,6.03
4/23/2025 17:35,April,6.73,6.64
4/23/2025 17:40,April,5.25,5.18
4/23/2025 17:45,April,5.25,5.18
4/23/2025 17:50,April,6.36,6.27
4/23/2025 17:55,April,9.03,8.91
4/23/2025 18:00,April,10.99,10.84
4/23/2025 18:05,April,11.92,11.75
4/23/2025 18:10,April,11.93,11.75
4/23/2025 18:15,April,11.23,11.06
4/23/2025 18:20,April,11.24,11.04
4/23/2025 18:25,April,13.75,13.51
4/23/2025 18:30,April,13.48,13.24
4/23/2025 18:35,April,13.27,13.03
4/23/2025 18:40,April,11.85,11.63
4/23/2025 18:45,April,12.32,12.1
4/23/2025 18:50,April,11.03,10.83
4/23/2025 18:55,April,11.42,11.21
4/23/2025 19:00,April,11.02,10.82
4/23/2025 19:05,April,17.17,16.85
4/23/2025 19:10,April,19.5,19.14
4/23/2025 19:15,April,13.8,13.54
4/23/2025 19:20,April,12.35,12.12
4/23/2025 19:25,April,12.19,11.97
4/23/2025 19:30,April,11.02,10.82
4/23/2025 19:35,April,13.35,13.1
4/23/2025 19:40,April,12.36,12.13
4/23/2025 19:45,April,12.36,12.13
4/23/2025 19:50,April,11.14,10.93
4/23/2025 19:55,April,13.49,13.24
4/23/2025 20:00,April,12.38,12.15
4/23/2025 20:05,April,29.89,29.34
4/23/2025 20:10,April,29.6,29.05
4/23/2025 20:15,April,31.03,30.46
4/23/2025 20:20,April,30.99,30.42
4/23/2025 20:25,April,31.85,31.26
4/23/2025 20:30,April,31.84,31.25
4/23/2025 20:35,April,31.46,30.86
4/23/2025 20:40,April,31.17,30.57
4/23/2025 20:45,April,31.16,30.56
4/23/2025 20:50,April,30.41,29.83
4/23/2025 20:55,April,28.1,27.57
4/23/2025 21:00,April,21.29,20.89
4/23/2025 21:05,April,33.56,32.94
4/23/2025 21:10,April,31.74,31.15
4/23/2025 21:15,April,31.74,31.15
4/23/2025 21:20,April,32.88,32.27
4/23/2025 21:25,April,31.74,31.15
4/23/2025 21:30,April,31.7,31.11
4/23/2025 21:35,April,31.67,31.08
4/23/2025 21:40,April,31.15,30.56
4/23/2025 21:45,April,30.02,29.46
4/23/2025 21:50,April,29.84,29.29
4/23/2025 21:55,April,21.07,20.69
4/23/2025 22:00,April,13.59,13.34
4/23/2025 22:05,April,22.99,22.6
4/23/2025 22:10,April,13.56,13.33
4/23/2025 22:15,April,13.59,13.36
4/23/2025 22:20,April,12.56,12.35
4/23/2025 22:25,April,12.44,12.23
4/23/2025 22:30,April,12.46,12.25
4/23/2025 22:35,April,9.17,9.01
4/23/2025 22:40,April,9.16,9.01
4/23/2025 22:45,April,8.33,8.19
4/23/2025 22:50,April,9.18,9.03
4/23/2025 22:55,April,29.76,29.31
4/23/2025 23:00,April,8.33,8.21
4/23/2025 23:05,April,30.72,30.31
4/23/2025 23:10,April,30.82,30.41
4/23/2025 23:15,April,30.19,29.79
4/23/2025 23:20,April,20.86,20.58
4/23/2025 23:25,April,12.46,12.29
4/23/2025 23:30,April,12.16,11.99
4/23/2025 23:35,April,8.34,8.22
4/23/2025 23:40,April,8.32,8.2
4/23/2025 23:45,April,8.3,8.19
4/23/2025 23:50,April,8.29,8.17
4/23/2025 23:55,April,8.28,8.17
4/24/2025 0:00,April,5.07,5
4/24/2025 0:05,April,8.27,8.17
4/24/2025 0:10,April,6.25,6.18
4/24/2025 0:15,April,6.14,6.07
4/24/2025 0:20,April,5.73,5.66
4/24/2025 0:25,April,4.96,4.9
4/24/2025 0:30,April,4.86,4.8
4/24/2025 0:35,April,4.91,4.85
4/24/2025 0:40,April,4.86,4.8
4/24/2025 0:45,April,4.81,4.75
4/24/2025 0:50,April,4.81,4.75
4/24/2025 0:55,April,4.81,4.75
4/24/2025 1:00,April,3.89,3.84
4/24/2025 1:05,April,8.39,8.29
4/24/2025 1:10,April,6.8,6.72
4/24/2025 1:15,April,5.01,4.95
4/24/2025 1:20,April,4.88,4.82
4/24/2025 1:25,April,4.81,4.75
4/24/2025 1:30,April,2.95,2.91
4/24/2025 1:35,April,4.88,4.82
4/24/2025 1:40,April,3.55,3.51
4/24/2025 1:45,April,3.89,3.84
4/24/2025 1:50,April,3.46,3.42
4/24/2025 1:55,April,3.55,3.51
4/24/2025 2:00,April,3.55,3.51
4/24/2025 2:05,April,4.24,4.19
4/24/2025 2:10,April,4.57,4.51
4/24/2025 2:15,April,4.35,4.3
4/24/2025 2:20,April,5.67,5.6
4/24/2025 2:25,April,5.78,5.71
4/24/2025 2:30,April,4.57,4.51
4/24/2025 2:35,April,5.36,5.3
4/24/2025 2:40,April,5.71,5.65
4/24/2025 2:45,April,5.76,5.7
4/24/2025 2:50,April,5.35,5.29
4/24/2025 2:55,April,5.18,5.13
4/24/2025 3:00,April,5.17,5.12
4/24/2025 3:05,April,3.74,3.7
4/24/2025 3:10,April,4.78,4.73
4/24/2025 3:15,April,4.78,4.73
4/24/2025 3:20,April,4.78,4.73
4/24/2025 3:25,April,3.41,3.38
4/24/2025 3:30,April,3.74,3.7
4/24/2025 3:35,April,4.25,4.21
4/24/2025 3:40,April,3.82,3.78
4/24/2025 3:45,April,3.42,3.38
4/24/2025 3:50,April,3.74,3.7
4/24/2025 3:55,April,5.55,5.49
4/24/2025 4:00,April,3.53,3.49
4/24/2025 4:05,April,3.82,3.78
4/24/2025 4:10,April,4.95,4.89
4/24/2025 4:15,April,4.25,4.2
4/24/2025 4:20,April,4.25,4.2
4/24/2025 4:25,April,3.83,3.79
4/24/2025 4:30,April,3.83,3.79
4/24/2025 4:35,April,4.84,4.78
4/24/2025 4:40,April,4.83,4.77
4/24/2025 4:45,April,4.84,4.78
4/24/2025 4:50,April,4.26,4.2
4/24/2025 4:55,April,4.83,4.77
4/24/2025 5:00,April,3.55,3.5
4/24/2025 5:05,April,2.47,2.44
4/24/2025 5:10,April,3.44,3.39
4/24/2025 5:15,April,3.55,3.5
4/24/2025 5:20,April,3.65,3.6
4/24/2025 5:25,April,3.23,3.19
4/24/2025 5:30,April,3.55,3.5
4/24/2025 5:35,April,3.55,3.5
4/24/2025 5:40,April,3.55,3.5
4/24/2025 5:45,April,3.55,3.5
4/24/2025 5:50,April,3.42,3.38
4/24/2025 5:55,April,3.44,3.4
4/24/2025 6:00,April,3.21,3.17
4/24/2025 6:05,April,0,0
4/24/2025 6:10,April,2.18,2.16
4/24/2025 6:15,April,2.94,2.91
4/24/2025 6:20,April,2.25,2.23
4/24/2025 6:25,April,3.03,3.01
4/24/2025 6:30,April,2.77,2.75
4/24/2025 6:35,April,2.93,2.91
4/24/2025 6:40,April,2.45,2.42
4/24/2025 6:45,April,2.93,2.91
4/24/2025 6:50,April,3.02,2.99
4/24/2025 6:55,April,2.97,2.95
4/24/2025 7:00,April,3.06,3.03
4/24/2025 7:05,April,0,0
4/24/2025 7:10,April,2.23,2.21
4/24/2025 7:15,April,2.96,2.94
4/24/2025 7:20,April,2.98,2.96
4/24/2025 7:25,April,3.13,3.11
4/24/2025 7:30,April,3.3,3.28
4/24/2025 7:35,April,3.2,3.18
4/24/2025 7:40,April,3.24,3.23
4/24/2025 7:45,April,3.49,3.47
4/24/2025 7:50,April,3.42,3.41
4/24/2025 7:55,April,3.75,3.74
4/24/2025 8:00,April,5.04,5.02
4/24/2025 8:05,April,2.68,2.67
4/24/2025 8:10,April,3.28,3.27
4/24/2025 8:15,April,3.51,3.5
4/24/2025 8:20,April,3.34,3.33
4/24/2025 8:25,April,3.5,3.5
4/24/2025 8:30,April,3.48,3.48
4/24/2025 8:35,April,3.47,3.47
4/24/2025 8:40,April,3.5,3.49
4/24/2025 8:45,April,3.46,3.45
4/24/2025 8:50,April,3.14,3.14
4/24/2025 8:55,April,3.35,3.34
4/24/2025 9:00,April,3.48,3.47
4/24/2025 9:05,April,2.14,2.15
4/24/2025 9:10,April,3.13,3.13
4/24/2025 9:15,April,3.21,3.22
4/24/2025 9:20,April,3.48,3.49
4/24/2025 9:25,April,3.45,3.46
4/24/2025 9:30,April,3.71,3.72
4/24/2025 9:35,April,3.71,3.72
4/24/2025 9:40,April,4.81,4.82
4/24/2025 9:45,April,9.64,9.66
4/24/2025 9:50,April,7.97,8
4/24/2025 9:55,April,3.71,3.72
4/24/2025 10:00,April,5.66,5.68
4/24/2025 10:05,April,3.43,3.44
4/24/2025 10:10,April,3.94,3.94
4/24/2025 10:15,April,4.42,4.43
4/24/2025 10:20,April,4.43,4.44
4/24/2025 10:25,April,4.43,4.44
4/24/2025 10:30,April,4.59,4.6
4/24/2025 10:35,April,5.43,5.44
4/24/2025 10:40,April,4.58,4.6
4/24/2025 10:45,April,4.58,4.6
4/24/2025 10:50,April,4.2,4.22
4/24/2025 10:55,April,3.74,3.75
4/24/2025 11:00,April,4.14,4.15
4/24/2025 11:05,April,3.42,3.42
4/24/2025 11:10,April,3.74,3.75
4/24/2025 11:15,April,4.13,4.14
4/24/2025 11:20,April,4.4,4.41
4/24/2025 11:25,April,3.74,3.75
4/24/2025 11:30,April,4.41,4.42
4/24/2025 11:35,April,3.75,3.76
4/24/2025 11:40,April,3.74,3.75
4/24/2025 11:45,April,3.74,3.75
4/24/2025 11:50,April,3.55,3.56
4/24/2025 11:55,April,3.54,3.55
4/24/2025 12:00,April,3.54,3.55
4/24/2025 12:05,April,3.44,3.43
4/24/2025 12:10,April,3.44,3.43
4/24/2025 12:15,April,3.42,3.42
4/24/2025 12:20,April,3.72,3.72
4/24/2025 12:25,April,3.59,3.59
4/24/2025 12:30,April,4.25,4.25
4/24/2025 12:35,April,4.22,4.21
4/24/2025 12:40,April,3.73,3.72
4/24/2025 12:45,April,3.93,3.93
4/24/2025 12:50,April,4.15,4.14
4/24/2025 12:55,April,4.43,4.42
4/24/2025 13:00,April,6.18,6.18
4/24/2025 13:05,April,8.03,8
4/24/2025 13:10,April,6.04,6.02
4/24/2025 13:15,April,6.69,6.67
4/24/2025 13:20,April,5.06,5.05
4/24/2025 13:25,April,6.69,6.68
4/24/2025 13:30,April,6.7,6.69
4/24/2025 13:35,April,4.99,4.98
4/24/2025 13:40,April,6.03,6.02
4/24/2025 13:45,April,5.42,5.41
4/24/2025 13:50,April,6.03,6.02
4/24/2025 13:55,April,6.68,6.66
4/24/2025 14:00,April,8.04,8.02
4/24/2025 14:05,April,7.3,7.27
4/24/2025 14:10,April,5.95,5.93
4/24/2025 14:15,April,4.98,4.97
4/24/2025 14:20,April,5.78,5.78
4/24/2025 14:25,April,5.87,5.87
4/24/2025 14:30,April,6.28,6.28
4/24/2025 14:35,April,5.88,5.88
4/24/2025 14:40,April,6.01,6.01
4/24/2025 14:45,April,4.98,4.97
4/24/2025 14:50,April,6.43,6.43
4/24/2025 14:55,April,7.2,7.19
4/24/2025 15:00,April,7.21,7.21
4/24/2025 15:05,April,9.76,9.74
4/24/2025 15:10,April,5.11,5.1
4/24/2025 15:15,April,5.12,5.11
4/24/2025 15:20,April,6.04,6.02
4/24/2025 15:25,April,6.65,6.63
4/24/2025 15:30,April,8.81,8.79
4/24/2025 15:35,April,9.01,8.98
4/24/2025 15:40,April,7.32,7.3
4/24/2025 15:45,April,6.78,6.76
4/24/2025 15:50,April,7.82,7.78
4/24/2025 15:55,April,7.82,7.79
4/24/2025 16:00,April,7.34,7.32
4/24/2025 16:05,April,13.82,13.77
4/24/2025 16:10,April,9.83,9.79
4/24/2025 16:15,April,7.84,7.81
4/24/2025 16:20,April,14.06,14
4/24/2025 16:25,April,14.56,14.5
4/24/2025 16:30,April,13.24,13.17
4/24/2025 16:35,April,13.26,13.19
4/24/2025 16:40,April,11.03,10.97
4/24/2025 16:45,April,12.31,12.24
4/24/2025 16:50,April,9.97,9.91
4/24/2025 16:55,April,7.87,7.81
4/24/2025 17:00,April,7.44,7.39
4/24/2025 17:05,April,3.52,3.49
4/24/2025 17:10,April,3.86,3.82
4/24/2025 17:15,April,3.86,3.83
4/24/2025 17:20,April,4.83,4.78
4/24/2025 17:25,April,4.84,4.8
4/24/2025 17:30,April,4.74,4.69
4/24/2025 17:35,April,4.8,4.75
4/24/2025 17:40,April,4.83,4.78
4/24/2025 17:45,April,4.9,4.85
4/24/2025 17:50,April,4.85,4.8
4/24/2025 17:55,April,4.84,4.79
4/24/2025 18:00,April,4.95,4.9
4/24/2025 18:05,April,4.85,4.79
4/24/2025 18:10,April,5.23,5.17
4/24/2025 18:15,April,5.24,5.18
4/24/2025 18:20,April,7.96,7.86
4/24/2025 18:25,April,7.3,7.21
4/24/2025 18:30,April,6.88,6.79
4/24/2025 18:35,April,12.35,12.2
4/24/2025 18:40,April,7.95,7.85
4/24/2025 18:45,April,6.55,6.47
4/24/2025 18:50,April,5.26,5.19
4/24/2025 18:55,April,4.87,4.81
4/24/2025 19:00,April,4.87,4.81
4/24/2025 19:05,April,9.01,8.89
4/24/2025 19:10,April,6.89,6.79
4/24/2025 19:15,April,6.26,6.17
4/24/2025 19:20,April,7.14,7.04
4/24/2025 19:25,April,6.9,6.8
4/24/2025 19:30,April,6.9,6.8
4/24/2025 19:35,April,6.27,6.18
4/24/2025 19:40,April,5.97,5.89
4/24/2025 19:45,April,5.97,5.89
4/24/2025 19:50,April,5.98,5.89
4/24/2025 19:55,April,5.98,5.9
4/24/2025 20:00,April,5.64,5.56
4/24/2025 20:05,April,16.99,16.75
4/24/2025 20:10,April,12.18,12
4/24/2025 20:15,April,12.27,12.09
4/24/2025 20:20,April,12.18,11.99
4/24/2025 20:25,April,14.37,14.15
4/24/2025 20:30,April,9.14,8.99
4/24/2025 20:35,April,8.06,7.94
4/24/2025 20:40,April,9.81,9.67
4/24/2025 20:45,April,10.9,10.74
4/24/2025 20:50,April,8.94,8.8
4/24/2025 20:55,April,9.02,8.88
4/24/2025 21:00,April,8.06,7.93
4/24/2025 21:05,April,18.13,17.86
4/24/2025 21:10,April,12.48,12.29
4/24/2025 21:15,April,8.96,8.82
4/24/2025 21:20,April,8.95,8.81
4/24/2025 21:25,April,8.97,8.82
4/24/2025 21:30,April,8.96,8.82
4/24/2025 21:35,April,8.39,8.26
4/24/2025 21:40,April,8.37,8.25
4/24/2025 21:45,April,8.37,8.24
4/24/2025 21:50,April,8,7.87
4/24/2025 21:55,April,8,7.88
4/24/2025 22:00,April,7.99,7.87
4/24/2025 22:05,April,8.36,8.23
4/24/2025 22:10,April,8.1,7.98
4/24/2025 22:15,April,8.09,7.97
4/24/2025 22:20,April,8.07,7.96
4/24/2025 22:25,April,8.05,7.94
4/24/2025 22:30,April,7.99,7.87
4/24/2025 22:35,April,7.18,7.08
4/24/2025 22:40,April,5.99,5.9
4/24/2025 22:45,April,4.08,4.02
4/24/2025 22:50,April,4.08,4.02
4/24/2025 22:55,April,4.08,4.02
4/24/2025 23:00,April,4.08,4.02
4/24/2025 23:05,April,8.96,8.83
4/24/2025 23:10,April,8.36,8.24
4/24/2025 23:15,April,7.98,7.86
4/24/2025 23:20,April,6.91,6.82
4/24/2025 23:25,April,4.93,4.85
4/24/2025 23:30,April,5.16,5.09
4/24/2025 23:35,April,4.53,4.46
4/24/2025 23:40,April,5.08,5.01
4/24/2025 23:45,April,4.2,4.14
4/24/2025 23:50,April,4.78,4.72
4/24/2025 23:55,April,3.59,3.54
4/25/2025 0:00,April,3.52,3.46
4/25/2025 0:05,April,4.97,4.89
4/25/2025 0:10,April,4.9,4.82
4/25/2025 0:15,April,3.99,3.93
4/25/2025 0:20,April,3.97,3.91
4/25/2025 0:25,April,3.89,3.83
4/25/2025 0:30,April,3.89,3.83
4/25/2025 0:35,April,3.89,3.83
4/25/2025 0:40,April,3.89,3.83
4/25/2025 0:45,April,3.89,3.83
4/25/2025 0:50,April,3.89,3.83
4/25/2025 0:55,April,3.63,3.57
4/25/2025 1:00,April,3.63,3.57
4/25/2025 1:05,April,8.37,8.25
4/25/2025 1:10,April,4.76,4.69
4/25/2025 1:15,April,4.55,4.48
4/25/2025 1:20,April,4.55,4.48
4/25/2025 1:25,April,3.6,3.54
4/25/2025 1:30,April,3.6,3.55
4/25/2025 1:35,April,3.62,3.57
4/25/2025 1:40,April,3.62,3.56
4/25/2025 1:45,April,3.62,3.57
4/25/2025 1:50,April,3.62,3.56
4/25/2025 1:55,April,3.59,3.54
4/25/2025 2:00,April,3.59,3.54
4/25/2025 2:05,April,3.93,3.87
4/25/2025 2:10,April,3.89,3.83
4/25/2025 2:15,April,3.93,3.87
4/25/2025 2:20,April,4.23,4.17
4/25/2025 2:25,April,4.23,4.16
4/25/2025 2:30,April,4.22,4.16
4/25/2025 2:35,April,4.24,4.18
4/25/2025 2:40,April,4.25,4.19
4/25/2025 2:45,April,4.6,4.53
4/25/2025 2:50,April,4.59,4.53
4/25/2025 2:55,April,4.25,4.19
4/25/2025 3:00,April,3.66,3.61
4/25/2025 3:05,April,3.91,3.85
4/25/2025 3:10,April,4.23,4.17
4/25/2025 3:15,April,4.23,4.17
4/25/2025 3:20,April,4.23,4.17
4/25/2025 3:25,April,3.91,3.85
4/25/2025 3:30,April,3.93,3.87
4/25/2025 3:35,April,3.92,3.87
4/25/2025 3:40,April,3.91,3.85
4/25/2025 3:45,April,3.91,3.85
4/25/2025 3:50,April,3.86,3.8
4/25/2025 3:55,April,3.61,3.56
4/25/2025 4:00,April,3.66,3.61
4/25/2025 4:05,April,3.68,3.62
4/25/2025 4:10,April,3.82,3.76
4/25/2025 4:15,April,3.82,3.76
4/25/2025 4:20,April,3.68,3.62
4/25/2025 4:25,April,3.4,3.35
4/25/2025 4:30,April,3.4,3.35
4/25/2025 4:35,April,3.43,3.38
4/25/2025 4:40,April,3.4,3.35
4/25/2025 4:45,April,3.43,3.38
4/25/2025 4:50,April,3.43,3.38
4/25/2025 4:55,April,3.43,3.38
4/25/2025 5:00,April,3.43,3.38
4/25/2025 5:05,April,2.2,2.17
4/25/2025 5:10,April,3.43,3.38
4/25/2025 5:15,April,3.5,3.44
4/25/2025 5:20,April,3.82,3.76
4/25/2025 5:25,April,3.65,3.6
4/25/2025 5:30,April,3.65,3.6
4/25/2025 5:35,April,3.83,3.77
4/25/2025 5:40,April,3.82,3.76
4/25/2025 5:45,April,3.64,3.59
4/25/2025 5:50,April,2.95,2.91
4/25/2025 5:55,April,3.29,3.25
4/25/2025 6:00,April,3.28,3.24
4/25/2025 6:05,April,2.19,2.16
4/25/2025 6:10,April,2.96,2.92
4/25/2025 6:15,April,3.04,3
4/25/2025 6:20,April,2.95,2.92
4/25/2025 6:25,April,2.95,2.92
4/25/2025 6:30,April,3.02,2.99
4/25/2025 6:35,April,2.45,2.42
4/25/2025 6:40,April,2.46,2.42
4/25/2025 6:45,April,2.46,2.43
4/25/2025 6:50,April,2.45,2.43
4/25/2025 6:55,April,2.97,2.94
4/25/2025 7:00,April,2.94,2.91
4/25/2025 7:05,April,0,0
4/25/2025 7:10,April,2.24,2.22
4/25/2025 7:15,April,2.78,2.75
4/25/2025 7:20,April,2.95,2.93
4/25/2025 7:25,April,3,2.97
4/25/2025 7:30,April,3.28,3.26
4/25/2025 7:35,April,3.25,3.22
4/25/2025 7:40,April,3.25,3.23
4/25/2025 7:45,April,3.36,3.34
4/25/2025 7:50,April,3.5,3.48
4/25/2025 7:55,April,3.49,3.48
4/25/2025 8:00,April,3.74,3.72
4/25/2025 8:05,April,0,0
4/25/2025 8:10,April,2.42,2.42
4/25/2025 8:15,April,2.92,2.91
4/25/2025 8:20,April,2.98,2.98
4/25/2025 8:25,April,3.32,3.32
4/25/2025 8:30,April,3.24,3.24
4/25/2025 8:35,April,3.15,3.15
4/25/2025 8:40,April,3.32,3.32
4/25/2025 8:45,April,3.28,3.28
4/25/2025 8:50,April,3.46,3.45
4/25/2025 8:55,April,3.75,3.75
4/25/2025 9:00,April,3.71,3.71
4/25/2025 9:05,April,0,0
4/25/2025 9:10,April,2.76,2.76
4/25/2025 9:15,April,2.76,2.76
4/25/2025 9:20,April,2.91,2.91
4/25/2025 9:25,April,2.91,2.91
4/25/2025 9:30,April,2.91,2.91
4/25/2025 9:35,April,2.91,2.91
4/25/2025 9:40,April,3.33,3.34
4/25/2025 9:45,April,3.17,3.17
4/25/2025 9:50,April,3.17,3.17
4/25/2025 9:55,April,3.26,3.26
4/25/2025 10:00,April,3.36,3.36
4/25/2025 10:05,April,0,0
4/25/2025 10:10,April,2.92,2.92
4/25/2025 10:15,April,3.13,3.13
4/25/2025 10:20,April,3.32,3.32
4/25/2025 10:25,April,3.32,3.32
4/25/2025 10:30,April,3.33,3.33
4/25/2025 10:35,April,3.32,3.32
4/25/2025 10:40,April,3.34,3.34
4/25/2025 10:45,April,3.33,3.33
4/25/2025 10:50,April,3.32,3.32
4/25/2025 10:55,April,3.46,3.46
4/25/2025 11:00,April,3.34,3.34
4/25/2025 11:05,April,3.14,3.14
4/25/2025 11:10,April,3.33,3.32
4/25/2025 11:15,April,3.32,3.32
4/25/2025 11:20,April,3.4,3.4
4/25/2025 11:25,April,3.34,3.34
4/25/2025 11:30,April,3.43,3.43
4/25/2025 11:35,April,4.09,4.09
4/25/2025 11:40,April,3.44,3.45
4/25/2025 11:45,April,3.73,3.73
4/25/2025 11:50,April,3.36,3.36
4/25/2025 11:55,April,2.78,2.78
4/25/2025 12:00,April,3.27,3.27
4/25/2025 12:05,April,3.45,3.45
4/25/2025 12:10,April,3.2,3.2
4/25/2025 12:15,April,3.14,3.14
4/25/2025 12:20,April,3.19,3.19
4/25/2025 12:25,April,3.34,3.34
4/25/2025 12:30,April,3.44,3.44
4/25/2025 12:35,April,3.43,3.43
4/25/2025 12:40,April,4.09,4.09
4/25/2025 12:45,April,3.73,3.73
4/25/2025 12:50,April,3.92,3.92
4/25/2025 12:55,April,3.48,3.48
4/25/2025 13:00,April,4.81,4.8
4/25/2025 13:05,April,4.8,4.8
4/25/2025 13:10,April,8.01,8.01
4/25/2025 13:15,April,8.73,8.72
4/25/2025 13:20,April,8.03,8.02
4/25/2025 13:25,April,8.03,8.02
4/25/2025 13:30,April,8.03,8.03
4/25/2025 13:35,April,8.03,8.02
4/25/2025 13:40,April,8.03,8.02
4/25/2025 13:45,April,8.02,8.02
4/25/2025 13:50,April,7.75,7.74
4/25/2025 13:55,April,8.03,8.02
4/25/2025 14:00,April,7.75,7.75
4/25/2025 14:05,April,7.76,7.75
4/25/2025 14:10,April,7.68,7.71
4/25/2025 14:15,April,4.7,4.72
4/25/2025 14:20,April,4.37,4.39
4/25/2025 14:25,April,5.04,5.07
4/25/2025 14:30,April,6.58,6.6
4/25/2025 14:35,April,6.58,6.59
4/25/2025 14:40,April,6.02,6.03
4/25/2025 14:45,April,6.59,6.6
4/25/2025 14:50,April,7.06,7.06
4/25/2025 14:55,April,6.59,6.61
4/25/2025 15:00,April,6.6,6.61
4/25/2025 15:05,April,6.9,6.91
4/25/2025 15:10,April,6.66,6.66
4/25/2025 15:15,April,5.13,5.15
4/25/2025 15:20,April,13.03,13.03
4/25/2025 15:25,April,7.03,7.04
4/25/2025 15:30,April,7.82,7.83
4/25/2025 15:35,April,7.83,7.84
4/25/2025 15:40,April,7.82,7.82
4/25/2025 15:45,April,7.36,7.37
4/25/2025 15:50,April,13.57,13.6
4/25/2025 15:55,April,13.12,13.12
4/25/2025 16:00,April,11.86,11.89
4/25/2025 16:05,April,14.08,14.11
4/25/2025 16:10,April,11.93,11.95
4/25/2025 16:15,April,11.27,11.28
4/25/2025 16:20,April,7.81,7.81
4/25/2025 16:25,April,8.38,8.38
4/25/2025 16:30,April,9.02,9
4/25/2025 16:35,April,7.84,7.82
4/25/2025 16:40,April,7.86,7.82
4/25/2025 16:45,April,7.01,6.99
4/25/2025 16:50,April,6.82,6.79
4/25/2025 16:55,April,5.27,5.25
4/25/2025 17:00,April,4.48,4.45
4/25/2025 17:05,April,3.94,3.92
4/25/2025 17:10,April,3.81,3.78
4/25/2025 17:15,April,3.94,3.91
4/25/2025 17:20,April,3.95,3.92
4/25/2025 17:25,April,4.49,4.45
4/25/2025 17:30,April,4.48,4.45
4/25/2025 17:35,April,4.5,4.45
4/25/2025 17:40,April,4.5,4.46
4/25/2025 17:45,April,4.5,4.46
4/25/2025 17:50,April,4.74,4.68
4/25/2025 17:55,April,4.7,4.64
4/25/2025 18:00,April,4.74,4.68
4/25/2025 18:05,April,4.75,4.69
4/25/2025 18:10,April,5.32,5.25
4/25/2025 18:15,April,5.96,5.88
4/25/2025 18:20,April,6.81,6.71
4/25/2025 18:25,April,8.3,8.18
4/25/2025 18:30,April,10.09,9.94
4/25/2025 18:35,April,10.83,10.67
4/25/2025 18:40,April,10.11,9.97
4/25/2025 18:45,April,10.1,9.95
4/25/2025 18:50,April,8.31,8.19
4/25/2025 18:55,April,5.99,5.9
4/25/2025 19:00,April,5.97,5.89
4/25/2025 19:05,April,7.51,7.4
4/25/2025 19:10,April,5.98,5.9
4/25/2025 19:15,April,5.98,5.89
4/25/2025 19:20,April,5.97,5.89
4/25/2025 19:25,April,5.99,5.9
4/25/2025 19:30,April,5.98,5.89
4/25/2025 19:35,April,5.97,5.88
4/25/2025 19:40,April,5.97,5.88
4/25/2025 19:45,April,5.97,5.88
4/25/2025 19:50,April,5.64,5.56
4/25/2025 19:55,April,5.64,5.56
4/25/2025 20:00,April,5.64,5.55
4/25/2025 20:05,April,28.08,27.64
4/25/2025 20:10,April,5.98,5.88
4/25/2025 20:15,April,5.27,5.19
4/25/2025 20:20,April,5.2,5.12
4/25/2025 20:25,April,5.22,5.13
4/25/2025 20:30,April,5.22,5.14
4/25/2025 20:35,April,8,7.87
4/25/2025 20:40,April,6,5.91
4/25/2025 20:45,April,6,5.9
4/25/2025 20:50,April,5.98,5.88
4/25/2025 20:55,April,5.22,5.14
4/25/2025 21:00,April,5.21,5.13
4/25/2025 21:05,April,12.34,12.14
4/25/2025 21:10,April,8.95,8.81
4/25/2025 21:15,April,8.38,8.25
4/25/2025 21:20,April,8.38,8.25
4/25/2025 21:25,April,8.66,8.51
4/25/2025 21:30,April,8.4,8.26
4/25/2025 21:35,April,8.39,8.25
4/25/2025 21:40,April,8.38,8.24
4/25/2025 21:45,April,5.98,5.88
4/25/2025 21:50,April,5.36,5.27
4/25/2025 21:55,April,5.2,5.12
4/25/2025 22:00,April,5.2,5.12
4/25/2025 22:05,April,8.36,8.23
4/25/2025 22:10,April,8.37,8.24
4/25/2025 22:15,April,8.36,8.23
4/25/2025 22:20,April,8.35,8.22
4/25/2025 22:25,April,8.35,8.22
4/25/2025 22:30,April,5.98,5.89
4/25/2025 22:35,April,5.36,5.28
4/25/2025 22:40,April,5.06,4.98
4/25/2025 22:45,April,4.96,4.88
4/25/2025 22:50,April,4.85,4.77
4/25/2025 22:55,April,4.9,4.83
4/25/2025 23:00,April,4.02,3.95
4/25/2025 23:05,April,8.35,8.22
4/25/2025 23:10,April,5.98,5.88
4/25/2025 23:15,April,6,5.9
4/25/2025 23:20,April,5.94,5.85
4/25/2025 23:25,April,5.1,5.03
4/25/2025 23:30,April,4.79,4.72
4/25/2025 23:35,April,4.79,4.72
4/25/2025 23:40,April,4.2,4.14
4/25/2025 23:45,April,3.97,3.91
4/25/2025 23:50,April,2.49,2.45
4/25/2025 23:55,April,3.44,3.39
4/26/2025 0:00,April,3.45,3.39
