Date and Time,Billing Month,BOTOLAN,OLONGAPO
4/26/2025 0:05,May,12.40472761,12.21978621
4/26/2025 0:10,May,5.975262176,5.886615544
4/26/2025 0:15,May,5.108323091,5.034007164
4/26/2025 0:20,May,4.976050233,4.90607765
4/26/2025 0:25,May,4.988835031,4.919636193
4/26/2025 0:30,May,5.078781177,5.008767792
4/26/2025 0:35,May,5.08042929,5.011339136
4/26/2025 0:40,May,5.191399136,5.121230941
4/26/2025 0:45,May,3.400353625,3.354855936
4/26/2025 0:50,May,3.636430139,3.587051939
4/26/2025 0:55,May,4.980277709,4.911608421
4/26/2025 1:00,May,4.964028842,4.895083997
4/26/2025 1:05,May,8.256559767,8.145772595
4/26/2025 1:10,May,6.356544123,6.274466281
4/26/2025 1:15,May,6.3326356,6.252823193
4/26/2025 1:20,May,5.916478883,5.843701062
4/26/2025 1:25,May,5.91051047,5.837747375
4/26/2025 1:30,May,5.08214943,5.01957149
4/26/2025 1:35,May,4.988705432,4.92676834
4/26/2025 1:40,May,5.075931972,5.01238032
4/26/2025 1:45,May,4.985631361,4.922725948
4/26/2025 1:50,May,3.554833235,3.50965835
4/26/2025 1:55,May,3.555066902,3.50957179
4/26/2025 2:00,May,3.550241262,3.503762776
4/26/2025 2:05,May,3.432079237,3.387219966
4/26/2025 2:10,May,3.540180069,3.494346746
4/26/2025 2:15,May,3.410619518,3.367169957
4/26/2025 2:20,May,3.540899467,3.495880523
4/26/2025 2:25,May,3.544524728,3.499127573
4/26/2025 2:30,May,3.565388746,3.519404428
4/26/2025 2:35,May,3.566440737,3.520461239
4/26/2025 2:40,May,3.564576028,3.518620571
4/26/2025 2:45,May,3.858084055,3.808744984
4/26/2025 2:50,May,4.560664132,4.503724158
4/26/2025 2:55,May,3.643609509,3.600987802
4/26/2025 3:00,May,3.55301618,3.50901598
4/26/2025 3:05,May,3.565545135,3.521398596
4/26/2025 3:10,May,3.621811422,3.576267686
4/26/2025 3:15,May,3.563552023,3.518754302
4/26/2025 3:20,May,3.56605741,3.521255013
4/26/2025 3:25,May,3.514547703,3.470059757
4/26/2025 3:30,May,3.635980808,3.590318136
4/26/2025 3:35,May,3.634823844,3.589909229
4/26/2025 3:40,May,3.634809901,3.589537757
4/26/2025 3:45,May,3.620080363,3.57464455
4/26/2025 3:50,May,3.53016268,3.486215829
4/26/2025 3:55,May,3.529379312,3.484756995
4/26/2025 4:00,May,3.529365952,3.484748246
4/26/2025 4:05,May,3.442821963,3.399966681
4/26/2025 4:10,May,3.441150953,3.39798669
4/26/2025 4:15,May,3.442431663,3.398904302
4/26/2025 4:20,May,3.508696546,3.463959704
4/26/2025 4:25,May,3.435634992,3.391812244
4/26/2025 4:30,May,3.427368664,3.384274317
4/26/2025 4:35,May,3.316996375,3.275898498
4/26/2025 4:40,May,3.419464875,3.377093171
4/26/2025 4:45,May,3.317364277,3.276585164
4/26/2025 4:50,May,3.419473172,3.377434671
4/26/2025 4:55,May,3.317005384,3.276234757
4/26/2025 5:00,May,3.175092856,3.136372212
4/26/2025 5:05,May,0,0
4/26/2025 5:10,May,3.071566906,3.034209598
4/26/2025 5:15,May,3.223323413,3.183803
4/26/2025 5:20,May,3.085203522,3.047065227
4/26/2025 5:25,May,3.076382578,3.038353324
4/26/2025 5:30,May,3.061777974,3.023616417
4/26/2025 5:35,May,2.991736691,2.954742739
4/26/2025 5:40,May,2.98989542,2.952920549
4/26/2025 5:45,May,2.988056047,2.951696299
4/26/2025 5:50,May,2.984152711,2.949591837
4/26/2025 5:55,May,2.762414727,2.731239968
4/26/2025 6:00,May,2.760478291,2.729319162
4/26/2025 6:05,May,-1.03E-05,-1.02E-05
4/26/2025 6:10,May,0,0
4/26/2025 6:15,May,1.566141272,1.550526703
4/26/2025 6:20,May,1.565824136,1.550987382
4/26/2025 6:25,May,0,0
4/26/2025 6:30,May,0,0
4/26/2025 6:35,May,1.566083743,1.553249557
4/26/2025 6:40,May,2.003428687,1.988195012
4/26/2025 6:45,May,2.141443269,2.126219231
4/26/2025 6:50,May,2.232101147,2.217107084
4/26/2025 6:55,May,2.138474311,2.124957316
4/26/2025 7:00,May,2.236486351,2.224122621
4/26/2025 7:05,May,-2.04E-05,-2.03E-05
4/26/2025 7:10,May,0,0
4/26/2025 7:15,May,0,0
4/26/2025 7:20,May,0,0
4/26/2025 7:25,May,0,0
4/26/2025 7:30,May,2.382024017,2.379129992
4/26/2025 7:35,May,2.919651256,2.917872608
4/26/2025 7:40,May,3.114325942,3.114642857
4/26/2025 7:45,May,3.134508349,3.137384045
4/26/2025 7:50,May,2.871024169,2.87541994
4/26/2025 7:55,May,2.909032295,2.915572786
4/26/2025 8:00,May,2.905170456,2.914685855
4/26/2025 8:05,May,0,0
4/26/2025 8:10,May,2.769118374,2.769400591
4/26/2025 8:15,May,2.902728337,2.903616746
4/26/2025 8:20,May,2.872748715,2.874215301
4/26/2025 8:25,May,2.870683606,2.873030853
4/26/2025 8:30,May,2.868336358,2.8703902
4/26/2025 8:35,May,2.72268161,2.725188684
4/26/2025 8:40,May,2.863683892,2.866615292
4/26/2025 8:45,May,2.779090838,2.781652737
4/26/2025 8:50,May,2.857660892,2.859417831
4/26/2025 8:55,May,2.749527997,2.750937433
4/26/2025 9:00,May,2.89802703,2.899512436
4/26/2025 9:05,May,0,0
4/26/2025 9:10,May,2.664726543,2.682664325
4/26/2025 9:15,May,2.364289999,2.380463625
4/26/2025 9:20,May,2.901541019,2.920802364
4/26/2025 9:25,May,2.873307086,2.892090768
4/26/2025 9:30,May,2.871824231,2.890600168
4/26/2025 9:35,May,2.917284385,2.935759711
4/26/2025 9:40,May,3.021866071,3.041329575
4/26/2025 9:45,May,2.888270018,2.908398382
4/26/2025 9:50,May,3.276416393,3.298906615
4/26/2025 9:55,May,3.097080739,3.11900241
4/26/2025 10:00,May,3.085492694,3.107653514
4/26/2025 10:05,May,2.823529412,2.844117647
4/26/2025 10:10,May,2.951190459,2.972402141
4/26/2025 10:15,May,3.037060321,3.058884646
4/26/2025 10:20,May,4.295774667,4.327555432
4/26/2025 10:25,May,3.365349509,3.389906422
4/26/2025 10:30,May,3.089940609,3.112165763
4/26/2025 10:35,May,3.115265139,3.135726118
4/26/2025 10:40,May,2.749385992,2.766564286
4/26/2025 10:45,May,2.982593497,3.001221124
4/26/2025 10:50,May,2.964439663,2.983282095
4/26/2025 10:55,May,3.097329583,3.117018736
4/26/2025 11:00,May,3.099903306,3.11929386
4/26/2025 11:05,May,3.068723995,3.087283535
4/26/2025 11:10,May,3.115588912,3.135075552
4/26/2025 11:15,May,3.116886852,3.135072481
4/26/2025 11:20,May,3.144634412,3.162987672
4/26/2025 11:25,May,3.117873991,3.136397945
4/26/2025 11:30,May,3.117548394,3.136397326
4/26/2025 11:35,May,2.882789191,2.900814134
4/26/2025 11:40,May,2.884588562,2.90322402
4/26/2025 11:45,May,2.884291926,2.903216149
4/26/2025 11:50,May,2.951420419,2.970781049
4/26/2025 11:55,May,2.940216596,2.960105667
4/26/2025 12:00,May,2.88669419,2.905922794
4/26/2025 12:05,May,2.105414383,2.119647553
4/26/2025 12:10,May,2.657042254,2.674748491
4/26/2025 12:15,May,2.183273181,2.197816216
4/26/2025 12:20,May,2.690883744,2.709667783
4/26/2025 12:25,May,2.822958771,2.841484438
4/26/2025 12:30,May,2.719206463,2.737325069
4/26/2025 12:35,May,2.736653623,2.754316805
4/26/2025 12:40,May,3.360255781,3.37946922
4/26/2025 12:45,May,2.822691425,2.84091751
4/26/2025 12:50,May,2.824411765,2.842058824
4/26/2025 12:55,May,2.890901073,2.908664368
4/26/2025 13:00,May,2.892106148,2.90957747
4/26/2025 13:05,May,2.986978667,3.005040047
4/26/2025 13:10,May,2.894218905,2.911408701
4/26/2025 13:15,May,3.997129104,4.02211897
4/26/2025 13:20,May,3.030570535,3.048241501
4/26/2025 13:25,May,3.047541423,3.064042064
4/26/2025 13:30,May,3.05810683,3.074977826
4/26/2025 13:35,May,3.116668411,3.133203321
4/26/2025 13:40,May,2.377838047,2.389952215
4/26/2025 13:45,May,2.895113272,2.909856625
4/26/2025 13:50,May,2.778576517,2.792129142
4/26/2025 13:55,May,2.897812976,2.911637846
4/26/2025 14:00,May,2.899317492,2.912844634
4/26/2025 14:05,May,2.900816258,2.914638254
4/26/2025 14:10,May,2.901116736,2.914938732
4/26/2025 14:15,May,2.901115643,2.915236649
4/26/2025 14:20,May,3.136523053,3.151786729
4/26/2025 14:25,May,2.903220083,2.917342557
4/26/2025 14:30,May,3.011382235,3.025720666
4/26/2025 14:35,May,3.31079613,3.327569188
4/26/2025 14:40,May,3.042425217,3.05627302
4/26/2025 14:45,May,3.873522618,3.890745395
4/26/2025 14:50,May,3.309763228,3.325504451
4/26/2025 14:55,May,3.312505388,3.327565342
4/26/2025 15:00,May,3.128324781,3.141563976
4/26/2025 15:05,May,3.473558431,3.488612549
4/26/2025 15:10,May,3.360596541,3.375143078
4/26/2025 15:15,May,3.440051968,3.454927103
4/26/2025 15:20,May,3.443231914,3.45774986
4/26/2025 15:25,May,3.444302007,3.459531311
4/26/2025 15:30,May,3.362090279,3.375214001
4/26/2025 15:35,May,3.332296427,3.343574969
4/26/2025 15:40,May,3.186018784,3.195807863
4/26/2025 15:45,May,3.455215785,3.465472849
4/26/2025 15:50,May,3.37903624,3.38836773
4/26/2025 15:55,May,3.370112726,3.379412915
4/26/2025 16:00,May,3.366055142,3.374303592
4/26/2025 16:05,May,3.466167897,3.47217941
4/26/2025 16:10,May,3.466843951,3.471438606
4/26/2025 16:15,May,3.375663526,3.378758572
4/26/2025 16:20,May,3.473566147,3.473566147
4/26/2025 16:25,May,3.476047637,3.474633604
4/26/2025 16:30,May,3.479921046,3.474972956
4/26/2025 16:35,May,3.385656875,3.378445313
4/26/2025 16:40,May,3.389784007,3.378801615
4/26/2025 16:45,May,3.367774604,3.356190958
4/26/2025 16:50,May,3.255678302,3.239904349
4/26/2025 16:55,May,3.246377535,3.22773523
4/26/2025 17:00,May,3.195443384,3.175184459
4/26/2025 17:05,May,2.972906378,2.95225496
4/26/2025 17:10,May,3.124386921,3.101441222
4/26/2025 17:15,May,3.128138992,3.102359354
4/26/2025 17:20,May,3.519165562,3.488770037
4/26/2025 17:25,May,3.518682782,3.486906598
4/26/2025 17:30,May,3.514876513,3.479999018
4/26/2025 17:35,May,3.523009369,3.486322379
4/26/2025 17:40,May,3.817914363,3.775518556
4/26/2025 17:45,May,4.697776386,4.643751957
4/26/2025 17:50,May,5.562219641,5.495493023
4/26/2025 17:55,May,5.995894971,5.922182319
4/26/2025 18:00,May,6.003687895,5.925133849
4/26/2025 18:05,May,6.016917176,5.936988092
4/26/2025 18:10,May,6.00970264,5.932200727
4/26/2025 18:15,May,4.233436097,4.178022415
4/26/2025 18:20,May,6.018113701,5.932200727
4/26/2025 18:25,May,6.219568919,6.126508038
4/26/2025 18:30,May,7.917007103,7.796215112
4/26/2025 18:35,May,8.268616747,8.136780307
4/26/2025 18:40,May,6.039200093,5.942929095
4/26/2025 18:45,May,8.271004942,8.13509061
4/26/2025 18:50,May,5.135876732,5.051983925
4/26/2025 18:55,May,6.017471142,5.919177788
4/26/2025 19:00,May,3.847401076,3.784203348
4/26/2025 19:05,May,4.167676931,4.100041393
4/26/2025 19:10,May,4.330425221,4.259731439
4/26/2025 19:15,May,4.170178734,4.102114511
4/26/2025 19:20,May,4.168927706,4.102530291
4/26/2025 19:25,May,4.00407455,3.940321746
4/26/2025 19:30,May,3.998895943,3.935212918
4/26/2025 19:35,May,4.335919143,4.266005845
4/26/2025 19:40,May,4.565509273,4.492355711
4/26/2025 19:45,May,4.575642743,4.500990395
4/26/2025 19:50,May,4.254243394,4.183600195
4/26/2025 19:55,May,4.356368792,4.283603833
4/26/2025 20:00,May,3.572033994,3.51176146
4/26/2025 20:05,May,4.005665038,3.942348532
4/26/2025 20:10,May,4.730046948,4.649765258
4/26/2025 20:15,May,4.848310071,4.765539914
4/26/2025 20:20,May,5.862024644,5.760223085
4/26/2025 20:25,May,6.0210004,5.915253519
4/26/2025 20:30,May,4.808618104,4.725579244
4/26/2025 20:35,May,4.565758067,4.486944387
4/26/2025 20:40,May,4.381791177,4.304917647
4/26/2025 20:45,May,4.562047128,4.482892037
4/26/2025 20:50,May,4.560665825,4.481090413
4/26/2025 20:55,May,4.015612737,3.945163391
4/26/2025 21:00,May,4.015605018,3.944792883
4/26/2025 21:05,May,4.553543994,4.472367613
4/26/2025 21:10,May,4.374971635,4.296978678
4/26/2025 21:15,May,4.379693588,4.301198238
4/26/2025 21:20,May,6.055812825,5.944966345
4/26/2025 21:25,May,4.193886026,4.119136102
4/26/2025 21:30,May,3.648490509,3.58382274
4/26/2025 21:35,May,3.649316814,3.589943009
4/26/2025 21:40,May,3.654434504,3.593195096
4/26/2025 21:45,May,3.645614037,3.584540606
4/26/2025 21:50,May,3.645545579,3.581677266
4/26/2025 21:55,May,3.642243099,3.57809753
4/26/2025 22:00,May,3.642238879,3.577739398
4/26/2025 22:05,May,8.332300062,8.185988841
4/26/2025 22:10,May,4.002074565,3.932614777
4/26/2025 22:15,May,3.645980026,3.583093376
4/26/2025 22:20,May,3.665334302,3.601744186
4/26/2025 22:25,May,3.473255551,3.412345392
4/26/2025 22:30,May,3.577080295,3.513342971
4/26/2025 22:35,May,3.543883564,3.480456003
4/26/2025 22:40,May,3.876107285,3.805256594
4/26/2025 22:45,May,3.484309605,3.421309046
4/26/2025 22:50,May,3.459112081,3.396219134
4/26/2025 22:55,May,3.476687067,3.415094927
4/26/2025 23:00,May,3.456138967,3.394574888
4/26/2025 23:05,May,8.330749517,8.185219798
4/26/2025 23:10,May,3.541898225,3.480752249
4/26/2025 23:15,May,3.542253873,3.481453206
4/26/2025 23:20,May,3.537285022,3.476563618
4/26/2025 23:25,May,3.453741923,3.39410601
4/26/2025 23:30,May,3.451292566,3.392017909
4/26/2025 23:35,May,3.461088942,3.401302436
4/26/2025 23:40,May,3.465272078,3.405786856
4/26/2025 23:45,May,3.453090301,3.393441963
4/26/2025 23:50,May,3.459690558,3.40026577
4/26/2025 23:55,May,3.451066896,3.392434761
4/27/2025 0:00,May,3.306483133,3.250307413
4/27/2025 0:05,May,7.672922493,7.540736117
4/27/2025 0:10,May,4.722245475,4.642670294
4/27/2025 0:15,May,4.719041139,4.640374751
4/27/2025 0:20,May,3.938250493,3.874108324
4/27/2025 0:25,May,3.94426907,3.880747282
4/27/2025 0:30,May,4.329830349,4.260903334
4/27/2025 0:35,May,3.94758402,3.886620528
4/27/2025 0:40,May,4.256360627,4.191818504
4/27/2025 0:45,May,4.253301844,4.189136574
4/27/2025 0:50,May,4.246234725,4.182985657
4/27/2025 0:55,May,4.2440845,4.180854733
4/27/2025 1:00,May,4.297499735,4.234715104
4/27/2025 1:05,May,4.702800885,4.635042645
4/27/2025 1:10,May,4.296975657,4.235948908
4/27/2025 1:15,May,4.257562455,4.197506159
4/27/2025 1:20,May,4.257127655,4.197506422
4/27/2025 1:25,May,4.255818097,4.196221209
4/27/2025 1:30,May,4.254520719,4.195364662
4/27/2025 1:35,May,4.244106892,4.184264515
4/27/2025 1:40,May,4.243661705,4.183416407
4/27/2025 1:45,May,4.240625432,4.180020681
4/27/2025 1:50,May,3.94173057,3.885006461
4/27/2025 1:55,May,3.940123517,3.88303177
4/27/2025 2:00,May,3.624322917,3.571458333
4/27/2025 2:05,May,4.277947018,4.220631922
4/27/2025 2:10,May,4.276223256,4.221062863
4/27/2025 2:15,May,4.768047337,4.707960038
4/27/2025 2:20,May,4.24495265,4.190250753
4/27/2025 2:25,May,3.897122793,3.846536272
4/27/2025 2:30,May,3.898691367,3.846536272
4/27/2025 2:35,May,3.939690806,3.886216218
4/27/2025 2:40,May,3.652065853,3.601771017
4/27/2025 2:45,May,3.898560803,3.844495745
4/27/2025 2:50,May,3.89854631,3.844486886
4/27/2025 2:55,May,3.8197346,3.766000392
4/27/2025 3:00,May,3.668891778,3.617658509
4/27/2025 3:05,May,3.831638291,3.778527997
4/27/2025 3:10,May,3.819251753,3.766323782
4/27/2025 3:15,May,3.402898208,3.356428266
4/27/2025 3:20,May,3.442968596,3.396306538
4/27/2025 3:25,May,3.442974227,3.396662388
4/27/2025 3:30,May,3.406669762,3.361885644
4/27/2025 3:35,May,3.444691358,3.399753086
4/27/2025 3:40,May,3.444367657,3.399792675
4/27/2025 3:45,May,3.407692657,3.363938553
4/27/2025 3:50,May,3.445760537,3.401885303
4/27/2025 3:55,May,3.510494722,3.465804181
4/27/2025 4:00,May,3.409398934,3.366332842
4/27/2025 4:05,May,3.525842888,3.482026039
4/27/2025 4:10,May,3.628406573,3.583328683
4/27/2025 4:15,May,3.615169702,3.570260762
4/27/2025 4:20,May,3.526524766,3.482717005
4/27/2025 4:25,May,3.521775985,3.478741463
4/27/2025 4:30,May,3.510766367,3.467866377
4/27/2025 4:35,May,3.411101825,3.369753066
4/27/2025 4:40,May,3.409717527,3.368393827
4/27/2025 4:45,May,3.404580482,3.363281811
4/27/2025 4:50,May,3.40698276,3.365663234
4/27/2025 4:55,May,3.403547455,3.362265454
4/27/2025 5:00,May,3.402867312,3.36055752
4/27/2025 5:05,May,3.401151119,3.359203702
4/27/2025 5:10,May,3.40491697,3.362602909
4/27/2025 5:15,May,3.217419355,3.178064516
4/27/2025 5:20,May,3.31028348,3.26947722
4/27/2025 5:25,May,3.274574352,3.234536462
4/27/2025 5:30,May,3.219997003,3.181275724
4/27/2025 5:35,May,3.214106729,3.175153712
4/27/2025 5:40,May,3.073505776,3.036865104
4/27/2025 5:45,May,3.200336483,3.161851627
4/27/2025 5:50,May,3.171798937,3.136178614
4/27/2025 5:55,May,2.246809808,2.221810221
4/27/2025 6:00,May,2.41887596,2.392681374
4/27/2025 6:05,May,2.156261611,2.13375095
4/27/2025 6:10,May,2.256821632,2.233920096
4/27/2025 6:15,May,2.742827766,2.715518106
4/27/2025 6:20,May,2.907072729,2.878970929
4/27/2025 6:25,May,2.905021377,2.877491181
4/27/2025 6:30,May,3.199533717,3.170144642
4/27/2025 6:35,May,2.956023874,2.930332307
4/27/2025 6:40,May,2.899147263,2.875095253
4/27/2025 6:45,May,2.896214091,2.873335349
4/27/2025 6:50,May,1.563872795,1.552619631
4/27/2025 6:55,May,1.564316971,1.554161129
4/27/2025 7:00,May,-1.01E-05,-1.01E-05
4/27/2025 7:05,May,-1.01E-05,-0.000010087
4/27/2025 7:10,May,0,0
4/27/2025 7:15,May,0,0
4/27/2025 7:20,May,0,0
4/27/2025 7:25,May,0,0
4/27/2025 7:30,May,0,0
4/27/2025 7:35,May,0.000981796,0.000981495
4/27/2025 7:40,May,0,0
4/27/2025 7:45,May,0.000978388,0.000979996
4/27/2025 7:50,May,0,0
4/27/2025 7:55,May,0,0
4/27/2025 8:00,May,2.108973595,2.117238109
4/27/2025 8:05,May,-9.98E-06,-1.00E-05
4/27/2025 8:10,May,0,0
4/27/2025 8:15,May,0.000976442,0.000978254
4/27/2025 8:20,May,4.06E-07,4.07E-07
4/27/2025 8:25,May,2.421711441,2.42671446
4/27/2025 8:30,May,2.368431033,2.373572345
4/27/2025 8:35,May,1.921727848,1.926498376
4/27/2025 8:40,May,2.293052874,2.298510264
4/27/2025 8:45,May,2.111277044,2.116303894
4/27/2025 8:50,May,2.675639742,2.681459965
4/27/2025 8:55,May,2.403492482,2.408474846
4/27/2025 9:00,May,2.826756883,2.832032871
4/27/2025 9:05,May,2.26833247,2.28109184
4/27/2025 9:10,May,2.105229318,2.117293041
4/27/2025 9:15,May,2.659934808,2.675468894
4/27/2025 9:20,May,2.105698409,2.118219253
4/27/2025 9:25,May,2.105920272,2.118003061
4/27/2025 9:30,May,2.265013934,2.277774576
4/27/2025 9:35,May,2.104815589,2.116674942
4/27/2025 9:40,May,2.105913677,2.117333795
4/27/2025 9:45,May,2.384444974,2.397133485
4/27/2025 9:50,May,2.361465496,2.373791759
4/27/2025 9:55,May,2.961676052,2.976829245
4/27/2025 10:00,May,2.873497633,2.887899626
4/27/2025 10:05,May,2.360737761,2.373811857
4/27/2025 10:10,May,2.6553691,2.670077979
4/27/2025 10:15,May,2.638554519,2.653450697
4/27/2025 10:20,May,2.651863342,2.666837787
4/27/2025 10:25,May,2.801266996,2.817093363
4/27/2025 10:30,May,2.652038755,2.667028298
4/27/2025 10:35,May,2.68946021,2.704653311
4/27/2025 10:40,May,2.689708796,2.704625043
4/27/2025 10:45,May,2.802092132,2.817926474
4/27/2025 10:50,May,2.80240681,2.818237961
4/27/2025 10:55,May,2.867496803,2.883699045
4/27/2025 11:00,May,2.802678356,2.818805925
4/27/2025 11:05,May,2.360277144,2.374116063
4/27/2025 11:10,May,2.666045822,2.681677543
4/27/2025 11:15,May,2.863904618,2.880401764
4/27/2025 11:20,May,2.796341856,2.812746124
4/27/2025 11:25,May,2.700791682,2.716916655
4/27/2025 11:30,May,2.631969515,2.647688528
4/27/2025 11:35,May,2.794314614,2.811008454
4/27/2025 11:40,May,2.793705456,2.810695591
4/27/2025 11:45,May,2.592605081,2.608378824
4/27/2025 11:50,May,2.790800121,2.807786836
4/27/2025 11:55,May,2.105820952,2.118637071
4/27/2025 12:00,May,2.361565003,2.375688307
4/27/2025 12:05,May,2.103591626,2.116394177
4/27/2025 12:10,May,2.161037891,2.173745874
4/27/2025 12:15,May,2.159679053,2.172612622
4/27/2025 12:20,May,2.15854453,2.171705003
4/27/2025 12:25,May,2.592154382,2.607690954
4/27/2025 12:30,May,2.258783901,2.272083438
4/27/2025 12:35,May,2.366637285,2.380330221
4/27/2025 12:40,May,2.859941666,2.874669689
4/27/2025 12:45,May,2.368399675,2.381604512
4/27/2025 12:50,May,2.368906561,2.381866386
4/27/2025 12:55,May,2.624305702,2.638659746
4/27/2025 13:00,May,2.822519063,2.837360366
4/27/2025 13:05,May,2.786344779,2.800995872
4/27/2025 13:10,May,2.851248826,2.865942893
4/27/2025 13:15,May,2.860511523,2.875254877
4/27/2025 13:20,May,2.374482924,2.386980203
4/27/2025 13:25,May,2.861977215,2.876439254
4/27/2025 13:30,May,2.787918906,2.802298698
4/27/2025 13:35,May,2.862281459,2.877043252
4/27/2025 13:40,May,2.790817109,2.805201251
4/27/2025 13:45,May,2.792003228,2.805505346
4/27/2025 13:50,May,2.973364761,2.988048815
4/27/2025 13:55,May,3.086264048,3.101502457
4/27/2025 14:00,May,2.994701987,3.009486755
4/27/2025 14:05,May,2.794374748,2.809048003
4/27/2025 14:10,May,2.869165786,2.880939509
4/27/2025 14:15,May,2.867047634,2.877012097
4/27/2025 14:20,May,2.786757084,2.79614702
4/27/2025 14:25,May,3.088486103,3.099538469
4/27/2025 14:30,May,3.003167058,3.013592527
4/27/2025 14:35,May,3.042606974,3.053489431
4/27/2025 14:40,May,3.020957018,3.031758631
4/27/2025 14:45,May,2.177536884,2.186228733
4/27/2025 14:50,May,2.880617811,2.892717434
4/27/2025 14:55,May,3.145970428,3.15884616
4/27/2025 15:00,May,3.013191781,3.02583366
4/27/2025 15:05,May,3.296466828,3.308890697
4/27/2025 15:10,May,7.964237447,7.997504938
4/27/2025 15:15,May,5.346802126,5.370811367
4/27/2025 15:20,May,4.839872823,4.861100336
4/27/2025 15:25,May,3.457845124,3.471923416
4/27/2025 15:30,May,3.716461755,3.73159456
4/27/2025 15:35,May,4.324687623,4.340932276
4/27/2025 15:40,May,3.454699255,3.466944853
4/27/2025 15:45,May,3.554219108,3.565684331
4/27/2025 15:50,May,3.463888164,3.47396493
4/27/2025 15:55,May,3.557617518,3.566110014
4/27/2025 16:00,May,3.730679303,3.739577532
4/27/2025 16:05,May,5.428885776,5.437882376
4/27/2025 16:10,May,3.570165507,3.576074543
4/27/2025 16:15,May,3.738745727,3.74338341
4/27/2025 16:20,May,4.88500616,4.889548943
4/27/2025 16:25,May,5.447455572,5.448017803
4/27/2025 16:30,May,5.935026087,5.935026087
4/27/2025 16:35,May,4.904556538,4.901018261
4/27/2025 16:40,May,5.457615586,5.451994972
4/27/2025 16:45,May,5.466034071,5.454791714
4/27/2025 16:50,May,5.960617889,5.943487919
4/27/2025 16:55,May,5.486228692,5.465421962
4/27/2025 17:00,May,4.926922874,4.904720436
4/27/2025 17:05,May,4.935966863,4.91122644
4/27/2025 17:10,May,4.943511895,4.915728005
4/27/2025 17:15,May,4.733403625,4.70442656
4/27/2025 17:20,May,4.943156287,4.909399129
4/27/2025 17:25,May,4.931194805,4.89405778
4/27/2025 17:30,May,4.946282333,4.906555178
4/27/2025 17:35,May,4.949832788,4.908119302
4/27/2025 17:40,May,4.939661423,4.895069693
4/27/2025 17:45,May,4.851807244,4.805618275
4/27/2025 17:50,May,4.939564529,4.889084309
4/27/2025 17:55,May,7.397566869,7.320547827
4/27/2025 18:00,May,6.077826749,6.012770742
4/27/2025 18:05,May,4.91952418,4.864432656
4/27/2025 18:10,May,4.463751013,4.413798764
4/27/2025 18:15,May,4.868649935,4.813714534
4/27/2025 18:20,May,4.970566766,4.909078311
4/27/2025 18:25,May,4.971522847,4.910072007
4/27/2025 18:30,May,4.881158835,4.819427829
4/27/2025 18:35,May,4.778445634,4.71710979
4/27/2025 18:40,May,4.834646671,4.771657689
4/27/2025 18:45,May,4.931357801,4.866627553
4/27/2025 18:50,May,4.954690821,4.889654298
4/27/2025 18:55,May,4.763053057,4.699602931
4/27/2025 19:00,May,4.750981676,4.687711368
4/27/2025 19:05,May,4.444271444,4.383336177
4/27/2025 19:10,May,4.749499505,4.684873999
4/27/2025 19:15,May,8.24365063,8.130497625
4/27/2025 19:20,May,4.743234806,4.676842797
4/27/2025 19:25,May,7.428686624,7.324685012
4/27/2025 19:30,May,4.777388657,4.705806567
4/27/2025 19:35,May,3.574127963,3.521320642
4/27/2025 19:40,May,4.738793099,4.666964564
4/27/2025 19:45,May,4.717150616,4.645237101
4/27/2025 19:50,May,4.717597911,4.645691906
4/27/2025 19:55,May,5.535469774,5.448340443
4/27/2025 20:00,May,8.281208123,8.149262963
4/27/2025 20:05,May,8.292139468,8.158448525
4/27/2025 20:10,May,8.299752271,8.16597853
4/27/2025 20:15,May,8.30388109,8.169281586
4/27/2025 20:20,May,8.292813692,8.160016497
4/27/2025 20:25,May,8.292904527,8.161716404
4/27/2025 20:30,May,8.290399093,8.1600495
4/27/2025 20:35,May,8.015238666,7.888468254
4/27/2025 20:40,May,8.285272596,8.155828094
4/27/2025 20:45,May,7.996112626,7.870427609
4/27/2025 20:50,May,6.81651144,6.70997164
4/27/2025 20:55,May,6.824023891,6.71609394
4/27/2025 21:00,May,7.691382561,7.566095837
4/27/2025 21:05,May,8.304204452,8.168178071
4/27/2025 21:10,May,8.306835756,8.174038561
4/27/2025 21:15,May,6.822555576,6.714702491
4/27/2025 21:20,May,6.824638587,6.71810963
4/27/2025 21:25,May,7.490127042,7.371814882
4/27/2025 21:30,May,5.171682938,5.090907548
4/27/2025 21:35,May,5.164929257,5.084717314
4/27/2025 21:40,May,5.1698658,5.1698658
4/27/2025 21:45,May,6.82326565,6.717425992
4/27/2025 21:50,May,4.986481897,4.91150094
4/27/2025 21:55,May,6.791840935,6.690925069
4/27/2025 22:00,May,4.211321046,4.147907656
4/27/2025 22:05,May,4.985069723,4.909523303
4/27/2025 22:10,May,5.142664597,5.0656786
4/27/2025 22:15,May,5.134413978,5.05849298
4/27/2025 22:20,May,5.134950376,5.059519408
4/27/2025 22:25,May,5.13859958,5.064142006
4/27/2025 22:30,May,5.129840889,5.057466708
4/27/2025 22:35,May,5.121589485,5.050285304
4/27/2025 22:40,May,5.119024586,5.048233385
4/27/2025 22:45,May,5.122641676,5.051308557
4/27/2025 22:50,May,5.127330731,5.056438873
4/27/2025 22:55,May,5.129935818,5.05900794
4/27/2025 23:00,May,4.977914485,4.908063024
4/27/2025 23:05,May,4.197707951,4.137987029
4/27/2025 23:10,May,3.836798227,3.781849589
4/27/2025 23:15,May,3.425287014,3.376569991
4/27/2025 23:20,May,3.834445444,3.779129861
4/27/2025 23:25,May,3.938923643,3.882072385
4/27/2025 23:30,May,3.944884721,3.887197104
4/27/2025 23:35,May,3.945299562,3.886402694
4/27/2025 23:40,May,3.84056789,3.783200008
4/27/2025 23:45,May,3.840969371,3.783210433
4/27/2025 23:50,May,3.840101016,3.781993464
4/27/2025 23:55,May,3.843246325,3.784344523
4/28/2025 0:00,May,3.55337915,3.498930776
4/28/2025 0:05,May,3.427317299,3.37485836
4/28/2025 0:10,May,3.552733557,3.497682702
4/28/2025 0:15,May,3.840164376,3.781403985
4/28/2025 0:20,May,4.234392303,4.16830935
4/28/2025 0:25,May,3.931164173,3.869782768
4/28/2025 0:30,May,3.554106285,3.498584497
4/28/2025 0:35,May,3.842817605,3.782388682
4/28/2025 0:40,May,3.844458128,3.783991296
4/28/2025 0:45,May,3.843721362,3.782856662
4/28/2025 0:50,May,3.841008349,3.780150014
4/28/2025 0:55,May,3.551379883,3.494030619
4/28/2025 1:00,May,3.432857846,3.377766847
4/28/2025 1:05,May,3.409752342,3.354701186
4/28/2025 1:10,May,3.822309414,3.761753424
4/28/2025 1:15,May,3.549835378,3.49431359
4/28/2025 1:20,May,3.409059973,3.356418317
4/28/2025 1:25,May,3.408026298,3.355742329
4/28/2025 1:30,May,3.403567923,3.351662403
4/28/2025 1:35,May,3.399798334,3.347929484
4/28/2025 1:40,May,3.399580889,3.348082422
4/28/2025 1:45,May,3.344439463,3.29475295
4/28/2025 1:50,May,3.359949089,3.309694882
4/28/2025 1:55,May,3.225468543,3.177892396
4/28/2025 2:00,May,4.71282186,4.640935365
4/28/2025 2:05,May,3.203303127,3.156664011
4/28/2025 2:10,May,5.61901858,5.536701029
4/28/2025 2:15,May,3.445752988,3.394663883
4/28/2025 2:20,May,3.413490622,3.363603772
4/28/2025 2:25,May,0,0
4/28/2025 2:30,May,2.930261352,2.889738648
4/28/2025 2:35,May,3.183804697,3.139788964
4/28/2025 2:40,May,3.19068382,3.146572984
4/28/2025 2:45,May,3.197962706,3.154071613
4/28/2025 2:50,May,3.179357065,3.135721329
4/28/2025 2:55,May,3.167805285,3.125284409
4/28/2025 3:00,May,3.183733347,3.141020064
4/28/2025 3:05,May,6.124187826,6.038483478
4/28/2025 3:10,May,2.434549147,2.402153446
4/28/2025 3:15,May,3.225433448,3.182518017
4/28/2025 3:20,May,3.224751317,3.181849254
4/28/2025 3:25,May,3.225743755,3.18315542
4/28/2025 3:30,May,2.935541768,2.897082325
4/28/2025 3:35,May,3.183933053,3.142856209
4/28/2025 3:40,May,3.18360277,3.142848579
4/28/2025 3:45,May,3.211531281,3.170098384
4/28/2025 3:50,May,3.208819672,3.167742673
4/28/2025 3:55,May,3.181975744,3.141552525
4/28/2025 4:00,May,2.933773071,2.896792738
4/28/2025 4:05,May,3.179042823,3.138962836
4/28/2025 4:10,May,3.180043017,3.138991726
4/28/2025 4:15,May,2.930236847,2.892402741
4/28/2025 4:20,May,2.92994356,2.892402741
4/28/2025 4:25,May,2.929948188,2.89268941
4/28/2025 4:30,May,3.085364537,3.045808581
4/28/2025 4:35,May,3.309724484,3.266947762
4/28/2025 4:40,May,3.170297248,3.129326666
4/28/2025 4:45,May,3.170318154,3.129339091
4/28/2025 4:50,May,2.43141055,2.400223002
4/28/2025 4:55,May,3.166098463,3.125157535
4/28/2025 5:00,May,3.1651462,3.124205274
4/28/2025 5:05,May,0,0
4/28/2025 5:10,May,2.926990738,2.889788194
4/28/2025 5:15,May,3.143695518,3.103415936
4/28/2025 5:20,May,2.926700564,2.889197543
4/28/2025 5:25,May,2.430578212,2.399426313
4/28/2025 5:30,May,2.430858526,2.399693673
4/28/2025 5:35,May,3.116440336,3.076165761
4/28/2025 5:40,May,2.429452229,2.399973316
4/28/2025 5:45,May,2.306641169,2.278886538
4/28/2025 5:50,May,2.427414347,2.398452816
4/28/2025 5:55,May,2.426945255,2.397977704
4/28/2025 6:00,May,2.302866071,2.275841464
4/28/2025 6:05,May,-1.03E-05,-1.02E-05
4/28/2025 6:10,May,0,0
4/28/2025 6:15,May,2.15520646,2.132756393
4/28/2025 6:20,May,0,0
4/28/2025 6:25,May,2.151300295,2.131230987
4/28/2025 6:30,May,2.292093351,2.271833788
4/28/2025 6:35,May,2.149660835,2.131293207
4/28/2025 6:40,May,2.24177194,2.223720429
4/28/2025 6:45,May,2.406512977,2.388077841
4/28/2025 6:50,May,2.284303805,2.267941257
4/28/2025 6:55,May,2.143268648,2.129417371
4/28/2025 7:00,May,2.142456571,2.129675486
4/28/2025 7:05,May,0,0
4/28/2025 7:10,May,0,0
4/28/2025 7:15,May,2.134992612,2.126128339
4/28/2025 7:20,May,2.88307994,2.873131222
4/28/2025 7:25,May,2.391338554,2.384531857
4/28/2025 7:30,May,2.892859889,2.885202925
4/28/2025 7:35,May,2.86816107,2.862894631
4/28/2025 7:40,May,2.885514066,2.882271252
4/28/2025 7:45,May,2.882578332,2.88169311
4/28/2025 7:50,May,3.326123219,3.326805291
4/28/2025 7:55,May,3.152887299,3.155155097
4/28/2025 8:00,May,3.31115288,3.316606704
4/28/2025 8:05,May,0,0
4/28/2025 8:10,May,2.395461206,2.385694776
4/28/2025 8:15,May,2.393465295,2.384926789
4/28/2025 8:20,May,2.392505252,2.385428278
4/28/2025 8:25,May,2.868717175,2.860519167
4/28/2025 8:30,May,3.083146939,3.074335251
4/28/2025 8:35,May,3.083159729,3.075284883
4/28/2025 8:40,May,3.147511601,3.138826592
4/28/2025 8:45,May,3.098518882,3.089647867
4/28/2025 8:50,May,3.083806093,3.074976297
4/28/2025 8:55,May,3.068955195,3.05953737
4/28/2025 9:00,May,3.122664342,3.11276025
4/28/2025 9:05,May,2.115757338,2.124686422
4/28/2025 9:10,May,2.754968554,2.766048658
4/28/2025 9:15,May,2.841098685,2.852826646
4/28/2025 9:20,May,2.979059449,2.991053185
4/28/2025 9:25,May,3.058875247,3.07119541
4/28/2025 9:30,May,3.103209773,3.115066315
4/28/2025 9:35,May,3.101883858,3.114059417
4/28/2025 9:40,May,3.103161857,3.115349987
4/28/2025 9:45,May,3.142324277,3.154022692
4/28/2025 9:50,May,4.198429187,4.214951589
4/28/2025 9:55,May,3.739650593,3.753595841
4/28/2025 10:00,May,3.68347,3.696828352
4/28/2025 10:05,May,2.836003188,2.846867975
4/28/2025 10:10,May,3.105404118,3.116977053
4/28/2025 10:15,May,3.107011703,3.119236434
4/28/2025 10:20,May,3.142060928,3.154427403
4/28/2025 10:25,May,3.384538253,3.398225208
4/28/2025 10:30,May,3.317974158,3.330358509
4/28/2025 10:35,May,3.368950705,3.381874622
4/28/2025 10:40,May,3.345614888,3.357756792
4/28/2025 10:45,May,3.14737212,3.158135154
4/28/2025 10:50,May,3.157355549,3.16848337
4/28/2025 10:55,May,3.328171532,3.339214822
4/28/2025 11:00,May,3.251677875,3.262806829
4/28/2025 11:05,May,3.132812828,3.14385873
4/28/2025 11:10,May,3.366155367,3.378384497
4/28/2025 11:15,May,3.363712438,3.376284453
4/28/2025 11:20,May,3.351050415,3.363568607
4/28/2025 11:25,May,3.229806743,3.241525926
4/28/2025 11:30,May,3.25095514,3.263084313
4/28/2025 11:35,May,3.343920441,3.355707015
4/28/2025 11:40,May,3.254078397,3.265553056
4/28/2025 11:45,May,3.253397794,3.265208698
4/28/2025 11:50,May,3.252341342,3.264479461
4/28/2025 11:55,May,3.250912325,3.264377841
4/28/2025 12:00,May,3.250233773,3.264034476
4/28/2025 12:05,May,3.147679068,3.161371717
4/28/2025 12:10,May,3.066758137,3.080102919
4/28/2025 12:15,May,3.211617968,3.225595995
4/28/2025 12:20,May,3.044581666,3.058456507
4/28/2025 12:25,May,3.355616347,3.371942844
4/28/2025 12:30,May,4.186306524,4.207977021
4/28/2025 12:35,May,3.453583944,3.471824705
4/28/2025 12:40,May,3.366856201,3.382566335
4/28/2025 12:45,May,3.860298334,3.879103685
4/28/2025 12:50,May,3.453531622,3.468928393
4/28/2025 12:55,May,3.855227689,3.873218485
4/28/2025 13:00,May,4.756822536,4.778529671
4/28/2025 13:05,May,4.579230364,4.60152873
4/28/2025 13:10,May,4.581188014,4.603977632
4/28/2025 13:15,May,6.630612887,6.665622853
4/28/2025 13:20,May,4.637471664,4.661502505
4/28/2025 13:25,May,4.735738736,4.760281329
4/28/2025 13:30,May,4.63743492,4.661936027
4/28/2025 13:35,May,4.585972134,4.611146295
4/28/2025 13:40,May,4.582542895,4.608159595
4/28/2025 13:45,May,4.743269155,4.768329418
4/28/2025 13:50,May,4.636419145,4.661864958
4/28/2025 13:55,May,5.149363484,5.177639102
4/28/2025 14:00,May,4.91044015,4.937409407
4/28/2025 14:05,May,4.736826321,4.763851782
4/28/2025 14:10,May,4.346276477,4.370132386
4/28/2025 14:15,May,4.586292277,4.614266147
4/28/2025 14:20,May,4.460476349,4.485804265
4/28/2025 14:25,May,4.650130243,4.67654598
4/28/2025 14:30,May,4.651040704,4.678925794
4/28/2025 14:35,May,4.652487904,4.679889414
4/28/2025 14:40,May,4.825523267,4.85495023
4/28/2025 14:45,May,5.165228453,5.197264189
4/28/2025 14:50,May,7.973659842,8.025517029
4/28/2025 14:55,May,6.846339864,6.89016775
4/28/2025 15:00,May,5.167657143,5.196015584
4/28/2025 15:05,May,5.983634869,6.011428383
4/28/2025 15:10,May,3.709083606,3.727808632
4/28/2025 15:15,May,4.85467463,4.878660671
4/28/2025 15:20,May,0,0
4/28/2025 15:25,May,3.402804537,3.415368738
4/28/2025 15:30,May,4.599937147,4.614550597
4/28/2025 15:35,May,3.963184877,3.970888255
4/28/2025 15:40,May,4.680540952,4.688676029
4/28/2025 15:45,May,4.681417495,4.690030959
4/28/2025 15:50,May,13.32722338,13.34625644
4/28/2025 15:55,May,4.974132684,4.981233516
4/28/2025 16:00,May,4.972106705,4.980728269
4/28/2025 16:05,May,5.975636593,5.986599946
4/28/2025 16:10,May,4.898582421,4.906070318
4/28/2025 16:15,May,4.985304551,4.987838249
4/28/2025 16:20,May,4.913064313,4.912564916
4/28/2025 16:25,May,3.862571337,3.859827755
4/28/2025 16:30,May,3.484017993,3.47872635
4/28/2025 16:35,May,3.771581458,3.763190843
4/28/2025 16:40,May,3.855248126,3.843567915
4/28/2025 16:45,May,3.781838294,3.766588946
4/28/2025 16:50,May,3.498367984,3.483217433
4/28/2025 16:55,May,2.957562951,2.94209857
4/28/2025 17:00,May,1.552924223,1.544504754
4/28/2025 17:05,May,1.555876446,1.546830653
4/28/2025 17:10,May,0,0
4/28/2025 17:15,May,0,0
4/28/2025 17:20,May,1.210606289,1.20153853
4/28/2025 17:25,May,2.966024997,2.942031386
4/28/2025 17:30,May,2.969561521,2.943775329
4/28/2025 17:35,May,3.158082706,3.128488471
4/28/2025 17:40,May,3.161870189,3.13038373
4/28/2025 17:45,May,3.206175506,3.172694807
4/28/2025 17:50,May,3.222392597,3.186851502
4/28/2025 17:55,May,3.216867637,3.180141758
4/28/2025 18:00,May,3.224518254,3.186770917
4/28/2025 18:05,May,3.224345853,3.185660097
4/28/2025 18:10,May,3.828470571,3.78102274
4/28/2025 18:15,May,4.535591569,4.47715481
4/28/2025 18:20,May,4.547857292,4.487910313
4/28/2025 18:25,May,3.848162511,3.793265007
4/28/2025 18:30,May,4.716889997,4.648177002
4/28/2025 18:35,May,4.713039867,4.643428156
4/28/2025 18:40,May,3.84862256,3.792176604
4/28/2025 18:45,May,5.000585795,4.926216583
4/28/2025 18:50,May,4.725398313,4.655107779
4/28/2025 18:55,May,4.716,4.646805195
4/28/2025 19:00,May,4.052675652,3.992451623
4/28/2025 19:05,May,4.183363251,4.121605486
4/28/2025 19:10,May,4.9995945,4.925269508
4/28/2025 19:15,May,4.715375831,4.64576412
4/28/2025 19:20,May,4.721372855,4.651170047
4/28/2025 19:25,May,4.71299564,4.642931285
4/28/2025 19:30,May,4.066533202,4.005718454
4/28/2025 19:35,May,4.259337122,4.196476462
4/28/2025 19:40,May,4.120017841,4.059225342
4/28/2025 19:45,May,4.245523256,4.18247093
4/28/2025 19:50,May,4.122894359,4.061687495
4/28/2025 19:55,May,4.242691638,4.179292683
4/28/2025 20:00,May,4.067680185,4.006518113
4/28/2025 20:05,May,13.65065275,13.44176955
4/28/2025 20:10,May,7.199380367,7.086398435
4/28/2025 20:15,May,5.649468081,4.916881613
4/28/2025 20:20,May,5.517243315,4.583055951
4/28/2025 20:25,May,5.626532893,5.537675252
4/28/2025 20:30,May,5.110682372,5.030463038
4/28/2025 20:35,May,4.990280724,4.912965818
4/28/2025 20:40,May,4.784075523,4.709532068
4/28/2025 20:45,May,4.731262379,4.656676744
4/28/2025 20:50,May,4.734125743,4.658116985
4/28/2025 20:55,May,4.734966128,4.657582074
4/28/2025 21:00,May,4.961490668,4.87895473
4/28/2025 21:05,May,8.337783297,8.200351858
4/28/2025 21:10,May,5.844182742,5.748985486
4/28/2025 21:15,May,5.260832737,5.175651875
4/28/2025 21:20,May,5.024056878,4.944167284
4/28/2025 21:25,May,5.014051161,4.935768938
4/28/2025 21:30,May,5.111834079,5.03405856
4/28/2025 21:35,May,5.083945139,5.00614254
4/28/2025 21:40,May,5.024548861,4.947178995
4/28/2025 21:45,May,4.225436176,4.159977582
4/28/2025 21:50,May,4.173772746,4.108318047
4/28/2025 21:55,May,4.124665042,4.060012554
4/28/2025 22:00,May,4.185142424,4.119963636
4/28/2025 22:05,May,8.319867755,8.186796157
4/28/2025 22:10,May,5.737553879,5.646345869
4/28/2025 22:15,May,5.117569218,5.037153909
4/28/2025 22:20,May,5.101708706,5.023901546
4/28/2025 22:25,May,5.087345115,5.01117205
4/28/2025 22:30,May,5.080742817,5.00464582
4/28/2025 22:35,May,4.999092078,4.923748939
4/28/2025 22:40,May,4.835958856,4.76261364
4/28/2025 22:45,May,4.781242351,4.708770389
4/28/2025 22:50,May,4.243704845,4.179854762
4/28/2025 22:55,May,3.567379122,3.513720964
4/28/2025 23:00,May,3.856251107,3.798276802
4/28/2025 23:05,May,5.625069205,5.541422966
4/28/2025 23:10,May,4.964058777,4.88966485
4/28/2025 23:15,May,4.726180483,4.656768101
4/28/2025 23:20,May,4.72158198,4.651335778
4/28/2025 23:25,May,3.904465928,3.846004171
4/28/2025 23:30,May,3.855073073,3.797362398
4/28/2025 23:35,May,3.906822933,3.847965279
4/28/2025 23:40,May,3.562808377,3.509844349
4/28/2025 23:45,May,3.565263543,3.511599787
4/28/2025 23:50,May,3.855214142,3.797197665
4/28/2025 23:55,May,3.565180911,3.51047952
4/29/2025 0:00,May,3.3499642,3.298888513
4/29/2025 0:05,May,7.079971691,6.972399151
4/29/2025 0:10,May,6.138787729,6.046595282
4/29/2025 0:15,May,5.204126685,5.124809804
4/29/2025 0:20,May,5.051213551,4.976677475
4/29/2025 0:25,May,4.565198859,4.499162833
4/29/2025 0:30,May,4.239631687,4.177459507
4/29/2025 0:35,May,4.558754772,4.492745654
4/29/2025 0:40,May,4.559267431,4.493656558
4/29/2025 0:45,May,4.753180141,4.685250231
4/29/2025 0:50,May,5.600423374,5.521409037
4/29/2025 0:55,May,5.590828321,5.513538363
4/29/2025 1:00,May,4.768448302,4.703450268
4/29/2025 1:05,May,5.579554331,5.503461813
4/29/2025 1:10,May,4.769475214,4.705381023
4/29/2025 1:15,May,3.975601292,3.922207878
4/29/2025 1:20,May,4.304480665,4.246288533
4/29/2025 1:25,May,4.254954143,4.196602447
4/29/2025 1:30,May,4.711367954,4.647245092
4/29/2025 1:35,May,4.709788206,4.645712684
4/29/2025 1:40,May,4.553750679,4.491822973
4/29/2025 1:45,May,4.55700817,4.496407215
4/29/2025 1:50,May,4.306881054,4.249189929
4/29/2025 1:55,May,4.308626559,4.250935294
4/29/2025 2:00,May,3.624022929,3.576237624
4/29/2025 2:05,May,4.251137305,4.195083054
4/29/2025 2:10,May,3.622423485,3.574328545
4/29/2025 2:15,May,3.838679556,3.787718508
4/29/2025 2:20,May,4.697584034,4.636134454
4/29/2025 2:25,May,3.841194329,3.78978255
4/29/2025 2:30,May,3.622056646,3.573233028
4/29/2025 2:35,May,3.837864635,3.786142432
4/29/2025 2:40,May,3.836642472,3.785327765
4/29/2025 2:45,May,4.240592499,4.183448553
4/29/2025 2:50,May,3.619347126,3.570225595
4/29/2025 2:55,May,3.840295589,3.78776288
4/29/2025 3:00,May,3.550969036,3.502066467
4/29/2025 3:05,May,3.548960778,3.499422161
4/29/2025 3:10,May,3.610530131,3.559070201
4/29/2025 3:15,May,3.552926974,3.501946785
4/29/2025 3:20,May,3.607881672,3.555750931
4/29/2025 3:25,May,3.551425261,3.500471733
4/29/2025 3:30,May,3.552850535,3.50118437
4/29/2025 3:35,May,3.550622344,3.499344677
4/29/2025 3:40,May,3.404253236,3.355416136
4/29/2025 3:45,May,3.4035702,3.354391582
4/29/2025 3:50,May,3.401171435,3.352695439
4/29/2025 3:55,May,3.400836054,3.352003887
4/29/2025 4:00,May,3.399805914,3.350988538
4/29/2025 4:05,May,3.40569175,3.355783992
4/29/2025 4:10,May,3.402543472,3.35234537
4/29/2025 4:15,May,3.398785359,3.349616673
4/29/2025 4:20,May,3.395703425,3.346223272
4/29/2025 4:25,May,3.388870662,3.339781298
4/29/2025 4:30,May,3.223507255,3.178078323
4/29/2025 4:35,May,3.222797633,3.177392414
4/29/2025 4:40,May,3.161633317,3.117712903
4/29/2025 4:45,May,3.201830623,3.1573518
4/29/2025 4:50,May,3.218464747,3.174078833
4/29/2025 4:55,May,3.217469687,3.173093029
4/29/2025 5:00,May,3.231215955,3.186961638
4/29/2025 5:05,May,0,0
4/29/2025 5:10,May,3.077112145,3.035993295
4/29/2025 5:15,May,3.209558394,3.166347219
4/29/2025 5:20,May,3.299676094,3.255265025
4/29/2025 5:25,May,3.299029525,3.254631618
4/29/2025 5:30,May,3.216003351,3.173683267
4/29/2025 5:35,May,3.325291811,3.281551152
4/29/2025 5:40,May,3.299391216,3.255991251
4/29/2025 5:45,May,3.234223072,3.19264206
4/29/2025 5:50,May,3.203671668,3.165352548
4/29/2025 5:55,May,2.431435518,2.402841895
4/29/2025 6:00,May,3.194030535,3.156140156
4/29/2025 6:05,May,-1.03E-05,-1.01E-05
4/29/2025 6:10,May,2.163271968,2.139370811
4/29/2025 6:15,May,2.43920332,2.412962142
4/29/2025 6:20,May,2.300203275,2.27659483
4/29/2025 6:25,May,2.908242577,2.879245093
4/29/2025 6:30,May,2.422343401,2.399140878
4/29/2025 6:35,May,2.419681719,2.398426438
4/29/2025 6:40,May,2.417947753,2.397187595
4/29/2025 6:45,May,2.415513049,2.395972039
4/29/2025 6:50,May,2.413848178,2.39551701
4/29/2025 6:55,May,2.412433146,2.395311548
4/29/2025 7:00,May,2.410483545,2.394583258
4/29/2025 7:05,May,0,0
4/29/2025 7:10,May,2.146234111,2.133823099
4/29/2025 7:15,May,2.237906077,2.226308352
4/29/2025 7:20,May,2.402636708,2.392365894
4/29/2025 7:25,May,2.400955691,2.391902867
4/29/2025 7:30,May,3.276304221,3.264937451
4/29/2025 7:35,May,3.15159825,3.143221481
4/29/2025 7:40,May,3.135262431,3.127878544
4/29/2025 7:45,May,3.327833764,3.320331731
4/29/2025 7:50,May,3.200539644,3.199224444
4/29/2025 7:55,May,3.407105511,3.406404677
4/29/2025 8:00,May,3.434654186,3.435715029
4/29/2025 8:05,May,2.352782734,2.351576674
4/29/2025 8:10,May,3.121732179,3.121412133
4/29/2025 8:15,May,2.930683874,2.931585623
4/29/2025 8:20,May,2.957663368,2.95978769
4/29/2025 8:25,May,3.116930429,3.120130562
4/29/2025 8:30,May,3.130318567,3.134177203
4/29/2025 8:35,May,3.102739212,3.107842402
4/29/2025 8:40,May,3.1539036,3.160388444
4/29/2025 8:45,May,3.128328519,3.135085168
4/29/2025 8:50,May,3.096492059,3.102864753
4/29/2025 8:55,May,3.115992428,3.122407895
4/29/2025 9:00,May,3.133116752,3.139570134
4/29/2025 9:05,May,0,0
4/29/2025 9:10,May,2.378175278,2.389744912
4/29/2025 9:15,May,2.713016657,2.727070826
4/29/2025 9:20,May,2.861885141,2.8764185
4/29/2025 9:25,May,2.862174992,2.876721883
4/29/2025 9:30,May,2.932280104,2.947184847
4/29/2025 9:35,May,2.886188876,2.900859338
4/29/2025 9:40,May,2.897175622,2.912213386
4/29/2025 9:45,May,3.065161572,3.081397886
4/29/2025 9:50,May,3.093922098,3.110309056
4/29/2025 9:55,May,3.087613185,3.104289118
4/29/2025 10:00,May,3.151164027,3.167864574
4/29/2025 10:05,May,2.735057555,2.749262694
4/29/2025 10:10,May,2.828032307,2.843015649
4/29/2025 10:15,May,2.378537292,2.391131292
4/29/2025 10:20,May,2.72552683,2.739958088
4/29/2025 10:25,May,2.782205392,2.796643406
4/29/2025 10:30,May,2.663881361,2.677406404
4/29/2025 10:35,May,2.851727722,2.866206497
4/29/2025 10:40,May,3.067709689,3.083294736
4/29/2025 10:45,May,3.055131424,3.070654178
4/29/2025 10:50,May,3.058481547,3.074967609
4/29/2025 10:55,May,3.039625437,3.055694774
4/29/2025 11:00,May,3.061169189,3.077354097
4/29/2025 11:05,May,2.116362975,2.127968484
4/29/2025 11:10,May,2.836890324,2.852745434
4/29/2025 11:15,May,2.836031874,2.852175711
4/29/2025 11:20,May,2.848786601,2.865597951
4/29/2025 11:25,May,2.834842615,2.85187046
4/29/2025 11:30,May,2.834587732,2.851606996
4/29/2025 11:35,May,2.801050579,2.817571676
4/29/2025 11:40,May,2.782138839,2.797972618
4/29/2025 11:45,May,2.833205077,2.849326148
4/29/2025 11:50,May,2.280109435,2.293548194
4/29/2025 11:55,May,2.376622469,2.390377208
4/29/2025 12:00,May,2.114767753,2.127222988
4/29/2025 12:05,May,0,0
4/29/2025 12:10,May,2.238637916,2.252059561
4/29/2025 12:15,May,0.000963841,0.000969619
4/29/2025 12:20,May,2.374640385,2.38912439
4/29/2025 12:25,May,2.321642833,2.335330632
4/29/2025 12:30,May,2.666925933,2.682933561
4/29/2025 12:35,May,2.374906579,2.388908407
4/29/2025 12:40,May,2.3754154,2.389424576
4/29/2025 12:45,May,2.769715577,2.785765253
4/29/2025 12:50,May,3.052836332,3.070205319
4/29/2025 12:55,May,2.853799293,2.869438975
4/29/2025 13:00,May,3.451856056,3.470066944
4/29/2025 13:05,May,3.269976734,3.288925274
4/29/2025 13:10,May,3.450081177,3.470438798
4/29/2025 13:15,May,4.344495643,4.370596818
4/29/2025 13:20,May,3.436451375,3.457090723
4/29/2025 13:25,May,4.576271186,4.603274029
4/29/2025 13:30,May,4.753725528,4.782729645
4/29/2025 13:35,May,4.35745283,4.383132608
4/29/2025 13:40,May,4.346707425,4.3755204
4/29/2025 13:45,May,3.865615668,3.890061299
4/29/2025 13:50,May,3.461756203,3.481478245
4/29/2025 13:55,May,3.441107025,3.460347011
4/29/2025 14:00,May,3.758829772,3.780622345
4/29/2025 14:05,May,4.752638777,4.778695449
4/29/2025 14:10,May,4.349427258,4.374633501
4/29/2025 14:15,May,4.352082742,4.377752104
4/29/2025 14:20,May,4.757935077,4.787899359
4/29/2025 14:25,May,4.373603016,4.40066181
4/29/2025 14:30,May,4.365119434,4.393499468
4/29/2025 14:35,May,4.35572015,4.37912832
4/29/2025 14:40,May,4.354378484,4.377784281
4/29/2025 14:45,May,4.353522716,4.376916658
4/29/2025 14:50,May,4.359346312,4.380947284
4/29/2025 14:55,May,4.173366319,4.193617013
4/29/2025 15:00,May,4.171674909,4.190611636
4/29/2025 15:05,May,5.17,5.19182333
4/29/2025 15:10,May,4.71843622,4.736873297
4/29/2025 15:15,May,4.708412709,4.723892952
4/29/2025 15:20,May,5.268952204,5.286254048
4/29/2025 15:25,May,4.723984195,4.740956013
4/29/2025 15:30,May,4.402457851,4.416441067
4/29/2025 15:35,May,4.402469667,4.41374302
4/29/2025 15:40,May,4.413731844,4.42275419
4/29/2025 15:45,May,4.413737433,4.420953844
4/29/2025 15:50,May,4.490912067,4.496412827
4/29/2025 15:55,May,4.419602965,4.423661784
4/29/2025 16:00,May,4.19238363,4.195376663
4/29/2025 16:05,May,4.76590877,4.766880809
4/29/2025 16:10,May,4.72313344,4.721690528
4/29/2025 16:15,May,4.712796728,4.70944481
4/29/2025 16:20,May,4.722983437,4.716273292
4/29/2025 16:25,May,4.694930815,4.685883788
4/29/2025 16:30,May,4.686509744,4.674637949
4/29/2025 16:35,May,4.639475111,4.624451512
4/29/2025 16:40,May,4.662187853,4.646650365
4/29/2025 16:45,May,4.525638264,4.506925964
4/29/2025 16:50,May,4.220676335,4.199422048
4/29/2025 16:55,May,3.162496868,3.144984048
4/29/2025 17:00,May,2.919400363,2.901774682
4/29/2025 17:05,May,3.156057182,3.136381411
4/29/2025 17:10,May,2.961120065,2.941188878
4/29/2025 17:15,May,3.204367901,3.182495082
4/29/2025 17:20,May,3.368564092,3.345267417
4/29/2025 17:25,May,3.371296756,3.346979649
4/29/2025 17:30,May,3.373714853,3.34803353
4/29/2025 17:35,May,3.477992035,3.448765211
4/29/2025 17:40,May,3.530322865,3.498909274
4/29/2025 17:45,May,3.531463584,3.498970869
4/29/2025 17:50,May,4.381703418,4.339630651
4/29/2025 17:55,May,4.239075596,4.195841348
4/29/2025 18:00,May,3.54699689,3.509425023
4/29/2025 18:05,May,4.502064357,4.452962395
4/29/2025 18:10,May,4.394000369,4.346450065
4/29/2025 18:15,May,4.493945087,4.444853083
4/29/2025 18:20,May,4.965332671,4.903762546
4/29/2025 18:25,May,4.962417071,4.899463623
4/29/2025 18:30,May,4.97278067,4.908231346
4/29/2025 18:35,May,4.993605446,4.928759905
4/29/2025 18:40,May,5.011096802,4.94455568
4/29/2025 18:45,May,5.044231166,4.975283778
4/29/2025 18:50,May,5.006588817,4.941100736
4/29/2025 18:55,May,4.942528175,4.877878031
4/29/2025 19:00,May,4.75967622,4.695555245
4/29/2025 19:05,May,4.35517966,4.294865824
4/29/2025 19:10,May,4.373380741,4.31240949
4/29/2025 19:15,May,4.325568684,4.263615045
4/29/2025 19:20,May,4.335579271,4.274751741
4/29/2025 19:25,May,4.536129196,4.472424593
4/29/2025 19:30,May,4.532007549,4.468793336
4/29/2025 19:35,May,4.435700325,4.373356451
4/29/2025 19:40,May,4.181370719,4.122560418
4/29/2025 19:45,May,4.225744621,4.167106455
4/29/2025 19:50,May,4.2301587,4.171042887
4/29/2025 19:55,May,4.260451633,4.200505152
4/29/2025 20:00,May,4.189162304,4.130236537
4/29/2025 20:05,May,5.481744122,5.405578345
4/29/2025 20:10,May,5.007591635,4.938076481
4/29/2025 20:15,May,5.000588911,4.931240228
4/29/2025 20:20,May,4.97566884,4.906700156
4/29/2025 20:25,May,4.979730114,4.911201718
4/29/2025 20:30,May,4.977256272,4.909251474
4/29/2025 20:35,May,4.839034669,4.774385552
4/29/2025 20:40,May,4.973802452,4.906843604
4/29/2025 20:45,May,4.971978577,4.905024252
4/29/2025 20:50,May,4.523871607,4.463372725
4/29/2025 20:55,May,4.522032822,4.462009831
4/29/2025 21:00,May,4.523370035,4.462908031
4/29/2025 21:05,May,8.281253231,8.169579154
4/29/2025 21:10,May,5.148756072,5.080366523
4/29/2025 21:15,May,4.777842184,4.714392059
4/29/2025 21:20,May,4.776856875,4.7134325
4/29/2025 21:25,May,4.658783505,4.596480412
4/29/2025 21:30,May,4.649807049,4.586733664
4/29/2025 21:35,May,4.55644885,4.494174958
4/29/2025 21:40,May,4.526623907,4.464287403
4/29/2025 21:45,May,4.528457371,4.466553693
4/29/2025 21:50,May,4.524348434,4.463379474
4/29/2025 21:55,May,4.521154579,4.460210409
4/29/2025 22:00,May,4.516143082,4.455687221
4/29/2025 22:05,May,8.272379178,8.163096347
4/29/2025 22:10,May,4.787251564,4.724507197
4/29/2025 22:15,May,4.775071114,4.712498911
4/29/2025 22:20,May,4.530901741,4.470205867
4/29/2025 22:25,May,4.501693035,4.440457762
4/29/2025 22:30,May,4.475484264,4.413666946
4/29/2025 22:35,May,4.336495976,4.275314674
4/29/2025 22:40,May,4.309769841,4.248127804
4/29/2025 22:45,May,4.28832156,4.225755861
4/29/2025 22:50,May,4.258078206,4.195140467
4/29/2025 22:55,May,4.012478909,3.95083468
4/29/2025 23:00,May,3.530158092,3.476601447
4/29/2025 23:05,May,4.183664783,4.124030132
4/29/2025 23:10,May,4.118099741,4.059393771
4/29/2025 23:15,May,4.053732105,3.993950944
4/29/2025 23:20,May,3.60360306,3.550465368
4/29/2025 23:25,May,4.02254746,3.962473332
4/29/2025 23:30,May,3.531930606,3.47849693
4/29/2025 23:35,May,3.532179159,3.47807189
4/29/2025 23:40,May,3.529246625,3.474820029
4/29/2025 23:45,May,3.526603246,3.47223375
4/29/2025 23:50,May,3.423887366,3.371444202
4/29/2025 23:55,May,3.420627951,3.368587569
4/30/2025 0:00,May,3.418759577,3.366089612
4/30/2025 0:05,May,8.304524181,8.176391056
4/30/2025 0:10,May,4.734493671,4.661867089
4/30/2025 0:15,May,4.225214544,4.162885739
4/30/2025 0:20,May,4.718032442,4.648830841
4/30/2025 0:25,May,4.71817032,4.648450675
4/30/2025 0:30,May,4.715867159,4.647074328
4/30/2025 0:35,May,4.714127453,4.645758599
4/30/2025 0:40,May,4.714919696,4.64692519
4/30/2025 0:45,May,4.8411105,4.769795584
4/30/2025 0:50,May,4.83915269,4.766868213
4/30/2025 0:55,May,4.838687852,4.766359218
4/30/2025 1:00,May,4.726813899,4.65614328
4/30/2025 1:05,May,3.580967329,3.527557759
4/30/2025 1:10,May,3.583754255,3.530017776
4/30/2025 1:15,May,3.407051092,3.356036057
4/30/2025 1:20,May,3.587020468,3.532317236
4/30/2025 1:25,May,3.522686679,3.469034537
4/30/2025 1:30,May,3.516175696,3.462692387
4/30/2025 1:35,May,3.427664897,3.376229349
4/30/2025 1:40,May,3.431790037,3.380687027
4/30/2025 1:45,May,3.418652344,3.36875
4/30/2025 1:50,May,2.765471167,2.725688166
4/30/2025 1:55,May,2.983981056,2.941374037
4/30/2025 2:00,May,2.940833064,2.898842137
4/30/2025 2:05,May,2.982968146,2.941294107
4/30/2025 2:10,May,3.300567535,3.254470223
4/30/2025 2:15,May,3.257683648,3.211864855
4/30/2025 2:20,May,3.30191411,3.25514852
4/30/2025 2:25,May,3.299821942,3.252766245
4/30/2025 2:30,May,3.29776154,3.251064079
4/30/2025 2:35,May,3.241330648,3.195432268
4/30/2025 2:40,May,3.239598133,3.194060965
4/30/2025 2:45,May,3.094537461,3.051660596
4/30/2025 2:50,May,3.09135136,3.04881831
4/30/2025 2:55,May,3.091300706,3.049093391
4/30/2025 3:00,May,2.971354011,2.931376655
4/30/2025 3:05,May,3.089032321,3.047479973
4/30/2025 3:10,May,3.087715217,3.04650057
4/30/2025 3:15,May,3.08612895,3.045238818
4/30/2025 3:20,May,3.085158632,3.044285428
4/30/2025 3:25,May,2.947586277,2.908825429
4/30/2025 3:30,May,2.962118607,2.923454046
4/30/2025 3:35,May,2.947596333,2.909117497
4/30/2025 3:40,May,2.329604297,2.299428076
4/30/2025 3:45,May,2.438945179,2.407598767
4/30/2025 3:50,May,2.438186249,2.406849592
4/30/2025 3:55,May,2.437963239,2.40686305
4/30/2025 4:00,May,2.938115942,2.900335145
4/30/2025 4:05,May,2.766825476,2.731243731
4/30/2025 4:10,May,2.937823068,2.900042271
4/30/2025 4:15,May,2.324362054,2.294933883
4/30/2025 4:20,May,2.436485811,2.405634993
4/30/2025 4:25,May,2.435494734,2.404893185
4/30/2025 4:30,May,2.435766778,2.405155705
4/30/2025 4:35,May,2.436291797,2.405424972
4/30/2025 4:40,May,2.32154311,2.292361703
4/30/2025 4:45,May,2.435261537,2.404413919
4/30/2025 4:50,May,2.933711138,2.896242068
4/30/2025 4:55,May,2.437333242,2.405957533
4/30/2025 5:00,May,2.437616189,2.40622744
4/30/2025 5:05,May,0,0
4/30/2025 5:10,May,2.436525033,2.404932348
4/30/2025 5:15,May,2.93195036,2.893318153
4/30/2025 5:20,May,2.9266773,2.887764165
4/30/2025 5:25,May,2.316701031,2.286583918
4/30/2025 5:30,May,2.317193234,2.287063696
4/30/2025 5:35,May,2.434783073,2.403608497
4/30/2025 5:40,May,2.316701031,2.287047258
4/30/2025 5:45,May,2.313416691,2.286096518
4/30/2025 5:50,May,2.312470409,2.285621588
4/30/2025 5:55,May,2.312688374,2.286076491
4/30/2025 6:00,May,2.162498423,2.138268749
4/30/2025 6:05,May,-9.64E-06,-9.54E-06
4/30/2025 6:10,May,0,0
4/30/2025 6:15,May,5.32E-07,0.000000527
4/30/2025 6:20,May,0,0
4/30/2025 6:25,May,0,0
4/30/2025 6:30,May,0,0
4/30/2025 6:35,May,0,0
4/30/2025 6:40,May,0,0
4/30/2025 6:45,May,0,0
4/30/2025 6:50,May,0.00098816,0.000982489
4/30/2025 6:55,May,2.139187732,2.128187674
4/30/2025 7:00,May,2.137505446,2.127791474
4/30/2025 7:05,May,-1.01E-05,-1.01E-05
4/30/2025 7:10,May,0,0
4/30/2025 7:15,May,0,0
4/30/2025 7:20,May,0,0
4/30/2025 7:25,May,0.000980978,0.000979883
4/30/2025 7:30,May,2.264705863,2.263323821
4/30/2025 7:35,May,2.386976829,2.386247313
4/30/2025 7:40,May,2.261961449,2.261961449
4/30/2025 7:45,May,2.86465467,2.865532321
4/30/2025 7:50,May,2.85997889,2.861734017
4/30/2025 7:55,May,2.880512814,2.88316848
4/30/2025 8:00,May,3.093789443,3.098869557
4/30/2025 8:05,May,2.261034599,2.257806526
4/30/2025 8:10,May,2.748669479,2.74586185
4/30/2025 8:15,May,2.710662435,2.708444443
4/30/2025 8:20,May,3.072815487,3.071555491
4/30/2025 8:25,May,2.879057512,2.879648877
4/30/2025 8:30,May,2.902777353,2.904270551
4/30/2025 8:35,May,3.048758145,3.050956919
4/30/2025 8:40,May,2.896761997,2.898853738
4/30/2025 8:45,May,2.892892611,2.895282444
4/30/2025 8:50,May,2.892865227,2.894956959
4/30/2025 8:55,May,3.437143591,3.438919892
4/30/2025 9:00,May,3.411997924,3.413056565
4/30/2025 9:05,May,3.145174449,3.159879161
4/30/2025 9:10,May,2.378328667,2.389947152
4/30/2025 9:15,May,2.377602097,2.389472796
4/30/2025 9:20,May,2.811766845,2.825816898
4/30/2025 9:25,May,3.161398972,3.176542609
4/30/2025 9:30,May,3.144946994,3.160011823
4/30/2025 9:35,May,3.162050613,3.177208422
4/30/2025 9:40,May,3.42429337,3.440012609
4/30/2025 9:45,May,3.37934684,3.394869469
4/30/2025 9:50,May,3.148749974,3.163219425
4/30/2025 9:55,May,3.16080764,3.174999425
4/30/2025 10:00,May,3.170624128,3.184858502
4/30/2025 10:05,May,0,0
4/30/2025 10:10,May,3.098755372,3.112630878
4/30/2025 10:15,May,3.099725282,3.113939759
4/30/2025 10:20,May,3.098756315,3.11297524
4/30/2025 10:25,May,3.149355405,3.162824016
4/30/2025 10:30,May,3.1693,3.182869476
4/30/2025 10:35,May,3.164920004,3.178814291
4/30/2025 10:40,May,3.152478503,3.166319617
4/30/2025 10:45,May,3.152489646,3.166333703
4/30/2025 10:50,May,3.151808405,3.166305537
4/30/2025 10:55,May,3.163879898,3.177763813
4/30/2025 11:00,May,3.151133166,3.165625678
4/30/2025 11:05,May,3.166319467,3.180228621
4/30/2025 11:10,May,7.906534326,7.94044665
4/30/2025 11:15,May,5.863009589,5.888783757
4/30/2025 11:20,May,3.305029658,3.319558781
4/30/2025 11:25,May,4.58348438,4.606034759
4/30/2025 11:30,May,5.103745687,5.127819959
4/30/2025 11:35,May,4.179768415,4.200807517
4/30/2025 11:40,May,3.433107536,3.44930144
4/30/2025 11:45,May,3.850027224,3.868191538
4/30/2025 11:50,May,3.749768639,3.767063169
4/30/2025 11:55,May,3.534070469,3.549624378
4/30/2025 12:00,May,3.306414688,3.320257748
4/30/2025 12:05,May,0,0
4/30/2025 12:10,May,0.000960743,0.000965964
4/30/2025 12:15,May,0,0
4/30/2025 12:20,May,2.264798772,2.277793132
4/30/2025 12:25,May,2.263928333,2.277385828
4/30/2025 12:30,May,2.115949439,2.129412766
4/30/2025 12:35,May,2.376693493,2.3918143
4/30/2025 12:40,May,2.119296344,2.133215826
4/30/2025 12:45,May,2.619629198,2.63626263
4/30/2025 12:50,May,2.705178752,2.721790486
4/30/2025 12:55,May,3.144904376,3.163226748
4/30/2025 13:00,May,3.748258956,3.76735092
4/30/2025 13:05,May,3.278839433,3.297236911
4/30/2025 13:10,May,3.281584188,3.300351696
4/30/2025 13:15,May,3.750130294,3.770422362
4/30/2025 13:20,May,4.58304168,4.612631244
4/30/2025 13:25,May,4.729450965,4.760987208
4/30/2025 13:30,May,4.580587051,4.611105224
4/30/2025 13:35,May,4.168367237,4.1970009
4/30/2025 13:40,May,4.578654661,4.61059322
4/30/2025 13:45,May,3.849140541,3.875575845
4/30/2025 13:50,May,4.749780594,4.782888719
4/30/2025 13:55,May,4.576658555,4.609988361
4/30/2025 14:00,May,4.577660138,4.611964002
4/30/2025 14:05,May,7.129782264,7.18182447
4/30/2025 14:10,May,5.152026792,5.188558369
4/30/2025 14:15,May,4.58173128,4.614232608
4/30/2025 14:20,May,3.316079392,3.339565841
4/30/2025 14:25,May,4.825510757,4.858118949
4/30/2025 14:30,May,5.179628661,5.214644352
4/30/2025 14:35,May,4.590754195,4.618458258
4/30/2025 14:40,May,7.268452037,7.311554593
4/30/2025 14:45,May,6.496203786,6.535410844
4/30/2025 14:50,May,7.326418649,7.369067239
4/30/2025 14:55,May,6.497167756,6.534989107
4/30/2025 15:00,May,4.168874664,4.191367036
4/30/2025 15:05,May,7.975160422,8.01821569
4/30/2025 15:10,May,7.979298209,8.021529862
4/30/2025 15:15,May,7.985093168,8.026501035
4/30/2025 15:20,May,8.01494241,8.053958701
4/30/2025 15:25,May,8.004973578,8.042275412
4/30/2025 15:30,May,8.029069767,8.063122924
4/30/2025 15:35,May,8.0548968,8.087335975
4/30/2025 15:40,May,8.061538462,8.08981289
4/30/2025 15:45,May,8.060587198,8.081336238
4/30/2025 15:50,May,8.093129612,8.106433843
4/30/2025 15:55,May,8.111399771,8.119713187
4/30/2025 16:00,May,11.90603175,11.91941752
4/30/2025 16:05,May,13.50460795,13.50736794
4/30/2025 16:10,May,8.130398671,8.130398671
4/30/2025 16:15,May,8.134453782,8.122004357
4/30/2025 16:20,May,8.129487446,8.122017016
4/30/2025 16:25,May,8.139491166,8.137000248
4/30/2025 16:30,May,8.137902388,8.132917965
4/30/2025 16:35,May,8.130862408,8.122579977
4/30/2025 16:40,May,7.408548703,7.400258364
4/30/2025 16:45,May,7.402152815,7.391618085
4/30/2025 16:50,May,8.12537375,8.109702031
4/30/2025 16:55,May,7.414151881,7.397600756
4/30/2025 17:00,May,4.20263324,4.19114366
4/30/2025 17:05,May,3.165892479,3.152483092
4/30/2025 17:10,May,3.394031188,3.380678296
4/30/2025 17:15,May,3.365137156,3.347188854
4/30/2025 17:20,May,3.763656314,3.740970019
4/30/2025 17:25,May,3.410145283,3.387885849
4/30/2025 17:30,May,3.412850834,3.388201897
4/30/2025 17:35,May,3.8211405,3.790889964
4/30/2025 17:40,May,3.416534497,3.388482446
4/30/2025 17:45,May,3.823433302,3.791657498
4/30/2025 17:50,May,4.499770424,4.459256284
4/30/2025 17:55,May,4.239245335,4.198980557
4/30/2025 18:00,May,4.930167423,4.881422134
4/30/2025 18:05,May,4.923961599,4.87277799
4/30/2025 18:10,May,4.920968373,4.867404807
4/30/2025 18:15,May,4.935342069,4.880143516
4/30/2025 18:20,May,5.798608838,5.724608645
4/30/2025 18:25,May,5.798209888,5.720230377
4/30/2025 18:30,May,6.184835641,6.099808014
4/30/2025 18:35,May,5.792719501,5.711383766
4/30/2025 18:40,May,5.792637901,5.712425043
4/30/2025 18:45,May,6.194858939,6.10666053
4/30/2025 18:50,May,5.131024722,5.057002377
4/30/2025 18:55,May,4.72027972,4.652176182
4/30/2025 19:00,May,4.26759721,4.206449548
4/30/2025 19:05,May,4.256363188,4.19330909
4/30/2025 19:10,May,4.255505655,4.192041165
4/30/2025 19:15,May,4.246833625,4.182257443
4/30/2025 19:20,May,3.946728861,3.88596774
4/30/2025 19:25,May,4.155235211,4.091651524
4/30/2025 19:30,May,3.818583138,3.759812371
4/30/2025 19:35,May,3.947914499,3.88714116
4/30/2025 19:40,May,3.947493813,3.886365261
4/30/2025 19:45,May,3.945875801,3.883640482
4/30/2025 19:50,May,3.946677341,3.884808602
4/30/2025 19:55,May,3.9554142,3.893408501
4/30/2025 20:00,May,3.945461611,3.882866286
4/30/2025 20:05,May,8.337468983,8.203473945
4/30/2025 20:10,May,8.32415713,8.188060625
4/30/2025 20:15,May,8.322966014,8.186199794
4/30/2025 20:20,May,7.516488017,7.391622004
4/30/2025 20:25,May,5.020543937,4.938549505
4/30/2025 20:30,May,5.015536729,4.934560848
4/30/2025 20:35,May,4.610665019,4.536270008
4/30/2025 20:40,May,4.762754016,4.685471771
4/30/2025 20:45,May,4.569628117,4.495042239
4/30/2025 20:50,May,4.535771632,4.461282308
4/30/2025 20:55,May,4.261256454,4.190798055
4/30/2025 21:00,May,4.550804741,4.476415719
4/30/2025 21:05,May,8.344299739,8.210221524
4/30/2025 21:10,May,5.995928225,5.900801947
4/30/2025 21:15,May,4.767669646,4.691572212
4/30/2025 21:20,May,4.766690843,4.689686819
4/30/2025 21:25,May,4.764257799,4.686866924
4/30/2025 21:30,May,4.566979888,4.491451502
4/30/2025 21:35,May,4.563751654,4.488713741
4/30/2025 21:40,May,4.555938644,4.480984648
4/30/2025 21:45,May,4.5390414,4.5390414
4/30/2025 21:50,May,4.4359959,4.4359959
4/30/2025 21:55,May,3.5772917,3.5772917
4/30/2025 22:00,May,3.3749044,3.3749044
4/30/2025 22:05,May,5.521820658,5.521820658
4/30/2025 22:10,May,6.136958612,6.136958612
4/30/2025 22:15,May,5.012201653,5.012201653
4/30/2025 22:20,May,5.688,5.599620717
4/30/2025 22:25,May,4.991098538,4.913011596
4/30/2025 22:30,May,3.458360807,3.458360807
4/30/2025 22:35,May,3.458710943,3.458710943
4/30/2025 22:40,May,3.459219909,3.459219909
4/30/2025 22:45,May,3.440087293,3.384120207
4/30/2025 22:50,May,3.442497029,3.385494086
4/30/2025 22:55,May,3.342846136,3.110524664
4/30/2025 23:00,May,3.340179055,3.107762909
4/30/2025 23:05,May,6.457011176,6.349663769
4/30/2025 23:10,May,4.840341568,4.761684197
4/30/2025 23:15,May,4.773354123,4.696727589
4/30/2025 23:20,May,4.761250335,4.684787416
4/30/2025 23:25,May,8.279737664,8.153189638
4/30/2025 23:30,May,8.277095902,8.148117329
4/30/2025 23:35,May,6.738385813,6.634687057
4/30/2025 23:40,May,5.38157492,5.299789714
4/30/2025 23:45,May,4.778773191,4.706680666
4/30/2025 23:50,May,4.727042432,4.654369854
4/30/2025 23:55,May,4.712934173,4.64053669
5/1/2025 0:00,May,4.715727921,4.641453314
5/1/2025 0:05,May,7.303148434,7.187843295
5/1/2025 0:10,May,6.572323975,6.469693488
5/1/2025 0:15,May,5.600137203,5.512052771
5/1/2025 0:20,May,5.541163429,5.456112753
5/1/2025 0:25,May,5.260113617,5.179891704
5/1/2025 0:30,May,5.256914378,5.176708854
5/1/2025 0:35,May,5.601588161,5.516106624
5/1/2025 0:40,May,5.588657505,5.502130021
5/1/2025 0:45,May,5.593662319,5.507623392
5/1/2025 0:50,May,5.564349078,5.479784502
5/1/2025 0:55,May,5.581216189,5.496943671
5/1/2025 1:00,May,5.341487406,5.261335308
5/1/2025 1:05,May,5.569367657,5.48690871
5/1/2025 1:10,May,5.558729474,5.476394636
5/1/2025 1:15,May,4.977248122,4.904023591
5/1/2025 1:20,May,5.555857215,5.473506438
5/1/2025 1:25,May,5.560922017,5.478537987
5/1/2025 1:30,May,4.976310309,4.903062416
5/1/2025 1:35,May,5.24963502,5.171838967
5/1/2025 1:40,May,4.954407958,4.879958534
5/1/2025 1:45,May,4.818581464,4.74669883
5/1/2025 1:50,May,4.765998944,4.693999163
5/1/2025 1:55,May,3.442404665,3.390458311
5/1/2025 2:00,May,3.374197566,3.323637554
5/1/2025 2:05,May,3.402234773,3.351264964
5/1/2025 2:10,May,3.372836874,3.322312597
5/1/2025 2:15,May,3.399590715,3.349055794
5/1/2025 2:20,May,3.402025053,3.350791807
5/1/2025 2:25,May,3.403716015,3.351462219
5/1/2025 2:30,May,3.405836093,3.352184631
5/1/2025 2:35,May,3.40405979,3.350774669
5/1/2025 2:40,May,3.403659502,3.350396784
5/1/2025 2:45,May,3.405749969,3.351788646
5/1/2025 2:50,May,3.407168262,3.35181467
5/1/2025 2:55,May,3.406723287,3.351066856
5/1/2025 3:00,May,3.405635305,3.349658845
5/1/2025 3:05,May,3.456030498,3.399162643
5/1/2025 3:10,May,3.815514931,3.753389334
5/1/2025 3:15,May,3.473749918,3.415742759
5/1/2025 3:20,May,4.714905242,4.637431396
5/1/2025 3:25,May,3.442930138,3.386729008
5/1/2025 3:30,May,3.456091431,3.399296258
5/1/2025 3:35,May,3.45605829,3.399275182
5/1/2025 3:40,May,3.441897559,3.386039601
5/1/2025 3:45,May,3.483823449,3.426526048
5/1/2025 3:50,May,3.484965213,3.428322138
5/1/2025 3:55,May,3.484964598,3.428321533
5/1/2025 4:00,May,3.454787694,3.398657919
5/1/2025 4:05,May,4.700986633,4.625079567
5/1/2025 4:10,May,3.815187352,3.753595841
5/1/2025 4:15,May,3.796397712,3.73471155
5/1/2025 4:20,May,3.820231352,3.762489978
5/1/2025 4:25,May,3.796172482,3.738427235
5/1/2025 4:30,May,3.742873728,3.685945005
5/1/2025 4:35,May,3.74137118,3.68481601
5/1/2025 4:40,May,3.436421701,3.38519424
5/1/2025 4:45,May,3.451244729,3.399106894
5/1/2025 4:50,May,3.44129959,3.389158687
5/1/2025 4:55,May,3.440951984,3.388811081
5/1/2025 5:00,May,3.440532173,3.38841869
5/1/2025 5:05,May,0,0
5/1/2025 5:10,May,3.222968406,3.173673659
5/1/2025 5:15,May,3.225238559,3.176268119
5/1/2025 5:20,May,3.224212835,3.175911235
5/1/2025 5:25,May,3.113612379,3.067538187
5/1/2025 5:30,May,3.216585329,3.16932069
5/1/2025 5:35,May,3.184342671,3.138517874
5/1/2025 5:40,May,3.18334559,3.137535143
5/1/2025 5:45,May,3.17712384,3.13489017
5/1/2025 5:50,May,2.915665012,2.87779542
5/1/2025 5:55,May,3.172705761,3.132811563
5/1/2025 6:00,May,-1.03E-05,-1.01E-05
5/1/2025 6:05,May,-0.001058567,-0.001046461
5/1/2025 6:10,May,-1.06E-05,-1.05E-05
5/1/2025 6:15,May,0,0
5/1/2025 6:20,May,0,0
5/1/2025 6:25,May,0.000994604,0.000985412
5/1/2025 6:30,May,2.30014874,2.279801626
5/1/2025 6:35,May,2.29736381,2.27863907
5/1/2025 6:40,May,2.253406456,2.23615984
5/1/2025 6:45,May,2.292241011,2.276072443
5/1/2025 6:50,May,2.288532594,2.273985368
5/1/2025 6:55,May,2.13882848,2.126517744
5/1/2025 7:00,May,2.281108684,2.269805789
5/1/2025 7:05,May,-0.001043396,-0.001039077
5/1/2025 7:10,May,0,0
5/1/2025 7:15,May,0,0
5/1/2025 7:20,May,0,0
5/1/2025 7:25,May,-0.000010149,-1.01E-05
5/1/2025 7:30,May,-1.01E-05,-1.01E-05
5/1/2025 7:35,May,-9.43E-06,-9.43E-06
5/1/2025 7:40,May,0,0
5/1/2025 7:45,May,0.000980296,0.000981596
5/1/2025 7:50,May,0,0
5/1/2025 7:55,May,0.000979762,0.000981866
5/1/2025 8:00,May,0.000979148,0.000981654
5/1/2025 8:05,May,-1.01E-05,-1.01E-05
5/1/2025 8:10,May,-9.77E-06,-9.78E-06
5/1/2025 8:15,May,-9.26E-06,-9.27E-06
5/1/2025 8:20,May,0,0
5/1/2025 8:25,May,-9.74E-06,-0.000009769
5/1/2025 8:30,May,-0.000009748,-9.77E-06
5/1/2025 8:35,May,1.911935657,1.918586548
5/1/2025 8:40,May,5.941997512,5.961473485
5/1/2025 8:45,May,3.045816961,3.054864251
5/1/2025 8:50,May,2.751774533,2.759952588
5/1/2025 8:55,May,2.839645483,2.847795347
5/1/2025 9:00,May,2.774190804,2.781587129
5/1/2025 9:05,May,2.231321167,2.244668592
5/1/2025 9:10,May,2.637631624,2.653699798
5/1/2025 9:15,May,2.626907086,2.642919847
5/1/2025 9:20,May,2.624757953,2.64049131
5/1/2025 9:25,May,2.361026601,2.375182022
5/1/2025 9:30,May,2.800269929,2.816774467
5/1/2025 9:35,May,2.801125259,2.817351907
5/1/2025 9:40,May,2.361537126,2.374975775
5/1/2025 9:45,May,2.799972285,2.81590426
5/1/2025 9:50,May,2.791720361,2.807605382
5/1/2025 9:55,May,2.812285225,2.828584953
5/1/2025 10:00,May,2.811097119,2.826819464
5/1/2025 10:05,May,0,0
5/1/2025 10:10,May,2.104843402,2.117023957
5/1/2025 10:15,May,2.659977921,2.674827379
5/1/2025 10:20,May,2.856034412,2.871689581
5/1/2025 10:25,May,2.853659467,2.869004896
5/1/2025 10:30,May,2.80372328,2.818510239
5/1/2025 10:35,May,2.8031434,2.817930358
5/1/2025 10:40,May,2.815434388,2.829706712
5/1/2025 10:45,May,2.816577512,2.831145514
5/1/2025 10:50,May,2.833376359,2.848034281
5/1/2025 10:55,May,3.089162559,3.105760664
5/1/2025 11:00,May,2.860433189,2.875802328
5/1/2025 11:05,May,2.856821651,2.871879309
5/1/2025 11:10,May,2.857934258,2.873299496
5/1/2025 11:15,May,2.82001099,2.83488385
5/1/2025 11:20,May,2.661840096,2.675875854
5/1/2025 11:25,May,2.824371731,2.840997693
5/1/2025 11:30,May,2.691523286,2.707377045
5/1/2025 11:35,May,2.81240206,2.828391528
5/1/2025 11:40,May,2.622279625,2.636932263
5/1/2025 11:45,May,2.366483892,2.379465019
5/1/2025 11:50,May,0,0
5/1/2025 11:55,May,2.367933248,2.383352348
5/1/2025 12:00,May,2.297703225,2.311958441
5/1/2025 12:05,May,0,0
5/1/2025 12:10,May,0,0
5/1/2025 12:15,May,1.99E-07,2.00E-07
5/1/2025 12:20,May,2.231939665,2.244656611
5/1/2025 12:25,May,2.353430152,2.366840705
5/1/2025 12:30,May,2.364033411,2.377014532
5/1/2025 12:35,May,2.654770219,2.669891632
5/1/2025 12:40,May,2.856283277,2.871666677
5/1/2025 12:45,May,2.859229163,2.87463162
5/1/2025 12:50,May,2.896664697,2.911986197
5/1/2025 12:55,May,2.812711676,2.827586033
5/1/2025 13:00,May,2.861581242,2.875237507
5/1/2025 13:05,May,2.717242964,2.730218483
5/1/2025 13:10,May,2.810626051,2.823754364
5/1/2025 13:15,May,2.860683484,2.87405394
5/1/2025 13:20,May,2.89367528,2.906885667
5/1/2025 13:25,May,2.814108676,2.826951823
5/1/2025 13:30,May,2.820254691,2.832825537
5/1/2025 13:35,May,2.946290451,2.959420359
5/1/2025 13:40,May,2.987475448,3.00047389
5/1/2025 13:45,May,2.996796645,3.009831593
5/1/2025 13:50,May,3.107749398,3.120936908
5/1/2025 13:55,May,3.148309984,3.161019237
5/1/2025 14:00,May,3.116474421,3.130972648
5/1/2025 14:05,May,3.200894978,3.214781724
5/1/2025 14:10,May,3.133969944,3.147881444
5/1/2025 14:15,May,3.093897846,3.107634305
5/1/2025 14:20,May,3.556382579,3.572539608
5/1/2025 14:25,May,3.305470459,3.318778331
5/1/2025 14:30,May,3.207874471,3.220788086
5/1/2025 14:35,May,3.548786371,3.56307531
5/1/2025 14:40,May,3.260623872,3.272732647
5/1/2025 14:45,May,3.3078587,3.319460432
5/1/2025 14:50,May,3.309240284,3.319822752
5/1/2025 14:55,May,3.347822589,3.356450998
5/1/2025 15:00,May,3.314028804,3.322223394
5/1/2025 15:05,May,4.704611088,4.711875775
5/1/2025 15:10,May,4.188072103,4.19324203
5/1/2025 15:15,May,4.604210731,4.610368626
5/1/2025 15:20,May,5.944921971,5.95224631
5/1/2025 15:25,May,5.458507442,5.462432006
5/1/2025 15:30,May,5.456304973,5.456865457
5/1/2025 15:35,May,5.93620414,5.934374989
5/1/2025 15:40,May,5.45794679,5.455143531
5/1/2025 15:45,May,4.466620452,4.463870352
5/1/2025 15:50,May,4.843966199,4.839491633
5/1/2025 15:55,May,4.660382571,4.653686619
5/1/2025 16:00,May,4.621724429,4.626003804
5/1/2025 16:05,May,8.054607509,8.059571828
5/1/2025 16:10,May,5.460737115,5.464662072
5/1/2025 16:15,May,4.624854943,4.626279143
5/1/2025 16:20,May,4.664629392,4.665587516
5/1/2025 16:25,May,4.63161229,4.628761482
5/1/2025 16:30,May,4.662823268,4.656136163
5/1/2025 16:35,May,5.001976574,4.997877013
5/1/2025 16:40,May,4.829178269,4.824233381
5/1/2025 16:45,May,4.835101033,4.826693022
5/1/2025 16:50,May,5.012202008,5.001442911
5/1/2025 16:55,May,4.690974104,4.679951178
5/1/2025 17:00,May,4.64843503,4.633733797
5/1/2025 17:05,May,3.386788104,3.374713379
5/1/2025 17:10,May,3.391916712,3.376744979
5/1/2025 17:15,May,3.319312536,3.301798152
5/1/2025 17:20,May,4.659484115,4.628342246
5/1/2025 17:25,May,4.667296786,4.633270321
5/1/2025 17:30,May,4.671586135,4.634716387
5/1/2025 17:35,May,4.719156936,4.676233831
5/1/2025 17:40,May,4.894943789,4.845509899
5/1/2025 17:45,May,4.684821429,4.63802521
5/1/2025 17:50,May,5.560551946,5.498892599
5/1/2025 17:55,May,6.051381795,5.98310792
5/1/2025 18:00,May,6.3736186,6.299208399
5/1/2025 18:05,May,5.286981352,5.223237982
5/1/2025 18:10,May,4.543792201,4.48915195
5/1/2025 18:15,May,3.428108096,3.385591053
5/1/2025 18:20,May,3.467417739,3.417631304
5/1/2025 18:25,May,4.718136231,4.648558295
5/1/2025 18:30,May,4.554467109,4.485576771
5/1/2025 18:35,May,4.555793119,4.486038482
5/1/2025 18:40,May,4.548861355,4.47704436
5/1/2025 18:45,May,4.427215498,4.35519255
5/1/2025 18:50,May,4.718164794,4.642322097
5/1/2025 18:55,May,4.546965225,4.472580012
5/1/2025 19:00,May,4.463526952,4.389650936
5/1/2025 19:05,May,4.550035884,4.472626767
5/1/2025 19:10,May,3.463677609,3.403835217
5/1/2025 19:15,May,3.467938622,3.407085598
5/1/2025 19:20,May,3.469376259,3.407813983
5/1/2025 19:25,May,3.466172467,3.408003729
5/1/2025 19:30,May,3.482883265,3.422063382
5/1/2025 19:35,May,3.631244872,3.567840478
5/1/2025 19:40,May,3.633420713,3.569965808
5/1/2025 19:45,May,3.639396428,3.576524328
5/1/2025 19:50,May,4.555981917,4.478594114
5/1/2025 19:55,May,4.550977116,4.474977597
5/1/2025 20:00,May,3.64288243,3.580657049
5/1/2025 20:05,May,8.339408918,8.195242509
5/1/2025 20:10,May,7.621151748,7.484348353
5/1/2025 20:15,May,6.449092079,6.332170911
5/1/2025 20:20,May,5.239356383,4.736302544
5/1/2025 20:25,May,5.533518538,5.433196594
5/1/2025 20:30,May,4.765110736,4.680120093
5/1/2025 20:35,May,4.802199013,4.717028472
5/1/2025 20:40,May,4.803119054,4.718430489
5/1/2025 20:45,May,4.76390535,4.68036923
5/1/2025 20:50,May,6.385874145,6.273896448
5/1/2025 20:55,May,4.909246509,4.82266965
5/1/2025 21:00,May,6.890614987,6.768392806
5/1/2025 21:05,May,8.192219224,8.192219224
5/1/2025 21:10,May,8.357975049,8.213630271
5/1/2025 21:15,May,8.347897937,8.205276335
5/1/2025 21:20,May,7.924933158,7.790280535
5/1/2025 21:25,May,6.875230738,6.760348991
5/1/2025 21:30,May,6.884222671,6.769258874
5/1/2025 21:35,May,5.060880029,4.977258087
5/1/2025 21:40,May,6.874529828,6.758980088
5/1/2025 21:45,May,4.980877619,4.898109326
5/1/2025 21:50,May,4.966363647,4.882404361
5/1/2025 21:55,May,4.972306187,4.887796635
5/1/2025 22:00,May,4.577382001,4.498235489
5/1/2025 22:05,May,6.996292164,6.878993218
5/1/2025 22:10,May,6.708317614,6.598279598
5/1/2025 22:15,May,4.972692073,4.889706847
5/1/2025 22:20,May,4.750524219,4.670318725
5/1/2025 22:25,May,4.751912471,4.670771903
5/1/2025 22:30,May,4.749240917,4.668202283
5/1/2025 22:35,May,4.747620044,4.666178471
5/1/2025 22:40,May,4.746163826,4.66387128
5/1/2025 22:45,May,3.952311543,3.883810551
5/1/2025 22:50,May,3.951898726,3.883013495
5/1/2025 22:55,May,4.548250124,4.469017023
5/1/2025 23:00,May,3.95666108,3.887754258
5/1/2025 23:05,May,6.198688177,6.093949385
5/1/2025 23:10,May,4.746226415,4.666037736
5/1/2025 23:15,May,4.744785662,4.665548685
5/1/2025 23:20,May,3.484430835,3.425208325
5/1/2025 23:25,May,3.645938955,3.583290223
5/1/2025 23:30,May,3.490675821,3.430724772
5/1/2025 23:35,May,3.492287409,3.431681469
5/1/2025 23:40,May,3.490853803,3.429950723
5/1/2025 23:45,May,3.492949911,3.431002221
5/1/2025 23:50,May,3.490716372,3.428820559
5/1/2025 23:55,May,3.476451708,3.415479457
5/2/2025 0:00,May,3.461023906,3.401285968
5/2/2025 0:05,May,6.287691667,6.181205556
5/2/2025 0:10,May,4.734134061,4.654830589
5/2/2025 0:15,May,3.831406687,3.767225182
5/2/2025 0:20,May,4.732392149,4.653511074
5/2/2025 0:25,May,4.54685649,4.472831559
5/2/2025 0:30,May,3.471393642,3.41455373
5/2/2025 0:35,May,3.93309156,3.870212398
5/2/2025 0:40,May,3.932312066,3.869813304
5/2/2025 0:45,May,3.53203198,3.475547711
5/2/2025 0:50,May,3.931541773,3.8690115
5/2/2025 0:55,May,3.466229059,3.410763847
5/2/2025 1:00,May,3.465416653,3.40929935
5/2/2025 1:05,May,3.466541454,3.410394712
5/2/2025 1:10,May,4.720111263,4.644064239
5/2/2025 1:15,May,3.826123685,3.764844427
5/2/2025 1:20,May,3.83232636,3.771672492
5/2/2025 1:25,May,3.82654135,3.765948693
5/2/2025 1:30,May,3.824999814,3.764425496
5/2/2025 1:35,May,3.824235488,3.763271638
5/2/2025 1:40,May,3.461625079,3.406766828
5/2/2025 1:45,May,3.461691672,3.406810347
5/2/2025 1:50,May,3.407372134,3.353661549
5/2/2025 1:55,May,3.425692943,3.372026735
5/2/2025 2:00,May,3.420042853,3.366475916
5/2/2025 2:05,May,3.401191792,3.349249548
5/2/2025 2:10,May,3.40187735,3.349588096
5/2/2025 2:15,May,3.263207555,3.213645662
5/2/2025 2:20,May,3.234748265,3.186274214
5/2/2025 2:25,May,3.200634494,3.153315448
5/2/2025 2:30,May,3.423808117,3.373128448
5/2/2025 2:35,May,3.411293995,3.36075376
5/2/2025 2:40,May,3.408170487,3.358672096
5/2/2025 2:45,May,3.453093849,3.401508314
5/2/2025 2:50,May,3.413422274,3.362738125
5/2/2025 2:55,May,3.347906106,3.298517979
5/2/2025 3:00,May,3.061259673,3.016377706
5/2/2025 3:05,May,3.054079938,3.00961204
5/2/2025 3:10,May,3.058179792,3.013647697
5/2/2025 3:15,May,2.883876501,2.842469983
5/2/2025 3:20,May,3.189234832,3.143453256
5/2/2025 3:25,May,2.926468958,2.885346922
5/2/2025 3:30,May,3.187597952,3.142470668
5/2/2025 3:35,May,3.186903874,3.142117741
5/2/2025 3:40,May,2.883586847,2.843358886
5/2/2025 3:45,May,3.185590649,3.141458186
5/2/2025 3:50,May,2.924649848,2.884432216
5/2/2025 3:55,May,2.922515106,2.882618298
5/2/2025 4:00,May,2.921596462,2.881712194
5/2/2025 4:05,May,3.182513614,3.139737029
5/2/2025 4:10,May,3.217720271,3.174813
5/2/2025 4:15,May,3.218020162,3.176096853
5/2/2025 4:20,May,3.185098515,3.143604098
5/2/2025 4:25,May,3.089594817,3.049640469
5/2/2025 4:30,May,3.089505438,3.049548209
5/2/2025 4:35,May,3.078487742,3.038353845
5/2/2025 4:40,May,3.066694134,3.026395919
5/2/2025 4:45,May,3.072770222,3.033001305
5/2/2025 4:50,May,3.067304888,3.027296564
5/2/2025 4:55,May,3.10942386,3.068866157
5/2/2025 5:00,May,3.074518985,3.034420618
5/2/2025 5:05,May,0,0
5/2/2025 5:10,May,2.907903774,2.870382435
5/2/2025 5:15,May,3.061897713,3.022698015
5/2/2025 5:20,May,3.060326031,3.021447116
5/2/2025 5:25,May,3.218540339,3.177971866
5/2/2025 5:30,May,3.164687247,3.125128656
5/2/2025 5:35,May,3.165046075,3.126428491
5/2/2025 5:40,May,3.155802645,3.116673237
5/2/2025 5:45,May,3.056577929,3.022653646
5/2/2025 5:50,May,2.990064562,2.95717355
5/2/2025 5:55,May,2.994496991,2.961842945
5/2/2025 6:00,May,2.986756168,2.954799354
5/2/2025 6:05,May,-2.34E-05,-2.31E-05
5/2/2025 6:10,May,0,0
5/2/2025 6:15,May,2.722421812,2.69632919
5/2/2025 6:20,May,2.156700454,2.137100026
5/2/2025 6:25,May,2.43871567,2.417265031
5/2/2025 6:30,May,2.417347985,2.397284976
5/2/2025 6:35,May,2.365643416,2.347898092
5/2/2025 6:40,May,2.411490617,2.395338965
5/2/2025 6:45,May,2.283624778,2.269704481
5/2/2025 6:50,May,2.281547372,2.269015223
5/2/2025 6:55,May,2.403705098,2.392684545
5/2/2025 7:00,May,2.62609022,2.615903263
5/2/2025 7:05,May,-9.31E-06,-0.000009282
5/2/2025 7:10,May,2.136319933,2.131738365
5/2/2025 7:15,May,2.392663349,2.389970562
5/2/2025 7:20,May,2.79019292,2.789334487
5/2/2025 7:25,May,2.826416516,2.82612618
5/2/2025 7:30,May,2.984023802,2.984637293
5/2/2025 7:35,May,2.993927457,2.996392356
5/2/2025 7:40,May,3.045013673,3.048776821
5/2/2025 7:45,May,3.105955719,3.111402516
5/2/2025 7:50,May,3.150186247,3.157018917
5/2/2025 7:55,May,3.112904966,3.120951143
5/2/2025 8:00,May,3.190509316,3.199422275
5/2/2025 8:05,May,2.117444226,2.125980543
5/2/2025 8:10,May,2.971451444,2.98343806
5/2/2025 8:15,May,2.96868562,2.980666036
5/2/2025 8:20,May,2.814504975,2.826164068
5/2/2025 8:25,May,2.960701345,2.975134802
5/2/2025 8:30,May,2.958395805,2.973124879
5/2/2025 8:35,May,3.042199898,3.057365086
5/2/2025 8:40,May,2.992700792,3.010445923
5/2/2025 8:45,May,2.959138857,2.976690461
5/2/2025 8:50,May,2.976524127,2.994189878
5/2/2025 8:55,May,3.14031529,3.158633796
5/2/2025 9:00,May,3.140999747,3.159004435
5/2/2025 9:05,May,2.330741452,2.344319057
5/2/2025 9:10,May,3.058156276,3.077259803
5/2/2025 9:15,May,2.952776805,2.971531426
5/2/2025 9:20,May,3.123090642,3.143254301
5/2/2025 9:25,May,3.08974066,3.109674471
5/2/2025 9:30,May,3.091661721,3.111942301
5/2/2025 9:35,May,3.108786976,3.129510064
5/2/2025 9:40,May,3.109787329,3.130843181
5/2/2025 9:45,May,3.100717819,3.121070519
5/2/2025 9:50,May,3.107668688,3.128405921
5/2/2025 9:55,May,3.136058983,3.156992209
5/2/2025 10:00,May,3.142695037,3.163019131
5/2/2025 10:05,May,0,0
5/2/2025 10:10,May,2.959659525,2.979137071
5/2/2025 10:15,May,2.954027167,2.973173068
5/2/2025 10:20,May,3.268957952,3.290164961
5/2/2025 10:25,May,3.176436486,3.198035855
5/2/2025 10:30,May,3.27238263,3.294303552
5/2/2025 10:35,May,3.270670058,3.292933494
5/2/2025 10:40,May,3.174442907,3.195390839
5/2/2025 10:45,May,3.75718793,3.783159275
5/2/2025 10:50,May,3.267472974,3.288708124
5/2/2025 10:55,May,3.26758671,3.288831506
5/2/2025 11:00,May,3.104421317,3.124294305
5/2/2025 11:05,May,2.352183005,2.366449095
5/2/2025 11:10,May,3.128193507,3.146513821
5/2/2025 11:15,May,3.156127168,3.174286703
5/2/2025 11:20,May,3.154855229,3.173663591
5/2/2025 11:25,May,3.06801725,3.085655062
5/2/2025 11:30,May,3.115387035,3.133289688
5/2/2025 11:35,May,3.145432596,3.16416519
5/2/2025 11:40,May,3.152692729,3.171135306
5/2/2025 11:45,May,3.174763744,3.193669044
5/2/2025 11:50,May,3.151332613,3.169430482
5/2/2025 11:55,May,3.129546143,3.147511391
5/2/2025 12:00,May,3.071222117,3.08884152
5/2/2025 12:05,May,3.271347792,3.290460518
5/2/2025 12:10,May,3.121867703,3.140099488
5/2/2025 12:15,May,3.068020725,3.085290935
5/2/2025 12:20,May,3.11367493,3.131207615
5/2/2025 12:25,May,3.103943422,3.121423132
5/2/2025 12:30,May,3.765188107,3.779301682
5/2/2025 12:35,May,3.380985916,3.393309859
5/2/2025 12:40,May,3.278864351,3.291844541
5/2/2025 12:45,May,3.761655749,3.776554948
5/2/2025 12:50,May,3.873546445,3.889694632
5/2/2025 12:55,May,3.760741698,3.785524828
5/2/2025 13:00,May,7.925512104,7.983447134
5/2/2025 13:05,May,7.142760817,7.195659119
5/2/2025 13:10,May,4.63004388,4.663797585
5/2/2025 13:15,May,6.682807588,6.732201648
5/2/2025 13:20,May,5.960893161,6.006183044
5/2/2025 13:25,May,4.468974526,4.503794087
5/2/2025 13:30,May,4.574580386,4.610682994
5/2/2025 13:35,May,4.574160152,4.607437144
5/2/2025 13:40,May,5.03142298,5.068011346
5/2/2025 13:45,May,4.572220463,4.605955021
5/2/2025 13:50,May,4.573155283,4.606407685
5/2/2025 13:55,May,4.580263852,4.607810026
5/2/2025 14:00,May,4.584179039,4.611287474
5/2/2025 14:05,May,4.589391378,4.615543111
5/2/2025 14:10,May,4.585926786,4.612986602
5/2/2025 14:15,May,4.588384372,4.61594509
5/2/2025 14:20,May,4.341845883,4.370632596
5/2/2025 14:25,May,4.581568132,4.612867531
5/2/2025 14:30,May,4.48430815,4.515387972
5/2/2025 14:35,May,4.813161153,4.84652364
5/2/2025 14:40,May,4.357529264,4.388136845
5/2/2025 14:45,May,4.932581818,4.968218182
5/2/2025 14:50,May,4.826529177,4.862425273
5/2/2025 14:55,May,4.585709776,4.620277807
5/2/2025 15:00,May,4.583254494,4.618259224
5/2/2025 15:05,May,4.384255627,4.417260748
5/2/2025 15:10,May,4.584094488,4.618110236
5/2/2025 15:15,May,4.583018868,4.617924528
5/2/2025 15:20,May,4.591315319,4.623961729
5/2/2025 15:25,May,4.819813916,4.853609271
5/2/2025 15:30,May,5.989959934,6.035675387
5/2/2025 15:35,May,6.56844637,6.612420932
5/2/2025 15:40,May,6.571113489,6.615782712
5/2/2025 15:45,May,6.639120614,6.682191832
5/2/2025 15:50,May,4.60520219,4.633161331
5/2/2025 15:55,May,4.606433302,4.63103122
5/2/2025 16:00,May,4.600619358,4.628018056
5/2/2025 16:05,May,6.598206763,6.632036781
5/2/2025 16:10,May,6.590810684,6.62259155
5/2/2025 16:15,May,5.938320338,5.958992283
5/2/2025 16:20,May,4.619823881,4.630202327
5/2/2025 16:25,May,4.623649712,4.63214473
5/2/2025 16:30,May,5.005190989,5.015924064
5/2/2025 16:35,May,4.630646683,4.63536317
5/2/2025 16:40,May,4.631661442,4.626959248
5/2/2025 16:45,May,4.620732853,4.624021297
5/2/2025 16:50,May,4.630489204,4.625325962
5/2/2025 16:55,May,4.445300593,4.43584921
5/2/2025 17:00,May,3.38610491,3.373786824
5/2/2025 17:05,May,3.391137362,3.375415499
5/2/2025 17:10,May,2.892623298,2.87921533
5/2/2025 17:15,May,3.354729963,3.3364959
5/2/2025 17:20,May,3.360912067,3.34198116
5/2/2025 17:25,May,3.39620638,3.376737028
5/2/2025 17:30,May,4.106922999,4.082570391
5/2/2025 17:35,May,4.474061583,4.447542632
5/2/2025 17:40,May,4.484451946,4.45745073
5/2/2025 17:45,May,4.667446211,4.635640786
5/2/2025 17:50,May,4.49029227,4.457447447
5/2/2025 17:55,May,4.570522399,4.536216036
5/2/2025 18:00,May,4.671638118,4.63609457
5/2/2025 18:05,May,7.15455442,7.101419431
5/2/2025 18:10,May,6.934976278,6.884065853
5/2/2025 18:15,May,6.171523764,6.120657853
5/2/2025 18:20,May,6.948265528,6.8868629
5/2/2025 18:25,May,6.967153169,6.895247681
5/2/2025 18:30,May,6.974874113,6.901542604
5/2/2025 18:35,May,7.144378879,7.066505149
5/2/2025 18:40,May,7.199604786,7.12115263
5/2/2025 18:45,May,8.201577384,8.108163474
5/2/2025 18:50,May,8.203195412,8.10733306
5/2/2025 18:55,May,8.203972967,8.106491911
5/2/2025 19:00,May,7.150055361,7.065063194
5/2/2025 19:05,May,6.79747094,6.713350541
5/2/2025 19:10,May,6.796087935,6.711306399
5/2/2025 19:15,May,6.798109377,6.711980098
5/2/2025 19:20,May,6.80082211,6.714014648
5/2/2025 19:25,May,6.80354871,6.716054165
5/2/2025 19:30,May,6.804240901,6.716737455
5/2/2025 19:35,May,6.800794935,6.713327084
5/2/2025 19:40,May,6.80285666,6.715371014
5/2/2025 19:45,May,6.808325185,6.719456054
5/2/2025 19:50,May,6.79732532,6.708555544
5/2/2025 19:55,May,6.800754195,6.711279506
5/2/2025 20:00,May,6.792505495,6.703112601
5/2/2025 20:05,May,9.948474039,9.810741181
5/2/2025 20:10,May,8.285831961,8.168863262
5/2/2025 20:15,May,8.285684882,8.167129773
5/2/2025 20:20,May,8.288184438,8.168793742
5/2/2025 20:25,May,8.28815478,8.168776371
5/2/2025 20:30,May,8.311345102,8.189945288
5/2/2025 20:35,May,8.298525925,8.177301309
5/2/2025 20:40,May,8.296509832,8.174611346
5/2/2025 20:45,May,8.297394707,8.176294923
5/2/2025 20:50,May,8.290744363,8.169669515
5/2/2025 20:55,May,8.294771511,8.173734047
5/2/2025 21:00,May,8.28803621,8.166238041
5/2/2025 21:05,May,13.48455739,13.2889737
5/2/2025 21:10,May,8.353233831,8.229684909
5/2/2025 21:15,May,8.345556246,8.221255438
5/2/2025 21:20,May,8.347321653,8.222982204
5/2/2025 21:25,May,8.355039403,8.228950643
5/2/2025 21:30,May,8.3497722,8.223787946
5/2/2025 21:35,May,8.347177628,8.221232522
5/2/2025 21:40,May,8.342099814,8.217850487
5/2/2025 21:45,May,8.328370554,8.205128205
5/2/2025 21:50,May,8.319008265,8.196694215
5/2/2025 21:55,May,8.327475708,8.204258838
5/2/2025 22:00,May,8.314680983,8.193268635
5/2/2025 22:05,May,8.322573992,8.197999381
5/2/2025 22:10,May,8.320758607,8.196248196
5/2/2025 22:15,May,7.467687336,7.356649162
5/2/2025 22:20,May,6.8529497,6.754302057
5/2/2025 22:25,May,6.857089795,6.757731408
5/2/2025 22:30,May,6.856370644,6.758393332
5/2/2025 22:35,May,6.852193872,6.754946579
5/2/2025 22:40,May,5.363744719,5.288161534
5/2/2025 22:45,May,5.354704685,5.279113865
5/2/2025 22:50,May,4.728550528,4.661302121
5/2/2025 22:55,May,4.717076474,4.650968952
5/2/2025 23:00,May,3.460409808,3.411613562
5/2/2025 23:05,May,6.795996233,6.703819561
5/2/2025 23:10,May,4.723728281,4.658729328
5/2/2025 23:15,May,4.70785111,4.644041289
5/2/2025 23:20,May,4.704460192,4.641621509
5/2/2025 23:25,May,4.585064758,4.525209902
5/2/2025 23:30,May,3.44697451,3.40163766
5/2/2025 23:35,May,4.473147347,4.414337043
5/2/2025 23:40,May,3.447654664,3.401978992
5/2/2025 23:45,May,3.450065659,3.404041886
5/2/2025 23:50,May,3.441730102,3.395776353
5/2/2025 23:55,May,3.410320632,3.364446451
5/3/2025 0:00,May,3.256768925,3.21262695
5/3/2025 0:05,May,7.391960606,7.292278788
5/3/2025 0:10,May,3.449524612,3.402732736
5/3/2025 0:15,May,3.443209072,3.396488885
5/3/2025 0:20,May,3.434190849,3.387203518
5/3/2025 0:25,May,3.412451168,3.365074948
5/3/2025 0:30,May,3.415594952,3.367511995
5/3/2025 0:35,May,3.364315844,3.316959496
5/3/2025 0:40,May,3.348454637,3.301335664
5/3/2025 0:45,May,3.204151078,3.159094201
5/3/2025 0:50,May,3.206402218,3.161021064
5/3/2025 0:55,May,3.276530205,3.230492262
5/3/2025 1:00,May,3.238776068,3.193604853
5/3/2025 1:05,May,3.417966542,3.370911535
5/3/2025 1:10,May,3.434136977,3.387882513
5/3/2025 1:15,May,3.434490438,3.389254683
5/3/2025 1:20,May,3.460682175,3.415124177
5/3/2025 1:25,May,4.247143283,4.192024123
5/3/2025 1:30,May,4.252357863,4.19880493
5/3/2025 1:35,May,4.703411112,4.645495448
5/3/2025 1:40,May,4.257703049,4.206482561
5/3/2025 1:45,May,4.259958941,4.209489548
5/3/2025 1:50,May,4.259585771,4.20949818
5/3/2025 1:55,May,3.956147626,3.90882814
5/3/2025 2:00,May,3.648863633,3.604155251
5/3/2025 2:05,May,3.659929601,3.614387075
5/3/2025 2:10,May,3.452222101,3.409277123
5/3/2025 2:15,May,3.452867718,3.409936244
5/3/2025 2:20,May,3.647089943,3.602109289
5/3/2025 2:25,May,3.554353776,3.510173757
5/3/2025 2:30,May,3.408370786,3.367017847
5/3/2025 2:35,May,3.428831041,3.387573674
5/3/2025 2:40,May,3.654651558,3.609885745
5/3/2025 2:45,May,3.654465748,3.610011103
5/3/2025 2:50,May,3.697851397,3.653922427
5/3/2025 2:55,May,3.745398674,3.699252578
5/3/2025 3:00,May,3.676039898,3.630730051
5/3/2025 3:05,May,3.64369191,3.599135394
5/3/2025 3:10,May,3.439880421,3.398176476
5/3/2025 3:15,May,3.463511936,3.420795756
5/3/2025 3:20,May,3.463931642,3.421547606
5/3/2025 3:25,May,3.465139949,3.425954199
5/3/2025 3:30,May,3.443732832,3.405148564
5/3/2025 3:35,May,3.443688513,3.405116421
5/3/2025 3:40,May,3.462398137,3.423981374
5/3/2025 3:45,May,3.462764606,3.424693057
5/3/2025 3:50,May,3.526022066,3.487599063
5/3/2025 3:55,May,3.446136013,3.408602462
5/3/2025 4:00,May,3.445396098,3.408221813
5/3/2025 4:05,May,0,0
5/3/2025 4:10,May,0,0
5/3/2025 4:15,May,2.163062814,2.141114919
5/3/2025 4:20,May,3.189457376,3.15645415
5/3/2025 4:25,May,2.393606694,2.368593119
5/3/2025 4:30,May,2.39385582,2.368599102
5/3/2025 4:35,May,3.183155455,3.149254673
5/3/2025 4:40,May,3.183795092,3.149574492
5/3/2025 4:45,May,2.92213406,2.890719577
5/3/2025 4:50,May,3.180173111,3.145984572
5/3/2025 4:55,May,3.179168803,3.144675109
5/3/2025 5:00,May,3.177846079,3.143366736
5/3/2025 5:05,May,2.746051601,2.716618813
5/3/2025 5:10,May,3.178429253,3.143749694
5/3/2025 5:15,May,3.178429253,3.144386016
5/3/2025 5:20,May,3.180043017,3.145992722
5/3/2025 5:25,May,3.199236179,3.1649838
5/3/2025 5:30,May,3.183614628,3.150179988
5/3/2025 5:35,May,3.183260734,3.149836497
5/3/2025 5:40,May,3.178088538,3.147551404
5/3/2025 5:45,May,3.177429935,3.147217159
5/3/2025 5:50,May,3.17453496,3.144649503
5/3/2025 5:55,May,3.171948985,3.142393705
5/3/2025 6:00,May,3.171927733,3.142696304
5/3/2025 6:05,May,2.126585129,2.107829918
5/3/2025 6:10,May,-9.98E-06,-9.89E-06
5/3/2025 6:15,May,0,0
5/3/2025 6:20,May,0,0
5/3/2025 6:25,May,0,0
5/3/2025 6:30,May,0,0
5/3/2025 6:35,May,0,0
5/3/2025 6:40,May,0,0
5/3/2025 6:45,May,0,0
5/3/2025 6:50,May,0,0
5/3/2025 6:55,May,0,0
5/3/2025 7:00,May,0,0
5/3/2025 7:05,May,0,0
5/3/2025 7:10,May,2.703166132,2.700967095
5/3/2025 7:15,May,2.270793865,2.271025178
5/3/2025 7:20,May,2.095599465,2.097952389
5/3/2025 7:25,May,2.263388536,2.266626243
5/3/2025 7:30,May,2.475056792,2.47986666
5/3/2025 7:35,May,2.258769193,2.264322405
5/3/2025 7:40,May,2.464965622,2.474327532
5/3/2025 7:45,May,2.877580808,2.890297763
5/3/2025 7:50,May,2.827755873,2.841135504
5/3/2025 7:55,May,2.873739808,2.88942713
5/3/2025 8:00,May,3.101512515,3.119416308
5/3/2025 8:05,May,2.827812611,2.841480566
5/3/2025 8:10,May,2.829749573,2.843429704
5/3/2025 8:15,May,2.829124169,2.843687765
5/3/2025 8:20,May,2.821707334,2.837714957
5/3/2025 8:25,May,2.86417984,2.880425059
5/3/2025 8:30,May,2.874933054,2.890942788
5/3/2025 8:35,May,2.872266298,2.889470826
5/3/2025 8:40,May,2.871376838,2.889178306
5/3/2025 8:45,May,2.871377482,2.888887691
5/3/2025 8:50,May,2.821148799,2.838653341
5/3/2025 8:55,May,2.869893751,2.88770627
5/3/2025 9:00,May,2.869596845,2.887110677
5/3/2025 9:05,May,2.079471833,2.096694914
5/3/2025 9:10,May,2.760409556,2.783863456
5/3/2025 9:15,May,2.8088979,2.833062341
5/3/2025 9:20,May,2.840241159,2.864982448
5/3/2025 9:25,May,2.811269297,2.835471698
5/3/2025 9:30,May,2.85565644,2.87968097
5/3/2025 9:35,May,2.91810462,2.942361516
5/3/2025 9:40,May,3.109692548,3.135862428
5/3/2025 9:45,May,3.092315766,3.118344819
5/3/2025 9:50,May,3.32497061,3.35228114
5/3/2025 9:55,May,3.110346664,3.135565691
5/3/2025 10:00,May,3.083454225,3.108455205
5/3/2025 10:05,May,0,0
5/3/2025 10:10,May,1.54860233,1.560527052
5/3/2025 10:15,May,2.798230847,2.819789315
5/3/2025 10:20,May,3.064836027,3.089069021
5/3/2025 10:25,May,3.064514687,3.088441254
5/3/2025 10:30,May,2.962105564,2.985232559
5/3/2025 10:35,May,3.131780099,3.157522543
5/3/2025 10:40,May,3.083234951,3.108586279
5/3/2025 10:45,May,3.064507713,3.09134452
5/3/2025 10:50,May,3.075422018,3.101066562
5/3/2025 10:55,May,3.06770124,3.092961652
5/3/2025 11:00,May,3.068660163,3.093293902
5/3/2025 11:05,May,0,0
5/3/2025 11:10,May,3.066744646,3.090381673
5/3/2025 11:15,May,3.066425482,3.090381931
5/3/2025 11:20,May,3.068660829,3.092310162
5/3/2025 11:25,May,3.069619981,3.093274243
5/3/2025 11:30,May,2.81878922,2.840515124
5/3/2025 11:35,May,2.991324284,3.014389617
5/3/2025 11:40,May,2.81878867,2.840528155
5/3/2025 11:45,May,2.957625778,2.978908099
5/3/2025 11:50,May,2.815560122,2.836403076
5/3/2025 11:55,May,2.815267934,2.83610438
5/3/2025 12:00,May,2.746904208,2.767805188
5/3/2025 12:05,May,0,0
5/3/2025 12:10,May,1.545599717,1.55734782
5/3/2025 12:15,May,2.685890999,2.706026791
5/3/2025 12:20,May,2.802238701,2.824689266
5/3/2025 12:25,May,2.815859635,2.838428719
5/3/2025 12:30,May,2.808204129,2.830113555
5/3/2025 12:35,May,2.762533392,2.784373873
5/3/2025 12:40,May,2.950931838,2.974256936
5/3/2025 12:45,May,3.068661826,3.093231542
5/3/2025 12:50,May,3.073133431,3.097731276
5/3/2025 12:55,May,5.058635165,5.101255245
5/3/2025 13:00,May,4.540629921,4.579370079
5/3/2025 13:05,May,4.554056902,4.590094837
5/3/2025 13:10,May,3.281259541,3.3058613
5/3/2025 13:15,May,3.873480302,3.904916309
5/3/2025 13:20,May,3.287755175,3.313045599
5/3/2025 13:25,May,3.292886543,3.317156755
5/3/2025 13:30,May,3.293225876,3.317835348
5/3/2025 13:35,May,3.76337934,3.791490484
5/3/2025 13:40,May,3.770373553,3.799689126
5/3/2025 13:45,May,3.537459139,3.565310263
5/3/2025 13:50,May,3.140604494,3.164012726
5/3/2025 13:55,May,4.173315066,4.205301116
5/3/2025 14:00,May,5.078524271,5.119586249
5/3/2025 14:05,May,5.023971742,5.065083589
5/3/2025 14:10,May,3.872399942,3.904893923
5/3/2025 14:15,May,3.124951663,3.147912603
5/3/2025 14:20,May,3.765034688,3.791513368
5/3/2025 14:25,May,3.336743284,3.357429851
5/3/2025 14:30,May,3.097995698,3.115579781
5/3/2025 14:35,May,2.829584932,2.843594223
5/3/2025 14:40,May,3.760556378,3.77915573
5/3/2025 14:45,May,3.346732725,3.362244412
5/3/2025 14:50,May,3.139452586,3.153018121
5/3/2025 14:55,May,3.370768165,3.384973273
5/3/2025 15:00,May,3.381649199,3.404834882
5/3/2025 15:05,May,8.05368019,8.104882833
5/3/2025 15:10,May,8.04955606,8.08754904
5/3/2025 15:15,May,8.057042472,8.095897489
5/3/2025 15:20,May,8.067011375,8.105067218
5/3/2025 15:25,May,8.064516129,8.104218362
5/3/2025 15:30,May,8.055354745,8.095838067
5/3/2025 15:35,May,7.407531384,7.444747526
5/3/2025 15:40,May,7.350477757,7.385910829
5/3/2025 15:45,May,7.246403811,7.282082074
5/3/2025 15:50,May,4.58985886,4.611500261
5/3/2025 15:55,May,4.762881313,4.782879074
5/3/2025 16:00,May,4.18636965,4.201365345
5/3/2025 16:05,May,4.800883923,4.815613573
5/3/2025 16:10,May,4.198365157,4.209940349
5/3/2025 16:15,May,4.60320025,4.609767539
5/3/2025 16:20,May,4.610659581,4.610659581
5/3/2025 16:25,May,4.830310934,4.826390625
5/3/2025 16:30,May,4.621798876,4.615708932
5/3/2025 16:35,May,3.647048937,3.635624268
5/3/2025 16:40,May,4.212125282,4.198091952
5/3/2025 16:45,May,4.227372631,4.212873421
5/3/2025 16:50,May,4.230746845,4.210302282
5/3/2025 16:55,May,3.408863021,3.391726167
5/3/2025 17:00,May,3.373711489,3.35506658
5/3/2025 17:05,May,3.198639591,3.179368743
5/3/2025 17:10,May,3.376334687,3.354656776
5/3/2025 17:15,May,3.378389596,3.355352042
5/3/2025 17:20,May,3.927622938,3.898506118
5/3/2025 17:25,May,3.639815665,3.60996022
5/3/2025 17:30,May,3.426253313,3.396799316
5/3/2025 17:35,May,3.922034612,3.888710647
5/3/2025 17:40,May,4.231373387,4.193736746
5/3/2025 17:45,May,4.237758371,4.197963238
5/3/2025 17:50,May,4.671175373,4.625466418
5/3/2025 17:55,May,4.673202614,4.627917834
5/3/2025 18:00,May,4.672628305,4.624572317
5/3/2025 18:05,May,8.248170669,8.159950531
5/3/2025 18:10,May,5.580159232,5.519887485
5/3/2025 18:15,May,7.468064911,7.386614133
5/3/2025 18:20,May,8.254125413,8.155115512
5/3/2025 18:25,May,8.26179406,8.161040474
5/3/2025 18:30,May,8.266721718,8.164327003
5/3/2025 18:35,May,8.274323487,8.170212766
5/3/2025 18:40,May,8.273525365,8.169403891
5/3/2025 18:45,May,8.278627532,8.173625465
5/3/2025 18:50,May,4.853500677,4.791481301
5/3/2025 18:55,May,4.795287239,4.733569984
5/3/2025 19:00,May,4.596323691,4.53628596
5/3/2025 19:05,May,4.238766086,4.181759369
5/3/2025 19:10,May,4.752127131,4.687749276
5/3/2025 19:15,May,3.806125671,3.753836438
5/3/2025 19:20,May,4.589597475,4.525656421
5/3/2025 19:25,May,5.21198716,5.14036256
5/3/2025 19:30,May,4.75554762,4.690662646
5/3/2025 19:35,May,4.598057121,4.53533345
5/3/2025 19:40,May,4.60040755,4.538103683
5/3/2025 19:45,May,4.796068222,4.730643414
5/3/2025 19:50,May,4.598972795,4.536706961
5/3/2025 19:55,May,4.600865666,4.5385618
5/3/2025 20:00,May,4.146536172,4.09
5/3/2025 20:05,May,13.10533789,12.92762067
5/3/2025 20:10,May,8.365680966,8.248229904
5/3/2025 20:15,May,8.368103386,8.250676776
5/3/2025 20:20,May,8.375833438,8.257500103
5/3/2025 20:25,May,8.373216703,8.25575341
5/3/2025 20:30,May,8.37143452,8.254007912
5/3/2025 20:35,May,8.360120595,8.242021
5/3/2025 20:40,May,8.361783969,8.242852687
5/3/2025 20:45,May,8.360914761,8.241164241
5/3/2025 20:50,May,8.361633386,8.242751543
5/3/2025 20:55,May,8.359858716,8.240182838
5/3/2025 21:00,May,8.355592481,8.237615536
5/3/2025 21:05,May,13.80262278,13.61128295
5/3/2025 21:10,May,11.92159919,11.75064616
5/3/2025 21:15,May,8.406112623,8.287209546
5/3/2025 21:20,May,8.422818792,8.302013423
5/3/2025 21:25,May,8.421802935,8.300209644
5/3/2025 21:30,May,8.420876127,8.298469923
5/3/2025 21:35,May,8.402468777,8.282816015
5/3/2025 21:40,May,8.401673535,8.282008265
5/3/2025 21:45,May,8.406694456,8.286192365
5/3/2025 21:50,May,8.390182873,8.270705064
5/3/2025 21:55,May,8.377893639,8.257768509
5/3/2025 22:00,May,8.369166667,8.249166667
5/3/2025 22:05,May,8.358792924,8.240582726
5/3/2025 22:10,May,8.348513322,8.232064994
5/3/2025 22:15,May,8.341645885,8.224438903
5/3/2025 22:20,May,8.33309106,8.215969266
5/3/2025 22:25,May,5.102257316,5.030072347
5/3/2025 22:30,May,4.596225773,4.531212917
5/3/2025 22:35,May,4.593841195,4.528894416
5/3/2025 22:40,May,3.70462446,3.651901401
5/3/2025 22:45,May,4.589597475,4.524742978
5/3/2025 22:50,May,4.587243095,4.521984862
5/3/2025 22:55,May,4.589597475,4.524742978
5/3/2025 23:00,May,3.47877916,3.429631151
5/3/2025 23:05,May,8.368075532,8.247887732
5/3/2025 23:10,May,8.343047461,8.224812656
5/3/2025 23:15,May,8.328653146,8.214664587
5/3/2025 23:20,May,4.9985113,4.929559425
5/3/2025 23:25,May,3.568531414,3.519662081
5/3/2025 23:30,May,3.51546625,3.467006122
5/3/2025 23:35,May,3.550682814,3.501426835
5/3/2025 23:40,May,3.551682692,3.501384603
5/3/2025 23:45,May,3.475844934,3.426298899
5/3/2025 23:50,May,3.47690257,3.426658313
5/3/2025 23:55,May,3.477267331,3.426671255
5/4/2025 0:00,May,3.681915167,3.627634517
5/4/2025 0:05,May,8.371879658,8.247362782
5/4/2025 0:10,May,8.345251845,8.223496397
5/4/2025 0:15,May,8.334062272,8.214932834
5/4/2025 0:20,May,4.044559807,3.986768834
5/4/2025 0:25,May,4.269619161,4.209465654
5/4/2025 0:30,May,4.270927808,4.211176645
5/4/2025 0:35,May,3.934895181,3.881396656
5/4/2025 0:40,May,3.469366404,3.421522639
5/4/2025 0:45,May,0,0
5/4/2025 0:50,May,2.14910294,2.120431117
5/4/2025 0:55,May,2.761988163,2.724883138
5/4/2025 1:00,May,3.246643465,3.203372108
5/4/2025 1:05,May,8.317275748,8.21179402
5/4/2025 1:10,May,5.315664618,5.247671706
5/4/2025 1:15,May,3.828369429,3.779434809
5/4/2025 1:20,May,3.967069889,3.916728375
5/4/2025 1:25,May,4.224019852,4.171673414
5/4/2025 1:30,May,5.416214673,5.351187583
5/4/2025 1:35,May,5.410554388,5.345060482
5/4/2025 1:40,May,5.410100594,5.345120905
5/4/2025 1:45,May,5.407414706,5.344052911
5/4/2025 1:50,May,6.111979118,6.040938078
5/4/2025 1:55,May,6.111901619,6.042100298
5/4/2025 2:00,May,4.677693269,4.62518233
5/4/2025 2:05,May,8.294938555,8.202457821
5/4/2025 2:10,May,6.115184857,6.048795637
5/4/2025 2:15,May,6.102322507,6.037267072
5/4/2025 2:20,May,5.567360847,5.508556613
5/4/2025 2:25,May,4.59347527,4.545852929
5/4/2025 2:30,May,4.668844064,4.621341973
5/4/2025 2:35,May,5.550565727,5.494069996
5/4/2025 2:40,May,4.66891468,4.621392723
5/4/2025 2:45,May,5.54442173,5.488530382
5/4/2025 2:50,May,4.783028262,4.734802528
5/4/2025 2:55,May,4.58610414,4.538929612
5/4/2025 3:00,May,4.005280738,3.964076639
5/4/2025 3:05,May,4.582824152,4.536136111
5/4/2025 3:10,May,4.571092637,4.523597172
5/4/2025 3:15,May,4.570689398,4.523154967
5/4/2025 3:20,May,3.852779005,3.812333965
5/4/2025 3:25,May,3.799372015,3.759116307
5/4/2025 3:30,May,3.570342125,3.532528334
5/4/2025 3:35,May,3.800872578,3.759475418
5/4/2025 3:40,May,3.636592495,3.596988583
5/4/2025 3:45,May,3.459300729,3.421654167
5/4/2025 3:50,May,3.634576891,3.594664653
5/4/2025 3:55,May,3.635335359,3.595048548
5/4/2025 4:00,May,4.255428894,4.208661224
5/4/2025 4:05,May,3.955903658,3.912440953
5/4/2025 4:10,May,3.641419501,3.600669671
5/4/2025 4:15,May,3.563751584,3.524250106
5/4/2025 4:20,May,3.445910956,3.406354632
5/4/2025 4:25,May,3.453367057,3.412677838
5/4/2025 4:30,May,3.451484523,3.410138977
5/4/2025 4:35,May,3.450378868,3.408703431
5/4/2025 4:40,May,3.450530022,3.408513907
5/4/2025 4:45,May,3.448008068,3.40671248
5/4/2025 4:50,May,3.419513434,3.378554994
5/4/2025 4:55,May,3.312996894,3.273663598
5/4/2025 5:00,May,3.426228701,3.385551069
5/4/2025 5:05,May,3.41438224,3.374536331
5/4/2025 5:10,May,3.442378753,3.401847575
5/4/2025 5:15,May,3.415498448,3.374935966
5/4/2025 5:20,May,3.415569128,3.375325262
5/4/2025 5:25,May,3.402593963,3.363188293
5/4/2025 5:30,May,2.887964584,2.85481638
5/4/2025 5:35,May,2.885057344,2.855110664
5/4/2025 5:40,May,3.216034505,3.182989726
5/4/2025 5:45,May,3.215313033,3.182288974
5/4/2025 5:50,May,3.212291753,3.179622186
5/4/2025 5:55,May,3.180747872,3.148722621
5/4/2025 6:00,May,3.210223561,3.178557541
5/4/2025 6:05,May,3.176450427,3.146064485
5/4/2025 6:10,May,3.204630478,3.175253892
5/4/2025 6:15,May,3.171226577,3.143108901
5/4/2025 6:20,May,3.166332779,3.139840277
5/4/2025 6:25,May,3.16376946,3.138556327
5/4/2025 6:30,May,3.162812,3.138556327
5/4/2025 6:35,May,3.159000811,3.136336194
5/4/2025 6:40,May,3.155125541,3.134067973
5/4/2025 6:45,May,2.894118667,2.877118578
5/4/2025 6:50,May,0,0
5/4/2025 6:55,May,0.000989758,0.000985139
5/4/2025 7:00,May,2.108071441,2.099932169
5/4/2025 7:05,May,-1.02E-05,-1.01E-05
5/4/2025 7:10,May,2.103564246,2.097782281
5/4/2025 7:15,May,2.101658869,2.097587963
5/4/2025 7:20,May,0,0
5/4/2025 7:25,May,2.094791576,2.095219958
5/4/2025 7:30,May,2.094177896,2.095464115
5/4/2025 7:35,May,0.000982188,0.000983395
5/4/2025 7:40,May,2.269779076,2.27350346
5/4/2025 7:45,May,2.44486313,2.449630902
5/4/2025 7:50,May,2.265827707,2.271183173
5/4/2025 7:55,May,2.263495867,2.269548617
5/4/2025 8:00,May,2.508891342,2.518715937
5/4/2025 8:05,May,2.252099419,2.262831478
5/4/2025 8:10,May,0,0
5/4/2025 8:15,May,0,0
5/4/2025 8:20,May,3.52E-07,3.54E-07
5/4/2025 8:25,May,2.076058468,2.09094138
5/4/2025 8:30,May,2.075409713,2.090938083
5/4/2025 8:35,May,1.980849578,1.996500328
5/4/2025 8:40,May,2.238814056,2.256517715
5/4/2025 8:45,May,2.236255088,2.254418985
5/4/2025 8:50,May,2.073276162,2.090558864
5/4/2025 8:55,May,2.692324424,2.714783856
5/4/2025 9:00,May,2.232521555,2.25116085
5/4/2025 9:05,May,9.72E-07,9.78E-07
5/4/2025 9:10,May,2.242313265,2.255809962
5/4/2025 9:15,May,0.000971034,0.000976484
5/4/2025 9:20,May,2.078256776,2.089929947
5/4/2025 9:25,May,2.235314985,2.252326869
5/4/2025 9:30,May,2.076121326,2.09235963
5/4/2025 9:35,May,2.07481903,2.091486851
5/4/2025 9:40,May,2.853524803,2.87614584
5/4/2025 9:45,May,2.932962367,2.956531361
5/4/2025 9:50,May,2.913583251,2.937315445
5/4/2025 9:55,May,2.860629613,2.883053027
5/4/2025 10:00,May,2.861820853,2.88455746
5/4/2025 10:05,May,2.23993585,2.257510407
5/4/2025 10:10,May,2.239466389,2.25727713
5/4/2025 10:15,May,2.074647291,2.091147206
5/4/2025 10:20,May,2.860322215,2.883963715
5/4/2025 10:25,May,3.321606035,3.351811922
5/4/2025 10:30,May,3.166218093,3.195022963
5/4/2025 10:35,May,3.100045228,3.129547855
5/4/2025 10:40,May,3.070263774,3.099177004
5/4/2025 10:45,May,2.675700333,2.70175962
5/4/2025 10:50,May,2.673981278,2.700040196
5/4/2025 10:55,May,3.102320845,3.131866758
5/4/2025 11:00,May,3.072194814,3.101141374
5/4/2025 11:05,May,2.719066491,2.742157745
5/4/2025 11:10,May,3.072191928,3.093399403
5/4/2025 11:15,May,3.076692031,3.099832304
5/4/2025 11:20,May,3.077660587,3.100812981
5/4/2025 11:25,May,3.077337342,3.100163392
5/4/2025 11:30,May,3.080558174,3.104361172
5/4/2025 11:35,May,3.079591031,3.10338904
5/4/2025 11:40,May,3.079905958,3.104331801
5/4/2025 11:45,May,2.828525748,2.850960308
5/4/2025 11:50,May,2.828231452,2.850373139
5/4/2025 11:55,May,2.827937095,2.850081101
5/4/2025 12:00,May,3.079587797,3.103699822
5/4/2025 12:05,May,-9.88E-06,-9.95E-06
5/4/2025 12:10,May,0,0
5/4/2025 12:15,May,2.82528099,2.847134318
5/4/2025 12:20,May,3.113017006,3.136447617
5/4/2025 12:25,May,3.077995813,3.101184649
5/4/2025 12:30,May,3.111114493,3.13454058
5/4/2025 12:35,May,2.077756222,2.09344727
5/4/2025 12:40,May,2.680264912,2.698834877
5/4/2025 12:45,May,3.071877078,3.092171568
5/4/2025 12:50,May,3.069621959,3.0937846
5/4/2025 12:55,May,3.073493033,3.097683607
5/4/2025 13:00,May,3.077037731,3.096382059
5/4/2025 13:05,May,2.826476508,2.844824487
5/4/2025 13:10,May,2.556131707,2.572716069
5/4/2025 13:15,May,3.079598585,3.0985866
5/4/2025 13:20,May,3.324407428,3.345606346
5/4/2025 13:25,May,3.115024173,3.134552064
5/4/2025 13:30,May,3.083476905,3.102809049
5/4/2025 13:35,May,3.121511335,3.137444049
5/4/2025 13:40,May,3.1221566,3.138085971
5/4/2025 13:45,May,3.126687664,3.142635171
5/4/2025 13:50,May,3.124412897,3.140330576
5/4/2025 13:55,May,3.125034085,3.142915574
5/4/2025 14:00,May,3.78748392,3.811888825
5/4/2025 14:05,May,3.126741977,3.141383328
5/4/2025 14:10,May,3.773777793,3.791443455
5/4/2025 14:15,May,3.307463035,3.324997403
5/4/2025 14:20,May,3.347827045,3.365915886
5/4/2025 14:25,May,8.017469065,8.059062078
5/4/2025 14:30,May,3.88033378,3.90008
5/4/2025 14:35,May,3.783590346,3.798509557
5/4/2025 14:40,May,3.148645742,3.152237105
5/4/2025 14:45,May,3.155776515,3.153493266
5/4/2025 14:50,May,3.368649932,3.363783447
5/4/2025 14:55,May,3.193668982,3.186742715
5/4/2025 15:00,May,3.29492823,3.288803828
5/4/2025 15:05,May,3.800472408,3.793801471
5/4/2025 15:10,May,3.80164947,3.793802119
5/4/2025 15:15,May,5.313624517,5.299928196
5/4/2025 15:20,May,4.769431997,4.752721291
5/4/2025 15:25,May,4.777134604,4.762408542
5/4/2025 15:30,May,3.924654412,3.909748621
5/4/2025 15:35,May,4.240585263,4.223624662
5/4/2025 15:40,May,3.326705962,3.309640681
5/4/2025 15:45,May,3.598133847,3.578596803
5/4/2025 15:50,May,3.601451459,3.580071297
5/4/2025 15:55,May,3.396071758,3.375224172
5/4/2025 16:00,May,3.913284334,3.890076717
5/4/2025 16:05,May,4.740964204,4.711899338
5/4/2025 16:10,May,3.920507655,3.896875662
5/4/2025 16:15,May,4.675202967,4.648937782
5/4/2025 16:20,May,4.305128357,4.281826498
5/4/2025 16:25,May,4.044564734,4.024325389
5/4/2025 16:30,May,5.326558882,5.300450965
5/4/2025 16:35,May,4.646661745,4.623879338
5/4/2025 16:40,May,4.746334775,4.620556903
5/4/2025 16:45,May,4.744833404,4.620044285
5/4/2025 16:50,May,4.741833509,4.618545838
5/4/2025 16:55,May,4.744333158,4.622878229
5/4/2025 17:00,May,4.329979381,4.220863901
5/4/2025 17:05,May,4.737839545,4.617972205
5/4/2025 17:10,May,4.735346733,4.616963064
5/4/2025 17:15,May,4.522758589,4.514427679
5/4/2025 17:20,May,4.525062453,4.515347055
5/4/2025 17:25,May,4.641497529,4.620201914
5/4/2025 17:30,May,4.645771982,4.621634413
5/4/2025 17:35,May,4.69136623,4.663188422
5/4/2025 17:40,May,4.675057989,4.645092717
5/4/2025 17:45,May,4.752292368,4.719901362
5/4/2025 17:50,May,7.272318402,7.219813358
5/4/2025 17:55,May,6.015984684,5.970742523
5/4/2025 18:00,May,8.195487158,8.129770199
5/4/2025 18:05,May,4.665931295,4.628112197
5/4/2025 18:10,May,4.764782149,4.725671149
5/4/2025 18:15,May,7.393453111,7.330549226
5/4/2025 18:20,May,8.202468624,8.125298206
5/4/2025 18:25,May,8.245475349,8.154774288
5/4/2025 18:30,May,8.261557788,8.166597353
5/4/2025 18:35,May,8.27011265,8.175073049
5/4/2025 18:40,May,8.248777951,8.15725429
5/4/2025 18:45,May,8.253017062,8.160632543
5/4/2025 18:50,May,8.252780376,8.157987735
5/4/2025 18:55,May,8.253348562,8.15450109
5/4/2025 19:00,May,8.25,8.151993356
5/4/2025 19:05,May,3.212821046,3.175106582
5/4/2025 19:10,May,4.248121956,4.197006481
5/4/2025 19:15,May,4.570680277,4.517042404
5/4/2025 19:20,May,5.385596364,5.321835918
5/4/2025 19:25,May,4.867371693,4.809234864
5/4/2025 19:30,May,4.680469974,4.625953003
5/4/2025 19:35,May,4.678552783,4.624986948
5/4/2025 19:40,May,4.757788166,4.70379298
5/4/2025 19:45,May,4.678008559,4.625404446
5/4/2025 19:50,May,4.683778985,4.630666388
5/4/2025 19:55,May,4.680300501,4.62677379
5/4/2025 20:00,May,4.68616799,4.631633932
5/4/2025 20:05,May,8.279813279,8.178515924
5/4/2025 20:10,May,8.292601927,8.189526281
5/4/2025 20:15,May,8.290077922,8.187844156
5/4/2025 20:20,May,8.29183122,8.189565579
5/4/2025 20:25,May,8.292662648,8.192059863
5/4/2025 20:30,May,8.278982875,8.179346134
5/4/2025 20:35,May,8.274603339,8.176708493
5/4/2025 20:40,May,8.278037141,8.18010167
5/4/2025 20:45,May,8.280497925,8.181742739
5/4/2025 20:50,May,8.278780498,8.180045793
5/4/2025 20:55,May,5.131614017,5.071938105
5/4/2025 21:00,May,5.012142131,4.954352243
5/4/2025 21:05,May,4.998221803,4.940137879
5/4/2025 21:10,May,5.009963015,4.951760139
5/4/2025 21:15,May,5.008424486,4.949737889
5/4/2025 21:20,May,5.005808283,4.946179536
5/4/2025 21:25,May,7.606722425,7.515332087
5/4/2025 21:30,May,7.41793521,7.330289636
5/4/2025 21:35,May,4.977195991,4.916929733
5/4/2025 21:40,May,4.689983113,4.632753873
5/4/2025 21:45,May,4.689355844,4.631705592
5/4/2025 21:50,May,4.789067671,4.728307272
5/4/2025 21:55,May,4.789058614,4.728782779
5/4/2025 22:00,May,4.400568227,4.345198584
5/4/2025 22:05,May,8.30653904,8.202415757
5/4/2025 22:10,May,4.796294534,4.737603668
5/4/2025 22:15,May,4.693933054,4.636035565
5/4/2025 22:20,May,4.385146061,4.331507819
5/4/2025 22:25,May,4.690849264,4.633030398
5/4/2025 22:30,May,3.4779924,3.434452185
5/4/2025 22:35,May,4.122191726,4.070602422
5/4/2025 22:40,May,3.465620916,3.421919131
5/4/2025 22:45,May,3.475698471,3.432208751
5/4/2025 22:50,May,3.473775671,3.4292891
5/4/2025 22:55,May,3.467719217,3.423319091
5/4/2025 23:00,May,3.417594764,3.375537319
5/4/2025 23:05,May,5.441772535,5.374563174
5/4/2025 23:10,May,4.394551377,4.341163755
5/4/2025 23:15,May,3.464606167,3.421846127
5/4/2025 23:20,May,3.466310069,3.422863889
5/4/2025 23:25,May,3.468412859,3.424614501
5/4/2025 23:30,May,3.46509712,3.421349401
5/4/2025 23:35,May,3.464115689,3.420050916
5/4/2025 23:40,May,3.451450305,3.407214234
5/4/2025 23:45,May,3.540834094,3.495097877
5/4/2025 23:50,May,3.465903028,3.421477273
5/4/2025 23:55,May,3.461482726,3.416780426
5/5/2025 0:00,May,3.428937142,3.384650709
5/5/2025 0:05,May,3.45080647,3.405865091
5/5/2025 0:10,May,3.334484778,3.334484778
5/5/2025 0:15,May,3.568145336,3.568145336
5/5/2025 0:20,May,5.666190679,5.666190679
5/5/2025 0:25,May,5.864706215,5.864706215
5/5/2025 0:30,May,5.866624958,5.866624958
5/5/2025 0:35,May,5.868221792,5.868221792
5/5/2025 0:40,May,8.166472977,8.166472977
5/5/2025 0:45,May,5.672088684,5.672088684
5/5/2025 0:50,May,5.868145469,5.868145469
5/5/2025 0:55,May,5.383910703,5.383910703
5/5/2025 1:00,May,3.341097507,3.341097507
5/5/2025 1:05,May,3.29570003,3.29570003
5/5/2025 1:10,May,3.166348328,3.166348328
5/5/2025 1:15,May,2.951390641,2.951390641
5/5/2025 1:20,May,3.163386237,3.163386237
5/5/2025 1:25,May,3.163719753,3.163719753
5/5/2025 1:30,May,3.134274175,3.134274175
5/5/2025 1:35,May,3.163550583,3.163550583
5/5/2025 1:40,May,3.163761237,3.163761237
5/5/2025 1:45,May,3.062903598,3.062903598
5/5/2025 1:50,May,3.031168882,3.031168882
5/5/2025 1:55,May,3.031636023,3.031636023
5/5/2025 2:00,May,3.03212174,3.03212174
5/5/2025 2:05,May,3.031773485,3.031773485
5/5/2025 2:10,May,3.024964406,3.024964406
5/5/2025 2:15,May,3.159145956,3.159145956
5/5/2025 2:20,May,3.466608496,3.466608496
5/5/2025 2:25,May,3.290178234,3.290178234
5/5/2025 2:30,May,3.161730744,3.161730744
5/5/2025 2:35,May,3.182097473,3.182097473
5/5/2025 2:40,May,3.161547878,3.161547878
5/5/2025 2:45,May,3.181812626,3.181812626
5/5/2025 2:50,May,3.161503402,3.161503402
5/5/2025 2:55,May,3.027994192,3.027994192
5/5/2025 3:00,May,2.549466429,2.549466429
5/5/2025 3:05,May,2.461908098,2.461908098
5/5/2025 3:10,May,2.291248077,2.291248077
5/5/2025 3:15,May,2.946666547,2.946666547
5/5/2025 3:20,May,3.027615662,3.027615662
5/5/2025 3:25,May,2.946645653,2.946645653
5/5/2025 3:30,May,2.290943259,2.290943259
5/5/2025 3:35,May,1.621485361,1.621485361
5/5/2025 3:40,May,1.621380849,1.621380849
5/5/2025 3:45,May,0,0
5/5/2025 3:50,May,2.290871989,2.290871989
5/5/2025 3:55,May,2.291316815,2.291316815
5/5/2025 4:00,May,2.298383766,2.279073527
5/5/2025 4:05,May,2.878668945,2.856587916
5/5/2025 4:10,May,2.880120652,2.857746833
5/5/2025 4:15,May,3.167382931,3.142447942
5/5/2025 4:20,May,3.073248311,3.048434033
5/5/2025 4:25,May,3.09493351,3.068694671
5/5/2025 4:30,May,3.05467431,3.028476417
5/5/2025 4:35,May,3.087256851,3.06017292
5/5/2025 4:40,May,3.092146029,3.064409585
5/5/2025 4:45,May,3.096024912,3.067638185
5/5/2025 4:50,May,3.10243152,3.073378441
5/5/2025 4:55,May,3.175374915,3.144685698
5/5/2025 5:00,May,3.170764052,3.140131733
5/5/2025 5:05,May,-1.02E-05,-1.01E-05
5/5/2025 5:10,May,2.903979643,2.874564144
5/5/2025 5:15,May,3.093707936,3.064214484
5/5/2025 5:20,May,3.173765124,3.143189966
5/5/2025 5:25,May,3.174083615,3.143189966
5/5/2025 5:30,May,3.174105366,3.142886746
5/5/2025 5:35,May,3.187433531,3.156391256
5/5/2025 5:40,May,3.174808184,3.144207623
5/5/2025 5:45,May,3.171884072,3.141939601
5/5/2025 5:50,May,3.169953674,3.14064944
5/5/2025 5:55,May,3.161031769,3.13212183
5/5/2025 6:00,May,3.062590948,3.035188656
5/5/2025 6:05,May,-1.02E-05,-1.01E-05
5/5/2025 6:10,May,2.898445183,2.874565699
5/5/2025 6:15,May,2.898366599,2.875923495
5/5/2025 6:20,May,2.893404006,2.872128977
5/5/2025 6:25,May,2.889010924,2.86949058
5/5/2025 6:30,May,2.118914801,2.105652867
5/5/2025 6:35,May,2.117245603,2.105258367
5/5/2025 6:40,May,2.874864538,2.860602276
5/5/2025 6:45,May,3.029459479,3.015340418
5/5/2025 6:50,May,2.874477481,2.862816315
5/5/2025 6:55,May,2.871864512,2.861658881
5/5/2025 7:00,May,3.02215858,3.013553695
5/5/2025 7:05,May,-9.94E-06,-9.92E-06
5/5/2025 7:10,May,2.10288116,2.099885908
5/5/2025 7:15,May,2.277373105,2.275052097
5/5/2025 7:20,May,2.275075129,2.274378251
5/5/2025 7:25,May,2.901959665,2.903444195
5/5/2025 7:30,May,2.901699637,2.904374837
5/5/2025 7:35,May,3.135089358,3.138627471
5/5/2025 7:40,May,3.253802423,3.258479346
5/5/2025 7:45,May,3.228525741,3.238834145
5/5/2025 7:50,May,3.235679187,3.246688302
5/5/2025 7:55,May,3.277149202,3.290345776
5/5/2025 8:00,May,3.778186535,3.796561407
5/5/2025 8:05,May,0,0
5/5/2025 8:10,May,3.093950063,3.110534478
5/5/2025 8:15,May,2.833046993,2.849402729
5/5/2025 8:20,May,3.095470594,3.114300655
5/5/2025 8:25,May,3.12546797,3.144810732
5/5/2025 8:30,May,3.102324102,3.121843625
5/5/2025 8:35,May,3.77320642,3.798911584
5/5/2025 8:40,May,3.328612344,3.351300397
5/5/2025 8:45,May,3.211238375,3.233448861
5/5/2025 8:50,May,3.305147588,3.328363168
5/5/2025 8:55,May,3.776721246,3.794240311
5/5/2025 9:00,May,3.77204375,3.792292153
5/5/2025 9:05,May,-9.66E-06,-9.71E-06
5/5/2025 9:10,May,2.789232436,2.806211874
5/5/2025 9:15,May,2.777929584,2.801208323
5/5/2025 9:20,May,3.115157427,3.141600792
5/5/2025 9:25,May,3.115159307,3.141930712
5/5/2025 9:30,May,3.276998646,3.307526529
5/5/2025 9:35,May,3.289750167,3.321107089
5/5/2025 9:40,May,3.775022807,3.81182556
5/5/2025 9:45,May,3.775391432,3.812228343
5/5/2025 9:50,May,4.549149338,4.593572779
5/5/2025 9:55,May,3.878713012,3.91701233
5/5/2025 10:00,May,4.178703522,4.219180496
5/5/2025 10:05,May,0,0
5/5/2025 10:10,May,0,0
5/5/2025 10:15,May,2.782676911,2.807976588
5/5/2025 10:20,May,3.044374399,3.070770709
5/5/2025 10:25,May,3.163033136,3.190764731
5/5/2025 10:30,May,3.087118868,3.113210782
5/5/2025 10:35,May,3.326280746,3.355091592
5/5/2025 10:40,May,3.269858764,3.297861063
5/5/2025 10:45,May,3.261927319,3.290201171
5/5/2025 10:50,May,3.288653007,3.31785228
5/5/2025 10:55,May,3.28968217,3.319576018
5/5/2025 11:00,May,3.288665073,3.319241505
5/5/2025 11:05,May,2.829542193,2.854367863
5/5/2025 11:10,May,3.208400603,3.235896447
5/5/2025 11:15,May,3.083632105,3.109748386
5/5/2025 11:20,May,3.230249849,3.258912817
5/5/2025 11:25,May,3.224209457,3.253142539
5/5/2025 11:30,May,3.277801678,3.306892591
5/5/2025 11:35,May,3.771703789,3.799691285
5/5/2025 11:40,May,3.33344889,3.35821755
5/5/2025 11:45,May,3.321691751,3.350164374
5/5/2025 11:50,May,3.294790955,3.323340826
5/5/2025 11:55,May,3.102471647,3.129327337
5/5/2025 12:00,May,2.080020929,2.098449053
5/5/2025 12:05,May,3.119312329,3.146618359
5/5/2025 12:10,May,3.117390842,3.145026716
5/5/2025 12:15,May,3.28964412,3.319143093
5/5/2025 12:20,May,3.219760343,3.248644561
5/5/2025 12:25,May,3.083942999,3.11068239
5/5/2025 12:30,May,3.112879723,3.140813765
5/5/2025 12:35,May,3.771642702,3.80592328
5/5/2025 12:40,May,4.214228141,4.252970658
5/5/2025 12:45,May,3.318572225,3.348021943
5/5/2025 12:50,May,3.764706915,3.798136424
5/5/2025 12:55,May,3.762797662,3.79503135
5/5/2025 13:00,May,4.553151458,4.594073377
5/5/2025 13:05,May,7.400539326,7.469303371
5/5/2025 13:10,May,7.193158374,7.257084345
5/5/2025 13:15,May,7.268870724,7.331209665
5/5/2025 13:20,May,7.39709098,7.46350449
5/5/2025 13:25,May,7.977786919,8.051007816
5/5/2025 13:30,May,7.976151316,8.047697368
5/5/2025 13:35,May,7.973700432,8.04355866
5/5/2025 13:40,May,7.219786394,7.282288925
5/5/2025 13:45,May,6.579698744,6.635332411
5/5/2025 13:50,May,6.652488079,6.707308748
5/5/2025 13:55,May,6.660514756,6.705754436
5/5/2025 14:00,May,6.580456665,6.62519401
5/5/2025 14:05,May,6.602858055,6.635377775
5/5/2025 14:10,May,6.624507486,6.650948566
5/5/2025 14:15,May,6.653653574,6.670611607
5/5/2025 14:20,May,6.428733101,6.441179191
5/5/2025 14:25,May,4.755087644,4.770130783
5/5/2025 14:30,May,5.48048506,5.497828367
5/5/2025 14:35,May,5.496577064,5.510568962
5/5/2025 14:40,May,6.674672436,6.668574988
5/5/2025 14:45,May,6.47349296,6.460366137
5/5/2025 14:50,May,11.9779393,11.95852414
5/5/2025 14:55,May,16.98152751,16.97291532
5/5/2025 15:00,May,11.96967753,11.91995042
5/5/2025 15:05,May,16.73611165,16.63458838
5/5/2025 15:10,May,9.840985888,9.781355595
5/5/2025 15:15,May,9.30746918,9.253853643
5/5/2025 15:20,May,9.330233425,9.260534528
5/5/2025 15:25,May,11.06445604,10.98621461
5/5/2025 15:30,May,16.51439469,16.41066736
5/5/2025 15:35,May,16.56231986,16.4749818
5/5/2025 15:40,May,11.91260465,11.87992758
5/5/2025 15:45,May,13.04475473,13.02749098
5/5/2025 15:50,May,11.91029397,11.89211031
5/5/2025 15:55,May,11.87509828,11.88113667
5/5/2025 16:00,May,10.95299026,10.95410292
5/5/2025 16:05,May,15.77811739,15.77971907
5/5/2025 16:10,May,10.10141125,10.08605645
5/5/2025 16:15,May,10.10345856,10.08810376
5/5/2025 16:20,May,9.264075905,9.248111455
5/5/2025 16:25,May,13.2651357,13.23829407
5/5/2025 16:30,May,8.86142843,8.835502136
5/5/2025 16:35,May,8.868606614,8.838216308
5/5/2025 16:40,May,8.176059235,8.153846154
5/5/2025 16:45,May,8.214903252,8.179497736
5/5/2025 16:50,May,8.221308104,8.176881942
5/5/2025 16:55,May,7.725798828,7.686349916
5/5/2025 17:00,May,4.955254364,4.932389312
5/5/2025 17:05,May,4.437155547,4.416716016
5/5/2025 17:10,May,3.406954335,3.388542052
5/5/2025 17:15,May,4.437031073,4.413909957
5/5/2025 17:20,May,4.653000933,4.629211154
5/5/2025 17:25,May,4.652471247,4.627292509
5/5/2025 17:30,May,4.645611496,4.617233537
5/5/2025 17:35,May,4.746662508,4.715290615
5/5/2025 17:40,May,4.665698579,4.63022508
5/5/2025 17:45,May,4.767305733,4.728209917
5/5/2025 17:50,May,4.96369757,4.921501921
5/5/2025 17:55,May,4.979250076,4.936428526
5/5/2025 18:00,May,5.060124095,5.021106515
5/5/2025 18:05,May,8.230903928,8.169054635
5/5/2025 18:10,May,7.680758838,7.626907364
5/5/2025 18:15,May,8.223068624,8.166272655
5/5/2025 18:20,May,13.17758304,13.07224665
5/5/2025 18:25,May,11.23955519,11.14646238
5/5/2025 18:30,May,10.35219396,10.25734267
5/5/2025 18:35,May,10.3640686,10.27095029
5/5/2025 18:40,May,10.37249119,10.27514553
5/5/2025 18:45,May,8.254845361,8.182268041
5/5/2025 18:50,May,4.98129129,4.934457786
5/5/2025 18:55,May,7.545653662,7.477138946
5/5/2025 19:00,May,5.164084265,5.120818448
5/5/2025 19:05,May,5.156903516,5.112078798
5/5/2025 19:10,May,5.145443798,5.102226392
5/5/2025 19:15,May,5.107921856,5.062434059
5/5/2025 19:20,May,5.124707968,5.081591435
5/5/2025 19:25,May,5.121634676,5.078000422
5/5/2025 19:30,May,3.174197976,3.146825969
5/5/2025 19:35,May,3.432227717,3.401628872
5/5/2025 19:40,May,4.659375564,4.617399208
5/5/2025 19:45,May,4.665708237,4.623220551
5/5/2025 19:50,May,4.670324767,4.625956681
5/5/2025 19:55,May,4.779332155,4.736292342
5/5/2025 20:00,May,4.664451923,4.62199692
5/5/2025 20:05,May,16.24093967,16.10250406
5/5/2025 20:10,May,4.985845113,4.936978944
5/5/2025 20:15,May,4.573069522,4.526498726
5/5/2025 20:20,May,4.990470795,4.940531129
5/5/2025 20:25,May,5.121628216,5.071838886
5/5/2025 20:30,May,5.115958468,5.066702424
5/5/2025 20:35,May,5.107201093,5.05849272
5/5/2025 20:40,May,2.904563596,2.876601492
5/5/2025 20:45,May,3.418748163,3.384807523
5/5/2025 20:50,May,4.667456703,4.619213046
5/5/2025 20:55,May,4.67297363,4.623764701
5/5/2025 21:00,May,0,0
5/5/2025 21:05,May,3.443201122,3.406077659
5/5/2025 21:10,May,4.864286288,4.811387236
5/5/2025 21:15,May,8.291210748,8.204344142
5/5/2025 21:20,May,4.800300343,4.750022883
5/5/2025 21:25,May,4.527501017,4.47737608
5/5/2025 21:30,May,4.521565199,4.469676166
5/5/2025 21:35,May,3.441409891,3.401900842
5/5/2025 21:40,May,3.447017869,3.406412088
5/5/2025 21:45,May,3.444619486,3.403358322
5/5/2025 21:50,May,3.444919105,3.403327086
5/5/2025 21:55,May,3.444172998,3.402598284
5/5/2025 22:00,May,3.431877801,3.390455635
5/5/2025 22:05,May,4.568616095,4.515157941
5/5/2025 22:10,May,3.583628817,3.541320843
5/5/2025 22:15,May,3.585785308,3.542755885
5/5/2025 22:20,May,3.591945648,3.548150188
5/5/2025 22:25,May,3.590845675,3.546350335
5/5/2025 22:30,May,3.583270275,3.540962301
5/5/2025 22:35,May,3.582896897,3.539884929
5/5/2025 22:40,May,3.446022417,3.40430886
5/5/2025 22:45,May,3.44668197,3.40463245
5/5/2025 22:50,May,3.436017524,3.394441712
5/5/2025 22:55,May,3.407252334,3.366377568
5/5/2025 23:00,May,3.408303168,3.367760577
5/5/2025 23:05,May,4.875983038,4.819768697
5/5/2025 23:10,May,3.577887705,3.53415
5/5/2025 23:15,May,3.576803535,3.532357835
5/5/2025 23:20,May,3.553236757,3.509426801
5/5/2025 23:25,May,3.552508432,3.508346924
5/5/2025 23:30,May,3.442389949,3.400283314
5/5/2025 23:35,May,3.423122181,3.38159443
5/5/2025 23:40,May,3.238192556,3.199244665
5/5/2025 23:45,May,3.298308141,3.259274909
5/5/2025 23:50,May,3.22151751,3.183719922
5/5/2025 23:55,May,2.907484571,2.873391998
5/6/2025 0:00,May,3.196941695,3.159771681
5/6/2025 0:05,May,4.594415115,4.541833715
5/6/2025 0:10,May,3.422199315,3.381373078
5/6/2025 0:15,May,3.415638699,3.374862113
5/6/2025 0:20,May,3.305121226,3.266315488
5/6/2025 0:25,May,3.403130994,3.363186539
5/6/2025 0:30,May,3.234967761,3.197664914
5/6/2025 0:35,May,3.235944257,3.197996429
5/6/2025 0:40,May,3.208896538,3.171912864
5/6/2025 0:45,May,3.208277625,3.171308494
5/6/2025 0:50,May,3.210492819,3.173501869
5/6/2025 0:55,May,3.216187426,3.179453094
5/6/2025 1:00,May,3.18749744,3.150760398
5/6/2025 1:05,May,3.2228329,3.18503504
5/6/2025 1:10,May,3.399580889,3.359678104
5/6/2025 1:15,May,3.236854815,3.19916029
5/6/2025 1:20,May,3.329806587,3.291332985
5/6/2025 1:25,May,3.329580412,3.291074605
5/6/2025 1:30,May,3.398805105,3.359152948
5/6/2025 1:35,May,3.397437789,3.358127461
5/6/2025 1:40,May,3.398812296,3.359486065
5/6/2025 1:45,May,3.397910253,3.35857467
5/6/2025 1:50,May,3.396635316,3.357955502
5/6/2025 1:55,May,3.394910668,3.356234904
5/6/2025 2:00,May,3.388204056,3.349942425
5/6/2025 2:05,May,3.428252671,3.389534884
5/6/2025 2:10,May,3.388544918,3.350287153
5/6/2025 2:15,May,3.386150704,3.348257496
5/6/2025 2:20,May,3.382735696,3.345210391
5/6/2025 2:25,May,3.382394281,3.344535477
5/6/2025 2:30,May,3.239943051,3.203678689
5/6/2025 2:35,May,3.183572203,3.147942387
5/6/2025 2:40,May,3.212770841,3.177141766
5/6/2025 2:45,May,3.212052272,3.176118206
5/6/2025 2:50,May,3.180840977,3.145263252
5/6/2025 2:55,May,3.179810175,3.144254728
5/6/2025 3:00,May,3.211011122,3.175099561
5/6/2025 3:05,May,3.178506104,3.143278329
5/6/2025 3:10,May,2.969231825,2.936320146
5/6/2025 3:15,May,2.969840703,2.936626364
5/6/2025 3:20,May,2.968303263,2.935401876
5/6/2025 3:25,May,2.914853692,2.882538241
5/6/2025 3:30,May,2.964325766,2.931754041
5/6/2025 3:35,May,2.963669151,2.931117766
5/6/2025 3:40,May,2.927911195,2.896037956
5/6/2025 3:45,May,2.923024791,2.891499375
5/6/2025 3:50,May,2.916735122,2.88527437
5/6/2025 3:55,May,2.957567803,2.925660185
5/6/2025 4:00,May,2.95695318,2.925350333
5/6/2025 4:05,May,2.9578384,2.925642618
5/6/2025 4:10,May,3.384441047,3.347601737
5/6/2025 4:15,May,3.188370516,3.153340541
5/6/2025 4:20,May,3.195593972,3.16016253
5/6/2025 4:25,May,2.963380306,2.930526866
5/6/2025 4:30,May,2.962464908,2.929618306
5/6/2025 4:35,May,2.962445521,2.929605754
5/6/2025 4:40,May,2.961222655,2.928691585
5/6/2025 4:45,May,2.961829179,2.929294726
5/6/2025 4:50,May,2.961213094,2.928685408
5/6/2025 4:55,May,2.961530698,2.928996245
5/6/2025 5:00,May,3.052860153,3.019011285
5/6/2025 5:05,May,0,0
5/6/2025 5:10,May,2.90763856,2.875490582
5/6/2025 5:15,May,2.957627332,2.925210904
5/6/2025 5:20,May,2.958231347,2.925514129
5/6/2025 5:25,May,2.959430406,2.926114877
5/6/2025 5:30,May,2.959421064,2.926108987
5/6/2025 5:35,May,2.960313351,2.926406417
5/6/2025 5:40,May,3.1585552,3.124264492
5/6/2025 5:45,May,2.959105016,2.926989315
5/6/2025 5:50,May,2.957563294,2.925467551
5/6/2025 5:55,May,2.95786965,2.925770582
5/6/2025 6:00,May,2.93006127,2.898849684
5/6/2025 6:05,May,-2.05E-05,-2.03E-05
5/6/2025 6:10,May,0,0
5/6/2025 6:15,May,2.891708545,2.865275047
5/6/2025 6:20,May,2.888208688,2.862942307
5/6/2025 6:25,May,2.939059431,2.913343031
5/6/2025 6:30,May,3.192317237,3.160583187
5/6/2025 6:35,May,2.943865701,2.915755615
5/6/2025 6:40,May,2.943623457,2.916085284
5/6/2025 6:45,May,2.893495968,2.867858871
5/6/2025 6:50,May,2.935890253,2.911029892
5/6/2025 6:55,May,2.933549028,2.909862722
5/6/2025 7:00,May,2.931515075,2.909295405
5/6/2025 7:05,May,-1.02E-05,-1.02E-05
5/6/2025 7:10,May,2.122137314,2.108826994
5/6/2025 7:15,May,2.864984569,2.849008279
5/6/2025 7:20,May,2.51787728,2.506370782
5/6/2025 7:25,May,2.904778207,2.894430397
5/6/2025 7:30,May,2.900677881,2.894165491
5/6/2025 7:35,May,2.85098136,2.844575315
5/6/2025 7:40,May,2.895936101,2.889721011
5/6/2025 7:45,May,3.088263097,3.082573942
5/6/2025 7:50,May,2.890933846,2.887970306
5/6/2025 7:55,May,3.075327094,3.072487457
5/6/2025 8:00,May,3.075082601,3.072555309
5/6/2025 8:05,May,0,0
5/6/2025 8:10,May,2.829556437,2.835081211
5/6/2025 8:15,May,2.878470873,2.884387566
5/6/2025 8:20,May,2.928595075,2.934920334
5/6/2025 8:25,May,3.048485895,3.055388601
5/6/2025 8:30,May,3.046917099,3.054133564
5/6/2025 8:35,May,2.997304301,3.005028515
5/6/2025 8:40,May,2.987965488,3.00093382
5/6/2025 8:45,May,2.988222335,3.001197145
5/6/2025 8:50,May,3.101628953,3.11446151
5/6/2025 8:55,May,3.27506118,3.288278004
5/6/2025 9:00,May,3.407165029,3.420563794
5/6/2025 9:05,May,2.092156873,2.10255376
5/6/2025 9:10,May,2.815029777,2.829907136
5/6/2025 9:15,May,2.860985771,2.875535672
5/6/2025 9:20,May,3.000391612,3.015971587
5/6/2025 9:25,May,3.262859032,3.27946995
5/6/2025 9:30,May,3.264887531,3.281519145
5/6/2025 9:35,May,3.267601309,3.28390874
5/6/2025 9:40,May,3.390945471,3.408222826
5/6/2025 9:45,May,3.389578016,3.40508612
5/6/2025 9:50,May,4.195377237,4.215004223
5/6/2025 9:55,May,3.39719258,3.413781468
5/6/2025 10:00,May,3.276113881,3.291785807
5/6/2025 10:05,May,0,0
5/6/2025 10:10,May,2.787653906,2.801841177
5/6/2025 10:15,May,2.816019199,2.83005106
5/6/2025 10:20,May,3.269300111,3.285921371
5/6/2025 10:25,May,3.211322718,3.226308669
5/6/2025 10:30,May,3.265237075,3.280473043
5/6/2025 10:35,May,3.264898043,3.280812812
5/6/2025 10:40,May,3.260509742,3.277414085
5/6/2025 10:45,May,3.259837482,3.277072783
5/6/2025 10:50,May,4.333836647,4.358105773
5/6/2025 10:55,May,3.847020401,3.86896234
5/6/2025 11:00,May,3.261522226,3.280120849
5/6/2025 11:05,May,4.331117789,4.358987981
5/6/2025 11:10,May,3.262187672,3.283185973
5/6/2025 11:15,May,3.261511921,3.281828648
5/6/2025 11:20,May,3.230448547,3.254204305
5/6/2025 11:25,May,2.821127941,2.841264263
5/6/2025 11:30,May,3.110746753,3.132945691
5/6/2025 11:35,May,3.275729213,3.300768358
5/6/2025 11:40,May,3.276404967,3.301779851
5/6/2025 11:45,May,3.865760254,3.895291198
5/6/2025 11:50,May,2.664829665,2.683553412
5/6/2025 11:55,May,2.779280159,2.798797979
5/6/2025 12:00,May,3.226328574,3.248990525
5/6/2025 12:05,May,2.829250126,2.842685195
5/6/2025 12:10,May,3.284529658,3.305174306
5/6/2025 12:15,May,3.042927558,3.062047725
5/6/2025 12:20,May,3.11760106,3.137172292
5/6/2025 12:25,May,3.22021541,3.24043082
5/6/2025 12:30,May,3.220204948,3.240078667
5/6/2025 12:35,May,3.290280913,3.311261826
5/6/2025 12:40,May,3.291657909,3.312660563
5/6/2025 12:45,May,4.059179502,4.084656398
5/6/2025 12:50,May,4.05116192,4.075757367
5/6/2025 12:55,May,4.168034728,4.195072021
5/6/2025 13:00,May,5.177401027,5.212581554
5/6/2025 13:05,May,8.68432035,8.740659777
5/6/2025 13:10,May,4.700829624,4.728937677
5/6/2025 13:15,May,4.834568622,4.864485507
5/6/2025 13:20,May,4.697949833,4.726533832
5/6/2025 13:25,May,7.516911605,7.56342235
5/6/2025 13:30,May,9.1235715,9.180946537
5/6/2025 13:35,May,9.797912732,9.859452341
5/6/2025 13:40,May,9.13784267,9.193308999
5/6/2025 13:45,May,9.137777667,9.194195311
5/6/2025 13:50,May,9.851212724,9.912047714
5/6/2025 13:55,May,14.17067249,14.24056483
5/6/2025 14:00,May,13.12965908,13.13636815
5/6/2025 14:05,May,9.170658718,9.176301043
5/6/2025 14:10,May,12.06151132,12.06027765
5/6/2025 14:15,May,13.15675144,13.15137145
5/6/2025 14:20,May,13.13919523,13.1271237
5/6/2025 14:25,May,14.97152042,14.96693262
5/6/2025 14:30,May,14.96494142,14.94355639
5/6/2025 14:35,May,13.90410256,13.87006559
5/6/2025 14:40,May,12.75797092,12.68403047
5/6/2025 14:45,May,15.04734563,14.95415903
5/6/2025 14:50,May,15.44924845,15.35351459
5/6/2025 14:55,May,15.47479017,15.39762881
5/6/2025 15:00,May,14.99584774,14.91354509
5/6/2025 15:05,May,12.80534749,12.74044456
5/6/2025 15:10,May,13.92055773,13.83601993
5/6/2025 15:15,May,13.27842435,13.19247986
5/6/2025 15:20,May,13.27840231,13.18976323
5/6/2025 15:25,May,12.83772207,12.73022298
5/6/2025 15:30,May,12.82425981,12.70542098
5/6/2025 15:35,May,12.82224223,12.69199517
5/6/2025 15:40,May,12.81718511,12.68697633
5/6/2025 15:45,May,14.81077108,14.64278783
5/6/2025 15:50,May,14.89180773,14.72584482
5/6/2025 15:55,May,13.99702661,13.84106697
5/6/2025 16:00,May,12.88099427,12.73620589
5/6/2025 16:05,May,14.83580511,14.67215302
5/6/2025 16:10,May,12.78221269,12.6400173
5/6/2025 16:15,May,10.12292702,10.00731756
5/6/2025 16:20,May,10.13103997,10.01340227
5/6/2025 16:25,May,4.656586578,4.607187241
5/6/2025 16:30,May,4.975868156,4.923087007
5/6/2025 16:35,May,6.787185227,6.720763802
5/6/2025 16:40,May,6.791214031,6.728200671
5/6/2025 16:45,May,4.66521874,4.623332299
5/6/2025 16:50,May,4.523829633,4.481862934
5/6/2025 16:55,May,4.340777495,4.301378856
5/6/2025 17:00,May,3.416009236,3.383660664
5/6/2025 17:05,May,2.84938041,2.82239226
5/6/2025 17:10,May,2.845068862,2.817846036
5/6/2025 17:15,May,3.231748747,3.196069006
5/6/2025 17:20,May,3.238440024,3.202049439
5/6/2025 17:25,May,3.385784173,3.347741654
5/6/2025 17:30,May,3.387455303,3.349080076
5/6/2025 17:35,May,3.422494096,3.383049554
5/6/2025 17:40,May,3.388477448,3.349761611
5/6/2025 17:45,May,3.425442826,3.386316294
5/6/2025 17:50,May,4.222009454,4.175009647
5/6/2025 17:55,May,4.217572254,4.169378613
5/6/2025 18:00,May,4.215213626,4.165819861
5/6/2025 18:05,May,4.641076352,4.585721103
5/6/2025 18:10,May,4.528598185,4.47456838
5/6/2025 18:15,May,4.529516579,4.475475816
5/6/2025 18:20,May,4.535869306,4.480449427
5/6/2025 18:25,May,4.540906437,4.484990608
5/6/2025 18:30,May,4.539994543,4.483182614
5/6/2025 18:35,May,4.539533677,4.482276672
5/6/2025 18:40,May,3.440638567,3.396225597
5/6/2025 18:45,May,3.445226649,3.400083715
5/6/2025 18:50,May,3.430885214,3.385262646
5/6/2025 18:55,May,3.240751917,3.197040495
5/6/2025 19:00,May,3.230289884,3.18641661
5/6/2025 19:05,May,3.450585255,3.403316964
5/6/2025 19:10,May,3.417534499,3.370384395
5/6/2025 19:15,May,3.417503745,3.370363423
5/6/2025 19:20,May,2.543749512,2.509408642
5/6/2025 19:25,May,3.214225146,3.17024269
5/6/2025 19:30,May,3.205458435,3.162218765
5/6/2025 19:35,May,3.312836543,3.266852296
5/6/2025 19:40,May,3.241400354,3.196090802
5/6/2025 19:45,May,3.239706695,3.194434282
5/6/2025 19:50,May,3.222108963,3.176772115
5/6/2025 19:55,May,3.24131648,3.195397295
5/6/2025 20:00,May,3.241648057,3.195407609
5/6/2025 20:05,May,4.711934582,4.642066039
5/6/2025 20:10,May,4.23627907,4.170976744
5/6/2025 20:15,May,3.437505332,3.384155358
5/6/2025 20:20,May,3.438237627,3.384531098
5/6/2025 20:25,May,3.436590234,3.383206968
5/6/2025 20:30,May,3.435518309,3.382151695
5/6/2025 20:35,May,3.26225195,3.212535295
5/6/2025 20:40,May,3.263220456,3.213180966
5/6/2025 20:45,May,3.259681491,3.209701213
5/6/2025 20:50,May,3.24561617,3.194923469
5/6/2025 20:55,May,3.246567194,3.19617061
5/6/2025 21:00,May,3.249438004,3.199318137
5/6/2025 21:05,May,8.376607217,8.246370801
5/6/2025 21:10,May,4.931280563,4.855068975
5/6/2025 21:15,May,4.554618631,4.48551345
5/6/2025 21:20,May,4.82260339,4.74983828
5/6/2025 21:25,May,4.987655637,4.913775461
5/6/2025 21:30,May,5.703655775,5.619736792
5/6/2025 21:35,May,5.65982736,5.579262428
5/6/2025 21:40,May,4.529226813,4.464710484
5/6/2025 21:45,May,4.761605421,4.694233164
5/6/2025 21:50,May,4.516937766,4.453864628
5/6/2025 21:55,May,4.237431995,4.178631651
5/6/2025 22:00,May,4.357083692,4.296163716
5/6/2025 22:05,May,5.614612443,5.537053232
5/6/2025 22:10,May,4.253622096,4.193281004
5/6/2025 22:15,May,3.553855305,3.502761539
5/6/2025 22:20,May,3.554216029,3.503117077
5/6/2025 22:25,May,3.550983292,3.499566019
5/6/2025 22:30,May,3.546676689,3.49460303
5/6/2025 22:35,May,3.467529515,3.41555815
5/6/2025 22:40,May,3.467529515,3.41555815
5/6/2025 22:45,May,3.46718304,3.414865198
5/6/2025 22:50,May,3.422062701,3.370104502
5/6/2025 22:55,May,3.27163353,3.221974223
5/6/2025 23:00,May,3.428435821,3.375732775
5/6/2025 23:05,May,4.814312278,4.743840091
5/6/2025 23:10,May,3.425798089,3.374661652
5/6/2025 23:15,May,3.425422114,3.37361016
5/6/2025 23:20,May,3.270655442,3.221825015
5/6/2025 23:25,May,3.272621505,3.223140595
5/6/2025 23:30,May,3.212334716,3.16379934
5/6/2025 23:35,May,3.20806898,3.161170204
5/6/2025 23:40,May,3.205720466,3.158856024
5/6/2025 23:45,May,3.201730098,3.15523527
5/6/2025 23:50,May,3.200392701,3.154237813
5/6/2025 23:55,May,2.910702379,2.869008455
5/7/2025 0:00,May,2.910408246,2.869301608
5/7/2025 0:05,May,6.11928944,6.035118491
5/7/2025 0:10,May,3.53038153,3.480079084
5/7/2025 0:15,May,3.520784359,3.470901864
5/7/2025 0:20,May,3.514049833,3.4649097
5/7/2025 0:25,May,3.426501035,3.378536922
5/7/2025 0:30,May,3.41443475,3.366973832
5/7/2025 0:35,May,3.415496601,3.368369697
5/7/2025 0:40,May,3.230637684,3.186721051
5/7/2025 0:45,May,3.23127289,3.187338774
5/7/2025 0:50,May,3.197469279,3.154316808
5/7/2025 0:55,May,3.191222723,3.151332439
5/7/2025 1:00,May,3.193230834,3.15299355
5/7/2025 1:05,May,3.40750706,3.362238246
5/7/2025 1:10,May,3.410966237,3.364658871
5/7/2025 1:15,May,3.231990986,3.188122216
5/7/2025 1:20,May,3.232881033,3.188715104
5/7/2025 1:25,May,3.41502129,3.368390477
5/7/2025 1:30,May,3.3361151,3.29123613
5/7/2025 1:35,May,3.335750479,3.291885461
5/7/2025 1:40,May,3.23642428,3.19486506
5/7/2025 1:45,May,3.236395296,3.195494011
5/7/2025 1:50,May,3.234108752,3.195159229
5/7/2025 1:55,May,3.202636072,3.163759772
5/7/2025 2:00,May,3.200639579,3.161462492
5/7/2025 2:05,May,3.234080262,3.193516341
5/7/2025 2:10,May,3.201561437,3.161433574
5/7/2025 2:15,May,3.201827015,3.161395044
5/7/2025 2:20,May,3.232278617,3.191441647
5/7/2025 2:25,May,3.232038585,3.191500272
5/7/2025 2:30,May,3.200277346,3.159828459
5/7/2025 2:35,May,2.989841185,2.952359473
5/7/2025 2:40,May,2.987655629,2.950201316
5/7/2025 2:45,May,2.827057334,2.79189634
5/7/2025 2:50,May,3.226580696,3.185803447
5/7/2025 2:55,May,2.987331343,2.949884851
5/7/2025 3:00,May,2.93259796,2.895837556
5/7/2025 3:05,May,3.226040356,3.185552901
5/7/2025 3:10,May,3.426118744,3.383072725
5/7/2025 3:15,May,3.279480573,3.238586004
5/7/2025 3:20,May,3.230369663,3.190071289
5/7/2025 3:25,May,3.23073639,3.19075042
5/7/2025 3:30,May,3.436026692,3.393478491
5/7/2025 3:35,May,3.411533102,3.369619
5/7/2025 3:40,May,3.413311428,3.371379699
5/7/2025 3:45,May,3.411174635,3.369608459
5/7/2025 3:50,May,3.310839257,3.270821055
5/7/2025 3:55,May,3.308448406,3.268447015
5/7/2025 4:00,May,3.226859246,3.187844323
5/7/2025 4:05,May,3.226182116,3.186525268
5/7/2025 4:10,May,3.279306072,3.238992152
5/7/2025 4:15,May,3.225870465,3.185884365
5/7/2025 4:20,May,3.190888283,3.151967166
5/7/2025 4:25,May,3.188908171,3.150003363
5/7/2025 4:30,May,3.188586644,3.149681835
5/7/2025 4:35,May,3.186262437,3.147703392
5/7/2025 4:40,May,3.217831766,3.17857013
5/7/2025 4:45,May,3.184940816,3.146393878
5/7/2025 4:50,May,3.216184649,3.176931236
5/7/2025 4:55,May,3.184631662,3.146080689
5/7/2025 5:00,May,3.215498953,3.176257867
5/7/2025 5:05,May,-1.00E-05,-9.93E-06
5/7/2025 5:10,May,2.89261905,2.85741063
5/7/2025 5:15,May,2.918621243,2.882799132
5/7/2025 5:20,May,2.916819034,2.881011837
5/7/2025 5:25,May,3.175402416,3.136093388
5/7/2025 5:30,May,3.174741287,3.134801405
5/7/2025 5:35,May,3.172418775,3.132512128
5/7/2025 5:40,May,3.168536126,3.130564747
5/7/2025 5:45,May,2.96023272,2.924754052
5/7/2025 5:50,May,2.905744445,2.870904789
5/7/2025 5:55,May,2.903048912,2.868527117
5/7/2025 6:00,May,2.729544085,2.697626029
5/7/2025 6:05,May,0,0
5/7/2025 6:10,May,2.609625462,2.581231391
5/7/2025 6:15,May,2.62203477,2.594799032
5/7/2025 6:20,May,2.523733403,2.498511355
5/7/2025 6:25,May,2.584293054,2.559486766
5/7/2025 6:30,May,0,0
5/7/2025 6:35,May,2.128600989,2.110289979
5/7/2025 6:40,May,2.128910867,2.112084943
5/7/2025 6:45,May,2.125654309,2.110127566
5/7/2025 6:50,May,2.280802558,2.265275859
5/7/2025 6:55,May,2.278024835,2.263655363
5/7/2025 7:00,May,2.906909774,2.890029797
5/7/2025 7:05,May,-1.01E-05,-1.01E-05
5/7/2025 7:10,May,4.91E-07,4.89E-07
5/7/2025 7:15,May,2.271273836,2.260394314
5/7/2025 7:20,May,2.266656277,2.25901274
5/7/2025 7:25,May,2.83943105,2.832455989
5/7/2025 7:30,May,2.837687048,2.831874497
5/7/2025 7:35,May,2.853822153,2.849433008
5/7/2025 7:40,May,2.888572967,2.885014881
5/7/2025 7:45,May,2.887401903,2.885027883
5/7/2025 7:50,May,2.887721518,2.886533033
5/7/2025 7:55,May,2.886543747,2.886246441
5/7/2025 8:00,May,3.764753891,3.76514209
5/7/2025 8:05,May,0,0
5/7/2025 8:10,May,2.68744527,2.686619803
5/7/2025 8:15,May,2.843419966,2.843128841
5/7/2025 8:20,May,2.842274695,2.842565703
5/7/2025 8:25,May,2.83389463,2.834765526
5/7/2025 8:30,May,2.883785442,2.885263548
5/7/2025 8:35,May,2.850070686,2.852702871
5/7/2025 8:40,May,8.032996327,8.042070363
5/7/2025 8:45,May,4.587745047,4.594349513
5/7/2025 8:50,May,3.217867852,3.222500259
5/7/2025 8:55,May,3.362326086,3.366821637
5/7/2025 9:00,May,3.131049985,3.134596273
5/7/2025 9:05,May,0,0
5/7/2025 9:10,May,2.742135961,2.752089783
5/7/2025 9:15,May,2.807520169,2.818886648
5/7/2025 9:20,May,2.860385439,2.872568672
5/7/2025 9:25,May,3.028022517,3.040609122
5/7/2025 9:30,May,3.043741786,3.058909934
5/7/2025 9:35,May,2.946453802,2.962685177
5/7/2025 9:40,May,3.027975938,3.044971126
5/7/2025 9:45,May,3.746299768,3.76812363
5/7/2025 9:50,May,5.883588703,5.917895343
5/7/2025 9:55,May,5.337609591,5.368253488
5/7/2025 10:00,May,4.635717892,4.661350969
5/7/2025 10:05,May,2.644729173,2.65959803
5/7/2025 10:10,May,3.272021865,3.289033521
5/7/2025 10:15,May,3.27508829,3.291771867
5/7/2025 10:20,May,4.796209539,4.819686091
5/7/2025 10:25,May,4.593674699,4.616176284
5/7/2025 10:30,May,4.569098803,4.592925977
5/7/2025 10:35,May,3.854215639,3.875538543
5/7/2025 10:40,May,3.846274716,3.866351315
5/7/2025 10:45,May,3.276823494,3.293922343
5/7/2025 10:50,May,3.279905724,3.296669611
5/7/2025 10:55,May,2.632220866,2.644838849
5/7/2025 11:00,May,3.103282137,3.118475289
5/7/2025 11:05,May,3.740922671,3.759603933
5/7/2025 11:10,May,4.765562448,4.789385297
5/7/2025 11:15,May,3.749328983,3.769238997
5/7/2025 11:20,May,4.564244924,4.590418782
5/7/2025 11:25,May,3.320593624,3.337886581
5/7/2025 11:30,May,4.56913541,4.593928799
5/7/2025 11:35,May,4.573387695,4.602456846
5/7/2025 11:40,May,4.610241693,4.64053743
5/7/2025 11:45,May,4.575850737,4.605427754
5/7/2025 11:50,May,2.5998908,2.617757604
5/7/2025 11:55,May,3.329546817,3.352685457
5/7/2025 12:00,May,3.123037322,3.144403598
5/7/2025 12:05,May,0,0
5/7/2025 12:10,May,0,0
5/7/2025 12:15,May,2.858306314,2.876893566
5/7/2025 12:20,May,2.751925161,2.770095305
5/7/2025 12:25,May,2.858083694,2.876946987
5/7/2025 12:30,May,3.117047642,3.135995284
5/7/2025 12:35,May,3.29268846,3.312348326
5/7/2025 12:40,May,3.33209589,3.351978767
5/7/2025 12:45,May,3.29848109,3.31883999
5/7/2025 12:50,May,3.33692312,3.357165611
5/7/2025 12:55,May,7.268174579,7.316040722
5/7/2025 13:00,May,6.507178183,6.549397774
5/7/2025 13:05,May,5.310696802,5.345693157
5/7/2025 13:10,May,7.408603737,7.45280236
5/7/2025 13:15,May,8.035518844,8.080123903
5/7/2025 13:20,May,8.065242077,8.081759059
5/7/2025 13:25,May,8.068573789,8.085097594
5/7/2025 13:30,May,14.62659514,14.64605336
5/7/2025 13:35,May,12.01795789,12.01918497
5/7/2025 13:40,May,10.30985692,10.30670534
5/7/2025 13:45,May,8.808339138,8.798487412
5/7/2025 13:50,May,8.108731196,8.099670241
5/7/2025 13:55,May,13.09603585,13.07743164
5/7/2025 14:00,May,12.1732718,12.1547451
5/7/2025 14:05,May,8.818299354,8.797712581
5/7/2025 14:10,May,7.561990591,7.524482995
5/7/2025 14:15,May,8.147174093,8.087153535
5/7/2025 14:20,May,5.102244402,5.067244642
5/7/2025 14:25,May,4.124011625,4.093247829
5/7/2025 14:30,May,5.085697772,5.048740743
5/7/2025 14:35,May,4.22006823,4.186470992
5/7/2025 14:40,May,5.086171011,5.045678468
5/7/2025 14:45,May,5.081550771,5.044144982
5/7/2025 14:50,May,7.686252723,7.626699346
5/7/2025 14:55,May,5.109838287,5.067735519
5/7/2025 15:00,May,4.227678585,4.191588128
5/7/2025 15:05,May,4.653802202,4.611728652
5/7/2025 15:10,May,4.873840823,4.829310751
5/7/2025 15:15,May,4.757471023,4.713071143
5/7/2025 15:20,May,4.66447985,4.619962512
5/7/2025 15:25,May,4.483564768,4.440799843
5/7/2025 15:30,May,4.652740295,4.60976749
5/7/2025 15:35,May,2.576480619,2.552700902
5/7/2025 15:40,May,3.806191296,3.772197214
5/7/2025 15:45,May,3.410310236,3.380224291
5/7/2025 15:50,May,3.206310163,3.171097092
5/7/2025 15:55,May,4.252250318,4.20597945
5/7/2025 16:00,May,4.246838823,4.201894243
5/7/2025 16:05,May,4.368802353,4.32301235
5/7/2025 16:10,May,3.4253027,3.388736065
5/7/2025 16:15,May,3.425948123,3.389392833
5/7/2025 16:20,May,3.81720948,3.776479383
5/7/2025 16:25,May,3.24384,3.207345185
5/7/2025 16:30,May,3.434830717,3.397250512
5/7/2025 16:35,May,2.858808921,2.828650308
5/7/2025 16:40,May,2.860434972,2.829692911
5/7/2025 16:45,May,3.214181208,3.17932787
5/7/2025 16:50,May,3.3924343,3.356337396
5/7/2025 16:55,May,3.395185093,3.35873579
5/7/2025 17:00,May,2.864163717,2.833424407
5/7/2025 17:05,May,2.399347612,2.372876329
5/7/2025 17:10,May,2.142688056,2.119057815
5/7/2025 17:15,May,3.209379452,3.173964289
5/7/2025 17:20,May,3.223487346,3.187239553
5/7/2025 17:25,May,3.286148095,3.25014448
5/7/2025 17:30,May,3.284184261,3.248180647
5/7/2025 17:35,May,3.918049119,3.87547012
5/7/2025 17:40,May,3.917663769,3.875071973
5/7/2025 17:45,May,3.926709726,3.884023842
5/7/2025 17:50,May,7.49812393,7.418770781
5/7/2025 17:55,May,5.547127986,5.490598158
5/7/2025 18:00,May,8.246420109,8.162357062
5/7/2025 18:05,May,9.336423314,9.240123334
5/7/2025 18:10,May,8.246306437,8.16365327
5/7/2025 18:15,May,8.249767394,8.167062959
5/7/2025 18:20,May,8.269067577,8.177170651
5/7/2025 18:25,May,8.271551278,8.176342751
5/7/2025 18:30,May,8.260573218,8.165443445
5/7/2025 18:35,May,8.271523179,8.170529801
5/7/2025 18:40,May,7.530262199,7.436830889
5/7/2025 18:45,May,7.436862147,7.343836252
5/7/2025 18:50,May,4.873747251,4.813740153
5/7/2025 18:55,May,4.372848912,4.315598942
5/7/2025 19:00,May,4.367900627,4.309452585
5/7/2025 19:05,May,3.448462199,3.400992096
5/7/2025 19:10,May,4.303530331,4.243473089
5/7/2025 19:15,May,4.554090037,4.490548817
5/7/2025 19:20,May,4.361583108,4.299467145
5/7/2025 19:25,May,4.500193953,4.436526767
5/7/2025 19:30,May,4.542614693,4.477455163
5/7/2025 19:35,May,4.987685878,4.917576846
5/7/2025 19:40,May,4.707468447,4.641754459
5/7/2025 19:45,May,4.985808706,4.917632661
5/7/2025 19:50,May,4.758011881,4.692007525
5/7/2025 19:55,May,4.755118288,4.6882183
5/7/2025 20:00,May,4.75317218,4.685858881
5/7/2025 20:05,May,14.7980395,14.59101186
5/7/2025 20:10,May,13.43831943,13.24255066
5/7/2025 20:15,May,12.07588838,11.90002008
5/7/2025 20:20,May,8.336973479,8.216328653
5/7/2025 20:25,May,8.324526732,8.208029956
5/7/2025 20:30,May,8.313448348,8.198711287
5/7/2025 20:35,May,4.527124904,4.468254619
5/7/2025 20:40,May,4.7668425,4.705325625
5/7/2025 20:45,May,4.764882401,4.703415418
5/7/2025 20:50,May,4.702431897,4.641843231
5/7/2025 20:55,May,4.748006106,4.686319039
5/7/2025 21:00,May,4.700615995,4.641417833
5/7/2025 21:05,May,12.08754997,11.9491846
5/7/2025 21:10,May,8.283870968,8.192299688
5/7/2025 21:15,May,6.200774905,6.134073094
5/7/2025 21:20,May,5.563440565,5.504636331
5/7/2025 21:25,May,6.169254408,6.103425843
5/7/2025 21:30,May,6.157104074,6.088953395
5/7/2025 21:35,May,6.140192987,6.072799871
5/7/2025 21:40,May,5.55616004,5.498475887
5/7/2025 21:45,May,5.551679718,5.495115645
5/7/2025 21:50,May,4.624166473,4.576143772
5/7/2025 21:55,May,4.956058066,4.904578238
5/7/2025 22:00,May,4.682723189,4.63314808
5/7/2025 22:05,May,8.262609421,8.16673614
5/7/2025 22:10,May,6.150549202,6.078014754
5/7/2025 22:15,May,5.55000411,5.483972603
5/7/2025 22:20,May,5.546646575,5.481174658
5/7/2025 22:25,May,4.773804855,4.718390748
5/7/2025 22:30,May,4.774799221,4.720326499
5/7/2025 22:35,May,4.765204212,4.709912265
5/7/2025 22:40,May,4.764242613,4.708469867
5/7/2025 22:45,May,4.763342037,4.708032634
5/7/2025 22:50,May,4.75482143,4.699599812
5/7/2025 22:55,May,4.562235801,4.507446614
5/7/2025 23:00,May,4.464496744,4.409579563
5/7/2025 23:05,May,5.947042075,5.875514078
5/7/2025 23:10,May,4.952650594,4.892569915
5/7/2025 23:15,May,4.128748864,4.078286378
5/7/2025 23:20,May,4.46112502,4.407039851
5/7/2025 23:25,May,4.463361785,4.408820604
5/7/2025 23:30,May,3.446997377,3.404897177
5/7/2025 23:35,May,3.411652777,3.369015713
5/7/2025 23:40,May,3.411936617,3.368630078
5/7/2025 23:45,May,3.410173673,3.367224383
5/7/2025 23:50,May,3.410158869,3.366526976
5/7/2025 23:55,May,3.278471271,3.236215272
5/8/2025 0:00,May,3.275376102,3.23348981
5/8/2025 0:05,May,6.110626788,6.034066445
5/8/2025 0:10,May,5.335301587,5.267301587
5/8/2025 0:15,May,5.26516516,5.197526481
5/8/2025 0:20,May,3.405822493,3.362728272
5/8/2025 0:25,May,3.419329311,3.37639727
5/8/2025 0:30,May,3.420383741,3.376767877
5/8/2025 0:35,May,3.434195696,3.389722097
5/8/2025 0:40,May,3.434139238,3.389337058
5/8/2025 0:45,May,3.406639514,3.361892304
5/8/2025 0:50,May,4.22529159,4.170167944
5/8/2025 0:55,May,3.445014251,3.399749257
5/8/2025 1:00,May,3.437293853,3.391092733
5/8/2025 1:05,May,3.926667847,3.874682654
5/8/2025 1:10,May,3.601871102,3.553846154
5/8/2025 1:15,May,3.600695887,3.552710843
5/8/2025 1:20,May,3.924646185,3.873136442
5/8/2025 1:25,May,3.9246387,3.87354076
5/8/2025 1:30,May,3.924633712,3.873942177
5/8/2025 1:35,May,3.536340025,3.490325514
5/8/2025 1:40,May,3.537053429,3.490682216
5/8/2025 1:45,May,3.537381322,3.490306583
5/8/2025 1:50,May,3.453006893,3.407050358
5/8/2025 1:55,May,3.450492236,3.404559907
5/8/2025 2:00,May,3.448929641,3.403022742
5/8/2025 2:05,May,3.496739876,3.450210676
5/8/2025 2:10,May,3.536241282,3.489904081
5/8/2025 2:15,May,3.815466497,3.766229708
5/8/2025 2:20,May,3.597171864,3.551486585
5/8/2025 2:25,May,3.598693759,3.554063861
5/8/2025 2:30,May,3.82398715,3.777715247
5/8/2025 2:35,May,3.819717661,3.773896452
5/8/2025 2:40,May,3.599388538,3.555860711
5/8/2025 2:45,May,3.495090118,3.452827843
5/8/2025 2:50,May,3.531208636,3.486311331
5/8/2025 2:55,May,3.44221085,3.398453932
5/8/2025 3:00,May,3.442558127,3.399148486
5/8/2025 3:05,May,3.405649627,3.362374934
5/8/2025 3:10,May,3.403504336,3.360600137
5/8/2025 3:15,May,3.402775829,3.359542013
5/8/2025 3:20,May,3.403133001,3.359894647
5/8/2025 3:25,May,3.400661928,3.357446255
5/8/2025 3:30,May,3.400977281,3.357770673
5/8/2025 3:35,May,3.399893762,3.356705274
5/8/2025 3:40,May,3.404834582,3.362287017
5/8/2025 3:45,May,3.401978177,3.360151982
5/8/2025 3:50,May,3.40163534,3.359466307
5/8/2025 3:55,May,3.400551772,3.359085807
5/8/2025 4:00,May,3.397742902,3.356641173
5/8/2025 4:05,May,3.397373552,3.355595548
5/8/2025 4:10,May,3.39704449,3.354919631
5/8/2025 4:15,May,3.397057873,3.354586087
5/8/2025 4:20,May,3.39460776,3.352153765
5/8/2025 4:25,May,3.316136413,3.274329348
5/8/2025 4:30,May,3.31306726,3.271616313
5/8/2025 4:35,May,3.313413381,3.271623786
5/8/2025 4:40,May,3.391817471,3.349039024
5/8/2025 4:45,May,3.391196816,3.347711154
5/8/2025 4:50,May,3.390854409,3.347368747
5/8/2025 4:55,May,3.212938912,3.171743229
5/8/2025 5:00,May,3.213936293,3.172731981
5/8/2025 5:05,May,0,0
5/8/2025 5:10,May,3.181306569,3.141304223
5/8/2025 5:15,May,3.18132993,3.141639326
5/8/2025 5:20,May,3.21222181,3.173103569
5/8/2025 5:25,May,3.212533159,3.173095743
5/8/2025 5:30,May,3.214171932,3.174730272
5/8/2025 5:35,May,3.21448308,3.175045536
5/8/2025 5:40,May,3.1948202,3.155945176
5/8/2025 5:45,May,3.210464648,3.172041105
5/8/2025 5:50,May,3.177981733,3.140262779
5/8/2025 5:55,May,3.176030474,3.138962405
5/8/2025 6:00,May,3.174609732,3.139506488
5/8/2025 6:05,May,-0.001067259,-0.001056014
5/8/2025 6:10,May,0,0
5/8/2025 6:15,May,2.129911632,2.10913723
5/8/2025 6:20,May,2.129312716,2.109382555
5/8/2025 6:25,May,2.304332203,2.283894667
5/8/2025 6:30,May,2.127082063,2.109261551
5/8/2025 6:35,May,2.296879835,2.278772231
5/8/2025 6:40,May,2.91142584,2.889903401
5/8/2025 6:45,May,2.909069323,2.888138646
5/8/2025 6:50,May,2.901103955,2.886066217
5/8/2025 6:55,May,2.822448755,2.80923827
5/8/2025 7:00,May,2.894318639,2.881343599
5/8/2025 7:05,May,0,0
5/8/2025 7:10,May,2.113883854,2.106138325
5/8/2025 7:15,May,2.314942323,2.306919896
5/8/2025 7:20,May,2.309323085,2.302486583
5/8/2025 7:25,May,2.114118015,2.108932116
5/8/2025 7:30,May,2.74539694,2.739501313
5/8/2025 7:35,May,2.94751295,2.94268393
5/8/2025 7:40,May,2.950105836,2.945872392
5/8/2025 7:45,May,3.119283687,3.116403758
5/8/2025 7:50,May,3.107154575,3.106196661
5/8/2025 7:55,May,3.190596916,3.190925166
5/8/2025 8:00,May,3.768257435,3.770197835
5/8/2025 8:05,May,0.000976558,0.000977059
5/8/2025 8:10,May,2.877704951,2.880364021
5/8/2025 8:15,May,2.877710224,2.881846138
5/8/2025 8:20,May,2.936551472,2.937153286
5/8/2025 8:25,May,3.093140448,3.095676069
5/8/2025 8:30,May,3.128244022,3.132733558
5/8/2025 8:35,May,3.110425532,3.115851064
5/8/2025 8:40,May,3.125062329,3.131160951
5/8/2025 8:45,May,3.110495601,3.117527859
5/8/2025 8:50,May,2.926704378,2.934229587
5/8/2025 8:55,May,3.119942488,3.128615241
5/8/2025 9:00,May,3.118978849,3.127972815
5/8/2025 9:05,May,0,0
5/8/2025 9:10,May,2.734755693,2.746330482
5/8/2025 9:15,May,3.051579759,3.065447711
5/8/2025 9:20,May,2.869002817,2.8883197
5/8/2025 9:25,May,3.27031689,3.29268846
5/8/2025 9:30,May,3.097778787,3.119300062
5/8/2025 9:35,May,3.274389197,3.294406704
5/8/2025 9:40,May,3.274731859,3.294761838
5/8/2025 9:45,May,3.353183938,3.367761489
5/8/2025 9:50,May,3.284947466,3.299234284
5/8/2025 9:55,May,2.088407639,2.097916118
5/8/2025 10:00,May,3.757268775,3.773614879
5/8/2025 10:05,May,3.291687819,3.301185682
5/8/2025 10:10,May,3.29237821,3.301881003
5/8/2025 10:15,May,4.810954512,4.83126644
5/8/2025 10:20,May,3.35502435,3.366773328
5/8/2025 10:25,May,4.579303472,4.595825029
5/8/2025 10:30,May,3.756981106,3.777948135
5/8/2025 10:35,May,3.294498229,3.312886127
5/8/2025 10:40,May,3.751594749,3.77292826
5/8/2025 10:45,May,3.295530708,3.31358561
5/8/2025 10:50,May,3.294165482,3.31289975
5/8/2025 10:55,May,3.294513987,3.313594841
5/8/2025 11:00,May,3.290414229,3.307441833
5/8/2025 11:05,May,3.164092765,3.181126911
5/8/2025 11:10,May,3.292832412,3.310908033
5/8/2025 11:15,May,3.29214793,3.310562679
5/8/2025 11:20,May,3.292491362,3.310566983
5/8/2025 11:25,May,3.294897401,3.31298623
5/8/2025 11:30,May,3.291823361,3.308545251
5/8/2025 11:35,May,3.746864119,3.765120662
5/8/2025 11:40,May,3.10885275,3.124322886
5/8/2025 11:45,May,3.294564014,3.3119757
5/8/2025 11:50,May,0,0
5/8/2025 11:55,May,0.171086894,0.171990803
5/8/2025 12:00,May,2.720648057,2.736698247
5/8/2025 12:05,May,0,0
5/8/2025 12:10,May,0.083465915,0.083896907
5/8/2025 12:15,May,2.270441269,2.280039959
5/8/2025 12:20,May,2.09463398,2.10283638
5/8/2025 12:25,May,2.096827764,2.105037909
5/8/2025 12:30,May,2.095043302,2.103456264
5/8/2025 12:35,May,2.763024469,2.768700361
5/8/2025 12:40,May,2.263475634,2.267660797
5/8/2025 12:45,May,2.873926269,2.878648268
5/8/2025 12:50,May,3.084726392,3.089793705
5/8/2025 12:55,May,3.098680988,3.101859448
5/8/2025 13:00,May,3.305569062,3.308280767
5/8/2025 13:05,May,4.550551704,4.56833278
5/8/2025 13:10,May,4.779351352,4.799027561
5/8/2025 13:15,May,4.58987701,4.60974456
5/8/2025 13:20,May,4.558644719,4.579303939
5/8/2025 13:25,May,4.595996217,4.611128626
5/8/2025 13:30,May,4.583962264,4.599528302
5/8/2025 13:35,May,7.191076177,7.21698063
5/8/2025 13:40,May,5.407550529,5.42871511
5/8/2025 13:45,May,4.8315,4.8605
5/8/2025 13:50,May,7.240705621,7.28115649
5/8/2025 13:55,May,8.006623202,8.057125116
5/8/2025 14:00,May,7.245133495,7.291595874
5/8/2025 14:05,May,11.99398126,12.0570619
5/8/2025 14:10,May,8.009925558,8.05707196
5/8/2025 14:15,May,7.290676309,7.332836354
5/8/2025 14:20,May,7.224302129,7.266078349
5/8/2025 14:25,May,8.018208152,8.063728533
5/8/2025 14:30,May,8.014077218,8.057136942
5/8/2025 14:35,May,7.313698575,7.349187304
5/8/2025 14:40,May,8.01406557,8.052952736
5/8/2025 14:45,May,8.021525406,8.061264618
5/8/2025 14:50,May,8.019861625,8.063722183
5/8/2025 14:55,May,10.2527665,10.30774112
5/8/2025 15:00,May,8.028961523,8.06785271
5/8/2025 15:05,May,10.28823547,10.33267709
5/8/2025 15:10,May,4.915302636,4.923866758
5/8/2025 15:15,May,7.374892557,7.389236191
5/8/2025 15:20,May,10.39246536,10.40628796
5/8/2025 15:25,May,14.060728,14.07511974
5/8/2025 15:30,May,13.94204129,13.97352609
5/8/2025 15:35,May,13.12152291,13.15247307
5/8/2025 15:40,May,13.09956328,13.12911824
5/8/2025 15:45,May,7.860219381,7.883560192
5/8/2025 15:50,May,9.231465528,9.243746437
5/8/2025 15:55,May,9.354902745,9.354902745
5/8/2025 16:00,May,7.396099334,7.396853422
5/8/2025 16:05,May,12.02373775,12.01637252
5/8/2025 16:10,May,9.249257118,9.238892221
5/8/2025 16:15,May,7.338273227,7.323347419
5/8/2025 16:20,May,9.26905296,9.23701272
5/8/2025 16:25,May,9.289049781,9.254110791
5/8/2025 16:30,May,9.26515692,9.234109989
5/8/2025 16:35,May,9.279512769,9.238949686
5/8/2025 16:40,May,8.018103444,7.98877786
5/8/2025 16:45,May,7.549536113,7.528079859
5/8/2025 16:50,May,9.24145592,9.217077079
5/8/2025 16:55,May,9.255686391,9.225607995
5/8/2025 17:00,May,4.631486824,4.610357778
5/8/2025 17:05,May,4.644903293,4.617145844
5/8/2025 17:10,May,3.40396412,3.382590232
5/8/2025 17:15,May,4.149245662,4.122351625
5/8/2025 17:20,May,4.147139742,4.120668637
5/8/2025 17:25,May,4.646908026,4.617714764
5/8/2025 17:30,May,4.770641612,4.739710495
5/8/2025 17:35,May,3.410047511,3.386556149
5/8/2025 17:40,May,4.527360761,4.496175537
5/8/2025 17:45,May,4.569497112,4.538028021
5/8/2025 17:50,May,4.659467394,4.625498008
5/8/2025 17:55,May,4.886944881,4.849840117
5/8/2025 18:00,May,4.892200893,4.854560959
5/8/2025 18:05,May,16.81387199,16.68967765
5/8/2025 18:10,May,13.2418951,13.14547353
5/8/2025 18:15,May,13.2221403,13.11107485
5/8/2025 18:20,May,12.09315319,11.98163344
5/8/2025 18:25,May,12.07534882,11.9566391
5/8/2025 18:30,May,10.91926468,10.8019841
5/8/2025 18:35,May,17.49911883,17.32019486
5/8/2025 18:40,May,9.378991387,9.279224991
5/8/2025 18:45,May,10.13105115,10.02018343
5/8/2025 18:50,May,17.57566082,17.39250693
5/8/2025 18:55,May,13.21022535,13.06842445
5/8/2025 19:00,May,10.89893484,10.77855953
5/8/2025 19:05,May,9.387811398,9.286007829
5/8/2025 19:10,May,9.343209675,9.246683048
5/8/2025 19:15,May,8.938838365,8.846461312
5/8/2025 19:20,May,8.95685958,8.871659742
5/8/2025 19:25,May,8.948068107,8.870290276
5/8/2025 19:30,May,13.83261299,13.69383829
5/8/2025 19:35,May,17.14637709,16.99023281
5/8/2025 19:40,May,14.10920278,13.98359733
5/8/2025 19:45,May,13.91483748,13.78813418
5/8/2025 19:50,May,11.34073558,11.23394251
5/8/2025 19:55,May,11.35465216,11.2431743
5/8/2025 20:00,May,8.968528854,8.880513142
5/8/2025 20:05,May,17.52007359,17.34444709
5/8/2025 20:10,May,26.35625247,26.0677681
5/8/2025 20:15,May,26.43934426,26.15230999
5/8/2025 20:20,May,24.52702784,24.26310896
5/8/2025 20:25,May,18.05586328,17.86531942
5/8/2025 20:30,May,18.93371659,18.73386817
5/8/2025 20:35,May,14.04295179,13.89330093
5/8/2025 20:40,May,14.04017376,13.88912754
5/8/2025 20:45,May,14.00546175,13.85475838
5/8/2025 20:50,May,12.81183585,12.67001701
5/8/2025 20:55,May,12.77799463,12.62877963
5/8/2025 21:00,May,12.7504208,12.60020256
5/8/2025 21:05,May,12.70314921,12.55210566
5/8/2025 21:10,May,9.369847106,9.265124165
5/8/2025 21:15,May,9.420678448,9.312482832
5/8/2025 21:20,May,9.437449553,9.328079903
5/8/2025 21:25,May,9.446326753,9.33589394
5/8/2025 21:30,May,8.894938327,8.798293486
5/8/2025 21:35,May,8.227187304,8.138651075
5/8/2025 21:40,May,8.216081097,8.130149299
5/8/2025 21:45,May,8.240676904,8.160451269
5/8/2025 21:50,May,8.242120643,8.168649551
5/8/2025 21:55,May,8.234337538,8.160950693
5/8/2025 22:00,May,6.174015751,6.118991102
5/8/2025 22:05,May,15.19181691,15.05790728
5/8/2025 22:10,May,6.176777371,6.119759036
5/8/2025 22:15,May,7.549837988,7.478569725
5/8/2025 22:20,May,6.216025425,6.156128639
5/8/2025 22:25,May,6.177403946,6.118505886
5/8/2025 22:30,May,5.559550147,5.504812392
5/8/2025 22:35,May,5.5556,5.500912239
5/8/2025 22:40,May,5.551093328,5.497013263
5/8/2025 22:45,May,5.549407094,5.495359911
5/8/2025 22:50,May,5.543230483,5.489816658
5/8/2025 22:55,May,6.097568868,6.040062134
5/8/2025 23:00,May,5.544351569,5.491483944
5/8/2025 23:05,May,12.27444781,12.15989626
5/8/2025 23:10,May,7.598294759,7.528189839
5/8/2025 23:15,May,5.529799132,5.477636507
5/8/2025 23:20,May,5.530910938,5.47872724
5/8/2025 23:25,May,5.525890909,5.474320412
5/8/2025 23:30,May,5.104140476,5.057028519
5/8/2025 23:35,May,5.104129703,5.057022624
5/8/2025 23:40,May,5.507008746,5.457300452
5/8/2025 23:45,May,4.992424945,4.946344139
5/8/2025 23:50,May,5.497607187,5.446863475
5/8/2025 23:55,May,3.785156743,3.750215653
5/9/2025 0:00,May,3.734034497,3.699200673
5/9/2025 0:05,May,6.040076879,5.988677177
5/9/2025 0:10,May,5.479541521,5.433462296
5/9/2025 0:15,May,5.35976007,5.314126597
5/9/2025 0:20,May,5.362938823,5.31728754
5/9/2025 0:25,May,5.35976007,5.315213108
5/9/2025 0:30,May,5.462056589,5.416115092
5/9/2025 0:35,May,4.375006644,4.338208351
5/9/2025 0:40,May,3.521381523,3.491412318
5/9/2025 0:45,May,3.520235631,3.489572178
5/9/2025 0:50,May,3.669480726,3.637145588
5/9/2025 0:55,May,3.421077055,3.390939985
5/9/2025 1:00,May,3.423218351,3.392718886
5/9/2025 1:05,May,6.021343148,5.969519113
5/9/2025 1:10,May,5.141879533,5.098657333
5/9/2025 1:15,May,4.365507351,4.327488755
5/9/2025 1:20,May,3.535066327,3.503557582
5/9/2025 1:25,May,3.466639595,3.43433953
5/9/2025 1:30,May,3.468421135,3.436816609
5/9/2025 1:35,May,3.468759207,3.436806875
5/9/2025 1:40,May,3.470594514,3.437919348
5/9/2025 1:45,May,3.5194123,3.485571797
5/9/2025 1:50,May,3.428921872,3.395607784
5/9/2025 1:55,May,3.429268894,3.395260763
5/9/2025 2:00,May,3.428908677,3.394904118
5/9/2025 2:05,May,3.431057688,3.396340925
5/9/2025 2:10,May,3.432875234,3.397789179
5/9/2025 2:15,May,3.369552102,3.335464574
5/9/2025 2:20,May,3.395346129,3.360657685
5/9/2025 2:25,May,3.396059662,3.362050972
5/9/2025 2:30,May,3.397831294,3.363464638
5/9/2025 2:35,May,3.395676303,3.362021744
5/9/2025 2:40,May,3.397817784,3.364142001
5/9/2025 2:45,May,3.3959931,3.36234561
5/9/2025 2:50,May,3.3959931,3.362688952
5/9/2025 2:55,May,3.404369415,3.370638933
5/9/2025 3:00,May,3.398464317,3.364799149
5/9/2025 3:05,May,3.398464317,3.365142671
5/9/2025 3:10,May,3.398807839,3.365486193
5/9/2025 3:15,May,3.301090426,3.269063677
5/9/2025 3:20,May,3.202677423,3.17192913
5/9/2025 3:25,May,2.926747073,2.898357893
5/9/2025 3:30,May,3.184145415,3.15358431
5/9/2025 3:35,May,3.181787435,3.151576524
5/9/2025 3:40,May,3.181121231,3.151237971
5/9/2025 3:45,May,3.180099257,3.150231631
5/9/2025 3:50,May,3.180087665,3.150544288
5/9/2025 3:55,May,3.181752109,3.152514561
5/9/2025 4:00,May,3.213986599,3.183797653
5/9/2025 4:05,May,3.191906793,3.161916155
5/9/2025 4:10,May,3.214372125,3.183842573
5/9/2025 4:15,May,3.181787435,3.151897916
5/9/2025 4:20,May,3.19190646,3.161593345
5/9/2025 4:25,May,3.191907852,3.161594724
5/9/2025 4:30,May,3.192572334,3.161930349
5/9/2025 4:35,May,3.192560843,3.161922063
5/9/2025 4:40,May,3.193889061,3.163560183
5/9/2025 4:45,May,3.207959404,3.177172845
5/9/2025 4:50,May,3.191030064,3.160731395
5/9/2025 4:55,May,3.208093964,3.177951234
5/9/2025 5:00,May,3.192903226,3.162903226
5/9/2025 5:05,May,0.000995175,0.000986029
5/9/2025 5:10,May,3.024614339,2.996509651
5/9/2025 5:15,May,3.174131951,3.144958534
5/9/2025 5:20,May,3.173800449,3.144309525
5/9/2025 5:25,May,3.183828909,3.154247788
5/9/2025 5:30,May,3.187282897,3.160228353
5/9/2025 5:35,May,3.201963196,3.173489796
5/9/2025 5:40,May,3.198245527,3.169802313
5/9/2025 5:45,May,3.097824936,3.070593374
5/9/2025 5:50,May,3.166672863,3.138841714
5/9/2025 5:55,May,3.166693075,3.139187207
5/9/2025 6:00,May,3.164856091,3.137691316
5/9/2025 6:05,May,-1.03E-05,-1.02E-05
5/9/2025 6:10,May,0,0
5/9/2025 6:15,May,2.125371296,2.109052018
5/9/2025 6:20,May,2.124076194,2.109046846
5/9/2025 6:25,May,2.304276923,2.288202198
5/9/2025 6:30,May,2.12099974,2.107274362
5/9/2025 6:35,May,2.54798521,2.532519443
5/9/2025 6:40,May,2.296693703,2.283448909
5/9/2025 6:45,May,2.293620161,2.281086718
5/9/2025 6:50,May,2.114468571,2.104834969
5/9/2025 6:55,May,2.286596102,2.278253398
5/9/2025 7:00,May,2.475300377,2.467017583
5/9/2025 7:05,May,-1.02E-05,-1.01E-05
5/9/2025 7:10,May,0,0
5/9/2025 7:15,May,2.994249838,2.989685433
5/9/2025 7:20,May,2.450211233,2.450710156
5/9/2025 7:25,May,2.892874095,2.894347345
5/9/2025 7:30,May,3.226581291,3.229211745
5/9/2025 7:35,May,3.09457473,3.101841215
5/9/2025 7:40,May,3.089509383,3.099614074
5/9/2025 7:45,May,2.955571416,2.965544203
5/9/2025 7:50,May,3.08413516,3.096760829
5/9/2025 7:55,May,3.340424948,3.353759296
5/9/2025 8:00,May,4.209473056,4.229744084
5/9/2025 8:05,May,2.621334254,2.632872525
5/9/2025 8:10,May,2.922106631,2.936775541
5/9/2025 8:15,May,2.833608637,2.848128049
5/9/2025 8:20,May,2.705108924,2.719807589
5/9/2025 8:25,May,2.830995142,2.847256885
5/9/2025 8:30,May,2.881123632,2.897676718
5/9/2025 8:35,May,2.877146024,2.894862441
5/9/2025 8:40,May,2.877720766,2.89544254
5/9/2025 8:45,May,0,0
5/9/2025 8:50,May,2.593069722,2.610103127
5/9/2025 8:55,May,3.325005591,3.346858165
5/9/2025 9:00,May,4.565190203,4.596143825
5/9/2025 9:05,May,2.770216825,2.791567792
5/9/2025 9:10,May,2.875374383,2.898110451
5/9/2025 9:15,May,2.936130666,2.959347144
5/9/2025 9:20,May,3.167998448,3.19273318
5/9/2025 9:25,May,3.328133759,3.353108447
5/9/2025 9:30,May,3.101287674,3.124876459
5/9/2025 9:35,May,3.763697079,3.793113058
5/9/2025 9:40,May,3.324010965,3.347941929
5/9/2025 9:45,May,3.324005805,3.348615411
5/9/2025 9:50,May,3.756409804,3.785780909
5/9/2025 9:55,May,3.912245962,3.941631079
5/9/2025 10:00,May,3.864686187,3.894910117
5/9/2025 10:05,May,3.328177818,3.352506103
5/9/2025 10:10,May,3.329560739,3.353213544
5/9/2025 10:15,May,3.760584569,3.787302066
5/9/2025 10:20,May,3.063812187,3.085565947
5/9/2025 10:25,May,3.322791522,3.346044565
5/9/2025 10:30,May,3.330239626,3.352516623
5/9/2025 10:35,May,4.566231733,4.600521921
5/9/2025 10:40,May,4.17469442,4.206483614
5/9/2025 10:45,May,4.172211784,4.203555971
5/9/2025 10:50,May,3.459118048,3.483335079
5/9/2025 10:55,May,3.319358657,3.34259246
5/9/2025 11:00,May,3.331631851,3.354265685
5/9/2025 11:05,May,2.763828337,2.783179689
5/9/2025 11:10,May,3.113169589,3.133996681
5/9/2025 11:15,May,3.282813692,3.304773442
5/9/2025 11:20,May,3.180755696,3.202030559
5/9/2025 11:25,May,3.282812296,3.304769777
5/9/2025 11:30,May,3.338233201,3.359543998
5/9/2025 11:35,May,3.281119595,3.301719461
5/9/2025 11:40,May,3.139458498,3.159168972
5/9/2025 11:45,May,3.281806627,3.301073594
5/9/2025 11:50,May,2.778199001,2.794504329
5/9/2025 11:55,May,2.761603315,2.778088802
5/9/2025 12:00,May,3.099067389,3.119172553
5/9/2025 12:05,May,2.334432687,2.348859092
5/9/2025 12:10,May,2.758003194,2.775045438
5/9/2025 12:15,May,2.763895445,2.781256955
5/9/2025 12:20,May,2.868564516,2.885990927
5/9/2025 12:25,May,2.811564173,2.828644309
5/9/2025 12:30,May,2.867986293,2.885704495
5/9/2025 12:35,May,3.063307737,3.081599908
5/9/2025 12:40,May,3.760628788,3.788089926
5/9/2025 12:45,May,3.109138386,3.131524694
5/9/2025 12:50,May,4.96606315,4.999765995
5/9/2025 12:55,May,4.986351718,5.010398355
5/9/2025 13:00,May,8.024704066,8.065877509
5/9/2025 13:05,May,5.010214754,5.037435808
5/9/2025 13:10,May,8.03789517,8.084852229
5/9/2025 13:15,May,8.033741385,8.084764942
5/9/2025 13:20,May,8.044417027,8.084721365
5/9/2025 13:25,May,8.041109969,8.083864337
5/9/2025 13:30,May,3.344339031,3.361438627
5/9/2025 13:35,May,6.350466494,6.388127747
5/9/2025 13:40,May,6.593731581,6.631487099
5/9/2025 13:45,May,6.587736068,6.625457256
5/9/2025 13:50,May,6.404342296,6.4344342
5/9/2025 13:55,May,6.526323377,6.556997831
5/9/2025 14:00,May,6.581087162,6.617424453
5/9/2025 14:05,May,9.318919885,9.367550287
5/9/2025 14:10,May,8.029574861,8.07311563
5/9/2025 14:15,May,8.040316775,8.083101923
5/9/2025 14:20,May,8.044458166,8.085623135
5/9/2025 14:25,May,7.243882268,7.280201743
5/9/2025 14:30,May,6.660075667,6.696175484
5/9/2025 14:35,May,8.046104765,8.09138623
5/9/2025 14:40,May,8.056883759,8.098103875
5/9/2025 14:45,May,8.052718287,8.095551895
5/9/2025 14:50,May,8.059381443,8.099793814
5/9/2025 14:55,May,7.37277453,7.410479217
5/9/2025 15:00,May,8.060144181,8.100514933
5/9/2025 15:05,May,7.773178575,7.81210007
5/9/2025 15:10,May,7.30450626,7.360619952
5/9/2025 15:15,May,5.035813965,5.076022122
5/9/2025 15:20,May,7.253032373,7.308733523
5/9/2025 15:25,May,7.255128071,7.308616625
5/9/2025 15:30,May,7.844298206,7.898911934
5/9/2025 15:35,May,13.88616625,13.98142305
5/9/2025 15:40,May,13.84748754,13.91538125
5/9/2025 15:45,May,14.17697608,14.26370309
5/9/2025 15:50,May,13.74335547,13.8078651
5/9/2025 15:55,May,7.800692888,7.833291849
5/9/2025 16:00,May,10.40179142,10.43253459
5/9/2025 16:05,May,13.14463655,13.16475795
5/9/2025 16:10,May,7.300796834,7.308248147
5/9/2025 16:15,May,8.089841736,8.10138099
5/9/2025 16:20,May,8.118860916,8.129591416
5/9/2025 16:25,May,8.128765823,8.143623437
5/9/2025 16:30,May,7.830224952,7.842944099
5/9/2025 16:35,May,7.345506212,7.35519882
5/9/2025 16:40,May,7.313438709,7.326806082
5/9/2025 16:45,May,6.73067187,6.737506428
5/9/2025 16:50,May,5.09627059,5.101444994
5/9/2025 16:55,May,4.322304753,4.322304753
5/9/2025 17:00,May,3.386054189,3.383307162
5/9/2025 17:05,May,3.28078961,3.27547013
5/9/2025 17:10,May,2.834519102,2.829660089
5/9/2025 17:15,May,3.187139242,3.180714205
5/9/2025 17:20,May,3.193773975,3.186698141
5/9/2025 17:25,May,3.19672629,3.187727764
5/9/2025 17:30,May,3.196395659,3.185800936
5/9/2025 17:35,May,3.184695652,3.171915975
5/9/2025 17:40,May,3.201654884,3.186894799
5/9/2025 17:45,May,3.96124838,3.942580108
5/9/2025 17:50,May,3.373725646,3.355814451
5/9/2025 17:55,May,4.23550505,4.212170103
5/9/2025 18:00,May,4.240369774,4.216143947
5/9/2025 18:05,May,4.922117039,4.894931215
5/9/2025 18:10,May,7.292922791,7.253374907
5/9/2025 18:15,May,7.671258142,7.630416687
5/9/2025 18:20,May,8.205191595,8.162340338
5/9/2025 18:25,May,8.171598876,8.124032363
5/9/2025 18:30,May,8.17269696,8.121873769
5/9/2025 18:35,May,8.234250954,8.17733787
5/9/2025 18:40,May,8.235124265,8.178199443
5/9/2025 18:45,May,7.550451977,7.494533898
5/9/2025 18:50,May,8.23839967,8.179005981
5/9/2025 18:55,May,8.140029999,8.078147206
5/9/2025 19:00,May,4.616851307,4.58038912
5/9/2025 19:05,May,4.295312128,4.25927835
5/9/2025 19:10,May,4.615336634,4.577532458
5/9/2025 19:15,May,4.615762106,4.577047776
5/9/2025 19:20,May,4.310260461,4.273692725
5/9/2025 19:25,May,4.291283695,4.254031481
5/9/2025 19:30,May,4.290846255,4.252741554
5/9/2025 19:35,May,4.236922078,4.198055109
5/9/2025 19:40,May,4.245286427,4.20551199
5/9/2025 19:45,May,4.296441579,4.256183852
5/9/2025 19:50,May,4.282835994,4.241884575
5/9/2025 19:55,May,7.503059702,7.434217426
5/9/2025 20:00,May,4.884554256,4.839741831
5/9/2025 20:05,May,14.85325541,14.7226643
5/9/2025 20:10,May,11.22969081,11.12331723
5/9/2025 20:15,May,8.309094953,8.230371105
5/9/2025 20:20,May,8.308170239,8.22947085
5/9/2025 20:25,May,11.2018932,11.09694175
5/9/2025 20:30,May,9.11632577,9.029122972
5/9/2025 20:35,May,8.316585518,8.237024759
5/9/2025 20:40,May,8.315658658,8.236122618
5/9/2025 20:45,May,8.317348524,8.237804247
5/9/2025 20:50,May,8.312215321,8.233540373
5/9/2025 20:55,May,8.136088353,8.059891052
5/9/2025 21:00,May,8.144262864,8.067981406
5/9/2025 21:05,May,14.74690635,14.60871383
5/9/2025 21:10,May,10.9185052,10.80765743
5/9/2025 21:15,May,8.329948187,8.246217617
5/9/2025 21:20,May,8.345299855,8.261465034
5/9/2025 21:25,May,9.140088073,9.050096157
5/9/2025 21:30,May,12.09436219,11.97415185
5/9/2025 21:35,May,9.143745194,9.055562327
5/9/2025 21:40,May,9.011042202,8.924130489
5/9/2025 21:45,May,8.346995953,8.264812701
5/9/2025 21:50,May,8.345335685,8.263982567
5/9/2025 21:55,May,8.334266459,8.253810264
5/9/2025 22:00,May,8.32822213,8.250310816
5/9/2025 22:05,May,8.268338541,8.18941237
5/9/2025 22:10,May,7.705406613,7.629615728
5/9/2025 22:15,May,3.690942408,3.654293194
5/9/2025 22:20,May,3.619437966,3.583160975
5/9/2025 22:25,May,4.609391833,4.562739921
5/9/2025 22:30,May,4.609760024,4.562689014
5/9/2025 22:35,May,3.58887247,3.551162271
5/9/2025 22:40,May,3.471182774,3.433684368
5/9/2025 22:45,May,3.470115962,3.431593513
5/9/2025 22:50,May,3.431794123,3.394662342
5/9/2025 22:55,May,3.329461008,3.293102355
5/9/2025 23:00,May,3.319285987,3.283038448
5/9/2025 23:05,May,4.074726523,4.03091226
5/9/2025 23:10,May,3.429810916,3.392244532
5/9/2025 23:15,May,3.427712197,3.390157582
5/9/2025 23:20,May,3.430152429,3.391561506
5/9/2025 23:25,May,3.422993014,3.385516232
5/9/2025 23:30,May,3.42434106,3.386186842
5/9/2025 23:35,May,3.423988439,3.38583815
5/9/2025 23:40,May,3.295124663,3.258435731
5/9/2025 23:45,May,3.298840888,3.262452998
5/9/2025 23:50,May,2.977320077,2.944491774
5/9/2025 23:55,May,2.977611021,2.945377473
5/10/2025 0:00,May,2.862685548,2.831705333
5/10/2025 0:05,May,3.95998422,3.917026589
5/10/2025 0:10,May,3.430578177,3.391967088
5/10/2025 0:15,May,3.423925046,3.385032314
5/10/2025 0:20,May,3.250263783,3.213358397
5/10/2025 0:25,May,3.274890817,3.237068501
5/10/2025 0:30,May,3.318909992,3.279933939
5/10/2025 0:35,May,3.301530735,3.262445761
5/10/2025 0:40,May,3.21643193,3.178049687
5/10/2025 0:45,May,3.213038683,3.174708367
5/10/2025 0:50,May,3.213396712,3.174746513
5/10/2025 0:55,May,3.214353426,3.175703246
5/10/2025 1:00,May,3.212744694,3.174737276
5/10/2025 1:05,May,4.682729255,4.629920033
5/10/2025 1:10,May,3.4431775,3.403348163
5/10/2025 1:15,May,3.43867289,3.398528735
5/10/2025 1:20,May,3.436945979,3.396466927
5/10/2025 1:25,May,3.473269232,3.432337866
5/10/2025 1:30,May,3.845854827,3.802003312
5/10/2025 1:35,May,4.679512551,4.627955421
5/10/2025 1:40,May,3.847923428,3.805867511
5/10/2025 1:45,May,3.846422439,3.804328057
5/10/2025 1:50,May,3.839431082,3.796993641
5/10/2025 1:55,May,3.539385066,3.499560761
5/10/2025 2:00,May,3.536369334,3.495884688
5/10/2025 2:05,May,3.458863797,3.419625607
5/10/2025 2:10,May,3.456635287,3.417434184
5/10/2025 2:15,May,3.457643606,3.418797575
5/10/2025 2:20,May,3.456175989,3.417696999
5/10/2025 2:25,May,3.421320563,3.383229632
5/10/2025 2:30,May,3.415211023,3.377176667
5/10/2025 2:35,May,3.413671933,3.376008552
5/10/2025 2:40,May,3.414501958,3.37681808
5/10/2025 2:45,May,3.412647852,3.375669226
5/10/2025 2:50,May,3.406322784,3.369750786
5/10/2025 2:55,May,3.405631734,3.369412514
5/10/2025 3:00,May,3.407003747,3.371118965
5/10/2025 3:05,May,3.406661987,3.370777205
5/10/2025 3:10,May,3.406320227,3.370777205
5/10/2025 3:15,May,3.404260276,3.368731619
5/10/2025 3:20,May,3.400149225,3.364983508
5/10/2025 3:25,May,3.307981532,3.273758742
5/10/2025 3:30,May,3.232923427,3.200113412
5/10/2025 3:35,May,3.230199961,3.197745425
5/10/2025 3:40,May,3.230510637,3.197734989
5/10/2025 3:45,May,3.229157685,3.19736889
5/10/2025 3:50,May,3.229482061,3.19736889
5/10/2025 3:55,May,3.199292022,3.167800397
5/10/2025 4:00,May,3.197620662,3.166151811
5/10/2025 4:05,May,3.226377666,3.194632183
5/10/2025 4:10,May,3.226040356,3.194622091
5/10/2025 4:15,May,3.19330782,3.162525859
5/10/2025 4:20,May,3.192996793,3.162211648
5/10/2025 4:25,May,3.191996691,3.161224279
5/10/2025 4:30,May,3.189049447,3.158311621
5/10/2025 4:35,May,3.188729261,3.15767125
5/10/2025 4:40,May,3.401173469,3.367373411
5/10/2025 4:45,May,3.197989429,3.166183024
5/10/2025 4:50,May,3.196684281,3.165205678
5/10/2025 4:55,May,3.19236808,3.160938296
5/10/2025 5:00,May,3.186451298,3.155082918
5/10/2025 5:05,May,3.394924141,3.360787146
5/10/2025 5:10,May,3.400469275,3.365193987
5/10/2025 5:15,May,3.298472405,3.264899321
5/10/2025 5:20,May,3.299802474,3.265869633
5/10/2025 5:25,May,3.298272594,3.265985538
5/10/2025 5:30,May,3.220630452,3.187481683
5/10/2025 5:35,May,3.212758583,3.183528066
5/10/2025 5:40,May,3.179537686,3.150933738
5/10/2025 5:45,May,3.177163696,3.148913681
5/10/2025 5:50,May,3.173855047,3.14595232
5/10/2025 5:55,May,3.170862432,3.143629603
5/10/2025 6:00,May,3.169507667,3.142614874
5/10/2025 6:05,May,-0.000986937,-0.000979176
5/10/2025 6:10,May,-1.06E-05,-1.05E-05
5/10/2025 6:15,May,0,0
5/10/2025 6:20,May,0,0
5/10/2025 6:25,May,0.000993677,0.000987856
5/10/2025 6:30,May,0.000992376,0.00098746
5/10/2025 6:35,May,2.084412194,2.075130326
5/10/2025 6:40,May,2.084249782,2.076225315
5/10/2025 6:45,May,2.082579164,2.075818915
5/10/2025 6:50,May,2.080929753,2.075643375
5/10/2025 6:55,May,2.277317113,2.273147052
5/10/2025 7:00,May,2.224433786,2.221488417
5/10/2025 7:05,May,-1.01E-05,-1.01E-05
5/10/2025 7:10,May,2.724494195,2.724771921
5/10/2025 7:15,May,2.073785633,2.075479384
5/10/2025 7:20,May,0.001935127,0.001937698
5/10/2025 7:25,May,2.2627139,2.266418712
5/10/2025 7:30,May,2.070672144,2.074914455
5/10/2025 7:35,May,2.208347537,2.214011709
5/10/2025 7:40,May,2.882923844,2.89180896
5/10/2025 7:45,May,2.882041909,2.892709553
5/10/2025 7:50,May,2.464012986,2.474418231
5/10/2025 7:55,May,2.861228972,2.874215775
5/10/2025 8:00,May,2.860329471,2.87390932
5/10/2025 8:05,May,-0.000957938,-0.000961866
5/10/2025 8:10,May,4.87E-07,4.89E-07
5/10/2025 8:15,May,2.06385687,2.073815932
5/10/2025 8:20,May,2.062588123,2.073395889
5/10/2025 8:25,May,2.307143639,2.319719862
5/10/2025 8:30,May,2.596678948,2.61137814
5/10/2025 8:35,May,2.692504912,2.708325217
5/10/2025 8:40,May,2.679002887,2.695584295
5/10/2025 8:45,May,2.677351507,2.694483904
5/10/2025 8:50,May,2.683802495,2.702101148
5/10/2025 8:55,May,2.750694054,2.7694546
5/10/2025 9:00,May,2.686658548,2.704988036
5/10/2025 9:05,May,-9.60E-06,-9.69E-06
5/10/2025 9:10,May,0,0
5/10/2025 9:15,May,0.000968225,0.000977074
5/10/2025 9:20,May,2.227757751,2.247662911
5/10/2025 9:25,May,2.227979308,2.248126298
5/10/2025 9:30,May,4.532048597,4.573994554
5/10/2025 9:35,May,3.055917436,3.083233609
5/10/2025 9:40,May,5.363432164,5.415790936
5/10/2025 9:45,May,2.797201987,2.82165458
5/10/2025 9:50,May,2.855919845,2.880896135
5/10/2025 9:55,May,2.815065699,2.839376432
5/10/2025 10:00,May,2.841901927,2.867030572
5/10/2025 10:05,May,0,0
5/10/2025 10:10,May,2.637525614,2.661065175
5/10/2025 10:15,May,2.688299005,2.712849681
5/10/2025 10:20,May,2.845213753,2.870915507
5/10/2025 10:25,May,2.939923719,2.967077435
5/10/2025 10:30,May,2.861872738,2.888016701
5/10/2025 10:35,May,2.858005884,2.882377398
5/10/2025 10:40,May,2.859484835,2.883576604
5/10/2025 10:45,May,2.843180907,2.869164905
5/10/2025 10:50,May,2.864839486,2.8904131
5/10/2025 10:55,May,2.841572143,2.867238337
5/10/2025 11:00,May,2.849515249,2.874962634
5/10/2025 11:05,May,0.175125074,0.17650975
5/10/2025 11:10,May,2.84365829,2.867609244
5/10/2025 11:15,May,2.861864269,2.886848326
5/10/2025 11:20,May,3.111628152,3.140053697
5/10/2025 11:25,May,2.93110712,2.957886338
5/10/2025 11:30,May,2.929649359,2.956415259
5/10/2025 11:35,May,2.930742106,2.95783914
5/10/2025 11:40,May,9.74E-07,9.83E-07
5/10/2025 11:45,May,2.267274951,2.286627147
5/10/2025 11:50,May,2.055348683,2.072257206
5/10/2025 11:55,May,2.395261345,2.414966192
5/10/2025 12:00,May,2.382786423,2.401906322
5/10/2025 12:05,May,0,0
5/10/2025 12:10,May,0,0
5/10/2025 12:15,May,2.334557744,2.353008908
5/10/2025 12:20,May,2.227261983,2.244417951
5/10/2025 12:25,May,2.227025983,2.244185492
5/10/2025 12:30,May,2.247593155,2.264443083
5/10/2025 12:35,May,2.226566471,2.243490602
5/10/2025 12:40,May,2.227501949,2.244187357
5/10/2025 12:45,May,2.69314691,2.712753804
5/10/2025 12:50,May,2.852692321,2.872858978
5/10/2025 12:55,May,2.841686492,2.861180444
5/10/2025 13:00,May,2.856833816,2.875829906
5/10/2025 13:05,May,3.443268826,3.465082036
5/10/2025 13:10,May,3.095849642,3.114816945
5/10/2025 13:15,May,3.052528357,3.070915172
5/10/2025 13:20,May,3.100031484,3.119024408
5/10/2025 13:25,May,3.103562499,3.122569161
5/10/2025 13:30,May,3.275761739,3.29582714
5/10/2025 13:35,May,4.962969685,4.993914108
5/10/2025 13:40,May,3.759828227,3.782494274
5/10/2025 13:45,May,3.107155577,3.12524673
5/10/2025 13:50,May,3.28191883,3.300676549
5/10/2025 13:55,May,3.111684027,3.129459538
5/10/2025 14:00,May,3.285680626,3.304450094
5/10/2025 14:05,May,3.285666959,3.303738809
5/10/2025 14:10,May,3.115868838,3.133950564
5/10/2025 14:15,May,3.019278885,3.035854582
5/10/2025 14:20,May,2.748329814,2.765688286
5/10/2025 14:25,May,2.86130962,2.879370453
5/10/2025 14:30,May,2.887441304,2.89755285
5/10/2025 14:35,May,2.887723426,2.897529443
5/10/2025 14:40,May,2.991533913,3.00074241
5/10/2025 14:45,May,2.894510926,2.903112301
5/10/2025 14:50,May,2.895969111,2.903673521
5/10/2025 14:55,May,2.897145777,2.904551569
5/10/2025 15:00,May,2.897125668,2.904230094
5/10/2025 15:05,May,4.977392652,4.982978951
5/10/2025 15:10,May,3.777359619,3.778899984
5/10/2025 15:15,May,3.322440087,3.322101615
5/10/2025 15:20,May,3.328255146,3.326561032
5/10/2025 15:25,May,3.330997698,3.32862471
5/10/2025 15:30,May,3.324889964,3.328618559
5/10/2025 15:35,May,3.458480986,3.460594757
5/10/2025 15:40,May,3.155982541,3.157590111
5/10/2025 15:45,May,3.464855899,3.466970765
5/10/2025 15:50,May,3.4651341,3.4651341
5/10/2025 15:55,May,3.171162745,3.170518854
5/10/2025 16:00,May,2.84526427,2.844109654
5/10/2025 16:05,May,3.201672949,3.19842812
5/10/2025 16:10,May,3.03718004,3.032875473
5/10/2025 16:15,May,3.166159953,3.162314025
5/10/2025 16:20,May,3.175859935,3.170719443
5/10/2025 16:25,May,3.155184824,3.149125134
5/10/2025 16:30,May,3.358172857,3.350371042
5/10/2025 16:35,May,3.183535237,3.174864254
5/10/2025 16:40,May,3.184801854,3.175169426
5/10/2025 16:45,May,3.185398784,3.174808601
5/10/2025 16:50,May,3.191914243,3.179064347
5/10/2025 16:55,May,3.198117763,3.178221786
5/10/2025 17:00,May,2.973490491,2.954110477
5/10/2025 17:05,May,2.847338141,2.831330618
5/10/2025 17:10,May,2.942993348,2.925865753
5/10/2025 17:15,May,2.852420377,2.835823228
5/10/2025 17:20,May,3.374488527,3.352503787
5/10/2025 17:25,May,2.946835686,2.928227823
5/10/2025 17:30,May,2.90793945,2.888712441
5/10/2025 17:35,May,2.949773368,2.927639001
5/10/2025 17:40,May,3.160336329,3.13600174
5/10/2025 17:45,May,3.212014852,3.178736356
5/10/2025 17:50,May,4.249201872,4.201420021
5/10/2025 17:55,May,3.82519569,3.781052962
5/10/2025 18:00,May,3.930964755,3.884833095
5/10/2025 18:05,May,3.196838521,3.158667315
5/10/2025 18:10,May,3.403756863,3.361760261
5/10/2025 18:15,May,3.409039766,3.366642992
5/10/2025 18:20,May,3.410367192,3.365605487
5/10/2025 18:25,May,3.411060104,3.366293755
5/10/2025 18:30,May,3.842421787,3.787110444
5/10/2025 18:35,May,3.947111414,3.88988986
5/10/2025 18:40,May,3.941932228,3.883260881
5/10/2025 18:45,May,4.988954017,4.91517929
5/10/2025 18:50,May,4.903521169,4.831947581
5/10/2025 18:55,May,3.951913524,3.896545896
5/10/2025 19:00,May,3.249323819,3.202250861
5/10/2025 19:05,May,7.65504456,7.547613358
5/10/2025 19:10,May,4.89675174,4.828051044
5/10/2025 19:15,May,3.952395748,3.89732654
5/10/2025 19:20,May,3.950781433,3.894970553
5/10/2025 19:25,May,4.049220042,3.991218681
5/10/2025 19:30,May,4.047977919,3.990017412
5/10/2025 19:35,May,3.94517443,3.887531985
5/10/2025 19:40,May,4.04836099,3.989216777
5/10/2025 19:45,May,4.260232432,4.198385565
5/10/2025 19:50,May,4.259796777,4.197962384
5/10/2025 19:55,May,4.04875354,3.989621223
5/10/2025 20:00,May,3.472222668,3.420166907
5/10/2025 20:05,May,13.46246276,13.26673287
5/10/2025 20:10,May,8.350862607,8.229474122
5/10/2025 20:15,May,8.349272349,8.22952183
5/10/2025 20:20,May,8.344935065,8.226909091
5/10/2025 20:25,May,8.342405984,8.226885518
5/10/2025 20:30,May,8.336483539,8.222660712
5/10/2025 20:35,May,8.335652716,8.221829889
5/10/2025 20:40,May,8.333125649,8.220976116
5/10/2025 20:45,May,8.337489609,8.226101413
5/10/2025 20:50,May,8.332467533,8.221922078
5/10/2025 20:55,May,7.596473937,7.494924904
5/10/2025 21:00,May,5.098921556,5.029756053
5/10/2025 21:05,May,14.84087282,14.65075756
5/10/2025 21:10,May,13.79791896,13.62135857
5/10/2025 21:15,May,8.357299663,8.247939334
5/10/2025 21:20,May,14.67924945,14.48851457
5/10/2025 21:25,May,12.06141227,11.90245596
5/10/2025 21:30,May,8.358931553,8.248747913
5/10/2025 21:35,May,8.34409498,8.236617371
5/10/2025 21:40,May,8.346775208,8.239241601
5/10/2025 21:45,May,5.217134928,5.148872375
5/10/2025 21:50,May,5.105813463,5.038001081
5/10/2025 21:55,May,4.809330549,4.744034657
5/10/2025 22:00,May,4.73251656,4.668289212
5/10/2025 22:05,May,14.62422538,14.4382187
5/10/2025 22:10,May,8.338098717,8.231242826
5/10/2025 22:15,May,7.473640497,7.378554107
5/10/2025 22:20,May,5.13062491,5.061791937
5/10/2025 22:25,May,4.86516918,4.797989537
5/10/2025 22:30,May,4.811715063,4.745313395
5/10/2025 22:35,May,4.366429828,4.305754656
5/10/2025 22:40,May,4.365080702,4.30487871
5/10/2025 22:45,May,4.36328442,4.302695355
5/10/2025 22:50,May,4.361497269,4.300951167
5/10/2025 22:55,May,4.360607708,4.299644549
5/10/2025 23:00,May,3.439059411,3.391676204
5/10/2025 23:05,May,5.174955708,5.105949381
5/10/2025 23:10,May,4.757988678,4.693111351
5/10/2025 23:15,May,4.710147969,4.6473397
5/10/2025 23:20,May,4.707634228,4.644400168
5/10/2025 23:25,May,4.360361495,4.30182729
5/10/2025 23:30,May,3.475948767,3.428957671
5/10/2025 23:35,May,3.305304396,3.260951222
5/10/2025 23:40,May,3.435034392,3.388271161
5/10/2025 23:45,May,3.190773231,3.146727347
5/10/2025 23:50,May,3.229298627,3.184397906
5/10/2025 23:55,May,3.249527974,3.204034582
5/11/2025 0:00,May,3.221376662,3.176295421
5/11/2025 0:05,May,6.004329532,5.924086784
5/11/2025 0:10,May,5.570724138,5.493983142
5/11/2025 0:15,May,4.256246852,4.199222491
5/11/2025 0:20,May,4.257985515,4.202653578
5/11/2025 0:25,May,4.556629841,4.498700736
5/11/2025 0:30,May,4.55620449,4.498239853
5/11/2025 0:35,May,4.55488601,4.496856117
5/11/2025 0:40,May,4.694391844,4.63545648
5/11/2025 0:45,May,4.564386685,4.507944846
5/11/2025 0:50,May,5.500356489,5.432836641
5/11/2025 0:55,May,4.55366888,4.497308161
5/11/2025 1:00,May,4.591628696,4.535678712
5/11/2025 1:05,May,6.057950112,5.984200086
5/11/2025 1:10,May,5.870533053,5.798520229
5/11/2025 1:15,May,5.502609839,5.4356749
5/11/2025 1:20,May,5.499274403,5.434025939
5/11/2025 1:25,May,4.776145618,4.720428764
5/11/2025 1:30,May,4.762380691,4.705875413
5/11/2025 1:35,May,4.543077331,4.489163136
5/11/2025 1:40,May,3.448288842,3.407063099
5/11/2025 1:45,May,3.448150962,3.406266346
5/11/2025 1:50,May,3.447331134,3.40513315
5/11/2025 1:55,May,3.447998068,3.405111653
5/11/2025 2:00,May,3.447209589,3.404001867
5/11/2025 2:05,May,3.745491878,3.698157282
5/11/2025 2:10,May,3.451469129,3.407889974
5/11/2025 2:15,May,3.652802715,3.60705968
5/11/2025 2:20,May,3.627852209,3.582426209
5/11/2025 2:25,May,3.642760294,3.596793705
5/11/2025 2:30,May,3.937060775,3.88695779
5/11/2025 2:35,May,3.654343332,3.607842902
5/11/2025 2:40,May,3.748474465,3.700776244
5/11/2025 2:45,May,3.391569546,3.348460722
5/11/2025 2:50,May,3.445707209,3.400853907
5/11/2025 2:55,May,3.419002068,3.374850306
5/11/2025 3:00,May,3.431225048,3.386933317
5/11/2025 3:05,May,3.41926789,3.375484161
5/11/2025 3:10,May,3.419236268,3.375806452
5/11/2025 3:15,May,3.430077913,3.386169044
5/11/2025 3:20,May,3.428268638,3.384732874
5/11/2025 3:25,May,3.419204659,3.376128608
5/11/2025 3:30,May,3.285534095,3.244796122
5/11/2025 3:35,May,3.414212118,3.371874374
5/11/2025 3:40,May,3.41275976,3.370444291
5/11/2025 3:45,May,3.413807051,3.371831193
5/11/2025 3:50,May,3.281702439,3.242012428
5/11/2025 3:55,May,3.201555702,3.163169291
5/11/2025 4:00,May,3.197858755,3.159838873
5/11/2025 4:05,May,3.230969878,3.19221908
5/11/2025 4:10,May,3.230263043,3.19185403
5/11/2025 4:15,May,3.22890939,3.190512604
5/11/2025 4:20,May,3.227878677,3.189498016
5/11/2025 4:25,May,3.227173953,3.188809403
5/11/2025 4:30,May,3.22514322,3.187127729
5/11/2025 4:35,May,3.224427138,3.186431572
5/11/2025 4:40,May,3.223764469,3.1860976
5/11/2025 4:45,May,3.192110579,3.154817314
5/11/2025 4:50,May,3.190439667,3.153487249
5/11/2025 4:55,May,3.189079127,3.15247103
5/11/2025 5:00,May,3.187399373,3.150814241
5/11/2025 5:05,May,3.186363166,3.149480251
5/11/2025 5:10,May,3.196895119,3.162450675
5/11/2025 5:15,May,3.187633685,3.151075311
5/11/2025 5:20,May,3.18662259,3.150079488
5/11/2025 5:25,May,3.184614966,3.14809856
5/11/2025 5:30,May,3.18003804,3.146432565
5/11/2025 5:35,May,2.932656659,2.901957485
5/11/2025 5:40,May,2.376089855,2.351460968
5/11/2025 5:45,May,2.620298067,2.593398872
5/11/2025 5:50,May,2.372369708,2.348977795
5/11/2025 5:55,May,2.760670064,2.733732634
5/11/2025 6:00,May,2.759499517,2.732853777
5/11/2025 6:05,May,2.09992176,2.080479997
5/11/2025 6:10,May,2.406510872,2.384695202
5/11/2025 6:15,May,2.367843069,2.34707461
5/11/2025 6:20,May,2.098326011,2.08097048
5/11/2025 6:25,May,2.299422681,2.281086718
5/11/2025 6:30,May,2.096669751,2.080785889
5/11/2025 6:35,May,2.23919225,2.223348374
5/11/2025 6:40,May,2.093269572,2.07950642
5/11/2025 6:45,May,2.289149588,2.275707178
5/11/2025 6:50,May,2.089898097,2.079095948
5/11/2025 6:55,May,2.087801,2.078477621
5/11/2025 7:00,May,2.278446472,2.269882624
5/11/2025 7:05,May,2.081393786,2.075890812
5/11/2025 7:10,May,2.271736794,2.267801648
5/11/2025 7:15,May,2.268961286,2.266877758
5/11/2025 7:20,May,1.990405383,1.990608797
5/11/2025 7:25,May,2.424835134,2.425579329
5/11/2025 7:30,May,2.331319227,2.33322897
5/11/2025 7:35,May,2.330152644,2.333019642
5/11/2025 7:40,May,2.25762623,2.261333333
5/11/2025 7:45,May,2.253457028,2.26017754
5/11/2025 7:50,May,2.063934228,2.071584725
5/11/2025 7:55,May,2.249517657,2.258324753
5/11/2025 8:00,May,2.320399629,2.330692303
5/11/2025 8:05,May,0,0
5/11/2025 8:10,May,0.000972029,0.000978167
5/11/2025 8:15,May,0.00000572,5.76E-06
5/11/2025 8:20,May,0.000970251,0.000977186
5/11/2025 8:25,May,2.390941096,2.408295501
5/11/2025 8:30,May,2.232600268,2.24974916
5/11/2025 8:35,May,2.296193462,2.315044058
5/11/2025 8:40,May,2.230047571,2.248590738
5/11/2025 8:45,May,2.229583992,2.248127158
5/11/2025 8:50,May,2.228660658,2.247431742
5/11/2025 8:55,May,2.639657708,2.661629679
5/11/2025 9:00,May,2.639928163,2.661641263
5/11/2025 9:05,May,2.231892414,2.248127733
5/11/2025 9:10,May,0.084511552,0.0851444
5/11/2025 9:15,May,2.310887057,2.328442968
5/11/2025 9:20,May,2.300232985,2.317713415
5/11/2025 9:25,May,2.051469446,2.067064289
5/11/2025 9:30,May,2.310178684,2.327030759
5/11/2025 9:35,May,2.310914804,2.327543558
5/11/2025 9:40,May,2.310913414,2.327299453
5/11/2025 9:45,May,2.311868358,2.329929829
5/11/2025 9:50,May,2.790287945,2.811809866
5/11/2025 9:55,May,2.854433161,2.877328093
5/11/2025 10:00,May,2.833711694,2.856454637
5/11/2025 10:05,May,2.053658672,2.068232748
5/11/2025 10:10,May,2.849368108,2.869597491
5/11/2025 10:15,May,2.315079345,2.331289013
5/11/2025 10:20,May,2.671269225,2.692182084
5/11/2025 10:25,May,2.802114724,2.824643995
5/11/2025 10:30,May,2.319697,2.338343693
5/11/2025 10:35,May,2.319208129,2.337850892
5/11/2025 10:40,May,2.360317563,2.37930664
5/11/2025 10:45,May,0,0
5/11/2025 10:50,May,2.229740143,2.248829587
5/11/2025 10:55,May,2.229980077,2.249294315
5/11/2025 11:00,May,2.058858978,2.076909719
5/11/2025 11:05,May,-0.000009314,-9.38E-06
5/11/2025 11:10,May,3.61E-07,0.000000364
5/11/2025 11:15,May,3.37E-07,3.40E-07
5/11/2025 11:20,May,2.224414113,2.242782328
5/11/2025 11:25,May,4.45E-07,0.000000449
5/11/2025 11:30,May,2.222559139,2.240691093
5/11/2025 11:35,May,2.902540455,2.927434119
5/11/2025 11:40,May,2.657890507,2.680412647
5/11/2025 11:45,May,2.054581151,2.071362023
5/11/2025 11:50,May,2.769145357,2.794048265
5/11/2025 11:55,May,2.421631638,2.441626297
5/11/2025 12:00,May,2.666002407,2.688010159
5/11/2025 12:05,May,3.065785043,3.092032107
5/11/2025 12:10,May,2.601939612,2.623400588
5/11/2025 12:15,May,2.802376806,2.825238995
5/11/2025 12:20,May,0.176203648,0.177512959
5/11/2025 12:25,May,2.227829598,2.244166082
5/11/2025 12:30,May,2.316097563,2.33283693
5/11/2025 12:35,May,2.226427171,2.242998754
5/11/2025 12:40,May,2.226664839,2.243699689
5/11/2025 12:45,May,2.652067404,2.672919176
5/11/2025 12:50,May,2.652792287,2.673373817
5/11/2025 12:55,May,2.852279488,2.871091633
5/11/2025 13:00,May,3.431257159,3.458850559
5/11/2025 13:05,May,2.667425123,2.686119421
5/11/2025 13:10,May,2.806459677,2.825247692
5/11/2025 13:15,May,2.809691984,2.828180661
5/11/2025 13:20,May,2.811158453,2.829062052
5/11/2025 13:25,May,2.814679434,2.833173886
5/11/2025 13:30,May,2.702909025,2.720960384
5/11/2025 13:35,May,2.068730791,2.080626263
5/11/2025 13:40,May,2.331535132,2.344695255
5/11/2025 13:45,May,2.663282661,2.678600087
5/11/2025 13:50,May,2.233171075,2.2441604
5/11/2025 13:55,May,2.654127814,2.666906742
5/11/2025 14:00,May,2.659957709,2.672484982
5/11/2025 14:05,May,3.048256415,3.063252025
5/11/2025 14:10,May,2.821108479,2.83498375
5/11/2025 14:15,May,2.821996756,2.834388169
5/11/2025 14:20,May,2.818490839,2.831756406
5/11/2025 14:25,May,2.732770501,2.74534416
5/11/2025 14:30,May,2.703097889,2.714694312
5/11/2025 14:35,May,2.623668124,2.634646964
5/11/2025 14:40,May,2.6766883,2.687316738
5/11/2025 14:45,May,2.338646078,2.347184844
5/11/2025 14:50,May,2.675665887,2.685153075
5/11/2025 14:55,May,2.340620603,2.348431622
5/11/2025 15:00,May,3.073576093,3.083189029
5/11/2025 15:05,May,3.755511161,3.767630757
5/11/2025 15:10,May,3.2894872,3.297698943
5/11/2025 15:15,May,3.293961037,3.300811325
5/11/2025 15:20,May,2.846193142,2.851523647
5/11/2025 15:25,May,2.972242246,2.97719392
5/11/2025 15:30,May,2.847385548,2.851234967
5/11/2025 15:35,May,2.981596188,2.985315048
5/11/2025 15:40,May,2.840626409,2.843873176
5/11/2025 15:45,May,3.125037178,3.127958077
5/11/2025 15:50,May,3.125674712,3.128269979
5/11/2025 15:55,May,3.300801424,3.303198272
5/11/2025 16:00,May,3.303908458,3.305964406
5/11/2025 16:05,May,5.478609588,5.484285727
5/11/2025 16:10,May,3.760739278,3.763465863
5/11/2025 16:15,May,3.144962325,3.143660872
5/11/2025 16:20,May,3.148845373,3.146568785
5/11/2025 16:25,May,3.15473512,3.150179076
5/11/2025 16:30,May,2.776240454,2.771947741
5/11/2025 16:35,May,2.91374699,2.907148016
5/11/2025 16:40,May,3.16120041,3.154695213
5/11/2025 16:45,May,3.163795591,3.155664949
5/11/2025 16:50,May,3.166701018,3.156297072
5/11/2025 16:55,May,3.347925257,3.334191588
5/11/2025 17:00,May,3.351710671,3.335915293
5/11/2025 17:05,May,3.356554618,3.339722034
5/11/2025 17:10,May,2.892439689,2.877356415
5/11/2025 17:15,May,3.181956888,3.162782599
5/11/2025 17:20,May,3.36057139,3.339983858
5/11/2025 17:25,May,3.477659575,3.45248227
5/11/2025 17:30,May,3.373387202,3.34556191
5/11/2025 17:35,May,3.70153203,3.666161082
5/11/2025 17:40,May,3.708777667,3.669615023
5/11/2025 17:45,May,5.031609048,4.976967602
5/11/2025 17:50,May,3.805871039,3.764175556
5/11/2025 17:55,May,5.500898021,5.44117239
5/11/2025 18:00,May,6.02192381,5.957769792
5/11/2025 18:05,May,3.916001943,3.875002939
5/11/2025 18:10,May,3.918418309,3.877356443
5/11/2025 18:15,May,5.479167263,5.421703234
5/11/2025 18:20,May,4.282503254,4.236262514
5/11/2025 18:25,May,6.017666013,5.950911933
5/11/2025 18:30,May,6.031259945,5.955287146
5/11/2025 18:35,May,6.044347264,5.964638891
5/11/2025 18:40,May,6.039868607,5.961436713
5/11/2025 18:45,May,6.054868801,5.971454887
5/11/2025 18:50,May,6.05980875,5.974545726
5/11/2025 18:55,May,5.52094039,5.443794808
5/11/2025 19:00,May,6.038086882,5.954912587
5/11/2025 19:05,May,5.07891908,5.008421419
5/11/2025 19:10,May,5.513126848,5.436563404
5/11/2025 19:15,May,5.385168524,5.314656269
5/11/2025 19:20,May,5.506998974,5.432142222
5/11/2025 19:25,May,5.507003861,5.431596059
5/11/2025 19:30,May,5.507557607,5.43158359
5/11/2025 19:35,May,4.569668866,4.507502812
5/11/2025 19:40,May,5.501418098,5.427127448
5/11/2025 19:45,May,5.504200644,5.429895052
5/11/2025 19:50,May,4.805608524,4.74023937
5/11/2025 19:55,May,5.504774666,5.429374445
5/11/2025 20:00,May,4.7742,4.710253333
5/11/2025 20:05,May,4.778713994,4.716583431
5/11/2025 20:10,May,5.492550608,5.421689786
5/11/2025 20:15,May,6.041187801,5.961504926
5/11/2025 20:20,May,6.045932623,5.964454354
5/11/2025 20:25,May,6.040014751,5.958649212
5/11/2025 20:30,May,5.51703497,5.44325839
5/11/2025 20:35,May,5.032022246,4.965717473
5/11/2025 20:40,May,6.037598467,5.958059777
5/11/2025 20:45,May,5.509778314,5.437692979
5/11/2025 20:50,May,6.042068996,5.961867249
5/11/2025 20:55,May,4.997809434,4.932448788
5/11/2025 21:00,May,5.016198163,4.950570418
5/11/2025 21:05,May,5.510359867,5.437752247
5/11/2025 21:10,May,5.512580974,5.439951448
5/11/2025 21:15,May,5.081972534,5.013471232
5/11/2025 21:20,May,6.055449355,5.973270885
5/11/2025 21:25,May,6.053994435,5.972490107
5/11/2025 21:30,May,6.051284683,5.969849808
5/11/2025 21:35,May,5.522058442,5.448267016
5/11/2025 21:40,May,4.963803212,4.896494
5/11/2025 21:45,May,5.09447953,5.025356377
5/11/2025 21:50,May,5.095034559,5.026398927
5/11/2025 21:55,May,5.095122843,5.02590686
5/11/2025 22:00,May,5.079413641,5.009352763
5/11/2025 22:05,May,6.083214013,5.997613006
5/11/2025 22:10,May,5.506504519,5.430071782
5/11/2025 22:15,May,5.093534614,5.022798249
5/11/2025 22:20,May,5.095171961,5.025403403
5/11/2025 22:25,May,5.095678884,5.025917536
5/11/2025 22:30,May,3.446132192,3.397939423
5/11/2025 22:35,May,3.490489947,3.441343057
5/11/2025 22:40,May,3.447832467,3.398607641
5/11/2025 22:45,May,3.447391984,3.397849461
5/11/2025 22:50,May,3.448787548,3.398896134
5/11/2025 22:55,May,3.448408004,3.398178311
5/11/2025 23:00,May,3.494974762,3.443037713
5/11/2025 23:05,May,5.519354492,5.43738388
5/11/2025 23:10,May,4.830488027,4.757772052
5/11/2025 23:15,May,3.629045774,3.574421284
5/11/2025 23:20,May,3.52455516,3.471174377
5/11/2025 23:25,May,3.497720121,3.445104241
5/11/2025 23:30,May,3.452467799,3.400886411
5/11/2025 23:35,May,3.520476638,3.46752378
5/11/2025 23:40,May,3.468462145,3.415952121
5/11/2025 23:45,May,4.24419846,4.179094194
5/11/2025 23:50,May,3.468408577,3.415565302
5/11/2025 23:55,May,4.538553966,4.467560338
5/12/2025 0:00,May,3.473178271,3.418866061
5/12/2025 0:05,May,4.547323731,4.476687473
5/12/2025 0:10,May,3.458774019,3.406135954
5/12/2025 0:15,May,3.455443982,3.402524336
5/12/2025 0:20,May,3.417669833,3.365688754
5/12/2025 0:25,May,3.415465843,3.364221818
5/12/2025 0:30,May,3.417888911,3.366295539
5/12/2025 0:35,May,3.422553819,3.369862056
5/12/2025 0:40,May,3.460981233,3.407028493
5/12/2025 0:45,May,3.554125462,3.498726282
5/12/2025 0:50,May,3.462373562,3.408420822
5/12/2025 0:55,May,3.463052892,3.408409746
5/12/2025 1:00,May,3.335050791,3.282773065
5/12/2025 1:05,May,3.426309036,3.371906783
5/12/2025 1:10,May,3.427702991,3.372950653
5/12/2025 1:15,May,3.345966,3.292183143
5/12/2025 1:20,May,2.82829501,2.784249423
5/12/2025 1:25,May,3.237632275,3.187222129
5/12/2025 1:30,May,3.331185944,3.279648609
5/12/2025 1:35,May,3.418763531,3.364475628
5/12/2025 1:40,May,3.343613,3.290838571
5/12/2025 1:45,May,3.341581279,3.290156824
5/12/2025 1:50,May,3.227229627,3.1782191
5/12/2025 1:55,May,3.226603042,3.178255912
5/12/2025 2:00,May,3.224576705,3.176584212
5/12/2025 2:05,May,2.82431955,2.783704336
5/12/2025 2:10,May,2.981398423,2.93883699
5/12/2025 2:15,May,2.980464401,2.93851557
5/12/2025 2:20,May,2.977987874,2.936668517
5/12/2025 2:25,May,2.977355216,2.93604879
5/12/2025 2:30,May,3.216424596,3.171810404
5/12/2025 2:35,May,2.974540554,2.933879431
5/12/2025 2:40,May,2.973024044,2.932371393
5/12/2025 2:45,May,2.971166871,2.930838345
5/12/2025 2:50,May,2.918569749,2.878657684
5/12/2025 2:55,May,2.915848428,2.876556021
5/12/2025 3:00,May,2.390412223,2.358453556
5/12/2025 3:05,May,2.390940808,2.358965431
5/12/2025 3:10,May,2.390180872,2.358218872
5/12/2025 3:15,May,2.389681728,2.357966667
5/12/2025 3:20,May,2.388424102,2.357209149
5/12/2025 3:25,May,2.321888824,2.291546489
5/12/2025 3:30,May,2.388461409,2.356993196
5/12/2025 3:35,May,2.387434848,2.356229687
5/12/2025 3:40,May,2.386677529,2.355725343
5/12/2025 3:45,May,2.386668234,2.35571928
5/12/2025 3:50,May,2.321196302,2.291317669
5/12/2025 3:55,May,2.321180933,2.291541884
5/12/2025 4:00,May,2.32112719,2.291742881
5/12/2025 4:05,May,2.383645608,2.353227301
5/12/2025 4:10,May,2.384400319,2.353969323
5/12/2025 4:15,May,2.384391274,2.353963452
5/12/2025 4:20,May,2.384142667,2.353957581
5/12/2025 4:25,May,2.319908327,2.290778389
5/12/2025 4:30,May,2.382359744,2.352930172
5/12/2025 4:35,May,2.382359744,2.352930172
5/12/2025 4:40,May,2.381854912,2.352434531
5/12/2025 4:45,May,2.320344066,2.291692091
5/12/2025 4:50,May,2.319374886,2.291436221
5/12/2025 4:55,May,2.380069055,2.351166169
5/12/2025 5:00,May,2.318872114,2.291413317
5/12/2025 5:05,May,2.377317301,2.349413396
5/12/2025 5:10,May,2.373930871,2.348189452
5/12/2025 5:15,May,2.315522316,2.290424323
5/12/2025 5:20,May,2.373422742,2.347691999
5/12/2025 5:25,May,2.114408053,2.091912093
5/12/2025 5:30,May,2.113975621,2.091694208
5/12/2025 5:35,May,2.310504674,2.286156723
5/12/2025 5:40,May,2.109785354,2.087764311
5/12/2025 5:45,May,2.109770306,2.088177232
5/12/2025 5:50,May,-1.01E-05,-9.99E-06
5/12/2025 5:55,May,0,0
5/12/2025 6:00,May,2.102336349,2.082719886
5/12/2025 6:05,May,-1.03E-05,-1.03E-05
5/12/2025 6:10,May,0,0
5/12/2025 6:15,May,0,0
5/12/2025 6:20,May,0,0
5/12/2025 6:25,May,-1.04E-05,-1.03E-05
5/12/2025 6:30,May,-1.04E-05,-1.03E-05
5/12/2025 6:35,May,-2.06E-05,-2.05E-05
5/12/2025 6:40,May,-0.997596113,-0.992383593
5/12/2025 6:45,May,-0.001056718,-0.001051407
5/12/2025 6:50,May,-9.716570409,-9.678370183
5/12/2025 6:55,May,-9.792187334,-9.756611721
5/12/2025 7:00,May,-1.367517601,-1.364336041
5/12/2025 7:05,May,-9.845232152,-9.834248627
5/12/2025 7:10,May,-9.724952243,-9.718041109
5/12/2025 7:15,May,-9.576519268,-9.577492788
5/12/2025 7:20,May,-9.821019862,-9.826019364
5/12/2025 7:25,May,-9.824701993,-9.835720725
5/12/2025 7:30,May,-9.780589767,-9.796546679
5/12/2025 7:35,May,-9.848469644,-9.869543402
5/12/2025 7:40,May,-9.837545126,-9.864620939
5/12/2025 7:45,May,-9.805000588,-9.83700059
5/12/2025 7:50,May,-9.818437155,-9.858561541
5/12/2025 7:55,May,-9.772148983,-9.82916152
5/12/2025 8:00,May,-9.773000586,-9.83200059
5/12/2025 8:05,May,-9.952931546,-10.03274327
5/12/2025 8:10,May,-9.813108546,-9.893858256
5/12/2025 8:15,May,-9.597667516,-9.676782755
5/12/2025 8:20,May,-9.740630505,-9.824072793
5/12/2025 8:25,May,-9.712194144,-9.796430004
5/12/2025 8:30,May,-9.70514492,-9.794403771
5/12/2025 8:35,May,-9.924048035,-10.0184748
5/12/2025 8:40,May,-9.872613996,-9.968663025
5/12/2025 8:45,May,-9.805175093,-9.901622767
5/12/2025 8:50,May,-9.721726127,-9.825577796
5/12/2025 8:55,May,-9.902423993,-10.00924404
5/12/2025 9:00,May,-9.721614244,-9.825507818
5/12/2025 9:05,May,-10.10104335,-10.20104337
5/12/2025 9:10,May,-9.944424647,-10.04289445
5/12/2025 9:15,May,-9.904946852,-10.00204415
5/12/2025 9:20,May,-9.908997955,-10.00613497
5/12/2025 9:25,May,-9.847543385,-9.943120987
5/12/2025 9:30,May,-9.774974773,-9.868819374
5/12/2025 9:35,May,-9.778698464,-9.873686338
5/12/2025 9:40,May,-9.686372746,-9.78256513
5/12/2025 9:45,May,-9.757399946,-9.855377979
5/12/2025 9:50,May,-9.670439748,-9.768606631
5/12/2025 9:55,May,-9.69304845,-9.790350085
5/12/2025 10:00,May,-9.683112716,-9.780385078
5/12/2025 10:05,May,-9.667899799,-9.762928302
5/12/2025 10:10,May,-9.38577875,-9.477815185
5/12/2025 10:15,May,-9.69897652,-9.795304034
5/12/2025 10:20,May,-9.625642935,-9.722217963
5/12/2025 10:25,May,-9.625642935,-9.721222344
5/12/2025 10:30,May,-9.633462297,-9.728083773
5/12/2025 10:35,May,-9.329027282,-9.421575243
5/12/2025 10:40,May,-8.927045838,-9.01473784
5/12/2025 10:45,May,-0.001011177,-0.001021101
5/12/2025 10:50,May,-8.436779182,-8.520536245
5/12/2025 10:55,May,-9.95E-06,-1.00E-05
5/12/2025 11:00,May,-9.74E-06,-0.000009831
5/12/2025 11:05,May,0,0
5/12/2025 11:10,May,-1.00E-05,-1.01E-05
5/12/2025 11:15,May,0,0
5/12/2025 11:20,May,0,0
5/12/2025 11:25,May,0,0
5/12/2025 11:30,May,0,0
5/12/2025 11:35,May,0,0
5/12/2025 11:40,May,0,0
5/12/2025 11:45,May,2.841656852,2.86782962
5/12/2025 11:50,May,2.840702066,2.867445691
5/12/2025 11:55,May,2.63832732,2.663175983
5/12/2025 12:00,May,2.695026864,2.720669895
5/12/2025 12:05,May,2.6815711,2.705736906
5/12/2025 12:10,May,0,0
5/12/2025 12:15,May,2.849871068,2.876070688
5/12/2025 12:20,May,2.642696005,2.666454872
5/12/2025 12:25,May,2.513080221,2.535430262
5/12/2025 12:30,May,2.227148062,2.246739036
5/12/2025 12:35,May,2.636695452,2.659343255
5/12/2025 12:40,May,2.498293068,2.519763178
5/12/2025 12:45,May,2.486503639,2.507619349
5/12/2025 12:50,May,2.749248468,2.77341706
5/12/2025 12:55,May,2.708935219,2.732461952
5/12/2025 13:00,May,2.758778506,2.782728216
5/12/2025 13:05,May,2.691452757,2.712651888
5/12/2025 13:10,May,2.691121938,2.712322857
5/12/2025 13:15,May,3.096748605,3.124929978
5/12/2025 13:20,May,2.860477585,2.88621567
5/12/2025 13:25,May,2.85924266,2.884977619
5/12/2025 13:30,May,2.858943653,2.884390678
5/12/2025 13:35,May,3.094530349,3.11978008
5/12/2025 13:40,May,2.864269255,2.887647422
5/12/2025 13:45,May,2.654206192,2.675608868
5/12/2025 13:50,May,2.325296325,2.343560331
5/12/2025 13:55,May,2.735759821,2.758091401
5/12/2025 14:00,May,2.859098609,2.882732406
5/12/2025 14:05,May,2.338092321,2.354317301
5/12/2025 14:10,May,2.236548666,2.251367914
5/12/2025 14:15,May,2.323635848,2.339028944
5/12/2025 14:20,May,2.676363145,2.692711155
5/12/2025 14:25,May,2.324855515,2.339295611
5/12/2025 14:30,May,2.747892782,2.765223371
5/12/2025 14:35,May,2.326669802,2.340623565
5/12/2025 14:40,May,2.699655074,2.714155855
5/12/2025 14:45,May,3.224273051,3.241895663
5/12/2025 14:50,May,2.821124038,2.83624603
5/12/2025 14:55,May,2.768842293,2.782548019
5/12/2025 15:00,May,2.709154862,2.722003725
5/12/2025 15:05,May,3.179766213,3.193176048
5/12/2025 15:10,May,3.077498308,3.088245529
5/12/2025 15:15,May,2.875986703,2.885136496
5/12/2025 15:20,May,2.724970719,2.732242528
5/12/2025 15:25,May,2.753275698,2.759205222
5/12/2025 15:30,May,2.260173526,2.264806928
5/12/2025 15:35,May,2.080877116,2.084715979
5/12/2025 15:40,May,2.34376689,2.34760913
5/12/2025 15:45,May,2.342113786,2.348361345
5/12/2025 15:50,May,2.352220801,2.356076111
5/12/2025 15:55,May,2.347123681,2.35096552
5/12/2025 16:00,May,2.348089411,2.351451371
5/12/2025 16:05,May,2.504122445,2.506682112
5/12/2025 16:10,May,2.334222764,2.335891429
5/12/2025 16:15,May,2.352600393,2.353080221
5/12/2025 16:20,May,2.352811513,2.352811513
5/12/2025 16:25,May,2.353975196,2.352537361
5/12/2025 16:30,May,0,0
5/12/2025 16:35,May,2.326237836,2.318287284
5/12/2025 16:40,May,2.75932257,2.748788688
5/12/2025 16:45,May,2.328041256,2.319396382
5/12/2025 16:50,May,2.329659626,2.319848566
5/12/2025 16:55,May,2.332255714,2.321974254
5/12/2025 17:00,May,2.357866959,2.351177297
5/12/2025 17:05,May,2.864587662,2.855024547
5/12/2025 17:10,May,2.870155962,2.858840143
5/12/2025 17:15,May,2.915276382,2.902319598
5/12/2025 17:20,May,2.917634646,2.901736334
5/12/2025 17:25,May,3.043215265,3.024507603
5/12/2025 17:30,May,2.880651535,2.862357074
5/12/2025 17:35,May,3.507699801,3.481941619
5/12/2025 17:40,May,3.146687295,3.121076194
5/12/2025 17:45,May,3.145858771,3.118693006
5/12/2025 17:50,May,3.185987095,3.155306509
5/12/2025 17:55,May,3.816904665,3.774843003
5/12/2025 18:00,May,3.374674132,3.336172046
5/12/2025 18:05,May,3.19572584,3.160196436
5/12/2025 18:10,May,3.166175357,3.132837169
5/12/2025 18:15,May,3.367233788,3.329411084
5/12/2025 18:20,May,4.926989236,4.867705298
5/12/2025 18:25,May,4.253133504,4.199825403
5/12/2025 18:30,May,4.923869152,4.85724368
5/12/2025 18:35,May,4.224748493,4.166289123
5/12/2025 18:40,May,3.55474248,3.504138627
5/12/2025 18:45,May,3.549534943,3.498293536
5/12/2025 18:50,May,3.838153871,3.780466188
5/12/2025 18:55,May,3.449926696,3.396410019
5/12/2025 19:00,May,3.450585741,3.396389866
5/12/2025 19:05,May,3.443821989,3.389748577
5/12/2025 19:10,May,3.113625628,3.065670997
5/12/2025 19:15,May,3.404032314,3.351976647
5/12/2025 19:20,May,3.405081274,3.353695378
5/12/2025 19:25,May,3.538660008,3.484540158
5/12/2025 19:30,May,3.406173422,3.354760769
5/12/2025 19:35,May,3.405506645,3.354429153
5/12/2025 19:40,May,2.947113797,2.905509567
5/12/2025 19:45,May,3.342931626,3.293052317
5/12/2025 19:50,May,3.417400053,3.366414789
5/12/2025 19:55,May,3.417147325,3.366476645
5/12/2025 20:00,May,3.369547526,3.321661642
5/12/2025 20:05,May,5.610641006,5.53343552
5/12/2025 20:10,May,3.548065022,3.498499088
5/12/2025 20:15,May,3.397012367,3.350571506
5/12/2025 20:20,May,5.519052232,5.44459809
5/12/2025 20:25,May,3.436923722,3.389553646
5/12/2025 20:30,May,3.400290888,3.35343514
5/12/2025 20:35,May,3.400632901,3.353777152
5/12/2025 20:40,May,3.218798776,3.174794289
5/12/2025 20:45,May,3.396972361,3.350204678
5/12/2025 20:50,May,3.396630991,3.349521938
5/12/2025 20:55,May,3.396617697,3.349513562
5/12/2025 21:00,May,3.395199781,3.348456502
5/12/2025 21:05,May,8.271271235,8.153942338
5/12/2025 21:10,May,5.545558751,5.466344452
5/12/2025 21:15,May,3.44085999,3.391714735
5/12/2025 21:20,May,3.553375818,3.502271248
5/12/2025 21:25,May,3.405320971,3.358039122
5/12/2025 21:30,May,3.074788956,3.031825982
5/12/2025 21:35,May,3.222759634,3.177432495
5/12/2025 21:40,May,3.205618632,3.159906857
5/12/2025 21:45,May,3.223717804,3.177424206
5/12/2025 21:50,May,3.215451584,3.169618004
5/12/2025 21:55,May,3.218274417,3.172405204
5/12/2025 22:00,May,1.569247154,1.547522023
5/12/2025 22:05,May,3.32913748,3.281965499
5/12/2025 22:10,May,3.338615958,3.291319178
5/12/2025 22:15,May,3.222092655,3.177098594
5/12/2025 22:20,May,3.22690204,3.182182972
5/12/2025 22:25,May,3.214971084,3.170744652
5/12/2025 22:30,May,3.224655309,3.180930071
5/12/2025 22:35,May,3.214971084,3.171067472
5/12/2025 22:40,May,2.972639003,2.933214875
5/12/2025 22:45,May,2.974485753,2.934443449
5/12/2025 22:50,May,2.972020283,2.932305755
5/12/2025 22:55,May,3.149335357,3.1069435
5/12/2025 23:00,May,2.970144692,2.930463201
5/12/2025 23:05,May,5.53329731,5.460256002
5/12/2025 23:10,May,3.209947099,3.16695385
5/12/2025 23:15,May,3.225218815,3.180762132
5/12/2025 23:20,May,3.212209902,3.16824688
5/12/2025 23:25,May,3.190095191,3.146131502
5/12/2025 23:30,May,2.970291711,2.929954785
5/12/2025 23:35,May,2.969374493,2.928747236
5/12/2025 23:40,May,2.934721974,2.895155343
5/12/2025 23:45,May,2.913209385,2.874210206
5/12/2025 23:50,May,2.812950948,2.775577066
5/12/2025 23:55,May,2.808779802,2.77202307
5/13/2025 0:00,May,2.317177164,2.287320241
5/13/2025 0:05,May,2.930884484,2.893441336
5/13/2025 0:10,May,2.820919483,2.785164945
5/13/2025 0:15,May,2.957933917,2.920457832
5/13/2025 0:20,May,2.959170214,2.921972278
5/13/2025 0:25,May,2.957933917,2.921647549
5/13/2025 0:30,May,2.956095359,2.919831545
5/13/2025 0:35,May,2.933244413,2.897850815
5/13/2025 0:40,May,2.90256713,2.867832065
5/13/2025 0:45,May,2.545146033,2.514691294
5/13/2025 0:50,May,2.760086612,2.727049968
5/13/2025 0:55,May,2.38672528,2.358397621
5/13/2025 1:00,May,2.386234026,2.358149388
5/13/2025 1:05,May,2.309222163,2.282276204
5/13/2025 1:10,May,2.3849706,2.357146343
5/13/2025 1:15,May,2.310396692,2.283445161
5/13/2025 1:20,May,2.310383626,2.283669961
5/13/2025 1:25,May,2.309893118,2.283422691
5/13/2025 1:30,May,2.232729037,2.207369867
5/13/2025 1:35,May,2.30891969,2.282932452
5/13/2025 1:40,May,2.12113257,2.09747444
5/13/2025 1:45,May,2.119358863,2.096146432
5/13/2025 1:50,May,2.120040943,2.096816374
5/13/2025 1:55,May,2.118464648,2.095477189
5/13/2025 2:00,May,0,0
5/13/2025 2:05,May,2.116612858,2.093880993
5/13/2025 2:10,May,2.114824437,2.09233082
5/13/2025 2:15,May,2.113244177,2.090990577
5/13/2025 2:20,May,2.112577215,2.090544721
5/13/2025 2:25,May,0.000998898,0.000988683
5/13/2025 2:30,May,2.109257277,2.087902527
5/13/2025 2:35,May,2.108148694,2.087232006
5/13/2025 2:40,May,2.107252847,2.086351331
5/13/2025 2:45,May,2.3075539,2.2844298
5/13/2025 2:50,May,2.106605118,2.085919016
5/13/2025 2:55,May,2.105711323,2.085251141
5/13/2025 3:00,May,0,0
5/13/2025 3:05,May,2.105675865,2.08522627
5/13/2025 3:10,May,0.085246781,0.084427429
5/13/2025 3:15,May,0.0009989,0.000989298
5/13/2025 3:20,May,0,0
5/13/2025 3:25,May,0,0
5/13/2025 3:30,May,0,0
5/13/2025 3:35,May,0,0
5/13/2025 3:40,May,0,0
5/13/2025 3:45,May,0,0
5/13/2025 3:50,May,0,0
5/13/2025 3:55,May,0,0
5/13/2025 4:00,May,0,0
5/13/2025 4:05,May,0,0
5/13/2025 4:10,May,1.518730045,1.504431104
5/13/2025 4:15,May,0.172798204,0.171171298
5/13/2025 4:20,May,2.102901293,2.083094407
5/13/2025 4:25,May,0.000999299,0.000989888
5/13/2025 4:30,May,2.027584313,2.008889408
5/13/2025 4:35,May,2.030810078,2.012085431
5/13/2025 4:40,May,0.000998799,0.000989689
5/13/2025 4:45,May,2.02616085,2.0078742
5/13/2025 4:50,May,0,0
5/13/2025 4:55,May,2.021934734,2.003684396
5/13/2025 5:00,May,2.024554602,2.006284281
5/13/2025 5:05,May,2.10165032,2.082682357
5/13/2025 5:10,May,2.296784154,2.277872989
5/13/2025 5:15,May,2.296327948,2.277184194
5/13/2025 5:20,May,2.29634308,2.276962711
5/13/2025 5:25,May,2.228324797,2.209286944
5/13/2025 5:30,May,2.104245342,2.086468353
5/13/2025 5:35,May,2.104026788,2.086251644
5/13/2025 5:40,May,2.102921085,2.08537031
5/13/2025 5:45,May,2.102914282,2.085153896
5/13/2025 5:50,May,2.102055124,2.084509812
5/13/2025 5:55,May,2.100965185,2.083851531
5/13/2025 6:00,May,2.099869898,2.082978034
5/13/2025 6:05,May,-0.00102552,-0.001017699
5/13/2025 6:10,May,0,0
5/13/2025 6:15,May,0.000995301,0.000988502
5/13/2025 6:20,May,0,0
5/13/2025 6:25,May,0,0
5/13/2025 6:30,May,0,0
5/13/2025 6:35,May,0.000991999,0.000987199
5/13/2025 6:40,May,0.174185914,0.173464975
5/13/2025 6:45,May,2.083468154,2.0750484
5/13/2025 6:50,May,2.081843937,2.075309851
5/13/2025 6:55,May,2.079142731,2.075134236
5/13/2025 7:00,May,2.271189817,2.267037734
5/13/2025 7:05,May,-0.005085682,-0.005081553
5/13/2025 7:10,May,0,0
5/13/2025 7:15,May,0,0
5/13/2025 7:20,May,2.30E-07,0.00000023
5/13/2025 7:25,May,2.256885213,2.259652417
5/13/2025 7:30,May,2.255740976,2.258972697
5/13/2025 7:35,May,2.188335172,2.192148384
5/13/2025 7:40,May,2.332128491,2.336915781
5/13/2025 7:45,May,2.398286003,2.40370753
5/13/2025 7:50,May,2.331498527,2.337738256
5/13/2025 7:55,May,2.859592801,2.867252162
5/13/2025 8:00,May,2.778744274,2.786772012
5/13/2025 8:05,May,-9.65E-06,-9.69E-06
5/13/2025 8:10,May,0.17556529,0.176289644
5/13/2025 8:15,May,2.277153544,2.287019487
5/13/2025 8:20,May,2.298041385,2.308722222
5/13/2025 8:25,May,2.314048734,2.325054342
5/13/2025 8:30,May,2.326073737,2.337872662
5/13/2025 8:35,May,2.326344593,2.338396943
5/13/2025 8:40,May,2.842150116,2.856890029
5/13/2025 8:45,May,2.694044661,2.708026624
5/13/2025 8:50,May,2.686365149,2.701156064
5/13/2025 8:55,May,2.831656115,2.847850467
5/13/2025 9:00,May,2.840965027,2.857521801
5/13/2025 9:05,May,0,0
5/13/2025 9:10,May,2.325203216,2.342357147
5/13/2025 9:15,May,2.064191617,2.080284587
5/13/2025 9:20,May,2.833847749,2.856558644
5/13/2025 9:25,May,2.842663899,2.86486065
5/13/2025 9:30,May,2.792319987,2.814141806
5/13/2025 9:35,May,2.842622624,2.865150186
5/13/2025 9:40,May,3.016523833,3.039824747
5/13/2025 9:45,May,2.84523567,2.866923276
5/13/2025 9:50,May,2.851949537,2.873390528
5/13/2025 9:55,May,2.794280713,2.815876199
5/13/2025 10:00,May,3.226288231,3.25021662
5/13/2025 10:05,May,0,0
5/13/2025 10:10,May,2.675626461,2.695443849
5/13/2025 10:15,May,2.676967578,2.696525842
5/13/2025 10:20,May,2.67456286,2.693836472
5/13/2025 10:25,May,2.824419728,2.843589331
5/13/2025 10:30,May,3.038204022,3.058194293
5/13/2025 10:35,May,3.041983452,3.061359143
5/13/2025 10:40,May,3.05619108,3.075657266
5/13/2025 10:45,May,3.045147298,3.063897422
5/13/2025 10:50,May,2.830137138,2.847568821
5/13/2025 10:55,May,3.047042567,3.065166477
5/13/2025 11:00,May,3.024631579,3.042631579
5/13/2025 11:05,May,2.828667778,2.845211422
5/13/2025 11:10,May,3.044486008,3.06261931
5/13/2025 11:15,May,3.043855026,3.061666508
5/13/2025 11:20,May,3.043199969,3.061342673
5/13/2025 11:25,May,3.025502179,3.044187894
5/13/2025 11:30,May,3.45053615,3.470750611
5/13/2025 11:35,May,3.048257744,3.066430601
5/13/2025 11:40,May,2.797145403,2.813819455
5/13/2025 11:45,May,3.050661012,3.069151799
5/13/2025 11:50,May,3.047956658,3.066432984
5/13/2025 11:55,May,3.042355858,3.060796305
5/13/2025 12:00,May,2.82571587,2.843145796
5/13/2025 12:05,May,3.039038181,3.059370446
5/13/2025 12:10,May,3.025082253,3.045333849
5/13/2025 12:15,May,3.042356361,3.062704444
5/13/2025 12:20,May,3.051136576,3.072167909
5/13/2025 12:25,May,2.825368856,2.842216437
5/13/2025 12:30,May,3.079097204,3.097133756
5/13/2025 12:35,May,3.080367093,3.0981
5/13/2025 12:40,May,3.036202473,3.053356159
5/13/2025 12:45,May,3.258400063,3.277474953
5/13/2025 12:50,May,3.458677123,3.478571209
5/13/2025 12:55,May,3.460543567,3.480094661
5/13/2025 13:00,May,5.330274993,5.361508162
5/13/2025 13:05,May,3.455654762,3.474447279
5/13/2025 13:10,May,3.755027505,3.779316676
5/13/2025 13:15,May,3.462054541,3.483701402
5/13/2025 13:20,May,3.322654599,3.342008527
5/13/2025 13:25,May,5.483809317,5.508852141
5/13/2025 13:30,May,3.74651401,3.761652225
5/13/2025 13:35,May,3.472674457,3.48633084
5/13/2025 13:40,May,4.763015108,4.782743865
5/13/2025 13:45,May,3.322972772,3.33643309
5/13/2025 13:50,May,5.496571871,5.525663316
5/13/2025 13:55,May,11.81996052,11.88751017
5/13/2025 14:00,May,7.97345775,8.019077242
5/13/2025 14:05,May,11.84225891,11.9199252
5/13/2025 14:10,May,7.962659609,8.017425713
5/13/2025 14:15,May,7.961837602,8.016592347
5/13/2025 14:20,May,7.137710427,7.188285013
5/13/2025 14:25,May,7.950274526,8.008287579
5/13/2025 14:30,May,7.966003317,8.023217247
5/13/2025 14:35,May,7.961064607,8.019053631
5/13/2025 14:40,May,7.975150135,8.032304825
5/13/2025 14:45,May,7.977646694,8.032288109
5/13/2025 14:50,May,13.01315541,13.10360892
5/13/2025 14:55,May,10.4419073,10.51552572
5/13/2025 15:00,May,11.86442686,11.94931336
5/13/2025 15:05,May,14.15571243,14.25245852
5/13/2025 15:10,May,13.06465654,13.15393665
5/13/2025 15:15,May,10.38380196,10.45262584
5/13/2025 15:20,May,10.37246625,10.43801955
5/13/2025 15:25,May,10.39540948,10.46220556
5/13/2025 15:30,May,7.996687371,8.048861284
5/13/2025 15:35,May,6.290447391,6.330161456
5/13/2025 15:40,May,8.000827643,8.05048624
5/13/2025 15:45,May,8.008277289,8.055457838
5/13/2025 15:50,May,8.009930692,8.057101479
5/13/2025 15:55,May,8.00248062,8.05126615
5/13/2025 16:00,May,6.246954886,6.281818007
5/13/2025 16:05,May,6.199325912,6.232001152
5/13/2025 16:10,May,5.426387238,5.453844174
5/13/2025 16:15,May,5.371401748,5.398020299
5/13/2025 16:20,May,5.378821986,5.404348223
5/13/2025 16:25,May,5.355214065,5.379495745
5/13/2025 16:30,May,4.831331027,4.855184544
5/13/2025 16:35,May,5.034734532,5.053872109
5/13/2025 16:40,May,5.039898612,5.056446607
5/13/2025 16:45,May,3.394646136,3.403337876
5/13/2025 16:50,May,3.415470305,3.4207109
5/13/2025 16:55,May,2.888383197,2.891039589
5/13/2025 17:00,May,2.091580348,2.093074334
5/13/2025 17:05,May,2.141278626,2.141933185
5/13/2025 17:10,May,1.960833476,1.959239303
5/13/2025 17:15,May,2.4715294,2.467763356
5/13/2025 17:20,May,2.900850166,2.894077982
5/13/2025 17:25,May,3.025081647,3.014047915
5/13/2025 17:30,May,3.030342428,3.016538864
5/13/2025 17:35,May,3.035263991,3.019309909
5/13/2025 17:40,May,3.038588777,3.018354001
5/13/2025 17:45,May,3.529564489,3.504648241
5/13/2025 17:50,May,4.402343471,4.368182386
5/13/2025 17:55,May,3.936158813,3.902458823
5/13/2025 18:00,May,3.212310335,3.185142185
5/13/2025 18:05,May,3.393505688,3.360403309
5/13/2025 18:10,May,3.217424008,3.184774574
5/13/2025 18:15,May,3.36629081,3.329792526
5/13/2025 18:20,May,3.540942676,3.497985582
5/13/2025 18:25,May,3.441433197,3.397303418
5/13/2025 18:30,May,3.839311595,3.789310543
5/13/2025 18:35,May,3.844007106,3.793144141
5/13/2025 18:40,May,3.420088523,3.373510109
5/13/2025 18:45,May,3.461566641,3.413397879
5/13/2025 18:50,May,3.252382902,3.206496771
5/13/2025 18:55,May,3.419689119,3.370787565
5/13/2025 19:00,May,3.378202075,3.329580276
5/13/2025 19:05,May,4.241921207,4.181553116
5/13/2025 19:10,May,3.454409001,3.403888745
5/13/2025 19:15,May,3.42515586,3.374750623
5/13/2025 19:20,May,3.084658199,3.039268334
5/13/2025 19:25,May,3.245939365,3.198185854
5/13/2025 19:30,May,3.092265049,3.046181083
5/13/2025 19:35,May,3.092258418,3.04647926
5/13/2025 19:40,May,3.391402708,3.340865754
5/13/2025 19:45,May,3.391050903,3.340180052
5/13/2025 19:50,May,3.097753038,3.050990996
5/13/2025 19:55,May,3.10169892,3.055492848
5/13/2025 20:00,May,3.0791601,3.032692663
5/13/2025 20:05,May,3.840895532,3.783907808
5/13/2025 20:10,May,3.395160056,3.343795547
5/13/2025 20:15,May,3.399296107,3.346548996
5/13/2025 20:20,May,3.437528652,3.382517191
5/13/2025 20:25,May,3.445529243,3.389395184
5/13/2025 20:30,May,3.440608397,3.384227524
5/13/2025 20:35,May,3.407549745,3.35170502
5/13/2025 20:40,May,3.256664167,3.203974704
5/13/2025 20:45,May,3.401458132,3.347439769
5/13/2025 20:50,May,3.400044832,3.346388512
5/13/2025 20:55,May,3.259261092,3.206876043
5/13/2025 21:00,May,3.25062287,3.198711535
5/13/2025 21:05,May,5.309210963,5.22572277
5/13/2025 21:10,May,3.438762521,3.383670701
5/13/2025 21:15,May,3.447116674,3.39055568
5/13/2025 21:20,May,3.236320407,3.183531432
5/13/2025 21:25,May,3.343086412,3.288863345
5/13/2025 21:30,May,3.342100488,3.287893412
5/13/2025 21:35,May,2.986071867,2.937947986
5/13/2025 21:40,May,3.08473353,3.035024582
5/13/2025 21:45,May,3.066641251,3.017223851
5/13/2025 21:50,May,2.947408862,2.900493454
5/13/2025 21:55,May,2.946227648,2.899611989
5/13/2025 22:00,May,2.923896199,2.877931274
5/13/2025 22:05,May,3.834696113,3.77469485
5/13/2025 22:10,May,3.192554738,3.14199102
5/13/2025 22:15,May,3.086167493,3.037318118
5/13/2025 22:20,May,1.216588157,1.197747996
5/13/2025 22:25,May,2.410592566,2.373269436
5/13/2025 22:30,May,2.791123107,2.747921181
5/13/2025 22:35,May,2.331920953,2.296310223
5/13/2025 22:40,May,2.133809771,2.10145029
5/13/2025 22:45,May,2.330903259,2.295794392
5/13/2025 22:50,May,2.191854623,2.159708297
5/13/2025 22:55,May,2.328012814,2.294108587
5/13/2025 23:00,May,2.328012814,2.294340808
5/13/2025 23:05,May,3.566028346,3.513256404
5/13/2025 23:10,May,3.088397953,3.042048809
5/13/2025 23:15,May,3.083907813,3.037879338
5/13/2025 23:20,May,2.942995968,2.899577621
5/13/2025 23:25,May,3.06605156,3.020767768
5/13/2025 23:30,May,3.056988152,3.012100264
5/13/2025 23:35,May,3.077347722,3.032147242
5/13/2025 23:40,May,3.075534474,3.030624857
5/13/2025 23:45,May,2.931476963,2.888940417
5/13/2025 23:50,May,3.071826705,3.02813382
5/13/2025 23:55,May,3.048538578,3.004842961
5/14/2025 0:00,May,2.916818789,2.875015371
5/14/2025 0:05,May,4.266290137,4.206262368
5/14/2025 0:10,May,3.432928604,3.383990889
5/14/2025 0:15,May,3.284542501,3.238402894
5/14/2025 0:20,May,3.391273465,3.343648994
5/14/2025 0:25,May,3.294583325,3.248991616
5/14/2025 0:30,May,3.390854409,3.34394468
5/14/2025 0:35,May,3.321463773,3.277173115
5/14/2025 0:40,May,3.320704107,3.275440067
5/14/2025 0:45,May,3.299561217,3.254598992
5/14/2025 0:50,May,3.319312446,3.274402523
5/14/2025 0:55,May,3.291081418,3.246548962
5/14/2025 1:00,May,2.962022931,2.922242153
5/14/2025 1:05,May,5.503209711,5.429640369
5/14/2025 1:10,May,3.826824749,3.774885671
5/14/2025 1:15,May,3.379827936,3.334658625
5/14/2025 1:20,May,3.381632956,3.335740834
5/14/2025 1:25,May,3.380193342,3.335014573
5/14/2025 1:30,May,3.378413486,3.334289224
5/14/2025 1:35,May,3.378014567,3.334597114
5/14/2025 1:40,May,3.375874193,3.333176199
5/14/2025 1:45,May,3.379382045,3.336648332
5/14/2025 1:50,May,3.376876465,3.334870417
5/14/2025 1:55,May,3.376842763,3.335532686
5/14/2025 2:00,May,3.376445413,3.335839349
5/14/2025 2:05,May,3.37891409,3.338278337
5/14/2025 2:10,May,3.476895574,3.434387302
5/14/2025 2:15,May,3.381304429,3.341010153
5/14/2025 2:20,May,3.381622442,3.341677987
5/14/2025 2:25,May,3.380904667,3.341655319
5/14/2025 2:30,May,3.379493457,3.340601649
5/14/2025 2:35,May,3.377367581,3.338845068
5/14/2025 2:40,May,3.4119403,3.372675087
5/14/2025 2:45,May,3.379129379,3.340586771
5/14/2025 2:50,May,3.378458598,3.340253089
5/14/2025 2:55,May,3.377367581,3.339185975
5/14/2025 3:00,May,3.30509853,3.26806381
5/14/2025 3:05,May,3.30403251,3.267354382
5/14/2025 3:10,May,3.304365261,3.26768714
5/14/2025 3:15,May,3.301968135,3.266312611
5/14/2025 3:20,May,3.30092682,3.265286137
5/14/2025 3:25,May,2.95701698,2.92539113
5/14/2025 3:30,May,2.956691362,2.925373638
5/14/2025 3:35,May,2.956067775,2.925057986
5/14/2025 3:40,May,2.956374995,2.925361983
5/14/2025 3:45,May,2.954848421,2.924146374
5/14/2025 3:50,May,2.955462479,2.924754052
5/14/2025 3:55,May,2.95424344,2.923544583
5/14/2025 4:00,May,2.953025161,2.922335867
5/14/2025 4:05,May,2.953656109,2.922954062
5/14/2025 4:10,May,2.955173262,2.924461644
5/14/2025 4:15,May,2.9545592,2.924152073
5/14/2025 4:20,May,2.953349299,2.922650442
5/14/2025 4:25,May,2.951816206,2.921133285
5/14/2025 4:30,May,2.951220422,2.920239608
5/14/2025 4:35,May,2.94999534,2.918729618
5/14/2025 4:40,May,2.948175986,2.916923237
5/14/2025 4:45,May,2.809026285,2.779514341
5/14/2025 4:50,May,2.893348644,2.862941584
5/14/2025 4:55,May,2.923795731,2.892480954
5/14/2025 5:00,May,2.922322886,2.891023884
5/14/2025 5:05,May,2.944275487,2.912738179
5/14/2025 5:10,May,2.945505084,2.91365374
5/14/2025 5:15,May,2.94398571,2.911850026
5/14/2025 5:20,May,2.942460012,2.910340983
5/14/2025 5:25,May,2.920551245,2.888661695
5/14/2025 5:30,May,2.889796508,2.857947386
5/14/2025 5:35,May,2.772357105,2.743738501
5/14/2025 5:40,May,2.804458484,2.775511432
5/14/2025 5:45,May,2.770852618,2.743640641
5/14/2025 5:50,May,2.802758448,2.77523313
5/14/2025 5:55,May,2.375322639,2.351999803
5/14/2025 6:00,May,2.29624926,2.27416547
5/14/2025 6:05,May,-0.000993876,-0.000984941
5/14/2025 6:10,May,0,0
5/14/2025 6:15,May,2.103276783,2.085630773
5/14/2025 6:20,May,2.131987681,2.114943862
5/14/2025 6:25,May,2.101869332,2.08611702
5/14/2025 6:30,May,2.28377748,2.267803771
5/14/2025 6:35,May,2.280999444,2.266646255
5/14/2025 6:40,May,2.279140838,2.265716428
5/14/2025 6:45,May,2.353904802,2.341459144
5/14/2025 6:50,May,2.275455014,2.265033083
5/14/2025 6:55,May,2.090839246,2.082744301
5/14/2025 7:00,May,2.346261123,2.338839277
5/14/2025 7:05,May,-0.000985037,-0.000982627
5/14/2025 7:10,May,0,0
5/14/2025 7:15,May,2.07861489,2.077126672
5/14/2025 7:20,May,2.33768391,2.33768391
5/14/2025 7:25,May,2.336030275,2.337229346
5/14/2025 7:30,May,2.395098866,2.397068317
5/14/2025 7:35,May,2.877593631,2.881148044
5/14/2025 7:40,May,2.922643253,2.926860197
5/14/2025 7:45,May,2.874935384,2.880274168
5/14/2025 7:50,May,2.872267832,2.878797063
5/14/2025 7:55,May,3.176166927,3.184706776
5/14/2025 8:00,May,3.234524238,3.245250121
5/14/2025 8:05,May,0,0
5/14/2025 8:10,May,2.852879185,2.866175877
5/14/2025 8:15,May,2.670971814,2.684261609
5/14/2025 8:20,May,2.805980868,2.821708807
5/14/2025 8:25,May,2.803938811,2.819961318
5/14/2025 8:30,May,2.839119839,2.855053374
5/14/2025 8:35,May,2.660722491,2.676222382
5/14/2025 8:40,May,2.849442227,2.867521692
5/14/2025 8:45,May,2.834418043,2.852413411
5/14/2025 8:50,May,2.833208782,2.851799778
5/14/2025 8:55,May,2.848221852,2.867221873
5/14/2025 9:00,May,2.844786677,2.863775658
5/14/2025 9:05,May,0.08394892,0.084534936
5/14/2025 9:10,May,2.679857277,2.698859393
5/14/2025 9:15,May,2.691233831,2.710613411
5/14/2025 9:20,May,2.708283784,2.727794285
5/14/2025 9:25,May,2.788508598,2.808312106
5/14/2025 9:30,May,2.788790258,2.808891222
5/14/2025 9:35,May,2.84112017,2.862180885
5/14/2025 9:40,May,3.74832134,3.776136016
5/14/2025 9:45,May,3.333078111,3.357122271
5/14/2025 9:50,May,3.333407337,3.357120246
5/14/2025 9:55,May,3.14178739,3.16415589
5/14/2025 10:00,May,2.821415733,2.840055539
5/14/2025 10:05,May,2.791318389,2.809440037
5/14/2025 10:10,May,3.040635789,3.060063754
5/14/2025 10:15,May,2.82206197,2.839805208
5/14/2025 10:20,May,3.042202939,3.061011487
5/14/2025 10:25,May,3.333013954,3.352225415
5/14/2025 10:30,May,3.335089106,3.354316559
5/14/2025 10:35,May,3.241746853,3.26045578
5/14/2025 10:40,May,3.243426127,3.261810195
5/14/2025 10:45,May,2.996883348,3.014188186
5/14/2025 10:50,May,2.819300649,2.835580075
5/14/2025 10:55,May,2.795316971,2.81292157
5/14/2025 11:00,May,3.042471571,3.061634735
5/14/2025 11:05,May,2.819639852,2.837096175
5/14/2025 11:10,May,2.964227611,2.982260462
5/14/2025 11:15,May,2.960175747,2.978183949
5/14/2025 11:20,May,2.973530796,2.991620243
5/14/2025 11:25,May,2.979921353,2.99805348
5/14/2025 11:30,May,2.981621568,2.999769753
5/14/2025 11:35,May,2.972242496,2.990335492
5/14/2025 11:40,May,2.98275672,3.000915625
5/14/2025 11:45,May,2.839191628,2.856767151
5/14/2025 11:50,May,2.79356466,2.810870447
5/14/2025 11:55,May,2.793863348,2.81175205
5/14/2025 12:00,May,2.700954164,2.718246167
5/14/2025 12:05,May,2.365425329,2.380827174
5/14/2025 12:10,May,2.67207753,2.689752969
5/14/2025 12:15,May,2.721746688,2.739754463
5/14/2025 12:20,May,2.712962797,2.730627541
5/14/2025 12:25,May,2.855128422,2.873722746
5/14/2025 12:30,May,2.535335679,2.551843851
5/14/2025 12:35,May,2.860111074,2.87812374
5/14/2025 12:40,May,3.044369728,3.06354686
5/14/2025 12:45,May,3.047545529,3.067060569
5/14/2025 12:50,May,3.245022075,3.26510982
5/14/2025 12:55,May,3.00289565,3.021488455
5/14/2025 13:00,May,3.7516588,3.775278898
5/14/2025 13:05,May,5.274243538,5.309120975
5/14/2025 13:10,May,5.293559861,5.329718056
5/14/2025 13:15,May,5.294569751,5.3318437
5/14/2025 13:20,May,5.300200494,5.337471005
5/14/2025 13:25,May,3.360975472,3.38314039
5/14/2025 13:30,May,3.8497278,3.875105309
5/14/2025 13:35,May,3.847376216,3.871917673
5/14/2025 13:40,May,4.720605441,4.750723308
5/14/2025 13:45,May,4.310325917,4.337355553
5/14/2025 13:50,May,5.852857389,5.892027406
5/14/2025 13:55,May,5.850398382,5.890176195
5/14/2025 14:00,May,5.444888243,5.483060003
5/14/2025 14:05,May,5.307972916,5.345740224
5/14/2025 14:10,May,4.153156586,4.182266482
5/14/2025 14:15,May,3.314374447,3.336177266
5/14/2025 14:20,May,3.024309217,3.042273538
5/14/2025 14:25,May,3.324042857,3.342365714
5/14/2025 14:30,May,4.145376876,4.167775006
5/14/2025 14:35,May,4.765206074,4.787457218
5/14/2025 14:40,May,4.592886631,4.614322007
5/14/2025 14:45,May,5.294745832,5.320000738
5/14/2025 14:50,May,4.768490108,4.79321781
5/14/2025 14:55,May,7.253454656,7.291816803
5/14/2025 15:00,May,8.004976156,8.047273481
5/14/2025 15:05,May,8.40509837,8.446018157
5/14/2025 15:10,May,11.06399552,11.11665396
5/14/2025 15:15,May,4.798767513,4.822113137
5/14/2025 15:20,May,8.028224551,8.063090173
5/14/2025 15:25,May,8.038213915,8.069781932
5/14/2025 15:30,May,14.54460236,14.60613664
5/14/2025 15:35,May,15.46276377,15.52655405
5/14/2025 15:40,May,15.37177536,15.43035562
5/14/2025 15:45,May,15.25069282,15.30407181
5/14/2025 15:50,May,14.57749977,14.63152942
5/14/2025 15:55,May,13.89278264,13.93278654
5/14/2025 16:00,May,15.10267643,15.14619999
5/14/2025 16:05,May,15.32939752,15.37037257
5/14/2025 16:10,May,13.96415965,13.99571708
5/14/2025 16:15,May,13.88630932,13.90911114
5/14/2025 16:20,May,8.08051463,8.102095871
5/14/2025 16:25,May,10.93663997,10.95570508
5/14/2025 16:30,May,12.05779501,12.08129466
5/14/2025 16:35,May,3.430714184,3.432116049
5/14/2025 16:40,May,4.374527801,4.376315146
5/14/2025 16:45,May,4.425478048,4.427285472
5/14/2025 16:50,May,3.884634923,3.884238895
5/14/2025 16:55,May,3.378265584,3.376890069
5/14/2025 17:00,May,2.381077164,2.379624106
5/14/2025 17:05,May,2.759662296,2.75657668
5/14/2025 17:10,May,2.415436237,2.41052831
5/14/2025 17:15,May,2.912283584,2.902539555
5/14/2025 17:20,May,3.034424312,3.020907945
5/14/2025 17:25,May,2.923793184,2.907533464
5/14/2025 17:30,May,2.888228971,2.870141072
5/14/2025 17:35,May,3.109744551,3.087789723
5/14/2025 17:40,May,3.114724169,3.091814862
5/14/2025 17:45,May,3.292138788,3.266286898
5/14/2025 17:50,May,3.870871346,3.837796953
5/14/2025 17:55,May,3.528277996,3.493926599
5/14/2025 18:00,May,4.144556014,4.102565829
5/14/2025 18:05,May,3.47920913,3.442931032
5/14/2025 18:10,May,4.22465426,4.180166376
5/14/2025 18:15,May,4.864618413,4.809521502
5/14/2025 18:20,May,4.953816533,4.898144503
5/14/2025 18:25,May,5.208733195,5.148610309
5/14/2025 18:30,May,5.584680466,5.514115911
5/14/2025 18:35,May,4.617720986,4.559368479
5/14/2025 18:40,May,4.250349747,4.194541808
5/14/2025 18:45,May,4.249452647,4.191567475
5/14/2025 18:50,May,3.951105387,3.896124544
5/14/2025 18:55,May,4.247697063,4.188175734
5/14/2025 19:00,May,4.604489848,4.539053744
5/14/2025 19:05,May,8.275633043,8.157741802
5/14/2025 19:10,May,8.294539782,8.175559022
5/14/2025 19:15,May,8.275804777,8.15867082
5/14/2025 19:20,May,8.270623638,8.153574764
5/14/2025 19:25,May,8.26896337,8.151084362
5/14/2025 19:30,May,5.149335418,5.074917082
5/14/2025 19:35,May,4.584006604,4.517758415
5/14/2025 19:40,May,4.557743997,4.490469334
5/14/2025 19:45,May,4.556296722,4.487739744
5/14/2025 19:50,May,4.725663717,4.655025285
5/14/2025 19:55,May,4.725047378,4.654453569
5/14/2025 20:00,May,4.556707757,4.488663114
5/14/2025 20:05,May,8.284077892,8.163282308
5/14/2025 20:10,May,8.282264779,8.164029975
5/14/2025 20:15,May,8.29154519,8.172428155
5/14/2025 20:20,May,4.763303332,4.694811389
5/14/2025 20:25,May,5.278306895,5.202910096
5/14/2025 20:30,May,5.274414434,5.198565553
5/14/2025 20:35,May,5.215141809,5.140145301
5/14/2025 20:40,May,4.475068041,4.409892784
5/14/2025 20:45,May,4.721420293,4.652670951
5/14/2025 20:50,May,4.457006341,4.391712048
5/14/2025 20:55,May,4.434977288,4.369175118
5/14/2025 21:00,May,4.420364275,4.353919276
5/14/2025 21:05,May,5.116434151,5.036978456
5/14/2025 21:10,May,4.751483407,4.675806169
5/14/2025 21:15,May,4.685203717,4.610112803
5/14/2025 21:20,May,4.548830487,4.475021339
5/14/2025 21:25,May,4.550688802,4.477283242
5/14/2025 21:30,May,3.52364641,3.465777593
5/14/2025 21:35,May,3.522889348,3.465391505
5/14/2025 21:40,May,3.522838035,3.465005659
5/14/2025 21:45,May,3.524300338,3.466097
5/14/2025 21:50,May,3.463751941,3.406224895
5/14/2025 21:55,May,3.528586431,3.467541886
5/14/2025 22:00,May,3.52854051,3.467508966
5/14/2025 22:05,May,8.317195326,8.179465776
5/14/2025 22:10,May,5.211271137,5.124468909
5/14/2025 22:15,May,3.770140222,3.770140222
5/14/2025 22:20,May,3.197611856,2.560020565
5/14/2025 22:25,May,3.532432498,3.472566764
5/14/2025 22:30,May,3.529845361,3.471079507
5/14/2025 22:35,May,3.467318262,3.408938881
5/14/2025 22:40,May,3.464368853,3.405703689
5/14/2025 22:45,May,3.463310644,3.404998739
5/14/2025 22:50,May,3.522662812,3.463351592
5/14/2025 22:55,May,3.459691801,3.401781755
5/14/2025 23:00,May,3.192803221,3.140310015
5/14/2025 23:05,May,5.09711512,5.017504797
5/14/2025 23:10,May,4.531600614,4.460751502
5/14/2025 23:15,May,4.008459998,3.946928397
5/14/2025 23:20,May,3.943542705,3.883731643
5/14/2025 23:25,May,3.508616273,3.455735045
5/14/2025 23:30,May,3.935122581,3.875390909
5/14/2025 23:35,May,4.01779785,3.957539025
5/14/2025 23:40,May,3.93357762,3.873760442
5/14/2025 23:45,May,3.940060318,3.880889448
5/14/2025 23:50,May,4.022843816,3.963143145
5/14/2025 23:55,May,3.507506937,3.454746389
5/15/2025 0:00,May,3.444640097,3.39251219
5/15/2025 0:05,May,5.461418397,5.383398134
5/15/2025 0:10,May,4.715315604,4.645626402
5/15/2025 0:15,May,3.931726089,3.873240912
5/15/2025 0:20,May,3.441696638,3.391593551
5/15/2025 0:25,May,3.441973466,3.391896936
5/15/2025 0:30,May,3.626843658,3.574115044
5/15/2025 0:35,May,3.506313207,3.455022156
5/15/2025 0:40,May,3.554102537,3.502494427
5/15/2025 0:45,May,3.5051215,3.454229798
5/15/2025 0:50,May,3.442802191,3.394203683
5/15/2025 0:55,May,3.622122964,3.570625328
5/15/2025 1:00,May,3.441359835,3.393126272
5/15/2025 1:05,May,4.62430066,4.560335557
5/15/2025 1:10,May,3.562180579,3.511861158
5/15/2025 1:15,May,3.445840617,3.397509892
5/15/2025 1:20,May,3.445065021,3.39710994
5/15/2025 1:25,May,3.164254244,3.121194422
5/15/2025 1:30,May,3.441650799,3.394835124
5/15/2025 1:35,May,3.44234954,3.396581978
5/15/2025 1:40,May,3.500927472,3.454395259
5/15/2025 1:45,May,3.502718609,3.45653672
5/15/2025 1:50,May,3.501548044,3.455755293
5/15/2025 1:55,May,3.439673171,3.395029268
5/15/2025 2:00,May,3.423968265,3.380213701
5/15/2025 2:05,May,3.436727958,3.393180975
5/15/2025 2:10,May,3.420639815,3.377652145
5/15/2025 2:15,May,3.418453989,3.376199543
5/15/2025 2:20,May,3.417722935,3.375481805
5/15/2025 2:25,May,3.389528736,3.347979452
5/15/2025 2:30,May,3.391343488,3.349763535
5/15/2025 2:35,May,3.391645066,3.350078263
5/15/2025 2:40,May,3.388746046,3.347227388
5/15/2025 2:45,May,3.388018937,3.346856411
5/15/2025 2:50,May,3.385867109,3.345077659
5/15/2025 2:55,May,3.310575916,3.270701571
5/15/2025 3:00,May,3.310978859,3.271414758
5/15/2025 3:05,May,3.309132755,3.269965478
5/15/2025 3:10,May,3.379038061,3.339039331
5/15/2025 3:15,May,3.377987424,3.338338882
5/15/2025 3:20,May,3.378329222,3.33868068
5/15/2025 3:25,May,3.376887652,3.337605629
5/15/2025 3:30,May,3.377937398,3.338988792
5/15/2025 3:35,May,3.374801645,3.336897873
5/15/2025 3:40,May,3.372339868,3.334459912
5/15/2025 3:45,May,3.37439955,3.33515044
5/15/2025 3:50,May,2.918192867,2.884246662
5/15/2025 3:55,May,2.915232038,2.881018469
5/15/2025 4:00,May,2.848034274,2.814605965
5/15/2025 4:05,May,3.368118693,3.327896245
5/15/2025 4:10,May,3.368141588,3.328251664
5/15/2025 4:15,May,3.369881183,3.329978734
5/15/2025 4:20,May,3.370892581,3.331335318
5/15/2025 4:25,May,3.370880841,3.332009668
5/15/2025 4:30,May,3.370869104,3.332001998
5/15/2025 4:35,May,3.371927462,3.333389199
5/15/2025 4:40,May,3.370187225,3.331661059
5/15/2025 4:45,May,3.369129746,3.330274835
5/15/2025 4:50,May,3.367380115,3.328541453
5/15/2025 4:55,May,3.366335539,3.327164378
5/15/2025 5:00,May,2.91877621,2.885104839
5/15/2025 5:05,May,2.919364791,2.885982053
5/15/2025 5:10,May,3.306499215,3.270664574
5/15/2025 5:15,May,3.359810938,3.322702883
5/15/2025 5:20,May,3.308736235,3.271819612
5/15/2025 5:25,May,2.905953374,2.873560299
5/15/2025 5:30,May,2.904115924,2.872044127
5/15/2025 5:35,May,2.915233343,2.883042032
5/15/2025 5:40,May,2.90257553,2.870824476
5/15/2025 5:45,May,2.91229429,2.882489677
5/15/2025 5:50,May,2.913176186,2.883070414
5/15/2025 5:55,May,2.89840219,2.869024507
5/15/2025 6:00,May,2.833065456,2.804927175
5/15/2025 6:05,May,-2.05E-05,-2.03E-05
5/15/2025 6:10,May,2.107506521,2.088107058
5/15/2025 6:15,May,2.105346261,2.087233464
5/15/2025 6:20,May,2.367700372,2.3480315
5/15/2025 6:25,May,2.490467241,2.469224425
5/15/2025 6:30,May,2.385102944,2.366420042
5/15/2025 6:35,May,2.364332095,2.347002164
5/15/2025 6:40,May,2.101405912,2.087485062
5/15/2025 6:45,May,2.09594706,2.083761321
5/15/2025 6:50,May,2.093387519,2.082483346
5/15/2025 6:55,May,2.352022559,2.342160325
5/15/2025 7:00,May,2.462402238,2.453572806
5/15/2025 7:05,May,-0.001046599,-0.001043599
5/15/2025 7:10,May,4.90E-07,4.89E-07
5/15/2025 7:15,May,2.236749742,2.234451396
5/15/2025 7:20,May,2.339059279,2.338818586
5/15/2025 7:25,May,2.338625097,2.339107039
5/15/2025 7:30,May,2.706910993,2.708307028
5/15/2025 7:35,May,2.766421043,2.769280688
5/15/2025 7:40,May,3.135199152,3.139092197
5/15/2025 7:45,May,2.846488065,2.851209588
5/15/2025 7:50,May,2.822891141,2.830504748
5/15/2025 7:55,May,2.922465827,2.93126935
5/15/2025 8:00,May,3.447059272,3.459610986
5/15/2025 8:05,May,0,0
5/15/2025 8:10,May,2.331281933,2.342166731
5/15/2025 8:15,May,2.606718579,2.619163733
5/15/2025 8:20,May,2.654348082,2.668686966
5/15/2025 8:25,May,2.329121534,2.341948159
5/15/2025 8:30,May,2.834694091,2.85239802
5/15/2025 8:35,May,2.834626625,2.852638315
5/15/2025 8:40,May,2.800965721,2.819085491
5/15/2025 8:45,May,2.691376153,2.708509731
5/15/2025 8:50,May,2.71917562,2.73650969
5/15/2025 8:55,May,2.949355183,2.967547755
5/15/2025 9:00,May,3.037410482,3.056157968
5/15/2025 9:05,May,1.537055348,1.547006004
5/15/2025 9:10,May,2.376849741,2.392511444
5/15/2025 9:15,May,2.237251413,2.252469218
5/15/2025 9:20,May,2.677049369,2.695554319
5/15/2025 9:25,May,2.328633657,2.344242429
5/15/2025 9:30,May,2.791604855,2.810607297
5/15/2025 9:35,May,2.791596123,2.810604477
5/15/2025 9:40,May,3.029796397,3.049806584
5/15/2025 9:45,May,3.030734743,3.050437538
5/15/2025 9:50,May,3.031358954,3.05138786
5/15/2025 9:55,May,3.032924438,3.052653881
5/15/2025 10:00,May,3.033579166,3.052976266
5/15/2025 10:05,May,1.536674614,1.546957673
5/15/2025 10:10,May,2.363473524,2.378804698
5/15/2025 10:15,May,2.794525701,2.812652986
5/15/2025 10:20,May,2.743564104,2.761357093
5/15/2025 10:25,May,2.824702201,2.843040582
5/15/2025 10:30,May,3.03265229,3.052029245
5/15/2025 10:35,May,3.096165288,3.115968799
5/15/2025 10:40,May,3.036408589,3.055833962
5/15/2025 10:45,May,3.104354782,3.124519266
5/15/2025 10:50,May,3.038000833,3.058063103
5/15/2025 10:55,May,3.238320388,3.25937932
5/15/2025 11:00,May,3.100987835,3.119866526
5/15/2025 11:05,May,2.072074482,2.085305566
5/15/2025 11:10,May,2.74497359,2.76222311
5/15/2025 11:15,May,2.716811376,2.733590594
5/15/2025 11:20,May,2.825864297,2.843023021
5/15/2025 11:25,May,2.924081633,2.941836735
5/15/2025 11:30,May,2.824670302,2.841534888
5/15/2025 11:35,May,2.714303341,2.730238028
5/15/2025 11:40,May,2.793608038,2.810006576
5/15/2025 11:45,May,2.706616739,2.722783265
5/15/2025 11:50,May,2.332361949,2.346535984
5/15/2025 11:55,May,2.331847735,2.346011225
5/15/2025 12:00,May,2.331589113,2.346234773
5/15/2025 12:05,May,0,0
5/15/2025 12:10,May,2.199936548,2.214671864
5/15/2025 12:15,May,2.690731886,2.707344819
5/15/2025 12:20,May,2.330612736,2.345258396
5/15/2025 12:25,May,2.332598896,2.347747229
5/15/2025 12:30,May,2.331352177,2.345512658
5/15/2025 12:35,May,2.679373259,2.69536868
5/15/2025 12:40,May,2.716793029,2.733292923
5/15/2025 12:45,May,1.533931747,1.543413358
5/15/2025 12:50,May,2.617754415,2.624306309
5/15/2025 12:55,May,2.83592286,2.842727181
5/15/2025 13:00,May,2.839436364,2.844171717
5/15/2025 13:05,May,3.754396148,3.759869599
5/15/2025 13:10,May,3.090775837,3.101736035
5/15/2025 13:15,May,4.281302751,4.286200248
5/15/2025 13:20,May,3.302402246,3.303774958
5/15/2025 13:25,May,3.040925028,3.050417043
5/15/2025 13:30,May,3.108083327,3.118101063
5/15/2025 13:35,May,3.251604117,3.262416891
5/15/2025 13:40,May,3.751331026,3.763810764
5/15/2025 13:45,May,3.255991752,3.265809152
5/15/2025 13:50,May,3.46667765,3.476037319
5/15/2025 13:55,May,3.263103191,3.271570866
5/15/2025 14:00,May,3.938288354,3.949311968
5/15/2025 14:05,May,3.752613044,3.765452467
5/15/2025 14:10,May,3.267507297,3.279363274
5/15/2025 14:15,May,3.955988413,3.96786334
5/15/2025 14:20,May,4.182638667,4.19302494
5/15/2025 14:25,May,4.795751982,4.811620462
5/15/2025 14:30,May,4.524107768,4.537665598
5/15/2025 14:35,May,4.792117554,4.807969091
5/15/2025 14:40,May,8.550230242,8.577626329
5/15/2025 14:45,May,8.56060404,8.587107458
5/15/2025 14:50,May,8.038992015,8.064710152
5/15/2025 14:55,May,8.038134715,8.063005181
5/15/2025 15:00,May,8.033972035,8.058829622
5/15/2025 15:05,May,8.03477181,8.056297216
5/15/2025 15:10,May,4.186198032,4.196979421
5/15/2025 15:15,May,3.959095084,3.968880695
5/15/2025 15:20,May,4.187195471,4.197105483
5/15/2025 15:25,May,7.341714315,7.353788261
5/15/2025 15:30,May,5.816178249,5.826941199
5/15/2025 15:35,May,5.446189655,5.455145362
5/15/2025 15:40,May,5.445003918,5.453396341
5/15/2025 15:45,May,7.43534939,7.459070275
5/15/2025 15:50,May,8.047156153,8.070320579
5/15/2025 15:55,May,7.347627667,7.365756902
5/15/2025 16:00,May,7.360458131,7.37934466
5/15/2025 16:05,May,13.17166328,13.20141447
5/15/2025 16:10,May,8.072139304,8.088723051
5/15/2025 16:15,May,8.05793503,8.072004966
5/15/2025 16:20,May,6.004799549,6.014668763
5/15/2025 16:25,May,4.062490143,4.064572831
5/15/2025 16:30,May,4.147017179,4.147442427
5/15/2025 16:35,May,4.860329142,4.858834729
5/15/2025 16:40,May,4.846045048,4.842062679
5/15/2025 16:45,May,4.888539775,4.882017039
5/15/2025 16:50,May,4.086120296,4.076905058
5/15/2025 16:55,May,3.988881589,3.977042722
5/15/2025 17:00,May,3.368367608,3.35735087
5/15/2025 17:05,May,2.901297718,2.889165825
5/15/2025 17:10,May,2.810104303,2.797788078
5/15/2025 17:15,May,2.811399748,2.798228917
5/15/2025 17:20,May,3.326695297,3.307751334
5/15/2025 17:25,May,3.332438489,3.309775742
5/15/2025 17:30,May,3.43771477,3.414687349
5/15/2025 17:35,May,3.173327109,3.14984957
5/15/2025 17:40,May,3.173595273,3.148849264
5/15/2025 17:45,May,3.175531363,3.150139969
5/15/2025 17:50,May,3.342819459,3.312414835
5/15/2025 17:55,May,3.45160413,3.41917997
5/15/2025 18:00,May,3.456864015,3.421290959
5/15/2025 18:05,May,3.467178341,3.426646981
5/15/2025 18:10,May,3.951465932,3.904860941
5/15/2025 18:15,May,4.532533599,4.478596632
5/15/2025 18:20,May,5.536219999,5.471396993
5/15/2025 18:25,May,5.539713718,5.474290633
5/15/2025 18:30,May,7.365942073,7.270126148
5/15/2025 18:35,May,6.073095596,5.995243255
5/15/2025 18:40,May,3.4239087,3.376354413
5/15/2025 18:45,May,3.425287085,3.376699009
5/15/2025 18:50,May,3.487542966,3.436704147
5/15/2025 18:55,May,3.489633105,3.437747863
5/15/2025 19:00,May,3.948556942,3.889451559
5/15/2025 19:05,May,4.24544463,4.184245176
5/15/2025 19:10,May,7.412990918,7.30756105
5/15/2025 19:15,May,4.7077862,4.6422155
5/15/2025 19:20,May,4.558946657,4.494101355
5/15/2025 19:25,May,4.560350983,4.495019078
5/15/2025 19:30,May,3.97570146,3.917978027
5/15/2025 19:35,May,4.252372046,4.18979304
5/15/2025 19:40,May,3.972707409,3.91309079
5/15/2025 19:45,May,4.683765279,4.614386651
5/15/2025 19:50,May,4.228549185,4.165093265
5/15/2025 19:55,May,4.251472842,4.187660063
5/15/2025 20:00,May,3.967354838,3.909381801
5/15/2025 20:05,May,8.25747318,8.133319446
5/15/2025 20:10,May,8.252158535,8.126495371
5/15/2025 20:15,May,6.1229351,6.030331726
5/15/2025 20:20,May,6.126387315,6.033694345
5/15/2025 20:25,May,6.123794369,6.031131284
5/15/2025 20:30,May,6.123055759,6.029804985
5/15/2025 20:35,May,6.121042869,6.028449442
5/15/2025 20:40,May,6.159051695,6.064096545
5/15/2025 20:45,May,6.130630761,6.037339897
5/15/2025 20:50,May,3.969415367,3.908218214
5/15/2025 20:55,May,3.980880522,3.919512792
5/15/2025 21:00,May,4.660152082,4.589721572
5/15/2025 21:05,May,8.287956472,8.159882808
5/15/2025 21:10,May,6.107578279,6.016189988
5/15/2025 21:15,May,6.092093599,6.00211427
5/15/2025 21:20,May,6.083757948,5.995096765
5/15/2025 21:25,May,6.072873684,5.984326316
5/15/2025 21:30,May,6.059842006,5.97150254
5/15/2025 21:35,May,6.052768806,5.965136333
5/15/2025 21:40,May,4.912709121,4.841092385
5/15/2025 21:45,May,6.037383004,5.949344203
5/15/2025 21:50,May,4.848770144,4.777118278
5/15/2025 21:55,May,4.655851337,4.585693383
5/15/2025 22:00,May,4.603452202,4.532744367
5/15/2025 22:05,May,8.282067378,8.161540071
5/15/2025 22:10,May,7.844932038,7.729250786
5/15/2025 22:15,May,6.073373017,5.982569986
5/15/2025 22:20,May,4.82587112,4.754579287
5/15/2025 22:25,May,6.041269484,5.955000596
5/15/2025 22:30,May,4.757432102,4.688128083
5/15/2025 22:35,May,4.021957889,3.963792438
5/15/2025 22:40,May,3.793548387,3.736442031
5/15/2025 22:45,May,3.449633298,3.397719819
5/15/2025 22:50,May,3.448480871,3.396605691
5/15/2025 22:55,May,3.507542657,3.454794993
5/15/2025 23:00,May,3.507131673,3.454400833
5/15/2025 23:05,May,4.959704853,4.890750158
5/15/2025 23:10,May,4.57380254,4.509297817
5/15/2025 23:15,May,4.059172742,4.001537429
5/15/2025 23:20,May,3.774499516,3.719419669
5/15/2025 23:25,May,3.68242379,3.628330846
5/15/2025 23:30,May,3.44995814,3.398976977
5/15/2025 23:35,May,3.448377365,3.396763302
5/15/2025 23:40,May,3.448377365,3.397112046
5/15/2025 23:45,May,3.444362474,3.393858625
5/15/2025 23:50,May,3.396768866,3.347311362
5/15/2025 23:55,May,3.39383607,3.344789222
5/16/2025 0:00,May,3.390253911,3.341263783
5/16/2025 0:05,May,5.131962581,5.061597463
5/16/2025 0:10,May,3.841431861,3.787206307
5/16/2025 0:15,May,3.658364335,3.607460829
5/16/2025 0:20,May,3.660309438,3.608981046
5/16/2025 0:25,May,3.439190831,3.39168144
5/16/2025 0:30,May,3.498587627,3.45022825
5/16/2025 0:35,May,3.657365181,3.605680171
5/16/2025 0:40,May,3.50056947,3.451787249
5/16/2025 0:45,May,3.499115669,3.451055783
5/16/2025 0:50,May,3.545103469,3.496402038
5/16/2025 0:55,May,3.497691672,3.450343785
5/16/2025 1:00,May,3.43847161,3.391896936
5/16/2025 1:05,May,3.434075294,3.388268974
5/16/2025 1:10,May,3.435180133,3.388654781
5/16/2025 1:15,May,3.432286,3.386494222
5/16/2025 1:20,May,3.431478378,3.385725333
5/16/2025 1:25,May,2.945807526,2.906530093
5/16/2025 1:30,May,2.933356592,2.894547682
5/16/2025 1:35,May,3.376198724,3.332222594
5/16/2025 1:40,May,3.320965854,3.27805146
5/16/2025 1:45,May,3.37264296,3.329399547
5/16/2025 1:50,May,2.915764781,2.878691177
5/16/2025 1:55,May,2.912997314,2.87655522
5/16/2025 2:00,May,2.912720592,2.876270838
5/16/2025 2:05,May,2.910885036,2.874754405
5/16/2025 2:10,May,3.364459721,3.322361191
5/16/2025 2:15,May,2.909033033,2.873228639
5/16/2025 2:20,May,2.907184137,2.871409777
5/16/2025 2:25,May,2.898586009,2.863507017
5/16/2025 2:30,May,3.529306014,3.485871715
5/16/2025 2:35,May,2.908080374,2.872893637
5/16/2025 2:40,May,2.906842778,2.871678166
5/16/2025 2:45,May,2.90470298,2.870158332
5/16/2025 2:50,May,2.903478088,2.869246615
5/16/2025 2:55,May,3.051183078,3.014903767
5/16/2025 3:00,May,2.889049554,2.855298975
5/16/2025 3:05,May,2.839761874,2.807164039
5/16/2025 3:10,May,2.873701274,2.841012412
5/16/2025 3:15,May,2.904614034,2.871875187
5/16/2025 3:20,May,2.908442854,2.875664181
5/16/2025 3:25,May,2.84058449,2.808868666
5/16/2025 3:30,May,2.885364025,2.853441098
5/16/2025 3:35,May,2.838795937,2.80767953
5/16/2025 3:40,May,2.837306106,2.806209185
5/16/2025 3:45,May,2.836162453,2.805638215
5/16/2025 3:50,May,2.835866434,2.805345382
5/16/2025 3:55,May,2.812065931,2.781804105
5/16/2025 4:00,May,2.832901897,2.802703451
5/16/2025 4:05,May,3.297375301,3.261570637
5/16/2025 4:10,May,3.300470958,3.264971219
5/16/2025 4:15,May,3.296027323,3.261230161
5/16/2025 4:20,May,2.839956883,2.810277951
5/16/2025 4:25,May,2.904828808,2.874478091
5/16/2025 4:30,May,2.91109868,2.880679367
5/16/2025 4:35,May,3.299456458,3.264965032
5/16/2025 4:40,May,3.295632678,3.26152609
5/16/2025 4:45,May,3.356818725,3.321386963
5/16/2025 4:50,May,3.297029975,3.262567413
5/16/2025 4:55,May,3.299477278,3.264978632
5/16/2025 5:00,May,3.296016728,3.261892316
5/16/2025 5:05,May,3.356767461,3.321354211
5/16/2025 5:10,May,3.298085574,3.265278795
5/16/2025 5:15,May,3.297081285,3.264274506
5/16/2025 5:20,May,3.294304525,3.261532031
5/16/2025 5:25,May,2.910795604,2.882136735
5/16/2025 5:30,May,2.899702374,2.871161417
5/16/2025 5:35,May,2.909921395,2.881870402
5/16/2025 5:40,May,2.907017684,2.879000369
5/16/2025 5:45,May,2.895805793,2.869937261
5/16/2025 5:50,May,2.882620591,2.856869844
5/16/2025 5:55,May,2.892782343,2.867237067
5/16/2025 6:00,May,2.542654336,2.520710421
5/16/2025 6:05,May,-0.000022636,-2.25E-05
5/16/2025 6:10,May,2.103683142,2.087478001
5/16/2025 6:15,May,2.365308791,2.348036759
5/16/2025 6:20,May,2.363375954,2.347066885
5/16/2025 6:25,May,2.7438039,2.725681021
5/16/2025 6:30,May,2.361310418,2.347139193
5/16/2025 6:35,May,2.258606426,2.246417633
5/16/2025 6:40,May,2.257701087,2.246657609
5/16/2025 6:45,May,2.35410471,2.3444971
5/16/2025 6:50,May,2.479808829,2.471192222
5/16/2025 6:55,May,2.350338763,2.343844121
5/16/2025 7:00,May,2.348205632,2.343632456
5/16/2025 7:05,May,-0.001037815,-0.001036858
5/16/2025 7:10,May,0.00098068,0.00098058
5/16/2025 7:15,May,2.236065849,2.238135216
5/16/2025 7:20,May,2.323570794,2.32715692
5/16/2025 7:25,May,2.334936251,2.339265106
5/16/2025 7:30,May,2.768129988,2.774416646
5/16/2025 7:35,May,2.829909516,2.837516013
5/16/2025 7:40,May,2.828454019,2.837238037
5/16/2025 7:45,May,3.057070838,3.067209326
5/16/2025 7:50,May,2.826123677,2.837270936
5/16/2025 7:55,May,3.231503518,3.24560609
5/16/2025 8:00,May,3.234329386,3.249474529
5/16/2025 8:05,May,-9.94E-06,-9.99E-06
5/16/2025 8:10,May,2.331001439,2.343323275
5/16/2025 8:15,May,2.687106209,2.702153781
5/16/2025 8:20,May,2.641628215,2.657254285
5/16/2025 8:25,May,2.69397794,2.71076808
5/16/2025 8:30,May,2.836216407,2.854501258
5/16/2025 8:35,May,2.876561868,2.89602845
5/16/2025 8:40,May,2.867139105,2.889265322
5/16/2025 8:45,May,3.344199698,3.370383535
5/16/2025 8:50,May,3.042511364,3.066000758
5/16/2025 8:55,May,3.022799285,3.046158428
5/16/2025 9:00,May,3.029656614,3.053078531
5/16/2025 9:05,May,2.346235377,2.365860935
5/16/2025 9:10,May,2.673005831,2.695942884
5/16/2025 9:15,May,2.67289781,2.696690491
5/16/2025 9:20,May,2.864946688,2.890177923
5/16/2025 9:25,May,2.997917326,3.024333465
5/16/2025 9:30,May,2.863673543,2.888616863
5/16/2025 9:35,May,2.866218959,2.891495851
5/16/2025 9:40,May,3.001004856,3.027475969
5/16/2025 9:45,May,2.792092331,2.815269308
5/16/2025 9:50,May,2.976555118,3.001281496
5/16/2025 9:55,May,3.107292653,3.133105074
5/16/2025 10:00,May,3.480096212,3.508282538
5/16/2025 10:05,May,2.061606372,2.079350858
5/16/2025 10:10,May,2.692575973,2.715478278
5/16/2025 10:15,May,2.816159047,2.839518619
5/16/2025 10:20,May,2.816977684,2.840351409
5/16/2025 10:25,May,3.112075229,3.137581362
5/16/2025 10:30,May,3.030033646,3.055196335
5/16/2025 10:35,May,3.230514079,3.257002053
5/16/2025 10:40,May,3.128695722,3.154011986
5/16/2025 10:45,May,3.031612117,3.056150552
5/16/2025 10:50,May,3.033873784,3.058440855
5/16/2025 10:55,May,3.124215909,3.149509214
5/16/2025 11:00,May,3.128380202,3.153693913
5/16/2025 11:05,May,1.548584883,1.562069203
5/16/2025 11:10,May,2.787758046,2.812350745
5/16/2025 11:15,May,2.788044249,2.812642055
5/16/2025 11:20,May,2.850328045,2.873961118
5/16/2025 11:25,May,2.969309027,2.993931197
5/16/2025 11:30,May,2.961472141,2.986340176
5/16/2025 11:35,May,2.790377771,2.814104476
5/16/2025 11:40,May,2.815840315,2.839796104
5/16/2025 11:45,May,2.787751418,2.811763562
5/16/2025 11:50,May,2.714118106,2.737496014
5/16/2025 11:55,May,2.597077098,2.619990077
5/16/2025 12:00,May,2.706882347,2.731050939
5/16/2025 12:05,May,2.123802296,2.142989921
5/16/2025 12:10,May,2.321296973,2.342497145
5/16/2025 12:15,May,2.578803028,2.601823218
5/16/2025 12:20,May,2.592948689,2.615832456
5/16/2025 12:25,May,2.69372037,2.717495983
5/16/2025 12:30,May,2.816090074,2.839463799
5/16/2025 12:35,May,2.819277559,2.842665454
5/16/2025 12:40,May,2.817819982,2.840907162
5/16/2025 12:45,May,2.97347809,2.9978483
5/16/2025 12:50,May,3.030685262,3.054879809
5/16/2025 12:55,May,3.032252235,3.05583217
5/16/2025 13:00,May,3.487827649,3.514580976
5/16/2025 13:05,May,3.338520467,3.362715185
5/16/2025 13:10,May,3.491156747,3.516096201
5/16/2025 13:15,May,4.302878838,4.334530953
5/16/2025 13:20,May,4.295220649,4.325383083
5/16/2025 13:25,May,3.008057041,3.028841355
5/16/2025 13:30,May,3.495076713,3.518855234
5/16/2025 13:35,May,3.258019796,3.279111706
5/16/2025 13:40,May,3.36342759,3.384473127
5/16/2025 13:45,May,3.366589294,3.387299206
5/16/2025 13:50,May,3.264485483,3.284563107
5/16/2025 13:55,May,3.369406337,3.391189777
5/16/2025 14:00,May,3.76049175,3.784009522
5/16/2025 14:05,May,3.848156757,3.875047297
5/16/2025 14:10,May,3.838461864,3.864889831
5/16/2025 14:15,May,3.857722362,3.885093514
5/16/2025 14:20,May,3.87598019,3.903469412
5/16/2025 14:25,May,3.887831415,3.915821854
5/16/2025 14:30,May,3.821542037,3.846199713
5/16/2025 14:35,May,3.82812836,3.852019321
5/16/2025 14:40,May,3.862091278,3.886616322
5/16/2025 14:45,May,3.839659366,3.86322536
5/16/2025 14:50,May,3.890726635,3.91460854
5/16/2025 14:55,May,3.901913856,3.927506836
5/16/2025 15:00,May,3.882954055,3.907591064
5/16/2025 15:05,May,4.742115854,4.774728092
5/16/2025 15:10,May,4.801764807,4.836306277
5/16/2025 15:15,May,4.683148485,4.715836364
5/16/2025 15:20,May,4.756974659,4.788661417
5/16/2025 15:25,May,4.80601959,4.837016492
5/16/2025 15:30,May,5.364215101,5.397107295
5/16/2025 15:35,May,5.37320202,5.404454546
5/16/2025 15:40,May,4.825258451,4.852296321
5/16/2025 15:45,May,8.015784008,8.061474559
5/16/2025 15:50,May,8.011611031,8.053908356
5/16/2025 15:55,May,7.279704722,7.326475882
5/16/2025 16:00,May,4.714779137,4.743096129
5/16/2025 16:05,May,4.840790695,4.867336159
5/16/2025 16:10,May,4.796492961,4.819288567
5/16/2025 16:15,May,4.491729336,4.51214207
5/16/2025 16:20,May,8.037297969,8.069622876
5/16/2025 16:25,May,7.566798179,7.587830046
5/16/2025 16:30,May,4.798099743,4.809945684
5/16/2025 16:35,May,4.793169113,4.800060801
5/16/2025 16:40,May,4.753867839,4.757772052
5/16/2025 16:45,May,3.975361345,3.975361345
5/16/2025 16:50,May,3.913151085,3.907950086
5/16/2025 16:55,May,3.82823567,3.821202781
5/16/2025 17:00,May,3.137246915,3.125441959
5/16/2025 17:05,May,3.12080816,3.107823267
5/16/2025 17:10,May,3.340031947,3.327493272
5/16/2025 17:15,May,3.614013942,3.597161976
5/16/2025 17:20,May,3.620184255,3.599664992
5/16/2025 17:25,May,3.469966405,3.444732834
5/16/2025 17:30,May,3.475912232,3.447877856
5/16/2025 17:35,May,3.801337023,3.772573879
5/16/2025 17:40,May,3.815567428,3.781362603
5/16/2025 17:45,May,3.864388889,3.825888889
5/16/2025 17:50,May,3.877939587,3.83776379
5/16/2025 17:55,May,3.918558381,3.876393684
5/16/2025 18:00,May,3.815968497,3.771538873
5/16/2025 18:05,May,3.823501247,3.776648379
5/16/2025 18:10,May,3.857127771,3.810273794
5/16/2025 18:15,May,3.935657458,3.887825542
5/16/2025 18:20,May,3.916370908,3.867617772
5/16/2025 18:25,May,3.990368871,3.941857403
5/16/2025 18:30,May,3.965255459,3.917049299
5/16/2025 18:35,May,4.835677551,4.775389594
5/16/2025 18:40,May,4.935283396,4.874709495
5/16/2025 18:45,May,3.994148732,3.94316814
5/16/2025 18:50,May,3.981618802,3.929623779
5/16/2025 18:55,May,3.971929975,3.918120588
5/16/2025 19:00,May,3.918372473,3.863383285
5/16/2025 19:05,May,5.060188,4.989068
5/16/2025 19:10,May,4.607570908,4.542369433
5/16/2025 19:15,May,8.273170732,8.156097561
5/16/2025 19:20,May,4.861702514,4.791956983
5/16/2025 19:25,May,4.593652963,4.527311971
5/16/2025 19:30,May,4.269003951,4.206929585
5/16/2025 19:35,May,4.226986521,4.164700332
5/16/2025 19:40,May,3.964829749,3.905641328
5/16/2025 19:45,May,4.654971917,4.585445974
5/16/2025 19:50,May,4.264604578,4.20008
5/16/2025 19:55,May,4.557241124,4.488302694
5/16/2025 20:00,May,3.963989708,3.903255638
5/16/2025 20:05,May,8.311514772,8.187075895
5/16/2025 20:10,May,4.51967362,4.453815649
5/16/2025 20:15,May,4.524342542,4.458429785
5/16/2025 20:20,May,4.612778828,4.54731312
5/16/2025 20:25,May,4.635632524,4.570827845
5/16/2025 20:30,May,8.281402852,8.164845457
5/16/2025 20:35,May,5.065750351,4.993993188
5/16/2025 20:40,May,4.723325958,4.655944775
5/16/2025 20:45,May,4.726620011,4.659232457
5/16/2025 20:50,May,4.619152672,4.551067297
5/16/2025 20:55,May,4.598588782,4.530826899
5/16/2025 21:00,May,4.570608427,4.502369884
5/16/2025 21:05,May,12.73876724,12.55171504
5/16/2025 21:10,May,8.304093567,8.182957394
5/16/2025 21:15,May,4.848546888,4.781680477
5/16/2025 21:20,May,4.775484921,4.707284292
5/16/2025 21:25,May,4.775477217,4.706803319
5/16/2025 21:30,May,4.775454112,4.705841079
5/16/2025 21:35,May,5.066756242,4.992896821
5/16/2025 21:40,May,4.769546544,4.699568271
5/16/2025 21:45,May,4.761998504,4.690224009
5/16/2025 21:50,May,4.515606558,4.445821971
5/16/2025 21:55,May,4.030031954,3.965428696
5/16/2025 22:00,May,3.532513785,3.475571983
5/16/2025 22:05,May,4.563624452,4.493428962
5/16/2025 22:10,May,4.576021421,4.506109344
5/16/2025 22:15,May,4.506846696,4.437566324
5/16/2025 22:20,May,4.464348735,4.394418179
5/16/2025 22:25,May,4.457245768,4.386566841
5/16/2025 22:30,May,4.020525479,3.954793718
5/16/2025 22:35,May,3.685460899,3.624159646
5/16/2025 22:40,May,3.149867298,3.097832045
5/16/2025 22:45,May,3.472183211,3.415193814
5/16/2025 22:50,May,3.472459527,3.415146751
5/16/2025 22:55,May,3.148045909,3.097032261
5/16/2025 23:00,May,3.41862781,3.362926458
5/16/2025 23:05,May,4.054544699,3.989844518
5/16/2025 23:10,May,3.530188865,3.473547247
5/16/2025 23:15,May,3.532276604,3.474939048
5/16/2025 23:20,May,3.622874411,3.564066229
5/16/2025 23:25,May,3.187344111,3.136254644
5/16/2025 23:30,May,3.470133333,3.414869792
5/16/2025 23:35,May,3.470810847,3.415900652
5/16/2025 23:40,May,3.470028076,3.415494101
5/16/2025 23:45,May,3.420967444,3.367562969
5/16/2025 23:50,May,3.417460689,3.364768564
5/16/2025 23:55,May,3.246643591,3.197220474
5/17/2025 0:00,May,3.241883117,3.193506494
5/17/2025 0:05,May,4.484716778,4.420411704
5/17/2025 0:10,May,4.222348242,4.160921484
5/17/2025 0:15,May,3.942833618,3.884641194
5/17/2025 0:20,May,3.664849433,3.609655918
5/17/2025 0:25,May,3.555928915,3.503383524
5/17/2025 0:30,May,3.840679145,3.784227
5/17/2025 0:35,May,3.671681555,3.617316407
5/17/2025 0:40,May,3.926085408,3.869076605
5/17/2025 0:45,May,3.670878865,3.617156879
5/17/2025 0:50,May,3.845962476,3.792692144
5/17/2025 0:55,May,3.845555029,3.79152914
5/17/2025 1:00,May,3.454638773,3.406517228
5/17/2025 1:05,May,3.516862699,3.467264555
5/17/2025 1:10,May,3.452723417,3.405116421
5/17/2025 1:15,May,3.203897006,3.160100645
5/17/2025 1:20,May,3.401883232,3.35575021
5/17/2025 1:25,May,3.51093305,3.46259156
5/17/2025 1:30,May,3.399505915,3.354051578
5/17/2025 1:35,May,3.427850877,3.382017544
5/17/2025 1:40,May,3.427559549,3.382051818
5/17/2025 1:45,May,3.445429604,3.399324147
5/17/2025 1:50,May,3.445549029,3.39975178
5/17/2025 1:55,May,3.397644781,3.352470615
5/17/2025 2:00,May,3.395519566,3.351053207
5/17/2025 2:05,May,3.39405192,3.349960006
5/17/2025 2:10,May,3.393297736,3.349570553
5/17/2025 2:15,May,3.396102706,3.352694389
5/17/2025 2:20,May,3.395717794,3.352323131
5/17/2025 2:25,May,3.396030685,3.352986739
5/17/2025 2:30,May,2.934204334,2.89789577
5/17/2025 2:35,May,2.931453989,2.895470752
5/17/2025 2:40,May,2.940351267,2.904269708
5/17/2025 2:45,May,2.939464971,2.90367555
5/17/2025 2:50,May,2.824314415,2.790200904
5/17/2025 2:55,May,2.924494825,2.889160614
5/17/2025 3:00,May,2.934727713,2.899565349
5/17/2025 3:05,May,3.089100893,3.052403631
5/17/2025 3:10,May,3.304803494,3.266209191
5/17/2025 3:15,May,3.373868818,3.334460019
5/17/2025 3:20,May,3.304492513,3.266222962
5/17/2025 3:25,May,2.935024002,2.901040136
5/17/2025 3:30,May,2.851996306,2.819557898
5/17/2025 3:35,May,2.850522759,2.818384793
5/17/2025 3:40,May,2.849929888,2.817798607
5/17/2025 3:45,May,2.932953629,2.899577621
5/17/2025 3:50,May,2.917518073,2.884608211
5/17/2025 3:55,May,2.915988659,2.883099361
5/17/2025 4:00,May,2.866889992,2.834557732
5/17/2025 4:05,May,2.927630089,2.89461946
5/17/2025 4:10,May,2.905722105,2.873254302
5/17/2025 4:15,May,2.907715816,2.875814354
5/17/2025 4:20,May,3.298951461,3.26275763
5/17/2025 4:25,May,2.932952736,2.900767913
5/17/2025 4:30,May,2.915038171,2.883640034
5/17/2025 4:35,May,2.915028247,2.883339968
5/17/2025 4:40,May,2.933247682,2.90165659
5/17/2025 4:45,May,2.91381542,2.882433614
5/17/2025 4:50,May,2.913551428,2.882453205
5/17/2025 4:55,May,2.847579339,2.817475047
5/17/2025 5:00,May,2.844900426,2.81483051
5/17/2025 5:05,May,2.843772568,2.813696407
5/17/2025 5:10,May,2.842895765,2.812825849
5/17/2025 5:15,May,2.899081302,2.867836167
5/17/2025 5:20,May,2.84496311,2.814298151
5/17/2025 5:25,May,2.843486128,2.813123528
5/17/2025 5:30,May,2.819208998,2.791068073
5/17/2025 5:35,May,2.851023494,2.82257074
5/17/2025 5:40,May,2.381603018,2.358552924
5/17/2025 5:45,May,2.174627837,2.155327055
5/17/2025 5:50,May,2.279045144,2.258817613
5/17/2025 5:55,May,2.277161052,2.257409579
5/17/2025 6:00,May,2.273668439,2.254394229
5/17/2025 6:05,May,0,0
5/17/2025 6:10,May,2.163412295,2.147900048
5/17/2025 6:15,May,2.163691419,2.148820688
5/17/2025 6:20,May,2.160796944,2.147031122
5/17/2025 6:25,May,2.15972321,2.146827382
5/17/2025 6:30,May,2.261680155,2.249078351
5/17/2025 6:35,May,2.155789074,2.145297553
5/17/2025 6:40,May,2.15494393,2.145321692
5/17/2025 6:45,May,2.153194432,2.144446943
5/17/2025 6:50,May,2.07773988,2.071399508
5/17/2025 6:55,May,2.145958167,2.141586245
5/17/2025 7:00,May,2.145550088,2.141612897
5/17/2025 7:05,May,-0.997201046,-0.996489993
5/17/2025 7:10,May,-2.01E-05,-2.01E-05
5/17/2025 7:15,May,0.000981459,0.000982361
5/17/2025 7:20,May,0.000980247,0.000982252
5/17/2025 7:25,May,2.129929816,2.135164131
5/17/2025 7:30,May,2.128651966,2.135201664
5/17/2025 7:35,May,2.126034903,2.133895358
5/17/2025 7:40,May,2.764099743,2.774899227
5/17/2025 7:45,May,2.71598105,2.730822476
5/17/2025 7:50,May,2.326151306,2.340326365
5/17/2025 7:55,May,2.534929123,2.551706317
5/17/2025 8:00,May,2.460773148,2.477078095
5/17/2025 8:05,May,-9.62E-06,-0.000009683
5/17/2025 8:10,May,2.120885833,2.135576141
5/17/2025 8:15,May,2.356891677,2.373726617
5/17/2025 8:20,May,2.323548114,2.341127036
5/17/2025 8:25,May,2.324291304,2.341890439
5/17/2025 8:30,May,2.695314589,2.715458107
5/17/2025 8:35,May,2.695453779,2.715890851
5/17/2025 8:40,May,2.204404823,2.221125683
5/17/2025 8:45,May,2.690003607,2.710422684
5/17/2025 8:50,May,2.735924355,2.756422436
5/17/2025 8:55,May,2.734785573,2.754998958
5/17/2025 9:00,May,3.624050469,3.650889687
5/17/2025 9:05,May,2.733045629,2.755564466
5/17/2025 9:10,May,2.197283394,2.216081227
5/17/2025 9:15,May,2.723163392,2.746195264
5/17/2025 9:20,May,2.725537556,2.748596731
5/17/2025 9:25,May,2.69340597,2.715351616
5/17/2025 9:30,May,2.726466198,2.748716079
5/17/2025 9:35,May,2.78813268,2.810617621
5/17/2025 9:40,May,2.791023135,2.813239071
5/17/2025 9:45,May,2.713497504,2.735103142
5/17/2025 9:50,May,2.81977408,2.84223298
5/17/2025 9:55,May,2.736320052,2.758107409
5/17/2025 10:00,May,2.733303114,2.754789094
5/17/2025 10:05,May,9.61E-07,9.69E-07
5/17/2025 10:10,May,2.615386255,2.637003279
5/17/2025 10:15,May,2.685256718,2.706900679
5/17/2025 10:20,May,2.680759523,2.702401218
5/17/2025 10:25,May,2.720737548,2.742430378
5/17/2025 10:30,May,2.710998151,2.732035679
5/17/2025 10:35,May,2.721304543,2.742143233
5/17/2025 10:40,May,2.721582323,2.742425326
5/17/2025 10:45,May,2.785775521,2.807105667
5/17/2025 10:50,May,2.724684323,2.745551083
5/17/2025 10:55,May,2.724123379,2.745269412
5/17/2025 11:00,May,2.723555505,2.744985075
5/17/2025 11:05,May,0,0
5/17/2025 11:10,May,2.191749871,2.209419721
5/17/2025 11:15,May,2.191061435,2.209419721
5/17/2025 11:20,May,2.610329634,2.632210017
5/17/2025 11:25,May,2.669459411,2.691276032
5/17/2025 11:30,May,2.327906902,2.346922164
5/17/2025 11:35,May,2.613522901,2.634877896
5/17/2025 11:40,May,2.242649781,2.261203486
5/17/2025 11:45,May,2.122059666,2.140050751
5/17/2025 11:50,May,2.190861358,2.209661131
5/17/2025 11:55,May,2.122617188,2.140603588
5/17/2025 12:00,May,2.123051994,2.14148435
5/17/2025 12:05,May,2.189735309,2.208523454
5/17/2025 12:10,May,2.188839635,2.208074129
5/17/2025 12:15,May,2.291746015,2.311891124
5/17/2025 12:20,May,2.321257887,2.34237347
5/17/2025 12:25,May,2.191791091,2.210812281
5/17/2025 12:30,May,2.215982907,2.235208012
5/17/2025 12:35,May,1.543393194,1.556460493
5/17/2025 12:40,May,2.123514661,2.141499259
5/17/2025 12:45,May,2.665544356,2.687287973
5/17/2025 12:50,May,2.668443125,2.689647817
5/17/2025 12:55,May,2.326640462,2.345125166
5/17/2025 13:00,May,2.573273761,2.590468324
5/17/2025 13:05,May,2.447441728,2.463264604
5/17/2025 13:10,May,2.638411851,2.654900207
5/17/2025 13:15,May,2.695785574,2.707257002
5/17/2025 13:20,May,2.341690154,2.351653759
5/17/2025 13:25,May,2.340946147,2.351391377
5/17/2025 13:30,May,2.718904513,2.733876143
5/17/2025 13:35,May,2.992209621,3.007444271
5/17/2025 13:40,May,2.854440415,2.873920621
5/17/2025 13:45,May,2.732152314,2.750509756
5/17/2025 13:50,May,2.79337735,2.811579954
5/17/2025 13:55,May,2.736085388,2.753046347
5/17/2025 14:00,May,2.741842723,2.757984536
5/17/2025 14:05,May,2.758634322,2.775984223
5/17/2025 14:10,May,2.762561079,2.779348709
5/17/2025 14:15,May,2.210222251,2.223864194
5/17/2025 14:20,May,2.681585684,2.697567185
5/17/2025 14:25,May,2.690582194,2.706062786
5/17/2025 14:30,May,2.699559258,2.714242821
5/17/2025 14:35,May,2.743516043,2.757575263
5/17/2025 14:40,May,2.743526869,2.757857048
5/17/2025 14:45,May,2.766950947,2.781381307
5/17/2025 14:50,May,2.749712177,2.763193912
5/17/2025 14:55,May,2.694393717,2.707596136
5/17/2025 15:00,May,2.34618686,2.35815598
5/17/2025 15:05,May,3.082767979,3.097232211
5/17/2025 15:10,May,3.07343055,3.085955993
5/17/2025 15:15,May,2.820796051,2.832867932
5/17/2025 15:20,May,2.830947616,2.842477797
5/17/2025 15:25,May,2.806760072,2.816757691
5/17/2025 15:30,May,2.828376667,2.838734913
5/17/2025 15:35,May,2.88740578,2.897687518
5/17/2025 15:40,May,2.829158998,2.83836045
5/17/2025 15:45,May,2.859866545,2.869456586
5/17/2025 15:50,May,3.036281641,3.046150713
5/17/2025 15:55,May,2.904642246,2.914077689
5/17/2025 16:00,May,3.044799068,3.054676762
5/17/2025 16:05,May,3.083658792,3.092706355
5/17/2025 16:10,May,2.920255344,2.927933232
5/17/2025 16:15,May,3.048437167,3.05490747
5/17/2025 16:20,May,3.05420935,3.057609097
5/17/2025 16:25,May,3.046301803,3.049685557
5/17/2025 16:30,May,3.04600928,3.048469459
5/17/2025 16:35,May,3.050178969,3.051101867
5/17/2025 16:40,May,3.027671142,3.028282238
5/17/2025 16:45,May,2.923805775,2.923215881
5/17/2025 16:50,May,2.906832189,2.90478141
5/17/2025 16:55,May,2.934716772,2.924988429
5/17/2025 17:00,May,2.907711714,2.896340938
5/17/2025 17:05,May,2.898732937,2.889718921
5/17/2025 17:10,May,2.842565061,2.828343703
5/17/2025 17:15,May,2.847029417,2.83023866
5/17/2025 17:20,May,2.873599316,2.855244989
5/17/2025 17:25,May,2.882895187,2.859923911
5/17/2025 17:30,May,2.892069025,2.868179521
5/17/2025 17:35,May,2.91705113,2.890949062
5/17/2025 17:40,May,2.918264236,2.890435353
5/17/2025 17:45,May,3.107180283,3.076941587
5/17/2025 17:50,May,3.13749555,3.106662509
5/17/2025 17:55,May,3.138086107,3.106642982
5/17/2025 18:00,May,3.14753828,3.115388693
5/17/2025 18:05,May,3.073468983,3.04087943
5/17/2025 18:10,May,3.140240436,3.106628348
5/17/2025 18:15,May,3.147251864,3.113256179
5/17/2025 18:20,May,3.148175782,3.112323117
5/17/2025 18:25,May,3.151350066,3.114227649
5/17/2025 18:30,May,3.151945443,3.113275092
5/17/2025 18:35,May,3.160856392,3.120849508
5/17/2025 18:40,May,3.162051337,3.118337781
5/17/2025 18:45,May,3.163009353,3.119599173
5/17/2025 18:50,May,3.162448304,3.122136463
5/17/2025 18:55,May,3.167135727,3.123386443
5/17/2025 19:00,May,3.167414901,3.123054223
5/17/2025 19:05,May,3.676021564,3.622698575
5/17/2025 19:10,May,3.559129591,3.506113061
5/17/2025 19:15,May,3.502952714,3.450442969
5/17/2025 19:20,May,3.393448577,3.341287972
5/17/2025 19:25,May,3.502077292,3.447556826
5/17/2025 19:30,May,3.394855518,3.341999076
5/17/2025 19:35,May,3.361064941,3.308418963
5/17/2025 19:40,May,3.339446499,3.286825715
5/17/2025 19:45,May,3.395440361,3.340944814
5/17/2025 19:50,May,3.186028227,3.134908767
5/17/2025 19:55,May,3.186969076,3.135849616
5/17/2025 20:00,May,3.174067164,3.122857423
5/17/2025 20:05,May,4.208291036,4.141038086
5/17/2025 20:10,May,3.570013634,3.510906283
5/17/2025 20:15,May,3.567937396,3.512336833
5/17/2025 20:20,May,3.456870591,3.401367251
5/17/2025 20:25,May,3.549272967,3.489547945
5/17/2025 20:30,May,3.54378121,3.482417033
5/17/2025 20:35,May,3.555788786,3.493848562
5/17/2025 20:40,May,3.844791281,3.780755633
5/17/2025 20:45,May,5.082003352,4.995859213
5/17/2025 20:50,May,3.614460526,3.552160655
5/17/2025 20:55,May,3.609550248,3.54735339
5/17/2025 21:00,May,3.519635727,3.458313203
5/17/2025 21:05,May,14.81765439,14.56182472
5/17/2025 21:10,May,8.327788047,8.181556788
5/17/2025 21:15,May,4.941202666,4.856337474
5/17/2025 21:20,May,4.938232563,4.853889169
5/17/2025 21:25,May,4.229382897,4.157946264
5/17/2025 21:30,May,3.956319888,3.888753912
5/17/2025 21:35,May,3.665501003,3.601834944
5/17/2025 21:40,May,3.950345793,3.880986792
5/17/2025 21:45,May,3.648104182,3.583042909
5/17/2025 21:50,May,3.582075983,3.517178191
5/17/2025 21:55,May,3.529170317,3.465243625
5/17/2025 22:00,May,3.476748828,3.414107789
5/17/2025 22:05,May,3.842585639,3.775411549
5/17/2025 22:10,May,3.787903754,3.722427346
5/17/2025 22:15,May,3.586145431,3.524174912
5/17/2025 22:20,May,3.586499548,3.525237263
5/17/2025 22:25,May,3.556237092,3.495497728
5/17/2025 22:30,May,3.572481402,3.511488677
5/17/2025 22:35,May,3.67657728,3.615210212
5/17/2025 22:40,May,3.596981691,3.536955039
5/17/2025 22:45,May,3.460421084,3.402696164
5/17/2025 22:50,May,3.520749364,3.462388645
5/17/2025 22:55,May,3.520716112,3.462714772
5/17/2025 23:00,May,3.458552712,3.401911063
5/17/2025 23:05,May,5.100226956,5.021341828
5/17/2025 23:10,May,4.142240493,4.079342241
5/17/2025 23:15,May,3.854809725,3.795487296
5/17/2025 23:20,May,4.910516266,4.837319661
5/17/2025 23:25,May,4.906132161,4.833416187
5/17/2025 23:30,May,3.962042413,3.904815981
5/17/2025 23:35,May,3.955665897,3.897714643
5/17/2025 23:40,May,3.768381768,3.712782077
5/17/2025 23:45,May,3.613755327,3.560087477
5/17/2025 23:50,May,3.662212031,3.607437696
5/17/2025 23:55,May,3.672593361,3.6176528
5/18/2025 0:00,May,3.697914956,3.642920512
5/18/2025 0:05,May,15.66040759,15.44871689
5/18/2025 0:10,May,13.20418322,13.02728255
5/18/2025 0:15,May,8.247040659,8.135048894
5/18/2025 0:20,May,8.235149024,8.127440904
5/18/2025 0:25,May,4.183420235,4.129095529
5/18/2025 0:30,May,5.271325425,5.204900082
5/18/2025 0:35,May,4.301573609,4.248207413
5/18/2025 0:40,May,4.304295748,4.250001898
5/18/2025 0:45,May,4.077334522,4.025903532
5/18/2025 0:50,May,4.076875082,4.025434439
5/18/2025 0:55,May,3.980912484,3.930284015
5/18/2025 1:00,May,3.960291155,3.909492752
5/18/2025 1:05,May,3.958812469,3.907636319
5/18/2025 1:10,May,3.963702512,3.912875631
5/18/2025 1:15,May,3.991152027,3.941542679
5/18/2025 1:20,May,3.970301253,3.920170182
5/18/2025 1:25,May,3.924892053,3.875359161
5/18/2025 1:30,May,3.93222533,3.882216056
5/18/2025 1:35,May,3.929082372,3.878224292
5/18/2025 1:40,May,3.751305931,3.702025839
5/18/2025 1:45,May,3.750460957,3.70121172
5/18/2025 1:50,May,3.729781714,3.680459816
5/18/2025 1:55,May,3.663712638,3.615626639
5/18/2025 2:00,May,3.507103113,3.461437708
5/18/2025 2:05,May,3.444042105,3.399887719
5/18/2025 2:10,May,3.419582598,3.377437442
5/18/2025 2:15,May,3.389836176,3.349068453
5/18/2025 2:20,May,3.414654636,3.374611077
5/18/2025 2:25,May,3.415680363,3.375294563
5/18/2025 2:30,May,2.394209487,2.366394936
5/18/2025 2:35,May,3.382628117,3.343350353
5/18/2025 2:40,May,3.384360295,3.34439287
5/18/2025 2:45,May,3.383253552,3.343315185
5/18/2025 2:50,May,3.381848547,3.342265085
5/18/2025 2:55,May,3.38009393,3.340531006
5/18/2025 3:00,May,2.898374009,2.865332546
5/18/2025 3:05,May,3.377891908,3.339399337
5/18/2025 3:10,May,2.947555202,2.913966508
5/18/2025 3:15,May,3.305058848,3.267396242
5/18/2025 3:20,May,3.302001238,3.264039612
5/18/2025 3:25,May,2.952729196,2.919078179
5/18/2025 3:30,May,2.470741851,2.442586656
5/18/2025 3:35,May,2.85222492,2.819434171
5/18/2025 3:40,May,2.851036653,2.818262841
5/18/2025 3:45,May,2.849279928,2.816807878
5/18/2025 3:50,May,2.910749124,2.877576536
5/18/2025 3:55,May,2.840508832,2.808130269
5/18/2025 4:00,May,2.833981182,2.801667334
5/18/2025 4:05,May,2.946818691,2.913221598
5/18/2025 4:10,May,2.947389827,2.91379966
5/18/2025 4:15,May,2.947389827,2.914388961
5/18/2025 4:20,May,2.946487778,2.913493714
5/18/2025 4:25,May,2.906259207,2.873134477
5/18/2025 4:30,May,2.753087055,2.721977172
5/18/2025 4:35,May,2.388873282,2.361637403
5/18/2025 4:40,May,2.388864719,2.361631662
5/18/2025 4:45,May,2.286764509,2.260921486
5/18/2025 4:50,May,2.286052253,2.260448467
5/18/2025 4:55,May,2.285353507,2.259754988
5/18/2025 5:00,May,2.284648658,2.259058034
5/18/2025 5:05,May,2.948872786,2.914370974
5/18/2025 5:10,May,2.765682633,2.733337085
5/18/2025 5:15,May,2.386853387,2.359415548
5/18/2025 5:20,May,2.386623116,2.359182439
5/18/2025 5:25,May,2.386367915,2.359171479
5/18/2025 5:30,May,2.278176591,2.255358316
5/18/2025 5:35,May,2.27837609,2.25625372
5/18/2025 5:40,May,2.194283794,2.173201804
5/18/2025 5:45,May,2.103567364,2.083783939
5/18/2025 5:50,May,2.169511453,2.149757046
5/18/2025 5:55,May,2.167956415,2.148863124
5/18/2025 6:00,May,2.166808237,2.14816623
5/18/2025 6:05,May,2.16415335,2.146393085
5/18/2025 6:10,May,2.367629886,2.34842135
5/18/2025 6:15,May,2.162236719,2.145767487
5/18/2025 6:20,May,2.15984024,2.144674344
5/18/2025 6:25,May,2.158775277,2.144471576
5/18/2025 6:30,May,2.156362098,2.143365441
5/18/2025 6:35,May,2.1548685,2.14294998
5/18/2025 6:40,May,2.09804332,2.08769669
5/18/2025 6:45,May,0,0
5/18/2025 6:50,May,0,0
5/18/2025 6:55,May,0,0
5/18/2025 7:00,May,0,0
5/18/2025 7:05,May,0.000987707,0.000987008
5/18/2025 7:10,May,2.134429288,2.134645564
5/18/2025 7:15,May,2.132287048,2.134234737
5/18/2025 7:20,May,2.129254268,2.133149245
5/18/2025 7:25,May,2.128846064,2.133393955
5/18/2025 7:30,May,2.333073388,2.338778887
5/18/2025 7:35,May,2.127165996,2.133675071
5/18/2025 7:40,May,0,0
5/18/2025 7:45,May,0.000980769,0.000984876
5/18/2025 7:50,May,0,0
5/18/2025 7:55,May,0,0
5/18/2025 8:00,May,1.991804714,2.004460165
5/18/2025 8:05,May,-1.91E-05,-1.93E-05
5/18/2025 8:10,May,0.000974195,0.000981696
5/18/2025 8:15,May,0.176977876,0.178451327
5/18/2025 8:20,May,-2.00E-05,-2.01E-05
5/18/2025 8:25,May,0,0
5/18/2025 8:30,May,0.177084976,0.178671629
5/18/2025 8:35,May,2.107214215,2.126980888
5/18/2025 8:40,May,1.970300448,1.988790429
5/18/2025 8:45,May,2.724769616,2.750084911
5/18/2025 8:50,May,2.313620086,2.334894204
5/18/2025 8:55,May,2.313382538,2.334421982
5/18/2025 9:00,May,2.201110116,2.220907136
5/18/2025 9:05,May,-9.96E-06,-1.00E-05
5/18/2025 9:10,May,-9.93E-06,-1.00E-05
5/18/2025 9:15,May,0.177159305,0.178848635
5/18/2025 9:20,May,0,0
5/18/2025 9:25,May,2.194744344,2.215219828
5/18/2025 9:30,May,2.106387627,2.126048993
5/18/2025 9:35,May,2.107049658,2.126727408
5/18/2025 9:40,May,2.311970125,2.333090583
5/18/2025 9:45,May,2.192881856,2.212931061
5/18/2025 9:50,May,2.439630587,2.461938098
5/18/2025 9:55,May,2.192875782,2.212929099
5/18/2025 10:00,May,2.110806137,2.130110953
5/18/2025 10:05,May,0,0
5/18/2025 10:10,May,2.110368584,2.12901723
5/18/2025 10:15,May,2.111035607,2.129697908
5/18/2025 10:20,May,2.702396851,2.725754024
5/18/2025 10:25,May,2.31659507,2.336399156
5/18/2025 10:30,May,2.317086069,2.336421303
5/18/2025 10:35,May,2.19033944,2.208814655
5/18/2025 10:40,May,2.190795618,2.209498922
5/18/2025 10:45,May,8.37E-08,8.44E-08
5/18/2025 10:50,May,2.114370866,2.132643751
5/18/2025 10:55,May,2.190577357,2.209274905
5/18/2025 11:00,May,2.190795618,2.209727012
5/18/2025 11:05,May,0.000965722,0.000973864
5/18/2025 11:10,May,2.19101078,2.209493583
5/18/2025 11:15,May,2.191238963,2.209721766
5/18/2025 11:20,May,0,0
5/18/2025 11:25,May,2.192148578,2.210861485
5/18/2025 11:30,May,2.113482629,2.131525896
5/18/2025 11:35,May,2.134740734,2.152746982
5/18/2025 11:40,May,0.00096602,0.000974364
5/18/2025 11:45,May,2.111489136,2.129953126
5/18/2025 11:50,May,2.111927397,2.130169667
5/18/2025 11:55,May,2.113035172,2.131728759
5/18/2025 12:00,May,2.112152709,2.13084238
5/18/2025 12:05,May,2.112364163,2.131042094
5/18/2025 12:10,May,2.111701092,2.130153489
5/18/2025 12:15,May,2.113029275,2.131275367
5/18/2025 12:20,May,2.113707307,2.131976359
5/18/2025 12:25,May,2.274525175,2.293951388
5/18/2025 12:30,May,2.194604424,2.213125257
5/18/2025 12:35,May,2.11637967,2.134460847
5/18/2025 12:40,May,2.192790488,2.211530334
5/18/2025 12:45,May,2.318290723,2.338103108
5/18/2025 12:50,May,2.319022278,2.338845047
5/18/2025 12:55,May,2.360686786,2.380625851
5/18/2025 13:00,May,2.356411902,2.375823429
5/18/2025 13:05,May,2.197101308,2.214949037
5/18/2025 13:10,May,2.198019096,2.215407402
5/18/2025 13:15,May,2.458384371,2.477584499
5/18/2025 13:20,May,2.731670658,2.752440573
5/18/2025 13:25,May,2.388097495,2.405764987
5/18/2025 13:30,May,2.693041092,2.713270509
5/18/2025 13:35,May,2.197741877,2.214247292
5/18/2025 13:40,May,2.198900258,2.215397165
5/18/2025 13:45,May,2.330002881,2.347483366
5/18/2025 13:50,May,2.437127957,2.454913503
5/18/2025 13:55,May,2.665973618,2.685151285
5/18/2025 14:00,May,2.637613872,2.656308654
5/18/2025 14:05,May,2.38203275,2.399176826
5/18/2025 14:10,May,2.468844602,2.486872885
5/18/2025 14:15,May,1.548080215,1.559693236
5/18/2025 14:20,May,2.701065321,2.721581164
5/18/2025 14:25,May,2.735367004,2.756139061
5/18/2025 14:30,May,2.84135562,2.861743883
5/18/2025 14:35,May,2.783344368,2.803016691
5/18/2025 14:40,May,2.711045337,2.728234171
5/18/2025 14:45,May,2.741043409,2.757845649
5/18/2025 14:50,May,2.806557966,2.822875164
5/18/2025 14:55,May,2.75184989,2.767558426
5/18/2025 15:00,May,2.813250385,2.828715821
5/18/2025 15:05,May,3.255661428,3.274905719
5/18/2025 15:10,May,2.850515329,2.867062324
5/18/2025 15:15,May,2.763518178,2.778703918
5/18/2025 15:20,May,2.819085976,2.833102562
5/18/2025 15:25,May,2.805149181,2.818801662
5/18/2025 15:30,May,2.782548104,2.79521699
5/18/2025 15:35,May,3.04693899,3.060170115
5/18/2025 15:40,May,3.048183918,3.060466093
5/18/2025 15:45,May,3.025288867,3.033710643
5/18/2025 15:50,May,3.287093672,3.295556838
5/18/2025 15:55,May,3.268163148,3.274887764
5/18/2025 16:00,May,3.259668761,3.265364554
5/18/2025 16:05,May,3.275396674,3.279770598
5/18/2025 16:10,May,3.726414251,3.730240924
5/18/2025 16:15,May,3.403563337,3.404960243
5/18/2025 16:20,May,3.716027232,3.716027232
5/18/2025 16:25,May,3.308536804,3.306841683
5/18/2025 16:30,May,3.308510637,3.305799854
5/18/2025 16:35,May,3.480816754,3.474408377
5/18/2025 16:40,May,3.426394368,3.416246754
5/18/2025 16:45,May,3.368609782,3.357953975
5/18/2025 16:50,May,3.176747101,3.166060796
5/18/2025 16:55,May,3.247906714,3.236983261
5/18/2025 17:00,May,3.261166698,3.249869738
5/18/2025 17:05,May,3.32127624,3.309099242
5/18/2025 17:10,May,3.320925073,3.308750602
5/18/2025 17:15,May,3.32432049,3.310113992
5/18/2025 17:20,May,3.326025716,3.311139628
5/18/2025 17:25,May,3.330100384,3.312504081
5/18/2025 17:30,May,3.334869489,3.314557625
5/18/2025 17:35,May,3.446527223,3.422428076
5/18/2025 17:40,May,3.524964878,3.497490205
5/18/2025 17:45,May,3.521059797,3.491506964
5/18/2025 17:50,May,3.750162291,3.717568662
5/18/2025 17:55,May,3.633612032,3.600595871
5/18/2025 18:00,May,3.822068078,3.78464977
5/18/2025 18:05,May,3.272288976,3.237372263
5/18/2025 18:10,May,3.314974493,3.279981799
5/18/2025 18:15,May,3.361631183,3.323833503
5/18/2025 18:20,May,3.363590882,3.324804864
5/18/2025 18:25,May,3.53856577,3.496393579
5/18/2025 18:30,May,3.415710602,3.374368101
5/18/2025 18:35,May,3.42040924,3.374999535
5/18/2025 18:40,May,3.42132373,3.375274009
5/18/2025 18:45,May,3.338971429,3.293090909
5/18/2025 18:50,May,3.338812785,3.292652553
5/18/2025 18:55,May,3.339058287,3.291931135
5/18/2025 19:00,May,3.330727066,3.283731513
5/18/2025 19:05,May,3.337602321,3.289855974
5/18/2025 19:10,May,3.489870418,3.439619056
5/18/2025 19:15,May,3.386076991,3.336336108
5/18/2025 19:20,May,3.434518582,3.384076114
5/18/2025 19:25,May,3.435227461,3.384433684
5/18/2025 19:30,May,3.498706241,3.445963669
5/18/2025 19:35,May,3.500152137,3.447387768
5/18/2025 19:40,May,3.500470226,3.448410883
5/18/2025 19:45,May,3.556664952,3.503411961
5/18/2025 19:50,May,3.502626309,3.449845582
5/18/2025 19:55,May,3.504015276,3.450887307
5/18/2025 20:00,May,3.50585241,3.453038776
5/18/2025 20:05,May,4.110558597,4.048234203
5/18/2025 20:10,May,5.042522133,4.965567578
5/18/2025 20:15,May,7.802216729,7.682372948
5/18/2025 20:20,May,7.511444444,7.396055556
5/18/2025 20:25,May,7.703202453,7.584856097
5/18/2025 20:30,May,7.681133268,7.56453307
5/18/2025 20:35,May,4.914377461,4.840242351
5/18/2025 20:40,May,5.042963547,4.967389163
5/18/2025 20:45,May,5.030558396,4.955147464
5/18/2025 20:50,May,4.264442553,4.201350314
5/18/2025 20:55,May,4.06257463,4.002089648
5/18/2025 21:00,May,4.056704566,3.995922428
5/18/2025 21:05,May,4.26136727,4.197121304
5/18/2025 21:10,May,5.016288458,4.941626494
5/18/2025 21:15,May,4.262231375,4.198388806
5/18/2025 21:20,May,3.865874126,3.806853147
5/18/2025 21:25,May,3.860330039,3.801405386
5/18/2025 21:30,May,4.260057007,4.195433894
5/18/2025 21:35,May,3.959332649,3.898510393
5/18/2025 21:40,May,3.950166309,3.888732321
5/18/2025 21:45,May,3.949368875,3.887953372
5/18/2025 21:50,May,3.863423391,3.802973708
5/18/2025 21:55,May,3.86632381,3.805463946
5/18/2025 22:00,May,3.746702693,3.686960281
5/18/2025 22:05,May,3.944630012,3.882885259
5/18/2025 22:10,May,3.945452508,3.883652023
5/18/2025 22:15,May,3.946276491,3.884811668
5/18/2025 22:20,May,3.953484237,3.89340447
5/18/2025 22:25,May,5.059368004,4.983885092
5/18/2025 22:30,May,3.959196007,3.900868213
5/18/2025 22:35,May,4.155506177,4.096307394
5/18/2025 22:40,May,3.999578147,3.944543569
5/18/2025 22:45,May,3.965358272,3.911157525
5/18/2025 22:50,May,4.085087866,4.028350535
5/18/2025 22:55,May,4.089455104,4.033026267
5/18/2025 23:00,May,3.960091986,3.904706084
5/18/2025 23:05,May,3.952597023,3.897315946
5/18/2025 23:10,May,3.949792704,3.893767276
5/18/2025 23:15,May,3.719828482,3.666703997
5/18/2025 23:20,May,3.764745313,3.711360668
5/18/2025 23:25,May,3.848133617,3.793160279
5/18/2025 23:30,May,3.845415097,3.790090911
5/18/2025 23:35,May,3.943059347,3.887067904
5/18/2025 23:40,May,3.726044856,3.67314031
5/18/2025 23:45,May,3.73360431,3.681328622
5/18/2025 23:50,May,3.735527617,3.683567411
5/18/2025 23:55,May,3.736785853,3.685156253
5/19/2025 0:00,May,3.719133382,3.668120039
5/19/2025 0:05,May,4.078222081,4.020690383
5/19/2025 0:10,May,3.781153483,3.726693981
5/19/2025 0:15,May,3.66075501,3.608416681
5/19/2025 0:20,May,0,0
5/19/2025 0:25,May,2.410731289,2.377332341
5/19/2025 0:30,May,2.963073977,2.922026809
5/19/2025 0:35,May,2.963973955,2.923796494
5/19/2025 0:40,May,3.38341235,3.337572135
5/19/2025 0:45,May,3.098216227,3.055935559
5/19/2025 0:50,May,3.111806219,3.069340092
5/19/2025 0:55,May,3.120639171,3.078060985
5/19/2025 1:00,May,3.232304971,3.187885723
5/19/2025 1:05,May,3.37843343,3.332019909
5/19/2025 1:10,May,3.378072459,3.331332257
5/19/2025 1:15,May,3.113085241,3.070643936
5/19/2025 1:20,May,3.378720211,3.331653461
5/19/2025 1:25,May,3.379019163,3.332303063
5/19/2025 1:30,May,3.379330367,3.33295992
5/19/2025 1:35,May,3.37829765,3.332272711
5/19/2025 1:40,May,2.857884743,2.818949758
5/19/2025 1:45,May,2.856119345,2.817208411
5/19/2025 1:50,May,2.852682061,2.816054611
5/19/2025 1:55,May,2.852643385,2.815179558
5/19/2025 2:00,May,2.188675896,2.160585239
5/19/2025 2:05,May,2.859432339,2.823020945
5/19/2025 2:10,May,3.160206226,3.12060937
5/19/2025 2:15,May,2.972245658,2.935613269
5/19/2025 2:20,May,3.164302466,3.125958714
5/19/2025 2:25,May,2.973705177,2.938564073
5/19/2025 2:30,May,3.313451855,3.273332648
5/19/2025 2:35,May,3.166761292,3.128751361
5/19/2025 2:40,May,3.168343211,3.130329376
5/19/2025 2:45,May,3.167995369,3.130307311
5/19/2025 2:50,May,2.622025458,2.591606322
5/19/2025 2:55,May,2.392793692,2.365039467
5/19/2025 3:00,May,2.390580646,2.363800076
5/19/2025 3:05,May,2.391344128,2.364309892
5/19/2025 3:10,May,2.904627908,2.871499651
5/19/2025 3:15,May,2.90491598,2.872075795
5/19/2025 3:20,May,2.904022434,2.871192351
5/19/2025 3:25,May,2.902841544,2.870021556
5/19/2025 3:30,May,2.389904061,2.363349571
5/19/2025 3:35,May,2.389658388,2.363106628
5/19/2025 3:40,May,2.38918425,2.362869559
5/19/2025 3:45,May,2.388447681,2.362378099
5/19/2025 3:50,May,2.597438998,2.569077047
5/19/2025 3:55,May,2.598460862,2.570348482
5/19/2025 4:00,May,2.459330329,2.432723182
5/19/2025 4:05,May,2.609982805,2.581762576
5/19/2025 4:10,May,2.899850481,2.868508518
5/19/2025 4:15,May,2.900119304,2.868783756
5/19/2025 4:20,May,2.900138022,2.868796059
5/19/2025 4:25,May,2.685822562,2.65706301
5/19/2025 4:30,May,2.897782975,2.866747616
5/19/2025 4:35,May,2.897504697,2.866753556
5/19/2025 4:40,May,2.897217303,2.865891374
5/19/2025 4:45,May,2.896040917,2.864724601
5/19/2025 4:50,May,2.894865252,2.863558544
5/19/2025 4:55,May,2.384559124,2.359468468
5/19/2025 5:00,May,2.461957806,2.435805768
5/19/2025 5:05,May,2.841671083,2.811197399
5/19/2025 5:10,May,2.889932713,2.858932243
5/19/2025 5:15,May,2.889645672,2.858645202
5/19/2025 5:20,May,2.891122996,2.859532301
5/19/2025 5:25,May,2.888784548,2.857497036
5/19/2025 5:30,May,2.883013342,2.85489478
5/19/2025 5:35,May,2.721587489,2.695040701
5/19/2025 5:40,May,0.170758773,0.169110325
5/19/2025 5:45,May,0,0
5/19/2025 5:50,May,2.207646664,2.187641103
5/19/2025 5:55,May,2.274839433,2.254674024
5/19/2025 6:00,May,2.208517737,2.188932436
5/19/2025 6:05,May,2.1677004,2.149542558
5/19/2025 6:10,May,2.372737565,2.35356058
5/19/2025 6:15,May,2.269184511,2.251507852
5/19/2025 6:20,May,2.267144897,2.250601356
5/19/2025 6:25,May,2.368059652,2.351708594
5/19/2025 6:30,May,2.264001786,2.249714286
5/19/2025 6:35,May,2.261964741,2.249036636
5/19/2025 6:40,May,2.157487233,2.147299159
5/19/2025 6:45,May,2.254713433,2.246092937
5/19/2025 6:50,May,2.251549321,2.245194782
5/19/2025 6:55,May,2.248831325,2.244291441
5/19/2025 7:00,May,2.536438991,2.533104609
5/19/2025 7:05,May,2.182127113,2.181463045
5/19/2025 7:10,May,2.345984561,2.345508219
5/19/2025 7:15,May,2.774239584,2.779042728
5/19/2025 7:20,May,2.607575393,2.614226013
5/19/2025 7:25,May,2.763508069,2.775386826
5/19/2025 7:30,May,2.762379178,2.774831251
5/19/2025 7:35,May,2.806349789,2.814108487
5/19/2025 7:40,May,2.880113842,2.887493452
5/19/2025 7:45,May,2.83716535,2.845609294
5/19/2025 7:50,May,2.762105102,2.770050339
5/19/2025 7:55,May,3.116016413,3.124343726
5/19/2025 8:00,May,3.260715068,3.272469628
5/19/2025 8:05,May,0,0
5/19/2025 8:10,May,2.13336918,2.142793351
5/19/2025 8:15,May,2.215671344,2.225914328
5/19/2025 8:20,May,2.695871709,2.70833977
5/19/2025 8:25,May,2.868669619,2.882527926
5/19/2025 8:30,May,2.847560685,2.860165699
5/19/2025 8:35,May,2.804934559,2.817936419
5/19/2025 8:40,May,2.926123932,2.939697334
5/19/2025 8:45,May,2.858932166,2.872202093
5/19/2025 8:50,May,3.106653472,3.12140126
5/19/2025 8:55,May,3.348499376,3.364059318
5/19/2025 9:00,May,3.350904984,3.366490589
5/19/2025 9:05,May,0.000967295,0.000971682
5/19/2025 9:10,May,2.860583064,2.873580344
5/19/2025 9:15,May,2.843134857,2.857525272
5/19/2025 9:20,May,2.772375096,2.78613805
5/19/2025 9:25,May,2.766483834,2.778515761
5/19/2025 9:30,May,2.795639544,2.807799534
5/19/2025 9:35,May,2.835788101,2.848125277
5/19/2025 9:40,May,3.104710587,3.117249027
5/19/2025 9:45,May,2.836361814,2.849000524
5/19/2025 9:50,May,3.070888873,3.086143211
5/19/2025 9:55,May,3.763424534,3.78253217
5/19/2025 10:00,May,3.443336196,3.465143039
5/19/2025 10:05,May,0,0
5/19/2025 10:10,May,2.738612132,2.755089259
5/19/2025 10:15,May,2.785649993,2.802117744
5/19/2025 10:20,May,2.93526656,2.952004732
5/19/2025 10:25,May,2.936479311,2.952916533
5/19/2025 10:30,May,3.037905377,3.05523423
5/19/2025 10:35,May,3.49901583,3.520410994
5/19/2025 10:40,May,3.444287814,3.463183089
5/19/2025 10:45,May,3.047966612,3.06469807
5/19/2025 10:50,May,3.251944517,3.270134387
5/19/2025 10:55,May,3.050169383,3.067862514
5/19/2025 11:00,May,2.987075665,3.005655857
5/19/2025 11:05,May,0,0
5/19/2025 11:10,May,2.768543652,2.785465239
5/19/2025 11:15,May,2.948072,2.965779972
5/19/2025 11:20,May,3.750410824,3.774081291
5/19/2025 11:25,May,3.350562492,3.370988529
5/19/2025 11:30,May,3.048935846,3.067204263
5/19/2025 11:35,May,3.048940871,3.066570266
5/19/2025 11:40,May,2.750329781,2.766548361
5/19/2025 11:45,May,2.9407482,2.957787197
5/19/2025 11:50,May,2.938630709,2.955963279
5/19/2025 11:55,May,2.838735781,2.856057677
5/19/2025 12:00,May,2.860470565,2.877926891
5/19/2025 12:05,May,2.340576861,2.35437201
5/19/2025 12:10,May,2.752021075,2.767950086
5/19/2025 12:15,May,2.731318337,2.7455484
5/19/2025 12:20,May,0,0
5/19/2025 12:25,May,2.206171616,2.218820364
5/19/2025 12:30,May,2.697498781,2.712684866
5/19/2025 12:35,May,2.677420883,2.692211722
5/19/2025 12:40,May,2.495269073,2.508004016
5/19/2025 12:45,May,2.663927833,2.678082899
5/19/2025 12:50,May,2.691202394,2.704934448
5/19/2025 12:55,May,2.804194955,2.818502072
5/19/2025 13:00,May,2.922581571,2.938403981
5/19/2025 13:05,May,3.447032735,3.465343189
5/19/2025 13:10,May,7.933774834,7.979304636
5/19/2025 13:15,May,12.92773788,13.00583483
5/19/2025 13:20,May,4.153504483,4.179965451
5/19/2025 13:25,May,3.510172471,3.531785932
5/19/2025 13:30,May,3.511162152,3.533519238
5/19/2025 13:35,May,3.528394602,3.550095351
5/19/2025 13:40,May,3.530869222,3.552212674
5/19/2025 13:45,May,3.529150399,3.550113464
5/19/2025 13:50,May,3.562765687,3.584306437
5/19/2025 13:55,May,3.563899973,3.586190601
5/19/2025 14:00,May,3.56352172,3.585809983
5/19/2025 14:05,May,4.733946472,4.765068107
5/19/2025 14:10,May,4.264251284,4.294089909
5/19/2025 14:15,May,3.98683779,4.015978298
5/19/2025 14:20,May,4.622182553,4.657444265
5/19/2025 14:25,May,5.321506016,5.364906002
5/19/2025 14:30,May,7.251615568,7.310731999
5/19/2025 14:35,May,5.933837494,5.982785303
5/19/2025 14:40,May,7.134901232,7.194513984
5/19/2025 14:45,May,6.534101404,6.590070934
5/19/2025 14:50,May,7.188288543,7.250593049
5/19/2025 14:55,May,6.535132902,6.593147136
5/19/2025 15:00,May,7.154109347,7.222051734
5/19/2025 15:05,May,7.315628301,7.385860775
5/19/2025 15:10,May,4.364237642,4.405182225
5/19/2025 15:15,May,4.268113278,4.308131009
5/19/2025 15:20,May,5.950894032,6.009211801
5/19/2025 15:25,May,5.954972046,6.015185982
5/19/2025 15:30,May,7.318851764,7.392872056
5/19/2025 15:35,May,7.252749581,7.324558983
5/19/2025 15:40,May,7.985035852,8.066507326
5/19/2025 15:45,May,7.280656046,7.355792599
5/19/2025 15:50,May,7.970951344,8.053117543
5/19/2025 15:55,May,7.316515693,7.392697656
5/19/2025 16:00,May,7.187780773,7.264008017
5/19/2025 16:05,May,15.15628935,15.2771504
5/19/2025 16:10,May,8.008288438,8.067136345
5/19/2025 16:15,May,8.016602677,8.074712047
5/19/2025 16:20,May,8.015757827,8.068007464
5/19/2025 16:25,May,8.028218695,8.079676315
5/19/2025 16:30,May,8.024865313,8.072938251
5/19/2025 16:35,May,4.922422334,4.950858031
5/19/2025 16:40,May,8.028134051,8.070335126
5/19/2025 16:45,May,4.094331166,4.11284803
5/19/2025 16:50,May,7.324606175,7.350961805
5/19/2025 16:55,May,4.282867767,4.293410211
5/19/2025 17:00,May,3.520181477,3.524502927
5/19/2025 17:05,May,3.637284003,3.639881268
5/19/2025 17:10,May,3.451605493,3.449849309
5/19/2025 17:15,May,3.424225578,3.420744966
5/19/2025 17:20,May,3.471890744,3.463787905
5/19/2025 17:25,May,3.525628908,3.513835117
5/19/2025 17:30,May,3.547293365,3.533638872
5/19/2025 17:35,May,4.752495461,4.731336927
5/19/2025 17:40,May,4.372464371,4.350358889
5/19/2025 17:45,May,4.758782883,4.734243153
5/19/2025 17:50,May,4.763139246,4.737626727
5/19/2025 17:55,May,4.378680678,4.353917386
5/19/2025 18:00,May,8.187545182,8.133842817
5/19/2025 18:05,May,5.31329426,5.269861337
5/19/2025 18:10,May,7.60806669,7.544359109
5/19/2025 18:15,May,3.788128048,3.75492898
5/19/2025 18:20,May,4.785697392,4.744216847
5/19/2025 18:25,May,4.775119656,4.731827547
5/19/2025 18:30,May,7.474519968,7.408227108
5/19/2025 18:35,May,5.541305176,5.489929576
5/19/2025 18:40,May,7.477534799,7.407461166
5/19/2025 18:45,May,5.001682973,4.947863576
5/19/2025 18:50,May,4.412318689,4.363977878
5/19/2025 18:55,May,4.791474453,4.736156758
5/19/2025 19:00,May,4.801763265,4.745861565
5/19/2025 19:05,May,9.196591339,9.087460428
5/19/2025 19:10,May,8.248184271,8.152728782
5/19/2025 19:15,May,7.562635366,7.474388137
5/19/2025 19:20,May,7.477153242,7.391373281
5/19/2025 19:25,May,7.464070953,7.37624069
5/19/2025 19:30,May,8.256644518,8.159468439
5/19/2025 19:35,May,8.258359294,8.161163032
5/19/2025 19:40,May,8.253295962,8.156960449
5/19/2025 19:45,May,5.121103669,5.060334337
5/19/2025 19:50,May,7.450866034,7.363914277
5/19/2025 19:55,May,7.481755523,7.393009327
5/19/2025 20:00,May,5.135859147,5.074939226
5/19/2025 20:05,May,13.57586822,13.41591086
5/19/2025 20:10,May,8.284314747,8.185096404
5/19/2025 20:15,May,8.286786161,8.186744477
5/19/2025 20:20,May,8.290181363,8.18928497
5/19/2025 20:25,May,8.310874334,8.208920923
5/19/2025 20:30,May,8.328973527,8.224338181
5/19/2025 20:35,May,8.312447786,8.208855472
5/19/2025 20:40,May,8.310712048,8.207141366
5/19/2025 20:45,May,8.299384968,8.195976233
5/19/2025 20:50,May,8.301052851,8.197644116
5/19/2025 20:55,May,8.296697573,8.193353474
5/19/2025 21:00,May,8.294877135,8.190753853
5/19/2025 21:05,May,14.93013098,14.73873837
5/19/2025 21:10,May,14.58470449,14.38003272
5/19/2025 21:15,May,11.12624813,10.96912944
5/19/2025 21:20,May,9.398552756,9.263881263
5/19/2025 21:25,May,8.315237896,8.197862083
5/19/2025 21:30,May,9.376927652,9.249408237
5/19/2025 21:35,May,8.302992258,8.185812932
5/19/2025 21:40,May,8.326838466,8.216216216
5/19/2025 21:45,May,8.323012552,8.218410042
5/19/2025 21:50,May,8.316922755,8.213232988
5/19/2025 21:55,May,8.308238488,8.204656991
5/19/2025 22:00,May,8.300375469,8.197747184
5/19/2025 22:05,May,14.49651405,14.30473816
5/19/2025 22:10,May,8.354737503,8.242627066
5/19/2025 22:15,May,8.333924658,8.223729521
5/19/2025 22:20,May,8.325237152,8.215156885
5/19/2025 22:25,May,8.321968512,8.212699406
5/19/2025 22:30,May,7.479538337,7.383463986
5/19/2025 22:35,May,5.131959299,5.067049957
5/19/2025 22:40,May,4.609986335,4.550783139
5/19/2025 22:45,May,4.213553603,4.158217712
5/19/2025 22:50,May,4.115655235,4.060823807
5/19/2025 22:55,May,4.08890426,4.033245069
5/19/2025 23:00,May,3.999866922,3.943474437
5/19/2025 23:05,May,5.851655658,5.775148041
5/19/2025 23:10,May,4.563370253,4.503718354
5/19/2025 23:15,May,4.560986925,4.501818853
5/19/2025 23:20,May,4.888844358,4.825403968
5/19/2025 23:25,May,4.999722173,4.935307031
5/19/2025 23:30,May,4.996091005,4.931748552
5/19/2025 23:35,May,4.556728135,4.498055848
5/19/2025 23:40,May,4.552432091,4.494725205
5/19/2025 23:45,May,4.878363257,4.818900987
5/19/2025 23:50,May,4.17999185,4.127810335
5/19/2025 23:55,May,4.193260264,4.140501579
5/20/2025 0:00,May,4.095213465,4.042093049
5/20/2025 0:05,May,4.229525122,4.175469603
5/20/2025 0:10,May,4.234671585,4.179282984
5/20/2025 0:15,May,4.224180441,4.168084685
5/20/2025 0:20,May,3.965705562,3.911462782
5/20/2025 0:25,May,3.688156081,3.637684233
5/20/2025 0:30,May,3.568056084,3.518165751
5/20/2025 0:35,May,3.519494971,3.470667153
5/20/2025 0:40,May,3.552178507,3.502193082
5/20/2025 0:45,May,3.671326501,3.618894804
5/20/2025 0:50,May,3.565369136,3.51373869
5/20/2025 0:55,May,3.552274397,3.500828404
5/20/2025 1:00,May,3.658555813,3.604845491
5/20/2025 1:05,May,3.65929157,3.605581249
5/20/2025 1:10,May,3.566785736,3.514085213
5/20/2025 1:15,May,3.460798674,3.410037512
5/20/2025 1:20,May,3.45783832,3.40713586
5/20/2025 1:25,May,3.145887962,3.099457688
5/20/2025 1:30,May,3.229370787,3.181732302
5/20/2025 1:35,May,3.45584534,3.404187941
5/20/2025 1:40,May,3.515020733,3.462847123
5/20/2025 1:45,May,3.456175989,3.405217326
5/20/2025 1:50,May,3.143100268,3.098000595
5/20/2025 1:55,May,3.137175958,3.09246262
5/20/2025 2:00,May,2.945967303,2.904866283
5/20/2025 2:05,May,3.45072858,3.40262395
5/20/2025 2:10,May,3.4285625,3.38146875
5/20/2025 2:15,May,3.401954553,3.355908447
5/20/2025 2:20,May,2.951004645,2.911362076
5/20/2025 2:25,May,3.403349163,3.357975722
5/20/2025 2:30,May,3.449928895,3.404280276
5/20/2025 2:35,May,2.943867643,2.904926814
5/20/2025 2:40,May,3.40403147,3.358999183
5/20/2025 2:45,May,3.45351293,3.407826048
5/20/2025 2:50,May,2.952483845,2.914024637
5/20/2025 2:55,May,2.951885536,2.913733724
5/20/2025 3:00,May,2.920009711,2.882851271
5/20/2025 3:05,May,2.940188866,2.903355472
5/20/2025 3:10,May,2.948322413,2.911678935
5/20/2025 3:15,May,2.947136231,2.911091056
5/20/2025 3:20,May,3.31051649,3.270026965
5/20/2025 3:25,May,3.389918256,3.348785072
5/20/2025 3:30,May,3.388544936,3.347416043
5/20/2025 3:35,May,3.386085979,3.345322504
5/20/2025 3:40,May,2.945365067,2.910498185
5/20/2025 3:45,May,3.310276106,3.271081586
5/20/2025 3:50,May,3.315796194,3.276865119
5/20/2025 3:55,May,3.377370794,3.337700843
5/20/2025 4:00,May,3.169109747,3.131882253
5/20/2025 4:05,May,3.305636873,3.264777328
5/20/2025 4:10,May,3.167893807,3.128736844
5/20/2025 4:15,May,3.304564315,3.26373444
5/20/2025 4:20,May,3.168519076,3.129684504
5/20/2025 4:25,May,3.168189365,3.129677118
5/20/2025 4:30,May,3.167189359,3.129011286
5/20/2025 4:35,May,3.166508203,3.128346008
5/20/2025 4:40,May,3.167496194,3.129003973
5/20/2025 4:45,May,3.165213981,3.127377672
5/20/2025 4:50,May,3.164238183,3.126091852
5/20/2025 4:55,May,3.163898431,3.126077847
5/20/2025 5:00,May,3.163898431,3.126077847
5/20/2025 5:05,May,2.937975602,2.9057778
5/20/2025 5:10,May,3.15722421,3.126395667
5/20/2025 5:15,May,3.162384746,3.128671301
5/20/2025 5:20,May,3.095798399,3.062486811
5/20/2025 5:25,May,2.940645943,2.909003835
5/20/2025 5:30,May,2.93946115,2.90812109
5/20/2025 5:35,May,3.157870155,3.126084849
5/20/2025 5:40,May,3.049030951,3.018338068
5/20/2025 5:45,May,2.906897412,2.877919178
5/20/2025 5:50,May,2.882551417,2.854399233
5/20/2025 5:55,May,0,0
5/20/2025 6:00,May,2.889040056,2.861386776
5/20/2025 6:05,May,2.281870988,2.261850538
5/20/2025 6:10,May,2.28142295,2.261628521
5/20/2025 6:15,May,2.374046756,2.35415117
5/20/2025 6:20,May,2.372389451,2.353926343
5/20/2025 6:25,May,2.370944037,2.353202116
5/20/2025 6:30,May,2.519352572,2.502000604
5/20/2025 6:35,May,2.368170031,2.353040256
5/20/2025 6:40,May,0,0
5/20/2025 6:45,May,0,0
5/20/2025 6:50,May,2.157922013,2.14805848
5/20/2025 6:55,May,2.165739883,2.157143053
5/20/2025 7:00,May,2.720259017,2.710822347
5/20/2025 7:05,May,2.356853532,2.350342221
5/20/2025 7:10,May,2.754804345,2.748028153
5/20/2025 7:15,May,2.767817406,2.762701818
5/20/2025 7:20,May,2.702375077,2.698762276
5/20/2025 7:25,May,2.751378618,2.750527939
5/20/2025 7:30,May,2.775330766,2.777624665
5/20/2025 7:35,May,2.915476579,2.918190333
5/20/2025 7:40,May,2.985154639,2.99072165
5/20/2025 7:45,May,3.007675255,3.015795666
5/20/2025 7:50,May,3.242135906,3.251911529
5/20/2025 7:55,May,3.210201801,3.221567713
5/20/2025 8:00,May,3.274388142,3.286665819
5/20/2025 8:05,May,-2.21E-05,-2.22E-05
5/20/2025 8:10,May,2.675799369,2.689170009
5/20/2025 8:15,May,2.821726652,2.836710832
5/20/2025 8:20,May,2.834950635,2.851480959
5/20/2025 8:25,May,2.622575864,2.638415643
5/20/2025 8:30,May,2.727570393,2.744905442
5/20/2025 8:35,May,2.622195493,2.639691376
5/20/2025 8:40,May,0,0
5/20/2025 8:45,May,0,0
5/20/2025 8:50,May,0,0
5/20/2025 8:55,May,0,0
5/20/2025 9:00,May,2.682696562,2.702319212
5/20/2025 9:05,May,1.02E-06,0.000001023
5/20/2025 9:10,May,2.257141163,2.273805094
5/20/2025 9:15,May,2.725386969,2.746106949
5/20/2025 9:20,May,2.651631761,2.671791011
5/20/2025 9:25,May,2.742415213,2.763271168
5/20/2025 9:30,May,2.74182984,2.761845284
5/20/2025 9:35,May,2.719926104,2.739789936
5/20/2025 9:40,May,2.740682366,2.760701959
5/20/2025 9:45,May,2.736664831,2.756957594
5/20/2025 9:50,May,2.825515261,2.846766395
5/20/2025 9:55,May,2.740377377,2.760990328
5/20/2025 10:00,May,2.769603261,2.790446936
5/20/2025 10:05,May,2.324057419,2.341755749
5/20/2025 10:10,May,2.738106283,2.7587
5/20/2025 10:15,May,2.738383881,2.759272285
5/20/2025 10:20,May,2.740370149,2.761564483
5/20/2025 10:25,May,2.80239835,2.822304658
5/20/2025 10:30,May,2.803261238,2.824065204
5/20/2025 10:35,May,2.943001529,2.964856263
5/20/2025 10:40,May,3.019482432,3.041586988
5/20/2025 10:45,May,3.150275582,3.173649975
5/20/2025 10:50,May,3.119373963,3.143168561
5/20/2025 10:55,May,3.06839794,3.087925564
5/20/2025 11:00,May,2.951910439,2.971020646
5/20/2025 11:05,May,2.847706607,2.866947868
5/20/2025 11:10,May,2.729304453,2.750353804
5/20/2025 11:15,May,2.953163971,2.976538316
5/20/2025 11:20,May,2.955822454,2.980116043
5/20/2025 11:25,May,2.812051646,2.834320681
5/20/2025 11:30,May,2.83591394,2.85751245
5/20/2025 11:35,May,2.810873193,2.832278757
5/20/2025 11:40,May,2.837975464,2.859576153
5/20/2025 11:45,May,2.837688579,2.859287085
5/20/2025 11:50,May,2.810291615,2.832272205
5/20/2025 11:55,May,2.788592502,2.810682665
5/20/2025 12:00,May,2.807671404,2.829620055
5/20/2025 12:05,May,0,0
5/20/2025 12:10,May,2.334171429,2.353136571
5/20/2025 12:15,May,2.726961158,2.748849619
5/20/2025 12:20,May,2.94518715,2.969141748
5/20/2025 12:25,May,2.835369633,2.858140123
5/20/2025 12:30,May,2.750678874,2.77276692
5/20/2025 12:35,May,2.834588164,2.856742615
5/20/2025 12:40,May,2.894799978,2.917121037
5/20/2025 12:45,May,3.437313686,3.462374822
5/20/2025 12:50,May,3.1603443,3.184022218
5/20/2025 12:55,May,2.958218224,2.980058038
5/20/2025 13:00,May,3.626253765,3.653058972
5/20/2025 13:05,May,3.575178162,3.598982927
5/20/2025 13:10,May,3.619095917,3.643577261
5/20/2025 13:15,May,3.675687106,3.700587539
5/20/2025 13:20,May,3.604815579,3.626967868
5/20/2025 13:25,May,3.642057991,3.664062091
5/20/2025 13:30,May,3.970022503,3.994814484
5/20/2025 13:35,May,3.649920368,3.672349834
5/20/2025 13:40,May,3.738957745,3.761167061
5/20/2025 13:45,May,3.61949481,3.639473276
5/20/2025 13:50,May,3.636402144,3.655718519
5/20/2025 13:55,May,3.67395724,3.693861988
5/20/2025 14:00,May,3.675903406,3.695050731
5/20/2025 14:05,May,3.714011962,3.733379984
5/20/2025 14:10,May,4.28345403,4.309771201
5/20/2025 14:15,May,4.763402669,4.792702164
5/20/2025 14:20,May,3.880299033,3.902905852
5/20/2025 14:25,May,3.71670738,3.735646509
5/20/2025 14:30,May,4.288806675,4.311109362
5/20/2025 14:35,May,7.298274332,7.331648274
5/20/2025 14:40,May,7.251011736,7.285683934
5/20/2025 14:45,May,7.202199076,7.236641446
5/20/2025 14:50,May,8.005823022,8.042424873
5/20/2025 14:55,May,8.007487521,8.044093178
5/20/2025 15:00,May,7.997506234,8.04156276
5/20/2025 15:05,May,11.09295097,11.15637221
5/20/2025 15:10,May,8.001663375,8.048237863
5/20/2025 15:15,May,7.998334894,8.05328338
5/20/2025 15:20,May,15.6494997,15.76676101
5/20/2025 15:25,May,13.72810695,13.81674917
5/20/2025 15:30,May,12.6341007,12.71451391
5/20/2025 15:35,May,15.40675968,15.50002678
5/20/2025 15:40,May,13.69618679,13.76897812
5/20/2025 15:45,May,15.423302,15.52467582
5/20/2025 15:50,May,12.91479821,12.97264574
5/20/2025 15:55,May,12.70619009,12.76309138
5/20/2025 16:00,May,7.997509857,8.027391575
5/20/2025 16:05,May,8.034876479,8.04235001
5/20/2025 16:10,May,7.246954064,7.268678445
5/20/2025 16:15,May,8.495520058,8.520076118
5/20/2025 16:20,May,8.036472904,8.058025075
5/20/2025 16:25,May,8.031479756,8.05384695
5/20/2025 16:30,May,5.301313984,5.315507595
5/20/2025 16:35,May,6.624293809,6.626333937
5/20/2025 16:40,May,6.634238346,6.63355819
5/20/2025 16:45,May,4.739453925,4.74285661
5/20/2025 16:50,May,3.712368596,3.712748533
5/20/2025 16:55,May,3.651207634,3.647480771
5/20/2025 17:00,May,3.523350848,3.517962363
5/20/2025 17:05,May,2.902233088,2.894552878
5/20/2025 17:10,May,2.902829352,2.894560024
5/20/2025 17:15,May,3.32642732,3.319654588
5/20/2025 17:20,May,3.331837905,3.322018464
5/20/2025 17:25,May,3.440572982,3.428700508
5/20/2025 17:30,May,3.386337146,3.372611998
5/20/2025 17:35,May,3.552052239,3.536585075
5/20/2025 17:40,May,3.546373234,3.52522974
5/20/2025 17:45,May,3.552844064,3.53060067
5/20/2025 17:50,May,3.564167397,3.537931215
5/20/2025 17:55,May,3.563470911,3.5347564
5/20/2025 18:00,May,3.571022554,3.540117055
5/20/2025 18:05,May,3.478094085,3.445578731
5/20/2025 18:10,May,3.542475099,3.509341218
5/20/2025 18:15,May,3.601857841,3.565966153
5/20/2025 18:20,May,4.689529703,4.643683666
5/20/2025 18:25,May,3.555945399,3.516653185
5/20/2025 18:30,May,4.693106704,4.64305949
5/20/2025 18:35,May,4.880097697,4.826098024
5/20/2025 18:40,May,4.885076299,4.829067177
5/20/2025 18:45,May,7.592193933,7.497606166
5/20/2025 18:50,May,4.885523879,4.825614952
5/20/2025 18:55,May,7.532265417,7.438424272
5/20/2025 19:00,May,4.816834575,4.757301752
5/20/2025 19:05,May,14.40026258,14.21658945
5/20/2025 19:10,May,8.29481574,8.189048511
5/20/2025 19:15,May,7.408351006,7.313925015
5/20/2025 19:20,May,6.792929651,6.705666002
5/20/2025 19:25,May,7.413155982,7.319403332
5/20/2025 19:30,May,4.955603087,4.893384286
5/20/2025 19:35,May,7.628743814,7.534419781
5/20/2025 19:40,May,5.010324249,4.947902848
5/20/2025 19:45,May,5.011445455,4.94895986
5/20/2025 19:50,May,7.415008074,7.321901494
5/20/2025 19:55,May,5.011331046,4.949413043
5/20/2025 20:00,May,4.820706652,4.759721808
5/20/2025 20:05,May,7.405974367,7.317852457
5/20/2025 20:10,May,4.448762181,4.396740365
5/20/2025 20:15,May,5.015833901,4.955682311
5/20/2025 20:20,May,7.538822944,7.448405696
5/20/2025 20:25,May,7.546346058,7.456608193
5/20/2025 20:30,May,12.75750415,12.60454264
5/20/2025 20:35,May,8.270084401,8.172553923
5/20/2025 20:40,May,8.265833333,8.17
5/20/2025 20:45,May,8.260751848,8.165781527
5/20/2025 20:50,May,8.259004789,8.164896939
5/20/2025 20:55,May,5.146408618,5.087773392
5/20/2025 21:00,May,5.145280415,5.087200249
5/20/2025 21:05,May,15.05303953,14.88115255
5/20/2025 21:10,May,13.99829994,13.8246798
5/20/2025 21:15,May,13.75680738,13.58214417
5/20/2025 21:20,May,12.6849001,12.52520502
5/20/2025 21:25,May,11.22407885,11.08280307
5/20/2025 21:30,May,11.46192053,11.31998796
5/20/2025 21:35,May,8.306116048,8.203240983
5/20/2025 21:40,May,8.30087756,8.198077727
5/20/2025 21:45,May,8.295677595,8.193777407
5/20/2025 21:50,May,8.290514453,8.189502244
5/20/2025 21:55,May,8.292988314,8.190317195
5/20/2025 22:00,May,7.439966636,7.350815893
5/20/2025 22:05,May,5.135328912,5.072350411
5/20/2025 22:10,May,7.381531375,7.288084881
5/20/2025 22:15,May,4.398614123,4.342516112
5/20/2025 22:20,May,4.788099024,4.725647647
5/20/2025 22:25,May,4.78992813,4.725582228
5/20/2025 22:30,May,4.281241589,4.222905865
5/20/2025 22:35,May,4.227200508,4.167960461
5/20/2025 22:40,May,4.252029178,4.192039573
5/20/2025 22:45,May,4.22913079,4.168654219
5/20/2025 22:50,May,4.098779471,4.037389863
5/20/2025 22:55,May,3.473197869,3.421188317
5/20/2025 23:00,May,3.473144386,3.420804586
5/20/2025 23:05,May,4.273240499,4.211992289
5/20/2025 23:10,May,4.246191988,4.184881285
5/20/2025 23:15,May,4.181014092,4.11902971
5/20/2025 23:20,May,4.189243749,4.127550819
5/20/2025 23:25,May,4.130944424,4.069325572
5/20/2025 23:30,May,3.587468828,3.532824548
5/20/2025 23:35,May,3.68527892,3.628440367
5/20/2025 23:40,May,3.590412242,3.534418609
5/20/2025 23:45,May,3.319805825,3.268058252
5/20/2025 23:50,May,3.480616388,3.425683076
5/20/2025 23:55,May,3.543535719,3.486929717
5/21/2025 0:00,May,3.48046721,3.424537954
5/21/2025 0:05,May,4.329910701,4.266446495
5/21/2025 0:10,May,4.381626998,4.318635879
5/21/2025 0:15,May,4.358841036,4.296133363
5/21/2025 0:20,May,4.426045172,4.366245812
5/21/2025 0:25,May,4.362559419,4.303599967
5/21/2025 0:30,May,4.326429061,4.268353257
5/21/2025 0:35,May,4.412459094,4.354042505
5/21/2025 0:40,May,4.524521478,4.468142576
5/21/2025 0:45,May,4.470793143,4.415491839
5/21/2025 0:50,May,4.532394914,4.477144265
5/21/2025 0:55,May,4.480444524,4.425405561
5/21/2025 1:00,May,4.405009614,4.350483318
5/21/2025 1:05,May,4.447078495,4.391597142
5/21/2025 1:10,May,4.430416209,4.373846241
5/21/2025 1:15,May,4.341862487,4.284715365
5/21/2025 1:20,May,4.322502644,4.263925039
5/21/2025 1:25,May,4.294129478,4.234247721
5/21/2025 1:30,May,3.514272646,3.465660433
5/21/2025 1:35,May,3.549498628,3.500050737
5/21/2025 1:40,May,3.549841163,3.500040202
5/21/2025 1:45,May,3.552038883,3.501146993
5/21/2025 1:50,May,3.551680489,3.500788599
5/21/2025 1:55,May,3.452467799,3.403674594
5/21/2025 2:00,May,2.475132726,2.440394898
5/21/2025 2:05,May,3.509359949,3.460136838
5/21/2025 2:10,May,3.447678041,3.400015893
5/21/2025 2:15,May,3.446181109,3.398554073
5/21/2025 2:20,May,3.396449464,3.350190316
5/21/2025 2:25,May,3.505931554,3.457493412
5/21/2025 2:30,May,3.445381155,3.398136565
5/21/2025 2:35,May,3.443511515,3.396658657
5/21/2025 2:40,May,3.427813252,3.381178687
5/21/2025 2:45,May,3.401038754,3.354392801
5/21/2025 2:50,May,2.920441803,2.880681855
5/21/2025 2:55,May,2.928818429,2.889531203
5/21/2025 3:00,May,2.932326698,2.893000344
5/21/2025 3:05,May,3.321582583,3.277705673
5/21/2025 3:10,May,2.929409274,2.891012097
5/21/2025 3:15,May,2.929114001,2.89131136
5/21/2025 3:20,May,3.381412552,3.337440554
5/21/2025 3:25,May,3.379316876,3.335703994
5/21/2025 3:30,May,3.378232208,3.334982663
5/21/2025 3:35,May,3.376832982,3.333937432
5/21/2025 3:40,May,3.374729728,3.332537099
5/21/2025 3:45,May,3.373332766,3.331153351
5/21/2025 3:50,May,3.317538719,3.275680201
5/21/2025 3:55,May,3.165086787,3.125471287
5/21/2025 4:00,May,3.163743038,3.124471628
5/21/2025 4:05,May,3.16634222,3.126734994
5/21/2025 4:10,May,3.375471218,3.333596991
5/21/2025 4:15,May,3.483531649,3.44068551
5/21/2025 4:20,May,3.379607034,3.338396467
5/21/2025 4:25,May,3.379619672,3.338404798
5/21/2025 4:30,May,3.379266451,3.338055884
5/21/2025 4:35,May,3.379960291,3.338745417
5/21/2025 4:40,May,3.378572756,3.337707044
5/21/2025 4:45,May,3.377513863,3.336660959
5/21/2025 4:50,May,3.377198182,3.336677252
5/21/2025 4:55,May,3.375106455,3.334602455
5/21/2025 5:00,May,3.374061247,3.333565706
5/21/2025 5:05,May,3.37436531,3.334222643
5/21/2025 5:10,May,3.410389746,3.370154231
5/21/2025 5:15,May,3.374729728,3.334918941
5/21/2025 5:20,May,3.374025117,3.334222643
5/21/2025 5:25,May,3.375069991,3.334918941
5/21/2025 5:30,May,3.372640559,3.332846394
5/21/2025 5:35,May,3.02236308,2.987318539
5/21/2025 5:40,May,3.156874198,3.124999458
5/21/2025 5:45,May,3.156185908,3.124646349
5/21/2025 5:50,May,3.154563047,3.123351822
5/21/2025 5:55,May,3.152613041,3.122051509
5/21/2025 6:00,May,2.904136919,2.876274567
5/21/2025 6:05,May,2.380316696,2.35938396
5/21/2025 6:10,May,2.282754752,2.263593279
5/21/2025 6:15,May,2.805001004,2.782842803
5/21/2025 6:20,May,2.801319486,2.780873972
5/21/2025 6:25,May,2.373168369,2.357271778
5/21/2025 6:30,May,0,0
5/21/2025 6:35,May,2.158873852,2.147681154
5/21/2025 6:40,May,2.266096523,2.255716399
5/21/2025 6:45,May,2.264494913,2.255726744
5/21/2025 6:50,May,2.26382414,2.255744001
5/21/2025 6:55,May,2.936524129,2.925732493
5/21/2025 7:00,May,2.888936278,2.880073604
5/21/2025 7:05,May,-2.02E-05,-2.02E-05
5/21/2025 7:10,May,0.000981813,0.000980506
5/21/2025 7:15,May,2.353989594,2.351093861
5/21/2025 7:20,May,2.148872138,2.148872138
5/21/2025 7:25,May,2.370713116,2.375357738
5/21/2025 7:30,May,3.032676195,3.041452933
5/21/2025 7:35,May,2.899794196,2.909700326
5/21/2025 7:40,May,3.080751019,3.092575478
5/21/2025 7:45,May,3.07917237,3.092927243
5/21/2025 7:50,May,3.075977176,3.089734927
5/21/2025 7:55,May,3.24316134,3.261066293
5/21/2025 8:00,May,3.440911046,3.460252068
5/21/2025 8:05,May,-1.95E-05,-1.97E-05
5/21/2025 8:10,May,2.693600559,2.71127363
5/21/2025 8:15,May,2.304745269,2.321300279
5/21/2025 8:20,May,2.686140716,2.706011104
5/21/2025 8:25,May,2.728895389,2.751086156
5/21/2025 8:30,May,2.856943938,2.881382641
5/21/2025 8:35,May,2.805905512,2.830213012
5/21/2025 8:40,May,2.831673889,2.855591051
5/21/2025 8:45,May,2.72448825,2.747495292
5/21/2025 8:50,May,2.725012047,2.748018716
5/21/2025 8:55,May,2.748967365,2.771884975
5/21/2025 9:00,May,2.832540301,2.856166953
5/21/2025 9:05,May,0,0
5/21/2025 9:10,May,0,0
5/21/2025 9:15,May,2.205052422,2.225025307
5/21/2025 9:20,May,2.72187808,2.746552811
5/21/2025 9:25,May,2.724943313,2.749645831
5/21/2025 9:30,May,2.710943102,2.737795317
5/21/2025 9:35,May,2.830297997,2.856255915
5/21/2025 9:40,May,2.831133159,2.856809025
5/21/2025 9:45,May,2.806489866,2.831678567
5/21/2025 9:50,May,2.79033105,2.815114554
5/21/2025 9:55,May,2.82198452,2.847070139
5/21/2025 10:00,May,2.821415911,2.846496475
5/21/2025 10:05,May,0.000000968,9.76E-07
5/21/2025 10:10,May,2.779946387,2.801433334
5/21/2025 10:15,May,2.803266352,2.824942601
5/21/2025 10:20,May,2.906637981,2.928227195
5/21/2025 10:25,May,2.851441814,2.872318388
5/21/2025 10:30,May,2.806749204,2.82759867
5/21/2025 10:35,May,2.822804247,2.843514476
5/21/2025 10:40,May,3.728812696,3.757751567
5/21/2025 10:45,May,3.433897323,3.459080436
5/21/2025 10:50,May,3.258700312,3.275734814
5/21/2025 10:55,May,2.950973605,2.966086242
5/21/2025 11:00,May,2.850359306,2.872167945
5/21/2025 11:05,May,2.124221976,2.140620101
5/21/2025 11:10,May,2.848108783,2.870085848
5/21/2025 11:15,May,2.237184088,2.253992734
5/21/2025 11:20,May,2.333009398,2.351038084
5/21/2025 11:25,May,2.712147086,2.733116565
5/21/2025 11:30,May,2.928038521,2.951269644
5/21/2025 11:35,May,2.852699755,2.875635735
5/21/2025 11:40,May,2.809984447,2.832877573
5/21/2025 11:45,May,2.809689906,2.831998351
5/21/2025 11:50,May,2.861174331,2.883268341
5/21/2025 11:55,May,2.841195137,2.863132579
5/21/2025 12:00,May,2.73501557,2.75612657
5/21/2025 12:05,May,2.232136284,2.249809204
5/21/2025 12:10,May,2.339266973,2.352392536
5/21/2025 12:15,May,2.794619918,2.810302083
5/21/2025 12:20,May,2.808408035,2.823882162
5/21/2025 12:25,May,2.744125389,2.759248468
5/21/2025 12:30,May,2.80432053,2.818626798
5/21/2025 12:35,May,2.804612495,2.818626798
5/21/2025 12:40,May,2.806947848,2.821257091
5/21/2025 12:45,May,2.820843762,2.835222348
5/21/2025 12:50,May,2.909541126,2.92376649
5/21/2025 12:55,May,2.867752126,2.882977543
5/21/2025 13:00,May,2.962727292,2.978453675
5/21/2025 13:05,May,3.77212674,3.800103445
5/21/2025 13:10,May,3.447238336,3.472077459
5/21/2025 13:15,May,3.726878877,3.754519992
5/21/2025 13:20,May,3.360402734,3.384242837
5/21/2025 13:25,May,3.448251994,3.472337991
5/21/2025 13:30,May,3.677841453,3.703158259
5/21/2025 13:35,May,3.709013964,3.735725369
5/21/2025 13:40,May,3.754432289,3.781874104
5/21/2025 13:45,May,3.768274692,3.795846473
5/21/2025 13:50,May,3.858933107,3.887977973
5/21/2025 13:55,May,3.760551235,3.788450832
5/21/2025 14:00,May,3.860093679,3.890386346
5/21/2025 14:05,May,4.805635594,4.845422348
5/21/2025 14:10,May,4.741346492,4.78159477
5/21/2025 14:15,May,7.946649995,8.015838283
5/21/2025 14:20,May,7.946622185,8.017514596
5/21/2025 14:25,May,3.866860247,3.90008
5/21/2025 14:30,May,7.30562395,7.371392155
5/21/2025 14:35,May,7.268109997,7.33352679
5/21/2025 14:40,May,7.962511715,8.03332292
5/21/2025 14:45,May,7.965010934,8.036655212
5/21/2025 14:50,May,7.974986972,8.049192288
5/21/2025 14:55,May,7.963340971,8.037492189
5/21/2025 15:00,May,7.97583585,8.054994271
5/21/2025 15:05,May,13.94222036,14.07307862
5/21/2025 15:10,May,7.994170917,8.068283543
5/21/2025 15:15,May,8.030917067,8.10695634
5/21/2025 15:20,May,10.28668748,10.37546725
5/21/2025 15:25,May,10.29947524,10.38086862
5/21/2025 15:30,May,8.026647236,8.083272614
5/21/2025 15:35,May,8.043310776,8.08828735
5/21/2025 15:40,May,8.042442526,8.086549464
5/21/2025 15:45,May,8.037433711,8.078194863
5/21/2025 15:50,May,8.042411642,8.074844075
5/21/2025 15:55,May,8.03240885,8.076451646
5/21/2025 16:00,May,4.72842612,4.751884979
5/21/2025 16:05,May,8.089148094,8.114142887
5/21/2025 16:10,May,4.937140282,4.945263083
5/21/2025 16:15,May,4.751691777,4.748770355
5/21/2025 16:20,May,4.907793276,4.902767374
5/21/2025 16:25,May,4.757991526,4.748745148
5/21/2025 16:30,May,8.145575543,8.126442758
5/21/2025 16:35,May,5.15432868,5.141698101
5/21/2025 16:40,May,7.327791367,7.309834762
5/21/2025 16:45,May,4.959683076,4.937963311
5/21/2025 16:50,May,4.649936935,4.630071474
5/21/2025 16:55,May,4.757699194,4.738331398
5/21/2025 17:00,May,3.731932384,3.715630769
5/21/2025 17:05,May,3.627719421,3.610793253
5/21/2025 17:10,May,3.21987116,3.209405352
5/21/2025 17:15,May,3.340718242,3.3288561
5/21/2025 17:20,May,3.446331937,3.437585789
5/21/2025 17:25,May,3.603883542,3.594014896
5/21/2025 17:30,May,3.605689012,3.592533564
5/21/2025 17:35,May,3.642096241,3.627716634
5/21/2025 17:40,May,3.65373247,3.636006661
5/21/2025 17:45,May,3.660164769,3.640210312
5/21/2025 17:50,May,3.684780024,3.663951551
5/21/2025 17:55,May,3.678843759,3.65583939
5/21/2025 18:00,May,4.238149775,4.212057008
5/21/2025 18:05,May,3.65743168,3.627250599
5/21/2025 18:10,May,3.671679408,3.638797594
5/21/2025 18:15,May,3.942144355,3.904842002
5/21/2025 18:20,May,5.146264637,5.096004098
5/21/2025 18:25,May,8.233733941,8.14753419
5/21/2025 18:30,May,8.251400125,8.157643642
5/21/2025 18:35,May,8.286517439,8.187402395
5/21/2025 18:40,May,8.26738634,8.163587295
5/21/2025 18:45,May,8.270792233,8.165299554
5/21/2025 18:50,May,8.261465034,8.157709068
5/21/2025 18:55,May,7.512249876,7.415677817
5/21/2025 19:00,May,5.210991638,5.143493101
5/21/2025 19:05,May,8.257098284,8.153926157
5/21/2025 19:10,May,7.516321383,7.420210547
5/21/2025 19:15,May,5.156674718,5.089731874
5/21/2025 19:20,May,4.805493317,4.743115712
5/21/2025 19:25,May,4.805417457,4.741635143
5/21/2025 19:30,May,4.805889778,4.742114021
5/21/2025 19:35,May,4.79602952,4.732384612
5/21/2025 19:40,May,4.794977587,4.730909673
5/21/2025 19:45,May,4.795970498,4.731882879
5/21/2025 19:50,May,5.154438984,5.086079098
5/21/2025 19:55,May,5.147901196,5.080131619
5/21/2025 20:00,May,4.805244471,4.739637278
5/21/2025 20:05,May,8.281901585,8.171809842
5/21/2025 20:10,May,8.279428631,8.169325409
5/21/2025 20:15,May,7.42721863,7.330644575
5/21/2025 20:20,May,7.585868502,7.485752769
5/21/2025 20:25,May,8.284492648,8.174366462
5/21/2025 20:30,May,8.292927186,8.181097434
5/21/2025 20:35,May,8.292835541,8.181040776
5/21/2025 20:40,May,4.831675119,4.765620855
5/21/2025 20:45,May,5.020246825,4.952589873
5/21/2025 20:50,May,7.425080295,7.323571356
5/21/2025 20:55,May,4.830557755,4.764545309
5/21/2025 21:00,May,4.778387195,4.712173978
5/21/2025 21:05,May,13.70661231,13.51649145
5/21/2025 21:10,May,8.343851557,8.228116155
5/21/2025 21:15,May,8.320234114,8.20735786
5/21/2025 21:20,May,8.315789474,8.203842941
5/21/2025 21:25,May,8.317460318,8.206349206
5/21/2025 21:30,May,8.316558781,8.204635623
5/21/2025 21:35,May,8.312186978,8.20033389
5/21/2025 21:40,May,4.802297579,4.737206196
5/21/2025 21:45,May,4.814704301,4.750862918
5/21/2025 21:50,May,4.80032781,4.735745086
5/21/2025 21:55,May,4.401466836,4.341390613
5/21/2025 22:00,May,4.795390922,4.729443466
5/21/2025 22:05,May,8.32474173,8.2078681
5/21/2025 22:10,May,7.872101757,7.759214617
5/21/2025 22:15,May,7.37946822,7.273709154
5/21/2025 22:20,May,4.449099701,4.384025712
5/21/2025 22:25,May,4.459962414,4.395169853
5/21/2025 22:30,May,4.339018555,4.274302462
5/21/2025 22:35,May,4.270718325,4.204535428
5/21/2025 22:40,May,4.252662494,4.186367366
5/21/2025 22:45,May,4.274921446,4.210001068
5/21/2025 22:50,May,4.277056985,4.212136607
5/21/2025 22:55,May,4.21496008,4.149739074
5/21/2025 23:00,May,3.672665603,3.615869916
5/21/2025 23:05,May,8.346262415,8.224150549
5/21/2025 23:10,May,7.834637105,7.7199992
5/21/2025 23:15,May,4.58179947,4.514312042
5/21/2025 23:20,May,4.474780159,4.408427343
5/21/2025 23:25,May,4.326299826,4.260907306
5/21/2025 23:30,May,4.294515381,4.229160321
5/21/2025 23:35,May,4.250447943,4.184140955
5/21/2025 23:40,May,3.688446601,3.629835467
5/21/2025 23:45,May,3.673598273,3.614902874
5/21/2025 23:50,May,3.591293686,3.534283333
5/21/2025 23:55,May,3.541222089,3.485382459
5/22/2025 0:00,May,3.540104984,3.48428297
5/22/2025 0:05,May,4.249917812,4.187644829
5/22/2025 0:10,May,4.268902075,4.207102346
5/22/2025 0:15,May,4.394151211,4.329180357
5/22/2025 0:20,May,4.371728989,4.306991993
5/22/2025 0:25,May,4.301888629,4.238147309
5/22/2025 0:30,May,4.332847904,4.269451038
5/22/2025 0:35,May,4.390383241,4.326960188
5/22/2025 0:40,May,4.372309367,4.310397431
5/22/2025 0:45,May,4.420207626,4.358007904
5/22/2025 0:50,May,4.426871121,4.366284381
5/22/2025 0:55,May,4.36472954,4.305836466
5/22/2025 1:00,May,4.331723343,4.272871987
5/22/2025 1:05,May,4.436393288,4.377001411
5/22/2025 1:10,May,4.372788098,4.314714776
5/22/2025 1:15,May,4.369653197,4.311656787
5/22/2025 1:20,May,4.365582911,4.308978919
5/22/2025 1:25,May,4.330524122,4.274397442
5/22/2025 1:30,May,4.348575562,4.29311802
5/22/2025 1:35,May,4.346217248,4.288607771
5/22/2025 1:40,May,4.339445232,4.281076885
5/22/2025 1:45,May,4.34157606,4.282757822
5/22/2025 1:50,May,4.283749554,4.224872349
5/22/2025 1:55,May,4.253405467,4.194109583
5/22/2025 2:00,May,3.656254456,3.605303924
5/22/2025 2:05,May,3.772237867,3.720819035
5/22/2025 2:10,May,3.770261447,3.719625804
5/22/2025 2:15,May,3.755138206,3.705853201
5/22/2025 2:20,May,3.752654639,3.703815611
5/22/2025 2:25,May,3.750256711,3.702593574
5/22/2025 2:30,May,3.517399624,3.473418828
5/22/2025 2:35,May,3.642168635,3.596641527
5/22/2025 2:40,May,3.455524201,3.412678488
5/22/2025 2:45,May,3.454399515,3.411576381
5/22/2025 2:50,May,3.51204863,3.468532766
5/22/2025 2:55,May,3.451017014,3.408265972
5/22/2025 3:00,May,3.449897182,3.407516006
5/22/2025 3:05,May,3.446982097,3.404988054
5/22/2025 3:10,May,3.509804975,3.466674817
5/22/2025 3:15,May,3.509372817,3.465911998
5/22/2025 3:20,May,3.508603589,3.465514235
5/22/2025 3:25,May,3.507497472,3.464774783
5/22/2025 3:30,May,3.508219217,3.465845155
5/22/2025 3:35,May,3.507450958,3.46580064
5/22/2025 3:40,May,3.504843146,3.463232169
5/22/2025 3:45,May,3.443637407,3.403095489
5/22/2025 3:50,May,2.935150357,2.9008902
5/22/2025 3:55,May,3.36681153,3.327516819
5/22/2025 4:00,May,3.366120272,3.3275071
5/22/2025 4:05,May,3.412963495,3.373477499
5/22/2025 4:10,May,3.497487213,3.457023327
5/22/2025 4:15,May,3.517970946,3.477611814
5/22/2025 4:20,May,3.499700848,3.459559395
5/22/2025 4:25,May,3.497120984,3.457013158
5/22/2025 4:30,May,3.496388756,3.455937579
5/22/2025 4:35,May,3.493532794,3.453445956
5/22/2025 4:40,May,3.431506329,3.392111392
5/22/2025 4:45,May,3.414133786,3.374598453
5/22/2025 4:50,May,3.357408339,3.318533797
5/22/2025 4:55,May,3.356043501,3.31717302
5/22/2025 5:00,May,3.355004346,3.316141987
5/22/2025 5:05,May,3.484858079,3.44414466
5/22/2025 5:10,May,3.425414474,3.385054605
5/22/2025 5:15,May,3.425082235,3.384028167
5/22/2025 5:20,May,3.423689693,3.382294956
5/22/2025 5:25,May,2.962988088,2.929521502
5/22/2025 5:30,May,2.181668967,2.157692165
5/22/2025 5:35,May,2.389383375,2.364069556
5/22/2025 5:40,May,2.823181773,2.794676302
5/22/2025 5:45,May,2.387204531,2.363098659
5/22/2025 5:50,May,2.902635961,2.873905699
5/22/2025 5:55,May,2.901730867,2.873595713
5/22/2025 6:00,May,2.950759315,2.922441088
5/22/2025 6:05,May,2.172981507,2.153652449
5/22/2025 6:10,May,2.506671263,2.485365952
5/22/2025 6:15,May,2.803081687,2.780382372
5/22/2025 6:20,May,2.801095497,2.779814889
5/22/2025 6:25,May,2.375547977,2.35845424
5/22/2025 6:30,May,2.796852273,2.777837651
5/22/2025 6:35,May,2.372465321,2.357527487
5/22/2025 6:40,May,2.789456417,2.773852257
5/22/2025 6:45,May,2.785489718,2.77215387
5/22/2025 6:50,May,2.365837563,2.356422495
5/22/2025 6:55,May,2.362235206,2.355715031
5/22/2025 7:00,May,2.252945206,2.248793587
5/22/2025 7:05,May,-2.01E-05,-2.01E-05
5/22/2025 7:10,May,2.24738131,2.24738131
5/22/2025 7:15,May,2.764782835,2.765918037
5/22/2025 7:20,May,2.761107133,2.764230558
5/22/2025 7:25,May,2.755441101,2.762260094
5/22/2025 7:30,May,2.865997479,2.874286698
5/22/2025 7:35,May,2.751199802,2.760587621
5/22/2025 7:40,May,2.835233686,2.846686209
5/22/2025 7:45,May,2.843849843,2.856826032
5/22/2025 7:50,May,2.870284966,2.884889739
5/22/2025 7:55,May,3.221760144,3.239522891
5/22/2025 8:00,May,3.230979691,3.251183837
5/22/2025 8:05,May,-9.89E-06,-9.96E-06
5/22/2025 8:10,May,2.685460151,2.707033488
5/22/2025 8:15,May,2.730710233,2.753223916
5/22/2025 8:20,May,2.727579869,2.750933899
5/22/2025 8:25,May,3.768149867,3.801656797
5/22/2025 8:30,May,2.815547675,2.840870526
5/22/2025 8:35,May,2.32716447,2.34738797
5/22/2025 8:40,May,2.722604595,2.74568476
5/22/2025 8:45,May,2.2123252,2.231749818
5/22/2025 8:50,May,2.673463383,2.696944241
5/22/2025 8:55,May,2.707535215,2.731024859
5/22/2025 9:00,May,2.571933388,2.594239602
5/22/2025 9:05,May,0,0
5/22/2025 9:10,May,0,0
5/22/2025 9:15,May,2.123042804,2.14160203
5/22/2025 9:20,May,2.674644167,2.697485327
5/22/2025 9:25,May,2.77131813,2.794419667
5/22/2025 9:30,May,2.719678848,2.741785449
5/22/2025 9:35,May,2.68329982,2.704291527
5/22/2025 9:40,May,2.71855187,2.740649311
5/22/2025 9:45,May,2.80650081,2.829034758
5/22/2025 9:50,May,2.720511456,2.742645585
5/22/2025 9:55,May,2.721917046,2.743790101
5/22/2025 10:00,May,2.796394132,2.819174157
5/22/2025 10:05,May,2.33043744,2.349577117
5/22/2025 10:10,May,2.727610142,2.749446905
5/22/2025 10:15,May,2.728175301,2.750302542
5/22/2025 10:20,May,2.814391916,2.836383934
5/22/2025 10:25,May,2.743009927,2.760128774
5/22/2025 10:30,May,2.817909357,2.834635467
5/22/2025 10:35,May,2.898888404,2.916095176
5/22/2025 10:40,May,3.436505602,3.457932427
5/22/2025 10:45,May,2.74786503,2.766766447
5/22/2025 10:50,May,2.862716,2.882709951
5/22/2025 10:55,May,2.867453354,2.883574382
5/22/2025 11:00,May,3.237060357,3.256280402
5/22/2025 11:05,May,3.089807271,3.108154913
5/22/2025 11:10,May,3.238073696,3.257978504
5/22/2025 11:15,May,3.100372484,3.119430827
5/22/2025 11:20,May,3.237399802,3.256973365
5/22/2025 11:25,May,2.895682598,2.91320107
5/22/2025 11:30,May,2.950180467,2.968036093
5/22/2025 11:35,May,2.892703121,2.910198093
5/22/2025 11:40,May,2.865258758,2.883190908
5/22/2025 11:45,May,2.862618097,2.880541199
5/22/2025 11:50,May,2.900444096,2.91828647
5/22/2025 11:55,May,2.864111414,2.882034514
5/22/2025 12:00,May,2.816438118,2.834947987
5/22/2025 12:05,May,0,0
5/22/2025 12:10,May,1.540170765,1.550108385
5/22/2025 12:15,May,2.336602857,2.351191429
5/22/2025 12:20,May,2.72817056,2.744919994
5/22/2025 12:25,May,2.336570848,2.351872715
5/22/2025 12:30,May,2.670312048,2.687521959
5/22/2025 12:35,May,2.339072397,2.353191057
5/22/2025 12:40,May,2.729022226,2.744919994
5/22/2025 12:45,May,2.817032603,2.833150027
5/22/2025 12:50,May,2.741281897,2.757259393
5/22/2025 12:55,May,2.841401623,2.857367876
5/22/2025 13:00,May,3.237058144,3.255249542
5/22/2025 13:05,May,3.244823201,3.262370081
5/22/2025 13:10,May,3.262095737,3.278039841
5/22/2025 13:15,May,7.970124481,8.017427386
5/22/2025 13:20,May,7.369044244,7.41359804
5/22/2025 13:25,May,5.966872167,6.002352212
5/22/2025 13:30,May,5.370250222,5.401609347
5/22/2025 13:35,May,3.871385111,3.895634313
5/22/2025 13:40,May,3.683071617,3.701888269
5/22/2025 13:45,May,3.780408062,3.79932784
5/22/2025 13:50,May,3.774721892,3.792010095
5/22/2025 13:55,May,3.765972194,3.783222119
5/22/2025 14:00,May,3.862258116,3.879559616
5/22/2025 14:05,May,7.974220374,8.011642412
5/22/2025 14:10,May,5.350228178,5.378143383
5/22/2025 14:15,May,7.147183013,7.186732053
5/22/2025 14:20,May,7.150120972,7.191170727
5/22/2025 14:25,May,4.625644737,4.652198381
5/22/2025 14:30,May,5.357786903,5.386847602
5/22/2025 14:35,May,5.960752361,5.993066698
5/22/2025 14:40,May,5.968074154,6.001043503
5/22/2025 14:45,May,6.570156566,6.60645199
5/22/2025 14:50,May,7.16588152,7.206168621
5/22/2025 14:55,May,6.567127692,6.604044712
5/22/2025 15:00,May,4.194842993,4.217100274
5/22/2025 15:05,May,13.89067837,13.96437281
5/22/2025 15:10,May,7.99916909,8.038221853
5/22/2025 15:15,May,8.654674108,8.692346024
5/22/2025 15:20,May,8.040816327,8.082465639
5/22/2025 15:25,May,8.650224215,8.697757848
5/22/2025 15:30,May,14.74116827,14.81905882
5/22/2025 15:35,May,13.12560225,13.19358238
5/22/2025 15:40,May,8.542123367,8.585479907
5/22/2025 15:45,May,10.4869435,10.53583621
5/22/2025 15:50,May,8.037484382,8.074135777
5/22/2025 15:55,May,8.509761904,8.547677121
5/22/2025 16:00,May,7.225407268,7.25758671
5/22/2025 16:05,May,8.033215694,8.05978825
5/22/2025 16:10,May,15.50873063,15.53431468
5/22/2025 16:15,May,10.54786835,10.55439616
5/22/2025 16:20,May,8.697697598,8.703079837
5/22/2025 16:25,May,8.053123055,8.061423532
5/22/2025 16:30,May,8.067310689,8.076451646
5/22/2025 16:35,May,8.06005759,8.066639243
5/22/2025 16:40,May,8.079101864,8.087341642
5/22/2025 16:45,May,11.09596789,11.09936843
5/22/2025 16:50,May,8.872455112,8.858910758
5/22/2025 16:55,May,8.133099101,8.124005374
5/22/2025 17:00,May,4.751734536,4.744975998
5/22/2025 17:05,May,4.734429252,4.728647332
5/22/2025 17:10,May,4.204668536,4.192279246
5/22/2025 17:15,May,4.695496547,4.678800176
5/22/2025 17:20,May,4.751225517,4.732407827
5/22/2025 17:25,May,4.744347748,4.721251532
5/22/2025 17:30,May,8.189565579,8.143005612
5/22/2025 17:35,May,8.17672682,8.127774321
5/22/2025 17:40,May,7.563999195,7.517184671
5/22/2025 17:45,May,8.180157742,8.129514321
5/22/2025 17:50,May,8.191900312,8.135410177
5/22/2025 17:55,May,8.198525594,8.137057419
5/22/2025 18:00,May,8.195931922,8.134495641
5/22/2025 18:05,May,7.740421421,7.676315315
5/22/2025 18:10,May,4.744609655,4.704903807
5/22/2025 18:15,May,3.860362311,3.827297942
5/22/2025 18:20,May,4.908892399,4.866876907
5/22/2025 18:25,May,8.869578164,8.789181141
5/22/2025 18:30,May,9.203868787,9.116689861
5/22/2025 18:35,May,10.59074053,10.48500401
5/22/2025 18:40,May,10.61780962,10.49045156
5/22/2025 18:45,May,10.63752391,10.50022402
5/22/2025 18:50,May,10.65519974,10.51112338
5/22/2025 18:55,May,8.984856033,8.861552257
5/22/2025 19:00,May,9.378204646,9.250461973
5/22/2025 19:05,May,14.83123697,14.63095623
5/22/2025 19:10,May,14.55714958,14.35747511
5/22/2025 19:15,May,12.67420221,12.4964488
5/22/2025 19:20,May,10.86424066,10.70743945
5/22/2025 19:25,May,11.41931442,11.25218001
5/22/2025 19:30,May,11.1580887,10.99365134
5/22/2025 19:35,May,13.13742539,12.94791144
5/22/2025 19:40,May,9.436360312,9.301242518
5/22/2025 19:45,May,14.43644782,14.22684423
5/22/2025 19:50,May,12.67573062,12.49296903
5/22/2025 19:55,May,12.6857703,12.50165915
5/22/2025 20:00,May,11.05174173,10.88560881
5/22/2025 20:05,May,14.85994048,14.65650259
5/22/2025 20:10,May,14.75772958,14.55418494
5/22/2025 20:15,May,14.67712562,14.47467232
5/22/2025 20:20,May,13.84599618,13.65502653
5/22/2025 20:25,May,12.83830088,12.65995525
5/22/2025 20:30,May,14.80202175,14.6041258
5/22/2025 20:35,May,14.78662631,14.58893619
5/22/2025 20:40,May,14.68093142,14.48018673
5/22/2025 20:45,May,14.50328512,14.30488975
5/22/2025 20:50,May,13.94139933,13.74924926
5/22/2025 20:55,May,12.86624011,12.68759627
5/22/2025 21:00,May,12.77857491,12.58652249
5/22/2025 21:05,May,12.76352376,12.57310022
5/22/2025 21:10,May,12.68882342,12.49426061
5/22/2025 21:15,May,12.66160431,12.46612243
5/22/2025 21:20,May,14.14669971,13.93280948
5/22/2025 21:25,May,13.85048227,13.63954704
5/22/2025 21:30,May,12.84376849,12.64698865
5/22/2025 21:35,May,11.77489302,11.59074324
5/22/2025 21:40,May,11.25570004,11.0807704
5/22/2025 21:45,May,10.2846065,10.12051806
5/22/2025 21:50,May,9.430025404,9.280433205
5/22/2025 21:55,May,8.94731284,8.810009301
5/22/2025 22:00,May,8.346801347,8.227272727
5/22/2025 22:05,May,8.958322335,8.836556979
5/22/2025 22:10,May,8.35064116,8.237124238
5/22/2025 22:15,May,8.355069415,8.242322255
5/22/2025 22:20,May,8.341033179,8.228475431
5/22/2025 22:25,May,8.332284456,8.222362073
5/22/2025 22:30,May,7.511006768,7.414207648
5/22/2025 22:35,May,8.306052054,8.199017456
5/22/2025 22:40,May,4.934477758,4.870890408
5/22/2025 22:45,May,4.878841063,4.816965474
5/22/2025 22:50,May,4.3575,4.300470402
5/22/2025 22:55,May,3.681367906,3.632802025
5/22/2025 23:00,May,3.664624712,3.616663249
5/22/2025 23:05,May,14.31875542,14.13247875
5/22/2025 23:10,May,14.04683199,13.85501302
5/22/2025 23:15,May,11.49068071,11.32409846
5/22/2025 23:20,May,8.379980874,8.257570928
5/22/2025 23:25,May,8.365913191,8.243659132
5/22/2025 23:30,May,7.608458422,7.500547959
5/22/2025 23:35,May,4.156018549,4.098395379
5/22/2025 23:40,May,4.579313287,4.514907282
5/22/2025 23:45,May,4.312483128,4.251399798
5/22/2025 23:50,May,4.164259148,4.104884031
5/22/2025 23:55,May,3.579691849,3.528646486
5/23/2025 0:00,May,3.56181704,3.510306134
5/23/2025 0:05,May,4.221671556,4.161453479
5/23/2025 0:10,May,4.363372986,4.29934859
5/23/2025 0:15,May,4.357818979,4.292941585
5/23/2025 0:20,May,4.440921614,4.374827104
5/23/2025 0:25,May,3.687858151,3.630626962
5/23/2025 0:30,May,3.539761872,3.484122171
5/23/2025 0:35,May,3.670915466,3.613225929
5/23/2025 0:40,May,3.576683985,3.520475324
5/23/2025 0:45,May,3.563347413,3.506998483
5/23/2025 0:50,May,3.573198688,3.517061875
5/23/2025 0:55,May,3.664190193,3.605497771
5/23/2025 1:00,May,3.543828386,3.487075407
5/23/2025 1:05,May,4.092441018,4.029818542
5/23/2025 1:10,May,4.236156296,4.174831094
5/23/2025 1:15,May,4.212766688,4.153041388
5/23/2025 1:20,May,4.255966359,4.199128281
5/23/2025 1:25,May,4.267871942,4.212613232
5/23/2025 1:30,May,4.46960009,4.413622875
5/23/2025 1:35,May,4.565565895,4.508842197
5/23/2025 1:40,May,4.57445767,4.519020897
5/23/2025 1:45,May,4.826248444,4.769749825
5/23/2025 1:50,May,4.835536596,4.779428564
5/23/2025 1:55,May,4.837826134,4.782174047
5/23/2025 2:00,May,4.666973124,4.611856959
5/23/2025 2:05,May,4.67365864,4.61847466
5/23/2025 2:10,May,4.668663839,4.613538834
5/23/2025 2:15,May,4.666945735,4.612793907
5/23/2025 2:20,May,4.395421121,4.343971186
5/23/2025 2:25,May,4.467871405,4.415143852
5/23/2025 2:30,May,4.505426388,4.45180118
5/23/2025 2:35,May,4.467898971,4.415627032
5/23/2025 2:40,May,4.457177186,4.404575841
5/23/2025 2:45,May,4.393411524,4.340222523
5/23/2025 2:50,May,4.344688464,4.292960764
5/23/2025 2:55,May,4.336120669,4.283182459
5/23/2025 3:00,May,4.297611882,4.24468349
5/23/2025 3:05,May,4.28868811,4.236281398
5/23/2025 3:10,May,4.074934037,4.024717678
5/23/2025 3:15,May,3.845147915,3.797748901
5/23/2025 3:20,May,3.840048165,3.792707232
5/23/2025 3:25,May,3.670623145,3.62574184
5/23/2025 3:30,May,3.512901779,3.470308244
5/23/2025 3:35,May,3.513256725,3.47066319
5/23/2025 3:40,May,3.514709214,3.472106678
5/23/2025 3:45,May,3.517310775,3.475031989
5/23/2025 3:50,May,3.515435689,3.473538768
5/23/2025 3:55,May,3.516905691,3.474640313
5/23/2025 4:00,May,3.514643819,3.473123895
5/23/2025 4:05,May,4.29544239,4.245117037
5/23/2025 4:10,May,3.846706749,3.801634225
5/23/2025 4:15,May,3.64248233,3.598694533
5/23/2025 4:20,May,3.837301475,3.791162355
5/23/2025 4:25,May,3.644811843,3.599882365
5/23/2025 4:30,May,3.634486597,3.590051629
5/23/2025 4:35,May,3.659746434,3.615002641
5/23/2025 4:40,May,3.633724091,3.5896656
5/23/2025 4:45,May,3.634119366,3.589317167
5/23/2025 4:50,May,3.65668884,3.611973393
5/23/2025 4:55,May,3.642858496,3.597948559
5/23/2025 5:00,May,3.633738112,3.588940613
5/23/2025 5:05,May,3.840052247,3.793094559
5/23/2025 5:10,May,3.735783186,3.692313079
5/23/2025 5:15,May,3.734997968,3.691914919
5/23/2025 5:20,May,3.836962673,3.793091704
5/23/2025 5:25,May,3.837742998,3.793479268
5/23/2025 5:30,May,3.55721782,3.516545392
5/23/2025 5:35,May,3.71315367,3.671074017
5/23/2025 5:40,May,3.527132428,3.487160878
5/23/2025 5:45,May,0.169702088,0.167950812
5/23/2025 5:50,May,3.334582245,3.300838243
5/23/2025 5:55,May,3.402096071,3.368360827
5/23/2025 6:00,May,3.400304124,3.366249485
5/23/2025 6:05,May,3.458277859,3.425721948
5/23/2025 6:10,May,3.458669081,3.426800016
5/23/2025 6:15,May,3.457247951,3.426786074
5/23/2025 6:20,May,3.394055667,3.366210178
5/23/2025 6:25,May,0,0
5/23/2025 6:30,May,2.375526268,2.359159927
5/23/2025 6:35,May,2.163415216,2.150041855
5/23/2025 6:40,May,2.877732327,2.86168495
5/23/2025 6:45,May,3.301350325,3.284604103
5/23/2025 6:50,May,3.482836264,3.466921598
5/23/2025 6:55,May,3.47892141,3.4658401
5/23/2025 7:00,May,3.478962422,3.46622804
5/23/2025 7:05,May,0,0
5/23/2025 7:10,May,2.15043194,2.147146497
5/23/2025 7:15,May,3.279858687,3.277517125
5/23/2025 7:20,May,3.275497416,3.276166226
5/23/2025 7:25,May,3.342234677,3.34565
5/23/2025 7:30,May,3.398110527,3.402625135
5/23/2025 7:35,May,3.335705359,3.341845322
5/23/2025 7:40,May,3.486328822,3.494176896
5/23/2025 7:45,May,3.485285474,3.494920235
5/23/2025 7:50,May,3.457822555,3.468804268
5/23/2025 7:55,May,4.952050794,4.970331539
5/23/2025 8:00,May,3.774898514,3.790394813
5/23/2025 8:05,May,0,0
5/23/2025 8:10,May,2.341531199,2.352343811
5/23/2025 8:15,May,3.381093929,3.39776325
5/23/2025 8:20,May,3.441816132,3.45985463
5/23/2025 8:25,May,3.381815654,3.400939637
5/23/2025 8:30,May,9.75E-07,9.81E-07
5/23/2025 8:35,May,2.13385853,2.147686249
5/23/2025 8:40,May,0,0
5/23/2025 8:45,May,2.125864135,2.141612897
5/23/2025 8:50,May,2.82344816,2.844082727
5/23/2025 8:55,May,2.821703765,2.842041416
5/23/2025 9:00,May,3.235699907,3.258697774
5/23/2025 9:05,May,0,0
5/23/2025 9:10,May,2.126957799,2.144018958
5/23/2025 9:15,May,2.32895605,2.347631754
5/23/2025 9:20,May,2.722102856,2.743937906
5/23/2025 9:25,May,2.723494509,2.744784942
5/23/2025 9:30,May,2.722377747,2.743381587
5/23/2025 9:35,May,2.722654098,2.743664393
5/23/2025 9:40,May,2.723493361,2.743104979
5/23/2025 9:45,May,2.72405042,2.743387815
5/23/2025 9:50,May,2.724887154,2.744232479
5/23/2025 9:55,May,2.726560177,2.746769393
5/23/2025 10:00,May,2.812724287,2.832403807
5/23/2025 10:05,May,0,0
5/23/2025 10:10,May,0.172149085,0.173443039
5/23/2025 10:15,May,2.333593391,2.349687139
5/23/2025 10:20,May,2.334322791,2.35090213
5/23/2025 10:25,May,3.229047255,3.251658234
5/23/2025 10:30,May,2.81214316,2.831828741
5/23/2025 10:35,May,3.755974001,3.782669737
5/23/2025 10:40,May,3.231371777,3.254003694
5/23/2025 10:45,May,3.231701823,3.252689063
5/23/2025 10:50,May,3.231369721,3.252350479
5/23/2025 10:55,May,3.231702749,3.253016535
5/23/2025 11:00,May,3.231370407,3.253012764
5/23/2025 11:05,May,0,0
5/23/2025 11:10,May,2.335560889,2.35167982
5/23/2025 11:15,May,2.336539033,2.352425669
5/23/2025 11:20,May,2.813004799,2.832131029
5/23/2025 11:25,May,2.81358313,2.832713293
5/23/2025 11:30,May,3.227385435,3.24966161
5/23/2025 11:35,May,3.229708693,3.252003199
5/23/2025 11:40,May,3.228381577,3.251327429
5/23/2025 11:45,May,0,0
5/23/2025 11:50,May,2.335058661,2.352127451
5/23/2025 11:55,May,0,0
5/23/2025 12:00,May,2.334815273,2.353324567
5/23/2025 12:05,May,0,0
5/23/2025 12:10,May,2.208858056,2.226137852
5/23/2025 12:15,May,2.208633528,2.225909788
5/23/2025 12:20,May,2.717915835,2.739455514
5/23/2025 12:25,May,2.334821238,2.352372669
5/23/2025 12:30,May,2.716229861,2.736938805
5/23/2025 12:35,May,2.715668212,2.736099396
5/23/2025 12:40,May,2.717890042,2.738061992
5/23/2025 12:45,May,2.719279813,2.73946624
5/23/2025 12:50,May,3.444126168,3.46899094
5/23/2025 12:55,May,3.442310814,3.465022968
5/23/2025 13:00,May,3.677840358,3.703236143
5/23/2025 13:05,May,3.678091425,3.704977504
5/23/2025 13:10,May,3.673827715,3.700307116
5/23/2025 13:15,May,3.631495408,3.657301091
5/23/2025 13:20,May,3.646121722,3.672409549
5/23/2025 13:25,May,3.639207055,3.665436925
5/23/2025 13:30,May,3.65333779,3.678528037
5/23/2025 13:35,May,3.673249313,3.698193696
5/23/2025 13:40,May,3.685370909,3.710774185
5/23/2025 13:45,May,3.752604683,3.779618497
5/23/2025 13:50,May,3.751116259,3.778122135
5/23/2025 13:55,May,3.743744525,3.770702875
5/23/2025 14:00,May,3.767014947,3.794517062
5/23/2025 14:05,May,4.208320292,4.231623132
5/23/2025 14:10,May,4.169098078,4.192188467
5/23/2025 14:15,May,4.181731154,4.204891511
5/23/2025 14:20,May,4.587124803,4.612065059
5/23/2025 14:25,May,4.982992409,5.010079445
5/23/2025 14:30,May,6.413015775,6.447858403
5/23/2025 14:35,May,13.47749877,13.56435254
5/23/2025 14:40,May,8.000819085,8.049964165
5/23/2025 14:45,May,8.006556705,8.056551583
5/23/2025 14:50,May,11.58362989,11.64650059
5/23/2025 14:55,May,8.02052124,8.064026267
5/23/2025 15:00,May,8.018053134,8.062365371
5/23/2025 15:05,May,4.580709072,4.608394161
5/23/2025 15:10,May,6.475349306,6.518469653
5/23/2025 15:15,May,4.534211724,4.559308836
5/23/2025 15:20,May,6.464337154,6.495431601
5/23/2025 15:25,May,6.478750009,6.505258806
5/23/2025 15:30,May,6.478121011,6.504619103
5/23/2025 15:35,May,8.022962583,8.055766274
5/23/2025 15:40,May,6.497169531,6.521078159
5/23/2025 15:45,May,6.494553728,6.517784119
5/23/2025 15:50,May,6.50050254,6.521750352
5/23/2025 15:55,May,6.501178761,6.521094554
5/23/2025 16:00,May,5.09442068,5.108982111
5/23/2025 16:05,May,6.487417808,6.508609863
5/23/2025 16:10,May,8.075774735,8.100483888
5/23/2025 16:15,May,6.532971644,6.547613594
5/23/2025 16:20,May,6.534322091,6.544963226
5/23/2025 16:25,May,6.550268877,6.554264567
5/23/2025 16:30,May,6.552264829,6.555595247
5/23/2025 16:35,May,6.540951882,6.551603814
5/23/2025 16:40,May,6.550256223,6.559589922
5/23/2025 16:45,May,8.094640469,8.09628639
5/23/2025 16:50,May,6.16633861,6.166965398
5/23/2025 16:55,May,5.630535697,5.625958026
5/23/2025 17:00,May,4.651233337,4.645558217
5/23/2025 17:05,May,4.368898539,4.359107791
5/23/2025 17:10,May,3.602786183,3.593615988
5/23/2025 17:15,May,3.608643731,3.593606187
5/23/2025 17:20,May,4.380730233,4.358048279
5/23/2025 17:25,May,4.438503436,4.413750071
5/23/2025 17:30,May,4.404198805,4.37741199
5/23/2025 17:35,May,3.698327807,3.676594979
5/23/2025 17:40,May,3.701906997,3.679034888
5/23/2025 17:45,May,4.223797081,4.198561231
5/23/2025 17:50,May,3.475402947,3.449348867
5/23/2025 17:55,May,3.590161469,3.561440178
5/23/2025 18:00,May,3.482195012,3.451890542
5/23/2025 18:05,May,3.483135842,3.450043588
5/23/2025 18:10,May,3.484896069,3.450043588
5/23/2025 18:15,May,3.57454451,3.539496414
5/23/2025 18:20,May,3.633213656,3.595788107
5/23/2025 18:25,May,4.070278726,4.025536856
5/23/2025 18:30,May,4.699915781,4.645436362
5/23/2025 18:35,May,4.768810079,4.712095748
5/23/2025 18:40,May,4.774127296,4.713062318
5/23/2025 18:45,May,6.668015829,6.582735063
5/23/2025 18:50,May,6.660896199,6.575009757
5/23/2025 18:55,May,4.822008216,4.760312161
5/23/2025 19:00,May,4.768610962,4.707591961
5/23/2025 19:05,May,4.79323213,4.733865747
5/23/2025 19:10,May,4.666834974,4.609045716
5/23/2025 19:15,May,4.672842372,4.615013656
5/23/2025 19:20,May,4.66236714,4.603723963
5/23/2025 19:25,May,4.791217285,4.729976887
5/23/2025 19:30,May,4.718561926,4.65726956
5/23/2025 19:35,May,4.788360267,4.725647509
5/23/2025 19:40,May,4.718816068,4.658403806
5/23/2025 19:45,May,4.787431317,4.724210198
5/23/2025 19:50,May,4.787922941,4.724212676
5/23/2025 19:55,May,4.800730328,4.736856082
5/23/2025 20:00,May,4.72321523,4.660391327
5/23/2025 20:05,May,14.10643079,13.92594351
5/23/2025 20:10,May,6.660417226,6.577052763
5/23/2025 20:15,May,6.657747755,6.571676478
5/23/2025 20:20,May,6.67280339,6.583158657
5/23/2025 20:25,May,6.671410225,6.582476055
5/23/2025 20:30,May,6.663862527,6.575719757
5/23/2025 20:35,May,6.667313484,6.57842495
5/23/2025 20:40,May,6.66114052,6.573024857
5/23/2025 20:45,May,13.71055982,13.53059488
5/23/2025 20:50,May,6.669289467,6.581110528
5/23/2025 20:55,May,6.667259262,6.579089368
5/23/2025 21:00,May,6.660427353,6.571003081
5/23/2025 21:05,May,14.64441467,14.43393826
5/23/2025 21:10,May,8.320067383,8.19877869
5/23/2025 21:15,May,12.66420734,12.49002326
5/23/2025 21:20,May,12.65185436,12.47398364
5/23/2025 21:25,May,11.69036603,11.52601275
5/23/2025 21:30,May,8.345220511,8.227896181
5/23/2025 21:35,May,8.342616034,8.225316456
5/23/2025 21:40,May,8.322322744,8.207027141
5/23/2025 21:45,May,8.32057215,8.205300799
5/23/2025 21:50,May,8.311797458,8.197499737
5/23/2025 21:55,May,8.310957033,8.196659313
5/23/2025 22:00,May,7.421752508,7.321205057
5/23/2025 22:05,May,5.000690392,4.933953851
5/23/2025 22:10,May,6.71563705,6.627416273
5/23/2025 22:15,May,8.301142917,8.192932788
5/23/2025 22:20,May,8.305465226,8.198048883
5/23/2025 22:25,May,8.302757102,8.196246986
5/23/2025 22:30,May,8.300083822,8.194467728
5/23/2025 22:35,May,8.304434427,8.200440298
5/23/2025 22:40,May,6.730114681,6.646531876
5/23/2025 22:45,May,6.721794349,6.638298015
5/23/2025 22:50,May,6.709269808,6.62662331
5/23/2025 22:55,May,6.694038161,6.614298962
5/23/2025 23:00,May,6.685750074,6.606800462
5/23/2025 23:05,May,14.99146356,14.81742578
5/23/2025 23:10,May,12.68715146,12.53324344
5/23/2025 23:15,May,8.306465155,8.205709488
5/23/2025 23:20,May,8.304721931,8.203987408
5/23/2025 23:25,May,8.317480315,8.218372703
5/23/2025 23:30,May,8.320033599,8.221755565
5/23/2025 23:35,May,6.698824986,6.621757063
5/23/2025 23:40,May,6.695362119,6.620368658
5/23/2025 23:45,May,8.295521139,8.199246547
5/23/2025 23:50,May,8.270422535,8.177777778
5/23/2025 23:55,May,8.261666667,8.17
5/24/2025 0:00,May,6.671936674,6.597923661
5/24/2025 0:05,May,14.49321482,14.33683951
5/24/2025 0:10,May,8.283415195,8.190615529
5/24/2025 0:15,May,8.257419556,8.167447673
5/24/2025 0:20,May,8.242021,8.153862148
5/24/2025 0:25,May,8.250754972,8.161616162
5/24/2025 0:30,May,4.341009811,4.290981999
5/24/2025 0:35,May,4.696597044,4.643986057
5/24/2025 0:40,May,5.075174436,5.020921866
5/24/2025 0:45,May,5.070026343,5.016334687
5/24/2025 0:50,May,4.899432907,4.847037842
5/24/2025 0:55,May,5.056172023,5.002616282
5/24/2025 1:00,May,4.898383583,4.846514859
5/24/2025 1:05,May,4.553117704,4.504426171
5/24/2025 1:10,May,4.548962534,4.499866408
5/24/2025 1:15,May,4.549423329,4.499863341
5/24/2025 1:20,May,4.547582476,4.497120046
5/24/2025 1:25,May,4.542983286,4.492108473
5/24/2025 1:30,May,4.518058344,4.466545823
5/24/2025 1:35,May,4.515933399,4.463989457
5/24/2025 1:40,May,4.468990841,4.417560904
5/24/2025 1:45,May,4.471948679,4.420038504
5/24/2025 1:50,May,4.433771494,4.381404115
5/24/2025 1:55,May,4.384468804,4.331766603
5/24/2025 2:00,May,4.259265507,4.20632062
5/24/2025 2:05,May,3.746581678,3.700776244
5/24/2025 2:10,May,3.746975682,3.700786834
5/24/2025 2:15,May,3.486749317,3.443415967
5/24/2025 2:20,May,3.749799057,3.702040573
5/24/2025 2:25,May,3.427492947,3.383492987
5/24/2025 2:30,May,3.488279664,3.442436927
5/24/2025 2:35,May,3.485340103,3.439540627
5/24/2025 2:40,May,3.646408113,3.597017768
5/24/2025 2:45,May,3.492325423,3.44465947
5/24/2025 2:50,May,3.490097497,3.442824368
5/24/2025 2:55,May,3.488618793,3.441723069
5/24/2025 3:00,May,3.492664554,3.44500361
5/24/2025 3:05,May,3.54887107,3.500084406
5/24/2025 3:10,May,3.546968898,3.4985767
5/24/2025 3:15,May,3.591655253,3.542285421
5/24/2025 3:20,May,3.59088478,3.542256325
5/24/2025 3:25,May,3.537339815,3.489798768
5/24/2025 3:30,May,3.537327001,3.489076102
5/24/2025 3:35,May,3.489649363,3.443116005
5/24/2025 3:40,May,3.48817198,3.442015361
5/24/2025 3:45,May,3.487819639,3.44166302
5/24/2025 3:50,May,3.484882975,3.439121886
5/24/2025 3:55,May,3.422188387,3.377950848
5/24/2025 4:00,May,3.422213269,3.378312149
5/24/2025 4:05,May,3.530632799,3.48497499
5/24/2025 4:10,May,3.483788018,3.439448898
5/24/2025 4:15,May,3.484126908,3.440144292
5/24/2025 4:20,May,3.52763199,3.483095681
5/24/2025 4:25,May,3.486669576,3.442659306
5/24/2025 4:30,May,3.422521519,3.380362025
5/24/2025 4:35,May,3.423251,3.381078262
5/24/2025 4:40,May,3.481915941,3.438668878
5/24/2025 4:45,May,3.480810527,3.43758156
5/24/2025 4:50,May,3.478263681,3.435768739
5/24/2025 4:55,May,3.415874177,3.374835406
5/24/2025 5:00,May,3.474631789,3.432882881
5/24/2025 5:05,May,3.413214749,3.372556629
5/24/2025 5:10,May,3.412045033,3.374466685
5/24/2025 5:15,May,3.412400348,3.375162878
5/24/2025 5:20,May,3.410978691,3.373756735
5/24/2025 5:25,May,3.409046934,3.372534964
5/24/2025 5:30,May,3.308995925,3.273555532
5/24/2025 5:35,May,3.306199123,3.271133375
5/24/2025 5:40,May,3.40437933,3.368967184
5/24/2025 5:45,May,2.170153921,2.148472092
5/24/2025 5:50,May,2.376359115,2.353574081
5/24/2025 5:55,May,2.892051551,2.864908469
5/24/2025 6:00,May,2.889957595,2.863125816
5/24/2025 6:05,May,-0.001029607,-0.001020449
5/24/2025 6:10,May,0,0
5/24/2025 6:15,May,2.159639875,2.142614212
5/24/2025 6:20,May,0,0
5/24/2025 6:25,May,2.363152851,2.346669071
5/24/2025 6:30,May,2.266046973,2.251378519
5/24/2025 6:35,May,2.262563607,2.249514318
5/24/2025 6:40,May,2.355646828,2.34348465
5/24/2025 6:45,May,2.257716072,2.247654337
5/24/2025 6:50,May,2.350087571,2.341276826
5/24/2025 6:55,May,2.346952076,2.340052075
5/24/2025 7:00,May,2.766133333,2.759678274
5/24/2025 7:05,May,2.342162105,2.33907124
5/24/2025 7:10,May,2.757675963,2.7557146
5/24/2025 7:15,May,2.84338658,2.843097354
5/24/2025 7:20,May,2.335754054,2.338845878
5/24/2025 7:25,May,2.13371216,2.137841786
5/24/2025 7:30,May,2.230683492,2.235911834
5/24/2025 7:35,May,2.227268339,2.234080251
5/24/2025 7:40,May,2.327139474,2.335448143
5/24/2025 7:45,May,2.325469507,2.33472487
5/24/2025 7:50,May,2.122531667,2.132496604
5/24/2025 7:55,May,2.321653635,2.333509695
5/24/2025 8:00,May,2.320465803,2.333269027
5/24/2025 8:05,May,2.122781372,2.132974539
5/24/2025 8:10,May,2.218644643,2.229983929
5/24/2025 8:15,May,2.32144676,2.334031058
5/24/2025 8:20,May,2.812187716,2.828303405
5/24/2025 8:25,May,2.72410363,2.740555889
5/24/2025 8:30,May,2.809024307,2.826575314
5/24/2025 8:35,May,2.722703254,2.740279882
5/24/2025 8:40,May,2.319577157,2.335270862
5/24/2025 8:45,May,2.718528242,2.737209411
5/24/2025 8:50,May,2.716310779,2.735257249
5/24/2025 8:55,May,2.715474906,2.7347
5/24/2025 9:00,May,2.714639032,2.733585502
5/24/2025 9:05,May,9.64E-07,9.72E-07
5/24/2025 9:10,May,0.000966142,0.000974557
5/24/2025 9:15,May,2.200421439,2.220247086
5/24/2025 9:20,May,2.199752483,2.219797325
5/24/2025 9:25,May,2.311910178,2.332742463
5/24/2025 9:30,May,3.247653027,3.275928199
5/24/2025 9:35,May,2.711369226,2.734977747
5/24/2025 9:40,May,2.795606983,2.81967
5/24/2025 9:45,May,2.70998551,2.733033855
5/24/2025 9:50,May,2.710526163,2.733310699
5/24/2025 9:55,May,2.710799167,2.733310417
5/24/2025 10:00,May,3.009397977,3.034082878
5/24/2025 10:05,May,0,0
5/24/2025 10:10,May,2.1151796,2.132737455
5/24/2025 10:15,May,2.20241037,2.220694191
5/24/2025 10:20,May,3.908065168,3.945250564
5/24/2025 10:25,May,3.427112128,3.457303856
5/24/2025 10:30,May,2.317894981,2.337137524
5/24/2025 10:35,May,3.109561999,3.135379395
5/24/2025 10:40,May,2.799002562,2.821392287
5/24/2025 10:45,May,3.21295744,3.237994327
5/24/2025 10:50,May,3.014913855,3.038719061
5/24/2025 10:55,May,2.827110723,2.850019919
5/24/2025 11:00,May,2.79928546,2.821679743
5/24/2025 11:05,May,2.117386077,2.134538815
5/24/2025 11:10,May,2.319349349,2.338143954
5/24/2025 11:15,May,2.210509721,2.223404927
5/24/2025 11:20,May,2.834936549,2.852341255
5/24/2025 11:25,May,2.806746273,2.824265103
5/24/2025 11:30,May,1.550059527,1.559733523
5/24/2025 11:35,May,2.211866029,2.225893821
5/24/2025 11:40,May,2.320517105,2.337628661
5/24/2025 11:45,May,1.542245499,1.554902417
5/24/2025 11:50,May,2.206216292,2.224987789
5/24/2025 11:55,May,0,0
5/24/2025 12:00,May,1.545192928,1.558341484
5/24/2025 12:05,May,0,0
5/24/2025 12:10,May,0.000962879,0.000971073
5/24/2025 12:15,May,2.113660191,2.131432969
5/24/2025 12:20,May,2.204636789,2.22317835
5/24/2025 12:25,May,2.315035891,2.334268497
5/24/2025 12:30,May,2.315758664,2.334765609
5/24/2025 12:35,May,2.316957802,2.335738806
5/24/2025 12:40,May,2.116744621,2.133687266
5/24/2025 12:45,May,2.827672347,2.850022047
5/24/2025 12:50,May,2.828529437,2.850604631
5/24/2025 12:55,May,3.833195673,3.864279892
5/24/2025 13:00,May,3.218170555,3.243609333
5/24/2025 13:05,May,2.322258034,2.340380184
5/24/2025 13:10,May,3.84435661,3.875922712
5/24/2025 13:15,May,3.849906286,3.88112922
5/24/2025 13:20,May,3.432169533,3.458969583
5/24/2025 13:25,May,3.431444751,3.457875721
5/24/2025 13:30,May,3.432169533,3.458616951
5/24/2025 13:35,May,3.370310434,3.395247476
5/24/2025 13:40,May,3.860977799,3.889936125
5/24/2025 13:45,May,3.437909735,3.462304611
5/24/2025 13:50,May,3.251421981,3.273829436
5/24/2025 13:55,May,3.767143648,3.791167811
5/24/2025 14:00,May,3.442244394,3.462795106
5/24/2025 14:05,May,2.333728948,2.346463184
5/24/2025 14:10,May,3.453078422,3.472285904
5/24/2025 14:15,May,3.500599191,3.519347894
5/24/2025 14:20,May,3.501703011,3.521188993
5/24/2025 14:25,May,3.716094334,3.738295969
5/24/2025 14:30,May,3.741491404,3.760733799
5/24/2025 14:35,May,7.989310309,8.037002775
5/24/2025 14:40,May,8.000823469,8.049408132
5/24/2025 14:45,May,8.004938272,8.047736626
5/24/2025 14:50,May,7.998355939,8.042745582
5/24/2025 14:55,May,6.468498938,6.502410682
5/24/2025 15:00,May,3.87855682,3.896094226
5/24/2025 15:05,May,7.685977966,7.72228843
5/24/2025 15:10,May,3.88811901,3.899282601
5/24/2025 15:15,May,4.189567642,4.1934286
5/24/2025 15:20,May,3.787338842,3.799385579
5/24/2025 15:25,May,8.023863403,8.047726805
5/24/2025 15:30,May,8.032945537,8.056007413
5/24/2025 15:35,May,8.051889221,8.060125605
5/24/2025 15:40,May,7.697127208,7.718418308
5/24/2025 15:45,May,8.032911653,8.047721897
5/24/2025 15:50,May,8.036206542,8.051841185
5/24/2025 15:55,May,8.063439753,8.066735324
5/24/2025 16:00,May,8.056042032,8.070052539
5/24/2025 16:05,May,8.090269151,8.102691511
5/24/2025 16:10,May,8.082627556,8.086758934
5/24/2025 16:15,May,8.075036075,8.081632653
5/24/2025 16:20,May,8.076614149,8.079085573
5/24/2025 16:25,May,9.887492195,9.882460905
5/24/2025 16:30,May,13.18930795,13.18662747
5/24/2025 16:35,May,14.32466861,14.3334005
5/24/2025 16:40,May,12.66857046,12.66857046
5/24/2025 16:45,May,24.41266583,24.41266583
5/24/2025 16:50,May,25.1050958,25.1050958
5/24/2025 16:55,May,29.58850783,29.58850783
5/24/2025 17:00,May,29.59433545,29.59433545
5/24/2025 17:05,May,32.54365598,32.54365598
5/24/2025 17:10,May,32.54352682,32.54352682
5/24/2025 17:15,May,22.81318225,22.81318225
5/24/2025 17:20,May,16.25545769,16.25545769
5/24/2025 17:25,May,16.41199078,16.41199078
5/24/2025 17:30,May,29.58904726,29.58904726
5/24/2025 17:35,May,32.5246435,32.5246435
5/24/2025 17:40,May,32.5131638,32.5131638
5/24/2025 17:45,May,32.51429726,32.51429726
5/24/2025 17:50,May,32.5267124,32.5267124
5/24/2025 17:55,May,29.5731189,29.5731189
5/24/2025 18:00,May,16.34020406,16.34020406
5/24/2025 18:05,May,32.52532,32.52532
5/24/2025 18:10,May,32.53093811,32.53093811
5/24/2025 18:15,May,24.96118226,24.96118226
5/24/2025 18:20,May,22.36873412,22.36873412
5/24/2025 18:25,May,32.53037054,32.53037054
5/24/2025 18:30,May,32.53707154,32.53707154
5/24/2025 18:35,May,32.54429648,32.54429648
5/24/2025 18:40,May,32.54788761,32.54788761
5/24/2025 18:45,May,32.55174074,32.55174074
5/24/2025 18:50,May,32.553866,32.553866
5/24/2025 18:55,May,32.55109571,32.55109571
5/24/2025 19:00,May,31.4159102,31.22225476
5/24/2025 19:05,May,32.8815949,32.72705141
5/24/2025 19:10,May,24.4442834,24.29517327
5/24/2025 19:15,May,23.54992288,23.48845335
5/24/2025 19:20,May,23.4337361,23.32309968
5/24/2025 19:25,May,14.18170949,14.07925283
5/24/2025 19:30,May,12.91856718,12.80454171
5/24/2025 19:35,May,12.77777443,12.65468931
5/24/2025 19:40,May,12.72795657,12.60016584
5/24/2025 19:45,May,7.869633788,7.785031074
5/24/2025 19:50,May,4.703793212,4.651781023
5/24/2025 19:55,May,4.705298013,4.651844844
5/24/2025 20:00,May,4.705298013,4.65089877
5/24/2025 20:05,May,14.80059253,14.62830264
5/24/2025 20:10,May,13.79415056,13.64293237
5/24/2025 20:15,May,12.68521527,12.54484974
5/24/2025 20:20,May,12.10279368,11.95402382
5/24/2025 20:25,May,11.33574857,11.19055038
5/24/2025 20:30,May,13.74028244,13.56234273
5/24/2025 20:35,May,12.07470842,11.9145437
5/24/2025 20:40,May,14.07086383,13.88997511
5/24/2025 20:45,May,13.62108061,13.53632227
5/24/2025 20:50,May,10.7126317,10.64708429
5/24/2025 20:55,May,9.972475345,9.912498174
5/24/2025 21:00,May,9.327596345,9.269672759
5/24/2025 21:05,May,30.62117372,30.44024176
5/24/2025 21:10,May,15.81046705,15.73003122
5/24/2025 21:15,May,13.84093624,13.7691267
5/24/2025 21:20,May,15.84562128,15.7634194
5/24/2025 21:25,May,13.87374721,13.80176012
5/24/2025 21:30,May,13.87094415,13.79756038
5/24/2025 21:35,May,12.76080562,12.69328813
5/24/2025 21:40,May,13.85414955,13.78226414
5/24/2025 21:45,May,9.378751333,9.329158586
5/24/2025 21:50,May,11.83963733,11.77700012
5/24/2025 21:55,May,12.618362,12.5515778
5/24/2025 22:00,May,13.85185383,13.72976779
5/24/2025 22:05,May,9.362262097,9.266612848
5/24/2025 22:10,May,9.372508193,9.264647711
5/24/2025 22:15,May,9.351222417,9.251219433
5/24/2025 22:20,May,9.353967488,9.249301118
5/24/2025 22:25,May,9.324010556,9.234906744
5/24/2025 22:30,May,9.323031272,9.233017091
5/24/2025 22:35,May,9.319213733,9.231119798
5/24/2025 22:40,May,4.918698122,4.871250873
5/24/2025 22:45,May,8.024193548,7.948387097
5/24/2025 22:50,May,4.565449059,4.521404932
5/24/2025 22:55,May,4.627592321,4.584348141
5/24/2025 23:00,May,4.465133913,4.422980394
5/24/2025 23:05,May,15.12064855,14.98553432
5/24/2025 23:10,May,15.16904777,15.04397367
5/24/2025 23:15,May,14.90258153,14.76914795
5/24/2025 23:20,May,14.82981198,14.6970166
5/24/2025 23:25,May,13.94713554,13.82220649
5/24/2025 23:30,May,12.83719243,12.71960969
5/24/2025 23:35,May,4.861870457,4.815371142
5/24/2025 23:40,May,4.580734739,4.536458608
5/24/2025 23:45,May,4.57935111,4.53415256
5/24/2025 23:50,May,4.861461259,4.813963098
5/24/2025 23:55,May,4.586630688,4.542288639
5/25/2025,May,4.858854482,4.811885392
5/25/2025 0:05,May,8.259139673,8.176648266
5/25/2025 0:10,May,8.264773439,8.1795782
5/25/2025 0:15,May,6.556286634,6.488005792
5/25/2025 0:20,May,6.543727232,6.47690725
5/25/2025 0:25,May,6.543732634,6.476932857
5/25/2025 0:30,May,6.552982465,6.484784305
5/25/2025 0:35,May,6.51680998,6.44898142
5/25/2025 0:40,May,6.508329274,6.440602671
5/25/2025 0:45,May,5.27403552,5.219696972
5/25/2025 0:50,May,4.694170638,4.646295122
5/25/2025 0:55,May,4.894499699,4.844076614
5/25/2025 1:00,May,6.53584015,6.462552115
5/25/2025 1:05,May,14.9812682,14.8178857
5/25/2025 1:10,May,10.21181481,10.09923386
5/25/2025 1:15,May,8.279644165,8.187545788
5/25/2025 1:20,May,8.307530722,8.21342296
5/25/2025 1:25,May,8.282126413,8.190874843
5/25/2025 1:30,May,6.450100345,6.378381853
5/25/2025 1:35,May,4.957937312,4.903322338
5/25/2025 1:40,May,5.064497132,5.008185125
5/25/2025 1:45,May,4.326451048,4.278801946
5/25/2025 1:50,May,4.228215067,4.182934121
5/25/2025 1:55,May,4.122669508,4.078514414
5/25/2025 2:00,May,4.116861364,4.072348009
5/25/2025 2:05,May,4.174450459,4.131888426
5/25/2025 2:10,May,4.179670077,4.137489533
5/25/2025 2:15,May,4.182443318,4.140234787
5/25/2025 2:20,May,4.165465591,4.123008024
5/25/2025 2:25,May,4.156440938,4.113655897
5/25/2025 2:30,May,4.138807847,4.096191413
5/25/2025 2:35,May,4.124813696,4.0819163
5/25/2025 2:40,May,4.109407794,4.066251335
5/25/2025 2:45,May,4.086836006,4.043903588
5/25/2025 2:50,May,4.063747441,4.021044629
5/25/2025 2:55,May,3.970292231,3.927769146
5/25/2025 3:00,May,3.963681266,3.92162523
5/25/2025 3:05,May,3.650466794,3.613262239
5/25/2025 3:10,May,3.731744368,3.695630713
5/25/2025 3:15,May,4.043315127,4.003363032
5/25/2025 3:20,May,4.138206956,4.097333717
5/25/2025 3:25,May,4.183599997,4.14314617
5/25/2025 3:30,May,4.666805889,4.621697818
5/25/2025 3:35,May,4.667310705,4.621723238
5/25/2025 3:40,May,4.214364941,4.173197428
5/25/2025 3:45,May,4.220119853,4.178900276
5/25/2025 3:50,May,4.16421376,4.122680699
5/25/2025 3:55,May,4.157402287,4.116356002
5/25/2025 4:00,May,4.164231953,4.12312238
5/25/2025 4:05,May,4.468663074,4.42498509
5/25/2025 4:10,May,4.439989198,4.396130823
5/25/2025 4:15,May,4.356009348,4.310757813
5/25/2025 4:20,May,4.235905016,4.191460492
5/25/2025 4:25,May,4.204172157,4.159189595
5/25/2025 4:30,May,4.154769132,4.109868587
5/25/2025 4:35,May,4.05579028,4.011549763
5/25/2025 4:40,May,3.737876686,3.696348918
5/25/2025 4:45,May,3.665485509,3.625502433
5/25/2025 4:50,May,3.469593059,3.432451384
5/25/2025 4:55,May,3.641657096,3.601941963
5/25/2025 5:00,May,3.662369228,3.621684455
5/25/2025 5:05,May,4.061105854,4.016419751
5/25/2025 5:10,May,4.587055534,4.54253002
5/25/2025 5:15,May,4.593111101,4.54946006
5/25/2025 5:20,May,4.661489883,4.619095573
5/25/2025 5:25,May,4.955745356,4.91220806
5/25/2025 5:30,May,4.575701867,4.535020743
5/25/2025 5:35,May,4.455425951,4.415355932
5/25/2025 5:40,May,4.047125326,4.009489065
5/25/2025 5:45,May,3.621565832,3.588263236
5/25/2025 5:50,May,3.502276498,3.470424751
5/25/2025 5:55,May,3.62738908,3.594409485
5/25/2025 6:00,May,3.455189855,3.42378221
5/25/2025 6:05,May,3.32196105,3.293769019
5/25/2025 6:10,May,3.493170023,3.464230849
5/25/2025 6:15,May,3.492092154,3.463864674
5/25/2025 6:20,May,3.386105734,3.360443049
5/25/2025 6:25,May,3.488128564,3.462395023
5/25/2025 6:30,May,3.382634736,3.359381687
5/25/2025 6:35,May,0,0
5/25/2025 6:40,May,2.35823926,2.344653285
5/25/2025 6:45,May,3.299427507,3.282077904
5/25/2025 6:50,May,2.353926127,2.343443055
5/25/2025 6:55,May,3.292397234,3.279723906
5/25/2025 7:00,May,3.290729739,3.279723954
5/25/2025 7:05,May,3.284649192,3.27532537
5/25/2025 7:10,May,3.280948025,3.272630035
5/25/2025 7:15,May,3.274921837,3.269270836
5/25/2025 7:20,May,3.269235346,3.26624671
5/25/2025 7:25,May,3.695216905,3.693714327
5/25/2025 7:30,May,3.26761234,3.268277232
5/25/2025 7:35,May,3.262596797,3.26492153
5/25/2025 7:40,May,3.257271534,3.262914418
5/25/2025 7:45,May,3.497785859,3.506350991
5/25/2025 7:50,May,3.317525223,3.328024792
5/25/2025 7:55,May,3.313453586,3.325299437
5/25/2025 8:00,May,3.241660621,3.254918947
5/25/2025 8:05,May,2.32864084,2.337447025
5/25/2025 8:10,May,3.139194194,3.151713733
5/25/2025 8:15,May,3.138231876,3.151396139
5/25/2025 8:20,May,3.135662844,3.150426456
5/25/2025 8:25,May,3.215165877,3.234288069
5/25/2025 8:30,May,3.128601362,3.148502181
5/25/2025 8:35,May,3.211204271,3.232293761
5/25/2025 8:40,May,3.225759791,3.246620278
5/25/2025 8:45,May,3.124434916,3.144965084
5/25/2025 8:50,May,-0.001004014,-0.001010911
5/25/2025 8:55,May,0,0
5/25/2025 9:00,May,0,0
5/25/2025 9:05,May,0.070533397,0.071153757
5/25/2025 9:10,May,2.312133271,2.332471152
5/25/2025 9:15,May,2.31261048,2.332718079
5/25/2025 9:20,May,3.107358803,3.134064158
5/25/2025 9:25,May,3.108619907,3.1347
5/25/2025 9:30,May,3.111138009,3.136928837
5/25/2025 9:35,May,3.111446967,3.136929743
5/25/2025 9:40,May,3.773414128,3.804717543
5/25/2025 9:45,May,3.419693553,3.44736211
5/25/2025 9:50,May,3.210697855,3.236672779
5/25/2025 9:55,May,3.211021993,3.236673336
5/25/2025 10:00,May,3.209072108,3.234371437
5/25/2025 10:05,May,3.204590164,3.230819672
5/25/2025 10:10,May,3.329919932,3.356842834
5/25/2025 10:15,May,3.32377827,3.355819616
5/25/2025 10:20,May,3.356469115,3.389179883
5/25/2025 10:25,May,3.30677648,3.334900514
5/25/2025 10:30,May,3.308475219,3.335257629
5/25/2025 10:35,May,3.307455057,3.333884879
5/25/2025 10:40,May,3.419701237,3.447030816
5/25/2025 10:45,May,3.332596434,3.358885741
5/25/2025 10:50,May,3.332601984,3.3592273
5/25/2025 10:55,May,3.466034428,3.493015747
5/25/2025 11:00,May,3.420750244,3.447025978
5/25/2025 11:05,May,3.466424124,3.493419536
5/25/2025 11:10,May,3.465350771,3.491988191
5/25/2025 11:15,May,3.426415433,3.453453145
5/25/2025 11:20,May,2.316449647,2.334958464
5/25/2025 11:25,May,3.408380252,3.436312071
5/25/2025 11:30,May,3.338713135,3.366076832
5/25/2025 11:35,May,3.364820813,3.392404138
5/25/2025 11:40,May,3.362821949,3.308344233
5/25/2025 11:45,May,3.386004515,3.333860045
5/25/2025 11:50,May,3.420114007,3.366418217
5/25/2025 11:55,May,3.421496945,3.367437293
5/25/2025 12:00,May,3.388780037,3.334220678
5/25/2025 12:05,May,3.421148559,3.365383838
5/25/2025 12:10,May,3.389828968,3.334235773
5/25/2025 12:15,May,3.421496945,3.365726545
5/25/2025 12:20,May,3.422891198,3.367098072
5/25/2025 12:25,May,3.509578861,3.450968894
5/25/2025 12:30,May,3.427790247,3.371231708
5/25/2025 12:35,May,3.427430379,3.371563263
5/25/2025 12:40,May,3.495424694,3.440196984
5/25/2025 12:45,May,3.504514533,3.448442301
5/25/2025 12:50,May,3.505959992,3.449864632
5/25/2025 12:55,May,3.66607374,3.605216916
5/25/2025 13:00,May,3.501905449,3.44482439
5/25/2025 13:05,May,3.400659522,3.342508244
5/25/2025 13:10,May,3.760396979,3.699102508
5/25/2025 13:15,May,3.732914958,3.670575278
5/25/2025 13:20,May,3.654436852,3.70262061
5/25/2025 13:25,May,3.338245316,3.381594684
5/25/2025 13:30,May,3.309186514,3.345592329
5/25/2025 13:35,May,3.313612458,3.346622667
5/25/2025 13:40,May,4.55947583,4.6062253
5/25/2025 13:45,May,4.442761152,4.487858389
5/25/2025 13:50,May,3.706586004,3.744195107
5/25/2025 13:55,May,4.539295422,4.585358383
5/25/2025 14:00,May,4.172025836,4.215230451
5/25/2025 14:05,May,3.881760417,3.920789094
5/25/2025 14:10,May,3.880163342,3.917606659
5/25/2025 14:15,May,3.690053398,3.72454342
5/25/2025 14:20,May,3.646663066,3.679269406
5/25/2025 14:25,May,3.662873561,3.696733321
5/25/2025 14:30,May,3.544887436,3.577309076
5/25/2025 14:35,May,3.543771834,3.576904808
5/25/2025 14:40,May,3.646772167,3.680864654
5/25/2025 14:45,May,7.928433466,8.009759073
5/25/2025 14:50,May,7.924420967,8.006501422
5/25/2025 14:55,May,7.924428644,8.007313357
5/25/2025 15:00,May,4.410322422,4.456446987
5/25/2025 15:05,May,7.95027005,8.031794558
5/25/2025 15:10,May,7.938148525,8.01871821
5/25/2025 15:15,May,7.947068404,8.026872964
5/25/2025 15:20,May,3.611114805,3.644081183
5/25/2025 15:25,May,3.383185258,3.410964671
5/25/2025 15:30,May,3.381440149,3.410943579
5/25/2025 15:35,May,3.640283843,3.671272926
5/25/2025 15:40,May,3.636394789,3.663223401
5/25/2025 15:45,May,3.621640593,3.647247028
5/25/2025 15:50,May,3.631319966,3.656614963
5/25/2025 15:55,May,3.590951975,3.616725239
5/25/2025 16:00,May,3.593097472,3.617770787
5/25/2025 16:05,May,3.601523819,3.621478906
5/25/2025 16:10,May,3.607744855,3.62844291
5/25/2025 16:15,May,3.646047723,3.666570968
5/25/2025 16:20,May,3.653032598,3.672469588
5/25/2025 16:25,May,3.608419491,3.62466698
5/25/2025 16:30,May,3.609370708,3.624500469
5/25/2025 16:35,May,3.5902493,3.600535494
5/25/2025 16:40,May,3.616173974,3.625036241
5/25/2025 16:45,May,3.602677971,3.606719731
5/25/2025 16:50,May,3.648803273,3.65215114
5/25/2025 16:55,May,3.655288878,3.655288878
5/25/2025 17:00,May,3.624442568,3.621489865
5/25/2025 17:05,May,3.650507032,3.643082775
5/25/2025 17:10,May,4.170409864,4.161091459
5/25/2025 17:15,May,4.289709262,4.27883051
5/25/2025 17:20,May,3.641762365,3.629212201
5/25/2025 17:25,May,3.448660738,3.433987073
5/25/2025 17:30,May,3.449992668,3.4339332
5/25/2025 17:35,May,3.632213092,3.613482772
5/25/2025 17:40,May,3.660496381,3.639420795
5/25/2025 17:45,May,3.457734265,3.435027382
5/25/2025 17:50,May,3.631335601,3.604211463
5/25/2025 17:55,May,3.629700754,3.60149539
5/25/2025 18:00,May,3.657181136,3.627313051
5/25/2025 18:05,May,3.612228569,3.582372431
5/25/2025 18:10,May,3.854372397,3.82334817
5/25/2025 18:15,May,4.3705,4.336674641
5/25/2025 18:20,May,4.40396675,4.365906139
5/25/2025 18:25,May,9.497932585,9.413010343
5/25/2025 18:30,May,9.498892457,9.414915911
5/25/2025 18:35,May,9.508501857,9.423485114
5/25/2025 18:40,May,9.536365215,9.44163311
5/25/2025 18:45,May,9.551830436,9.455047243
5/25/2025 18:50,May,9.543022734,9.447372511
5/25/2025 18:55,May,9.561412931,9.463671488
5/25/2025 19:00,May,9.560442722,9.462711196
5/25/2025 19:05,May,11.27014002,11.14462727
5/25/2025 19:10,May,15.01134797,14.85945995
5/25/2025 19:15,May,13.00435956,12.89343426
5/25/2025 19:20,May,8.233642931,8.151909185
5/25/2025 19:25,May,4.610074766,4.562471989
5/25/2025 19:30,May,8.24300031,8.15869408
5/25/2025 19:35,May,8.253206454,8.167976831
5/25/2025 19:40,May,4.394716956,4.348924894
5/25/2025 19:45,May,4.394252717,4.349386473
5/25/2025 19:50,May,4.390705327,4.346341457
5/25/2025 19:55,May,4.616947198,4.570292704
5/25/2025 20:00,May,4.616473324,4.569361741
5/25/2025 20:05,May,15.25559336,15.10770284
5/25/2025 20:10,May,9.543907395,9.443545825
5/25/2025 20:15,May,8.266639064,8.181347687
5/25/2025 20:20,May,8.263108905,8.179542869
5/25/2025 20:25,May,8.280352514,8.195749093
5/25/2025 20:30,May,8.32180075,8.235931638
5/25/2025 20:35,May,8.315668922,8.229047371
5/25/2025 20:40,May,9.512132884,9.414010733
5/25/2025 20:45,May,8.309548575,8.224672353
5/25/2025 20:50,May,8.316435932,8.23066514
5/25/2025 20:55,May,8.311980033,8.228785358
5/25/2025 21:00,May,8.307532468,8.226077922
5/25/2025 21:05,May,8.326836894,8.242626368
5/25/2025 21:10,May,8.293897883,8.210045662
5/25/2025 21:15,May,8.284499741,8.20155521
5/25/2025 21:20,May,8.291407223,8.207555002
5/25/2025 21:25,May,8.325169359,8.239291298
5/25/2025 21:30,May,8.319933347,8.234951052
5/25/2025 21:35,May,8.319933347,8.234951052
5/25/2025 21:40,May,8.322332119,8.240707965
5/25/2025 21:45,May,8.287638587,8.20889027
5/25/2025 21:50,May,8.285921475,8.207189475
5/25/2025 21:55,May,8.274749147,8.197786283
5/25/2025 22:00,May,8.270471464,8.194375517
5/25/2025 22:05,May,4.720344073,4.675001564
5/25/2025 22:10,May,4.544282346,4.501540447
5/25/2025 22:15,May,4.541260308,4.498092434
5/25/2025 22:20,May,4.341858456,4.300581907
5/25/2025 22:25,May,4.932550543,4.883615529
5/25/2025 22:30,May,4.72222199,4.673929766
5/25/2025 22:35,May,4.721255095,4.673441321
5/25/2025 22:40,May,4.688028831,4.640081479
5/25/2025 22:45,May,4.341766935,4.297787549
5/25/2025 22:50,May,4.543372034,4.497359744
5/25/2025 22:55,May,4.6215409,4.575181778
5/25/2025 23:00,May,4.310460259,4.266334713
5/25/2025 23:05,May,4.618320124,4.571024074
5/25/2025 23:10,May,4.690917662,4.642834695
5/25/2025 23:15,May,4.346249903,4.300821763
5/25/2025 23:20,May,4.16422155,4.118562144
5/25/2025 23:25,May,4.175507499,4.130139811
5/25/2025 23:30,May,4.156719887,4.110706081
5/25/2025 23:35,May,4.149750072,4.103395815
5/25/2025 23:40,May,4.107762777,4.061017843
5/25/2025 23:45,May,4.069603705,4.022039571
5/25/2025 23:50,May,3.779425339,3.735239354
5/25/2025 23:55,May,3.76732649,3.723273075
5/26/2025,May,3.52893006,3.487300214
,,,
,,,
,,,
,,,
,,,
,,,
,,,
,,,
,,,
,,,
,,,
,,,
,,,
,,,
,,,
,,,
,,,
,,,
,,,
,,,
,,,
,,,
,,,
,,,
,,,
,,,
,,,
,,,
,,,
,,,
,,,
,,,
,,,
,,,
,,,
,,,
,,,
,,,
,,,
,,,
,,,
,,,
,,,
,,,
,,,
,,,
,,,
,,,
,,,
,,,
,,,
,,,
,,,
,,,
,,,
,,,
,,,
,,,
,,,
,,,
,,,
,,,
,,,
,,,
,,,
,,,
,,,
,,,
,,,
,,,
,,,
,,,
,,,
,,,
,,,
,,,
,,,
,,,
,,,
,,,
,,,
,,,
,,,
,,,
,,,
,,,
,,,
,,,
,,,
,,,
,,,
,,,
,,,
,,,
,,,
,,,
,,,
,,,
,,,
,,,
,,,
,,,
,,,
,,,
,,,
,,,
,,,
,,,
,,,
,,,
,,,
,,,
,,,
,,,
,,,
,,,
,,,
,,,
,,,
,,,
,,,
,,,
,,,
,,,
,,,
,,,
,,,
,,,
,,,
,,,
,,,
,,,
,,,
,,,
,,,
,,,
,,,
,,,
,,,
,,,
,,,
,,,
,,,
,,,
,,,
,,,
,,,
,,,
,,,
,,,
,,,
,,,
,,,
,,,
,,,
,,,
,,,
,,,
,,,
,,,
,,,
,,,
,,,
,,,
,,,
,,,
,,,
,,,
,,,
,,,
,,,
,,,
,,,
,,,
,,,
,,,
,,,
,,,
,,,
,,,
,,,
,,,
,,,
,,,
,,,
,,,
,,,
,,,
,,,
,,,
,,,
,,,
,,,
,,,
,,,
,,,
,,,
,,,
,,,
,,,
,,,
,,,
,,,
,,,
,,,
,,,
,,,
,,,
,,,
,,,
,,,
,,,
,,,
,,,
,,,
,,,
,,,
,,,
,,,
,,,
,,,
,,,
,,,
,,,
,,,
,,,
,,,
,,,
,,,
,,,
,,,
,,,
,,,
,,,
,,,
,,,
,,,
,,,
,,,
,,,
,,,
,,,
,,,
,,,
,,,
,,,
,,,
,,,
,,,
,,,
,,,
,,,
,,,
,,,
,,,
,,,
,,,
,,,
,,,
,,,
,,,
,,,
,,,
,,,
,,,
,,,
,,,
,,,
,,,
,,,
,,,
,,,
,,,
,,,
,,,
,,,
,,,
,,,
,,,
,,,
,,,
,,,
,,,
,,,
,,,
,,,
,,,
,,,
