Date and Time,Billing Month,BOTOLAN,OLONGAPO
2/26/2025 0:05,March,1.58,1.57
2/26/2025 0:10,March,2.52,2.5
2/26/2025 0:15,March,2.27,2.26
2/26/2025 0:20,March,2.84,2.82
2/26/2025 0:25,March,2.53,2.51
2/26/2025 0:30,March,2.28,2.26
2/26/2025 0:35,March,2.4,2.38
2/26/2025 0:40,March,2.28,2.26
2/26/2025 0:45,March,2.28,2.26
2/26/2025 0:50,March,1.58,1.57
2/26/2025 0:55,March,0.85,0.84
2/26/2025 1:00,March,0.74,0.74
2/26/2025 1:05,March,0.85,0.84
2/26/2025 1:10,March,0.79,0.79
2/26/2025 1:15,March,0.51,0.5
2/26/2025 1:20,March,0.41,0.41
2/26/2025 1:25,March,0.41,0.41
2/26/2025 1:30,March,0.36,0.36
2/26/2025 1:35,March,0.46,0.46
2/26/2025 1:40,March,0.46,0.46
2/26/2025 1:45,March,0.85,0.84
2/26/2025 1:50,March,0.64,0.64
2/26/2025 1:55,March,0.57,0.57
2/26/2025 2:00,March,0.52,0.52
2/26/2025 2:05,March,0.5,0.49
2/26/2025 2:10,March,0.55,0.54
2/26/2025 2:15,March,0.7,0.7
2/26/2025 2:20,March,2.26,2.25
2/26/2025 2:25,March,2.02,2.01
2/26/2025 2:30,March,2.26,2.25
2/26/2025 2:35,March,0.65,0.65
2/26/2025 2:40,March,2.27,2.25
2/26/2025 2:45,March,2.03,2.02
2/26/2025 2:50,March,2.03,2.02
2/26/2025 2:55,March,1.61,1.6
2/26/2025 3:00,March,2.26,2.25
2/26/2025 3:05,March,2.26,2.25
2/26/2025 3:10,March,2.26,2.25
2/26/2025 3:15,March,2.26,2.25
2/26/2025 3:20,March,2.55,2.53
2/26/2025 3:25,March,1.36,1.35
2/26/2025 3:30,March,2.04,2.03
2/26/2025 3:35,March,2.4,2.39
2/26/2025 3:40,March,2.55,2.54
2/26/2025 3:45,March,1.66,1.65
2/26/2025 3:50,March,2.26,2.25
2/26/2025 3:55,March,2.26,2.25
2/26/2025 4:00,March,2.05,2.03
2/26/2025 4:05,March,1.02,1.02
2/26/2025 4:10,March,2.26,2.25
2/26/2025 4:15,March,2.89,2.87
2/26/2025 4:20,March,2.87,2.85
2/26/2025 4:25,March,2.86,2.84
2/26/2025 4:30,March,2.86,2.84
2/26/2025 4:35,March,3.05,3.03
2/26/2025 4:40,March,2.86,2.84
2/26/2025 4:45,March,2.87,2.85
2/26/2025 4:50,March,2.86,2.84
2/26/2025 4:55,March,3.05,3.03
2/26/2025 5:00,March,2.27,2.25
2/26/2025 5:05,March,2.27,2.25
2/26/2025 5:10,March,2.87,2.85
2/26/2025 5:15,March,2.9,2.87
2/26/2025 5:20,March,2.87,2.85
2/26/2025 5:25,March,3,2.98
2/26/2025 5:30,March,3.01,2.99
2/26/2025 5:35,March,3,2.98
2/26/2025 5:40,March,2.93,2.91
2/26/2025 5:45,March,2.97,2.95
2/26/2025 5:50,March,3.05,3.03
2/26/2025 5:55,March,3.01,2.99
2/26/2025 6:00,March,2.98,2.96
2/26/2025 6:05,March,3.41,3.37
2/26/2025 6:10,March,3.34,3.29
2/26/2025 6:15,March,3.11,3.07
2/26/2025 6:20,March,3.04,3
2/26/2025 6:25,March,2.29,2.26
2/26/2025 6:30,March,2.29,2.26
2/26/2025 6:35,March,2.28,2.26
2/26/2025 6:40,March,2.27,2.26
2/26/2025 6:45,March,2.27,2.26
2/26/2025 6:50,March,1.23,1.23
2/26/2025 6:55,March,1.23,1.23
2/26/2025 7:00,March,2.26,2.25
2/26/2025 7:05,March,0,0
2/26/2025 7:10,March,0,0
2/26/2025 7:15,March,0,0
2/26/2025 7:20,March,0,0
2/26/2025 7:25,March,0.4,0.4
2/26/2025 7:30,March,0.5,0.5
2/26/2025 7:35,March,0.83,0.83
2/26/2025 7:40,March,1.57,1.57
2/26/2025 7:45,March,2.25,2.25
2/26/2025 7:50,March,2.81,2.82
2/26/2025 7:55,March,2.9,2.9
2/26/2025 8:00,March,3.28,3.29
2/26/2025 8:05,March,0,0
2/26/2025 8:10,March,0.21,0.21
2/26/2025 8:15,March,0,0
2/26/2025 8:20,March,0.35,0.35
2/26/2025 8:25,March,0.28,0.28
2/26/2025 8:30,March,0.49,0.5
2/26/2025 8:35,March,1.56,1.57
2/26/2025 8:40,March,2.24,2.25
2/26/2025 8:45,March,2.33,2.34
2/26/2025 8:50,March,1.22,1.22
2/26/2025 8:55,March,0.34,0.35
2/26/2025 9:00,March,0.44,0.45
2/26/2025 9:05,March,0,0
2/26/2025 9:10,March,0,0
2/26/2025 9:15,March,0,0
2/26/2025 9:20,March,0.24,0.24
2/26/2025 9:25,March,0.31,0.31
2/26/2025 9:30,March,0.58,0.59
2/26/2025 9:35,March,1.21,1.23
2/26/2025 9:40,March,3.09,3.14
2/26/2025 9:45,March,2.65,2.7
2/26/2025 9:50,March,2.76,2.81
2/26/2025 9:55,March,2.76,2.81
2/26/2025 10:00,March,2.81,2.86
2/26/2025 10:05,March,2.64,2.68
2/26/2025 10:10,March,3.26,3.31
2/26/2025 10:15,March,3.26,3.3
2/26/2025 10:20,March,3.1,3.14
2/26/2025 10:25,March,3.09,3.14
2/26/2025 10:30,March,2.91,2.95
2/26/2025 10:35,March,2.9,2.94
2/26/2025 10:40,March,2.82,2.85
2/26/2025 10:45,March,1.21,1.22
2/26/2025 10:50,March,1.94,1.96
2/26/2025 10:55,March,2.45,2.49
2/26/2025 11:00,March,2.45,2.49
2/26/2025 11:05,March,2.21,2.24
2/26/2025 11:10,March,2.44,2.47
2/26/2025 11:15,March,2.54,2.57
2/26/2025 11:20,March,2.44,2.47
2/26/2025 11:25,March,2.27,2.29
2/26/2025 11:30,March,0.27,0.28
2/26/2025 11:35,March,0.27,0.28
2/26/2025 11:40,March,0.27,0.28
2/26/2025 11:45,March,0.24,0.25
2/26/2025 11:50,March,0.24,0.25
2/26/2025 11:55,March,0.17,0.18
2/26/2025 12:00,March,0,0
2/26/2025 12:05,March,0,0
2/26/2025 12:10,March,0,0
2/26/2025 12:15,March,0,0
2/26/2025 12:20,March,0,0
2/26/2025 12:25,March,-0.48,-0.49
2/26/2025 12:30,March,-0.97,-0.98
2/26/2025 12:35,March,0.28,0.28
2/26/2025 12:40,March,0.25,0.25
2/26/2025 12:45,March,0.28,0.28
2/26/2025 12:50,March,0.25,0.25
2/26/2025 12:55,March,2.27,2.3
2/26/2025 13:00,March,2.79,2.83
2/26/2025 13:05,March,6.01,6.05
2/26/2025 13:10,March,3.38,3.4
2/26/2025 13:15,March,3.22,3.24
2/26/2025 13:20,March,3.11,3.14
2/26/2025 13:25,March,3.75,3.78
2/26/2025 13:30,March,3.22,3.24
2/26/2025 13:35,March,3.34,3.37
2/26/2025 13:40,March,3.32,3.35
2/26/2025 13:45,March,3.12,3.14
2/26/2025 13:50,March,0.34,0.34
2/26/2025 13:55,March,0.49,0.49
2/26/2025 14:00,March,1.56,1.57
2/26/2025 14:05,March,2.48,2.49
2/26/2025 14:10,March,2.66,2.67
2/26/2025 14:15,March,2.43,2.44
2/26/2025 14:20,March,2.48,2.49
2/26/2025 14:25,March,1.56,1.57
2/26/2025 14:30,March,0.4,0.4
2/26/2025 14:35,March,0.27,0.27
2/26/2025 14:40,March,1.96,1.97
2/26/2025 14:45,March,1.22,1.23
2/26/2025 14:50,March,0.37,0.38
2/26/2025 14:55,March,0.3,0.3
2/26/2025 15:00,March,0,0
2/26/2025 15:05,March,0.25,0.25
2/26/2025 15:10,March,0.3,0.3
2/26/2025 15:15,March,0.38,0.37
2/26/2025 15:20,March,0.38,0.38
2/26/2025 15:25,March,0.38,0.38
2/26/2025 15:30,March,0.38,0.38
2/26/2025 15:35,March,2.4,2.39
2/26/2025 15:40,March,2.5,2.49
2/26/2025 15:45,March,2.4,2.39
2/26/2025 15:50,March,0.49,0.49
2/26/2025 15:55,March,1.98,1.97
2/26/2025 16:00,March,1.98,1.97
2/26/2025 16:05,March,1.58,1.57
2/26/2025 16:10,March,1.98,1.97
2/26/2025 16:15,March,1.98,1.97
2/26/2025 16:20,March,0.43,0.43
2/26/2025 16:25,March,0.5,0.49
2/26/2025 16:30,March,0.5,0.49
2/26/2025 16:35,March,13.19,13.08
2/26/2025 16:40,March,3.42,3.39
2/26/2025 16:45,March,3.42,3.37
2/26/2025 16:50,March,3.52,3.47
2/26/2025 16:55,March,3.31,3.26
2/26/2025 17:00,March,3.06,3.01
2/26/2025 17:05,March,1.25,1.23
2/26/2025 17:10,March,2.3,2.26
2/26/2025 17:15,March,2.3,2.26
2/26/2025 17:20,March,2.88,2.83
2/26/2025 17:25,March,3.31,3.25
2/26/2025 17:30,March,3.09,3.03
2/26/2025 17:35,March,3.32,3.25
2/26/2025 17:40,March,3.32,3.25
2/26/2025 17:45,March,3.1,3.03
2/26/2025 17:50,March,3.5,3.43
2/26/2025 17:55,March,3.45,3.37
2/26/2025 18:00,March,3.45,3.37
2/26/2025 18:05,March,3.46,3.38
2/26/2025 18:10,March,6.47,6.3
2/26/2025 18:15,March,6.29,6.12
2/26/2025 18:20,March,3.74,3.64
2/26/2025 18:25,March,3.74,3.64
2/26/2025 18:30,March,3.87,3.76
2/26/2025 18:35,March,3.45,3.35
2/26/2025 18:40,March,3.5,3.4
2/26/2025 18:45,March,3.47,3.37
2/26/2025 18:50,March,3.46,3.36
2/26/2025 18:55,March,3.11,3.03
2/26/2025 19:00,March,2.47,2.4
2/26/2025 19:05,March,3.01,2.92
2/26/2025 19:10,March,3.06,2.97
2/26/2025 19:15,March,1.6,1.56
2/26/2025 19:20,March,2.99,2.9
2/26/2025 19:25,March,3.01,2.92
2/26/2025 19:30,March,3.03,2.95
2/26/2025 19:35,March,3.06,2.97
2/26/2025 19:40,March,2.44,2.37
2/26/2025 19:45,March,1.26,1.22
2/26/2025 19:50,March,6.5,6.32
2/26/2025 19:55,March,3.46,3.36
2/26/2025 20:00,March,3.12,3.03
2/26/2025 20:05,March,6.31,6.13
2/26/2025 20:10,March,3.25,3.16
2/26/2025 20:15,March,3.25,3.15
2/26/2025 20:20,March,3.36,3.26
2/26/2025 20:25,March,3.21,3.11
2/26/2025 20:30,March,3.17,3.07
2/26/2025 20:35,March,3.21,3.11
2/26/2025 20:40,March,3,2.91
2/26/2025 20:45,March,3.06,2.97
2/26/2025 20:50,March,3,2.91
2/26/2025 20:55,March,1.61,1.56
2/26/2025 21:00,March,2.04,1.98
2/26/2025 21:05,March,6.3,6.13
2/26/2025 21:10,March,3.44,3.35
2/26/2025 21:15,March,3.39,3.3
2/26/2025 21:20,March,3.06,2.98
2/26/2025 21:25,March,3.17,3.08
2/26/2025 21:30,March,3.36,3.27
2/26/2025 21:35,March,3.46,3.37
2/26/2025 21:40,March,2.32,2.26
2/26/2025 21:45,March,3.07,2.99
2/26/2025 21:50,March,2.03,1.98
2/26/2025 21:55,March,0.88,0.86
2/26/2025 22:00,March,0.46,0.45
2/26/2025 22:05,March,3.52,3.43
2/26/2025 22:10,March,3.4,3.32
2/26/2025 22:15,March,3.1,3.02
2/26/2025 22:20,March,3.24,3.15
2/26/2025 22:25,March,6.45,6.27
2/26/2025 22:30,March,3.45,3.36
2/26/2025 22:35,March,3.25,3.15
2/26/2025 22:40,March,3.25,3.16
2/26/2025 22:45,March,1.25,1.22
2/26/2025 22:50,March,2.33,2.26
2/26/2025 22:55,March,0.65,0.63
2/26/2025 23:00,March,0.88,0.86
2/26/2025 23:05,March,2.02,1.98
2/26/2025 23:10,March,2.02,1.98
2/26/2025 23:15,March,2.31,2.26
2/26/2025 23:20,March,2.41,2.35
2/26/2025 23:25,March,2.31,2.26
2/26/2025 23:30,March,1.25,1.22
2/26/2025 23:35,March,1.6,1.57
2/26/2025 23:40,March,2.02,1.98
2/26/2025 23:45,March,1.6,1.57
2/26/2025 23:50,March,1.6,1.57
2/26/2025 23:55,March,1.6,1.57
2/27/2025 0:00,March,0.73,0.71
2/27/2025 0:05,March,1.6,1.57
2/27/2025 0:10,March,2.3,2.25
2/27/2025 0:15,March,2.3,2.25
2/27/2025 0:20,March,2.42,2.37
2/27/2025 0:25,March,2.3,2.25
2/27/2025 0:30,March,2.3,2.25
2/27/2025 0:35,March,2.87,2.82
2/27/2025 0:40,March,2.55,2.5
2/27/2025 0:45,March,2.56,2.51
2/27/2025 0:50,March,2.3,2.26
2/27/2025 0:55,March,2.02,1.98
2/27/2025 1:00,March,2.29,2.25
2/27/2025 1:05,March,1.6,1.57
2/27/2025 1:10,March,2.29,2.25
2/27/2025 1:15,March,2.02,1.99
2/27/2025 1:20,March,2.29,2.25
2/27/2025 1:25,March,2.29,2.25
2/27/2025 1:30,March,2.29,2.25
2/27/2025 1:35,March,2.29,2.25
2/27/2025 1:40,March,1.59,1.57
2/27/2025 1:45,March,2.28,2.25
2/27/2025 1:50,March,0.65,0.64
2/27/2025 1:55,March,2.01,1.98
2/27/2025 2:00,March,1.6,1.57
2/27/2025 2:05,March,2.64,2.6
2/27/2025 2:10,March,0.7,0.69
2/27/2025 2:15,March,2.02,1.99
2/27/2025 2:20,March,1.25,1.24
2/27/2025 2:25,March,0.55,0.54
2/27/2025 2:30,March,1.46,1.44
2/27/2025 2:35,March,1.51,1.49
2/27/2025 2:40,March,1.71,1.69
2/27/2025 2:45,March,2.28,2.25
2/27/2025 2:50,March,2.28,2.24
2/27/2025 2:55,March,2.88,2.84
2/27/2025 3:00,March,2.06,2.03
2/27/2025 3:05,March,1.67,1.64
2/27/2025 3:10,March,2.28,2.25
2/27/2025 3:15,March,2.28,2.25
2/27/2025 3:20,March,2.28,2.25
2/27/2025 3:25,March,2.28,2.25
2/27/2025 3:30,March,2.28,2.25
2/27/2025 3:35,March,2.28,2.25
2/27/2025 3:40,March,2.28,2.25
2/27/2025 3:45,March,2.28,2.25
2/27/2025 3:50,March,2.7,2.66
2/27/2025 3:55,March,3.2,3.14
2/27/2025 4:00,March,2.89,2.84
2/27/2025 4:05,March,3.06,3
2/27/2025 4:10,March,3.06,3
2/27/2025 4:15,March,1.6,1.57
2/27/2025 4:20,March,2.29,2.25
2/27/2025 4:25,March,2.43,2.39
2/27/2025 4:30,March,2.29,2.25
2/27/2025 4:35,March,2.57,2.53
2/27/2025 4:40,March,2.43,2.39
2/27/2025 4:45,March,2.88,2.83
2/27/2025 4:50,March,2.3,2.26
2/27/2025 4:55,March,3.08,3.02
2/27/2025 5:00,March,3.06,3
2/27/2025 5:05,March,2.9,2.84
2/27/2025 5:10,March,3.08,3.02
2/27/2025 5:15,March,3.31,3.24
2/27/2025 5:20,March,3.11,3.04
2/27/2025 5:25,March,3.1,3.03
2/27/2025 5:30,March,2.93,2.87
2/27/2025 5:35,March,2.93,2.87
2/27/2025 5:40,March,2.39,2.34
2/27/2025 5:45,March,3.02,2.96
2/27/2025 5:50,March,2.93,2.86
2/27/2025 5:55,March,3.04,2.98
2/27/2025 6:00,March,3.04,2.98
2/27/2025 6:05,March,3.34,3.28
2/27/2025 6:10,March,3.34,3.28
2/27/2025 6:15,March,3.37,3.31
2/27/2025 6:20,March,3.3,3.24
2/27/2025 6:25,March,3.03,2.98
2/27/2025 6:30,March,3.04,2.99
2/27/2025 6:35,March,4.36,4.28
2/27/2025 6:40,March,3.34,3.28
2/27/2025 6:45,March,3.06,3.01
2/27/2025 6:50,March,0.46,0.45
2/27/2025 6:55,March,0.51,0.5
2/27/2025 7:00,March,0.61,0.6
2/27/2025 7:05,March,0,0
2/27/2025 7:10,March,0,0
2/27/2025 7:15,March,0.36,0.36
2/27/2025 7:20,March,0.61,0.61
2/27/2025 7:25,March,0.56,0.56
2/27/2025 7:30,March,0.79,0.78
2/27/2025 7:35,March,0.84,0.84
2/27/2025 7:40,March,1.58,1.57
2/27/2025 7:45,March,1.97,1.96
2/27/2025 7:50,March,2.25,2.24
2/27/2025 7:55,March,2.25,2.24
2/27/2025 8:00,March,2.82,2.81
2/27/2025 8:05,March,0,0
2/27/2025 8:10,March,0.26,0.26
2/27/2025 8:15,March,0.29,0.29
2/27/2025 8:20,March,0.26,0.26
2/27/2025 8:25,March,0.29,0.29
2/27/2025 8:30,March,0.3,0.3
2/27/2025 8:35,March,0.39,0.39
2/27/2025 8:40,March,0.54,0.54
2/27/2025 8:45,March,0.54,0.54
2/27/2025 8:50,March,1.47,1.47
2/27/2025 8:55,March,1.94,1.96
2/27/2025 9:00,March,2.23,2.24
2/27/2025 9:05,March,0,0
2/27/2025 9:10,March,0.19,0.2
2/27/2025 9:15,March,0.26,0.27
2/27/2025 9:20,March,0.26,0.27
2/27/2025 9:25,March,0.3,0.31
2/27/2025 9:30,March,0.44,0.45
2/27/2025 9:35,March,0.44,0.45
2/27/2025 9:40,March,0.44,0.44
2/27/2025 9:45,March,0.54,0.55
2/27/2025 9:50,March,0.44,0.45
2/27/2025 9:55,March,2.21,2.24
2/27/2025 10:00,March,2.2,2.24
2/27/2025 10:05,March,2.32,2.35
2/27/2025 10:10,March,0.97,0.98
2/27/2025 10:15,March,2.23,2.26
2/27/2025 10:20,March,2.21,2.24
2/27/2025 10:25,March,2.22,2.24
2/27/2025 10:30,March,2.22,2.24
2/27/2025 10:35,March,2.43,2.45
2/27/2025 10:40,March,2.22,2.24
2/27/2025 10:45,March,2.67,2.7
2/27/2025 10:50,March,2.67,2.7
2/27/2025 10:55,March,2.33,2.35
2/27/2025 11:00,March,2.22,2.24
2/27/2025 11:05,March,2.22,2.24
2/27/2025 11:10,March,2.76,2.79
2/27/2025 11:15,March,2.76,2.79
2/27/2025 11:20,March,2.33,2.35
2/27/2025 11:25,March,2.67,2.7
2/27/2025 11:30,March,0.54,0.55
2/27/2025 11:35,March,0.97,0.98
2/27/2025 11:40,March,1.94,1.96
2/27/2025 11:45,March,0.97,0.98
2/27/2025 11:50,March,0.97,0.98
2/27/2025 11:55,March,0.44,0.44
2/27/2025 12:00,March,0.39,0.39
2/27/2025 12:05,March,0.44,0.44
2/27/2025 12:10,March,0.39,0.39
2/27/2025 12:15,March,0.29,0.3
2/27/2025 12:20,March,0.32,0.32
2/27/2025 12:25,March,0.29,0.29
2/27/2025 12:30,March,0.29,0.29
2/27/2025 12:35,March,0.29,0.29
2/27/2025 12:40,March,0.29,0.29
2/27/2025 12:45,March,0.31,0.31
2/27/2025 12:50,March,0.39,0.39
2/27/2025 12:55,March,0.49,0.49
2/27/2025 13:00,March,2.22,2.23
2/27/2025 13:05,March,3.26,3.27
2/27/2025 13:10,March,3.26,3.27
2/27/2025 13:15,March,3.26,3.27
2/27/2025 13:20,March,3.23,3.22
2/27/2025 13:25,March,2.8,2.8
2/27/2025 13:30,March,3.02,3.02
2/27/2025 13:35,March,3.36,3.36
2/27/2025 13:40,March,3.26,3.26
2/27/2025 13:45,March,2.95,2.95
2/27/2025 13:50,March,2.89,2.89
2/27/2025 13:55,March,2.89,2.89
2/27/2025 14:00,March,2.92,2.93
2/27/2025 14:05,March,2.92,2.93
2/27/2025 14:10,March,3,3.01
2/27/2025 14:15,March,3.71,3.71
2/27/2025 14:20,March,3.38,3.36
2/27/2025 14:25,March,3.38,3.36
2/27/2025 14:30,March,3.26,3.24
2/27/2025 14:35,March,3.26,3.24
2/27/2025 14:40,March,3.11,3.1
2/27/2025 14:45,March,3.12,3.1
2/27/2025 14:50,March,2.97,2.96
2/27/2025 14:55,March,2.97,2.96
2/27/2025 15:00,March,2.36,2.34
2/27/2025 15:05,March,2.99,2.98
2/27/2025 15:10,March,3.03,3.02
2/27/2025 15:15,March,3.04,3.02
2/27/2025 15:20,March,3.05,3.04
2/27/2025 15:25,March,3.39,3.37
2/27/2025 15:30,March,3.39,3.37
2/27/2025 15:35,March,3.4,3.37
2/27/2025 15:40,March,3.49,3.46
2/27/2025 15:45,March,3.49,3.45
2/27/2025 15:50,March,4.31,4.27
2/27/2025 15:55,March,3.5,3.46
2/27/2025 16:00,March,3.49,3.45
2/27/2025 16:05,March,3.5,3.46
2/27/2025 16:10,March,3.51,3.46
2/27/2025 16:15,March,3.81,3.76
2/27/2025 16:20,March,3.6,3.55
2/27/2025 16:25,March,3.6,3.55
2/27/2025 16:30,March,6.04,5.95
2/27/2025 16:35,March,4.35,4.28
2/27/2025 16:40,March,3.83,3.76
2/27/2025 16:45,March,3.83,3.76
2/27/2025 16:50,March,3.83,3.76
2/27/2025 16:55,March,3.64,3.57
2/27/2025 17:00,March,3.48,3.42
2/27/2025 17:05,March,3.49,3.42
2/27/2025 17:10,March,3.39,3.32
2/27/2025 17:15,March,3.39,3.31
2/27/2025 17:20,March,3.48,3.41
2/27/2025 17:25,March,3.54,3.47
2/27/2025 17:30,March,4.71,4.6
2/27/2025 17:35,March,6.12,5.98
2/27/2025 17:40,March,6.12,5.97
2/27/2025 17:45,March,6.65,6.49
2/27/2025 17:50,March,6.13,5.98
2/27/2025 17:55,March,6.13,5.98
2/27/2025 18:00,March,6.13,5.98
2/27/2025 18:05,March,6.14,5.98
2/27/2025 18:10,March,6.15,5.98
2/27/2025 18:15,March,6.67,6.49
2/27/2025 18:20,March,6.15,5.98
2/27/2025 18:25,March,6.15,5.98
2/27/2025 18:30,March,6.14,5.98
2/27/2025 18:35,March,3.39,3.3
2/27/2025 18:40,March,3.48,3.39
2/27/2025 18:45,March,3.47,3.38
2/27/2025 18:50,March,6.14,5.97
2/27/2025 18:55,March,3.68,3.58
2/27/2025 19:00,March,3.16,3.08
2/27/2025 19:05,March,3.38,3.28
2/27/2025 19:10,March,3.47,3.37
2/27/2025 19:15,March,3.46,3.36
2/27/2025 19:20,March,3.66,3.55
2/27/2025 19:25,March,3.48,3.38
2/27/2025 19:30,March,3.66,3.55
2/27/2025 19:35,March,3.58,3.47
2/27/2025 19:40,March,3.51,3.4
2/27/2025 19:45,March,3.47,3.36
2/27/2025 19:50,March,3.51,3.4
2/27/2025 19:55,March,3.56,3.46
2/27/2025 20:00,March,3.51,3.4
2/27/2025 20:05,March,6.73,6.53
2/27/2025 20:10,March,3.58,3.47
2/27/2025 20:15,March,3.56,3.46
2/27/2025 20:20,March,3.47,3.36
2/27/2025 20:25,March,3.49,3.38
2/27/2025 20:30,March,3.47,3.36
2/27/2025 20:35,March,3.48,3.37
2/27/2025 20:40,March,3.47,3.36
2/27/2025 20:45,March,2.33,2.26
2/27/2025 20:50,March,2.42,2.35
2/27/2025 20:55,March,2.61,2.54
2/27/2025 21:00,March,2.33,2.27
2/27/2025 21:05,March,3.46,3.36
2/27/2025 21:10,March,3.46,3.36
2/27/2025 21:15,March,3.46,3.36
2/27/2025 21:20,March,3.46,3.36
2/27/2025 21:25,March,3.21,3.12
2/27/2025 21:30,March,3.1,3.01
2/27/2025 21:35,March,3.06,2.98
2/27/2025 21:40,March,3.03,2.95
2/27/2025 21:45,March,3.06,2.97
2/27/2025 21:50,March,3.06,2.97
2/27/2025 21:55,March,2.41,2.35
2/27/2025 22:00,March,2.33,2.27
2/27/2025 22:05,March,6.66,6.48
2/27/2025 22:10,March,3.56,3.46
2/27/2025 22:15,March,3.47,3.37
2/27/2025 22:20,March,3.45,3.36
2/27/2025 22:25,March,3.22,3.14
2/27/2025 22:30,March,3.06,2.98
2/27/2025 22:35,March,3.2,3.12
2/27/2025 22:40,March,3.08,3
2/27/2025 22:45,March,3.11,3.03
2/27/2025 22:50,March,3.34,3.26
2/27/2025 22:55,March,3.44,3.35
2/27/2025 23:00,March,3.35,3.27
2/27/2025 23:05,March,3.53,3.44
2/27/2025 23:10,March,3.45,3.36
2/27/2025 23:15,March,3.11,3.03
2/27/2025 23:20,March,3.09,3.01
2/27/2025 23:25,March,1.6,1.56
2/27/2025 23:30,March,2.32,2.26
2/27/2025 23:35,March,1.6,1.56
2/27/2025 23:40,March,2.03,1.98
2/27/2025 23:45,March,2.03,1.98
2/27/2025 23:50,March,2.03,1.98
2/27/2025 23:55,March,2.57,2.51
2/28/2025 0:00,March,1.6,1.56
2/28/2025 0:05,March,3.32,3.25
2/28/2025 0:10,March,3.22,3.15
2/28/2025 0:15,March,3.22,3.15
2/28/2025 0:20,March,3.32,3.25
2/28/2025 0:25,March,3.09,3.03
2/28/2025 0:30,March,3.21,3.15
2/28/2025 0:35,March,3.21,3.15
2/28/2025 0:40,March,3.21,3.15
2/28/2025 0:45,March,3.21,3.15
2/28/2025 0:50,March,3.44,3.37
2/28/2025 0:55,March,3.22,3.15
2/28/2025 1:00,March,3.22,3.15
2/28/2025 1:05,March,3.2,3.14
2/28/2025 1:10,March,3.2,3.14
2/28/2025 1:15,March,2.94,2.89
2/28/2025 1:20,March,3.19,3.14
2/28/2025 1:25,March,3.07,3.02
2/28/2025 1:30,March,4.7,4.62
2/28/2025 1:35,March,3.42,3.37
2/28/2025 1:40,March,3.35,3.3
2/28/2025 1:45,March,3.29,3.24
2/28/2025 1:50,March,3.07,3.03
2/28/2025 1:55,March,3.07,3.03
2/28/2025 2:00,March,3.07,3.03
2/28/2025 2:05,March,3.43,3.39
2/28/2025 2:10,March,3.18,3.14
2/28/2025 2:15,March,3.07,3.03
2/28/2025 2:20,March,3.07,3.03
2/28/2025 2:25,March,2.9,2.86
2/28/2025 2:30,March,3.28,3.24
2/28/2025 2:35,March,3.07,3.03
2/28/2025 2:40,March,3.07,3.03
2/28/2025 2:45,March,3.07,3.03
2/28/2025 2:50,March,3.07,3.03
2/28/2025 2:55,March,1.99,1.96
2/28/2025 3:00,March,2.6,2.57
2/28/2025 3:05,March,3.49,3.44
2/28/2025 3:10,March,3.35,3.31
2/28/2025 3:15,March,3.35,3.31
2/28/2025 3:20,March,3.18,3.14
2/28/2025 3:25,March,3.07,3.03
2/28/2025 3:30,March,2.9,2.86
2/28/2025 3:35,March,3.35,3.31
2/28/2025 3:40,March,3.41,3.36
2/28/2025 3:45,March,3.35,3.31
2/28/2025 3:50,March,3.38,3.34
2/28/2025 3:55,March,3.38,3.34
2/28/2025 4:00,March,3.38,3.34
2/28/2025 4:05,March,2.04,2.01
2/28/2025 4:10,March,2.89,2.85
2/28/2025 4:15,March,2.89,2.85
2/28/2025 4:20,March,2.2,2.17
2/28/2025 4:25,March,2.89,2.85
2/28/2025 4:30,March,3.42,3.37
2/28/2025 4:35,March,3.4,3.34
2/28/2025 4:40,March,3.52,3.46
2/28/2025 4:45,March,3.52,3.47
2/28/2025 4:50,March,3.5,3.45
2/28/2025 4:55,March,3.43,3.38
2/28/2025 5:00,March,3.42,3.37
2/28/2025 5:05,March,2.25,2.21
2/28/2025 5:10,March,3.39,3.33
2/28/2025 5:15,March,3.42,3.36
2/28/2025 5:20,March,3.08,3.03
2/28/2025 5:25,March,3.44,3.38
2/28/2025 5:30,March,4.39,4.31
2/28/2025 5:35,March,3.56,3.5
2/28/2025 5:40,March,3.52,3.46
2/28/2025 5:45,March,3.56,3.5
2/28/2025 5:50,March,3.56,3.51
2/28/2025 5:55,March,3.6,3.55
2/28/2025 6:00,March,3.53,3.47
2/28/2025 6:05,March,3.02,2.97
2/28/2025 6:10,March,3.49,3.44
2/28/2025 6:15,March,3.5,3.44
2/28/2025 6:20,March,3.49,3.44
2/28/2025 6:25,March,5.04,4.96
2/28/2025 6:30,March,3.55,3.5
2/28/2025 6:35,March,3.02,2.97
2/28/2025 6:40,March,3.45,3.4
2/28/2025 6:45,March,4.37,4.31
2/28/2025 6:50,March,1.17,1.15
2/28/2025 6:55,March,3.01,2.97
2/28/2025 7:00,March,0.54,0.53
2/28/2025 7:05,March,0.49,0.48
2/28/2025 7:10,March,0.64,0.63
2/28/2025 7:15,March,0.71,0.7
2/28/2025 7:20,March,2.99,2.97
2/28/2025 7:25,March,3.05,3.02
2/28/2025 7:30,March,3.03,3.01
2/28/2025 7:35,March,3.42,3.4
2/28/2025 7:40,March,3.37,3.36
2/28/2025 7:45,March,3.37,3.36
2/28/2025 7:50,March,3.36,3.36
2/28/2025 7:55,March,3.42,3.42
2/28/2025 8:00,March,3.44,3.45
2/28/2025 8:05,March,0.27,0.27
2/28/2025 8:10,March,0.3,0.3
2/28/2025 8:15,March,0.37,0.37
2/28/2025 8:20,March,1.98,1.99
2/28/2025 8:25,March,2.58,2.61
2/28/2025 8:30,March,2.84,2.87
2/28/2025 8:35,March,2.88,2.91
2/28/2025 8:40,March,2.92,2.95
2/28/2025 8:45,March,2.88,2.91
2/28/2025 8:50,March,2.98,3.01
2/28/2025 8:55,March,2.97,3.01
2/28/2025 9:00,March,3,3.03
2/28/2025 9:05,March,0.27,0.28
2/28/2025 9:10,March,0.31,0.31
2/28/2025 9:15,March,2.97,3
2/28/2025 9:20,March,3.01,3.04
2/28/2025 9:25,March,3.32,3.36
2/28/2025 9:30,March,3.39,3.43
2/28/2025 9:35,March,3.32,3.36
2/28/2025 9:40,March,3.09,3.13
2/28/2025 9:45,March,3.1,3.13
2/28/2025 9:50,March,3.02,3.05
2/28/2025 9:55,March,3.05,3.09
2/28/2025 10:00,March,3.09,3.13
2/28/2025 10:05,March,2.37,2.39
2/28/2025 10:10,March,3.06,3.09
2/28/2025 10:15,March,3.03,3.05
2/28/2025 10:20,March,3.33,3.36
2/28/2025 10:25,March,3.26,3.29
2/28/2025 10:30,March,4.24,4.28
2/28/2025 10:35,March,3.36,3.4
2/28/2025 10:40,March,3.33,3.36
2/28/2025 10:45,March,3.34,3.38
2/28/2025 10:50,March,3.36,3.4
2/28/2025 10:55,March,3.36,3.4
2/28/2025 11:00,March,3.11,3.14
2/28/2025 11:05,March,3.3,3.33
2/28/2025 11:10,March,1.98,1.99
2/28/2025 11:15,March,3.29,3.33
2/28/2025 11:20,March,3.28,3.31
2/28/2025 11:25,March,3.37,3.4
2/28/2025 11:30,March,2.45,2.47
2/28/2025 11:35,March,2.27,2.3
2/28/2025 11:40,March,3.04,3.07
2/28/2025 11:45,March,3.07,3.1
2/28/2025 11:50,March,2.97,3
2/28/2025 11:55,March,2.94,2.97
2/28/2025 12:00,March,0.26,0.26
2/28/2025 12:05,March,0,0
2/28/2025 12:10,March,0,0
2/28/2025 12:15,March,0.18,0.18
2/28/2025 12:20,March,2.85,2.88
2/28/2025 12:25,March,3,3.03
2/28/2025 12:30,March,3.23,3.26
2/28/2025 12:35,March,3.01,3.04
2/28/2025 12:40,March,3.01,3.04
2/28/2025 12:45,March,2.97,3
2/28/2025 12:50,March,3.01,3.04
2/28/2025 12:55,March,3.02,3.05
2/28/2025 13:00,March,3.36,3.4
2/28/2025 13:05,March,3.03,3.04
2/28/2025 13:10,March,3.37,3.39
2/28/2025 13:15,March,12.75,12.84
2/28/2025 13:20,March,6.43,6.47
2/28/2025 13:25,March,3.93,3.95
2/28/2025 13:30,March,3.92,3.95
2/28/2025 13:35,March,3.37,3.39
2/28/2025 13:40,March,3.33,3.34
2/28/2025 13:45,March,3.32,3.33
2/28/2025 13:50,March,3.38,3.39
2/28/2025 13:55,March,3.4,3.41
2/28/2025 14:00,March,3.37,3.39
2/28/2025 14:05,March,3.41,3.43
2/28/2025 14:10,March,3.44,3.45
2/28/2025 14:15,March,3.43,3.45
2/28/2025 14:20,March,3.54,3.55
2/28/2025 14:25,March,3.93,3.95
2/28/2025 14:30,March,3.44,3.45
2/28/2025 14:35,March,3.93,3.95
2/28/2025 14:40,March,3.46,3.47
2/28/2025 14:45,March,12.71,12.79
2/28/2025 14:50,March,12.64,12.71
2/28/2025 14:55,March,11.72,11.79
2/28/2025 15:00,March,5.94,5.98
2/28/2025 15:05,March,6.43,6.49
2/28/2025 15:10,March,6.43,6.48
2/28/2025 15:15,March,12.63,12.74
2/28/2025 15:20,March,6.45,6.5
2/28/2025 15:25,March,5.93,5.99
2/28/2025 15:30,March,6.43,6.49
2/28/2025 15:35,March,9.25,9.33
2/28/2025 15:40,March,6.45,6.5
2/28/2025 15:45,March,12.64,12.74
2/28/2025 15:50,March,6.51,6.56
2/28/2025 15:55,March,6.5,6.54
2/28/2025 16:00,March,12.67,12.74
2/28/2025 16:05,March,12.73,12.8
2/28/2025 16:10,March,12.76,12.82
2/28/2025 16:15,March,12.77,12.82
2/28/2025 16:20,March,12.73,12.77
2/28/2025 16:25,March,9.35,9.37
2/28/2025 16:30,March,4.71,4.72
2/28/2025 16:35,March,9.14,9.14
2/28/2025 16:40,March,6.03,6.03
2/28/2025 16:45,March,6.57,6.56
2/28/2025 16:50,March,5.04,5.03
2/28/2025 16:55,March,6.05,6.03
2/28/2025 17:00,March,5.14,5.13
2/28/2025 17:05,March,3.43,3.42
2/28/2025 17:10,March,5.18,5.16
2/28/2025 17:15,March,6.05,6.02
2/28/2025 17:20,March,6.07,6.03
2/28/2025 17:25,March,5.18,5.14
2/28/2025 17:30,March,6.58,6.53
2/28/2025 17:35,March,6.59,6.53
2/28/2025 17:40,March,6.61,6.54
2/28/2025 17:45,March,9.51,9.4
2/28/2025 17:50,March,6.68,6.6
2/28/2025 17:55,March,12.15,11.99
2/28/2025 18:00,March,11.24,11.09
2/28/2025 18:05,March,12.86,12.66
2/28/2025 18:10,March,12.89,12.67
2/28/2025 18:15,March,9.37,9.22
2/28/2025 18:20,March,12.9,12.69
2/28/2025 18:25,March,12.93,12.72
2/28/2025 18:30,March,12.97,12.76
2/28/2025 18:35,March,12.95,12.74
2/28/2025 18:40,March,13.13,12.92
2/28/2025 18:45,March,12.95,12.74
2/28/2025 18:50,March,13.23,13.01
2/28/2025 18:55,March,6.79,6.67
2/28/2025 19:00,March,4.8,4.72
2/28/2025 19:05,March,9.37,9.19
2/28/2025 19:10,March,9.35,9.18
2/28/2025 19:15,March,13.22,12.98
2/28/2025 19:20,March,9.36,9.18
2/28/2025 19:25,March,6.81,6.69
2/28/2025 19:30,March,6.19,6.08
2/28/2025 19:35,March,6.74,6.62
2/28/2025 19:40,March,3.65,3.58
2/28/2025 19:45,March,6.17,6.07
2/28/2025 19:50,March,4.81,4.73
2/28/2025 19:55,March,6.16,6.06
2/28/2025 20:00,March,3.63,3.57
2/28/2025 20:05,March,14.44,14.21
2/28/2025 20:10,March,13.24,13.03
2/28/2025 20:15,March,6.68,6.58
2/28/2025 20:20,March,6.54,6.44
2/28/2025 20:25,March,6.64,6.54
2/28/2025 20:30,March,6.68,6.57
2/28/2025 20:35,March,6.65,6.54
2/28/2025 20:40,March,4.5,4.43
2/28/2025 20:45,March,6.15,6.05
2/28/2025 20:50,March,3.62,3.57
2/28/2025 20:55,March,3.04,2.99
2/28/2025 21:00,March,3.46,3.41
2/28/2025 21:05,March,12.82,12.64
2/28/2025 21:10,March,12.65,12.46
2/28/2025 21:15,March,12.22,12.02
2/28/2025 21:20,March,6.73,6.61
2/28/2025 21:25,March,6.69,6.58
2/28/2025 21:30,March,5.22,5.13
2/28/2025 21:35,March,5.22,5.13
2/28/2025 21:40,March,1.25,1.23
2/28/2025 21:45,March,3.46,3.41
2/28/2025 21:50,March,3.53,3.48
2/28/2025 21:55,March,3.55,3.49
2/28/2025 22:00,March,3.54,3.48
2/28/2025 22:05,March,12.94,12.77
2/28/2025 22:10,March,12.9,12.71
2/28/2025 22:15,March,12.79,12.59
2/28/2025 22:20,March,6.66,6.55
2/28/2025 22:25,March,6.13,6.03
2/28/2025 22:30,March,3.76,3.7
2/28/2025 22:35,March,6.12,6.02
2/28/2025 22:40,March,5.32,5.24
2/28/2025 22:45,March,3.76,3.71
2/28/2025 22:50,March,3.53,3.48
2/28/2025 22:55,March,3.45,3.39
2/28/2025 23:00,March,3.46,3.41
2/28/2025 23:05,March,18.58,18.33
2/28/2025 23:10,March,6.05,5.97
2/28/2025 23:15,March,5.2,5.13
2/28/2025 23:20,March,6.04,5.96
2/28/2025 23:25,March,6.52,6.44
2/28/2025 23:30,March,6.56,6.47
2/28/2025 23:35,March,6.06,5.97
2/28/2025 23:40,March,1.24,1.23
2/28/2025 23:45,March,3.07,3.03
2/28/2025 23:50,March,3.44,3.4
2/28/2025 23:55,March,3.47,3.42
3/1/2025 0:00,March,3.44,3.4
3/1/2025 0:05,March,3.4,3.35
3/1/2025 0:10,March,3.39,3.35
3/1/2025 0:15,March,2.93,2.89
3/1/2025 0:20,March,3.29,3.25
3/1/2025 0:25,March,3.3,3.26
3/1/2025 0:30,March,3.38,3.34
3/1/2025 0:35,March,3.39,3.35
3/1/2025 0:40,March,3.37,3.33
3/1/2025 0:45,March,3.39,3.34
3/1/2025 0:50,March,3.3,3.25
3/1/2025 0:55,March,3.39,3.34
3/1/2025 1:00,March,3.3,3.25
3/1/2025 1:05,March,3.38,3.34
3/1/2025 1:10,March,3.37,3.33
3/1/2025 1:15,March,3.4,3.35
3/1/2025 1:20,March,3.38,3.33
3/1/2025 1:25,March,3.39,3.34
3/1/2025 1:30,March,3.29,3.25
3/1/2025 1:35,March,3.29,3.25
3/1/2025 1:40,March,2.9,2.86
3/1/2025 1:45,March,3.29,3.25
3/1/2025 1:50,March,2.9,2.86
3/1/2025 1:55,March,2.9,2.86
3/1/2025 2:00,March,2.98,2.94
3/1/2025 2:05,March,3.55,3.5
3/1/2025 2:10,March,3.42,3.37
3/1/2025 2:15,March,3.39,3.34
3/1/2025 2:20,March,3.39,3.34
3/1/2025 2:25,March,3.39,3.34
3/1/2025 2:30,March,3.36,3.31
3/1/2025 2:35,March,2.9,2.85
3/1/2025 2:40,March,3.09,3.04
3/1/2025 2:45,March,3.08,3.03
3/1/2025 2:50,March,3.08,3.03
3/1/2025 2:55,March,3.08,3.03
3/1/2025 3:00,March,3.09,3.04
3/1/2025 3:05,March,2.46,2.42
3/1/2025 3:10,March,2.6,2.56
3/1/2025 3:15,March,1.01,0.99
3/1/2025 3:20,March,1.01,1
3/1/2025 3:25,March,1.01,0.99
3/1/2025 3:30,March,0.81,0.8
3/1/2025 3:35,March,1.22,1.2
3/1/2025 3:40,March,2.08,2.05
3/1/2025 3:45,March,2.89,2.85
3/1/2025 3:50,March,2.45,2.42
3/1/2025 3:55,March,2.89,2.85
3/1/2025 4:00,March,2.9,2.85
3/1/2025 4:05,March,0.87,0.85
3/1/2025 4:10,March,0.81,0.8
3/1/2025 4:15,March,0.76,0.75
3/1/2025 4:20,March,3.39,3.34
3/1/2025 4:25,March,2.98,2.93
3/1/2025 4:30,March,2.98,2.93
3/1/2025 4:35,March,2.98,2.93
3/1/2025 4:40,March,3.39,3.34
3/1/2025 4:45,March,3.38,3.33
3/1/2025 4:50,March,2.9,2.86
3/1/2025 4:55,March,2.98,2.93
3/1/2025 5:00,March,2.98,2.93
3/1/2025 5:05,March,0.81,0.8
3/1/2025 5:10,March,2.9,2.86
3/1/2025 5:15,March,2.97,2.93
3/1/2025 5:20,March,2.97,2.93
3/1/2025 5:25,March,2.9,2.86
3/1/2025 5:30,March,2.6,2.57
3/1/2025 5:35,March,2.97,2.93
3/1/2025 5:40,March,3.38,3.34
3/1/2025 5:45,March,3.08,3.04
3/1/2025 5:50,March,2.98,2.93
3/1/2025 5:55,March,3.38,3.33
3/1/2025 6:00,March,3.33,3.29
3/1/2025 6:05,March,0.58,0.57
3/1/2025 6:10,March,2.89,2.86
3/1/2025 6:15,March,2.89,2.86
3/1/2025 6:20,March,2.89,2.86
3/1/2025 6:25,March,2.45,2.42
3/1/2025 6:30,March,2.59,2.55
3/1/2025 6:35,March,2.88,2.85
3/1/2025 6:40,March,2.88,2.85
3/1/2025 6:45,March,2.57,2.55
3/1/2025 6:50,March,0.74,0.73
3/1/2025 6:55,March,0.68,0.68
3/1/2025 7:00,March,0.86,0.85
3/1/2025 7:05,March,0,0
3/1/2025 7:10,March,0.77,0.76
3/1/2025 7:15,March,0.77,0.76
3/1/2025 7:20,March,0.82,0.82
3/1/2025 7:25,March,0.99,0.99
3/1/2025 7:30,March,1,0.99
3/1/2025 7:35,March,2.42,2.41
3/1/2025 7:40,March,3.04,3.03
3/1/2025 7:45,March,2.84,2.83
3/1/2025 7:50,March,2.83,2.83
3/1/2025 7:55,March,2.42,2.42
3/1/2025 8:00,March,2.98,2.98
3/1/2025 8:05,March,0,0
3/1/2025 8:10,March,0.6,0.6
3/1/2025 8:15,March,2.98,2.98
3/1/2025 8:20,March,0.58,0.58
3/1/2025 8:25,March,2.52,2.52
3/1/2025 8:30,March,2.82,2.83
3/1/2025 8:35,March,3.02,3.04
3/1/2025 8:40,March,2.84,2.86
3/1/2025 8:45,March,2.88,2.91
3/1/2025 8:50,March,0.63,0.64
3/1/2025 8:55,March,0.63,0.64
3/1/2025 9:00,March,3,3.02
3/1/2025 9:05,March,0.49,0.49
3/1/2025 9:10,March,0.32,0.32
3/1/2025 9:15,March,0.49,0.49
3/1/2025 9:20,March,0,0
3/1/2025 9:25,March,0.29,0.29
3/1/2025 9:30,March,0.49,0.49
3/1/2025 9:35,March,2.8,2.83
3/1/2025 9:40,March,3.34,3.39
3/1/2025 9:45,March,3.35,3.39
3/1/2025 9:50,March,3.32,3.36
3/1/2025 9:55,March,3.28,3.32
3/1/2025 10:00,March,3.27,3.32
3/1/2025 10:05,March,2.99,3.03
3/1/2025 10:10,March,2.94,2.98
3/1/2025 10:15,March,3.27,3.31
3/1/2025 10:20,March,2.94,2.98
3/1/2025 10:25,March,3.28,3.32
3/1/2025 10:30,March,2.96,3
3/1/2025 10:35,March,2.96,3
3/1/2025 10:40,March,2.99,3.03
3/1/2025 10:45,March,3.01,3.05
3/1/2025 10:50,March,2.99,3.02
3/1/2025 10:55,March,3.01,3.04
3/1/2025 11:00,March,3.01,3.04
3/1/2025 11:05,March,2.3,2.33
3/1/2025 11:10,March,2.93,2.96
3/1/2025 11:15,March,2.92,2.96
3/1/2025 11:20,March,2.92,2.96
3/1/2025 11:25,March,2.32,2.35
3/1/2025 11:30,March,2.88,2.92
3/1/2025 11:35,March,2.88,2.92
3/1/2025 11:40,March,2.35,2.38
3/1/2025 11:45,March,2.84,2.88
3/1/2025 11:50,March,2.36,2.38
3/1/2025 11:55,March,2.73,2.76
3/1/2025 12:00,March,0.48,0.49
3/1/2025 12:05,March,2.35,2.38
3/1/2025 12:10,March,0.32,0.32
3/1/2025 12:15,March,0.32,0.32
3/1/2025 12:20,March,0.48,0.49
3/1/2025 12:25,March,2.45,2.48
3/1/2025 12:30,March,2.3,2.33
3/1/2025 12:35,March,2.72,2.76
3/1/2025 12:40,March,2.83,2.86
3/1/2025 12:45,March,2.83,2.87
3/1/2025 12:50,March,2.32,2.35
3/1/2025 12:55,March,2.3,2.33
3/1/2025 13:00,March,3.35,3.39
3/1/2025 13:05,March,3.4,3.43
3/1/2025 13:10,March,3.39,3.43
3/1/2025 13:15,March,6.27,6.32
3/1/2025 13:20,March,3.41,3.44
3/1/2025 13:25,March,3.33,3.36
3/1/2025 13:30,March,3.3,3.33
3/1/2025 13:35,March,3.3,3.33
3/1/2025 13:40,March,2.94,2.97
3/1/2025 13:45,March,3.28,3.31
3/1/2025 13:50,March,3.01,3.04
3/1/2025 13:55,March,3.01,3.04
3/1/2025 14:00,March,3.01,3.04
3/1/2025 14:05,March,4.49,4.53
3/1/2025 14:10,March,3.3,3.33
3/1/2025 14:15,March,3.07,3.09
3/1/2025 14:20,March,3.07,3.09
3/1/2025 14:25,March,3.3,3.33
3/1/2025 14:30,March,3.3,3.32
3/1/2025 14:35,March,4.5,4.53
3/1/2025 14:40,March,3.36,3.39
3/1/2025 14:45,March,3.49,3.51
3/1/2025 14:50,March,3.49,3.51
3/1/2025 14:55,March,3.48,3.5
3/1/2025 15:00,March,3.37,3.39
3/1/2025 15:05,March,1.56,1.57
3/1/2025 15:10,March,3.37,3.4
3/1/2025 15:15,March,3.41,3.44
3/1/2025 15:20,March,3.49,3.52
3/1/2025 15:25,March,3.48,3.51
3/1/2025 15:30,March,3.49,3.52
3/1/2025 15:35,March,3.52,3.54
3/1/2025 15:40,March,3.43,3.45
3/1/2025 15:45,March,3.49,3.51
3/1/2025 15:50,March,3.43,3.44
3/1/2025 15:55,March,3.41,3.42
3/1/2025 16:00,March,3.47,3.47
3/1/2025 16:05,March,6.35,6.36
3/1/2025 16:10,March,4.23,4.23
3/1/2025 16:15,March,5.95,5.96
3/1/2025 16:20,March,3.5,3.5
3/1/2025 16:25,March,6.35,6.35
3/1/2025 16:30,March,4.24,4.24
3/1/2025 16:35,March,4.25,4.24
3/1/2025 16:40,March,3.6,3.59
3/1/2025 16:45,March,4.13,4.11
3/1/2025 16:50,March,3.62,3.6
3/1/2025 16:55,March,3.58,3.56
3/1/2025 17:00,March,3.6,3.57
3/1/2025 17:05,March,3.6,3.56
3/1/2025 17:10,March,4.02,3.97
3/1/2025 17:15,March,3.65,3.6
3/1/2025 17:20,March,4.16,4.1
3/1/2025 17:25,March,4.3,4.24
3/1/2025 17:30,March,6.44,6.35
3/1/2025 17:35,March,6.07,5.98
3/1/2025 17:40,March,6.48,6.38
3/1/2025 17:45,March,6.49,6.39
3/1/2025 17:50,March,12.46,12.26
3/1/2025 17:55,March,12.53,12.33
3/1/2025 18:00,March,6.49,6.39
3/1/2025 18:05,March,11.3,11.08
3/1/2025 18:10,March,12.66,12.39
3/1/2025 18:15,March,12.75,12.49
3/1/2025 18:20,March,12.9,12.64
3/1/2025 18:25,March,12.9,12.64
3/1/2025 18:30,March,12.55,12.29
3/1/2025 18:35,March,6.58,6.45
3/1/2025 18:40,March,6.13,6.01
3/1/2025 18:45,March,6.54,6.4
3/1/2025 18:50,March,6.1,5.98
3/1/2025 18:55,March,15.02,14.77
3/1/2025 19:00,March,12.66,12.45
3/1/2025 19:05,March,12.71,12.51
3/1/2025 19:10,March,18.3,18.01
3/1/2025 19:15,March,14.18,13.95
3/1/2025 19:20,March,14.22,14.01
3/1/2025 19:25,March,13.54,13.35
3/1/2025 19:30,March,13.19,13.01
3/1/2025 19:35,March,10.58,10.43
3/1/2025 19:40,March,12.13,11.96
3/1/2025 19:45,March,6.49,6.4
3/1/2025 19:50,March,6.53,6.44
3/1/2025 19:55,March,6.08,6
3/1/2025 20:00,March,6.48,6.39
3/1/2025 20:05,March,18.72,18.51
3/1/2025 20:10,March,18.36,18.15
3/1/2025 20:15,March,14.21,14.04
3/1/2025 20:20,March,13.17,13
3/1/2025 20:25,March,13.18,13.02
3/1/2025 20:30,March,11.21,11.07
3/1/2025 20:35,March,11.03,10.87
3/1/2025 20:40,March,6.52,6.43
3/1/2025 20:45,March,10.54,10.39
3/1/2025 20:50,March,6.56,6.46
3/1/2025 20:55,March,6.52,6.43
3/1/2025 21:00,March,6.52,6.43
3/1/2025 21:05,March,18.46,18.23
3/1/2025 21:10,March,14.18,13.99
3/1/2025 21:15,March,12.12,11.95
3/1/2025 21:20,March,13.15,13
3/1/2025 21:25,March,6.08,6
3/1/2025 21:30,March,6.07,6
3/1/2025 21:35,March,6.06,5.99
3/1/2025 21:40,March,6.05,5.98
3/1/2025 21:45,March,6.5,6.43
3/1/2025 21:50,March,3.78,3.74
3/1/2025 21:55,March,5.27,5.21
3/1/2025 22:00,March,6.04,5.96
3/1/2025 22:05,March,6.93,6.83
3/1/2025 22:10,March,7.3,7.19
3/1/2025 22:15,March,6.05,5.96
3/1/2025 22:20,March,6.05,5.96
3/1/2025 22:25,March,6.09,6.01
3/1/2025 22:30,March,5.36,5.28
3/1/2025 22:35,March,6.09,6.01
3/1/2025 22:40,March,6.04,5.96
3/1/2025 22:45,March,6.03,5.95
3/1/2025 22:50,March,3.5,3.45
3/1/2025 22:55,March,3.62,3.57
3/1/2025 23:00,March,3.47,3.42
3/1/2025 23:05,March,18.52,18.27
3/1/2025 23:10,March,13.12,12.92
3/1/2025 23:15,March,6.06,5.97
3/1/2025 23:20,March,6.07,5.98
3/1/2025 23:25,March,3.77,3.72
3/1/2025 23:30,March,5.2,5.12
3/1/2025 23:35,March,5.35,5.27
3/1/2025 23:40,March,3.62,3.56
3/1/2025 23:45,March,3.5,3.44
3/1/2025 23:50,March,3.64,3.58
3/1/2025 23:55,March,3.62,3.56
3/2/2025 0:00,March,3.63,3.56
3/2/2025 0:05,March,6.05,5.95
3/2/2025 0:10,March,5.21,5.12
3/2/2025 0:15,March,5.23,5.14
3/2/2025 0:20,March,3.44,3.38
3/2/2025 0:25,March,3.47,3.41
3/2/2025 0:30,March,3.1,3.04
3/2/2025 0:35,March,3.44,3.37
3/2/2025 0:40,March,3.42,3.36
3/2/2025 0:45,March,3.45,3.38
3/2/2025 0:50,March,3.42,3.36
3/2/2025 0:55,March,3.43,3.36
3/2/2025 1:00,March,3.44,3.37
3/2/2025 1:05,March,12.54,12.27
3/2/2025 1:10,March,6.11,5.98
3/2/2025 1:15,March,3.49,3.41
3/2/2025 1:20,March,6.12,5.98
3/2/2025 1:25,March,3.64,3.55
3/2/2025 1:30,March,3.5,3.41
3/2/2025 1:35,March,3.49,3.41
3/2/2025 1:40,March,3.54,3.45
3/2/2025 1:45,March,3.44,3.36
3/2/2025 1:50,March,3.46,3.37
3/2/2025 1:55,March,3.44,3.36
3/2/2025 2:00,March,3.44,3.36
3/2/2025 2:05,March,3.67,3.58
3/2/2025 2:10,March,3.53,3.44
3/2/2025 2:15,March,3.05,2.98
3/2/2025 2:20,March,3.43,3.35
3/2/2025 2:25,March,3.43,3.35
3/2/2025 2:30,March,3.44,3.36
3/2/2025 2:35,March,3.43,3.35
3/2/2025 2:40,March,3.43,3.35
3/2/2025 2:45,March,3.42,3.34
3/2/2025 2:50,March,3.05,2.98
3/2/2025 2:55,March,3.41,3.33
3/2/2025 3:00,March,3.42,3.35
3/2/2025 3:05,March,3.43,3.35
3/2/2025 3:10,March,3.43,3.35
3/2/2025 3:15,March,3.43,3.35
3/2/2025 3:20,March,3.51,3.43
3/2/2025 3:25,March,3.43,3.35
3/2/2025 3:30,March,3.43,3.35
3/2/2025 3:35,March,3.43,3.35
3/2/2025 3:40,March,3.43,3.35
3/2/2025 3:45,March,3.42,3.34
3/2/2025 3:50,March,3.42,3.34
3/2/2025 3:55,March,3.36,3.28
3/2/2025 4:00,March,3.36,3.28
3/2/2025 4:05,March,3.13,3.05
3/2/2025 4:10,March,3.4,3.32
3/2/2025 4:15,March,3.42,3.34
3/2/2025 4:20,March,3.42,3.34
3/2/2025 4:25,March,3.42,3.34
3/2/2025 4:30,March,3.42,3.34
3/2/2025 4:35,March,3.41,3.34
3/2/2025 4:40,March,3.42,3.34
3/2/2025 4:45,March,3.41,3.34
3/2/2025 4:50,March,3.41,3.34
3/2/2025 4:55,March,3.36,3.29
3/2/2025 5:00,March,3.11,3.05
3/2/2025 5:05,March,3.44,3.36
3/2/2025 5:10,March,3.42,3.34
3/2/2025 5:15,March,3.44,3.36
3/2/2025 5:20,March,3.42,3.34
3/2/2025 5:25,March,3.42,3.34
3/2/2025 5:30,March,3.11,3.05
3/2/2025 5:35,March,3.11,3.05
3/2/2025 5:40,March,3.41,3.34
3/2/2025 5:45,March,3.41,3.34
3/2/2025 5:50,March,3.41,3.34
3/2/2025 5:55,March,3.11,3.05
3/2/2025 6:00,March,3.41,3.34
3/2/2025 6:05,March,3.1,3.04
3/2/2025 6:10,March,3.1,3.04
3/2/2025 6:15,March,3.4,3.34
3/2/2025 6:20,March,2.88,2.82
3/2/2025 6:25,March,3.1,3.04
3/2/2025 6:30,March,3.04,2.98
3/2/2025 6:35,March,2.95,2.88
3/2/2025 6:40,March,3.04,2.97
3/2/2025 6:45,March,1.22,1.19
3/2/2025 6:50,March,1.61,1.57
3/2/2025 6:55,March,1.61,1.58
3/2/2025 7:00,March,1.61,1.58
3/2/2025 7:05,March,0.77,0.76
3/2/2025 7:10,March,0,0
3/2/2025 7:15,March,0.73,0.72
3/2/2025 7:20,March,2.91,2.87
3/2/2025 7:25,March,2.87,2.83
3/2/2025 7:30,March,0.83,0.82
3/2/2025 7:35,March,0.78,0.77
3/2/2025 7:40,March,0.68,0.67
3/2/2025 7:45,March,0.63,0.62
3/2/2025 7:50,March,0.63,0.62
3/2/2025 7:55,March,0.53,0.53
3/2/2025 8:00,March,0.68,0.68
3/2/2025 8:05,March,-0.98,-0.97
3/2/2025 8:10,March,0,0
3/2/2025 8:15,March,0,0
3/2/2025 8:20,March,0,0
3/2/2025 8:25,March,0,0
3/2/2025 8:30,March,0,0
3/2/2025 8:35,March,0,0
3/2/2025 8:40,March,0,0
3/2/2025 8:45,March,0,0
3/2/2025 8:50,March,0,0
3/2/2025 8:55,March,0,0
3/2/2025 9:00,March,0,0
3/2/2025 9:05,March,0,0
3/2/2025 9:10,March,0,0
3/2/2025 9:15,March,0,0
3/2/2025 9:20,March,0,0
3/2/2025 9:25,March,0,0
3/2/2025 9:30,March,0,0
3/2/2025 9:35,March,0.44,0.44
3/2/2025 9:40,March,0.49,0.49
3/2/2025 9:45,March,2.92,2.94
3/2/2025 9:50,March,2.78,2.81
3/2/2025 9:55,March,2.74,2.76
3/2/2025 10:00,March,2.78,2.8
3/2/2025 10:05,March,1.16,1.17
3/2/2025 10:10,March,12.61,12.63
3/2/2025 10:15,March,3.45,3.45
3/2/2025 10:20,March,3.05,3.06
3/2/2025 10:25,March,3.32,3.32
3/2/2025 10:30,March,3.05,3.06
3/2/2025 10:35,March,3.34,3.35
3/2/2025 10:40,March,2.88,2.89
3/2/2025 10:45,March,2.82,2.83
3/2/2025 10:50,March,1.34,1.34
3/2/2025 10:55,March,2.81,2.82
3/2/2025 11:00,March,1.34,1.34
3/2/2025 11:05,March,2.38,2.38
3/2/2025 11:10,March,1.27,1.27
3/2/2025 11:15,March,2.38,2.38
3/2/2025 11:20,March,2.76,2.76
3/2/2025 11:25,March,2.8,2.8
3/2/2025 11:30,March,1.34,1.34
3/2/2025 11:35,March,2.75,2.76
3/2/2025 11:40,March,2.82,2.82
3/2/2025 11:45,March,1.17,1.17
3/2/2025 11:50,March,0.27,0.27
3/2/2025 11:55,March,0.27,0.27
3/2/2025 12:00,March,0.27,0.27
3/2/2025 12:05,March,0.27,0.27
3/2/2025 12:10,March,2.37,2.37
3/2/2025 12:15,March,2.92,2.92
3/2/2025 12:20,March,2.81,2.81
3/2/2025 12:25,March,2.82,2.82
3/2/2025 12:30,March,2.8,2.8
3/2/2025 12:35,March,2.82,2.82
3/2/2025 12:40,March,2.8,2.8
3/2/2025 12:45,March,2.94,2.94
3/2/2025 12:50,March,2.94,2.94
3/2/2025 12:55,March,2.93,2.93
3/2/2025 13:00,March,2.85,2.85
3/2/2025 13:05,March,2.93,2.93
3/2/2025 13:10,March,2.95,2.95
3/2/2025 13:15,March,3.36,3.36
3/2/2025 13:20,March,2.87,2.87
3/2/2025 13:25,March,2.93,2.93
3/2/2025 13:30,March,2.87,2.87
3/2/2025 13:35,March,3.04,3.03
3/2/2025 13:40,March,2.87,2.87
3/2/2025 13:45,March,2.93,2.93
3/2/2025 13:50,March,3.03,3.02
3/2/2025 13:55,March,2.96,2.95
3/2/2025 14:00,March,2.95,2.95
3/2/2025 14:05,March,3.04,3.03
3/2/2025 14:10,March,3.15,3.13
3/2/2025 14:15,March,3.06,3.04
3/2/2025 14:20,March,3.09,3.07
3/2/2025 14:25,March,3.32,3.3
3/2/2025 14:30,March,3.16,3.13
3/2/2025 14:35,March,3.97,3.94
3/2/2025 14:40,March,3.96,3.93
3/2/2025 14:45,March,3.47,3.45
3/2/2025 14:50,March,3.96,3.93
3/2/2025 14:55,March,3.47,3.45
3/2/2025 15:00,March,3.36,3.34
3/2/2025 15:05,March,3.36,3.34
3/2/2025 15:10,March,3.37,3.35
3/2/2025 15:15,March,3.96,3.93
3/2/2025 15:20,March,3.47,3.45
3/2/2025 15:25,March,3.48,3.45
3/2/2025 15:30,March,3.97,3.93
3/2/2025 15:35,March,6.03,5.97
3/2/2025 15:40,March,6.47,6.4
3/2/2025 15:45,March,6.48,6.4
3/2/2025 15:50,March,12.54,12.37
3/2/2025 15:55,March,6.5,6.42
3/2/2025 16:00,March,6.07,5.99
3/2/2025 16:05,March,12.49,12.33
3/2/2025 16:10,March,6.08,6
3/2/2025 16:15,March,6.52,6.43
3/2/2025 16:20,March,6.55,6.44
3/2/2025 16:25,March,12.45,12.24
3/2/2025 16:30,March,6.55,6.44
3/2/2025 16:35,March,12.61,12.39
3/2/2025 16:40,March,12.56,12.33
3/2/2025 16:45,March,12.74,12.5
3/2/2025 16:50,March,12.68,12.48
3/2/2025 16:55,March,12.74,12.53
3/2/2025 17:00,March,12.56,12.4
3/2/2025 17:05,March,12.14,11.93
3/2/2025 17:10,March,6.5,6.39
3/2/2025 17:15,March,6.52,6.42
3/2/2025 17:20,March,12.13,11.92
3/2/2025 17:25,March,15.03,14.75
3/2/2025 17:30,March,18.38,18.05
3/2/2025 17:35,March,18.51,18.16
3/2/2025 17:40,March,24.32,23.86
3/2/2025 17:45,March,15.12,14.83
3/2/2025 17:50,March,6.54,6.41
3/2/2025 17:55,March,14.4,14.1
3/2/2025 18:00,March,25,24.49
3/2/2025 18:05,March,25.1,24.57
3/2/2025 18:10,March,25.5,24.91
3/2/2025 18:15,March,28.51,27.85
3/2/2025 18:20,March,28.59,27.93
3/2/2025 18:25,March,33.47,32.55
3/2/2025 18:30,March,32.31,31.37
3/2/2025 18:35,March,32.46,31.46
3/2/2025 18:40,March,31.1,30.19
3/2/2025 18:45,March,28.92,28.05
3/2/2025 18:50,March,27.93,27.1
3/2/2025 18:55,March,31.11,30.21
3/2/2025 19:00,March,28.73,27.89
3/2/2025 19:05,March,19.26,18.67
3/2/2025 19:10,March,15.24,14.77
3/2/2025 19:15,March,13.86,13.44
3/2/2025 19:20,March,11.11,10.78
3/2/2025 19:25,March,11.11,10.79
3/2/2025 19:30,March,10.49,10.19
3/2/2025 19:35,March,9.32,9.07
3/2/2025 19:40,March,9.3,9.05
3/2/2025 19:45,March,9.33,9.09
3/2/2025 19:50,March,9.34,9.09
3/2/2025 19:55,March,9.34,9.09
3/2/2025 20:00,March,9.31,9.06
3/2/2025 20:05,March,6.18,6.02
3/2/2025 20:10,March,8.65,8.43
3/2/2025 20:15,March,9.18,8.95
3/2/2025 20:20,March,8.65,8.45
3/2/2025 20:25,March,8.65,8.45
3/2/2025 20:30,March,6.6,6.44
3/2/2025 20:35,March,6.63,6.47
3/2/2025 20:40,March,6.59,6.43
3/2/2025 20:45,March,6.63,6.47
3/2/2025 20:50,March,6.59,6.43
3/2/2025 20:55,March,12.41,12.11
3/2/2025 21:00,March,6.22,6.08
3/2/2025 21:05,March,30.53,29.81
3/2/2025 21:10,March,26.58,25.86
3/2/2025 21:15,March,21.18,20.58
3/2/2025 21:20,March,26.32,25.55
3/2/2025 21:25,March,27.01,26.22
3/2/2025 21:30,March,12.76,12.38
3/2/2025 21:35,March,11.36,11.03
3/2/2025 21:40,March,9.23,8.97
3/2/2025 21:45,March,9.23,8.97
3/2/2025 21:50,March,6.64,6.46
3/2/2025 21:55,March,9.18,8.95
3/2/2025 22:00,March,6.61,6.46
3/2/2025 22:05,March,26.97,26.29
3/2/2025 22:10,March,27.06,26.26
3/2/2025 22:15,March,12.99,12.6
3/2/2025 22:20,March,9.42,9.15
3/2/2025 22:25,March,8.67,8.43
3/2/2025 22:30,March,6.61,6.43
3/2/2025 22:35,March,6.64,6.48
3/2/2025 22:40,March,6.61,6.45
3/2/2025 22:45,March,6.59,6.44
3/2/2025 22:50,March,5.09,4.98
3/2/2025 22:55,March,5.23,5.11
3/2/2025 23:00,March,6.19,6.05
3/2/2025 23:05,March,25.36,24.81
3/2/2025 23:10,March,12.92,12.63
3/2/2025 23:15,March,6.56,6.41
3/2/2025 23:20,March,6.56,6.42
3/2/2025 23:25,March,6.18,6.05
3/2/2025 23:30,March,6.18,6.05
3/2/2025 23:35,March,6.17,6.04
3/2/2025 23:40,March,6.17,6.04
3/2/2025 23:45,March,6.18,6.04
3/2/2025 23:50,March,3.7,3.61
3/2/2025 23:55,March,3.64,3.56
3/3/2025 0:00,March,3.69,3.61
3/3/2025 0:05,March,5.34,5.23
3/3/2025 0:10,March,4.98,4.87
3/3/2025 0:15,March,4.6,4.49
3/3/2025 0:20,March,3.54,3.46
3/3/2025 0:25,March,3.55,3.47
3/3/2025 0:30,March,3.54,3.46
3/3/2025 0:35,March,3.54,3.46
3/3/2025 0:40,March,3.49,3.41
3/3/2025 0:45,March,3.54,3.46
3/3/2025 0:50,March,3.49,3.41
3/3/2025 0:55,March,3.46,3.38
3/3/2025 1:00,March,3.47,3.39
3/3/2025 1:05,March,3.63,3.55
3/3/2025 1:10,March,3.56,3.48
3/3/2025 1:15,March,3.55,3.48
3/3/2025 1:20,March,3.56,3.49
3/3/2025 1:25,March,3.62,3.55
3/3/2025 1:30,March,3.49,3.42
3/3/2025 1:35,March,3.55,3.48
3/3/2025 1:40,March,3.55,3.48
3/3/2025 1:45,March,3.56,3.49
3/3/2025 1:50,March,3.56,3.49
3/3/2025 1:55,March,3.56,3.48
3/3/2025 2:00,March,3.55,3.48
3/3/2025 2:05,March,3.56,3.49
3/3/2025 2:10,March,3.57,3.49
3/3/2025 2:15,March,4.39,4.3
3/3/2025 2:20,March,3.62,3.54
3/3/2025 2:25,March,3.57,3.5
3/3/2025 2:30,March,3.57,3.5
3/3/2025 2:35,March,3.57,3.49
3/3/2025 2:40,March,3.57,3.49
3/3/2025 2:45,March,3.57,3.49
3/3/2025 2:50,March,3.57,3.49
3/3/2025 2:55,March,3.57,3.49
3/3/2025 3:00,March,3.57,3.49
3/3/2025 3:05,March,3.56,3.49
3/3/2025 3:10,March,3.57,3.49
3/3/2025 3:15,March,3.57,3.5
3/3/2025 3:20,March,3.58,3.5
3/3/2025 3:25,March,3.58,3.5
3/3/2025 3:30,March,3.57,3.5
3/3/2025 3:35,March,3.57,3.5
3/3/2025 3:40,March,3.57,3.49
3/3/2025 3:45,March,3.57,3.49
3/3/2025 3:50,March,3.56,3.49
3/3/2025 3:55,March,3.57,3.49
3/3/2025 4:00,March,3.57,3.49
3/3/2025 4:05,March,3.57,3.49
3/3/2025 4:10,March,3.56,3.49
3/3/2025 4:15,March,3.58,3.49
3/3/2025 4:20,March,3.62,3.53
3/3/2025 4:25,March,3.62,3.53
3/3/2025 4:30,March,3.58,3.49
3/3/2025 4:35,March,3.62,3.53
3/3/2025 4:40,March,3.58,3.49
3/3/2025 4:45,March,4.76,4.65
3/3/2025 4:50,March,3.64,3.55
3/3/2025 4:55,March,3.64,3.55
3/3/2025 5:00,March,3.57,3.49
3/3/2025 5:05,March,3.64,3.55
3/3/2025 5:10,March,6.22,6.06
3/3/2025 5:15,March,5.47,5.33
3/3/2025 5:20,March,3.67,3.58
3/3/2025 5:25,March,3.67,3.58
3/3/2025 5:30,March,3.65,3.55
3/3/2025 5:35,March,3.65,3.55
3/3/2025 5:40,March,3.67,3.57
3/3/2025 5:45,March,3.66,3.55
3/3/2025 5:50,March,3.67,3.57
3/3/2025 5:55,March,3.76,3.66
3/3/2025 6:00,March,6.21,6.04
3/3/2025 6:05,March,3.56,3.48
3/3/2025 6:10,March,3.65,3.56
3/3/2025 6:15,March,3.74,3.65
3/3/2025 6:20,March,3.66,3.58
3/3/2025 6:25,March,3.65,3.56
3/3/2025 6:30,March,3.58,3.5
3/3/2025 6:35,March,3.63,3.55
3/3/2025 6:40,March,3.49,3.41
3/3/2025 6:45,March,3.55,3.48
3/3/2025 6:50,March,3.48,3.41
3/3/2025 6:55,March,3.41,3.34
3/3/2025 7:00,March,3.42,3.36
3/3/2025 7:05,March,0,0
3/3/2025 7:10,March,3.03,2.97
3/3/2025 7:15,March,3.09,3.04
3/3/2025 7:20,March,3.31,3.26
3/3/2025 7:25,March,3.31,3.26
3/3/2025 7:30,March,3.09,3.05
3/3/2025 7:35,March,3.34,3.3
3/3/2025 7:40,March,3.4,3.37
3/3/2025 7:45,March,6.09,6.04
3/3/2025 7:50,March,3.51,3.48
3/3/2025 7:55,March,3.5,3.47
3/3/2025 8:00,March,3.47,3.45
3/3/2025 8:05,March,0,0
3/3/2025 8:10,March,2.79,2.77
3/3/2025 8:15,March,3.35,3.33
3/3/2025 8:20,March,3.35,3.33
3/3/2025 8:25,March,3.41,3.4
3/3/2025 8:30,March,3.43,3.42
3/3/2025 8:35,March,3.4,3.39
3/3/2025 8:40,March,3.45,3.44
3/3/2025 8:45,March,3.43,3.43
3/3/2025 8:50,March,3.42,3.43
3/3/2025 8:55,March,3.45,3.46
3/3/2025 9:00,March,3.45,3.46
3/3/2025 9:05,March,2.97,2.98
3/3/2025 9:10,March,3.36,3.38
3/3/2025 9:15,March,3.44,3.45
3/3/2025 9:20,March,3.44,3.46
3/3/2025 9:25,March,3.45,3.46
3/3/2025 9:30,March,3.45,3.46
3/3/2025 9:35,March,3.45,3.46
3/3/2025 9:40,March,3.52,3.54
3/3/2025 9:45,March,5.98,6.01
3/3/2025 9:50,March,6.32,6.35
3/3/2025 9:55,March,5.98,6.01
3/3/2025 10:00,March,3.53,3.55
3/3/2025 10:05,March,3.01,3.02
3/3/2025 10:10,March,3.52,3.54
3/3/2025 10:15,March,3.53,3.55
3/3/2025 10:20,March,4.5,4.52
3/3/2025 10:25,March,4.5,4.52
3/3/2025 10:30,March,4.5,4.52
3/3/2025 10:35,March,4.46,4.48
3/3/2025 10:40,March,4.49,4.51
3/3/2025 10:45,March,4.48,4.5
3/3/2025 10:50,March,4.27,4.29
3/3/2025 10:55,March,4.27,4.28
3/3/2025 11:00,March,4.07,4.08
3/3/2025 11:05,March,4.48,4.5
3/3/2025 11:10,March,4.49,4.5
3/3/2025 11:15,March,4.49,4.51
3/3/2025 11:20,March,5.94,5.96
3/3/2025 11:25,March,4.49,4.51
3/3/2025 11:30,March,4.47,4.48
3/3/2025 11:35,March,3.35,3.37
3/3/2025 11:40,March,4.44,4.46
3/3/2025 11:45,March,3.54,3.56
3/3/2025 11:50,March,3.36,3.37
3/3/2025 11:55,March,3.35,3.36
3/3/2025 12:00,March,2.99,3
3/3/2025 12:05,March,3.01,3.02
3/3/2025 12:10,March,3.35,3.36
3/3/2025 12:15,March,3.43,3.44
3/3/2025 12:20,March,3.43,3.44
3/3/2025 12:25,March,4.6,4.61
3/3/2025 12:30,March,4.51,4.51
3/3/2025 12:35,March,7.2,7.21
3/3/2025 12:40,March,4.51,4.52
3/3/2025 12:45,March,4.53,4.54
3/3/2025 12:50,March,5.96,5.97
3/3/2025 12:55,March,5.95,5.97
3/3/2025 13:00,March,6.74,6.76
3/3/2025 13:05,March,11.61,11.61
3/3/2025 13:10,March,11.71,11.69
3/3/2025 13:15,March,12.47,12.47
3/3/2025 13:20,March,8.98,8.98
3/3/2025 13:25,March,6.75,6.75
3/3/2025 13:30,March,9.28,9.29
3/3/2025 13:35,March,11.69,11.68
3/3/2025 13:40,March,10.24,10.24
3/3/2025 13:45,March,10.2,10.21
3/3/2025 13:50,March,11.58,11.59
3/3/2025 13:55,March,10.15,10.18
3/3/2025 14:00,March,12.39,12.41
3/3/2025 14:05,March,10.19,10.22
3/3/2025 14:10,March,9.24,9.28
3/3/2025 14:15,March,9.22,9.29
3/3/2025 14:20,March,10.11,10.18
3/3/2025 14:25,March,10.17,10.23
3/3/2025 14:30,March,10.12,10.18
3/3/2025 14:35,March,10.12,10.18
3/3/2025 14:40,March,12.53,12.62
3/3/2025 14:45,March,12.87,12.97
3/3/2025 14:50,March,11.85,11.93
3/3/2025 14:55,March,12.87,12.98
3/3/2025 15:00,March,10.11,10.18
3/3/2025 15:05,March,10.1,10.18
3/3/2025 15:10,March,6.3,6.36
3/3/2025 15:15,March,9.24,9.33
3/3/2025 15:20,March,10.09,10.17
3/3/2025 15:25,March,9.45,9.53
3/3/2025 15:30,March,10.09,10.17
3/3/2025 15:35,March,15.84,15.94
3/3/2025 15:40,March,17.89,18
3/3/2025 15:45,March,14.58,14.65
3/3/2025 15:50,March,14.61,14.66
3/3/2025 15:55,March,13.22,13.25
3/3/2025 16:00,March,12.92,12.94
3/3/2025 16:05,March,28.03,28.02
3/3/2025 16:10,March,27.68,27.64
3/3/2025 16:15,March,23.89,23.83
3/3/2025 16:20,March,24.69,24.59
3/3/2025 16:25,March,21.06,20.96
3/3/2025 16:30,March,18.42,18.33
3/3/2025 16:35,March,19.25,19.13
3/3/2025 16:40,March,20.4,20.25
3/3/2025 16:45,March,22.27,22.08
3/3/2025 16:50,March,31.68,31.37
3/3/2025 16:55,March,15.38,15.22
3/3/2025 17:00,March,11.48,11.34
3/3/2025 17:05,March,15.14,14.94
3/3/2025 17:10,March,11.16,11.01
3/3/2025 17:15,March,15.17,14.95
3/3/2025 17:20,March,15.43,15.19
3/3/2025 17:25,March,15.45,15.2
3/3/2025 17:30,March,11.18,11
3/3/2025 17:35,March,11.21,11.02
3/3/2025 17:40,March,19.53,19.17
3/3/2025 17:45,March,20.3,19.93
3/3/2025 17:50,March,23.09,22.64
3/3/2025 17:55,March,25.13,24.64
3/3/2025 18:00,March,31.18,30.54
3/3/2025 18:05,March,32.13,31.36
3/3/2025 18:10,March,32.45,31.57
3/3/2025 18:15,March,56.88,55.3
3/3/2025 18:20,March,56.7,55.15
3/3/2025 18:25,March,53.72,52.28
3/3/2025 18:30,March,53.73,52.32
3/3/2025 18:35,March,56.01,54.58
3/3/2025 18:40,March,56.01,54.55
3/3/2025 18:45,March,56.54,55.12
3/3/2025 18:50,March,56.56,55.1
3/3/2025 18:55,March,56.32,54.88
3/3/2025 19:00,March,33.42,32.64
3/3/2025 19:05,March,33.46,32.62
3/3/2025 19:10,March,32.39,31.59
3/3/2025 19:15,March,32.36,31.57
3/3/2025 19:20,March,30.23,29.5
3/3/2025 19:25,March,33.44,32.61
3/3/2025 19:30,March,32.42,31.62
3/3/2025 19:35,March,32.39,31.59
3/3/2025 19:40,March,32.12,31.34
3/3/2025 19:45,March,31.94,31.16
3/3/2025 19:50,March,31.34,30.57
3/3/2025 19:55,March,25.43,24.81
3/3/2025 20:00,March,21.26,20.75
3/3/2025 20:05,March,32.24,31.47
3/3/2025 20:10,March,32.23,31.46
3/3/2025 20:15,March,31.88,31.12
3/3/2025 20:20,March,32.57,31.78
3/3/2025 20:25,March,32.59,31.81
3/3/2025 20:30,March,32.24,31.47
3/3/2025 20:35,March,32.21,31.45
3/3/2025 20:40,March,31.9,31.14
3/3/2025 20:45,March,33.42,32.62
3/3/2025 20:50,March,32.23,31.46
3/3/2025 20:55,March,25.4,24.8
3/3/2025 21:00,March,25.36,24.77
3/3/2025 21:05,March,57.08,55.57
3/3/2025 21:10,March,32.67,31.82
3/3/2025 21:15,March,55.5,54.02
3/3/2025 21:20,March,32.88,32.02
3/3/2025 21:25,March,31.82,30.98
3/3/2025 21:30,March,30.41,29.61
3/3/2025 21:35,March,25.39,24.73
3/3/2025 21:40,March,21.25,20.7
3/3/2025 21:45,March,15.67,15.27
3/3/2025 21:50,March,14.24,13.88
3/3/2025 21:55,March,14.24,13.88
3/3/2025 22:00,March,14.01,13.66
3/3/2025 22:05,March,14.28,13.95
3/3/2025 22:10,March,25.46,24.86
3/3/2025 22:15,March,30.27,29.52
3/3/2025 22:20,March,24.25,23.65
3/3/2025 22:25,March,14.32,13.96
3/3/2025 22:30,March,14.28,13.93
3/3/2025 22:35,March,14.04,13.7
3/3/2025 22:40,March,14.02,13.69
3/3/2025 22:45,March,11.38,11.12
3/3/2025 22:50,March,10.43,10.19
3/3/2025 22:55,March,7.02,6.86
3/3/2025 23:00,March,6.64,6.49
3/3/2025 23:05,March,8.99,8.8
3/3/2025 23:10,March,11.72,11.47
3/3/2025 23:15,March,12.05,11.78
3/3/2025 23:20,March,11.65,11.38
3/3/2025 23:25,March,11.66,11.38
3/3/2025 23:30,March,10.14,9.89
3/3/2025 23:35,March,6.66,6.5
3/3/2025 23:40,March,8.72,8.51
3/3/2025 23:45,March,10.07,9.82
3/3/2025 23:50,March,8.52,8.31
3/3/2025 23:55,March,6.67,6.51
3/4/2025 0:00,March,5.44,5.3
3/4/2025 0:05,March,12.51,12.22
3/4/2025 0:10,March,12.49,12.19
3/4/2025 0:15,March,10.1,9.85
3/4/2025 0:20,March,11.77,11.48
3/4/2025 0:25,March,10.12,9.87
3/4/2025 0:30,March,7.05,6.88
3/4/2025 0:35,March,6.23,6.08
3/4/2025 0:40,March,6.62,6.46
3/4/2025 0:45,March,6.61,6.45
3/4/2025 0:50,March,6.22,6.07
3/4/2025 0:55,March,6.58,6.43
3/4/2025 1:00,March,5.51,5.38
3/4/2025 1:05,March,12.61,12.32
3/4/2025 1:10,March,12.34,12.05
3/4/2025 1:15,March,10.1,9.85
3/4/2025 1:20,March,6.62,6.46
3/4/2025 1:25,March,6.2,6.05
3/4/2025 1:30,March,9.75,9.51
3/4/2025 1:35,March,12.36,12.06
3/4/2025 1:40,March,9.56,9.33
3/4/2025 1:45,March,8.98,8.76
3/4/2025 1:50,March,8.97,8.75
3/4/2025 1:55,March,8.93,8.71
3/4/2025 2:00,March,6.22,6.07
3/4/2025 2:05,March,3.56,3.48
3/4/2025 2:10,March,3.64,3.56
3/4/2025 2:15,March,5.5,5.38
3/4/2025 2:20,March,5.5,5.38
3/4/2025 2:25,March,5.62,5.5
3/4/2025 2:30,March,6.14,6.01
3/4/2025 2:35,March,6.15,6.01
3/4/2025 2:40,March,5.24,5.12
3/4/2025 2:45,March,5.49,5.38
3/4/2025 2:50,March,5.49,5.38
3/4/2025 2:55,March,4.3,4.21
3/4/2025 3:00,March,3.63,3.55
3/4/2025 3:05,March,3.63,3.55
3/4/2025 3:10,March,4.3,4.2
3/4/2025 3:15,March,4.3,4.2
3/4/2025 3:20,March,3.63,3.55
3/4/2025 3:25,March,3.63,3.55
3/4/2025 3:30,March,3.54,3.46
3/4/2025 3:35,March,3.54,3.46
3/4/2025 3:40,March,3.54,3.46
3/4/2025 3:45,March,3.55,3.47
3/4/2025 3:50,March,4.09,3.99
3/4/2025 3:55,March,4.09,3.99
3/4/2025 4:00,March,3.54,3.46
3/4/2025 4:05,March,3.54,3.46
3/4/2025 4:10,March,4.71,4.6
3/4/2025 4:15,March,6.16,6.01
3/4/2025 4:20,March,4.19,4.09
3/4/2025 4:25,March,4.71,4.6
3/4/2025 4:30,March,4.29,4.19
3/4/2025 4:35,March,4.71,4.6
3/4/2025 4:40,March,5.5,5.37
3/4/2025 4:45,March,6.14,6
3/4/2025 4:50,March,4.3,4.2
3/4/2025 4:55,March,4.71,4.6
3/4/2025 5:00,March,5.5,5.37
3/4/2025 5:05,March,3.08,3
3/4/2025 5:10,March,3.55,3.47
3/4/2025 5:15,March,3.55,3.47
3/4/2025 5:20,March,4.3,4.2
3/4/2025 5:25,March,4.3,4.19
3/4/2025 5:30,March,4.3,4.19
3/4/2025 5:35,March,6.18,6.02
3/4/2025 5:40,March,6.18,6.03
3/4/2025 5:45,March,6.54,6.38
3/4/2025 5:50,March,6.55,6.39
3/4/2025 5:55,March,6.19,6.04
3/4/2025 6:00,March,6.19,6.04
3/4/2025 6:05,March,3.57,3.48
3/4/2025 6:10,March,3.57,3.49
3/4/2025 6:15,March,6.17,6.03
3/4/2025 6:20,March,3.55,3.47
3/4/2025 6:25,March,4.29,4.19
3/4/2025 6:30,March,3.55,3.46
3/4/2025 6:35,March,3.54,3.46
3/4/2025 6:40,March,3.54,3.46
3/4/2025 6:45,March,3.54,3.46
3/4/2025 6:50,March,3.54,3.46
3/4/2025 6:55,March,2.97,2.91
3/4/2025 7:00,March,3.1,3.03
3/4/2025 7:05,March,3.42,3.35
3/4/2025 7:10,March,3.52,3.45
3/4/2025 7:15,March,3.52,3.45
3/4/2025 7:20,March,3.47,3.4
3/4/2025 7:25,March,3.51,3.44
3/4/2025 7:30,March,3.48,3.42
3/4/2025 7:35,March,3.41,3.35
3/4/2025 7:40,March,3.47,3.42
3/4/2025 7:45,March,3.5,3.44
3/4/2025 7:50,March,3.49,3.44
3/4/2025 7:55,March,3.49,3.44
3/4/2025 8:00,March,6.06,5.98
3/4/2025 8:05,March,0.48,0.48
3/4/2025 8:10,March,3.01,3.01
3/4/2025 8:15,March,3.35,3.36
3/4/2025 8:20,March,3.33,3.34
3/4/2025 8:25,March,3.44,3.46
3/4/2025 8:30,March,3.41,3.42
3/4/2025 8:35,March,3.35,3.36
3/4/2025 8:40,March,3.63,3.66
3/4/2025 8:45,March,3.44,3.47
3/4/2025 8:50,March,3.44,3.47
3/4/2025 8:55,March,3.43,3.45
3/4/2025 9:00,March,6.3,6.35
3/4/2025 9:05,March,0.73,0.73
3/4/2025 9:10,March,3.36,3.36
3/4/2025 9:15,March,3.38,3.37
3/4/2025 9:20,March,3.43,3.42
3/4/2025 9:25,March,3.42,3.41
3/4/2025 9:30,March,3.49,3.48
3/4/2025 9:35,March,3.61,3.61
3/4/2025 9:40,March,3.45,3.44
3/4/2025 9:45,March,4.21,4.21
3/4/2025 9:50,March,3.49,3.48
3/4/2025 9:55,March,4.82,4.81
3/4/2025 10:00,March,4.69,4.68
3/4/2025 10:05,March,3.49,3.48
3/4/2025 10:10,March,4.52,4.51
3/4/2025 10:15,March,4.52,4.5
3/4/2025 10:20,March,4.65,4.63
3/4/2025 10:25,March,4.52,4.51
3/4/2025 10:30,March,4.86,4.85
3/4/2025 10:35,March,4.51,4.5
3/4/2025 10:40,March,4.51,4.5
3/4/2025 10:45,March,4.52,4.51
3/4/2025 10:50,March,4.51,4.5
3/4/2025 10:55,March,4.5,4.5
3/4/2025 11:00,March,4.5,4.49
3/4/2025 11:05,March,4.29,4.3
3/4/2025 11:10,March,4.2,4.21
3/4/2025 11:15,March,4.29,4.3
3/4/2025 11:20,March,4.84,4.84
3/4/2025 11:25,March,4.52,4.53
3/4/2025 11:30,March,4.84,4.84
3/4/2025 11:35,March,4.5,4.5
3/4/2025 11:40,March,4.5,4.5
3/4/2025 11:45,March,4.3,4.3
3/4/2025 11:50,March,4.29,4.3
3/4/2025 11:55,March,3.36,3.36
3/4/2025 12:00,March,4.21,4.22
3/4/2025 12:05,March,2.93,2.94
3/4/2025 12:10,March,2.35,2.35
3/4/2025 12:15,March,2.31,2.31
3/4/2025 12:20,March,3.29,3.29
3/4/2025 12:25,March,4.1,4.09
3/4/2025 12:30,March,4.48,4.48
3/4/2025 12:35,March,4.52,4.52
3/4/2025 12:40,March,3.42,3.42
3/4/2025 12:45,March,3.36,3.35
3/4/2025 12:50,March,3.42,3.41
3/4/2025 12:55,March,2.93,2.92
3/4/2025 13:00,March,4.52,4.51
3/4/2025 13:05,March,12.56,12.54
3/4/2025 13:10,March,12.63,12.6
3/4/2025 13:15,March,12.51,12.44
3/4/2025 13:20,March,6.1,6.07
3/4/2025 13:25,March,12.43,12.36
3/4/2025 13:30,March,6.12,6.09
3/4/2025 13:35,March,12.94,12.85
3/4/2025 13:40,March,14.13,14.03
3/4/2025 13:45,March,14.63,14.53
3/4/2025 13:50,March,14.13,14.05
3/4/2025 13:55,March,11.04,10.95
3/4/2025 14:00,March,12.94,12.81
3/4/2025 14:05,March,9.78,9.7
3/4/2025 14:10,March,14.7,14.58
3/4/2025 14:15,March,14.14,14.02
3/4/2025 14:20,March,15.04,14.92
3/4/2025 14:25,March,14.19,14.08
3/4/2025 14:30,March,15.04,14.92
3/4/2025 14:35,March,14.7,14.6
3/4/2025 14:40,March,13.67,13.58
3/4/2025 14:45,March,12.3,12.21
3/4/2025 14:50,March,13.64,13.54
3/4/2025 14:55,March,13.25,13.15
3/4/2025 15:00,March,11.03,10.94
3/4/2025 15:05,March,12.66,12.55
3/4/2025 15:10,March,10.99,10.89
3/4/2025 15:15,March,12.4,12.29
3/4/2025 15:20,March,12.52,12.43
3/4/2025 15:25,March,18.53,18.36
3/4/2025 15:30,March,20.4,20.19
3/4/2025 15:35,March,22.99,22.75
3/4/2025 15:40,March,23.85,23.57
3/4/2025 15:45,March,30.68,30.3
3/4/2025 15:50,March,29.11,28.73
3/4/2025 15:55,March,30.74,30.33
3/4/2025 16:00,March,27.78,27.39
3/4/2025 16:05,March,32.9,32.38
3/4/2025 16:10,March,31.71,31.16
3/4/2025 16:15,March,30.9,30.33
3/4/2025 16:20,March,32.42,31.8
3/4/2025 16:25,March,31.79,31.16
3/4/2025 16:30,March,27.53,27.04
3/4/2025 16:35,March,33,32.4
3/4/2025 16:40,March,31.91,31.3
3/4/2025 16:45,March,35.23,34.47
3/4/2025 16:50,March,31.85,31.16
3/4/2025 16:55,March,30.73,30.06
3/4/2025 17:00,March,21.16,20.7
3/4/2025 17:05,March,29.66,29.01
3/4/2025 17:10,March,21.5,21.03
3/4/2025 17:15,March,25.17,24.61
3/4/2025 17:20,March,23.56,23
3/4/2025 17:25,March,20.8,20.31
3/4/2025 17:30,March,21.16,20.66
3/4/2025 17:35,March,25.26,24.64
3/4/2025 17:40,March,22.3,21.76
3/4/2025 17:45,March,25.29,24.69
3/4/2025 17:50,March,25.43,24.82
3/4/2025 17:55,March,31.38,30.6
3/4/2025 18:00,March,31.75,30.95
3/4/2025 18:05,March,33.3,32.33
3/4/2025 18:10,March,53.23,51.59
3/4/2025 18:15,March,33.5,32.5
3/4/2025 18:20,March,33.5,32.5
3/4/2025 18:25,March,33.49,32.5
3/4/2025 18:30,March,33.47,32.51
3/4/2025 18:35,March,40.5,39.33
3/4/2025 18:40,March,33.5,32.51
3/4/2025 18:45,March,33.5,32.51
3/4/2025 18:50,March,33.47,32.51
3/4/2025 18:55,March,33.5,32.51
3/4/2025 19:00,March,33.51,32.51
3/4/2025 19:05,March,33.63,32.52
3/4/2025 19:10,March,42.98,41.55
3/4/2025 19:15,March,42.94,41.5
3/4/2025 19:20,March,42.91,41.45
3/4/2025 19:25,March,46.13,44.54
3/4/2025 19:30,March,40.09,38.72
3/4/2025 19:35,March,33.75,32.6
3/4/2025 19:40,March,33.72,32.62
3/4/2025 19:45,March,33.71,32.62
3/4/2025 19:50,March,32.59,31.54
3/4/2025 19:55,March,46.02,44.53
3/4/2025 20:00,March,32.27,31.24
3/4/2025 20:05,March,56.4,54.74
3/4/2025 20:10,March,56.35,54.67
3/4/2025 20:15,March,56.28,54.6
3/4/2025 20:20,March,56.32,54.63
3/4/2025 20:25,March,56.37,54.7
3/4/2025 20:30,March,55.85,54.17
3/4/2025 20:35,March,55.16,53.47
3/4/2025 20:40,March,6.21,6.21
3/4/2025 20:45,March,6.1,6.1
3/4/2025 20:50,March,6.21,6.21
3/4/2025 20:55,March,6.21,6.21
3/4/2025 21:00,March,6.1,6.1
3/4/2025 21:05,March,6.21,6.21
3/4/2025 21:10,March,6.22,6.22
3/4/2025 21:15,March,6.21,6.21
3/4/2025 21:20,March,6.21,6.21
3/4/2025 21:25,March,6.21,6.21
3/4/2025 21:30,March,6.11,6.11
3/4/2025 21:35,March,6.11,6.11
3/4/2025 21:40,March,5.82,5.82
3/4/2025 21:45,March,5.65,5.65
3/4/2025 21:50,March,5.79,5.79
3/4/2025 21:55,March,5.82,5.82
3/4/2025 22:00,March,5.78,5.78
3/4/2025 22:05,March,5.8,5.8
3/4/2025 22:10,March,5.8,5.8
3/4/2025 22:15,March,5.8,5.8
3/4/2025 22:20,March,5.8,5.8
3/4/2025 22:25,March,5.8,5.8
3/4/2025 22:30,March,5.8,5.8
3/4/2025 22:35,March,5.82,5.82
3/4/2025 22:40,March,5.3,5.3
3/4/2025 22:45,March,5.78,5.78
3/4/2025 22:50,March,5.79,5.79
3/4/2025 22:55,March,5.7,5.7
3/4/2025 23:00,March,5.79,5.79
3/4/2025 23:05,March,5.79,5.79
3/4/2025 23:10,March,5.79,5.79
3/4/2025 23:15,March,5.79,5.79
3/4/2025 23:20,March,5.79,5.79
3/4/2025 23:25,March,5.79,5.79
3/4/2025 23:30,March,5.79,5.79
3/4/2025 23:35,March,5.8,5.8
3/4/2025 23:40,March,5.79,5.79
3/4/2025 23:45,March,5.79,5.79
3/4/2025 23:50,March,5.79,5.79
3/4/2025 23:55,March,5.32,5.32
3/5/2025 0:00,March,5.68,5.68
3/5/2025 0:05,March,5.82,5.82
3/5/2025 0:10,March,5.82,5.82
3/5/2025 0:15,March,5.79,5.79
3/5/2025 0:20,March,5.79,5.79
3/5/2025 0:25,March,5.82,5.82
3/5/2025 0:30,March,5.8,5.8
3/5/2025 0:35,March,5.8,5.8
3/5/2025 0:40,March,5.77,5.77
3/5/2025 0:45,March,5.53,5.53
3/5/2025 0:50,March,4.5,4.5
3/5/2025 0:55,March,5.41,5.41
3/5/2025 1:00,March,5.53,5.53
3/5/2025 1:05,March,5.72,5.72
3/5/2025 1:10,March,5.72,5.72
3/5/2025 1:15,March,5.54,5.54
3/5/2025 1:20,March,5.72,5.72
3/5/2025 1:25,March,5.76,5.76
3/5/2025 1:30,March,5.71,5.71
3/5/2025 1:35,March,5.72,5.72
3/5/2025 1:40,March,4.77,4.77
3/5/2025 1:45,March,5.19,5.19
3/5/2025 1:50,March,3.3,3.3
3/5/2025 1:55,March,3.38,3.38
3/5/2025 2:00,March,5.17,5.17
3/5/2025 2:05,March,5.18,5.18
3/5/2025 2:10,March,3.38,3.38
3/5/2025 2:15,March,3.73,3.73
3/5/2025 2:20,March,3.39,3.39
3/5/2025 2:25,March,3.39,3.39
3/5/2025 2:30,March,3.37,3.37
3/5/2025 2:35,March,3.41,3.41
3/5/2025 2:40,March,3.52,3.52
3/5/2025 2:45,March,3.38,3.38
3/5/2025 2:50,March,3.43,3.43
3/5/2025 2:55,March,3.37,3.37
3/5/2025 3:00,March,3.37,3.37
3/5/2025 3:05,March,3.37,3.37
3/5/2025 3:10,March,3.37,3.37
3/5/2025 3:15,March,3.59,3.59
3/5/2025 3:20,March,3.59,3.59
3/5/2025 3:25,March,3.37,3.37
3/5/2025 3:30,March,3.6,3.6
3/5/2025 3:35,March,3.59,3.59
3/5/2025 3:40,March,3.37,3.37
3/5/2025 3:45,March,3.43,3.43
3/5/2025 3:50,March,3.43,3.43
3/5/2025 3:55,March,3.43,3.43
3/5/2025 4:00,March,3.43,3.43
3/5/2025 4:05,March,5.34,5.34
3/5/2025 4:10,March,5.14,5.14
3/5/2025 4:15,March,5.14,5.14
3/5/2025 4:20,March,5.35,5.35
3/5/2025 4:25,March,5.37,5.37
3/5/2025 4:30,March,3.82,3.82
3/5/2025 4:35,March,3.39,3.39
3/5/2025 4:40,March,5.14,5.14
3/5/2025 4:45,March,5.16,5.16
3/5/2025 4:50,March,5.16,5.16
3/5/2025 4:55,March,5.16,5.16
3/5/2025 5:00,March,5.17,5.17
3/5/2025 5:05,March,5.18,5.18
3/5/2025 5:10,March,5.79,5.79
3/5/2025 5:15,March,5.83,5.83
3/5/2025 5:20,March,5.51,5.51
3/5/2025 5:25,March,5.75,5.75
3/5/2025 5:30,March,5.75,5.75
3/5/2025 5:35,March,5.75,5.75
3/5/2025 5:40,March,5.83,5.83
3/5/2025 5:45,March,5.78,5.78
3/5/2025 5:50,March,5.75,5.75
3/5/2025 5:55,March,5.75,5.75
3/5/2025 6:00,March,5.75,5.75
3/5/2025 6:05,March,2.48,2.48
3/5/2025 6:10,March,3.41,3.41
3/5/2025 6:15,March,4.52,4.52
3/5/2025 6:20,March,3.41,3.41
3/5/2025 6:25,March,5.51,5.51
3/5/2025 6:30,March,3.4,3.4
3/5/2025 6:35,March,3.4,3.4
3/5/2025 6:40,March,2.86,2.86
3/5/2025 6:45,March,2.79,2.79
3/5/2025 6:50,March,2.71,2.71
3/5/2025 6:55,March,2.67,2.67
3/5/2025 7:00,March,2.67,2.67
3/5/2025 7:05,March,0,0
3/5/2025 7:10,March,0,0
3/5/2025 7:15,March,0.1,0.1
3/5/2025 7:20,March,0.1,0.1
3/5/2025 7:25,March,0.19,0.19
3/5/2025 7:30,March,0.19,0.19
3/5/2025 7:35,March,0.19,0.19
3/5/2025 7:40,March,3.26,3.26
3/5/2025 7:45,March,3.25,3.25
3/5/2025 7:50,March,3.15,3.15
3/5/2025 7:55,March,3.38,3.38
3/5/2025 8:00,March,3.47,3.47
3/5/2025 8:05,March,2.89,2.89
3/5/2025 8:10,March,3.35,3.35
3/5/2025 8:15,March,3.31,3.31
3/5/2025 8:20,March,3.28,3.28
3/5/2025 8:25,March,3.31,3.31
3/5/2025 8:30,March,3.41,3.41
3/5/2025 8:35,March,3.46,3.46
3/5/2025 8:40,March,3.47,3.47
3/5/2025 8:45,March,3.46,3.46
3/5/2025 8:50,March,3.39,3.39
3/5/2025 8:55,March,3.41,3.41
3/5/2025 9:00,March,3.46,3.46
3/5/2025 9:05,March,0.18,0.18
3/5/2025 9:10,March,2.93,2.93
3/5/2025 9:15,March,3.1,3.1
3/5/2025 9:20,March,3.36,3.36
3/5/2025 9:25,March,3.4,3.4
3/5/2025 9:30,March,3.4,3.4
3/5/2025 9:35,March,3.46,3.46
3/5/2025 9:40,March,3.46,3.46
3/5/2025 9:45,March,3.46,3.46
3/5/2025 9:50,March,6.31,6.31
3/5/2025 9:55,March,6.03,6.03
3/5/2025 10:00,March,6.15,6.15
3/5/2025 10:05,March,3.37,3.37
3/5/2025 10:10,March,4.56,4.56
3/5/2025 10:15,March,4.91,4.91
3/5/2025 10:20,March,4.91,4.91
3/5/2025 10:25,March,5.53,5.53
3/5/2025 10:30,March,6.05,6.05
3/5/2025 10:35,March,6.04,6.04
3/5/2025 10:40,March,6.15,6.15
3/5/2025 10:45,March,6.32,6.32
3/5/2025 10:50,March,6.32,6.32
3/5/2025 10:55,March,6.05,6.05
3/5/2025 11:00,March,5.54,5.54
3/5/2025 11:05,March,4.69,4.69
3/5/2025 11:10,March,4.56,4.56
3/5/2025 11:15,March,4.56,4.56
3/5/2025 11:20,March,5.53,5.53
3/5/2025 11:25,March,6.14,6.14
3/5/2025 11:30,March,5.54,5.54
3/5/2025 11:35,March,4.56,4.56
3/5/2025 11:40,March,4.55,4.55
3/5/2025 11:45,March,3.41,3.41
3/5/2025 11:50,March,3.12,3.12
3/5/2025 11:55,March,3.12,3.12
3/5/2025 12:00,March,2.98,2.98
3/5/2025 12:05,March,3.11,3.11
3/5/2025 12:10,March,4.33,4.33
3/5/2025 12:15,March,3.38,3.38
3/5/2025 12:20,March,3.39,3.39
3/5/2025 12:25,March,4.33,4.33
3/5/2025 12:30,March,3.41,3.41
3/5/2025 12:35,March,4.68,4.68
3/5/2025 12:40,March,4.55,4.55
3/5/2025 12:45,March,4.56,4.56
3/5/2025 12:50,March,4.13,4.13
3/5/2025 12:55,March,4.55,4.55
3/5/2025 13:00,March,6.31,6.31
3/5/2025 13:05,March,6.35,6.35
3/5/2025 13:10,March,6.35,6.35
3/5/2025 13:15,March,6.35,6.35
3/5/2025 13:20,March,6.35,6.35
3/5/2025 13:25,March,6.35,6.35
3/5/2025 13:30,March,6.35,6.35
3/5/2025 13:35,March,6.35,6.35
3/5/2025 13:40,March,6.35,6.35
3/5/2025 13:45,March,6.35,6.35
3/5/2025 13:50,March,6.35,6.35
3/5/2025 13:55,March,6.35,6.35
3/5/2025 14:00,March,6.35,6.35
3/5/2025 14:05,March,6.35,6.35
3/5/2025 14:10,March,6.35,6.35
3/5/2025 14:15,March,6.35,6.35
3/5/2025 14:20,March,6.35,6.35
3/5/2025 14:25,March,6.35,6.35
3/5/2025 14:30,March,6.35,6.35
3/5/2025 14:35,March,6.35,6.35
3/5/2025 14:40,March,6.35,6.35
3/5/2025 14:45,March,6.35,6.35
3/5/2025 14:50,March,6.35,6.35
3/5/2025 14:55,March,6.35,6.35
3/5/2025 15:00,March,6.35,6.35
3/5/2025 15:05,March,6.35,6.35
3/5/2025 15:10,March,6.35,6.35
3/5/2025 15:15,March,6.35,6.35
3/5/2025 15:20,March,6.35,6.35
3/5/2025 15:25,March,6.35,6.35
3/5/2025 15:30,March,6.35,6.35
3/5/2025 15:35,March,6.35,6.35
3/5/2025 15:40,March,6.35,6.35
3/5/2025 15:45,March,6.35,6.35
3/5/2025 15:50,March,6.35,6.35
3/5/2025 15:55,March,6.35,6.35
3/5/2025 16:00,March,6.35,6.35
3/5/2025 16:05,March,6.34,6.34
3/5/2025 16:10,March,6.31,6.31
3/5/2025 16:15,March,6.31,6.31
3/5/2025 16:20,March,6.35,6.35
3/5/2025 16:25,March,6.35,6.35
3/5/2025 16:30,March,6.35,6.35
3/5/2025 16:35,March,6.35,6.35
3/5/2025 16:40,March,6.35,6.35
3/5/2025 16:45,March,6.35,6.35
3/5/2025 16:50,March,6.35,6.35
3/5/2025 16:55,March,6.35,6.35
3/5/2025 17:00,March,6.35,6.35
3/5/2025 17:05,March,5.79,5.79
3/5/2025 17:10,March,5.79,5.79
3/5/2025 17:15,March,6.34,6.34
3/5/2025 17:20,March,6.35,6.35
3/5/2025 17:25,March,6.35,6.35
3/5/2025 17:30,March,6.35,6.35
3/5/2025 17:35,March,6.35,6.35
3/5/2025 17:40,March,6.35,6.35
3/5/2025 17:45,March,6.35,6.35
3/5/2025 17:50,March,6.35,6.35
3/5/2025 17:55,March,6.35,6.35
3/5/2025 18:00,March,6.35,6.35
3/5/2025 18:05,March,6.35,6.35
3/5/2025 18:10,March,6.35,6.35
3/5/2025 18:15,March,6.35,6.35
3/5/2025 18:20,March,6.35,6.35
3/5/2025 18:25,March,6.35,6.35
3/5/2025 18:30,March,6.35,6.35
3/5/2025 18:35,March,6.35,6.35
3/5/2025 18:40,March,6.35,6.35
3/5/2025 18:45,March,6.35,6.35
3/5/2025 18:50,March,6.35,6.35
3/5/2025 18:55,March,6.35,6.35
3/5/2025 19:00,March,6.35,6.35
3/5/2025 19:05,March,6.35,6.35
3/5/2025 19:10,March,6.35,6.35
3/5/2025 19:15,March,6.35,6.35
3/5/2025 19:20,March,6.35,6.35
3/5/2025 19:25,March,6.35,6.35
3/5/2025 19:30,March,6.35,6.35
3/5/2025 19:35,March,6.35,6.35
3/5/2025 19:40,March,6.35,6.35
3/5/2025 19:45,March,6.35,6.35
3/5/2025 19:50,March,6.35,6.35
3/5/2025 19:55,March,6.35,6.35
3/5/2025 20:00,March,6.35,6.35
3/5/2025 20:05,March,6.35,6.35
3/5/2025 20:10,March,6.35,6.35
3/5/2025 20:15,March,6.35,6.35
3/5/2025 20:20,March,6.35,6.35
3/5/2025 20:25,March,6.35,6.35
3/5/2025 20:30,March,6.35,6.35
3/5/2025 20:35,March,6.35,6.35
3/5/2025 20:40,March,6.35,6.35
3/5/2025 20:45,March,6.35,6.35
3/5/2025 20:50,March,6.35,6.35
3/5/2025 20:55,March,6.35,6.35
3/5/2025 21:00,March,6.35,6.35
3/5/2025 21:05,March,6.35,6.35
3/5/2025 21:10,March,6.35,6.35
3/5/2025 21:15,March,6.35,6.35
3/5/2025 21:20,March,33.86,32.9
3/5/2025 21:25,March,33.84,32.89
3/5/2025 21:30,March,33.75,32.79
3/5/2025 21:35,March,33.81,32.82
3/5/2025 21:40,March,6.11,6.11
3/5/2025 21:45,March,5.81,5.81
3/5/2025 21:50,March,5.81,5.81
3/5/2025 21:55,March,5.82,5.82
3/5/2025 22:00,March,5.8,5.8
3/5/2025 22:05,March,5.8,5.8
3/5/2025 22:10,March,5.81,5.81
3/5/2025 22:15,March,5.8,5.8
3/5/2025 22:20,March,40.95,39.8
3/5/2025 22:25,March,40.79,39.64
3/5/2025 22:30,March,5.81,5.81
3/5/2025 22:35,March,5.82,5.82
3/5/2025 22:40,March,5.82,5.82
3/5/2025 22:45,March,5.82,5.82
3/5/2025 22:50,March,5.82,5.82
3/5/2025 22:55,March,5.8,5.8
3/5/2025 23:00,March,5.8,5.8
3/5/2025 23:05,March,5.81,5.81
3/5/2025 23:10,March,5.8,5.8
3/5/2025 23:15,March,5.8,5.8
3/5/2025 23:20,March,5.8,5.8
3/5/2025 23:25,March,5.8,5.8
3/5/2025 23:30,March,5.8,5.8
3/5/2025 23:35,March,5.8,5.8
3/5/2025 23:40,March,5.8,5.8
3/5/2025 23:45,March,5.8,5.8
3/5/2025 23:50,March,5.8,5.8
3/5/2025 23:55,March,5.8,5.8
3/6/2025 0:00,March,5.32,5.32
3/6/2025 0:05,March,5.8,5.8
3/6/2025 0:10,March,5.8,5.8
3/6/2025 0:15,March,5.8,5.8
3/6/2025 0:20,March,4.99,4.99
3/6/2025 0:25,March,5.46,5.46
3/6/2025 0:30,March,5.46,5.46
3/6/2025 0:35,March,5.46,5.46
3/6/2025 0:40,March,5.46,5.46
3/6/2025 0:45,March,5.46,5.46
3/6/2025 0:50,March,5.45,5.45
3/6/2025 0:55,March,5.45,5.45
3/6/2025 1:00,March,4.98,4.98
3/6/2025 1:05,March,5.81,5.81
3/6/2025 1:10,March,5.83,5.83
3/6/2025 1:15,March,5.81,5.81
3/6/2025 1:20,March,5.83,5.83
3/6/2025 1:25,March,5.44,5.44
3/6/2025 1:30,March,5.44,5.44
3/6/2025 1:35,March,5.46,5.46
3/6/2025 1:40,March,5.46,5.46
3/6/2025 1:45,March,5.46,5.46
3/6/2025 1:50,March,5.81,5.81
3/6/2025 1:55,March,3.2,3.2
3/6/2025 2:00,March,3.36,3.36
3/6/2025 2:05,March,5.78,5.78
3/6/2025 2:10,March,3.39,3.39
3/6/2025 2:15,March,5.41,5.41
3/6/2025 2:20,March,3.22,3.22
3/6/2025 2:25,March,3.37,3.37
3/6/2025 2:30,March,3.33,3.33
3/6/2025 2:35,March,5.43,5.43
3/6/2025 2:40,March,3.91,3.91
3/6/2025 2:45,March,3.9,3.9
3/6/2025 2:50,March,3.37,3.37
3/6/2025 2:55,March,3.36,3.36
3/6/2025 3:00,March,3.34,3.34
3/6/2025 3:05,March,3.36,3.36
3/6/2025 3:10,March,3.36,3.36
3/6/2025 3:15,March,3.36,3.36
3/6/2025 3:20,March,3.77,3.77
3/6/2025 3:25,March,3.28,3.28
3/6/2025 3:30,March,3.37,3.37
3/6/2025 3:35,March,3.37,3.37
3/6/2025 3:40,March,3.63,3.63
3/6/2025 3:45,March,3.62,3.62
3/6/2025 3:50,March,3.26,3.26
3/6/2025 3:55,March,3.36,3.36
3/6/2025 4:00,March,3.31,3.31
3/6/2025 4:05,March,3.36,3.36
3/6/2025 4:10,March,3.41,3.41
3/6/2025 4:15,March,3.37,3.37
3/6/2025 4:20,March,5.19,5.19
3/6/2025 4:25,March,5.19,5.19
3/6/2025 4:30,March,5.19,5.19
3/6/2025 4:35,March,5.52,5.52
3/6/2025 4:40,March,5.2,5.2
3/6/2025 4:45,March,5.2,5.2
3/6/2025 4:50,March,3.42,3.42
3/6/2025 4:55,March,5.52,5.52
3/6/2025 5:00,March,5.52,5.52
3/6/2025 5:05,March,5.77,5.77
3/6/2025 5:10,March,5.8,5.8
3/6/2025 5:15,March,6.08,6.08
3/6/2025 5:20,March,5.84,5.84
3/6/2025 5:25,March,6.08,6.08
3/6/2025 5:30,March,4.36,4.36
3/6/2025 5:35,March,5.76,5.76
3/6/2025 5:40,March,6.07,6.07
3/6/2025 5:45,March,5.76,5.76
3/6/2025 5:50,March,4.61,4.61
3/6/2025 5:55,March,5.53,5.53
3/6/2025 6:00,March,4.79,4.79
3/6/2025 6:05,March,0.77,0.77
3/6/2025 6:10,March,3.39,3.39
3/6/2025 6:15,March,3.39,3.39
3/6/2025 6:20,March,3.39,3.39
3/6/2025 6:25,March,4.02,4.02
3/6/2025 6:30,March,3.31,3.31
3/6/2025 6:35,March,2.94,2.94
3/6/2025 6:40,March,3.18,3.18
3/6/2025 6:45,March,2.95,2.95
3/6/2025 6:50,March,3.11,3.11
3/6/2025 6:55,March,2.96,2.96
3/6/2025 7:00,March,3.11,3.11
3/6/2025 7:05,March,0,0
3/6/2025 7:10,March,0.88,0.88
3/6/2025 7:15,March,3.15,3.15
3/6/2025 7:20,March,3.19,3.19
3/6/2025 7:25,March,3.2,3.2
3/6/2025 7:30,March,3.2,3.2
3/6/2025 7:35,March,3.22,3.22
3/6/2025 7:40,March,3.36,3.36
3/6/2025 7:45,March,3.39,3.39
3/6/2025 7:50,March,3.51,3.51
3/6/2025 7:55,March,6.11,6.11
3/6/2025 8:00,March,6.35,6.35
3/6/2025 8:05,March,-0.09,-0.09
3/6/2025 8:10,March,3.15,3.15
3/6/2025 8:15,March,3.27,3.27
3/6/2025 8:20,March,3.32,3.32
3/6/2025 8:25,March,3.37,3.37
3/6/2025 8:30,March,3.39,3.39
3/6/2025 8:35,March,3.4,3.4
3/6/2025 8:40,March,5.55,5.55
3/6/2025 8:45,March,3.51,3.51
3/6/2025 8:50,March,5.78,5.78
3/6/2025 8:55,March,6.32,6.32
3/6/2025 9:00,March,6.03,6.03
3/6/2025 9:05,March,0.18,0.18
3/6/2025 9:10,March,3.25,3.25
3/6/2025 9:15,March,3.25,3.25
3/6/2025 9:20,March,3.4,3.4
3/6/2025 9:25,March,3.4,3.4
3/6/2025 9:30,March,3.45,3.45
3/6/2025 9:35,March,6.03,6.03
3/6/2025 9:40,March,5.55,5.55
3/6/2025 9:45,March,5.54,5.54
3/6/2025 9:50,March,6.3,6.3
3/6/2025 9:55,March,6.16,6.16
3/6/2025 10:00,March,6.16,6.16
3/6/2025 10:05,March,4.53,4.53
3/6/2025 10:10,March,4.78,4.78
3/6/2025 10:15,March,4.67,4.67
3/6/2025 10:20,March,4.52,4.52
3/6/2025 10:25,March,4.52,4.52
3/6/2025 10:30,March,4.77,4.77
3/6/2025 10:35,March,4.67,4.67
3/6/2025 10:40,March,4.51,4.51
3/6/2025 10:45,March,4.77,4.77
3/6/2025 10:50,March,6.01,6.01
3/6/2025 10:55,March,4.77,4.77
3/6/2025 11:00,March,4.57,4.57
3/6/2025 11:05,March,4.54,4.54
3/6/2025 11:10,March,4.52,4.52
3/6/2025 11:15,March,4.51,4.51
3/6/2025 11:20,March,4.51,4.51
3/6/2025 11:25,March,4.51,4.51
3/6/2025 11:30,March,3.32,3.32
3/6/2025 11:35,March,3.28,3.28
3/6/2025 11:40,March,3.31,3.31
3/6/2025 11:45,March,3.28,3.28
3/6/2025 11:50,March,3.27,3.27
3/6/2025 11:55,March,3.28,3.28
3/6/2025 12:00,March,3.09,3.09
3/6/2025 12:05,March,3.15,3.15
3/6/2025 12:10,March,3.21,3.21
3/6/2025 12:15,March,3.21,3.21
3/6/2025 12:20,March,3.27,3.27
3/6/2025 12:25,March,3.21,3.21
3/6/2025 12:30,March,3.21,3.21
3/6/2025 12:35,March,4.51,4.51
3/6/2025 12:40,March,4.34,4.34
3/6/2025 12:45,March,4.51,4.51
3/6/2025 12:50,March,3.43,3.43
3/6/2025 12:55,March,4.34,4.34
3/6/2025 13:00,March,4.94,4.94
3/6/2025 13:05,March,4.51,4.51
3/6/2025 13:10,March,4.96,4.96
3/6/2025 13:15,March,5.56,5.56
3/6/2025 13:20,March,6.31,6.31
3/6/2025 13:25,March,6.3,6.3
3/6/2025 13:30,March,6.35,6.35
3/6/2025 13:35,March,6.35,6.35
3/6/2025 13:40,March,6.35,6.35
3/6/2025 13:45,March,6.35,6.35
3/6/2025 13:50,March,6.35,6.35
3/6/2025 13:55,March,6.35,6.35
3/6/2025 14:00,March,6.35,6.35
3/6/2025 14:05,March,6.35,6.35
3/6/2025 14:10,March,6.35,6.35
3/6/2025 14:15,March,6.35,6.35
3/6/2025 14:20,March,6.35,6.35
3/6/2025 14:25,March,6.35,6.35
3/6/2025 14:30,March,6.35,6.35
3/6/2025 14:35,March,6.35,6.35
3/6/2025 14:40,March,6.35,6.35
3/6/2025 14:45,March,6.35,6.35
3/6/2025 14:50,March,6.35,6.35
3/6/2025 14:55,March,6.35,6.35
3/6/2025 15:00,March,6.35,6.35
3/6/2025 15:05,March,6.35,6.35
3/6/2025 15:10,March,21.45,21.51
3/6/2025 15:15,March,22.92,22.99
3/6/2025 15:20,March,6.35,6.35
3/6/2025 15:25,March,6.35,6.35
3/6/2025 15:30,March,6.35,6.35
3/6/2025 15:35,March,6.35,6.35
3/6/2025 15:40,March,6.35,6.35
3/6/2025 15:45,March,31.84,31.87
3/6/2025 15:50,March,31.77,31.75
3/6/2025 15:55,March,31.66,31.62
3/6/2025 16:00,March,6.35,6.35
3/6/2025 16:05,March,6.35,6.35
3/6/2025 16:10,March,6.35,6.35
3/6/2025 16:15,March,6.35,6.35
3/6/2025 16:20,March,31.92,31.73
3/6/2025 16:25,March,32.01,31.8
3/6/2025 16:30,March,30.88,30.65
3/6/2025 16:35,March,27.97,27.73
3/6/2025 16:40,March,25.32,25.07
3/6/2025 16:45,March,22.35,22.11
3/6/2025 16:50,March,6.35,6.35
3/6/2025 16:55,March,6.35,6.35
3/6/2025 17:00,March,22.41,22.12
3/6/2025 17:05,March,12.14,11.99
3/6/2025 17:10,March,8.28,8.18
3/6/2025 17:15,March,5.18,5.11
3/6/2025 17:20,March,5.19,5.11
3/6/2025 17:25,March,5.19,5.12
3/6/2025 17:30,March,5.61,5.53
3/6/2025 17:35,March,7.28,7.16
3/6/2025 17:40,March,10.29,10.12
3/6/2025 17:45,March,13.53,13.29
3/6/2025 17:50,March,12.89,12.66
3/6/2025 17:55,March,19.59,19.22
3/6/2025 18:00,March,19.59,19.21
3/6/2025 18:05,March,28.58,27.99
3/6/2025 18:10,March,28.82,28.14
3/6/2025 18:15,March,33.59,32.76
3/6/2025 18:20,March,31.95,31.06
3/6/2025 18:25,March,36.72,35.63
3/6/2025 18:30,March,36.26,35.19
3/6/2025 18:35,March,36.21,35.12
3/6/2025 18:40,March,36.13,35.05
3/6/2025 18:45,March,53.33,51.73
3/6/2025 18:50,March,51.06,49.54
3/6/2025 18:55,March,51.06,49.57
3/6/2025 19:00,March,33.34,32.37
3/6/2025 19:05,March,14.37,13.95
3/6/2025 19:10,March,13.64,13.26
3/6/2025 19:15,March,12.44,12.09
3/6/2025 19:20,March,12.44,12.09
3/6/2025 19:25,March,13.64,13.26
3/6/2025 19:30,March,21.33,20.72
3/6/2025 19:35,March,13.64,13.26
3/6/2025 19:40,March,23.13,22.47
3/6/2025 19:45,March,21.68,21.06
3/6/2025 19:50,March,16.68,16.21
3/6/2025 19:55,March,19.73,19.16
3/6/2025 20:00,March,19.73,19.18
3/6/2025 20:05,March,45.13,43.91
3/6/2025 20:10,March,32.19,31.32
3/6/2025 20:15,March,28.34,27.57
3/6/2025 20:20,March,31.84,30.97
3/6/2025 20:25,March,31.83,30.97
3/6/2025 20:30,March,31.68,30.82
3/6/2025 20:35,March,23.99,23.34
3/6/2025 20:40,March,24.12,23.47
3/6/2025 20:45,March,27.81,27.06
3/6/2025 20:50,March,22.28,21.68
3/6/2025 20:55,March,27.04,26.32
3/6/2025 21:00,March,11.08,10.78
3/6/2025 21:05,March,31.59,30.72
3/6/2025 21:10,March,26.25,25.53
3/6/2025 21:15,March,10.41,10.13
3/6/2025 21:20,March,10.41,10.13
3/6/2025 21:25,March,10.42,10.14
3/6/2025 21:30,March,11.62,11.3
3/6/2025 21:35,March,28.3,27.53
3/6/2025 21:40,March,26.3,25.59
3/6/2025 21:45,March,11.47,11.17
3/6/2025 21:50,March,11.45,11.16
3/6/2025 21:55,March,11.45,11.15
3/6/2025 22:00,March,8.3,8.1
3/6/2025 22:05,March,7.53,7.36
3/6/2025 22:10,March,9.16,8.96
3/6/2025 22:15,March,9.16,8.96
3/6/2025 22:20,March,9.14,8.95
3/6/2025 22:25,March,9.14,8.95
3/6/2025 22:30,March,9.15,8.96
3/6/2025 22:35,March,11.13,10.88
3/6/2025 22:40,March,8.7,8.52
3/6/2025 22:45,March,8.43,8.27
3/6/2025 22:50,March,8.42,8.27
3/6/2025 22:55,March,7.81,7.66
3/6/2025 23:00,March,3.56,3.49
3/6/2025 23:05,March,7.02,6.9
3/6/2025 23:10,March,5.22,5.14
3/6/2025 23:15,March,3.51,3.46
3/6/2025 23:20,March,4.96,4.88
3/6/2025 23:25,March,5.22,5.14
3/6/2025 23:30,March,5.2,5.12
3/6/2025 23:35,March,5.12,5.04
3/6/2025 23:40,March,3.5,3.44
3/6/2025 23:45,March,3.58,3.52
3/6/2025 23:50,March,3.5,3.44
3/6/2025 23:55,March,3.5,3.44
3/7/2025 0:00,March,3.49,3.44
3/7/2025 0:05,March,13.05,12.86
3/7/2025 0:10,March,13.02,12.81
3/7/2025 0:15,March,13.02,12.8
3/7/2025 0:20,March,12.97,12.74
3/7/2025 0:25,March,5.22,5.12
3/7/2025 0:30,March,3.16,3.1
3/7/2025 0:35,March,3.29,3.23
3/7/2025 0:40,March,3.37,3.3
3/7/2025 0:45,March,3.44,3.37
3/7/2025 0:50,March,3.36,3.3
3/7/2025 0:55,March,3.48,3.41
3/7/2025 1:00,March,3.13,3.07
3/7/2025 1:05,March,4.68,4.59
3/7/2025 1:10,March,3.51,3.45
3/7/2025 1:15,March,3.5,3.44
3/7/2025 1:20,March,3.51,3.44
3/7/2025 1:25,March,3.54,3.48
3/7/2025 1:30,March,4.6,4.51
3/7/2025 1:35,March,3.51,3.44
3/7/2025 1:40,March,3.51,3.44
3/7/2025 1:45,March,3.51,3.44
3/7/2025 1:50,March,3.51,3.44
3/7/2025 1:55,March,3.51,3.44
3/7/2025 2:00,March,3.5,3.44
3/7/2025 2:05,March,3.5,3.44
3/7/2025 2:10,March,3.51,3.44
3/7/2025 2:15,March,3.5,3.44
3/7/2025 2:20,March,3.51,3.44
3/7/2025 2:25,March,3.5,3.43
3/7/2025 2:30,March,3.5,3.44
3/7/2025 2:35,March,3.3,3.24
3/7/2025 2:40,March,3.42,3.36
3/7/2025 2:45,March,3.42,3.36
3/7/2025 2:50,March,3.42,3.35
3/7/2025 2:55,March,3.41,3.35
3/7/2025 3:00,March,3.41,3.35
3/7/2025 3:05,March,3.41,3.35
3/7/2025 3:10,March,3.31,3.25
3/7/2025 3:15,March,3.41,3.35
3/7/2025 3:20,March,3.32,3.26
3/7/2025 3:25,March,3.4,3.34
3/7/2025 3:30,March,3.3,3.25
3/7/2025 3:35,March,3.3,3.25
3/7/2025 3:40,March,3.4,3.34
3/7/2025 3:45,March,3.31,3.26
3/7/2025 3:50,March,3.29,3.24
3/7/2025 3:55,March,3.3,3.25
3/7/2025 4:00,March,3.3,3.25
3/7/2025 4:05,March,3.3,3.25
3/7/2025 4:10,March,3.01,2.96
3/7/2025 4:15,March,3.13,3.08
3/7/2025 4:20,March,3.01,2.96
3/7/2025 4:25,March,2.89,2.84
3/7/2025 4:30,March,2.89,2.84
3/7/2025 4:35,March,2.89,2.84
3/7/2025 4:40,March,2.92,2.87
3/7/2025 4:45,March,2.92,2.87
3/7/2025 4:50,March,3,2.95
3/7/2025 4:55,March,2.88,2.84
3/7/2025 5:00,March,2.92,2.87
3/7/2025 5:05,March,2.34,2.31
3/7/2025 5:10,March,3.19,3.14
3/7/2025 5:15,March,3.07,3.02
3/7/2025 5:20,March,3.12,3.07
3/7/2025 5:25,March,2.89,2.84
3/7/2025 5:30,March,2.88,2.84
3/7/2025 5:35,March,2.95,2.9
3/7/2025 5:40,March,3.2,3.15
3/7/2025 5:45,March,3.06,3.01
3/7/2025 5:50,March,3.05,3
3/7/2025 5:55,March,3.31,3.25
3/7/2025 6:00,March,3.2,3.14
3/7/2025 6:05,March,1.64,1.62
3/7/2025 6:10,March,2.61,2.57
3/7/2025 6:15,March,2.87,2.83
3/7/2025 6:20,March,1.86,1.84
3/7/2025 6:25,March,1.64,1.62
3/7/2025 6:30,March,0.1,0.1
3/7/2025 6:35,March,0,0
3/7/2025 6:40,March,1.63,1.61
3/7/2025 6:45,March,1.63,1.61
3/7/2025 6:50,March,0,0
3/7/2025 6:55,March,0,0
3/7/2025 7:00,March,0,0
3/7/2025 7:05,March,0,0
3/7/2025 7:10,March,0.1,0.1
3/7/2025 7:15,March,1.58,1.57
3/7/2025 7:20,March,2.32,2.31
3/7/2025 7:25,March,2.82,2.8
3/7/2025 7:30,March,2.84,2.83
3/7/2025 7:35,March,2.81,2.81
3/7/2025 7:40,March,3.14,3.14
3/7/2025 7:45,March,3.07,3.07
3/7/2025 7:50,March,2.97,2.98
3/7/2025 7:55,March,3.23,3.24
3/7/2025 8:00,March,3.32,3.33
3/7/2025 8:05,March,1.43,1.43
3/7/2025 8:10,March,2.24,2.25
3/7/2025 8:15,March,3.13,3.14
3/7/2025 8:20,March,2.84,2.85
3/7/2025 8:25,March,3.21,3.23
3/7/2025 8:30,March,3.3,3.33
3/7/2025 8:35,March,3.1,3.13
3/7/2025 8:40,March,2.87,2.9
3/7/2025 8:45,March,2.87,2.9
3/7/2025 8:50,March,2.78,2.81
3/7/2025 8:55,March,3.1,3.13
3/7/2025 9:00,March,2.93,2.96
3/7/2025 9:05,March,1.44,1.46
3/7/2025 9:10,March,1.46,1.47
3/7/2025 9:15,March,1.45,1.47
3/7/2025 9:20,March,1.47,1.49
3/7/2025 9:25,March,2.76,2.79
3/7/2025 9:30,March,2.82,2.85
3/7/2025 9:35,March,3.17,3.21
3/7/2025 9:40,March,2.82,2.85
3/7/2025 9:45,March,3.21,3.24
3/7/2025 9:50,March,3.18,3.21
3/7/2025 9:55,March,3.1,3.13
3/7/2025 10:00,March,3.17,3.2
3/7/2025 10:05,March,1.57,1.58
3/7/2025 10:10,March,2.91,2.94
3/7/2025 10:15,March,3.14,3.17
3/7/2025 10:20,March,3.13,3.16
3/7/2025 10:25,March,3.36,3.39
3/7/2025 10:30,March,3.36,3.39
3/7/2025 10:35,March,3.36,3.39
3/7/2025 10:40,March,3.3,3.32
3/7/2025 10:45,March,3.22,3.24
3/7/2025 10:50,March,3.19,3.21
3/7/2025 10:55,March,3.18,3.21
3/7/2025 11:00,March,3.22,3.24
3/7/2025 11:05,March,3.05,3.07
3/7/2025 11:10,March,3.2,3.23
3/7/2025 11:15,March,3.17,3.2
3/7/2025 11:20,March,3.2,3.23
3/7/2025 11:25,March,3.22,3.25
3/7/2025 11:30,March,3.2,3.23
3/7/2025 11:35,March,3.29,3.32
3/7/2025 11:40,March,3.2,3.23
3/7/2025 11:45,March,3.22,3.25
3/7/2025 11:50,March,3.18,3.21
3/7/2025 11:55,March,3.19,3.22
3/7/2025 12:00,March,3.1,3.13
3/7/2025 12:05,March,2.14,2.17
3/7/2025 12:10,March,2.77,2.79
3/7/2025 12:15,March,2.88,2.9
3/7/2025 12:20,March,2.89,2.92
3/7/2025 12:25,March,3.02,3.06
3/7/2025 12:30,March,3.29,3.33
3/7/2025 12:35,March,3.14,3.19
3/7/2025 12:40,March,4.44,4.48
3/7/2025 12:45,March,3.36,3.39
3/7/2025 12:50,March,3.09,3.14
3/7/2025 12:55,March,3.15,3.2
3/7/2025 13:00,March,2.86,2.9
3/7/2025 13:05,March,1.46,1.49
3/7/2025 13:10,March,4.44,4.5
3/7/2025 13:15,March,4.53,4.59
3/7/2025 13:20,March,4.58,4.64
3/7/2025 13:25,March,4.44,4.5
3/7/2025 13:30,March,3.22,3.26
3/7/2025 13:35,March,3.19,3.24
3/7/2025 13:40,March,3.34,3.38
3/7/2025 13:45,March,3.4,3.44
3/7/2025 13:50,March,4.43,4.48
3/7/2025 13:55,March,3.34,3.38
3/7/2025 14:00,March,3.37,3.41
3/7/2025 14:05,March,1.56,1.58
3/7/2025 14:10,March,2.16,2.18
3/7/2025 14:15,March,2.75,2.79
3/7/2025 14:20,March,3.18,3.21
3/7/2025 14:25,March,4.44,4.5
3/7/2025 14:30,March,4.42,4.47
3/7/2025 14:35,March,3.5,3.54
3/7/2025 14:40,March,4.45,4.5
3/7/2025 14:45,March,4.45,4.5
3/7/2025 14:50,March,4.46,4.51
3/7/2025 14:55,March,4.46,4.51
3/7/2025 15:00,March,4.45,4.5
3/7/2025 15:05,March,7.24,7.32
3/7/2025 15:10,March,4.5,4.55
3/7/2025 15:15,March,7.09,7.17
3/7/2025 15:20,March,4.82,4.87
3/7/2025 15:25,March,8.5,8.58
3/7/2025 15:30,March,9.87,9.95
3/7/2025 15:35,March,9.88,9.95
3/7/2025 15:40,March,9.88,9.97
3/7/2025 15:45,March,8.9,8.97
3/7/2025 15:50,March,10.83,10.89
3/7/2025 15:55,March,10.85,10.89
3/7/2025 16:00,March,10.87,10.9
3/7/2025 16:05,March,12.33,12.35
3/7/2025 16:10,March,10.91,10.9
3/7/2025 16:15,March,10.91,10.9
3/7/2025 16:20,March,11.12,11.08
3/7/2025 16:25,March,12.48,12.42
3/7/2025 16:30,March,12.6,12.55
3/7/2025 16:35,March,12.55,12.47
3/7/2025 16:40,March,12.45,12.35
3/7/2025 16:45,March,12.04,11.93
3/7/2025 16:50,March,10.73,10.63
3/7/2025 16:55,March,10.74,10.64
3/7/2025 17:00,March,7.79,7.71
3/7/2025 17:05,March,6.77,6.68
3/7/2025 17:10,March,6.78,6.71
3/7/2025 17:15,March,8.73,8.65
3/7/2025 17:20,March,8.74,8.65
3/7/2025 17:25,March,6.17,6.1
3/7/2025 17:30,March,8.5,8.39
3/7/2025 17:35,March,6.05,5.97
3/7/2025 17:40,March,6.19,6.11
3/7/2025 17:45,March,9.04,8.91
3/7/2025 17:50,March,10.24,10.09
3/7/2025 17:55,March,10.25,10.09
3/7/2025 18:00,March,11.93,11.74
3/7/2025 18:05,March,10.29,10.12
3/7/2025 18:10,March,12.61,12.37
3/7/2025 18:15,March,12.66,12.42
3/7/2025 18:20,March,12.7,12.47
3/7/2025 18:25,March,10.32,10.12
3/7/2025 18:30,March,6.09,5.98
3/7/2025 18:35,March,12.84,12.58
3/7/2025 18:40,March,11.12,10.88
3/7/2025 18:45,March,11.13,10.88
3/7/2025 18:50,March,11.16,10.89
3/7/2025 18:55,March,13.56,13.23
3/7/2025 19:00,March,12.2,11.89
3/7/2025 19:05,March,11.15,10.89
3/7/2025 19:10,March,10.32,10.08
3/7/2025 19:15,March,6.84,6.69
3/7/2025 19:20,March,10.3,10.06
3/7/2025 19:25,March,10.3,10.09
3/7/2025 19:30,March,10.3,10.11
3/7/2025 19:35,March,10.3,10.11
3/7/2025 19:40,March,10.3,10.1
3/7/2025 19:45,March,10.3,10.1
3/7/2025 19:50,March,10.3,10.1
3/7/2025 19:55,March,9.09,8.92
3/7/2025 20:00,March,6.85,6.72
3/7/2025 20:05,March,17.44,17.12
3/7/2025 20:10,March,11.53,11.32
3/7/2025 20:15,March,10.31,10.12
3/7/2025 20:20,March,18.71,18.4
3/7/2025 20:25,March,18.83,18.54
3/7/2025 20:30,March,18.09,17.79
3/7/2025 20:35,March,12.39,12.15
3/7/2025 20:40,March,11.1,10.88
3/7/2025 20:45,March,11.11,10.88
3/7/2025 20:50,March,10.33,10.12
3/7/2025 20:55,March,9.07,8.89
3/7/2025 21:00,March,10.31,10.11
3/7/2025 21:05,March,18.68,18.29
3/7/2025 21:10,March,17.51,17.12
3/7/2025 21:15,March,10.35,10.13
3/7/2025 21:20,March,11.13,10.89
3/7/2025 21:25,March,10.34,10.14
3/7/2025 21:30,March,10.34,10.16
3/7/2025 21:35,March,6.96,6.84
3/7/2025 21:40,March,6.08,5.98
3/7/2025 21:45,March,6.08,5.98
3/7/2025 21:50,March,4.65,4.58
3/7/2025 21:55,March,4.66,4.58
3/7/2025 22:00,March,4.65,4.57
3/7/2025 22:05,March,7.79,7.67
3/7/2025 22:10,March,10.3,10.13
3/7/2025 22:15,March,18.33,18.01
3/7/2025 22:20,March,10.35,10.16
3/7/2025 22:25,March,10.34,10.15
3/7/2025 22:30,March,6.95,6.83
3/7/2025 22:35,March,6.25,6.14
3/7/2025 22:40,March,5.21,5.12
3/7/2025 22:45,March,5.59,5.5
3/7/2025 22:50,March,5,4.91
3/7/2025 22:55,March,3.54,3.48
3/7/2025 23:00,March,3.52,3.46
3/7/2025 23:05,March,16.45,16.2
3/7/2025 23:10,March,10.3,10.14
3/7/2025 23:15,March,10.3,10.14
3/7/2025 23:20,March,5.69,5.61
3/7/2025 23:25,March,5.58,5.49
3/7/2025 23:30,March,3.52,3.47
3/7/2025 23:35,March,3.52,3.46
3/7/2025 23:40,March,3.52,3.47
3/7/2025 23:45,March,3.52,3.47
3/7/2025 23:50,March,3.49,3.44
3/7/2025 23:55,March,3.3,3.25
3/8/2025 0:00,March,3.01,2.96
3/8/2025 0:05,March,3.52,3.46
3/8/2025 0:10,March,3.52,3.46
3/8/2025 0:15,March,3.54,3.48
3/8/2025 0:20,March,4.68,4.6
3/8/2025 0:25,March,5.06,4.97
3/8/2025 0:30,March,5.06,4.97
3/8/2025 0:35,March,6.12,6.02
3/8/2025 0:40,March,3.51,3.45
3/8/2025 0:45,March,3.51,3.45
3/8/2025 0:50,March,3.51,3.45
3/8/2025 0:55,March,3.51,3.45
3/8/2025 1:00,March,3.51,3.44
3/8/2025 1:05,March,3.5,3.45
3/8/2025 1:10,March,3.5,3.44
3/8/2025 1:15,March,3.5,3.45
3/8/2025 1:20,March,3.5,3.44
3/8/2025 1:25,March,3.5,3.44
3/8/2025 1:30,March,3.5,3.44
3/8/2025 1:35,March,3.42,3.36
3/8/2025 1:40,March,3.35,3.29
3/8/2025 1:45,March,3.42,3.36
3/8/2025 1:50,March,3.3,3.24
3/8/2025 1:55,March,3.31,3.25
3/8/2025 2:00,March,3.3,3.24
3/8/2025 2:05,March,3.5,3.44
3/8/2025 2:10,March,3.5,3.44
3/8/2025 2:15,March,3.5,3.44
3/8/2025 2:20,March,3.48,3.41
3/8/2025 2:25,March,3.31,3.25
3/8/2025 2:30,March,3.47,3.4
3/8/2025 2:35,March,3.42,3.35
3/8/2025 2:40,March,3.48,3.41
3/8/2025 2:45,March,3.47,3.4
3/8/2025 2:50,March,3.5,3.43
3/8/2025 2:55,March,3.5,3.43
3/8/2025 3:00,March,3.42,3.35
3/8/2025 3:05,March,3.44,3.37
3/8/2025 3:10,March,3.43,3.35
3/8/2025 3:15,March,3.42,3.35
3/8/2025 3:20,March,3.42,3.35
3/8/2025 3:25,March,3.36,3.29
3/8/2025 3:30,March,3.42,3.35
3/8/2025 3:35,March,3.41,3.35
3/8/2025 3:40,March,3.42,3.35
3/8/2025 3:45,March,3.3,3.24
3/8/2025 3:50,March,3.35,3.28
3/8/2025 3:55,March,3.42,3.35
3/8/2025 4:00,March,3.37,3.31
3/8/2025 4:05,March,3.36,3.29
3/8/2025 4:10,March,3.46,3.4
3/8/2025 4:15,March,3.42,3.35
3/8/2025 4:20,March,3.5,3.43
3/8/2025 4:25,March,3.42,3.35
3/8/2025 4:30,March,3.42,3.35
3/8/2025 4:35,March,3.42,3.36
3/8/2025 4:40,March,3.41,3.35
3/8/2025 4:45,March,3.3,3.24
3/8/2025 4:50,March,3.3,3.24
3/8/2025 4:55,March,3.31,3.25
3/8/2025 5:00,March,3.32,3.26
3/8/2025 5:05,March,1.77,1.73
3/8/2025 5:10,March,3.3,3.24
3/8/2025 5:15,March,3.3,3.24
3/8/2025 5:20,March,3.49,3.47
3/8/2025 5:25,March,3.27,3.25
3/8/2025 5:30,March,3.27,3.24
3/8/2025 5:35,March,3.46,3.43
3/8/2025 5:40,March,3.46,3.43
3/8/2025 5:45,March,3.28,3.25
3/8/2025 5:50,March,3.46,3.43
3/8/2025 5:55,March,3.46,3.43
3/8/2025 6:00,March,3.43,3.4
3/8/2025 6:05,March,1.8,1.79
3/8/2025 6:10,March,3.26,3.23
3/8/2025 6:15,March,3.23,3.2
3/8/2025 6:20,March,3.25,3.23
3/8/2025 6:25,March,3.27,3.25
3/8/2025 6:30,March,3.26,3.23
3/8/2025 6:35,March,3.26,3.23
3/8/2025 6:40,March,3.26,3.23
3/8/2025 6:45,March,3.26,3.23
3/8/2025 6:50,March,3.25,3.23
3/8/2025 6:55,March,3.25,3.23
3/8/2025 7:00,March,3.25,3.23
3/8/2025 7:05,March,3.2,3.16
3/8/2025 7:10,March,3.18,3.14
3/8/2025 7:15,March,3.27,3.22
3/8/2025 7:20,March,3.39,3.34
3/8/2025 7:25,March,3.27,3.22
3/8/2025 7:30,March,3.27,3.22
3/8/2025 7:35,March,3.25,3.22
3/8/2025 7:40,March,3.25,3.22
3/8/2025 7:45,March,3.25,3.22
3/8/2025 7:50,March,3.25,3.22
3/8/2025 7:55,March,3.26,3.24
3/8/2025 8:00,March,3.24,3.22
3/8/2025 8:05,March,0,0
3/8/2025 8:10,March,1.64,1.63
3/8/2025 8:15,March,1.65,1.64
3/8/2025 8:20,March,1.75,1.74
3/8/2025 8:25,March,3.23,3.22
3/8/2025 8:30,March,3.22,3.22
3/8/2025 8:35,March,3.21,3.21
3/8/2025 8:40,March,2.83,2.84
3/8/2025 8:45,March,3.2,3.21
3/8/2025 8:50,March,3.2,3.21
3/8/2025 8:55,March,3.06,3.07
3/8/2025 9:00,March,3.2,3.21
3/8/2025 9:05,March,0,0
3/8/2025 9:10,March,0,0
3/8/2025 9:15,March,1.56,1.57
3/8/2025 9:20,March,1.65,1.66
3/8/2025 9:25,March,3.1,3.13
3/8/2025 9:30,March,3.17,3.2
3/8/2025 9:35,March,3.18,3.2
3/8/2025 9:40,March,3.2,3.23
3/8/2025 9:45,March,3.42,3.45
3/8/2025 9:50,March,3.38,3.41
3/8/2025 9:55,March,3.38,3.41
3/8/2025 10:00,March,3.22,3.24
3/8/2025 10:05,March,3.19,3.21
3/8/2025 10:10,March,3.22,3.24
3/8/2025 10:15,March,3.22,3.24
3/8/2025 10:20,March,3.27,3.29
3/8/2025 10:25,March,3.38,3.4
3/8/2025 10:30,March,3.23,3.25
3/8/2025 10:35,March,3.21,3.23
3/8/2025 10:40,March,3.19,3.21
3/8/2025 10:45,March,3.19,3.21
3/8/2025 10:50,March,2.95,2.97
3/8/2025 10:55,March,3.19,3.21
3/8/2025 11:00,March,3.21,3.23
3/8/2025 11:05,March,2.93,2.96
3/8/2025 11:10,March,3.18,3.21
3/8/2025 11:15,March,3.11,3.14
3/8/2025 11:20,March,3.19,3.23
3/8/2025 11:25,March,3.17,3.21
3/8/2025 11:30,March,1.65,1.67
3/8/2025 11:35,March,1.66,1.68
3/8/2025 11:40,March,1.64,1.66
3/8/2025 11:45,March,1.66,1.68
3/8/2025 11:50,March,2.4,2.43
3/8/2025 11:55,March,1.57,1.58
3/8/2025 12:00,March,0,0
3/8/2025 12:05,March,0,0
3/8/2025 12:10,March,0,0
3/8/2025 12:15,March,1.63,1.65
3/8/2025 12:20,March,1.58,1.6
3/8/2025 12:25,March,1.64,1.66
3/8/2025 12:30,March,1.66,1.68
3/8/2025 12:35,March,2.38,2.41
3/8/2025 12:40,March,2.76,2.79
3/8/2025 12:45,March,2.76,2.79
3/8/2025 12:50,March,2.76,2.79
3/8/2025 12:55,March,1.65,1.67
3/8/2025 13:00,March,2.79,2.83
3/8/2025 13:05,March,1.65,1.66
3/8/2025 13:10,March,2.76,2.79
3/8/2025 13:15,March,2.84,2.87
3/8/2025 13:20,March,2.83,2.86
3/8/2025 13:25,March,2.84,2.87
3/8/2025 13:30,March,2.38,2.41
3/8/2025 13:35,March,2.77,2.79
3/8/2025 13:40,March,2.77,2.79
3/8/2025 13:45,March,2.83,2.86
3/8/2025 13:50,March,2.39,2.41
3/8/2025 13:55,March,2.77,2.79
3/8/2025 14:00,March,2.76,2.79
3/8/2025 14:05,March,2.84,2.86
3/8/2025 14:10,March,2.83,2.85
3/8/2025 14:15,March,2.83,2.85
3/8/2025 14:20,March,2.83,2.85
3/8/2025 14:25,March,3.17,3.2
3/8/2025 14:30,March,3.18,3.2
3/8/2025 14:35,March,1.67,1.68
3/8/2025 14:40,March,2.77,2.79
3/8/2025 14:45,March,3.14,3.14
3/8/2025 14:50,March,2.88,2.88
3/8/2025 14:55,March,3.15,3.14
3/8/2025 15:00,March,1.69,1.68
3/8/2025 15:05,March,2.85,2.86
3/8/2025 15:10,March,2.78,2.79
3/8/2025 15:15,March,2.8,2.8
3/8/2025 15:20,March,2.8,2.8
3/8/2025 15:25,March,2.8,2.8
3/8/2025 15:30,March,2.8,2.8
3/8/2025 15:35,March,2.96,2.96
3/8/2025 15:40,March,6.03,6.02
3/8/2025 15:45,March,3.41,3.41
3/8/2025 15:50,March,3.21,3.21
3/8/2025 15:55,March,3.21,3.21
3/8/2025 16:00,March,3.22,3.21
3/8/2025 16:05,March,3.25,3.24
3/8/2025 16:10,March,3.36,3.35
3/8/2025 16:15,March,3.25,3.24
3/8/2025 16:20,March,3.42,3.41
3/8/2025 16:25,March,3.37,3.36
3/8/2025 16:30,March,3.38,3.36
3/8/2025 16:35,March,3.42,3.4
3/8/2025 16:40,March,4.9,4.86
3/8/2025 16:45,March,3.53,3.5
3/8/2025 16:50,March,3.66,3.63
3/8/2025 16:55,March,3.45,3.41
3/8/2025 17:00,March,3.43,3.41
3/8/2025 17:05,March,3.43,3.42
3/8/2025 17:10,March,3.01,2.99
3/8/2025 17:15,March,3.27,3.24
3/8/2025 17:20,March,3.33,3.27
3/8/2025 17:25,March,3.47,3.4
3/8/2025 17:30,March,3.49,3.43
3/8/2025 17:35,March,3.56,3.5
3/8/2025 17:40,March,5.05,4.97
3/8/2025 17:45,March,4.96,4.87
3/8/2025 17:50,March,6.09,5.99
3/8/2025 17:55,March,10.23,10.06
3/8/2025 18:00,March,10.24,10.06
3/8/2025 18:05,March,6.83,6.69
3/8/2025 18:10,March,6.53,6.4
3/8/2025 18:15,March,7.81,7.63
3/8/2025 18:20,March,10.3,10.08
3/8/2025 18:25,March,10.31,10.08
3/8/2025 18:30,March,9.79,9.58
3/8/2025 18:35,March,7.8,7.63
3/8/2025 18:40,March,9.07,8.88
3/8/2025 18:45,March,7.79,7.63
3/8/2025 18:50,March,6.58,6.45
3/8/2025 18:55,March,6.11,5.99
3/8/2025 19:00,March,6.11,5.98
3/8/2025 19:05,March,6.5,6.38
3/8/2025 19:10,March,6.82,6.7
3/8/2025 19:15,March,6.51,6.39
3/8/2025 19:20,March,6.08,5.98
3/8/2025 19:25,March,5.13,5.05
3/8/2025 19:30,March,5.13,5.05
3/8/2025 19:35,March,4.96,4.88
3/8/2025 19:40,March,5.59,5.49
3/8/2025 19:45,March,5.49,5.4
3/8/2025 19:50,March,4.97,4.88
3/8/2025 19:55,March,5.59,5.49
3/8/2025 20:00,March,5.13,5.05
3/8/2025 20:05,March,12.69,12.49
3/8/2025 20:10,March,12.12,11.92
3/8/2025 20:15,March,6.48,6.37
3/8/2025 20:20,March,6.47,6.36
3/8/2025 20:25,March,6.5,6.39
3/8/2025 20:30,March,6.48,6.37
3/8/2025 20:35,March,6.07,5.97
3/8/2025 20:40,March,6.06,5.96
3/8/2025 20:45,March,5.59,5.5
3/8/2025 20:50,March,3.47,3.42
3/8/2025 20:55,March,3.47,3.42
3/8/2025 21:00,March,3.47,3.42
3/8/2025 21:05,March,12.29,12.09
3/8/2025 21:10,March,6.51,6.4
3/8/2025 21:15,March,6.47,6.37
3/8/2025 21:20,March,6.22,6.12
3/8/2025 21:25,March,6.47,6.36
3/8/2025 21:30,March,6.46,6.36
3/8/2025 21:35,March,6.07,5.97
3/8/2025 21:40,March,5.25,5.16
3/8/2025 21:45,March,4.97,4.89
3/8/2025 21:50,March,3.02,2.97
3/8/2025 21:55,March,3.2,3.15
3/8/2025 22:00,March,3.34,3.29
3/8/2025 22:05,March,6.49,6.39
3/8/2025 22:10,March,6.06,5.97
3/8/2025 22:15,March,5.2,5.12
3/8/2025 22:20,March,4.97,4.89
3/8/2025 22:25,March,3.4,3.34
3/8/2025 22:30,March,3.55,3.49
3/8/2025 22:35,March,3.7,3.64
3/8/2025 22:40,March,4.98,4.89
3/8/2025 22:45,March,3.71,3.64
3/8/2025 22:50,March,3.71,3.64
3/8/2025 22:55,March,3.71,3.64
3/8/2025 23:00,March,3.3,3.24
3/8/2025 23:05,March,6.07,5.97
3/8/2025 23:10,March,3.71,3.64
3/8/2025 23:15,March,3.47,3.41
3/8/2025 23:20,March,3.71,3.64
3/8/2025 23:25,March,3.58,3.52
3/8/2025 23:30,March,3.3,3.24
3/8/2025 23:35,March,3.39,3.33
3/8/2025 23:40,March,3.44,3.37
3/8/2025 23:45,March,3.44,3.37
3/8/2025 23:50,March,3.02,2.97
3/8/2025 23:55,March,3.03,2.97
3/9/2025 0:00,March,3.03,2.98
3/9/2025 0:05,March,3.36,3.3
3/9/2025 0:10,March,3.34,3.28
3/9/2025 0:15,March,5,4.9
3/9/2025 0:20,March,3.37,3.3
3/9/2025 0:25,March,3.53,3.46
3/9/2025 0:30,March,3.38,3.31
3/9/2025 0:35,March,3.38,3.32
3/9/2025 0:40,March,3.3,3.23
3/9/2025 0:45,March,3.35,3.28
3/9/2025 0:50,March,3.3,3.23
3/9/2025 0:55,March,3.35,3.28
3/9/2025 1:00,March,3.3,3.23
3/9/2025 1:05,March,3.35,3.28
3/9/2025 1:10,March,3.43,3.35
3/9/2025 1:15,March,3.32,3.25
3/9/2025 1:20,March,3.43,3.35
3/9/2025 1:25,March,3.38,3.3
3/9/2025 1:30,March,3.43,3.35
3/9/2025 1:35,March,3.32,3.25
3/9/2025 1:40,March,3.47,3.39
3/9/2025 1:45,March,3.35,3.28
3/9/2025 1:50,March,3.32,3.25
3/9/2025 1:55,March,3.32,3.25
3/9/2025 2:00,March,3.03,2.96
3/9/2025 2:05,March,3.44,3.37
3/9/2025 2:10,March,3.35,3.28
3/9/2025 2:15,March,3.3,3.23
3/9/2025 2:20,March,3.31,3.25
3/9/2025 2:25,March,3.34,3.27
3/9/2025 2:30,March,3.34,3.27
3/9/2025 2:35,March,3.46,3.39
3/9/2025 2:40,March,3.43,3.36
3/9/2025 2:45,March,3.49,3.42
3/9/2025 2:50,March,3.46,3.39
3/9/2025 2:55,March,3.46,3.39
3/9/2025 3:00,March,3.44,3.37
3/9/2025 3:05,March,11.59,11.34
3/9/2025 3:10,March,3.71,3.63
3/9/2025 3:15,March,3.57,3.49
3/9/2025 3:20,March,3.53,3.45
3/9/2025 3:25,March,3.49,3.41
3/9/2025 3:30,March,3.3,3.22
3/9/2025 3:35,March,3.43,3.35
3/9/2025 3:40,March,3.43,3.35
3/9/2025 3:45,March,3.4,3.33
3/9/2025 3:50,March,3.42,3.35
3/9/2025 3:55,March,3.31,3.24
3/9/2025 4:00,March,3.31,3.24
3/9/2025 4:05,March,3.42,3.35
3/9/2025 4:10,March,3.48,3.41
3/9/2025 4:15,March,3.44,3.36
3/9/2025 4:20,March,3.42,3.35
3/9/2025 4:25,March,3.42,3.35
3/9/2025 4:30,March,3.41,3.34
3/9/2025 4:35,March,3.42,3.35
3/9/2025 4:40,March,3.39,3.32
3/9/2025 4:45,March,3.29,3.22
3/9/2025 4:50,March,3.36,3.29
3/9/2025 4:55,March,3.32,3.26
3/9/2025 5:00,March,3.34,3.28
3/9/2025 5:05,March,3.46,3.39
3/9/2025 5:10,March,3.43,3.36
3/9/2025 5:15,March,3.42,3.35
3/9/2025 5:20,March,3.46,3.39
3/9/2025 5:25,March,3.41,3.34
3/9/2025 5:30,March,3.41,3.34
3/9/2025 5:35,March,3.31,3.25
3/9/2025 5:40,March,3.4,3.34
3/9/2025 5:45,March,3.29,3.23
3/9/2025 5:50,March,3.43,3.36
3/9/2025 5:55,March,3.41,3.34
3/9/2025 6:00,March,3.29,3.23
3/9/2025 6:05,March,3.43,3.37
3/9/2025 6:10,March,3.3,3.24
3/9/2025 6:15,March,3.29,3.24
3/9/2025 6:20,March,3.4,3.34
3/9/2025 6:25,March,3.39,3.34
3/9/2025 6:30,March,3.31,3.25
3/9/2025 6:35,March,3.28,3.24
3/9/2025 6:40,March,3.28,3.24
3/9/2025 6:45,March,3.17,3.13
3/9/2025 6:50,March,3.17,3.13
3/9/2025 6:55,March,2.99,2.96
3/9/2025 7:00,March,3.16,3.13
3/9/2025 7:05,March,0.1,0.1
3/9/2025 7:10,March,2.84,2.82
3/9/2025 7:15,March,3.15,3.13
3/9/2025 7:20,March,2.98,2.96
3/9/2025 7:25,March,2.83,2.82
3/9/2025 7:30,March,1.95,1.94
3/9/2025 7:35,March,0,0
3/9/2025 7:40,March,0,0
3/9/2025 7:45,March,0,0
3/9/2025 7:50,March,0,0
3/9/2025 7:55,March,0.1,0.1
3/9/2025 8:00,March,2.79,2.8
3/9/2025 8:05,March,0,0
3/9/2025 8:10,March,1.41,1.42
3/9/2025 8:15,March,1.52,1.53
3/9/2025 8:20,March,1.46,1.48
3/9/2025 8:25,March,1.62,1.63
3/9/2025 8:30,March,1.62,1.64
3/9/2025 8:35,March,1.52,1.53
3/9/2025 8:40,March,2.47,2.5
3/9/2025 8:45,March,2.75,2.79
3/9/2025 8:50,March,2.75,2.79
3/9/2025 8:55,March,2.47,2.51
3/9/2025 9:00,March,2.63,2.66
3/9/2025 9:05,March,0,0
3/9/2025 9:10,March,0,0
3/9/2025 9:15,March,1.22,1.24
3/9/2025 9:20,March,1.22,1.24
3/9/2025 9:25,March,1.28,1.29
3/9/2025 9:30,March,2.74,2.78
3/9/2025 9:35,March,3.08,3.12
3/9/2025 9:40,March,2.74,2.78
3/9/2025 9:45,March,2.39,2.42
3/9/2025 9:50,March,4.15,4.21
3/9/2025 9:55,March,3.37,3.42
3/9/2025 10:00,March,3.07,3.12
3/9/2025 10:05,March,0.22,0.23
3/9/2025 10:10,March,2.74,2.79
3/9/2025 10:15,March,3.25,3.31
3/9/2025 10:20,March,3.07,3.12
3/9/2025 10:25,March,3.07,3.12
3/9/2025 10:30,March,3.08,3.14
3/9/2025 10:35,March,3.07,3.12
3/9/2025 10:40,March,2.83,2.88
3/9/2025 10:45,March,3.07,3.12
3/9/2025 10:50,March,3.07,3.12
3/9/2025 10:55,March,3.14,3.19
3/9/2025 11:00,March,3.09,3.14
3/9/2025 11:05,March,2.74,2.79
3/9/2025 11:10,March,3.08,3.12
3/9/2025 11:15,March,0.32,0.33
3/9/2025 11:20,March,2.51,2.55
3/9/2025 11:25,March,2.74,2.78
3/9/2025 11:30,March,1.55,1.58
3/9/2025 11:35,March,1.56,1.58
3/9/2025 11:40,March,2.73,2.78
3/9/2025 11:45,March,2.15,2.18
3/9/2025 11:50,March,1.22,1.23
3/9/2025 11:55,March,1.55,1.58
3/9/2025 12:00,March,1.55,1.58
3/9/2025 12:05,March,1.22,1.23
3/9/2025 12:10,March,1.56,1.58
3/9/2025 12:15,March,1.56,1.58
3/9/2025 12:20,March,2.74,2.78
3/9/2025 12:25,March,3.07,3.12
3/9/2025 12:30,March,2.74,2.78
3/9/2025 12:35,March,1.56,1.58
3/9/2025 12:40,March,1.56,1.58
3/9/2025 12:45,March,2.82,2.86
3/9/2025 12:50,March,2.86,2.9
3/9/2025 12:55,March,2.82,2.87
3/9/2025 13:00,March,3.07,3.12
3/9/2025 13:05,March,2.88,2.93
3/9/2025 13:10,March,2.82,2.87
3/9/2025 13:15,March,3.21,3.26
3/9/2025 13:20,March,3.21,3.26
3/9/2025 13:25,March,3.37,3.42
3/9/2025 13:30,March,3.15,3.19
3/9/2025 13:35,March,2.13,2.16
3/9/2025 13:40,March,2.93,2.98
3/9/2025 13:45,March,3.03,3.07
3/9/2025 13:50,March,3.08,3.12
3/9/2025 13:55,March,1.22,1.23
3/9/2025 14:00,March,2.38,2.41
3/9/2025 14:05,March,2.75,2.78
3/9/2025 14:10,March,2.83,2.86
3/9/2025 14:15,March,2.89,2.92
3/9/2025 14:20,March,2.9,2.93
3/9/2025 14:25,March,3.37,3.4
3/9/2025 14:30,March,3.16,3.19
3/9/2025 14:35,March,3.16,3.2
3/9/2025 14:40,March,3.16,3.2
3/9/2025 14:45,March,3.17,3.2
3/9/2025 14:50,March,3.09,3.13
3/9/2025 14:55,March,3.1,3.13
3/9/2025 15:00,March,3.1,3.13
3/9/2025 15:05,March,3.11,3.14
3/9/2025 15:10,March,3.1,3.13
3/9/2025 15:15,March,3.07,3.1
3/9/2025 15:20,March,2.77,2.79
3/9/2025 15:25,March,2.95,2.98
3/9/2025 15:30,March,3.11,3.13
3/9/2025 15:35,March,3.04,3.06
3/9/2025 15:40,March,3.12,3.14
3/9/2025 15:45,March,3.24,3.25
3/9/2025 15:50,March,3.09,3.1
3/9/2025 15:55,March,3.06,3.07
3/9/2025 16:00,March,3.34,3.35
3/9/2025 16:05,March,3.25,3.26
3/9/2025 16:10,March,3.25,3.26
3/9/2025 16:15,March,3.23,3.24
3/9/2025 16:20,March,3.25,3.25
3/9/2025 16:25,March,3.26,3.26
3/9/2025 16:30,March,3.13,3.12
3/9/2025 16:35,March,3.38,3.37
3/9/2025 16:40,March,3.28,3.27
3/9/2025 16:45,March,3.28,3.26
3/9/2025 16:50,March,3.39,3.37
3/9/2025 16:55,March,3.28,3.25
3/9/2025 17:00,March,3.29,3.27
3/9/2025 17:05,March,3.06,3.03
3/9/2025 17:10,March,3.17,3.14
3/9/2025 17:15,March,3.16,3.13
3/9/2025 17:20,March,3.16,3.13
3/9/2025 17:25,March,3.17,3.14
3/9/2025 17:30,March,3.28,3.24
3/9/2025 17:35,March,3.18,3.14
3/9/2025 17:40,March,3.42,3.36
3/9/2025 17:45,March,3.42,3.36
3/9/2025 17:50,March,3.42,3.37
3/9/2025 17:55,March,3.42,3.36
3/9/2025 18:00,March,4.96,4.87
3/9/2025 18:05,March,5.59,5.47
3/9/2025 18:10,March,12.42,12.14
3/9/2025 18:15,March,12.65,12.38
3/9/2025 18:20,March,12.89,12.61
3/9/2025 18:25,March,12.74,12.43
3/9/2025 18:30,March,11.17,10.88
3/9/2025 18:35,March,3.57,3.48
3/9/2025 18:40,March,2.04,1.98
3/9/2025 18:45,March,3.49,3.41
3/9/2025 18:50,March,3.51,3.43
3/9/2025 18:55,March,3.46,3.38
3/9/2025 19:00,March,3.46,3.38
3/9/2025 19:05,March,3.58,3.5
3/9/2025 19:10,March,3.46,3.37
3/9/2025 19:15,March,3.48,3.4
3/9/2025 19:20,March,3.46,3.37
3/9/2025 19:25,March,3.46,3.37
3/9/2025 19:30,March,3.46,3.37
3/9/2025 19:35,March,3.46,3.37
3/9/2025 19:40,March,3.46,3.37
3/9/2025 19:45,March,3.46,3.37
3/9/2025 19:50,March,3.46,3.37
3/9/2025 19:55,March,3.5,3.41
3/9/2025 20:00,March,3.47,3.38
3/9/2025 20:05,March,3.47,3.38
3/9/2025 20:10,March,3.47,3.38
3/9/2025 20:15,March,3.48,3.39
3/9/2025 20:20,March,3.48,3.39
3/9/2025 20:25,March,3.34,3.25
3/9/2025 20:30,March,3.46,3.38
3/9/2025 20:35,March,3.32,3.23
3/9/2025 20:40,March,3.44,3.36
3/9/2025 20:45,March,3.46,3.38
3/9/2025 20:50,March,3.44,3.36
3/9/2025 20:55,March,3.46,3.37
3/9/2025 21:00,March,3.32,3.24
3/9/2025 21:05,March,3.46,3.38
3/9/2025 21:10,March,3.46,3.38
3/9/2025 21:15,March,3.46,3.38
3/9/2025 21:20,March,3.46,3.38
3/9/2025 21:25,March,3.48,3.4
3/9/2025 21:30,March,3.46,3.38
3/9/2025 21:35,March,3.46,3.38
3/9/2025 21:40,March,3.48,3.4
3/9/2025 21:45,March,3.47,3.38
3/9/2025 21:50,March,3.21,3.13
3/9/2025 21:55,March,3.03,2.95
3/9/2025 22:00,March,2.98,2.91
3/9/2025 22:05,March,3.19,3.11
3/9/2025 22:10,March,3.22,3.14
3/9/2025 22:15,March,3.22,3.14
3/9/2025 22:20,March,3.22,3.14
3/9/2025 22:25,March,3.02,2.95
3/9/2025 22:30,March,3.03,2.95
3/9/2025 22:35,March,1.6,1.56
3/9/2025 22:40,March,2.04,1.99
3/9/2025 22:45,March,2.04,1.99
3/9/2025 22:50,March,1.6,1.56
3/9/2025 22:55,March,1.59,1.56
3/9/2025 23:00,March,1.26,1.23
3/9/2025 23:05,March,2.93,2.86
3/9/2025 23:10,March,3.11,3.04
3/9/2025 23:15,March,3.01,2.94
3/9/2025 23:20,March,3.2,3.13
3/9/2025 23:25,March,3.14,3.08
3/9/2025 23:30,March,3.21,3.14
3/9/2025 23:35,March,3.2,3.14
3/9/2025 23:40,March,3.21,3.14
3/9/2025 23:45,March,3.3,3.23
3/9/2025 23:50,March,3.3,3.23
3/9/2025 23:55,March,3.3,3.23
3/10/2025 0:00,March,3.2,3.13
3/10/2025 0:05,March,6.56,6.42
3/10/2025 0:10,March,3.33,3.25
3/10/2025 0:15,March,3.31,3.24
3/10/2025 0:20,March,3.3,3.23
3/10/2025 0:25,March,3.3,3.23
3/10/2025 0:30,March,3.3,3.23
3/10/2025 0:35,March,3.3,3.23
3/10/2025 0:40,March,2.98,2.92
3/10/2025 0:45,March,3.2,3.13
3/10/2025 0:50,March,2.98,2.92
3/10/2025 0:55,March,1.25,1.22
3/10/2025 1:00,March,2.29,2.25
3/10/2025 1:05,March,3.14,3.08
3/10/2025 1:10,March,2.93,2.87
3/10/2025 1:15,March,2.97,2.91
3/10/2025 1:20,March,2.97,2.91
3/10/2025 1:25,March,3.08,3.02
3/10/2025 1:30,March,0.73,0.71
3/10/2025 1:35,March,0.63,0.61
3/10/2025 1:40,March,0,0
3/10/2025 1:45,March,0,0
3/10/2025 1:50,March,0,0
3/10/2025 1:55,March,0,0
3/10/2025 2:00,March,0,0
3/10/2025 2:05,March,3.12,3.06
3/10/2025 2:10,March,3.2,3.13
3/10/2025 2:15,March,2.96,2.9
3/10/2025 2:20,March,3.08,3.02
3/10/2025 2:25,March,3.21,3.15
3/10/2025 2:30,March,3.19,3.13
3/10/2025 2:35,March,3.09,3.03
3/10/2025 2:40,March,3.01,2.95
3/10/2025 2:45,March,0.73,0.71
3/10/2025 2:50,March,2.97,2.91
3/10/2025 2:55,March,0.73,0.71
3/10/2025 3:00,March,2.29,2.24
3/10/2025 3:05,March,0.68,0.66
3/10/2025 3:10,March,2.29,2.24
3/10/2025 3:15,March,2.91,2.86
3/10/2025 3:20,March,2.91,2.86
3/10/2025 3:25,March,2.9,2.85
3/10/2025 3:30,March,0.73,0.71
3/10/2025 3:35,March,0.73,0.71
3/10/2025 3:40,March,0.73,0.71
3/10/2025 3:45,March,0.73,0.71
3/10/2025 3:50,March,0.73,0.71
3/10/2025 3:55,March,2.29,2.24
3/10/2025 4:00,March,0.73,0.71
3/10/2025 4:05,March,3,2.95
3/10/2025 4:10,March,3.19,3.13
3/10/2025 4:15,March,3.11,3.05
3/10/2025 4:20,March,3.19,3.13
3/10/2025 4:25,March,3.12,3.06
3/10/2025 4:30,March,2.92,2.86
3/10/2025 4:35,March,3.2,3.14
3/10/2025 4:40,March,3.19,3.13
3/10/2025 4:45,March,3.2,3.13
3/10/2025 4:50,March,3.2,3.13
3/10/2025 4:55,March,3.2,3.14
3/10/2025 5:00,March,3.2,3.14
3/10/2025 5:05,March,3.46,3.38
3/10/2025 5:10,March,3.42,3.34
3/10/2025 5:15,March,3.42,3.34
3/10/2025 5:20,March,3.42,3.34
3/10/2025 5:25,March,3.42,3.34
3/10/2025 5:30,March,3.32,3.24
3/10/2025 5:35,March,3.42,3.34
3/10/2025 5:40,March,3.42,3.33
3/10/2025 5:45,March,3.34,3.26
3/10/2025 5:50,March,3.35,3.27
3/10/2025 5:55,March,3.32,3.25
3/10/2025 6:00,March,3.41,3.33
3/10/2025 6:05,March,3.12,3.06
3/10/2025 6:10,March,3.28,3.22
3/10/2025 6:15,March,3.32,3.26
3/10/2025 6:20,March,3.31,3.24
3/10/2025 6:25,March,3.3,3.24
3/10/2025 6:30,March,3.18,3.12
3/10/2025 6:35,March,0.67,0.66
3/10/2025 6:40,March,2.97,2.92
3/10/2025 6:45,March,2.97,2.92
3/10/2025 6:50,March,2.28,2.25
3/10/2025 6:55,March,3.17,3.13
3/10/2025 7:00,March,3.17,3.13
3/10/2025 7:05,March,0,0
3/10/2025 7:10,March,0.67,0.66
3/10/2025 7:15,March,2.99,2.95
3/10/2025 7:20,March,3.04,3
3/10/2025 7:25,March,3.04,3.01
3/10/2025 7:30,March,3.16,3.13
3/10/2025 7:35,March,4.66,4.62
3/10/2025 7:40,March,3.42,3.39
3/10/2025 7:45,March,3.25,3.23
3/10/2025 7:50,March,3.41,3.39
3/10/2025 7:55,March,3.51,3.49
3/10/2025 8:00,March,3.5,3.49
3/10/2025 8:05,March,0,0
3/10/2025 8:10,March,0.38,0.38
3/10/2025 8:15,March,0,0
3/10/2025 8:20,March,0.28,0.28
3/10/2025 8:25,March,0.58,0.58
3/10/2025 8:30,March,3.12,3.13
3/10/2025 8:35,March,3.2,3.21
3/10/2025 8:40,March,3.13,3.14
3/10/2025 8:45,March,3.13,3.14
3/10/2025 8:50,March,3.13,3.14
3/10/2025 8:55,March,3.22,3.23
3/10/2025 9:00,March,3.21,3.23
3/10/2025 9:05,March,0,0
3/10/2025 9:10,March,0,0
3/10/2025 9:15,March,0,0
3/10/2025 9:20,March,0,0
3/10/2025 9:25,March,0,0
3/10/2025 9:30,March,0,0
3/10/2025 9:35,March,0,0
3/10/2025 9:40,March,0,0
3/10/2025 9:45,March,0,0
3/10/2025 9:50,March,3.18,3.2
3/10/2025 9:55,March,3.18,3.2
3/10/2025 10:00,March,2.85,2.87
3/10/2025 10:05,March,0,0
3/10/2025 10:10,March,0,0
3/10/2025 10:15,March,0.24,0.24
3/10/2025 10:20,March,0.34,0.34
3/10/2025 10:25,March,0.29,0.29
3/10/2025 10:30,March,0.39,0.39
3/10/2025 10:35,March,3.01,3.03
3/10/2025 10:40,March,3.11,3.12
3/10/2025 10:45,March,2.83,2.84
3/10/2025 10:50,March,3.17,3.19
3/10/2025 10:55,March,3.01,3.03
3/10/2025 11:00,March,2.9,2.91
3/10/2025 11:05,March,0.34,0.34
3/10/2025 11:10,March,2.77,2.79
3/10/2025 11:15,March,2.77,2.79
3/10/2025 11:20,March,2.77,2.79
3/10/2025 11:25,March,2.77,2.78
3/10/2025 11:30,March,1.22,1.23
3/10/2025 11:35,March,2.77,2.78
3/10/2025 11:40,March,2.01,2.02
3/10/2025 11:45,March,0.43,0.43
3/10/2025 11:50,March,1.22,1.23
3/10/2025 11:55,March,0.24,0.24
3/10/2025 12:00,March,0,0
3/10/2025 12:05,March,0,0
3/10/2025 12:10,March,0,0
3/10/2025 12:15,March,0,0
3/10/2025 12:20,March,0,0
3/10/2025 12:25,March,0,0
3/10/2025 12:30,March,0,0
3/10/2025 12:35,March,0,0
3/10/2025 12:40,March,0,0
3/10/2025 12:45,March,0,0
3/10/2025 12:50,March,0,0
3/10/2025 12:55,March,0,0
3/10/2025 13:00,March,0,0
3/10/2025 13:05,March,0,0
3/10/2025 13:10,March,0.44,0.44
3/10/2025 13:15,March,12.34,12.42
3/10/2025 13:20,March,3.22,3.24
3/10/2025 13:25,March,2.79,2.8
3/10/2025 13:30,March,2.97,2.98
3/10/2025 13:35,March,2.94,2.95
3/10/2025 13:40,March,3.03,3.04
3/10/2025 13:45,March,2.97,2.98
3/10/2025 13:50,March,4.91,4.93
3/10/2025 13:55,March,12.28,12.3
3/10/2025 14:00,March,3.48,3.49
3/10/2025 14:05,March,3.18,3.19
3/10/2025 14:10,March,3.18,3.19
3/10/2025 14:15,March,4.92,4.93
3/10/2025 14:20,March,4.93,4.93
3/10/2025 14:25,March,4.94,4.94
3/10/2025 14:30,March,3.24,3.24
3/10/2025 14:35,March,3.49,3.48
3/10/2025 14:40,March,4.93,4.93
3/10/2025 14:45,March,3.25,3.25
3/10/2025 14:50,March,4.63,4.62
3/10/2025 14:55,March,3.4,3.4
3/10/2025 15:00,March,3.4,3.4
3/10/2025 15:05,March,3.41,3.4
3/10/2025 15:10,March,3.41,3.4
3/10/2025 15:15,March,4.81,4.81
3/10/2025 15:20,March,4.95,4.95
3/10/2025 15:25,March,12.45,12.45
3/10/2025 15:30,March,12.45,12.46
3/10/2025 15:35,March,12.55,12.55
3/10/2025 15:40,March,12.58,12.58
3/10/2025 15:45,March,12.59,12.58
3/10/2025 15:50,March,12.6,12.58
3/10/2025 15:55,March,12.48,12.45
3/10/2025 16:00,March,12.52,12.49
3/10/2025 16:05,March,4.98,4.96
3/10/2025 16:10,March,6.68,6.65
3/10/2025 16:15,March,6.69,6.65
3/10/2025 16:20,March,14.67,14.6
3/10/2025 16:25,March,13.53,13.46
3/10/2025 16:30,March,13.18,13.1
3/10/2025 16:35,March,13.17,13.08
3/10/2025 16:40,March,6.33,6.3
3/10/2025 16:45,March,3.43,3.41
3/10/2025 16:50,March,5,4.97
3/10/2025 16:55,March,5,4.97
3/10/2025 17:00,March,3.26,3.24
3/10/2025 17:05,March,1.24,1.23
3/10/2025 17:10,March,1.24,1.23
3/10/2025 17:15,March,1.25,1.24
3/10/2025 17:20,March,3,2.97
3/10/2025 17:25,March,3.26,3.22
3/10/2025 17:30,March,3.27,3.22
3/10/2025 17:35,March,3.28,3.23
3/10/2025 17:40,March,4.58,4.51
3/10/2025 17:45,March,3.48,3.42
3/10/2025 17:50,March,5.05,4.96
3/10/2025 17:55,March,4.94,4.85
3/10/2025 18:00,March,5.06,4.97
3/10/2025 18:05,March,11.11,10.87
3/10/2025 18:10,March,11.16,10.87
3/10/2025 18:15,March,11.16,10.88
3/10/2025 18:20,March,5.13,5
3/10/2025 18:25,March,11.19,10.89
3/10/2025 18:30,March,12.26,11.93
3/10/2025 18:35,March,5.5,5.36
3/10/2025 18:40,March,5.24,5.1
3/10/2025 18:45,March,11.19,10.9
3/10/2025 18:50,March,11.18,10.89
3/10/2025 18:55,March,11.16,10.89
3/10/2025 19:00,March,6.83,6.68
3/10/2025 19:05,March,9.13,8.91
3/10/2025 19:10,March,5.24,5.12
3/10/2025 19:15,March,5.1,4.98
3/10/2025 19:20,March,5.1,4.98
3/10/2025 19:25,March,3.51,3.43
3/10/2025 19:30,March,3.51,3.43
3/10/2025 19:35,March,3.5,3.42
3/10/2025 19:40,March,3.5,3.42
3/10/2025 19:45,March,4.33,4.22
3/10/2025 19:50,March,3.52,3.43
3/10/2025 19:55,March,3.52,3.43
3/10/2025 20:00,March,4.72,4.6
3/10/2025 20:05,March,18.11,17.64
3/10/2025 20:10,March,17.69,17.19
3/10/2025 20:15,March,13.19,12.81
3/10/2025 20:20,March,13.16,12.78
3/10/2025 20:25,March,16.06,15.59
3/10/2025 20:30,March,13.54,13.15
3/10/2025 20:35,March,11.26,10.94
3/10/2025 20:40,March,11.22,10.9
3/10/2025 20:45,March,5.09,4.95
3/10/2025 20:50,March,5.14,5.01
3/10/2025 20:55,March,5.09,4.97
3/10/2025 21:00,March,3.52,3.43
3/10/2025 21:05,March,11.16,10.88
3/10/2025 21:10,March,11.29,11
3/10/2025 21:15,March,14.2,13.84
3/10/2025 21:20,March,17.45,17.04
3/10/2025 21:25,March,11.3,11.03
3/10/2025 21:30,March,10.98,10.72
3/10/2025 21:35,March,10.97,10.7
3/10/2025 21:40,March,5.1,4.97
3/10/2025 21:45,March,3.7,3.61
3/10/2025 21:50,March,3.53,3.44
3/10/2025 21:55,March,3.49,3.4
3/10/2025 22:00,March,3.33,3.24
3/10/2025 22:05,March,10.97,10.71
3/10/2025 22:10,March,6.23,6.08
3/10/2025 22:15,March,5.1,4.97
3/10/2025 22:20,March,5.1,4.97
3/10/2025 22:25,March,5.09,4.95
3/10/2025 22:30,March,3.54,3.44
3/10/2025 22:35,March,3.53,3.43
3/10/2025 22:40,March,3.34,3.25
3/10/2025 22:45,March,3.16,3.08
3/10/2025 22:50,March,3.33,3.24
3/10/2025 22:55,March,3.33,3.24
3/10/2025 23:00,March,3.05,2.97
3/10/2025 23:05,March,5.07,4.95
3/10/2025 23:10,March,3.33,3.24
3/10/2025 23:15,March,3.33,3.24
3/10/2025 23:20,March,3.33,3.24
3/10/2025 23:25,March,3.33,3.24
3/10/2025 23:30,March,3.33,3.25
3/10/2025 23:35,March,3.33,3.25
3/10/2025 23:40,March,3.34,3.25
3/10/2025 23:45,March,3.33,3.25
3/10/2025 23:50,March,3.3,3.21
3/10/2025 23:55,March,1.25,1.22
3/11/2025 0:00,March,1.25,1.22
3/11/2025 0:05,March,3.41,3.33
3/11/2025 0:10,March,3.41,3.33
3/11/2025 0:15,March,3.41,3.33
3/11/2025 0:20,March,3.41,3.33
3/11/2025 0:25,March,3.44,3.36
3/11/2025 0:30,March,3.47,3.39
3/11/2025 0:35,March,3.44,3.36
3/11/2025 0:40,March,3.47,3.39
3/11/2025 0:45,March,3.52,3.43
3/11/2025 0:50,March,3.52,3.43
3/11/2025 0:55,March,3.52,3.43
3/11/2025 1:00,March,3.41,3.33
3/11/2025 1:05,March,3.55,3.46
3/11/2025 1:10,March,11.69,11.39
3/11/2025 1:15,March,3.57,3.48
3/11/2025 1:20,March,3.56,3.47
3/11/2025 1:25,March,3.56,3.46
3/11/2025 1:30,March,3.53,3.43
3/11/2025 1:35,March,3.54,3.45
3/11/2025 1:40,March,0.59,0.57
3/11/2025 1:45,March,3.01,2.94
3/11/2025 1:50,March,3.4,3.32
3/11/2025 1:55,March,3.3,3.22
3/11/2025 2:00,March,3.3,3.22
3/11/2025 2:05,March,3.43,3.35
3/11/2025 2:10,March,3.4,3.32
3/11/2025 2:15,March,3.01,2.94
3/11/2025 2:20,March,3.39,3.32
3/11/2025 2:25,March,3.39,3.32
3/11/2025 2:30,March,2.98,2.92
3/11/2025 2:35,March,3.34,3.27
3/11/2025 2:40,March,3.34,3.27
3/11/2025 2:45,March,3.38,3.32
3/11/2025 2:50,March,3.38,3.31
3/11/2025 2:55,March,3.38,3.31
3/11/2025 3:00,March,5.12,5.01
3/11/2025 3:05,March,3.42,3.35
3/11/2025 3:10,March,3.39,3.32
3/11/2025 3:15,March,3.39,3.32
3/11/2025 3:20,March,3.39,3.32
3/11/2025 3:25,March,3.39,3.32
3/11/2025 3:30,March,3.39,3.32
3/11/2025 3:35,March,3.39,3.32
3/11/2025 3:40,March,3.39,3.32
3/11/2025 3:45,March,3.39,3.32
3/11/2025 3:50,March,3.39,3.32
3/11/2025 3:55,March,3.39,3.32
3/11/2025 4:00,March,3.39,3.31
3/11/2025 4:05,March,3.43,3.35
3/11/2025 4:10,March,3.42,3.35
3/11/2025 4:15,March,3.42,3.35
3/11/2025 4:20,March,3.39,3.32
3/11/2025 4:25,March,3.4,3.32
3/11/2025 4:30,March,3.4,3.32
3/11/2025 4:35,March,3.42,3.35
3/11/2025 4:40,March,3.42,3.35
3/11/2025 4:45,March,3.4,3.33
3/11/2025 4:50,March,3.4,3.33
3/11/2025 4:55,March,3.4,3.33
3/11/2025 5:00,March,3.41,3.33
3/11/2025 5:05,March,3.43,3.35
3/11/2025 5:10,March,3.52,3.44
3/11/2025 5:15,March,4.39,4.29
3/11/2025 5:20,March,4.39,4.28
3/11/2025 5:25,March,3.57,3.49
3/11/2025 5:30,March,3.52,3.43
3/11/2025 5:35,March,3.53,3.45
3/11/2025 5:40,March,3.54,3.45
3/11/2025 5:45,March,4.39,4.28
3/11/2025 5:50,March,3.57,3.48
3/11/2025 5:55,March,6.57,6.41
3/11/2025 6:00,March,6.07,5.92
3/11/2025 6:05,March,0.68,0.67
3/11/2025 6:10,March,3.51,3.43
3/11/2025 6:15,March,3.55,3.46
3/11/2025 6:20,March,3.51,3.43
3/11/2025 6:25,March,3.5,3.42
3/11/2025 6:30,March,3.5,3.43
3/11/2025 6:35,March,0.69,0.67
3/11/2025 6:40,March,2.98,2.91
3/11/2025 6:45,March,3.02,2.95
3/11/2025 6:50,March,2.97,2.92
3/11/2025 6:55,March,3.17,3.11
3/11/2025 7:00,March,3.17,3.11
3/11/2025 7:05,March,0,0
3/11/2025 7:10,March,0.58,0.57
3/11/2025 7:15,March,0.68,0.67
3/11/2025 7:20,March,0.73,0.72
3/11/2025 7:25,March,2.91,2.87
3/11/2025 7:30,March,3.12,3.08
3/11/2025 7:35,March,3.11,3.08
3/11/2025 7:40,March,3.43,3.39
3/11/2025 7:45,March,3.27,3.24
3/11/2025 7:50,March,3.33,3.31
3/11/2025 7:55,March,3.26,3.24
3/11/2025 8:00,March,4.28,4.26
3/11/2025 8:05,March,0.25,0.25
3/11/2025 8:10,March,2.99,3
3/11/2025 8:15,March,3.2,3.22
3/11/2025 8:20,March,3.22,3.24
3/11/2025 8:25,March,3.21,3.24
3/11/2025 8:30,March,3.27,3.3
3/11/2025 8:35,March,3.21,3.24
3/11/2025 8:40,March,3.2,3.24
3/11/2025 8:45,March,3.35,3.39
3/11/2025 8:50,March,4.73,4.79
3/11/2025 8:55,March,12.09,12.25
3/11/2025 9:00,March,11.85,12
3/11/2025 9:05,March,0,0
3/11/2025 9:10,March,0,0
3/11/2025 9:15,March,0.18,0.18
3/11/2025 9:20,March,3.03,3.04
3/11/2025 9:25,March,3.23,3.24
3/11/2025 9:30,March,3.32,3.33
3/11/2025 9:35,March,3.32,3.33
3/11/2025 9:40,March,3.33,3.34
3/11/2025 9:45,March,3.38,3.4
3/11/2025 9:50,March,2.94,2.96
3/11/2025 9:55,March,3.22,3.23
3/11/2025 10:00,March,3.27,3.28
3/11/2025 10:05,March,3.23,3.24
3/11/2025 10:10,March,3.32,3.33
3/11/2025 10:15,March,3.28,3.28
3/11/2025 10:20,March,3.31,3.32
3/11/2025 10:25,March,3.38,3.39
3/11/2025 10:30,March,3.27,3.29
3/11/2025 10:35,March,3.31,3.32
3/11/2025 10:40,March,3.33,3.34
3/11/2025 10:45,March,3.31,3.32
3/11/2025 10:50,March,3.31,3.32
3/11/2025 10:55,March,3.31,3.32
3/11/2025 11:00,March,3.27,3.28
3/11/2025 11:05,March,3.26,3.28
3/11/2025 11:10,March,3.3,3.32
3/11/2025 11:15,March,3.26,3.28
3/11/2025 11:20,March,3.3,3.32
3/11/2025 11:25,March,3.31,3.33
3/11/2025 11:30,March,3.26,3.28
3/11/2025 11:35,March,3.3,3.32
3/11/2025 11:40,March,3.26,3.28
3/11/2025 11:45,March,3.26,3.28
3/11/2025 11:50,March,3.22,3.24
3/11/2025 11:55,March,3.22,3.24
3/11/2025 12:00,March,3.19,3.22
3/11/2025 12:05,March,3.05,3.08
3/11/2025 12:10,March,3.19,3.22
3/11/2025 12:15,March,3.19,3.21
3/11/2025 12:20,March,3.2,3.22
3/11/2025 12:25,March,3.19,3.22
3/11/2025 12:30,March,3.26,3.28
3/11/2025 12:35,March,3.26,3.28
3/11/2025 12:40,March,3.26,3.28
3/11/2025 12:45,March,3.26,3.28
3/11/2025 12:50,March,3.26,3.28
3/11/2025 12:55,March,3.24,3.26
3/11/2025 13:00,March,3.47,3.49
3/11/2025 13:05,March,7.29,7.32
3/11/2025 13:10,March,12,12.06
3/11/2025 13:15,March,12.06,12.12
3/11/2025 13:20,March,4.9,4.92
3/11/2025 13:25,March,4.91,4.93
3/11/2025 13:30,March,4.91,4.93
3/11/2025 13:35,March,4.66,4.68
3/11/2025 13:40,March,4.89,4.91
3/11/2025 13:45,March,4.9,4.91
3/11/2025 13:50,March,4.89,4.91
3/11/2025 13:55,March,4.89,4.9
3/11/2025 14:00,March,4.68,4.68
3/11/2025 14:05,March,3.43,3.44
3/11/2025 14:10,March,3.42,3.43
3/11/2025 14:15,March,4.69,4.71
3/11/2025 14:20,March,4.62,4.64
3/11/2025 14:25,March,4.88,4.9
3/11/2025 14:30,March,4.73,4.74
3/11/2025 14:35,March,9.24,9.25
3/11/2025 14:40,March,12.13,12.17
3/11/2025 14:45,March,12.19,12.24
3/11/2025 14:50,March,12.05,12.11
3/11/2025 14:55,March,12.29,12.36
3/11/2025 15:00,March,12.18,12.24
3/11/2025 15:05,March,12.28,12.31
3/11/2025 15:10,March,12.06,12.09
3/11/2025 15:15,March,11.48,11.49
3/11/2025 15:20,March,11.61,11.63
3/11/2025 15:25,March,6.69,6.69
3/11/2025 15:30,March,13.24,13.25
3/11/2025 15:35,March,6.69,6.69
3/11/2025 15:40,March,6.08,6.08
3/11/2025 15:45,March,14.14,14.11
3/11/2025 15:50,March,13.33,13.29
3/11/2025 15:55,March,13.36,13.3
3/11/2025 16:00,March,12.19,12.12
3/11/2025 16:05,March,17.72,17.6
3/11/2025 16:10,March,17.25,17.13
3/11/2025 16:15,March,17.28,17.15
3/11/2025 16:20,March,17.29,17.15
3/11/2025 16:25,March,15.23,15.07
3/11/2025 16:30,March,13.13,12.94
3/11/2025 16:35,March,15.03,14.79
3/11/2025 16:40,March,14.02,13.78
3/11/2025 16:45,March,14.02,13.77
3/11/2025 16:50,March,13.16,12.9
3/11/2025 16:55,March,12.34,12.08
3/11/2025 17:00,March,9.15,8.96
3/11/2025 17:05,March,6.8,6.69
3/11/2025 17:10,March,5.21,5.14
3/11/2025 17:15,March,5.19,5.12
3/11/2025 17:20,March,5.55,5.47
3/11/2025 17:25,March,5.22,5.14
3/11/2025 17:30,March,5.68,5.59
3/11/2025 17:35,March,5.56,5.47
3/11/2025 17:40,March,12.74,12.53
3/11/2025 17:45,March,13.79,13.55
3/11/2025 17:50,March,13.84,13.6
3/11/2025 17:55,March,13.11,12.88
3/11/2025 18:00,March,13.61,13.36
3/11/2025 18:05,March,15.33,15.02
3/11/2025 18:10,March,17.68,17.28
3/11/2025 18:15,March,17.69,17.29
3/11/2025 18:20,March,18.21,17.81
3/11/2025 18:25,March,17.58,17.19
3/11/2025 18:30,March,15.95,15.56
3/11/2025 18:35,March,15.63,15.21
3/11/2025 18:40,March,14.03,13.64
3/11/2025 18:45,March,14.13,13.74
3/11/2025 18:50,March,15.61,15.19
3/11/2025 18:55,March,14.18,13.78
3/11/2025 19:00,March,12.97,12.59
3/11/2025 19:05,March,13.74,13.32
3/11/2025 19:10,March,13.66,13.25
3/11/2025 19:15,March,15.79,15.32
3/11/2025 19:20,March,13.74,13.32
3/11/2025 19:25,March,13.23,12.83
3/11/2025 19:30,March,12.52,12.13
3/11/2025 19:35,March,10.29,9.97
3/11/2025 19:40,March,9.63,9.33
3/11/2025 19:45,March,9.25,8.96
3/11/2025 19:50,March,9.25,8.97
3/11/2025 19:55,March,9.24,8.96
3/11/2025 20:00,March,5.3,5.15
3/11/2025 20:05,March,18.48,18
3/11/2025 20:10,March,18.8,18.33
3/11/2025 20:15,March,18.3,17.8
3/11/2025 20:20,March,18.09,17.55
3/11/2025 20:25,March,13.96,13.52
3/11/2025 20:30,March,13.94,13.5
3/11/2025 20:35,March,16.16,15.65
3/11/2025 20:40,March,13.97,13.53
3/11/2025 20:45,March,13.2,12.78
3/11/2025 20:50,March,13.16,12.74
3/11/2025 20:55,March,12.63,12.21
3/11/2025 21:00,March,9.27,8.97
3/11/2025 21:05,March,18.86,18.25
3/11/2025 21:10,March,18.84,18.23
3/11/2025 21:15,March,18.54,17.92
3/11/2025 21:20,March,18.53,17.91
3/11/2025 21:25,March,18.37,17.74
3/11/2025 21:30,March,18.25,17.61
3/11/2025 21:35,March,18.24,17.59
3/11/2025 21:40,March,14.1,13.58
3/11/2025 21:45,March,13.69,13.18
3/11/2025 21:50,March,13.36,12.85
3/11/2025 21:55,March,12.65,12.16
3/11/2025 22:00,March,13.17,12.66
3/11/2025 22:05,March,12.83,12.36
3/11/2025 22:10,March,12.83,12.36
3/11/2025 22:15,March,12.53,12.06
3/11/2025 22:20,March,12.4,11.92
3/11/2025 22:25,March,9.35,8.99
3/11/2025 22:30,March,5.14,4.95
3/11/2025 22:35,March,9.27,8.95
3/11/2025 22:40,March,5.14,4.97
3/11/2025 22:45,March,4.14,4
3/11/2025 22:50,March,3.57,3.45
3/11/2025 22:55,March,4.09,3.95
3/11/2025 23:00,March,4.09,3.96
3/11/2025 23:05,March,12.64,12.26
3/11/2025 23:10,March,12.47,12.08
3/11/2025 23:15,March,12.51,12.11
3/11/2025 23:20,March,12.34,11.95
3/11/2025 23:25,March,5.13,4.97
3/11/2025 23:30,March,12.24,11.84
3/11/2025 23:35,March,7.02,6.79
3/11/2025 23:40,March,3.57,3.46
3/11/2025 23:45,March,3.58,3.46
3/11/2025 23:50,March,3.57,3.45
3/11/2025 23:55,March,3.57,3.46
3/12/2025 0:00,March,2.93,2.84
3/12/2025 0:05,March,4.06,3.94
3/12/2025 0:10,March,3.58,3.48
3/12/2025 0:15,March,4.06,3.94
3/12/2025 0:20,March,4.06,3.94
3/12/2025 0:25,March,4.8,4.67
3/12/2025 0:30,March,6.17,6
3/12/2025 0:35,March,6.17,5.99
3/12/2025 0:40,March,5.65,5.49
3/12/2025 0:45,March,4.72,4.58
3/12/2025 0:50,March,3.54,3.44
3/12/2025 0:55,March,3.54,3.44
3/12/2025 1:00,March,3.54,3.44
3/12/2025 1:05,March,3.51,3.41
3/12/2025 1:10,March,3.51,3.41
3/12/2025 1:15,March,3.5,3.41
3/12/2025 1:20,March,3.5,3.4
3/12/2025 1:25,March,3.5,3.4
3/12/2025 1:30,March,3.49,3.4
3/12/2025 1:35,March,3.43,3.33
3/12/2025 1:40,March,3.43,3.33
3/12/2025 1:45,March,3.42,3.33
3/12/2025 1:50,March,3.42,3.33
3/12/2025 1:55,March,3.42,3.33
3/12/2025 2:00,March,3.42,3.33
3/12/2025 2:05,March,3.44,3.35
3/12/2025 2:10,March,3.42,3.33
3/12/2025 2:15,March,3.42,3.33
3/12/2025 2:20,March,3.42,3.33
3/12/2025 2:25,March,3.43,3.35
3/12/2025 2:30,March,3.43,3.35
3/12/2025 2:35,March,3.43,3.35
3/12/2025 2:40,March,3.42,3.33
3/12/2025 2:45,March,3.32,3.25
3/12/2025 2:50,March,3.41,3.33
3/12/2025 2:55,March,3.41,3.33
3/12/2025 3:00,March,3.41,3.33
3/12/2025 3:05,March,3.41,3.33
3/12/2025 3:10,March,3.41,3.33
3/12/2025 3:15,March,3.41,3.33
3/12/2025 3:20,March,3.41,3.33
3/12/2025 3:25,March,3.41,3.33
3/12/2025 3:30,March,3.41,3.33
3/12/2025 3:35,March,3.41,3.33
3/12/2025 3:40,March,3.29,3.22
3/12/2025 3:45,March,3.4,3.33
3/12/2025 3:50,March,3.4,3.33
3/12/2025 3:55,March,3.4,3.32
3/12/2025 4:00,March,3.4,3.33
3/12/2025 4:05,March,3.4,3.33
3/12/2025 4:10,March,3.46,3.38
3/12/2025 4:15,March,3.43,3.35
3/12/2025 4:20,March,3.42,3.34
3/12/2025 4:25,March,3.41,3.33
3/12/2025 4:30,March,3.41,3.33
3/12/2025 4:35,March,3.43,3.35
3/12/2025 4:40,March,3.49,3.41
3/12/2025 4:45,March,3.46,3.38
3/12/2025 4:50,March,3.49,3.41
3/12/2025 4:55,March,3.46,3.38
3/12/2025 5:00,March,3.43,3.35
3/12/2025 5:05,March,2.98,2.9
3/12/2025 5:10,March,3.44,3.35
3/12/2025 5:15,March,3.44,3.35
3/12/2025 5:20,March,3.51,3.42
3/12/2025 5:25,March,3.45,3.36
3/12/2025 5:30,March,3.5,3.41
3/12/2025 5:35,March,3.51,3.42
3/12/2025 5:40,March,3.52,3.43
3/12/2025 5:45,March,3.52,3.43
3/12/2025 5:50,March,3.52,3.42
3/12/2025 5:55,March,3.52,3.43
3/12/2025 6:00,March,3.52,3.42
3/12/2025 6:05,March,2.3,2.25
3/12/2025 6:10,March,2.99,2.94
3/12/2025 6:15,March,3.36,3.3
3/12/2025 6:20,March,3.28,3.23
3/12/2025 6:25,March,3.38,3.32
3/12/2025 6:30,March,2.3,2.26
3/12/2025 6:35,March,0.26,0.25
3/12/2025 6:40,March,0.21,0.21
3/12/2025 6:45,March,0.31,0.31
3/12/2025 6:50,March,0.31,0.31
3/12/2025 6:55,March,0.31,0.3
3/12/2025 7:00,March,0.26,0.26
3/12/2025 7:05,March,0.19,0.19
3/12/2025 7:10,March,0.26,0.25
3/12/2025 7:15,March,0.31,0.3
3/12/2025 7:20,March,2.47,2.45
3/12/2025 7:25,March,2.46,2.45
3/12/2025 7:30,March,2.52,2.5
3/12/2025 7:35,March,2.33,2.32
3/12/2025 7:40,March,2.64,2.64
3/12/2025 7:45,March,3.2,3.2
3/12/2025 7:50,March,3.23,3.23
3/12/2025 7:55,March,3.38,3.39
3/12/2025 8:00,March,3.38,3.39
3/12/2025 8:05,March,0.18,0.18
3/12/2025 8:10,March,2.74,2.74
3/12/2025 8:15,March,3,2.99
3/12/2025 8:20,March,2.85,2.85
3/12/2025 8:25,March,3.23,3.23
3/12/2025 8:30,March,3.3,3.3
3/12/2025 8:35,March,3.23,3.23
3/12/2025 8:40,March,3.19,3.2
3/12/2025 8:45,March,3.22,3.23
3/12/2025 8:50,March,3.19,3.2
3/12/2025 8:55,March,3.29,3.3
3/12/2025 9:00,March,3.27,3.29
3/12/2025 9:05,March,0.18,0.18
3/12/2025 9:10,March,2.9,2.94
3/12/2025 9:15,March,2.91,2.95
3/12/2025 9:20,March,3.13,3.18
3/12/2025 9:25,March,3.19,3.23
3/12/2025 9:30,March,3.21,3.23
3/12/2025 9:35,March,3.21,3.24
3/12/2025 9:40,March,3.35,3.38
3/12/2025 9:45,March,3.3,3.34
3/12/2025 9:50,March,3.36,3.39
3/12/2025 9:55,March,3.36,3.38
3/12/2025 10:00,March,3.36,3.39
3/12/2025 10:05,March,3.07,3.09
3/12/2025 10:10,March,3.31,3.34
3/12/2025 10:15,March,3.32,3.34
3/12/2025 10:20,March,3.35,3.37
3/12/2025 10:25,March,3.33,3.37
3/12/2025 10:30,March,3.42,3.43
3/12/2025 10:35,March,3.38,3.4
3/12/2025 10:40,March,3.45,3.47
3/12/2025 10:45,March,4.42,4.44
3/12/2025 10:50,March,3.39,3.4
3/12/2025 10:55,March,3.39,3.4
3/12/2025 11:00,March,3.39,3.4
3/12/2025 11:05,March,4.43,4.44
3/12/2025 11:10,March,4.43,4.44
3/12/2025 11:15,March,0.18,0.18
3/12/2025 11:20,March,2.94,2.94
3/12/2025 11:25,March,3.16,3.16
3/12/2025 11:30,March,3.1,3.13
3/12/2025 11:35,March,3.12,3.15
3/12/2025 11:40,March,3.11,3.14
3/12/2025 11:45,March,2.75,2.77
3/12/2025 11:50,March,3.1,3.13
3/12/2025 11:55,March,3.2,3.23
3/12/2025 12:00,March,2.94,2.97
3/12/2025 12:05,March,3.19,3.23
3/12/2025 12:10,March,2.87,2.9
3/12/2025 12:15,March,2.89,2.93
3/12/2025 12:20,March,2.93,2.96
3/12/2025 12:25,March,3.19,3.23
3/12/2025 12:30,March,3.33,3.37
3/12/2025 12:35,March,3.38,3.4
3/12/2025 12:40,March,3.38,3.4
3/12/2025 12:45,March,3.2,3.23
3/12/2025 12:50,March,3.34,3.37
3/12/2025 12:55,March,3.37,3.4
3/12/2025 13:00,March,3.44,3.47
3/12/2025 13:05,March,4.44,4.46
3/12/2025 13:10,March,5.92,5.95
3/12/2025 13:15,March,6.4,6.43
3/12/2025 13:20,March,4.59,4.6
3/12/2025 13:25,March,4.9,4.91
3/12/2025 13:30,March,4.9,4.92
3/12/2025 13:35,March,5.39,5.4
3/12/2025 13:40,March,6.39,6.41
3/12/2025 13:45,March,6.38,6.41
3/12/2025 13:50,March,6.38,6.4
3/12/2025 13:55,March,6.41,6.43
3/12/2025 14:00,March,6.59,6.61
3/12/2025 14:05,March,10.9,10.89
3/12/2025 14:10,March,5.05,5.05
3/12/2025 14:15,March,6.01,6.01
3/12/2025 14:20,March,5.69,5.7
3/12/2025 14:25,March,6.39,6.4
3/12/2025 14:30,March,6.6,6.64
3/12/2025 14:35,March,6.37,6.41
3/12/2025 14:40,March,6.38,6.42
3/12/2025 14:45,March,6.39,6.43
3/12/2025 14:50,March,6,6.04
3/12/2025 14:55,March,6.37,6.41
3/12/2025 15:00,March,4.89,4.93
3/12/2025 15:05,March,11.54,11.58
3/12/2025 15:10,March,5.02,5.05
3/12/2025 15:15,March,5.02,5.05
3/12/2025 15:20,March,5.44,5.46
3/12/2025 15:25,March,5.44,5.48
3/12/2025 15:30,March,9.27,9.31
3/12/2025 15:35,March,9.29,9.32
3/12/2025 15:40,March,6.67,6.69
3/12/2025 15:45,March,12.35,12.38
3/12/2025 15:50,March,12.38,12.4
3/12/2025 15:55,March,12.31,12.32
3/12/2025 16:00,March,12.44,12.45
3/12/2025 16:05,March,14.23,14.23
3/12/2025 16:10,March,19.19,19.17
3/12/2025 16:15,March,15.5,15.47
3/12/2025 16:20,March,18.87,18.82
3/12/2025 16:25,March,22.24,22.16
3/12/2025 16:30,March,24.85,24.71
3/12/2025 16:35,March,24.88,24.71
3/12/2025 16:40,March,18.47,18.32
3/12/2025 16:45,March,20.98,20.74
3/12/2025 16:50,March,15.9,15.64
3/12/2025 16:55,March,15.92,15.64
3/12/2025 17:00,March,14.39,14.12
3/12/2025 17:05,March,5.19,5.09
3/12/2025 17:10,March,6.12,6.01
3/12/2025 17:15,March,5.59,5.47
3/12/2025 17:20,March,6.59,6.45
3/12/2025 17:25,March,6.6,6.45
3/12/2025 17:30,March,5.2,5.08
3/12/2025 17:35,March,9.14,8.94
3/12/2025 17:40,March,9.16,8.95
3/12/2025 17:45,March,12.26,11.95
3/12/2025 17:50,March,16.43,16
3/12/2025 17:55,March,18.17,17.68
3/12/2025 18:00,March,15.59,15.17
3/12/2025 18:05,March,14.45,14.05
3/12/2025 18:10,March,18.61,18.05
3/12/2025 18:15,March,27.06,26.24
3/12/2025 18:20,March,28.37,27.5
3/12/2025 18:25,March,28.27,27.39
3/12/2025 18:30,March,28.96,28.05
3/12/2025 18:35,March,28.75,27.84
3/12/2025 18:40,March,28.63,27.73
3/12/2025 18:45,March,29.87,28.95
3/12/2025 18:50,March,22.51,21.82
3/12/2025 18:55,March,20.73,20.1
3/12/2025 19:00,March,15.12,14.66
3/12/2025 19:05,March,14.75,14.3
3/12/2025 19:10,March,13.39,12.98
3/12/2025 19:15,March,14.73,14.28
3/12/2025 19:20,March,13.37,12.96
3/12/2025 19:25,March,13.36,12.96
3/12/2025 19:30,March,11.8,11.44
3/12/2025 19:35,March,13.2,12.79
3/12/2025 19:40,March,11.8,11.43
3/12/2025 19:45,March,10.37,10.04
3/12/2025 19:50,March,11.76,11.39
3/12/2025 19:55,March,10.22,9.89
3/12/2025 20:00,March,9.32,9.03
3/12/2025 20:05,March,31.89,30.87
3/12/2025 20:10,March,31.87,30.85
3/12/2025 20:15,March,30.58,29.6
3/12/2025 20:20,March,16.51,15.99
3/12/2025 20:25,March,17.69,17.14
3/12/2025 20:30,March,25.47,24.67
3/12/2025 20:35,March,20.51,19.87
3/12/2025 20:40,March,16.04,15.54
3/12/2025 20:45,March,15.27,14.8
3/12/2025 20:50,March,14.99,14.52
3/12/2025 20:55,March,12.29,11.9
3/12/2025 21:00,March,9.43,9.12
3/12/2025 21:05,March,25.45,24.64
3/12/2025 21:10,March,14.48,14.03
3/12/2025 21:15,March,13.26,12.84
3/12/2025 21:20,March,13.26,12.85
3/12/2025 21:25,March,13.23,12.82
3/12/2025 21:30,March,11.7,11.33
3/12/2025 21:35,March,10.2,9.87
3/12/2025 21:40,March,10.2,9.87
3/12/2025 21:45,March,10.2,9.87
3/12/2025 21:50,March,5.66,5.49
3/12/2025 21:55,March,6.7,6.51
3/12/2025 22:00,March,5.66,5.51
3/12/2025 22:05,March,9.38,9.12
3/12/2025 22:10,March,6.91,6.73
3/12/2025 22:15,March,6.7,6.52
3/12/2025 22:20,March,6.69,6.51
3/12/2025 22:25,March,6.67,6.49
3/12/2025 22:30,March,6.91,6.72
3/12/2025 22:35,March,6.69,6.52
3/12/2025 22:40,March,5.09,4.96
3/12/2025 22:45,March,5.23,5.1
3/12/2025 22:50,March,5.52,5.38
3/12/2025 22:55,March,5.52,5.38
3/12/2025 23:00,March,5.09,4.97
3/12/2025 23:05,March,12.59,12.3
3/12/2025 23:10,March,6.62,6.46
3/12/2025 23:15,March,6.13,5.99
3/12/2025 23:20,March,6.13,5.98
3/12/2025 23:25,March,5.63,5.51
3/12/2025 23:30,March,5.08,4.96
3/12/2025 23:35,March,4.92,4.81
3/12/2025 23:40,March,3.52,3.44
3/12/2025 23:45,March,3.48,3.41
3/12/2025 23:50,March,3.52,3.44
3/12/2025 23:55,March,3.52,3.44
3/13/2025 0:00,March,3.49,3.41
3/13/2025 0:05,March,6.83,6.69
3/13/2025 0:10,March,6.58,6.44
3/13/2025 0:15,March,5.23,5.12
3/13/2025 0:20,March,3.48,3.4
3/13/2025 0:25,March,3.51,3.44
3/13/2025 0:30,March,3.47,3.4
3/13/2025 0:35,March,3.47,3.4
3/13/2025 0:40,March,3.47,3.4
3/13/2025 0:45,March,3.47,3.39
3/13/2025 0:50,March,3.33,3.26
3/13/2025 0:55,March,3.34,3.27
3/13/2025 1:00,March,3.33,3.26
3/13/2025 1:05,March,3.42,3.35
3/13/2025 1:10,March,3.4,3.33
3/13/2025 1:15,March,3.4,3.33
3/13/2025 1:20,March,3.4,3.33
3/13/2025 1:25,March,3.4,3.33
3/13/2025 1:30,March,3.4,3.34
3/13/2025 1:35,March,3.4,3.34
3/13/2025 1:40,March,3.41,3.34
3/13/2025 1:45,March,3.41,3.34
3/13/2025 1:50,March,3.41,3.34
3/13/2025 1:55,March,3.41,3.34
3/13/2025 2:00,March,3.32,3.25
3/13/2025 2:05,March,3.4,3.33
3/13/2025 2:10,March,3.4,3.33
3/13/2025 2:15,March,3.4,3.33
3/13/2025 2:20,March,3.4,3.33
3/13/2025 2:25,March,3.41,3.33
3/13/2025 2:30,March,3.41,3.33
3/13/2025 2:35,March,3.41,3.34
3/13/2025 2:40,March,3.41,3.34
3/13/2025 2:45,March,3.41,3.34
3/13/2025 2:50,March,3.42,3.34
3/13/2025 2:55,March,3.42,3.34
3/13/2025 3:00,March,3.41,3.34
3/13/2025 3:05,March,3.32,3.24
3/13/2025 3:10,March,3.01,2.95
3/13/2025 3:15,March,3.29,3.22
3/13/2025 3:20,March,3.28,3.21
3/13/2025 3:25,March,3.27,3.21
3/13/2025 3:30,March,3.4,3.33
3/13/2025 3:35,March,3.32,3.25
3/13/2025 3:40,March,3.4,3.33
3/13/2025 3:45,March,3.4,3.33
3/13/2025 3:50,March,3.31,3.24
3/13/2025 3:55,March,3.4,3.33
3/13/2025 4:00,March,3.32,3.25
3/13/2025 4:05,March,3.46,3.39
3/13/2025 4:10,March,3.4,3.33
3/13/2025 4:15,March,3.4,3.33
3/13/2025 4:20,March,3.42,3.34
3/13/2025 4:25,March,3.46,3.39
3/13/2025 4:30,March,3.42,3.35
3/13/2025 4:35,March,3.46,3.39
3/13/2025 4:40,March,3.46,3.39
3/13/2025 4:45,March,3.46,3.38
3/13/2025 4:50,March,3.46,3.38
3/13/2025 4:55,March,3.43,3.35
3/13/2025 5:00,March,3.44,3.37
3/13/2025 5:05,March,3.5,3.41
3/13/2025 5:10,March,3.5,3.42
3/13/2025 5:15,March,3.54,3.45
3/13/2025 5:20,March,3.57,3.48
3/13/2025 5:25,March,4.39,4.28
3/13/2025 5:30,March,3.56,3.47
3/13/2025 5:35,March,3.64,3.54
3/13/2025 5:40,March,2.08,2.02
3/13/2025 5:45,March,3.5,3.41
3/13/2025 5:50,March,3.5,3.42
3/13/2025 5:55,March,3.52,3.43
3/13/2025 6:00,March,3.52,3.44
3/13/2025 6:05,March,0.31,0.3
3/13/2025 6:10,March,2.73,2.68
3/13/2025 6:15,March,3.18,3.13
3/13/2025 6:20,March,3.24,3.19
3/13/2025 6:25,March,3.37,3.32
3/13/2025 6:30,March,3.23,3.19
3/13/2025 6:35,March,3.16,3.11
3/13/2025 6:40,March,2.95,2.91
3/13/2025 6:45,March,2.99,2.95
3/13/2025 6:50,March,2.84,2.8
3/13/2025 6:55,March,2.85,2.82
3/13/2025 7:00,March,2.88,2.85
3/13/2025 7:05,March,2.48,2.45
3/13/2025 7:10,March,2.63,2.6
3/13/2025 7:15,March,2.82,2.79
3/13/2025 7:20,March,2.87,2.85
3/13/2025 7:25,March,3.12,3.1
3/13/2025 7:30,March,2.87,2.85
3/13/2025 7:35,March,3.11,3.1
3/13/2025 7:40,March,3.11,3.1
3/13/2025 7:45,March,3.14,3.13
3/13/2025 7:50,March,3.1,3.1
3/13/2025 7:55,March,3.4,3.4
3/13/2025 8:00,March,3.4,3.4
3/13/2025 8:05,March,3.1,3.1
3/13/2025 8:10,March,3.13,3.13
3/13/2025 8:15,March,3.24,3.24
3/13/2025 8:20,March,3.12,3.13
3/13/2025 8:25,March,3.29,3.3
3/13/2025 8:30,March,3.27,3.28
3/13/2025 8:35,March,3.23,3.24
3/13/2025 8:40,March,3.28,3.3
3/13/2025 8:45,March,3.28,3.3
3/13/2025 8:50,March,3.22,3.23
3/13/2025 8:55,March,3.37,3.39
3/13/2025 9:00,March,3.37,3.39
3/13/2025 9:05,March,0.18,0.18
3/13/2025 9:10,March,2.91,2.95
3/13/2025 9:15,March,3.05,3.09
3/13/2025 9:20,March,3.1,3.14
3/13/2025 9:25,March,3.16,3.2
3/13/2025 9:30,March,3.35,3.39
3/13/2025 9:35,March,3.27,3.31
3/13/2025 9:40,March,3.35,3.4
3/13/2025 9:45,March,3.36,3.4
3/13/2025 9:50,March,3.35,3.39
3/13/2025 9:55,March,3.33,3.37
3/13/2025 10:00,March,3.36,3.39
3/13/2025 10:05,March,0.18,0.18
3/13/2025 10:10,March,3.34,3.37
3/13/2025 10:15,March,3.36,3.39
3/13/2025 10:20,March,4.41,4.44
3/13/2025 10:25,March,4.41,4.44
3/13/2025 10:30,March,4.4,4.44
3/13/2025 10:35,March,3.44,3.47
3/13/2025 10:40,March,3.44,3.47
3/13/2025 10:45,March,3.41,3.44
3/13/2025 10:50,March,3.41,3.44
3/13/2025 10:55,March,3.36,3.39
3/13/2025 11:00,March,3.36,3.39
3/13/2025 11:05,March,3.27,3.29
3/13/2025 11:10,March,3.06,3.08
3/13/2025 11:15,March,3.21,3.23
3/13/2025 11:20,March,3.06,3.08
3/13/2025 11:25,March,3.11,3.14
3/13/2025 11:30,March,3.11,3.14
3/13/2025 11:35,March,3.16,3.18
3/13/2025 11:40,March,3.14,3.17
3/13/2025 11:45,March,3.1,3.12
3/13/2025 11:50,March,3.24,3.27
3/13/2025 11:55,March,3.06,3.09
3/13/2025 12:00,March,3.1,3.13
3/13/2025 12:05,March,0.18,0.18
3/13/2025 12:10,March,0.19,0.19
3/13/2025 12:15,March,2.88,2.88
3/13/2025 12:20,March,2.41,2.41
3/13/2025 12:25,March,2.88,2.89
3/13/2025 12:30,March,2.86,2.87
3/13/2025 12:35,March,2.99,2.99
3/13/2025 12:40,March,2.99,2.99
3/13/2025 12:45,March,2.94,2.95
3/13/2025 12:50,March,3.08,3.08
3/13/2025 12:55,March,3.24,3.24
3/13/2025 13:00,March,4.45,4.46
3/13/2025 13:05,March,4.54,4.54
3/13/2025 13:10,March,4.84,4.84
3/13/2025 13:15,March,12.47,12.46
3/13/2025 13:20,March,7.84,7.82
3/13/2025 13:25,March,7.84,7.82
3/13/2025 13:30,March,7.87,7.85
3/13/2025 13:35,March,7.89,7.87
3/13/2025 13:40,March,6.66,6.65
3/13/2025 13:45,March,7.85,7.84
3/13/2025 13:50,March,6.6,6.6
3/13/2025 13:55,March,7.82,7.81
3/13/2025 14:00,March,6.65,6.65
3/13/2025 14:05,March,12.46,12.46
3/13/2025 14:10,March,7.9,7.89
3/13/2025 14:15,March,7.89,7.89
3/13/2025 14:20,March,5.9,5.89
3/13/2025 14:25,March,7.86,7.85
3/13/2025 14:30,March,7.87,7.87
3/13/2025 14:35,March,6.66,6.66
3/13/2025 14:40,March,12.5,12.47
3/13/2025 14:45,March,7.89,7.87
3/13/2025 14:50,March,7.9,7.89
3/13/2025 14:55,March,7.9,7.88
3/13/2025 15:00,March,12.55,12.52
3/13/2025 15:05,March,6.7,6.68
3/13/2025 15:10,March,5.92,5.9
3/13/2025 15:15,March,5.92,5.9
3/13/2025 15:20,March,5.92,5.91
3/13/2025 15:25,March,12.35,12.31
3/13/2025 15:30,March,10,9.96
3/13/2025 15:35,March,12.47,12.39
3/13/2025 15:40,March,12.47,12.41
3/13/2025 15:45,March,16.32,16.2
3/13/2025 15:50,March,15.62,15.49
3/13/2025 15:55,March,17.13,17
3/13/2025 16:00,March,14.18,14.07
3/13/2025 16:05,March,14.22,14.12
3/13/2025 16:10,March,13.03,12.9
3/13/2025 16:15,March,13.05,12.89
3/13/2025 16:20,March,15.28,15.09
3/13/2025 16:25,March,14.29,14.1
3/13/2025 16:30,March,16.47,16.24
3/13/2025 16:35,March,16.59,16.32
3/13/2025 16:40,March,14.39,14.16
3/13/2025 16:45,March,13.11,12.89
3/13/2025 16:50,March,13.11,12.89
3/13/2025 16:55,March,9.28,9.11
3/13/2025 17:00,March,6.03,5.92
3/13/2025 17:05,March,6.03,5.93
3/13/2025 17:10,March,5.03,4.96
3/13/2025 17:15,March,6.01,5.92
3/13/2025 17:20,March,6.01,5.91
3/13/2025 17:25,March,5.04,4.96
3/13/2025 17:30,March,5.18,5.09
3/13/2025 17:35,March,13.04,12.81
3/13/2025 17:40,March,5.6,5.5
3/13/2025 17:45,March,5.23,5.13
3/13/2025 17:50,March,5.6,5.49
3/13/2025 17:55,March,12.32,12.06
3/13/2025 18:00,March,11.15,10.89
3/13/2025 18:05,March,11.19,10.89
3/13/2025 18:10,March,12.34,11.99
3/13/2025 18:15,March,17.55,17.04
3/13/2025 18:20,March,14.35,13.94
3/13/2025 18:25,March,16.02,15.56
3/13/2025 18:30,March,16.13,15.67
3/13/2025 18:35,March,17.6,17.1
3/13/2025 18:40,March,15.76,15.31
3/13/2025 18:45,March,15.7,15.26
3/13/2025 18:50,March,15.81,15.36
3/13/2025 18:55,March,14.57,14.16
3/13/2025 19:00,March,9.23,8.97
3/13/2025 19:05,March,15.27,14.84
3/13/2025 19:10,March,16.2,15.74
3/13/2025 19:15,March,13.18,12.8
3/13/2025 19:20,March,9.4,9.14
3/13/2025 19:25,March,9.39,9.13
3/13/2025 19:30,March,10.53,10.23
3/13/2025 19:35,March,9.41,9.14
3/13/2025 19:40,March,12.35,11.99
3/13/2025 19:45,March,13.73,13.34
3/13/2025 19:50,March,11.77,11.43
3/13/2025 19:55,March,9.42,9.14
3/13/2025 20:00,March,9.22,8.97
3/13/2025 20:05,March,27.02,26.25
3/13/2025 20:10,March,27.04,26.27
3/13/2025 20:15,March,27.04,26.27
3/13/2025 20:20,March,31.84,30.96
3/13/2025 20:25,March,27.04,26.3
3/13/2025 20:30,March,25.33,24.63
3/13/2025 20:35,March,26.02,25.3
3/13/2025 20:40,March,23.47,22.83
3/13/2025 20:45,March,24.22,23.56
3/13/2025 20:50,March,23.47,22.84
3/13/2025 20:55,March,22.94,22.32
3/13/2025 21:00,March,13.33,12.97
3/13/2025 21:05,March,32.48,31.61
3/13/2025 21:10,March,32.32,31.43
3/13/2025 21:15,March,32.43,31.55
3/13/2025 21:20,March,32.42,31.54
3/13/2025 21:25,March,33.4,32.49
3/13/2025 21:30,March,32.4,31.51
3/13/2025 21:35,March,26.17,25.46
3/13/2025 21:40,March,25.44,24.75
3/13/2025 21:45,March,25.43,24.74
3/13/2025 21:50,March,13.33,12.96
3/13/2025 21:55,March,9.39,9.13
3/13/2025 22:00,March,9.23,8.97
3/13/2025 22:05,March,25.52,24.78
3/13/2025 22:10,March,25.47,24.75
3/13/2025 22:15,March,25.44,24.71
3/13/2025 22:20,March,14.63,14.2
3/13/2025 22:25,March,15,14.56
3/13/2025 22:30,March,13.36,12.96
3/13/2025 22:35,March,10.41,10.08
3/13/2025 22:40,March,13.24,12.82
3/13/2025 22:45,March,10.43,10.09
3/13/2025 22:50,March,10.59,10.27
3/13/2025 22:55,March,10.43,10.13
3/13/2025 23:00,March,5.25,5.1
3/13/2025 23:05,March,25.49,24.83
3/13/2025 23:10,March,14.44,14.07
3/13/2025 23:15,March,13.17,12.82
3/13/2025 23:20,March,9.42,9.16
3/13/2025 23:25,March,5.1,4.97
3/13/2025 23:30,March,9.41,9.14
3/13/2025 23:35,March,10.5,10.2
3/13/2025 23:40,March,3.54,3.44
3/13/2025 23:45,March,3.54,3.44
3/13/2025 23:50,March,3.53,3.44
3/13/2025 23:55,March,3.53,3.44
3/14/2025 0:00,March,3.52,3.43
3/14/2025 0:05,March,8.12,7.91
3/14/2025 0:10,March,5.06,4.93
3/14/2025 0:15,March,5.07,4.93
3/14/2025 0:20,March,6.71,6.54
3/14/2025 0:25,March,6.93,6.74
3/14/2025 0:30,March,6.75,6.56
3/14/2025 0:35,March,3.51,3.42
3/14/2025 0:40,March,3.51,3.42
3/14/2025 0:45,March,3.55,3.46
3/14/2025 0:50,March,4.38,4.27
3/14/2025 0:55,March,4.38,4.27
3/14/2025 1:00,March,4.38,4.27
3/14/2025 1:05,March,12.24,11.97
3/14/2025 1:10,March,6.66,6.51
3/14/2025 1:15,March,6.63,6.48
3/14/2025 1:20,March,6.62,6.47
3/14/2025 1:25,March,6.66,6.51
3/14/2025 1:30,March,3.53,3.46
3/14/2025 1:35,March,6.12,5.99
3/14/2025 1:40,March,4.59,4.5
3/14/2025 1:45,March,3.48,3.41
3/14/2025 1:50,March,3.54,3.46
3/14/2025 1:55,March,3.52,3.44
3/14/2025 2:00,March,3.48,3.4
3/14/2025 2:05,March,3.52,3.44
3/14/2025 2:10,March,4.19,4.1
3/14/2025 2:15,March,4.18,4.1
3/14/2025 2:20,March,3.54,3.47
3/14/2025 2:25,March,3.52,3.44
3/14/2025 2:30,March,3.53,3.46
3/14/2025 2:35,March,3.53,3.45
3/14/2025 2:40,March,3.53,3.45
3/14/2025 2:45,March,3.53,3.45
3/14/2025 2:50,March,3.52,3.45
3/14/2025 2:55,March,3.52,3.44
3/14/2025 3:00,March,3.52,3.45
3/14/2025 3:05,March,3.54,3.47
3/14/2025 3:10,March,3.53,3.45
3/14/2025 3:15,March,3.54,3.47
3/14/2025 3:20,March,3.53,3.45
3/14/2025 3:25,March,3.53,3.45
3/14/2025 3:30,March,3.53,3.45
3/14/2025 3:35,March,3.54,3.46
3/14/2025 3:40,March,3.53,3.45
3/14/2025 3:45,March,3.53,3.45
3/14/2025 3:50,March,3.49,3.42
3/14/2025 3:55,March,3.52,3.45
3/14/2025 4:00,March,3.52,3.45
3/14/2025 4:05,March,3.57,3.49
3/14/2025 4:10,March,4.39,4.3
3/14/2025 4:15,March,6.13,6
3/14/2025 4:20,March,4.39,4.3
3/14/2025 4:25,March,3.64,3.57
3/14/2025 4:30,March,3.64,3.57
3/14/2025 4:35,March,4.39,4.3
3/14/2025 4:40,March,5.97,5.85
3/14/2025 4:45,March,6.02,5.9
3/14/2025 4:50,March,6.08,5.95
3/14/2025 4:55,March,5.08,4.98
3/14/2025 5:00,March,5.08,4.98
3/14/2025 5:05,March,3.19,3.13
3/14/2025 5:10,March,3.52,3.45
3/14/2025 5:15,March,4.18,4.09
3/14/2025 5:20,March,5.19,5.08
3/14/2025 5:25,March,4.39,4.3
3/14/2025 5:30,March,5.1,5
3/14/2025 5:35,March,5.1,5
3/14/2025 5:40,March,5.19,5.08
3/14/2025 5:45,March,4.13,4.04
3/14/2025 5:50,March,4.41,4.31
3/14/2025 5:55,March,4.39,4.3
3/14/2025 6:00,March,4.59,4.49
3/14/2025 6:05,March,3.49,3.42
3/14/2025 6:10,March,4.38,4.3
3/14/2025 6:15,March,4.38,4.3
3/14/2025 6:20,March,3.53,3.46
3/14/2025 6:25,March,2.01,1.97
3/14/2025 6:30,March,2.95,2.9
3/14/2025 6:35,March,0,0
3/14/2025 6:40,March,6.6,6.48
3/14/2025 6:45,March,3.45,3.39
3/14/2025 6:50,March,3.37,3.31
3/14/2025 6:55,March,3.16,3.11
3/14/2025 7:00,March,3.39,3.34
3/14/2025 7:05,March,0,0
3/14/2025 7:10,March,2,1.98
3/14/2025 7:15,March,2.94,2.9
3/14/2025 7:20,March,3.14,3.1
3/14/2025 7:25,March,3.13,3.1
3/14/2025 7:30,March,3.37,3.34
3/14/2025 7:35,March,3.26,3.24
3/14/2025 7:40,March,3.36,3.34
3/14/2025 7:45,March,3.37,3.36
3/14/2025 7:50,March,3.22,3.21
3/14/2025 7:55,March,4.27,4.26
3/14/2025 8:00,March,6.46,6.45
3/14/2025 8:05,March,0.49,0.49
3/14/2025 8:10,March,3.06,3.07
3/14/2025 8:15,March,3.36,3.37
3/14/2025 8:20,March,3.21,3.21
3/14/2025 8:25,March,3.22,3.23
3/14/2025 8:30,March,3.12,3.14
3/14/2025 8:35,March,3.32,3.34
3/14/2025 8:40,March,3.37,3.39
3/14/2025 8:45,March,3.37,3.39
3/14/2025 8:50,March,3.31,3.33
3/14/2025 8:55,March,11.68,11.76
3/14/2025 9:00,March,11.53,11.6
3/14/2025 9:05,March,0.19,0.19
3/14/2025 9:10,March,3.17,3.19
3/14/2025 9:15,March,3.29,3.3
3/14/2025 9:20,March,3.17,3.19
3/14/2025 9:25,March,3.37,3.39
3/14/2025 9:30,March,3.37,3.39
3/14/2025 9:35,March,3.31,3.33
3/14/2025 9:40,March,3.37,3.39
3/14/2025 9:45,March,3.37,3.39
3/14/2025 9:50,March,3.41,3.43
3/14/2025 9:55,March,3.9,3.92
3/14/2025 10:00,March,12.64,12.71
3/14/2025 10:05,March,3.43,3.43
3/14/2025 10:10,March,6.76,6.78
3/14/2025 10:15,March,5.48,5.49
3/14/2025 10:20,March,6.09,6.1
3/14/2025 10:25,March,5.48,5.49
3/14/2025 10:30,March,6.63,6.64
3/14/2025 10:35,March,4.42,4.43
3/14/2025 10:40,March,4.54,4.55
3/14/2025 10:45,March,4.42,4.43
3/14/2025 10:50,March,4.25,4.26
3/14/2025 10:55,March,4.23,4.25
3/14/2025 11:00,March,4.26,4.28
3/14/2025 11:05,March,3.43,3.44
3/14/2025 11:10,March,3.37,3.38
3/14/2025 11:15,March,3.36,3.37
3/14/2025 11:20,March,3.43,3.44
3/14/2025 11:25,March,3.37,3.38
3/14/2025 11:30,March,4.07,4.08
3/14/2025 11:35,March,3.38,3.38
3/14/2025 11:40,March,4.54,4.55
3/14/2025 11:45,March,3.44,3.45
3/14/2025 11:50,March,3.47,3.48
3/14/2025 11:55,March,3.22,3.22
3/14/2025 12:00,March,3.19,3.2
3/14/2025 12:05,March,2.92,2.92
3/14/2025 12:10,March,3.33,3.33
3/14/2025 12:15,March,3.33,3.33
3/14/2025 12:20,March,3.33,3.33
3/14/2025 12:25,March,3.33,3.33
3/14/2025 12:30,March,3.43,3.43
3/14/2025 12:35,March,3.37,3.38
3/14/2025 12:40,March,3.39,3.39
3/14/2025 12:45,March,4.43,4.44
3/14/2025 12:50,March,4.42,4.43
3/14/2025 12:55,March,4.64,4.65
3/14/2025 13:00,March,10.01,10.02
3/14/2025 13:05,March,8.82,8.8
3/14/2025 13:10,March,12.44,12.43
3/14/2025 13:15,March,12.69,12.65
3/14/2025 13:20,March,10.94,10.9
3/14/2025 13:25,March,12.39,12.33
3/14/2025 13:30,March,12.41,12.33
3/14/2025 13:35,March,11.48,11.41
3/14/2025 13:40,March,12.39,12.32
3/14/2025 13:45,March,12.42,12.35
3/14/2025 13:50,March,12.54,12.48
3/14/2025 13:55,March,12.5,12.45
3/14/2025 14:00,March,12.48,12.43
3/14/2025 14:05,March,12.71,12.67
3/14/2025 14:10,March,12.5,12.47
3/14/2025 14:15,March,12.5,12.47
3/14/2025 14:20,March,12.74,12.71
3/14/2025 14:25,March,15.13,15.1
3/14/2025 14:30,March,15.21,15.19
3/14/2025 14:35,March,15.46,15.45
3/14/2025 14:40,March,20.15,20.14
3/14/2025 14:45,March,17.12,17.13
3/14/2025 14:50,March,23.52,23.5
3/14/2025 14:55,March,13.98,13.97
3/14/2025 15:00,March,12.92,12.91
3/14/2025 15:05,March,10.9,10.91
3/14/2025 15:10,March,8.82,8.85
3/14/2025 15:15,March,10.9,10.93
3/14/2025 15:20,March,14.97,15.01
3/14/2025 15:25,March,14.02,14.08
3/14/2025 15:30,March,14.06,14.12
3/14/2025 15:35,March,16.18,16.24
3/14/2025 15:40,March,13,13.04
3/14/2025 15:45,March,14.84,14.89
3/14/2025 15:50,March,14.2,14.22
3/14/2025 15:55,March,13.16,13.17
3/14/2025 16:00,March,13.67,13.68
3/14/2025 16:05,March,25.29,25.32
3/14/2025 16:10,March,15.74,15.74
3/14/2025 16:15,March,23.64,23.6
3/14/2025 16:20,March,24.74,24.66
3/14/2025 16:25,March,24.78,24.66
3/14/2025 16:30,March,24.86,24.77
3/14/2025 16:35,March,31.24,31.15
3/14/2025 16:40,March,31.45,31.36
3/14/2025 16:45,March,31.47,31.35
3/14/2025 16:50,March,31.21,31.06
3/14/2025 16:55,March,26.42,26.27
3/14/2025 17:00,March,21.38,21.24
3/14/2025 17:05,March,13.03,12.93
3/14/2025 17:10,March,7.59,7.53
3/14/2025 17:15,March,9.25,9.17
3/14/2025 17:20,March,9.28,9.19
3/14/2025 17:25,March,9.29,9.2
3/14/2025 17:30,March,13.09,12.94
3/14/2025 17:35,March,13.1,12.95
3/14/2025 17:40,March,15.46,15.26
3/14/2025 17:45,March,25.2,24.86
3/14/2025 17:50,March,25.28,24.92
3/14/2025 17:55,March,26.64,26.25
3/14/2025 18:00,March,23.05,22.66
3/14/2025 18:05,March,19.77,19.38
3/14/2025 18:10,March,24.15,23.59
3/14/2025 18:15,March,26.76,26.13
3/14/2025 18:20,March,33.29,32.48
3/14/2025 18:25,March,51.5,50.22
3/14/2025 18:30,March,33.33,32.5
3/14/2025 18:35,March,33.35,32.51
3/14/2025 18:40,March,50.26,49
3/14/2025 18:45,March,50.26,49
3/14/2025 18:50,March,32.32,31.49
3/14/2025 18:55,March,26.8,26.12
3/14/2025 19:00,March,21.84,21.29
3/14/2025 19:05,March,26.77,26.08
3/14/2025 19:10,March,25.38,24.73
3/14/2025 19:15,March,25.36,24.71
3/14/2025 19:20,March,24.2,23.58
3/14/2025 19:25,March,22.97,22.39
3/14/2025 19:30,March,22.77,22.19
3/14/2025 19:35,March,19.73,19.22
3/14/2025 19:40,March,9.24,9
3/14/2025 19:45,March,9.21,8.98
3/14/2025 19:50,March,12.28,11.96
3/14/2025 19:55,March,9.1,8.88
3/14/2025 20:00,March,6.07,5.92
3/14/2025 20:05,March,31.88,31.07
3/14/2025 20:10,March,26.77,26.09
3/14/2025 20:15,March,23.78,23.17
3/14/2025 20:20,March,31.74,30.99
3/14/2025 20:25,March,32.49,31.79
3/14/2025 20:30,March,32.45,31.8
3/14/2025 20:35,March,25.82,25.29
3/14/2025 20:40,March,22.49,22.02
3/14/2025 20:45,March,20.32,19.9
3/14/2025 20:50,March,15.05,14.74
3/14/2025 20:55,March,9.07,8.89
3/14/2025 21:00,March,6.07,5.94
3/14/2025 21:05,March,31.8,31.15
3/14/2025 21:10,March,25.8,25.27
3/14/2025 21:15,March,21.41,20.97
3/14/2025 21:20,March,13.14,12.88
3/14/2025 21:25,March,10.15,9.94
3/14/2025 21:30,March,9.36,9.18
3/14/2025 21:35,March,10.12,9.93
3/14/2025 21:40,March,10.12,9.94
3/14/2025 21:45,March,10.12,9.93
3/14/2025 21:50,March,6.06,5.95
3/14/2025 21:55,March,6.05,5.95
3/14/2025 22:00,March,6.05,5.95
3/14/2025 22:05,March,25.86,25.45
3/14/2025 22:10,March,24.04,23.67
3/14/2025 22:15,March,10.12,9.96
3/14/2025 22:20,March,23.81,23.43
3/14/2025 22:25,March,26.57,26.14
3/14/2025 22:30,March,10.12,9.96
3/14/2025 22:35,March,10.1,9.94
3/14/2025 22:40,March,6.86,6.76
3/14/2025 22:45,March,6.04,5.95
3/14/2025 22:50,March,4.94,4.87
3/14/2025 22:55,March,4.01,3.95
3/14/2025 23:00,March,3.5,3.44
3/14/2025 23:05,March,5.19,5.12
3/14/2025 23:10,March,4.95,4.88
3/14/2025 23:15,March,3.49,3.44
3/14/2025 23:20,March,4.95,4.87
3/14/2025 23:25,March,3.53,3.47
3/14/2025 23:30,March,3.53,3.47
3/14/2025 23:35,March,23.83,23.46
3/14/2025 23:40,March,6.92,6.81
3/14/2025 23:45,March,3.52,3.46
3/14/2025 23:50,March,3.52,3.46
3/14/2025 23:55,March,3.51,3.46
3/15/2025 0:00,March,3.31,3.26
3/15/2025 0:05,March,11.97,11.76
3/15/2025 0:10,March,6.74,6.62
3/15/2025 0:15,March,5.44,5.34
3/15/2025 0:20,March,4.68,4.59
3/15/2025 0:25,March,4.69,4.59
3/15/2025 0:30,March,6.07,5.95
3/15/2025 0:35,March,6.67,6.54
3/15/2025 0:40,March,6.07,5.94
3/15/2025 0:45,March,6.66,6.52
3/15/2025 0:50,March,6.07,5.94
3/15/2025 0:55,March,11.89,11.64
3/15/2025 1:00,March,6.71,6.57
3/15/2025 1:05,March,12.84,12.6
3/15/2025 1:10,March,12.09,11.85
3/15/2025 1:15,March,9.59,9.38
3/15/2025 1:20,March,6.06,5.94
3/15/2025 1:25,March,6.06,5.94
3/15/2025 1:30,March,6.06,5.93
3/15/2025 1:35,March,6.65,6.52
3/15/2025 1:40,March,6.66,6.52
3/15/2025 1:45,March,6.44,6.31
3/15/2025 1:50,March,6.06,5.93
3/15/2025 1:55,March,5.62,5.51
3/15/2025 2:00,March,4.03,3.94
3/15/2025 2:05,March,6.06,5.94
3/15/2025 2:10,March,5.24,5.13
3/15/2025 2:15,March,5.09,4.98
3/15/2025 2:20,March,5.11,5
3/15/2025 2:25,March,3.51,3.44
3/15/2025 2:30,March,3.55,3.48
3/15/2025 2:35,March,3.51,3.44
3/15/2025 2:40,March,3.51,3.43
3/15/2025 2:45,March,3.5,3.43
3/15/2025 2:50,March,3.5,3.43
3/15/2025 2:55,March,3.51,3.43
3/15/2025 3:00,March,3.51,3.43
3/15/2025 3:05,March,3.51,3.42
3/15/2025 3:10,March,3.5,3.42
3/15/2025 3:15,March,3.36,3.28
3/15/2025 3:20,March,3.41,3.33
3/15/2025 3:25,March,3.41,3.33
3/15/2025 3:30,March,3.51,3.42
3/15/2025 3:35,March,3.41,3.33
3/15/2025 3:40,March,3.44,3.35
3/15/2025 3:45,March,2.96,2.89
3/15/2025 3:50,March,3.32,3.24
3/15/2025 3:55,March,3.19,3.12
3/15/2025 4:00,March,3.33,3.25
3/15/2025 4:05,March,0.38,0.37
3/15/2025 4:10,March,2.97,2.9
3/15/2025 4:15,March,3.3,3.22
3/15/2025 4:20,March,3.32,3.24
3/15/2025 4:25,March,3.4,3.32
3/15/2025 4:30,March,3.33,3.25
3/15/2025 4:35,March,3.33,3.25
3/15/2025 4:40,March,3.4,3.32
3/15/2025 4:45,March,3.33,3.25
3/15/2025 4:50,March,3.4,3.32
3/15/2025 4:55,March,3.34,3.26
3/15/2025 5:00,March,3.34,3.26
3/15/2025 5:05,March,0.48,0.47
3/15/2025 5:10,March,2.98,2.91
3/15/2025 5:15,March,3.28,3.21
3/15/2025 5:20,March,3.3,3.23
3/15/2025 5:25,March,3.3,3.23
3/15/2025 5:30,March,3.3,3.23
3/15/2025 5:35,March,3.3,3.23
3/15/2025 5:40,March,3.32,3.24
3/15/2025 5:45,March,3.32,3.25
3/15/2025 5:50,March,3.32,3.25
3/15/2025 5:55,March,3.31,3.24
3/15/2025 6:00,March,3.32,3.24
3/15/2025 6:05,March,0.52,0.51
3/15/2025 6:10,March,0.67,0.66
3/15/2025 6:15,March,2.57,2.53
3/15/2025 6:20,March,2.95,2.9
3/15/2025 6:25,March,2.95,2.9
3/15/2025 6:30,March,2.96,2.91
3/15/2025 6:35,March,0.77,0.76
3/15/2025 6:40,March,2.79,2.75
3/15/2025 6:45,March,2.95,2.9
3/15/2025 6:50,March,2.16,2.12
3/15/2025 6:55,March,2.77,2.73
3/15/2025 7:00,March,2.78,2.75
3/15/2025 7:05,March,0.52,0.52
3/15/2025 7:10,March,0.67,0.67
3/15/2025 7:15,March,0.57,0.57
3/15/2025 7:20,March,0.58,0.57
3/15/2025 7:25,March,0.58,0.57
3/15/2025 7:30,March,0.77,0.77
3/15/2025 7:35,March,2,1.99
3/15/2025 7:40,March,0.72,0.72
3/15/2025 7:45,March,2.13,2.12
3/15/2025 7:50,March,2.69,2.69
3/15/2025 7:55,March,2.95,2.95
3/15/2025 8:00,March,2.89,2.89
3/15/2025 8:05,March,0,0
3/15/2025 8:10,March,0,0
3/15/2025 8:15,March,0.29,0.29
3/15/2025 8:20,March,0.29,0.29
3/15/2025 8:25,March,3.12,3.13
3/15/2025 8:30,March,2.85,2.86
3/15/2025 8:35,March,0.53,0.54
3/15/2025 8:40,March,2.66,2.68
3/15/2025 8:45,March,2.84,2.86
3/15/2025 8:50,March,2.82,2.84
3/15/2025 8:55,March,3.11,3.13
3/15/2025 9:00,March,2.99,3.01
3/15/2025 9:05,March,2.53,2.56
3/15/2025 9:10,March,2.54,2.56
3/15/2025 9:15,March,2.82,2.85
3/15/2025 9:20,March,2.82,2.85
3/15/2025 9:25,March,3.11,3.14
3/15/2025 9:30,March,2.95,2.98
3/15/2025 9:35,March,2.96,2.99
3/15/2025 9:40,March,3.11,3.14
3/15/2025 9:45,March,3.2,3.23
3/15/2025 9:50,March,3.09,3.12
3/15/2025 9:55,March,3.09,3.12
3/15/2025 10:00,March,3.12,3.14
3/15/2025 10:05,March,0.18,0.18
3/15/2025 10:10,March,2.88,2.9
3/15/2025 10:15,March,2.93,2.96
3/15/2025 10:20,March,3.37,3.4
3/15/2025 10:25,March,3.35,3.38
3/15/2025 10:30,March,3.35,3.38
3/15/2025 10:35,March,3.24,3.27
3/15/2025 10:40,March,3.35,3.37
3/15/2025 10:45,March,3.35,3.37
3/15/2025 10:50,March,3.31,3.33
3/15/2025 10:55,March,3.34,3.36
3/15/2025 11:00,March,3.35,3.36
3/15/2025 11:05,March,3.34,3.36
3/15/2025 11:10,March,3.34,3.36
3/15/2025 11:15,March,3.35,3.36
3/15/2025 11:20,March,3.35,3.36
3/15/2025 11:25,March,3.35,3.37
3/15/2025 11:30,March,3.34,3.37
3/15/2025 11:35,March,3.13,3.15
3/15/2025 11:40,March,3,3.02
3/15/2025 11:45,March,2.39,2.41
3/15/2025 11:50,March,2.89,2.91
3/15/2025 11:55,March,2.94,2.97
3/15/2025 12:00,March,2.84,2.86
3/15/2025 12:05,March,2.75,2.78
3/15/2025 12:10,March,2.84,2.86
3/15/2025 12:15,March,2.83,2.85
3/15/2025 12:20,March,2.84,2.86
3/15/2025 12:25,March,2.75,2.77
3/15/2025 12:30,March,2.9,2.92
3/15/2025 12:35,March,2.88,2.9
3/15/2025 12:40,March,3.12,3.14
3/15/2025 12:45,March,3.09,3.12
3/15/2025 12:50,March,3.23,3.26
3/15/2025 12:55,March,3.09,3.12
3/15/2025 13:00,March,3.52,3.55
3/15/2025 13:05,March,3.36,3.37
3/15/2025 13:10,March,3.38,3.39
3/15/2025 13:15,March,3.38,3.39
3/15/2025 13:20,March,3.38,3.39
3/15/2025 13:25,March,3.48,3.5
3/15/2025 13:30,March,3.49,3.5
3/15/2025 13:35,March,3.49,3.5
3/15/2025 13:40,March,3.49,3.5
3/15/2025 13:45,March,4.51,4.53
3/15/2025 13:50,March,4.08,4.1
3/15/2025 13:55,March,4.39,4.41
3/15/2025 14:00,March,4.39,4.41
3/15/2025 14:05,March,4.4,4.42
3/15/2025 14:10,March,4.38,4.41
3/15/2025 14:15,March,4.09,4.12
3/15/2025 14:20,March,3.35,3.37
3/15/2025 14:25,March,4.09,4.11
3/15/2025 14:30,March,4.28,4.31
3/15/2025 14:35,March,4.28,4.31
3/15/2025 14:40,March,4.39,4.42
3/15/2025 14:45,March,4.39,4.43
3/15/2025 14:50,March,4.4,4.43
3/15/2025 14:55,March,4.39,4.43
3/15/2025 15:00,March,4.38,4.42
3/15/2025 15:05,March,4.44,4.49
3/15/2025 15:10,March,4.44,4.49
3/15/2025 15:15,March,4.49,4.54
3/15/2025 15:20,March,4.49,4.54
3/15/2025 15:25,March,4.5,4.54
3/15/2025 15:30,March,4.5,4.54
3/15/2025 15:35,March,4.9,4.94
3/15/2025 15:40,March,4.91,4.94
3/15/2025 15:45,March,4.86,4.89
3/15/2025 15:50,March,4.91,4.94
3/15/2025 15:55,March,5.48,5.51
3/15/2025 16:00,March,4.87,4.9
3/15/2025 16:05,March,4.93,4.95
3/15/2025 16:10,March,4.94,4.95
3/15/2025 16:15,March,5.12,5.13
3/15/2025 16:20,March,6.39,6.4
3/15/2025 16:25,March,6.4,6.41
3/15/2025 16:30,March,6.77,6.77
3/15/2025 16:35,March,6.43,6.43
3/15/2025 16:40,March,6.45,6.43
3/15/2025 16:45,March,6.45,6.43
3/15/2025 16:50,March,6.45,6.42
3/15/2025 16:55,March,6.45,6.42
3/15/2025 17:00,March,5.29,5.26
3/15/2025 17:05,March,4.5,4.47
3/15/2025 17:10,March,4.92,4.88
3/15/2025 17:15,March,5.24,5.2
3/15/2025 17:20,March,6.76,6.7
3/15/2025 17:25,March,6.48,6.42
3/15/2025 17:30,March,6.52,6.46
3/15/2025 17:35,March,11.66,11.54
3/15/2025 17:40,March,11.63,11.5
3/15/2025 17:45,March,11.52,11.38
3/15/2025 17:50,March,11.67,11.53
3/15/2025 17:55,March,11.89,11.75
3/15/2025 18:00,March,12.81,12.68
3/15/2025 18:05,March,12.09,11.93
3/15/2025 18:10,March,12.61,12.37
3/15/2025 18:15,March,12.81,12.55
3/15/2025 18:20,March,12.88,12.62
3/15/2025 18:25,March,12.87,12.6
3/15/2025 18:30,March,14.28,13.99
3/15/2025 18:35,March,13.54,13.26
3/15/2025 18:40,March,14.31,14.02
3/15/2025 18:45,March,13.18,12.91
3/15/2025 18:50,March,12.87,12.6
3/15/2025 18:55,March,12.65,12.38
3/15/2025 19:00,March,12.51,12.24
3/15/2025 19:05,March,12.41,12.15
3/15/2025 19:10,March,11.34,11.11
3/15/2025 19:15,March,11.27,11.05
3/15/2025 19:20,March,10.28,10.07
3/15/2025 19:25,March,10.27,10.07
3/15/2025 19:30,March,6.9,6.77
3/15/2025 19:35,March,6.81,6.69
3/15/2025 19:40,March,9.01,8.83
3/15/2025 19:45,March,9.14,8.96
3/15/2025 19:50,March,9.14,8.96
3/15/2025 19:55,March,9.13,8.96
3/15/2025 20:00,March,9.12,8.95
3/15/2025 20:05,March,18.88,18.55
3/15/2025 20:10,March,18.23,17.88
3/15/2025 20:15,March,18.23,17.89
3/15/2025 20:20,March,18.29,17.96
3/15/2025 20:25,March,14.43,14.18
3/15/2025 20:30,March,14.44,14.19
3/15/2025 20:35,March,14.44,14.2
3/15/2025 20:40,March,14.44,14.19
3/15/2025 20:45,March,13.26,13.03
3/15/2025 20:50,March,12.07,11.84
3/15/2025 20:55,March,11.26,11.05
3/15/2025 21:00,March,11.27,11.05
3/15/2025 21:05,March,11.25,11.02
3/15/2025 21:10,March,14.15,13.86
3/15/2025 21:15,March,13.05,12.78
3/15/2025 21:20,March,13.06,12.79
3/15/2025 21:25,March,13.05,12.78
3/15/2025 21:30,March,11.25,11.01
3/15/2025 21:35,March,10.28,10.07
3/15/2025 21:40,March,9.29,9.11
3/15/2025 21:45,March,9.12,8.95
3/15/2025 21:50,March,9.1,8.95
3/15/2025 21:55,March,6.62,6.52
3/15/2025 22:00,March,6.61,6.51
3/15/2025 22:05,March,14.09,13.85
3/15/2025 22:10,March,9.35,9.16
3/15/2025 22:15,March,9.14,8.96
3/15/2025 22:20,March,10.27,10.07
3/15/2025 22:25,March,6.65,6.52
3/15/2025 22:30,March,8.46,8.31
3/15/2025 22:35,March,8.47,8.34
3/15/2025 22:40,March,6.64,6.54
3/15/2025 22:45,March,6.63,6.53
3/15/2025 22:50,March,6.62,6.52
3/15/2025 22:55,March,5.3,5.22
3/15/2025 23:00,March,5.3,5.22
3/15/2025 23:05,March,17.79,17.54
3/15/2025 23:10,March,6.63,6.53
3/15/2025 23:15,March,6.61,6.51
3/15/2025 23:20,March,6.61,6.52
3/15/2025 23:25,March,6.61,6.52
3/15/2025 23:30,March,6.6,6.51
3/15/2025 23:35,March,6.59,6.5
3/15/2025 23:40,March,6.58,6.49
3/15/2025 23:45,March,6.57,6.49
3/15/2025 23:50,March,3.47,3.42
3/15/2025 23:55,March,5.29,5.22
3/16/2025 0:00,March,5.06,4.99
3/16/2025 0:05,March,12.72,12.56
3/16/2025 0:10,March,11.48,11.32
3/16/2025 0:15,March,6.06,5.97
3/16/2025 0:20,March,6.02,5.94
3/16/2025 0:25,March,6.01,5.93
3/16/2025 0:30,March,6.04,5.95
3/16/2025 0:35,March,5.29,5.21
3/16/2025 0:40,March,3.47,3.42
3/16/2025 0:45,March,5.06,4.98
3/16/2025 0:50,March,4.01,3.95
3/16/2025 0:55,March,3.28,3.23
3/16/2025 1:00,March,3.32,3.27
3/16/2025 1:05,March,6.54,6.45
3/16/2025 1:10,March,4,3.94
3/16/2025 1:15,March,3.5,3.45
3/16/2025 1:20,March,4,3.94
3/16/2025 1:25,March,3.48,3.42
3/16/2025 1:30,March,4,3.93
3/16/2025 1:35,March,3.31,3.25
3/16/2025 1:40,March,3.38,3.32
3/16/2025 1:45,March,3.38,3.32
3/16/2025 1:50,March,3.38,3.32
3/16/2025 1:55,March,3.33,3.27
3/16/2025 2:00,March,3.33,3.27
3/16/2025 2:05,March,3.38,3.32
3/16/2025 2:10,March,3.38,3.32
3/16/2025 2:15,March,3.49,3.42
3/16/2025 2:20,March,3.5,3.43
3/16/2025 2:25,March,3.49,3.42
3/16/2025 2:30,March,3.54,3.46
3/16/2025 2:35,March,3.51,3.43
3/16/2025 2:40,March,3.47,3.39
3/16/2025 2:45,March,3.48,3.4
3/16/2025 2:50,March,3.01,2.94
3/16/2025 2:55,March,3.33,3.25
3/16/2025 3:00,March,3.32,3.24
3/16/2025 3:05,March,3.21,3.14
3/16/2025 3:10,March,3.2,3.12
3/16/2025 3:15,March,3.31,3.23
3/16/2025 3:20,March,3.41,3.33
3/16/2025 3:25,March,3.33,3.25
3/16/2025 3:30,March,3.32,3.24
3/16/2025 3:35,March,3.33,3.25
3/16/2025 3:40,March,3.33,3.25
3/16/2025 3:45,March,3.22,3.14
3/16/2025 3:50,March,3.3,3.22
3/16/2025 3:55,March,0.75,0.73
3/16/2025 4:00,March,2.98,2.91
3/16/2025 4:05,March,3.2,3.13
3/16/2025 4:10,March,3.25,3.18
3/16/2025 4:15,March,3.32,3.24
3/16/2025 4:20,March,3.31,3.24
3/16/2025 4:25,March,3.32,3.24
3/16/2025 4:30,March,3.32,3.24
3/16/2025 4:35,March,3.32,3.24
3/16/2025 4:40,March,3.32,3.24
3/16/2025 4:45,March,3.32,3.24
3/16/2025 4:50,March,2.98,2.91
3/16/2025 4:55,March,3.26,3.19
3/16/2025 5:00,March,3.2,3.13
3/16/2025 5:05,March,3.4,3.32
3/16/2025 5:10,March,3.42,3.34
3/16/2025 5:15,March,3.4,3.32
3/16/2025 5:20,March,3.4,3.32
3/16/2025 5:25,March,3.32,3.24
3/16/2025 5:30,March,2.96,2.9
3/16/2025 5:35,March,3.2,3.13
3/16/2025 5:40,March,3.3,3.23
3/16/2025 5:45,March,3.29,3.28
3/16/2025 5:50,March,3.29,3.29
3/16/2025 5:55,March,3.29,3.29
3/16/2025 6:00,March,3.37,3.37
3/16/2025 6:05,March,3.55,3.55
3/16/2025 6:10,March,3.4,3.4
3/16/2025 6:15,March,3.29,3.29
3/16/2025 6:20,March,3.18,3.18
3/16/2025 6:25,March,3.18,3.18
3/16/2025 6:30,March,3,3
3/16/2025 6:35,March,3.18,3.18
3/16/2025 6:40,March,2.82,2.82
3/16/2025 6:45,March,0,0
3/16/2025 6:50,March,0,0
3/16/2025 6:55,March,0,0
3/16/2025 7:00,March,0,0
3/16/2025 7:05,March,0,0
3/16/2025 7:10,March,0,0
3/16/2025 7:15,March,0,0
3/16/2025 7:20,March,0,0
3/16/2025 7:25,March,0,0
3/16/2025 7:30,March,0,0
3/16/2025 7:35,March,0,0
3/16/2025 7:40,March,0,0
3/16/2025 7:45,March,0,0
3/16/2025 7:50,March,0,0
3/16/2025 7:55,March,0,0
3/16/2025 8:00,March,0,0
3/16/2025 8:05,March,0,0
3/16/2025 8:10,March,0,0
3/16/2025 8:15,March,0,0
3/16/2025 8:20,March,0,0
3/16/2025 8:25,March,0,0
3/16/2025 8:30,March,0,0
3/16/2025 8:35,March,0,0
3/16/2025 8:40,March,0,0
3/16/2025 8:45,March,0,0
3/16/2025 8:50,March,0,0
3/16/2025 8:55,March,0.59,0
3/16/2025 9:00,March,0.73,0
3/16/2025 9:05,March,0,0
3/16/2025 9:10,March,0.39,0
3/16/2025 9:15,March,0.4,0
3/16/2025 9:20,March,3.3,0
3/16/2025 9:25,March,2.87,0
3/16/2025 9:30,March,2.81,0
3/16/2025 9:35,March,2.82,0
3/16/2025 9:40,March,2.82,0
3/16/2025 9:45,March,2.82,0
3/16/2025 9:50,March,2.77,0
3/16/2025 9:55,March,2.82,0
3/16/2025 10:00,March,2.84,0
3/16/2025 10:05,March,0.4,0
3/16/2025 10:10,March,2.82,0
3/16/2025 10:15,March,3.09,0
3/16/2025 10:20,March,2.87,0
3/16/2025 10:25,March,2.85,0
3/16/2025 10:30,March,2.82,0
3/16/2025 10:35,March,2.84,0
3/16/2025 10:40,March,2.9,0
3/16/2025 10:45,March,2.87,0
3/16/2025 10:50,March,2.88,0
3/16/2025 10:55,March,2.85,0
3/16/2025 11:00,March,2.67,0
3/16/2025 11:05,March,2.82,0
3/16/2025 11:10,March,0.3,0
3/16/2025 11:15,March,2.78,0
3/16/2025 11:20,March,0.45,0
3/16/2025 11:25,March,2.57,0
3/16/2025 11:30,March,0.4,0
3/16/2025 11:35,March,0.45,0
3/16/2025 11:40,March,2.59,0
3/16/2025 11:45,March,0.4,0
3/16/2025 11:50,March,0.3,0
3/16/2025 11:55,March,0.25,0
3/16/2025 12:00,March,0.25,0
3/16/2025 12:05,March,2.07,0
3/16/2025 12:10,March,2.41,0
3/16/2025 12:15,March,2.4,0
3/16/2025 12:20,March,0.4,0
3/16/2025 12:25,March,2.14,0
3/16/2025 12:30,March,2.54,0
3/16/2025 12:35,March,2.41,0
3/16/2025 12:40,March,2.23,0
3/16/2025 12:45,March,2.81,0
3/16/2025 12:50,March,0.45,0
3/16/2025 12:55,March,2.51,0
3/16/2025 13:00,March,2.82,0
3/16/2025 13:05,March,6.37,0
3/16/2025 13:10,March,3.38,0
3/16/2025 13:15,March,3.15,0
3/16/2025 13:20,March,3.13,0
3/16/2025 13:25,March,3.01,0
3/16/2025 13:30,March,3.11,0
3/16/2025 13:35,March,3.13,0
3/16/2025 13:40,March,2.94,0
3/16/2025 13:45,March,2.94,0
3/16/2025 13:50,March,2.94,0
3/16/2025 13:55,March,2.92,0
3/16/2025 14:00,March,2.76,0
3/16/2025 14:05,March,6.37,0
3/16/2025 14:10,March,3.13,0
3/16/2025 14:15,March,3.93,0
3/16/2025 14:20,March,3.33,0
3/16/2025 14:25,March,3.13,0
3/16/2025 14:30,March,3.14,0
3/16/2025 14:35,March,3.93,0
3/16/2025 14:40,March,3.34,0
3/16/2025 14:45,March,3.26,0
3/16/2025 14:50,March,3.34,0
3/16/2025 14:55,March,3.22,0
3/16/2025 15:00,March,3.22,0
3/16/2025 15:05,March,3.94,0
3/16/2025 15:10,March,3.38,0
3/16/2025 15:15,March,3.48,0
3/16/2025 15:20,March,3.38,0
3/16/2025 15:25,March,3.4,0
3/16/2025 15:30,March,3.48,0
3/16/2025 15:35,March,3.79,0
3/16/2025 15:40,March,3.79,0
3/16/2025 15:45,March,3.49,0
3/16/2025 15:50,March,5.87,0
3/16/2025 15:55,March,3.5,0
3/16/2025 16:00,March,3.81,0
3/16/2025 16:05,March,3.66,0
3/16/2025 16:10,March,3.66,0
3/16/2025 16:15,March,3.82,0
3/16/2025 16:20,March,3.96,0
3/16/2025 16:25,March,3.97,0
3/16/2025 16:30,March,3.97,4
3/16/2025 16:35,March,4.16,4.16
3/16/2025 16:40,March,5.01,5.01
3/16/2025 16:45,March,5.02,4.95
3/16/2025 16:50,March,5.02,4.95
3/16/2025 16:55,March,5.03,4.97
3/16/2025 17:00,March,5.03,4.97
3/16/2025 17:05,March,2.48,2.46
3/16/2025 17:10,March,3.22,3.19
3/16/2025 17:15,March,3.4,3.37
3/16/2025 17:20,March,3.7,3.66
3/16/2025 17:25,March,3.71,3.66
3/16/2025 17:30,March,3.67,3.63
3/16/2025 17:35,March,3.71,3.66
3/16/2025 17:40,March,4.97,4.91
3/16/2025 17:45,March,4.82,4.76
3/16/2025 17:50,March,4.95,4.9
3/16/2025 17:55,March,5.57,5.51
3/16/2025 18:00,March,6,5.94
3/16/2025 18:05,March,5.06,4.96
3/16/2025 18:10,March,5.08,4.97
3/16/2025 18:15,March,11.1,10.86
3/16/2025 18:20,March,12.27,11.99
3/16/2025 18:25,March,12.26,11.96
3/16/2025 18:30,March,12.24,11.93
3/16/2025 18:35,March,4.62,4.51
3/16/2025 18:40,March,5.08,4.95
3/16/2025 18:45,March,5.65,5.53
3/16/2025 18:50,March,5.65,5.54
3/16/2025 18:55,March,5.07,4.98
3/16/2025 19:00,March,4.64,4.54
3/16/2025 19:05,March,5.05,4.96
3/16/2025 19:10,March,4.97,4.88
3/16/2025 19:15,March,4.97,4.88
3/16/2025 19:20,March,4.68,4.6
3/16/2025 19:25,March,4.95,4.86
3/16/2025 19:30,March,3.75,3.68
3/16/2025 19:35,March,4.65,4.56
3/16/2025 19:40,March,4.65,4.56
3/16/2025 19:45,March,4.95,4.86
3/16/2025 19:50,March,4.65,4.56
3/16/2025 19:55,March,4.61,4.58
3/16/2025 20:00,March,4.6,4.56
3/16/2025 20:05,March,4.61,4.57
3/16/2025 20:10,March,4.91,4.87
3/16/2025 20:15,March,4.91,4.87
3/16/2025 20:20,March,4.91,4.87
3/16/2025 20:25,March,4.91,4.87
3/16/2025 20:30,March,4.92,4.89
3/16/2025 20:35,March,4.63,4.6
3/16/2025 20:40,March,4.91,4.87
3/16/2025 20:45,March,4.93,4.89
3/16/2025 20:50,March,3.71,3.69
3/16/2025 20:55,March,4.91,4.87
3/16/2025 21:00,March,3.72,3.69
3/16/2025 21:05,March,11.12,11.05
3/16/2025 21:10,March,11.14,11.07
3/16/2025 21:15,March,5.01,4.98
3/16/2025 21:20,March,3.72,3.69
3/16/2025 21:25,March,5,4.97
3/16/2025 21:30,March,4.99,4.96
3/16/2025 21:35,March,5,4.97
3/16/2025 21:40,March,4.94,4.9
3/16/2025 21:45,March,3.48,3.46
3/16/2025 21:50,March,3.61,3.59
3/16/2025 21:55,March,3.73,3.7
3/16/2025 22:00,March,3.28,3.26
3/16/2025 22:05,March,12.38,12.29
3/16/2025 22:10,March,12.34,12.28
3/16/2025 22:15,March,13.12,13.12
3/16/2025 22:20,March,5.51,5.51
3/16/2025 22:25,March,5.1,5.1
3/16/2025 22:30,March,5.1,5.1
3/16/2025 22:35,March,13.16,13.16
3/16/2025 22:40,March,13.25,13.25
3/16/2025 22:45,March,13.19,13.19
3/16/2025 22:50,March,13.17,13.17
3/16/2025 22:55,March,13.17,13.17
3/16/2025 23:00,March,3.67,3.67
3/16/2025 23:05,March,6.61,6.56
3/16/2025 23:10,March,6.02,5.98
3/16/2025 23:15,March,6.02,5.97
3/16/2025 23:20,March,6.58,6.52
3/16/2025 23:25,March,6.58,6.52
3/16/2025 23:30,March,6.57,6.51
3/16/2025 23:35,March,6.58,6.51
3/16/2025 23:40,March,6.57,6.51
3/16/2025 23:45,March,6.57,6.5
3/16/2025 23:50,March,6.04,5.98
3/16/2025 23:55,March,3.74,3.7
3/17/2025 0:00,March,3.74,3.7
3/17/2025 0:05,March,12.28,12.14
3/17/2025 0:10,March,6.6,6.53
3/17/2025 0:15,March,6.05,5.98
3/17/2025 0:20,March,6.59,6.52
3/17/2025 0:25,March,5.16,5.1
3/17/2025 0:30,March,3.33,3.29
3/17/2025 0:35,March,3.39,3.35
3/17/2025 0:40,March,3.74,3.7
3/17/2025 0:45,March,3.16,3.12
3/17/2025 0:50,March,3.32,3.28
3/17/2025 0:55,March,3.38,3.35
3/17/2025 1:00,March,2.93,2.9
3/17/2025 1:05,March,3.16,3.12
3/17/2025 1:10,March,3.28,3.25
3/17/2025 1:15,March,3.16,3.12
3/17/2025 1:20,March,3.16,3.12
3/17/2025 1:25,March,3.16,3.12
3/17/2025 1:30,March,2.93,2.9
3/17/2025 1:35,March,3.15,3.12
3/17/2025 1:40,March,3,2.97
3/17/2025 1:45,March,2.88,2.85
3/17/2025 1:50,March,2.95,2.92
3/17/2025 1:55,March,2.87,2.84
3/17/2025 2:00,March,2.95,2.92
3/17/2025 2:05,March,2.87,2.84
3/17/2025 2:10,March,2.94,2.91
3/17/2025 2:15,March,2.8,2.78
3/17/2025 2:20,March,2.79,2.76
3/17/2025 2:25,March,2.94,2.91
3/17/2025 2:30,March,2.53,2.5
3/17/2025 2:35,March,2.8,2.77
3/17/2025 2:40,March,2.77,2.74
3/17/2025 2:45,March,2.53,2.5
3/17/2025 2:50,March,2.42,2.4
3/17/2025 2:55,March,2.42,2.4
3/17/2025 3:00,March,2.53,2.51
3/17/2025 3:05,March,2.96,2.94
3/17/2025 3:10,March,2.92,2.89
3/17/2025 3:15,March,2.87,2.84
3/17/2025 3:20,March,2.87,2.84
3/17/2025 3:25,March,2.93,2.9
3/17/2025 3:30,March,2.93,2.9
3/17/2025 3:35,March,2.93,2.9
3/17/2025 3:40,March,2.87,2.85
3/17/2025 3:45,March,2.84,2.81
3/17/2025 3:50,March,2.87,2.85
3/17/2025 3:55,March,2.93,2.9
3/17/2025 4:00,March,2.93,2.9
3/17/2025 4:05,March,3.08,3.05
3/17/2025 4:10,March,4.32,4.28
3/17/2025 4:15,March,2.97,2.94
3/17/2025 4:20,March,6,5.94
3/17/2025 4:25,March,3.36,3.33
3/17/2025 4:30,March,3.35,3.32
3/17/2025 4:35,March,4.32,4.28
3/17/2025 4:40,March,4.33,4.29
3/17/2025 4:45,March,3.35,3.32
3/17/2025 4:50,March,4.33,4.28
3/17/2025 4:55,March,6.55,6.48
3/17/2025 5:00,March,6.54,6.48
3/17/2025 5:05,March,6.54,6.48
3/17/2025 5:10,March,11.66,11.54
3/17/2025 5:15,March,6.56,6.49
3/17/2025 5:20,March,6.57,6.5
3/17/2025 5:25,March,6.03,5.96
3/17/2025 5:30,March,6.57,6.49
3/17/2025 5:35,March,6.57,6.49
3/17/2025 5:40,March,6.58,6.5
3/17/2025 5:45,March,6.57,6.5
3/17/2025 5:50,March,6.57,6.49
3/17/2025 5:55,March,6.57,6.49
3/17/2025 6:00,March,12.11,11.97
3/17/2025 6:05,March,2.97,2.94
3/17/2025 6:10,March,5.18,5.13
3/17/2025 6:15,March,4.33,4.29
3/17/2025 6:20,March,3.46,3.43
3/17/2025 6:25,March,3.51,3.48
3/17/2025 6:30,March,3.51,3.48
3/17/2025 6:35,March,2.55,2.53
3/17/2025 6:40,March,2.8,2.78
3/17/2025 6:45,March,2.8,2.78
3/17/2025 6:50,March,2.81,2.78
3/17/2025 6:55,March,2.83,2.81
3/17/2025 7:00,March,2.87,2.85
3/17/2025 7:05,March,0,0
3/17/2025 7:10,March,0,0
3/17/2025 7:15,March,0,0
3/17/2025 7:20,March,0,0
3/17/2025 7:25,March,2.4,2.39
3/17/2025 7:30,March,2.96,2.94
3/17/2025 7:35,March,2.86,2.84
3/17/2025 7:40,March,3.04,3.03
3/17/2025 7:45,March,3.31,3.3
3/17/2025 7:50,March,3.31,3.3
3/17/2025 7:55,March,3.49,3.48
3/17/2025 8:00,March,12.14,12.11
3/17/2025 8:05,March,0,0
3/17/2025 8:10,March,0.71,0.71
3/17/2025 8:15,March,2.94,2.94
3/17/2025 8:20,March,2.96,2.96
3/17/2025 8:25,March,2.95,2.95
3/17/2025 8:30,March,3.26,3.26
3/17/2025 8:35,March,6.43,6.43
3/17/2025 8:40,March,6.43,6.43
3/17/2025 8:45,March,6.42,6.43
3/17/2025 8:50,March,4.61,4.62
3/17/2025 8:55,March,6.41,6.42
3/17/2025 9:00,March,6.41,6.42
3/17/2025 9:05,March,0,0
3/17/2025 9:10,March,2.99,3
3/17/2025 9:15,March,3.12,3.13
3/17/2025 9:20,March,5.87,5.89
3/17/2025 9:25,March,6.42,6.44
3/17/2025 9:30,March,6.42,6.44
3/17/2025 9:35,March,6.44,6.46
3/17/2025 9:40,March,11.96,12.01
3/17/2025 9:45,March,6.45,6.48
3/17/2025 9:50,March,6.72,6.75
3/17/2025 9:55,March,6.41,6.44
3/17/2025 10:00,March,6.4,6.43
3/17/2025 10:05,March,0,0
3/17/2025 10:10,March,3.19,3.2
3/17/2025 10:15,March,4.86,4.89
3/17/2025 10:20,March,3.37,3.38
3/17/2025 10:25,March,2.94,2.95
3/17/2025 10:30,March,3.26,3.27
3/17/2025 10:35,March,3.26,3.27
3/17/2025 10:40,March,6.38,6.41
3/17/2025 10:45,March,3.66,3.67
3/17/2025 10:50,March,2.98,2.99
3/17/2025 10:55,March,3.13,3.14
3/17/2025 11:00,March,3.26,3.27
3/17/2025 11:05,March,0,0
3/17/2025 11:10,March,2.9,2.92
3/17/2025 11:15,March,3.12,3.13
3/17/2025 11:20,March,3.12,3.13
3/17/2025 11:25,March,2.85,2.86
3/17/2025 11:30,March,2.94,2.95
3/17/2025 11:35,March,2.86,2.88
3/17/2025 11:40,March,2.91,2.92
3/17/2025 11:45,March,2.84,2.86
3/17/2025 11:50,March,2.86,2.88
3/17/2025 11:55,March,0,0
3/17/2025 12:00,March,0,0
3/17/2025 12:05,March,0,0
3/17/2025 12:10,March,2.61,2.62
3/17/2025 12:15,March,2.67,2.68
3/17/2025 12:20,March,2.65,2.67
3/17/2025 12:25,March,2.62,2.63
3/17/2025 12:30,March,2.66,2.68
3/17/2025 12:35,March,2.85,2.86
3/17/2025 12:40,March,2.81,2.83
3/17/2025 12:45,March,2.87,2.88
3/17/2025 12:50,March,2.81,2.83
3/17/2025 12:55,March,2.81,2.83
3/17/2025 13:00,March,3.26,3.27
3/17/2025 13:05,March,3.25,3.27
3/17/2025 13:10,March,6.63,6.66
3/17/2025 13:15,March,6.35,6.39
3/17/2025 13:20,March,2.86,2.88
3/17/2025 13:25,March,3.26,3.28
3/17/2025 13:30,March,4.86,4.89
3/17/2025 13:35,March,4.86,4.89
3/17/2025 13:40,March,4.86,4.89
3/17/2025 13:45,March,4.88,4.91
3/17/2025 13:50,March,4.89,4.92
3/17/2025 13:55,March,4.89,4.92
3/17/2025 14:00,March,6.37,6.41
3/17/2025 14:05,March,3.35,3.37
3/17/2025 14:10,March,4.89,4.92
3/17/2025 14:15,March,3.36,3.38
3/17/2025 14:20,March,0,0
3/17/2025 14:25,March,2.69,2.71
3/17/2025 14:30,March,2.91,2.93
3/17/2025 14:35,March,3.16,3.18
3/17/2025 14:40,March,3.12,3.15
3/17/2025 14:45,March,2.73,2.75
3/17/2025 14:50,March,2.71,2.73
3/17/2025 14:55,March,2.91,2.93
3/17/2025 15:00,March,2.86,2.88
3/17/2025 15:05,March,2.85,2.87
3/17/2025 15:10,March,2.91,2.93
3/17/2025 15:15,March,2.93,2.95
3/17/2025 15:20,March,3.05,3.07
3/17/2025 15:25,March,3.15,3.17
3/17/2025 15:30,March,3.26,3.28
3/17/2025 15:35,March,3.92,3.94
3/17/2025 15:40,March,4.42,4.44
3/17/2025 15:45,March,4.41,4.44
3/17/2025 15:50,March,4.43,4.44
3/17/2025 15:55,March,4.86,4.88
3/17/2025 16:00,March,4.86,4.88
3/17/2025 16:05,March,4.58,4.6
3/17/2025 16:10,March,4.6,4.62
3/17/2025 16:15,March,4.94,4.95
3/17/2025 16:20,March,5.49,5.5
3/17/2025 16:25,March,6.67,6.68
3/17/2025 16:30,March,11.78,11.8
3/17/2025 16:35,March,11.77,11.78
3/17/2025 16:40,March,11.59,11.6
3/17/2025 16:45,March,6.69,6.68
3/17/2025 16:50,March,6.76,6.75
3/17/2025 16:55,March,4.47,4.47
3/17/2025 17:00,March,4.47,4.46
3/17/2025 17:05,March,2.98,2.97
3/17/2025 17:10,March,2.19,2.19
3/17/2025 17:15,March,2.52,2.52
3/17/2025 17:20,March,2.97,2.96
3/17/2025 17:25,March,2.98,2.98
3/17/2025 17:30,March,3.16,3.16
3/17/2025 17:35,March,3.97,3.96
3/17/2025 17:40,March,3.98,3.97
3/17/2025 17:45,March,4.49,4.47
3/17/2025 17:50,March,4.5,4.48
3/17/2025 17:55,March,5.56,5.54
3/17/2025 18:00,March,6.18,6.15
3/17/2025 18:05,March,5,4.97
3/17/2025 18:10,March,6.75,6.72
3/17/2025 18:15,March,11.81,11.74
3/17/2025 18:20,March,12.15,12.08
3/17/2025 18:25,March,12.8,12.73
3/17/2025 18:30,March,17.72,17.62
3/17/2025 18:35,March,16.4,16.31
3/17/2025 18:40,March,13.58,13.5
3/17/2025 18:45,March,12.02,11.95
3/17/2025 18:50,March,5.01,4.98
3/17/2025 18:55,March,6.22,6.18
3/17/2025 19:00,March,4.52,4.49
3/17/2025 19:05,March,4.97,4.94
3/17/2025 19:10,March,4.97,4.94
3/17/2025 19:15,March,4.96,4.93
3/17/2025 19:20,March,5.02,4.98
3/17/2025 19:25,March,5.01,4.98
3/17/2025 19:30,March,4.96,4.93
3/17/2025 19:35,March,4.96,4.93
3/17/2025 19:40,March,4.8,4.77
3/17/2025 19:45,March,4.64,4.61
3/17/2025 19:50,March,4.52,4.49
3/17/2025 19:55,March,4.52,4.49
3/17/2025 20:00,March,4.51,4.48
3/17/2025 20:05,March,14.66,14.57
3/17/2025 20:10,March,5.59,5.55
3/17/2025 20:15,March,5.58,5.55
3/17/2025 20:20,March,5.01,4.98
3/17/2025 20:25,March,5,4.97
3/17/2025 20:30,March,4.96,4.93
3/17/2025 20:35,March,4.8,4.77
3/17/2025 20:40,March,4.52,4.49
3/17/2025 20:45,March,4.51,4.49
3/17/2025 20:50,March,4.51,4.48
3/17/2025 20:55,March,3.99,3.96
3/17/2025 21:00,March,3.44,3.42
3/17/2025 21:05,March,18.21,18.1
3/17/2025 21:10,March,13.02,12.94
3/17/2025 21:15,March,13.02,12.93
3/17/2025 21:20,March,12.05,11.96
3/17/2025 21:25,March,12.96,12.86
3/17/2025 21:30,March,6.78,6.73
3/17/2025 21:35,March,4.95,4.91
3/17/2025 21:40,March,4.51,4.48
3/17/2025 21:45,March,4.51,4.48
3/17/2025 21:50,March,4,3.97
3/17/2025 21:55,March,4,3.97
3/17/2025 22:00,March,3.43,3.41
3/17/2025 22:05,March,3.99,3.96
3/17/2025 22:10,March,3.43,3.41
3/17/2025 22:15,March,3.43,3.4
3/17/2025 22:20,March,3.27,3.25
3/17/2025 22:25,March,3.28,3.26
3/17/2025 22:30,March,3.26,3.24
3/17/2025 22:35,March,3.26,3.24
3/17/2025 22:40,March,2.99,2.97
3/17/2025 22:45,March,2.99,2.97
3/17/2025 22:50,March,3.36,3.34
3/17/2025 22:55,March,3.25,3.23
3/17/2025 23:00,March,2.94,2.92
3/17/2025 23:05,March,3.43,3.4
3/17/2025 23:10,March,3.42,3.4
3/17/2025 23:15,March,3.39,3.36
3/17/2025 23:20,March,3.36,3.34
3/17/2025 23:25,March,3.38,3.36
3/17/2025 23:30,March,3.28,3.26
3/17/2025 23:35,March,3.28,3.26
3/17/2025 23:40,March,3.28,3.26
3/17/2025 23:45,March,3.28,3.26
3/17/2025 23:50,March,3.25,3.23
3/17/2025 23:55,March,3.28,3.25
3/18/2025 0:00,March,3.25,3.23
3/18/2025 0:05,March,12.5,12.42
3/18/2025 0:10,March,6.54,6.49
3/18/2025 0:15,March,3.85,3.82
3/18/2025 0:20,March,3.42,3.39
3/18/2025 0:25,March,3.28,3.26
3/18/2025 0:30,March,3.37,3.34
3/18/2025 0:35,March,3.37,3.34
3/18/2025 0:40,March,3.37,3.34
3/18/2025 0:45,March,3.37,3.34
3/18/2025 0:50,March,3.36,3.34
3/18/2025 0:55,March,3.28,3.25
3/18/2025 1:00,March,3.28,3.25
3/18/2025 1:05,March,4.25,4.22
3/18/2025 1:10,March,3.72,3.69
3/18/2025 1:15,March,3.72,3.69
3/18/2025 1:20,March,3.55,3.52
3/18/2025 1:25,March,3.59,3.56
3/18/2025 1:30,March,3.59,3.56
3/18/2025 1:35,March,3.59,3.56
3/18/2025 1:40,March,3.59,3.56
3/18/2025 1:45,March,3.59,3.56
3/18/2025 1:50,March,3.6,3.57
3/18/2025 1:55,March,3.72,3.69
3/18/2025 2:00,March,3.48,3.45
3/18/2025 2:05,March,3.59,3.56
3/18/2025 2:10,March,3.58,3.55
3/18/2025 2:15,March,3.49,3.47
3/18/2025 2:20,March,3.48,3.45
3/18/2025 2:25,March,3.48,3.45
3/18/2025 2:30,March,3.48,3.45
3/18/2025 2:35,March,3.72,3.69
3/18/2025 2:40,March,3.58,3.55
3/18/2025 2:45,March,3.48,3.45
3/18/2025 2:50,March,3.48,3.45
3/18/2025 2:55,March,3.47,3.45
3/18/2025 3:00,March,3.48,3.45
3/18/2025 3:05,March,2.94,2.92
3/18/2025 3:10,March,3.36,3.34
3/18/2025 3:15,March,3.46,3.44
3/18/2025 3:20,March,3.46,3.44
3/18/2025 3:25,March,3.36,3.34
3/18/2025 3:30,March,3.3,3.28
3/18/2025 3:35,March,3.44,3.42
3/18/2025 3:40,March,3,2.98
3/18/2025 3:45,March,3.17,3.15
3/18/2025 3:50,March,3.36,3.34
3/18/2025 3:55,March,3.36,3.34
3/18/2025 4:00,March,2.99,2.97
3/18/2025 4:05,March,3.71,3.68
3/18/2025 4:10,March,3.48,3.45
3/18/2025 4:15,March,3.47,3.45
3/18/2025 4:20,March,3.36,3.34
3/18/2025 4:25,March,3.36,3.34
3/18/2025 4:30,March,3.27,3.24
3/18/2025 4:35,March,3.22,3.2
3/18/2025 4:40,March,3.36,3.33
3/18/2025 4:45,March,3.36,3.33
3/18/2025 4:50,March,3.48,3.45
3/18/2025 4:55,March,3.36,3.33
3/18/2025 5:00,March,3.36,3.33
3/18/2025 5:05,March,3.36,3.33
3/18/2025 5:10,March,3.38,3.35
3/18/2025 5:15,March,3.49,3.46
3/18/2025 5:20,March,3.38,3.35
3/18/2025 5:25,March,3.39,3.36
3/18/2025 5:30,March,3.38,3.35
3/18/2025 5:35,March,3.38,3.35
3/18/2025 5:40,March,3.38,3.35
3/18/2025 5:45,March,3.39,3.36
3/18/2025 5:50,March,3.38,3.35
3/18/2025 5:55,March,3.39,3.36
3/18/2025 6:00,March,3.39,3.36
3/18/2025 6:05,March,2.54,2.52
3/18/2025 6:10,March,3.16,3.13
3/18/2025 6:15,March,3.16,3.13
3/18/2025 6:20,March,3.27,3.25
3/18/2025 6:25,March,3.22,3.19
3/18/2025 6:30,March,3.27,3.24
3/18/2025 6:35,March,2.99,2.96
3/18/2025 6:40,March,2.98,2.96
3/18/2025 6:45,March,2.98,2.96
3/18/2025 6:50,March,2.98,2.96
3/18/2025 6:55,March,2.98,2.96
3/18/2025 7:00,March,2.98,2.96
3/18/2025 7:05,March,0,0
3/18/2025 7:10,March,2.35,2.33
3/18/2025 7:15,March,2.87,2.86
3/18/2025 7:20,March,2.8,2.79
3/18/2025 7:25,March,2.92,2.9
3/18/2025 7:30,March,3.25,3.23
3/18/2025 7:35,March,2.96,2.95
3/18/2025 7:40,March,2.96,2.95
3/18/2025 7:45,March,3.06,3.05
3/18/2025 7:50,March,3.25,3.24
3/18/2025 7:55,March,3.51,3.5
3/18/2025 8:00,March,3.31,3.31
3/18/2025 8:05,March,0,0
3/18/2025 8:10,March,0.7,0.7
3/18/2025 8:15,March,1.01,1.01
3/18/2025 8:20,March,1.11,1.12
3/18/2025 8:25,March,2.87,2.88
3/18/2025 8:30,March,2.92,2.94
3/18/2025 8:35,March,2.88,2.9
3/18/2025 8:40,March,2.99,3.01
3/18/2025 8:45,March,2.92,2.94
3/18/2025 8:50,March,2.92,2.94
3/18/2025 8:55,March,2.93,2.95
3/18/2025 9:00,March,2.89,2.92
3/18/2025 9:05,March,0.6,0.6
3/18/2025 9:10,March,2.69,2.69
3/18/2025 9:15,March,2.86,2.87
3/18/2025 9:20,March,2.88,2.89
3/18/2025 9:25,March,2.75,2.75
3/18/2025 9:30,March,2.99,3
3/18/2025 9:35,March,2.92,2.93
3/18/2025 9:40,March,2.92,2.93
3/18/2025 9:45,March,2.92,2.93
3/18/2025 9:50,March,3.12,3.13
3/18/2025 9:55,March,3.11,3.12
3/18/2025 10:00,March,3.21,3.22
3/18/2025 10:05,March,2.95,2.95
3/18/2025 10:10,March,2.97,2.98
3/18/2025 10:15,March,3.22,3.22
3/18/2025 10:20,March,3.12,3.13
3/18/2025 10:25,March,3.22,3.23
3/18/2025 10:30,March,3.49,3.5
3/18/2025 10:35,March,3.28,3.28
3/18/2025 10:40,March,3.23,3.23
3/18/2025 10:45,March,3.24,3.24
3/18/2025 10:50,March,3.22,3.22
3/18/2025 10:55,March,3.28,3.28
3/18/2025 11:00,March,3.23,3.23
3/18/2025 11:05,March,6.37,6.38
3/18/2025 11:10,March,3.49,3.5
3/18/2025 11:15,March,3.38,3.38
3/18/2025 11:20,March,2.92,2.93
3/18/2025 11:25,March,3.22,3.22
3/18/2025 11:30,March,3.22,3.22
3/18/2025 11:35,March,3.22,3.22
3/18/2025 11:40,March,3.11,3.12
3/18/2025 11:45,March,3.11,3.12
3/18/2025 11:50,March,3.11,3.12
3/18/2025 11:55,March,2.93,2.93
3/18/2025 12:00,March,3.11,3.12
3/18/2025 12:05,March,2.92,2.93
3/18/2025 12:10,March,2.97,2.97
3/18/2025 12:15,March,2.95,2.96
3/18/2025 12:20,March,2.87,2.88
3/18/2025 12:25,March,2.89,2.9
3/18/2025 12:30,March,2.89,2.9
3/18/2025 12:35,March,2.81,2.82
3/18/2025 12:40,March,2.93,2.93
3/18/2025 12:45,March,3.1,3.1
3/18/2025 12:50,March,3.12,3.12
3/18/2025 12:55,March,3.26,3.26
3/18/2025 13:00,March,3.5,3.5
3/18/2025 13:05,March,11.69,11.71
3/18/2025 13:10,March,3.62,3.63
3/18/2025 13:15,March,4.84,4.85
3/18/2025 13:20,March,4.89,4.89
3/18/2025 13:25,March,4.84,4.85
3/18/2025 13:30,March,4.9,4.91
3/18/2025 13:35,March,11.89,11.9
3/18/2025 13:40,March,11.64,11.66
3/18/2025 13:45,March,11.6,11.61
3/18/2025 13:50,March,11.56,11.57
3/18/2025 13:55,March,11.59,11.6
3/18/2025 14:00,March,11.58,11.58
3/18/2025 14:05,March,4.29,4.29
3/18/2025 14:10,March,4.9,4.91
3/18/2025 14:15,March,6.07,6.07
3/18/2025 14:20,March,5.46,5.47
3/18/2025 14:25,March,4.92,4.92
3/18/2025 14:30,March,4.91,4.91
3/18/2025 14:35,March,5.47,5.48
3/18/2025 14:40,March,7.44,7.44
3/18/2025 14:45,March,6.71,6.71
3/18/2025 14:50,March,13.41,13.41
3/18/2025 14:55,March,13.42,13.42
3/18/2025 15:00,March,12.2,12.2
3/18/2025 15:05,March,12.27,12.27
3/18/2025 15:10,March,4.96,4.96
3/18/2025 15:15,March,5.52,5.52
3/18/2025 15:20,March,6.15,6.15
3/18/2025 15:25,March,12.59,12.59
3/18/2025 15:30,March,13.6,13.61
3/18/2025 15:35,March,17.26,17.26
3/18/2025 15:40,March,15.41,15.42
3/18/2025 15:45,March,14.54,14.54
3/18/2025 15:50,March,13.38,13.38
3/18/2025 15:55,March,14.53,14.52
3/18/2025 16:00,March,13.33,13.31
3/18/2025 16:05,March,16.1,16.05
3/18/2025 16:10,March,10.94,10.9
3/18/2025 16:15,March,13.09,13.05
3/18/2025 16:20,March,13.11,13.06
3/18/2025 16:25,March,16.69,16.62
3/18/2025 16:30,March,13.22,13.17
3/18/2025 16:35,March,13.14,13.08
3/18/2025 16:40,March,13.23,13.17
3/18/2025 16:45,March,13.09,13.02
3/18/2025 16:50,March,11.82,11.75
3/18/2025 16:55,March,4.55,4.52
3/18/2025 17:00,March,4.55,4.52
3/18/2025 17:05,March,2.6,2.59
3/18/2025 17:10,March,2.98,2.97
3/18/2025 17:15,March,3.16,3.15
3/18/2025 17:20,March,3.32,3.31
3/18/2025 17:25,March,3.33,3.32
3/18/2025 17:30,March,3.68,3.66
3/18/2025 17:35,March,3.69,3.67
3/18/2025 17:40,March,4.35,4.32
3/18/2025 17:45,March,4.51,4.48
3/18/2025 17:50,March,4.55,4.53
3/18/2025 17:55,March,4.79,4.76
3/18/2025 18:00,March,4.56,4.53
3/18/2025 18:05,March,4.96,4.92
3/18/2025 18:10,March,4.96,4.92
3/18/2025 18:15,March,5.59,5.55
3/18/2025 18:20,March,10.95,10.87
3/18/2025 18:25,March,12.99,12.88
3/18/2025 18:30,March,12.03,11.92
3/18/2025 18:35,March,10.29,10.19
3/18/2025 18:40,March,10.26,10.17
3/18/2025 18:45,March,6.76,6.7
3/18/2025 18:50,March,6.77,6.72
3/18/2025 18:55,March,5.17,5.13
3/18/2025 19:00,March,4.59,4.56
3/18/2025 19:05,March,4.54,4.5
3/18/2025 19:10,March,4.56,4.53
3/18/2025 19:15,March,4.55,4.51
3/18/2025 19:20,March,4.56,4.52
3/18/2025 19:25,March,4.55,4.51
3/18/2025 19:30,March,4.55,4.51
3/18/2025 19:35,March,4.54,4.5
3/18/2025 19:40,March,4.54,4.5
3/18/2025 19:45,March,4.54,4.5
3/18/2025 19:50,March,4.54,4.5
3/18/2025 19:55,March,4.56,4.53
3/18/2025 20:00,March,4.55,4.51
3/18/2025 20:05,March,13.53,13.42
3/18/2025 20:10,March,17.7,17.57
3/18/2025 20:15,March,13.57,13.47
3/18/2025 20:20,March,12.14,12.05
3/18/2025 20:25,March,12.14,12.05
3/18/2025 20:30,March,6.75,6.7
3/18/2025 20:35,March,5.02,4.98
3/18/2025 20:40,March,4.7,4.67
3/18/2025 20:45,March,4.7,4.67
3/18/2025 20:50,March,4.58,4.55
3/18/2025 20:55,March,4.58,4.54
3/18/2025 21:00,March,4.58,4.54
3/18/2025 21:05,March,18.59,18.46
3/18/2025 21:10,March,18.62,18.48
3/18/2025 21:15,March,18.59,18.46
3/18/2025 21:20,March,18.3,18.16
3/18/2025 21:25,March,13.16,13.05
3/18/2025 21:30,March,6.75,6.69
3/18/2025 21:35,March,11.18,11.09
3/18/2025 21:40,March,6.75,6.69
3/18/2025 21:45,March,5.02,4.97
3/18/2025 21:50,March,4.57,4.54
3/18/2025 21:55,March,4.59,4.55
3/18/2025 22:00,March,4.51,4.47
3/18/2025 22:05,March,18.18,18.04
3/18/2025 22:10,March,11.97,11.88
3/18/2025 22:15,March,5.01,4.98
3/18/2025 22:20,March,5.01,4.97
3/18/2025 22:25,March,4.35,4.31
3/18/2025 22:30,March,3.6,3.57
3/18/2025 22:35,March,3.57,3.55
3/18/2025 22:40,March,3.6,3.57
3/18/2025 22:45,March,3.6,3.57
3/18/2025 22:50,March,3.6,3.57
3/18/2025 22:55,March,3.6,3.57
3/18/2025 23:00,March,3.55,3.52
3/18/2025 23:05,March,5.01,4.97
3/18/2025 23:10,March,3.72,3.69
3/18/2025 23:15,March,3.61,3.58
3/18/2025 23:20,March,3.56,3.53
3/18/2025 23:25,March,3.48,3.45
3/18/2025 23:30,March,3.49,3.46
3/18/2025 23:35,March,3.48,3.46
3/18/2025 23:40,March,3.59,3.57
3/18/2025 23:45,March,3.5,3.47
3/18/2025 23:50,March,3.56,3.53
3/18/2025 23:55,March,3.47,3.45
3/19/2025 0:00,March,3.46,3.43
3/19/2025 0:05,March,5.47,5.44
3/19/2025 0:10,March,3.72,3.69
3/19/2025 0:15,March,3.86,3.83
3/19/2025 0:20,March,3.72,3.69
3/19/2025 0:25,March,3.72,3.69
3/19/2025 0:30,March,3.72,3.69
3/19/2025 0:35,March,3.72,3.69
3/19/2025 0:40,March,3.72,3.69
3/19/2025 0:45,March,3.72,3.69
3/19/2025 0:50,March,3.72,3.69
3/19/2025 0:55,March,3.72,3.69
3/19/2025 1:00,March,3.72,3.69
3/19/2025 1:05,March,3.72,3.69
3/19/2025 1:10,March,3.72,3.69
3/19/2025 1:15,March,3.72,3.69
3/19/2025 1:20,March,3.6,3.57
3/19/2025 1:25,March,3.62,3.58
3/19/2025 1:30,March,3.48,3.44
3/19/2025 1:35,March,3.46,3.43
3/19/2025 1:40,March,3.41,3.38
3/19/2025 1:45,March,3.46,3.43
3/19/2025 1:50,March,3.44,3.41
3/19/2025 1:55,March,3.59,3.56
3/19/2025 2:00,March,4.49,4.45
3/19/2025 2:05,March,4.86,4.82
3/19/2025 2:10,March,3.71,3.68
3/19/2025 2:15,March,3.59,3.56
3/19/2025 2:20,March,3.47,3.44
3/19/2025 2:25,March,3.59,3.56
3/19/2025 2:30,March,3.59,3.56
3/19/2025 2:35,March,3.46,3.44
3/19/2025 2:40,March,3.41,3.38
3/19/2025 2:45,March,3.16,3.13
3/19/2025 2:50,March,3.3,3.27
3/19/2025 2:55,March,2.93,2.91
3/19/2025 3:00,March,3.29,3.27
3/19/2025 3:05,March,2.94,2.92
3/19/2025 3:10,March,2.99,2.97
3/19/2025 3:15,March,2.99,2.97
3/19/2025 3:20,March,2.99,2.97
3/19/2025 3:25,March,2.99,2.97
3/19/2025 3:30,March,2.99,2.97
3/19/2025 3:35,March,3.36,3.33
3/19/2025 3:40,March,3.23,3.2
3/19/2025 3:45,March,3.35,3.33
3/19/2025 3:50,March,3.25,3.23
3/19/2025 3:55,March,3.36,3.33
3/19/2025 4:00,March,3.26,3.24
3/19/2025 4:05,March,3.36,3.33
3/19/2025 4:10,March,3.41,3.38
3/19/2025 4:15,March,3.36,3.33
3/19/2025 4:20,March,3.27,3.25
3/19/2025 4:25,March,3.36,3.33
3/19/2025 4:30,March,3.36,3.33
3/19/2025 4:35,March,3.41,3.38
3/19/2025 4:40,March,3.41,3.38
3/19/2025 4:45,March,3.4,3.38
3/19/2025 4:50,March,3.4,3.37
3/19/2025 4:55,March,3.36,3.34
3/19/2025 5:00,March,3.4,3.37
3/19/2025 5:05,March,1.57,1.55
3/19/2025 5:10,March,3.26,3.23
3/19/2025 5:15,March,3.38,3.35
3/19/2025 5:20,March,3.29,3.26
3/19/2025 5:25,March,3.36,3.33
3/19/2025 5:30,March,3.36,3.33
3/19/2025 5:35,March,3.4,3.37
3/19/2025 5:40,March,3.38,3.35
3/19/2025 5:45,March,3.36,3.33
3/19/2025 5:50,March,3.36,3.33
3/19/2025 5:55,March,3.36,3.33
3/19/2025 6:00,March,3.29,3.27
3/19/2025 6:05,March,1.47,1.46
3/19/2025 6:10,March,2.79,2.78
3/19/2025 6:15,March,2.93,2.91
3/19/2025 6:20,March,2.93,2.92
3/19/2025 6:25,March,2.93,2.92
3/19/2025 6:30,March,2.75,2.74
3/19/2025 6:35,March,2.59,2.58
3/19/2025 6:40,March,2.64,2.63
3/19/2025 6:45,March,2.59,2.58
3/19/2025 6:50,March,2.8,2.79
3/19/2025 6:55,March,3.18,3.17
3/19/2025 7:00,March,3.25,3.24
3/19/2025 7:05,March,2.75,2.75
3/19/2025 7:10,March,2.93,2.92
3/19/2025 7:15,March,2.76,2.76
3/19/2025 7:20,March,2.87,2.87
3/19/2025 7:25,March,2.95,2.95
3/19/2025 7:30,March,3.18,3.18
3/19/2025 7:35,March,3.18,3.18
3/19/2025 7:40,March,12.42,12.44
3/19/2025 7:45,March,3.34,3.35
3/19/2025 7:50,March,3.29,3.3
3/19/2025 7:55,March,3.29,3.29
3/19/2025 8:00,March,3.43,3.44
3/19/2025 8:05,March,0,0
3/19/2025 8:10,March,2.94,2.95
3/19/2025 8:15,March,3.23,3.25
3/19/2025 8:20,March,3.17,3.18
3/19/2025 8:25,March,3.22,3.23
3/19/2025 8:30,March,3.23,3.24
3/19/2025 8:35,March,3.04,3.05
3/19/2025 8:40,March,3.21,3.23
3/19/2025 8:45,March,3.17,3.19
3/19/2025 8:50,March,3.21,3.23
3/19/2025 8:55,March,3.21,3.24
3/19/2025 9:00,March,3.19,3.22
3/19/2025 9:05,March,0,0
3/19/2025 9:10,March,0,0
3/19/2025 9:15,March,0,0
3/19/2025 9:20,March,0,0
3/19/2025 9:25,March,2.89,2.93
3/19/2025 9:30,March,3.12,3.15
3/19/2025 9:35,March,3.11,3.15
3/19/2025 9:40,March,3.25,3.28
3/19/2025 9:45,March,3.27,3.3
3/19/2025 9:50,March,3.41,3.44
3/19/2025 9:55,March,3.3,3.34
3/19/2025 10:00,March,3.25,3.28
3/19/2025 10:05,March,2.52,2.55
3/19/2025 10:10,March,2.52,2.55
3/19/2025 10:15,March,3.14,3.17
3/19/2025 10:20,March,3.19,3.22
3/19/2025 10:25,March,3.13,3.16
3/19/2025 10:30,March,3.15,3.18
3/19/2025 10:35,March,3.05,3.08
3/19/2025 10:40,March,3.09,3.12
3/19/2025 10:45,March,3.17,3.2
3/19/2025 10:50,March,3.16,3.19
3/19/2025 10:55,March,2.92,2.95
3/19/2025 11:00,March,3.02,3.05
3/19/2025 11:05,March,1.55,1.57
3/19/2025 11:10,March,2.92,2.95
3/19/2025 11:15,March,2.93,2.95
3/19/2025 11:20,March,2.2,2.22
3/19/2025 11:25,March,2.89,2.92
3/19/2025 11:30,March,2.87,2.9
3/19/2025 11:35,March,2.67,2.7
3/19/2025 11:40,March,2.86,2.89
3/19/2025 11:45,March,2.2,2.23
3/19/2025 11:50,March,0,0
3/19/2025 11:55,March,2.92,2.95
3/19/2025 12:00,March,2.93,2.96
3/19/2025 12:05,March,1.34,1.36
3/19/2025 12:10,March,1.33,1.34
3/19/2025 12:15,March,1.33,1.34
3/19/2025 12:20,March,1.33,1.35
3/19/2025 12:25,March,2.16,2.17
3/19/2025 12:30,March,2.14,2.15
3/19/2025 12:35,March,2.47,2.49
3/19/2025 12:40,March,2.6,2.62
3/19/2025 12:45,March,2.62,2.65
3/19/2025 12:50,March,3.19,3.22
3/19/2025 12:55,March,2.92,2.95
3/19/2025 13:00,March,3.19,3.22
3/19/2025 13:05,March,3.11,3.13
3/19/2025 13:10,March,3.47,3.5
3/19/2025 13:15,March,4.49,4.52
3/19/2025 13:20,March,3.47,3.49
3/19/2025 13:25,March,4.88,4.92
3/19/2025 13:30,March,4.71,4.75
3/19/2025 13:35,March,4.85,4.89
3/19/2025 13:40,March,4.84,4.88
3/19/2025 13:45,March,4.48,4.52
3/19/2025 13:50,March,4.84,4.88
3/19/2025 13:55,March,4.49,4.53
3/19/2025 14:00,March,4.06,4.1
3/19/2025 14:05,March,4.06,4.09
3/19/2025 14:10,March,4.49,4.52
3/19/2025 14:15,March,3.21,3.23
3/19/2025 14:20,March,4.26,4.29
3/19/2025 14:25,March,4.49,4.52
3/19/2025 14:30,March,4.49,4.52
3/19/2025 14:35,March,4.49,4.52
3/19/2025 14:40,March,4.5,4.53
3/19/2025 14:45,March,4.5,4.53
3/19/2025 14:50,March,4.73,4.76
3/19/2025 14:55,March,4.61,4.64
3/19/2025 15:00,March,4.5,4.53
3/19/2025 15:05,March,3.12,3.13
3/19/2025 15:10,March,3.3,3.31
3/19/2025 15:15,March,4.49,4.51
3/19/2025 15:20,March,4.51,4.53
3/19/2025 15:25,March,4.51,4.53
3/19/2025 15:30,March,4.51,4.53
3/19/2025 15:35,March,4.51,4.53
3/19/2025 15:40,March,4.57,4.59
3/19/2025 15:45,March,4.69,4.71
3/19/2025 15:50,March,4.92,4.93
3/19/2025 15:55,March,4.91,4.93
3/19/2025 16:00,March,4.88,4.9
3/19/2025 16:05,March,6.43,6.44
3/19/2025 16:10,March,5.51,5.52
3/19/2025 16:15,March,5.51,5.52
3/19/2025 16:20,March,13,13.01
3/19/2025 16:25,March,4.75,4.75
3/19/2025 16:30,March,4.94,4.95
3/19/2025 16:35,March,4.94,4.94
3/19/2025 16:40,March,4.95,4.94
3/19/2025 16:45,March,4.76,4.75
3/19/2025 16:50,March,4.92,4.91
3/19/2025 16:55,March,4.53,4.52
3/19/2025 17:00,March,3.57,3.56
3/19/2025 17:05,March,2.97,2.96
3/19/2025 17:10,March,2.98,2.97
3/19/2025 17:15,March,3.01,3
3/19/2025 17:20,March,3.67,3.66
3/19/2025 17:25,March,3.68,3.66
3/19/2025 17:30,March,3.98,3.96
3/19/2025 17:35,March,3.99,3.97
3/19/2025 17:40,March,4.55,4.52
3/19/2025 17:45,March,4.59,4.57
3/19/2025 17:50,March,4.95,4.91
3/19/2025 17:55,March,5.56,5.53
3/19/2025 18:00,March,6.5,6.46
3/19/2025 18:05,March,4.95,4.92
3/19/2025 18:10,March,5.57,5.53
3/19/2025 18:15,March,14.41,14.3
3/19/2025 18:20,March,13.62,13.52
3/19/2025 18:25,March,9,8.93
3/19/2025 18:30,March,14.39,14.29
3/19/2025 18:35,March,14.42,14.32
3/19/2025 18:40,March,6.9,6.85
3/19/2025 18:45,March,6.9,6.85
3/19/2025 18:50,March,5.01,4.98
3/19/2025 18:55,March,6.23,6.19
3/19/2025 19:00,March,4.61,4.57
3/19/2025 19:05,March,4.62,4.58
3/19/2025 19:10,March,5,4.97
3/19/2025 19:15,March,4.98,4.94
3/19/2025 19:20,March,4.98,4.94
3/19/2025 19:25,March,4.62,4.58
3/19/2025 19:30,March,4.58,4.55
3/19/2025 19:35,March,4.58,4.55
3/19/2025 19:40,March,4.06,4.03
3/19/2025 19:45,March,4,3.96
3/19/2025 19:50,March,3.99,3.96
3/19/2025 19:55,March,3.99,3.96
3/19/2025 20:00,March,3.99,3.96
3/19/2025 20:05,March,4.82,4.78
3/19/2025 20:10,March,4.62,4.58
3/19/2025 20:15,March,4.63,4.59
3/19/2025 20:20,March,4.89,4.85
3/19/2025 20:25,March,4.89,4.85
3/19/2025 20:30,March,4.63,4.59
3/19/2025 20:35,March,4.65,4.61
3/19/2025 20:40,March,4.63,4.59
3/19/2025 20:45,March,4.63,4.59
3/19/2025 20:50,March,3.61,3.58
3/19/2025 20:55,March,4.02,3.99
3/19/2025 21:00,March,3.71,3.68
3/19/2025 21:05,March,15.95,15.84
3/19/2025 21:10,March,24.74,24.57
3/19/2025 21:15,March,24.75,24.59
3/19/2025 21:20,March,16.08,15.98
3/19/2025 21:25,March,16.08,15.97
3/19/2025 21:30,March,27.52,27.31
3/19/2025 21:35,March,23.04,22.84
3/19/2025 21:40,March,15.34,15.2
3/19/2025 21:45,March,14.96,14.82
3/19/2025 21:50,March,14.41,14.27
3/19/2025 21:55,March,13.13,13
3/19/2025 22:00,March,11.19,11.08
3/19/2025 22:05,March,15.39,15.25
3/19/2025 22:10,March,13.12,13
3/19/2025 22:15,March,11.21,11.11
3/19/2025 22:20,March,13.06,12.93
3/19/2025 22:25,March,11.17,11.07
3/19/2025 22:30,March,11.07,10.97
3/19/2025 22:35,March,5.01,4.96
3/19/2025 22:40,March,5.01,4.97
3/19/2025 22:45,March,5,4.97
3/19/2025 22:50,March,4.89,4.86
3/19/2025 22:55,March,3.71,3.68
3/19/2025 23:00,March,3.47,3.44
3/19/2025 23:05,March,23.69,23.58
3/19/2025 23:10,March,15.48,15.41
3/19/2025 23:15,March,15.26,15.18
3/19/2025 23:20,March,14.3,14.23
3/19/2025 23:25,March,15.37,15.31
3/19/2025 23:30,March,12.12,12.06
3/19/2025 23:35,March,5.01,4.98
3/19/2025 23:40,March,5,4.98
3/19/2025 23:45,March,3.7,3.68
3/19/2025 23:50,March,3.7,3.68
3/19/2025 23:55,March,3.98,3.96
3/20/2025 0:00,March,3.59,3.57
3/20/2025 0:05,March,12.09,12.04
3/20/2025 0:10,March,4.59,4.57
3/20/2025 0:15,March,4.92,4.89
3/20/2025 0:20,March,4.59,4.57
3/20/2025 0:25,March,4.48,4.46
3/20/2025 0:30,March,4.59,4.57
3/20/2025 0:35,March,3.46,3.44
3/20/2025 0:40,March,3.7,3.68
3/20/2025 0:45,March,3.7,3.68
3/20/2025 0:50,March,3.7,3.68
3/20/2025 0:55,March,3.7,3.68
3/20/2025 1:00,March,3.59,3.57
3/20/2025 1:05,March,3.59,3.57
3/20/2025 1:10,March,3.7,3.68
3/20/2025 1:15,March,3.7,3.68
3/20/2025 1:20,March,3.7,3.68
3/20/2025 1:25,March,3.59,3.57
3/20/2025 1:30,March,3.7,3.68
3/20/2025 1:35,March,3.46,3.44
3/20/2025 1:40,March,3.7,3.68
3/20/2025 1:45,March,9.93,9.87
3/20/2025 1:50,March,3.71,3.68
3/20/2025 1:55,March,3.71,3.68
3/20/2025 2:00,March,3.45,3.42
3/20/2025 2:05,March,3.46,3.44
3/20/2025 2:10,March,3.46,3.44
3/20/2025 2:15,March,3.15,3.13
3/20/2025 2:20,March,2.99,2.97
3/20/2025 2:25,March,2.99,2.97
3/20/2025 2:30,March,3.35,3.33
3/20/2025 2:35,March,2.99,2.97
3/20/2025 2:40,March,3.14,3.12
3/20/2025 2:45,March,3.14,3.12
3/20/2025 2:50,March,2.98,2.96
3/20/2025 2:55,March,2.98,2.96
3/20/2025 3:00,March,2.98,2.96
3/20/2025 3:05,March,2.98,2.96
3/20/2025 3:10,March,2.97,2.95
3/20/2025 3:15,March,3.26,3.24
3/20/2025 3:20,March,3.14,3.12
3/20/2025 3:25,March,2.98,2.96
3/20/2025 3:30,March,3.26,3.24
3/20/2025 3:35,March,3.14,3.12
3/20/2025 3:40,March,3.14,3.12
3/20/2025 3:45,March,3.37,3.35
3/20/2025 3:50,March,3.26,3.24
3/20/2025 3:55,March,3.26,3.24
3/20/2025 4:00,March,3.26,3.24
3/20/2025 4:05,March,3.35,3.33
3/20/2025 4:10,March,3.44,3.42
3/20/2025 4:15,March,3.35,3.33
3/20/2025 4:20,March,3.35,3.33
3/20/2025 4:25,March,3.35,3.33
3/20/2025 4:30,March,3.35,3.33
3/20/2025 4:35,March,3.44,3.42
3/20/2025 4:40,March,3.44,3.42
3/20/2025 4:45,March,3.44,3.42
3/20/2025 4:50,March,3.46,3.44
3/20/2025 4:55,March,3.45,3.43
3/20/2025 5:00,March,3.46,3.44
3/20/2025 5:05,March,2.56,2.54
3/20/2025 5:10,March,3.27,3.25
3/20/2025 5:15,March,3.38,3.35
3/20/2025 5:20,March,3.38,3.35
3/20/2025 5:25,March,3.44,3.42
3/20/2025 5:30,March,3.44,3.42
3/20/2025 5:35,March,3.71,3.68
3/20/2025 5:40,March,3.48,3.45
3/20/2025 5:45,March,3.71,3.68
3/20/2025 5:50,March,3.71,3.68
3/20/2025 5:55,March,3.71,3.68
3/20/2025 6:00,March,3.71,3.68
3/20/2025 6:05,March,0,0
3/20/2025 6:10,March,2.92,2.91
3/20/2025 6:15,March,3.26,3.24
3/20/2025 6:20,March,3.34,3.32
3/20/2025 6:25,March,3.34,3.32
3/20/2025 6:30,March,2.97,2.96
3/20/2025 6:35,March,2.97,2.96
3/20/2025 6:40,March,2.97,2.96
3/20/2025 6:45,March,2.97,2.96
3/20/2025 6:50,March,0,0
3/20/2025 6:55,March,0,0
3/20/2025 7:00,March,2.14,2.14
3/20/2025 7:05,March,0,0
3/20/2025 7:10,March,0,0
3/20/2025 7:15,March,0,0
3/20/2025 7:20,March,0.1,0.1
3/20/2025 7:25,March,2.13,2.13
3/20/2025 7:30,March,2.92,2.92
3/20/2025 7:35,March,3.06,3.06
3/20/2025 7:40,March,3.07,3.06
3/20/2025 7:45,March,3.23,3.24
3/20/2025 7:50,March,3.23,3.23
3/20/2025 7:55,March,3.55,3.55
3/20/2025 8:00,March,3.29,3.3
3/20/2025 8:05,March,0,0
3/20/2025 8:10,March,2.94,2.94
3/20/2025 8:15,March,3.08,3.09
3/20/2025 8:20,March,3.12,3.13
3/20/2025 8:25,March,3.14,3.15
3/20/2025 8:30,March,3.22,3.23
3/20/2025 8:35,March,3.18,3.19
3/20/2025 8:40,March,3.5,3.52
3/20/2025 8:45,March,3.28,3.3
3/20/2025 8:50,March,3.23,3.24
3/20/2025 8:55,March,3.28,3.29
3/20/2025 9:00,March,3.62,3.64
3/20/2025 9:05,March,0,0
3/20/2025 9:10,March,0,0
3/20/2025 9:15,March,2.87,2.9
3/20/2025 9:20,March,3.02,3.05
3/20/2025 9:25,March,2.92,2.95
3/20/2025 9:30,March,3.06,3.09
3/20/2025 9:35,March,3.02,3.05
3/20/2025 9:40,March,3.25,3.28
3/20/2025 9:45,March,3.2,3.23
3/20/2025 9:50,March,3.19,3.22
3/20/2025 9:55,March,3.19,3.22
3/20/2025 10:00,March,3.16,3.19
3/20/2025 10:05,March,0,0
3/20/2025 10:10,March,0,0
3/20/2025 10:15,March,2.87,2.89
3/20/2025 10:20,March,2.93,2.94
3/20/2025 10:25,March,3.09,3.11
3/20/2025 10:30,March,2.97,2.99
3/20/2025 10:35,March,2.91,2.93
3/20/2025 10:40,March,2.96,2.97
3/20/2025 10:45,March,2.93,2.95
3/20/2025 10:50,March,2.97,2.98
3/20/2025 10:55,March,2.92,2.94
3/20/2025 11:00,March,2.92,2.94
3/20/2025 11:05,March,2.89,2.9
3/20/2025 11:10,March,2.91,2.92
3/20/2025 11:15,March,2.92,2.94
3/20/2025 11:20,March,2.9,2.92
3/20/2025 11:25,March,2.9,2.92
3/20/2025 11:30,March,2.23,2.24
3/20/2025 11:35,March,2.35,2.37
3/20/2025 11:40,March,2.71,2.73
3/20/2025 11:45,March,2.35,2.36
3/20/2025 11:50,March,2.09,2.11
3/20/2025 11:55,March,2.09,2.11
3/20/2025 12:00,March,0,0
3/20/2025 12:05,March,0,0
3/20/2025 12:10,March,2.6,2.61
3/20/2025 12:15,March,2.67,2.69
3/20/2025 12:20,March,2.1,2.11
3/20/2025 12:25,March,2.1,2.11
3/20/2025 12:30,March,2.1,2.11
3/20/2025 12:35,March,2.1,2.11
3/20/2025 12:40,March,0,0
3/20/2025 12:45,March,0,0
3/20/2025 12:50,March,0,0
3/20/2025 12:55,March,2.4,2.42
3/20/2025 13:00,March,2.86,2.88
3/20/2025 13:05,March,2.87,2.89
3/20/2025 13:10,March,3.25,3.26
3/20/2025 13:15,March,3.16,3.17
3/20/2025 13:20,March,2.88,2.9
3/20/2025 13:25,March,2.91,2.93
3/20/2025 13:30,March,3.25,3.27
3/20/2025 13:35,March,2.94,2.96
3/20/2025 13:40,March,3.2,3.22
3/20/2025 13:45,March,3.16,3.18
3/20/2025 13:50,March,3.02,3.04
3/20/2025 13:55,March,3.21,3.23
3/20/2025 14:00,March,2.96,2.98
3/20/2025 14:05,March,2.93,2.94
3/20/2025 14:10,March,2.94,2.96
3/20/2025 14:15,March,3.61,3.63
3/20/2025 14:20,March,3.27,3.29
3/20/2025 14:25,March,3.22,3.23
3/20/2025 14:30,March,3.28,3.3
3/20/2025 14:35,March,3.28,3.3
3/20/2025 14:40,March,3.28,3.3
3/20/2025 14:45,March,3.22,3.23
3/20/2025 14:50,March,3.22,3.24
3/20/2025 14:55,March,3.22,3.24
3/20/2025 15:00,March,2.95,2.96
3/20/2025 15:05,March,4.03,4.04
3/20/2025 15:10,March,3.63,3.64
3/20/2025 15:15,March,3.29,3.3
3/20/2025 15:20,March,3.5,3.52
3/20/2025 15:25,March,3.39,3.41
3/20/2025 15:30,March,4.94,4.96
3/20/2025 15:35,March,4.85,4.87
3/20/2025 15:40,March,3.89,3.9
3/20/2025 15:45,March,3.43,3.44
3/20/2025 15:50,March,3.41,3.42
3/20/2025 15:55,March,3.41,3.42
3/20/2025 16:00,March,3.41,3.42
3/20/2025 16:05,March,3.65,3.66
3/20/2025 16:10,March,3.51,3.52
3/20/2025 16:15,March,3.44,3.44
3/20/2025 16:20,March,3.42,3.43
3/20/2025 16:25,March,3.67,3.67
3/20/2025 16:30,March,3.46,3.46
3/20/2025 16:35,March,3.49,3.49
3/20/2025 16:40,March,3.52,3.52
3/20/2025 16:45,March,3.45,3.45
3/20/2025 16:50,March,3.46,3.45
3/20/2025 16:55,March,3.25,3.25
3/20/2025 17:00,March,3.26,3.25
3/20/2025 17:05,March,0,0
3/20/2025 17:10,March,2.24,2.23
3/20/2025 17:15,March,2.99,2.98
3/20/2025 17:20,March,3.34,3.33
3/20/2025 17:25,March,3.36,3.35
3/20/2025 17:30,March,3.35,3.34
3/20/2025 17:35,March,3.47,3.45
3/20/2025 17:40,March,3.62,3.6
3/20/2025 17:45,March,3.54,3.52
3/20/2025 17:50,March,4.69,4.67
3/20/2025 17:55,March,3.71,3.69
3/20/2025 18:00,March,3.71,3.69
3/20/2025 18:05,March,3.48,3.46
3/20/2025 18:10,March,4.64,4.62
3/20/2025 18:15,March,4.9,4.87
3/20/2025 18:20,March,5.02,4.99
3/20/2025 18:25,March,5.02,4.99
3/20/2025 18:30,March,6.75,6.71
3/20/2025 18:35,March,4.08,4.06
3/20/2025 18:40,March,4.17,4.14
3/20/2025 18:45,March,4.17,4.14
3/20/2025 18:50,March,3.48,3.46
3/20/2025 18:55,March,3.86,3.84
3/20/2025 19:00,March,3.38,3.36
3/20/2025 19:05,March,2.73,2.72
3/20/2025 19:10,March,3.25,3.23
3/20/2025 19:15,March,3.38,3.36
3/20/2025 19:20,March,3.38,3.36
3/20/2025 19:25,March,3.32,3.3
3/20/2025 19:30,March,3.55,3.53
3/20/2025 19:35,March,3.27,3.25
3/20/2025 19:40,March,3.37,3.35
3/20/2025 19:45,March,3.36,3.34
3/20/2025 19:50,March,3.37,3.35
3/20/2025 19:55,March,3.27,3.25
3/20/2025 20:00,March,3.42,3.4
3/20/2025 20:05,March,4.94,4.91
3/20/2025 20:10,March,3.73,3.71
3/20/2025 20:15,March,3.48,3.46
3/20/2025 20:20,March,3.38,3.36
3/20/2025 20:25,March,3.38,3.36
3/20/2025 20:30,March,3.37,3.35
3/20/2025 20:35,March,3.38,3.36
3/20/2025 20:40,March,3.29,3.27
3/20/2025 20:45,March,3.34,3.32
3/20/2025 20:50,March,3.01,3
3/20/2025 20:55,March,3.27,3.25
3/20/2025 21:00,March,3.06,3.04
3/20/2025 21:05,March,14.54,14.45
3/20/2025 21:10,March,12.57,12.49
3/20/2025 21:15,March,5.56,5.52
3/20/2025 21:20,March,3.54,3.52
3/20/2025 21:25,March,3.5,3.47
3/20/2025 21:30,March,3.48,3.46
3/20/2025 21:35,March,3.3,3.27
3/20/2025 21:40,March,3.07,3.05
3/20/2025 21:45,March,3.28,3.26
3/20/2025 21:50,March,3.26,3.24
3/20/2025 21:55,March,3.11,3.09
3/20/2025 22:00,March,3.01,2.99
3/20/2025 22:05,March,5.12,5.08
3/20/2025 22:10,March,3.49,3.47
3/20/2025 22:15,March,3.38,3.36
3/20/2025 22:20,March,3.38,3.36
3/20/2025 22:25,March,3.01,2.99
3/20/2025 22:30,March,3.27,3.25
3/20/2025 22:35,March,3.25,3.23
3/20/2025 22:40,March,3.25,3.23
3/20/2025 22:45,March,3.01,2.99
3/20/2025 22:50,March,3.01,2.99
3/20/2025 22:55,March,3.01,2.99
3/20/2025 23:00,March,3,2.98
3/20/2025 23:05,March,3.54,3.52
3/20/2025 23:10,March,3.27,3.25
3/20/2025 23:15,March,3.01,2.99
3/20/2025 23:20,March,3.01,2.99
3/20/2025 23:25,March,3,2.99
3/20/2025 23:30,March,3,2.98
3/20/2025 23:35,March,3,2.98
3/20/2025 23:40,March,2.99,2.98
3/20/2025 23:45,March,2.99,2.97
3/20/2025 23:50,March,3,2.98
3/20/2025 23:55,March,3,2.99
3/21/2025 0:00,March,2.93,2.91
3/21/2025 0:05,March,13.1,13.02
3/21/2025 0:10,March,3.37,3.35
3/21/2025 0:15,March,3.37,3.35
3/21/2025 0:20,March,0,0
3/21/2025 0:25,March,3,2.98
3/21/2025 0:30,March,3,2.98
3/21/2025 0:35,March,3,2.98
3/21/2025 0:40,March,2.96,2.93
3/21/2025 0:45,March,2.95,2.92
3/21/2025 0:50,March,2.95,2.93
3/21/2025 0:55,March,2.95,2.93
3/21/2025 1:00,March,2.63,2.61
3/21/2025 1:05,March,2.94,2.92
3/21/2025 1:10,March,2.77,2.75
3/21/2025 1:15,March,2.94,2.92
3/21/2025 1:20,March,2.93,2.91
3/21/2025 1:25,March,2.93,2.91
3/21/2025 1:30,March,2.62,2.61
3/21/2025 1:35,March,2.62,2.61
3/21/2025 1:40,March,2.74,2.72
3/21/2025 1:45,March,2.62,2.6
3/21/2025 1:50,March,2.82,2.8
3/21/2025 1:55,March,3.46,3.43
3/21/2025 2:00,March,3.18,3.16
3/21/2025 2:05,March,3,2.97
3/21/2025 2:10,March,3.18,3.15
3/21/2025 2:15,March,3,2.98
3/21/2025 2:20,March,2.99,2.97
3/21/2025 2:25,March,2.95,2.93
3/21/2025 2:30,March,2.95,2.93
3/21/2025 2:35,March,2.94,2.92
3/21/2025 2:40,March,2.16,2.14
3/21/2025 2:45,March,2.17,2.15
3/21/2025 2:50,March,2.17,2.16
3/21/2025 2:55,March,2.16,2.14
3/21/2025 3:00,March,2.17,2.16
3/21/2025 3:05,March,2.54,2.52
3/21/2025 3:10,March,2.54,2.52
3/21/2025 3:15,March,2.69,2.67
3/21/2025 3:20,March,2.55,2.53
3/21/2025 3:25,March,2.41,2.39
3/21/2025 3:30,March,2.88,2.86
3/21/2025 3:35,March,2.8,2.78
3/21/2025 3:40,March,2.8,2.78
3/21/2025 3:45,March,2.8,2.78
3/21/2025 3:50,March,2.93,2.9
3/21/2025 3:55,March,2.8,2.78
3/21/2025 4:00,March,2.38,2.36
3/21/2025 4:05,March,3.51,3.48
3/21/2025 4:10,March,3.29,3.26
3/21/2025 4:15,March,3,2.98
3/21/2025 4:20,March,2.99,2.96
3/21/2025 4:25,March,3,2.97
3/21/2025 4:30,March,3,2.97
3/21/2025 4:35,March,2.99,2.96
3/21/2025 4:40,March,2.99,2.96
3/21/2025 4:45,March,2.99,2.96
3/21/2025 4:50,March,3,2.97
3/21/2025 4:55,March,3,2.97
3/21/2025 5:00,March,3,2.97
3/21/2025 5:05,March,0,0
3/21/2025 5:10,March,2.94,2.91
3/21/2025 5:15,March,2.98,2.95
3/21/2025 5:20,March,3,2.97
3/21/2025 5:25,March,2.99,2.96
3/21/2025 5:30,March,3.01,2.98
3/21/2025 5:35,March,3.19,3.16
3/21/2025 5:40,March,3.15,3.12
3/21/2025 5:45,March,3.36,3.32
3/21/2025 5:50,March,3.34,3.31
3/21/2025 5:55,March,3.36,3.32
3/21/2025 6:00,March,3.36,3.32
3/21/2025 6:05,March,0,0
3/21/2025 6:10,March,3.09,3.07
3/21/2025 6:15,March,3.09,3.06
3/21/2025 6:20,March,3,2.98
3/21/2025 6:25,March,3,2.98
3/21/2025 6:30,March,3,2.98
3/21/2025 6:35,March,2.15,2.13
3/21/2025 6:40,March,0.1,0.1
3/21/2025 6:45,March,0,0
3/21/2025 6:50,March,0,0
3/21/2025 6:55,March,0,0
3/21/2025 7:00,March,0,0
3/21/2025 7:05,March,0,0
3/21/2025 7:10,March,0,0
3/21/2025 7:15,March,0,0
3/21/2025 7:20,March,0,0
3/21/2025 7:25,March,2.9,2.89
3/21/2025 7:30,March,2.93,2.92
3/21/2025 7:35,March,2.9,2.89
3/21/2025 7:40,March,3.04,3.03
3/21/2025 7:45,March,3.3,3.29
3/21/2025 7:50,March,3.15,3.15
3/21/2025 7:55,March,4.41,4.4
3/21/2025 8:00,March,5.75,5.74
3/21/2025 8:05,March,0,0
3/21/2025 8:10,March,2.91,2.91
3/21/2025 8:15,March,2.96,2.96
3/21/2025 8:20,March,3.14,3.14
3/21/2025 8:25,March,3.18,3.18
3/21/2025 8:30,March,3.64,3.64
3/21/2025 8:35,March,2.96,2.96
3/21/2025 8:40,March,3.02,3.03
3/21/2025 8:45,March,3.16,3.17
3/21/2025 8:50,March,3.01,3.02
3/21/2025 8:55,March,3.12,3.13
3/21/2025 9:00,March,3.47,3.48
3/21/2025 9:05,March,0,0
3/21/2025 9:10,March,0,0
3/21/2025 9:15,March,0,0
3/21/2025 9:20,March,0,0
3/21/2025 9:25,March,1.48,1.49
3/21/2025 9:30,March,2.36,2.37
3/21/2025 9:35,March,2.77,2.78
3/21/2025 9:40,March,2.36,2.37
3/21/2025 9:45,March,2.75,2.76
3/21/2025 9:50,March,0,0
3/21/2025 9:55,March,2.36,2.37
3/21/2025 10:00,March,2.11,2.12
3/21/2025 10:05,March,2.13,2.13
3/21/2025 10:10,March,2.36,2.37
3/21/2025 10:15,March,2.36,2.37
3/21/2025 10:20,March,2.85,2.86
3/21/2025 10:25,March,2.96,2.97
3/21/2025 10:30,March,2.36,2.37
3/21/2025 10:35,March,2.89,2.9
3/21/2025 10:40,March,2.92,2.93
3/21/2025 10:45,March,2.89,2.89
3/21/2025 10:50,March,2.41,2.41
3/21/2025 10:55,March,1.49,1.5
3/21/2025 11:00,March,2.04,2.04
3/21/2025 11:05,March,0,0
3/21/2025 11:10,March,0,0
3/21/2025 11:15,March,0,0
3/21/2025 11:20,March,0,0
3/21/2025 11:25,March,0,0
3/21/2025 11:30,March,0,0
3/21/2025 11:35,March,0,0
3/21/2025 11:40,March,0,0
3/21/2025 11:45,March,0,0
3/21/2025 11:50,March,0,0
3/21/2025 11:55,March,0,0
3/21/2025 12:00,March,0,0
3/21/2025 12:05,March,0,0
3/21/2025 12:10,March,0,0
3/21/2025 12:15,March,0,0
3/21/2025 12:20,March,0,0
3/21/2025 12:25,March,0,0
3/21/2025 12:30,March,0,0
3/21/2025 12:35,March,0,0
3/21/2025 12:40,March,0,0
3/21/2025 12:45,March,0,0
3/21/2025 12:50,March,0,0
3/21/2025 12:55,March,1.5,1.5
3/21/2025 13:00,March,2.9,2.91
3/21/2025 13:05,March,2.33,2.34
3/21/2025 13:10,March,2.9,2.91
3/21/2025 13:15,March,2.92,2.93
3/21/2025 13:20,March,2.39,2.4
3/21/2025 13:25,March,2.9,2.91
3/21/2025 13:30,March,2.88,2.89
3/21/2025 13:35,March,2.88,2.88
3/21/2025 13:40,March,2.88,2.89
3/21/2025 13:45,March,2.4,2.4
3/21/2025 13:50,March,2.73,2.74
3/21/2025 13:55,March,2.88,2.88
3/21/2025 14:00,March,3.14,3.15
3/21/2025 14:05,March,2.97,2.98
3/21/2025 14:10,March,2.94,2.95
3/21/2025 14:15,March,2.97,2.98
3/21/2025 14:20,March,3.02,3.03
3/21/2025 14:25,March,3.07,3.08
3/21/2025 14:30,March,3.34,3.35
3/21/2025 14:35,March,3.04,3.05
3/21/2025 14:40,March,4.46,4.48
3/21/2025 14:45,March,2.98,2.99
3/21/2025 14:50,March,3.36,3.37
3/21/2025 14:55,March,3.18,3.19
3/21/2025 15:00,March,3,3.01
3/21/2025 15:05,March,3.25,3.25
3/21/2025 15:10,March,3.18,3.19
3/21/2025 15:15,March,3.17,3.17
3/21/2025 15:20,March,3.19,3.19
3/21/2025 15:25,March,3.74,3.74
3/21/2025 15:30,March,3.3,3.3
3/21/2025 15:35,March,3.93,3.93
3/21/2025 15:40,March,3.75,3.75
3/21/2025 15:45,March,3.4,3.4
3/21/2025 15:50,March,3.69,3.68
3/21/2025 15:55,March,3.41,3.4
3/21/2025 16:00,March,3.41,3.4
3/21/2025 16:05,March,3.43,3.42
3/21/2025 16:10,March,3.53,3.52
3/21/2025 16:15,March,3.39,3.38
3/21/2025 16:20,March,3.43,3.41
3/21/2025 16:25,March,3.51,3.49
3/21/2025 16:30,March,3.31,3.3
3/21/2025 16:35,March,3.32,3.3
3/21/2025 16:40,March,3.43,3.41
3/21/2025 16:45,March,3.25,3.23
3/21/2025 16:50,March,3.18,3.16
3/21/2025 16:55,March,2.99,2.97
3/21/2025 17:00,March,2.4,2.39
3/21/2025 17:05,March,2.96,2.94
3/21/2025 17:10,March,2.96,2.94
3/21/2025 17:15,March,3,2.97
3/21/2025 17:20,March,3,2.98
3/21/2025 17:25,March,3.07,3.05
3/21/2025 17:30,March,3.19,3.16
3/21/2025 17:35,March,3.28,3.25
3/21/2025 17:40,March,3.5,3.46
3/21/2025 17:45,March,3.5,3.46
3/21/2025 17:50,March,3.83,3.79
3/21/2025 17:55,March,3.84,3.8
3/21/2025 18:00,March,3.84,3.8
3/21/2025 18:05,March,3.85,3.81
3/21/2025 18:10,March,3.59,3.55
3/21/2025 18:15,March,4.81,4.76
3/21/2025 18:20,March,5.02,4.97
3/21/2025 18:25,March,5.54,5.48
3/21/2025 18:30,March,5.03,4.97
3/21/2025 18:35,March,5.03,4.97
3/21/2025 18:40,March,5.03,4.97
3/21/2025 18:45,March,4.93,4.87
3/21/2025 18:50,March,4.3,4.25
3/21/2025 18:55,March,3.6,3.56
3/21/2025 19:00,March,3.51,3.47
3/21/2025 19:05,March,3.27,3.24
3/21/2025 19:10,March,3.06,3.03
3/21/2025 19:15,March,3.35,3.31
3/21/2025 19:20,March,3.27,3.23
3/21/2025 19:25,March,3.34,3.3
3/21/2025 19:30,March,3.47,3.43
3/21/2025 19:35,March,3.47,3.43
3/21/2025 19:40,March,3.47,3.43
3/21/2025 19:45,March,3.36,3.32
3/21/2025 19:50,March,3.3,3.26
3/21/2025 19:55,March,3.09,3.06
3/21/2025 20:00,March,3.09,3.05
3/21/2025 20:05,March,5.02,4.96
3/21/2025 20:10,March,3.86,3.81
3/21/2025 20:15,March,3.49,3.45
3/21/2025 20:20,March,3.49,3.45
3/21/2025 20:25,March,3.29,3.25
3/21/2025 20:30,March,3.38,3.34
3/21/2025 20:35,March,3.1,3.07
3/21/2025 20:40,March,3.19,3.15
3/21/2025 20:45,March,3.19,3.15
3/21/2025 20:50,March,3.03,2.99
3/21/2025 20:55,March,3.02,2.98
3/21/2025 21:00,March,3.01,2.97
3/21/2025 21:05,March,14.92,14.74
3/21/2025 21:10,March,3.49,3.45
3/21/2025 21:15,March,3.33,3.29
3/21/2025 21:20,March,3.11,3.07
3/21/2025 21:25,March,3.02,2.99
3/21/2025 21:30,March,3.03,3
3/21/2025 21:35,March,3.01,2.98
3/21/2025 21:40,March,3.01,2.98
3/21/2025 21:45,March,3.01,2.98
3/21/2025 21:50,March,2.83,2.81
3/21/2025 21:55,March,2.14,2.12
3/21/2025 22:00,March,2.14,2.12
3/21/2025 22:05,March,3.45,3.42
3/21/2025 22:10,March,3.46,3.43
3/21/2025 22:15,March,3.02,2.99
3/21/2025 22:20,March,3.28,3.26
3/21/2025 22:25,March,3.15,3.12
3/21/2025 22:30,March,3.26,3.24
3/21/2025 22:35,March,3.26,3.23
3/21/2025 22:40,March,3.11,3.09
3/21/2025 22:45,March,3.1,3.07
3/21/2025 22:50,March,3.1,3.08
3/21/2025 22:55,March,3.01,2.99
3/21/2025 23:00,March,3,2.97
3/21/2025 23:05,March,5.03,4.99
3/21/2025 23:10,March,3.32,3.3
3/21/2025 23:15,March,3.13,3.11
3/21/2025 23:20,March,3.01,2.99
3/21/2025 23:25,March,3.01,2.99
3/21/2025 23:30,March,3,2.98
3/21/2025 23:35,March,2.99,2.97
3/21/2025 23:40,March,3.01,2.98
3/21/2025 23:45,March,2.97,2.94
3/21/2025 23:50,March,2.95,2.93
3/21/2025 23:55,March,2.57,2.55
3/22/2025 0:00,March,2.43,2.41
3/22/2025 0:05,March,7.73,7.67
3/22/2025 0:10,March,3.32,3.29
3/22/2025 0:15,March,3.09,3.07
3/22/2025 0:20,March,3.14,3.11
3/22/2025 0:25,March,3.13,3.1
3/22/2025 0:30,March,3,2.97
3/22/2025 0:35,March,3,2.97
3/22/2025 0:40,March,2.99,2.97
3/22/2025 0:45,March,3,2.97
3/22/2025 0:50,March,2.99,2.96
3/22/2025 0:55,March,2.99,2.96
3/22/2025 1:00,March,2.94,2.91
3/22/2025 1:05,March,3.08,3.05
3/22/2025 1:10,March,3.29,3.27
3/22/2025 1:15,March,3.09,3.07
3/22/2025 1:20,March,3.14,3.12
3/22/2025 1:25,March,2.97,2.95
3/22/2025 1:30,March,2.94,2.92
3/22/2025 1:35,March,2.94,2.92
3/22/2025 1:40,March,3.08,3.05
3/22/2025 1:45,March,2.99,2.97
3/22/2025 1:50,March,2.99,2.97
3/22/2025 1:55,March,2.99,2.96
3/22/2025 2:00,March,2.94,2.91
3/22/2025 2:05,March,2.99,2.96
3/22/2025 2:10,March,3.27,3.24
3/22/2025 2:15,March,7.72,7.67
3/22/2025 2:20,March,3.38,3.36
3/22/2025 2:25,March,3.26,3.24
3/22/2025 2:30,March,3.35,3.33
3/22/2025 2:35,March,3.35,3.33
3/22/2025 2:40,March,3.26,3.24
3/22/2025 2:45,March,3.35,3.33
3/22/2025 2:50,March,3.35,3.33
3/22/2025 2:55,March,3.35,3.33
3/22/2025 3:00,March,3.35,3.33
3/22/2025 3:05,March,3.24,3.22
3/22/2025 3:10,March,3.35,3.33
3/22/2025 3:15,March,3.35,3.33
3/22/2025 3:20,March,3.35,3.33
3/22/2025 3:25,March,3.35,3.33
3/22/2025 3:30,March,3.35,3.33
3/22/2025 3:35,March,3.1,3.07
3/22/2025 3:40,March,3.15,3.13
3/22/2025 3:45,March,3.06,3.04
3/22/2025 3:50,March,3.04,3.02
3/22/2025 3:55,March,3.15,3.13
3/22/2025 4:00,March,3.13,3.1
3/22/2025 4:05,March,3.51,3.49
3/22/2025 4:10,March,3.36,3.33
3/22/2025 4:15,March,2.99,2.97
3/22/2025 4:20,March,2.99,2.96
3/22/2025 4:25,March,2.99,2.96
3/22/2025 4:30,March,3.01,2.99
3/22/2025 4:35,March,3.01,2.99
3/22/2025 4:40,March,2.94,2.91
3/22/2025 4:45,March,2.94,2.91
3/22/2025 4:50,March,2.93,2.91
3/22/2025 4:55,March,2.93,2.91
3/22/2025 5:00,March,2.93,2.91
3/22/2025 5:05,March,0,0
3/22/2025 5:10,March,1.97,1.96
3/22/2025 5:15,March,2.85,2.82
3/22/2025 5:20,March,2.81,2.79
3/22/2025 5:25,March,2.81,2.79
3/22/2025 5:30,March,2.41,2.39
3/22/2025 5:35,March,2.57,2.55
3/22/2025 5:40,March,2.93,2.9
3/22/2025 5:45,March,2.81,2.79
3/22/2025 5:50,March,2.83,2.8
3/22/2025 5:55,March,2.93,2.9
3/22/2025 6:00,March,2.93,2.9
3/22/2025 6:05,March,0,0
3/22/2025 6:10,March,0,0
3/22/2025 6:15,March,0,0
3/22/2025 6:20,March,2.4,2.39
3/22/2025 6:25,March,2.68,2.66
3/22/2025 6:30,March,2.41,2.39
3/22/2025 6:35,March,2.41,2.39
3/22/2025 6:40,March,2.4,2.39
3/22/2025 6:45,March,2.4,2.39
3/22/2025 6:50,March,2.68,2.66
3/22/2025 6:55,March,2.4,2.39
3/22/2025 7:00,March,2.67,2.65
3/22/2025 7:05,March,0,0
3/22/2025 7:10,March,0,0
3/22/2025 7:15,March,0,0
3/22/2025 7:20,March,0,0
3/22/2025 7:25,March,0.1,0.1
3/22/2025 7:30,March,0,0
3/22/2025 7:35,March,0,0
3/22/2025 7:40,March,2.38,2.37
3/22/2025 7:45,March,2.67,2.67
3/22/2025 7:50,March,2.68,2.67
3/22/2025 7:55,March,3.09,3.09
3/22/2025 8:00,March,2.97,2.97
3/22/2025 8:05,March,0,0
3/22/2025 8:10,March,0,0
3/22/2025 8:15,March,2.37,2.37
3/22/2025 8:20,March,0,0
3/22/2025 8:25,March,0,0
3/22/2025 8:30,March,1.89,1.89
3/22/2025 8:35,March,2.36,2.36
3/22/2025 8:40,March,2.35,2.36
3/22/2025 8:45,March,2.73,2.74
3/22/2025 8:50,March,2.51,2.52
3/22/2025 8:55,March,2.84,2.84
3/22/2025 9:00,March,2.87,2.87
3/22/2025 9:05,March,2.36,2.36
3/22/2025 9:10,March,2.35,2.36
3/22/2025 9:15,March,2.72,2.74
3/22/2025 9:20,March,2.72,2.73
3/22/2025 9:25,March,2.74,2.76
3/22/2025 9:30,March,2.85,2.87
3/22/2025 9:35,March,2.72,2.74
3/22/2025 9:40,March,2.72,2.74
3/22/2025 9:45,March,2.85,2.87
3/22/2025 9:50,March,1.92,1.92
3/22/2025 9:55,March,2.72,2.73
3/22/2025 10:00,March,2.59,2.6
3/22/2025 10:05,March,0,0
3/22/2025 10:10,March,2.57,2.58
3/22/2025 10:15,March,2.71,2.72
3/22/2025 10:20,March,2.75,2.76
3/22/2025 10:25,March,2.75,2.76
3/22/2025 10:30,March,2.75,2.76
3/22/2025 10:35,March,2.71,2.73
3/22/2025 10:40,March,2.34,2.35
3/22/2025 10:45,March,2.6,2.61
3/22/2025 10:50,March,2.61,2.62
3/22/2025 10:55,March,2.62,2.63
3/22/2025 11:00,March,4.61,4.63
3/22/2025 11:05,March,3.27,3.29
3/22/2025 11:10,March,2.75,2.76
3/22/2025 11:15,March,2.84,2.86
3/22/2025 11:20,March,2.84,2.86
3/22/2025 11:25,March,2.71,2.73
3/22/2025 11:30,March,2.75,2.77
3/22/2025 11:35,March,2.75,2.77
3/22/2025 11:40,March,2.72,2.73
3/22/2025 11:45,March,2.69,2.71
3/22/2025 11:50,March,2.84,2.86
3/22/2025 11:55,March,2.75,2.77
3/22/2025 12:00,March,2.65,2.67
3/22/2025 12:05,March,0,0
3/22/2025 12:10,March,1.9,1.91
3/22/2025 12:15,March,2.35,2.36
3/22/2025 12:20,March,2.2,2.21
3/22/2025 12:25,March,2.57,2.58
3/22/2025 12:30,March,2.67,2.68
3/22/2025 12:35,March,1.91,1.92
3/22/2025 12:40,March,2.34,2.35
3/22/2025 12:45,March,2.6,2.61
3/22/2025 12:50,March,2.71,2.72
3/22/2025 12:55,March,2.35,2.36
3/22/2025 13:00,March,2.84,2.85
3/22/2025 13:05,March,2.72,2.73
3/22/2025 13:10,March,2.94,2.95
3/22/2025 13:15,March,2.9,2.91
3/22/2025 13:20,March,3.14,3.15
3/22/2025 13:25,March,2.95,2.96
3/22/2025 13:30,March,2.86,2.87
3/22/2025 13:35,March,2.86,2.87
3/22/2025 13:40,March,2.86,2.87
3/22/2025 13:45,March,2.86,2.87
3/22/2025 13:50,March,2.87,2.88
3/22/2025 13:55,March,2.86,2.88
3/22/2025 14:00,March,2.82,2.83
3/22/2025 14:05,March,3.03,3.04
3/22/2025 14:10,March,2.93,2.94
3/22/2025 14:15,March,2.91,2.93
3/22/2025 14:20,March,2.92,2.93
3/22/2025 14:25,March,2.67,2.67
3/22/2025 14:30,March,2.37,2.37
3/22/2025 14:35,March,2.37,2.37
3/22/2025 14:40,March,1.43,1.44
3/22/2025 14:45,March,3.29,3.29
3/22/2025 14:50,March,3.05,3.05
3/22/2025 14:55,March,2.84,2.84
3/22/2025 15:00,March,2.68,2.68
3/22/2025 15:05,March,3.3,3.3
3/22/2025 15:10,March,2.93,2.94
3/22/2025 15:15,March,2.68,2.68
3/22/2025 15:20,March,2.84,2.84
3/22/2025 15:25,March,2.97,2.97
3/22/2025 15:30,March,2.98,2.98
3/22/2025 15:35,March,3.19,3.19
3/22/2025 15:40,March,3.2,3.2
3/22/2025 15:45,March,2.98,2.98
3/22/2025 15:50,March,2.98,2.97
3/22/2025 15:55,March,2.98,2.97
3/22/2025 16:00,March,2.96,2.97
3/22/2025 16:05,March,3.16,3.16
3/22/2025 16:10,March,2.96,2.95
3/22/2025 16:15,March,3.32,3.32
3/22/2025 16:20,March,3.33,3.32
3/22/2025 16:25,March,3.32,3.31
3/22/2025 16:30,March,3,2.99
3/22/2025 16:35,March,3.34,3.33
3/22/2025 16:40,March,3.35,3.33
3/22/2025 16:45,March,3.26,3.24
3/22/2025 16:50,March,3.27,3.25
3/22/2025 16:55,March,3.35,3.33
3/22/2025 17:00,March,3.15,3.13
3/22/2025 17:05,March,1.58,1.57
3/22/2025 17:10,March,2.99,2.97
3/22/2025 17:15,March,3.02,3
3/22/2025 17:20,March,3.64,3.61
3/22/2025 17:25,March,3.36,3.34
3/22/2025 17:30,March,3.36,3.34
3/22/2025 17:35,March,3.38,3.36
3/22/2025 17:40,March,3.66,3.63
3/22/2025 17:45,March,3.73,3.69
3/22/2025 17:50,March,4.66,4.62
3/22/2025 17:55,March,5.04,4.99
3/22/2025 18:00,March,4.55,4.51
3/22/2025 18:05,March,3.74,3.7
3/22/2025 18:10,March,4.52,4.47
3/22/2025 18:15,March,5.05,4.99
3/22/2025 18:20,March,5.07,5.01
3/22/2025 18:25,March,5.69,5.62
3/22/2025 18:30,March,5.69,5.62
3/22/2025 18:35,March,5.05,4.99
3/22/2025 18:40,March,5.05,4.99
3/22/2025 18:45,March,5.04,4.99
3/22/2025 18:50,March,3.75,3.71
3/22/2025 18:55,March,3.76,3.71
3/22/2025 19:00,March,3.54,3.5
3/22/2025 19:05,March,3.51,3.47
3/22/2025 19:10,March,3.43,3.39
3/22/2025 19:15,March,3.42,3.38
3/22/2025 19:20,March,3.41,3.37
3/22/2025 19:25,March,3.5,3.46
3/22/2025 19:30,March,3.32,3.29
3/22/2025 19:35,March,3.39,3.35
3/22/2025 19:40,March,3.39,3.35
3/22/2025 19:45,March,3.39,3.35
3/22/2025 19:50,March,3.39,3.35
3/22/2025 19:55,March,3.12,3.08
3/22/2025 20:00,March,3.17,3.13
3/22/2025 20:05,March,3.38,3.35
3/22/2025 20:10,March,3.38,3.35
3/22/2025 20:15,March,3.38,3.35
3/22/2025 20:20,March,3.37,3.33
3/22/2025 20:25,March,3.38,3.34
3/22/2025 20:30,March,3.28,3.24
3/22/2025 20:35,March,3.15,3.12
3/22/2025 20:40,March,3.21,3.18
3/22/2025 20:45,March,3.37,3.34
3/22/2025 20:50,March,3.11,3.08
3/22/2025 20:55,March,3.02,2.99
3/22/2025 21:00,March,3.02,2.99
3/22/2025 21:05,March,13.45,13.31
3/22/2025 21:10,March,7.79,7.71
3/22/2025 21:15,March,4.65,4.6
3/22/2025 21:20,March,3.74,3.7
3/22/2025 21:25,March,3.45,3.42
3/22/2025 21:30,March,3.41,3.37
3/22/2025 21:35,March,3.39,3.35
3/22/2025 21:40,March,3.39,3.35
3/22/2025 21:45,March,3.21,3.18
3/22/2025 21:50,March,3.02,2.98
3/22/2025 21:55,March,3.24,3.2
3/22/2025 22:00,March,3.2,3.16
3/22/2025 22:05,March,3.74,3.7
3/22/2025 22:10,March,3.38,3.35
3/22/2025 22:15,March,3.3,3.27
3/22/2025 22:20,March,3.29,3.26
3/22/2025 22:25,March,3.02,2.99
3/22/2025 22:30,March,3.02,2.99
3/22/2025 22:35,March,3.02,2.99
3/22/2025 22:40,March,3.02,2.99
3/22/2025 22:45,March,3.04,3.01
3/22/2025 22:50,March,3.01,2.98
3/22/2025 22:55,March,3.02,2.99
3/22/2025 23:00,March,2,1.98
3/22/2025 23:05,March,3.38,3.34
3/22/2025 23:10,March,3.13,3.1
3/22/2025 23:15,March,3.04,3.01
3/22/2025 23:20,March,3.12,3.08
3/22/2025 23:25,March,3,2.97
3/22/2025 23:30,March,2,1.98
3/22/2025 23:35,March,2,1.98
3/22/2025 23:40,March,2,1.98
3/22/2025 23:45,March,2,1.98
3/22/2025 23:50,March,1.23,1.22
3/22/2025 23:55,March,1.58,1.56
3/23/2025 0:00,March,2.06,2.04
3/23/2025 0:05,March,2.84,2.81
3/23/2025 0:10,March,2.44,2.42
3/23/2025 0:15,March,2.44,2.42
3/23/2025 0:20,March,2.44,2.42
3/23/2025 0:25,March,2.44,2.41
3/23/2025 0:30,March,2.44,2.41
3/23/2025 0:35,March,0.51,0.51
3/23/2025 0:40,March,0,0
3/23/2025 0:45,March,2.43,2.41
3/23/2025 0:50,March,2.43,2.41
3/23/2025 0:55,March,2.85,2.82
3/23/2025 1:00,March,2.82,2.79
3/23/2025 1:05,March,2.82,2.79
3/23/2025 1:10,March,2.82,2.79
3/23/2025 1:15,March,2.43,2.4
3/23/2025 1:20,March,2.59,2.57
3/23/2025 1:25,March,0.51,0.51
3/23/2025 1:30,March,2.59,2.56
3/23/2025 1:35,March,2.58,2.56
3/23/2025 1:40,March,2.94,2.92
3/23/2025 1:45,March,2.77,2.74
3/23/2025 1:50,March,2.43,2.4
3/23/2025 1:55,March,2.81,2.78
3/23/2025 2:00,March,2.43,2.4
3/23/2025 2:05,March,2.99,2.97
3/23/2025 2:10,March,2.81,2.79
3/23/2025 2:15,March,2.59,2.57
3/23/2025 2:20,March,2.59,2.57
3/23/2025 2:25,March,2.8,2.78
3/23/2025 2:30,March,2.8,2.78
3/23/2025 2:35,March,0.54,0.54
3/23/2025 2:40,March,2.6,2.57
3/23/2025 2:45,March,2.43,2.4
3/23/2025 2:50,March,2.43,2.4
3/23/2025 2:55,March,2.42,2.4
3/23/2025 3:00,March,2.42,2.4
3/23/2025 3:05,March,2.42,2.4
3/23/2025 3:10,March,0,0
3/23/2025 3:15,March,2.42,2.4
3/23/2025 3:20,March,2.42,2.4
3/23/2025 3:25,March,2.07,2.06
3/23/2025 3:30,March,2.07,2.06
3/23/2025 3:35,March,2.42,2.4
3/23/2025 3:40,March,2.42,2.4
3/23/2025 3:45,March,0,0
3/23/2025 3:50,March,2.08,2.06
3/23/2025 3:55,March,0,0
3/23/2025 4:00,March,0,0
3/23/2025 4:05,March,2.93,2.91
3/23/2025 4:10,March,2.8,2.77
3/23/2025 4:15,March,3.13,3.11
3/23/2025 4:20,March,3.02,3
3/23/2025 4:25,March,2.93,2.91
3/23/2025 4:30,March,2.93,2.91
3/23/2025 4:35,March,2.93,2.91
3/23/2025 4:40,March,2.79,2.76
3/23/2025 4:45,March,2.79,2.77
3/23/2025 4:50,March,2.76,2.74
3/23/2025 4:55,March,2.77,2.75
3/23/2025 5:00,March,2.84,2.82
3/23/2025 5:05,March,2.79,2.77
3/23/2025 5:10,March,2.93,2.91
3/23/2025 5:15,March,2.93,2.91
3/23/2025 5:20,March,2.93,2.91
3/23/2025 5:25,March,2.93,2.91
3/23/2025 5:30,March,2.42,2.4
3/23/2025 5:35,March,2.8,2.78
3/23/2025 5:40,March,2.8,2.77
3/23/2025 5:45,March,2.42,2.4
3/23/2025 5:50,March,2.76,2.74
3/23/2025 5:55,March,2.79,2.77
3/23/2025 6:00,March,2.98,2.96
3/23/2025 6:05,March,2.93,2.91
3/23/2025 6:10,March,2.79,2.77
3/23/2025 6:15,March,2.79,2.77
3/23/2025 6:20,March,2.86,2.84
3/23/2025 6:25,March,2.79,2.77
3/23/2025 6:30,March,2.41,2.39
3/23/2025 6:35,March,2.41,2.39
3/23/2025 6:40,March,2.4,2.39
3/23/2025 6:45,March,2.4,2.39
3/23/2025 6:50,March,0.1,0.1
3/23/2025 6:55,March,0,0
3/23/2025 7:00,March,0,0
3/23/2025 7:05,March,0,0
3/23/2025 7:10,March,0,0
3/23/2025 7:15,March,0,0
3/23/2025 7:20,March,0,0
3/23/2025 7:25,March,0,0
3/23/2025 7:30,March,0,0
3/23/2025 7:35,March,0,0
3/23/2025 7:40,March,0,0
3/23/2025 7:45,March,0,0
3/23/2025 7:50,March,0,0
3/23/2025 7:55,March,0,0
3/23/2025 8:00,March,0,0
3/23/2025 8:05,March,2.73,2.73
3/23/2025 8:10,March,0,0
3/23/2025 8:15,March,0,0
3/23/2025 8:20,March,0,0
3/23/2025 8:25,March,0,0
3/23/2025 8:30,March,0,0
3/23/2025 8:35,March,0,0
3/23/2025 8:40,March,0,0
3/23/2025 8:45,March,0,0
3/23/2025 8:50,March,0,0
3/23/2025 8:55,March,0,0
3/23/2025 9:00,March,0,0
3/23/2025 9:05,March,0,0
3/23/2025 9:10,March,0,0
3/23/2025 9:15,March,0,0
3/23/2025 9:20,March,0,0
3/23/2025 9:25,March,0,0
3/23/2025 9:30,March,0,0
3/23/2025 9:35,March,0,0
3/23/2025 9:40,March,0,0
3/23/2025 9:45,March,0,0
3/23/2025 9:50,March,0,0
3/23/2025 9:55,March,0,0
3/23/2025 10:00,March,2.84,2.86
3/23/2025 10:05,March,2.27,2.28
3/23/2025 10:10,March,0,0
3/23/2025 10:15,March,0,0
3/23/2025 10:20,March,0,0
3/23/2025 10:25,March,0,0
3/23/2025 10:30,March,0,0
3/23/2025 10:35,March,0,0
3/23/2025 10:40,March,0,0
3/23/2025 10:45,March,2.62,2.63
3/23/2025 10:50,March,2.28,2.29
3/23/2025 10:55,March,2.28,2.29
3/23/2025 11:00,March,0,0
3/23/2025 11:05,March,0,0
3/23/2025 11:10,March,1.97,1.98
3/23/2025 11:15,March,0,0
3/23/2025 11:20,March,0,0
3/23/2025 11:25,March,2.71,2.72
3/23/2025 11:30,March,2.34,2.35
3/23/2025 11:35,March,0,0
3/23/2025 11:40,March,2.27,2.28
3/23/2025 11:45,March,0,0
3/23/2025 11:50,March,0,0
3/23/2025 11:55,March,0,0
3/23/2025 12:00,March,0,0
3/23/2025 12:05,March,0,0
3/23/2025 12:10,March,0,0
3/23/2025 12:15,March,0,0
3/23/2025 12:20,March,0,0
3/23/2025 12:25,March,0,0
3/23/2025 12:30,March,0,0
3/23/2025 12:35,March,0,0
3/23/2025 12:40,March,0,0
3/23/2025 12:45,March,0,0
3/23/2025 12:50,March,0,0
3/23/2025 12:55,March,0,0
3/23/2025 13:00,March,2.35,2.36
3/23/2025 13:05,March,0,0
3/23/2025 13:10,March,0,0
3/23/2025 13:15,March,0,0
3/23/2025 13:20,March,0,0
3/23/2025 13:25,March,0,0
3/23/2025 13:30,March,0,0
3/23/2025 13:35,March,0,0
3/23/2025 13:40,March,0,0
3/23/2025 13:45,March,1.5,1.5
3/23/2025 13:50,March,2.85,2.86
3/23/2025 13:55,March,2.75,2.76
3/23/2025 14:00,March,2.35,2.36
3/23/2025 14:05,March,2.86,2.87
3/23/2025 14:10,March,2.79,2.8
3/23/2025 14:15,March,2.53,2.54
3/23/2025 14:20,March,2.76,2.77
3/23/2025 14:25,March,2.36,2.37
3/23/2025 14:30,March,2.36,2.37
3/23/2025 14:35,March,2.76,2.77
3/23/2025 14:40,March,2.36,2.37
3/23/2025 14:45,March,1.56,1.57
3/23/2025 14:50,March,0,0
3/23/2025 14:55,March,2.24,2.25
3/23/2025 15:00,March,1.56,1.56
3/23/2025 15:05,March,2.87,2.87
3/23/2025 15:10,March,2.53,2.54
3/23/2025 15:15,March,2.37,2.37
3/23/2025 15:20,March,2.77,2.77
3/23/2025 15:25,March,1.56,1.56
3/23/2025 15:30,March,1.57,1.57
3/23/2025 15:35,March,2.53,2.53
3/23/2025 15:40,March,2.77,2.77
3/23/2025 15:45,March,2.38,2.38
3/23/2025 15:50,March,2.89,2.89
3/23/2025 15:55,March,2.8,2.79
3/23/2025 16:00,March,2.84,2.83
3/23/2025 16:05,March,3.19,3.18
3/23/2025 16:10,March,2.91,2.89
3/23/2025 16:15,March,2.96,2.94
3/23/2025 16:20,March,2.92,2.9
3/23/2025 16:25,March,2.92,2.9
3/23/2025 16:30,March,2.85,2.83
3/23/2025 16:35,March,2.92,2.9
3/23/2025 16:40,March,2.92,2.9
3/23/2025 16:45,March,4.65,4.62
3/23/2025 16:50,March,2.98,2.96
3/23/2025 16:55,March,2.98,2.96
3/23/2025 17:00,March,3.13,3.11
3/23/2025 17:05,March,1.58,1.57
3/23/2025 17:10,March,2.94,2.91
3/23/2025 17:15,March,2.99,2.96
3/23/2025 17:20,March,2.98,2.96
3/23/2025 17:25,March,3.09,3.06
3/23/2025 17:30,March,4.7,4.66
3/23/2025 17:35,March,3.36,3.33
3/23/2025 17:40,March,3.36,3.33
3/23/2025 17:45,March,3.36,3.33
3/23/2025 17:50,March,3.72,3.68
3/23/2025 17:55,March,4.45,4.4
3/23/2025 18:00,March,4.71,4.67
3/23/2025 18:05,March,3.73,3.69
3/23/2025 18:10,March,3.73,3.69
3/23/2025 18:15,March,3.81,3.76
3/23/2025 18:20,March,5.04,4.98
3/23/2025 18:25,March,5.05,4.99
3/23/2025 18:30,March,5.05,4.99
3/23/2025 18:35,March,5.05,4.99
3/23/2025 18:40,March,5.05,4.99
3/23/2025 18:45,March,4.11,4.07
3/23/2025 18:50,March,4.12,4.07
3/23/2025 18:55,March,4.11,4.07
3/23/2025 19:00,March,3.76,3.71
3/23/2025 19:05,March,4.13,4.09
3/23/2025 19:10,March,4.13,4.09
3/23/2025 19:15,March,3.76,3.71
3/23/2025 19:20,March,4.66,4.6
3/23/2025 19:25,March,4.13,4.08
3/23/2025 19:30,March,4.13,4.08
3/23/2025 19:35,March,4.13,4.08
3/23/2025 19:40,March,4.13,4.08
3/23/2025 19:45,March,5.04,4.98
3/23/2025 19:50,March,5.04,4.98
3/23/2025 19:55,March,3.76,3.71
3/23/2025 20:00,March,3.76,3.72
3/23/2025 20:05,March,3.52,3.48
3/23/2025 20:10,March,5.03,4.98
3/23/2025 20:15,March,3.52,3.48
3/23/2025 20:20,March,3.76,3.72
3/23/2025 20:25,March,3.82,3.78
3/23/2025 20:30,March,3.76,3.72
3/23/2025 20:35,March,3.52,3.48
3/23/2025 20:40,March,3.52,3.48
3/23/2025 20:45,March,3.76,3.72
3/23/2025 20:50,March,3.51,3.47
3/23/2025 20:55,March,3.76,3.72
3/23/2025 21:00,March,3.42,3.38
3/23/2025 21:05,March,10.35,10.24
3/23/2025 21:10,March,14.75,14.59
3/23/2025 21:15,March,14.62,14.46
3/23/2025 21:20,March,12.82,12.68
3/23/2025 21:25,March,5.04,4.99
3/23/2025 21:30,March,3.52,3.48
3/23/2025 21:35,March,3.76,3.72
3/23/2025 21:40,March,3.63,3.59
3/23/2025 21:45,March,3.51,3.47
3/23/2025 21:50,March,3.51,3.47
3/23/2025 21:55,March,3.4,3.37
3/23/2025 22:00,March,3.11,3.07
3/23/2025 22:05,March,3.4,3.36
3/23/2025 22:10,March,3.4,3.36
3/23/2025 22:15,March,3.15,3.11
3/23/2025 22:20,March,3.4,3.36
3/23/2025 22:25,March,3.25,3.21
3/23/2025 22:30,March,3.4,3.36
3/23/2025 22:35,March,3.15,3.11
3/23/2025 22:40,March,3.39,3.35
3/23/2025 22:45,March,3.39,3.35
3/23/2025 22:50,March,3.15,3.11
3/23/2025 22:55,March,3.02,2.98
3/23/2025 23:00,March,2.97,2.93
3/23/2025 23:05,March,3.01,2.97
3/23/2025 23:10,March,3.01,2.98
3/23/2025 23:15,March,2.43,2.4
3/23/2025 23:20,March,2.87,2.84
3/23/2025 23:25,March,2.44,2.42
3/23/2025 23:30,March,2.44,2.42
3/23/2025 23:35,March,1.58,1.56
3/23/2025 23:40,March,1.58,1.56
3/23/2025 23:45,March,0,0
3/23/2025 23:50,March,0,0
3/23/2025 23:55,March,0,0
3/24/2025 0:00,March,0,0
3/24/2025 0:05,March,3.14,3.1
3/24/2025 0:10,March,3.02,2.99
3/24/2025 0:15,March,2.88,2.84
3/24/2025 0:20,March,2.96,2.92
3/24/2025 0:25,March,2.96,2.92
3/24/2025 0:30,March,2.96,2.92
3/24/2025 0:35,March,2.44,2.41
3/24/2025 0:40,March,2.81,2.78
3/24/2025 0:45,March,2.57,2.54
3/24/2025 0:50,March,0,0
3/24/2025 0:55,March,2.76,2.73
3/24/2025 1:00,March,2.43,2.41
3/24/2025 1:05,March,2.95,2.92
3/24/2025 1:10,March,2.95,2.92
3/24/2025 1:15,March,2.89,2.86
3/24/2025 1:20,March,2.43,2.4
3/24/2025 1:25,March,2.43,2.4
3/24/2025 1:30,March,2.43,2.4
3/24/2025 1:35,March,2.43,2.4
3/24/2025 1:40,March,2.43,2.4
3/24/2025 1:45,March,0,0
3/24/2025 1:50,March,0,0
3/24/2025 1:55,March,0,0
3/24/2025 2:00,March,0,0
3/24/2025 2:05,March,0,0
3/24/2025 2:10,March,0,0
3/24/2025 2:15,March,0,0
3/24/2025 2:20,March,0,0
3/24/2025 2:25,March,0,0
3/24/2025 2:30,March,0,0
3/24/2025 2:35,March,0,0
3/24/2025 2:40,March,0,0
3/24/2025 2:45,March,0,0
3/24/2025 2:50,March,0,0
3/24/2025 2:55,March,0,0
3/24/2025 3:00,March,0,0
3/24/2025 3:05,March,1.53,1.52
3/24/2025 3:10,March,0,0
3/24/2025 3:15,March,0,0
3/24/2025 3:20,March,0,0
3/24/2025 3:25,March,2.42,2.4
3/24/2025 3:30,March,0,0
3/24/2025 3:35,March,2.42,2.4
3/24/2025 3:40,March,0,0
3/24/2025 3:45,March,0,0
3/24/2025 3:50,March,0,0
3/24/2025 3:55,March,0,0
3/24/2025 4:00,March,1.53,1.51
3/24/2025 4:05,March,2.76,2.74
3/24/2025 4:10,March,2.85,2.83
3/24/2025 4:15,March,2.77,2.75
3/24/2025 4:20,March,2.93,2.91
3/24/2025 4:25,March,2.93,2.91
3/24/2025 4:30,March,2.42,2.4
3/24/2025 4:35,March,2.94,2.91
3/24/2025 4:40,March,2.94,2.91
3/24/2025 4:45,March,2.94,2.92
3/24/2025 4:50,March,2.94,2.92
3/24/2025 4:55,March,2.99,2.97
3/24/2025 5:00,March,2.94,2.92
3/24/2025 5:05,March,2.99,2.97
3/24/2025 5:10,March,3.09,3.07
3/24/2025 5:15,March,3.17,3.14
3/24/2025 5:20,March,3.26,3.23
3/24/2025 5:25,March,3.19,3.16
3/24/2025 5:30,March,3.17,3.14
3/24/2025 5:35,March,3.17,3.14
3/24/2025 5:40,March,3.36,3.33
3/24/2025 5:45,March,3.18,3.14
3/24/2025 5:50,March,3.18,3.15
3/24/2025 5:55,March,3.27,3.24
3/24/2025 6:00,March,3.29,3.26
3/24/2025 6:05,March,0,0
3/24/2025 6:10,March,3.19,3.16
3/24/2025 6:15,March,3.2,3.18
3/24/2025 6:20,March,3.16,3.14
3/24/2025 6:25,March,3.16,3.14
3/24/2025 6:30,March,2.99,2.97
3/24/2025 6:35,March,2.94,2.92
3/24/2025 6:40,March,2.93,2.92
3/24/2025 6:45,March,0,0
3/24/2025 6:50,March,0.51,0.51
3/24/2025 6:55,March,2.41,2.4
3/24/2025 7:00,March,2.92,2.91
3/24/2025 7:05,March,0,0
3/24/2025 7:10,March,0,0
3/24/2025 7:15,March,0,0
3/24/2025 7:20,March,0.1,0.1
3/24/2025 7:25,March,0,0
3/24/2025 7:30,March,0,0
3/24/2025 7:35,March,0,0
3/24/2025 7:40,March,0,0
3/24/2025 7:45,March,2,1.99
3/24/2025 7:50,March,3.27,3.26
3/24/2025 7:55,March,3.25,3.24
3/24/2025 8:00,March,3.49,3.48
3/24/2025 8:05,March,0,0
3/24/2025 8:10,March,2.38,2.38
3/24/2025 8:15,March,3.12,3.12
3/24/2025 8:20,March,2.81,2.81
3/24/2025 8:25,March,2.78,2.78
3/24/2025 8:30,March,3.02,3.03
3/24/2025 8:35,March,2.96,2.96
3/24/2025 8:40,March,3,3.01
3/24/2025 8:45,March,3.11,3.12
3/24/2025 8:50,March,3.29,3.29
3/24/2025 8:55,March,3.29,3.29
3/24/2025 9:00,March,3.29,3.29
3/24/2025 9:05,March,0,0
3/24/2025 9:10,March,2.07,2.08
3/24/2025 9:15,March,2.82,2.83
3/24/2025 9:20,March,2.92,2.93
3/24/2025 9:25,March,2.92,2.93
3/24/2025 9:30,March,3,3.01
3/24/2025 9:35,March,2.92,2.93
3/24/2025 9:40,March,3.11,3.12
3/24/2025 9:45,March,3.11,3.12
3/24/2025 9:50,March,3.11,3.12
3/24/2025 9:55,March,3.11,3.12
3/24/2025 10:00,March,2.92,2.93
3/24/2025 10:05,March,2.86,2.87
3/24/2025 10:10,March,2.92,2.93
3/24/2025 10:15,March,2.86,2.87
3/24/2025 10:20,March,2.86,2.87
3/24/2025 10:25,March,3.03,3.04
3/24/2025 10:30,March,2.94,2.95
3/24/2025 10:35,March,2.94,2.95
3/24/2025 10:40,March,3.05,3.06
3/24/2025 10:45,March,3.07,3.08
3/24/2025 10:50,March,2.97,2.98
3/24/2025 10:55,March,2.9,2.9
3/24/2025 11:00,March,2.93,2.94
3/24/2025 11:05,March,2.13,2.14
3/24/2025 11:10,March,2.86,2.87
3/24/2025 11:15,March,2.92,2.92
3/24/2025 11:20,March,2.97,2.92
3/24/2025 11:25,March,0,0
3/24/2025 11:30,March,2.11,2.08
3/24/2025 11:35,March,2.36,2.37
3/24/2025 11:40,March,2.69,2.7
3/24/2025 11:45,March,2.79,2.8
3/24/2025 11:50,March,2.8,2.81
3/24/2025 11:55,March,2.82,2.83
3/24/2025 12:00,March,0,0
3/24/2025 12:05,March,0,0
3/24/2025 12:10,March,0,0
3/24/2025 12:15,March,2.74,2.75
3/24/2025 12:20,March,2.68,2.69
3/24/2025 12:25,March,3.11,3.12
3/24/2025 12:30,March,2.92,2.92
3/24/2025 12:35,March,2.92,2.93
3/24/2025 12:40,March,2.92,2.93
3/24/2025 12:45,March,2.92,2.93
3/24/2025 12:50,March,3.07,3.08
3/24/2025 12:55,March,3.28,3.29
3/24/2025 13:00,March,3.48,3.49
3/24/2025 13:05,March,3.48,3.49
3/24/2025 13:10,March,3.63,3.64
3/24/2025 13:15,March,3.78,3.79
3/24/2025 13:20,March,3.12,3.13
3/24/2025 13:25,March,4.88,4.89
3/24/2025 13:30,March,3.64,3.65
3/24/2025 13:35,March,3.3,3.31
3/24/2025 13:40,March,3.3,3.31
3/24/2025 13:45,March,3.25,3.26
3/24/2025 13:50,March,3.47,3.48
3/24/2025 13:55,March,3.3,3.31
3/24/2025 14:00,March,3.27,3.27
3/24/2025 14:05,March,3.3,3.3
3/24/2025 14:10,March,3.64,3.65
3/24/2025 14:15,March,3.64,3.65
3/24/2025 14:20,March,3.77,3.77
3/24/2025 14:25,March,3.65,3.65
3/24/2025 14:30,March,3.41,3.41
3/24/2025 14:35,March,3.47,3.47
3/24/2025 14:40,March,3.77,3.77
3/24/2025 14:45,March,3.65,3.66
3/24/2025 14:50,March,3.77,3.77
3/24/2025 14:55,March,3.66,3.66
3/24/2025 15:00,March,4.9,4.9
3/24/2025 15:05,March,3.77,3.77
3/24/2025 15:10,March,3.57,3.58
3/24/2025 15:15,March,4.55,4.55
3/24/2025 15:20,March,4.65,4.65
3/24/2025 15:25,March,4.02,4.02
3/24/2025 15:30,March,7.6,7.6
3/24/2025 15:35,March,3.79,3.79
3/24/2025 15:40,March,7.6,7.6
3/24/2025 15:45,March,5.51,5.5
3/24/2025 15:50,March,13.19,13.18
3/24/2025 15:55,March,12.02,12.01
3/24/2025 16:00,March,6.75,6.75
3/24/2025 16:05,March,13.89,13.88
3/24/2025 16:10,March,6.77,6.76
3/24/2025 16:15,March,5.54,5.53
3/24/2025 16:20,March,5.54,5.53
3/24/2025 16:25,March,5.54,5.53
3/24/2025 16:30,March,5.03,5.01
3/24/2025 16:35,March,9.4,9.37
3/24/2025 16:40,March,5.55,5.54
3/24/2025 16:45,March,4.98,4.96
3/24/2025 16:50,March,5.54,5.52
3/24/2025 16:55,March,4.98,4.96
3/24/2025 17:00,March,4.06,4.04
3/24/2025 17:05,March,2.99,2.97
3/24/2025 17:10,March,3.35,3.33
3/24/2025 17:15,March,3.53,3.51
3/24/2025 17:20,March,4.52,4.49
3/24/2025 17:25,March,4.64,4.61
3/24/2025 17:30,March,4.7,4.67
3/24/2025 17:35,March,4.98,4.94
3/24/2025 17:40,March,5.01,4.97
3/24/2025 17:45,March,7.7,7.64
3/24/2025 17:50,March,7.7,7.65
3/24/2025 17:55,March,10.04,9.97
3/24/2025 18:00,March,10.06,9.98
3/24/2025 18:05,March,13.88,13.76
3/24/2025 18:10,March,13.23,13.09
3/24/2025 18:15,March,13.97,13.82
3/24/2025 18:20,March,14.57,14.42
3/24/2025 18:25,March,14.76,14.61
3/24/2025 18:30,March,14.72,14.57
3/24/2025 18:35,March,14.06,13.92
3/24/2025 18:40,March,14.38,14.23
3/24/2025 18:45,March,14.44,14.29
3/24/2025 18:50,March,14.03,13.88
3/24/2025 18:55,March,12.63,12.5
3/24/2025 19:00,March,10.3,10.19
3/24/2025 19:05,March,14.49,14.33
3/24/2025 19:10,March,12.23,12.08
3/24/2025 19:15,March,9.11,9
3/24/2025 19:20,March,9.07,8.97
3/24/2025 19:25,March,9.01,8.91
3/24/2025 19:30,March,9.07,8.97
3/24/2025 19:35,March,9.07,8.97
3/24/2025 19:40,March,9.91,9.79
3/24/2025 19:45,March,12.01,11.87
3/24/2025 19:50,March,9.08,8.98
3/24/2025 19:55,March,9.08,8.97
3/24/2025 20:00,March,7.75,7.67
3/24/2025 20:05,March,14.6,14.44
3/24/2025 20:10,March,14.81,14.65
3/24/2025 20:15,March,14.72,14.55
3/24/2025 20:20,March,14.52,14.36
3/24/2025 20:25,March,13.98,13.83
3/24/2025 20:30,March,12.63,12.49
3/24/2025 20:35,March,12.61,12.47
3/24/2025 20:40,March,9.08,8.98
3/24/2025 20:45,March,9.07,8.97
3/24/2025 20:50,March,7.74,7.65
3/24/2025 20:55,March,7.74,7.66
3/24/2025 21:00,March,5.02,4.97
3/24/2025 21:05,March,12.04,11.92
3/24/2025 21:10,March,13.33,13.2
3/24/2025 21:15,March,7.75,7.68
3/24/2025 21:20,March,7.75,7.67
3/24/2025 21:25,March,5.02,4.97
3/24/2025 21:30,March,4.48,4.44
3/24/2025 21:35,March,4.55,4.5
3/24/2025 21:40,March,3.49,3.45
3/24/2025 21:45,March,3.49,3.45
3/24/2025 21:50,March,4.47,4.43
3/24/2025 21:55,March,3.49,3.46
3/24/2025 22:00,March,3.49,3.45
3/24/2025 22:05,March,7.76,7.68
3/24/2025 22:10,March,4.55,4.5
3/24/2025 22:15,March,4.55,4.51
3/24/2025 22:20,March,4.41,4.37
3/24/2025 22:25,March,4.46,4.42
3/24/2025 22:30,March,3.49,3.46
3/24/2025 22:35,March,3.49,3.46
3/24/2025 22:40,March,3.49,3.46
3/24/2025 22:45,March,3.49,3.45
3/24/2025 22:50,March,3.74,3.7
3/24/2025 22:55,March,3.74,3.7
3/24/2025 23:00,March,3.33,3.29
3/24/2025 23:05,March,7.76,7.68
3/24/2025 23:10,March,5.16,5.1
3/24/2025 23:15,March,4.55,4.5
3/24/2025 23:20,March,4.35,4.31
3/24/2025 23:25,March,3.74,3.7
3/24/2025 23:30,March,3.74,3.7
3/24/2025 23:35,March,3.61,3.57
3/24/2025 23:40,March,3.74,3.7
3/24/2025 23:45,March,4.14,4.1
3/24/2025 23:50,March,3.74,3.7
3/24/2025 23:55,March,3.61,3.57
3/25/2025 0:00,March,2.51,2.48
3/25/2025 0:05,March,3.49,3.46
3/25/2025 0:10,March,3.49,3.46
3/25/2025 0:15,March,3.37,3.33
3/25/2025 0:20,March,3.3,3.26
3/25/2025 0:25,March,3.27,3.24
3/25/2025 0:30,March,3.26,3.23
3/25/2025 0:35,March,3.05,3.02
3/25/2025 0:40,March,3.14,3.11
3/25/2025 0:45,March,3.1,3.07
3/25/2025 0:50,March,3.14,3.11
3/25/2025 0:55,March,3.19,3.15
3/25/2025 1:00,March,3.12,3.09
3/25/2025 1:05,March,3.18,3.15
3/25/2025 1:10,March,3.17,3.14
3/25/2025 1:15,March,3.18,3.15
3/25/2025 1:20,March,3.14,3.11
3/25/2025 1:25,March,3.08,3.05
3/25/2025 1:30,March,3.07,3.04
3/25/2025 1:35,March,3.04,3.01
3/25/2025 1:40,March,3.04,3.01
3/25/2025 1:45,March,3.04,3.01
3/25/2025 1:50,March,3.04,3.01
3/25/2025 1:55,March,2.43,2.41
3/25/2025 2:00,March,2.43,2.41
3/25/2025 2:05,March,2.9,2.87
3/25/2025 2:10,March,2.99,2.96
3/25/2025 2:15,March,2.99,2.96
3/25/2025 2:20,March,3.13,3.1
3/25/2025 2:25,March,3.03,3
3/25/2025 2:30,March,2.99,2.96
3/25/2025 2:35,March,3.03,3
3/25/2025 2:40,March,3.02,3
3/25/2025 2:45,March,3.02,3
3/25/2025 2:50,March,3.02,3
3/25/2025 2:55,March,3.02,3
3/25/2025 3:00,March,2.98,2.96
3/25/2025 3:05,March,2.98,2.96
3/25/2025 3:10,March,3.13,3.1
3/25/2025 3:15,March,3.05,3.02
3/25/2025 3:20,March,2.98,2.96
3/25/2025 3:25,March,2.98,2.96
3/25/2025 3:30,March,2.44,2.42
3/25/2025 3:35,March,2.96,2.93
3/25/2025 3:40,March,2.45,2.43
3/25/2025 3:45,March,2.5,2.47
3/25/2025 3:50,March,2.5,2.47
3/25/2025 3:55,March,2.5,2.47
3/25/2025 4:00,March,2.5,2.47
3/25/2025 4:05,March,3.16,3.13
3/25/2025 4:10,March,3.16,3.13
3/25/2025 4:15,March,3.13,3.1
3/25/2025 4:20,March,3.13,3.1
3/25/2025 4:25,March,3.13,3.1
3/25/2025 4:30,March,3.17,3.14
3/25/2025 4:35,March,3.17,3.14
3/25/2025 4:40,March,3.3,3.27
3/25/2025 4:45,March,3.17,3.15
3/25/2025 4:50,March,3.16,3.13
3/25/2025 4:55,March,3.04,3.02
3/25/2025 5:00,March,3.09,3.06
3/25/2025 5:05,March,3.22,3.19
3/25/2025 5:10,March,3.3,3.26
3/25/2025 5:15,March,3.34,3.31
3/25/2025 5:20,March,3.34,3.31
3/25/2025 5:25,March,3.3,3.27
3/25/2025 5:30,March,3.34,3.31
3/25/2025 5:35,March,3.34,3.31
3/25/2025 5:40,March,3.34,3.31
3/25/2025 5:45,March,3.35,3.32
3/25/2025 5:50,March,3.35,3.31
3/25/2025 5:55,March,3.53,3.49
3/25/2025 6:00,March,3.36,3.32
3/25/2025 6:05,March,0,0
3/25/2025 6:10,March,2.98,2.96
3/25/2025 6:15,March,2.98,2.96
3/25/2025 6:20,March,3.22,3.19
3/25/2025 6:25,March,3.18,3.15
3/25/2025 6:30,March,0.1,0.1
3/25/2025 6:35,March,0,0
3/25/2025 6:40,March,0,0
3/25/2025 6:45,March,0,0
3/25/2025 6:50,March,0,0
3/25/2025 6:55,March,0,0
3/25/2025 7:00,March,0,0
3/25/2025 7:05,March,0,0
3/25/2025 7:10,March,0,0
3/25/2025 7:15,March,0,0
3/25/2025 7:20,March,0,0
3/25/2025 7:25,March,0,0
3/25/2025 7:30,March,2.47,2.46
3/25/2025 7:35,March,3.24,3.23
3/25/2025 7:40,March,3.26,3.24
3/25/2025 7:45,March,3.25,3.23
3/25/2025 7:50,March,2.46,2.46
3/25/2025 7:55,March,3.28,3.27
3/25/2025 8:00,March,3.27,3.27
3/25/2025 8:05,March,0,0
3/25/2025 8:10,March,0,0
3/25/2025 8:15,March,2.32,2.33
3/25/2025 8:20,March,2.44,2.44
3/25/2025 8:25,March,2.97,2.98
3/25/2025 8:30,March,3.22,3.23
3/25/2025 8:35,March,2.9,2.92
3/25/2025 8:40,March,3.24,3.25
3/25/2025 8:45,March,3.17,3.19
3/25/2025 8:50,March,2.9,2.92
3/25/2025 8:55,March,3.1,3.11
3/25/2025 9:00,March,3.09,3.11
3/25/2025 9:05,March,0,0
3/25/2025 9:10,March,0,0
3/25/2025 9:15,March,2.22,2.22
3/25/2025 9:20,March,2.73,2.74
3/25/2025 9:25,March,2.22,2.23
3/25/2025 9:30,March,2.78,2.78
3/25/2025 9:35,March,2.78,2.78
3/25/2025 9:40,March,3.1,3.1
3/25/2025 9:45,March,3.05,3.05
3/25/2025 9:50,March,3.1,3.1
3/25/2025 9:55,March,3,3
3/25/2025 10:00,March,3.24,3.25
3/25/2025 10:05,March,1.71,1.71
3/25/2025 10:10,March,2.96,2.96
3/25/2025 10:15,March,3.23,3.23
3/25/2025 10:20,March,3.11,3.1
3/25/2025 10:25,March,3.08,3.08
3/25/2025 10:30,March,3.23,3.23
3/25/2025 10:35,March,3.09,3.09
3/25/2025 10:40,March,3.1,3.1
3/25/2025 10:45,March,4.69,4.69
3/25/2025 10:50,March,3.62,3.62
3/25/2025 10:55,March,3.43,3.43
3/25/2025 11:00,March,3.26,3.26
3/25/2025 11:05,March,3.25,3.26
3/25/2025 11:10,March,3.22,3.22
3/25/2025 11:15,March,3.25,3.25
3/25/2025 11:20,March,3.25,3.25
3/25/2025 11:25,March,3.25,3.25
3/25/2025 11:30,March,2.91,2.91
3/25/2025 11:35,March,3,3
3/25/2025 11:40,March,3.01,3.02
3/25/2025 11:45,March,3.02,3.03
3/25/2025 11:50,March,3.1,3.1
3/25/2025 11:55,March,3.02,3.02
3/25/2025 12:00,March,3.1,3.1
3/25/2025 12:05,March,1.79,1.79
3/25/2025 12:10,March,2.86,2.86
3/25/2025 12:15,March,3.18,3.18
3/25/2025 12:20,March,2.99,2.99
3/25/2025 12:25,March,3.16,3.16
3/25/2025 12:30,March,3.11,3.11
3/25/2025 12:35,March,3.1,3.11
3/25/2025 12:40,March,3.24,3.24
3/25/2025 12:45,March,3.25,3.25
3/25/2025 12:50,March,3.26,3.25
3/25/2025 12:55,March,3.26,3.25
3/25/2025 13:00,March,3.62,3.62
3/25/2025 13:05,March,4.65,4.65
3/25/2025 13:10,March,3.78,3.78
3/25/2025 13:15,March,4.81,4.81
3/25/2025 13:20,March,3.79,3.79
3/25/2025 13:25,March,3.88,3.88
3/25/2025 13:30,March,3.8,3.79
3/25/2025 13:35,March,4.89,4.89
3/25/2025 13:40,March,4.09,4.09
3/25/2025 13:45,March,4.09,4.09
3/25/2025 13:50,March,4,4
3/25/2025 13:55,March,3.79,3.78
3/25/2025 14:00,March,3.79,3.79
3/25/2025 14:05,March,7.55,7.55
3/25/2025 14:10,March,10.75,10.75
3/25/2025 14:15,March,6.02,6.02
3/25/2025 14:20,March,4.47,4.47
3/25/2025 14:25,March,4.91,4.91
3/25/2025 14:30,March,4.91,4.91
3/25/2025 14:35,March,4.9,4.91
3/25/2025 14:40,March,4.89,4.89
3/25/2025 14:45,March,4.9,4.9
3/25/2025 14:50,March,4.91,4.91
3/25/2025 14:55,March,4.89,4.9
3/25/2025 15:00,March,4.82,4.82
3/25/2025 15:05,March,7.56,7.55
3/25/2025 15:10,March,6.05,6.05
3/25/2025 15:15,March,6.02,6.01
3/25/2025 15:20,March,6.02,6.01
3/25/2025 15:25,March,6.05,6.03
3/25/2025 15:30,March,7.56,7.54
3/25/2025 15:35,March,7.56,7.54
3/25/2025 15:40,March,7.56,7.54
3/25/2025 15:45,March,7.57,7.54
3/25/2025 15:50,March,14.13,14.1
3/25/2025 15:55,March,13.25,13.21
3/25/2025 16:00,March,7.59,7.57
3/25/2025 16:05,March,14.48,14.42
3/25/2025 16:10,March,13.31,13.26
3/25/2025 16:15,March,7.62,7.59
3/25/2025 16:20,March,6.74,6.71
3/25/2025 16:25,March,6.04,6.01
3/25/2025 16:30,March,5.18,5.15
3/25/2025 16:35,March,5.54,5.51
3/25/2025 16:40,March,6.03,5.99
3/25/2025 16:45,March,5.54,5.5
3/25/2025 16:50,March,4.93,4.89
3/25/2025 16:55,March,5.19,5.15
3/25/2025 17:00,March,4.53,4.5
3/25/2025 17:05,March,3.97,3.95
3/25/2025 17:10,March,3.45,3.43
3/25/2025 17:15,March,3.83,3.81
3/25/2025 17:20,March,3.97,3.94
3/25/2025 17:25,March,3.97,3.94
3/25/2025 17:30,March,3.98,3.95
3/25/2025 17:35,March,4.63,4.59
3/25/2025 17:40,March,4.63,4.59
3/25/2025 17:45,March,4.96,4.92
3/25/2025 17:50,March,5.19,5.15
3/25/2025 17:55,March,5.2,5.16
3/25/2025 18:00,March,5.2,5.16
3/25/2025 18:05,March,10.26,10.15
3/25/2025 18:10,March,11.48,11.35
3/25/2025 18:15,March,10.3,10.18
3/25/2025 18:20,March,11.47,11.33
3/25/2025 18:25,March,11.53,11.38
3/25/2025 18:30,March,13.12,12.94
3/25/2025 18:35,March,13.56,13.38
3/25/2025 18:40,March,12,11.84
3/25/2025 18:45,March,12,11.85
3/25/2025 18:50,March,12,11.84
3/25/2025 18:55,March,11.7,11.54
3/25/2025 19:00,March,10.44,10.3
3/25/2025 19:05,March,10.38,10.24
3/25/2025 19:10,March,10.38,10.23
3/25/2025 19:15,March,9.28,9.16
3/25/2025 19:20,March,9.11,8.98
3/25/2025 19:25,March,9.11,8.98
3/25/2025 19:30,March,9.11,8.98
3/25/2025 19:35,March,9.09,8.97
3/25/2025 19:40,March,9.09,8.97
3/25/2025 19:45,March,7.76,7.66
3/25/2025 19:50,March,7.77,7.68
3/25/2025 19:55,March,7.77,7.68
3/25/2025 20:00,March,7.76,7.68
3/25/2025 20:05,March,13.39,13.23
3/25/2025 20:10,March,12.85,12.71
3/25/2025 20:15,March,14.77,14.61
3/25/2025 20:20,March,14.76,14.6
3/25/2025 20:25,March,12.89,12.74
3/25/2025 20:30,March,11.03,10.9
3/25/2025 20:35,March,11.04,10.9
3/25/2025 20:40,March,7.76,7.67
3/25/2025 20:45,March,7.75,7.66
3/25/2025 20:50,March,7.77,7.68
3/25/2025 20:55,March,6.93,6.85
3/25/2025 21:00,March,5.27,5.21
3/25/2025 21:05,March,16.11,15.94
3/25/2025 21:10,March,14.86,14.7
3/25/2025 21:15,March,14.8,14.63
3/25/2025 21:20,March,14.44,14.27
3/25/2025 21:25,March,14.08,13.92
3/25/2025 21:30,March,12.9,12.75
3/25/2025 21:35,March,12.84,12.69
3/25/2025 21:40,March,6.02,5.95
3/25/2025 21:45,March,5.18,5.12
3/25/2025 21:50,March,4.63,4.58
3/25/2025 21:55,March,4.63,4.58
3/25/2025 22:00,March,4.55,4.5
3/25/2025 22:05,March,6,5.94
3/25/2025 22:10,March,4.58,4.53
3/25/2025 22:15,March,4.79,4.74
3/25/2025 22:20,March,4,3.96
3/25/2025 22:25,March,4.56,4.52
3/25/2025 22:30,March,3.89,3.85
3/25/2025 22:35,March,3.99,3.95
3/25/2025 22:40,March,3.98,3.94
3/25/2025 22:45,March,3.89,3.85
3/25/2025 22:50,March,3.74,3.7
3/25/2025 22:55,March,3.53,3.49
3/25/2025 23:00,March,3.53,3.49
3/25/2025 23:05,March,7.75,7.67
3/25/2025 23:10,March,5.78,5.72
3/25/2025 23:15,March,4.35,4.31
3/25/2025 23:20,March,5.25,5.2
3/25/2025 23:25,March,4.26,4.22
3/25/2025 23:30,March,3.41,3.38
3/25/2025 23:35,March,3.49,3.46
3/25/2025 23:40,March,3.49,3.45
3/25/2025 23:45,March,3.49,3.45
3/25/2025 23:50,March,3.49,3.45
3/25/2025 23:55,March,3.49,3.45
3/26/2025 0:00,March,3.36,3.32
